"","Group.1","alb.x","bic.x","lob.x","lyr.x","mac.x","mic.x","mon.x","mue.x","pri.x","sin.x","ste.x","stemar.x","mar.x","alb.y","bic.y","lob.y","lyr.y","mac.y","mic.y","mon.y","mue.y","pri.y","sin.y","mar.y","ste.y","stemar.y","colnum","species","state","site","lat","long","sp","hyb"
"1","SRR14632920",1e-05,1e-05,0.99989,1e-05,1e-05,1e-05,1e-05,1e-05,1e-05,1e-05,0,1e-05,0,2e-05,2e-05,0.9999,2e-05,2e-05,1.2e-05,1.7e-05,2e-05,1.3e-05,1.4e-05,1e-05,1.2e-05,2.2e-05,"","Quercus lobata  Nee.","","",NA,NA,"lob","pure"
"2","SRR14632922",1e-05,1e-05,0.99989,1e-05,1e-05,1e-05,1e-05,1e-05,1e-05,1e-05,0,1e-05,0,2e-05,2e-05,0.999899,2e-05,2e-05,1e-05,1.4e-05,2.4e-05,1e-05,1e-05,1.3e-05,1e-05,2.3e-05,"","Quercus lobata  Nee.","","",NA,NA,"lob","pure"
"3","SRR14632924",1e-05,1e-05,0.99989,1e-05,1e-05,1e-05,1e-05,1e-05,1e-05,1e-05,0,1e-05,0,2.3e-05,2.7e-05,0.999891,2e-05,2.3e-05,1.5e-05,1.3e-05,2.2e-05,1.6e-05,1.9e-05,1.9e-05,1.2e-05,2.9e-05,"","Quercus lobata  Nee.","","",NA,NA,"lob","pure"
"4","SRR14632927",1e-05,1e-05,0.99989,1e-05,1e-05,1e-05,1e-05,1e-05,1e-05,1e-05,0,1e-05,0,2e-05,2e-05,0.9999,2e-05,2.1e-05,1.4e-05,1.6e-05,2.3e-05,1.8e-05,1e-05,1.7e-05,1e-05,2.7e-05,"","Quercus lobata  Nee.","","",NA,NA,"lob","pure"
"5","SRR14632928",1e-05,1e-05,0.99989,1e-05,1e-05,1e-05,1e-05,1e-05,1e-05,1e-05,0,1e-05,0,2.4e-05,2e-05,0.999897,2e-05,2.8e-05,1e-05,1.8e-05,2.1e-05,1e-05,1.2e-05,1.9e-05,1.9e-05,3.8e-05,"","Quercus lobata  Nee.","","",NA,NA,"lob","pure"
"6","SRR14632929",1e-05,1e-05,0.99989,1e-05,1e-05,1e-05,1e-05,1e-05,1e-05,1e-05,0,1e-05,0,2e-05,2e-05,0.9999,2e-05,2e-05,1e-05,1.4e-05,2e-05,1.6e-05,1e-05,1e-05,1.5e-05,2.5e-05,"","Quercus lobata  Nee.","","",NA,NA,"lob","pure"
"7","SRR14632932",1e-05,1e-05,0.999888,1e-05,1e-05,1e-05,1e-05,1e-05,1e-05,1e-05,0,1e-05,0,2e-05,2e-05,0.999893,2e-05,2.1e-05,1.8e-05,1e-05,2.1e-05,1.8e-05,1.6e-05,1.6e-05,1.4e-05,3e-05,"","Quercus lobata  Nee.","","",NA,NA,"lob","pure"
"8","SRR14632934",1e-05,1e-05,0.99989,1e-05,1e-05,1e-05,1e-05,1e-05,1e-05,1e-05,0,1e-05,0,2e-05,2e-05,0.9999,2e-05,2.4e-05,1.9e-05,1e-05,2.3e-05,1.4e-05,1.2e-05,1e-05,1.1e-05,2.1e-05,"","Quercus lobata  Nee.","","",NA,NA,"lob","pure"
"9","SRR14632950",1e-05,1e-05,0.99989,1e-05,1e-05,1e-05,1e-05,1e-05,1e-05,1e-05,0,1e-05,0,2.2e-05,2e-05,0.9999,2e-05,2.8e-05,1.1e-05,1.1e-05,2e-05,1.4e-05,2e-05,1e-05,1e-05,2e-05,"","Quercus lobata  Nee.","","",NA,NA,"lob","pure"
"10","SRR14632955",1e-05,1e-05,0.99989,1e-05,1e-05,1e-05,1e-05,1e-05,1e-05,1e-05,0,1e-05,0,2e-05,2e-05,0.9999,2e-05,2.4e-05,1.2e-05,1e-05,2e-05,1.3e-05,1e-05,1e-05,1e-05,2e-05,"","Quercus lobata  Nee.","","",NA,NA,"lob","pure"
"11","SRR14632961",1e-05,1e-05,0.99989,1e-05,1e-05,1e-05,1e-05,1e-05,1e-05,1e-05,0,1e-05,0,2e-05,2e-05,0.9999,2e-05,2.8e-05,1.4e-05,1.9e-05,2e-05,1.4e-05,1.3e-05,1e-05,1e-05,2e-05,"","Quercus lobata  Nee.","","",NA,NA,"lob","pure"
"12","SRR14632964",1e-05,1e-05,0.99989,1e-05,1e-05,1e-05,1e-05,1e-05,1e-05,1e-05,0,1e-05,0,2e-05,2e-05,0.9999,2e-05,2e-05,1.3e-05,1e-05,0.000654,1.2e-05,1e-05,1e-05,1.3e-05,2.3e-05,"","Quercus lobata  Nee.","","",NA,NA,"lob","pure"
"13","SRR14632967",1e-05,1e-05,0.99989,1e-05,1e-05,1e-05,1e-05,1e-05,1e-05,1e-05,0,1e-05,0,2e-05,2e-05,0.9999,2e-05,2e-05,2e-05,1.7e-05,2e-05,1e-05,1.8e-05,1e-05,1e-05,2e-05,"","Quercus lobata  Nee.","","",NA,NA,"lob","pure"
"14","SRR14632968",1e-05,1e-05,0.99989,1e-05,1e-05,1e-05,1e-05,1e-05,1e-05,1e-05,0,1e-05,0,2e-05,2e-05,0.9999,2e-05,2.3e-05,1e-05,1.6e-05,2e-05,1.1e-05,1.3e-05,1e-05,1e-05,2e-05,"","Quercus lobata  Nee.","","",NA,NA,"lob","pure"
"15","SRR14632969",1e-05,1e-05,0.99989,1e-05,1e-05,1e-05,1e-05,1e-05,1e-05,1e-05,0,1e-05,0,2e-05,2e-05,0.9999,2e-05,2.2e-05,1.3e-05,1.3e-05,2e-05,1e-05,1e-05,1e-05,1e-05,2e-05,"","Quercus lobata  Nee.","","",NA,NA,"lob","pure"
"16","SRR14632970",1e-05,1e-05,0.99989,1e-05,1e-05,1e-05,1e-05,1e-05,1e-05,1e-05,0,1e-05,0,2e-05,2e-05,0.9999,2e-05,2e-05,1.3e-05,1.7e-05,2e-05,1e-05,1.2e-05,1e-05,1e-05,2e-05,"","Quercus lobata  Nee.","","",NA,NA,"lob","pure"
"17","SRR3244044",1e-05,1e-05,0.99989,1e-05,1e-05,1e-05,1e-05,1e-05,1e-05,1e-05,0,1e-05,0,2e-05,2e-05,0.9999,2e-05,2.8e-05,1.1e-05,1.5e-05,2.6e-05,1e-05,1.4e-05,1.4e-05,1.2e-05,2.2e-05,"","Quercus lobata  Nee.","","",NA,NA,"lob","pure"
"18","SYST-MOR-0006717",1e-05,1e-05,1e-05,1e-05,1e-05,0.999886,1e-05,1e-05,1e-05,1e-05,0,1e-05,0,2e-05,2.4e-05,2e-05,2.2e-05,2.1e-05,0.99989,1.2e-05,2e-05,1.2e-05,1.8e-05,2e-05,1e-05,3e-05,"IL_HP_MG919_MG","Quercus michauxii Nutt.","Illinois","Heron Pond - Little Black Slough Nature Preserve ","37.359717","-88.91752","mic","pure"
"19","SYST-MOR-0006718",1e-05,1e-05,1e-05,1e-05,1e-05,0.999886,1e-05,1e-05,1e-05,1e-05,0,1e-05,0,2e-05,2e-05,2e-05,2e-05,2.6e-05,0.99989,1.6e-05,2e-05,1.1e-05,2e-05,1e-05,1e-05,2e-05,"IL_HP_MG920_MG","Quercus michauxii Nutt.","Illinois","Heron Pond - Little Black Slough Nature Preserve ","37.358862","-88.917535","mic","pure"
"20","SYST-MOR-0006719",1e-05,1e-05,1e-05,1e-05,1e-05,0.99989,1e-05,1e-05,1e-05,1e-05,0,1e-05,0,2e-05,2e-05,2e-05,2e-05,2e-05,0.99989,1.3e-05,2e-05,1.1e-05,1e-05,2e-05,1.2e-05,3e-05,"IL_HP_MG921_MG","Quercus michauxii Nutt.","Illinois","Heron Pond - Little Black Slough Nature Preserve ","37.357105","-88.91694","mic","pure"
"21","SYST-MOR-0006720",1e-05,1e-05,1e-05,1e-05,1e-05,1e-05,1e-05,1e-05,1e-05,1e-05,0,0.99989,0,2e-05,2e-05,2e-05,1.1e-05,2.4e-05,2e-05,1.5e-05,2e-05,1e-05,1e-05,1e-05,0.99989,0.9999,"MO_SH_001_MG","Quercus stellata Wangenh.","Missouri","Shaw Nature Preserve ","38.467143","-90.820221","ste","pure"
"22","SYST-MOR-0006721",1e-05,1e-05,1e-05,2e-05,0.999881,1e-05,1e-05,1e-05,1e-05,0,0,1.9e-05,0,1e-05,1e-05,1e-05,2e-05,0.999881,1e-05,1e-05,1e-05,1e-05,0,0,0,1.9e-05,"MO_SH_002_All","Quercus macrocarpa Michx.","Missouri","Shaw Nature Preserve ","38.461996","-90.814959","mac","pure"
"23","SYST-MOR-0006722",2e-05,1e-05,1e-05,1e-05,0.9999,0,0,1e-05,1e-05,1e-05,0,1e-05,0,2e-05,1e-05,1e-05,1e-05,0.9999,0,0,1e-05,1e-05,1e-05,0,0,1e-05,"MO_SH_003_All","Quercus macrocarpa Michx.","Missouri","Shaw Nature Preserve ","38.461909","-90.814652","mac","pure"
"24","SYST-MOR-0006723",1e-05,1e-05,1e-05,1e-05,0.99989,1e-05,1e-05,1e-05,1e-05,0,0,1e-05,0,1e-05,1e-05,1e-05,1e-05,0.99989,1e-05,1e-05,1e-05,1e-05,0,0,0,1e-05,"MO_SH_004_All","Quercus macrocarpa Michx.","Missouri","Shaw Nature Preserve ","38.461961","-90.81437","mac","pure"
"25","SYST-MOR-0006724",1e-05,1e-05,1e-05,1e-05,0.999885,1e-05,1e-05,1e-05,1e-05,1e-05,1e-05,2.5e-05,1.5e-05,1e-05,1e-05,1e-05,1e-05,0.999885,1e-05,1e-05,1e-05,1e-05,1e-05,1.5e-05,1e-05,2.5e-05,"MO_SH_005_All","Quercus macrocarpa Michx.","Missouri","Shaw Nature Preserve ","38.462113","-90.814155","mac","pure"
"26","SYST-MOR-0006725",1e-05,2e-05,1e-05,1e-05,0.99989,1e-05,1e-05,1e-05,1e-05,1e-05,0,1e-05,0,1e-05,2e-05,1e-05,1e-05,0.99989,1e-05,1e-05,1e-05,1e-05,1e-05,0,0,1e-05,"MO_SH_006_All","Quercus macrocarpa Michx.","Missouri","Shaw Nature Preserve ","38.462273","-90.813528","mac","pure"
"27","SYST-MOR-0006726",1e-05,1e-05,1e-05,1e-05,1e-05,0,0,0.99989,1e-05,1e-05,0,1e-05,0,2e-05,1e-05,1e-05,1e-05,2e-05,1e-05,1e-05,0.99989,1e-05,1e-05,1e-05,1e-05,2e-05,"MO_SH_007_All","Quercus muehlenbergii Engelm.","Missouri","Shaw Nature Preserve ","38.461575","-90.818703","mue","pure"
"28","SYST-MOR-0006727",1e-05,1e-05,1e-05,1e-05,1e-05,0,0,0.99989,1e-05,1e-05,1e-05,2e-05,1e-05,1e-05,1e-05,2e-05,1e-05,1e-05,1e-05,1e-05,0.99989,1e-05,1e-05,1e-05,1e-05,2e-05,"MO_SH_008_All","Quercus muehlenbergii Engelm.","Missouri","Shaw Nature Preserve ","38.461624","-90.818267","mue","pure"
"29","SYST-MOR-0006728",1e-05,1e-05,1e-05,1e-05,1e-05,1e-05,1e-05,0.99989,1e-05,1e-05,0,1e-05,0,2e-05,1e-05,1e-05,2e-05,1e-05,1e-05,1e-05,0.9999,1e-05,1e-05,1e-05,1e-05,2e-05,"MO_SH_009_All","Quercus muehlenbergii Engelm.","Missouri","Shaw Nature Preserve ","38.462029","-90.818313","mue","pure"
"30","SYST-MOR-0006729",2e-05,1e-05,1e-05,1e-05,0.999888,1e-05,1e-05,1e-05,1e-05,1.2e-05,0,1e-05,0,2e-05,1e-05,1e-05,1e-05,0.999888,1e-05,1e-05,1e-05,1e-05,1.2e-05,0,0,1e-05,"IL_MOR_135_MG","Quercus macrocarpa Michx.","Illinois","The Morton Arboretum ","41.81383","-88.062933","mac","pure"
"31","SYST-MOR-0006730",0.9999,1e-05,1e-05,1e-05,1e-05,1e-05,1e-05,1e-05,1e-05,0,0,1e-05,0,0.9999,1e-05,1e-05,1e-05,1e-05,1e-05,1e-05,2e-05,1e-05,1e-05,0,0,1e-05,"IL_MOR_138_MG","Quercus alba L.","Illinois","The Morton Arboretum ","41.813922","-88.062902","alb","pure"
"32","SYST-MOR-0006731",2e-05,2e-05,1e-05,1e-05,0.99989,1e-05,1e-05,0,0,1e-05,0,1e-05,0,2e-05,2e-05,1e-05,1e-05,0.99989,1e-05,1e-05,0,0,1e-05,0,0,1e-05,"IL_MOR_137_MG","Quercus macrocarpa Michx.","Illinois","The Morton Arboretum ","41.813961","-88.063804","mac","pure"
"33","SYST-MOR-0006732",0.99987,1e-05,1e-05,1e-05,2e-05,1e-05,1.5e-05,0,0,0,0,1e-05,0,0.999884,1e-05,1.7e-05,1e-05,2e-05,1e-05,1.6e-05,1.8e-05,1e-05,1e-05,0,0,1e-05,"IL_MOR_136_MG","Quercus alba L.","Illinois","The Morton Arboretum ","41.813846","-88.063775","alb","pure"
"34","SYST-MOR-0006733",1e-05,0.99989,1e-05,1e-05,1e-05,1e-05,1e-05,1e-05,1e-05,1e-05,0,1e-05,0,2e-05,0.9999,2e-05,2e-05,0.00587,1e-05,1e-05,2e-05,1e-05,1e-05,1e-05,1e-05,2e-05,"IL_MOR_139_MG","Quercus bicolor Willd.","Illinois","The Morton Arboretum ","41.815709","-88.06144","bic","pure"
"35","SYST-MOR-0006734",0.9999,2e-05,1e-05,1e-05,1e-05,1e-05,1e-05,0,0,1e-05,0,1e-05,0,0.9999,2e-05,1e-05,1e-05,1e-05,1e-05,1e-05,0,0,1e-05,0,0,1e-05,"IL_MOR_140_MG","Quercus alba L.","Illinois","The Morton Arboretum ","41.815707","-88.0612","alb","pure"
"36","SYST-MOR-0006735",1e-05,1e-05,2e-05,1e-05,0.99989,0,0,1e-05,1e-05,1e-05,1e-05,2e-05,1e-05,1e-05,1e-05,2e-05,1e-05,0.99989,0,0,1e-05,1e-05,1e-05,1e-05,1e-05,2e-05,"IL_MOR_142_MG","Quercus macrocarpa Michx.","Illinois","The Morton Arboretum ","41.815863","-88.06017","mac","pure"
"37","SYST-MOR-0006736",0.999883,0,1e-05,0,1e-05,1e-05,1e-05,1e-05,1e-05,0,0,1e-05,0,0.99989,1e-05,1e-05,2e-05,2.1e-05,1e-05,1.4e-05,1.2e-05,1e-05,1e-05,1e-05,1e-05,2e-05,"IL_MOR_141_MG","Quercus alba L.","Illinois","The Morton Arboretum ","41.815892","-88.060242","alb","pure"
"38","SYST-MOR-0006737",1e-05,1e-05,1e-05,1e-05,0.99989,1e-05,1e-05,1e-05,1e-05,0,0,1e-05,0,1e-05,1e-05,1e-05,1e-05,0.99989,1e-05,1e-05,1e-05,1e-05,0,0,0,1e-05,"IL_MOR_143_MG","Quercus macrocarpa Michx.","Illinois","The Morton Arboretum ","41.814978","-88.061147","mac","pure"
"39","SYST-MOR-0006738",1e-05,1e-05,1e-05,1e-05,0.9999,1e-05,1e-05,0,0,1e-05,0,2e-05,1e-05,1e-05,1e-05,1e-05,1e-05,0.9999,1e-05,1e-05,0,0,1e-05,1e-05,0,2e-05,"IL_MOR_145_MG","Quercus macrocarpa Michx.","Illinois","The Morton Arboretum ","41.819275","-88.050902","mac","pure"
"40","SYST-MOR-0006739",0.99989,1e-05,1e-05,1e-05,1e-05,1e-05,1e-05,0,0,1e-05,0,1e-05,0,0.9999,2e-05,1e-05,1e-05,2e-05,1e-05,1e-05,1e-05,1e-05,1e-05,0,0,1e-05,"IL_MOR_144_MG","Quercus alba L.","Illinois","The Morton Arboretum ","41.819198","-88.051046","alb","pure"
"41","SYST-MOR-0006740",1e-05,1e-05,1e-05,1e-05,0.99989,1e-05,1e-05,1e-05,1e-05,1e-05,1e-05,2e-05,1e-05,1e-05,1e-05,1e-05,1e-05,0.99989,1e-05,1e-05,1e-05,1e-05,1e-05,1e-05,1e-05,2e-05,"IL_MOR_146_MG","Quercus macrocarpa Michx.","Illinois","The Morton Arboretum ","41.820968","-88.052361","mac","pure"
"42","SYST-MOR-0006741",0.9999,1e-05,1e-05,1e-05,1e-05,1e-05,1e-05,0,0,0,0,1e-05,0,0.9999,1e-05,1e-05,1e-05,2e-05,1e-05,1e-05,1e-05,1e-05,1e-05,0,0,1e-05,"IL_MOR_147_MG","Quercus alba L.","Illinois","The Morton Arboretum ","41.820901","-88.052707","alb","pure"
"43","SYST-MOR-0006742",1e-05,1e-05,1e-05,1e-05,1e-05,1e-05,1e-05,1e-05,1e-05,1e-05,0,0.99989,0,2e-05,2e-05,2e-05,2e-05,2e-05,1.8e-05,1.2e-05,2e-05,1.7e-05,0.001201,1e-05,0.99989,0.9999,"MO_SH_010_All","Quercus stellata Wangenh.","Missouri","Shaw Nature Preserve ","38.46199","-90.818418","ste","pure"
"44","SYST-MOR-0006743",0.999888,1e-05,1e-05,1e-05,1e-05,1e-05,1e-05,0,0,1e-05,0,1e-05,0,0.99989,2.2e-05,1e-05,1e-05,2e-05,1e-05,1e-05,1e-05,1e-05,1e-05,1e-05,0,2e-05,"MO_SH_011_All","Quercus alba L.","Missouri","Shaw Nature Preserve ","38.462391","-90.817857","alb","pure"
"45","SYST-MOR-0006744",1e-05,1e-05,2e-05,1e-05,1e-05,1e-05,1e-05,0.99989,1e-05,1e-05,0,1e-05,0,1e-05,1e-05,2e-05,1e-05,1e-05,1e-05,1e-05,0.99989,1e-05,1e-05,0,0,1e-05,"MO_SH_012_All","Quercus muehlenbergii Engelm.","Missouri","Shaw Nature Preserve ","38.46295","-90.817616","mue","pure"
"47","SYST-MOR-0006746",0.999876,1.4e-05,1e-05,1e-05,2e-05,1e-05,1e-05,1e-05,1.4e-05,0,0,1e-05,1e-05,0.999876,1.4e-05,1e-05,1e-05,2e-05,1e-05,1e-05,1e-05,1.4e-05,0,1e-05,0,1e-05,"MO_SH_014_All","Quercus alba L.","Missouri","Shaw Nature Preserve ","38.462749","-90.81804","alb","pure"
"48","SYST-MOR-0006747",1e-05,1e-05,1e-05,1e-05,1e-05,1e-05,1e-05,1e-05,1e-05,1e-05,0,0.99989,0,2.5e-05,2e-05,2.9e-05,2.1e-05,2e-05,1e-05,1e-05,2e-05,1e-05,1e-05,1e-05,0.99989,0.9999,"MO_SH_015_All","Quercus stellata Wangenh.","Missouri","Shaw Nature Preserve ","38.462662","-90.818129","ste","pure"
"49","SYST-MOR-0006748",1e-05,1e-05,1e-05,1e-05,1e-05,1e-05,1e-05,1e-05,1e-05,1e-05,0,0.99989,0,2e-05,2e-05,1.1e-05,2e-05,2e-05,1e-05,1e-05,2e-05,1e-05,1.5e-05,1e-05,0.99989,0.9999,"MO_SH_016_All","Quercus stellata Wangenh.","Missouri","Shaw Nature Preserve ","38.462483","-90.818432","ste","pure"
"50","SYST-MOR-0006749",1e-05,1e-05,1e-05,1e-05,1e-05,1e-05,1e-05,1e-05,1e-05,1e-05,0,0.99989,0,2e-05,2e-05,2e-05,2e-05,2.6e-05,1e-05,1e-05,2e-05,1.3e-05,1e-05,0.005049,0.99989,0.9999,"MO_SH_017_All","Quercus stellata Wangenh.","Missouri","Shaw Nature Preserve ","38.462703","-90.818742","ste","pure"
"51","SYST-MOR-0006750",0.999887,1e-05,1e-05,1e-05,1.6e-05,1e-05,1e-05,0,0,0,0,1.3e-05,0,0.99989,1e-05,2e-05,1e-05,2e-05,1e-05,1e-05,1.3e-05,1e-05,1e-05,1.2e-05,1e-05,2e-05,"MO_SH_018_All","Quercus alba L.","Missouri","Shaw Nature Preserve ","38.46296","-90.818493","alb","pure"
"52","SYST-MOR-0006751",0.999889,1e-05,1e-05,1e-05,1e-05,1e-05,1e-05,1e-05,1e-05,1e-05,0,1e-05,0,0.9999,2e-05,2.7e-05,2e-05,2e-05,1.9e-05,1.4e-05,2e-05,1.9e-05,1e-05,0.000223,1e-05,0.000233,"MO_SH_019_All","Quercus alba L.","Missouri","Shaw Nature Preserve ","38.46381","-90.818731","alb","pure"
"53","SYST-MOR-0006752",0.99989,1e-05,1e-05,1e-05,1e-05,1e-05,1e-05,0,0,1e-05,0,1e-05,0,0.9999,2.5e-05,1e-05,1.4e-05,2.1e-05,1e-05,1e-05,1e-05,1e-05,1e-05,1e-05,1e-05,2e-05,"MO_SH_020_All","Quercus alba L.","Missouri","Shaw Nature Preserve ","38.464166","-90.818686","alb","pure"
"54","SYST-MOR-0006753",0,1e-05,1e-05,1e-05,0.9999,0,1e-05,2e-05,1e-05,1e-05,0,1e-05,0,0,1e-05,1e-05,1e-05,0.9999,0,1e-05,2e-05,1e-05,1e-05,0,0,1e-05,"IL_OB_021_All","Quercus macrocarpa Michx.","Illinois","Oakwood Bottoms, Shawnee National Forest","37.67609424","-89.4135025","mac","pure"
"56","SYST-MOR-0006755",1e-05,1e-05,1e-05,1e-05,0.9999,1e-05,1e-05,1e-05,1e-05,0,0,1e-05,1e-05,1e-05,1e-05,1e-05,1e-05,0.9999,1e-05,1e-05,1e-05,1e-05,0,1e-05,0,1e-05,"IL_OB_023_All","Quercus macrocarpa Michx.","Illinois","Oakwood Bottoms, Shawnee National Forest","37.6760035","-89.41296532","mac","pure"
"57","SYST-MOR-0006756",1e-05,1e-05,1e-05,0.99989,1e-05,1e-05,1e-05,1e-05,1e-05,1e-05,0,1e-05,0,2e-05,2e-05,2e-05,0.9999,3e-05,1e-05,1e-05,2e-05,1.4e-05,1e-05,1e-05,1e-05,2e-05,"IL_OB_024_All","Quercus lyrata Walt.","Illinois","Oakwood Bottoms, Shawnee National Forest","37.67681828","-89.41282223","lyr","pure"
"59","SYST-MOR-0006758",1e-05,1e-05,1e-05,1e-05,0.9999,1e-05,1e-05,0,0,1e-05,0,2e-05,1e-05,1e-05,1e-05,1e-05,1e-05,0.9999,1e-05,1e-05,0,0,1e-05,1e-05,0,2e-05,"IL_OB_026_All","Quercus macrocarpa Michx.","Illinois","Oakwood Bottoms, Shawnee National Forest","37.6805839","-89.41312869","mac","pure"
"60","SYST-MOR-0006759",1e-05,1e-05,1e-05,1e-05,0.9999,1e-05,1e-05,1e-05,1e-05,1e-05,0,1e-05,0,1e-05,1e-05,1e-05,1e-05,0.9999,1e-05,1e-05,1e-05,1e-05,1e-05,0,0,1e-05,"IL_OB_027_All","Quercus macrocarpa Michx.","Illinois","Oakwood Bottoms, Shawnee National Forest","37.68548051","-89.41114404","mac","pure"
"62","SYST-MOR-0006761",1e-05,1e-05,1e-05,1e-05,0.999889,1e-05,1.1e-05,1e-05,1e-05,1e-05,1e-05,2e-05,1e-05,1e-05,1e-05,1e-05,1e-05,0.999889,1e-05,1.1e-05,1e-05,1e-05,1e-05,1e-05,1e-05,2e-05,"IL_OB_029_All","Quercus macrocarpa Michx.","Illinois","Oakwood Bottoms, Shawnee National Forest","37.6817841","-89.41275925","mac","pure"
"64","SYST-MOR-0006763",1e-05,1e-05,1e-05,1e-05,0.9999,1e-05,1e-05,1e-05,1e-05,1e-05,0,1e-05,0,1e-05,1e-05,1e-05,1e-05,0.9999,1e-05,1e-05,1e-05,1e-05,1e-05,0,0,1e-05,"MO_BOT_031_MG","Quercus macrocarpa Michx.","Missouri","Big Oak Tree State Park ","36.644025","-89.2909","mac","pure"
"65","SYST-MOR-0006764",1e-05,1.9e-05,2e-05,1e-05,0.999877,1e-05,1e-05,1.2e-05,1e-05,1e-05,0,1.2e-05,0,1e-05,1.9e-05,2e-05,1e-05,0.999877,1e-05,1e-05,1.2e-05,1e-05,1e-05,0,0,1.2e-05,"MO_BOT_032_MG","Quercus macrocarpa Michx.","Missouri","Big Oak Tree State Park ","36.643929","-89.290992","mac","pure"
"66","SYST-MOR-0006765",1e-05,2e-05,1e-05,1e-05,0.99989,1e-05,1e-05,1e-05,1e-05,1e-05,0,1e-05,0,1e-05,2e-05,1e-05,1e-05,0.99989,1e-05,1e-05,1e-05,1e-05,1e-05,0,0,1e-05,"MO_BOT_033_MG","Quercus macrocarpa Michx.","Missouri","Big Oak Tree State Park ","36.644689","-89.290721","mac","pure"
"67","SYST-MOR-0006766",1e-05,1e-05,1e-05,0.99989,1e-05,1e-05,1e-05,1e-05,1e-05,1e-05,0,1e-05,0,2e-05,2e-05,2e-05,0.999895,2e-05,1.5e-05,1.6e-05,2e-05,1.4e-05,1e-05,1.1e-05,1.3e-05,2.3e-05,"MO_BOT_034_All","Quercus lyrata Walt.","Missouri","Big Oak Tree State Park ","36.644928","-89.292856","lyr","pure"
"68","SYST-MOR-0006767",1e-05,1e-05,1e-05,1e-05,0.999882,1e-05,1e-05,0,0,0,0,1e-05,0,1e-05,1e-05,1e-05,1e-05,0.9999,1e-05,1e-05,1e-05,1e-05,1e-05,1.8e-05,1e-05,2.8e-05,"MO_BOT_035_All","Quercus macrocarpa Michx.","Missouri","Big Oak Tree State Park ","36.644965","-89.292919","mac","pure"
"69","SYST-MOR-0006768",1e-05,1e-05,1e-05,0.99989,1e-05,1e-05,1e-05,1e-05,1e-05,1e-05,0,1e-05,0,2e-05,2e-05,2.2e-05,0.9999,2.4e-05,1.5e-05,1e-05,2e-05,1e-05,1.5e-05,1.4e-05,1e-05,2e-05,"MO_BOT_036_All","Quercus lyrata Walt.","Missouri","Big Oak Tree State Park ","36.644699","-89.294887","lyr","pure"
"71","SYST-MOR-0006770",1e-05,1e-05,1e-05,1e-05,0.999885,1e-05,1.1e-05,2.1e-05,1.1e-05,0,0,1.3e-05,0,1e-05,1e-05,1e-05,1e-05,0.999885,1e-05,1.1e-05,2.1e-05,1.1e-05,0,0,0,1.3e-05,"MO_BOT_038_All","Quercus macrocarpa Michx.","Missouri","Big Oak Tree State Park ","36.64308589","-89.28758916","mac","pure"
"72","SYST-MOR-0006771",1e-05,1e-05,1e-05,1e-05,1e-05,0.99989,1e-05,1e-05,1e-05,1e-05,0,1e-05,0,2e-05,2e-05,2e-05,2.6e-05,2e-05,0.99989,1.7e-05,2e-05,1e-05,1.1e-05,1.7e-05,1e-05,2.7e-05,"MO_BOT_039_All","Quercus michauxii Nutt.","Missouri","Big Oak Tree State Park ","36.64287291","-89.28744984","mic","pure"
"73","SYST-MOR-0006772",1e-05,1e-05,1e-05,2e-05,0.99989,1e-05,1e-05,1e-05,1e-05,0,0,1e-05,0,1e-05,1e-05,1e-05,2e-05,0.99989,1e-05,1e-05,1e-05,1e-05,0,0,0,1e-05,"MO_BOT_040_All","Quercus macrocarpa Michx.","Missouri","Big Oak Tree State Park ","36.64427285","-89.28656344","mac","pure"
"74","SYST-MOR-0006773",1e-05,1e-05,1e-05,1e-05,1e-05,0.99989,1e-05,1e-05,1e-05,1e-05,0,1e-05,0,2e-05,2.4e-05,2e-05,2e-05,2e-05,0.99989,1.8e-05,2e-05,1.2e-05,1e-05,2e-05,1e-05,3e-05,"MO_BOT_041_All","Quercus michauxii Nutt.","Missouri","Big Oak Tree State Park ","36.64423073","-89.28680646","mic","pure"
"76","SYST-MOR-0006775",1e-05,1e-05,1e-05,1e-05,0.99989,1e-05,1e-05,1e-05,1e-05,1e-05,1e-05,2e-05,1e-05,1e-05,1e-05,1e-05,1e-05,0.99989,1e-05,1e-05,1e-05,1e-05,1e-05,1e-05,1e-05,2e-05,"MO_BOT_043_All","Quercus macrocarpa Michx.","Missouri","Big Oak Tree State Park ","36.64101675","-89.2904011","mac","pure"
"77","SYST-MOR-0006776",1e-05,1e-05,1e-05,0.99989,1e-05,1e-05,1e-05,1e-05,1e-05,1e-05,0,1e-05,0,2e-05,2e-05,2.6e-05,0.9999,2e-05,1e-05,1e-05,2e-05,1.3e-05,1e-05,1e-05,1e-05,2e-05,"MO_BOT_044_All","Quercus lyrata Walt.","Missouri","Big Oak Tree State Park ","36.64089787","-89.2904101","lyr","pure"
"79","SYST-MOR-0006778",2e-05,2e-05,1e-05,1e-05,0.99989,1e-05,1e-05,0,0,1e-05,0,1e-05,0,2e-05,2e-05,1e-05,1e-05,0.99989,1e-05,1e-05,0,0,1e-05,0,0,1e-05,"IA_BSP_046_MG","Quercus macrocarpa Michx.","Iowa","Brookside Park ","42.03107238","-93.63017301","mac","pure"
"80","SYST-MOR-0006779",1e-05,1e-05,2e-05,1e-05,0.999886,1e-05,1e-05,1e-05,1e-05,1e-05,0,1.4e-05,0,1e-05,1e-05,2e-05,1e-05,0.999886,1e-05,1e-05,1e-05,1e-05,1e-05,0,0,1.4e-05,"IA_BSP_047_MG","Quercus macrocarpa Michx.","Iowa","Brookside Park ","42.03371379","-93.63040998","mac","pure"
"81","SYST-MOR-0006780",1e-05,1e-05,2e-05,1e-05,0.99989,0,0,1e-05,1e-05,1e-05,1e-05,2e-05,1e-05,1e-05,1e-05,2e-05,1e-05,0.99989,0,0,1e-05,1e-05,1e-05,1e-05,1e-05,2e-05,"IA_BSP_048_MG","Quercus macrocarpa Michx.","Iowa","Brookside Park ","42.03431925","-93.63024501","mac","pure"
"82","SYST-MOR-0006781",1e-05,1e-05,2e-05,1e-05,0.99989,1e-05,1e-05,1e-05,1e-05,1e-05,0,1e-05,0,1e-05,1e-05,2e-05,1e-05,0.99989,1e-05,1e-05,1e-05,1e-05,1e-05,0,0,1e-05,"IA_BSP_049_MG","Quercus macrocarpa Michx.","Iowa","Brookside Park ","42.02939736","-93.62820226","mac","pure"
"83","SYST-MOR-0006782",1e-05,1e-05,1e-05,2e-05,0.99989,1e-05,1e-05,1e-05,1e-05,0,0,1e-05,0,1e-05,1e-05,1e-05,2e-05,0.99989,1e-05,1e-05,1e-05,1e-05,0,0,0,1e-05,"IA_BSP_050_MG","Quercus macrocarpa Michx.","Iowa","Brookside Park ","42.02873078","-93.62824477","mac","pure"
"84","SYST-MOR-0006783",0.999885,1e-05,1e-05,1e-05,1e-05,1e-05,1e-05,0,0,0,0,1e-05,1e-05,0.99989,1e-05,1.3e-05,1e-05,2.3e-05,1e-05,1.5e-05,1e-05,1.7e-05,1e-05,1e-05,1e-05,2e-05,"IA_LNW_051_MG","Quercus alba L.","Iowa","Lindsay Wilderness","40.710377","-91.79738944","alb","pure"
"85","SYST-MOR-0006784",0.99989,0,1e-05,0,1e-05,1e-05,1e-05,0,0,1e-05,1e-05,2e-05,1e-05,0.99989,1e-05,1e-05,1e-05,2e-05,1e-05,1e-05,1e-05,1e-05,1e-05,1e-05,1e-05,2e-05,"IA_LNW_052_MG","Quercus alba L.","Iowa","Lindsay Wilderness","40.709859","-91.796245","alb","pure"
"86","SYST-MOR-0006785",0.9999,1e-05,1e-05,1e-05,2e-05,1e-05,1e-05,1e-05,1e-05,1e-05,0,1e-05,0,0.9999,1e-05,1e-05,1e-05,2e-05,1e-05,1.6e-05,1e-05,1e-05,1e-05,1e-05,0,2e-05,"IA_LNW_053_MG","Quercus alba L.","Iowa","Lindsay Wilderness","40.710201","-91.794682","alb","pure"
"87","SYST-MOR-0006786",0.999883,1e-05,1e-05,1e-05,1e-05,1e-05,1e-05,0,0,0,0,1e-05,0,0.99989,1.3e-05,2e-05,1.4e-05,2e-05,1e-05,1e-05,2e-05,1e-05,1e-05,1e-05,1e-05,2e-05,"IA_LNW_054_MG","Quercus alba L.","Iowa","Lindsay Wilderness","40.710553","-91.792546","alb","pure"
"89","SYST-MOR-0006788",1e-05,1e-05,1e-05,1e-05,1.1e-05,1e-05,1e-05,0.9999,1e-05,1e-05,0,1e-05,0,1.2e-05,1e-05,2e-05,1.1e-05,2e-05,1.4e-05,1e-05,0.9999,1e-05,1e-05,0,0,1e-05,"IA_LNW_056_MG","Quercus muehlenbergii Engelm.","Iowa","Lindsay Wilderness","40.707865","-91.788325","mue","pure"
"91","SYST-MOR-0006790",1e-05,1e-05,1e-05,1e-05,1e-05,1e-05,1e-05,0.999875,1e-05,1e-05,0,1e-05,0,1e-05,1e-05,2e-05,1e-05,2e-05,1.8e-05,1e-05,0.99989,1.7e-05,1e-05,0,0,1e-05,"IA_LNW_058_MG","Quercus muehlenbergii Engelm.","Iowa","Lindsay Wilderness","40.706792","-91.79075","mue","pure"
"92","SYST-MOR-0006791",1e-05,1e-05,1e-05,1e-05,0.99989,1e-05,1e-05,1e-05,1e-05,1e-05,1e-05,2e-05,1e-05,1e-05,1e-05,1e-05,1e-05,0.99989,1e-05,1e-05,1e-05,1e-05,1e-05,1e-05,1e-05,2e-05,"IA_LNW_059_MG","Quercus macrocarpa Michx.","Iowa","Lindsay Wilderness","40.707564","-91.792402","mac","pure"
"93","SYST-MOR-0006792",1e-05,1e-05,1e-05,1e-05,0.99989,1e-05,1e-05,1e-05,1e-05,0,0,1e-05,0,1e-05,1e-05,1e-05,1e-05,0.99989,1e-05,1e-05,1e-05,1e-05,0,0,0,1e-05,"IA_LNW_060_MG","Quercus macrocarpa Michx.","Iowa","Lindsay Wilderness","40.70735","-91.793153","mac","pure"
"94","SYST-MOR-0006793",0.99989,1e-05,1e-05,1e-05,1e-05,1e-05,1e-05,1e-05,1e-05,1e-05,0,1e-05,0,0.9999,2e-05,1e-05,2e-05,2e-05,1e-05,1e-05,2e-05,1e-05,1e-05,1e-05,1e-05,2e-05,"IA_LNW_061_MG","Quercus alba L.","Iowa","Lindsay Wilderness","40.706728","-91.793218","alb","pure"
"95","SYST-MOR-0006794",1e-05,1e-05,1e-05,1e-05,1e-05,0,1e-05,0.99989,1e-05,1e-05,0,1e-05,0,1e-05,2e-05,2e-05,1e-05,2e-05,1e-05,1e-05,0.9999,1e-05,1e-05,1e-05,1e-05,2e-05,"IA_LNW_062_MG","Quercus muehlenbergii Engelm.","Iowa","Lindsay Wilderness","40.706856","-91.79369","mue","pure"
"96","SYST-MOR-0006796",1e-05,0.99989,1e-05,1e-05,1e-05,1e-05,1e-05,1e-05,1e-05,1e-05,0,1e-05,0,2e-05,0.9999,2.1e-05,1e-05,2.5e-05,1e-05,1e-05,2e-05,1e-05,1e-05,1e-05,1e-05,2e-05,"IA_LNW_064_MG","Quercus bicolor Willd.","Iowa","Lindsay Wilderness","40.703988","-91.796584","bic","pure"
"97","SYST-MOR-0006797",1e-05,0.99989,1e-05,1e-05,1e-05,1e-05,1e-05,1e-05,1e-05,1e-05,0,1e-05,0,2e-05,0.9999,2e-05,2e-05,2.2e-05,1e-05,1e-05,2e-05,1.5e-05,1e-05,1e-05,1e-05,2e-05,"IA_LNW_065_MG","Quercus bicolor Willd.","Iowa","Lindsay Wilderness","40.703502","-91.796851","bic","pure"
"98","SYST-MOR-0006798",2e-05,1e-05,1e-05,1e-05,0.9999,1e-05,1e-05,0,0,1e-05,0,1e-05,0,2e-05,1e-05,1e-05,1e-05,0.9999,1e-05,1e-05,0,0,1e-05,0,0,1e-05,"IA_CHP_066_MG","Quercus macrocarpa Michx.","Iowa","Cherokee Park ","41.97471713","-91.7216927","mac","pure"
"99","SYST-MOR-0006799",1e-05,0,1e-05,0,0.9999,1e-05,1e-05,1e-05,1e-05,1e-05,1e-05,2e-05,1e-05,1e-05,0,1e-05,0,0.9999,1e-05,1e-05,1e-05,1e-05,1e-05,1e-05,1e-05,2e-05,"IA_CHP_067_MG","Quercus macrocarpa Michx.","Iowa","Cherokee Park ","41.97330457","-91.72514806","mac","pure"
"101","SYST-MOR-0006801",1e-05,1e-05,1e-05,1e-05,0.99989,1e-05,1e-05,1e-05,1e-05,1e-05,1e-05,2e-05,1e-05,1e-05,1e-05,1e-05,1e-05,0.99989,1e-05,1e-05,1e-05,1e-05,1e-05,1e-05,1e-05,2e-05,"IA_CHP_069_MG","Quercus macrocarpa Michx.","Iowa","Cherokee Park ","41.973906","-91.722929","mac","pure"
"102","SYST-MOR-0006802",1e-05,1e-05,1e-05,1e-05,0.999884,1e-05,1.6e-05,2e-05,1e-05,0,0,1e-05,0,1e-05,1e-05,1e-05,1e-05,0.999884,1e-05,1.6e-05,2e-05,1e-05,0,0,0,1e-05,"IA_CHP_070_MG","Quercus macrocarpa Michx.","Iowa","Cherokee Park ","41.983481","-91.797435","mac","pure"
"103","SYST-MOR-0006803",1e-05,2e-05,1e-05,1e-05,0.99989,1e-05,1e-05,1e-05,1e-05,1e-05,0,1e-05,0,1e-05,2e-05,1e-05,1e-05,0.99989,1e-05,1e-05,1e-05,1e-05,1e-05,0,0,1e-05,"MO_CSW_071_MGLS","Quercus macrocarpa Michx.","Missouri","Castlewood State Park ","38.545697","-90.535657","mac","pure"
"104","SYST-MOR-0006804",2e-05,1e-05,1e-05,1e-05,0.99989,1e-05,1e-05,1e-05,1e-05,0,0,1e-05,0,2e-05,1e-05,1e-05,1e-05,0.99989,1e-05,1e-05,1e-05,1e-05,0,0,0,1e-05,"MO_CSW_072_MGLS","Quercus macrocarpa Michx.","Missouri","Castlewood State Park ","38.546835","-90.537024","mac","pure"
"105","SYST-MOR-0006805",1e-05,1e-05,2e-05,1e-05,0.99989,1e-05,1e-05,1e-05,1e-05,1e-05,0,1e-05,0,1e-05,1e-05,2e-05,1e-05,0.99989,1e-05,1e-05,1e-05,1e-05,1e-05,0,0,1e-05,"MO_CSW_073_MGLS","Quercus macrocarpa Michx.","Missouri","Castlewood State Park ","38.547166","-90.536986","mac","pure"
"106","SYST-MOR-0006806",1e-05,1e-05,1e-05,1e-05,1e-05,1e-05,1e-05,1e-05,1e-05,0,0,0.99989,0,2e-05,2e-05,1.3e-05,2.1e-05,2e-05,1e-05,1e-05,1.4e-05,1.3e-05,1.3e-05,0,0,0.99989,"MO_TRC_074_MG","Quercus stellata Wangenh.","Missouri","Tyson Research Center","38.512088","-90.575698","ste","pure"
"108","SYST-MOR-0006808",0.99989,2e-05,1e-05,1e-05,1e-05,1e-05,1e-05,1e-05,1e-05,1e-05,0,1e-05,0,0.99989,2e-05,1e-05,1e-05,1e-05,1e-05,1e-05,1e-05,1e-05,1e-05,0,0,1e-05,"MO_TRC_076_MG","Quercus alba L.","Missouri","Tyson Research Center","38.512384","-90.575894","alb","pure"
"109","SYST-MOR-0006809",1e-05,1e-05,1e-05,1e-05,1e-05,1e-05,1e-05,0.99989,1e-05,1e-05,0,1.4e-05,0,1e-05,2e-05,1.3e-05,2e-05,1e-05,1e-05,1e-05,0.9999,1e-05,1e-05,1e-05,1e-05,2e-05,"MO_TRC_077_MG","Quercus muehlenbergii Engelm.","Missouri","Tyson Research Center","38.512355","-90.576186","mue","pure"
"110","SYST-MOR-0006810",0.99989,1e-05,1e-05,1e-05,1e-05,1e-05,1e-05,1e-05,1e-05,0,0,1e-05,0,0.999894,1e-05,1.2e-05,1e-05,1e-05,1e-05,1.4e-05,1e-05,1e-05,0,0,0,1e-05,"MO_TRC_078_MG","Quercus alba L.","Missouri","Tyson Research Center","38.512345","-90.576354","alb","pure"
"111","SYST-MOR-0006811",1e-05,1e-05,1e-05,1e-05,1e-05,1e-05,1e-05,1e-05,1e-05,1e-05,0,0.99989,0,2e-05,2.4e-05,2e-05,2.4e-05,2.2e-05,1.7e-05,1e-05,2.1e-05,1e-05,1.7e-05,1e-05,0.99989,0.9999,"MO_TRC_079_MG","Quercus stellata Wangenh.","Missouri","Tyson Research Center","38.512487","-90.576479","ste","pure"
"112","SYST-MOR-0006813",1e-05,1e-05,1e-05,1e-05,1e-05,1e-05,1e-05,0.999889,1e-05,1e-05,0,1e-05,0,2e-05,1.1e-05,2e-05,1e-05,1e-05,1e-05,1.5e-05,0.99989,1e-05,1e-05,1e-05,1e-05,2e-05,"MO_TRC_081_MG","Quercus muehlenbergii Engelm.","Missouri","Tyson Research Center","38.511584","-90.57496","mue","pure"
"113","SYST-MOR-0006814",1e-05,1e-05,1e-05,1e-05,1e-05,1e-05,1e-05,1e-05,1e-05,1e-05,0,0.99989,0,2e-05,2e-05,1e-05,1.4e-05,2e-05,1.7e-05,1e-05,1.6e-05,1e-05,1e-05,1e-05,0.99989,0.9999,"MO_TRC_082_MG","Quercus stellata Wangenh.","Missouri","Tyson Research Center","38.513753","-90.557106","ste","pure"
"114","SYST-MOR-0006815",1e-05,1e-05,1e-05,1e-05,1e-05,1e-05,1e-05,1e-05,1e-05,1e-05,0,0.999886,0,2.4e-05,2e-05,2e-05,2e-05,2.9e-05,1.2e-05,1e-05,2.2e-05,1.2e-05,1e-05,1.9e-05,0.999889,0.9999,"MO_TRC_083_MG","Quercus stellata Wangenh.","Missouri","Tyson Research Center","38.514397","-90.555689","ste","pure"
"115","SYST-MOR-0006816",1e-05,1e-05,2e-05,1e-05,1e-05,0,0,0.999882,1e-05,1e-05,1e-05,2.8e-05,1.8e-05,1e-05,1e-05,2e-05,1e-05,1e-05,0,0,0.999882,1e-05,1e-05,1.8e-05,1e-05,2.8e-05,"MO_TRC_084_MG","Quercus muehlenbergii Engelm.","Missouri","Tyson Research Center","38.514483","-90.555689","mue","pure"
"116","SYST-MOR-0006817",0.999888,1e-05,1e-05,1e-05,2e-05,1e-05,1e-05,0,0,1e-05,0,1e-05,0,0.9999,1e-05,1e-05,1e-05,2e-05,1.2e-05,1e-05,0,0,1e-05,1e-05,0,2e-05,"MO_TRC_085_MG","Quercus alba L.","Missouri","Tyson Research Center","38.51341","-90.557621","alb","pure"
"117","SYST-MOR-0006818",1e-05,1e-05,1e-05,1e-05,2e-05,1e-05,1e-05,1e-05,1e-05,1e-05,0,0.99989,0,2e-05,2e-05,1e-05,1e-05,2.6e-05,1e-05,1.1e-05,2e-05,1.6e-05,1.6e-05,1e-05,0.999884,0.9999,"MO_TRC_086_MG","Quercus stellata Wangenh.","Missouri","Tyson Research Center","38.512874","-90.557406","ste","pure"
"118","SYST-MOR-0006819",0.99988,1e-05,1e-05,1e-05,2e-05,1e-05,1e-05,0,0,0,0,1e-05,1e-05,0.99989,1e-05,1e-05,1e-05,3e-05,1e-05,1e-05,1e-05,1e-05,1e-05,1e-05,0,2e-05,"MO_TRC_087_MG","Quercus alba L.","Missouri","Tyson Research Center","38.512509","-90.557449","alb","pure"
"119","SYST-MOR-0006820",0.999884,1e-05,1e-05,1e-05,1.7e-05,1e-05,1e-05,1e-05,1e-05,1e-05,0,1e-05,0,0.99989,2e-05,2.2e-05,1.6e-05,2e-05,1e-05,1e-05,1e-05,1e-05,1e-05,1e-05,1e-05,2e-05,"MO_TRC_088_MG","Quercus alba L.","Missouri","Tyson Research Center","38.511951","-90.558586","alb","pure"
"120","SYST-MOR-0006821",1e-05,1e-05,1e-05,1e-05,0.9999,1e-05,1e-05,0,0,0,0,1e-05,0,1e-05,1e-05,1e-05,1e-05,0.9999,1e-05,1e-05,1e-05,1e-05,0,1e-05,0,1e-05,"MO_HHT_089_MG","Quercus macrocarpa Michx.","Missouri","Ha Ha Tonka State Park ","37.990282","-92.774439","mac","pure"
"121","SYST-MOR-0006822",0.999888,1e-05,1e-05,1e-05,1e-05,1e-05,1e-05,1e-05,1e-05,1e-05,0,1.2e-05,0,0.99989,2e-05,1e-05,2e-05,1e-05,1e-05,1e-05,1.3e-05,1e-05,1e-05,1e-05,1e-05,2e-05,"MO_HHT_090_MG","Quercus alba L.","Missouri","Ha Ha Tonka State Park ","37.97832","-92.768426","alb","pure"
"122","SYST-MOR-0006823",1e-05,1e-05,1e-05,1e-05,1e-05,1e-05,1e-05,1e-05,1e-05,1e-05,0,0.99989,0,2e-05,2e-05,1e-05,1.4e-05,2e-05,1e-05,1e-05,2e-05,1.6e-05,1e-05,1e-05,0.99989,0.9999,"MO_HHT_091_MG","Quercus stellata Wangenh.","Missouri","Ha Ha Tonka State Park ","37.97832","-92.768447","ste","pure"
"123","SYST-MOR-0006824",0.99989,1e-05,1e-05,1e-05,1e-05,0,0,1e-05,1e-05,1e-05,0,1e-05,0,0.99989,2e-05,2e-05,1e-05,1e-05,1e-05,1e-05,1e-05,1e-05,1e-05,1e-05,1e-05,2e-05,"MO_HHT_092_MG","Quercus alba L.","Missouri","Ha Ha Tonka State Park ","37.980251","-92.768297","alb","pure"
"124","SYST-MOR-0006825",1e-05,1e-05,1e-05,1e-05,1e-05,1e-05,1e-05,1e-05,1e-05,1e-05,0,0.99989,0,2e-05,2e-05,2e-05,1e-05,2e-05,1e-05,1.6e-05,2e-05,1e-05,1e-05,1e-05,0.99989,0.9999,"MO_HHT_093_MG","Quercus stellata Wangenh.","Missouri","Ha Ha Tonka State Park ","37.980396","-92.768258","ste","pure"
"125","SYST-MOR-0006826",1e-05,1e-05,1e-05,1e-05,1e-05,1e-05,1e-05,1e-05,1e-05,1e-05,0,0.99989,0,2e-05,2e-05,2e-05,1e-05,2.6e-05,1e-05,1.9e-05,1e-05,1e-05,1e-05,1e-05,0.99989,0.9999,"MO_HHT_094_MG","Quercus stellata Wangenh.","Missouri","Ha Ha Tonka State Park ","37.980251","-92.769241","ste","pure"
"126","SYST-MOR-0006827",1e-05,1e-05,1e-05,1e-05,1e-05,1e-05,1e-05,0.99989,1e-05,1e-05,0,1e-05,0,2e-05,1e-05,2e-05,2e-05,2e-05,1e-05,1e-05,0.99989,1e-05,1e-05,1e-05,1e-05,2e-05,"MO_HHT_095_MG","Quercus muehlenbergii Engelm.","Missouri","Ha Ha Tonka State Park ","37.980144","-92.770185","mue","pure"
"127","SYST-MOR-0006828",1e-05,1e-05,1e-05,1e-05,1e-05,1e-05,1e-05,0.99989,1e-05,1e-05,0,1e-05,0,2.7e-05,2e-05,1e-05,1e-05,2e-05,1e-05,1.1e-05,0.99989,1e-05,1e-05,1e-05,1e-05,2e-05,"MO_HHT_096_MG","Quercus muehlenbergii Engelm.","Missouri","Ha Ha Tonka State Park ","37.979586","-92.770872","mue","pure"
"128","SYST-MOR-0006829",1e-05,1e-05,1e-05,1e-05,1e-05,1e-05,1e-05,0.999869,1e-05,1e-05,0,1e-05,0,1e-05,2e-05,2e-05,1e-05,1.9e-05,1.9e-05,1e-05,0.99989,1e-05,1e-05,0,0,1.3e-05,"MO_HHT_097_MG","Quercus muehlenbergii Engelm.","Missouri","Ha Ha Tonka State Park ","37.980251","-92.771752","mue","pure"
"129","SYST-MOR-0006830",1e-05,1e-05,1e-05,1e-05,2e-05,1e-05,1e-05,0.99989,1e-05,1e-05,0,1e-05,0,1e-05,1e-05,1e-05,1e-05,2e-05,1e-05,1e-05,0.99989,1e-05,1e-05,0,0,1e-05,"MO_HHT_098_MG","Quercus muehlenbergii Engelm.","Missouri","Ha Ha Tonka State Park ","37.980058","-92.772782","mue","pure"
"130","SYST-MOR-0006831",0.999884,0,1e-05,0,2e-05,1e-05,1e-05,1e-05,1e-05,1e-05,0,1e-05,0,0.99989,1e-05,1e-05,1e-05,2.4e-05,1.1e-05,1e-05,1e-05,1e-05,1e-05,1e-05,1e-05,2e-05,"MO_HHT_099_MG","Quercus alba L.","Missouri","Ha Ha Tonka State Park ","37.977505","-92.773662","alb","pure"
"131","SYST-MOR-0006832",0.99989,1.2e-05,1e-05,1e-05,1e-05,1e-05,1e-05,1e-05,1e-05,1e-05,0,1.2e-05,0,0.99989,2e-05,2.2e-05,1.1e-05,1.3e-05,1e-05,1e-05,1.8e-05,1e-05,1e-05,1e-05,1e-05,2e-05,"MO_HHT_100_MG","Quercus alba L.","Missouri","Ha Ha Tonka State Park ","37.977033","-92.768855","alb","pure"
"132","SYST-MOR-0006833",1e-05,1e-05,1e-05,1e-05,1e-05,1e-05,1e-05,1e-05,1e-05,1e-05,0,0.99989,0,2e-05,2e-05,2e-05,1.3e-05,2e-05,1e-05,1e-05,2e-05,1e-05,1e-05,1e-05,0.99989,0.9999,"MO_HHT_101_MG","Quercus stellata Wangenh.","Missouri","Ha Ha Tonka State Park ","37.977054","-92.768555","ste","pure"
"135","SYST-MOR-0006836",1e-05,1e-05,1e-05,1e-05,2e-05,1e-05,1e-05,1e-05,1e-05,1e-05,0,0.99989,0,2e-05,2e-05,1e-05,1e-05,2e-05,1.3e-05,1.6e-05,2e-05,2e-05,1e-05,1e-05,0.99989,0.9999,"MO_PSP_MG924_MG","Quercus stellata Wangenh.","Missouri","Prairie State Park ","37.53224684","-94.57492438","ste","pure"
"137","SYST-MOR-0006838",1e-05,1e-05,1e-05,1e-05,1e-05,1e-05,1e-05,1e-05,1e-05,1e-05,0,0.999886,0,2e-05,2e-05,2e-05,2.1e-05,2e-05,1.8e-05,1e-05,2e-05,1.1e-05,1e-05,1e-05,0.99989,0.9999,"MO_PSP_MG926_MG","Quercus stellata Wangenh.","Missouri","Prairie State Park ","37.5327569","-94.57466924","ste","pure"
"140","SYST-MOR-0006841",1e-05,1e-05,1e-05,1e-05,1.2e-05,1e-05,1e-05,1e-05,1e-05,1e-05,0,0.99989,0,2e-05,2e-05,2e-05,2e-05,2e-05,1.9e-05,1.7e-05,2.4e-05,1.4e-05,0.002709,0.99989,1e-05,0.9999,"OK_RRC_107_MG","Quercus margaretiae Ashe ex Small","Oklahoma","Red Rock Canyon Adventure Park ","35.435972","-98.355532","mar","pure"
"143","SYST-MOR-0006844",0,1e-05,1e-05,1e-05,0.99989,0,1e-05,2e-05,1e-05,1e-05,1e-05,2e-05,1e-05,0,1e-05,1e-05,1e-05,0.99989,0,1e-05,2e-05,1e-05,1e-05,1e-05,1e-05,2e-05,"OK_RRC_109_MG","Quercus macrocarpa Michx.","Oklahoma","Red Rock Canyon Adventure Park ","35.435378","-98.354117","mac","pure"
"144","SYST-MOR-0006845",1e-05,1e-05,1e-05,1e-05,1e-05,1e-05,1e-05,1e-05,1e-05,1e-05,0,0.99989,0,2e-05,2e-05,2e-05,2e-05,2.9e-05,1e-05,2e-05,2e-05,1.5e-05,1.2e-05,0.99989,1e-05,0.9999,"OK_RRC_110_MG","Quercus margaretiae Ashe ex Small","Oklahoma","Red Rock Canyon Adventure Park ","35.4352","-98.353772","mar","pure"
"145","SYST-MOR-0006846",1e-05,1e-05,1e-05,1e-05,1e-05,1e-05,1e-05,1e-05,1e-05,1e-05,0,0.99989,0,2e-05,2e-05,2e-05,2e-05,2e-05,1.7e-05,1.8e-05,2e-05,1e-05,0.009776,0.99989,1e-05,0.9999,"OK_RRC_111_MG","Quercus margaretiae Ashe ex Small","Oklahoma","Red Rock Canyon Adventure Park ","35.435951","-98.353643","mar","pure"
"146","SYST-MOR-0006847",1e-05,1e-05,1e-05,1e-05,1e-05,1e-05,1e-05,1e-05,1e-05,1e-05,0,0.99989,0,2e-05,2e-05,2.8e-05,2e-05,3e-05,1e-05,0.001923,2e-05,1.3e-05,1.1e-05,0.99989,1e-05,0.9999,"OK_RRC_112_MG","Quercus margaretiae Ashe ex Small","Oklahoma","Red Rock Canyon Adventure Park ","35.43638","-98.353536","mar","pure"
"151","SYST-MOR-0006852",1e-05,1.2e-05,1e-05,2e-05,0.999876,1e-05,1.7e-05,1e-05,1e-05,0,0,1e-05,0,1e-05,1.2e-05,1e-05,2e-05,0.999876,1e-05,1.7e-05,1e-05,1e-05,0,0,0,1e-05,"OK_RRC_117_MG","Quercus macrocarpa Michx.","Oklahoma","Red Rock Canyon Adventure Park ","35.450242","-98.352764","mac","pure"
"152","SYST-MOR-0006853",1e-05,2e-05,1e-05,1e-05,0.99989,1e-05,1e-05,1e-05,1e-05,0,0,1e-05,1e-05,1e-05,2e-05,1e-05,1e-05,0.99989,1e-05,1e-05,1e-05,1e-05,0,1e-05,0,1e-05,"OK_RRC_118_MG","Quercus macrocarpa Michx.","Oklahoma","Red Rock Canyon Adventure Park ","35.456636","-98.35433","mac","pure"
"153","SYST-MOR-0006854",1e-05,1e-05,1e-05,1e-05,0.99989,1e-05,1e-05,1e-05,1e-05,1e-05,1e-05,2e-05,1e-05,1e-05,1e-05,1e-05,1e-05,0.99989,1e-05,1e-05,1e-05,1e-05,1e-05,1e-05,1e-05,2e-05,"OK_RRC_119_MG","Quercus macrocarpa Michx.","Oklahoma","Red Rock Canyon Adventure Park ","35.457221","-98.353656","mac","pure"
"155","SYST-MOR-0006856",1e-05,1e-05,1e-05,1e-05,1e-05,1e-05,1e-05,1e-05,1e-05,1e-05,0,0.99989,0,2e-05,2e-05,2e-05,2e-05,2.5e-05,1.6e-05,1e-05,2e-05,0.002778,0.002195,0.99989,1.8e-05,0.9999,"OK_RRC_121_MG","Quercus margaretiae Ashe ex Small","Oklahoma","Red Rock Canyon Adventure Park ","35.436058","-98.355746","mar","pure"
"156","SYST-MOR-0006857",0,1e-05,1e-05,1e-05,0.99989,0,1e-05,0,0,0,0,1e-05,0,1e-05,1e-05,1e-05,1e-05,0.9999,1e-05,1e-05,2e-05,1e-05,1e-05,1e-05,1e-05,2e-05,"OK_TGP_122_MG","Quercus macrocarpa Michx.","Oklahoma","Tallgrass Prairie Preserve ","36.845101","-96.426448","mac","pure"
"157","SYST-MOR-0006858",1.3e-05,1e-05,1e-05,2e-05,0.999887,1e-05,1e-05,1e-05,1e-05,0,0,1e-05,0,1.3e-05,1e-05,1e-05,2e-05,0.999887,1e-05,1e-05,1e-05,1e-05,0,0,0,1e-05,"OK_TGP_123_MG","Quercus macrocarpa Michx.","Oklahoma","Tallgrass Prairie Preserve ","36.845784","-96.426594","mac","pure"
"158","SYST-MOR-0006859",1e-05,1e-05,1e-05,1e-05,1e-05,1e-05,1e-05,1e-05,1e-05,1e-05,0,0.99989,0,2e-05,1.4e-05,2e-05,1.2e-05,2e-05,1e-05,1e-05,2e-05,1.8e-05,1e-05,1e-05,0.99989,0.9999,"OK_TGP_124_MG","Quercus stellata Wangenh.","Oklahoma","Tallgrass Prairie Preserve ","36.845564","-96.428413","ste","pure"
"159","SYST-MOR-0006860",1e-05,1e-05,2.5e-05,1e-05,1.2e-05,1e-05,1e-05,0.999883,1e-05,1e-05,0,1e-05,0,1e-05,1e-05,2.5e-05,1e-05,1.2e-05,1e-05,1e-05,0.999883,1e-05,1e-05,0,0,1e-05,"OK_TGP_125_MG","Quercus muehlenbergii Engelm.","Oklahoma","Tallgrass Prairie Preserve ","36.845779","-96.428592","mue","pure"
"160","SYST-MOR-0006861",1e-05,1e-05,1e-05,1e-05,0.9999,1e-05,1e-05,0,0,1e-05,0,2e-05,1e-05,1e-05,1e-05,1e-05,1e-05,0.9999,1e-05,1e-05,0,0,1e-05,1e-05,0,2e-05,"OK_TGP_126_MG","Quercus macrocarpa Michx.","Oklahoma","Tallgrass Prairie Preserve ","36.846022","-96.428747","mac","pure"
"161","SYST-MOR-0006862",0,1e-05,1e-05,1e-05,0.999,0,1e-05,0.00092,1e-05,1e-05,0,1e-05,0,0,1e-05,1e-05,1e-05,0.999,0,1e-05,0.00092,1e-05,1e-05,0,0,1e-05,"OK_TGP_127_MG","Quercus macrocarpa Michx.","Oklahoma","Tallgrass Prairie Preserve ","36.846654","-96.429275","mac","pure"
"163","SYST-MOR-0006864",1e-05,1e-05,1e-05,1e-05,1e-05,1e-05,1e-05,1e-05,1e-05,1e-05,0,0.99989,0,2e-05,2e-05,1e-05,2e-05,2e-05,1.6e-05,1e-05,2e-05,1e-05,1.4e-05,1e-05,0.99989,0.9999,"OK_TGP_129_MG","Quercus stellata Wangenh.","Oklahoma","Tallgrass Prairie Preserve ","36.846825","-96.429918","ste","pure"
"165","SYST-MOR-0006866",1e-05,1e-05,1e-05,1e-05,0.99989,1e-05,1e-05,2e-05,1e-05,0,0,1e-05,0,1e-05,1e-05,1e-05,1e-05,0.99989,1e-05,1e-05,2e-05,1e-05,0,0,0,1e-05,"OK_TGP_131_MG","Quercus macrocarpa Michx.","Oklahoma","Tallgrass Prairie Preserve ","36.844363","-96.426753","mac","pure"
"166","SYST-MOR-0006867",1.4e-05,1e-05,1e-05,1e-05,1e-05,1e-05,1e-05,1e-05,1e-05,0,0,0.999886,0,2e-05,2e-05,2e-05,1e-05,2e-05,2e-05,1e-05,2e-05,1e-05,1e-05,0.370963,0,0.9999,"OK_TGP_132_MG","Quercus stellata Wangenh.","Oklahoma","Tallgrass Prairie Preserve ","36.855211","-96.423107","mar","pure"
"167","SYST-MOR-0006868",1e-05,1e-05,1e-05,1e-05,1e-05,1e-05,1e-05,1e-05,1e-05,1e-05,0,0.99989,0,2e-05,2e-05,3e-05,2e-05,2e-05,1.3e-05,1e-05,2e-05,1e-05,1.1e-05,1e-05,0.99989,0.9999,"OK_TGP_133_MG","Quercus stellata Wangenh.","Oklahoma","Tallgrass Prairie Preserve ","36.84763","-96.422002","ste","pure"
"168","SYST-MOR-0006869",1e-05,1e-05,1e-05,1e-05,1e-05,1e-05,1e-05,0.99989,1e-05,1e-05,0,1e-05,0,1e-05,2e-05,1e-05,1e-05,2e-05,1e-05,1e-05,0.99989,1e-05,1e-05,1e-05,1e-05,2e-05,"OK_TGP_134_MG","Quercus muehlenbergii Engelm.","Oklahoma","Tallgrass Prairie Preserve ","36.846","-96.428886","mue","pure"
"169","SYST-MOR-0006870",1e-05,2e-05,1e-05,1e-05,0.99989,1e-05,1e-05,1e-05,1e-05,1e-05,0,1e-05,0,1e-05,2e-05,1e-05,1e-05,0.99989,1e-05,1e-05,1e-05,1e-05,1e-05,0,0,1e-05,"TN_BCP_148_MG","Quercus macrocarpa Michx.","Tennessee","Bledsoe Creek State Park ","36.375797","-86.357923","mac","pure"
"170","SYST-MOR-0006871",1e-05,1e-05,1e-05,1e-05,1e-05,1e-05,1e-05,0.99989,1e-05,0,0,1e-05,0,1e-05,2e-05,1e-05,2e-05,2e-05,1e-05,1e-05,0.99989,1e-05,1e-05,1e-05,0,1e-05,"TN_BCP_149_MG","Quercus muehlenbergii Engelm.","Tennessee","Bledsoe Creek State Park ","36.375636","-86.357897","mue","pure"
"171","SYST-MOR-0006872",1.9e-05,1e-05,1e-05,1e-05,0.999879,1e-05,1e-05,0,0,1e-05,1.2e-05,2.2e-05,1e-05,1.9e-05,1e-05,1e-05,1e-05,0.999879,1e-05,1e-05,0,0,1e-05,1e-05,1.2e-05,2.2e-05,"TN_BCP_150_MG","Quercus macrocarpa Michx.","Tennessee","Bledsoe Creek State Park ","36.375555","-86.357897","mac","pure"
"172","SYST-MOR-0006873",1e-05,1e-05,1e-05,1e-05,0.99989,1e-05,1e-05,1e-05,1e-05,1e-05,0,1e-05,0,2e-05,2.7e-05,2.8e-05,2e-05,0.9999,1e-05,1e-05,2e-05,1e-05,1.3e-05,1e-05,1e-05,2e-05,"TN_BCP_151_MG","Quercus macrocarpa Michx.","Tennessee","Bledsoe Creek State Park ","36.376501","-86.352131","mac","pure"
"173","SYST-MOR-0006874",1e-05,1e-05,1e-05,1e-05,1e-05,0,0,0.999889,1e-05,0,0,1e-05,0,1e-05,1e-05,2e-05,1e-05,1e-05,1e-05,1e-05,0.9999,1e-05,1e-05,1e-05,1e-05,2e-05,"TN_BCP_152_MG","Quercus muehlenbergii Engelm.","Tennessee","Bledsoe Creek State Park ","36.376675","-86.352078","mue","pure"
"174","SYST-MOR-0006875",1e-05,1e-05,1e-05,2e-05,0.999885,1e-05,1e-05,1e-05,1.2e-05,0,0,1.3e-05,0,1e-05,1e-05,1e-05,2e-05,0.999885,1e-05,1e-05,1e-05,1.2e-05,0,0,0,1.3e-05,"TN_BCP_153_MG","Quercus macrocarpa Michx.","Tennessee","Bledsoe Creek State Park ","36.376798","-86.35191","mac","pure"
"175","SYST-MOR-0006876",1.7e-05,1e-05,1e-05,1e-05,2e-05,0,1e-05,0.99989,1e-05,1e-05,0,1e-05,0,2e-05,1e-05,1e-05,2e-05,2e-05,1e-05,1e-05,0.9999,1e-05,1e-05,0,0,1e-05,"TN_BCP_154_MG","Quercus muehlenbergii Engelm.","Tennessee","Bledsoe Creek State Park ","36.376933","-86.351784","mue","pure"
"176","SYST-MOR-0006877",0.99989,1e-05,1e-05,1e-05,1e-05,1e-05,1e-05,1e-05,1e-05,1e-05,0,1e-05,0,0.9999,1e-05,2e-05,1e-05,2.1e-05,1e-05,1e-05,1e-05,1e-05,1e-05,1e-05,1e-05,2e-05,"TN_BCP_155_MG","Quercus alba L.","Tennessee","Bledsoe Creek State Park ","36.377459","-86.35126","alb","pure"
"177","SYST-MOR-0006878",1e-05,2e-05,1e-05,1e-05,0.99989,1e-05,1e-05,1e-05,1e-05,1e-05,0,1e-05,0,1e-05,2e-05,1e-05,1e-05,0.99989,1e-05,1e-05,1e-05,1e-05,1e-05,0,0,1e-05,"TN_BCP_156_MG","Quercus macrocarpa Michx.","Tennessee","Bledsoe Creek State Park ","36.377782","-86.351108","mac","pure"
"178","SYST-MOR-0006879",0.9999,1e-05,1e-05,1e-05,2e-05,1e-05,1e-05,0,0,1e-05,0,1e-05,0,0.9999,1e-05,1e-05,1e-05,2e-05,1e-05,1e-05,0,0,1e-05,0,0,1e-05,"TN_BCP_157_MG","Quercus alba L.","Tennessee","Bledsoe Creek State Park ","36.377798","-86.35111","alb","pure"
"179","SYST-MOR-0006880",1e-05,1e-05,1e-05,1e-05,2e-05,1e-05,1e-05,0.99989,1e-05,1e-05,0,1e-05,0,1e-05,2e-05,1e-05,1e-05,2e-05,1e-05,1e-05,0.9999,1e-05,1e-05,1e-05,0,1e-05,"TN_BCP_158_MG","Quercus muehlenbergii Engelm.","Tennessee","Bledsoe Creek State Park ","36.37774","-86.351055","mue","pure"
"180","SYST-MOR-0006881",0.9999,1e-05,1e-05,1e-05,1e-05,1e-05,1e-05,1e-05,1e-05,1e-05,0,1e-05,0,0.9999,1e-05,1e-05,1e-05,1e-05,1e-05,1e-05,1e-05,1e-05,1e-05,0,0,1e-05,"TN_BCP_159_MG","Quercus alba L.","Tennessee","Bledsoe Creek State Park ","36.378009","-86.350874","alb","pure"
"181","SYST-MOR-0006882",1e-05,1e-05,1e-05,1e-05,1e-05,1e-05,1e-05,0.99989,1e-05,1e-05,0,1e-05,0,2e-05,2e-05,2e-05,1e-05,1e-05,1e-05,1.2e-05,0.9999,1e-05,1.4e-05,1e-05,1e-05,2e-05,"TN_BCP_160_MG","Quercus muehlenbergii Engelm.","Tennessee","Bledsoe Creek State Park ","36.378015","-86.3509","mue","pure"
"182","SYST-MOR-0006883",0.99989,1e-05,1e-05,1e-05,2e-05,1e-05,1e-05,0,0,1e-05,0,2e-05,1e-05,0.99989,1e-05,1.1e-05,1e-05,2e-05,1e-05,1e-05,1e-05,1e-05,1e-05,1e-05,1e-05,2e-05,"TN_BCP_161_MG","Quercus alba L.","Tennessee","Bledsoe Creek State Park ","36.378266","-86.350747","alb","pure"
"183","SYST-MOR-0006884",0.999888,1e-05,1e-05,1e-05,2e-05,1e-05,1e-05,0,0,0,0,1e-05,0,0.99989,1e-05,1.2e-05,1e-05,2e-05,1e-05,1e-05,1e-05,1e-05,1e-05,0,0,1e-05,"TN_BCP_162_MG","Quercus alba L.","Tennessee","Bledsoe Creek State Park ","36.376907","-86.358224","alb","pure"
"184","SYST-MOR-0006885",1e-05,1e-05,1e-05,1e-05,1e-05,1e-05,1e-05,0.99989,1e-05,0,0,1e-05,0,2e-05,1e-05,1e-05,1e-05,2e-05,1.6e-05,1e-05,0.99989,1e-05,1e-05,1.6e-05,1e-05,2.6e-05,"TN_CLP_163_MG","Quercus muehlenbergii Engelm.","Tennessee","Cedars of Lebanon State Park ","36.07297","-86.3138","mue","pure"
"185","SYST-MOR-0006886",1e-05,1e-05,1e-05,1e-05,1e-05,1e-05,1e-05,1e-05,1e-05,1e-05,0,0.99989,0,2.3e-05,2e-05,2e-05,2e-05,2e-05,1e-05,1.2e-05,2e-05,1e-05,1e-05,0.002673,0.99989,0.9999,"TN_CLP_164_MG","Quercus stellata Wangenh.","Tennessee","Cedars of Lebanon State Park ","36.073057","-86.313585","ste","pure"
"186","SYST-MOR-0006887",1e-05,1e-05,1e-05,1e-05,1e-05,1e-05,1e-05,0.99989,1e-05,1e-05,1e-05,2e-05,1e-05,1e-05,1e-05,1e-05,1e-05,1e-05,1e-05,1e-05,0.99989,1e-05,1e-05,1e-05,1e-05,2e-05,"TN_CLP_165_MG","Quercus muehlenbergii Engelm.","Tennessee","Cedars of Lebanon State Park ","36.074588","-86.314467","mue","pure"
"187","SYST-MOR-0006888",1e-05,1e-05,1e-05,1e-05,1e-05,1e-05,1e-05,1e-05,1e-05,1e-05,0,0.99989,0,2e-05,2e-05,2e-05,2e-05,2.8e-05,1.4e-05,1e-05,2e-05,1e-05,1e-05,1e-05,0.99989,0.9999,"TN_CLP_166_MG","Quercus stellata Wangenh.","Tennessee","Cedars of Lebanon State Park ","36.074626","-86.314306","ste","pure"
"188","SYST-MOR-0006889",0.999884,1e-05,1e-05,1e-05,1.1e-05,1e-05,1e-05,1e-05,1e-05,1e-05,0,1e-05,0,0.9999,1e-05,1e-05,1e-05,2e-05,1e-05,1e-05,1.9e-05,1.6e-05,1.9e-05,0,0,1e-05,"TN_CLP_167_MG","Quercus alba L.","Tennessee","Cedars of Lebanon State Park ","36.075606","-86.313964","alb","pure"
"189","SYST-MOR-0006890",1e-05,1e-05,2e-05,1e-05,0.99989,0,0,1e-05,1e-05,1e-05,1e-05,2e-05,1e-05,1e-05,1e-05,2e-05,1e-05,0.99989,0,0,1e-05,1e-05,1e-05,1e-05,1e-05,2e-05,"KY_LXC_168_MG","Quercus macrocarpa Michx.","Kentucky","Lexington Cemetery ","38.059359","-86.51346","mac","pure"
"190","SYST-MOR-0006891",0,1e-05,1e-05,1e-05,0.99989,0,1e-05,2e-05,1e-05,1e-05,1e-05,2e-05,1e-05,0,1e-05,1e-05,1e-05,0.99989,0,1e-05,2e-05,1e-05,1e-05,1e-05,1e-05,2e-05,"KY_LXC_169_MG","Quercus macrocarpa Michx.","Kentucky","Lexington Cemetery ","38.061765","-84.506476","mac","pure"
"191","SYST-MOR-0006892",1e-05,1e-05,2e-05,1e-05,0.99989,0,0,1e-05,1e-05,1e-05,1e-05,2e-05,1e-05,1e-05,1e-05,2e-05,1e-05,0.99989,0,0,1e-05,1e-05,1e-05,1e-05,1e-05,2e-05,"KY_LXC_170_MG","Quercus macrocarpa Michx.","Kentucky","Lexington Cemetery ","38.061055","-84.507112","mac","pure"
"192","SYST-MOR-0006893",1e-05,1e-05,2e-05,1e-05,0.99989,0,0,1e-05,1e-05,1e-05,1e-05,2e-05,1e-05,1e-05,1e-05,2e-05,1e-05,0.99989,0,0,1e-05,1e-05,1e-05,1e-05,1e-05,2e-05,"KY_LXC_171_MG","Quercus macrocarpa Michx.","Kentucky","Lexington Cemetery ","38.058274","-84.508551","mac","pure"
"193","SYST-MOR-0006894",1e-05,1e-05,1e-05,1e-05,0.9999,1e-05,1e-05,0,0,0,0,1e-05,0,1e-05,1e-05,1e-05,1e-05,0.9999,1e-05,1e-05,0,0,0,0,0,1e-05,"KY_CSW_172_MG","Quercus macrocarpa Michx.","Kentucky","Castlewood State Park ","38.055834","-84.476246","mac","pure"
"194","SYST-MOR-0006895",1e-05,1e-05,1e-05,1e-05,2e-05,1e-05,1e-05,0.99989,1e-05,1e-05,0,1e-05,0,1e-05,2e-05,1e-05,1e-05,2e-05,1e-05,1e-05,0.999897,1e-05,1e-05,0,0,1e-05,"KY_CSW_173_MG","Quercus muehlenbergii Engelm.","Kentucky","Castlewood State Park ","38.055772","-84.476893","mue","pure"
"196","SYST-MOR-0006897",1e-05,0,1e-05,0,0.999899,1e-05,1e-05,1e-05,1e-05,1e-05,1e-05,2.1e-05,1.1e-05,1e-05,0,1e-05,0,0.999899,1e-05,1e-05,1e-05,1e-05,1e-05,1.1e-05,1e-05,2.1e-05,"KY_BBF_175_MG","Quercus macrocarpa Michx.","Kentucky","Briarbrook Farm ","38.278214","-84.203992","mac","pure"
"197","SYST-MOR-0006898",1e-05,1e-05,1e-05,1e-05,1e-05,0,1e-05,0.99989,1e-05,1e-05,1e-05,2e-05,1e-05,2e-05,1e-05,1e-05,1e-05,2e-05,1e-05,1e-05,0.9999,1.1e-05,1e-05,1e-05,1e-05,2e-05,"KY_BBF_176_MG","Quercus muehlenbergii Engelm.","Kentucky","Briarbrook Farm ","38.218246","-84.203368","mue","pure"
"198","SYST-MOR-0006899",2e-05,1e-05,1e-05,1e-05,0.9999,1e-05,1e-05,0,0,1e-05,0,1e-05,0,2e-05,1e-05,1e-05,1e-05,0.9999,1e-05,1e-05,0,0,1e-05,0,0,1e-05,"KY_BBF_177_MG","Quercus macrocarpa Michx.","Kentucky","Briarbrook Farm ","38.278441","-84.203368","mac","pure"
"200","SYST-MOR-0006901",0,1e-05,1e-05,1e-05,1e-05,0,1e-05,0.99989,1e-05,1e-05,0,1e-05,0,1e-05,1e-05,2e-05,1e-05,2e-05,1e-05,1e-05,0.9999,1e-05,1e-05,1e-05,1e-05,2e-05,"KY_BBF_179_MG","Quercus muehlenbergii Engelm.","Kentucky","Briarbrook Farm ","38.27157","-84.207532","mue","pure"
"201","SYST-MOR-0006902",0,1e-05,1e-05,1e-05,2e-05,0,1e-05,0.99989,1e-05,1e-05,0,1e-05,0,1e-05,1e-05,1e-05,1e-05,2.3e-05,1e-05,1e-05,0.9999,1e-05,1e-05,1e-05,1e-05,2e-05,"KY_BBF_180_MG","Quercus muehlenbergii Engelm.","Kentucky","Briarbrook Farm ","38.272507","-84.208583","mue","pure"
"202","SYST-MOR-0006903",1e-05,1e-05,1e-05,1e-05,0.999876,1.6e-05,1e-05,0,0,1e-05,1.8e-05,2.8e-05,1e-05,1e-05,1e-05,1e-05,1e-05,0.999876,1.6e-05,1e-05,0,0,1e-05,1e-05,1.8e-05,2.8e-05,"KY_BBF_181_MG","Quercus macrocarpa Michx.","Kentucky","Briarbrook Farm ","38.272667","-84.209079","mac","pure"
"203","SYST-MOR-0006904",1e-05,1e-05,1e-05,1e-05,0.99989,1e-05,1e-05,1e-05,1e-05,0,0,1e-05,0,1e-05,1e-05,1e-05,1e-05,0.99989,1e-05,1e-05,1e-05,1e-05,0,0,0,1e-05,"KY_BBF_182_MG","Quercus macrocarpa Michx.","Kentucky","Briarbrook Farm ","38.273397","-84.208158","mac","pure"
"205","SYST-MOR-0006906",1e-05,1e-05,2e-05,1e-05,0.99989,1e-05,1e-05,1e-05,1e-05,1e-05,0,1e-05,0,1e-05,1e-05,2e-05,1e-05,0.99989,1e-05,1e-05,1e-05,1e-05,1e-05,0,0,1e-05,"KY_BBF_184_MG","Quercus macrocarpa Michx.","Kentucky","Briarbrook Farm ","38.274021","-84.209338","mac","pure"
"206","SYST-MOR-0006907",1e-05,2e-05,1e-05,1e-05,0.99989,1e-05,1e-05,1e-05,1e-05,1e-05,0,1e-05,0,1e-05,2e-05,1e-05,1e-05,0.99989,1e-05,1e-05,1e-05,1e-05,1e-05,0,0,1e-05,"KY_ASF_185_MG","Quercus macrocarpa Michx.","Kentucky","Airdrie Stud Farm est. 1780","38.13961","-84.759088","mac","pure"
"207","SYST-MOR-0006908",1e-05,0,1e-05,0,0.999899,1e-05,1e-05,1e-05,1e-05,1e-05,1e-05,2e-05,1e-05,1e-05,0,1e-05,0,0.999899,1e-05,1e-05,1e-05,1e-05,1e-05,1e-05,1e-05,2e-05,"KY_ASF_186_MG","Quercus macrocarpa Michx.","Kentucky","Airdrie Stud Farm est. 1780","38.139913","-84.759963","mac","pure"
"208","SYST-MOR-0006909",1e-05,2e-05,1e-05,1e-05,0.99989,1e-05,1e-05,1e-05,1e-05,1e-05,0,1e-05,0,1e-05,2e-05,1e-05,1e-05,0.99989,1e-05,1e-05,1e-05,1e-05,1e-05,0,0,1e-05,"KY_ASF_187_MG","Quercus macrocarpa Michx.","Kentucky","Airdrie Stud Farm est. 1780","38.139006","-84.760327","mac","pure"
"210","SYST-MOR-0006911",2e-05,2e-05,1e-05,1e-05,0.999886,1e-05,1e-05,0,0,1.4e-05,0,1e-05,0,2e-05,2e-05,1e-05,1e-05,0.999886,1e-05,1e-05,0,0,1.4e-05,0,0,1e-05,"KY_ASF_189_MG","Quercus macrocarpa Michx.","Kentucky","Airdrie Stud Farm est. 1780","38.137895","-84.73549","mac","pure"
"211","SYST-MOR-0006912",0,1e-05,1e-05,1e-05,0.99989,0,1e-05,2e-05,1e-05,1e-05,1e-05,2e-05,1e-05,0,1e-05,1e-05,1e-05,0.99989,0,1e-05,2e-05,1e-05,1e-05,1e-05,1e-05,2e-05,"KY_ASF_190_MG","Quercus macrocarpa Michx.","Kentucky","Airdrie Stud Farm est. 1780","38.138075","-84.734805","mac","pure"
"212","SYST-MOR-0006913",1e-05,1e-05,1e-05,1e-05,1e-05,1e-05,1e-05,0.999883,1e-05,1.7e-05,1e-05,2e-05,1e-05,1e-05,1e-05,1e-05,1e-05,1e-05,1e-05,1e-05,0.999883,1e-05,1.7e-05,1e-05,1e-05,2e-05,"KY_ASF_191_MG","Quercus muehlenbergii Engelm.","Kentucky","Airdrie Stud Farm est. 1780","38.136885","-84.734226","mue","pure"
"215","SYST-MOR-0006916",1e-05,1e-05,1e-05,1e-05,1e-05,0,1e-05,0.99988,1e-05,0,0,1e-05,1e-05,1.1e-05,1e-05,2e-05,1e-05,2e-05,1.3e-05,1e-05,0.99989,0.000673,1e-05,1.9e-05,1e-05,2.9e-05,"KY_ASF_194_MG","Quercus muehlenbergii Engelm.","Kentucky","Airdrie Stud Farm est. 1780","38.136532","-84.735519","mue","pure"
"216","SYST-MOR-0006917",1e-05,1e-05,1e-05,1e-05,1e-05,0.99989,1e-05,1e-05,1e-05,1e-05,0,1e-05,0,2e-05,2.3e-05,2e-05,2.8e-05,2e-05,0.99989,1.2e-05,2e-05,1.6e-05,1.8e-05,1.8e-05,1.4e-05,3.2e-05,"KY_JJA_195_MG","Quercus michauxii Nutt.","Kentucky","John James Audubon State Park ","37.890421","-87.539696","mic","pure"
"219","SYST-MOR-0006920",1e-05,1e-05,1e-05,1e-05,1e-05,0.99989,1e-05,1e-05,1e-05,1e-05,0,1e-05,0,2e-05,2e-05,2.4e-05,2e-05,2e-05,0.99989,1.3e-05,2e-05,1.9e-05,1e-05,1e-05,1e-05,2e-05,"KY_JJA_198_MG","Quercus michauxii Nutt.","Kentucky","John James Audubon State Park ","37.894158","-87.538288","mic","pure"
"220","SYST-MOR-0006921",1e-05,1e-05,1e-05,0.99989,1e-05,1e-05,1e-05,1e-05,1e-05,1e-05,0,1e-05,0,2e-05,2.2e-05,2.6e-05,0.9999,2e-05,1e-05,1.1e-05,2e-05,1e-05,1.1e-05,1e-05,1e-05,2e-05,"KY_JJA_199_MG","Quercus lyrata Walt.","Kentucky","John James Audubon State Park ","37.894136","-87.538228","lyr","pure"
"221","SYST-MOR-0006922",0.9999,2e-05,1e-05,1e-05,1e-05,1e-05,1e-05,0,0,1e-05,0,1e-05,0,0.9999,2e-05,1e-05,1e-05,1e-05,1e-05,1e-05,0,0,1e-05,0,0,1e-05,"KY_JJA_200_MG","Quercus alba L.","Kentucky","John James Audubon State Park ","37.894245","-87.537823","alb","pure"
"222","SYST-MOR-0006924",1e-05,1e-05,1e-05,1e-05,1e-05,0.999889,1e-05,1e-05,1e-05,1e-05,0,1e-05,0,2e-05,2e-05,2e-05,2e-05,2e-05,0.99989,1e-05,2e-05,1.4e-05,1.3e-05,1.8e-05,1.6e-05,3.4e-05,"KY_JJA_202_MG","Quercus michauxii Nutt.","Kentucky","John James Audubon State Park ","37.894291","-87.537803","mic","pure"
"223","SYST-MOR-0006925",1e-05,1e-05,1e-05,0.99989,1e-05,1e-05,1e-05,1e-05,1e-05,1e-05,0,1e-05,0,2e-05,2e-05,2e-05,0.99989,2.8e-05,2e-05,1.4e-05,2.3e-05,1.1e-05,1e-05,1e-05,1e-05,2e-05,"KY_JJA_203_MG","Quercus lyrata Walt.","Kentucky","John James Audubon State Park ","37.894409","-87.537691","lyr","pure"
"224","SYST-MOR-0006926",0.99989,1e-05,1e-05,1e-05,1e-05,1e-05,1e-05,1e-05,1e-05,0,0,1e-05,0,0.99989,2e-05,2e-05,1e-05,1e-05,1e-05,1e-05,2e-05,1e-05,1e-05,1e-05,1e-05,2e-05,"KY_JJA_204_MG","Quercus alba L.","Kentucky","John James Audubon State Park ","37.894531","-87.537704","alb","pure"
"226","SYST-MOR-0006928",0.99989,1e-05,1e-05,1e-05,1e-05,1e-05,1e-05,1e-05,1e-05,1e-05,1e-05,2e-05,1e-05,0.99989,1e-05,2e-05,1e-05,2e-05,1e-05,1e-05,1.5e-05,1e-05,1e-05,1e-05,1e-05,2e-05,"KY_JJA_206_MG","Quercus alba L.","Kentucky","John James Audubon State Park ","37.894607","-87.543357","alb","pure"
"227","SYST-MOR-0006929",1e-05,1e-05,1e-05,1e-05,1e-05,1e-05,1e-05,0.99989,1e-05,1e-05,0,1e-05,0,1e-05,2e-05,1e-05,1e-05,2e-05,1e-05,1e-05,0.9999,0.004228,1e-05,1e-05,1e-05,2e-05,"KY_JJA_207_MG","Quercus muehlenbergii Engelm.","Kentucky","John James Audubon State Park ","37.883276","-87.553537","mue","pure"
"228","SYST-MOR-0006930",1e-05,1e-05,1e-05,1e-05,1e-05,1e-05,1e-05,0.99989,1e-05,0,0,1e-05,0,2e-05,1e-05,1e-05,1e-05,1e-05,1e-05,1e-05,0.9999,1e-05,1e-05,0,0,1e-05,"KY_JJA_208_MG","Quercus muehlenbergii Engelm.","Kentucky","John James Audubon State Park ","37.885952","-87.553352","mue","pure"
"229","SYST-MOR-0006931",0,1e-05,1.6e-05,1e-05,1e-05,0,1e-05,0.999884,1e-05,0,0,1e-05,0,2e-05,1e-05,2e-05,1e-05,2e-05,1e-05,1e-05,0.99989,1e-05,1e-05,0,0,1e-05,"KY_JJA_209_MG","Quercus muehlenbergii Engelm.","Kentucky","John James Audubon State Park ","37.881841","-87.557666","mue","pure"
"230","SYST-MOR-0006932",1e-05,1e-05,1e-05,1e-05,0.9999,1e-05,1e-05,0,0,1e-05,0,2e-05,1e-05,1e-05,1e-05,1e-05,1e-05,0.9999,1e-05,1e-05,0,0,1e-05,1e-05,0,2e-05,"KY_GRF_210_MG","Quercus macrocarpa Michx.","Kentucky","Green River State Forest ","37.899307","-87.506533","mac","pure"
"231","SYST-MOR-0006933",1e-05,1e-05,1e-05,1e-05,0.9999,1e-05,1e-05,1e-05,1e-05,0,0,1e-05,1e-05,1e-05,1e-05,1e-05,1e-05,0.9999,1e-05,1e-05,1e-05,1e-05,0,1e-05,0,1e-05,"KY_GRF_211_MG","Quercus macrocarpa Michx.","Kentucky","Green River State Forest ","37.898916","-87.504164","mac","pure"
"232","SYST-MOR-0006934",1e-05,2e-05,1e-05,1e-05,0.99989,1e-05,1e-05,1e-05,1e-05,1e-05,0,1e-05,0,1e-05,2e-05,1e-05,1e-05,0.99989,1e-05,1e-05,1e-05,1e-05,1e-05,0,0,1e-05,"KY_GRF_212_MG","Quercus macrocarpa Michx.","Kentucky","Green River State Forest ","37.898798","-87.50292","mac","pure"
"233","SYST-MOR-0006935",1e-05,1e-05,1e-05,2e-05,0.99989,1e-05,1e-05,1e-05,1e-05,0,0,1e-05,0,1e-05,1e-05,1e-05,2e-05,0.99989,1e-05,1e-05,1e-05,1e-05,0,0,0,1e-05,"KY_GRF_213_MG","Quercus macrocarpa Michx.","Kentucky","Green River State Forest ","37.502158","-87.502158","mac","pure"
"234","SYST-MOR-0006936",2e-05,1e-05,1e-05,1e-05,0.999895,1e-05,1e-05,0,0,1.5e-05,0,1e-05,0,2e-05,1e-05,1e-05,1e-05,0.999895,1e-05,1e-05,0,0,1.5e-05,0,0,1e-05,"KY_GRF_214_MG","Quercus macrocarpa Michx.","Kentucky","Green River State Forest ","37.898645","-87.501429","mac","pure"
"235","SYST-MOR-0006937",1e-05,0,1e-05,0,0.9999,1e-05,1e-05,1e-05,1e-05,1e-05,1e-05,2e-05,1e-05,1e-05,0,1e-05,0,0.9999,1e-05,1e-05,1e-05,1e-05,1e-05,1e-05,1e-05,2e-05,"WI_THB_215_MG","Quercus macrocarpa Michx.","Wisconsin","Tower Hill Bottoms SNA","43.148664","-90.043608","mac","pure"
"236","SYST-MOR-0006938",0.999884,1e-05,1e-05,1e-05,1e-05,1e-05,1e-05,0,0,0,0,1e-05,0,0.99989,2e-05,1e-05,1e-05,2e-05,1e-05,1.6e-05,1e-05,1e-05,1e-05,0,0,1e-05,"WI_THB_216_MG","Quercus alba L.","Wisconsin","Tower Hill Bottoms SNA","43.148147","-90.04126","alb","pure"
"237","SYST-MOR-0006939",0.99989,1e-05,1e-05,1e-05,1e-05,1e-05,1e-05,2e-05,1e-05,0,0,1e-05,0,0.99989,1e-05,1e-05,1e-05,1e-05,1e-05,1e-05,2e-05,1e-05,0,0,0,1e-05,"WI_THB_217_MG","Quercus alba L.","Wisconsin","Tower Hill Bottoms SNA","43.148617","-90.041293","alb","pure"
"238","SYST-MOR-0006940",0.99989,1e-05,1e-05,1e-05,2e-05,1e-05,1e-05,1e-05,1e-05,0,0,1e-05,1e-05,0.9999,1e-05,1e-05,1e-05,2e-05,1e-05,1e-05,1e-05,1e-05,1e-05,1e-05,0,2e-05,"WI_THB_218_MG","Quercus alba L.","Wisconsin","Tower Hill Bottoms SNA","43.150036","-90.041293","alb","pure"
"239","SYST-MOR-0006941",0.99988,0,1e-05,0,1e-05,0,0,1e-05,1e-05,1e-05,1e-05,2e-05,1e-05,0.99989,1e-05,2e-05,1.3e-05,2e-05,1e-05,1e-05,1e-05,1e-05,1e-05,1e-05,1.7e-05,2.7e-05,"WI_THB_219_MG","Quercus alba L.","Wisconsin","Tower Hill Bottoms SNA","43.150426","-90.045289","alb","pure"
"240","SYST-MOR-0006942",1.7e-05,1.9e-05,2.1e-05,1e-05,0.999866,1.3e-05,1e-05,1.5e-05,1e-05,1e-05,0,1e-05,0,1.7e-05,1.9e-05,2.1e-05,1e-05,0.999866,1.3e-05,1e-05,1.5e-05,1e-05,1e-05,0,0,1e-05,"WI_THB_220_MG","Quercus macrocarpa Michx.","Wisconsin","Tower Hill Bottoms SNA","43.148781","-90.043418","mac","pure"
"241","SYST-MOR-0006943",2e-05,1e-05,1e-05,1e-05,0.99989,1e-05,1e-05,1e-05,1e-05,1e-05,0,1e-05,0,2e-05,1e-05,1e-05,1e-05,0.99989,1e-05,1e-05,1e-05,1e-05,1e-05,0,0,1e-05,"MN_PMN_221_MG","Quercus macrocarpa Michx.","Minnesota","Prairie Moon Nursery ","43.902219","-91.638919","mac","pure"
"242","SYST-MOR-0006944",2e-05,1e-05,1.3e-05,1e-05,0.999887,1e-05,1e-05,1e-05,1e-05,0,0,1e-05,0,2e-05,1e-05,1.3e-05,1e-05,0.999887,1e-05,1e-05,1e-05,1e-05,0,0,0,1e-05,"MN_PMN_222_MG","Quercus macrocarpa Michx.","Minnesota","Prairie Moon Nursery ","43.903267","-91.640004","mac","pure"
"243","SYST-MOR-0006945",2e-05,1e-05,1e-05,1e-05,0.99989,1e-05,1e-05,1e-05,1e-05,1e-05,0,1e-05,0,2e-05,1e-05,1e-05,1e-05,0.99989,1e-05,1e-05,1e-05,1e-05,1e-05,0,0,1e-05,"MN_PMN_223_MG","Quercus macrocarpa Michx.","Minnesota","Prairie Moon Nursery ","43.904382","-91.639274","mac","pure"
"244","SYST-MOR-0006946",0.99989,1e-05,1e-05,1e-05,1e-05,1e-05,1e-05,1e-05,1e-05,1e-05,0,1e-05,0,0.9999,1e-05,1e-05,1e-05,2e-05,1e-05,1e-05,1e-05,1e-05,1e-05,0,0,1e-05,"MN_PMN_224_MG","Quercus alba L.","Minnesota","Prairie Moon Nursery ","43.904418","-91.63926","alb","pure"
"245","SYST-MOR-0006947",1e-05,1e-05,1e-05,1e-05,0.99989,1e-05,1e-05,1e-05,1e-05,1e-05,1e-05,2e-05,1e-05,1e-05,1e-05,1e-05,1e-05,0.99989,1e-05,1e-05,1e-05,1e-05,1e-05,1e-05,1e-05,2e-05,"MN_PMN_225_MG","Quercus macrocarpa Michx.","Minnesota","Prairie Moon Nursery ","43.904261","-91.63926","mac","pure"
"246","SYST-MOR-0006948",2e-05,1e-05,1e-05,1.6e-05,0.999883,1e-05,1.1e-05,1e-05,1e-05,0,0,1e-05,0,2e-05,1e-05,1e-05,1.6e-05,0.999883,1e-05,1.1e-05,1e-05,1e-05,0,0,0,1e-05,"MN_PMN_226_MG","Quercus macrocarpa Michx.","Minnesota","Prairie Moon Nursery ","43.892258","-91.642792","mac","pure"
"248","SYST-MOR-0006950",0.99989,1e-05,1e-05,1e-05,1e-05,1e-05,1e-05,1e-05,1e-05,0,0,1e-05,0,0.9999,2e-05,1.3e-05,2e-05,1e-05,1e-05,1e-05,2e-05,1e-05,1e-05,1e-05,1e-05,2e-05,"MN_PMN_228_MG","Quercus alba L.","Minnesota","Prairie Moon Nursery ","43.892115","-91.632148","alb","pure"
"253","SYST-MOR-0006955",1e-05,1e-05,1e-05,1e-05,0.9999,1e-05,1e-05,1e-05,1e-05,0,0,1e-05,1e-05,1e-05,1e-05,1e-05,1e-05,0.9999,1e-05,1e-05,1e-05,1e-05,0,1e-05,0,1e-05,"WI_PKL_233_MG","Quercus macrocarpa Michx.","Wisconsin","Pickerel Lake","46.331711","-91.507253","mac","pure"
"254","SYST-MOR-0006956",2e-05,1e-05,1e-05,1e-05,0.99989,1e-05,1e-05,1e-05,1e-05,1e-05,0,1e-05,0,2e-05,1e-05,1e-05,1e-05,0.99989,1e-05,1e-05,1e-05,1e-05,1e-05,0,0,1e-05,"WI_PKL_234_MG","Quercus macrocarpa Michx.","Wisconsin","Pickerel Lake","46.330844","-91.506894","mac","pure"
"255","SYST-MOR-0006957",1e-05,1e-05,1e-05,1e-05,0.9999,1e-05,1e-05,0,0,1e-05,0,2e-05,1e-05,1e-05,1e-05,1e-05,1e-05,0.9999,1e-05,1e-05,0,0,1e-05,1e-05,0,2e-05,"WI_PKL_235_MG","Quercus macrocarpa Michx.","Wisconsin","Pickerel Lake","46.331659","-91.506574","mac","pure"
"256","SYST-MOR-0006958",0,1e-05,1e-05,1e-05,0.99989,0,1e-05,2e-05,1e-05,1e-05,1e-05,2e-05,1e-05,0,1e-05,1e-05,1e-05,0.99989,0,1e-05,2e-05,1e-05,1e-05,1e-05,1e-05,2e-05,"WI_PKL_236_MG","Quercus macrocarpa Michx.","Wisconsin","Pickerel Lake","46.330622","-91.506962","mac","pure"
"257","SYST-MOR-0006959",1e-05,1e-05,1e-05,1e-05,0.99989,1e-05,1e-05,1e-05,1e-05,1e-05,1e-05,2e-05,1e-05,1e-05,1e-05,1e-05,1e-05,0.99989,1e-05,1e-05,1e-05,1e-05,1e-05,1e-05,1e-05,2e-05,"WI_PKL_237_MG","Quercus macrocarpa Michx.","Wisconsin","Pickerel Lake","46.330665","-91.507786","mac","pure"
"258","SYST-MOR-0006960",1e-05,2e-05,1e-05,1e-05,0.99989,1e-05,1e-05,1e-05,1e-05,1e-05,0,1e-05,0,1e-05,2e-05,1e-05,1e-05,0.99989,1e-05,1e-05,1e-05,1e-05,1e-05,0,0,1e-05,"WI_WFS_238_MG","Quercus macrocarpa Michx.","Wisconsin","UW Waukesha Field Station ","43.016383","-88.43851","mac","pure"
"259","SYST-MOR-0006961",2e-05,1e-05,1e-05,1e-05,0.9999,1e-05,1e-05,0,0,1e-05,0,1e-05,0,2e-05,1e-05,1e-05,1e-05,0.9999,1e-05,1e-05,0,0,1e-05,0,0,1e-05,"WI_WFS_239_MG","Quercus macrocarpa Michx.","Wisconsin","UW Waukesha Field Station ","43.016533","-88.434153","mac","pure"
"260","SYST-MOR-0006962",1e-05,0,1e-05,0,0.9999,1e-05,1e-05,1e-05,1e-05,1e-05,1e-05,2e-05,1e-05,1e-05,0,1e-05,0,0.9999,1e-05,1e-05,1e-05,1e-05,1e-05,1e-05,1e-05,2e-05,"WI_WFS_240_MG","Quercus macrocarpa Michx.","Wisconsin","UW Waukesha Field Station ","43.016871","-88.435539","mac","pure"
"261","SYST-MOR-0006963",1e-05,1e-05,1e-05,1e-05,0.99989,1e-05,1e-05,1e-05,1e-05,1e-05,1e-05,2e-05,1e-05,1e-05,1e-05,1e-05,1e-05,0.99989,1e-05,1e-05,1e-05,1e-05,1e-05,1e-05,1e-05,2e-05,"WI_WFS_241_MG","Quercus macrocarpa Michx.","Wisconsin","UW Waukesha Field Station ","43.017411","-88.436648","mac","pure"
"262","SYST-MOR-0006964",0.99989,0,1e-05,0,2e-05,1e-05,1e-05,1e-05,1e-05,1e-05,0,1e-05,0,0.99989,1e-05,1e-05,1e-05,2e-05,1e-05,1e-05,1e-05,1e-05,1e-05,1e-05,1e-05,2e-05,"WI_WFS_242_MG","Quercus alba L.","Wisconsin","UW Waukesha Field Station ","43.017993","-88.43768","alb","pure"
"263","SYST-MOR-0006965",0.999879,1e-05,1e-05,2e-05,1e-05,1e-05,1.5e-05,1.6e-05,1e-05,0,0,1e-05,0,0.999879,1e-05,1e-05,2e-05,1e-05,1e-05,1.5e-05,1.6e-05,1e-05,0,0,0,1e-05,"WI_WFS_243_MG","Quercus alba L.","Wisconsin","UW Waukesha Field Station ","43.017925","-88.438305","alb","pure"
"264","SYST-MOR-0006966",0.99989,1e-05,1e-05,1e-05,1e-05,1e-05,1e-05,1e-05,1e-05,1e-05,0,1e-05,0,0.9999,1e-05,1e-05,1e-05,1e-05,1e-05,1e-05,1e-05,1e-05,1e-05,1e-05,1e-05,2e-05,"WI_WFS_244_MG","Quercus alba L.","Wisconsin","UW Waukesha Field Station ","43.018248","-88.43941","alb","pure"
"265","SYST-MOR-0006967",0.99989,1e-05,1e-05,1e-05,2e-05,1e-05,1e-05,1e-05,1e-05,1e-05,0,1e-05,1e-05,0.9999,1e-05,1e-05,1e-05,2e-05,1e-05,1e-05,1e-05,1e-05,1e-05,1e-05,1e-05,2e-05,"WI_WFS_247_MG","Quercus alba L.","Wisconsin","UW Waukesha Field Station ","43.017824","-88.440448","alb","pure"
"266","SYST-MOR-0006968",1e-05,2e-05,1e-05,1e-05,0.99989,1e-05,1e-05,1e-05,1e-05,1e-05,0,1e-05,0,1e-05,2e-05,1e-05,1e-05,0.99989,1e-05,1e-05,1e-05,1e-05,1e-05,0,0,1e-05,"WI_WFS_248_MG","Quercus macrocarpa Michx.","Wisconsin","UW Waukesha Field Station ","43.017807","-88.440778","mac","pure"
"267","SYST-MOR-0006970",1e-05,0.99989,1e-05,1e-05,1e-05,1e-05,1e-05,1e-05,1e-05,1e-05,0,1e-05,0,2e-05,0.9999,2.2e-05,2e-05,2.1e-05,1.1e-05,1.1e-05,2e-05,1e-05,1e-05,1e-05,1e-05,2e-05,"OH_GLW_250_MG","Quercus bicolor Willd.","Ohio","Goll Woods","41.553217","-84.361215","bic","pure"
"268","SYST-MOR-0006971",1e-05,0.99989,1e-05,1e-05,1e-05,1e-05,1e-05,1e-05,1e-05,1e-05,0,1e-05,0,2e-05,0.9999,2e-05,1e-05,2e-05,1.8e-05,1.6e-05,2e-05,1.2e-05,1.5e-05,1e-05,1e-05,2e-05,"OH_GLW_251_MG","Quercus bicolor Willd.","Ohio","Goll Woods","41.553038","-84.361065","bic","pure"
"269","SYST-MOR-0006972",1e-05,1e-05,1e-05,1e-05,1e-05,1e-05,1e-05,0.99989,1e-05,1e-05,0,1e-05,0,2e-05,2e-05,1e-05,2e-05,2e-05,1e-05,1e-05,0.9999,1e-05,1e-05,1e-05,1e-05,2e-05,"OH_GLW_252_MG","Quercus muehlenbergii Engelm.","Ohio","Goll Woods","41.55111","-84.358405","mue","pure"
"270","SYST-MOR-0006973",1e-05,1e-05,1e-05,1e-05,0.99989,1e-05,1e-05,0,0,1e-05,1e-05,2e-05,1e-05,1e-05,1e-05,1e-05,1e-05,0.99989,1e-05,1e-05,0,0,1e-05,1e-05,1e-05,2e-05,"OH_GLW_253_MG","Quercus macrocarpa Michx.","Ohio","Goll Woods","41.550873","-84.356968","mac","pure"
"271","SYST-MOR-0006974",0,1e-05,1e-05,1e-05,1e-05,0,1e-05,0.99989,1e-05,1e-05,0,1e-05,0,1e-05,2e-05,2e-05,1e-05,2e-05,1e-05,1e-05,0.9999,1e-05,1e-05,1e-05,1e-05,2e-05,"OH_GLW_254_MG","Quercus muehlenbergii Engelm.","Ohio","Goll Woods","41.550806","-84.356953","mue","pure"
"272","SYST-MOR-0006975",2e-05,1e-05,1e-05,1e-05,0.9999,0,0,1e-05,1e-05,1e-05,0,1e-05,0,2e-05,1e-05,1e-05,1e-05,0.9999,0,0,1e-05,1e-05,1e-05,0,0,1e-05,"OH_GLW_255_MG","Quercus macrocarpa Michx.","Ohio","Goll Woods","41.551419","-84.355617","mac","pure"
"273","SYST-MOR-0006976",0.999878,1e-05,1e-05,2e-05,1.8e-05,1e-05,1e-05,1.4e-05,1e-05,0,0,1e-05,0,0.999878,1e-05,1e-05,2e-05,1.8e-05,1e-05,1e-05,1.4e-05,1e-05,0,0,0,1e-05,"OH_GLW_256_MG","Quercus alba L.","Ohio","Goll Woods","41.551787","-84.355145","alb","pure"
"274","SYST-MOR-0006977",1e-05,1e-05,1e-05,1e-05,0.99989,1e-05,1e-05,2e-05,1e-05,0,0,1e-05,0,1e-05,1e-05,1e-05,1e-05,0.99989,1e-05,1e-05,2e-05,1e-05,0,0,0,1e-05,"OH_GLW_257_MG","Quercus macrocarpa Michx.","Ohio","Goll Woods","41.551719","-84.354976","mac","pure"
"275","SYST-MOR-0006978",0.99989,1e-05,1e-05,1e-05,1e-05,1e-05,1e-05,1e-05,1e-05,1e-05,0,1e-05,0,0.9999,1e-05,1e-05,1e-05,2e-05,1e-05,1e-05,1e-05,1e-05,1e-05,0,0,1e-05,"OH_GLW_258_MG","Quercus alba L.","Ohio","Goll Woods","41.551887","-84.354708","alb","pure"
"276","SYST-MOR-0006979",1.9e-05,1.5e-05,2e-05,1e-05,0.999875,1.1e-05,1e-05,1e-05,1e-05,1e-05,0,1e-05,0,1.9e-05,1.5e-05,2e-05,1e-05,0.999875,1.1e-05,1e-05,1e-05,1e-05,1e-05,0,0,1e-05,"OH_GLW_259_MG","Quercus macrocarpa Michx.","Ohio","Goll Woods","41.551874","-84.354208","mac","pure"
"277","SYST-MOR-0006980",2e-05,1e-05,1e-05,1e-05,0.99989,1e-05,1e-05,1e-05,1e-05,1e-05,0,1e-05,0,2e-05,1e-05,1e-05,1e-05,0.99989,1e-05,1e-05,1e-05,1e-05,1e-05,0,0,1e-05,"OH_GLW_260_MG","Quercus macrocarpa Michx.","Ohio","Goll Woods","41.552622","-84.353673","mac","pure"
"278","SYST-MOR-0006981",1e-05,1e-05,1e-05,1e-05,1e-05,1e-05,1e-05,0.99989,1e-05,1e-05,0,1e-05,0,1e-05,2e-05,1e-05,2e-05,2e-05,1e-05,1e-05,0.9999,1e-05,1e-05,0,0,1e-05,"OH_GLW_261_MG","Quercus muehlenbergii Engelm.","Ohio","Goll Woods","41.553659","-84.35327","mue","pure"
"279","SYST-MOR-0006982",0.9999,1e-05,1e-05,1e-05,2e-05,0,0,1e-05,1e-05,1e-05,0,1e-05,0,0.9999,1e-05,1e-05,1e-05,2e-05,0,0,1e-05,1e-05,1e-05,0,0,1e-05,"OH_GLW_262_MG","Quercus alba L.","Ohio","Goll Woods","41.554232","-84.356245","alb","pure"
"281","SYST-MOR-0006984",0.99989,1e-05,1e-05,1e-05,1e-05,1e-05,1e-05,1e-05,1e-05,1e-05,0,1e-05,0,0.9999,2.2e-05,2e-05,2e-05,2.5e-05,1e-05,1.8e-05,2e-05,1.4e-05,1.6e-05,1e-05,1e-05,2e-05,"OH_GLW_264_MG","Quercus alba L.","Ohio","Goll Woods","41.553426","-84.358202","alb","pure"
"282","SYST-MOR-0006985",1e-05,1e-05,1e-05,1e-05,1e-05,1e-05,1e-05,1e-05,0.99989,1e-05,0,1e-05,0,2e-05,2e-05,2e-05,2e-05,2e-05,1e-05,1e-05,2e-05,0.99989,1e-05,1e-05,1e-05,2e-05,"MI_PRA_265_MG","Quercus prinoides Willd.","Michigan","Pinckney Recreation Area","42.413184","-83.988669","pri","pure"
"283","SYST-MOR-0006986",1e-05,1e-05,1e-05,1e-05,1e-05,1e-05,1e-05,1e-05,0.99989,1e-05,0,1e-05,0,2e-05,2e-05,2e-05,2e-05,2e-05,1e-05,1e-05,2e-05,0.99989,1e-05,1e-05,1e-05,2e-05,"MI_PRA_266_MG","Quercus prinoides Willd.","Michigan","Pinckney Recreation Area","42.412661","-83.98834","pri","pure"
"284","SYST-MOR-0006987",1e-05,1e-05,1e-05,1e-05,1e-05,1e-05,1e-05,1e-05,0.99989,1e-05,0,1e-05,0,2.3e-05,2e-05,2e-05,2e-05,2e-05,1.3e-05,1e-05,2e-05,0.99989,1e-05,1e-05,1e-05,2e-05,"MI_PRA_267_MG","Quercus prinoides Willd.","Michigan","Pinckney Recreation Area","42.412246","-83.988105","pri","pure"
"285","SYST-MOR-0006988",1e-05,1e-05,1e-05,1e-05,1e-05,1e-05,1e-05,1e-05,0.99989,1e-05,0,1e-05,0,2e-05,2e-05,2.1e-05,2e-05,2e-05,1.9e-05,1.8e-05,2e-05,0.99989,1.1e-05,1e-05,1e-05,2e-05,"MI_PRA_268_MG","Quercus prinoides Willd.","Michigan","Pinckney Recreation Area","42.41193","-83.987283","pri","pure"
"286","SYST-MOR-0006989",0.99989,1e-05,1e-05,1e-05,1e-05,1e-05,1e-05,0,0,0,0,1e-05,0,0.99989,1e-05,1e-05,1e-05,2e-05,1e-05,1e-05,2e-05,1e-05,0,0,0,1e-05,"MI_PRA_269_MG","Quercus alba L.","Michigan","Pinckney Recreation Area","42.41162","-83.985317","alb","pure"
"288","SYST-MOR-0006991",0.99989,1e-05,1e-05,1e-05,1e-05,1e-05,1e-05,1e-05,1e-05,1e-05,1e-05,2e-05,1e-05,0.99989,1e-05,2e-05,1e-05,1e-05,1.6e-05,1e-05,1e-05,1e-05,1e-05,1e-05,1e-05,2e-05,"MI_PRA_271_MG","Quercus alba L.","Michigan","Pinckney Recreation Area","42.411777","-83.984635","alb","pure"
"289","SYST-MOR-0006992",0.99988,1e-05,1e-05,1e-05,1e-05,1e-05,1e-05,0,0,1e-05,1e-05,2e-05,1e-05,0.99989,1e-05,2e-05,1e-05,1e-05,1e-05,1e-05,1e-05,1e-05,1e-05,1e-05,1e-05,2e-05,"MI_PRA_272_MG","Quercus alba L.","Michigan","Pinckney Recreation Area","42.411445","-83.983795","alb","pure"
"290","SYST-MOR-0006993",0.999894,1e-05,1e-05,1e-05,1e-05,1e-05,1e-05,0,0,1e-05,0,1e-05,0,0.9999,2e-05,1e-05,1.6e-05,2e-05,1e-05,1e-05,0,0,1e-05,0,0,1e-05,"MI_PRA_273_MG","Quercus alba L.","Michigan","Pinckney Recreation Area","42.411289","-83.982501","alb","pure"
"291","SYST-MOR-0006994",1e-05,0.99989,1e-05,1e-05,1e-05,1e-05,1e-05,1e-05,1e-05,1e-05,0,1e-05,0,2.5e-05,0.9999,2e-05,2e-05,2.5e-05,1.9e-05,1.2e-05,2e-05,1.3e-05,1.4e-05,1e-05,1e-05,2e-05,"MI_PRA_274_MG","Quercus bicolor Willd.","Michigan","Pinckney Recreation Area","42.416812","-83.997924","bic","pure"
"292","SYST-MOR-0006995",1e-05,0.99989,1e-05,1e-05,1e-05,1e-05,1e-05,1e-05,1e-05,1e-05,0,1e-05,0,2e-05,0.99989,2.2e-05,2e-05,2e-05,1.8e-05,2e-05,2e-05,1.3e-05,1e-05,1e-05,1e-05,2e-05,"MI_PRA_275_MG","Quercus bicolor Willd.","Michigan","Pinckney Recreation Area","42.41744","-83.999619","bic","pure"
"293","SYST-MOR-0006996",1e-05,0.99989,1e-05,1e-05,1e-05,1e-05,1e-05,1e-05,1e-05,1e-05,0,1e-05,0,2e-05,0.9999,2e-05,1e-05,2e-05,1e-05,1e-05,2e-05,1e-05,1e-05,1e-05,1e-05,2e-05,"MI_PRA_276_MG","Quercus bicolor Willd.","Michigan","Pinckney Recreation Area","42.416401","-83.4003907","bic","pure"
"294","SYST-MOR-0006997",1e-05,0.99989,1e-05,1e-05,1e-05,1e-05,1e-05,1e-05,1e-05,1e-05,0,1e-05,0,2e-05,0.9999,2e-05,2e-05,2.2e-05,2e-05,1.8e-05,2e-05,1e-05,1e-05,1e-05,1e-05,2e-05,"MI_PRA_277_MG","Quercus bicolor Willd.","Michigan","Pinckney Recreation Area","42.418191","-84.002222","bic","pure"
"296","SYST-MOR-0006999",1e-05,1e-05,1e-05,1e-05,0.9999,1e-05,1e-05,0,0,0,0,1e-05,0,1e-05,1e-05,1e-05,1e-05,0.9999,1e-05,1e-05,0,0,0,0,0,1e-05,"MI_PRA_279_MG","Quercus macrocarpa Michx.","Michigan","Pinckney Recreation Area","42.4465","-84.00232","mac","pure"
"297","SYST-MOR-0007000",0.99989,1e-05,1e-05,1e-05,1e-05,1e-05,1e-05,1e-05,1e-05,0,0,1e-05,0,0.99989,1e-05,1e-05,1e-05,1e-05,1e-05,1e-05,1e-05,1e-05,1e-05,1e-05,1e-05,2e-05,"MI_PRA_280_MG","Quercus alba L.","Michigan","Pinckney Recreation Area","42.446421","-84.001964","alb","pure"
"298","SYST-MOR-0007001",1e-05,1e-05,1e-05,1e-05,0.9999,1e-05,1e-05,0,0,0,0,1e-05,0,1e-05,1e-05,1e-05,1e-05,0.9999,1e-05,1e-05,0,0,0,0,0,1e-05,"MI_PRA_281_MG","Quercus macrocarpa Michx.","Michigan","Pinckney Recreation Area","42.44626","-83.999114","mac","pure"
"299","SYST-MOR-0007002",2.1e-05,1.4e-05,1e-05,1e-05,0.999874,1.4e-05,1e-05,1e-05,1e-05,1e-05,0,1.7e-05,0,2.1e-05,1.4e-05,1e-05,1e-05,0.999874,1.4e-05,1e-05,1e-05,1e-05,1e-05,0,0,1.7e-05,"MI_PRA_282_MG","Quercus macrocarpa Michx.","Michigan","Pinckney Recreation Area","42.446265","-83.998517","mac","pure"
"300","SYST-MOR-0007003",1.2e-05,0,0.000725,0,0.999183,1e-05,1e-05,1e-05,1e-05,1e-05,1e-05,2e-05,1e-05,1.2e-05,0,0.000725,0,0.999183,1e-05,1e-05,1e-05,1e-05,1e-05,1e-05,1e-05,2e-05,"MI_PRA_283_MG","Quercus macrocarpa Michx.","Michigan","Pinckney Recreation Area","42.446328","-83.997734","mac","pure"
"301","SYST-MOR-0007004",1e-05,0.99989,1e-05,1e-05,1e-05,1e-05,1e-05,1e-05,1e-05,1e-05,0,1e-05,0,2e-05,0.9999,2e-05,1e-05,2.5e-05,1e-05,1e-05,2e-05,1e-05,1e-05,1e-05,1e-05,2e-05,"MI_LLP_284_MG","Quercus bicolor Willd.","Michigan","Lake Lansing Park","42.766749","-84.385411","bic","pure"
"302","SYST-MOR-0007005",0.999889,1e-05,1e-05,1e-05,1e-05,1e-05,1e-05,0,0,0,0,1e-05,0,0.9999,2e-05,1e-05,1e-05,2e-05,1.3e-05,1e-05,1e-05,1e-05,1e-05,1.1e-05,0,1.1e-05,"MI_LLP_285_MG","Quercus alba L.","Michigan","Lake Lansing Park","42.766619","-84.385326","alb","pure"
"304","SYST-MOR-0007007",0.999881,1e-05,1e-05,1e-05,1e-05,1e-05,1e-05,1e-05,1e-05,1e-05,0,1e-05,0,0.99989,2e-05,1e-05,1e-05,2e-05,1e-05,1e-05,1.9e-05,1e-05,1e-05,0,0,1e-05,"MI_LLP_287_MG","Quercus alba L.","Michigan","Lake Lansing Park","42.767026","-84.384641","alb","pure"
"305","SYST-MOR-0007008",1e-05,0.99989,1e-05,1e-05,1e-05,1e-05,1e-05,1e-05,1e-05,1e-05,0,1e-05,0,2e-05,0.9999,2e-05,2e-05,2.7e-05,1.5e-05,1.4e-05,2e-05,1.5e-05,1.9e-05,1.3e-05,1.1e-05,2.4e-05,"MI_LLP_288_MG","Quercus bicolor Willd.","Michigan","Lake Lansing Park","42.766161","-84.382459","bic","pure"
"306","SYST-MOR-0007009",0.99989,1e-05,1e-05,1e-05,1e-05,1e-05,1e-05,0,0,1e-05,0,1e-05,0,0.9999,2e-05,2e-05,1e-05,2e-05,1.7e-05,1e-05,1e-05,1e-05,1e-05,0,0,1e-05,"MI_LLP_289_MG","Quercus alba L.","Michigan","Lake Lansing Park","42.766255","-84.382335","alb","pure"
"308","SYST-MOR-0007011",0.9999,1e-05,1e-05,1e-05,2e-05,0,0,1e-05,1e-05,1e-05,0,1e-05,0,0.9999,1e-05,1e-05,1e-05,2e-05,0,0,1e-05,1e-05,1e-05,0,0,1e-05,"MI_LLP_291_MG","Quercus alba L.","Michigan","Lake Lansing Park","42.765598","-84.37805","alb","pure"
"309","SYST-MOR-0007012",1e-05,0.99989,1e-05,1e-05,1e-05,1e-05,1e-05,1e-05,1e-05,1e-05,0,1e-05,0,2e-05,0.9999,2e-05,2e-05,2.4e-05,1e-05,1e-05,2e-05,1e-05,1e-05,1e-05,1e-05,2e-05,"MI_LLP_292_MG","Quercus bicolor Willd.","Michigan","Lake Lansing Park","42.765287","-84.382497","bic","pure"
"310","SYST-MOR-0007013",0.999889,1e-05,1e-05,1e-05,1e-05,1e-05,1e-05,1e-05,1e-05,1e-05,0,1e-05,0,0.9999,2e-05,1e-05,1e-05,2e-05,1e-05,1e-05,1e-05,1.5e-05,1e-05,1e-05,1e-05,2e-05,"MI_LLP_293_MG","Quercus alba L.","Michigan","Lake Lansing Park","42.76512","-84.382422","alb","pure"
"311","SYST-MOR-0007014",1e-05,1e-05,1e-05,1e-05,0.999897,1e-05,1e-05,0,0,0,0,1.4e-05,0,1e-05,1e-05,1e-05,1e-05,0.999897,1e-05,1e-05,0,0,0,0,0,1.4e-05,"MI_LLP_294_MG","Quercus macrocarpa Michx.","Michigan","Lake Lansing Park","42.765066","-84.389009","mac","pure"
"313","SYST-MOR-0007016",1.7e-05,0,1e-05,0,0.999886,1e-05,1e-05,1.2e-05,1.1e-05,1e-05,1e-05,2e-05,1e-05,1.7e-05,0,1e-05,0,0.999886,1e-05,1e-05,1.2e-05,1.1e-05,1e-05,1e-05,1e-05,2e-05,"KS_SMP_296_MG","Quercus macrocarpa Michx.","Kansas","Shawnee Mission Park ","38.980804","-94.789402","mac","pure"
"315","SYST-MOR-0007018",1e-05,1e-05,1e-05,1e-05,0.99989,1e-05,1e-05,1e-05,1e-05,1e-05,1e-05,2e-05,1e-05,1e-05,1e-05,1e-05,1e-05,0.99989,1e-05,1e-05,1e-05,1e-05,1e-05,1e-05,1e-05,2e-05,"KS_SMP_298_MG","Quercus macrocarpa Michx.","Kansas","Shawnee Mission Park ","38.981181","-94.790359","mac","pure"
"316","SYST-MOR-0007019",1e-05,1e-05,1e-05,1e-05,1e-05,1e-05,1e-05,1e-05,1e-05,1e-05,0,0.99989,0,2e-05,2e-05,1.1e-05,1e-05,2e-05,1e-05,1e-05,2e-05,0.002162,1e-05,1e-05,0.99989,0.9999,"KS_SMP_299_MG","Quercus stellata Wangenh.","Kansas","Shawnee Mission Park","38.981382","-94.791558","ste","pure"
"317","SYST-MOR-0007020",1e-05,1e-05,2e-05,1e-05,0.99989,0,0,1e-05,1e-05,1e-05,1e-05,2e-05,1e-05,1e-05,1e-05,2e-05,1e-05,0.99989,0,0,1e-05,1e-05,1e-05,1e-05,1e-05,2e-05,"KS_SMP_300_MG","Quercus macrocarpa Michx.","Kansas","Shawnee Mission Park ","38.981467","-94.791896","mac","pure"
"318","SYST-MOR-0007021",1e-05,1e-05,1e-05,1e-05,1e-05,1e-05,1e-05,0.99989,1e-05,1e-05,1e-05,2e-05,1e-05,2e-05,1e-05,1e-05,1e-05,1e-05,1e-05,1e-05,0.9999,1e-05,1e-05,1e-05,1e-05,2e-05,"KS_SMP_301_MG","Quercus muehlenbergii Engelm.","Kansas","Shawnee Mission Park","38.981539","-94.792305","mue","pure"
"319","SYST-MOR-0007022",1e-05,1e-05,1e-05,1e-05,0.999886,1e-05,1.4e-05,1e-05,1e-05,1e-05,1e-05,2e-05,1e-05,1e-05,1e-05,1e-05,1e-05,0.999886,1e-05,1.4e-05,1e-05,1e-05,1e-05,1e-05,1e-05,2e-05,"KS_SMP_302_MG","Quercus macrocarpa Michx.","Kansas","Shawnee Mission Park ","38.981904","-94.793731","mac","pure"
"321","SYST-MOR-0007024",1e-05,1e-05,2e-05,1e-05,0.99989,0,0,1e-05,1e-05,1e-05,1e-05,2e-05,1e-05,1e-05,1e-05,2e-05,1e-05,0.99989,0,0,1e-05,1e-05,1e-05,1e-05,1e-05,2e-05,"KS_SMP_304_MG","Quercus macrocarpa Michx.","Kansas","Shawnee Mission Park ","38.981944","-94.794164","mac","pure"
"323","SYST-MOR-0007026",1e-05,1e-05,1e-05,1e-05,1e-05,1e-05,1e-05,1e-05,1e-05,1e-05,0,0.99989,0,2e-05,2e-05,1.4e-05,1.3e-05,2.7e-05,1e-05,1e-05,2e-05,1.4e-05,1e-05,1e-05,0.99989,0.9999,"KS_SMP_306_MG","Quercus stellata Wangenh.","Kansas","Shawnee Mission Park ","38.980548","-94.789849","ste","pure"
"325","SYST-MOR-0007028",1e-05,1e-05,1e-05,1e-05,1e-05,1e-05,1e-05,1e-05,1e-05,1e-05,0,0.99989,0,2e-05,2e-05,2e-05,2e-05,2.9e-05,1.6e-05,1.2e-05,2e-05,1e-05,1.2e-05,1e-05,0.99989,0.9999,"KS_SMP_308_MG","Quercus stellata Wangenh.","Kansas","Shawnee Mission Park ","38.98826","-94.801263","ste","pure"
"326","SYST-MOR-0007029",1e-05,1e-05,1e-05,1e-05,1e-05,1e-05,1e-05,1e-05,1e-05,1e-05,0,0.99989,0,1e-05,2e-05,1e-05,2e-05,2e-05,1e-05,1e-05,1e-05,1e-05,1e-05,1e-05,0.99989,0.9999,"KS_SMP_309_MG","Quercus stellata Wangenh.","Kansas","Shawnee Mission Park","38.988772","-94.801448","ste","pure"
"327","SYST-MOR-0007030",0.9999,1e-05,1e-05,1e-05,1e-05,1e-05,1e-05,0,0,1e-05,0,1e-05,0,0.9999,2e-05,1e-05,1e-05,1.3e-05,2e-05,1e-05,1e-05,1e-05,1e-05,1.4e-05,1e-05,2.4e-05,"KS_SMP_310_MG","Quercus alba L.","Kansas","Shawnee Mission Park","38.980013","-94.808196","alb","pure"
"328","SYST-MOR-0007031",0.99989,2e-05,1e-05,1e-05,1e-05,1e-05,1e-05,0,0,1e-05,0,1e-05,0,0.9999,2e-05,1e-05,1e-05,1e-05,1e-05,1e-05,1e-05,1e-05,1e-05,0,0,1e-05,"KS_SMP_311_MG","Quercus alba L.","Kansas","Shawnee Mission Park ","38.979953","-94.808065","alb","pure"
"329","SYST-MOR-0007032",0.999883,1e-05,1e-05,1e-05,2e-05,1e-05,1e-05,0,0,0,0,1e-05,0,0.99989,1e-05,1e-05,1e-05,2e-05,1e-05,1e-05,1e-05,1.7e-05,0,1e-05,0,1e-05,"KS_SMP_312_MG","Quercus alba L.","Kansas","Shawnee Mission Park","38.97957","-94.806827","alb","pure"
"330","SYST-MOR-0007033",0.999882,1e-05,1e-05,1e-05,2e-05,1e-05,1e-05,1e-05,1e-05,1e-05,1e-05,2e-05,1e-05,0.99989,1e-05,2e-05,1e-05,3e-05,1e-05,1.4e-05,1e-05,1e-05,1e-05,1.5e-05,1e-05,2.5e-05,"KS_SMP_313_MG","Quercus alba L.","Kansas","Shawnee Mission Park ","38.979519","-94.80808","alb","pure"
"331","SYST-MOR-0007034",0.999889,1e-05,1e-05,1e-05,1e-05,1e-05,1e-05,1e-05,1e-05,0,0,1e-05,0,0.99989,2e-05,2e-05,1.4e-05,2e-05,1.1e-05,1e-05,2e-05,1e-05,1e-05,1e-05,1e-05,2e-05,"KS_SMP_314_MG","Quercus alba L.","Kansas","Shawnee Mission Park","38.979835","-94.807522","alb","pure"
"332","SYST-MOR-0007035",1e-05,1e-05,1e-05,1e-05,1e-05,1e-05,1e-05,0.99989,1e-05,1e-05,0,1e-05,0,2e-05,2e-05,2e-05,2e-05,2.1e-05,1e-05,1.9e-05,0.9999,1.1e-05,1.1e-05,1e-05,1e-05,2e-05,"KS_KCP_315_MG","Quercus prinoides Willd.","Kansas","Kill Creek Park","38.917272","-94.973531","mue","pure"
"334","SYST-MOR-0007037",1e-05,2.4e-05,1e-05,1e-05,0.999886,1e-05,1e-05,1e-05,1e-05,1e-05,0,1e-05,0,1e-05,2.4e-05,1e-05,1e-05,0.999886,1e-05,1e-05,1e-05,1e-05,1e-05,0,0,1e-05,"KS_KZP_317_MG","Quercus macrocarpa Michx.","Kansas","Konza Prairie Biological Station","39.106899","-96.607647","mac","pure"
"335","SYST-MOR-0007038",1e-05,1e-05,1e-05,1e-05,0.99989,1e-05,1e-05,1e-05,1e-05,1e-05,1e-05,2e-05,1e-05,1e-05,1e-05,1e-05,1e-05,0.99989,1e-05,1e-05,1e-05,1e-05,1e-05,1e-05,1e-05,2e-05,"KS_KZP_318_MG","Quercus macrocarpa Michx.","Kansas","Konza Prairie Biological Station","39.107656","-96.606832","mac","pure"
"337","SYST-MOR-0007040",2e-05,1e-05,1e-05,1e-05,0.9999,0,0,1e-05,1e-05,1e-05,0,1e-05,0,2e-05,1e-05,1e-05,1e-05,0.9999,0,0,1e-05,1e-05,1e-05,0,0,1e-05,"KS_KZP_320_MG","Quercus macrocarpa Michx.","Kansas","Konza Prairie Biological Station","39.107911","-96.604942","mac","pure"
"339","SYST-MOR-0007042",1e-05,1e-05,2e-05,1e-05,0.999887,1e-05,1.3e-05,1e-05,1e-05,1e-05,0,1e-05,0,1e-05,1e-05,2e-05,1e-05,0.999887,1e-05,1.3e-05,1e-05,1e-05,1e-05,0,0,1e-05,"KS_KZP_322_MG","Quercus macrocarpa Michx.","Kansas","Konza Prairie Biological Station","39.107839","-96.604185","mac","pure"
"340","SYST-MOR-0007043",1e-05,1e-05,2e-05,1e-05,1e-05,0,0,0.99989,1e-05,1e-05,1e-05,2e-05,1e-05,1e-05,1e-05,2e-05,1e-05,1e-05,0,0,0.99989,1e-05,1e-05,1e-05,1e-05,2e-05,"KS_KZP_323_MG","Quercus muehlenbergii Engelm.","Kansas","Konza Prairie Biological Station","39.107811","-96.603104","mue","pure"
"341","SYST-MOR-0007044",0,1e-05,1e-05,1e-05,1e-05,0,1e-05,0.99989,1e-05,1e-05,0,1e-05,0,1e-05,1e-05,2e-05,1e-05,2e-05,1e-05,1e-05,0.9999,1e-05,1e-05,1e-05,1e-05,2e-05,"KS_KZP_324_MG","Quercus muehlenbergii Engelm.","Kansas","Konza Prairie Biological Station","39.107946","-96.602302","mue","pure"
"342","SYST-MOR-0007045",1e-05,1e-05,1e-05,1e-05,0.99989,1e-05,1e-05,2e-05,1e-05,0,0,1e-05,0,1e-05,1e-05,1e-05,1e-05,0.99989,1e-05,1e-05,2e-05,1e-05,0,0,0,1e-05,"KS_KZP_325_MG","Quercus macrocarpa Michx.","Kansas","Konza Prairie Biological Station","39.108092","-96.602194","mac","pure"
"346","SYST-MOR-0007049",2e-05,1e-05,1e-05,1e-05,0.9999,0,0,1e-05,1e-05,1e-05,0,1e-05,0,2e-05,1e-05,1e-05,1e-05,0.9999,0,0,1e-05,1e-05,1e-05,0,0,1e-05,"NY_BIP_329_MG","Quercus macrocarpa Michx.","New York","Buckhorn Island State Park ","43.060034","-78.972551","mac","pure"
"348","SYST-MOR-0007051",0.999875,1e-05,1e-05,1e-05,2e-05,1e-05,1e-05,0,0,0,0,1.8e-05,0,0.99989,1e-05,1e-05,1e-05,2e-05,1.1e-05,1e-05,0,0,1e-05,1e-05,0,2e-05,"NY_BIP_331_MG","Quercus alba L.","New York","Buckhorn Island State Park ","43.057209","-78.986107","alb","pure"
"350","SYST-MOR-0007053",0.99989,1e-05,1e-05,1e-05,1e-05,1e-05,1e-05,1e-05,1e-05,0,0,1e-05,0,0.99989,1e-05,1e-05,1e-05,1e-05,1e-05,1e-05,1e-05,1e-05,0,0,0,1e-05,"NY_BIP_333_MG","Quercus alba L.","New York","Buckhorn Island State Park ","43.05678","-78.985107","alb","pure"
"351","SYST-MOR-0007054",0.99989,1e-05,1e-05,1e-05,1e-05,1e-05,1e-05,1e-05,1e-05,0,0,1e-05,0,0.99989,2e-05,1e-05,1e-05,1e-05,1e-05,1e-05,1e-05,1e-05,1e-05,0,0,1e-05,"NY_BIP_334_MG","Quercus alba L.","New York","Buckhorn Island State Park ","43.056681","-78.984002","alb","pure"
"355","SYST-MOR-0007059",1e-05,0.999889,1e-05,1e-05,1e-05,1e-05,1e-05,1e-05,1e-05,1e-05,0,1e-05,0,2e-05,0.99989,1e-05,2e-05,2.4e-05,1e-05,1e-05,2e-05,1e-05,1e-05,1e-05,1e-05,2e-05,"NY_BIP_339_MG","Quercus bicolor Willd.","New York","Buckhorn Island State Park ","43.055626","-78.974953","bic","pure"
"357","SYST-MOR-0007061",0.99989,1e-05,1e-05,1e-05,1e-05,1e-05,1e-05,1e-05,1e-05,1e-05,0,1e-05,0,0.9999,2.1e-05,2e-05,2e-05,2.8e-05,1.9e-05,1.7e-05,2e-05,1.4e-05,1.7e-05,1.1e-05,1.3e-05,2.3e-05,"NY_SSP_341_MG","Quercus alba L.","New York","Sampson State Park ","42.706592","-76.900946","alb","pure"
"358","SYST-MOR-0007062",0.99989,1e-05,1e-05,1e-05,1e-05,1e-05,1e-05,1e-05,1e-05,1e-05,0,1e-05,0,0.9999,2e-05,1e-05,1e-05,1e-05,1e-05,1e-05,1e-05,1e-05,1e-05,1e-05,1e-05,2e-05,"NY_SSP_342_MG","Quercus alba L.","New York","Sampson State Park ","42.700906","-76.897109","alb","pure"
"359","SYST-MOR-0007064",0.999888,1e-05,1e-05,1e-05,1.2e-05,1e-05,1e-05,1e-05,1e-05,0,0,1e-05,0,0.99989,1.4e-05,2e-05,2e-05,2e-05,1e-05,1.4e-05,1.2e-05,1e-05,1e-05,0,0,1e-05,"NY_SSP_344_MG","Quercus alba L.","New York","Sampson State Park ","42.699741","-76.895966","alb","pure"
"360","SYST-MOR-0007065",0.99989,1e-05,1e-05,1e-05,2e-05,0,0,1e-05,1e-05,1e-05,0,1e-05,0,0.9999,1e-05,1e-05,1e-05,2e-05,1e-05,1e-05,1e-05,1e-05,1e-05,0,0,1e-05,"NY_SSP_345_MG","Quercus alba L.","New York","Sampson State Park ","42.698392","-76.895201","alb","pure"
"361","SYST-MOR-0007066",2e-05,1e-05,1e-05,1e-05,0.9999,1e-05,1e-05,0,0,1e-05,0,1e-05,0,2e-05,1e-05,1e-05,1e-05,0.9999,1e-05,1e-05,0,0,1e-05,0,0,1e-05,"NY_SSP_346_MG","Quercus macrocarpa Michx.","New York","Sampson State Park ","42.740505","-76.905845","mac","pure"
"364","SYST-MOR-0007069",2e-05,1e-05,1e-05,1e-05,0.9999,1e-05,1e-05,0,0,1e-05,0,1e-05,0,2e-05,1e-05,1e-05,1e-05,0.9999,1e-05,1e-05,0,0,1e-05,0,0,1e-05,"NY_SSP_349_MG","Quercus macrocarpa Michx.","New York","Sampson State Park ","42.734695","-76.903081","mac","pure"
"365","SYST-MOR-0007070",2e-05,1e-05,1e-05,1e-05,0.99989,1e-05,1e-05,1e-05,1e-05,0,0,1e-05,0,2e-05,1e-05,1e-05,1e-05,0.99989,1e-05,1e-05,1e-05,1e-05,0,0,0,1e-05,"NY_SSP_350_MG","Quercus macrocarpa Michx.","New York","Sampson State Park ","42.733991","-76.902518","mac","pure"
"366","SYST-MOR-0007071",0,1e-05,1.2e-05,1e-05,0.999898,0,1e-05,2e-05,1e-05,1e-05,0,1e-05,0,0,1e-05,1.2e-05,1e-05,0.999898,0,1e-05,2e-05,1e-05,1e-05,0,0,1e-05,"NY_CMB_351_MG","Quercus macrocarpa Michx.","New York","Chaumont Barrens Nature Preserve ","44.101259","-76.074805","mac","pure"
"367","SYST-MOR-0007072",1e-05,1e-05,1e-05,1e-05,0.99989,1e-05,1e-05,1e-05,1e-05,1e-05,1e-05,2e-05,1e-05,1e-05,1e-05,1e-05,1e-05,0.99989,1e-05,1e-05,1e-05,1e-05,1e-05,1e-05,1e-05,2e-05,"NY_CMB_352_MG","Quercus macrocarpa Michx.","New York","Chaumont Barrens Nature Preserve ","44.099712","-76.075818","mac","pure"
"368","SYST-MOR-0007073",2e-05,1e-05,1e-05,1e-05,0.99989,1e-05,1e-05,1e-05,1e-05,0,0,1e-05,0,2e-05,1e-05,1e-05,1e-05,0.99989,1e-05,1e-05,1e-05,1e-05,0,0,0,1e-05,"NY_CMB_353_MG","Quercus macrocarpa Michx.","New York","Chaumont Barrens Nature Preserve ","44.098864","-76.076791","mac","pure"
"370","SYST-MOR-0007075",0.99989,1e-05,1e-05,1e-05,1e-05,1e-05,1e-05,0,0,1e-05,1e-05,2e-05,1e-05,0.99989,1e-05,1e-05,1e-05,2e-05,1e-05,1e-05,1e-05,1e-05,1e-05,1e-05,1e-05,2e-05,"NY_CMB_355_MG","Quercus alba L.","New York","Chaumont Barrens Nature Preserve ","44.098024","-76.079464","alb","pure"
"371","SYST-MOR-0007076",2e-05,1e-05,1e-05,1e-05,0.9999,0,0,1e-05,1e-05,1e-05,0,1e-05,0,2e-05,1e-05,1e-05,1e-05,0.9999,0,0,1e-05,1e-05,1e-05,0,0,1e-05,"NY_CMB_356_MG","Quercus macrocarpa Michx.","New York","Chaumont Barrens Nature Preserve ","44.097947","-76.079857","mac","pure"
"374","SYST-MOR-0007079",0.999885,1e-05,1e-05,1e-05,1e-05,1e-05,1e-05,0,0,1e-05,0,1e-05,0,0.9999,2e-05,1e-05,1.3e-05,2e-05,1e-05,1.6e-05,1e-05,1e-05,1.6e-05,1e-05,1e-05,2e-05,"NY_CMB_359_MG","Quercus alba L.","New York","Chaumont Barrens Nature Preserve ","44.100976","-76.076863","alb","pure"
"375","SYST-MOR-0007080",0.99989,1e-05,1e-05,1e-05,1e-05,1e-05,1e-05,1e-05,1e-05,1e-05,0,1e-05,0,0.9999,2e-05,2e-05,2e-05,2e-05,1e-05,1e-05,2.7e-05,1.7e-05,1e-05,1e-05,1e-05,2e-05,"NY_CMB_360_MG","Quercus alba L.","New York","Chaumont Barrens Nature Preserve ","44.102083","-76.078217","alb","pure"
"376","SYST-MOR-0007081",0.99989,1e-05,1e-05,1e-05,1e-05,1e-05,1e-05,0,0,0,0,1e-05,0,0.9999,1e-05,1.7e-05,2e-05,2e-05,1e-05,1e-05,1e-05,1e-05,1e-05,1.2e-05,1e-05,2.2e-05,"VT_DHT_361_MG","Quercus alba L.","Vermont","Delaware Hudson Rail Trail","43.604566","-73.180251","alb","pure"
"379","SYST-MOR-0007084",0.99989,1e-05,1e-05,1e-05,1e-05,0,0,1e-05,1e-05,1e-05,0,1e-05,0,0.9999,1e-05,2e-05,1e-05,2e-05,1e-05,1e-05,1e-05,1e-05,1e-05,1e-05,1e-05,2e-05,"VT_DHT_364_MG","Quercus alba L.","Vermont","Delaware Hudson Rail Trail","43.600448","-73.18337","alb","pure"
"380","SYST-MOR-0007085",1e-05,1e-05,1e-05,1e-05,0.9999,1e-05,1e-05,0,0,1e-05,0,2e-05,1e-05,1e-05,1e-05,1e-05,1e-05,0.9999,1e-05,1e-05,0,0,1e-05,1e-05,0,2e-05,"VT_DHT_365_MG","Quercus macrocarpa Michx.","Vermont","Delaware Hudson Rail Trail","43.6","-73.183676","mac","pure"
"381","SYST-MOR-0007086",1e-05,1e-05,1e-05,1e-05,0.9999,1e-05,1e-05,0,0,0,0,1e-05,0,1e-05,1e-05,1e-05,1e-05,0.9999,1e-05,1e-05,0,0,0,0,0,1e-05,"VT_DHT_366_MG","Quercus macrocarpa Michx.","Vermont","Delaware Hudson Rail Trail","43.599099","-73.184667","mac","pure"
"382","SYST-MOR-0007087",0.99989,1e-05,1e-05,1e-05,1e-05,0,0,0,0,1e-05,1e-05,2e-05,1e-05,0.99989,1e-05,2e-05,1e-05,1e-05,1e-05,1e-05,1e-05,1e-05,1e-05,1e-05,1e-05,2e-05,"VT_DHT_367_MG","Quercus alba L.","Vermont","Delaware Hudson Rail Trail","43.598789","-73.185413","alb","pure"
"384","SYST-MOR-0007089",0.999885,1e-05,1e-05,1e-05,2.5e-05,1e-05,1e-05,1e-05,1e-05,0,0,1e-05,1e-05,0.999885,1e-05,1e-05,1e-05,2.5e-05,1e-05,1e-05,1e-05,1e-05,0,1e-05,0,1e-05,"VT_DHT_369_MG","Quercus alba L.","Vermont","Delaware Hudson Rail Trail","43.600133","-73.183418","alb","pure"
"385","SYST-MOR-0007090",1e-05,1e-05,1e-05,1e-05,1e-05,1e-05,0.99989,1e-05,1e-05,1e-05,0,1e-05,0,2e-05,2e-05,2.7e-05,2e-05,2.8e-05,1.2e-05,0.99989,2.7e-05,1.6e-05,1.2e-05,1e-05,1e-05,2e-05,"NY_BKF_370_MG","Quercus montana Willd.","New York","Batten Kill State Forest","43.081232","-73.301638","mon","pure"
"386","SYST-MOR-0007091",0.999881,1e-05,1e-05,1e-05,1e-05,1e-05,1e-05,1e-05,1e-05,1e-05,0,1e-05,0,0.99989,1e-05,2e-05,1e-05,1e-05,1.9e-05,1e-05,1e-05,1e-05,1e-05,1e-05,1e-05,2e-05,"NY_BKF_371_MG","Quercus alba L.","New York","Batten Kill State Forest ","43.081314","-73.296727","alb","pure"
"387","SYST-MOR-0007092",1e-05,1e-05,1e-05,1e-05,1e-05,1e-05,0.99989,1e-05,1e-05,1e-05,0,1e-05,0,2e-05,2e-05,2e-05,2e-05,2.3e-05,1.4e-05,0.99989,2e-05,1.6e-05,1e-05,1e-05,1e-05,2e-05,"NY_BKF_372_MG","Quercus montana Willd.","New York","Batten Kill State Forest","43.081209","-73.296002","mon","pure"
"388","SYST-MOR-0007093",1e-05,1e-05,1e-05,1e-05,1e-05,1e-05,0.99989,1e-05,1e-05,1e-05,0,1e-05,0,2.2e-05,2e-05,2e-05,2e-05,4e-05,1e-05,0.99989,2e-05,1e-05,1.3e-05,1e-05,1e-05,2e-05,"NY_BKF_373_MG","Quercus montana Willd.","New York","Batten Kill State Forest ","43.081346","-73.294873","mon","pure"
"389","SYST-MOR-0007094",1e-05,1e-05,1e-05,1e-05,1e-05,1e-05,0.99989,1e-05,1e-05,1e-05,0,1e-05,0,2e-05,2e-05,2e-05,2.2e-05,2.1e-05,1.5e-05,0.99989,2e-05,1.1e-05,1.6e-05,1e-05,1.8e-05,2.8e-05,"NY_BKF_374_MG","Quercus montana Willd.","New York","Batten Kill State Forest","43.08144","-73.293408","mon","pure"
"390","SYST-MOR-0007095",1e-05,1e-05,1e-05,1e-05,1e-05,1e-05,0.99989,1e-05,1e-05,1e-05,0,1e-05,0,2e-05,2e-05,2e-05,2e-05,2.5e-05,1e-05,0.99989,0.000508,1.9e-05,1e-05,1e-05,1e-05,2e-05,"NY_BKF_375_MG","Quercus montana Willd.","New York","Batten Kill State Forest ","43.081874","-73.292845","mon","pure"
"391","SYST-MOR-0007096",1e-05,1e-05,1e-05,1e-05,1e-05,1e-05,1e-05,1e-05,0.99989,1e-05,0,1e-05,0,2e-05,2e-05,2e-05,2e-05,2.8e-05,1e-05,1.1e-05,0.005057,0.99989,1.1e-05,1e-05,1e-05,2e-05,"NY_APB_377_MG","Quercus prinoides Willd.","New York","Albany Pine Bush Preserve","42.719489","-73.860055","pri","pure"
"392","SYST-MOR-0007097",0.99989,1e-05,1e-05,1e-05,1e-05,1e-05,1e-05,0,0,0,0,1e-05,0,0.999899,1e-05,1e-05,2e-05,2.1e-05,1e-05,1.4e-05,1e-05,1e-05,1e-05,1e-05,1e-05,2e-05,"NY_APB_376_MG","Quercus alba L.","New York","Albany Pine Bush Preserve","42.720314","-73.858948","alb","pure"
"393","SYST-MOR-0007098",1e-05,1e-05,1e-05,1e-05,1e-05,1e-05,1e-05,1e-05,0.99989,1e-05,0,1e-05,0,2e-05,2e-05,2.3e-05,2e-05,2e-05,1.1e-05,1.7e-05,2e-05,0.99989,1e-05,1e-05,1.4e-05,2.4e-05,"NY_APB_378_MG","Quercus prinoides Willd.","New York","Albany Pine Bush Preserve","42.720207","-73.858751","pri","pure"
"396","SYST-MOR-0007102",0.99989,1e-05,1e-05,1e-05,1e-05,1e-05,1e-05,1e-05,1e-05,1e-05,0,1e-05,0,0.9999,1e-05,1e-05,1e-05,2e-05,1e-05,1e-05,1e-05,1e-05,1e-05,1e-05,1e-05,2e-05,"NY_APB_382_MG","Quercus alba L.","New York","Albany Pine Bush Preserve","42.716618","-73.854881","alb","pure"
"397","SYST-MOR-0007103",0.99988,1e-05,1e-05,1e-05,1e-05,1e-05,1e-05,0,0,1e-05,0,1.2e-05,0,0.99989,1.1e-05,2e-05,1.5e-05,3e-05,1e-05,1e-05,1e-05,1e-05,1e-05,1e-05,1.5e-05,2.5e-05,"NY_APB_383_MG","Quercus alba L.","New York","Albany Pine Bush Preserve","42.715934","-73.853838","alb","pure"
"399","SYST-MOR-0007105",0.999882,1e-05,1e-05,1e-05,2.8e-05,1e-05,1e-05,0,0,0,0,1e-05,0,0.999882,1e-05,1e-05,1e-05,2.8e-05,1e-05,1e-05,0,0,0,0,0,1e-05,"NY_BKF_385_MG","Quercus alba L.","New York","Batten Kill State Forest ","43.075902","-73.295101","alb","pure"
"400","SYST-MOR-0007106",1e-05,0,1e-05,0,1e-05,1e-05,1e-05,1e-05,0.99989,1e-05,0,1e-05,0,1e-05,2e-05,1e-05,1e-05,2e-05,1e-05,1e-05,1e-05,0.99989,1e-05,1e-05,1e-05,2e-05,"MA_BTC_386_MG","Quercus muehlenbergii Engelm.","Massachusetts","Bartholomew's Cobble","42.056112","-73.350116","pri","pure"
"403","SYST-MOR-0007109",0.999881,1e-05,1e-05,1e-05,1e-05,1e-05,1e-05,1.1e-05,1e-05,0,0,1e-05,0,0.999881,1e-05,1e-05,1e-05,1e-05,1e-05,1e-05,1.1e-05,1e-05,0,0,0,1e-05,"MA_BTC_389_MG","Quercus alba L.","Massachusetts","Bartholomew's Cobble","42.055847","-73.350441","alb","pure"
"406","SYST-MOR-0007112",1e-05,1e-05,1e-05,1e-05,0.9999,1e-05,1e-05,1e-05,1e-05,1e-05,0,1e-05,0,1e-05,1e-05,1e-05,1e-05,0.9999,1e-05,1e-05,1e-05,1e-05,1e-05,0,0,1e-05,"MA_BTC_392_MG","Quercus macrocarpa Michx.","Massachusetts","Bartholomew's Cobble","42.05793","-73.350321","mac","pure"
"408","SYST-MOR-0007115",2e-05,2.3e-05,1e-05,1e-05,0.999887,1e-05,1e-05,0,0,1e-05,0,1e-05,0,2e-05,2.3e-05,1e-05,1e-05,0.999887,1e-05,1e-05,0,0,1e-05,0,0,1e-05,"MA_NMK_395_MG","Quercus macrocarpa Michx.","Massachusetts","Naumkaeg","42.286953","-73.315492","mac","pure"
"409","SYST-MOR-0007116",1e-05,1e-05,1e-05,1e-05,0.9999,1e-05,1e-05,0,0,0,0,1e-05,0,1e-05,1e-05,1e-05,1e-05,0.9999,1e-05,1e-05,1e-05,1e-05,1e-05,0,0,1e-05,"MA_NMK_396_MG","Quercus macrocarpa Michx.","Massachusetts","Naumkaeg","42.286675","-73.317187","mac","pure"
"410","SYST-MOR-0007117",1e-05,1e-05,1e-05,1e-05,0.99989,1e-05,1e-05,1e-05,1e-05,1e-05,1e-05,2e-05,1e-05,1e-05,1e-05,1e-05,1e-05,0.99989,1e-05,1e-05,1e-05,1e-05,1e-05,1e-05,1e-05,2e-05,"MA_NMK_397_MG","Quercus macrocarpa Michx.","Massachusetts","Naumkaeg","42.289945","-73.317931","mac","pure"
"411","SYST-MOR-0007118",2e-05,2e-05,1e-05,1e-05,0.99989,1e-05,1e-05,0,0,1e-05,0,1e-05,0,2e-05,2e-05,1e-05,1e-05,0.99989,1e-05,1e-05,0,0,1e-05,0,0,1e-05,"MA_NMK_398_MG","Quercus macrocarpa Michx.","Massachusetts","Naumkaeg","42.290072","-73.319391","mac","pure"
"413","SYST-MOR-0007120",0.999889,1e-05,1e-05,1e-05,1e-05,1e-05,1e-05,1e-05,1e-05,1e-05,0,1e-05,0,0.9999,2e-05,2.6e-05,2e-05,3e-05,1.4e-05,1.3e-05,2.9e-05,1.4e-05,1.3e-05,1.9e-05,1e-05,2.9e-05,"MA_LKN_400_MG","Quercus alba L.","Massachusetts","Mass Audubon Lime Kiln Farm ","42.083771","-73.368754","alb","pure"
"414","SYST-MOR-0007121",0.999887,1e-05,2e-05,1e-05,1.3e-05,0,0,1e-05,1e-05,1e-05,1e-05,2e-05,1e-05,0.999887,1e-05,2e-05,1e-05,1.3e-05,0,0,1e-05,1e-05,1e-05,1e-05,1e-05,2e-05,"MA_LKN_401_MG","Quercus alba L.","Massachusetts","Mass Audubon Lime Kiln Farm ","42.080844","-73.370312","alb","pure"
"415","SYST-MOR-0007122",0.99989,1e-05,1e-05,1e-05,1e-05,1e-05,1e-05,1e-05,1e-05,1e-05,0,2e-05,1e-05,0.99989,1e-05,2e-05,1e-05,2e-05,1e-05,1e-05,1e-05,1e-05,1.6e-05,1e-05,1e-05,2e-05,"MA_LKN_402_MG","Quercus alba L.","Massachusetts","Mass Audubon Lime Kiln Farm ","42.079132","-73.371131","alb","pure"
"416","SYST-MOR-0007123",2e-05,1e-05,1e-05,1e-05,0.9999,1e-05,1e-05,0,0,1e-05,0,1e-05,0,2e-05,1e-05,1e-05,1e-05,0.9999,1e-05,1e-05,0,0,1e-05,0,0,1e-05,"MA_SBF_403_MG","Quercus macrocarpa Michx.","Massachusetts","Schenob Brook Fen","42.084548","-73.385045","mac","pure"
"418","SYST-MOR-0007125",0.999868,1e-05,1e-05,1.2e-05,1e-05,1e-05,1e-05,1e-05,1e-05,0,0,1e-05,0,0.999882,1.3e-05,2e-05,2e-05,1.6e-05,1e-05,1.9e-05,1e-05,1.9e-05,1e-05,0,0,1e-05,"MA_SBF_405_MG","Quercus alba L.","Massachusetts","Schenob Brook Fen","42.084738","-73.385193","alb","pure"
"419","SYST-MOR-0007126",2e-05,1e-05,1e-05,1e-05,0.9999,1e-05,1e-05,0,0,1e-05,0,1e-05,0,2e-05,1e-05,1e-05,1e-05,0.9999,1e-05,1e-05,0,0,1e-05,0,0,1e-05,"MA_SBF_406_MG","Quercus macrocarpa Michx.","Massachusetts","Schenob Brook Fen","42.084745","-73.385533","mac","pure"
"421","SYST-MOR-0007128",0.999865,1e-05,1e-05,1e-05,1e-05,1e-05,1e-05,1e-05,1e-05,1e-05,0,1e-05,0,0.999888,2.2e-05,2.3e-05,1.9e-05,1e-05,1.1e-05,1e-05,1.6e-05,1e-05,1e-05,0,0,1.7e-05,"MA_SBF_408_MG","Quercus alba L.","Massachusetts","Schenob Brook Fen","42.08252","-73.384531","alb","pure"
"422","SYST-MOR-0007129",1e-05,1e-05,1e-05,0.99989,1e-05,1e-05,1e-05,1e-05,1e-05,1e-05,0,1e-05,0,2e-05,2e-05,2e-05,0.99989,2e-05,1e-05,1.1e-05,2e-05,1.9e-05,1e-05,1e-05,1e-05,2e-05,"AR_BRP_409_MG","Quercus lyrata Walt.","Arkansas","Burns Park, Little Rock","34.804528","-92.326498","lyr","pure"
"423","SYST-MOR-0007130",1e-05,1e-05,1e-05,1e-05,0.99989,1e-05,1e-05,0,0,1e-05,1e-05,2e-05,1e-05,1e-05,1e-05,1e-05,1e-05,0.99989,1e-05,1e-05,0,0,1e-05,1e-05,1e-05,2e-05,"AR_BRP_410_MG","Quercus macrocarpa Michx.","Arkansas","Burns Park, Little Rock","34.804342","-92.326645","mac","pure"
"424","SYST-MOR-0007131",1e-05,1e-05,1e-05,1e-05,1e-05,1e-05,1e-05,1e-05,1e-05,1e-05,0,0.99989,0,2e-05,1.5e-05,2e-05,1e-05,2e-05,1.8e-05,1e-05,2.2e-05,1.5e-05,1.2e-05,1e-05,0.99989,0.9999,"AR_BRP_411_MG","Quercus stellata Wangenh.","Arkansas","Burns Park, Little Rock","34.804413","-92.326312","ste","pure"
"425","SYST-MOR-0007132",1e-05,1e-05,1e-05,1e-05,0.9999,1e-05,1e-05,0,0,0,0,1e-05,0,1e-05,1e-05,1e-05,1e-05,0.9999,1e-05,1e-05,0,0,0,0,0,1e-05,"AR_BRP_412_MG","Quercus macrocarpa Michx.","Arkansas","Burns Park, Little Rock","34.805006","-92.327103","mac","pure"
"426","SYST-MOR-0007133",1e-05,1e-05,1e-05,1e-05,1e-05,1e-05,1e-05,1e-05,1e-05,1e-05,0,0.99989,0,2e-05,2e-05,1.2e-05,1.7e-05,2e-05,1e-05,1.6e-05,2e-05,1e-05,1.3e-05,1e-05,0.99989,0.9999,"AR_BRP_413_MG","Quercus stellata Wangenh.","Arkansas","Burns Park, Little Rock","34.805382","-92.327057","ste","pure"
"427","SYST-MOR-0007134",1e-05,1e-05,1e-05,0.99989,1e-05,1e-05,1e-05,1e-05,1e-05,1e-05,0,1e-05,0,2e-05,2e-05,2e-05,0.99989,2e-05,1e-05,1.9e-05,2e-05,1.8e-05,1e-05,1e-05,1e-05,2.6e-05,"AR_BRP_414_MG","Quercus lyrata Walt.","Arkansas","Burns Park, Little Rock","34.805731","-92.327413","lyr","pure"
"428","SYST-MOR-0007135",0.99989,1e-05,1e-05,1e-05,1e-05,1e-05,1e-05,1e-05,1e-05,1e-05,1e-05,2e-05,1e-05,0.99989,1e-05,1e-05,1e-05,2e-05,1e-05,1e-05,1e-05,1e-05,1.1e-05,1e-05,1e-05,2e-05,"AR_BRP_415_MG","Quercus alba L.","Arkansas","Burns Park, Little Rock","34.80591","-92.327568","alb","pure"
"429","SYST-MOR-0007136",1e-05,1e-05,1e-05,1e-05,1e-05,1e-05,1e-05,1e-05,1e-05,1e-05,0,0.999884,0,2e-05,2e-05,2e-05,1e-05,2.1e-05,1e-05,1.5e-05,2.3e-05,1e-05,1.3e-05,1e-05,0.999886,0.999899,"AR_BRP_416_MG","Quercus stellata Wangenh.","Arkansas","Burns Park, Little Rock","34.806737","-92.328943","ste","pure"
"430","SYST-MOR-0007137",1e-05,2e-05,1e-05,1e-05,0.99989,1e-05,1e-05,1e-05,1e-05,1e-05,0,1e-05,0,1e-05,2e-05,1e-05,1e-05,0.99989,1e-05,1e-05,1e-05,1e-05,1e-05,0,0,1e-05,"AR_BRP_417_MG","Quercus macrocarpa Michx.","Arkansas","Burns Park, Little Rock","34.806243","-92.33009","mac","pure"
"431","SYST-MOR-0007138",1e-05,1e-05,1e-05,0.99989,1e-05,1e-05,1e-05,1e-05,1e-05,1e-05,0,1e-05,0,2e-05,2e-05,2e-05,0.9999,2.4e-05,1.5e-05,1.4e-05,2e-05,1e-05,1e-05,1e-05,1e-05,2e-05,"AR_BRP_418_MG","Quercus lyrata Walt.","Arkansas","Burns Park, Little Rock","34.806528","-92.330323","lyr","pure"
"432","SYST-MOR-0007139",1e-05,1e-05,1e-05,1e-05,1e-05,1e-05,1e-05,1e-05,1e-05,1e-05,0,0.99989,0,2e-05,2e-05,2.7e-05,1e-05,2e-05,1.5e-05,1.8e-05,1e-05,1e-05,1e-05,1e-05,0.99989,0.9999,"AR_BRP_419_MG","Quercus stellata Wangenh.","Arkansas","Burns Park, Little Rock","34.806536","-92.330338","ste","pure"
"433","SYST-MOR-0007140",0.99989,1e-05,1e-05,1e-05,1e-05,1e-05,1e-05,0,0,1e-05,0,1e-05,0,0.999899,2e-05,2e-05,1e-05,2.5e-05,1e-05,1e-05,1e-05,1e-05,1e-05,1e-05,1e-05,2e-05,"AR_BRP_420_MG","Quercus alba L.","Arkansas","Burns Park, Little Rock","34.803473","-92.329471","alb","pure"
"434","SYST-MOR-0007141",1e-05,1e-05,1e-05,1e-05,1e-05,1e-05,1e-05,0.99989,1e-05,0,0,1e-05,1e-05,1e-05,1e-05,1e-05,1e-05,2e-05,1e-05,1e-05,0.9999,1e-05,1e-05,1e-05,1e-05,2e-05,"AR_BRP_421_MG","Quercus muehlenbergii Engelm.","Arkansas","Burns Park, Little Rock","34.801995","-92.328255","mue","pure"
"435","SYST-MOR-0007142",1e-05,1e-05,1e-05,1e-05,1e-05,1e-05,1e-05,0.99989,1e-05,0,0,1e-05,0,1e-05,2e-05,1e-05,1e-05,2e-05,1e-05,1e-05,0.99989,1e-05,1e-05,1e-05,0,1e-05,"AR_BRP_422_MG","Quercus muehlenbergii Engelm.","Arkansas","Burns Park, Little Rock","34.801789","-92.328063","mue","pure"
"436","SYST-MOR-0007143",1e-05,1e-05,1e-05,1e-05,0.9999,1e-05,1e-05,0,0,0,0,1e-05,0,1e-05,1e-05,1e-05,1e-05,0.9999,1e-05,1e-05,0,0,0,0,0,1e-05,"AR_BRP_423_MG","Quercus macrocarpa Michx.","Arkansas","Burns Park, Little Rock","34.802582","-92.327239","mac","pure"
"437","SYST-MOR-0007144",0.9999,1e-05,1e-05,1e-05,1e-05,1e-05,1e-05,1e-05,1e-05,0,0,1e-05,0,0.9999,1e-05,1e-05,1e-05,1e-05,1e-05,1e-05,1e-05,1e-05,0,0,0,1e-05,"AR_BRP_424_MG","Quercus alba L.","Arkansas","Burns Park, Little Rock","34.803696","-92.327312","alb","pure"
"438","SYST-MOR-0007145",1e-05,1e-05,1e-05,1e-05,1e-05,1e-05,1e-05,1e-05,1e-05,1e-05,0,0.999886,0,2.7e-05,2e-05,2e-05,2e-05,2e-05,1e-05,1.2e-05,2e-05,1e-05,1e-05,1e-05,0.99989,0.9999,"AR_BRP_425_MG","Quercus stellata Wangenh.","Arkansas","Burns Park, Little Rock","34.805414","-92.324096","ste","pure"
"439","SYST-MOR-0007146",0,1e-05,1e-05,1e-05,0.9999,0,1e-05,2e-05,1e-05,1e-05,0,1e-05,0,0,1e-05,1e-05,1e-05,0.9999,0,1e-05,2e-05,1e-05,1e-05,0,0,1e-05,"AR_BRP_426_MG","Quercus macrocarpa Michx.","Arkansas","Burns Park, Little Rock","34.80609","-92.323036","mac","pure"
"440","SYST-MOR-0007147",1e-05,1e-05,1e-05,0.99989,1e-05,1e-05,1e-05,1e-05,1e-05,1e-05,0,1e-05,0,2e-05,2e-05,2e-05,0.9999,2.1e-05,2e-05,1.7e-05,2e-05,1e-05,1e-05,1.4e-05,1.6e-05,3e-05,"AR_BRP_427_MG","Quercus lyrata Walt.","Arkansas","Burns Park, Little Rock","34.806755","-92.322328","lyr","pure"
"441","SYST-MOR-0007148",0.999893,1e-05,1e-05,1e-05,1e-05,1e-05,1e-05,0,0,1e-05,0,1e-05,0,0.9999,2.1e-05,2e-05,1e-05,2e-05,1e-05,1e-05,1e-05,1e-05,1e-05,1e-05,1e-05,2e-05,"AR_BRP_428_MG","Quercus alba L.","Arkansas","Burns Park, Little Rock","34.808944","-92.326111","alb","pure"
"442","SYST-MOR-0007149",0.99987,1e-05,1e-05,1e-05,1e-05,1e-05,1e-05,1e-05,1e-05,1e-05,0,1e-05,0,0.9999,1.4e-05,2e-05,1.7e-05,1e-05,1e-05,1.6e-05,1.2e-05,1e-05,1e-05,0,0,1e-05,"AR_BRP_429_MG","Quercus alba L.","Arkansas","Burns Park, Little Rock","34.809268","-92.327699","alb","pure"
"443","SYST-MOR-0007150",1e-05,1e-05,1e-05,1e-05,0.9999,1e-05,1e-05,1e-05,1e-05,0,0,1e-05,1e-05,1e-05,1e-05,1e-05,1e-05,0.9999,1e-05,1e-05,1e-05,1e-05,0,1e-05,0,1e-05,"TX_BRZ_430_MG","Quercus macrocarpa Michx.","Texas","Brazos Bend State Park","29.37387","-95.580349","mac","pure"
"444","SYST-MOR-0007151",1e-05,1e-05,1e-05,1e-05,0.9999,1e-05,1e-05,0,0,0,0,1e-05,0,1e-05,1e-05,1e-05,1e-05,0.9999,1e-05,1e-05,0,0,0,0,0,1e-05,"TX_BRZ_431_MG","Quercus macrocarpa Michx.","Texas","Brazos Bend State Park","29.373914","-95.57906","mac","pure"
"445","SYST-MOR-0007152",1e-05,1e-05,1e-05,1e-05,0.99989,1e-05,1e-05,1e-05,1e-05,1e-05,0,1e-05,0,2e-05,2e-05,2e-05,2e-05,0.9999,1.1e-05,1.1e-05,2e-05,1e-05,1e-05,1e-05,1.1e-05,2.1e-05,"TX_BRZ_432_MG","Quercus macrocarpa Michx.","Texas","Brazos Bend State Park","29.374411","-95.576747","mac","pure"
"446","SYST-MOR-0007153",1e-05,1e-05,1e-05,1e-05,0.99989,1e-05,1e-05,1e-05,1e-05,1e-05,0,1e-05,0,2e-05,2e-05,2e-05,2e-05,0.9999,1.8e-05,1e-05,2.2e-05,1.5e-05,1.1e-05,1.2e-05,1e-05,2.2e-05,"TX_BRZ_433_MG","Quercus macrocarpa Michx.","Texas","Brazos Bend State Park","29.375258","-95.576691","mac","pure"
"447","SYST-MOR-0007154",1e-05,1e-05,1e-05,1e-05,1e-05,0.99989,1e-05,1e-05,1e-05,1e-05,0,1e-05,0,2e-05,2e-05,3e-05,2e-05,2e-05,0.99989,1.5e-05,2e-05,1.3e-05,1.1e-05,1e-05,1e-05,2e-05,"TX_BRZ_434_MG","Quercus michauxii Nutt.","Texas","Brazos Bend State Park","29.375263","-95.585273","mic","pure"
"448","SYST-MOR-0007155",1e-05,1e-05,1e-05,1e-05,1e-05,0.99989,1e-05,1e-05,1e-05,1e-05,0,1e-05,0,2e-05,2.6e-05,3e-05,2e-05,2.7e-05,0.99989,1.4e-05,2e-05,1e-05,1e-05,1e-05,1.3e-05,2.3e-05,"TX_BRZ_435_MG","Quercus michauxii Nutt.","Texas","Brazos Bend State Park","29.374983","-95.586538","mic","pure"
"449","SYST-MOR-0007156",1e-05,2e-05,1e-05,1e-05,0.99989,1e-05,1e-05,1e-05,1e-05,1e-05,0,1e-05,0,1e-05,2e-05,1e-05,1e-05,0.99989,1e-05,1e-05,1e-05,1e-05,1e-05,0,0,1e-05,"TX_BRZ_436_MG","Quercus macrocarpa Michx.","Texas","Brazos Bend State Park","29.378315","-95.586521","mac","pure"
"450","SYST-MOR-0007157",1e-05,1e-05,1e-05,0.99989,1e-05,1e-05,1e-05,1e-05,1e-05,1e-05,0,1e-05,0,2e-05,2.6e-05,2.2e-05,0.99989,2.7e-05,1.5e-05,1e-05,2e-05,1.1e-05,1.8e-05,1e-05,1.9e-05,2.9e-05,"TX_BRZ_437_MG","Quercus lyrata Walt.","Texas","Brazos Bend State Park","29.373102","-95.608038","lyr","pure"
"452","SYST-MOR-0007159",1e-05,1e-05,2e-05,1e-05,0.999883,1.7e-05,1e-05,1e-05,1e-05,1e-05,0,1e-05,0,1e-05,1e-05,2e-05,1e-05,0.999883,1.7e-05,1e-05,1e-05,1e-05,1e-05,0,0,1e-05,"TX_PLM_439_MG","Quercus macrocarpa Michx.","Texas","Palmetto State Park","29.588172","-97.583332","mac","pure"
"453","SYST-MOR-0007160",1e-05,1e-05,1e-05,1e-05,1e-05,1e-05,1e-05,1e-05,1e-05,0.99989,0,1e-05,0,2e-05,2e-05,2e-05,1.9e-05,2.4e-05,1.4e-05,1.9e-05,2e-05,1.2e-05,0.99989,1.3e-05,1.1e-05,2.3e-05,"TX_PLM_440_MG","Quercus sinuata Walt.","Texas","Palmetto State Park","29.588159","-97.583341","sin","pure"
"454","SYST-MOR-0007161",1e-05,1e-05,1e-05,1e-05,0.99989,1e-05,1e-05,1e-05,1e-05,0,0,1e-05,0,1e-05,1e-05,1e-05,1e-05,0.99989,1e-05,1e-05,1e-05,1e-05,0,0,0,1e-05,"TX_PLM_441_MG","Quercus macrocarpa Michx.","Texas","Palmetto State Park","29.587411","-97.582912","mac","pure"
"455","SYST-MOR-0007162",1e-05,1e-05,1e-05,1e-05,1e-05,1e-05,1e-05,1e-05,1e-05,0.99989,0,1e-05,0,2e-05,2e-05,2e-05,1.6e-05,2.6e-05,1e-05,1.3e-05,2e-05,1e-05,0.99989,1.8e-05,1.6e-05,2.8e-05,"TX_PLM_442_MG","Quercus sinuata Walt.","Texas","Palmetto State Park","29.587609","-97.583072","sin","pure"
"456","SYST-MOR-0007163",1e-05,1e-05,1e-05,1e-05,0.9999,1e-05,1e-05,0,0,1e-05,0,2e-05,1e-05,1e-05,1e-05,1e-05,1e-05,0.9999,1e-05,1e-05,0,0,1e-05,1e-05,0,2e-05,"TX_PLM_443_MG","Quercus macrocarpa Michx.","Texas","Palmetto State Park","29.586588","-97.584186","mac","pure"
"457","SYST-MOR-0007164",2e-05,1.2e-05,1e-05,1e-05,0.999898,0,0,1e-05,1e-05,1e-05,0,1e-05,0,2e-05,1.2e-05,1e-05,1e-05,0.999898,0,0,1e-05,1e-05,1e-05,0,0,1e-05,"TX_PLM_444_MG","Quercus macrocarpa Michx.","Texas","Palmetto State Park","29.587539","-97.584161","mac","pure"
"458","SYST-MOR-0007165",1e-05,1e-05,1e-05,1e-05,1e-05,1e-05,1e-05,1e-05,1e-05,0.99989,0,1e-05,0,2.3e-05,2e-05,2e-05,1e-05,2e-05,1.3e-05,1e-05,2.1e-05,1e-05,0.99989,1e-05,1e-05,2e-05,"TX_PLM_445_MG","Quercus sinuata Walt.","Texas","Palmetto State Park","29.587637","-97.583996","sin","pure"
"459","SYST-MOR-0007166",1e-05,1e-05,1e-05,1e-05,1e-05,1e-05,1e-05,1e-05,1e-05,0.99989,0,1.3e-05,0,2.6e-05,2e-05,2e-05,1.7e-05,2e-05,1.1e-05,1e-05,2e-05,1.1e-05,0.99989,1e-05,1e-05,2e-05,"TX_PLM_446_MG","Quercus sinuata Walt.","Texas","Palmetto State Park","29.588523","-97.583477","sin","pure"
"460","SYST-MOR-0007167",1e-05,1e-05,1e-05,1e-05,1e-05,1e-05,1e-05,1e-05,1e-05,0.999889,0,1e-05,0,2e-05,2.5e-05,2e-05,1e-05,2e-05,1e-05,1.9e-05,2e-05,1e-05,0.99989,1e-05,1.4e-05,2.4e-05,"TX_PLM_447_MG","Quercus sinuata Walt.","Texas","Palmetto State Park","29.589384","-97.582703","sin","pure"
"461","SYST-MOR-0007168",2e-05,1e-05,1e-05,1e-05,0.99989,1e-05,1e-05,1e-05,1e-05,1e-05,0,1e-05,0,2e-05,1e-05,1e-05,1e-05,0.99989,1e-05,1e-05,1e-05,1e-05,1e-05,0,0,1e-05,"TX_PLM_448_MG","Quercus macrocarpa Michx.","Texas","Palmetto State Park","29.588876","-97.583517","mac","pure"
"464","SYST-MOR-0007171",1e-05,1e-05,1e-05,1e-05,0.9999,1e-05,1e-05,0,0,1e-05,0,2e-05,1e-05,1e-05,1e-05,1e-05,1e-05,0.9999,1e-05,1e-05,0,0,1e-05,1e-05,0,2e-05,"TX_CHP_451_MG","Quercus macrocarpa Michx.","Texas","Cedar Hill State Park ","32.638187","-96.975786","mac","pure"
"467","SYST-MOR-0007174",0,1e-05,1e-05,1e-05,0.999898,0,1e-05,2e-05,1e-05,1.1e-05,0,1.1e-05,0,0,1e-05,1e-05,1e-05,0.999898,0,1e-05,2e-05,1e-05,1.1e-05,0,0,1.1e-05,"TX_CHP_454_MG","Quercus macrocarpa Michx.","Texas","Cedar Hill State Park ","32.635409","-96.974027","mac","pure"
"469","SYST-MOR-0007176",1e-05,1.5e-05,1e-05,1e-05,0.999875,1e-05,1e-05,0,0,2e-05,1e-05,2e-05,1e-05,1e-05,1.5e-05,1e-05,1e-05,0.999875,1e-05,1e-05,0,0,2e-05,1e-05,1e-05,2e-05,"TX_CHP_456_MG","Quercus macrocarpa Michx.","Texas","Cedar Hill State Park ","32.632035","-96.975904","mac","pure"
"470","SYST-MOR-0007177",2e-05,2e-05,1e-05,1e-05,0.99989,1e-05,1e-05,0,0,1e-05,0,1e-05,0,2e-05,2e-05,1e-05,1e-05,0.99989,1e-05,1e-05,0,0,1e-05,0,0,1e-05,"TX_CHP_457_MG","Quercus macrocarpa Michx.","Texas","Cedar Hill State Park ","32.622964","-96.979469","mac","pure"
"471","SYST-MOR-0007178",1e-05,1e-05,1e-05,1e-05,1e-05,1e-05,1e-05,1e-05,1e-05,0.99989,0,1e-05,0,2e-05,2e-05,2e-05,1e-05,2.2e-05,1e-05,1e-05,2e-05,1e-05,0.99989,1e-05,1e-05,2e-05,"TX_CHP_458_MG","Quercus sinuata Walt.","Texas","Cedar Hill State Park ","32.614039","-96.996683","sin","pure"
"472","SYST-MOR-0007179",2e-05,1e-05,1e-05,1e-05,0.999889,1e-05,1e-05,1.1e-05,1e-05,0,0,1e-05,0,2e-05,1e-05,1e-05,1e-05,0.999889,1e-05,1e-05,1.1e-05,1e-05,0,0,0,1e-05,"TX_CHP_459_MG","Quercus macrocarpa Michx.","Texas","Cedar Hill State Park ","32.610727","-96.991123","mac","pure"
"473","SYST-MOR-0007180",0.99989,1e-05,1e-05,1e-05,1e-05,1e-05,1e-05,1e-05,1e-05,1e-05,0,1e-05,0,0.9999,2e-05,1e-05,1e-05,2e-05,1e-05,1e-05,2e-05,1e-05,1e-05,1e-05,1e-05,2e-05,"IL_RCA_460_MG","Quercus alba L.","Illinois","Ryerson Conservation Area","42.182388","-87.911775","alb","pure"
"474","SYST-MOR-0007181",1e-05,1e-05,1e-05,1e-05,0.99989,1e-05,1e-05,1e-05,1e-05,0,0,1e-05,0,1e-05,1e-05,1e-05,1e-05,0.99989,1e-05,1e-05,1e-05,1e-05,0,0,0,1e-05,"IL_RCA_461_MG","Quercus macrocarpa Michx.","Illinois","Ryerson Conservation Area","42.182007","-87.911914","mac","pure"
"475","SYST-MOR-0007182",1e-05,0.99989,1e-05,1e-05,1e-05,1e-05,1e-05,1e-05,1e-05,1e-05,0,1e-05,1e-05,2e-05,0.9999,2e-05,1e-05,2.6e-05,1.6e-05,1e-05,2e-05,1.5e-05,1e-05,1e-05,1.6e-05,2.6e-05,"IL_RCA_462_MG","Quercus bicolor Willd.","Illinois","Ryerson Conservation Area","42.182293","-87.911027","bic","pure"
"476","SYST-MOR-0007183",1e-05,2e-05,1e-05,1e-05,0.99989,1e-05,1e-05,1e-05,1e-05,1e-05,0,1e-05,0,1e-05,2e-05,1e-05,1e-05,0.99989,1e-05,1e-05,1e-05,1e-05,1e-05,0,0,1e-05,"IL_RCA_463_MG","Quercus macrocarpa Michx.","Illinois","Ryerson Conservation Area","42.1819","-87.910276","mac","pure"
"477","SYST-MOR-0007184",0.99989,1e-05,1e-05,1e-05,1.4e-05,1e-05,1e-05,1e-05,1e-05,1e-05,0,1e-05,0,0.999896,2e-05,1e-05,1e-05,2e-05,1e-05,1e-05,1e-05,1e-05,1e-05,1e-05,1e-05,2e-05,"IL_RCA_464_MG","Quercus alba L.","Illinois","Ryerson Conservation Area","42.181997","-87.909654","alb","pure"
"478","SYST-MOR-0007185",1e-05,0.99989,1e-05,1e-05,1e-05,1e-05,1e-05,1e-05,1e-05,1e-05,0,1e-05,0,2e-05,0.9999,2e-05,2.2e-05,2.9e-05,1.1e-05,1e-05,2e-05,1e-05,1e-05,1e-05,1e-05,2e-05,"IL_RCA_465_MG","Quercus bicolor Willd.","Illinois","Ryerson Conservation Area","42.181709","-87.90906","bic","pure"
"479","SYST-MOR-0007186",0.99989,1e-05,1e-05,1e-05,1e-05,0,0,1e-05,1e-05,0,0,1e-05,0,0.9999,1e-05,1e-05,1e-05,2e-05,1e-05,1e-05,2e-05,1e-05,1e-05,0,0,1e-05,"IL_RCA_466_MG","Quercus alba L.","Illinois","Ryerson Conservation Area","42.181798","-87.908279","alb","pure"
"480","SYST-MOR-0007187",1e-05,0.99989,1e-05,1e-05,1e-05,1e-05,1e-05,1e-05,1e-05,1e-05,0,1e-05,0,2e-05,0.9999,2e-05,2e-05,2.2e-05,1.3e-05,1e-05,2e-05,1e-05,1e-05,1e-05,1e-05,2e-05,"IL_RCA_467_MG","Quercus bicolor Willd.","Illinois","Ryerson Conservation Area","42.181579","-87.908004","bic","pure"
"481","SYST-MOR-0007188",1e-05,2e-05,1e-05,1.8e-05,0.999882,1e-05,1e-05,1e-05,1e-05,1e-05,0,1e-05,0,1e-05,2e-05,1e-05,1.8e-05,0.999882,1e-05,1e-05,1e-05,1e-05,1e-05,0,0,1e-05,"IL_RCA_468_MG","Quercus macrocarpa Michx.","Illinois","Ryerson Conservation Area","42.181494","-87.907514","mac","pure"
"482","SYST-MOR-0007189",0.99989,1e-05,1e-05,1e-05,1e-05,1e-05,1e-05,1e-05,1e-05,0,0,1e-05,0,0.99989,2e-05,1e-05,2.2e-05,1e-05,1e-05,1e-05,1e-05,1e-05,1e-05,0,0,1e-05,"IL_RCA_469_MG","Quercus alba L.","Illinois","Ryerson Conservation Area","42.18128","-87.906869","alb","pure"
"483","SYST-MOR-0007190",1e-05,1e-05,1e-05,1e-05,0.999887,1e-05,1e-05,1.3e-05,1e-05,0,0,1e-05,0,1e-05,1e-05,1e-05,1e-05,0.999887,1e-05,1e-05,1.3e-05,1e-05,0,0,0,1e-05,"IL_RCA_470_MG","Quercus macrocarpa Michx.","Illinois","Ryerson Conservation Area","42.181116","-87.907092","mac","pure"
"485","SYST-MOR-0007193",2e-05,2e-05,1e-05,1e-05,0.99989,1e-05,1e-05,0,0,1e-05,0,1e-05,0,2e-05,2e-05,1e-05,1e-05,0.99989,1e-05,1e-05,0,0,1e-05,0,0,1e-05,"IL_RCA_473_MG","Quercus macrocarpa Michx.","Illinois","Ryerson Conservation Area","42.179961","-87.906599","mac","pure"
"486","SYST-MOR-0007194",1e-05,0.99989,1e-05,1e-05,1e-05,1e-05,1e-05,1e-05,1e-05,1e-05,0,1e-05,0,2e-05,0.9999,2e-05,2e-05,2e-05,1.8e-05,1e-05,2e-05,1e-05,1.1e-05,1e-05,1e-05,2e-05,"IL_RCA_474_MG","Quercus bicolor Willd.","Illinois","Ryerson Conservation Area","42.179339","-87.906488","bic","pure"
"487","SYST-MOR-0007195",0.999882,1e-05,1e-05,1e-05,1.8e-05,1e-05,1e-05,1e-05,1e-05,0,0,1e-05,0,0.99989,1e-05,1e-05,1e-05,2e-05,1e-05,1e-05,1e-05,1e-05,1e-05,0,0,1e-05,"IN_MWT_475_MG","Quercus alba L.","Indiana","McCormick Woods Trail ","40.438584","-86.932947","alb","pure"
"488","SYST-MOR-0007196",1e-05,0.99989,1e-05,1e-05,1e-05,1e-05,1e-05,1e-05,1e-05,1e-05,0,1e-05,0,2.1e-05,0.9999,2e-05,2e-05,2e-05,1.1e-05,1e-05,2e-05,1.7e-05,1e-05,1.9e-05,1.2e-05,2.9e-05,"IN_MWT_476_MG","Quercus bicolor Willd.","Indiana","McCormick Woods Trail ","40.437622","-86.932542","bic","pure"
"489","SYST-MOR-0007197",0.999879,1e-05,1e-05,1e-05,1e-05,1e-05,1e-05,1.1e-05,1e-05,0,0,1e-05,0,0.99989,1e-05,1e-05,2e-05,1e-05,1e-05,1e-05,2e-05,1.1e-05,0,0,0,1e-05,"IN_MWT_477_MG","Quercus alba L.","Indiana","McCormick Woods Trail ","40.437243","-86.932675","alb","pure"
"490","SYST-MOR-0007198",0.99988,0,1e-05,0,1e-05,1e-05,1e-05,1e-05,1e-05,1e-05,0,1e-05,0,0.9999,1e-05,1e-05,1e-05,2e-05,1e-05,1.1e-05,1e-05,1e-05,1.2e-05,1.4e-05,1e-05,2.4e-05,"IN_MWT_478_MG","Quercus alba L.","Indiana","McCormick Woods Trail ","40.43511","-86.933236","alb","pure"
"491","SYST-MOR-0007199",1e-05,0.99989,1e-05,1e-05,1e-05,1e-05,1e-05,1e-05,1e-05,1e-05,0,1e-05,0,2.8e-05,0.9999,2e-05,1e-05,2.8e-05,1.4e-05,1.4e-05,2e-05,1e-05,1.8e-05,1.2e-05,1e-05,2.3e-05,"IN_MWT_479_MG","Quercus bicolor Willd.","Indiana","McCormick Woods Trail ","40.436804","-86.933732","bic","pure"
"492","SYST-MOR-0007200",2e-05,2e-05,1e-05,1e-05,0.99989,1e-05,1e-05,0,0,1e-05,0,1e-05,0,2e-05,2e-05,1e-05,1e-05,0.99989,1e-05,1e-05,0,0,1e-05,0,0,1e-05,"IN_MWT_480_MG","Quercus macrocarpa Michx.","Indiana","McCormick Woods Trail ","40.437839","-86.933767","mac","pure"
"493","SYST-MOR-0007201",0.999885,1e-05,1e-05,1e-05,1e-05,0,0,1e-05,1e-05,0,0,1e-05,0,0.9999,1e-05,1e-05,2e-05,2e-05,1e-05,1e-05,1e-05,1.2e-05,1e-05,0,0,1e-05,"IN_MWT_481_MG","Quercus alba L.","Indiana","McCormick Woods Trail ","40.438492","-86.930974","alb","pure"
"495","SYST-MOR-0007203",2e-05,1e-05,1e-05,1e-05,1e-05,0,0,0.99989,1e-05,0,0,1e-05,0,2e-05,1e-05,1e-05,1e-05,2e-05,1e-05,1e-05,0.99989,1e-05,1e-05,0,0,1e-05,"IN_MWT_483_MG","Quercus muehlenbergii Engelm.","Indiana","McCormick Woods Trail ","40.436971","-86.929077","mue","pure"
"496","SYST-MOR-0007204",1e-05,1e-05,1e-05,1e-05,1e-05,1e-05,1e-05,0.999882,1e-05,0,0,1e-05,0,2e-05,1e-05,1e-05,1e-05,2e-05,1.5e-05,1e-05,0.999885,1e-05,1e-05,0,0,1.8e-05,"IN_MWT_484_MG","Quercus muehlenbergii Engelm.","Indiana","McCormick Woods Trail ","40.437053","-86.929563","mue","pure"
"498","SYST-MOR-0007206",1e-05,1.4e-05,1e-05,1e-05,0.999889,1e-05,1e-05,0,0,0,0,1e-05,0,1e-05,1.4e-05,1e-05,1e-05,0.999889,1e-05,1e-05,0,0,0,0,0,1e-05,"IN_TYL_486_MG","Quercus macrocarpa Michx.","Indiana","Taylor Wilderness","40.457367","-85.511078","mac","pure"
"499","SYST-MOR-0007207",1e-05,1e-05,1e-05,1e-05,0.9999,1e-05,1e-05,1e-05,1e-05,0,0,1e-05,1e-05,1e-05,1e-05,1e-05,1e-05,0.9999,1e-05,1e-05,1e-05,1e-05,0,1e-05,0,1e-05,"IN_TYL_487_MG","Quercus macrocarpa Michx.","Indiana","Taylor Wilderness","40.457882","-85.511742","mac","pure"
"500","SYST-MOR-0007208",2e-05,1e-05,1e-05,1e-05,0.99989,1e-05,1e-05,1e-05,1e-05,0,0,1e-05,0,2e-05,1e-05,1e-05,1e-05,0.99989,1e-05,1e-05,1e-05,1e-05,0,0,0,1e-05,"IN_TYL_488_MG","Quercus macrocarpa Michx.","Indiana","Taylor Wilderness","40.458125","-85.511151","mac","pure"
"501","SYST-MOR-0007209",1e-05,1e-05,1e-05,1e-05,2e-05,1e-05,1e-05,0.99989,1e-05,1e-05,0,1e-05,0,1e-05,1e-05,1e-05,1e-05,2e-05,1e-05,1e-05,0.99989,1e-05,1e-05,0,0,1e-05,"IN_TYL_489_MG","Quercus muehlenbergii Engelm.","Indiana","Taylor Wilderness","40.458257","-85.510916","mue","pure"
"502","SYST-MOR-0007210",1e-05,1e-05,1e-05,1e-05,1e-05,1e-05,1e-05,0.99989,1e-05,1e-05,0,1e-05,0,2e-05,2e-05,1e-05,1e-05,2e-05,1e-05,1.2e-05,0.9999,1e-05,1e-05,0,0,1e-05,"IN_TYL_490_MG","Quercus muehlenbergii Engelm.","Indiana","Taylor Wilderness","40.456562","-85.511442","mue","pure"
"503","SYST-MOR-0007212",1e-05,0.99989,1e-05,1e-05,1e-05,1e-05,1e-05,1e-05,1e-05,1e-05,0,1e-05,0,2e-05,0.9999,2e-05,2e-05,2.7e-05,1.2e-05,1.3e-05,2e-05,1.3e-05,1.6e-05,1e-05,1e-05,2e-05,"IN_TYL_492_MG","Quercus bicolor Willd.","Indiana","Taylor Wilderness","40.455345","-85.510241","bic","pure"
"504","SYST-MOR-0007213",1e-05,0.99989,1e-05,1e-05,1e-05,1e-05,1e-05,1e-05,1e-05,1e-05,0,1e-05,0,2e-05,0.9999,2e-05,1e-05,2e-05,1e-05,1e-05,2e-05,1e-05,1e-05,1e-05,1e-05,2e-05,"IN_TYL_493_MG","Quercus bicolor Willd.","Indiana","Taylor Wilderness","40.45537","-85.510389","bic","pure"
"505","SYST-MOR-0007214",1e-05,0.99989,1e-05,1e-05,1e-05,1e-05,1e-05,1e-05,1e-05,1e-05,0,1e-05,0,2e-05,0.999893,2e-05,2e-05,3e-05,1.4e-05,1e-05,2.1e-05,1.7e-05,1.2e-05,1e-05,1e-05,2e-05,"IN_TYL_494_MG","Quercus bicolor Willd.","Indiana","Taylor Wilderness","40.45544","-85.510653","bic","pure"
"507","SYST-MOR-0007216",0.9999,1e-05,1e-05,1e-05,2e-05,1e-05,1e-05,0,0,1e-05,0,1e-05,0,0.9999,1e-05,1e-05,1e-05,2e-05,1e-05,1e-05,0,0,1e-05,0,0,1e-05,"IN_TYL_496_MG","Quercus alba L.","Indiana","Taylor Wilderness","40.456997","-85.507454","alb","pure"
"508","SYST-MOR-0007217",0.99989,1e-05,1e-05,1e-05,1e-05,1e-05,1e-05,1e-05,1e-05,0,0,1e-05,0,0.99989,1.9e-05,1e-05,2e-05,2e-05,1e-05,1e-05,1e-05,1e-05,1e-05,1e-05,1e-05,2e-05,"IN_TYL_497_MG","Quercus alba L.","Indiana","Taylor Wilderness","40.456903","-85.508927","alb","pure"
"510","SYST-MOR-0007219",1e-05,1e-05,1e-05,1e-05,0.99989,1e-05,1e-05,2e-05,1e-05,0,0,1e-05,0,1e-05,1e-05,1e-05,1e-05,0.99989,1e-05,1e-05,2e-05,1e-05,0,0,0,1e-05,"IN_BLR_499_MG","Quercus macrocarpa Michx.","Indiana","Bayles Road Research and Teaching Preserve","39.220007","-86.542604","mac","pure"
"511","SYST-MOR-0007220",1e-05,1e-05,1e-05,1e-05,0.9999,1e-05,1e-05,1e-05,1e-05,1e-05,0,1e-05,0,1e-05,1e-05,1e-05,1e-05,0.9999,1e-05,1e-05,1e-05,1e-05,1e-05,0,0,1e-05,"IN_BLR_500_MG","Quercus macrocarpa Michx.","Indiana","Bayles Road Research and Teaching Preserve","39.221723","-86.542771","mac","pure"
"512","SYST-MOR-0007221",1e-05,1e-05,1e-05,1e-05,0.9999,1e-05,1e-05,0,0,1e-05,0,2e-05,1e-05,1e-05,1e-05,1e-05,1e-05,0.9999,1e-05,1e-05,0,0,1e-05,1e-05,0,2e-05,"IN_LCP_501_MG","Quercus macrocarpa Michx.","Indiana","Lower Cascades Park ","39.197561","-86.53788","mac","pure"
"513","SYST-MOR-0007222",1e-05,1e-05,1e-05,1e-05,0.999893,1e-05,1e-05,1.5e-05,1e-05,0,0,1e-05,1e-05,1e-05,1e-05,1e-05,1e-05,0.999893,1e-05,1e-05,1.5e-05,1e-05,0,1e-05,0,1e-05,"IN_LCP_502_MG","Quercus macrocarpa Michx.","Indiana","Lower Cascades Park ","39.197401","-86.539025","mac","pure"
"514","SYST-MOR-0007223",0,1e-05,1e-05,1e-05,2e-05,0,1e-05,0.99989,1e-05,0,0,1e-05,0,1e-05,1e-05,1e-05,1e-05,2e-05,1e-05,1e-05,0.999899,1e-05,1e-05,1e-05,0,1.1e-05,"IN_LCP_503_MG","Quercus muehlenbergii Engelm.","Indiana","Lower Cascades Park ","39.196965","-86.538254","mue","pure"
"515","SYST-MOR-0007224",1e-05,1e-05,2e-05,1e-05,1e-05,1e-05,1e-05,0.99989,1e-05,1e-05,1e-05,2e-05,1e-05,1e-05,1e-05,2e-05,1e-05,1e-05,1e-05,1e-05,0.99989,1e-05,1e-05,1e-05,1e-05,2e-05,"IN_LCP_504_MG","Quercus muehlenbergii Engelm.","Indiana","Lower Cascades Park ","39.196455","-86.537746","mue","pure"
"517","SYST-MOR-0007226",1e-05,1e-05,1e-05,1e-05,1e-05,1e-05,1e-05,0.9999,1e-05,0,0,1e-05,0,1e-05,1e-05,1e-05,1e-05,1e-05,1e-05,1e-05,0.9999,1e-05,0,0,0,1e-05,"IN_LCP_506_MG","Quercus muehlenbergii Engelm.","Indiana","Lower Cascades Park ","39.198096","-86.539098","mue","pure"
"518","SYST-MOR-0007227",1e-05,1e-05,1e-05,1e-05,1e-05,1e-05,1e-05,0.999869,1e-05,1e-05,0,1e-05,0,1.4e-05,1.2e-05,2e-05,1.8e-05,2.8e-05,1e-05,1.6e-05,0.99989,1.1e-05,1.6e-05,1.1e-05,1e-05,2.1e-05,"IN_LCP_507_MG","Quercus muehlenbergii Engelm.","Indiana","Lower Cascades Park ","39.198966","-86.538785","mue","pure"
"519","SYST-MOR-0007228",0.999886,1e-05,1e-05,1e-05,1e-05,1e-05,1e-05,1e-05,1e-05,0,0,1e-05,0,0.9999,2e-05,2e-05,1e-05,2e-05,1.4e-05,2e-05,2e-05,1.7e-05,1e-05,0,0,1e-05,"IN_GRL_508_MG","Quercus alba L.","Indiana","Griffy Lake Research and Teaching Preserve","39.189735","-86.501864","alb","pure"
"520","SYST-MOR-0007229",0.999887,1e-05,1e-05,1e-05,1e-05,1e-05,1e-05,1e-05,1e-05,0,0,1e-05,0,0.99989,1e-05,2.3e-05,1e-05,1.3e-05,1.1e-05,1e-05,2.9e-05,1e-05,1e-05,1e-05,1e-05,2e-05,"IN_GRL_509_MG","Quercus alba L.","Indiana","Griffy Lake Research and Teaching Preserve","39.18995","-86.501028","alb","pure"
"521","SYST-MOR-0007230",0.999884,1e-05,1e-05,1e-05,2e-05,1e-05,1e-05,0,0,1e-05,0,1e-05,0,0.9999,1.8e-05,1e-05,1e-05,2e-05,1e-05,1e-05,1e-05,1.2e-05,1.2e-05,1e-05,1e-05,2e-05,"IN_GRL_510_MG","Quercus alba L.","Indiana","Griffy Lake Research and Teaching Preserve","39.189925","-86.499604","alb","pure"
"522","SYST-MOR-0007231",0.999886,1e-05,1e-05,1e-05,2e-05,1e-05,1e-05,0,0,0,0,1e-05,0,0.999899,1e-05,2e-05,1.5e-05,2e-05,1e-05,1.5e-05,1e-05,1e-05,1e-05,1e-05,0,2e-05,"IN_GRL_511_MG","Quercus alba L.","Indiana","Griffy Lake Research and Teaching Preserve","39.188891","-86.499559","alb","pure"
"523","SYST-MOR-0007232",0.99989,2e-05,1e-05,1e-05,1e-05,1e-05,1e-05,1e-05,1e-05,1e-05,0,1e-05,0,0.99989,2e-05,1e-05,1e-05,1e-05,1e-05,1e-05,1e-05,1e-05,1e-05,0,0,1e-05,"IN_GRL_512_MG","Quercus alba L.","Indiana","Griffy Lake Research and Teaching Preserve","39.187251","-86.500821","alb","pure"
"524","SYST-MOR-0007233",1e-05,1e-05,1e-05,1e-05,0.9999,1e-05,1e-05,1e-05,1e-05,1e-05,0,1e-05,0,1e-05,1e-05,1e-05,1e-05,0.9999,1e-05,1e-05,1e-05,1e-05,1e-05,0,0,1e-05,"IN_IUC_513_MG","Quercus macrocarpa Michx.","Indiana","Indiana University Campus","39.168305","-86.524118","mac","pure"
"525","SYST-MOR-0007234",1e-05,1e-05,1e-05,1e-05,1e-05,1e-05,1e-05,0.99989,1e-05,0,0,1e-05,0,1e-05,2e-05,1e-05,2e-05,2e-05,1e-05,1e-05,0.9999,1e-05,1e-05,1e-05,1e-05,2e-05,"OH_STR_514_MG","Quercus muehlenbergii Engelm.","Ohio","Strouds Run State Park","39.345528","-82.034702","mue","pure"
"527","SYST-MOR-0007236",0.999889,1e-05,1e-05,1e-05,1e-05,1e-05,1e-05,0,0,0,0,1e-05,0,0.99989,2e-05,1.1e-05,1e-05,2e-05,1e-05,1e-05,1e-05,1e-05,1e-05,0,0,1e-05,"OH_STR_516_MG","Quercus alba L.","Ohio","Strouds Run State Park","39.346951","-82.037267","alb","pure"
"528","SYST-MOR-0007237",0.99989,1e-05,1e-05,1e-05,1e-05,1e-05,1e-05,1e-05,1e-05,0,0,1e-05,0,0.999894,1e-05,1e-05,1e-05,1e-05,1e-05,1.6e-05,1e-05,1e-05,1e-05,1e-05,1e-05,2e-05,"OH_STR_517_MG","Quercus alba L.","Ohio","Strouds Run State Park","39.34861","-82.03972","alb","pure"
"529","SYST-MOR-0007238",1e-05,1e-05,1e-05,1e-05,1e-05,1e-05,0.99989,1e-05,1e-05,1e-05,0,1e-05,0,2e-05,2.3e-05,2e-05,2e-05,2.1e-05,1e-05,0.99989,2e-05,1.7e-05,1.3e-05,1.1e-05,1.4e-05,2.5e-05,"OH_STR_518_MG","Quercus montana Willd.","Ohio","Strouds Run State Park","39.349272","-82.047354","mon","pure"
"530","SYST-MOR-0007239",1e-05,1e-05,1e-05,1e-05,1e-05,1e-05,0.99989,1e-05,1e-05,1e-05,0,1e-05,0,3e-05,2e-05,0.000907,2e-05,2.9e-05,1e-05,0.99989,2.3e-05,1.4e-05,1e-05,1.8e-05,1e-05,2.8e-05,"OH_STR_519_MG","Quercus montana Willd.","Ohio","Strouds Run State Park","39.349482","-82.046768","mon","pure"
"531","SYST-MOR-0007240",1e-05,1e-05,1e-05,1e-05,1e-05,1e-05,0.99989,1e-05,1e-05,1e-05,0,1e-05,0,2.7e-05,2e-05,2.3e-05,2e-05,2.9e-05,1e-05,0.99989,2e-05,1.7e-05,1e-05,1.3e-05,1e-05,2.3e-05,"OH_STR_520_MG","Quercus montana Willd.","Ohio","Strouds Run State Park","39.336371","-82.015625","mon","pure"
"532","SYST-MOR-0007241",1e-05,2e-05,1e-05,1e-05,0.99989,1e-05,1e-05,1e-05,1e-05,1e-05,0,1e-05,0,1e-05,2e-05,1e-05,1e-05,0.99989,1e-05,1e-05,1e-05,1e-05,1e-05,0,0,1e-05,"IL_CHB_521_MG","Quercus macrocarpa Michx.","Illinois","Chickenbristle","39.839267","-88.367814","mac","pure"
"533","SYST-MOR-0007242",2e-05,1e-05,1e-05,1e-05,0.9999,1e-05,1e-05,0,0,1e-05,0,1e-05,0,2e-05,1e-05,1e-05,1e-05,0.9999,1e-05,1e-05,0,0,1e-05,0,0,1e-05,"IL_CHB_522_MG","Quercus macrocarpa Michx.","Illinois","Chickenbristle","39.839403","-88.367954","mac","pure"
"534","SYST-MOR-0007243",1e-05,1e-05,1e-05,1e-05,0.99989,1e-05,1e-05,1e-05,1e-05,1e-05,1e-05,2e-05,1e-05,1e-05,1e-05,1e-05,1e-05,0.99989,1e-05,1e-05,1e-05,1e-05,1e-05,1e-05,1e-05,2e-05,"IL_CHB_523_MG","Quercus macrocarpa Michx.","Illinois","Chickenbristle","39.839037","-88.368016","mac","pure"
"535","SYST-MOR-0007244",0.99989,1e-05,1e-05,1e-05,1e-05,1e-05,1e-05,1e-05,1e-05,0,0,1.7e-05,1e-05,0.99989,1e-05,1e-05,1e-05,2e-05,1e-05,1e-05,1e-05,1.6e-05,1e-05,1e-05,1e-05,2e-05,"IL_CHB_524_MG","Quercus alba L.","Illinois","Chickenbristle","39.839322","-88.368376","alb","pure"
"536","SYST-MOR-0007245",0.999885,1e-05,1e-05,1e-05,1e-05,1.7e-05,1.8e-05,1e-05,1e-05,0,0,1e-05,0,0.999885,1e-05,1e-05,1e-05,1e-05,1.7e-05,1.8e-05,1e-05,1e-05,0,0,0,1e-05,"IL_CHB_525_MG","Quercus alba L.","Illinois","Chickenbristle","39.839318","-88.36863","alb","pure"
"537","SYST-MOR-0007246",2e-05,1e-05,2e-05,1e-05,0.999871,1e-05,1e-05,1.2e-05,1e-05,1e-05,0,1.7e-05,0,2e-05,1e-05,2e-05,1e-05,0.999871,1e-05,1e-05,1.2e-05,1e-05,1e-05,0,0,1.7e-05,"IL_CHB_526_MG","Quercus macrocarpa Michx.","Illinois","Chickenbristle","39.839492","-88.368621","mac","pure"
"538","SYST-MOR-0007247",1e-05,1e-05,1e-05,1e-05,0.999883,1e-05,1e-05,0,0,1.7e-05,1e-05,2e-05,1e-05,1e-05,1e-05,1e-05,1e-05,0.999883,1e-05,1e-05,0,0,1.7e-05,1e-05,1e-05,2e-05,"IL_CHB_527_MG","Quercus macrocarpa Michx.","Illinois","Chickenbristle","39.839765","-88.369114","mac","pure"
"539","SYST-MOR-0007248",0.99989,1e-05,1e-05,1e-05,1e-05,1e-05,1e-05,1e-05,1e-05,0,0,1e-05,0,0.99989,1e-05,2e-05,1e-05,2e-05,1e-05,1e-05,1e-05,1.1e-05,1e-05,1e-05,1e-05,2e-05,"IL_CHB_528_MG","Quercus alba L.","Illinois","Chickenbristle","39.839716","-88.36911","alb","pure"
"540","SYST-MOR-0007249",0.99989,1e-05,1e-05,1e-05,1e-05,1e-05,1e-05,1e-05,1e-05,1e-05,0,1e-05,0,0.9999,2e-05,1e-05,1e-05,2e-05,1e-05,1e-05,2e-05,1e-05,1e-05,0,0,1e-05,"IL_CHB_529_MG","Quercus alba L.","Illinois","Chickenbristle","39.839183","-88.369716","alb","pure"
"541","SYST-MOR-0007250",0.99989,1e-05,1e-05,1e-05,1e-05,1e-05,1e-05,1e-05,1e-05,0,0,1e-05,0,0.9999,2e-05,1e-05,1e-05,2e-05,1e-05,1e-05,1.1e-05,1e-05,1e-05,0,0,1e-05,"IL_CHB_530_MG","Quercus alba L.","Illinois","Chickenbristle","39.839107","-88.369207","alb","pure"
"542","SYST-MOR-0007251",1e-05,1e-05,1e-05,1e-05,0.99989,1e-05,1e-05,1e-05,1e-05,0,0,1e-05,0,1e-05,1e-05,1e-05,1e-05,0.99989,1e-05,1e-05,1e-05,1e-05,0,0,0,1e-05,"MN_CDR_215_BF","Quercus macrocarpa Michx.","Minnesota","Cedar Creek Research Station","45.398058","-93.182769","mac","pure"
"543","SYST-MOR-0007252",1e-05,1e-05,1e-05,1e-05,0.99989,1e-05,1e-05,2e-05,1e-05,0,0,1e-05,0,1e-05,1e-05,1e-05,1e-05,0.99989,1e-05,1e-05,2e-05,1e-05,0,0,0,1e-05,"MN_CDR_216_BF","Quercus macrocarpa Michx.","Minnesota","Cedar Creek Research Station","45.397713","-93.182551","mac","pure"
"544","SYST-MOR-0007253",2e-05,1e-05,1e-05,1e-05,0.9999,0,0,1e-05,1e-05,1e-05,0,1e-05,0,2e-05,1e-05,1e-05,1e-05,0.9999,0,0,1e-05,1e-05,1e-05,0,0,1e-05,"MN_CDR_217_BF","Quercus macrocarpa Michx.","Minnesota","Cedar Creek Research Station","45.398911","-93.183118","mac","pure"
"545","SYST-MOR-0007254",1e-05,1e-05,1e-05,1e-05,0.9999,1e-05,1e-05,1e-05,1e-05,1e-05,0,1e-05,0,1e-05,1e-05,1e-05,1e-05,0.9999,1e-05,1e-05,1e-05,1e-05,1e-05,0,0,1e-05,"MN_CDR_218_BF","Quercus macrocarpa Michx.","Minnesota","Cedar Creek Research Station","45.40102","-93.183355","mac","pure"
"546","SYST-MOR-0007255",1e-05,1e-05,1e-05,1e-05,0.99989,1e-05,1e-05,1e-05,1e-05,1e-05,0,1e-05,0,2e-05,2.2e-05,2e-05,2e-05,0.9999,1e-05,1.4e-05,2.3e-05,1.2e-05,1e-05,1.5e-05,1e-05,2.5e-05,"MN_CDR_219_BF","Quercus macrocarpa Michx.","Minnesota","Cedar Creek Research Station","45.400162","-93.183261","mac","pure"
"547","SYST-MOR-0007256",0.9999,2e-05,1e-05,1e-05,1e-05,1e-05,1e-05,0,0,1e-05,0,1e-05,0,0.9999,2e-05,1e-05,1e-05,1e-05,1e-05,1e-05,0,0,1e-05,0,0,1e-05,"MN_CDR_531_BF","Quercus alba L.","Minnesota","Cedar Creek Research Station","45.400886","-93.200292","alb","pure"
"548","SYST-MOR-0007258",0.99989,1e-05,1e-05,1e-05,2e-05,1e-05,1e-05,0,0,1e-05,0,1e-05,0,0.999898,1e-05,1e-05,1e-05,2.7e-05,1e-05,1e-05,1e-05,1e-05,1.2e-05,1e-05,1e-05,2e-05,"MN_CDR_221_BF","Quercus alba L.","Minnesota","Cedar Creek Research Station","45.424388","-93.200192","alb","pure"
"549","SYST-MOR-0007259",0.9999,1e-05,1e-05,1e-05,2e-05,0,0,1e-05,1e-05,1e-05,0,1e-05,0,0.9999,1e-05,1e-05,1e-05,2e-05,0,0,1e-05,1e-05,1e-05,0,0,1e-05,"MN_CDR_222_BF","Quercus alba L.","Minnesota","Cedar Creek Research Station","45.424659","-93.200742","alb","pure"
"550","SYST-MOR-0007260",0.99989,1e-05,1e-05,1e-05,2e-05,0,0,0,0,0,0,1e-05,0,0.9999,1e-05,1e-05,1e-05,2e-05,1e-05,1e-05,1e-05,1e-05,1e-05,0,0,1e-05,"MN_CDR_223_BF","Quercus alba L.","Minnesota","Cedar Creek Research Station","45.424821","-93.201047","alb","pure"
"551","SYST-MOR-0007357",2e-05,2e-05,1e-05,1e-05,0.99989,1e-05,1e-05,0,0,1e-05,0,1e-05,0,2e-05,2e-05,1e-05,1e-05,0.99989,1e-05,1e-05,0,0,1e-05,0,0,1e-05,"MB-MG506","Quercus macrocarpa Michx.","Manitoba","Whiteshell Provincial Park","49.71359","-95.24349","mac","pure"
"552","SYST-MOR-0007358",1e-05,1e-05,1e-05,1e-05,0.9999,1e-05,1e-05,1e-05,1e-05,0,0,1e-05,1e-05,1e-05,1e-05,1e-05,1e-05,0.9999,1e-05,1e-05,1e-05,1e-05,0,1e-05,0,1e-05,"MB-MG507","Quercus macrocarpa Michx.","Manitoba","Whiteshell Provincial Park","49.71376","-95.24385","mac","pure"
"553","SYST-MOR-0007359",1e-05,1e-05,1e-05,1e-05,0.99989,1e-05,1e-05,1e-05,1e-05,1e-05,1e-05,2e-05,1e-05,1e-05,1e-05,1e-05,1e-05,0.99989,1e-05,1e-05,1e-05,1e-05,1e-05,1e-05,1e-05,2e-05,"MB-MG508","Quercus macrocarpa Michx.","Manitoba","Whiteshell Provincial Park","49.71278","-95.24432","mac","pure"
"554","SYST-MOR-0007360",1e-05,1e-05,2.1e-05,1e-05,0.999885,0,0,1e-05,1.4e-05,1e-05,1e-05,2e-05,1e-05,1e-05,1e-05,2.1e-05,1e-05,0.999885,0,0,1e-05,1.4e-05,1e-05,1e-05,1e-05,2e-05,"MB-MG509","Quercus macrocarpa Michx.","Manitoba","Whiteshell Provincial Park","49.71278","-95.2445","mac","pure"
"555","SYST-MOR-0007361",2e-05,1e-05,1e-05,1e-05,0.9999,0,0,1e-05,1e-05,1e-05,0,1e-05,0,2e-05,1e-05,1e-05,1e-05,0.9999,0,0,1e-05,1e-05,1e-05,0,0,1e-05,"MB-MG510","Quercus macrocarpa Michx.","Manitoba","Whiteshell Provincial Park","49.71216","-95.24463","mac","pure"
"556","SYST-MOR-0007362",1e-05,1e-05,1e-05,2e-05,0.999883,1e-05,1e-05,1e-05,1e-05,0,0,1e-05,0,1e-05,1e-05,1e-05,2e-05,0.999883,1e-05,1e-05,1e-05,1e-05,0,0,0,1e-05,"MB-MG511","Quercus macrocarpa Michx.","Manitoba","Whiteshell Provincial Park","49.71204","-95.2448","mac","pure"
"557","SYST-MOR-0007363",1e-05,1e-05,1e-05,1e-05,0.9999,1e-05,1e-05,0,0,0,0,1e-05,0,1e-05,1e-05,1e-05,1e-05,0.9999,1e-05,1e-05,0,0,1e-05,1e-05,0,2e-05,"MB-MG512","Quercus macrocarpa Michx.","Manitoba","Whiteshell Provincial Park","49.71195","-95.24492","mac","pure"
"558","SYST-MOR-0007364",1e-05,1e-05,2e-05,1e-05,0.99989,0,0,1e-05,1e-05,1e-05,1e-05,2e-05,1e-05,1e-05,1e-05,2e-05,1e-05,0.99989,0,0,1e-05,1e-05,1e-05,1e-05,1e-05,2e-05,"MB-MG513","Quercus macrocarpa Michx.","Manitoba","Whiteshell Provincial Park","49.71209","-95.24496","mac","pure"
"559","SYST-MOR-0007365",1e-05,0,1e-05,0,0.9999,1e-05,1e-05,1e-05,1e-05,1e-05,1e-05,2e-05,1e-05,1e-05,0,1e-05,0,0.9999,1e-05,1e-05,1e-05,1e-05,1e-05,1e-05,1e-05,2e-05,"MB-MG514","Quercus macrocarpa Michx.","Manitoba","Whiteshell Provincial Park","49.71187","-95.24472","mac","pure"
"560","SYST-MOR-0007366",1e-05,1e-05,1e-05,1e-05,0.99989,1e-05,1e-05,0,0,0,0,1e-05,0,2e-05,2e-05,1e-05,1e-05,0.999896,1e-05,1e-05,0,0,1e-05,0,0,1e-05,"MB-MG515","Quercus macrocarpa Michx.","Manitoba","Whiteshell Provincial Park","49.71187","-95.24456","mac","pure"
"561","SYST-MOR-0007367",0,2e-05,1e-05,1e-05,0.999877,0,1e-05,2.3e-05,1e-05,1e-05,1e-05,2e-05,1e-05,0,2e-05,1e-05,1e-05,0.999877,0,1e-05,2.3e-05,1e-05,1e-05,1e-05,1e-05,2e-05,"MB-MG516","Quercus macrocarpa Michx.","Manitoba","Spruce Woods Provincial Park","49.76104","-99.15971","mac","pure"
"562","SYST-MOR-0007368",1e-05,2e-05,1e-05,1e-05,0.999889,1e-05,1e-05,1e-05,1.1e-05,1e-05,0,1e-05,0,1e-05,2e-05,1e-05,1e-05,0.999889,1e-05,1e-05,1e-05,1.1e-05,1e-05,0,0,1e-05,"MB-MG517","Quercus macrocarpa Michx.","Manitoba","Spruce Woods Provincial Park","49.76095","-99.15983","mac","pure"
"563","SYST-MOR-0007369",1e-05,1e-05,1e-05,2e-05,0.99989,1e-05,1e-05,1e-05,1e-05,0,0,1e-05,0,1e-05,1e-05,1e-05,2e-05,0.99989,1e-05,1e-05,1e-05,1e-05,0,0,0,1e-05,"MB-MG518","Quercus macrocarpa Michx.","Manitoba","Spruce Woods Provincial Park","49.76061","-99.15928","mac","pure"
"564","SYST-MOR-0007370",1e-05,1e-05,1.4e-05,2e-05,0.999876,1.2e-05,1e-05,1e-05,1.8e-05,0,0,1e-05,0,1e-05,1e-05,1.4e-05,2e-05,0.999876,1.2e-05,1e-05,1e-05,1.8e-05,0,0,0,1e-05,"MB-MG519","Quercus macrocarpa Michx.","Manitoba","Spruce Woods Provincial Park","49.76137","-99.1604","mac","pure"
"565","SYST-MOR-0007371",1e-05,1e-05,1e-05,1e-05,0.99989,1e-05,1e-05,2e-05,1e-05,0,0,1e-05,0,1e-05,1e-05,1e-05,1e-05,0.99989,1e-05,1e-05,2e-05,1e-05,0,0,0,1e-05,"MB-MG520","Quercus macrocarpa Michx.","Manitoba","Spruce Woods Provincial Park","49.76117","-99.16142","mac","pure"
"566","SYST-MOR-0007372",1e-05,0,1.4e-05,0,0.999896,1e-05,1e-05,1e-05,1e-05,1e-05,1e-05,2e-05,1e-05,1e-05,0,1.4e-05,0,0.999896,1e-05,1e-05,1e-05,1e-05,1e-05,1e-05,1e-05,2e-05,"MB-MG521","Quercus macrocarpa Michx.","Manitoba","Spruce Woods Provincial Park","49.76147","-99.15886","mac","pure"
"567","SYST-MOR-0007373",2.2e-05,1e-05,1.9e-05,1e-05,0.999879,1e-05,1e-05,1e-05,1e-05,0,0,1e-05,0,2.2e-05,1e-05,1.9e-05,1e-05,0.999879,1e-05,1e-05,1e-05,1e-05,0,0,0,1e-05,"MB-MG522","Quercus macrocarpa Michx.","Manitoba","Spruce Woods Provincial Park","49.76103","-99.15848","mac","pure"
"568","SYST-MOR-0007374",2e-05,1e-05,1e-05,1e-05,0.99989,1e-05,1e-05,1e-05,1e-05,1e-05,0,1e-05,0,2e-05,1e-05,1e-05,1e-05,0.99989,1e-05,1e-05,1e-05,1e-05,1e-05,0,0,1e-05,"MB-MG523","Quercus macrocarpa Michx.","Manitoba","Spruce Woods Provincial Park","49.76043","-99.15858","mac","pure"
"569","SYST-MOR-0007375",1e-05,1e-05,1e-05,1e-05,0.9999,1e-05,1e-05,0,0,0,0,1e-05,0,1e-05,1e-05,1e-05,1e-05,0.9999,1e-05,1e-05,0,0,0,0,0,1e-05,"MB-MG524","Quercus macrocarpa Michx.","Manitoba","Spruce Woods Provincial Park","49.76006","-99.15826","mac","pure"
"570","SYST-MOR-0007376",2e-05,1e-05,1e-05,1e-05,0.9999,1e-05,1e-05,0,0,1e-05,0,1e-05,0,2e-05,1e-05,1e-05,1e-05,0.9999,1e-05,1e-05,0,0,1e-05,0,0,1e-05,"MB-MG525","Quercus macrocarpa Michx.","Manitoba","Spruce Woods Provincial Park","49.76055","-99.15844","mac","pure"
"571","SYST-MOR-0007377",1e-05,1e-05,1e-05,1e-05,0.999896,1e-05,1e-05,0,0,0,0,1e-05,0,1e-05,1e-05,1e-05,1.4e-05,0.9999,1e-05,1e-05,0,0,0,0,0,1e-05,"MB-MG526","Quercus macrocarpa Michx.","Manitoba","Assiniboine Forest, near parking lot/entrance to trail","49.85783","-97.24911","mac","pure"
"572","SYST-MOR-0007378",1e-05,1e-05,1e-05,1e-05,0.9999,1e-05,1e-05,1e-05,1e-05,0,0,1e-05,1e-05,1e-05,1e-05,1e-05,1e-05,0.9999,1e-05,1e-05,1e-05,1e-05,0,1e-05,0,1e-05,"MB-MG527","Quercus macrocarpa Michx.","Manitoba","Assiniboine Forest, near trail","49.85783","-97.24911","mac","pure"
"573","SYST-MOR-0007379",1e-05,2e-05,1e-05,1e-05,0.99989,1e-05,1e-05,1e-05,1e-05,1e-05,0,1e-05,0,1e-05,2e-05,1e-05,1e-05,0.99989,1e-05,1e-05,1e-05,1e-05,1e-05,0,0,1e-05,"MB-MG528","Quercus macrocarpa Michx.","Manitoba","Assiniboine Forest, off trail in woody area","49.85778","-97.24848","mac","pure"
"574","SYST-MOR-0007380",1e-05,1e-05,1e-05,1e-05,0.99989,1e-05,1e-05,2e-05,1e-05,0,0,1e-05,0,1e-05,1e-05,1e-05,1e-05,0.99989,1e-05,1e-05,2e-05,1e-05,0,0,0,1e-05,"MB-MG529","Quercus macrocarpa Michx.","Manitoba","Assiniboine Forest","49.85423","-97.2482","mac","pure"
"575","SYST-MOR-0007381",1e-05,1e-05,1e-05,1e-05,0.999462,1e-05,1e-05,1e-05,1e-05,1e-05,0.000438,0.000448,1e-05,1e-05,1e-05,1e-05,1e-05,0.999462,1e-05,1e-05,1e-05,1e-05,1e-05,1e-05,0.000438,0.000448,"MB-MG530","Quercus macrocarpa Michx.","Manitoba","Assiniboine Forest","49.85392","-97.24828","mac","pure"
"576","SYST-MOR-0007382",0,1e-05,1e-05,1e-05,0.999891,0,1e-05,2e-05,1e-05,1e-05,0,1e-05,0,0,1e-05,1e-05,1e-05,0.999891,0,1e-05,2e-05,1e-05,1e-05,0,0,1e-05,"MB-MG531","Quercus macrocarpa Michx.","Manitoba","Assiniboine Forest, near trail","49.85399","-97.24744","mac","pure"
"577","SYST-MOR-0007383",1e-05,1e-05,1e-05,1e-05,0.99989,1e-05,1e-05,1e-05,1e-05,1e-05,1e-05,2e-05,1e-05,1e-05,1e-05,1e-05,1e-05,0.99989,1e-05,1e-05,1e-05,1e-05,1e-05,1e-05,1e-05,2e-05,"MB-MG532","Quercus macrocarpa Michx.","Manitoba","Assiniboine Forest, near trail","49.85417","-97.24689","mac","pure"
"578","SYST-MOR-0007384",1e-05,1e-05,1e-05,1e-05,0.9999,1e-05,1e-05,1e-05,1e-05,1e-05,0,1e-05,0,1e-05,1e-05,1e-05,1e-05,0.9999,1e-05,1e-05,1e-05,1e-05,1e-05,0,0,1e-05,"MB-MG533","Quercus macrocarpa Michx.","Manitoba","Assiniboine Forest, near trail","49.85421","-97.24621","mac","pure"
"579","SYST-MOR-0007385",1e-05,1e-05,1e-05,1e-05,0.99989,1e-05,1e-05,1e-05,1e-05,1e-05,0,1e-05,0,2e-05,2e-05,2e-05,2e-05,0.9999,1.2e-05,1e-05,2e-05,1e-05,1e-05,1e-05,1e-05,2e-05,"MB-MG534","Quercus macrocarpa Michx.","Manitoba","Assiniboine Forest, near trail","49.85374","-97.24739","mac","pure"
"580","SYST-MOR-0007386",1e-05,1e-05,1e-05,1e-05,0.99989,1e-05,1e-05,1e-05,1e-05,1e-05,1e-05,2e-05,1e-05,1e-05,1e-05,1e-05,1e-05,0.99989,1e-05,1e-05,1e-05,1e-05,1e-05,1e-05,1e-05,2e-05,"MB-MG535","Quercus macrocarpa Michx.","Manitoba","Assiniboine Forest, near trail","49.85344","-97.24661","mac","pure"
"581","SYST-MOR-0007387",1e-05,1e-05,1e-05,1e-05,0.99989,1e-05,1e-05,1e-05,1e-05,1e-05,0,1e-05,0,2e-05,2e-05,2e-05,2e-05,0.9999,1.2e-05,0.001286,0.001182,1e-05,1e-05,1e-05,1e-05,2e-05,"WI-MG536","Quercus macrocarpa Michx.","Wisconsin","Round Lake, Chequamegon-Nicolet National Forest","46.02383","-91.14557","mac","pure"
"582","SYST-MOR-0007388",1e-05,1e-05,1e-05,1e-05,0.9999,1e-05,1e-05,1e-05,1e-05,0,0,1e-05,1e-05,1e-05,1e-05,1e-05,1e-05,0.9999,1e-05,1e-05,1e-05,1e-05,0,1e-05,0,1e-05,"WI-MG537","Quercus macrocarpa Michx.","Wisconsin","Round Lake, Chequamegon-Nicolet National Forest","46.02195","-91.14559","mac","pure"
"583","SYST-MOR-0007389",1e-05,1e-05,1e-05,1e-05,0.9999,1e-05,1e-05,0,0,1e-05,0,2e-05,1e-05,1e-05,1e-05,1e-05,1e-05,0.9999,1e-05,1e-05,0,0,1e-05,1e-05,0,2e-05,"WI-MG538","Quercus macrocarpa Michx.","Wisconsin","Round Lake, Chequamegon-Nicolet National Forest","46.0259","-91.14288","mac","pure"
"584","SYST-MOR-0007390",1e-05,1e-05,1e-05,1e-05,0.99989,1e-05,1e-05,1e-05,1e-05,0,0,1e-05,0,1e-05,1e-05,1e-05,1e-05,0.99989,1e-05,1e-05,1e-05,1e-05,0,0,0,1e-05,"WI-MG539","Quercus macrocarpa Michx.","Wisconsin","Round Lake, Chequamegon-Nicolet National Forest","46.02631","-91.14168","mac","pure"
"585","SYST-MOR-0007391",2e-05,1e-05,1e-05,1e-05,0.99989,1e-05,1e-05,1e-05,1e-05,0,0,1e-05,0,2e-05,1e-05,1e-05,1e-05,0.99989,1e-05,1e-05,1e-05,1e-05,0,0,0,1e-05,"WI-MG540","Quercus macrocarpa Michx.","Wisconsin","Round Lake, Chequamegon-Nicolet National Forest","46.02451","-91.12828","mac","pure"
"586","SYST-MOR-0007392",1e-05,1e-05,2e-05,1e-05,0.999879,1.9e-05,1e-05,1e-05,1e-05,1e-05,0,1.2e-05,0,1e-05,1e-05,2e-05,1e-05,0.999879,1.9e-05,1e-05,1e-05,1e-05,1e-05,0,0,1.2e-05,"WI-MG541","Quercus macrocarpa Michx.","Wisconsin","Round Lake, Chequamegon-Nicolet National Forest","46.0244","-91.12945","mac","pure"
"587","SYST-MOR-0007393",1e-05,1e-05,1e-05,1e-05,0.999895,1e-05,1.5e-05,0,0,0,0,1e-05,0,1e-05,1e-05,1e-05,1e-05,0.999895,1e-05,1.5e-05,0,0,0,0,0,1e-05,"Minooka 1","Quercus macrocarpa Michx.","Kansas","Minooka Park Recreation Area","38.963586","-98.58906","mac","pure"
"588","SYST-MOR-0007394",1e-05,1e-05,1e-05,1e-05,0.99989,1e-05,1e-05,0,0,1e-05,1e-05,2e-05,1e-05,1e-05,1e-05,1e-05,1e-05,0.99989,1e-05,1e-05,0,0,1e-05,1e-05,1e-05,2e-05,"Minooka 2","Quercus macrocarpa Michx.","Kansas","Minooka Park Recreation Area","38.963586","-98.58906","mac","pure"
"589","SYST-MOR-0007395",1e-05,1e-05,1e-05,1e-05,0.9999,1e-05,1e-05,0,0,0,0,1e-05,0,1e-05,1e-05,1e-05,1e-05,0.9999,1e-05,1e-05,0,0,0,0,0,1e-05,"Minooka 3","Quercus macrocarpa Michx.","Kansas","Minooka Park Recreation Area","38.963586","-98.58906","mac","pure"
"590","SYST-MOR-0007396",1e-05,1e-05,1e-05,1e-05,0.99989,1e-05,1e-05,2e-05,1e-05,0,0,1e-05,0,1e-05,1e-05,1e-05,1e-05,0.99989,1e-05,1e-05,2e-05,1e-05,0,0,0,1e-05,"Minooka 4","Quercus macrocarpa Michx.","Kansas","Minooka Park Recreation Area","38.963586","-98.58906","mac","pure"
"591","SYST-MOR-0007397",0,1e-05,1e-05,1e-05,0.999894,0,1e-05,2.6e-05,1e-05,1e-05,0,1e-05,0,0,1e-05,1e-05,1e-05,0.999894,0,1e-05,2.6e-05,1e-05,1e-05,0,0,1e-05,"Minooka 5","Quercus macrocarpa Michx.","Kansas","Minooka Park Recreation Area","38.963586","-98.58906","mac","pure"
"592","SYST-MOR-0007398",1e-05,1e-05,1e-05,1e-05,0.999896,1e-05,1.4e-05,1e-05,1e-05,1e-05,0,1e-05,0,1e-05,1e-05,1e-05,1e-05,0.999896,1e-05,1.4e-05,1e-05,1e-05,1e-05,0,0,1e-05,"Minooka 6","Quercus macrocarpa Michx.","Kansas","Minooka Park Recreation Area","38.963586","-98.58906","mac","pure"
"593","SYST-MOR-0007399",1e-05,1e-05,1e-05,1e-05,0.9999,1e-05,1e-05,0,0,1e-05,0,2e-05,1e-05,1e-05,1e-05,1e-05,1e-05,0.9999,1e-05,1e-05,0,0,1e-05,1e-05,0,2e-05,"Minooka 7","Quercus macrocarpa Michx.","Kansas","Minooka Park Recreation Area","38.963586","-98.58906","mac","pure"
"594","SYST-MOR-0007400",1e-05,2e-05,1e-05,1e-05,0.99989,1e-05,1e-05,1e-05,1e-05,1e-05,0,1e-05,0,1e-05,2e-05,1e-05,1e-05,0.99989,1e-05,1e-05,1e-05,1e-05,1e-05,0,0,1e-05,"Minooka 8","Quercus macrocarpa Michx.","Kansas","Minooka Park Recreation Area","38.963586","-98.58906","mac","pure"
"595","SYST-MOR-0007401",2e-05,1e-05,1e-05,1e-05,0.99989,1e-05,1e-05,1e-05,1e-05,1e-05,0,1e-05,0,2e-05,1e-05,1e-05,1e-05,0.99989,1e-05,1e-05,1e-05,1e-05,1e-05,0,0,1e-05,"Minooka 9","Quercus macrocarpa Michx.","Kansas","Minooka Park Recreation Area","38.963586","-98.58906","mac","pure"
"596","SYST-MOR-0007402",1.3e-05,1e-05,2e-05,1e-05,0.999887,1e-05,1e-05,1e-05,1e-05,1e-05,0,1e-05,0,1.3e-05,1e-05,2e-05,1e-05,0.999887,1e-05,1e-05,1e-05,1e-05,1e-05,0,0,1e-05,"Minooka 10","Quercus macrocarpa Michx.","Kansas","Minooka Park Recreation Area","38.963586","-98.58906","mac","pure"
"597","SYST-MOR-0007403",2e-05,1e-05,1e-05,1e-05,0.99989,1e-05,1e-05,1e-05,1e-05,0,0,1e-05,0,2e-05,1e-05,1e-05,1e-05,0.99989,1e-05,1e-05,1e-05,1e-05,0,0,0,1e-05,"Salina 1","Quercus macrocarpa Michx.","Kansas","Lakewood Park","38.842944","-97.588909","mac","pure"
"598","SYST-MOR-0007404",0,1e-05,1e-05,1e-05,0.999893,0,1e-05,2.7e-05,1e-05,1e-05,0,1e-05,0,0,1e-05,1e-05,1e-05,0.999893,0,1e-05,2.7e-05,1e-05,1e-05,0,0,1e-05,"Salina 2","Quercus macrocarpa Michx.","Kansas","Lakewood Park","38.842944","-97.588909","mac","pure"
"599","SYST-MOR-0007405",2e-05,1e-05,1e-05,1e-05,0.9999,0,0,1e-05,1e-05,1e-05,0,1e-05,0,2e-05,1e-05,1e-05,1e-05,0.9999,0,0,1e-05,1e-05,1e-05,0,0,1e-05,"Salina 3","Quercus macrocarpa Michx.","Kansas","Lakewood Park","38.842944","-97.588909","mac","pure"
"600","SYST-MOR-0007406",1.5e-05,1e-05,1e-05,1e-05,0.999884,1e-05,1e-05,1e-05,1e-05,1e-05,1e-05,2e-05,1e-05,1.5e-05,1e-05,1e-05,1e-05,0.999884,1e-05,1e-05,1e-05,1e-05,1e-05,1e-05,1e-05,2e-05,"Salina 4","Quercus macrocarpa Michx.","Kansas","Lakewood Park","38.842944","-97.588909","mac","pure"
"601","SYST-MOR-0007407",1e-05,1e-05,1e-05,1e-05,0.9999,1e-05,1e-05,1e-05,1e-05,1e-05,0,1e-05,0,1e-05,1e-05,1e-05,1e-05,0.9999,1e-05,1e-05,1e-05,1e-05,1e-05,0,0,1e-05,"Salina 5","Quercus macrocarpa Michx.","Kansas","Lakewood Park","38.842944","-97.588909","mac","pure"
"602","SYST-MOR-0007408",1e-05,0,1.1e-05,0,0.999899,1e-05,1e-05,1e-05,1e-05,1e-05,1e-05,2e-05,1e-05,1e-05,0,1.1e-05,0,0.999899,1e-05,1e-05,1e-05,1e-05,1e-05,1e-05,1e-05,2e-05,"Salina 6","Quercus macrocarpa Michx.","Kansas","Lakewood Park","38.842944","-97.588909","mac","pure"
"603","SYST-MOR-0007409",2e-05,1e-05,1e-05,1e-05,0.999888,1e-05,1e-05,1e-05,1.2e-05,0,0,1e-05,0,2e-05,1e-05,1e-05,1e-05,0.999888,1e-05,1e-05,1e-05,1.2e-05,0,0,0,1e-05,"OK-MG372","Quercus macrocarpa Michx.","Oklahoma","Norman, Oliver's Woods, University of Oklahoma campus","35.17703","-97.45019","mac","pure"
"604","SYST-MOR-0007410",2e-05,1e-05,1e-05,1e-05,0.999888,1e-05,1e-05,1.2e-05,1e-05,1e-05,0,1e-05,0,2e-05,1e-05,1e-05,1e-05,0.999888,1e-05,1e-05,1.2e-05,1e-05,1e-05,0,0,1e-05,"OK-MG373","Quercus macrocarpa Michx.","Oklahoma","Norman, Oliver's Woods, University of Oklahoma campus","35.17705","-97.44921","mac","pure"
"605","SYST-MOR-0007411",1e-05,1e-05,1e-05,1e-05,0.99989,1e-05,1e-05,1e-05,1e-05,1e-05,0,1e-05,0,2e-05,2.2e-05,2e-05,2e-05,0.9999,1e-05,1.6e-05,2e-05,1e-05,1e-05,1e-05,1e-05,2e-05,"OK-MG374","Quercus macrocarpa Michx.","Oklahoma","Norman, Oliver's Woods, University of Oklahoma campus","35.17722","-97.44967","mac","pure"
"606","SYST-MOR-0007412",1e-05,1e-05,1e-05,1e-05,0.9999,1e-05,1e-05,0,0,0,0,1e-05,0,1e-05,1e-05,1e-05,1e-05,0.9999,1e-05,1e-05,0,0,0,0,0,1e-05,"OK-MG375","Quercus macrocarpa Michx.","Oklahoma","Norman, Oliver's Woods, University of Oklahoma campus","35.17704","-97.44977","mac","pure"
"607","SYST-MOR-0007413",1e-05,1e-05,1e-05,1e-05,0.99989,1e-05,1e-05,1e-05,1e-05,1e-05,0,1e-05,0,2.6e-05,2e-05,2e-05,2e-05,0.9999,1.8e-05,1e-05,2e-05,1.4e-05,1.3e-05,1.8e-05,1e-05,2.8e-05,"OK-MG376","Quercus macrocarpa Michx.","Oklahoma","Norman, Oliver's Woods, University of Oklahoma campus","35.17688","-97.4497","mac","pure"
"608","SYST-MOR-0007414",1e-05,1e-05,1e-05,1e-05,0.9999,1e-05,1e-05,1e-05,1e-05,1e-05,0,1e-05,0,1e-05,1e-05,1e-05,1e-05,0.9999,1e-05,1e-05,1e-05,1e-05,1e-05,0,0,1e-05,"OK-MG377","Quercus macrocarpa Michx.","Oklahoma","Norman, Oliver's Woods, University of Oklahoma campus","35.17669","-97.44988","mac","pure"
"609","SYST-MOR-0007415",1e-05,2e-05,1e-05,1e-05,0.99989,1e-05,1e-05,1e-05,1e-05,1e-05,0,1e-05,0,1e-05,2e-05,1e-05,1e-05,0.99989,1e-05,1e-05,1e-05,1e-05,1e-05,0,0,1e-05,"OK-MG378","Quercus macrocarpa Michx.","Oklahoma","Norman, Oliver's Woods, University of Oklahoma campus","35.17635","-97.45009","mac","pure"
"610","SYST-MOR-0007416",2e-05,1e-05,1e-05,1e-05,0.9999,0,0,1e-05,1e-05,1e-05,0,1e-05,0,2e-05,1e-05,1e-05,1e-05,0.9999,0,0,1e-05,1e-05,1e-05,0,0,1e-05,"OK-MG379","Quercus macrocarpa Michx.","Oklahoma","Norman, Oliver's Woods, University of Oklahoma campus","35.17695","-97.44996","mac","pure"
"611","SYST-MOR-0007417",1e-05,1e-05,2e-05,1e-05,0.99989,0,0,1e-05,1e-05,1e-05,1e-05,2e-05,1e-05,1e-05,1e-05,2e-05,1e-05,0.99989,0,0,1e-05,1e-05,1e-05,1e-05,1e-05,2e-05,"OK-MG380","Quercus macrocarpa Michx.","Oklahoma","Norman, Oliver's Woods, University of Oklahoma campus","35.17714","-97.45005","mac","pure"
"612","SYST-MOR-0007418",2e-05,2e-05,1e-05,1e-05,0.99989,1e-05,1e-05,0,0,1e-05,0,1e-05,0,2e-05,2e-05,1e-05,1e-05,0.99989,1e-05,1e-05,0,0,1e-05,0,0,1e-05,"OK-MG381","Quercus macrocarpa Michx.","Oklahoma","Norman, Oliver's Woods, University of Oklahoma campus","35.17722","-97.45003","mac","pure"
"613","SYST-MOR-0007419",1e-05,1e-05,1e-05,1e-05,0.999896,1e-05,1.3e-05,0,0,0,0,1e-05,0,1e-05,1e-05,1e-05,1e-05,0.999896,1e-05,1.3e-05,0,0,0,0,0,1e-05,"MO-MG398","Quercus macrocarpa Michx.","Missouri","Eminence, Buttin Rock Access, near river","37.15767","-91.36474","mac","pure"
"614","SYST-MOR-0007420",2e-05,1e-05,1e-05,1e-05,0.99989,1e-05,1e-05,1e-05,1e-05,1e-05,0,1e-05,0,2e-05,1e-05,1e-05,1e-05,0.99989,1e-05,1e-05,1e-05,1e-05,1e-05,0,0,1e-05,"MO-MG400","Quercus macrocarpa Michx.","Missouri","Eminence, Buttin Rock Access, near river","37.15767","-91.36474","mac","pure"
"615","SYST-MOR-0007421",1e-05,1e-05,1e-05,2e-05,0.999879,1e-05,1e-05,1e-05,1e-05,0,0,1.9e-05,0,1e-05,1e-05,1e-05,2e-05,0.999879,1e-05,1e-05,1e-05,1e-05,0,0,0,1.9e-05,"MO-MG402","Quercus macrocarpa Michx.","Missouri","Eminence, Buttin Rock Access, near river","37.15687","-91.36471","mac","pure"
"616","SYST-MOR-0007422",1e-05,1e-05,1e-05,1e-05,0.9999,1e-05,1e-05,1e-05,1e-05,0,0,1e-05,1e-05,1e-05,1e-05,1e-05,1e-05,0.9999,1e-05,1e-05,1e-05,1e-05,0,1e-05,0,1e-05,"MO-MG403","Quercus macrocarpa Michx.","Missouri","Eminence, Buttin Rock Access, near trailer park","37.15686","-91.36501","mac","pure"
"617","SYST-MOR-0007423",1e-05,1e-05,1e-05,1e-05,0.99989,1e-05,1e-05,1e-05,1e-05,0,0,1e-05,0,1e-05,1e-05,1e-05,1e-05,0.99989,1e-05,1e-05,1e-05,1e-05,0,0,0,1e-05,"MO-MG404","Quercus macrocarpa Michx.","Missouri","Eminence, Buttin Rock Access, near trailer park","37.15726","-91.36518","mac","pure"
"618","SYST-MOR-0007424",1e-05,1e-05,1e-05,1e-05,0.99989,1e-05,1e-05,1e-05,1e-05,0,0,1e-05,0,1e-05,1e-05,1e-05,1e-05,0.99989,1e-05,1e-05,1e-05,1e-05,0,0,0,1e-05,"MO-MG405","Quercus macrocarpa Michx.","Missouri","Eminence, Buttin Rock Access, near river","37.15758","-91.36513","mac","pure"
"619","SYST-MOR-0007425",0,1e-05,1e-05,1e-05,0.99989,0,1e-05,2e-05,1e-05,1e-05,1e-05,2e-05,1e-05,0,1e-05,1e-05,1e-05,0.99989,0,1e-05,2e-05,1e-05,1e-05,1e-05,1e-05,2e-05,"IN-MG631","Quercus macrocarpa Michx.","Indiana","Burr Oak Woods, Hobart","41.53273","-87.2948","mac","pure"
"620","SYST-MOR-0007426",2e-05,1e-05,1e-05,1e-05,0.9999,1e-05,1e-05,0,0,1e-05,0,1e-05,0,2e-05,1e-05,1e-05,1e-05,0.9999,1e-05,1e-05,0,0,1e-05,0,0,1e-05,"IN-MG632","Quercus macrocarpa Michx.","Indiana","Burr Oak Woods, Hobart","41.53281","-87.29377","mac","pure"
"621","SYST-MOR-0007427",1e-05,0,1e-05,0,0.9999,1e-05,1e-05,1e-05,1e-05,1e-05,1e-05,2e-05,1e-05,1e-05,0,1e-05,0,0.9999,1e-05,1e-05,1e-05,1e-05,1e-05,1e-05,1e-05,2e-05,"IN-MG633","Quercus macrocarpa Michx.","Indiana","Burr Oak Woods, Hobart","41.53321","-87.29336","mac","pure"
"622","SYST-MOR-0007428",1e-05,1e-05,1e-05,1e-05,0.9999,1e-05,1e-05,1e-05,1e-05,1e-05,0,1e-05,0,1e-05,1e-05,1e-05,1e-05,0.9999,1e-05,1e-05,1e-05,1e-05,1e-05,0,0,1e-05,"IN-MG634","Quercus macrocarpa Michx.","Indiana","Burr Oak Woods, Hobart","41.53348","-87.29231","mac","pure"
"623","SYST-MOR-0007429",2e-05,1e-05,1e-05,1e-05,0.9999,0,0,1e-05,1e-05,1e-05,0,1e-05,0,2e-05,1e-05,1e-05,1e-05,0.9999,0,0,1e-05,1e-05,1e-05,0,0,1e-05,"IN-MG635","Quercus macrocarpa Michx.","Indiana","Burr Oak Woods, Hobart","41.53403","-87.29146","mac","pure"
"624","SYST-MOR-0007430",1e-05,1e-05,1e-05,1e-05,0.9999,1e-05,1e-05,1e-05,1e-05,1e-05,0,1e-05,0,1e-05,1e-05,1e-05,1e-05,0.9999,1e-05,1e-05,1e-05,1e-05,1e-05,0,0,1e-05,"IN-MG636","Quercus macrocarpa Michx.","Indiana","Burr Oak Woods, Hobart","41.5345","-87.29279","mac","pure"
"625","SYST-MOR-0007431",1e-05,1.1e-05,1e-05,1e-05,0.999879,1.6e-05,1e-05,1.3e-05,1e-05,1.2e-05,1e-05,2e-05,1e-05,1e-05,1.1e-05,1e-05,1e-05,0.999879,1.6e-05,1e-05,1.3e-05,1e-05,1.2e-05,1e-05,1e-05,2e-05,"IN-MG637","Quercus macrocarpa Michx.","Indiana","Burr Oak Woods, Hobart","41.53457","-87.29403","mac","pure"
"626","SYST-MOR-0007432",1e-05,1e-05,1e-05,1e-05,0.99989,1e-05,1e-05,1e-05,1e-05,1e-05,1e-05,2e-05,1e-05,1e-05,1e-05,1e-05,1e-05,0.99989,1e-05,1e-05,1e-05,1e-05,1e-05,1e-05,1e-05,2e-05,"IN-MG638","Quercus macrocarpa Michx.","Indiana","Burr Oak Woods, Hobart","41.53253","-87.29661","mac","pure"
"627","SYST-MOR-0007433",1e-05,1e-05,1e-05,1e-05,0.999897,1.3e-05,1e-05,0,0,1e-05,0,2e-05,1e-05,1e-05,1e-05,1e-05,1e-05,0.999897,1.3e-05,1e-05,0,0,1e-05,1e-05,0,2e-05,"IN-MG639","Quercus macrocarpa Michx.","Indiana","Burr Oak Woods, Hobart","41.53246","-87.29684","mac","pure"
"628","SYST-MOR-0007434",1e-05,1e-05,1e-05,1e-05,0.99989,1e-05,1e-05,0,0,1e-05,1e-05,2e-05,1e-05,1e-05,1e-05,1e-05,1e-05,0.99989,1e-05,1e-05,0,0,1e-05,1e-05,1e-05,2e-05,"IN-MG640","Quercus macrocarpa Michx.","Indiana","Burr Oak Woods, Hobart","41.53239","-87.29708","mac","pure"
"631","SYST-MOR-0007437",2e-05,1e-05,1e-05,1e-05,0.9999,0,0,1e-05,1e-05,1e-05,0,1e-05,0,2e-05,1e-05,1e-05,1e-05,0.9999,0,0,1e-05,1e-05,1e-05,0,0,1e-05,"MI-MG664","Quercus macrocarpa Michx.","Michigan","Pinconning Park, Campground","43.85326","-83.92494","mac","pure"
"634","SYST-MOR-0007440",0,1e-05,1.9e-05,1e-05,0.999875,0,1e-05,2.8e-05,1e-05,1.8e-05,0,1e-05,0,0,1e-05,1.9e-05,1e-05,0.999875,0,1e-05,2.8e-05,1e-05,1.8e-05,0,0,1e-05,"MI-MG667","Quercus macrocarpa Michx.","Michigan","Pinconning Park, Ed Donnelly Trail","43.84961","-83.92347","mac","pure"
"635","SYST-MOR-0007441",1e-05,1e-05,1e-05,1e-05,0.9999,1e-05,1e-05,0,0,0,0,1e-05,0,1e-05,1e-05,1e-05,1e-05,0.9999,1e-05,1e-05,0,0,0,0,0,1e-05,"MI-MG668","Quercus macrocarpa Michx.","Michigan","Pinconning Park, Ed Donnelly Trail","43.84822","-83.92385","mac","pure"
"638","SYST-MOR-0007444",1e-05,1e-05,1e-05,1e-05,0.9999,1e-05,1e-05,1e-05,1e-05,0,0,1e-05,1e-05,1e-05,1e-05,1e-05,1e-05,0.9999,1e-05,1e-05,1e-05,1e-05,0,1e-05,0,1e-05,"MI-MG671","Quercus macrocarpa Michx.","Michigan","Pinconning Park, Campground","43.85603","-83.92487","mac","pure"
"640","SYST-MOR-0007446",0,1e-05,1e-05,1e-05,0.99989,0,1e-05,2e-05,1e-05,1e-05,1e-05,2e-05,1e-05,0,1e-05,1e-05,1e-05,0.99989,0,1e-05,2e-05,1e-05,1e-05,1e-05,1e-05,2e-05,"MN-MG761","Quercus macrocarpa Michx.","Minnesota","Ottawa Bluffs","44.36388","-93.93543","mac","pure"
"641","SYST-MOR-0007447",2e-05,1e-05,1e-05,1e-05,0.9999,1e-05,1e-05,0,0,1e-05,0,1e-05,0,2e-05,1e-05,1e-05,1e-05,0.9999,1e-05,1e-05,0,0,1e-05,0,0,1e-05,"MN-MG762","Quercus macrocarpa Michx.","Minnesota","Ottawa Bluffs","44.36388","-93.93543","mac","pure"
"642","SYST-MOR-0007448",2e-05,1e-05,1e-05,1e-05,0.99989,1e-05,1e-05,1e-05,1e-05,1e-05,0,1e-05,0,2e-05,1e-05,1e-05,1e-05,0.99989,1e-05,1e-05,1e-05,1e-05,1e-05,0,0,1e-05,"MN-MG763","Quercus macrocarpa Michx.","Minnesota","Ottawa Bluffs","44.36388","-93.93543","mac","pure"
"643","SYST-MOR-0007449",1e-05,0,1e-05,0,0.998632,1e-05,1e-05,0.001278,1e-05,1e-05,1e-05,2e-05,1e-05,1e-05,0,1e-05,0,0.998632,1e-05,1e-05,0.001278,1e-05,1e-05,1e-05,1e-05,2e-05,"MN-MG764","Quercus macrocarpa Michx.","Minnesota","Ottawa Bluffs","44.36388","-93.93543","mac","pure"
"644","SYST-MOR-0007450",2e-05,1e-05,1e-05,1e-05,0.99989,1e-05,1e-05,1e-05,1e-05,0,0,1e-05,0,2e-05,1e-05,1e-05,1e-05,0.99989,1e-05,1e-05,1e-05,1e-05,0,0,0,1e-05,"MN-MG765","Quercus macrocarpa Michx.","Minnesota","Ottawa Bluffs","44.36413","-93.93551","mac","pure"
"645","SYST-MOR-0007451",0,1e-05,1e-05,1e-05,0.99989,0,1e-05,2e-05,1e-05,1e-05,1e-05,2e-05,1e-05,0,1e-05,1e-05,1e-05,0.99989,0,1e-05,2e-05,1e-05,1e-05,1e-05,1e-05,2e-05,"MN-MG766","Quercus macrocarpa Michx.","Minnesota","Ottawa Bluffs","44.36413","-93.93551","mac","pure"
"646","SYST-MOR-0007452",1e-05,1e-05,1e-05,1e-05,0.99989,1e-05,1e-05,2e-05,1e-05,0,0,1e-05,0,1e-05,1e-05,1e-05,1e-05,0.99989,1e-05,1e-05,2e-05,1e-05,0,0,0,1e-05,"MN-MG767","Quercus macrocarpa Michx.","Minnesota","Ottawa Bluffs","44.36413","-93.93551","mac","pure"
"647","SYST-MOR-0007453",2e-05,2e-05,1.3e-05,1e-05,0.999887,1e-05,1e-05,0,0,1e-05,0,1e-05,0,2e-05,2e-05,1.3e-05,1e-05,0.999887,1e-05,1e-05,0,0,1e-05,0,0,1e-05,"MN-MG768","Quercus macrocarpa Michx.","Minnesota","Ottawa Bluffs","44.36413","-93.93551","mac","pure"
"648","SYST-MOR-0007454",1e-05,1e-05,2e-05,1e-05,0.99989,0,0,1e-05,1e-05,1e-05,1e-05,2e-05,1e-05,1e-05,1e-05,2e-05,1e-05,0.99989,0,0,1e-05,1e-05,1e-05,1e-05,1e-05,2e-05,"MN-MG769","Quercus macrocarpa Michx.","Minnesota","Ottawa Bluffs","44.36389","-93.93539","mac","pure"
"649","SYST-MOR-0007455",0,1e-05,1e-05,1e-05,0.99989,0,1e-05,2e-05,1e-05,1e-05,1e-05,2e-05,1e-05,0,1e-05,1e-05,1e-05,0.99989,0,1e-05,2e-05,1e-05,1e-05,1e-05,1e-05,2e-05,"MN-MG770","Quercus macrocarpa Michx.","Minnesota","Quarry Park State Natural Area, Waite Park","45.53","-94.23291","mac","pure"
"650","SYST-MOR-0007456",1.1e-05,1e-05,2e-05,1e-05,0.999889,1e-05,1e-05,1e-05,1e-05,1e-05,0,1e-05,0,1.1e-05,1e-05,2e-05,1e-05,0.999889,1e-05,1e-05,1e-05,1e-05,1e-05,0,0,1e-05,"MN-MG771","Quercus macrocarpa Michx.","Minnesota","Quarry Park State Natural Area, Waite Park","45.52989","-94.23407","mac","pure"
"651","SYST-MOR-0007457",1e-05,1e-05,2e-05,1e-05,0.99989,0,0,1e-05,1e-05,1e-05,1e-05,2e-05,1e-05,1e-05,1e-05,2e-05,1e-05,0.99989,0,0,1e-05,1e-05,1e-05,1e-05,1e-05,2e-05,"MN-MG772","Quercus macrocarpa Michx.","Minnesota","Quarry Park State Natural Area, Waite Park","45.53001","-94.23533","mac","pure"
"652","SYST-MOR-0007458",2e-05,1e-05,1e-05,1e-05,0.9999,0,0,1e-05,1e-05,1e-05,0,1e-05,0,2e-05,1e-05,1e-05,1e-05,0.9999,0,0,1e-05,1e-05,1e-05,0,0,1e-05,"MN-MG773","Quercus macrocarpa Michx.","Minnesota","Quarry Park State Natural Area, Waite Park","45.52997","-94.23644","mac","pure"
"653","SYST-MOR-0007459",1e-05,1e-05,1e-05,1e-05,0.99989,1e-05,1e-05,1e-05,1e-05,1e-05,0,1e-05,0,2e-05,2e-05,2e-05,2.5e-05,0.9999,1e-05,1e-05,2.8e-05,1.1e-05,1e-05,1e-05,1e-05,2e-05,"MN-MG774","Quercus macrocarpa Michx.","Minnesota","Quarry Park State Natural Area, Waite Park","45.53011","-94.23817","mac","pure"
"654","SYST-MOR-0007460",1e-05,2e-05,1e-05,1e-05,0.99989,1e-05,1e-05,1e-05,1e-05,1e-05,0,1e-05,0,1e-05,2e-05,1e-05,1e-05,0.99989,1e-05,1e-05,1e-05,1e-05,1e-05,0,0,1e-05,"MN-MG775","Quercus macrocarpa Michx.","Minnesota","Quarry Park State Natural Area, Waite Park","45.52999","-94.23932","mac","pure"
"655","SYST-MOR-0007461",1e-05,0,1e-05,0,0.9999,1e-05,1e-05,1e-05,1e-05,1e-05,1e-05,2e-05,1e-05,1e-05,0,1e-05,0,0.9999,1e-05,1e-05,1e-05,1e-05,1e-05,1e-05,1e-05,2e-05,"MN-MG776","Quercus macrocarpa Michx.","Minnesota","Quarry Park State Natural Area, Waite Park","45.5299","-94.24018","mac","pure"
"656","SYST-MOR-0007462",1e-05,1e-05,1e-05,1e-05,0.999886,1e-05,1e-05,2e-05,1.4e-05,0,0,1e-05,0,1e-05,1e-05,1e-05,1e-05,0.999886,1e-05,1e-05,2e-05,1.4e-05,0,0,0,1e-05,"MN-MG777","Quercus macrocarpa Michx.","Minnesota","Quarry Park State Natural Area, Waite Park","45.5299","-94.24018","mac","pure"
"657","SYST-MOR-0007463",2e-05,1e-05,1e-05,1e-05,0.9999,1e-05,1e-05,0,0,1e-05,0,1e-05,0,2e-05,1e-05,1e-05,1e-05,0.9999,1e-05,1e-05,0,0,1e-05,0,0,1e-05,"MN-MG778","Quercus macrocarpa Michx.","Minnesota","Quarry Park State Natural Area, Waite Park","45.52907","-94.24121","mac","pure"
"658","SYST-MOR-0007464",1e-05,1e-05,1e-05,1e-05,0.99989,1e-05,1e-05,1e-05,1e-05,1e-05,0,1e-05,0,2e-05,2e-05,2e-05,2e-05,0.9999,1e-05,1.9e-05,2.3e-05,2e-05,1.9e-05,1e-05,1e-05,2e-05,"MN-MG779","Quercus macrocarpa Michx.","Minnesota","Quarry Park State Natural Area, Waite Park","45.52887","-94.24085","mac","pure"
"659","SYST-MOR-0007465",1e-05,1e-05,1e-05,1e-05,0.9999,1e-05,1e-05,1e-05,1e-05,0,0,1e-05,1e-05,1e-05,1e-05,1e-05,1e-05,0.9999,1e-05,1e-05,1e-05,1e-05,0,1e-05,0,1e-05,"MN-MG780","Quercus macrocarpa Michx.","Minnesota","Quarry Park State Natural Area, Waite Park","45.53088","-94.23989","mac","pure"
"660","SYST-MOR-0007466",1e-05,2e-05,1e-05,1e-05,0.99989,1e-05,1e-05,1e-05,1e-05,1e-05,0,1e-05,0,1e-05,2e-05,1e-05,1e-05,0.99989,1e-05,1e-05,1e-05,1e-05,1e-05,0,0,1e-05,"OH-MG797","Quercus macrocarpa Michx.","Ohio","Pearl King Savanna","40.0436","-83.47987","mac","pure"
"661","SYST-MOR-0007467",1e-05,2e-05,1e-05,1e-05,0.999885,1e-05,1e-05,1e-05,1.5e-05,1e-05,0,1e-05,0,1e-05,2e-05,1e-05,1e-05,0.999885,1e-05,1e-05,1e-05,1.5e-05,1e-05,0,0,1e-05,"OH-MG798","Quercus macrocarpa Michx.","Ohio","Pearl King Savanna","40.04397","-83.48038","mac","pure"
"662","SYST-MOR-0007468",1e-05,1e-05,1e-05,1e-05,0.99989,1e-05,1e-05,1e-05,1e-05,1e-05,1e-05,2e-05,1e-05,1e-05,1e-05,1e-05,1e-05,0.99989,1e-05,1e-05,1e-05,1e-05,1e-05,1e-05,1e-05,2e-05,"OH-MG799","Quercus macrocarpa Michx.","Ohio","Pearl King Savanna","40.04433","-83.48064","mac","pure"
"663","SYST-MOR-0007469",2e-05,2e-05,1e-05,1e-05,0.99989,1e-05,1e-05,0,0,1e-05,0,1e-05,0,2e-05,2e-05,1e-05,1e-05,0.99989,1e-05,1e-05,0,0,1e-05,0,0,1e-05,"OH-MG800","Quercus macrocarpa Michx.","Ohio","Pearl King Savanna","40.04521","-83.47924","mac","pure"
"664","SYST-MOR-0007470",1e-05,1e-05,1e-05,1e-05,0.99989,1e-05,1e-05,0,0,1e-05,1e-05,2e-05,1e-05,1e-05,1e-05,1e-05,1e-05,0.99989,1e-05,1e-05,0,0,1e-05,1e-05,1e-05,2e-05,"OH-MG801","Quercus macrocarpa Michx.","Ohio","Pearl King Savanna","40.04568","-83.47935","mac","pure"
"665","SYST-MOR-0007471",1e-05,1e-05,1e-05,1e-05,1e-05,1e-05,1e-05,1e-05,1e-05,1e-05,0,0.99989,0,1e-05,2e-05,2e-05,2.3e-05,3e-05,1e-05,1e-05,2e-05,2e-05,1e-05,1e-05,0.99989,0.9999,"OH-MG802","Quercus stellata Wangenh.","Ohio","Pearl King Savanna","40.04604","-83.47885","ste","pure"
"666","SYST-MOR-0007472",1e-05,1e-05,1e-05,1e-05,0.9999,1e-05,1e-05,0,0,0,0,1e-05,0,1e-05,1e-05,1e-05,1e-05,0.9999,1e-05,1e-05,0,0,0,0,0,1e-05,"OH-MG803","Quercus macrocarpa Michx.","Ohio","Pearl King Savanna","40.04499","-83.47735","mac","pure"
"667","SYST-MOR-0007473",1e-05,0,1e-05,0,0.999899,1e-05,1e-05,1e-05,1e-05,1e-05,1e-05,2e-05,1e-05,1e-05,0,1e-05,0,0.999899,1e-05,1e-05,1e-05,1e-05,1e-05,1e-05,1e-05,2e-05,"OH-MG804","Quercus macrocarpa Michx.","Ohio","Pearl King Savanna","40.04436","-83.47891","mac","pure"
"668","SYST-MOR-0007474",1e-05,1e-05,2.8e-05,1e-05,0.999879,1e-05,1e-05,1e-05,1.3e-05,1e-05,0,1e-05,0,1e-05,1e-05,2.8e-05,1e-05,0.999879,1e-05,1e-05,1e-05,1.3e-05,1e-05,0,0,1e-05,"OH-MG805","Quercus macrocarpa Michx.","Ohio","Pearl King Savanna","40.04413","-83.47883","mac","pure"
"669","SYST-MOR-0007475",1e-05,2e-05,1e-05,1e-05,0.99989,1e-05,1e-05,1e-05,1e-05,1e-05,0,1e-05,0,1e-05,2e-05,1e-05,1e-05,0.99989,1e-05,1e-05,1e-05,1e-05,1e-05,0,0,1e-05,"OH-MG806","Quercus macrocarpa Michx.","Ohio","Pearl King Savanna","40.04367","-83.47956","mac","pure"
"670","SYST-MOR-0007476",2.1e-05,1e-05,1e-05,1e-05,0.999889,1e-05,1e-05,1e-05,1e-05,0,0,1e-05,0,2.1e-05,1e-05,1e-05,1e-05,0.999889,1e-05,1e-05,1e-05,1e-05,0,0,0,1e-05,"OH-MG807","Quercus macrocarpa Michx.","Ohio","Daughmer Prairie Savannah State Nature Preserve","40.73097","-83.09257","mac","pure"
"671","SYST-MOR-0007477",1e-05,1e-05,1e-05,1e-05,0.999887,1e-05,1e-05,2.3e-05,1e-05,0,0,1e-05,0,1e-05,1e-05,1e-05,1e-05,0.999887,1e-05,1e-05,2.3e-05,1e-05,0,0,0,1e-05,"OH-MG808","Quercus macrocarpa Michx.","Ohio","Daughmer Prairie Savannah State Nature Preserve","40.73122","-83.09328","mac","pure"
"672","SYST-MOR-0007478",1e-05,1e-05,2e-05,1e-05,0.99989,0,0,1e-05,1e-05,1e-05,1e-05,2e-05,1e-05,1e-05,1e-05,2e-05,1e-05,0.99989,0,0,1e-05,1e-05,1e-05,1e-05,1e-05,2e-05,"OH-MG809","Quercus macrocarpa Michx.","Ohio","Daughmer Prairie Savannah State Nature Preserve","40.73143","-83.094","mac","pure"
"673","SYST-MOR-0007479",0,1e-05,1e-05,1e-05,0.9999,0,1e-05,2e-05,1e-05,1e-05,0,1e-05,0,0,1e-05,1e-05,1e-05,0.9999,0,1e-05,2e-05,1e-05,1e-05,0,0,1e-05,"OH-MG810","Quercus macrocarpa Michx.","Ohio","Daughmer Prairie Savannah State Nature Preserve","40.73155","-83.09454","mac","pure"
"674","SYST-MOR-0007480",1e-05,1e-05,1e-05,1e-05,0.999889,1e-05,1e-05,1e-05,1.1e-05,1e-05,1e-05,2e-05,1e-05,1e-05,1e-05,1e-05,1e-05,0.999889,1e-05,1e-05,1e-05,1.1e-05,1e-05,1e-05,1e-05,2e-05,"OH-MG811","Quercus macrocarpa Michx.","Ohio","Daughmer Prairie Savannah State Nature Preserve","40.73036","-83.09472","mac","pure"
"675","SYST-MOR-0007481",0,1e-05,1e-05,1e-05,0.99989,0,1e-05,2e-05,1e-05,1e-05,1e-05,2e-05,1e-05,0,1e-05,1e-05,1e-05,0.99989,0,1e-05,2e-05,1e-05,1e-05,1e-05,1e-05,2e-05,"OH-MG812","Quercus macrocarpa Michx.","Ohio","Daughmer Prairie Savannah State Nature Preserve","40.72946","-83.09711","mac","pure"
"676","SYST-MOR-0007482",0,1e-05,1e-05,1e-05,0.9999,0,1e-05,2e-05,1e-05,1e-05,0,1e-05,0,0,1e-05,1e-05,1e-05,0.9999,0,1e-05,2e-05,1e-05,1e-05,0,0,1e-05,"OH-MG813","Quercus macrocarpa Michx.","Ohio","Daughmer Prairie Savannah State Nature Preserve","40.72834","-83.09625","mac","pure"
"677","SYST-MOR-0007483",1e-05,2e-05,1e-05,1e-05,0.99989,1e-05,1e-05,1e-05,1e-05,1e-05,0,1e-05,0,1e-05,2e-05,1e-05,1e-05,0.99989,1e-05,1e-05,1e-05,1e-05,1e-05,0,0,1e-05,"OH-MG814","Quercus macrocarpa Michx.","Ohio","Daughmer Prairie Savannah State Nature Preserve","40.72835","-83.09536","mac","pure"
"678","SYST-MOR-0007484",2e-05,1e-05,1.2e-05,1e-05,0.999898,1e-05,1e-05,0,0,1e-05,0,1e-05,0,2e-05,1e-05,1.2e-05,1e-05,0.999898,1e-05,1e-05,0,0,1e-05,0,0,1e-05,"OH-MG815","Quercus macrocarpa Michx.","Ohio","Daughmer Prairie Savannah State Nature Preserve","40.72819","-83.09294","mac","pure"
"679","SYST-MOR-0007485",1e-05,1e-05,1e-05,1e-05,0.999887,1e-05,1e-05,0,0,0,0,1e-05,0,1e-05,1e-05,1e-05,2.2e-05,0.9999,1e-05,1e-05,1.1e-05,1e-05,0,0,0,1e-05,"OH-MG816","Quercus macrocarpa Michx.","Ohio","Daughmer Prairie Savannah State Nature Preserve","40.72944","-83.09261","mac","pure"
"680","SYST-MOR-0007486",1e-05,1e-05,1e-05,1e-05,0.99989,1e-05,1e-05,1e-05,1e-05,1e-05,1e-05,2e-05,1e-05,1e-05,1e-05,1e-05,1e-05,0.99989,1e-05,1e-05,1e-05,1e-05,1e-05,1e-05,1e-05,2e-05,"JCB-SD-CSP-1001","Quercus macrocarpa Michx.","South Dakota","Custer State Park driving eastward towards Hermosa on US16 Alt-W","43.76049","-103.47675","mac","pure"
"681","SYST-MOR-0007487",1e-05,1e-05,1e-05,1e-05,0.99989,1e-05,1e-05,1e-05,1e-05,0,0,1e-05,0,1e-05,1e-05,1e-05,1e-05,0.99989,1e-05,1e-05,1e-05,1e-05,0,0,0,1e-05,"JCB-SD-CSP-1002","Quercus macrocarpa Michx.","South Dakota","Custer State Park driving eastward towards Hermosa on US16 Alt-W","43.76195","-103.47226","mac","pure"
"682","SYST-MOR-0007488",1e-05,1e-05,1e-05,1e-05,0.99989,1e-05,1e-05,1e-05,1e-05,1e-05,0,1e-05,0,1e-05,2e-05,2e-05,1e-05,0.999893,1e-05,1.3e-05,1e-05,1e-05,1e-05,1e-05,1.5e-05,2.5e-05,"JCB-SD-CSP-1003","Quercus macrocarpa Michx.","South Dakota","Custer State Park driving eastward towards Hermosa on US16 Alt-W","43.76207","-103.46704","mac","pure"
"683","SYST-MOR-0007489",1e-05,1e-05,1e-05,1e-05,0.9999,1e-05,1e-05,0,0,1e-05,0,2e-05,1e-05,1e-05,1e-05,1e-05,1e-05,0.9999,1e-05,1e-05,0,0,1e-05,1e-05,0,2e-05,"JCB-SD-CSP-1004","Quercus macrocarpa Michx.","South Dakota","Custer State Park driving eastward towards Hermosa on US16 Alt-W","43.76737","-103.45567","mac","pure"
"684","SYST-MOR-0007490",1e-05,1e-05,1e-05,1e-05,0.99989,1e-05,1e-05,0,0,1e-05,1e-05,2e-05,1e-05,1e-05,1e-05,1e-05,1e-05,0.99989,1e-05,1e-05,0,0,1e-05,1e-05,1e-05,2e-05,"JCB-SD-CSP-1005","Quercus macrocarpa Michx.","South Dakota","Custer State Park driving eastward towards Hermosa on US16 Alt-W","43.7746","-103.43264","mac","pure"
"685","SYST-MOR-0007491",1e-05,2e-05,1e-05,1e-05,0.99989,1e-05,1e-05,1e-05,1e-05,1e-05,0,1e-05,0,1e-05,2e-05,1e-05,1e-05,0.99989,1e-05,1e-05,1e-05,1e-05,1e-05,0,0,1e-05,"JCB-SD-CSP-1006","Quercus macrocarpa Michx.","South Dakota","Custer State Park driving eastward towards Hermosa on US16 Alt-W","43.77624","-103.41792","mac","pure"
"686","SYST-MOR-0007492",1e-05,1e-05,1e-05,1e-05,0.99989,1e-05,1e-05,0,0,1e-05,1e-05,2e-05,1e-05,1e-05,1e-05,1e-05,1e-05,0.99989,1e-05,1e-05,0,0,1e-05,1e-05,1e-05,2e-05,"JCB-SD-CSP-1007","Quercus macrocarpa Michx.","South Dakota","Custer State Park driving eastward towards Hermosa on US16 Alt-W","43.77816","-103.40278","mac","pure"
"687","SYST-MOR-0007493",1e-05,1e-05,1e-05,2e-05,0.99989,1e-05,1e-05,1e-05,1e-05,0,0,1e-05,0,1e-05,1e-05,1e-05,2e-05,0.99989,1e-05,1e-05,1e-05,1e-05,0,0,0,1e-05,"JCB-SD-CSP-1008","Quercus macrocarpa Michx.","South Dakota","Custer State Park driving eastward towards Hermosa on US16 Alt-W","43.76564","-103.3884","mac","pure"
"688","SYST-MOR-0007494",0,1e-05,1e-05,1e-05,0.99989,0,1e-05,2e-05,1e-05,1e-05,1e-05,2e-05,1e-05,0,1e-05,1e-05,1e-05,0.99989,0,1e-05,2e-05,1e-05,1e-05,1e-05,1e-05,2e-05,"JCB-SD-CSP-1009","Quercus macrocarpa Michx.","South Dakota","Just east of Custer State Park driving eastward towards Hermosa on US16 Alt-W","43.77278","-103.33803","mac","pure"
"689","SYST-MOR-0007495",1e-05,1e-05,1e-05,1.4e-05,0.999896,1e-05,1e-05,0,0,0,0,1e-05,0,1e-05,1e-05,1e-05,1.4e-05,0.999896,1e-05,1e-05,0,0,0,0,0,1e-05,"JCB-SD-US16-1010","Quercus macrocarpa Michx.","South Dakota","East of Custer State Park driving eastward towards Hermosa on US16 Alt-W","43.81684","-103.25005","mac","pure"
"690","SYST-MOR-0007496",0,1e-05,1e-05,1e-05,0.9999,0,1e-05,2e-05,1e-05,1e-05,0,1e-05,0,0,1e-05,1e-05,1e-05,0.9999,0,1e-05,2e-05,1e-05,1e-05,0,0,1e-05,"JCB-SD-SPF-1011","Quercus macrocarpa Michx.","South Dakota","5 miles south of Spearfish HWY 85 and Colorado Blvd","44.47413","-103.73782","mac","pure"
"694","SYST-MOR-0007500",2e-05,1e-05,1e-05,1e-05,0.9999,0,0,1e-05,1e-05,1e-05,0,1e-05,0,2e-05,1e-05,1e-05,1e-05,0.9999,0,0,1e-05,1e-05,1e-05,0,0,1e-05,"JCB-SD-SPF-1015","Quercus macrocarpa Michx.","South Dakota","heading towards Spearfish","44.4765","-103.84972","mac","pure"
