,sample,alb,biclyr,lob,mac,micmon,muepri,sinstemar,pureCount,hybCount,hyb,sinstemar_1,muepri_1,alb_1,biclyr_1,lob_1,mac1_1,mac2_1,micmon_1,macComb,
1,SRR14632920,none,none,pure?,none,none,none,none,1,0,pure,1.00E-05,1.00E-05,1.00E-05,1.00E-05,0.99993,1.00E-05,1.00E-05,1.00E-05,2.00E-05,FALSE
2,SRR14632922,none,none,pure?,none,none,none,none,1,0,pure,1.00E-05,1.00E-05,1.00E-05,1.00E-05,0.99993,1.00E-05,1.00E-05,1.00E-05,2.00E-05,FALSE
3,SRR14632924,none,none,pure?,none,none,none,none,1,0,pure,1.00E-05,1.00E-05,1.00E-05,1.00E-05,0.999929,1.00E-05,1.10E-05,1.00E-05,2.10E-05,FALSE
4,SRR14632927,none,none,pure?,none,none,none,none,1,0,pure,1.00E-05,1.00E-05,1.00E-05,1.00E-05,0.999921,1.90E-05,1.00E-05,1.00E-05,2.90E-05,FALSE
5,SRR14632928,none,none,pure?,none,none,none,none,1,0,pure,1.00E-05,1.00E-05,1.00E-05,1.00E-05,0.99993,1.00E-05,1.00E-05,1.00E-05,2.00E-05,FALSE
6,SRR14632929,none,none,pure?,none,none,none,none,1,0,pure,1.00E-05,1.00E-05,1.00E-05,1.00E-05,0.99993,1.00E-05,1.00E-05,1.00E-05,2.00E-05,FALSE
7,SRR14632932,none,none,pure?,none,none,none,none,1,0,pure,1.00E-05,1.00E-05,1.00E-05,1.00E-05,0.99993,1.00E-05,1.00E-05,1.00E-05,2.00E-05,FALSE
8,SRR14632934,none,none,pure?,none,none,none,none,1,0,pure,1.00E-05,1.10E-05,1.00E-05,1.00E-05,0.999929,1.00E-05,1.00E-05,1.00E-05,2.00E-05,FALSE
9,SRR14632950,none,none,pure?,none,none,none,none,1,0,pure,1.00E-05,1.00E-05,1.00E-05,1.00E-05,0.999927,1.00E-05,1.30E-05,1.00E-05,2.30E-05,FALSE
10,SRR14632955,none,none,pure?,none,none,none,none,1,0,pure,1.00E-05,1.00E-05,1.00E-05,1.00E-05,0.99993,1.00E-05,1.00E-05,1.00E-05,2.00E-05,FALSE
11,SRR14632961,none,none,pure?,none,none,none,none,1,0,pure,1.00E-05,1.00E-05,1.00E-05,1.00E-05,0.99993,1.00E-05,1.00E-05,1.00E-05,2.00E-05,FALSE
12,SRR14632964,none,none,pure?,none,none,none,none,1,0,pure,1.00E-05,1.00E-05,1.00E-05,1.00E-05,0.99993,1.00E-05,1.00E-05,1.00E-05,2.00E-05,FALSE
13,SRR14632967,none,none,pure?,none,none,none,none,1,0,pure,1.00E-05,1.00E-05,1.00E-05,1.00E-05,0.99993,1.00E-05,1.00E-05,1.00E-05,2.00E-05,FALSE
14,SRR14632968,none,none,pure?,none,none,none,none,1,0,pure,1.00E-05,1.00E-05,1.00E-05,1.00E-05,0.99993,1.00E-05,1.00E-05,1.00E-05,2.00E-05,FALSE
15,SRR14632969,none,none,pure?,none,none,none,none,1,0,pure,1.00E-05,1.00E-05,1.10E-05,1.00E-05,0.999928,1.00E-05,1.00E-05,1.00E-05,2.00E-05,FALSE
16,SRR14632970,none,none,pure?,none,none,none,none,1,0,pure,1.00E-05,1.00E-05,1.00E-05,1.00E-05,0.99993,1.00E-05,1.00E-05,1.00E-05,2.00E-05,FALSE
17,SRR3244044,none,none,pure?,none,none,none,none,1,0,pure,1.00E-05,1.00E-05,1.00E-05,1.00E-05,0.99993,1.00E-05,1.00E-05,1.00E-05,2.00E-05,FALSE
18,SYST-MOR-0006717,hybrid?,none,none,none,hybrid?,none,none,0,2,hybrid,1.00E-05,1.00E-05,0.058373,1.00E-05,1.00E-05,1.00E-05,1.00E-05,0.941567,2.00E-05,FALSE
19,SYST-MOR-0006718,none,none,none,none,pure?,none,none,1,0,pure,1.00E-05,1.00E-05,0.05292,1.00E-05,1.00E-05,1.00E-05,1.00E-05,0.94702,2.00E-05,FALSE
20,SYST-MOR-0006719,none,none,none,none,pure?,none,none,1,0,pure,1.00E-05,1.00E-05,0.048625,1.00E-05,1.00E-05,1.00E-05,1.00E-05,0.951315,2.00E-05,FALSE
21,SYST-MOR-0006720,none,none,none,none,none,none,pure?,1,0,pure,0.99993,1.00E-05,1.00E-05,1.00E-05,1.00E-05,1.00E-05,1.00E-05,1.00E-05,2.00E-05,FALSE
22,SYST-MOR-0006721,none,none,none,pure?,none,none,none,1,0,pure,1.00E-05,1.00E-05,1.00E-05,1.00E-05,1.00E-05,0.910625,0.089315,1.00E-05,0.99994,TRUE
23,SYST-MOR-0006722,none,none,none,pure?,none,none,none,1,0,pure,1.00E-05,1.00E-05,1.00E-05,1.00E-05,1.00E-05,0.830774,0.169166,1.00E-05,0.99994,TRUE
24,SYST-MOR-0006723,none,none,none,pure?,none,none,none,1,0,pure,1.00E-05,1.00E-05,1.00E-05,1.00E-05,1.00E-05,0.954728,0.045212,1.00E-05,0.99994,TRUE
25,SYST-MOR-0006724,none,none,none,pure?,none,none,none,1,0,pure,1.00E-05,1.00E-05,1.00E-05,1.00E-05,1.00E-05,0.947381,0.052559,1.00E-05,0.99994,TRUE
26,SYST-MOR-0006725,none,none,none,pure?,none,none,none,1,0,pure,1.00E-05,1.00E-05,1.00E-05,1.00E-05,1.00E-05,0.99993,1.00E-05,1.00E-05,0.99994,TRUE
27,SYST-MOR-0006726,none,none,none,none,none,pure?,none,1,0,pure,1.00E-05,0.99993,1.00E-05,1.00E-05,1.00E-05,1.00E-05,1.00E-05,1.00E-05,2.00E-05,FALSE
28,SYST-MOR-0006727,none,none,none,none,none,pure?,none,1,0,pure,1.00E-05,0.99993,1.00E-05,1.00E-05,1.00E-05,1.00E-05,1.00E-05,1.00E-05,2.00E-05,FALSE
29,SYST-MOR-0006728,none,none,none,none,none,pure?,none,1,0,pure,1.00E-05,0.999929,1.10E-05,1.00E-05,1.00E-05,1.00E-05,1.00E-05,1.00E-05,2.00E-05,FALSE
30,SYST-MOR-0006729,none,none,none,pure?,none,none,none,1,0,pure,1.00E-05,1.00E-05,1.00E-05,1.00E-05,1.00E-05,0.14716,0.85278,1.00E-05,0.99994,TRUE
31,SYST-MOR-0006730,pure?,none,none,none,none,none,none,1,0,pure,1.00E-05,1.10E-05,0.999929,1.00E-05,1.00E-05,1.00E-05,1.00E-05,1.00E-05,2.00E-05,TRUE
32,SYST-MOR-0006731,none,none,none,pure?,none,none,none,1,0,pure,1.00E-05,1.00E-05,1.00E-05,1.00E-05,1.00E-05,0.07727,0.92267,1.00E-05,0.99994,TRUE
33,SYST-MOR-0006732,pure?,none,none,none,none,none,none,1,0,pure,1.00E-05,1.00E-05,0.999929,1.00E-05,1.10E-05,1.00E-05,1.00E-05,1.00E-05,2.00E-05,TRUE
34,SYST-MOR-0006733,none,pure?,none,none,none,none,none,1,0,pure,1.00E-05,1.00E-05,1.20E-05,0.995717,1.00E-05,1.00E-05,0.004221,1.00E-05,0.004231,TRUE
35,SYST-MOR-0006734,pure?,none,none,none,none,none,none,1,0,pure,1.00E-05,1.00E-05,0.99993,1.00E-05,1.00E-05,1.00E-05,1.00E-05,1.00E-05,2.00E-05,TRUE
36,SYST-MOR-0006735,none,none,none,pure?,none,none,none,1,0,pure,1.00E-05,1.00E-05,1.00E-05,1.00E-05,0.004273,0.212763,0.782914,1.00E-05,0.995677,TRUE
37,SYST-MOR-0006736,pure?,none,none,none,none,none,none,1,0,pure,1.00E-05,1.00E-05,0.990224,1.00E-05,1.00E-05,0.009716,1.00E-05,1.00E-05,0.009726,TRUE
38,SYST-MOR-0006737,none,none,none,pure?,none,none,none,1,0,pure,1.00E-05,1.00E-05,1.00E-05,1.00E-05,1.00E-05,0.170188,0.829752,1.00E-05,0.99994,TRUE
39,SYST-MOR-0006738,none,none,none,pure?,none,none,none,1,0,pure,1.00E-05,1.00E-05,1.00E-05,1.00E-05,1.00E-05,0.28859,0.71135,1.00E-05,0.99994,TRUE
40,SYST-MOR-0006739,pure?,none,none,none,none,none,none,1,0,pure,1.00E-05,1.00E-05,0.99993,1.00E-05,1.00E-05,1.00E-05,1.00E-05,1.00E-05,2.00E-05,TRUE
41,SYST-MOR-0006740,none,none,none,pure?,none,none,none,1,0,pure,1.00E-05,1.00E-05,1.00E-05,1.00E-05,1.00E-05,0.139016,0.860924,1.00E-05,0.99994,TRUE
42,SYST-MOR-0006741,pure?,none,none,none,none,none,none,1,0,pure,1.00E-05,1.00E-05,0.99993,1.00E-05,1.00E-05,1.00E-05,1.00E-05,1.00E-05,2.00E-05,TRUE
43,SYST-MOR-0006742,none,none,none,none,none,none,pure?,1,0,pure,0.99993,1.00E-05,1.00E-05,1.00E-05,1.00E-05,1.00E-05,1.00E-05,1.00E-05,2.00E-05,FALSE
44,SYST-MOR-0006743,pure?,none,none,none,none,none,none,1,0,pure,1.00E-05,1.00E-05,0.99993,1.00E-05,1.00E-05,1.00E-05,1.00E-05,1.00E-05,2.00E-05,TRUE
45,SYST-MOR-0006744,none,none,none,none,none,pure?,none,1,0,pure,1.00E-05,0.999927,1.30E-05,1.00E-05,1.00E-05,1.00E-05,1.00E-05,1.00E-05,2.00E-05,FALSE
46,SYST-MOR-0006745,none,none,none,none,none,pure?,none,1,0,pure,1.00E-05,0.99993,1.00E-05,1.00E-05,1.00E-05,1.00E-05,1.00E-05,1.00E-05,2.00E-05,FALSE
47,SYST-MOR-0006746,pure?,none,none,none,none,none,none,1,0,pure,1.00E-05,1.00E-05,0.99993,1.00E-05,1.00E-05,1.00E-05,1.00E-05,1.00E-05,2.00E-05,TRUE
48,SYST-MOR-0006747,none,none,none,none,none,none,pure?,1,0,pure,0.99993,1.00E-05,1.00E-05,1.00E-05,1.00E-05,1.00E-05,1.00E-05,1.00E-05,2.00E-05,FALSE
49,SYST-MOR-0006748,none,none,none,none,none,none,pure?,1,0,pure,0.99993,1.00E-05,1.00E-05,1.00E-05,1.00E-05,1.00E-05,1.00E-05,1.00E-05,2.00E-05,FALSE
50,SYST-MOR-0006749,none,none,none,none,none,none,pure?,1,0,pure,0.99993,1.00E-05,1.00E-05,1.00E-05,1.00E-05,1.00E-05,1.00E-05,1.00E-05,2.00E-05,FALSE
51,SYST-MOR-0006750,pure?,none,none,none,none,none,none,1,0,pure,1.00E-05,1.00E-05,0.99993,1.00E-05,1.00E-05,1.00E-05,1.00E-05,1.00E-05,2.00E-05,TRUE
52,SYST-MOR-0006751,pure?,none,none,none,none,none,none,1,0,pure,1.00E-05,1.00E-05,0.99993,1.00E-05,1.00E-05,1.00E-05,1.00E-05,1.00E-05,2.00E-05,TRUE
53,SYST-MOR-0006752,pure?,none,none,none,none,none,none,1,0,pure,1.00E-05,1.00E-05,0.99993,1.00E-05,1.00E-05,1.00E-05,1.00E-05,1.00E-05,2.00E-05,TRUE
54,SYST-MOR-0006753,none,none,none,pure?,none,none,none,1,0,pure,1.00E-05,1.60E-05,1.00E-05,1.00E-05,1.00E-05,0.959708,0.040227,1.00E-05,0.999935,TRUE
55,SYST-MOR-0006754,none,pure?,none,none,none,none,none,1,0,pure,1.00E-05,1.00E-05,1.00E-05,0.99993,1.00E-05,1.00E-05,1.00E-05,1.00E-05,2.00E-05,TRUE
56,SYST-MOR-0006755,none,none,none,pure?,none,none,none,1,0,pure,1.00E-05,1.00E-05,1.00E-05,1.00E-05,1.00E-05,0.99993,1.00E-05,1.00E-05,0.99994,TRUE
57,SYST-MOR-0006756,none,pure?,none,none,none,none,none,1,0,pure,1.00E-05,1.00E-05,1.00E-05,0.99993,1.00E-05,1.00E-05,1.00E-05,1.00E-05,2.00E-05,TRUE
58,SYST-MOR-0006757,none,pure?,none,none,none,none,none,1,0,pure,1.10E-05,1.00E-05,1.00E-05,0.999929,1.00E-05,1.00E-05,1.00E-05,1.00E-05,2.00E-05,TRUE
59,SYST-MOR-0006758,none,none,none,pure?,none,none,none,1,0,pure,1.00E-05,1.00E-05,1.00E-05,1.00E-05,1.00E-05,0.890353,0.109587,1.00E-05,0.99994,TRUE
60,SYST-MOR-0006759,none,none,none,pure?,none,none,none,1,0,pure,1.00E-05,1.00E-05,1.00E-05,1.00E-05,1.00E-05,0.955949,0.043991,1.00E-05,0.99994,TRUE
61,SYST-MOR-0006760,none,pure?,none,none,none,none,none,1,0,pure,1.00E-05,1.00E-05,1.00E-05,0.99993,1.00E-05,1.00E-05,1.00E-05,1.00E-05,2.00E-05,TRUE
62,SYST-MOR-0006761,none,none,none,pure?,none,none,none,1,0,pure,1.00E-05,1.00E-05,1.00E-05,0.004135,1.00E-05,0.983928,0.011887,1.00E-05,0.995815,TRUE
63,SYST-MOR-0006762,none,hybrid?,none,hybrid?,none,none,none,0,2,hybrid,1.00E-05,1.00E-05,1.00E-05,0.520091,1.00E-05,0.479849,1.00E-05,1.00E-05,0.479859,TRUE
64,SYST-MOR-0006763,none,none,none,pure?,none,none,none,1,0,pure,1.00E-05,1.00E-05,1.00E-05,1.00E-05,1.00E-05,0.99993,1.00E-05,1.00E-05,0.99994,TRUE
65,SYST-MOR-0006764,none,none,none,pure?,none,none,none,1,0,pure,1.00E-05,1.00E-05,1.00E-05,1.00E-05,1.10E-05,0.999929,1.00E-05,1.00E-05,0.999939,TRUE
66,SYST-MOR-0006765,none,none,none,pure?,none,none,none,1,0,pure,1.40E-05,1.00E-05,1.00E-05,1.00E-05,1.00E-05,0.999926,1.00E-05,1.00E-05,0.999936,TRUE
67,SYST-MOR-0006766,none,pure?,none,none,none,none,none,1,0,pure,1.00E-05,1.40E-05,1.00E-05,0.999926,1.00E-05,1.00E-05,1.00E-05,1.00E-05,2.00E-05,TRUE
68,SYST-MOR-0006767,none,none,none,pure?,none,none,none,1,0,pure,1.00E-05,1.00E-05,1.00E-05,0.003059,1.00E-05,0.996881,1.00E-05,1.00E-05,0.996891,TRUE
69,SYST-MOR-0006768,none,pure?,none,none,none,none,none,1,0,pure,1.00E-05,1.00E-05,1.00E-05,0.99993,1.00E-05,1.00E-05,1.00E-05,1.00E-05,2.00E-05,TRUE
70,SYST-MOR-0006769,none,none,none,pure?,none,none,none,1,0,pure,1.00E-05,1.00E-05,1.00E-05,0.038096,1.00E-05,0.961844,1.00E-05,1.00E-05,0.961854,TRUE
71,SYST-MOR-0006770,none,none,none,pure?,none,none,none,1,0,pure,1.00E-05,1.00E-05,1.00E-05,1.00E-05,1.00E-05,0.963249,0.036691,1.00E-05,0.99994,TRUE
72,SYST-MOR-0006771,none,none,none,none,pure?,none,none,1,0,pure,1.00E-05,1.00E-05,1.00E-05,1.00E-05,1.00E-05,1.00E-05,1.00E-05,0.99993,2.00E-05,FALSE
73,SYST-MOR-0006772,none,none,none,pure?,none,none,none,1,0,pure,1.00E-05,1.00E-05,1.00E-05,0.01002,1.00E-05,0.944142,0.045789,1.00E-05,0.989931,TRUE
74,SYST-MOR-0006773,none,none,none,none,pure?,none,none,1,0,pure,1.00E-05,1.00E-05,1.00E-05,1.00E-05,1.00E-05,1.00E-05,1.00E-05,0.99993,2.00E-05,FALSE
75,SYST-MOR-0006774,none,none,none,hybrid?,hybrid?,none,none,0,2,hybrid,1.00E-05,1.00E-05,0.058298,1.00E-05,1.00E-05,0.124465,1.00E-05,0.817187,0.124475,TRUE
76,SYST-MOR-0006775,none,none,none,pure?,none,none,none,1,0,pure,1.00E-05,1.00E-05,1.00E-05,1.00E-05,1.00E-05,0.974015,0.025925,1.00E-05,0.99994,TRUE
77,SYST-MOR-0006776,none,pure?,none,none,none,none,none,1,0,pure,1.00E-05,1.20E-05,1.00E-05,0.994458,1.00E-05,0.00548,1.00E-05,1.00E-05,0.00549,TRUE
78,SYST-MOR-0006777,none,none,none,hybrid?,hybrid?,none,none,0,2,hybrid,1.00E-05,1.00E-05,0.007164,1.00E-05,1.10E-05,0.871794,1.00E-05,0.120991,0.871804,FALSE
79,SYST-MOR-0006778,none,none,none,pure?,none,none,none,1,0,pure,1.00E-05,1.00E-05,1.00E-05,1.00E-05,1.50E-05,0.108591,0.891344,1.00E-05,0.999935,TRUE
80,SYST-MOR-0006779,none,none,none,pure?,none,none,none,1,0,pure,1.00E-05,1.10E-05,1.00E-05,1.00E-05,1.00E-05,0.037714,0.962226,1.00E-05,0.99994,TRUE
81,SYST-MOR-0006780,none,none,none,pure?,none,none,none,1,0,pure,1.00E-05,1.00E-05,1.00E-05,1.00E-05,1.00E-05,0.046707,0.953233,1.00E-05,0.99994,TRUE
82,SYST-MOR-0006781,none,none,none,pure?,none,none,none,1,0,pure,1.00E-05,1.00E-05,1.00E-05,1.00E-05,1.00E-05,0.053325,0.946615,1.00E-05,0.99994,TRUE
83,SYST-MOR-0006782,none,none,none,pure?,none,none,none,1,0,pure,1.00E-05,1.00E-05,1.00E-05,1.00E-05,1.00E-05,0.179856,0.820084,1.00E-05,0.99994,TRUE
84,SYST-MOR-0006783,pure?,none,none,none,none,none,none,1,0,pure,1.00E-05,1.00E-05,0.986243,0.003614,1.00E-05,1.00E-05,0.010093,1.00E-05,0.010103,TRUE
85,SYST-MOR-0006784,pure?,none,none,none,none,none,none,1,0,pure,1.00E-05,1.00E-05,0.999927,1.00E-05,1.30E-05,1.00E-05,1.00E-05,1.00E-05,2.00E-05,TRUE
86,SYST-MOR-0006785,pure?,none,none,none,none,none,none,1,0,pure,1.00E-05,1.00E-05,0.99993,1.00E-05,1.00E-05,1.00E-05,1.00E-05,1.00E-05,2.00E-05,TRUE
87,SYST-MOR-0006786,pure?,none,none,none,none,none,none,1,0,pure,1.00E-05,1.00E-05,0.99993,1.00E-05,1.00E-05,1.00E-05,1.00E-05,1.00E-05,2.00E-05,TRUE
88,SYST-MOR-0006787,none,none,none,none,none,pure?,none,1,0,pure,1.00E-05,0.996577,1.00E-05,1.00E-05,1.00E-05,0.003363,1.00E-05,1.00E-05,0.003373,FALSE
89,SYST-MOR-0006788,none,none,none,none,none,pure?,none,1,0,pure,1.00E-05,0.99993,1.00E-05,1.00E-05,1.00E-05,1.00E-05,1.00E-05,1.00E-05,2.00E-05,FALSE
90,SYST-MOR-0006789,none,none,none,none,none,pure?,none,1,0,pure,1.00E-05,0.988138,0.011802,1.00E-05,1.00E-05,1.00E-05,1.00E-05,1.00E-05,2.00E-05,FALSE
91,SYST-MOR-0006790,none,none,none,none,none,pure?,none,1,0,pure,1.00E-05,0.99993,1.00E-05,1.00E-05,1.00E-05,1.00E-05,1.00E-05,1.00E-05,2.00E-05,FALSE
92,SYST-MOR-0006791,none,none,none,pure?,none,none,none,1,0,pure,1.00E-05,1.00E-05,1.00E-05,1.00E-05,1.00E-05,0.216943,0.782997,1.00E-05,0.99994,TRUE
93,SYST-MOR-0006792,none,none,none,pure?,none,none,none,1,0,pure,1.00E-05,1.00E-05,1.00E-05,1.00E-05,9.30E-05,0.17853,0.821327,1.00E-05,0.999857,TRUE
94,SYST-MOR-0006793,pure?,none,none,none,none,none,none,1,0,pure,1.00E-05,1.00E-05,0.991614,1.00E-05,0.008326,1.00E-05,1.00E-05,1.00E-05,2.00E-05,TRUE
95,SYST-MOR-0006794,none,none,none,none,none,pure?,none,1,0,pure,1.00E-05,0.99993,1.00E-05,1.00E-05,1.00E-05,1.00E-05,1.00E-05,1.00E-05,2.00E-05,FALSE
96,SYST-MOR-0006795,none,none,none,none,none,pure?,none,1,0,pure,1.00E-05,0.999927,1.00E-05,1.00E-05,1.00E-05,1.00E-05,1.30E-05,1.00E-05,2.30E-05,FALSE
97,SYST-MOR-0006796,none,pure?,none,none,none,none,none,1,0,pure,1.00E-05,1.00E-05,1.00E-05,0.99993,1.00E-05,1.00E-05,1.00E-05,1.00E-05,2.00E-05,TRUE
98,SYST-MOR-0006797,none,pure?,none,none,none,none,none,1,0,pure,1.00E-05,1.00E-05,1.00E-05,0.966789,1.00E-05,1.00E-05,0.033151,1.00E-05,0.033161,TRUE
99,SYST-MOR-0006798,none,none,none,pure?,none,none,none,1,0,pure,1.00E-05,1.00E-05,1.00E-05,1.00E-05,1.00E-05,0.052809,0.947131,1.00E-05,0.99994,TRUE
100,SYST-MOR-0006799,none,none,none,pure?,none,none,none,1,0,pure,1.00E-05,1.00E-05,0.004406,1.00E-05,1.00E-05,0.130624,0.864921,1.00E-05,0.995545,TRUE
101,SYST-MOR-0006800,none,pure?,none,hybrid?,none,none,none,1,1,uncertain hybrid,1.00E-05,1.00E-05,1.00E-05,0.947337,1.00E-05,1.00E-05,0.052603,1.00E-05,0.052613,TRUE
102,SYST-MOR-0006801,none,none,none,pure?,none,none,none,1,0,pure,1.00E-05,1.00E-05,1.00E-05,1.00E-05,1.00E-05,1.00E-05,0.99993,1.00E-05,0.99994,TRUE
103,SYST-MOR-0006802,none,none,none,pure?,none,none,none,1,0,pure,1.00E-05,1.00E-05,1.00E-05,1.00E-05,1.00E-05,0.111205,0.888735,1.00E-05,0.99994,TRUE
104,SYST-MOR-0006803,none,none,none,pure?,none,none,none,1,0,pure,1.00E-05,1.00E-05,1.00E-05,1.00E-05,1.00E-05,0.84699,0.15295,1.00E-05,0.99994,TRUE
105,SYST-MOR-0006804,none,none,none,pure?,none,none,none,1,0,pure,1.00E-05,1.00E-05,1.00E-05,0.005319,1.00E-05,0.994618,1.30E-05,1.00E-05,0.994631,TRUE
106,SYST-MOR-0006805,none,none,none,pure?,none,none,none,1,0,pure,1.00E-05,1.00E-05,1.00E-05,1.00E-05,1.40E-05,0.945008,0.054928,1.00E-05,0.999936,TRUE
107,SYST-MOR-0006806,none,none,none,none,none,none,pure?,1,0,pure,0.99993,1.00E-05,1.00E-05,1.00E-05,1.00E-05,1.00E-05,1.00E-05,1.00E-05,2.00E-05,FALSE
108,SYST-MOR-0006807,none,none,none,none,none,pure?,none,1,0,pure,1.00E-05,0.99993,1.00E-05,1.00E-05,1.00E-05,1.00E-05,1.00E-05,1.00E-05,2.00E-05,FALSE
109,SYST-MOR-0006808,pure?,none,none,none,none,none,none,1,0,pure,1.00E-05,1.00E-05,0.99993,1.00E-05,1.00E-05,1.00E-05,1.00E-05,1.00E-05,2.00E-05,TRUE
110,SYST-MOR-0006809,none,none,none,none,none,pure?,none,1,0,pure,1.00E-05,0.986243,0.00387,1.00E-05,1.00E-05,0.009837,1.00E-05,1.00E-05,0.009847,FALSE
111,SYST-MOR-0006810,pure?,none,none,none,none,none,none,1,0,pure,1.00E-05,1.00E-05,0.99993,1.00E-05,1.00E-05,1.00E-05,1.00E-05,1.00E-05,2.00E-05,TRUE
112,SYST-MOR-0006811,none,none,none,none,none,none,pure?,1,0,pure,0.999922,1.00E-05,1.00E-05,1.00E-05,1.80E-05,1.00E-05,1.00E-05,1.00E-05,2.00E-05,FALSE
113,SYST-MOR-0006812,none,none,none,none,none,pure?,none,1,0,pure,1.00E-05,0.99993,1.00E-05,1.00E-05,1.00E-05,1.00E-05,1.00E-05,1.00E-05,2.00E-05,FALSE
114,SYST-MOR-0006813,none,none,none,none,none,pure?,none,1,0,pure,1.00E-05,0.99993,1.00E-05,1.00E-05,1.00E-05,1.00E-05,1.00E-05,1.00E-05,2.00E-05,FALSE
115,SYST-MOR-0006814,none,none,none,none,none,none,pure?,1,0,pure,0.999925,1.50E-05,1.00E-05,1.00E-05,1.00E-05,1.00E-05,1.00E-05,1.00E-05,2.00E-05,FALSE
116,SYST-MOR-0006815,none,none,none,none,none,none,pure?,1,0,pure,0.99993,1.00E-05,1.00E-05,1.00E-05,1.00E-05,1.00E-05,1.00E-05,1.00E-05,2.00E-05,FALSE
117,SYST-MOR-0006816,none,none,none,none,none,pure?,none,1,0,pure,1.00E-05,0.99993,1.00E-05,1.00E-05,1.00E-05,1.00E-05,1.00E-05,1.00E-05,2.00E-05,FALSE
118,SYST-MOR-0006817,pure?,none,none,none,none,none,none,1,0,pure,1.00E-05,1.00E-05,0.99993,1.00E-05,1.00E-05,1.00E-05,1.00E-05,1.00E-05,2.00E-05,TRUE
119,SYST-MOR-0006818,none,none,none,none,none,none,pure?,1,0,pure,0.99993,1.00E-05,1.00E-05,1.00E-05,1.00E-05,1.00E-05,1.00E-05,1.00E-05,2.00E-05,FALSE
120,SYST-MOR-0006819,pure?,none,none,none,none,none,none,1,0,pure,1.00E-05,1.00E-05,0.99993,1.00E-05,1.00E-05,1.00E-05,1.00E-05,1.00E-05,2.00E-05,TRUE
121,SYST-MOR-0006820,pure?,none,none,none,none,none,none,1,0,pure,1.00E-05,1.00E-05,0.99993,1.00E-05,1.00E-05,1.00E-05,1.00E-05,1.00E-05,2.00E-05,TRUE
122,SYST-MOR-0006821,none,none,none,pure?,none,none,none,1,0,pure,1.00E-05,1.00E-05,1.00E-05,1.00E-05,1.00E-05,0.876794,0.123146,1.00E-05,0.99994,TRUE
123,SYST-MOR-0006822,pure?,none,none,none,none,none,none,1,0,pure,1.00E-05,1.00E-05,0.99993,1.00E-05,1.00E-05,1.00E-05,1.00E-05,1.00E-05,2.00E-05,TRUE
124,SYST-MOR-0006823,none,none,none,none,none,none,pure?,1,0,pure,0.99993,1.00E-05,1.00E-05,1.00E-05,1.00E-05,1.00E-05,1.00E-05,1.00E-05,2.00E-05,FALSE
125,SYST-MOR-0006824,pure?,none,none,none,none,none,none,1,0,pure,1.00E-05,1.00E-05,0.99993,1.00E-05,1.00E-05,1.00E-05,1.00E-05,1.00E-05,2.00E-05,TRUE
126,SYST-MOR-0006825,none,none,none,none,none,none,pure?,1,0,pure,0.99993,1.00E-05,1.00E-05,1.00E-05,1.00E-05,1.00E-05,1.00E-05,1.00E-05,2.00E-05,FALSE
127,SYST-MOR-0006826,none,none,none,none,none,none,pure?,1,0,pure,0.99993,1.00E-05,1.00E-05,1.00E-05,1.00E-05,1.00E-05,1.00E-05,1.00E-05,2.00E-05,FALSE
128,SYST-MOR-0006827,none,none,none,none,none,pure?,none,1,0,pure,1.00E-05,0.99993,1.00E-05,1.00E-05,1.00E-05,1.00E-05,1.00E-05,1.00E-05,2.00E-05,FALSE
129,SYST-MOR-0006828,none,none,none,none,none,pure?,none,1,0,pure,1.00E-05,0.999927,1.00E-05,1.00E-05,1.00E-05,1.30E-05,1.00E-05,1.00E-05,2.30E-05,FALSE
130,SYST-MOR-0006829,none,none,none,none,none,pure?,none,1,0,pure,1.00E-05,0.99993,1.00E-05,1.00E-05,1.00E-05,1.00E-05,1.00E-05,1.00E-05,2.00E-05,FALSE
131,SYST-MOR-0006830,none,none,none,none,none,pure?,none,1,0,pure,1.00E-05,0.99993,1.00E-05,1.00E-05,1.00E-05,1.00E-05,1.00E-05,1.00E-05,2.00E-05,FALSE
132,SYST-MOR-0006831,pure?,none,none,none,none,none,none,1,0,pure,1.00E-05,1.00E-05,0.99993,1.00E-05,1.00E-05,1.00E-05,1.00E-05,1.00E-05,2.00E-05,TRUE
133,SYST-MOR-0006832,pure?,none,none,none,none,none,none,1,0,pure,1.00E-05,1.00E-05,0.99993,1.00E-05,1.00E-05,1.00E-05,1.00E-05,1.00E-05,2.00E-05,TRUE
134,SYST-MOR-0006833,none,none,none,none,none,none,pure?,1,0,pure,0.99993,1.00E-05,1.00E-05,1.00E-05,1.00E-05,1.00E-05,1.00E-05,1.00E-05,2.00E-05,FALSE
135,SYST-MOR-0006834,none,none,none,none,none,pure?,none,1,0,pure,1.00E-05,0.99993,1.00E-05,1.00E-05,1.00E-05,1.00E-05,1.00E-05,1.00E-05,2.00E-05,FALSE
136,SYST-MOR-0006835,none,none,none,none,none,pure?,none,1,0,pure,1.00E-05,0.99993,1.00E-05,1.00E-05,1.00E-05,1.00E-05,1.00E-05,1.00E-05,2.00E-05,FALSE
137,SYST-MOR-0006836,none,none,none,none,none,none,pure?,1,0,pure,0.99993,1.00E-05,1.00E-05,1.00E-05,1.00E-05,1.00E-05,1.00E-05,1.00E-05,2.00E-05,FALSE
138,SYST-MOR-0006837,none,none,none,none,none,pure?,none,1,0,pure,1.00E-05,0.99993,1.00E-05,1.00E-05,1.00E-05,1.00E-05,1.00E-05,1.00E-05,2.00E-05,FALSE
139,SYST-MOR-0006838,none,none,none,none,none,none,pure?,1,0,pure,0.99993,1.00E-05,1.00E-05,1.00E-05,1.00E-05,1.00E-05,1.00E-05,1.00E-05,2.00E-05,FALSE
140,SYST-MOR-0006839,none,none,none,none,none,pure?,none,1,0,pure,1.00E-05,0.995653,0.004287,1.00E-05,1.00E-05,1.00E-05,1.00E-05,1.00E-05,2.00E-05,FALSE
141,SYST-MOR-0006840,none,none,none,none,none,pure?,none,1,0,pure,1.00E-05,0.99993,1.00E-05,1.00E-05,1.00E-05,1.00E-05,1.00E-05,1.00E-05,2.00E-05,FALSE
142,SYST-MOR-0006841,none,none,none,none,none,none,pure?,1,0,pure,0.99993,1.00E-05,1.00E-05,1.00E-05,1.00E-05,1.00E-05,1.00E-05,1.00E-05,2.00E-05,FALSE
143,SYST-MOR-0006842,none,none,none,none,none,none,pure?,1,0,pure,0.999924,1.00E-05,1.00E-05,1.00E-05,1.60E-05,1.00E-05,1.00E-05,1.00E-05,2.00E-05,FALSE
144,SYST-MOR-0006843,none,none,none,none,none,pure?,none,1,0,pure,1.00E-05,0.99993,1.00E-05,1.00E-05,1.00E-05,1.00E-05,1.00E-05,1.00E-05,2.00E-05,FALSE
145,SYST-MOR-0006844,none,none,none,pure?,none,none,none,1,0,pure,1.00E-05,0.008111,1.00E-05,1.00E-05,1.60E-05,0.924223,0.06761,1.00E-05,0.991833,TRUE
146,SYST-MOR-0006845,none,none,none,none,none,none,pure?,1,0,pure,0.99992,1.00E-05,1.00E-05,1.00E-05,1.00E-05,1.30E-05,1.60E-05,1.00E-05,2.90E-05,FALSE
147,SYST-MOR-0006846,none,none,none,none,none,none,pure?,1,0,pure,0.990348,1.00E-05,1.00E-05,1.00E-05,1.00E-05,0.009592,1.00E-05,1.00E-05,0.009602,FALSE
148,SYST-MOR-0006847,none,none,none,none,none,none,pure?,1,0,pure,0.99993,1.00E-05,1.00E-05,1.00E-05,1.00E-05,1.00E-05,1.00E-05,1.00E-05,2.00E-05,FALSE
149,SYST-MOR-0006848,none,none,hybrid?,none,hybrid?,none,hybrid?,0,3,hybrid,0.806875,0.014739,1.00E-05,0.037335,0.066676,1.00E-05,1.00E-05,0.074346,2.00E-05,FALSE
150,SYST-MOR-0006849,none,none,none,none,none,pure?,none,1,0,pure,1.00E-05,0.993294,1.00E-05,1.00E-05,1.00E-05,1.00E-05,0.006646,1.00E-05,0.006656,FALSE
151,SYST-MOR-0006850,none,none,none,none,none,pure?,none,1,0,pure,0.009161,0.99055,0.000239,1.00E-05,1.00E-05,1.00E-05,1.00E-05,1.00E-05,2.00E-05,FALSE
152,SYST-MOR-0006851,none,none,none,none,none,pure?,none,1,0,pure,0.006435,0.993505,1.00E-05,1.00E-05,1.00E-05,1.00E-05,1.00E-05,1.00E-05,2.00E-05,FALSE
153,SYST-MOR-0006852,none,none,none,pure?,none,none,none,1,0,pure,1.00E-05,1.00E-05,1.00E-05,1.00E-05,1.00E-05,0.960227,0.039713,1.00E-05,0.99994,TRUE
154,SYST-MOR-0006853,none,none,none,pure?,none,none,none,1,0,pure,1.00E-05,1.00E-05,1.00E-05,1.00E-05,1.00E-05,0.815082,0.184858,1.00E-05,0.99994,TRUE
155,SYST-MOR-0006854,none,none,none,pure?,none,none,none,1,0,pure,1.00E-05,1.00E-05,1.00E-05,1.00E-05,1.00E-05,0.804358,0.195582,1.00E-05,0.99994,TRUE
156,SYST-MOR-0006855,none,none,none,hybrid?,none,hybrid?,none,0,2,hybrid,1.00E-05,0.485839,1.00E-05,1.00E-05,1.00E-05,0.474248,0.039863,1.00E-05,0.514111,FALSE
157,SYST-MOR-0006856,none,none,none,none,none,none,pure?,1,0,pure,0.981734,0.005405,1.00E-05,1.00E-05,1.00E-05,1.00E-05,0.012811,1.00E-05,0.012821,FALSE
158,SYST-MOR-0006857,none,none,none,pure?,none,none,none,1,0,pure,1.00E-05,1.00E-05,1.00E-05,1.00E-05,1.00E-05,0.883674,0.116266,1.00E-05,0.99994,TRUE
159,SYST-MOR-0006858,none,none,none,pure?,none,none,none,1,0,pure,1.00E-05,1.00E-05,1.00E-05,1.00E-05,1.00E-05,0.967118,0.032822,1.00E-05,0.99994,TRUE
160,SYST-MOR-0006859,none,none,none,none,none,none,pure?,1,0,pure,0.99993,1.00E-05,1.00E-05,1.00E-05,1.00E-05,1.00E-05,1.00E-05,1.00E-05,2.00E-05,FALSE
161,SYST-MOR-0006860,none,none,none,none,none,pure?,none,1,0,pure,1.00E-05,0.99993,1.00E-05,1.00E-05,1.00E-05,1.00E-05,1.00E-05,1.00E-05,2.00E-05,FALSE
162,SYST-MOR-0006861,none,none,none,pure?,none,none,none,1,0,pure,1.00E-05,1.00E-05,1.00E-05,1.00E-05,1.40E-05,0.978298,0.021638,1.00E-05,0.999936,TRUE
163,SYST-MOR-0006862,none,none,none,pure?,none,none,none,1,0,pure,1.00E-05,1.00E-05,1.00E-05,1.00E-05,1.00E-05,0.856444,0.143496,1.00E-05,0.99994,TRUE
164,SYST-MOR-0006863,none,none,none,none,none,pure?,none,1,0,pure,1.00E-05,0.99993,1.00E-05,1.00E-05,1.00E-05,1.00E-05,1.00E-05,1.00E-05,2.00E-05,FALSE
165,SYST-MOR-0006864,none,none,none,none,none,none,pure?,1,0,pure,0.99993,1.00E-05,1.00E-05,1.00E-05,1.00E-05,1.00E-05,1.00E-05,1.00E-05,2.00E-05,FALSE
166,SYST-MOR-0006865,none,none,none,none,none,none,pure?,1,0,pure,0.99993,1.00E-05,1.00E-05,1.00E-05,1.00E-05,1.00E-05,1.00E-05,1.00E-05,2.00E-05,FALSE
167,SYST-MOR-0006866,none,none,none,pure?,none,none,none,1,0,pure,1.00E-05,1.00E-05,1.00E-05,1.00E-05,1.00E-05,0.948032,0.051908,1.00E-05,0.99994,TRUE
168,SYST-MOR-0006867,none,none,none,none,none,none,pure?,1,0,pure,0.999928,1.00E-05,1.00E-05,1.00E-05,1.00E-05,1.10E-05,1.10E-05,1.00E-05,2.20E-05,FALSE
169,SYST-MOR-0006868,none,none,none,none,none,none,pure?,1,0,pure,0.99993,1.00E-05,1.00E-05,1.00E-05,1.00E-05,1.00E-05,1.00E-05,1.00E-05,2.00E-05,FALSE
170,SYST-MOR-0006869,none,none,none,none,none,pure?,none,1,0,pure,1.00E-05,0.999928,1.00E-05,1.00E-05,1.20E-05,1.00E-05,1.00E-05,1.00E-05,2.00E-05,FALSE
171,SYST-MOR-0006870,none,none,none,pure?,none,none,none,1,0,pure,1.00E-05,1.00E-05,1.00E-05,1.00E-05,1.00E-05,0.99993,1.00E-05,1.00E-05,0.99994,TRUE
172,SYST-MOR-0006871,none,none,none,none,none,pure?,none,1,0,pure,1.00E-05,0.99993,1.00E-05,1.00E-05,1.00E-05,1.00E-05,1.00E-05,1.00E-05,2.00E-05,FALSE
173,SYST-MOR-0006872,none,none,none,pure?,none,none,none,1,0,pure,1.00E-05,1.00E-05,1.00E-05,1.00E-05,1.00E-05,0.99993,1.00E-05,1.00E-05,0.99994,TRUE
174,SYST-MOR-0006873,none,none,none,pure?,none,none,none,1,0,pure,1.00E-05,1.00E-05,1.00E-05,1.00E-05,1.00E-05,0.99993,1.00E-05,1.00E-05,0.99994,TRUE
175,SYST-MOR-0006874,none,none,none,none,none,pure?,none,1,0,pure,1.00E-05,0.99993,1.00E-05,1.00E-05,1.00E-05,1.00E-05,1.00E-05,1.00E-05,2.00E-05,FALSE
176,SYST-MOR-0006875,none,none,none,pure?,none,none,none,1,0,pure,1.00E-05,1.00E-05,1.00E-05,1.00E-05,1.00E-05,0.99993,1.00E-05,1.00E-05,0.99994,TRUE
177,SYST-MOR-0006876,none,none,none,none,none,pure?,none,1,0,pure,1.00E-05,0.99993,1.00E-05,1.00E-05,1.00E-05,1.00E-05,1.00E-05,1.00E-05,2.00E-05,FALSE
178,SYST-MOR-0006877,pure?,none,none,none,none,none,none,1,0,pure,1.00E-05,1.00E-05,0.99993,1.00E-05,1.00E-05,1.00E-05,1.00E-05,1.00E-05,2.00E-05,TRUE
179,SYST-MOR-0006878,none,none,none,pure?,none,none,none,1,0,pure,0.005652,1.00E-05,1.00E-05,1.00E-05,1.00E-05,0.994287,1.20E-05,1.00E-05,0.994299,TRUE
180,SYST-MOR-0006879,pure?,none,none,none,none,none,none,1,0,pure,1.00E-05,1.00E-05,0.99993,1.00E-05,1.00E-05,1.00E-05,1.00E-05,1.00E-05,2.00E-05,TRUE
181,SYST-MOR-0006880,none,none,none,none,none,pure?,none,1,0,pure,1.00E-05,0.99993,1.00E-05,1.00E-05,1.00E-05,1.00E-05,1.00E-05,1.00E-05,2.00E-05,FALSE
182,SYST-MOR-0006881,pure?,none,none,none,none,none,none,1,0,pure,1.00E-05,1.00E-05,0.99993,1.00E-05,1.00E-05,1.00E-05,1.00E-05,1.00E-05,2.00E-05,TRUE
183,SYST-MOR-0006882,none,none,none,none,none,pure?,none,1,0,pure,1.00E-05,0.99993,1.00E-05,1.00E-05,1.00E-05,1.00E-05,1.00E-05,1.00E-05,2.00E-05,FALSE
184,SYST-MOR-0006883,pure?,none,none,none,none,none,none,1,0,pure,1.00E-05,1.00E-05,0.99993,1.00E-05,1.00E-05,1.00E-05,1.00E-05,1.00E-05,2.00E-05,TRUE
185,SYST-MOR-0006884,pure?,none,none,none,none,none,none,1,0,pure,1.00E-05,1.00E-05,0.99993,1.00E-05,1.00E-05,1.00E-05,1.00E-05,1.00E-05,2.00E-05,TRUE
186,SYST-MOR-0006885,none,none,none,none,none,pure?,none,1,0,pure,1.00E-05,0.999924,1.00E-05,1.00E-05,1.60E-05,1.00E-05,1.00E-05,1.00E-05,2.00E-05,FALSE
187,SYST-MOR-0006886,none,none,none,none,none,none,pure?,1,0,pure,0.99993,1.00E-05,1.00E-05,1.00E-05,1.00E-05,1.00E-05,1.00E-05,1.00E-05,2.00E-05,FALSE
188,SYST-MOR-0006887,none,none,none,none,none,pure?,none,1,0,pure,1.00E-05,0.992075,1.00E-05,1.00E-05,1.00E-05,1.00E-05,0.007865,1.00E-05,0.007875,FALSE
189,SYST-MOR-0006888,none,none,none,none,none,none,pure?,1,0,pure,0.999928,1.00E-05,1.20E-05,1.00E-05,1.00E-05,1.00E-05,1.00E-05,1.00E-05,2.00E-05,FALSE
190,SYST-MOR-0006889,pure?,none,none,none,none,none,none,1,0,pure,1.00E-05,1.00E-05,0.99993,1.00E-05,1.00E-05,1.00E-05,1.00E-05,1.00E-05,2.00E-05,TRUE
191,SYST-MOR-0006890,none,none,none,pure?,none,none,none,1,0,pure,1.00E-05,1.00E-05,1.00E-05,1.00E-05,1.00E-05,0.844559,0.155381,1.00E-05,0.99994,TRUE
192,SYST-MOR-0006891,none,none,none,pure?,none,none,none,1,0,pure,1.00E-05,0.004303,1.00E-05,0.0153,1.00E-05,0.771038,0.209319,1.00E-05,0.980357,TRUE
193,SYST-MOR-0006892,none,none,none,pure?,none,none,none,1,0,pure,1.00E-05,1.00E-05,1.00E-05,1.00E-05,1.00E-05,0.872716,0.127224,1.00E-05,0.99994,TRUE
194,SYST-MOR-0006893,none,none,none,pure?,none,none,none,1,0,pure,1.00E-05,1.00E-05,1.00E-05,1.00E-05,1.00E-05,0.788263,0.211677,1.00E-05,0.99994,TRUE
195,SYST-MOR-0006894,none,none,none,pure?,none,none,none,1,0,pure,1.00E-05,1.00E-05,1.00E-05,1.00E-05,1.00E-05,0.695037,0.304903,1.00E-05,0.99994,TRUE
196,SYST-MOR-0006895,none,none,none,none,none,pure?,none,1,0,pure,1.00E-05,0.99993,1.00E-05,1.00E-05,1.00E-05,1.00E-05,1.00E-05,1.00E-05,2.00E-05,FALSE
197,SYST-MOR-0006896,none,none,none,none,none,pure?,none,1,0,pure,1.00E-05,0.99993,1.00E-05,1.00E-05,1.00E-05,1.00E-05,1.00E-05,1.00E-05,2.00E-05,FALSE
198,SYST-MOR-0006897,none,none,none,pure?,none,none,none,1,0,pure,1.00E-05,1.00E-05,1.00E-05,1.00E-05,1.00E-05,0.772354,0.227586,1.00E-05,0.99994,TRUE
199,SYST-MOR-0006898,none,none,none,none,none,pure?,none,1,0,pure,1.00E-05,0.99993,1.00E-05,1.00E-05,1.00E-05,1.00E-05,1.00E-05,1.00E-05,2.00E-05,FALSE
200,SYST-MOR-0006899,none,none,none,pure?,none,none,none,1,0,pure,1.00E-05,1.00E-05,1.00E-05,1.00E-05,1.00E-05,0.791707,0.208233,1.00E-05,0.99994,TRUE
201,SYST-MOR-0006900,none,none,none,none,none,pure?,none,1,0,pure,1.60E-05,0.992015,1.00E-05,1.00E-05,1.00E-05,1.00E-05,0.007919,1.00E-05,0.007929,FALSE
202,SYST-MOR-0006901,none,none,none,none,none,pure?,none,1,0,pure,1.00E-05,0.99993,1.00E-05,1.00E-05,1.00E-05,1.00E-05,1.00E-05,1.00E-05,2.00E-05,FALSE
203,SYST-MOR-0006902,none,none,none,none,none,pure?,none,1,0,pure,1.00E-05,0.99993,1.00E-05,1.00E-05,1.00E-05,1.00E-05,1.00E-05,1.00E-05,2.00E-05,FALSE
204,SYST-MOR-0006903,none,none,none,pure?,none,none,none,1,0,pure,1.00E-05,1.00E-05,1.00E-05,1.00E-05,1.00E-05,0.778301,0.221639,1.00E-05,0.99994,TRUE
205,SYST-MOR-0006904,none,none,none,pure?,none,none,none,1,0,pure,1.00E-05,1.00E-05,1.00E-05,1.00E-05,1.00E-05,0.742441,0.257499,1.00E-05,0.99994,TRUE
206,SYST-MOR-0006905,none,none,none,none,none,pure?,none,1,0,pure,1.00E-05,0.99993,1.00E-05,1.00E-05,1.00E-05,1.00E-05,1.00E-05,1.00E-05,2.00E-05,FALSE
207,SYST-MOR-0006906,none,none,none,pure?,none,none,none,1,0,pure,1.00E-05,1.00E-05,1.00E-05,1.00E-05,1.00E-05,0.829957,0.169983,1.00E-05,0.99994,TRUE
208,SYST-MOR-0006907,none,none,none,pure?,none,none,none,1,0,pure,1.00E-05,1.00E-05,1.00E-05,1.00E-05,1.00E-05,0.875169,0.124771,1.00E-05,0.99994,TRUE
209,SYST-MOR-0006908,none,none,none,pure?,none,none,none,1,0,pure,1.00E-05,1.00E-05,1.00E-05,1.00E-05,1.80E-05,0.886354,0.113578,1.00E-05,0.999932,TRUE
210,SYST-MOR-0006909,none,none,none,pure?,none,none,none,1,0,pure,1.00E-05,1.00E-05,1.00E-05,1.00E-05,1.00E-05,0.790955,0.208985,1.00E-05,0.99994,TRUE
211,SYST-MOR-0006910,none,none,none,none,none,pure?,none,1,0,pure,1.20E-05,0.999928,1.00E-05,1.00E-05,1.00E-05,1.00E-05,1.00E-05,1.00E-05,2.00E-05,FALSE
212,SYST-MOR-0006911,none,none,none,pure?,none,none,none,1,0,pure,1.00E-05,1.00E-05,1.00E-05,1.00E-05,1.00E-05,0.689946,0.309994,1.00E-05,0.99994,TRUE
213,SYST-MOR-0006912,none,none,none,pure?,none,none,none,1,0,pure,1.00E-05,1.00E-05,1.00E-05,1.00E-05,1.90E-05,0.846157,0.153775,1.00E-05,0.999932,TRUE
214,SYST-MOR-0006913,none,none,none,none,none,pure?,none,1,0,pure,1.00E-05,0.99993,1.00E-05,1.00E-05,1.00E-05,1.00E-05,1.00E-05,1.00E-05,2.00E-05,FALSE
215,SYST-MOR-0006914,none,none,none,none,none,pure?,none,1,0,pure,1.00E-05,0.99993,1.00E-05,1.00E-05,1.00E-05,1.00E-05,1.00E-05,1.00E-05,2.00E-05,FALSE
216,SYST-MOR-0006915,none,none,none,none,none,pure?,none,1,0,pure,1.00E-05,0.999929,1.00E-05,1.00E-05,1.00E-05,1.10E-05,1.00E-05,1.00E-05,2.10E-05,FALSE
217,SYST-MOR-0006916,none,none,none,none,none,pure?,none,1,0,pure,1.00E-05,0.99993,1.00E-05,1.00E-05,1.00E-05,1.00E-05,1.00E-05,1.00E-05,2.00E-05,FALSE
218,SYST-MOR-0006917,none,none,none,none,pure?,none,none,1,0,pure,1.00E-05,1.00E-05,0.00721,1.00E-05,1.00E-05,1.00E-05,1.00E-05,0.99273,2.00E-05,FALSE
219,SYST-MOR-0006918,none,pure?,none,none,none,none,none,1,0,pure,1.00E-05,1.00E-05,1.00E-05,0.99993,1.00E-05,1.00E-05,1.00E-05,1.00E-05,2.00E-05,TRUE
220,SYST-MOR-0006919,none,hybrid?,none,none,hybrid?,none,none,0,2,hybrid,1.00E-05,1.00E-05,0.047823,0.444215,1.00E-05,1.00E-05,1.00E-05,0.507912,2.00E-05,TRUE
221,SYST-MOR-0006920,none,none,none,none,pure?,none,none,1,0,pure,1.00E-05,1.00E-05,1.00E-05,1.00E-05,1.00E-05,1.00E-05,1.00E-05,0.99993,2.00E-05,FALSE
222,SYST-MOR-0006921,none,pure?,none,none,none,none,none,1,0,pure,1.00E-05,1.00E-05,1.00E-05,0.999927,1.30E-05,1.00E-05,1.00E-05,1.00E-05,2.00E-05,TRUE
223,SYST-MOR-0006922,pure?,none,none,none,none,none,none,1,0,pure,1.00E-05,1.00E-05,0.99993,1.00E-05,1.00E-05,1.00E-05,1.00E-05,1.00E-05,2.00E-05,TRUE
224,SYST-MOR-0006923,hybrid?,none,none,none,hybrid?,none,none,0,2,hybrid,1.00E-05,1.00E-05,0.528424,1.00E-05,1.00E-05,1.00E-05,1.00E-05,0.471516,2.00E-05,FALSE
225,SYST-MOR-0006924,none,none,none,none,pure?,none,none,1,0,pure,1.00E-05,1.00E-05,1.00E-05,1.00E-05,1.00E-05,1.00E-05,1.00E-05,0.99993,2.00E-05,FALSE
226,SYST-MOR-0006925,none,pure?,none,none,none,none,none,1,0,pure,1.00E-05,1.00E-05,1.00E-05,0.99993,1.00E-05,1.00E-05,1.00E-05,1.00E-05,2.00E-05,TRUE
227,SYST-MOR-0006926,pure?,none,none,none,none,none,none,1,0,pure,1.00E-05,0.005315,0.994625,1.00E-05,1.00E-05,1.00E-05,1.00E-05,1.00E-05,2.00E-05,TRUE
228,SYST-MOR-0006927,none,pure?,none,none,none,none,none,1,0,pure,1.00E-05,1.00E-05,1.00E-05,0.99993,1.00E-05,1.00E-05,1.00E-05,1.00E-05,2.00E-05,TRUE
229,SYST-MOR-0006928,pure?,none,none,none,none,none,none,1,0,pure,1.00E-05,1.00E-05,0.99993,1.00E-05,1.00E-05,1.00E-05,1.00E-05,1.00E-05,2.00E-05,TRUE
230,SYST-MOR-0006929,none,none,none,none,none,pure?,none,1,0,pure,1.00E-05,0.99993,1.00E-05,1.00E-05,1.00E-05,1.00E-05,1.00E-05,1.00E-05,2.00E-05,FALSE
231,SYST-MOR-0006930,none,none,none,none,none,pure?,none,1,0,pure,1.00E-05,0.99993,1.00E-05,1.00E-05,1.00E-05,1.00E-05,1.00E-05,1.00E-05,2.00E-05,FALSE
232,SYST-MOR-0006931,none,none,none,none,none,pure?,none,1,0,pure,1.00E-05,0.99993,1.00E-05,1.00E-05,1.00E-05,1.00E-05,1.00E-05,1.00E-05,2.00E-05,FALSE
233,SYST-MOR-0006932,none,none,none,pure?,none,none,none,1,0,pure,1.00E-05,1.00E-05,1.00E-05,1.00E-05,1.00E-05,0.99993,1.00E-05,1.00E-05,0.99994,TRUE
234,SYST-MOR-0006933,none,none,none,pure?,none,none,none,1,0,pure,1.00E-05,1.00E-05,1.00E-05,1.00E-05,1.00E-05,0.99993,1.00E-05,1.00E-05,0.99994,TRUE
235,SYST-MOR-0006934,none,none,none,pure?,none,none,none,1,0,pure,1.00E-05,1.00E-05,1.00E-05,1.00E-05,1.00E-05,0.933055,0.066885,1.00E-05,0.99994,TRUE
236,SYST-MOR-0006935,none,none,none,pure?,none,none,none,1,0,pure,1.00E-05,1.00E-05,1.00E-05,1.00E-05,1.10E-05,0.995865,0.004074,1.00E-05,0.999939,TRUE
237,SYST-MOR-0006936,none,none,none,pure?,none,none,none,1,0,pure,1.00E-05,1.30E-05,1.00E-05,1.00E-05,1.00E-05,0.976284,0.023654,1.00E-05,0.999938,TRUE
238,SYST-MOR-0006937,none,none,none,pure?,none,none,none,1,0,pure,0.005157,1.00E-05,1.00E-05,1.00E-05,1.00E-05,1.00E-05,0.994783,1.00E-05,0.994793,TRUE
239,SYST-MOR-0006938,pure?,none,none,none,none,none,none,1,0,pure,1.00E-05,1.00E-05,0.99993,1.00E-05,1.00E-05,1.00E-05,1.00E-05,1.00E-05,2.00E-05,TRUE
240,SYST-MOR-0006939,pure?,none,none,none,none,none,none,1,0,pure,1.00E-05,1.00E-05,0.989769,1.00E-05,1.00E-05,1.00E-05,0.010171,1.00E-05,0.010181,TRUE
241,SYST-MOR-0006940,pure?,none,none,none,none,none,none,1,0,pure,1.00E-05,1.00E-05,0.99993,1.00E-05,1.00E-05,1.00E-05,1.00E-05,1.00E-05,2.00E-05,TRUE
242,SYST-MOR-0006941,pure?,none,none,none,none,none,none,1,0,pure,1.00E-05,1.00E-05,0.998278,1.00E-05,1.00E-05,0.001662,1.00E-05,1.00E-05,0.001672,TRUE
243,SYST-MOR-0006942,none,none,none,pure?,none,none,none,1,0,pure,1.00E-05,1.00E-05,1.00E-05,1.00E-05,1.00E-05,0.085383,0.914557,1.00E-05,0.99994,TRUE
244,SYST-MOR-0006943,none,none,none,pure?,none,none,none,1,0,pure,1.00E-05,1.00E-05,1.00E-05,1.00E-05,1.00E-05,0.025814,0.974126,1.00E-05,0.99994,TRUE
245,SYST-MOR-0006944,none,none,none,pure?,none,none,none,1,0,pure,1.00E-05,1.00E-05,1.00E-05,1.00E-05,1.00E-05,1.00E-05,0.99993,1.00E-05,0.99994,TRUE
246,SYST-MOR-0006945,none,none,none,pure?,none,none,none,1,0,pure,1.00E-05,1.00E-05,1.00E-05,1.00E-05,0.004165,1.00E-05,0.995775,1.00E-05,0.995785,TRUE
247,SYST-MOR-0006946,pure?,none,none,none,none,none,none,1,0,pure,1.00E-05,1.00E-05,0.99993,1.00E-05,1.00E-05,1.00E-05,1.00E-05,1.00E-05,2.00E-05,TRUE
248,SYST-MOR-0006947,none,none,none,pure?,none,none,none,1,0,pure,1.00E-05,1.00E-05,1.00E-05,1.00E-05,1.00E-05,0.007819,0.992121,1.00E-05,0.99994,TRUE
249,SYST-MOR-0006948,none,none,none,pure?,none,none,none,1,0,pure,1.10E-05,0.00503,1.00E-05,1.00E-05,1.00E-05,1.00E-05,0.994909,1.00E-05,0.994919,TRUE
250,SYST-MOR-0006949,hybrid?,none,none,hybrid?,none,none,none,0,2,hybrid,1.00E-05,1.00E-05,0.542417,1.00E-05,1.00E-05,0.024038,0.433495,1.00E-05,0.457533,TRUE
251,SYST-MOR-0006950,pure?,none,none,none,none,none,none,1,0,pure,1.00E-05,1.00E-05,0.995971,1.00E-05,1.30E-05,0.003966,1.00E-05,1.00E-05,0.003976,TRUE
252,SYST-MOR-0006951,hybrid?,none,none,hybrid?,none,none,none,0,2,hybrid,1.00E-05,1.00E-05,0.45598,1.00E-05,1.00E-05,0.008621,0.535348,1.00E-05,0.543969,TRUE
253,SYST-MOR-0006952,hybrid?,none,none,hybrid?,none,none,none,0,2,hybrid,1.00E-05,1.00E-05,0.527163,0.004238,1.00E-05,0.03868,0.429879,1.00E-05,0.468559,TRUE
254,SYST-MOR-0006953,hybrid?,none,none,hybrid?,none,none,none,0,2,hybrid,1.00E-05,1.00E-05,0.923467,1.00E-05,1.00E-05,0.001598,0.074884,1.00E-05,0.076482,TRUE
255,SYST-MOR-0006954,hybrid?,none,none,hybrid?,none,none,none,0,2,hybrid,1.00E-05,1.00E-05,0.151702,1.00E-05,1.00E-05,0.012249,0.835999,1.00E-05,0.848248,TRUE
256,SYST-MOR-0006955,none,none,none,pure?,none,none,none,1,0,pure,1.00E-05,1.00E-05,1.00E-05,1.00E-05,1.00E-05,1.00E-05,0.99993,1.00E-05,0.99994,TRUE
257,SYST-MOR-0006956,none,none,none,pure?,none,none,none,1,0,pure,1.00E-05,1.00E-05,1.00E-05,1.00E-05,1.00E-05,1.00E-05,0.99993,1.00E-05,0.99994,TRUE
258,SYST-MOR-0006957,none,none,none,pure?,none,none,none,1,0,pure,1.00E-05,1.00E-05,1.00E-05,1.00E-05,1.00E-05,0.106467,0.893473,1.00E-05,0.99994,TRUE
259,SYST-MOR-0006958,none,none,none,pure?,none,none,none,1,0,pure,1.00E-05,1.00E-05,1.00E-05,1.00E-05,1.00E-05,1.00E-05,0.99993,1.00E-05,0.99994,TRUE
260,SYST-MOR-0006959,none,none,none,pure?,none,none,none,1,0,pure,1.00E-05,1.00E-05,1.00E-05,1.00E-05,1.00E-05,1.00E-05,0.99993,1.00E-05,0.99994,TRUE
261,SYST-MOR-0006960,none,none,none,pure?,none,none,none,1,0,pure,1.00E-05,1.00E-05,1.00E-05,1.00E-05,1.00E-05,1.00E-05,0.99993,1.00E-05,0.99994,TRUE
262,SYST-MOR-0006961,none,none,none,pure?,none,none,none,1,0,pure,1.00E-05,1.00E-05,1.00E-05,1.00E-05,1.00E-05,1.80E-05,0.999922,1.00E-05,0.99994,TRUE
263,SYST-MOR-0006962,none,none,none,pure?,none,none,none,1,0,pure,1.00E-05,1.00E-05,1.00E-05,1.00E-05,1.00E-05,0.06107,0.93887,1.00E-05,0.99994,TRUE
264,SYST-MOR-0006963,none,none,none,pure?,none,none,none,1,0,pure,1.00E-05,1.00E-05,1.00E-05,1.00E-05,1.20E-05,1.00E-05,0.999928,1.00E-05,0.999938,TRUE
265,SYST-MOR-0006964,pure?,none,none,none,none,none,none,1,0,pure,1.00E-05,0.004303,0.995635,1.00E-05,1.00E-05,1.20E-05,1.00E-05,1.00E-05,2.20E-05,TRUE
266,SYST-MOR-0006965,pure?,none,none,none,none,none,none,1,0,pure,1.00E-05,1.00E-05,0.99993,1.00E-05,1.00E-05,1.00E-05,1.00E-05,1.00E-05,2.00E-05,TRUE
267,SYST-MOR-0006966,pure?,none,none,none,none,none,none,1,0,pure,1.00E-05,1.00E-05,0.999925,1.00E-05,1.00E-05,1.00E-05,1.50E-05,1.00E-05,2.50E-05,TRUE
268,SYST-MOR-0006967,pure?,none,none,none,none,none,none,1,0,pure,1.00E-05,1.00E-05,0.99993,1.00E-05,1.00E-05,1.00E-05,1.00E-05,1.00E-05,2.00E-05,TRUE
269,SYST-MOR-0006968,none,none,none,pure?,none,none,none,1,0,pure,1.00E-05,1.00E-05,1.00E-05,0.007218,1.00E-05,0.035738,0.956994,1.00E-05,0.992732,TRUE
270,SYST-MOR-0006969,pure?,none,none,none,none,none,none,1,0,pure,1.00E-05,1.00E-05,0.99993,1.00E-05,1.00E-05,1.00E-05,1.00E-05,1.00E-05,2.00E-05,TRUE
271,SYST-MOR-0006970,none,pure?,none,none,none,none,none,1,0,pure,1.00E-05,1.00E-05,1.00E-05,0.99993,1.00E-05,1.00E-05,1.00E-05,1.00E-05,2.00E-05,TRUE
272,SYST-MOR-0006971,none,pure?,none,none,none,none,none,1,0,pure,1.00E-05,1.00E-05,1.00E-05,0.99993,1.00E-05,1.00E-05,1.00E-05,1.00E-05,2.00E-05,TRUE
273,SYST-MOR-0006972,none,none,none,none,none,pure?,none,1,0,pure,1.00E-05,0.993638,1.00E-05,1.00E-05,1.00E-05,1.00E-05,0.006302,1.00E-05,0.006312,FALSE
274,SYST-MOR-0006973,none,none,none,pure?,none,none,none,1,0,pure,1.00E-05,1.00E-05,1.00E-05,0.014964,1.10E-05,0.445454,0.539531,1.00E-05,0.984985,TRUE
275,SYST-MOR-0006974,none,none,none,none,none,pure?,none,1,0,pure,1.00E-05,0.999929,1.00E-05,1.00E-05,1.00E-05,1.00E-05,1.10E-05,1.00E-05,2.10E-05,FALSE
276,SYST-MOR-0006975,none,none,none,pure?,none,none,none,1,0,pure,1.00E-05,1.00E-05,1.00E-05,0.014472,1.00E-05,0.429427,0.556051,1.00E-05,0.985478,TRUE
277,SYST-MOR-0006976,pure?,none,none,none,none,none,none,1,0,pure,1.00E-05,1.00E-05,0.977267,1.00E-05,1.00E-05,1.00E-05,0.022673,1.00E-05,0.022683,TRUE
278,SYST-MOR-0006977,none,none,none,pure?,none,none,none,1,0,pure,1.00E-05,1.00E-05,0.002576,1.00E-05,1.00E-05,0.29522,0.702153,1.00E-05,0.997373,TRUE
279,SYST-MOR-0006978,pure?,none,none,none,none,none,none,1,0,pure,1.00E-05,0.005795,0.994145,1.00E-05,1.00E-05,1.00E-05,1.00E-05,1.00E-05,2.00E-05,TRUE
280,SYST-MOR-0006979,none,none,none,pure?,none,none,none,1,0,pure,1.00E-05,1.00E-05,1.00E-05,0.005587,1.00E-05,0.207308,0.787054,1.00E-05,0.994362,TRUE
281,SYST-MOR-0006980,none,none,none,pure?,none,none,none,1,0,pure,1.00E-05,0.000376,0.006373,1.00E-05,1.00E-05,0.322844,0.670366,1.00E-05,0.99321,TRUE
282,SYST-MOR-0006981,none,none,none,none,none,pure?,none,1,0,pure,1.00E-05,0.999928,1.00E-05,1.00E-05,1.00E-05,1.20E-05,1.00E-05,1.00E-05,2.20E-05,FALSE
283,SYST-MOR-0006982,pure?,none,none,none,none,none,none,1,0,pure,1.00E-05,1.00E-05,0.989201,1.00E-05,1.00E-05,1.00E-05,1.00E-05,0.010739,2.00E-05,FALSE
284,SYST-MOR-0006983,none,none,none,none,none,pure?,none,1,0,pure,1.00E-05,0.99993,1.00E-05,1.00E-05,1.00E-05,1.00E-05,1.00E-05,1.00E-05,2.00E-05,FALSE
285,SYST-MOR-0006984,pure?,none,none,none,none,none,none,1,0,pure,1.00E-05,1.00E-05,0.99993,1.00E-05,1.00E-05,1.00E-05,1.00E-05,1.00E-05,2.00E-05,TRUE
286,SYST-MOR-0006985,none,none,none,none,none,pure?,none,1,0,pure,1.00E-05,0.96579,1.00E-05,1.00E-05,1.00E-05,0.03415,1.00E-05,1.00E-05,0.03416,FALSE
287,SYST-MOR-0006986,none,none,none,none,none,pure?,none,1,0,pure,1.00E-05,0.975488,1.00E-05,1.00E-05,1.00E-05,1.00E-05,0.024452,1.00E-05,0.024462,FALSE
288,SYST-MOR-0006987,none,none,none,none,none,pure?,none,1,0,pure,1.00E-05,0.993398,1.00E-05,1.00E-05,1.00E-05,1.00E-05,0.006542,1.00E-05,0.006552,FALSE
289,SYST-MOR-0006988,none,none,none,none,none,pure?,none,1,0,pure,1.00E-05,0.975184,1.00E-05,1.00E-05,1.00E-05,0.024756,1.00E-05,1.00E-05,0.024766,FALSE
290,SYST-MOR-0006989,pure?,none,none,none,none,none,none,1,0,pure,1.00E-05,1.00E-05,0.992753,0.007187,1.00E-05,1.00E-05,1.00E-05,1.00E-05,2.00E-05,TRUE
291,SYST-MOR-0006990,none,none,none,none,none,pure?,none,1,0,pure,1.00E-05,0.967476,1.00E-05,1.00E-05,1.00E-05,0.03246,1.40E-05,1.00E-05,0.032474,FALSE
292,SYST-MOR-0006991,pure?,none,none,none,none,none,none,1,0,pure,1.00E-05,1.00E-05,0.994081,1.00E-05,1.00E-05,0.005859,1.00E-05,1.00E-05,0.005869,TRUE
293,SYST-MOR-0006992,pure?,none,none,none,none,none,none,1,0,pure,1.00E-05,1.00E-05,0.999929,1.00E-05,1.00E-05,1.00E-05,1.10E-05,1.00E-05,2.10E-05,TRUE
294,SYST-MOR-0006993,pure?,none,none,none,none,none,none,1,0,pure,1.00E-05,0.004569,0.995371,1.00E-05,1.00E-05,1.00E-05,1.00E-05,1.00E-05,2.00E-05,TRUE
295,SYST-MOR-0006994,none,pure?,none,none,none,none,none,1,0,pure,1.00E-05,1.00E-05,1.00E-05,0.99993,1.00E-05,1.00E-05,1.00E-05,1.00E-05,2.00E-05,TRUE
296,SYST-MOR-0006995,none,pure?,none,none,none,none,none,1,0,pure,1.00E-05,1.00E-05,1.00E-05,0.983745,1.00E-05,0.016195,1.00E-05,1.00E-05,0.016205,TRUE
297,SYST-MOR-0006996,none,pure?,none,none,none,none,none,1,0,pure,1.00E-05,1.00E-05,1.00E-05,0.979743,1.00E-05,1.00E-05,0.020197,1.00E-05,0.020207,TRUE
298,SYST-MOR-0006997,none,pure?,none,none,none,none,none,1,0,pure,1.00E-05,1.00E-05,1.00E-05,0.985986,1.00E-05,1.00E-05,0.013954,1.00E-05,0.013964,TRUE
299,SYST-MOR-0006998,hybrid?,none,none,hybrid?,none,none,none,0,2,hybrid,1.00E-05,1.00E-05,0.492948,0.002801,0.003316,0.118301,0.382603,1.00E-05,0.500904,TRUE
300,SYST-MOR-0006999,none,none,none,pure?,none,none,none,1,0,pure,1.00E-05,1.00E-05,1.00E-05,0.004712,1.70E-05,0.162333,0.832898,1.00E-05,0.995231,TRUE
301,SYST-MOR-0007000,pure?,none,none,none,none,none,none,1,0,pure,1.00E-05,1.00E-05,0.99993,1.00E-05,1.00E-05,1.00E-05,1.00E-05,1.00E-05,2.00E-05,TRUE
302,SYST-MOR-0007001,none,none,none,pure?,none,none,none,1,0,pure,1.00E-05,1.00E-05,1.00E-05,1.00E-05,1.00E-05,0.163327,0.836613,1.00E-05,0.99994,TRUE
303,SYST-MOR-0007002,none,none,none,pure?,none,none,none,1,0,pure,1.00E-05,1.00E-05,1.00E-05,1.00E-05,1.00E-05,0.313334,0.686606,1.00E-05,0.99994,TRUE
304,SYST-MOR-0007003,none,none,none,pure?,none,none,none,1,0,pure,1.00E-05,1.00E-05,1.00E-05,1.00E-05,1.50E-05,0.091563,0.908372,1.00E-05,0.999935,TRUE
305,SYST-MOR-0007004,none,pure?,none,none,none,none,none,1,0,pure,1.00E-05,1.00E-05,1.00E-05,0.99993,1.00E-05,1.00E-05,1.00E-05,1.00E-05,2.00E-05,TRUE
306,SYST-MOR-0007005,pure?,none,none,none,none,none,none,1,0,pure,1.00E-05,1.00E-05,0.99993,1.00E-05,1.00E-05,1.00E-05,1.00E-05,1.00E-05,2.00E-05,TRUE
307,SYST-MOR-0007006,none,hybrid?,none,hybrid?,none,none,none,0,2,hybrid,1.00E-05,1.00E-05,1.00E-05,0.920401,1.00E-05,1.00E-05,0.079539,1.00E-05,0.079549,TRUE
308,SYST-MOR-0007007,pure?,none,none,none,none,none,none,1,0,pure,1.00E-05,1.00E-05,0.99993,1.00E-05,1.00E-05,1.00E-05,1.00E-05,1.00E-05,2.00E-05,TRUE
309,SYST-MOR-0007008,none,pure?,none,none,none,none,none,1,0,pure,1.00E-05,1.00E-05,1.00E-05,0.99993,1.00E-05,1.00E-05,1.00E-05,1.00E-05,2.00E-05,TRUE
310,SYST-MOR-0007009,pure?,none,none,none,none,none,none,1,0,pure,1.00E-05,0.006081,0.98692,1.30E-05,1.00E-05,1.00E-05,0.006947,1.00E-05,0.006957,FALSE
311,SYST-MOR-0007010,none,hybrid?,none,hybrid?,none,none,none,0,2,hybrid,1.00E-05,1.00E-05,1.00E-05,0.899167,1.00E-05,0.021519,0.079264,1.00E-05,0.100783,TRUE
312,SYST-MOR-0007011,pure?,none,none,none,none,none,none,1,0,pure,1.00E-05,1.00E-05,0.994447,1.00E-05,1.00E-05,0.005493,1.00E-05,1.00E-05,0.005503,TRUE
313,SYST-MOR-0007012,none,pure?,none,none,none,none,none,1,0,pure,1.00E-05,1.00E-05,1.00E-05,0.99993,1.00E-05,1.00E-05,1.00E-05,1.00E-05,2.00E-05,TRUE
314,SYST-MOR-0007013,pure?,none,none,none,none,none,none,1,0,pure,1.00E-05,1.00E-05,0.99993,1.00E-05,1.00E-05,1.00E-05,1.00E-05,1.00E-05,2.00E-05,TRUE
315,SYST-MOR-0007014,none,hybrid?,none,pure?,none,none,none,1,1,uncertain hybrid,1.00E-05,1.00E-05,1.00E-05,0.02176,1.00E-05,0.273862,0.704329,1.00E-05,0.978191,TRUE
316,SYST-MOR-0007015,none,none,none,none,none,pure?,none,1,0,pure,1.00E-05,0.99993,1.00E-05,1.00E-05,1.00E-05,1.00E-05,1.00E-05,1.00E-05,2.00E-05,FALSE
317,SYST-MOR-0007016,none,none,none,pure?,none,none,none,1,0,pure,0.00408,1.10E-05,1.00E-05,1.00E-05,1.00E-05,0.612986,0.382883,1.00E-05,0.995869,TRUE
318,SYST-MOR-0007017,none,none,none,none,none,pure?,none,1,0,pure,1.00E-05,0.99993,1.00E-05,1.00E-05,1.00E-05,1.00E-05,1.00E-05,1.00E-05,2.00E-05,FALSE
319,SYST-MOR-0007018,none,none,none,pure?,none,none,none,1,0,pure,1.00E-05,1.00E-05,1.00E-05,1.00E-05,1.00E-05,0.650381,0.349559,1.00E-05,0.99994,TRUE
320,SYST-MOR-0007019,none,none,none,none,none,none,pure?,1,0,pure,0.99993,1.00E-05,1.00E-05,1.00E-05,1.00E-05,1.00E-05,1.00E-05,1.00E-05,2.00E-05,FALSE
321,SYST-MOR-0007020,none,none,none,pure?,none,none,none,1,0,pure,1.70E-05,1.00E-05,1.00E-05,1.00E-05,1.00E-05,0.645434,0.354499,1.00E-05,0.999933,TRUE
322,SYST-MOR-0007021,none,none,none,none,none,pure?,none,1,0,pure,1.00E-05,0.99993,1.00E-05,1.00E-05,1.00E-05,1.00E-05,1.00E-05,1.00E-05,2.00E-05,FALSE
323,SYST-MOR-0007022,none,none,none,pure?,none,none,none,1,0,pure,1.00E-05,1.00E-05,1.00E-05,1.00E-05,1.00E-05,0.688977,0.310962,1.00E-05,0.999939,TRUE
324,SYST-MOR-0007023,none,none,none,none,none,pure?,none,1,0,pure,1.00E-05,0.99993,1.00E-05,1.00E-05,1.00E-05,1.00E-05,1.00E-05,1.00E-05,2.00E-05,FALSE
325,SYST-MOR-0007024,none,none,none,pure?,none,none,none,1,0,pure,1.00E-05,1.00E-05,1.00E-05,1.00E-05,1.00E-05,0.822303,0.177637,1.00E-05,0.99994,TRUE
326,SYST-MOR-0007025,none,none,none,none,none,pure?,none,1,0,pure,1.00E-05,0.999927,1.00E-05,1.00E-05,1.30E-05,1.00E-05,1.00E-05,1.00E-05,2.00E-05,FALSE
327,SYST-MOR-0007026,none,none,none,none,none,none,pure?,1,0,pure,0.989801,1.00E-05,1.00E-05,1.00E-05,1.20E-05,1.00E-05,0.010137,1.00E-05,0.010147,FALSE
328,SYST-MOR-0007027,none,none,none,none,none,none,pure?,1,0,pure,0.99993,1.00E-05,1.00E-05,1.00E-05,1.00E-05,1.00E-05,1.00E-05,1.00E-05,2.00E-05,FALSE
329,SYST-MOR-0007028,none,none,none,none,none,none,pure?,1,0,pure,0.99993,1.00E-05,1.00E-05,1.00E-05,1.00E-05,1.00E-05,1.00E-05,1.00E-05,2.00E-05,FALSE
330,SYST-MOR-0007029,none,none,none,none,none,none,pure?,1,0,pure,0.99993,1.00E-05,1.00E-05,1.00E-05,1.00E-05,1.00E-05,1.00E-05,1.00E-05,2.00E-05,FALSE
331,SYST-MOR-0007030,pure?,none,none,none,none,none,none,1,0,pure,1.00E-05,1.00E-05,0.99993,1.00E-05,1.00E-05,1.00E-05,1.00E-05,1.00E-05,2.00E-05,TRUE
332,SYST-MOR-0007031,pure?,none,none,none,none,none,none,1,0,pure,1.00E-05,1.00E-05,0.99993,1.00E-05,1.00E-05,1.00E-05,1.00E-05,1.00E-05,2.00E-05,TRUE
333,SYST-MOR-0007032,pure?,none,none,none,none,none,none,1,0,pure,1.00E-05,1.00E-05,0.99993,1.00E-05,1.00E-05,1.00E-05,1.00E-05,1.00E-05,2.00E-05,TRUE
334,SYST-MOR-0007033,pure?,none,none,none,none,none,none,1,0,pure,1.00E-05,1.00E-05,0.99993,1.00E-05,1.00E-05,1.00E-05,1.00E-05,1.00E-05,2.00E-05,TRUE
335,SYST-MOR-0007034,pure?,none,none,none,none,none,none,1,0,pure,1.00E-05,1.00E-05,0.99993,1.00E-05,1.00E-05,1.00E-05,1.00E-05,1.00E-05,2.00E-05,TRUE
336,SYST-MOR-0007035,none,none,none,none,none,pure?,none,1,0,pure,1.00E-05,0.99993,1.00E-05,1.00E-05,1.00E-05,1.00E-05,1.00E-05,1.00E-05,2.00E-05,FALSE
337,SYST-MOR-0007036,none,none,none,none,none,pure?,none,1,0,pure,1.40E-05,0.999926,1.00E-05,1.00E-05,1.00E-05,1.00E-05,1.00E-05,1.00E-05,2.00E-05,FALSE
338,SYST-MOR-0007037,none,none,none,pure?,none,none,none,1,0,pure,1.00E-05,1.00E-05,1.00E-05,1.00E-05,1.00E-05,0.766164,0.233776,1.00E-05,0.99994,TRUE
339,SYST-MOR-0007038,none,none,none,pure?,none,none,none,1,0,pure,1.00E-05,0.002021,1.00E-05,1.00E-05,1.00E-05,0.592715,0.405214,1.00E-05,0.997929,TRUE
340,SYST-MOR-0007039,none,none,none,none,none,pure?,none,1,0,pure,1.00E-05,0.99993,1.00E-05,1.00E-05,1.00E-05,1.00E-05,1.00E-05,1.00E-05,2.00E-05,FALSE
341,SYST-MOR-0007040,none,none,none,pure?,none,none,none,1,0,pure,1.00E-05,0.009161,1.00E-05,1.00E-05,1.00E-05,0.581086,0.409703,1.00E-05,0.990789,TRUE
342,SYST-MOR-0007041,none,none,none,none,none,pure?,none,1,0,pure,1.00E-05,0.99993,1.00E-05,1.00E-05,1.00E-05,1.00E-05,1.00E-05,1.00E-05,2.00E-05,FALSE
343,SYST-MOR-0007042,none,none,none,pure?,none,none,none,1,0,pure,1.00E-05,1.00E-05,1.00E-05,1.00E-05,1.00E-05,0.678592,0.321348,1.00E-05,0.99994,TRUE
344,SYST-MOR-0007043,none,none,none,none,none,pure?,none,1,0,pure,1.00E-05,0.99993,1.00E-05,1.00E-05,1.00E-05,1.00E-05,1.00E-05,1.00E-05,2.00E-05,FALSE
345,SYST-MOR-0007044,none,none,none,none,none,pure?,none,1,0,pure,1.00E-05,0.99993,1.00E-05,1.00E-05,1.00E-05,1.00E-05,1.00E-05,1.00E-05,2.00E-05,FALSE
346,SYST-MOR-0007045,none,none,none,pure?,none,none,none,1,0,pure,1.00E-05,1.00E-05,1.00E-05,1.00E-05,1.00E-05,0.526945,0.472995,1.00E-05,0.99994,TRUE
347,SYST-MOR-0007046,none,none,none,none,none,pure?,none,1,0,pure,1.00E-05,0.999927,1.00E-05,1.00E-05,1.30E-05,1.00E-05,1.00E-05,1.00E-05,2.00E-05,FALSE
348,SYST-MOR-0007047,none,hybrid?,none,hybrid?,none,none,none,0,2,hybrid,1.00E-05,1.00E-05,1.30E-05,0.694474,1.10E-05,0.066063,0.23941,1.00E-05,0.305473,TRUE
349,SYST-MOR-0007048,none,hybrid?,none,hybrid?,none,none,none,0,2,hybrid,1.00E-05,1.00E-05,1.00E-05,0.088965,1.30E-05,0.195888,0.715094,1.00E-05,0.910982,TRUE
350,SYST-MOR-0007049,none,hybrid?,none,pure?,none,none,none,1,1,uncertain hybrid,1.00E-05,1.00E-05,1.00E-05,0.025527,1.00E-05,0.270539,0.703884,1.00E-05,0.974423,TRUE
351,SYST-MOR-0007050,none,hybrid?,none,hybrid?,none,none,none,0,2,hybrid,1.00E-05,1.00E-05,1.00E-05,0.517644,1.00E-05,0.100724,0.381582,1.00E-05,0.482306,TRUE
352,SYST-MOR-0007051,pure?,none,none,none,none,none,none,1,0,pure,1.00E-05,1.00E-05,0.99993,1.00E-05,1.00E-05,1.00E-05,1.00E-05,1.00E-05,2.00E-05,TRUE
353,SYST-MOR-0007052,hybrid?,hybrid?,none,none,none,none,none,0,2,hybrid,1.00E-05,1.00E-05,0.257986,0.705869,1.00E-05,1.00E-05,0.036095,1.00E-05,0.036105,TRUE
354,SYST-MOR-0007053,pure?,none,none,none,none,none,none,1,0,pure,1.00E-05,1.00E-05,0.99993,1.00E-05,1.00E-05,1.00E-05,1.00E-05,1.00E-05,2.00E-05,TRUE
355,SYST-MOR-0007054,pure?,none,none,none,none,none,none,1,0,pure,1.00E-05,1.00E-05,0.976719,1.00E-05,1.00E-05,1.00E-05,0.023221,1.00E-05,0.023231,TRUE
356,SYST-MOR-0007055,none,hybrid?,none,hybrid?,none,none,none,0,2,hybrid,1.00E-05,1.00E-05,1.00E-05,0.774094,1.00E-05,0.0207,0.205156,1.00E-05,0.225856,TRUE
357,SYST-MOR-0007056,none,hybrid?,none,hybrid?,none,none,none,0,2,hybrid,1.50E-05,1.00E-05,1.00E-05,0.486812,1.00E-05,0.060299,0.452833,1.00E-05,0.513132,TRUE
358,SYST-MOR-0007057,none,pure?,none,none,none,none,none,1,0,pure,1.00E-05,1.00E-05,1.00E-05,0.972369,1.00E-05,1.00E-05,0.027571,1.00E-05,0.027581,TRUE
359,SYST-MOR-0007058,hybrid?,none,none,hybrid?,none,none,none,0,2,hybrid,1.00E-05,1.00E-05,0.523912,0.009722,1.00E-05,0.020758,0.445567,1.00E-05,0.466325,TRUE
360,SYST-MOR-0007059,none,pure?,none,none,none,none,none,1,0,pure,1.00E-05,1.00E-05,1.00E-05,0.962734,1.00E-05,1.00E-05,0.037206,1.00E-05,0.037216,TRUE
361,SYST-MOR-0007060,none,pure?,none,hybrid?,none,none,none,1,1,uncertain hybrid,1.00E-05,1.00E-05,1.00E-05,0.930848,1.00E-05,1.00E-05,0.069092,1.00E-05,0.069102,TRUE
362,SYST-MOR-0007061,pure?,none,none,none,none,none,none,1,0,pure,1.00E-05,1.00E-05,0.99993,1.00E-05,1.00E-05,1.00E-05,1.00E-05,1.00E-05,2.00E-05,TRUE
363,SYST-MOR-0007062,pure?,none,none,none,none,none,none,1,0,pure,1.00E-05,1.00E-05,0.99993,1.00E-05,1.00E-05,1.00E-05,1.00E-05,1.00E-05,2.00E-05,TRUE
364,SYST-MOR-0007063,pure?,none,none,none,none,none,none,1,0,pure,1.00E-05,1.00E-05,0.99993,1.00E-05,1.00E-05,1.00E-05,1.00E-05,1.00E-05,2.00E-05,TRUE
365,SYST-MOR-0007064,pure?,none,none,none,none,none,none,1,0,pure,1.00E-05,1.00E-05,0.990523,1.00E-05,1.00E-05,1.00E-05,0.009417,1.00E-05,0.009427,TRUE
366,SYST-MOR-0007065,pure?,none,none,none,none,none,none,1,0,pure,1.00E-05,1.00E-05,0.99993,1.00E-05,1.00E-05,1.00E-05,1.00E-05,1.00E-05,2.00E-05,TRUE
367,SYST-MOR-0007066,none,none,none,pure?,none,none,none,1,0,pure,1.00E-05,0.005575,1.00E-05,0.006784,1.30E-05,0.10443,0.883168,1.00E-05,0.987598,FALSE
368,SYST-MOR-0007067,none,hybrid?,none,hybrid?,none,hybrid?,none,0,3,hybrid,1.00E-05,0.190168,1.00E-05,0.123504,1.40E-05,0.094046,0.592238,1.00E-05,0.686284,TRUE
369,SYST-MOR-0007068,none,hybrid?,none,hybrid?,none,none,none,0,2,hybrid,1.00E-05,1.00E-05,1.20E-05,0.800991,1.00E-05,1.00E-05,0.198946,1.00E-05,0.198956,TRUE
370,SYST-MOR-0007069,none,none,none,pure?,none,none,none,1,0,pure,1.00E-05,1.00E-05,1.00E-05,0.036632,1.00E-05,0.145442,0.817876,1.00E-05,0.963318,TRUE
371,SYST-MOR-0007070,none,none,none,pure?,none,none,none,1,0,pure,1.00E-05,1.00E-05,1.00E-05,0.024502,0.002309,0.212472,0.760676,1.00E-05,0.973148,TRUE
372,SYST-MOR-0007071,none,none,none,pure?,none,none,none,1,0,pure,1.00E-05,1.00E-05,1.00E-05,0.011292,1.00E-05,1.00E-05,0.988648,1.00E-05,0.988658,TRUE
373,SYST-MOR-0007072,none,none,none,pure?,none,none,none,1,0,pure,1.00E-05,1.00E-05,1.00E-05,1.10E-05,1.00E-05,0.039068,0.960871,1.00E-05,0.999939,TRUE
374,SYST-MOR-0007073,none,none,none,pure?,none,none,none,1,0,pure,1.00E-05,1.00E-05,1.00E-05,1.00E-05,1.20E-05,1.90E-05,0.999919,1.00E-05,0.999938,TRUE
375,SYST-MOR-0007074,none,hybrid?,none,pure?,none,none,none,1,1,uncertain hybrid,1.00E-05,1.00E-05,1.00E-05,0.032213,1.00E-05,0.047571,0.920166,1.00E-05,0.967737,TRUE
376,SYST-MOR-0007075,pure?,none,none,none,none,none,none,1,0,pure,1.00E-05,1.00E-05,0.976454,1.00E-05,1.00E-05,1.00E-05,0.023486,1.00E-05,0.023496,TRUE
377,SYST-MOR-0007076,none,hybrid?,none,hybrid?,none,none,none,0,2,hybrid,1.00E-05,1.00E-05,1.00E-05,0.080181,1.00E-05,0.052968,0.866802,1.00E-05,0.91977,TRUE
378,SYST-MOR-0007077,hybrid?,none,none,hybrid?,none,none,none,0,2,hybrid,1.00E-05,1.00E-05,0.492479,0.007272,1.00E-05,1.00E-05,0.5002,1.00E-05,0.50021,TRUE
379,SYST-MOR-0007078,hybrid?,none,none,hybrid?,none,none,none,0,2,hybrid,1.00E-05,1.00E-05,0.878993,1.00E-05,1.00E-05,1.00E-05,0.120947,1.00E-05,0.120957,TRUE
380,SYST-MOR-0007079,pure?,none,none,none,none,none,none,1,0,pure,1.00E-05,1.00E-05,0.993603,1.00E-05,1.00E-05,0.006337,1.00E-05,1.00E-05,0.006347,TRUE
381,SYST-MOR-0007080,pure?,none,none,none,none,none,none,1,0,pure,1.00E-05,1.00E-05,0.999928,1.00E-05,1.00E-05,1.20E-05,1.00E-05,1.00E-05,2.20E-05,TRUE
382,SYST-MOR-0007081,pure?,none,none,none,none,none,none,1,0,pure,1.00E-05,1.00E-05,0.99993,1.00E-05,1.00E-05,1.00E-05,1.00E-05,1.00E-05,2.00E-05,TRUE
383,SYST-MOR-0007082,hybrid?,none,none,hybrid?,none,none,none,0,2,hybrid,1.00E-05,1.10E-05,0.15709,0.019253,1.00E-05,0.10594,0.717675,1.00E-05,0.823615,TRUE
384,SYST-MOR-0007083,hybrid?,hybrid?,none,hybrid?,none,none,none,0,3,hybrid,1.00E-05,1.00E-05,0.172289,0.147993,1.00E-05,1.00E-05,0.679668,1.00E-05,0.679678,TRUE
385,SYST-MOR-0007084,pure?,none,none,none,none,none,none,1,0,pure,1.00E-05,1.00E-05,0.99993,1.00E-05,1.00E-05,1.00E-05,1.00E-05,1.00E-05,2.00E-05,TRUE
386,SYST-MOR-0007085,hybrid?,none,none,hybrid?,none,none,none,0,2,hybrid,1.00E-05,1.00E-05,0.089478,0.038893,1.00E-05,0.063149,0.80844,1.00E-05,0.871589,TRUE
387,SYST-MOR-0007086,none,hybrid?,none,hybrid?,none,none,none,0,2,hybrid,1.00E-05,1.00E-05,1.20E-05,0.063191,1.00E-05,0.011934,0.924823,1.00E-05,0.936757,TRUE
388,SYST-MOR-0007087,pure?,none,none,none,none,none,none,1,0,pure,1.00E-05,1.00E-05,0.99993,1.00E-05,1.00E-05,1.00E-05,1.00E-05,1.00E-05,2.00E-05,TRUE
389,SYST-MOR-0007088,none,none,none,pure?,none,none,none,1,0,pure,1.00E-05,1.00E-05,1.00E-05,0.031492,1.00E-05,0.03433,0.934127,1.00E-05,0.968457,TRUE
390,SYST-MOR-0007089,pure?,none,none,none,none,none,none,1,0,pure,1.00E-05,1.00E-05,0.999929,1.00E-05,1.00E-05,1.10E-05,1.00E-05,1.00E-05,2.10E-05,TRUE
391,SYST-MOR-0007090,none,none,none,none,pure?,none,none,1,0,pure,1.00E-05,1.00E-05,1.00E-05,1.00E-05,1.00E-05,1.00E-05,1.00E-05,0.99993,2.00E-05,FALSE
392,SYST-MOR-0007091,pure?,none,none,none,none,none,none,1,0,pure,1.00E-05,1.00E-05,0.99993,1.00E-05,1.00E-05,1.00E-05,1.00E-05,1.00E-05,2.00E-05,TRUE
393,SYST-MOR-0007092,none,none,none,none,pure?,none,none,1,0,pure,1.00E-05,1.00E-05,1.00E-05,1.00E-05,1.00E-05,1.00E-05,1.00E-05,0.99993,2.00E-05,FALSE
394,SYST-MOR-0007093,none,none,none,none,pure?,none,none,1,0,pure,1.00E-05,1.00E-05,1.00E-05,1.00E-05,1.00E-05,1.00E-05,1.00E-05,0.99993,2.00E-05,FALSE
395,SYST-MOR-0007094,none,none,none,none,pure?,none,none,1,0,pure,1.00E-05,1.00E-05,1.00E-05,1.00E-05,1.00E-05,1.00E-05,1.00E-05,0.99993,2.00E-05,FALSE
396,SYST-MOR-0007095,none,none,none,none,pure?,none,none,1,0,pure,1.00E-05,1.00E-05,1.00E-05,1.00E-05,1.10E-05,1.00E-05,1.00E-05,0.999929,2.00E-05,FALSE
397,SYST-MOR-0007096,none,none,none,hybrid?,none,hybrid?,none,0,2,hybrid,1.00E-05,0.90983,0.021448,1.00E-05,1.00E-05,0.033104,0.035577,1.00E-05,0.068681,TRUE
398,SYST-MOR-0007097,pure?,none,none,none,none,none,none,1,0,pure,1.00E-05,1.00E-05,0.99993,1.00E-05,1.00E-05,1.00E-05,1.00E-05,1.00E-05,2.00E-05,TRUE
399,SYST-MOR-0007098,none,none,none,hybrid?,none,hybrid?,none,0,2,hybrid,1.00E-05,0.928742,0.020427,1.00E-05,1.00E-05,0.044677,0.006114,1.00E-05,0.050791,TRUE
400,SYST-MOR-0007099,none,none,none,none,none,pure?,none,1,0,pure,1.00E-05,0.973426,1.00E-05,1.00E-05,1.00E-05,0.001045,0.025479,1.00E-05,0.026524,FALSE
401,SYST-MOR-0007100,none,none,none,hybrid?,none,hybrid?,none,0,2,hybrid,1.50E-05,0.898946,0.027595,1.00E-05,1.00E-05,0.061291,0.012122,1.00E-05,0.073413,TRUE
402,SYST-MOR-0007101,pure?,none,none,none,none,none,none,1,0,pure,1.00E-05,1.00E-05,0.999929,1.00E-05,1.10E-05,1.00E-05,1.00E-05,1.00E-05,2.00E-05,TRUE
403,SYST-MOR-0007102,pure?,none,none,none,none,none,none,1,0,pure,1.00E-05,1.90E-05,0.999921,1.00E-05,1.00E-05,1.00E-05,1.00E-05,1.00E-05,2.00E-05,TRUE
404,SYST-MOR-0007103,pure?,none,none,none,none,none,none,1,0,pure,1.00E-05,1.00E-05,0.99993,1.00E-05,1.00E-05,1.00E-05,1.00E-05,1.00E-05,2.00E-05,TRUE
405,SYST-MOR-0007104,hybrid?,none,none,hybrid?,none,hybrid?,none,0,3,hybrid,1.50E-05,0.911423,0.039151,1.00E-05,1.00E-05,0.00685,0.042532,1.00E-05,0.049382,TRUE
406,SYST-MOR-0007105,pure?,none,none,none,none,none,none,1,0,pure,1.00E-05,1.00E-05,0.999928,1.00E-05,1.00E-05,1.00E-05,1.20E-05,1.00E-05,2.20E-05,TRUE
407,SYST-MOR-0007106,none,none,none,none,none,pure?,none,1,0,pure,1.00E-05,0.983275,1.00E-05,1.00E-05,1.00E-05,0.016665,1.00E-05,1.00E-05,0.016675,FALSE
408,SYST-MOR-0007107,none,none,none,none,none,pure?,none,1,0,pure,1.00E-05,0.994283,1.00E-05,1.00E-05,1.00E-05,1.00E-05,0.005657,1.00E-05,0.005667,FALSE
409,SYST-MOR-0007108,none,none,none,none,none,pure?,none,1,0,pure,1.00E-05,0.991629,1.00E-05,1.00E-05,1.00E-05,0.008311,1.00E-05,1.00E-05,0.008321,FALSE
410,SYST-MOR-0007109,pure?,none,none,none,none,none,none,1,0,pure,1.00E-05,0.004229,0.995711,1.00E-05,1.00E-05,1.00E-05,1.00E-05,1.00E-05,2.00E-05,TRUE
411,SYST-MOR-0007110,none,none,none,none,none,pure?,none,1,0,pure,1.00E-05,0.987974,1.00E-05,1.00E-05,1.00E-05,1.00E-05,0.011966,1.00E-05,0.011976,FALSE
412,SYST-MOR-0007111,none,none,none,none,none,pure?,none,1,0,pure,1.00E-05,0.994678,1.00E-05,1.00E-05,1.00E-05,1.00E-05,0.005262,1.00E-05,0.005272,FALSE
413,SYST-MOR-0007112,none,hybrid?,none,hybrid?,none,none,none,0,2,hybrid,1.00E-05,1.00E-05,0.008038,0.081612,1.00E-05,0.11548,0.79483,1.00E-05,0.91031,TRUE
414,SYST-MOR-0007113,pure?,none,none,none,none,none,none,1,0,pure,1.00E-05,1.00E-05,0.999922,1.80E-05,1.00E-05,1.00E-05,1.00E-05,1.00E-05,2.00E-05,TRUE
415,SYST-MOR-0007114,hybrid?,none,none,hybrid?,none,none,none,0,2,hybrid,1.00E-05,1.00E-05,0.06362,0.020636,1.00E-05,0.170514,0.745191,1.00E-05,0.915705,TRUE
416,SYST-MOR-0007115,none,none,none,pure?,none,none,none,1,0,pure,1.00E-05,1.00E-05,1.00E-05,0.028098,1.00E-05,0.090101,0.88175,1.00E-05,0.971851,TRUE
417,SYST-MOR-0007116,none,none,none,pure?,none,none,none,1,0,pure,1.00E-05,1.00E-05,1.00E-05,0.02208,1.00E-05,0.038428,0.939443,1.00E-05,0.977871,TRUE
418,SYST-MOR-0007117,none,hybrid?,none,hybrid?,none,none,none,0,2,hybrid,1.00E-05,1.00E-05,1.00E-05,0.043459,1.30E-05,0.093588,0.8629,1.00E-05,0.956488,TRUE
419,SYST-MOR-0007118,none,none,none,pure?,none,none,none,1,0,pure,1.00E-05,0.003749,0.005319,0.019364,1.20E-05,1.20E-05,0.971524,1.00E-05,0.971536,TRUE
420,SYST-MOR-0007119,none,hybrid?,none,hybrid?,none,none,none,0,2,hybrid,1.00E-05,1.00E-05,1.00E-05,0.104378,1.00E-05,0.072096,0.823476,1.00E-05,0.895572,TRUE
421,SYST-MOR-0007120,pure?,none,none,none,none,none,none,1,0,pure,1.00E-05,1.00E-05,0.99993,1.00E-05,1.00E-05,1.00E-05,1.00E-05,1.00E-05,2.00E-05,TRUE
422,SYST-MOR-0007121,pure?,none,none,none,none,none,none,1,0,pure,1.00E-05,1.00E-05,0.99993,1.00E-05,1.00E-05,1.00E-05,1.00E-05,1.00E-05,2.00E-05,TRUE
423,SYST-MOR-0007122,pure?,none,none,none,none,none,none,1,0,pure,1.00E-05,1.00E-05,0.99993,1.00E-05,1.00E-05,1.00E-05,1.00E-05,1.00E-05,2.00E-05,TRUE
424,SYST-MOR-0007123,none,hybrid?,none,hybrid?,none,none,none,0,2,hybrid,1.00E-05,1.00E-05,1.00E-05,0.05728,1.00E-05,0.153334,0.789336,1.00E-05,0.94267,TRUE
425,SYST-MOR-0007124,none,hybrid?,none,hybrid?,none,none,none,0,2,hybrid,1.00E-05,1.00E-05,0.007261,0.217152,1.00E-05,0.092134,0.683414,1.00E-05,0.775548,TRUE
426,SYST-MOR-0007125,pure?,none,none,none,none,none,none,1,0,pure,1.00E-05,1.00E-05,0.99993,1.00E-05,1.00E-05,1.00E-05,1.00E-05,1.00E-05,2.00E-05,TRUE
427,SYST-MOR-0007126,none,hybrid?,none,pure?,none,none,none,1,1,uncertain hybrid,1.00E-05,1.00E-05,1.00E-05,0.036655,1.00E-05,0.102871,0.860424,1.00E-05,0.963295,TRUE
428,SYST-MOR-0007127,none,hybrid?,none,hybrid?,none,none,none,0,2,hybrid,1.00E-05,1.00E-05,0.006299,0.104005,1.00E-05,0.092481,0.797175,1.00E-05,0.889656,TRUE
429,SYST-MOR-0007128,pure?,none,none,none,none,none,none,1,0,pure,1.00E-05,1.00E-05,0.99993,1.00E-05,1.00E-05,1.00E-05,1.00E-05,1.00E-05,2.00E-05,TRUE
430,SYST-MOR-0007129,none,pure?,none,none,none,none,none,1,0,pure,1.00E-05,1.00E-05,1.00E-05,0.99993,1.00E-05,1.00E-05,1.00E-05,1.00E-05,2.00E-05,TRUE
431,SYST-MOR-0007130,none,none,none,pure?,none,none,none,1,0,pure,1.00E-05,1.00E-05,1.00E-05,1.00E-05,1.00E-05,0.99993,1.00E-05,1.00E-05,0.99994,TRUE
432,SYST-MOR-0007131,none,none,none,none,none,none,pure?,1,0,pure,0.99993,1.00E-05,1.00E-05,1.00E-05,1.00E-05,1.00E-05,1.00E-05,1.00E-05,2.00E-05,FALSE
433,SYST-MOR-0007132,none,none,none,pure?,none,none,none,1,0,pure,1.00E-05,1.00E-05,1.00E-05,1.00E-05,1.00E-05,0.99993,1.00E-05,1.00E-05,0.99994,TRUE
434,SYST-MOR-0007133,none,none,none,none,none,none,pure?,1,0,pure,0.99993,1.00E-05,1.00E-05,1.00E-05,1.00E-05,1.00E-05,1.00E-05,1.00E-05,2.00E-05,FALSE
435,SYST-MOR-0007134,none,pure?,none,none,none,none,none,1,0,pure,1.00E-05,2.00E-05,1.00E-05,0.99992,1.00E-05,1.00E-05,1.00E-05,1.00E-05,2.00E-05,TRUE
436,SYST-MOR-0007135,pure?,none,none,none,none,none,none,1,0,pure,1.00E-05,1.00E-05,0.99993,1.00E-05,1.00E-05,1.00E-05,1.00E-05,1.00E-05,2.00E-05,TRUE
437,SYST-MOR-0007136,none,none,none,none,none,none,pure?,1,0,pure,0.99993,1.00E-05,1.00E-05,1.00E-05,1.00E-05,1.00E-05,1.00E-05,1.00E-05,2.00E-05,FALSE
438,SYST-MOR-0007137,none,hybrid?,none,pure?,none,none,none,1,1,uncertain hybrid,1.00E-05,1.00E-05,1.00E-05,0.024268,1.50E-05,0.954513,0.021164,1.00E-05,0.975677,TRUE
439,SYST-MOR-0007138,none,pure?,none,none,none,none,none,1,0,pure,1.00E-05,1.00E-05,1.00E-05,0.99993,1.00E-05,1.00E-05,1.00E-05,1.00E-05,2.00E-05,TRUE
440,SYST-MOR-0007139,none,none,none,none,none,none,pure?,1,0,pure,0.999924,1.00E-05,1.00E-05,1.00E-05,1.60E-05,1.00E-05,1.00E-05,1.00E-05,2.00E-05,FALSE
441,SYST-MOR-0007140,pure?,none,none,none,none,none,none,1,0,pure,1.00E-05,1.00E-05,0.99993,1.00E-05,1.00E-05,1.00E-05,1.00E-05,1.00E-05,2.00E-05,TRUE
442,SYST-MOR-0007141,none,none,none,none,none,pure?,none,1,0,pure,1.00E-05,0.99993,1.00E-05,1.00E-05,1.00E-05,1.00E-05,1.00E-05,1.00E-05,2.00E-05,FALSE
443,SYST-MOR-0007142,none,none,none,none,none,pure?,none,1,0,pure,1.00E-05,0.99993,1.00E-05,1.00E-05,1.00E-05,1.00E-05,1.00E-05,1.00E-05,2.00E-05,FALSE
444,SYST-MOR-0007143,none,none,none,pure?,none,none,none,1,0,pure,1.00E-05,1.00E-05,1.00E-05,1.00E-05,1.00E-05,0.99993,1.00E-05,1.00E-05,0.99994,TRUE
445,SYST-MOR-0007144,pure?,none,none,none,none,none,none,1,0,pure,1.00E-05,1.00E-05,0.99993,1.00E-05,1.00E-05,1.00E-05,1.00E-05,1.00E-05,2.00E-05,TRUE
446,SYST-MOR-0007145,none,none,none,none,none,none,pure?,1,0,pure,0.99993,1.00E-05,1.00E-05,1.00E-05,1.00E-05,1.00E-05,1.00E-05,1.00E-05,2.00E-05,FALSE
447,SYST-MOR-0007146,none,none,none,pure?,none,none,none,1,0,pure,1.00E-05,1.00E-05,1.00E-05,0.017269,1.00E-05,0.982671,1.00E-05,1.00E-05,0.982681,TRUE
448,SYST-MOR-0007147,none,pure?,none,none,none,none,none,1,0,pure,1.00E-05,1.00E-05,1.00E-05,0.99993,1.00E-05,1.00E-05,1.00E-05,1.00E-05,2.00E-05,TRUE
449,SYST-MOR-0007148,pure?,none,none,none,none,none,none,1,0,pure,1.00E-05,1.00E-05,0.99993,1.00E-05,1.00E-05,1.00E-05,1.00E-05,1.00E-05,2.00E-05,TRUE
450,SYST-MOR-0007149,pure?,none,none,none,none,none,none,1,0,pure,1.00E-05,1.00E-05,0.99993,1.00E-05,1.00E-05,1.00E-05,1.00E-05,1.00E-05,2.00E-05,TRUE
451,SYST-MOR-0007150,none,none,none,pure?,none,none,none,1,0,pure,1.00E-05,1.00E-05,1.00E-05,0.025095,1.00E-05,0.974845,1.00E-05,1.00E-05,0.974855,TRUE
452,SYST-MOR-0007151,none,none,none,pure?,none,none,none,1,0,pure,1.00E-05,1.00E-05,1.00E-05,0.013951,1.00E-05,0.985989,1.00E-05,1.00E-05,0.985999,TRUE
453,SYST-MOR-0007152,none,none,none,pure?,none,none,none,1,0,pure,1.00E-05,1.00E-05,1.00E-05,1.00E-05,1.00E-05,0.99993,1.00E-05,1.00E-05,0.99994,TRUE
454,SYST-MOR-0007153,none,none,none,pure?,none,none,none,1,0,pure,1.00E-05,1.00E-05,1.00E-05,1.00E-05,1.00E-05,0.99993,1.00E-05,1.00E-05,0.99994,TRUE
455,SYST-MOR-0007154,none,none,none,none,pure?,none,none,1,0,pure,1.00E-05,1.00E-05,1.00E-05,1.00E-05,1.70E-05,1.00E-05,1.00E-05,0.999923,2.00E-05,FALSE
456,SYST-MOR-0007155,none,none,none,none,pure?,none,none,1,0,pure,1.00E-05,1.00E-05,0.000354,1.00E-05,1.00E-05,1.00E-05,1.00E-05,0.999586,2.00E-05,FALSE
457,SYST-MOR-0007156,none,none,none,pure?,none,none,none,1,0,pure,1.00E-05,1.00E-05,1.00E-05,1.00E-05,1.00E-05,0.99993,1.00E-05,1.00E-05,0.99994,TRUE
458,SYST-MOR-0007157,none,pure?,none,none,none,none,none,1,0,pure,1.00E-05,1.00E-05,1.00E-05,0.99993,1.00E-05,1.00E-05,1.00E-05,1.00E-05,2.00E-05,TRUE
459,SYST-MOR-0007158,none,none,none,none,none,none,pure?,1,0,pure,0.992636,0.007236,1.00E-05,1.00E-05,1.00E-05,7.70E-05,1.00E-05,1.00E-05,8.70E-05,FALSE
460,SYST-MOR-0007159,none,none,none,pure?,none,none,none,1,0,pure,1.00E-05,1.00E-05,1.00E-05,1.00E-05,1.00E-05,0.99993,1.00E-05,1.00E-05,0.99994,TRUE
461,SYST-MOR-0007160,none,none,none,none,hybrid?,none,hybrid?,0,2,hybrid,0.649363,1.00E-05,1.00E-05,1.00E-05,1.00E-05,1.00E-05,1.00E-05,0.350577,2.00E-05,FALSE
462,SYST-MOR-0007161,none,none,none,pure?,none,none,none,1,0,pure,1.00E-05,1.00E-05,1.00E-05,1.00E-05,1.00E-05,0.99993,1.00E-05,1.00E-05,0.99994,TRUE
463,SYST-MOR-0007162,none,none,none,none,hybrid?,none,hybrid?,0,2,hybrid,0.638394,1.00E-05,1.00E-05,1.00E-05,1.00E-05,1.00E-05,1.00E-05,0.361546,2.00E-05,FALSE
464,SYST-MOR-0007163,none,none,none,pure?,none,none,none,1,0,pure,1.00E-05,1.00E-05,1.00E-05,1.00E-05,1.00E-05,0.99993,1.00E-05,1.00E-05,0.99994,TRUE
465,SYST-MOR-0007164,none,none,none,pure?,none,none,none,1,0,pure,1.00E-05,1.00E-05,1.00E-05,1.00E-05,1.00E-05,0.99993,1.00E-05,1.00E-05,0.99994,TRUE
466,SYST-MOR-0007165,none,none,none,none,hybrid?,none,hybrid?,0,2,hybrid,0.617921,1.00E-05,1.00E-05,1.00E-05,1.00E-05,1.00E-05,1.00E-05,0.382019,2.00E-05,FALSE
467,SYST-MOR-0007166,none,none,none,none,hybrid?,none,hybrid?,0,2,hybrid,0.590489,1.00E-05,1.00E-05,1.00E-05,1.00E-05,1.00E-05,1.00E-05,0.409451,2.00E-05,FALSE
468,SYST-MOR-0007167,none,none,none,none,hybrid?,none,hybrid?,0,2,hybrid,0.628667,1.00E-05,1.00E-05,1.00E-05,1.00E-05,1.00E-05,1.00E-05,0.371273,2.00E-05,FALSE
469,SYST-MOR-0007168,none,none,none,pure?,none,none,none,1,0,pure,1.00E-05,1.00E-05,1.00E-05,1.00E-05,1.00E-05,0.99993,1.00E-05,1.00E-05,0.99994,TRUE
470,SYST-MOR-0007169,none,none,none,none,none,none,pure?,1,0,pure,0.99993,1.00E-05,1.00E-05,1.00E-05,1.00E-05,1.00E-05,1.00E-05,1.00E-05,2.00E-05,FALSE
471,SYST-MOR-0007170,none,none,none,none,none,none,pure?,1,0,pure,0.99993,1.00E-05,1.00E-05,1.00E-05,1.00E-05,1.00E-05,1.00E-05,1.00E-05,2.00E-05,FALSE
472,SYST-MOR-0007171,none,none,none,pure?,none,none,none,1,0,pure,1.00E-05,1.00E-05,1.00E-05,1.00E-05,1.00E-05,0.99993,1.00E-05,1.00E-05,0.99994,TRUE
473,SYST-MOR-0007172,none,none,none,none,none,none,pure?,1,0,pure,0.99993,1.00E-05,1.00E-05,1.00E-05,1.00E-05,1.00E-05,1.00E-05,1.00E-05,2.00E-05,FALSE
474,SYST-MOR-0007173,none,none,none,none,none,none,pure?,1,0,pure,0.999929,1.00E-05,1.00E-05,1.00E-05,1.00E-05,1.00E-05,1.10E-05,1.00E-05,2.10E-05,FALSE
475,SYST-MOR-0007174,none,none,none,pure?,none,none,none,1,0,pure,1.00E-05,1.00E-05,1.00E-05,1.00E-05,1.00E-05,0.99993,1.00E-05,1.00E-05,0.99994,TRUE
476,SYST-MOR-0007175,none,none,none,none,none,none,pure?,1,0,pure,0.99993,1.00E-05,1.00E-05,1.00E-05,1.00E-05,1.00E-05,1.00E-05,1.00E-05,2.00E-05,FALSE
477,SYST-MOR-0007176,none,none,none,pure?,none,none,none,1,0,pure,1.00E-05,1.00E-05,1.00E-05,1.00E-05,1.00E-05,0.99993,1.00E-05,1.00E-05,0.99994,TRUE
478,SYST-MOR-0007177,none,none,none,pure?,none,none,none,1,0,pure,0.005164,0.006393,1.00E-05,1.00E-05,1.00E-05,0.988393,1.00E-05,1.00E-05,0.988403,FALSE
479,SYST-MOR-0007178,none,none,none,none,hybrid?,none,hybrid?,0,2,hybrid,0.609028,1.00E-05,1.00E-05,1.00E-05,1.00E-05,1.00E-05,1.00E-05,0.390912,2.00E-05,FALSE
480,SYST-MOR-0007179,none,none,none,pure?,none,none,none,1,0,pure,1.00E-05,1.00E-05,1.00E-05,1.00E-05,1.00E-05,0.99993,1.00E-05,1.00E-05,0.99994,TRUE
481,SYST-MOR-0007180,pure?,none,none,none,none,none,none,1,0,pure,1.00E-05,1.00E-05,0.99993,1.00E-05,1.00E-05,1.00E-05,1.00E-05,1.00E-05,2.00E-05,TRUE
482,SYST-MOR-0007181,none,none,none,pure?,none,none,none,1,0,pure,1.00E-05,1.00E-05,1.00E-05,1.00E-05,1.00E-05,0.181161,0.818779,1.00E-05,0.99994,TRUE
483,SYST-MOR-0007182,none,pure?,none,none,none,none,none,1,0,pure,1.00E-05,1.00E-05,1.00E-05,0.99993,1.00E-05,1.00E-05,1.00E-05,1.00E-05,2.00E-05,TRUE
484,SYST-MOR-0007183,none,none,none,pure?,none,none,none,1,0,pure,1.00E-05,1.10E-05,1.00E-05,1.00E-05,1.00E-05,0.200634,0.799305,1.00E-05,0.999939,TRUE
485,SYST-MOR-0007184,pure?,none,none,none,none,none,none,1,0,pure,1.00E-05,1.00E-05,0.99993,1.00E-05,1.00E-05,1.00E-05,1.00E-05,1.00E-05,2.00E-05,TRUE
486,SYST-MOR-0007185,none,pure?,none,none,none,none,none,1,0,pure,1.00E-05,1.00E-05,1.00E-05,0.99993,1.00E-05,1.00E-05,1.00E-05,1.00E-05,2.00E-05,TRUE
487,SYST-MOR-0007186,pure?,none,none,none,none,none,none,1,0,pure,1.00E-05,1.00E-05,0.99993,1.00E-05,1.00E-05,1.00E-05,1.00E-05,1.00E-05,2.00E-05,TRUE
488,SYST-MOR-0007187,none,pure?,none,none,none,none,none,1,0,pure,1.00E-05,1.00E-05,1.00E-05,0.962533,1.00E-05,1.00E-05,0.037407,1.00E-05,0.037417,TRUE
489,SYST-MOR-0007188,none,none,none,pure?,none,none,none,1,0,pure,1.00E-05,1.00E-05,1.00E-05,1.00E-05,1.00E-05,0.19784,0.8021,1.00E-05,0.99994,TRUE
490,SYST-MOR-0007189,pure?,none,none,none,none,none,none,1,0,pure,1.00E-05,1.00E-05,0.99993,1.00E-05,1.00E-05,1.00E-05,1.00E-05,1.00E-05,2.00E-05,TRUE
491,SYST-MOR-0007190,none,none,none,pure?,none,none,none,1,0,pure,1.00E-05,1.00E-05,1.00E-05,1.00E-05,1.00E-05,0.059902,0.940038,1.00E-05,0.99994,TRUE
492,SYST-MOR-0007191,none,hybrid?,none,hybrid?,none,none,none,0,2,hybrid,1.00E-05,1.00E-05,1.00E-05,0.453928,1.00E-05,0.038833,0.507189,1.00E-05,0.546022,TRUE
493,SYST-MOR-0007192,pure?,none,none,none,none,none,none,1,0,pure,1.00E-05,1.00E-05,0.99469,1.00E-05,1.00E-05,0.00525,1.00E-05,1.00E-05,0.00526,TRUE
494,SYST-MOR-0007193,none,none,none,pure?,none,none,none,1,0,pure,1.00E-05,1.00E-05,1.00E-05,1.00E-05,1.00E-05,0.178911,0.821029,1.00E-05,0.99994,TRUE
495,SYST-MOR-0007194,none,pure?,none,none,none,none,none,1,0,pure,1.00E-05,1.00E-05,1.00E-05,0.99993,1.00E-05,1.00E-05,1.00E-05,1.00E-05,2.00E-05,TRUE
496,SYST-MOR-0007195,pure?,none,none,none,none,none,none,1,0,pure,1.00E-05,1.00E-05,0.99993,1.00E-05,1.00E-05,1.00E-05,1.00E-05,1.00E-05,2.00E-05,TRUE
497,SYST-MOR-0007196,none,pure?,none,none,none,none,none,1,0,pure,1.00E-05,1.00E-05,1.00E-05,0.99993,1.00E-05,1.00E-05,1.00E-05,1.00E-05,2.00E-05,TRUE
498,SYST-MOR-0007197,pure?,none,none,none,none,none,none,1,0,pure,1.00E-05,1.00E-05,0.99993,1.00E-05,1.00E-05,1.00E-05,1.00E-05,1.00E-05,2.00E-05,TRUE
499,SYST-MOR-0007198,pure?,none,none,none,none,none,none,1,0,pure,1.00E-05,1.00E-05,0.99993,1.00E-05,1.00E-05,1.00E-05,1.00E-05,1.00E-05,2.00E-05,TRUE
500,SYST-MOR-0007199,none,pure?,none,none,none,none,none,1,0,pure,1.00E-05,1.00E-05,1.00E-05,0.99993,1.00E-05,1.00E-05,1.00E-05,1.00E-05,2.00E-05,TRUE
501,SYST-MOR-0007200,none,none,none,pure?,none,none,none,1,0,pure,1.00E-05,1.00E-05,0.001819,1.00E-05,1.00E-05,0.681124,0.317007,1.00E-05,0.998131,TRUE
502,SYST-MOR-0007201,pure?,none,none,none,none,none,none,1,0,pure,1.00E-05,1.00E-05,0.99993,1.00E-05,1.00E-05,1.00E-05,1.00E-05,1.00E-05,2.00E-05,TRUE
503,SYST-MOR-0007202,none,none,none,none,none,pure?,none,1,0,pure,1.00E-05,0.999917,1.60E-05,1.70E-05,1.00E-05,1.00E-05,1.00E-05,1.00E-05,2.00E-05,FALSE
504,SYST-MOR-0007203,none,none,none,none,none,pure?,none,1,0,pure,1.00E-05,0.99993,1.00E-05,1.00E-05,1.00E-05,1.00E-05,1.00E-05,1.00E-05,2.00E-05,FALSE
505,SYST-MOR-0007204,none,none,none,none,none,pure?,none,1,0,pure,1.00E-05,0.99993,1.00E-05,1.00E-05,1.00E-05,1.00E-05,1.00E-05,1.00E-05,2.00E-05,FALSE
506,SYST-MOR-0007205,none,none,none,none,none,pure?,none,1,0,pure,1.00E-05,0.99993,1.00E-05,1.00E-05,1.00E-05,1.00E-05,1.00E-05,1.00E-05,2.00E-05,FALSE
507,SYST-MOR-0007206,none,none,none,pure?,none,none,none,1,0,pure,1.00E-05,1.00E-05,1.00E-05,1.00E-05,1.00E-05,0.621516,0.378424,1.00E-05,0.99994,TRUE
508,SYST-MOR-0007207,none,none,none,pure?,none,none,none,1,0,pure,1.20E-05,0.003662,1.00E-05,1.00E-05,1.00E-05,0.36584,0.630447,1.00E-05,0.996287,TRUE
509,SYST-MOR-0007208,none,none,none,pure?,none,none,none,1,0,pure,1.00E-05,1.00E-05,1.00E-05,1.00E-05,1.00E-05,0.47955,0.52039,1.00E-05,0.99994,TRUE
510,SYST-MOR-0007209,none,none,none,none,none,pure?,none,1,0,pure,1.00E-05,0.99993,1.00E-05,1.00E-05,1.00E-05,1.00E-05,1.00E-05,1.00E-05,2.00E-05,FALSE
511,SYST-MOR-0007210,none,none,none,none,none,pure?,none,1,0,pure,1.00E-05,0.999928,1.00E-05,1.00E-05,1.00E-05,1.00E-05,1.20E-05,1.00E-05,2.20E-05,FALSE
512,SYST-MOR-0007211,pure?,none,none,none,none,none,none,1,0,pure,1.00E-05,1.00E-05,0.99993,1.00E-05,1.00E-05,1.00E-05,1.00E-05,1.00E-05,2.00E-05,TRUE
513,SYST-MOR-0007212,none,pure?,none,none,none,none,none,1,0,pure,1.00E-05,1.00E-05,1.00E-05,0.99993,1.00E-05,1.00E-05,1.00E-05,1.00E-05,2.00E-05,TRUE
514,SYST-MOR-0007213,none,pure?,none,none,none,none,none,1,0,pure,1.00E-05,1.00E-05,1.00E-05,0.99993,1.00E-05,1.00E-05,1.00E-05,1.00E-05,2.00E-05,TRUE
515,SYST-MOR-0007214,none,pure?,none,none,none,none,none,1,0,pure,1.00E-05,1.00E-05,1.00E-05,0.99993,1.00E-05,1.00E-05,1.00E-05,1.00E-05,2.00E-05,TRUE
516,SYST-MOR-0007215,none,none,none,none,none,pure?,none,1,0,pure,1.00E-05,0.99993,1.00E-05,1.00E-05,1.00E-05,1.00E-05,1.00E-05,1.00E-05,2.00E-05,FALSE
517,SYST-MOR-0007216,pure?,none,none,none,none,none,none,1,0,pure,1.00E-05,1.00E-05,0.99993,1.00E-05,1.00E-05,1.00E-05,1.00E-05,1.00E-05,2.00E-05,TRUE
518,SYST-MOR-0007217,pure?,none,none,none,none,none,none,1,0,pure,1.00E-05,1.00E-05,0.999802,1.00E-05,1.00E-05,1.00E-05,0.000138,1.00E-05,0.000148,TRUE
519,SYST-MOR-0007218,hybrid?,none,none,none,none,hybrid?,none,0,2,hybrid,1.00E-05,0.49025,0.496806,1.00E-05,1.20E-05,0.010784,0.002118,1.00E-05,0.012902,TRUE
520,SYST-MOR-0007219,none,none,none,pure?,none,none,none,1,0,pure,1.00E-05,1.00E-05,1.00E-05,1.00E-05,1.00E-05,0.584052,0.415888,1.00E-05,0.99994,TRUE
521,SYST-MOR-0007220,none,none,none,pure?,none,none,none,1,0,pure,1.00E-05,1.00E-05,1.00E-05,1.00E-05,1.00E-05,0.691269,0.308671,1.00E-05,0.99994,TRUE
522,SYST-MOR-0007221,none,none,none,pure?,none,none,none,1,0,pure,1.00E-05,0.004028,1.00E-05,1.00E-05,1.00E-05,0.772845,0.223077,1.00E-05,0.995922,TRUE
523,SYST-MOR-0007222,none,none,none,pure?,none,none,none,1,0,pure,1.00E-05,1.00E-05,1.00E-05,1.00E-05,1.00E-05,0.695567,0.304373,1.00E-05,0.99994,TRUE
524,SYST-MOR-0007223,none,none,none,none,none,pure?,none,1,0,pure,1.00E-05,0.99993,1.00E-05,1.00E-05,1.00E-05,1.00E-05,1.00E-05,1.00E-05,2.00E-05,FALSE
525,SYST-MOR-0007224,none,none,none,none,none,pure?,none,1,0,pure,1.00E-05,0.99993,1.00E-05,1.00E-05,1.00E-05,1.00E-05,1.00E-05,1.00E-05,2.00E-05,FALSE
526,SYST-MOR-0007225,none,none,none,none,none,pure?,none,1,0,pure,1.00E-05,0.99993,1.00E-05,1.00E-05,1.00E-05,1.00E-05,1.00E-05,1.00E-05,2.00E-05,FALSE
527,SYST-MOR-0007226,none,none,none,none,none,pure?,none,1,0,pure,1.00E-05,0.99993,1.00E-05,1.00E-05,1.00E-05,1.00E-05,1.00E-05,1.00E-05,2.00E-05,FALSE
528,SYST-MOR-0007227,none,none,none,none,none,pure?,none,1,0,pure,1.00E-05,0.99993,1.00E-05,1.00E-05,1.00E-05,1.00E-05,1.00E-05,1.00E-05,2.00E-05,FALSE
529,SYST-MOR-0007228,pure?,none,none,none,none,none,none,1,0,pure,1.00E-05,1.00E-05,0.99993,1.00E-05,1.00E-05,1.00E-05,1.00E-05,1.00E-05,2.00E-05,TRUE
530,SYST-MOR-0007229,pure?,none,none,none,none,none,none,1,0,pure,1.00E-05,1.00E-05,0.99993,1.00E-05,1.00E-05,1.00E-05,1.00E-05,1.00E-05,2.00E-05,TRUE
531,SYST-MOR-0007230,pure?,none,none,none,none,none,none,1,0,pure,1.00E-05,1.00E-05,0.99993,1.00E-05,1.00E-05,1.00E-05,1.00E-05,1.00E-05,2.00E-05,TRUE
532,SYST-MOR-0007231,pure?,none,none,none,none,none,none,1,0,pure,1.00E-05,1.00E-05,0.99993,1.00E-05,1.00E-05,1.00E-05,1.00E-05,1.00E-05,2.00E-05,TRUE
533,SYST-MOR-0007232,pure?,none,none,none,none,none,none,1,0,pure,1.00E-05,1.00E-05,0.99993,1.00E-05,1.00E-05,1.00E-05,1.00E-05,1.00E-05,2.00E-05,TRUE
534,SYST-MOR-0007233,none,none,none,pure?,none,none,none,1,0,pure,1.10E-05,1.00E-05,1.00E-05,1.00E-05,1.00E-05,0.687261,0.312677,1.00E-05,0.999938,TRUE
535,SYST-MOR-0007234,none,none,none,none,none,pure?,none,1,0,pure,1.00E-05,0.99993,1.00E-05,1.00E-05,1.00E-05,1.00E-05,1.00E-05,1.00E-05,2.00E-05,FALSE
536,SYST-MOR-0007235,none,none,none,none,none,pure?,none,1,0,pure,1.00E-05,0.99993,1.00E-05,1.00E-05,1.00E-05,1.00E-05,1.00E-05,1.00E-05,2.00E-05,FALSE
537,SYST-MOR-0007236,pure?,none,none,none,none,none,none,1,0,pure,1.00E-05,1.00E-05,0.99993,1.00E-05,1.00E-05,1.00E-05,1.00E-05,1.00E-05,2.00E-05,TRUE
538,SYST-MOR-0007237,hybrid?,none,none,none,none,none,none,0,1,uncertain pure,0.017525,1.00E-05,0.966156,1.00E-05,0.01627,1.00E-05,1.00E-05,1.00E-05,2.00E-05,FALSE
539,SYST-MOR-0007238,none,none,none,none,pure?,none,none,1,0,pure,1.00E-05,1.00E-05,1.00E-05,1.00E-05,1.00E-05,1.00E-05,1.00E-05,0.99993,2.00E-05,FALSE
540,SYST-MOR-0007239,none,none,none,none,pure?,none,none,1,0,pure,1.00E-05,1.00E-05,1.00E-05,1.00E-05,1.30E-05,1.00E-05,1.00E-05,0.999927,2.00E-05,FALSE
541,SYST-MOR-0007240,none,none,none,none,pure?,none,none,1,0,pure,1.00E-05,1.00E-05,1.00E-05,1.00E-05,1.00E-05,1.00E-05,1.00E-05,0.99993,2.00E-05,FALSE
542,SYST-MOR-0007241,none,none,none,pure?,none,none,none,1,0,pure,1.00E-05,1.00E-05,1.00E-05,0.010228,1.00E-05,0.685873,0.303849,1.00E-05,0.989722,TRUE
543,SYST-MOR-0007242,none,none,none,pure?,none,none,none,1,0,pure,1.00E-05,1.00E-05,1.00E-05,1.00E-05,1.00E-05,0.771866,0.228074,1.00E-05,0.99994,TRUE
544,SYST-MOR-0007243,none,none,none,pure?,none,none,none,1,0,pure,1.00E-05,1.00E-05,1.00E-05,1.00E-05,1.00E-05,0.830115,0.169825,1.00E-05,0.99994,TRUE
545,SYST-MOR-0007244,pure?,none,none,none,none,none,none,1,0,pure,1.00E-05,1.00E-05,0.999929,1.00E-05,1.00E-05,1.00E-05,1.10E-05,1.00E-05,2.10E-05,TRUE
546,SYST-MOR-0007245,pure?,none,none,none,none,none,none,1,0,pure,1.00E-05,1.00E-05,0.99993,1.00E-05,1.00E-05,1.00E-05,1.00E-05,1.00E-05,2.00E-05,TRUE
547,SYST-MOR-0007246,none,none,none,pure?,none,none,none,1,0,pure,1.00E-05,1.00E-05,1.00E-05,1.00E-05,1.60E-05,0.652521,0.347413,1.00E-05,0.999934,TRUE
548,SYST-MOR-0007247,none,none,none,pure?,none,none,none,1,0,pure,1.00E-05,1.00E-05,1.00E-05,1.00E-05,1.00E-05,0.487751,0.507225,0.004975,0.994976,TRUE
549,SYST-MOR-0007248,pure?,none,none,none,none,none,none,1,0,pure,1.00E-05,1.00E-05,0.99993,1.00E-05,1.00E-05,1.00E-05,1.00E-05,1.00E-05,2.00E-05,TRUE
550,SYST-MOR-0007249,pure?,none,none,none,none,none,none,1,0,pure,1.00E-05,1.00E-05,0.99993,1.00E-05,1.00E-05,1.00E-05,1.00E-05,1.00E-05,2.00E-05,TRUE
551,SYST-MOR-0007250,pure?,none,none,none,none,none,none,1,0,pure,1.00E-05,1.10E-05,0.999929,1.00E-05,1.00E-05,1.00E-05,1.00E-05,1.00E-05,2.00E-05,TRUE
552,SYST-MOR-0007251,none,none,none,pure?,none,none,none,1,0,pure,1.00E-05,1.00E-05,1.00E-05,1.00E-05,1.00E-05,1.00E-05,0.99993,1.00E-05,0.99994,TRUE
553,SYST-MOR-0007252,none,none,none,pure?,none,none,none,1,0,pure,1.00E-05,1.10E-05,1.00E-05,1.00E-05,1.00E-05,1.00E-05,0.999929,1.00E-05,0.999939,TRUE
554,SYST-MOR-0007253,none,none,none,pure?,none,none,none,1,0,pure,1.00E-05,1.00E-05,1.00E-05,1.00E-05,1.00E-05,0.051909,0.948031,1.00E-05,0.99994,TRUE
555,SYST-MOR-0007254,none,none,none,pure?,none,none,none,1,0,pure,1.00E-05,1.00E-05,1.00E-05,1.00E-05,1.00E-05,1.00E-05,0.99993,1.00E-05,0.99994,TRUE
556,SYST-MOR-0007255,none,none,none,pure?,none,none,none,1,0,pure,1.30E-05,1.00E-05,1.00E-05,1.00E-05,1.00E-05,1.00E-05,0.999927,1.00E-05,0.999937,TRUE
557,SYST-MOR-0007256,pure?,none,none,none,none,none,none,1,0,pure,1.00E-05,1.00E-05,0.976139,1.00E-05,1.00E-05,0.012181,0.011629,1.00E-05,0.02381,TRUE
558,SYST-MOR-0007257,hybrid?,none,hybrid?,none,none,none,none,0,2,hybrid,0.018255,0.034721,0.869578,1.00E-05,0.077405,1.00E-05,1.00E-05,1.00E-05,2.00E-05,FALSE
559,SYST-MOR-0007258,pure?,none,none,none,none,none,none,1,0,pure,1.00E-05,1.00E-05,0.999266,1.00E-05,1.00E-05,1.00E-05,0.000674,1.00E-05,0.000684,TRUE
560,SYST-MOR-0007259,pure?,none,none,none,none,none,none,1,0,pure,1.00E-05,1.00E-05,0.973138,1.00E-05,1.00E-05,1.00E-05,0.026802,1.00E-05,0.026812,TRUE
561,SYST-MOR-0007260,pure?,none,none,none,none,none,none,1,0,pure,1.00E-05,1.00E-05,0.98024,1.00E-05,1.00E-05,0.000913,0.018797,1.00E-05,0.01971,TRUE
562,SYST-MOR-0007357,none,none,none,pure?,none,none,none,1,0,pure,1.00E-05,1.00E-05,1.00E-05,1.00E-05,1.00E-05,1.00E-05,0.99993,1.00E-05,0.99994,TRUE
563,SYST-MOR-0007358,none,none,none,pure?,none,none,none,1,0,pure,1.00E-05,1.00E-05,1.00E-05,1.00E-05,1.00E-05,1.00E-05,0.99993,1.00E-05,0.99994,TRUE
564,SYST-MOR-0007359,none,none,none,pure?,none,none,none,1,0,pure,1.00E-05,1.00E-05,1.00E-05,1.00E-05,2.00E-05,1.00E-05,0.99992,1.00E-05,0.99993,TRUE
565,SYST-MOR-0007360,none,none,none,pure?,none,none,none,1,0,pure,1.00E-05,1.00E-05,1.00E-05,1.00E-05,1.00E-05,1.00E-05,0.99993,1.00E-05,0.99994,TRUE
566,SYST-MOR-0007361,none,none,none,pure?,none,none,none,1,0,pure,0.003236,1.00E-05,1.00E-05,1.00E-05,1.00E-05,0.029001,0.967713,1.00E-05,0.996714,TRUE
567,SYST-MOR-0007362,none,none,none,pure?,none,none,none,1,0,pure,1.00E-05,1.00E-05,1.00E-05,1.20E-05,1.00E-05,1.00E-05,0.999928,1.00E-05,0.999938,TRUE
568,SYST-MOR-0007363,none,none,none,pure?,none,none,none,1,0,pure,1.00E-05,1.00E-05,1.00E-05,1.00E-05,1.00E-05,1.00E-05,0.99993,1.00E-05,0.99994,TRUE
569,SYST-MOR-0007364,none,none,none,pure?,none,none,none,1,0,pure,1.00E-05,1.00E-05,1.00E-05,1.00E-05,1.00E-05,1.00E-05,0.99993,1.00E-05,0.99994,TRUE
570,SYST-MOR-0007365,none,none,none,pure?,none,none,none,1,0,pure,1.00E-05,1.00E-05,1.00E-05,1.00E-05,1.00E-05,1.00E-05,0.99993,1.00E-05,0.99994,TRUE
571,SYST-MOR-0007366,none,none,none,pure?,none,none,none,1,0,pure,1.00E-05,1.00E-05,1.00E-05,1.00E-05,1.00E-05,1.00E-05,0.99993,1.00E-05,0.99994,TRUE
572,SYST-MOR-0007367,none,none,none,pure?,none,none,none,1,0,pure,1.00E-05,0.004734,1.00E-05,0.004439,1.00E-05,1.00E-05,0.990777,1.00E-05,0.990787,TRUE
573,SYST-MOR-0007368,none,none,none,pure?,none,none,none,1,0,pure,1.00E-05,1.00E-05,1.00E-05,1.00E-05,1.00E-05,1.00E-05,0.99993,1.00E-05,0.99994,TRUE
574,SYST-MOR-0007369,none,none,none,pure?,none,none,none,1,0,pure,1.00E-05,1.00E-05,1.00E-05,1.00E-05,1.00E-05,1.00E-05,0.99993,1.00E-05,0.99994,TRUE
575,SYST-MOR-0007370,none,none,none,pure?,none,none,none,1,0,pure,1.00E-05,1.00E-05,1.00E-05,1.00E-05,1.10E-05,0.060659,0.939279,1.00E-05,0.999938,TRUE
576,SYST-MOR-0007371,none,none,none,pure?,none,none,none,1,0,pure,1.00E-05,1.00E-05,1.00E-05,1.00E-05,1.00E-05,1.00E-05,0.99993,1.00E-05,0.99994,TRUE
577,SYST-MOR-0007372,none,none,none,pure?,none,none,none,1,0,pure,1.00E-05,1.00E-05,1.00E-05,1.00E-05,1.00E-05,0.007847,0.992093,1.00E-05,0.99994,TRUE
578,SYST-MOR-0007373,none,none,none,pure?,none,none,none,1,0,pure,1.00E-05,1.00E-05,1.00E-05,1.00E-05,1.00E-05,1.00E-05,0.99993,1.00E-05,0.99994,TRUE
579,SYST-MOR-0007374,none,none,none,pure?,none,none,none,1,0,pure,1.00E-05,1.00E-05,1.00E-05,1.00E-05,1.00E-05,1.00E-05,0.99993,1.00E-05,0.99994,TRUE
580,SYST-MOR-0007375,none,none,none,pure?,none,none,none,1,0,pure,1.00E-05,1.00E-05,1.00E-05,1.00E-05,1.00E-05,1.00E-05,0.99993,1.00E-05,0.99994,TRUE
581,SYST-MOR-0007376,none,none,none,pure?,none,none,none,1,0,pure,1.00E-05,1.00E-05,1.00E-05,1.00E-05,1.00E-05,1.00E-05,0.99993,1.00E-05,0.99994,TRUE
582,SYST-MOR-0007377,none,none,none,pure?,none,none,none,1,0,pure,1.00E-05,1.00E-05,1.00E-05,1.00E-05,1.00E-05,0.015269,0.984671,1.00E-05,0.99994,TRUE
583,SYST-MOR-0007378,none,none,none,pure?,none,none,none,1,0,pure,1.00E-05,1.00E-05,1.00E-05,1.00E-05,1.00E-05,1.00E-05,0.99993,1.00E-05,0.99994,TRUE
584,SYST-MOR-0007379,none,none,none,pure?,none,none,none,1,0,pure,1.00E-05,1.00E-05,1.00E-05,1.00E-05,1.00E-05,0.013615,0.986324,1.00E-05,0.999939,TRUE
585,SYST-MOR-0007380,none,none,none,pure?,none,none,none,1,0,pure,1.00E-05,0.003331,1.00E-05,1.00E-05,1.00E-05,1.00E-05,0.996609,1.00E-05,0.996619,TRUE
586,SYST-MOR-0007381,none,none,none,pure?,none,none,none,1,0,pure,1.00E-05,1.00E-05,1.00E-05,1.00E-05,1.00E-05,1.00E-05,0.99993,1.00E-05,0.99994,TRUE
587,SYST-MOR-0007382,none,none,none,pure?,none,none,none,1,0,pure,1.00E-05,1.00E-05,1.00E-05,1.00E-05,1.00E-05,1.00E-05,0.99993,1.00E-05,0.99994,TRUE
588,SYST-MOR-0007383,none,none,none,pure?,none,none,none,1,0,pure,1.00E-05,1.00E-05,1.00E-05,1.00E-05,1.50E-05,1.00E-05,0.999925,1.00E-05,0.999935,TRUE
589,SYST-MOR-0007384,none,none,none,pure?,none,none,none,1,0,pure,1.00E-05,1.00E-05,1.00E-05,1.00E-05,1.00E-05,1.00E-05,0.99993,1.00E-05,0.99994,TRUE
590,SYST-MOR-0007385,none,none,none,pure?,none,none,none,1,0,pure,1.00E-05,1.00E-05,1.00E-05,1.00E-05,1.00E-05,1.00E-05,0.99993,1.00E-05,0.99994,TRUE
591,SYST-MOR-0007386,none,none,none,pure?,none,none,none,1,0,pure,1.00E-05,1.00E-05,1.00E-05,1.00E-05,1.00E-05,0.000173,0.999767,1.00E-05,0.99994,TRUE
592,SYST-MOR-0007387,none,none,none,pure?,none,none,none,1,0,pure,1.00E-05,1.00E-05,1.00E-05,1.00E-05,1.00E-05,1.00E-05,0.99993,1.00E-05,0.99994,TRUE
593,SYST-MOR-0007388,none,none,none,pure?,none,none,none,1,0,pure,1.00E-05,1.00E-05,1.00E-05,1.00E-05,1.40E-05,0.032836,0.967101,1.00E-05,0.999937,TRUE
594,SYST-MOR-0007389,none,none,none,pure?,none,none,none,1,0,pure,1.00E-05,1.00E-05,1.00E-05,1.00E-05,1.00E-05,1.00E-05,0.99993,1.00E-05,0.99994,TRUE
595,SYST-MOR-0007390,none,none,none,pure?,none,none,none,1,0,pure,1.00E-05,1.00E-05,1.00E-05,1.00E-05,1.00E-05,0.019883,0.980057,1.00E-05,0.99994,TRUE
596,SYST-MOR-0007391,none,none,none,pure?,none,none,none,1,0,pure,1.00E-05,1.00E-05,1.00E-05,1.00E-05,1.00E-05,0.063767,0.936173,1.00E-05,0.99994,TRUE
597,SYST-MOR-0007392,none,none,none,pure?,none,none,none,1,0,pure,1.00E-05,1.00E-05,1.00E-05,1.90E-05,1.00E-05,0.027546,0.972385,1.00E-05,0.999931,TRUE
598,SYST-MOR-0007409,none,none,none,pure?,none,none,none,1,0,pure,1.00E-05,1.00E-05,1.00E-05,1.00E-05,1.00E-05,0.971208,0.028732,1.00E-05,0.99994,TRUE
599,SYST-MOR-0007410,none,none,none,pure?,none,none,none,1,0,pure,1.00E-05,1.00E-05,1.00E-05,1.00E-05,1.00E-05,0.94254,0.0574,1.00E-05,0.99994,TRUE
600,SYST-MOR-0007411,none,none,none,pure?,none,none,none,1,0,pure,1.00E-05,1.00E-05,1.00E-05,1.00E-05,1.00E-05,0.999225,0.000715,1.00E-05,0.99994,TRUE
601,SYST-MOR-0007412,none,none,none,pure?,none,none,none,1,0,pure,1.00E-05,1.00E-05,1.00E-05,1.00E-05,1.00E-05,0.999926,1.40E-05,1.00E-05,0.99994,TRUE
602,SYST-MOR-0007413,none,none,none,pure?,none,none,none,1,0,pure,1.00E-05,1.00E-05,1.00E-05,1.20E-05,1.00E-05,0.999928,1.00E-05,1.00E-05,0.999938,TRUE
603,SYST-MOR-0007414,none,none,none,pure?,none,none,none,1,0,pure,1.00E-05,1.00E-05,1.00E-05,1.00E-05,1.00E-05,0.99993,1.00E-05,1.00E-05,0.99994,TRUE
604,SYST-MOR-0007415,none,none,none,pure?,none,none,none,1,0,pure,1.00E-05,1.00E-05,1.00E-05,1.00E-05,1.00E-05,0.99993,1.00E-05,1.00E-05,0.99994,TRUE
605,SYST-MOR-0007416,none,none,none,pure?,none,none,none,1,0,pure,1.00E-05,1.00E-05,1.00E-05,1.00E-05,1.00E-05,0.99993,1.00E-05,1.00E-05,0.99994,TRUE
606,SYST-MOR-0007417,none,none,none,pure?,none,none,none,1,0,pure,1.00E-05,1.00E-05,1.00E-05,1.00E-05,1.00E-05,0.99993,1.00E-05,1.00E-05,0.99994,TRUE
607,SYST-MOR-0007418,none,none,none,pure?,none,none,none,1,0,pure,1.00E-05,1.00E-05,1.00E-05,1.00E-05,1.00E-05,0.99993,1.00E-05,1.00E-05,0.99994,TRUE
608,SYST-MOR-0007419,none,none,none,pure?,none,none,none,1,0,pure,1.00E-05,1.00E-05,1.00E-05,1.00E-05,1.00E-05,0.940428,0.059512,1.00E-05,0.99994,TRUE
609,SYST-MOR-0007420,none,none,none,pure?,none,none,none,1,0,pure,1.00E-05,1.00E-05,1.00E-05,1.00E-05,1.00E-05,0.99993,1.00E-05,1.00E-05,0.99994,TRUE
610,SYST-MOR-0007421,none,none,none,pure?,none,none,none,1,0,pure,1.00E-05,1.00E-05,1.00E-05,1.00E-05,1.50E-05,0.999925,1.00E-05,1.00E-05,0.999935,TRUE
611,SYST-MOR-0007422,none,none,none,pure?,none,none,none,1,0,pure,1.00E-05,1.00E-05,1.00E-05,1.00E-05,1.00E-05,0.91879,0.08115,1.00E-05,0.99994,TRUE
612,SYST-MOR-0007423,none,none,none,pure?,none,none,none,1,0,pure,1.00E-05,1.00E-05,1.00E-05,1.00E-05,1.00E-05,0.981946,0.017994,1.00E-05,0.99994,TRUE
613,SYST-MOR-0007424,none,none,none,pure?,none,none,none,1,0,pure,1.00E-05,1.00E-05,1.00E-05,1.00E-05,1.00E-05,0.999507,0.000433,1.00E-05,0.99994,TRUE
614,SYST-MOR-0007425,none,none,none,pure?,none,none,none,1,0,pure,1.00E-05,1.00E-05,1.00E-05,1.00E-05,1.00E-05,0.095155,0.904785,1.00E-05,0.99994,TRUE
615,SYST-MOR-0007426,none,none,none,pure?,none,none,none,1,0,pure,1.00E-05,0.01533,1.10E-05,1.00E-05,0.014649,0.157668,0.812312,1.00E-05,0.96998,FALSE
616,SYST-MOR-0007427,none,none,none,pure?,none,none,none,1,0,pure,1.10E-05,1.00E-05,0.008412,1.00E-05,1.00E-05,0.153218,0.838319,1.00E-05,0.991537,TRUE
617,SYST-MOR-0007428,none,none,none,pure?,none,none,none,1,0,pure,0.004457,0.009324,1.00E-05,1.00E-05,0.005877,0.239578,0.740734,1.00E-05,0.980312,FALSE
618,SYST-MOR-0007429,none,none,none,pure?,none,none,none,1,0,pure,1.00E-05,1.00E-05,1.00E-05,1.00E-05,1.00E-05,0.137728,0.862212,1.00E-05,0.99994,TRUE
619,SYST-MOR-0007430,none,none,none,pure?,none,none,none,1,0,pure,1.00E-05,1.00E-05,1.00E-05,1.00E-05,1.00E-05,0.107779,0.892161,1.00E-05,0.99994,TRUE
620,SYST-MOR-0007431,none,none,none,pure?,none,none,none,1,0,pure,1.00E-05,1.00E-05,1.00E-05,1.00E-05,1.00E-05,0.219504,0.780436,1.00E-05,0.99994,TRUE
621,SYST-MOR-0007432,none,none,none,pure?,none,none,none,1,0,pure,1.00E-05,1.00E-05,1.90E-05,1.20E-05,1.00E-05,0.012982,0.986946,1.00E-05,0.999928,TRUE
622,SYST-MOR-0007433,none,none,none,pure?,none,none,none,1,0,pure,1.00E-05,1.00E-05,1.00E-05,1.00E-05,1.00E-05,0.275031,0.724909,1.00E-05,0.99994,TRUE
623,SYST-MOR-0007434,none,none,none,pure?,none,none,none,1,0,pure,1.00E-05,1.00E-05,1.00E-05,0.010934,1.00E-05,0.147893,0.841123,1.00E-05,0.989016,TRUE
624,SYST-MOR-0007435,none,hybrid?,none,hybrid?,none,none,none,0,2,hybrid,1.00E-05,1.00E-05,1.00E-05,0.182549,1.00E-05,0.022206,0.795195,1.00E-05,0.817401,TRUE
625,SYST-MOR-0007436,none,hybrid?,none,hybrid?,none,none,none,0,2,hybrid,1.00E-05,1.00E-05,1.00E-05,0.474958,1.00E-05,0.020181,0.50481,1.00E-05,0.524991,TRUE
626,SYST-MOR-0007437,none,none,none,pure?,none,none,none,1,0,pure,1.00E-05,1.00E-05,1.00E-05,0.031372,1.00E-05,0.085225,0.883353,1.00E-05,0.968578,TRUE
627,SYST-MOR-0007438,none,hybrid?,none,hybrid?,none,none,none,0,2,hybrid,1.00E-05,1.60E-05,1.00E-05,0.058648,1.30E-05,0.034107,0.907187,1.00E-05,0.941294,TRUE
628,SYST-MOR-0007439,none,hybrid?,none,hybrid?,none,none,none,0,2,hybrid,1.00E-05,1.00E-05,1.00E-05,0.517108,1.00E-05,1.00E-05,0.482832,1.00E-05,0.482842,TRUE
629,SYST-MOR-0007440,none,hybrid?,none,hybrid?,none,none,none,0,2,hybrid,1.00E-05,1.00E-05,1.00E-05,0.053401,0.005402,0.051867,0.889291,1.00E-05,0.941158,TRUE
630,SYST-MOR-0007441,none,none,none,hybrid?,none,none,none,0,1,uncertain pure,1.00E-05,1.00E-05,1.00E-05,0.059377,1.00E-05,0.081056,0.859517,1.00E-05,0.940573,TRUE
631,SYST-MOR-0007442,none,hybrid?,none,hybrid?,none,none,none,0,2,hybrid,1.00E-05,1.00E-05,1.00E-05,0.337443,1.00E-05,0.016924,0.645583,1.00E-05,0.662507,TRUE
632,SYST-MOR-0007443,none,hybrid?,none,hybrid?,none,none,none,0,2,hybrid,1.00E-05,1.00E-05,1.00E-05,0.314219,1.00E-05,1.00E-05,0.685721,1.00E-05,0.685731,TRUE
633,SYST-MOR-0007444,none,hybrid?,none,hybrid?,none,none,none,0,2,hybrid,1.00E-05,1.00E-05,1.00E-05,0.074499,1.00E-05,0.034559,0.890892,1.00E-05,0.925451,TRUE
634,SYST-MOR-0007445,none,hybrid?,none,hybrid?,none,none,none,0,2,hybrid,1.00E-05,0.02029,0.014295,0.032492,1.00E-05,0.022327,0.910565,1.00E-05,0.932892,TRUE
635,SYST-MOR-0007446,none,none,none,pure?,none,none,none,1,0,pure,1.00E-05,1.00E-05,1.00E-05,1.00E-05,1.20E-05,0.061392,0.938546,1.00E-05,0.999938,TRUE
636,SYST-MOR-0007447,none,none,none,pure?,none,none,none,1,0,pure,1.00E-05,1.00E-05,1.00E-05,1.00E-05,1.00E-05,1.00E-05,0.99993,1.00E-05,0.99994,TRUE
637,SYST-MOR-0007448,none,none,none,pure?,none,none,none,1,0,pure,1.00E-05,1.00E-05,1.00E-05,1.00E-05,1.00E-05,1.00E-05,0.99993,1.00E-05,0.99994,TRUE
638,SYST-MOR-0007449,none,none,none,pure?,none,none,none,1,0,pure,1.00E-05,1.00E-05,1.00E-05,1.00E-05,1.00E-05,0.024451,0.975489,1.00E-05,0.99994,TRUE
639,SYST-MOR-0007450,none,none,none,pure?,none,none,none,1,0,pure,1.00E-05,1.00E-05,1.00E-05,1.00E-05,1.00E-05,1.00E-05,0.99993,1.00E-05,0.99994,TRUE
640,SYST-MOR-0007451,none,none,none,pure?,none,none,none,1,0,pure,1.00E-05,1.00E-05,1.00E-05,1.00E-05,1.00E-05,1.60E-05,0.999924,1.00E-05,0.99994,TRUE
641,SYST-MOR-0007452,none,none,none,pure?,none,none,none,1,0,pure,1.00E-05,1.00E-05,1.00E-05,1.00E-05,1.00E-05,1.00E-05,0.99993,1.00E-05,0.99994,TRUE
642,SYST-MOR-0007453,none,none,none,pure?,none,none,none,1,0,pure,1.00E-05,1.00E-05,1.00E-05,1.00E-05,1.00E-05,1.00E-05,0.99993,1.00E-05,0.99994,TRUE
643,SYST-MOR-0007454,none,none,none,pure?,none,none,none,1,0,pure,1.00E-05,1.00E-05,1.00E-05,1.00E-05,1.00E-05,1.00E-05,0.99993,1.00E-05,0.99994,TRUE
644,SYST-MOR-0007455,none,none,none,pure?,none,none,none,1,0,pure,1.00E-05,1.00E-05,1.00E-05,0.005363,0.01813,0.015052,0.961415,1.00E-05,0.976467,FALSE
645,SYST-MOR-0007456,none,none,none,pure?,none,none,none,1,0,pure,1.00E-05,1.00E-05,1.00E-05,1.00E-05,1.00E-05,0.03169,0.96825,1.00E-05,0.99994,TRUE
646,SYST-MOR-0007457,none,none,none,pure?,none,none,none,1,0,pure,1.00E-05,0.004238,1.00E-05,1.00E-05,1.50E-05,0.014821,0.980886,1.00E-05,0.995707,TRUE
647,SYST-MOR-0007458,none,none,none,pure?,none,none,none,1,0,pure,1.00E-05,1.00E-05,1.00E-05,1.00E-05,1.00E-05,0.03403,0.96591,1.00E-05,0.99994,TRUE
648,SYST-MOR-0007459,none,none,none,pure?,none,none,none,1,0,pure,1.00E-05,0.000408,1.00E-05,1.00E-05,1.00E-05,1.00E-05,0.999532,1.00E-05,0.999542,TRUE
649,SYST-MOR-0007460,none,none,none,pure?,none,none,none,1,0,pure,1.00E-05,1.00E-05,1.00E-05,1.00E-05,1.00E-05,0.011667,0.988273,1.00E-05,0.99994,TRUE
650,SYST-MOR-0007461,none,none,none,pure?,none,none,none,1,0,pure,1.00E-05,1.00E-05,1.00E-05,1.00E-05,1.00E-05,1.30E-05,0.999927,1.00E-05,0.99994,TRUE
651,SYST-MOR-0007462,none,none,none,pure?,none,none,none,1,0,pure,1.00E-05,1.00E-05,1.00E-05,1.00E-05,1.40E-05,1.00E-05,0.999926,1.00E-05,0.999936,TRUE
652,SYST-MOR-0007463,none,none,none,pure?,none,none,none,1,0,pure,1.00E-05,1.00E-05,1.00E-05,1.00E-05,1.00E-05,1.00E-05,0.99993,1.00E-05,0.99994,TRUE
653,SYST-MOR-0007464,none,none,none,pure?,none,none,none,1,0,pure,1.00E-05,1.00E-05,1.00E-05,1.00E-05,1.40E-05,1.00E-05,0.999926,1.00E-05,0.999936,TRUE
654,SYST-MOR-0007465,none,none,none,pure?,none,none,none,1,0,pure,1.00E-05,1.00E-05,1.00E-05,1.20E-05,1.00E-05,0.029115,0.970823,1.00E-05,0.999938,TRUE
655,SYST-MOR-0007466,none,none,none,pure?,none,none,none,1,0,pure,1.10E-05,0.006989,1.10E-05,0.016299,1.00E-05,0.261036,0.715635,1.00E-05,0.976671,TRUE
656,SYST-MOR-0007467,none,none,none,pure?,none,none,none,1,0,pure,1.00E-05,1.00E-05,1.00E-05,1.00E-05,1.00E-05,0.423109,0.576831,1.00E-05,0.99994,TRUE
657,SYST-MOR-0007468,none,none,none,pure?,none,none,none,1,0,pure,1.00E-05,1.00E-05,1.00E-05,1.00E-05,1.00E-05,0.277677,0.722263,1.00E-05,0.99994,TRUE
658,SYST-MOR-0007469,none,none,none,pure?,none,none,none,1,0,pure,1.00E-05,1.00E-05,0.000277,1.00E-05,1.00E-05,0.352212,0.64746,1.00E-05,0.999672,TRUE
659,SYST-MOR-0007470,none,none,none,pure?,none,none,none,1,0,pure,1.00E-05,1.00E-05,1.00E-05,1.00E-05,1.00E-05,0.353435,0.646505,1.00E-05,0.99994,TRUE
660,SYST-MOR-0007471,none,none,none,none,none,none,pure?,1,0,pure,0.981596,1.00E-05,0.00395,1.00E-05,1.00E-05,1.00E-05,0.014404,1.00E-05,0.014414,FALSE
661,SYST-MOR-0007472,none,none,none,pure?,none,none,none,1,0,pure,1.00E-05,0.005299,0.002478,0.007025,1.00E-05,0.446065,0.539103,1.00E-05,0.985168,FALSE
662,SYST-MOR-0007473,none,none,none,pure?,none,none,none,1,0,pure,1.00E-05,1.00E-05,1.00E-05,0.007426,1.60E-05,0.308765,0.683752,1.00E-05,0.992517,TRUE
663,SYST-MOR-0007474,none,none,none,pure?,none,none,none,1,0,pure,1.00E-05,1.00E-05,1.00E-05,1.00E-05,1.00E-05,0.333574,0.666366,1.00E-05,0.99994,TRUE
664,SYST-MOR-0007475,none,none,none,pure?,none,none,none,1,0,pure,1.00E-05,1.00E-05,1.00E-05,1.00E-05,1.00E-05,0.460115,0.539825,1.00E-05,0.99994,TRUE
665,SYST-MOR-0007476,none,none,none,pure?,none,none,none,1,0,pure,1.00E-05,1.00E-05,1.00E-05,1.00E-05,1.00E-05,0.277448,0.722492,1.00E-05,0.99994,TRUE
666,SYST-MOR-0007477,none,none,none,pure?,none,none,none,1,0,pure,1.00E-05,1.00E-05,1.00E-05,1.00E-05,1.00E-05,0.309764,0.690176,1.00E-05,0.99994,TRUE
667,SYST-MOR-0007478,none,none,none,pure?,none,none,none,1,0,pure,1.00E-05,1.00E-05,1.00E-05,1.00E-05,1.00E-05,0.331376,0.668564,1.00E-05,0.99994,TRUE
668,SYST-MOR-0007479,none,none,none,pure?,none,none,none,1,0,pure,1.00E-05,1.00E-05,1.00E-05,1.00E-05,1.00E-05,0.318481,0.681459,1.00E-05,0.99994,TRUE
669,SYST-MOR-0007480,none,none,none,pure?,none,none,none,1,0,pure,1.00E-05,1.00E-05,1.00E-05,1.00E-05,1.00E-05,0.317476,0.682464,1.00E-05,0.99994,TRUE
670,SYST-MOR-0007481,none,none,none,pure?,none,none,none,1,0,pure,1.00E-05,1.00E-05,1.00E-05,1.00E-05,1.00E-05,0.400371,0.592383,0.007196,0.992754,TRUE
671,SYST-MOR-0007482,none,none,none,pure?,none,none,none,1,0,pure,1.00E-05,1.00E-05,0.009562,1.00E-05,1.00E-05,0.303319,0.687069,1.00E-05,0.990388,TRUE
672,SYST-MOR-0007483,none,none,none,pure?,none,none,none,1,0,pure,1.00E-05,0.005533,1.00E-05,1.00E-05,1.00E-05,0.25661,0.737807,1.00E-05,0.994417,TRUE
673,SYST-MOR-0007484,none,none,none,pure?,none,none,none,1,0,pure,1.00E-05,1.00E-05,1.00E-05,1.00E-05,1.00E-05,0.435478,0.564462,1.00E-05,0.99994,TRUE
674,SYST-MOR-0007485,none,none,none,pure?,none,none,none,1,0,pure,1.00E-05,1.00E-05,1.00E-05,1.00E-05,1.00E-05,0.43883,0.56111,1.00E-05,0.99994,TRUE
675,SYST-MOR-0007486,none,none,none,pure?,none,none,none,1,0,pure,1.00E-05,1.00E-05,1.00E-05,1.00E-05,0.006349,1.00E-05,0.993591,1.00E-05,0.993601,TRUE
676,SYST-MOR-0007487,none,none,hybrid?,pure?,none,none,none,1,1,uncertain hybrid,0.000819,1.00E-05,1.00E-05,1.00E-05,0.023722,1.00E-05,0.97541,1.00E-05,0.97542,FALSE
677,SYST-MOR-0007488,none,none,none,pure?,none,none,none,1,0,pure,1.00E-05,0.002894,1.00E-05,1.00E-05,0.018647,0.016212,0.962207,1.00E-05,0.978419,FALSE
678,SYST-MOR-0007489,none,none,hybrid?,pure?,none,none,none,1,1,uncertain hybrid,1.00E-05,1.00E-05,1.00E-05,1.00E-05,0.03013,1.00E-05,0.96981,1.00E-05,0.96982,FALSE
679,SYST-MOR-0007490,none,none,none,pure?,none,none,none,1,0,pure,1.00E-05,0.003371,0.000105,0.007567,0.015536,0.012395,0.961006,1.00E-05,0.973401,FALSE
680,SYST-MOR-0007491,none,none,none,pure?,none,none,none,1,0,pure,1.00E-05,1.00E-05,1.00E-05,1.00E-05,1.00E-05,1.00E-05,0.99993,1.00E-05,0.99994,TRUE
681,SYST-MOR-0007492,none,none,none,pure?,none,none,none,1,0,pure,1.00E-05,1.20E-05,0.000628,0.008839,0.022906,1.80E-05,0.967577,1.00E-05,0.967595,FALSE
682,SYST-MOR-0007493,none,none,none,pure?,none,none,none,1,0,pure,1.00E-05,0.007085,1.00E-05,1.00E-05,1.00E-05,1.00E-05,0.992855,1.00E-05,0.992865,TRUE
683,SYST-MOR-0007494,none,none,hybrid?,pure?,none,none,none,1,1,uncertain hybrid,1.00E-05,1.00E-05,1.00E-05,1.00E-05,0.023626,1.00E-05,0.976314,1.00E-05,0.976324,FALSE
684,SYST-MOR-0007495,none,none,none,pure?,none,none,none,1,0,pure,1.00E-05,1.00E-05,1.00E-05,1.00E-05,1.00E-05,1.00E-05,0.99993,1.00E-05,0.99994,TRUE
685,SYST-MOR-0007496,none,none,none,hybrid?,none,none,none,0,1,uncertain pure,1.00E-05,0.006652,1.00E-05,1.10E-05,0.03433,1.00E-05,0.950867,0.00811,0.950877,FALSE
686,SYST-MOR-0007497,none,none,hybrid?,hybrid?,none,none,none,0,2,hybrid,0.013776,1.00E-05,0.001189,1.00E-05,0.029942,1.00E-05,0.955053,1.00E-05,0.955063,FALSE
687,SYST-MOR-0007498,none,none,hybrid?,hybrid?,none,none,none,0,2,hybrid,0.001542,0.007066,1.00E-05,1.00E-05,0.117024,1.00E-05,0.874328,1.00E-05,0.874338,FALSE
688,SYST-MOR-0007499,none,none,hybrid?,hybrid?,none,none,hybrid?,0,3,hybrid,0.014626,0.020628,1.00E-05,0.001762,0.057987,1.00E-05,0.904967,1.00E-05,0.904977,FALSE
689,SYST-MOR-0007500,none,none,hybrid?,hybrid?,none,none,none,0,2,hybrid,1.00E-05,1.00E-05,0.011684,1.00E-05,0.098188,1.00E-05,0.890078,1.00E-05,0.890088,TRUE
690,SYST-MOR-0007501,none,none,hybrid?,hybrid?,none,none,none,0,2,hybrid,1.00E-05,0.003958,1.00E-05,1.00E-05,0.129523,1.00E-05,0.866469,1.00E-05,0.866479,FALSE
691,SYST-MOR-0007502,none,none,hybrid?,hybrid?,none,none,none,0,2,hybrid,1.00E-05,1.00E-05,1.10E-05,0.006222,0.111961,1.00E-05,0.871994,0.009782,0.872004,FALSE
692,SYST-MOR-0007503,none,none,none,hybrid?,none,none,none,0,1,uncertain pure,1.00E-05,0.000992,1.00E-05,1.00E-05,0.069371,1.00E-05,0.929587,1.00E-05,0.929597,FALSE
693,SYST-MOR-0007504,none,none,hybrid?,hybrid?,none,none,none,0,2,hybrid,0.001832,0.017896,1.00E-05,1.00E-05,0.099237,1.00E-05,0.880994,1.00E-05,0.881004,FALSE
694,SYST-MOR-0007505,none,none,hybrid?,hybrid?,none,none,none,0,2,hybrid,1.00E-05,1.00E-05,1.00E-05,1.00E-05,0.043586,1.00E-05,0.956354,1.00E-05,0.956364,FALSE
