chr	windowStart	windowEnd	D	f_d	f_dM	d_f
Superscaffold1	621027	909572	-0.354907	-0.254794	-0.130506	-0.207340
Superscaffold1	909584	1376886	-0.148594	-0.068854	-0.042047	-0.100835
Superscaffold1	1377041	1777534	-0.312635	-0.168112	-0.098684	-0.226458
Superscaffold1	1777646	2121891	0.048612	0.019079	0.009564	0.034742
Superscaffold1	2121909	2419170	0.061825	0.029474	0.018087	0.038560
Superscaffold1	2419255	2688826	0.096246	0.058712	0.037596	0.063441
Superscaffold1	2688955	2918987	0.037628	0.025231	0.013473	0.024122
Superscaffold1	2919015	3316145	0.021673	0.009629	0.006041	0.009602
Superscaffold1	3316614	3756810	0.130086	0.046113	0.028324	0.073567
Superscaffold1	3756856	4180434	0.054506	0.025677	0.014561	0.037688
Superscaffold1	4180538	4562254	0.194023	0.098817	0.063378	0.150437
Superscaffold1	4562422	4992495	0.243669	0.113442	0.070190	0.154620
Superscaffold1	4992501	5547542	0.189865	0.060994	0.039242	0.131647
Superscaffold1	5548661	5828478	0.135360	0.075128	0.046091	0.077075
Superscaffold1	5828607	6273684	-0.079717	-0.038214	-0.023614	-0.053174
Superscaffold1	6274029	6666561	0.226309	0.102610	0.067131	0.165432
Superscaffold1	6668084	7184140	0.270851	0.103658	0.064998	0.200662
Superscaffold1	7184460	7495962	-0.062766	-0.033067	-0.019097	-0.047734
Superscaffold1	7495969	7880438	0.085803	0.040632	0.024566	0.045383
Superscaffold1	7880461	8526218	0.211483	0.122374	0.062871	0.116274
Superscaffold1	8526286	9726751	0.017175	0.006218	0.004132	0.012764
Superscaffold1	9726787	10647287	0.028777	0.012261	0.008100	0.013633
Superscaffold1	10647373	10990850	0.055116	0.026854	0.015959	0.034947
Superscaffold1	10990854	11359879	0.204580	0.082605	0.052443	0.143086
Superscaffold1	11360362	11736406	-0.048730	-0.018562	-0.011068	-0.032463
Superscaffold1	11736425	12189854	0.063937	0.024153	0.016200	0.041435
Superscaffold1	12189865	12586620	0.111008	0.053831	0.031945	0.071095
Superscaffold1	12586651	12906031	-0.123879	-0.071890	-0.035907	-0.090131
Superscaffold1	12906071	13259271	0.388363	0.186759	0.099860	0.270093
Superscaffold1	13259327	13803188	0.460557	0.219378	0.106307	0.248928
Superscaffold1	13803312	14401639	0.189171	0.064305	0.036250	0.132873
Superscaffold1	14401828	14829825	0.027189	0.010582	0.006418	0.019411
Superscaffold1	14829948	15105241	0.181618	0.088242	0.053759	0.100530
Superscaffold1	15105342	15396044	0.524565	0.242497	0.154670	0.389295
Superscaffold1	15396277	15672559	0.219984	0.106608	0.065321	0.153944
Superscaffold1	15672615	15996911	0.104771	0.048837	0.027101	0.071801
Superscaffold1	15997015	16276102	0.102795	0.045832	0.025604	0.066665
Superscaffold1	16276147	16706443	0.122855	0.046170	0.029479	0.089848
Superscaffold1	16706502	17010990	-0.144048	-0.103689	-0.049534	-0.083630
Superscaffold1	17010993	17505696	-0.041707	-0.014883	-0.009281	-0.030625
Superscaffold1	17505990	18300265	0.243005	0.091932	0.050714	0.162918
Superscaffold1	18300736	18652194	-0.141282	-0.063294	-0.037178	-0.099494
Superscaffold1	18652226	19102967	0.207519	0.094571	0.064452	0.150507
Superscaffold1	19102981	19560187	0.215701	0.102838	0.069317	0.155848
Superscaffold1	19560215	19915176	0.476798	0.181987	0.125844	0.369592
Superscaffold1	19915343	20326155	-0.022173	-0.007275	-0.004837	-0.017083
Superscaffold1	20328032	21086220	0.140988	0.045784	0.026861	0.100974
Superscaffold1	21086316	21399685	0.451437	0.217223	0.134365	0.374824
Superscaffold1	21399691	21812690	0.048026	0.019159	0.010965	0.036764
Superscaffold1	21812793	22316240	0.159501	0.050209	0.033678	0.122031
Superscaffold1	22316294	22786830	-0.622403	-0.299274	-0.179811	-0.528630
Superscaffold1	22786831	23263141	-0.037978	-0.012442	-0.007106	-0.034462
Superscaffold1	23263151	23761429	0.202463	0.060284	0.036291	0.162535
Superscaffold1	23761812	24249253	0.026303	0.007085	0.004730	0.021453
Superscaffold1	24249259	24681940	0.309980	0.101314	0.067117	0.253486
Superscaffold1	24681968	25112726	0.088882	0.030862	0.018843	0.067389
Superscaffold1	25120205	25544491	-0.249594	-0.096386	-0.056063	-0.179140
Superscaffold1	25544492	25909937	0.208924	0.092487	0.061999	0.159618
Superscaffold1	25909961	26285871	0.029596	0.011767	0.006384	0.019684
Superscaffold1	26285925	26670906	-0.018462	-0.008171	-0.004500	-0.010691
Superscaffold1	26670907	27134227	0.117916	0.031299	0.018216	0.089965
Superscaffold1	27134383	27451263	0.078837	0.049110	0.024206	0.047806
Superscaffold1	27451884	27824826	-0.014709	-0.005103	-0.003146	-0.014563
Superscaffold1	27824867	28071355	-0.163162	-0.092308	-0.052546	-0.092459
Superscaffold1	28072588	28533705	0.281891	0.089713	0.060429	0.201682
Superscaffold1	28533736	29141768	0.109378	0.026775	0.018117	0.078123
Superscaffold1	29141777	29515936	-0.160561	-0.057218	-0.036595	-0.122471
Superscaffold1	29515961	29990693	0.000258	0.000076	0.000041	0.002084
Superscaffold1	29990714	30382433	-0.067234	-0.036007	-0.021371	-0.037184
Superscaffold1	30384418	30944290	0.016235	0.006412	0.004087	0.011296
Superscaffold1	30944302	31458178	-0.014566	-0.004003	-0.002576	-0.010044
Superscaffold1	31458248	32333491	0.014129	0.004381	0.002565	0.014048
Superscaffold1	32333525	32835819	0.337280	0.116715	0.072936	0.254122
Superscaffold1	32835854	33384581	0.150380	0.045136	0.029068	0.108300
Superscaffold1	33384589	33627923	0.086564	0.043727	0.028998	0.057094
Superscaffold1	33627947	33919584	-0.049454	-0.026931	-0.017373	-0.031841
Superscaffold1	33919594	34262468	0.257992	0.071096	0.048795	0.181627
Superscaffold1	34262560	34593408	-0.116533	-0.059064	-0.033754	-0.077591
Superscaffold1	34593445	35085576	-0.232020	-0.053881	-0.036552	-0.170265
Superscaffold1	35085578	35654674	0.370337	0.179713	0.122302	0.256745
Superscaffold1	35654694	36694601	0.124138	0.042874	0.027318	0.081004
Superscaffold1	36694662	37168547	0.087766	0.034962	0.023033	0.072426
Superscaffold1	37168644	37582745	0.324724	0.103068	0.067648	0.248574
Superscaffold1	37582843	38155264	0.070242	0.026207	0.017591	0.046889
Superscaffold1	38155275	38536936	-0.258447	-0.095374	-0.060864	-0.196858
Superscaffold1	38537413	38944358	0.142791	0.040509	0.028724	0.110211
Superscaffold1	38944371	39250263	0.164268	0.057922	0.034985	0.143132
Superscaffold1	39250308	39714690	0.559362	0.214901	0.132367	0.454840
Superscaffold1	39714870	40056544	0.588728	0.285843	0.181449	0.525221
Superscaffold1	40056597	40509671	0.112999	0.026460	0.017749	0.087425
Superscaffold1	40509683	41033947	0.097714	0.027165	0.017206	0.068484
Superscaffold1	41034037	41551106	0.064589	0.020098	0.012194	0.054239
Superscaffold1	41551136	41947502	0.067687	0.021802	0.012995	0.063273
Superscaffold1	41947591	42429259	-0.288831	-0.110944	-0.067313	-0.212234
Superscaffold1	42429296	42805604	0.103170	0.037449	0.023051	0.081903
Superscaffold1	42805980	43385054	0.192908	0.045938	0.027416	0.159542
Superscaffold1	43385300	43850747	0.173347	0.046957	0.025730	0.130823
Superscaffold1	43850807	44205356	0.228384	0.091855	0.044070	0.172267
Superscaffold1	44205628	44728277	0.309030	0.111659	0.052448	0.235143
Superscaffold1	44728278	45132962	-0.045289	-0.018535	-0.010414	-0.026222
Superscaffold1	45133003	45609044	0.164594	0.062919	0.035614	0.124332
Superscaffold1	45609261	45971246	-0.307229	-0.080423	-0.046076	-0.214111
Superscaffold1	45971351	47014468	0.097697	0.015404	0.008092	0.071584
Superscaffold1	47015067	47629308	0.550304	0.157662	0.092299	0.442651
Superscaffold1	47629581	48090748	0.517489	0.188260	0.094763	0.470775
Superscaffold1	48090761	48482030	0.699099	0.337656	0.170973	0.617307
Superscaffold1	48482051	48848006	0.604220	0.214307	0.122341	0.549430
Superscaffold1	48848145	49560968	0.061562	0.009153	0.006571	0.044924
Superscaffold1	49561070	50136993	0.703015	0.203709	0.113848	0.658604
Superscaffold1	50137097	50684148	0.031632	0.007750	0.005605	0.022762
Superscaffold1	50684169	51095983	0.291748	0.167649	0.109368	0.159604
Superscaffold2	162730	696791	-0.058416	-0.016310	-0.011372	-0.044750
Superscaffold2	696812	1129833	0.151752	0.051945	0.035156	0.113968
Superscaffold2	1129855	1561894	0.076871	0.029582	0.020828	0.050971
Superscaffold2	1562025	2088743	0.097836	0.028108	0.016678	0.070510
Superscaffold2	2088777	2691324	0.317927	0.096086	0.063538	0.249438
Superscaffold2	2691397	3493188	-0.121500	-0.053095	-0.033136	-0.078235
Superscaffold2	3493192	3858243	0.115286	0.047255	0.027543	0.081123
Superscaffold2	3858266	4441853	-0.021678	-0.006586	-0.004057	-0.011707
Superscaffold2	4442027	4866263	0.021064	0.007594	0.004385	0.015683
Superscaffold2	4866329	5407493	-0.155232	-0.061228	-0.038342	-0.111450
Superscaffold2	5407589	5907048	0.189787	0.075568	0.039069	0.131769
Superscaffold2	5907088	6422546	0.107137	0.034739	0.022362	0.072628
Superscaffold2	6422887	6956039	0.248772	0.093157	0.051724	0.198276
Superscaffold2	6956077	7595361	0.332917	0.090794	0.057714	0.237686
Superscaffold2	7595400	8059836	0.147106	0.050369	0.029893	0.101288
Superscaffold2	8059867	8690808	0.033803	0.008723	0.005654	0.026430
Superscaffold2	8690844	9418117	0.062783	0.019023	0.012169	0.045485
Superscaffold2	9418150	9921293	0.173041	0.064942	0.037782	0.133970
Superscaffold2	9921842	10404692	-0.007032	-0.002264	-0.001341	-0.004052
Superscaffold2	10404758	10782966	0.153714	0.061215	0.040404	0.096183
Superscaffold2	10782994	11420864	-0.058849	-0.016645	-0.010441	-0.045565
Superscaffold2	11421087	12286981	0.129086	0.037781	0.023119	0.098150
Superscaffold2	12287350	13031468	0.014725	0.005307	0.003025	0.012885
Superscaffold2	13031553	13583564	0.218504	0.062661	0.038688	0.171303
Superscaffold2	13583699	14089982	0.198438	0.070652	0.042272	0.160354
Superscaffold2	14090518	14712076	0.126993	0.028005	0.017504	0.097489
Superscaffold2	14712646	15163289	0.198026	0.068862	0.041020	0.153212
Superscaffold2	15163311	16368599	-0.054329	-0.018702	-0.011328	-0.038540
Superscaffold2	16368617	16752140	0.225592	0.103925	0.064719	0.131292
Superscaffold2	16752337	17418730	0.120985	0.036789	0.024252	0.088428
Superscaffold2	17418736	17932804	0.233945	0.068425	0.040912	0.183594
Superscaffold2	17932878	18411754	0.301133	0.108306	0.062102	0.239387
Superscaffold2	18411919	18814753	0.541274	0.203348	0.115959	0.457893
Superscaffold2	18815281	19294848	0.202960	0.077398	0.043361	0.164821
Superscaffold2	19294995	19909874	-0.105503	-0.043596	-0.020131	-0.049338
Superscaffold2	19910229	20270563	0.302343	0.113354	0.061613	0.240872
Superscaffold2	20270678	20637451	0.002803	0.001237	0.000607	0.002418
Superscaffold2	20637467	21110935	0.340419	0.159508	0.100467	0.220563
Superscaffold2	21111112	21523969	0.399577	0.167529	0.097720	0.352629
Superscaffold2	21524037	21918642	0.776735	0.418276	0.259293	0.701541
Superscaffold2	21918654	22339806	0.140649	0.045324	0.028742	0.114026
Superscaffold2	22339807	22840339	-0.133828	-0.055353	-0.031391	-0.085328
Superscaffold2	22840341	23287278	0.184187	0.061030	0.036874	0.137766
Superscaffold2	23287286	23743961	0.332647	0.100783	0.061444	0.280876
Superscaffold2	23743979	24126085	0.127833	0.049902	0.027258	0.098656
Superscaffold2	24126142	24385601	0.596201	0.391472	0.214865	0.472591
Superscaffold2	24385678	24898887	0.036935	0.008911	0.005604	0.028696
Superscaffold2	24899251	25392752	0.401911	0.154871	0.092157	0.313622
Superscaffold2	25392844	25728829	-0.052244	-0.022464	-0.013086	-0.040752
Superscaffold2	25728880	26127794	0.412680	0.130438	0.084152	0.301365
Superscaffold2	26127811	26645768	0.231863	0.059970	0.040202	0.200900
Superscaffold2	26645826	27057918	0.143923	0.042861	0.028496	0.106279
Superscaffold2	27058642	27474611	0.188138	0.065293	0.040123	0.138453
Superscaffold2	27474922	28068193	-0.011793	-0.004534	-0.003151	-0.011413
Superscaffold2	28069303	28901442	0.077217	0.021771	0.012990	0.044842
Superscaffold2	28901543	29195864	-0.003621	-0.001041	-0.000639	-0.003214
Superscaffold2	29196066	29573598	-0.076163	-0.026561	-0.016380	-0.060208
Superscaffold2	29578429	30119167	0.151491	0.050163	0.030351	0.103154
Superscaffold2	30119226	30466298	0.590969	0.271896	0.156593	0.492058
Superscaffold2	30466328	30915998	0.305630	0.114626	0.068907	0.251498
Superscaffold2	30916078	31291040	0.386071	0.156574	0.093689	0.290872
Superscaffold2	31291059	31702285	0.203402	0.068517	0.041112	0.165262
Superscaffold2	31702518	32362490	0.136913	0.055251	0.030783	0.092776
Superscaffold2	32362515	32708421	0.097689	0.036788	0.021788	0.071342
Superscaffold2	32708426	33152805	-0.031966	-0.010897	-0.006003	-0.019802
Superscaffold2	33152826	33599259	0.232063	0.088808	0.051019	0.195804
Superscaffold2	33599334	34135668	-0.023436	-0.006259	-0.004003	-0.016204
Superscaffold2	34135672	34557358	0.274394	0.105211	0.060864	0.218955
Superscaffold2	34558057	35079958	0.374552	0.119046	0.067107	0.304084
Superscaffold2	35079984	35469353	0.543781	0.238455	0.133068	0.473850
Superscaffold2	35469640	35925389	-0.048985	-0.023199	-0.012973	-0.038981
Superscaffold2	35925443	36463278	0.395448	0.140680	0.083596	0.298878
Superscaffold2	36463301	36777030	0.402514	0.165707	0.102174	0.317572
Superscaffold2	36779174	37118728	0.238392	0.105430	0.068959	0.180706
Superscaffold2	37118879	37505487	0.243188	0.078842	0.048330	0.180317
Superscaffold2	37505507	37868521	0.214501	0.075504	0.044683	0.161497
Superscaffold2	37868529	38514227	0.554069	0.211185	0.120250	0.449975
Superscaffold2	38514287	38997981	-0.033267	-0.007735	-0.005128	-0.028849
Superscaffold2	38997983	39357026	0.026400	0.010406	0.005115	0.030198
Superscaffold2	39357092	39775960	0.371375	0.117777	0.076386	0.272340
Superscaffold2	39775964	40187534	0.016161	0.004401	0.002760	0.015026
Superscaffold2	40187674	40485133	0.039509	0.009266	0.005981	0.023004
Superscaffold2	40485235	40925364	-0.216294	-0.054673	-0.034467	-0.169939
Superscaffold2	40925393	41113151	0.138587	0.062682	0.040313	0.111568
Superscaffold2	41113234	41412137	0.124685	0.037137	0.024478	0.093457
Superscaffold2	41412164	41823891	-0.158464	-0.049500	-0.031504	-0.126037
Superscaffold2	41825288	42268124	0.501253	0.168042	0.097350	0.420289
Superscaffold2	42268231	42603951	0.104073	0.043472	0.024836	0.084181
Superscaffold2	42603978	43016867	-0.063907	-0.014707	-0.009887	-0.045035
Superscaffold2	43016889	43371291	0.071272	0.027595	0.016606	0.057456
Superscaffold2	43371317	43729920	0.388500	0.188494	0.104311	0.331829
Superscaffold2	43730018	44114034	-0.002986	-0.002001	-0.001026	-0.000387
Superscaffold2	44114060	44442696	-0.129274	-0.071784	-0.038595	-0.121776
Superscaffold2	44442860	44958082	0.769979	0.297358	0.165001	0.718213
Superscaffold2	44958151	45412333	0.829795	0.319088	0.177596	0.796356
Superscaffold2	45412529	45979531	0.787855	0.322410	0.176778	0.742895
Superscaffold2	45979540	46428050	0.736749	0.266966	0.163344	0.674433
Superscaffold2	46428582	46788798	0.791352	0.327681	0.190596	0.743474
Superscaffold2	46788945	47388385	0.619938	0.195541	0.116170	0.577260
Superscaffold2	47388438	47965241	0.211286	0.095442	0.050096	0.167695
Superscaffold2	47965513	48284334	0.564600	0.284804	0.145948	0.496205
Superscaffold2	48284397	48602134	0.433579	0.250288	0.120594	0.363127
Superscaffold2	48603290	48882026	0.668236	0.386534	0.235502	0.550750
Superscaffold2	48882208	49164919	0.520447	0.253880	0.135533	0.428735
Superscaffold2	49164996	49578000	0.207225	0.081206	0.048029	0.170064
Superscaffold2	49578083	49959023	0.012220	0.004731	0.002186	0.006296
Superscaffold2	49959159	50354843	0.226425	0.102007	0.058709	0.175998
Superscaffold2	50354934	50721096	-0.159860	-0.058245	-0.035211	-0.117518
Superscaffold2	50721097	51179475	0.196950	0.073018	0.041261	0.138727
Superscaffold2	51179529	51638147	0.527786	0.154335	0.087152	0.447720
Superscaffold2	51638367	51872420	0.339821	0.116557	0.078684	0.262045
Superscaffold2	51872533	52040345	0.301210	0.190541	0.103933	0.279161
Superscaffold2	52040371	52397060	0.407735	0.116363	0.067791	0.343763
Superscaffold2	52397154	52712750	0.000163	0.000057	0.000035	0.001079
Superscaffold2	52712757	53009918	0.037868	0.022671	0.013082	0.029404
Superscaffold2	53009920	53513944	0.414968	0.184744	0.122939	0.325762
Superscaffold2	53514522	54113815	-0.273008	-0.114141	-0.068905	-0.211300
Superscaffold2	54113929	54533534	-0.171839	-0.087933	-0.053713	-0.123538
Superscaffold2	54533589	55227131	0.098910	0.025640	0.019161	0.068799
Superscaffold2	55227134	55558464	-0.090318	-0.039131	-0.029496	-0.057788
Superscaffold2	55558782	56069685	0.144655	0.038033	0.024517	0.105402
Superscaffold2	56070012	56454251	0.469010	0.235277	0.130793	0.356349
Superscaffold2	56454255	56805382	0.216272	0.085818	0.051334	0.159163
Superscaffold2	56805536	57137322	0.372893	0.187574	0.096260	0.309633
Superscaffold2	57137340	57498016	0.127645	0.053738	0.030325	0.092379
Superscaffold2	57498271	58253392	0.120075	0.038521	0.020143	0.080016
Superscaffold2	58253669	58589738	0.104608	0.043625	0.022525	0.056214
Superscaffold2	58589848	58919694	-0.502554	-0.243006	-0.141392	-0.399167
Superscaffold2	58919705	59276251	0.286681	0.116801	0.065779	0.231261
Superscaffold2	59276271	59712262	0.181634	0.075592	0.040589	0.144870
Superscaffold2	59712293	60148797	-0.224599	-0.066046	-0.040955	-0.186020
Superscaffold2	60148864	60548951	0.216220	0.068771	0.041936	0.186325
Superscaffold2	60549234	60887007	0.146557	0.053072	0.033646	0.109062
Superscaffold2	60887033	61748119	0.130162	0.053336	0.031811	0.077652
Superscaffold2	61748190	62643669	0.382717	0.128095	0.088161	0.268231
Superscaffold2	62644204	62968557	0.209751	0.082273	0.049885	0.162649
Superscaffold2	62968767	63253447	0.251408	0.137752	0.082877	0.197762
Superscaffold2	63253512	63567276	0.261273	0.138304	0.076303	0.197855
Superscaffold2	63568585	64056285	-0.323747	-0.149042	-0.087968	-0.223070
Superscaffold2	64056289	64377709	0.085403	0.038729	0.022915	0.075770
Superscaffold2	64377790	64878320	-0.084727	-0.042204	-0.024436	-0.050625
Superscaffold2	64878550	65626310	0.390321	0.150037	0.088229	0.306247
Superscaffold2	65626334	66129855	0.418549	0.133966	0.081763	0.349249
Superscaffold2	66129912	66528437	0.030869	0.013221	0.007895	0.025339
Superscaffold2	66528449	67040420	0.081520	0.030223	0.014006	0.070764
Superscaffold2	67041966	67491510	-0.044788	-0.017743	-0.010467	-0.036012
Superscaffold2	67491703	67883984	0.183382	0.057979	0.038418	0.139836
Superscaffold2	67884509	68394806	0.352421	0.092562	0.055449	0.310263
Superscaffold2	68394933	68882255	0.144000	0.034383	0.022650	0.126229
Superscaffold2	68882383	69461152	-0.103279	-0.028734	-0.018783	-0.080376
Superscaffold2	69461256	69835887	-0.161578	-0.041726	-0.031340	-0.123978
Superscaffold2	69835892	70276837	-0.189312	-0.066633	-0.042638	-0.138997
Superscaffold2	70276879	70949805	0.231907	0.100605	0.060698	0.160765
Superscaffold2	70949827	71272573	0.208559	0.066624	0.043455	0.162003
Superscaffold2	71272581	71671802	0.303182	0.148026	0.086086	0.226581
Superscaffold2	71671861	72134370	0.031278	0.012200	0.007417	0.014721
Superscaffold2	72134407	72509501	-0.239605	-0.103594	-0.062157	-0.170869
Superscaffold2	72509621	72917656	0.127351	0.048760	0.032335	0.087994
Superscaffold2	72917676	73339053	0.021041	0.008058	0.005144	0.017010
Superscaffold2	73339087	73737072	0.150661	0.051802	0.033252	0.111237
Superscaffold2	73737195	73992245	0.143416	0.085651	0.054016	0.109565
Superscaffold2	73992253	74359443	-0.001614	-0.000604	-0.000339	0.001282
Superscaffold2	74359910	74660417	0.045420	0.023173	0.013948	0.025128
Superscaffold2	74660418	75091261	0.059821	0.024847	0.014967	0.044638
Superscaffold2	75091262	75318169	-0.236106	-0.154762	-0.074275	-0.165091
Superscaffold2	75318234	75547291	-0.118652	-0.079901	-0.036964	-0.068925
Superscaffold2	75547433	76033928	0.323230	0.149174	0.096057	0.189492
Superscaffold2	76033995	76718649	0.092911	0.031282	0.020255	0.064770
Superscaffold2	76719403	77141252	0.030711	0.010903	0.006886	0.023536
Superscaffold2	77141415	77598556	0.380860	0.142733	0.086583	0.270287
Superscaffold2	77598583	77969868	0.094692	0.028445	0.018927	0.063334
Superscaffold2	77969899	78272752	0.024692	0.008992	0.006365	0.016812
Superscaffold2	78272767	78708884	0.209836	0.092966	0.057450	0.147303
Superscaffold2	78708969	79243284	-0.038001	-0.012281	-0.007735	-0.024835
Superscaffold2	79243479	80194341	-0.053935	-0.023488	-0.012549	-0.032055
Superscaffold2	80194389	80542434	0.142974	0.071811	0.045068	0.076640
Superscaffold2	80542897	80933121	0.314892	0.097912	0.065253	0.220245
Superscaffold2	80933837	81657748	0.005062	0.001991	0.001206	0.006479
Superscaffold2	81658075	82105552	0.206453	0.061491	0.037206	0.157244
Superscaffold2	82105563	82853051	0.002666	0.000824	0.000484	0.001478
Superscaffold2	82853074	83251343	0.383853	0.170215	0.101827	0.301513
Superscaffold2	83251384	83619500	0.299369	0.102478	0.065890	0.216640
Superscaffold2	83619594	84047782	0.114685	0.030334	0.020526	0.084420
Superscaffold2	84047824	84509601	0.540320	0.219735	0.135969	0.474284
Superscaffold2	84509703	84932526	0.262055	0.087419	0.051647	0.187947
Superscaffold2	84932791	85157174	-0.128235	-0.063737	-0.037299	-0.109726
Superscaffold2	85157264	85694338	0.615114	0.180958	0.119706	0.551378
Superscaffold2	85694550	86777472	0.194555	0.068170	0.040715	0.135154
Superscaffold2	86778210	87626699	0.004166	0.001451	0.000893	0.005230
Superscaffold2	87626856	88017567	0.215909	0.064857	0.042893	0.176301
Superscaffold2	88018465	88364292	0.409285	0.167011	0.111614	0.338881
Superscaffold2	88364672	88764084	0.154193	0.049871	0.034192	0.107690
Superscaffold2	88764144	89024151	0.043779	0.025642	0.012553	0.028256
Superscaffold2	89024166	89522068	0.035811	0.011044	0.006942	0.026560
Superscaffold2	89522073	89860309	0.056702	0.020469	0.012024	0.042410
Superscaffold2	89860313	90274424	0.257516	0.078160	0.046689	0.181558
Superscaffold2	90274531	90709297	0.065702	0.019566	0.012095	0.040414
Superscaffold2	90709325	91134134	0.084534	0.034367	0.021080	0.058428
Superscaffold2	91134160	92256004	0.020381	0.007059	0.004105	0.020580
Superscaffold2	92257947	92715223	0.016928	0.006242	0.003570	0.016533
Superscaffold2	92715259	93023498	0.005997	0.002971	0.001646	0.002543
Superscaffold2	93023557	93800431	0.033378	0.016578	0.008249	0.025812
Superscaffold2	93800451	94311948	0.114359	0.044456	0.024026	0.085913
Superscaffold2	94312059	94851612	-0.036455	-0.012851	-0.007980	-0.027510
Superscaffold2	94851623	95254583	0.095923	0.033338	0.020355	0.068112
Superscaffold2	95255000	95676652	-0.287834	-0.102593	-0.067237	-0.199526
Superscaffold2	95676710	96061609	0.048925	0.020489	0.013855	0.025886
Superscaffold2	96061726	96410655	0.093256	0.038675	0.025500	0.063783
Superscaffold2	96410772	96878539	0.179671	0.070491	0.041647	0.129056
Superscaffold2	96878666	97287768	0.010295	0.003675	0.002375	0.003856
Superscaffold2	97288132	97491174	0.172334	0.093026	0.053861	0.095756
Superscaffold2	97491190	97961941	-0.002671	-0.001152	-0.000672	0.001766
Superscaffold2	97961974	98289643	-0.011603	-0.005053	-0.002918	-0.008796
Superscaffold2	98289688	98811348	0.156173	0.058267	0.039464	0.105822
Superscaffold2	98811544	99193073	0.060517	0.031960	0.017760	0.043844
Superscaffold2	99193162	99552219	-0.063880	-0.038172	-0.018617	-0.038477
Superscaffold2	99552238	99761660	-0.009620	-0.007232	-0.004238	-0.005897
Superscaffold2	99761675	100039788	0.047489	0.030684	0.019504	0.025278
Superscaffold2	100039792	100367444	0.104604	0.063598	0.039228	0.057169
Superscaffold2	100367446	101060752	-0.102512	-0.042956	-0.026022	-0.065191
Superscaffold3	100257	501339	-0.010382	-0.004121	-0.002835	-0.008157
Superscaffold3	501405	769874	-0.125156	-0.082680	-0.057004	-0.089421
Superscaffold3	769934	1116285	0.033506	0.020859	0.013126	0.021478
Superscaffold3	1116403	1493694	-0.007325	-0.003930	-0.002501	-0.003576
Superscaffold3	1493696	1956564	0.075664	0.041305	0.027657	0.034322
Superscaffold3	1956569	2476061	0.032980	0.011038	0.007961	0.020094
Superscaffold3	2476117	2753534	-0.071865	-0.032991	-0.023200	-0.038880
Superscaffold3	2753572	3222025	0.030505	0.008941	0.006584	0.014120
Superscaffold3	3222060	3667597	-0.199751	-0.083747	-0.049990	-0.124604
Superscaffold3	3667731	4115770	-0.084672	-0.038175	-0.023708	-0.049518
Superscaffold3	4115787	4974490	0.033390	0.018891	0.009349	0.014704
Superscaffold3	4975924	5406855	-0.005644	-0.003395	-0.002032	-0.000270
Superscaffold3	5406870	5699903	0.149723	0.094785	0.056288	0.082805
Superscaffold3	5699962	5987461	0.195533	0.089347	0.057369	0.112928
Superscaffold3	5987737	6381704	0.012210	0.005454	0.003739	0.008594
Superscaffold3	6381834	6624232	-0.050207	-0.041379	-0.022999	-0.026094
Superscaffold3	6624283	7021420	-0.016627	-0.007353	-0.004675	-0.008403
Superscaffold3	7021767	7832119	0.006099	0.003008	0.001757	0.009662
Superscaffold3	7832178	8303239	0.182405	0.050901	0.031789	0.111348
Superscaffold3	8303241	9481796	0.159938	0.063406	0.038952	0.097223
Superscaffold3	9482779	9741141	0.123363	0.079830	0.043937	0.065414
Superscaffold3	9741167	10108183	-0.056645	-0.027200	-0.018684	-0.030798
Superscaffold3	10108237	11076674	0.008529	0.005589	0.003608	0.005617
Superscaffold3	11076678	11293821	0.048170	0.040340	0.025237	0.024730
Superscaffold3	11293935	11555224	0.006327	0.005283	0.003167	0.001420
Superscaffold3	11555291	11875937	0.031357	0.026105	0.014373	0.020889
Superscaffold3	11875999	12076072	0.067238	0.059602	0.034517	0.032492
Superscaffold3	12076182	12346795	0.065371	0.043472	0.026031	0.037745
Superscaffold3	12348045	12542562	-0.070462	-0.067606	-0.037923	-0.034602
Superscaffold3	12542576	12935292	0.086229	0.033547	0.023629	0.050886
Superscaffold3	12935324	13248152	0.134763	0.085597	0.052689	0.073764
Superscaffold3	13248154	13516439	0.053443	0.033436	0.017813	0.024342
Superscaffold3	13516441	14208086	0.020086	0.011747	0.007174	0.007836
Superscaffold3	14208141	14436064	0.044369	0.029816	0.018561	0.017808
Superscaffold3	14436080	14587978	-0.005347	-0.005244	-0.003144	-0.001979
Superscaffold3	14588122	14771334	-0.057758	-0.056394	-0.032214	-0.029819
Superscaffold3	14771433	15034712	0.036002	0.026823	0.018054	0.018561
Superscaffold3	15034764	15281549	-0.019092	-0.014075	-0.008169	-0.007966
Superscaffold3	15281605	15483988	-0.054686	-0.049548	-0.027338	-0.032267
Superscaffold3	15483989	15708206	0.058287	0.043558	0.022792	0.026518
Superscaffold3	15708844	16437084	0.002973	0.001690	0.001012	0.006928
Superscaffold3	16437090	16797141	0.207585	0.144953	0.082207	0.132267
Superscaffold3	16797160	17046388	-0.058758	-0.059833	-0.030655	-0.030103
Superscaffold3	17046390	17399619	-0.028794	-0.016835	-0.011106	-0.014224
Superscaffold3	17399707	17757954	0.052867	0.034677	0.021885	0.031678
Superscaffold3	17757975	17975297	-0.141214	-0.104634	-0.059106	-0.082753
Superscaffold3	17975428	18419697	0.084684	0.037595	0.021508	0.056565
Superscaffold3	18419731	19201760	0.030383	0.014541	0.008613	0.015306
Superscaffold3	19201775	19683381	0.214219	0.096217	0.064261	0.144225
Superscaffold3	19683471	19986679	0.113341	0.059304	0.040804	0.084200
Superscaffold3	19986708	20277995	-0.075541	-0.038575	-0.026201	-0.045845
Superscaffold3	20278149	20475561	0.101344	0.066139	0.038738	0.058645
Superscaffold3	20475569	20754618	-0.087956	-0.062023	-0.033782	-0.045406
Superscaffold3	20754625	20928659	0.050100	0.038886	0.019030	0.018963
Superscaffold3	20928719	21488902	-0.123282	-0.088154	-0.041864	-0.059849
Superscaffold3	21489191	21902898	0.086067	0.059721	0.030922	0.032491
Superscaffold3	21902947	22138360	-0.010938	-0.007256	-0.003938	-0.004313
Superscaffold3	22138380	22309607	-0.015317	-0.008112	-0.005157	-0.008059
Superscaffold3	22309619	22708930	0.024740	0.011491	0.006212	0.014878
Superscaffold3	22708932	22974111	0.069607	0.042929	0.023610	0.046851
Superscaffold3	22976787	23245187	0.132468	0.072311	0.042245	0.088417
Superscaffold3	23245616	23500201	-0.065926	-0.051395	-0.030037	-0.033001
Superscaffold3	23500244	23986452	0.214207	0.077343	0.049694	0.122064
Superscaffold3	23986480	24269739	0.067365	0.027770	0.015642	0.034697
Superscaffold3	24269757	24879196	-0.177939	-0.107834	-0.061148	-0.121326
Superscaffold3	24879221	25352115	-0.167790	-0.084341	-0.053464	-0.109192
Superscaffold3	25352118	25514083	-0.007621	-0.005343	-0.003378	-0.003114
Superscaffold3	25514084	26206045	0.168424	0.090022	0.052537	0.105589
Superscaffold3	26206051	26509757	0.226162	0.102306	0.060269	0.127783
Superscaffold3	26509762	26667871	0.009752	0.006146	0.003428	-0.001202
Superscaffold3	26667891	26929578	0.087905	0.046716	0.024467	0.047184
Superscaffold3	26929671	27196841	0.155351	0.089912	0.049572	0.101764
Superscaffold3	27196844	27700291	0.026442	0.009711	0.006036	0.020376
Superscaffold3	27700330	28017139	0.083518	0.037870	0.020668	0.048663
Superscaffold3	28017171	28357958	0.065453	0.028184	0.016639	0.046068
Superscaffold3	28358080	28705913	-0.172563	-0.054741	-0.031880	-0.118875
Superscaffold3	28705942	28939891	0.220877	0.097746	0.064001	0.145685
Superscaffold3	28939907	29200806	0.084958	0.035782	0.020759	0.057278
Superscaffold3	29200822	29565176	0.179261	0.068024	0.044487	0.135199
Superscaffold3	29565444	29830031	0.303508	0.180453	0.118144	0.221329
Superscaffold3	29830435	30211824	-0.180179	-0.076854	-0.046824	-0.128601
Superscaffold3	30211841	31091092	-0.061412	-0.020332	-0.011891	-0.037498
Superscaffold3	31091267	31435491	0.137153	0.052955	0.028951	0.105127
Superscaffold3	31435504	31791331	0.617518	0.307144	0.176078	0.559641
Superscaffold3	31792307	32233794	0.193714	0.059858	0.039529	0.133856
Superscaffold3	32233803	32536752	0.113152	0.039601	0.022154	0.075713
Superscaffold3	32536794	33069970	0.140186	0.051300	0.031896	0.090855
Superscaffold3	33070006	33384293	-0.265747	-0.130386	-0.075871	-0.188944
Superscaffold3	33384958	33816446	0.043528	0.014957	0.010376	0.030717
Superscaffold3	33816462	34192918	-0.011160	-0.004525	-0.003089	-0.010792
Superscaffold3	34192937	34470811	-0.073015	-0.027934	-0.016772	-0.050432
Superscaffold3	34470916	34919128	0.086614	0.027178	0.017491	0.057421
Superscaffold3	34919220	35260354	-0.034718	-0.012102	-0.007280	-0.033935
Superscaffold3	35260593	35527108	0.367048	0.179968	0.106025	0.274656
Superscaffold3	35527192	35877470	0.620615	0.213046	0.127601	0.484258
Superscaffold3	35877632	36217651	-0.216190	-0.087463	-0.050228	-0.152448
Superscaffold3	36217855	36727789	0.151619	0.061246	0.033699	0.110820
Superscaffold3	36727946	37349002	0.384199	0.105000	0.071200	0.299932
Superscaffold3	37349149	37650121	0.117487	0.060732	0.035940	0.088945
Superscaffold3	37650275	37938301	-0.511545	-0.320106	-0.177425	-0.426311
Superscaffold3	37938302	38287336	-0.052690	-0.025610	-0.016520	-0.036471
Superscaffold3	38287376	38652973	-0.243552	-0.177383	-0.101954	-0.155945
Superscaffold3	38654239	39219216	-0.136700	-0.025256	-0.015352	-0.107941
Superscaffold3	39219236	39703469	-0.141915	-0.042606	-0.023453	-0.125613
Superscaffold3	39703587	40304744	-0.049817	-0.012258	-0.006778	-0.037713
Superscaffold3	40304772	40860207	-0.176911	-0.054944	-0.030380	-0.135767
Superscaffold3	40860525	41403099	0.180490	0.049161	0.027311	0.136388
Superscaffold3	41403128	42093440	0.203852	0.065421	0.038044	0.175959
Superscaffold3	42093758	42395384	0.620511	0.289234	0.164140	0.543854
Superscaffold3	42395420	43089634	0.226250	0.051960	0.033701	0.179979
Superscaffold3	43089652	43550223	-0.270645	-0.092960	-0.057147	-0.217167
Superscaffold3	43550251	44097231	0.124638	0.040175	0.023559	0.093315
Superscaffold3	44098456	44483421	0.326057	0.154494	0.088759	0.257053
Superscaffold3	44483424	44872378	0.121459	0.039197	0.023681	0.104516
Superscaffold3	44872402	45159541	0.049745	0.019601	0.012170	0.032823
Superscaffold3	45162017	45569408	0.186099	0.072499	0.038049	0.145382
Superscaffold3	45569668	46030813	0.026628	0.010858	0.005331	0.022344
Superscaffold3	46031642	46305920	-0.020065	-0.009260	-0.005928	-0.010554
Superscaffold3	46305927	47021824	-0.035490	-0.013978	-0.009460	-0.017452
Superscaffold3	47021952	47457340	0.094609	0.021904	0.014273	0.061749
Superscaffold3	47457365	47915572	-0.408056	-0.191704	-0.094585	-0.310723
Superscaffold3	47915793	48273468	0.455636	0.234114	0.148252	0.404992
Superscaffold3	48273497	48663530	0.006941	0.001931	0.001133	0.003746
Superscaffold3	48663625	49058943	0.211935	0.080009	0.050164	0.146465
Superscaffold3	49059081	49397457	0.041838	0.015331	0.009414	0.040408
Superscaffold3	49397469	49662917	0.126866	0.070591	0.038158	0.077877
Superscaffold3	49662958	50097090	0.427557	0.144429	0.091403	0.284046
Superscaffold3	50097364	50381395	0.380970	0.231848	0.142852	0.270550
Superscaffold3	50381520	50603011	-0.459079	-0.428816	-0.186998	-0.258607
Superscaffold3	50603030	51044123	0.151735	0.053468	0.033400	0.104524
Superscaffold3	51044351	51462137	-0.213865	-0.088920	-0.053568	-0.170267
Superscaffold3	51462140	51836903	0.152399	0.067629	0.038680	0.102585
Superscaffold3	51836961	52167250	0.032391	0.018146	0.009899	0.020915
Superscaffold3	52167262	52470065	0.291384	0.142583	0.073558	0.219056
Superscaffold3	52470221	52878611	-0.050994	-0.024068	-0.012325	-0.034894
Superscaffold3	52879043	53191593	0.195812	0.073561	0.052314	0.148482
Superscaffold3	53191627	53513607	0.210172	0.079830	0.051350	0.128800
Superscaffold3	53513643	53785990	-0.043817	-0.021649	-0.014638	-0.027327
Superscaffold3	53785993	54154591	0.102378	0.048702	0.030953	0.070810
Superscaffold3	54154647	54625041	0.008739	0.003721	0.002275	0.001362
Superscaffold3	54625056	54902216	-0.014595	-0.009313	-0.005767	-0.012076
Superscaffold3	54902244	55841613	-0.087207	-0.043612	-0.026956	-0.054194
Superscaffold3	55842379	56196323	0.222733	0.102744	0.065804	0.159493
Superscaffold3	56196370	56503014	-0.007190	-0.004644	-0.002653	-0.006180
Superscaffold3	56503082	56784982	0.217318	0.094294	0.064044	0.128994
Superscaffold3	56785053	57220937	0.451155	0.183971	0.128353	0.325634
Superscaffold3	57220949	57616965	0.230684	0.077769	0.047735	0.162790
Superscaffold3	57616970	58050409	0.026958	0.008132	0.005090	0.018590
Superscaffold3	58050602	58370739	-0.186981	-0.109280	-0.049427	-0.112319
Superscaffold3	58370755	58658404	-0.173340	-0.119097	-0.049100	-0.085242
Superscaffold3	58659507	59092096	0.280326	0.107712	0.059650	0.193468
Superscaffold3	59092325	59383558	0.068330	0.032320	0.019555	0.040649
Superscaffold3	59383570	59689836	0.031259	0.018741	0.011341	0.019961
Superscaffold3	59689886	60176231	0.025227	0.014235	0.008380	0.016382
Superscaffold3	60176232	60727497	0.037338	0.019198	0.012168	0.020314
Superscaffold3	60727695	61210930	0.052283	0.033083	0.019105	0.037088
Superscaffold3	61211023	61598247	0.245158	0.089242	0.055006	0.157397
Superscaffold3	61598312	62183993	-0.001450	-0.000594	-0.000361	0.001190
Superscaffold3	62184641	62617561	0.024992	0.014843	0.008789	0.012629
Superscaffold3	62617577	63140375	0.005973	0.003203	0.001814	0.004859
Superscaffold3	63144022	64236582	0.042461	0.012900	0.008176	0.027424
Superscaffold3	64236638	64663681	0.086993	0.039331	0.022528	0.058859
Superscaffold3	64663704	64960995	-0.264869	-0.135422	-0.080433	-0.175883
Superscaffold3	64961019	65344757	-0.026394	-0.018175	-0.011534	-0.016948
Superscaffold3	65344781	65605857	0.041872	0.042618	0.027224	0.026485
Superscaffold3	65605884	65904603	-0.010396	-0.004805	-0.003606	-0.005830
Superscaffold3	65904653	66369487	0.084597	0.044060	0.025561	0.050456
Superscaffold3	66369497	66739034	0.096886	0.034715	0.021079	0.073435
Superscaffold3	66739046	67041370	0.158068	0.079338	0.046224	0.105070
Superscaffold4	168814	741091	0.366440	0.179092	0.117948	0.251406
Superscaffold4	741123	965336	-0.025536	-0.025541	-0.013749	-0.012647
Superscaffold4	965340	1261970	-0.083011	-0.069554	-0.039358	-0.047282
Superscaffold4	1262195	1983675	0.084115	0.053034	0.031105	0.045008
Superscaffold4	1983819	2593356	0.016958	0.009053	0.005653	0.010372
Superscaffold4	2593619	3053141	-0.112038	-0.077509	-0.042160	-0.062373
Superscaffold4	3053238	3329164	-0.069146	-0.042772	-0.027224	-0.037591
Superscaffold4	3329166	3839342	-0.049626	-0.033547	-0.018873	-0.026273
Superscaffold4	3839382	4274700	0.081755	0.029079	0.017452	0.057728
Superscaffold4	4274771	5211281	0.029692	0.016928	0.010635	0.018425
Superscaffold4	5211294	5444436	-0.238763	-0.292639	-0.140507	-0.136933
Superscaffold4	5444571	6368290	0.127863	0.064183	0.041254	0.076639
Superscaffold4	6368297	6598074	0.080774	0.052351	0.033523	0.042854
Superscaffold4	6598151	6976973	0.028604	0.016983	0.010460	0.013701
Superscaffold4	6977123	7228546	0.012173	0.005215	0.003643	0.007335
Superscaffold4	7228632	7627565	-0.001895	-0.001444	-0.000770	0.004689
Superscaffold4	7627603	7861566	-0.031156	-0.022421	-0.014387	-0.016359
Superscaffold4	7861577	8007104	0.142619	0.133940	0.072353	0.069803
Superscaffold4	8007188	8692915	0.047570	0.020168	0.014211	0.026553
Superscaffold4	8692921	8913404	0.103835	0.073919	0.049598	0.054496
Superscaffold4	8913435	9096736	0.023579	0.019463	0.011808	0.009810
Superscaffold4	9096783	9530333	-0.126080	-0.077012	-0.043515	-0.077200
Superscaffold4	9530345	9828000	0.038311	0.021993	0.014452	0.019609
Superscaffold4	9828032	10060211	-0.020982	-0.016106	-0.010626	-0.008299
Superscaffold4	10060256	10844542	-0.028528	-0.013582	-0.008619	-0.016137
Superscaffold4	10844545	11395897	-0.028239	-0.013050	-0.008752	-0.012012
Superscaffold4	11395924	11672974	-0.020695	-0.013934	-0.008364	-0.009672
Superscaffold4	11673164	11968215	0.093406	0.061643	0.032485	0.062397
Superscaffold4	11968362	12261688	0.122088	0.067319	0.044337	0.076402
Superscaffold4	12261888	12667540	0.103294	0.057482	0.031355	0.059009
Superscaffold4	12667691	12917195	-0.026667	-0.019416	-0.012137	-0.016633
Superscaffold4	12917208	13126730	-0.278255	-0.183971	-0.105358	-0.161602
Superscaffold4	13126786	13344880	0.067919	0.049901	0.029403	0.038766
Superscaffold4	13345090	13700339	0.270251	0.161709	0.096171	0.168634
Superscaffold4	13700471	13927102	-0.271751	-0.275058	-0.104698	-0.144509
Superscaffold4	13927117	14353343	0.010431	0.007069	0.003764	0.002818
Superscaffold4	14353354	14634954	0.142055	0.081550	0.048247	0.075909
Superscaffold4	14635164	14906949	0.172076	0.104686	0.057416	0.101481
Superscaffold4	14906973	15271762	0.103465	0.050918	0.033400	0.054386
Superscaffold4	15271800	16071335	-0.046872	-0.032986	-0.019333	-0.027265
Superscaffold4	16071409	16321807	-0.033112	-0.023511	-0.014172	-0.016504
Superscaffold4	16321827	16716328	0.095200	0.050136	0.032414	0.055522
Superscaffold4	16716355	17194952	0.115365	0.067125	0.042164	0.070928
Superscaffold4	17194969	17616885	0.000519	0.000286	0.000187	-0.001828
Superscaffold4	17617011	17860523	-0.070407	-0.054588	-0.030120	-0.031263
Superscaffold4	17860527	18148090	-0.027428	-0.022316	-0.012395	-0.012119
Superscaffold4	18148127	18413161	-0.010810	-0.008502	-0.005089	-0.007968
Superscaffold4	18413273	19040343	0.469226	0.332234	0.175782	0.336872
Superscaffold4	19040562	19259710	0.752852	0.561317	0.358118	0.639663
Superscaffold4	19259713	19497075	0.045369	0.025147	0.013649	0.038053
Superscaffold4	19497108	19808338	-0.131689	-0.079598	-0.041180	-0.077883
Superscaffold4	19808344	20095725	-0.207256	-0.131471	-0.075696	-0.124671
Superscaffold4	20095729	20341884	0.009287	0.005159	0.003030	0.003953
Superscaffold4	20342113	20772378	0.027030	0.014901	0.009245	0.015896
Superscaffold4	20772426	21319845	0.181149	0.080030	0.046603	0.106507
Superscaffold4	21319993	21687245	0.572960	0.239366	0.159131	0.416064
Superscaffold4	21687589	22113122	0.169948	0.089900	0.048726	0.097298
Superscaffold4	22113146	22345525	-0.101041	-0.081824	-0.048348	-0.051421
Superscaffold4	22345547	22530361	-0.016589	-0.011646	-0.006874	-0.005374
Superscaffold4	22530402	22760355	0.091985	0.054580	0.033220	0.051361
Superscaffold4	22760492	22970643	-0.284180	-0.222787	-0.105389	-0.160390
Superscaffold4	22970699	23262329	0.191185	0.118530	0.075538	0.115611
Superscaffold4	23262339	23530640	0.046600	0.030766	0.018483	0.026742
Superscaffold4	23530784	23744511	0.044981	0.031732	0.018187	0.031400
Superscaffold4	23744519	24347391	0.048490	0.027874	0.016117	0.029126
Superscaffold4	24347841	24639105	0.012238	0.005693	0.003484	0.012288
Superscaffold4	24639121	24909478	0.361189	0.214388	0.104837	0.239450
Superscaffold4	24909654	25236521	0.261514	0.138139	0.075027	0.199174
Superscaffold4	25236535	25592887	0.194678	0.086669	0.055705	0.120006
Superscaffold4	25593012	25811837	0.407390	0.187935	0.129682	0.275207
Superscaffold4	25811869	26272633	-0.050920	-0.032591	-0.019741	-0.026002
Superscaffold4	26273815	26634650	-0.120495	-0.054470	-0.030414	-0.068341
Superscaffold4	26635056	26852410	-0.060473	-0.044518	-0.029374	-0.041068
Superscaffold4	26852444	27015365	0.260396	0.152534	0.104684	0.164693
Superscaffold4	27015553	27355965	-0.419023	-0.236521	-0.134807	-0.289670
Superscaffold4	27356161	27527920	0.462176	0.236418	0.124231	0.348362
Superscaffold4	27527922	27759063	0.571558	0.282089	0.162210	0.455663
Superscaffold4	27759186	28052054	0.139757	0.071576	0.044932	0.077996
Superscaffold4	28052846	28437052	0.035718	0.029526	0.016301	0.017241
Superscaffold4	28437415	28791993	-0.003713	-0.002813	-0.001552	-0.003612
Superscaffold4	28792056	29006034	0.171441	0.097782	0.058873	0.071265
Superscaffold4	29006046	29308590	0.167272	0.068453	0.046719	0.091684
Superscaffold4	29308596	29696753	-0.069598	-0.036299	-0.023347	-0.034404
Superscaffold4	29697029	30120113	0.133100	0.086515	0.052302	0.081228
Superscaffold4	30120151	30412413	-0.060667	-0.034231	-0.021321	-0.030526
Superscaffold4	30412508	30680697	0.054136	0.032196	0.021012	0.030411
Superscaffold4	30680701	31711138	-0.120178	-0.046886	-0.030013	-0.069287
Superscaffold4	31711179	32164908	0.203027	0.095882	0.058907	0.129349
Superscaffold4	32164909	32498386	0.221175	0.097565	0.058111	0.155297
Superscaffold4	32498468	32909499	-0.146348	-0.073100	-0.041149	-0.110439
Superscaffold4	32913749	33410967	0.145622	0.074404	0.048705	0.085354
Superscaffold4	33410976	33733154	0.105876	0.049715	0.028647	0.060923
Superscaffold4	33733306	34099629	0.162854	0.080788	0.045548	0.104633
Superscaffold4	34099644	34465489	0.132293	0.064376	0.033364	0.086184
Superscaffold4	34465573	34911380	0.080715	0.029204	0.018089	0.061568
Superscaffold4	34911494	35307521	0.076583	0.024859	0.018326	0.046693
Superscaffold4	35307583	35776224	0.020454	0.008745	0.004724	0.015257
Superscaffold4	35776464	36228073	-0.169030	-0.108144	-0.066731	-0.096415
Superscaffold4	36228102	36580890	0.273041	0.151778	0.090938	0.180777
Superscaffold4	36581010	37278796	-0.096367	-0.035325	-0.024162	-0.063674
Superscaffold4	37279758	38013158	-0.029045	-0.018113	-0.010708	-0.012485
Superscaffold4	38013232	39632121	-0.019230	-0.008003	-0.004590	-0.013538
Superscaffold4	39637500	39904077	-0.098383	-0.043292	-0.029342	-0.063500
Superscaffold4	39904120	40451685	0.043755	0.013880	0.009297	0.032631
Superscaffold4	40451717	40833818	0.037068	0.019537	0.012576	0.027336
Superscaffold4	40833934	41172037	0.009572	0.004742	0.002808	0.005096
Superscaffold4	41172083	41840598	-0.065484	-0.013491	-0.009453	-0.034550
Superscaffold4	41841017	42376654	0.085909	0.042758	0.025420	0.061956
Superscaffold4	42376699	42941832	0.078564	0.032121	0.021104	0.042920
Superscaffold4	42941889	43558776	0.081755	0.031381	0.021726	0.054812
Superscaffold4	43558880	44031426	0.070756	0.028822	0.018006	0.042548
Superscaffold4	44031478	44365601	-0.055592	-0.027178	-0.016603	-0.042937
Superscaffold4	44365664	44820781	0.079376	0.050411	0.025551	0.054941
Superscaffold4	44820790	45194250	-0.130316	-0.060773	-0.033887	-0.100321
Superscaffold4	45195034	45466725	-0.293881	-0.145296	-0.082510	-0.179729
Superscaffold4	45466759	45787901	-0.164051	-0.075778	-0.042724	-0.105663
Superscaffold4	45788030	46208752	-0.277337	-0.108114	-0.075140	-0.190468
Superscaffold4	46208778	46504302	-0.214089	-0.088959	-0.057421	-0.162209
Superscaffold4	46504872	47099504	-0.191749	-0.067569	-0.043599	-0.130516
Superscaffold4	47099664	47610740	0.550809	0.296920	0.186454	0.420601
Superscaffold4	47610930	47842162	0.384515	0.289874	0.185187	0.297566
Superscaffold4	47842163	48188634	0.182931	0.099921	0.062759	0.118865
Superscaffold4	48188649	48790508	0.219940	0.072986	0.049075	0.152359
Superscaffold4	48790746	49105644	0.508329	0.341232	0.194041	0.394328
Superscaffold4	49105648	49494943	0.384265	0.154211	0.085993	0.317225
Superscaffold4	49495068	49758180	0.169251	0.114600	0.072094	0.094758
Superscaffold4	49758183	50121181	0.036993	0.014178	0.007994	0.026379
Superscaffold4	50121852	50445503	0.538768	0.218805	0.118910	0.430138
Superscaffold4	50445633	50721208	-0.059797	-0.024144	-0.016675	-0.037217
Superscaffold4	50721209	50929512	0.012525	0.008322	0.005137	0.007255
Superscaffold4	50929748	51315567	0.455682	0.212120	0.132126	0.361878
Superscaffold4	51315606	51545489	0.365558	0.131439	0.090162	0.278846
Superscaffold4	51545511	51902644	0.037766	0.013612	0.008356	0.029396
Superscaffold4	51902648	52610045	0.499750	0.153958	0.090548	0.406977
Superscaffold4	52610195	52952448	0.571987	0.266921	0.155333	0.516460
Superscaffold4	52952548	53861640	-0.154257	-0.065355	-0.031679	-0.119234
Superscaffold4	53861657	54063641	0.469942	0.305910	0.160076	0.343272
Superscaffold4	54063645	54339445	0.378615	0.250209	0.138370	0.279328
Superscaffold4	54339518	54697136	0.320992	0.098184	0.058511	0.260589
Superscaffold4	54697221	55141642	0.528156	0.214895	0.114918	0.444918
Superscaffold4	55141643	55387451	0.660378	0.418358	0.221464	0.518306
Superscaffold4	55387622	55649729	-0.306172	-0.217137	-0.110307	-0.213768
Superscaffold4	55649757	55941998	0.080737	0.034285	0.022491	0.052112
Superscaffold4	55942109	56320331	-0.232954	-0.105409	-0.059379	-0.153159
Superscaffold4	56320340	56496486	-0.027245	-0.020199	-0.010922	-0.017104
Superscaffold4	56496914	56782002	0.095874	0.071851	0.041673	0.053747
Superscaffold4	56782009	57199741	0.153952	0.097401	0.055820	0.100325
Superscaffold4	57199841	57816193	0.081471	0.029457	0.020071	0.058122
Superscaffold4	57816289	58243273	0.168990	0.058257	0.039863	0.095813
Superscaffold4	58243318	58557734	-0.044738	-0.020412	-0.011800	-0.022232
Superscaffold4	58557912	58834524	0.192013	0.105212	0.052747	0.108897
Superscaffold4	58834526	59091871	-0.055415	-0.022742	-0.015698	-0.033914
Superscaffold4	59091960	59351886	0.274751	0.102077	0.068131	0.189210
Superscaffold4	59351980	59641346	0.375878	0.179423	0.124426	0.233691
Superscaffold4	59641388	59856590	0.157399	0.104494	0.056939	0.059890
Superscaffold4	59856610	61230482	0.030461	0.016292	0.007422	0.023359
Superscaffold4	61230486	61539004	0.047804	0.023839	0.015651	0.030634
Superscaffold4	61539018	61904893	0.270592	0.108632	0.072132	0.206420
Superscaffold4	61904969	62248461	0.656595	0.275489	0.197033	0.537727
Superscaffold4	62248586	62653098	-0.017988	-0.009228	-0.005795	-0.009153
Superscaffold4	62653110	63322991	-0.115160	-0.045195	-0.028290	-0.074029
Superscaffold4	63323011	63777304	-0.037104	-0.016054	-0.011400	-0.022776
Superscaffold4	63777324	64208003	-0.180822	-0.099307	-0.063262	-0.119692
Superscaffold4	64208217	64450928	0.063157	0.026588	0.016157	0.041540
Superscaffold4	64451036	65070900	0.001296	0.000514	0.000299	-0.000160
Superscaffold4	65070975	65348488	0.015395	0.006439	0.004111	0.006643
Superscaffold4	65348578	66315858	0.248994	0.101190	0.066551	0.165066
Superscaffold4	66316015	66690447	0.168050	0.099854	0.041171	0.136181
Superscaffold4	66690477	67126269	0.026996	0.006863	0.004827	0.017166
Superscaffold4	67126312	67503985	0.209135	0.075880	0.054167	0.144501
Superscaffold4	67504017	68020678	-0.063227	-0.032111	-0.020330	-0.037355
Superscaffold4	68020775	68315000	0.228670	0.122424	0.091450	0.135506
Superscaffold4	68315007	68579041	0.243690	0.184493	0.095447	0.158415
Superscaffold4	68579084	68816738	-0.130214	-0.071185	-0.047305	-0.083378
Superscaffold4	68816958	69238732	0.069960	0.037975	0.022751	0.050573
Superscaffold4	69238858	69633112	0.020195	0.014717	0.008037	0.011506
Superscaffold4	69633236	69885148	-0.161581	-0.130159	-0.076727	-0.095797
Superscaffold4	69885174	70414724	0.055817	0.033756	0.020304	0.029516
Superscaffold4	70414793	70847274	0.066428	0.029650	0.021548	0.037998
Superscaffold4	70847382	71529384	0.207696	0.120494	0.069868	0.132586
Superscaffold4	71529419	72056646	-0.294018	-0.091610	-0.059839	-0.210253
Superscaffold4	72056670	72799917	-0.559845	-0.461633	-0.208393	-0.476633
Superscaffold4	72799946	73174590	0.324539	0.141966	0.075116	0.258923
Superscaffold4	73174619	73455468	0.017927	0.011886	0.007006	0.010637
Superscaffold4	73455485	73964216	0.335569	0.171219	0.116196	0.240187
Superscaffold4	73964227	74382656	-0.165822	-0.075849	-0.053430	-0.099242
Superscaffold4	74382759	74692548	0.108489	0.055195	0.038797	0.074764
Superscaffold4	74692565	74887553	0.221206	0.142894	0.095723	0.109395
Superscaffold4	74887599	75216320	0.360886	0.213444	0.122261	0.239454
Superscaffold4	75216354	75882087	0.501444	0.211462	0.153400	0.399632
Superscaffold4	75882172	76606365	0.163879	0.050859	0.036370	0.122151
Superscaffold4	76606387	77143447	0.102393	0.047693	0.028161	0.076478
Superscaffold4	77143514	77535064	0.074125	0.056838	0.027771	0.061352
Superscaffold4	77535117	78066668	-0.245270	-0.068636	-0.047851	-0.171688
Superscaffold4	78066675	78450167	0.003338	0.002555	0.001524	0.003433
Superscaffold4	78450196	78709326	0.083705	0.046986	0.027469	0.038866
Superscaffold4	78709381	79118569	0.293160	0.112170	0.078615	0.135051
Superscaffold4	79118593	79885619	0.105277	0.049855	0.038205	0.069940
Superscaffold4	79885737	80284467	0.292824	0.124067	0.085004	0.202841
Superscaffold4	80284489	80594210	0.017021	0.010360	0.006298	0.016506
Superscaffold4	80594222	80933257	-0.032026	-0.019294	-0.010526	-0.018002
Superscaffold4	80933284	81297871	-0.022598	-0.013383	-0.008047	-0.014236
Superscaffold4	81297901	81596908	-0.146708	-0.059427	-0.040052	-0.097482
Superscaffold4	81598914	82431011	0.179130	0.056000	0.028913	0.124355
Superscaffold4	82431278	82626149	0.115918	0.072523	0.036050	0.063058
Superscaffold4	82626173	82925268	0.296064	0.164665	0.107410	0.206526
Superscaffold4	82925343	83125335	0.262819	0.185888	0.114432	0.171979
Superscaffold4	83125343	83348537	-0.056841	-0.045107	-0.026071	-0.026836
Superscaffold4	83348538	83601211	-0.002784	-0.001728	-0.001050	0.000909
Superscaffold4	83601263	84180892	0.269725	0.092211	0.067347	0.179823
Superscaffold4	84180910	84528358	0.068796	0.031853	0.022146	0.035865
Superscaffold4	84528594	84784396	0.188361	0.125989	0.078271	0.089465
Superscaffold4	84784408	85268441	0.110309	0.060359	0.039721	0.059977
Superscaffold4	85271710	86022600	-0.143326	-0.088448	-0.052606	-0.097295
Superscaffold4	86022823	86291577	0.114079	0.076309	0.052258	0.051152
Superscaffold4	86291707	86511578	-0.019586	-0.014722	-0.008235	-0.009618
Superscaffold5	76736	254328	-0.203670	-0.204346	-0.083105	-0.121168
Superscaffold5	254376	501287	0.047084	0.024976	0.015561	0.026852
Superscaffold5	501323	813436	-0.117990	-0.067372	-0.041414	-0.071289
Superscaffold5	813526	1256022	-0.028419	-0.012816	-0.007938	-0.010615
Superscaffold5	1256075	1802309	0.324445	0.097774	0.065007	0.218591
Superscaffold5	1802332	2205348	-0.166671	-0.076041	-0.036511	-0.129695
Superscaffold5	2205355	2665432	0.013601	0.006133	0.003821	0.007704
Superscaffold5	2665467	3122619	0.040031	0.016468	0.010265	0.023264
Superscaffold5	3122785	3594866	0.193859	0.088439	0.053025	0.140859
Superscaffold5	3594892	4039103	0.260654	0.114968	0.064075	0.188831
Superscaffold5	4039133	4723853	0.082286	0.038951	0.025869	0.040486
Superscaffold5	4723858	5801191	0.271180	0.089932	0.059521	0.178160
Superscaffold5	5801721	6325508	0.694044	0.314547	0.176702	0.619609
Superscaffold5	6325566	6899608	0.077394	0.029122	0.015699	0.051830
Superscaffold5	6911854	7404922	0.245896	0.122947	0.064738	0.157948
Superscaffold5	7404944	7739297	0.176115	0.072983	0.046100	0.112378
Superscaffold5	7739375	8204611	-0.079704	-0.049643	-0.027620	-0.041784
Superscaffold5	8204623	8620736	-0.038089	-0.019242	-0.012687	-0.015525
Superscaffold5	8621103	8873652	-0.104372	-0.082570	-0.042208	-0.055761
Superscaffold5	8874311	9153104	0.082977	0.045981	0.023193	0.045984
Superscaffold5	9153123	9457493	0.064625	0.029741	0.019845	0.039384
Superscaffold5	9457506	9702470	-0.098213	-0.062256	-0.034828	-0.056166
Superscaffold5	9702573	10612014	-0.065578	-0.030838	-0.017802	-0.038393
Superscaffold5	10612019	11023459	0.065655	0.023855	0.014717	0.042558
Superscaffold5	11023492	11429513	0.218139	0.122263	0.062175	0.130889
Superscaffold5	11429580	12402991	-0.018677	-0.008817	-0.005155	-0.008783
Superscaffold5	12403011	13495085	0.101470	0.053352	0.032077	0.067536
Superscaffold5	13495113	14217346	0.074729	0.038873	0.023261	0.043421
Superscaffold5	14217373	14501264	-0.023690	-0.012808	-0.007029	-0.011718
Superscaffold5	14501284	14868849	-0.056470	-0.034318	-0.017704	-0.035100
Superscaffold5	14868877	15095273	0.113623	0.062296	0.034870	0.078253
Superscaffold5	15095283	15426914	0.157889	0.073711	0.034139	0.084876
Superscaffold5	15426946	15759913	-0.071687	-0.043933	-0.024878	-0.043439
Superscaffold5	15759921	16301673	-0.169972	-0.071036	-0.039184	-0.121125
Superscaffold5	16301718	16637150	0.019436	0.011266	0.006677	0.012524
Superscaffold5	16641552	17013629	0.144681	0.095489	0.056759	0.082187
Superscaffold5	17013755	17567108	0.037744	0.019914	0.012041	0.027066
Superscaffold5	17567120	17876592	-0.240653	-0.208868	-0.085028	-0.129552
Superscaffold5	17876607	18095551	0.028479	0.015774	0.010226	0.018322
Superscaffold5	18095567	18297530	0.040204	0.029734	0.018751	0.021896
Superscaffold5	18297822	18653974	-0.098219	-0.048015	-0.029559	-0.060956
Superscaffold5	18654054	19143510	0.085208	0.032299	0.020008	0.060001
Superscaffold5	19143516	19503358	0.086600	0.032970	0.020578	0.061076
Superscaffold5	19503361	19897052	0.142375	0.044323	0.027788	0.103574
Superscaffold5	19897085	20218769	-0.053761	-0.026457	-0.013456	-0.019990
Superscaffold5	20218806	20615344	0.060405	0.024720	0.014852	0.043832
Superscaffold5	20615516	21185070	0.107206	0.039675	0.027276	0.071997
Superscaffold5	21185143	21554811	-0.471459	-0.290616	-0.155175	-0.342674
Superscaffold5	21554942	21896781	-0.044974	-0.023987	-0.013165	-0.026670
Superscaffold5	21896841	22090114	0.059231	0.047769	0.028232	0.030567
Superscaffold5	22090124	22628645	0.187527	0.091320	0.050604	0.116064
Superscaffold5	22628821	23195124	-0.075828	-0.034523	-0.020286	-0.038796
Superscaffold5	23195126	23761192	-0.054438	-0.023660	-0.014787	-0.029988
Superscaffold5	23761267	24465282	-0.191247	-0.116374	-0.060787	-0.135937
Superscaffold5	24465308	24827936	0.090621	0.031954	0.020860	0.061731
Superscaffold5	24827942	25320557	-0.411310	-0.142549	-0.086996	-0.355293
Superscaffold5	25321267	25598992	-0.267721	-0.176494	-0.108806	-0.196844
Superscaffold5	25599544	25987151	0.195839	0.074174	0.039867	0.140370
Superscaffold5	25987288	26856924	0.185468	0.054021	0.035039	0.114214
Superscaffold5	26856959	27602404	-0.063178	-0.020719	-0.012502	-0.039537
Superscaffold5	27602488	28144395	-0.050255	-0.017394	-0.010258	-0.022704
Superscaffold5	28144430	28598391	0.086455	0.033540	0.021559	0.052772
Superscaffold5	28599281	28974536	0.179322	0.070843	0.041367	0.139586
Superscaffold5	28974589	29355837	0.391531	0.181908	0.108958	0.301048
Superscaffold5	29355844	29690104	-0.187898	-0.071464	-0.047595	-0.163649
Superscaffold5	29690160	29954750	-0.222631	-0.132063	-0.079960	-0.150437
Superscaffold5	29954806	30138239	0.064396	0.030196	0.019659	0.042189
Superscaffold5	30138343	30417533	0.020517	0.010227	0.006199	0.011399
Superscaffold5	30417580	30913794	-0.021776	-0.009468	-0.005171	-0.023793
Superscaffold5	30913897	31270748	-0.130572	-0.045539	-0.024800	-0.100929
Superscaffold5	31270822	31566473	0.698748	0.354511	0.244409	0.557500
Superscaffold5	31566482	31800626	0.226599	0.116620	0.061966	0.137260
Superscaffold5	31800641	32166303	0.658995	0.334727	0.207921	0.497942
Superscaffold5	32166309	32711487	-0.037781	-0.026848	-0.011933	-0.029197
Superscaffold5	32712935	33109167	-0.026093	-0.014235	-0.008602	-0.021693
Superscaffold5	33109189	33504357	0.122380	0.088363	0.052874	0.076627
Superscaffold5	33504388	33875003	0.500401	0.227354	0.122084	0.419239
Superscaffold5	33875203	34040885	-0.138691	-0.101111	-0.055702	-0.130456
Superscaffold5	34040931	34456464	0.748305	0.322909	0.216190	0.654383
Superscaffold5	34456489	34841505	-0.072955	-0.024210	-0.013179	-0.052506
Superscaffold5	34841554	35205636	0.210372	0.078176	0.049843	0.158916
Superscaffold5	35205647	35513229	0.036141	0.015020	0.008426	0.029774
Superscaffold5	35513248	35870295	-0.095759	-0.026674	-0.016036	-0.068329
Superscaffold5	35870307	36315556	-0.132436	-0.039397	-0.023660	-0.118299
Superscaffold5	36315622	36676829	-0.011459	-0.003601	-0.002110	-0.006731
Superscaffold5	36676844	37074248	0.085780	0.030268	0.019271	0.064722
Superscaffold5	37074315	37380334	0.164698	0.098434	0.058320	0.078903
Superscaffold5	37380369	37563096	0.069899	0.035754	0.019765	0.049958
Superscaffold5	37563249	37961795	-0.047691	-0.015255	-0.009136	-0.045447
Superscaffold5	37961854	38334920	0.027532	0.006862	0.004874	0.025096
Superscaffold5	38335259	38705126	-0.012123	-0.004531	-0.002740	-0.005200
Superscaffold5	38705163	39475021	-0.029711	-0.015059	-0.008638	-0.019033
Superscaffold5	39475106	40004512	0.237072	0.096600	0.060701	0.156272
Superscaffold5	40004594	40668050	-0.088888	-0.043279	-0.026427	-0.058339
Superscaffold5	40668926	41485121	-0.143743	-0.053061	-0.035894	-0.084519
Superscaffold5	41485137	42086016	0.019190	0.005688	0.003515	0.015028
Superscaffold5	42086039	42556433	0.137124	0.045216	0.028009	0.106083
Superscaffold5	42556521	42964359	0.000039	0.000022	0.000012	-0.000593
Superscaffold5	42964406	43305942	-0.036730	-0.016387	-0.010534	-0.028346
Superscaffold5	43306075	43630204	0.033084	0.015066	0.009081	0.019613
Superscaffold5	43630493	43952629	0.140390	0.061001	0.038134	0.103043
Superscaffold5	43952654	44346337	-0.071607	-0.031733	-0.022690	-0.051982
Superscaffold5	44346340	44647650	-0.188183	-0.117489	-0.072732	-0.115292
Superscaffold5	44647729	44895224	-0.164171	-0.116701	-0.062250	-0.123237
Superscaffold5	44895438	45611464	0.216724	0.084570	0.051136	0.135502
Superscaffold5	45611488	46182079	0.143190	0.066450	0.042768	0.096395
Superscaffold5	46182127	46543738	0.093355	0.049664	0.029461	0.070288
Superscaffold5	46543774	46856031	-0.057258	-0.037685	-0.020555	-0.035609
Superscaffold5	46856127	47255592	0.292558	0.126962	0.076503	0.216531
Superscaffold5	47255593	47699178	0.127764	0.050767	0.030072	0.089723
Superscaffold5	47699250	48111483	0.229728	0.095386	0.052149	0.157167
Superscaffold5	48111783	48488804	0.056578	0.024126	0.012220	0.032912
Superscaffold5	48488876	48809066	0.213634	0.112751	0.057996	0.146208
Superscaffold5	48809081	49286721	0.313637	0.161944	0.096262	0.177443
Superscaffold5	49286759	49613860	0.264563	0.173466	0.110807	0.158970
Superscaffold5	49613898	49970693	0.393721	0.183498	0.103736	0.237024
Superscaffold5	49970880	50298083	0.011808	0.007865	0.003969	0.006364
Superscaffold5	50298199	50556866	0.150703	0.077932	0.037753	0.073276
Superscaffold5	50557199	50870468	0.351257	0.162762	0.078258	0.246467
Superscaffold5	50870488	51101038	0.271586	0.096336	0.055847	0.174208
Superscaffold5	51101060	51434203	0.297307	0.163850	0.084451	0.154828
Superscaffold5	51434204	51675842	0.085820	0.058738	0.028730	0.049208
Superscaffold5	51676223	51993131	0.107694	0.065680	0.033098	0.055859
Superscaffold5	51993728	52332713	-0.117754	-0.060952	-0.033617	-0.071578
Superscaffold5	52332714	52674135	-0.242310	-0.107158	-0.063979	-0.172387
Superscaffold5	52674181	52884552	0.043981	0.027529	0.018209	0.026948
Superscaffold5	52884590	53243526	0.183200	0.065555	0.043271	0.125497
Superscaffold5	53243956	53722240	-0.126125	-0.039225	-0.023797	-0.046496
Superscaffold5	53722246	54366636	0.255872	0.080184	0.051247	0.177256
Superscaffold5	54366643	55442254	-0.052522	-0.018203	-0.011915	-0.023068
Superscaffold5	55442296	55999317	-0.072566	-0.021978	-0.013341	-0.045488
Superscaffold5	55999346	56253437	0.096063	0.064575	0.038327	0.067278
Superscaffold5	56253446	56739959	0.128590	0.052544	0.025829	0.090737
Superscaffold5	56740102	57100889	0.021248	0.009424	0.006056	0.016013
Superscaffold5	57101095	57512997	-0.194047	-0.088480	-0.049478	-0.142467
Superscaffold5	57513034	57932541	0.128283	0.050725	0.030913	0.084689
Superscaffold5	57932710	58433806	0.201241	0.063497	0.041466	0.160507
Superscaffold5	58433828	58845929	0.394631	0.164910	0.095375	0.317588
Superscaffold5	58845989	59163656	0.264762	0.116370	0.070285	0.213822
Superscaffold5	59163670	59801001	0.034752	0.011675	0.006650	0.028644
Superscaffold5	59801023	60329037	-0.026987	-0.008302	-0.004774	-0.019262
Superscaffold5	60329057	60842807	0.287304	0.122665	0.071302	0.211573
Superscaffold5	60843607	61449306	0.435767	0.143078	0.097396	0.310813
Superscaffold5	61449869	62007030	0.130695	0.049338	0.030036	0.093200
Superscaffold5	62012684	62350030	0.049809	0.023904	0.014375	0.035950
Superscaffold5	62350073	62786790	0.347695	0.112199	0.081348	0.264068
Superscaffold5	62786982	63189275	0.002688	0.001101	0.000647	-0.000129
Superscaffold5	63189392	63570039	0.096537	0.042430	0.025329	0.071641
Superscaffold5	63570156	63782384	-0.007730	-0.004713	-0.002551	-0.006914
Superscaffold5	63782397	64016109	-0.102479	-0.070669	-0.038244	-0.057597
Superscaffold5	64016383	64678371	0.035152	0.015876	0.008650	0.020763
Superscaffold5	64678550	65152936	0.236775	0.099953	0.052060	0.179915
Superscaffold5	65153022	65634239	-0.090434	-0.035249	-0.020972	-0.063339
Superscaffold5	65634277	66103252	0.056724	0.025388	0.014363	0.047951
Superscaffold5	66103547	66456362	-0.097943	-0.042607	-0.021946	-0.066976
Superscaffold5	66456958	66966183	0.210449	0.061510	0.040503	0.153088
Superscaffold5	66966202	67443444	-0.060869	-0.022981	-0.014602	-0.041374
Superscaffold5	67443492	68382482	0.227061	0.103539	0.062899	0.151410
Superscaffold5	68382494	68791863	-0.062116	-0.040489	-0.023641	-0.026831
Superscaffold5	68792029	69808313	-0.189280	-0.092618	-0.056863	-0.114369
Superscaffold5	69808406	70096545	-0.009713	-0.006545	-0.004651	-0.005485
Superscaffold5	70096549	71117733	0.010158	0.004334	0.002505	0.003741
Superscaffold5	71117852	71537063	0.108177	0.038753	0.023685	0.074986
Superscaffold5	71537326	72333247	0.229485	0.097845	0.055982	0.155476
Superscaffold5	72333252	72958119	-0.095899	-0.055419	-0.033442	-0.065461
Superscaffold5	72958192	73278269	-0.042878	-0.018641	-0.010347	-0.024147
Superscaffold5	73278842	73662185	-0.053170	-0.029818	-0.015658	-0.030809
Superscaffold5	73662198	73937135	0.588767	0.273660	0.194423	0.398366
Superscaffold5	73937159	74346665	0.141966	0.047030	0.027455	0.096011
Superscaffold5	74346704	74764691	-0.172858	-0.064693	-0.040868	-0.134226
Superscaffold5	74764696	75397623	-0.104909	-0.047640	-0.029320	-0.075693
Superscaffold5	75399790	75823998	-0.086206	-0.048773	-0.030232	-0.058333
Superscaffold5	75824376	76161334	0.106278	0.052506	0.036392	0.070836
Superscaffold5	76161410	76448127	0.160840	0.064053	0.040386	0.094343
Superscaffold5	76448236	76780781	0.181039	0.087525	0.055391	0.108479
Superscaffold5	76780945	77186292	0.197043	0.101409	0.058711	0.118264
Superscaffold5	77186721	77631268	0.362960	0.108841	0.077403	0.223044
Superscaffold5	77631426	77873987	0.122702	0.054177	0.034324	0.064850
Superscaffold5	77874011	78203680	0.000317	0.000177	0.000093	-0.001622
Superscaffold5	78203707	78636540	-0.243701	-0.112050	-0.066603	-0.159868
Superscaffold5	78636548	79148733	0.023092	0.008491	0.005110	0.010013
Superscaffold5	79149195	79527026	-0.083202	-0.051971	-0.032885	-0.072068
Superscaffold5	79527040	80048202	-0.017260	-0.009187	-0.005420	-0.010084
Superscaffold5	80048250	80336509	-0.243823	-0.118516	-0.074159	-0.134423
Superscaffold5	80336592	80853882	0.072202	0.028181	0.018828	0.046023
Superscaffold5	80853978	81206855	0.021973	0.013116	0.007584	0.009030
Superscaffold5	81207944	81564533	-0.103318	-0.067195	-0.040429	-0.060256
Superscaffold5	81564630	81891566	-0.007212	-0.004483	-0.002747	-0.001074
Superscaffold5	81891728	82353497	0.183306	0.063848	0.040208	0.108360
Superscaffold6	355744	756774	0.056857	0.031039	0.016247	0.035340
Superscaffold6	756798	1082433	0.104195	0.051207	0.038455	0.065648
Superscaffold6	1082440	1467483	0.125118	0.058874	0.040509	0.070037
Superscaffold6	1467575	1815488	-0.006904	-0.004033	-0.002178	-0.003548
Superscaffold6	1815557	2219111	0.274875	0.099188	0.060897	0.175921
Superscaffold6	2219113	2618156	-0.121293	-0.050765	-0.032578	-0.080883
Superscaffold6	2618213	3152338	0.126405	0.034681	0.022238	0.096385
Superscaffold6	3152455	3701950	0.183522	0.054787	0.034876	0.127869
Superscaffold6	3701982	4121555	-0.083046	-0.047501	-0.025818	-0.052051
Superscaffold6	4121581	4907411	-0.107735	-0.051252	-0.029363	-0.059054
Superscaffold6	4907429	5282042	0.061216	0.020998	0.014608	0.042956
Superscaffold6	5282075	5679403	0.149744	0.055426	0.033580	0.111243
Superscaffold6	5679530	6288088	0.133433	0.048193	0.028959	0.091170
Superscaffold6	6288096	6688195	0.086117	0.032126	0.019891	0.058479
Superscaffold6	6688263	6965126	0.153547	0.078754	0.051324	0.109358
Superscaffold6	6965171	7317979	0.200208	0.082315	0.055725	0.140086
Superscaffold6	7318003	7842657	-0.158560	-0.071264	-0.044672	-0.105986
Superscaffold6	7842935	8280070	0.090734	0.030281	0.020657	0.065049
Superscaffold6	8280094	8516430	-0.096708	-0.057616	-0.036804	-0.045786
Superscaffold6	8516631	9068262	0.240107	0.121591	0.072486	0.172894
Superscaffold6	9068460	9567804	0.548953	0.211733	0.137104	0.431423
Superscaffold6	9568273	9968593	0.408211	0.150564	0.097506	0.343104
Superscaffold6	9968601	10427511	0.014573	0.005295	0.003055	0.010230
Superscaffold6	10427595	11276329	0.078707	0.026398	0.017102	0.058776
Superscaffold6	11276359	11620060	0.368043	0.172791	0.100336	0.266808
Superscaffold6	11620113	12185803	0.251185	0.084408	0.054362	0.186585
Superscaffold6	12185837	12721276	0.054473	0.015366	0.009051	0.044271
Superscaffold6	12721434	13323039	0.171720	0.062393	0.035566	0.126270
Superscaffold6	13323042	13858000	0.141973	0.056180	0.030366	0.092526
Superscaffold6	13858048	14335179	-0.018131	-0.006727	-0.004090	-0.013788
Superscaffold6	14335365	14676902	-0.053899	-0.016901	-0.009857	-0.033180
Superscaffold6	14676903	15141778	0.212718	0.073424	0.043466	0.151870
Superscaffold6	15142033	15616779	-0.140315	-0.053588	-0.028561	-0.104901
Superscaffold6	15616844	15985070	0.154891	0.048954	0.031060	0.122128
Superscaffold6	15985095	16329921	-0.056705	-0.019675	-0.011468	-0.042904
Superscaffold6	16329928	16514575	0.016554	0.012041	0.005761	0.007447
Superscaffold6	16514722	16804804	-0.039071	-0.030687	-0.010464	-0.028546
Superscaffold6	16804980	17292675	0.238917	0.100995	0.048318	0.174834
Superscaffold6	17292774	17635689	-0.115656	-0.046223	-0.027157	-0.101944
Superscaffold6	17635958	18195582	0.262775	0.077689	0.047279	0.203336
Superscaffold6	18195586	18461668	0.177528	0.097852	0.059758	0.111401
Superscaffold6	18467357	18751615	0.673066	0.371427	0.220269	0.538888
Superscaffold6	18753411	19207662	0.007414	0.002244	0.001282	0.005120
Superscaffold6	19207718	19598133	0.482772	0.178437	0.098668	0.385955
Superscaffold6	19598362	20012420	0.286740	0.105396	0.062133	0.197335
Superscaffold6	20012462	20351070	0.376415	0.165518	0.090151	0.297314
Superscaffold6	20351071	20727268	-0.250137	-0.097667	-0.062510	-0.186387
Superscaffold6	20727272	21047001	0.096216	0.054189	0.030346	0.078715
Superscaffold6	21047004	21472613	0.278488	0.089436	0.057454	0.196610
Superscaffold6	21472636	22050467	0.212250	0.058485	0.034130	0.177278
Superscaffold6	22050497	22405693	0.208543	0.097958	0.054676	0.164950
Superscaffold6	22405695	22703397	0.093923	0.030492	0.015241	0.067114
Superscaffold6	22703494	23206390	0.306005	0.101463	0.062363	0.234481
Superscaffold6	23206489	23606763	0.480742	0.253739	0.130717	0.356395
Superscaffold6	23606784	24219894	0.466931	0.191323	0.106577	0.377466
Superscaffold6	24219908	24683056	0.437395	0.173204	0.108326	0.337186
Superscaffold6	24683500	25268209	-0.182948	-0.087018	-0.036660	-0.101781
Superscaffold6	25268309	25643994	0.498047	0.154898	0.102909	0.329905
Superscaffold6	25644032	26049557	0.292367	0.091921	0.053634	0.200541
Superscaffold6	26049585	26492786	0.121081	0.031942	0.021162	0.085993
Superscaffold6	26492871	26772180	0.421236	0.152671	0.099660	0.230710
Superscaffold6	26772668	27239426	0.105343	0.037030	0.023866	0.092549
Superscaffold6	27239430	27613847	0.241674	0.103024	0.062328	0.194722
Superscaffold6	27614209	27999189	0.091675	0.028635	0.016870	0.072903
Superscaffold6	27999805	28313687	-0.198687	-0.099230	-0.058290	-0.130989
Superscaffold6	28313713	28623743	0.148131	0.067202	0.035699	0.120510
Superscaffold6	28624236	28955834	0.387556	0.171190	0.107234	0.262853
Superscaffold6	28956176	29338724	0.150982	0.052000	0.032124	0.110082
Superscaffold6	29338770	29944254	0.066195	0.018123	0.011094	0.054913
Superscaffold6	29944336	30768360	0.207220	0.066353	0.039327	0.154018
Superscaffold6	30768922	31269431	-0.012740	-0.003766	-0.002340	-0.009407
Superscaffold6	31269440	31644809	-0.011718	-0.005102	-0.003004	-0.007934
Superscaffold6	31644961	32042365	0.043176	0.015433	0.010057	0.032322
Superscaffold6	32042439	32334252	0.625229	0.279525	0.197032	0.542377
Superscaffold6	32334324	32695797	0.495072	0.201813	0.126770	0.420573
Superscaffold6	32695999	32971003	0.053160	0.022199	0.013625	0.029697
Superscaffold6	32971058	33727876	0.004984	0.002264	0.001343	0.005330
Superscaffold6	33727886	34207653	-0.056331	-0.016753	-0.010514	-0.038761
Superscaffold6	34207702	34822284	0.283394	0.093300	0.056778	0.213058
Superscaffold6	34822370	35380474	-0.017009	-0.005322	-0.003413	-0.007626
Superscaffold6	35380738	35779286	0.131716	0.084139	0.043418	0.094998
Superscaffold6	35779315	36114295	0.158500	0.068063	0.036328	0.121661
Superscaffold6	36114316	36553831	-0.060625	-0.016229	-0.010476	-0.040901
Superscaffold6	36553852	36998646	0.072575	0.021213	0.012270	0.051749
Superscaffold6	36998694	37443171	0.090016	0.031832	0.018764	0.071087
Superscaffold6	37443193	37967786	0.418751	0.151472	0.110030	0.345369
Superscaffold6	37967788	38359411	0.208081	0.076843	0.043873	0.160788
Superscaffold6	38359440	38800016	0.164382	0.058207	0.033907	0.122217
Superscaffold6	38800091	39198176	0.098557	0.028926	0.018584	0.082065
Superscaffold6	39198439	39608082	0.246818	0.097889	0.062324	0.183630
Superscaffold6	39608354	39956830	-0.038982	-0.014758	-0.008643	-0.041505
Superscaffold6	39956952	40475690	0.252210	0.079481	0.053347	0.182168
Superscaffold6	40475707	41071231	-0.069021	-0.024090	-0.015706	-0.045550
Superscaffold6	41071367	41525298	0.183953	0.059605	0.039211	0.119119
Superscaffold6	41525323	41820649	0.382389	0.179903	0.089716	0.294259
Superscaffold6	41820679	42321077	0.078337	0.030359	0.019107	0.049462
Superscaffold6	42321173	42760758	0.519745	0.218964	0.143655	0.435346
Superscaffold6	42760821	43062646	0.060686	0.034929	0.021159	0.050669
Superscaffold6	43062674	43574451	-0.051465	-0.015224	-0.010541	-0.035128
Superscaffold6	43574477	44081148	0.046922	0.012954	0.007594	0.032442
Superscaffold6	44081150	44452132	-0.086586	-0.032765	-0.018992	-0.055972
Superscaffold6	44452304	44940338	-0.157035	-0.045146	-0.028898	-0.130841
Superscaffold6	44940344	45437087	0.227035	0.068741	0.045052	0.168196
Superscaffold6	45437109	45806845	0.087172	0.027974	0.019606	0.064464
Superscaffold6	45806865	46222551	0.151913	0.062476	0.042623	0.092581
Superscaffold6	46223071	46491007	0.085785	0.054196	0.036379	0.053004
Superscaffold6	46491319	46960260	-0.077474	-0.037227	-0.022159	-0.044746
Superscaffold6	46960352	47406730	0.083669	0.033054	0.020126	0.054306
Superscaffold6	47406766	48083610	0.151378	0.041361	0.026628	0.099611
Superscaffold6	48083678	48846483	-0.025558	-0.008090	-0.004728	-0.021308
Superscaffold6	48846535	49220977	0.032032	0.012256	0.007563	0.026240
Superscaffold6	49221006	49517185	-0.016637	-0.007210	-0.004275	-0.011945
Superscaffold6	49517283	49989887	-0.094890	-0.033989	-0.018582	-0.073130
Superscaffold6	49990087	50477135	-0.121912	-0.047098	-0.028586	-0.084836
Superscaffold6	50477249	50966731	0.092284	0.028056	0.018129	0.072955
Superscaffold6	50966830	51750772	-0.068465	-0.021593	-0.014421	-0.049812
Superscaffold6	51750805	52220722	0.093242	0.031287	0.020249	0.062563
Superscaffold6	52220820	52752713	-0.036790	-0.014037	-0.009497	-0.021066
Superscaffold6	52752753	53152076	0.006719	0.002190	0.001489	0.005021
Superscaffold6	53152090	53742757	-0.003085	-0.001005	-0.000610	0.002136
Superscaffold7	322009	576511	-0.271495	-0.197719	-0.104536	-0.138565
Superscaffold7	576586	991704	-0.133808	-0.088242	-0.046985	-0.061980
Superscaffold7	991780	1179003	-0.034380	-0.023801	-0.014630	-0.016926
Superscaffold7	1179017	1397554	-0.057478	-0.038498	-0.023349	-0.028874
Superscaffold7	1397737	1688385	-0.024433	-0.014104	-0.008639	-0.009279
Superscaffold7	1688388	2527313	-0.131875	-0.035547	-0.025321	-0.077218
Superscaffold7	2527411	3193073	-0.122372	-0.041211	-0.027793	-0.075909
Superscaffold7	3193131	3669659	0.154758	0.067847	0.043877	0.098794
Superscaffold7	3670286	4025740	0.081180	0.051099	0.034208	0.047898
Superscaffold7	4026128	4437876	-0.026394	-0.016879	-0.011272	-0.014855
Superscaffold7	4437935	4794067	-0.043693	-0.019651	-0.013831	-0.032846
Superscaffold7	4794175	5168675	-0.040346	-0.016208	-0.011844	-0.027591
Superscaffold7	5168687	5357856	0.095358	0.079378	0.054542	0.052037
Superscaffold7	5357892	5609214	0.103512	0.088148	0.047691	0.060936
Superscaffold7	5609215	5790202	0.025334	0.020727	0.011981	0.017787
Superscaffold7	5790229	6016045	0.027112	0.027367	0.016376	0.015229
Superscaffold7	6016177	6199807	0.097550	0.082281	0.049239	0.053884
Superscaffold7	6199956	7079587	-0.034646	-0.015746	-0.010923	-0.021542
Superscaffold7	7079596	7443660	0.141999	0.070513	0.046800	0.083265
Superscaffold7	7443661	7700904	-0.216969	-0.190108	-0.098477	-0.113600
Superscaffold7	7700918	7979217	0.107410	0.060355	0.038049	0.060594
Superscaffold7	7979285	8228603	0.062552	0.042285	0.025473	0.037512
Superscaffold7	8228712	8453326	-0.079689	-0.035715	-0.022396	-0.048940
Superscaffold7	8453337	8775760	0.704309	0.251333	0.220461	0.567552
Superscaffold7	8775762	9168950	0.050933	0.022242	0.013369	0.032941
Superscaffold7	9169050	9833238	-0.014688	-0.008172	-0.004840	-0.009104
Superscaffold7	9833415	10361242	0.095743	0.018477	0.013949	0.059348
Superscaffold7	10361252	10659329	-0.021131	-0.011616	-0.007269	-0.015506
Superscaffold7	10659892	11048306	-0.038953	-0.020606	-0.012827	-0.020877
Superscaffold7	11048308	11419451	0.026242	0.011952	0.007512	0.027053
Superscaffold7	11419653	11725201	0.269052	0.117183	0.065758	0.192138
Superscaffold7	11725206	11908387	0.274078	0.193826	0.113812	0.193715
Superscaffold7	11908403	12267806	-0.002498	-0.001336	-0.000768	0.001687
Superscaffold7	12267809	12658429	-0.145439	-0.052050	-0.032733	-0.091221
Superscaffold7	12658457	13107269	0.044008	0.018922	0.010457	0.026278
Superscaffold7	13107393	13768843	0.299830	0.125291	0.077002	0.184904
Superscaffold7	13768854	14375309	0.041699	0.012022	0.008007	0.026011
Superscaffold7	14375328	14616168	-0.002874	-0.001651	-0.000870	-0.000580
Superscaffold7	14616262	14964487	0.032064	0.010118	0.006315	0.021866
Superscaffold7	14964551	15382055	0.519595	0.202099	0.132171	0.439247
Superscaffold7	15382064	16037784	0.008582	0.003461	0.001666	0.004600
Superscaffold7	16037923	16360607	-0.005206	-0.002655	-0.001527	-0.004539
Superscaffold7	16360650	16871646	0.282426	0.118438	0.074345	0.181362
Superscaffold7	16871666	17243464	0.327050	0.127962	0.081812	0.218773
Superscaffold7	17243477	17599262	0.130897	0.036260	0.021406	0.095308
Superscaffold7	17599939	17931977	0.251162	0.130053	0.071912	0.174469
Superscaffold7	17932130	18260482	0.519467	0.266571	0.131765	0.397284
Superscaffold7	18260492	18882065	-0.126433	-0.026376	-0.015225	-0.096711
Superscaffold7	18882119	19303481	0.102773	0.019180	0.012351	0.068798
Superscaffold7	19303485	19559824	-0.335831	-0.168439	-0.094745	-0.217336
Superscaffold7	19559837	20009792	0.040390	0.010722	0.006701	0.030803
Superscaffold7	20009993	20292463	0.083572	0.028316	0.018845	0.055054
Superscaffold7	20292650	20628996	0.559952	0.225740	0.128728	0.420017
Superscaffold7	20629104	20998921	0.267936	0.134718	0.068988	0.188838
Superscaffold7	20998936	21322848	-0.135429	-0.053995	-0.027130	-0.106703
Superscaffold7	21322990	21541322	0.195699	0.064739	0.040025	0.145825
Superscaffold7	21541347	21851271	0.273332	0.093230	0.048394	0.199887
Superscaffold7	21851352	22474315	0.080218	0.034597	0.021224	0.053040
Superscaffold7	22475593	22787298	0.208135	0.093512	0.050725	0.154119
Superscaffold7	22787348	23007393	-0.250446	-0.121103	-0.064233	-0.189696
Superscaffold7	23007485	23284758	-0.175761	-0.095020	-0.051374	-0.121299
Superscaffold7	23284760	23648272	0.065791	0.021196	0.011962	0.039760
Superscaffold7	23648882	23986582	0.194223	0.071658	0.045162	0.115516
Superscaffold7	23986768	24307944	0.341619	0.154509	0.088802	0.202015
Superscaffold7	24308075	24588707	0.588961	0.264030	0.155339	0.456110
Superscaffold7	24588759	24812796	0.300252	0.170572	0.091738	0.226359
Superscaffold7	24812825	25227725	-0.051704	-0.032801	-0.018252	-0.020842
Superscaffold7	25227751	25546386	0.155361	0.064696	0.039154	0.103861
Superscaffold7	25546418	25892904	0.152191	0.061109	0.035858	0.105545
Superscaffold7	25892918	26533833	0.268550	0.129059	0.068046	0.196986
Superscaffold7	26533843	26822323	0.127584	0.071655	0.035934	0.090957
Superscaffold7	26822330	27167700	0.072121	0.023230	0.015543	0.056674
Superscaffold7	27167715	27458914	0.039149	0.019598	0.011816	0.026201
Superscaffold7	27459024	27846072	0.002994	0.001245	0.000735	0.005417
Superscaffold7	27846111	28185498	0.222298	0.084530	0.047169	0.172070
Superscaffold7	28185538	28454429	-0.048692	-0.020752	-0.012220	-0.039752
Superscaffold7	28454464	28849432	0.056440	0.017161	0.010923	0.042158
Superscaffold7	28849517	29294500	0.174805	0.078135	0.039060	0.116510
Superscaffold7	29294592	29674016	-0.330376	-0.173461	-0.096429	-0.230688
Superscaffold7	29674025	30019700	0.196149	0.061043	0.036796	0.138483
Superscaffold7	30019869	30481976	0.055146	0.018721	0.012206	0.041242
Superscaffold7	30482121	30930310	0.068980	0.023914	0.013955	0.048934
Superscaffold7	30930336	31569570	0.179535	0.057061	0.036634	0.131403
Superscaffold7	31570008	31949863	0.031133	0.012167	0.007840	0.021925
Superscaffold7	31949873	32323259	0.227429	0.089954	0.046257	0.165195
Superscaffold7	32323337	32697906	-0.036078	-0.015897	-0.007967	-0.023258
Superscaffold7	32697922	33095881	0.259596	0.085525	0.051928	0.214927
Superscaffold7	33095927	33470785	-0.056689	-0.020334	-0.012292	-0.031549
Superscaffold7	33470944	33856275	0.106974	0.041120	0.030241	0.071292
Superscaffold7	33856304	34238370	0.052230	0.024136	0.013668	0.031365
Superscaffold7	34238371	34643324	0.028851	0.011828	0.007279	0.020332
Superscaffold7	34643468	34928027	0.084032	0.040533	0.023548	0.046939
Superscaffold7	34928231	35558730	-0.100803	-0.040290	-0.026000	-0.055303
Superscaffold7	35558739	35918099	0.260407	0.100637	0.059924	0.194012
Superscaffold7	35918244	36284381	0.227092	0.083997	0.053795	0.180196
Superscaffold7	36284383	36629982	0.083697	0.043587	0.025134	0.060919
Superscaffold7	36629986	37082409	0.152032	0.045862	0.030111	0.109808
Superscaffold7	37082461	37540359	0.174719	0.078859	0.042673	0.127772
Superscaffold7	37540390	37825782	0.380995	0.221145	0.117099	0.312441
Superscaffold7	37825937	38182840	0.734800	0.470366	0.273619	0.640473
Superscaffold7	38182888	38570882	0.294251	0.108087	0.067404	0.212279
Superscaffold7	38570980	38935554	0.177727	0.089109	0.054487	0.119844
Superscaffold7	38935727	39206353	-0.048242	-0.031226	-0.018772	-0.025983
Superscaffold7	39206358	39494234	0.260524	0.146966	0.082738	0.195133
Superscaffold7	39494447	39978228	0.112040	0.040788	0.026091	0.068456
Superscaffold7	39978273	40485716	0.200034	0.086059	0.050682	0.143977
Superscaffold7	40486100	40968715	0.337238	0.145871	0.081342	0.277288
Superscaffold7	40969041	41618102	-0.002823	-0.001307	-0.000765	-0.001257
Superscaffold7	41618188	41952220	0.166943	0.085465	0.052620	0.105906
Superscaffold7	41952223	42246236	0.084813	0.041523	0.026707	0.056625
Superscaffold7	42246273	42555950	0.176576	0.068392	0.046541	0.112543
Superscaffold7	42555965	43063023	0.028967	0.015718	0.008136	0.015186
Superscaffold7	43063027	43366669	-0.131146	-0.071173	-0.042059	-0.090570
Superscaffold7	43366765	43911815	0.102344	0.044539	0.026983	0.062056
Superscaffold7	43911955	44215042	-0.027261	-0.011556	-0.008519	-0.014751
Superscaffold7	44215256	44495016	0.078633	0.038988	0.026986	0.041493
Superscaffold7	44495128	44908332	-0.040678	-0.018236	-0.012537	-0.022184
Superscaffold7	44908405	45187667	-0.109847	-0.072834	-0.043099	-0.061535
Superscaffold7	45187671	45461612	0.173372	0.095795	0.068017	0.105787
Superscaffold7	45461621	45773209	0.018207	0.008210	0.005629	0.010552
Superscaffold7	45774547	46133944	-0.091643	-0.040399	-0.027435	-0.061487
Superscaffold7	46134063	46420886	0.055170	0.021994	0.015639	0.033946
Superscaffold7	46421210	46983223	0.096773	0.043862	0.027756	0.056698
Superscaffold7	46983257	47889437	-0.132272	-0.068490	-0.042023	-0.078778
Superscaffold7	47889477	48219778	0.068982	0.030220	0.017807	0.042925
Superscaffold7	48219799	48503153	-0.135896	-0.068480	-0.035826	-0.089063
Superscaffold7	48503176	48952750	0.147921	0.059821	0.031725	0.102172
Superscaffold7	48952768	49346437	-0.064893	-0.030491	-0.017002	-0.042555
Superscaffold8	269106	752023	-0.426470	-0.276919	-0.124509	-0.348273
Superscaffold8	752040	1034525	-0.062821	-0.038519	-0.022031	-0.036540
Superscaffold8	1034698	1353880	-0.042898	-0.027267	-0.014455	-0.023317
Superscaffold8	1353905	1818350	-0.619386	-0.621644	-0.266269	-0.465881
Superscaffold8	1818509	2233902	-0.087824	-0.037072	-0.023110	-0.058906
Superscaffold8	2234319	2469903	0.043312	0.031068	0.019524	0.024730
Superscaffold8	2469936	3017743	-0.250601	-0.124865	-0.075383	-0.159905
Superscaffold8	3017764	3649614	0.153436	0.082659	0.053088	0.108846
Superscaffold8	3649623	3961444	-0.024892	-0.010498	-0.006928	-0.014621
Superscaffold8	3963520	4258873	-0.022021	-0.012309	-0.006678	-0.013275
Superscaffold8	4262099	4667001	-0.007911	-0.003890	-0.002340	-0.003795
Superscaffold8	4667421	5082733	0.089641	0.053005	0.029749	0.049853
Superscaffold8	5082806	5434022	0.122457	0.078922	0.047506	0.062242
Superscaffold8	5434217	5886912	0.011103	0.006594	0.004097	0.004921
Superscaffold8	5886925	6222170	0.306596	0.159618	0.111084	0.173162
Superscaffold8	6222348	6701117	-0.033166	-0.019132	-0.012431	-0.018478
Superscaffold8	6701148	7020142	0.006008	0.003017	0.002082	0.002630
Superscaffold8	7020143	7258304	-0.064497	-0.041593	-0.024700	-0.043985
Superscaffold8	7258307	7727093	0.179157	0.085029	0.051861	0.125269
Superscaffold8	7727128	8036502	0.367919	0.167624	0.108677	0.272063
Superscaffold8	8036507	8779364	0.126520	0.058725	0.033032	0.077864
Superscaffold8	8779391	9131345	-0.012791	-0.005868	-0.003258	-0.007686
Superscaffold8	9131348	9475872	0.065752	0.028134	0.015326	0.041450
Superscaffold8	9475960	10159515	0.026755	0.012575	0.007875	-0.003671
Superscaffold8	10159520	10542490	-0.037604	-0.015986	-0.007988	-0.026388
Superscaffold8	10542518	10859159	-0.217585	-0.122785	-0.070376	-0.137638
Superscaffold8	10859173	11105378	0.056284	0.036904	0.023827	0.033158
Superscaffold8	11106480	11380966	0.103938	0.060738	0.037550	0.067734
Superscaffold8	11381078	11818916	0.231657	0.083737	0.054546	0.147477
Superscaffold8	11819539	12229758	0.104024	0.033098	0.025253	0.061325
Superscaffold8	12229840	12577865	0.135865	0.061252	0.042524	0.090254
Superscaffold8	12577898	12846989	-0.028611	-0.019395	-0.011501	-0.019771
Superscaffold8	12846995	13399289	0.069376	0.027720	0.017121	0.046558
Superscaffold8	13399382	13777740	0.121493	0.040017	0.025845	0.070020
Superscaffold8	13777774	14127504	0.261098	0.090106	0.056424	0.191179
Superscaffold8	14127507	14446062	0.524919	0.204572	0.147044	0.370175
Superscaffold8	14446123	14809114	0.308311	0.170472	0.094811	0.225764
Superscaffold8	14809117	15159481	0.339756	0.216651	0.142806	0.270148
Superscaffold8	15159678	15541068	-0.045046	-0.015721	-0.008005	-0.018765
Superscaffold8	15541128	15830461	0.143151	0.088333	0.054825	0.080456
Superscaffold8	15830535	16364174	-0.152256	-0.067667	-0.045314	-0.104853
Superscaffold8	16364357	16771614	0.098405	0.038222	0.021771	0.080795
Superscaffold8	16771619	17096208	-0.160223	-0.050591	-0.036519	-0.115553
Superscaffold8	17097552	17322851	0.164544	0.121580	0.053707	0.062357
Superscaffold8	17323189	17802575	0.109987	0.046845	0.029533	0.063426
Superscaffold8	17802648	18087386	-0.016118	-0.006312	-0.004145	-0.007661
Superscaffold8	18087394	18368185	0.288808	0.152565	0.099528	0.152428
Superscaffold8	18368238	18720267	0.211869	0.091768	0.058352	0.139801
Superscaffold8	18720349	19072662	-0.003559	-0.001332	-0.000780	-0.006133
Superscaffold8	19072664	19376666	-0.153216	-0.057393	-0.040562	-0.100823
Superscaffold8	19376841	19677490	-0.000190	-0.000112	-0.000060	-0.000843
Superscaffold8	19677632	20052308	-0.169076	-0.090622	-0.052636	-0.105222
Superscaffold8	20052440	20284379	-0.148007	-0.074909	-0.039369	-0.102740
Superscaffold8	20284410	20635826	0.206132	0.075065	0.050509	0.137260
Superscaffold8	20636217	20836850	0.254786	0.118016	0.066640	0.149413
Superscaffold8	20836867	21388469	0.307963	0.072507	0.047680	0.225499
Superscaffold8	21388487	21621617	0.617374	0.382021	0.226582	0.555282
Superscaffold8	21621665	21878163	0.634073	0.254083	0.156624	0.578141
Superscaffold8	21878165	22249477	0.065588	0.016481	0.010060	0.054604
Superscaffold8	22249482	22599322	0.443194	0.173696	0.086046	0.361421
Superscaffold8	22599325	22919657	0.200319	0.055023	0.035030	0.155776
Superscaffold8	22919761	23396495	0.421371	0.132092	0.075141	0.380138
Superscaffold8	23397318	23712735	0.737265	0.352671	0.195713	0.667832
Superscaffold8	23712761	24449682	0.553305	0.168955	0.109011	0.474641
Superscaffold8	24449746	24886158	0.249019	0.051623	0.037342	0.178430
Superscaffold8	24886241	25351718	0.127993	0.033259	0.020012	0.097708
Superscaffold8	25351780	25999615	0.115268	0.040323	0.024265	0.096855
Superscaffold8	25999682	26397368	0.092883	0.029715	0.017956	0.074886
Superscaffold8	26397625	26940108	0.468353	0.150340	0.102984	0.369972
Superscaffold8	26940283	27274575	0.183730	0.074373	0.039795	0.135073
Superscaffold8	27274599	27686058	-0.084157	-0.031133	-0.019452	-0.063371
Superscaffold8	27686076	28090320	0.118851	0.031834	0.020056	0.090364
Superscaffold8	28090364	28610077	0.372644	0.125740	0.073426	0.313858
Superscaffold8	28610082	29277808	0.084449	0.022722	0.013348	0.060016
Superscaffold8	29277897	29614508	0.068337	0.027038	0.017035	0.043518
Superscaffold8	29614567	29848286	0.275873	0.171228	0.102313	0.216426
Superscaffold8	29848331	30154654	-0.006313	-0.001927	-0.001268	-0.002485
Superscaffold8	30154691	30478664	0.600985	0.205825	0.137766	0.531826
Superscaffold8	30478728	30760560	0.634826	0.254784	0.154790	0.514240
Superscaffold8	30760574	30987570	-0.325715	-0.226768	-0.117320	-0.235297
Superscaffold8	30987603	31531360	0.124860	0.034908	0.019641	0.081792
Superscaffold8	31531414	31862136	0.138189	0.054636	0.032292	0.092059
Superscaffold8	31862154	32304090	0.186091	0.078511	0.047042	0.125407
Superscaffold8	32304101	32729577	0.150341	0.068398	0.045384	0.109901
Superscaffold8	32729593	33429994	0.128511	0.073564	0.031871	0.074652
Superscaffold8	33430294	33784205	-0.192359	-0.052239	-0.036704	-0.133792
Superscaffold8	33784252	34158675	0.132023	0.042713	0.025017	0.086407
Superscaffold8	34158697	34465726	0.009560	0.004466	0.002844	0.005202
Superscaffold8	34465751	34771275	0.130071	0.061714	0.034845	0.089263
Superscaffold8	34771294	35187855	0.199646	0.070598	0.042276	0.143328
Superscaffold8	35187970	35562019	0.120298	0.047577	0.028955	0.084512
Superscaffold8	35562114	36036446	0.063123	0.027614	0.015044	0.043361
Superscaffold8	36036535	36528714	0.081043	0.031512	0.022169	0.052513
Superscaffold8	36528818	36997746	-0.097085	-0.023510	-0.016526	-0.062389
Superscaffold8	36997753	37705301	-0.008714	-0.002793	-0.001897	-0.004071
Superscaffold8	37705314	38130211	0.129404	0.053003	0.034413	0.085861
Superscaffold8	38130267	38508195	-0.030328	-0.010647	-0.007598	-0.023749
Superscaffold8	38508229	38868152	-0.085816	-0.040057	-0.026670	-0.062608
Superscaffold8	38868158	39175983	0.209547	0.120140	0.075547	0.130944
Superscaffold8	39176007	39776863	0.053867	0.026132	0.016295	0.034989
Superscaffold8	39776890	40197443	0.008593	0.003578	0.002163	0.005366
Superscaffold8	40197446	40598280	0.143184	0.045517	0.030270	0.098231
Superscaffold8	40598300	40986896	-0.006845	-0.003463	-0.001962	-0.007781
Superscaffold8	40986918	41323668	0.175004	0.103981	0.063021	0.100141
Superscaffold8	41323719	41640482	0.298771	0.138470	0.083286	0.192370
Superscaffold8	41640652	42435463	-0.006356	-0.002590	-0.001584	-0.001656
Superscaffold8	42435559	43230231	-0.028394	-0.012330	-0.007289	-0.018871
Superscaffold8	43230625	43774628	0.059880	0.021411	0.013852	0.043074
Superscaffold8	43774644	44307492	-0.249078	-0.088333	-0.054611	-0.168236
Superscaffold8	44307641	44800562	0.195719	0.080744	0.047606	0.127365
Superscaffold8	44800609	45504296	0.287697	0.089717	0.054892	0.219347
Superscaffold8	45504333	46083314	0.188130	0.038278	0.025824	0.149180
Superscaffold8	46083380	46534792	0.545701	0.183870	0.121534	0.468259
Superscaffold8	46534839	47214038	0.299796	0.107113	0.062176	0.234258
Superscaffold8	47214418	47850398	0.007130	0.002759	0.001611	0.005854
Superscaffold8	47850438	48278635	0.531047	0.213892	0.114425	0.436968
Superscaffold8	48280050	48847063	0.296409	0.077547	0.050402	0.208147
Superscaffold8	48847085	49225573	0.214631	0.074329	0.045563	0.169161
Superscaffold8	49225692	49577495	0.434840	0.194368	0.105866	0.302568
Superscaffold8	49577523	50125067	0.106759	0.039615	0.023444	0.069544
Superscaffold8	50125091	50731700	-0.089282	-0.019809	-0.012640	-0.059599
Superscaffold8	50731729	51186382	0.028103	0.011839	0.006945	0.020240
Superscaffold8	51186461	51527754	0.069460	0.027250	0.015822	0.052446
Superscaffold8	51527971	51866751	0.186426	0.065864	0.039437	0.139631
Superscaffold8	51867075	52281438	0.282597	0.102482	0.061165	0.223824
Superscaffold8	52281458	52762916	-0.076356	-0.028877	-0.018191	-0.050085
Superscaffold8	52762966	53514094	0.086678	0.027409	0.018478	0.056149
Superscaffold8	53514179	53817992	0.202267	0.106444	0.064576	0.117126
Superscaffold8	53818181	54291511	0.239450	0.108522	0.050703	0.158106
Superscaffold8	54291692	54660388	0.123362	0.062577	0.036062	0.088703
Superscaffold8	54660468	55110161	0.092817	0.031265	0.020522	0.066665
Superscaffold8	55110244	55705170	0.163924	0.045615	0.028846	0.120647
Superscaffold8	55705173	56181242	0.149640	0.050967	0.031819	0.102293
Superscaffold8	56181402	56542184	0.019050	0.011750	0.006101	0.013895
Superscaffold8	56542195	57303822	0.174463	0.078105	0.044076	0.125541
Superscaffold8	57303937	57778173	0.256602	0.091886	0.055428	0.184585
Superscaffold8	57778296	58327245	-0.048225	-0.019521	-0.012198	-0.035007
Superscaffold8	58327247	58940536	0.151431	0.069243	0.041887	0.097899
Superscaffold8	58940592	59308922	0.071001	0.026506	0.015830	0.050727
Superscaffold8	59308958	59675232	0.210904	0.091915	0.052929	0.144852
Superscaffold8	59675239	60059429	0.059599	0.033821	0.015516	0.040836
Superscaffold8	60059554	60574001	0.091481	0.043829	0.025851	0.061171
Superscaffold8	60574030	60943205	-0.023258	-0.013519	-0.007957	-0.016571
Superscaffold8	60943241	61433199	0.003911	0.001566	0.000967	0.002198
Superscaffold8	61433278	61877287	0.344071	0.143263	0.100720	0.239864
Superscaffold8	61877316	62231909	0.137845	0.070522	0.042227	0.093301
Superscaffold8	62231934	62576592	0.183822	0.080735	0.050543	0.112277
Superscaffold8	62576626	62933244	-0.012832	-0.005684	-0.003154	-0.005490
Superscaffold8	62933258	63215338	-0.307532	-0.190721	-0.109760	-0.195890
Superscaffold8	63229870	63771612	0.048341	0.017471	0.011460	0.030227
Superscaffold8	63771679	64265678	0.056230	0.016780	0.010070	0.041065
Superscaffold8	64265694	65029169	0.014806	0.005649	0.003269	0.005413
Superscaffold8	65029203	65495098	0.031519	0.011165	0.006357	0.021692
Superscaffold8	65495591	66162726	0.307222	0.107466	0.066510	0.213194
Superscaffold9	125039	401322	-0.036371	-0.020054	-0.012587	-0.017967
Superscaffold9	401440	830478	-0.006296	-0.004092	-0.002406	-0.001843
Superscaffold9	830537	1133609	0.023621	0.017113	0.010146	0.016745
Superscaffold9	1133651	1350783	0.048598	0.045574	0.027242	0.020824
Superscaffold9	1350820	1542400	0.078210	0.064104	0.037989	0.046813
Superscaffold9	1542418	2072601	0.104580	0.075733	0.047103	0.058165
Superscaffold9	2072719	2269902	0.065570	0.059649	0.036389	0.034712
Superscaffold9	2269920	2471947	-0.054924	-0.052212	-0.028981	-0.029818
Superscaffold9	2471958	2802976	-0.039314	-0.027863	-0.016206	-0.018362
Superscaffold9	2803052	3152867	-0.074739	-0.058506	-0.032467	-0.039474
Superscaffold9	3152868	3513530	-0.041615	-0.029437	-0.017084	-0.016096
Superscaffold9	3513540	4283452	0.126776	0.088428	0.050338	0.081895
Superscaffold9	4283863	4682197	-0.028327	-0.017540	-0.010938	-0.013785
Superscaffold9	4682207	5034418	-0.124282	-0.077043	-0.044727	-0.094009
Superscaffold9	5034482	5334465	-0.018752	-0.012120	-0.006582	-0.016547
Superscaffold9	5334470	5671423	0.015166	0.005919	0.003845	0.007017
Superscaffold9	5671472	6053634	0.047036	0.018742	0.012030	0.024817
Superscaffold9	6053694	6562552	0.171230	0.064295	0.043402	0.097737
Superscaffold9	6562561	7008888	0.347887	0.129284	0.085797	0.254361
Superscaffold9	7008919	7476731	0.326056	0.113435	0.071961	0.259291
Superscaffold9	7476812	7880022	0.155321	0.069090	0.038614	0.083948
Superscaffold9	7880031	8275242	0.178036	0.074163	0.044231	0.120548
Superscaffold9	8276062	8531157	0.157046	0.074330	0.046484	0.102088
Superscaffold9	8531167	9054498	0.005768	0.003172	0.001947	0.010754
Superscaffold9	9054541	9593191	0.069171	0.027360	0.019122	0.043241
Superscaffold9	9593489	10148129	0.024399	0.006134	0.004118	0.015468
Superscaffold9	10148210	11003281	0.004004	0.001540	0.000983	0.007480
Superscaffold9	11004016	11277390	-0.039136	-0.021873	-0.012884	-0.021955
Superscaffold9	11277395	11947754	-0.006737	-0.002750	-0.001758	-0.009861
Superscaffold9	11948062	12322065	-0.167168	-0.073033	-0.046128	-0.108159
Superscaffold9	12322095	12703659	0.071060	0.028473	0.017369	0.050550
Superscaffold9	12703660	13049066	0.473864	0.228374	0.131977	0.373879
Superscaffold9	13049112	13993465	0.168502	0.092528	0.047128	0.109092
Superscaffold9	13993513	14299894	0.126050	0.080038	0.051589	0.068274
Superscaffold9	14299933	14700938	-0.106728	-0.032101	-0.022048	-0.058996
Superscaffold9	14701061	15223149	0.177860	0.063036	0.038367	0.117862
Superscaffold9	15225404	15643959	-0.134176	-0.060877	-0.039011	-0.093319
Superscaffold9	15643972	16034699	0.018148	0.006713	0.004203	0.012060
Superscaffold9	16034765	16351423	0.027268	0.008440	0.005393	0.019105
Superscaffold9	16351440	16700858	-0.180125	-0.060305	-0.030967	-0.146486
Superscaffold9	16701020	17073529	0.187877	0.057366	0.033761	0.126684
Superscaffold9	17073760	17467928	0.124944	0.038989	0.024633	0.092094
Superscaffold9	17468359	17797347	-0.058179	-0.023722	-0.012999	-0.034567
Superscaffold9	17797364	18136655	0.327994	0.134262	0.083189	0.226585
Superscaffold9	18136670	18822644	0.037436	0.017305	0.009311	0.023495
Superscaffold9	18823646	19886702	0.061541	0.022334	0.015018	0.045994
Superscaffold9	19886751	20490131	0.081200	0.034564	0.022168	0.053840
Superscaffold9	20490159	20787956	0.078870	0.025157	0.017171	0.046137
Superscaffold9	20788046	21197462	0.147346	0.047684	0.031398	0.117173
Superscaffold9	21197471	21446586	-0.207502	-0.086038	-0.056991	-0.132566
Superscaffold9	21446623	21791707	0.077648	0.031641	0.021108	0.047873
Superscaffold9	21791894	22221169	-0.251831	-0.083092	-0.052280	-0.155120
Superscaffold9	22223316	22747438	-0.035929	-0.017947	-0.009243	-0.023248
Superscaffold9	22747456	23268664	-0.428041	-0.150449	-0.086250	-0.334947
Superscaffold9	23268681	23665791	-0.125914	-0.052380	-0.028527	-0.076380
Superscaffold9	23665847	24007535	-0.310815	-0.135761	-0.080660	-0.207300
Superscaffold9	24007848	24311579	0.358091	0.156092	0.107232	0.235004
Superscaffold9	24311599	24713185	-0.048365	-0.021400	-0.013655	-0.026834
Superscaffold9	24713192	24991561	0.345424	0.213671	0.125195	0.246251
Superscaffold9	24991790	25392998	-0.025366	-0.011797	-0.006915	-0.015133
Superscaffold9	25393000	26073725	0.001624	0.000855	0.000517	-0.000202
Superscaffold9	26073734	26463886	0.052333	0.017949	0.010605	0.036623
Superscaffold9	26463889	27037167	0.154270	0.055566	0.038815	0.114125
Superscaffold9	27037170	27475418	-0.029046	-0.010435	-0.006712	-0.018691
Superscaffold9	27476283	28131997	0.183973	0.077261	0.043162	0.116301
Superscaffold9	28132009	28576461	0.015632	0.007147	0.004379	0.006001
Superscaffold9	28576525	28975498	0.026979	0.010308	0.006249	0.026917
Superscaffold9	28975729	29328135	0.169389	0.078114	0.050155	0.126366
Superscaffold9	29328331	29781524	0.146480	0.049850	0.031087	0.106384
Superscaffold9	29781548	30197893	0.054805	0.020180	0.013616	0.036280
Superscaffold9	30197909	30577305	0.048566	0.021016	0.011078	0.033195
Superscaffold9	30577320	30985098	0.073263	0.024848	0.013434	0.046654
Superscaffold9	30985160	31614477	0.152810	0.062222	0.038969	0.109120
Superscaffold9	31614717	31939033	0.461336	0.198590	0.139724	0.319078
Superscaffold9	31939059	32137486	0.107757	0.060810	0.037196	0.079783
Superscaffold9	32137731	32489010	-0.077960	-0.034049	-0.020365	-0.051028
Superscaffold9	32489065	32912888	-0.080256	-0.036900	-0.025071	-0.054777
Superscaffold9	32912897	33370777	0.034006	0.010402	0.006881	0.019187
Superscaffold9	33370786	33854752	0.277772	0.086761	0.060805	0.183371
Superscaffold9	33855355	34406763	0.129440	0.036889	0.025570	0.092828
Superscaffold9	34406891	34610067	-0.495879	-0.588412	-0.259845	-0.384506
Superscaffold9	34610072	34827556	-0.802512	-0.731717	-0.294586	-0.562545
Superscaffold9	34827619	35205763	-0.230109	-0.097290	-0.055919	-0.149584
Superscaffold9	35205816	35463984	0.517941	0.228797	0.131322	0.406177
Superscaffold9	35464004	36244614	0.250422	0.092106	0.059291	0.149031
Superscaffold9	36244621	36460360	0.017239	0.008070	0.005381	0.008760
Superscaffold9	36460362	36775767	0.067777	0.021965	0.014332	0.044598
Superscaffold9	36775806	37144654	-0.280458	-0.106210	-0.061531	-0.168679
Superscaffold9	37144769	37678257	-0.078909	-0.020021	-0.013229	-0.054810
Superscaffold9	37678261	38332407	0.020442	0.005010	0.003238	0.010529
Superscaffold9	38332429	38694662	-0.232170	-0.096845	-0.058563	-0.165723
Superscaffold9	38694760	38970441	-0.073685	-0.036711	-0.018129	-0.047328
Superscaffold9	38970501	39403306	0.279085	0.062465	0.041168	0.236465
Superscaffold9	39403424	39726313	0.266836	0.129065	0.070668	0.162085
Superscaffold9	39726333	40083824	0.048508	0.019872	0.012696	0.029521
Superscaffold9	40084035	40616177	0.037405	0.014131	0.008885	0.023822
Superscaffold9	40616399	41022201	-0.139101	-0.071666	-0.042305	-0.073174
Superscaffold9	41022207	41515277	0.146563	0.056186	0.030785	0.110898
Superscaffold9	41516192	42211316	0.093375	0.034177	0.022653	0.058149
Superscaffold9	42211382	42518801	0.192238	0.083190	0.051555	0.126757
Superscaffold9	42518925	42964117	0.018509	0.009808	0.006364	0.005787
Superscaffold9	42964124	43288513	0.184226	0.077824	0.052545	0.115327
Superscaffold9	43288843	43878553	0.002020	0.000709	0.000494	0.004702
Superscaffold9	43878568	44172266	0.044069	0.019785	0.014834	0.023806
Superscaffold9	44175551	44663900	-0.073805	-0.039523	-0.026670	-0.043795
Superscaffold9	44668254	44935433	0.093293	0.064316	0.044627	0.047811
Superscaffold9	44936203	45363756	-0.113105	-0.045689	-0.032730	-0.075037
Superscaffold9	45363902	45742036	0.083347	0.034519	0.020012	0.049490
Superscaffold9	45742157	46847906	0.250111	0.053245	0.040431	0.168582
Superscaffold9	46847953	47169973	-0.006348	-0.002996	-0.002041	-0.004976
Superscaffold9	47170054	47467418	0.334717	0.202910	0.149060	0.234512
Superscaffold9	47467464	48057460	0.079041	0.035516	0.023405	0.051808
Superscaffold9	48057576	48448205	0.064375	0.025046	0.016623	0.033828
Superscaffold9	48448246	48884424	0.084065	0.039652	0.026164	0.044337
Superscaffold9	48885976	49354139	0.022331	0.010966	0.006345	0.017358
Superscaffold9	49354203	49550560	-0.001278	-0.000597	-0.000412	0.002593
Superscaffold9	49550568	49785046	-0.141660	-0.083290	-0.054174	-0.074670
Superscaffold9	49785216	50410376	-0.017689	-0.009059	-0.005675	-0.007938
Superscaffold9	50410617	50738702	0.152838	0.062881	0.040226	0.090217
Superscaffold9	50738754	51013886	-0.175665	-0.110970	-0.053076	-0.087880
Superscaffold9	51013901	51275368	-0.166736	-0.109016	-0.058772	-0.089042
Superscaffold9	51275473	51643427	-0.018311	-0.006728	-0.004321	-0.019736
Superscaffold9	51643429	51991045	0.011059	0.005525	0.003509	0.004732
Superscaffold9	51991198	52244601	0.053227	0.025300	0.016135	0.027110
Superscaffold9	52244666	52553336	0.161384	0.111036	0.059108	0.103835
Superscaffold9	52553337	52787743	-0.084587	-0.047790	-0.027601	-0.042624
Superscaffold9	52787996	53025124	0.055293	0.036720	0.023046	0.031616
Superscaffold9	53025354	53266945	-0.046666	-0.028143	-0.016433	-0.025660
Superscaffold9	53267019	53531498	-0.100097	-0.064092	-0.040355	-0.057110
Superscaffold9	53531570	53750489	0.026328	0.021031	0.012178	0.013677
Superscaffold9	53750512	54082320	-0.076844	-0.038271	-0.023437	-0.043616
Superscaffold9	54082354	54596237	0.048568	0.022249	0.015577	0.019050
Superscaffold9	54596307	54889625	-0.059963	-0.033236	-0.020838	-0.039923
Superscaffold9	54889799	55138586	-0.003567	-0.002108	-0.001461	-0.001016
Superscaffold9	55138925	55979818	-0.027531	-0.015948	-0.010010	-0.013364
Superscaffold9	55979832	56276722	0.039037	0.016140	0.011019	0.019483
Superscaffold9	56276805	56561915	0.592099	0.330827	0.250456	0.459337
Superscaffold10	82972	446575	0.216988	0.092613	0.057667	0.147492
Superscaffold10	446631	856867	0.121158	0.050536	0.028234	0.081965
Superscaffold10	856882	1475684	0.032994	0.023333	0.014624	0.019158
Superscaffold10	1475685	1763015	-0.229610	-0.114532	-0.063040	-0.130693
Superscaffold10	1764142	2295483	0.043354	0.015960	0.009695	0.032592
Superscaffold10	2295510	2650323	0.074278	0.027993	0.015521	0.053649
Superscaffold10	2650689	3111657	-0.113635	-0.032969	-0.021716	-0.072831
Superscaffold10	3111675	3331100	0.113170	0.065175	0.039194	0.076377
Superscaffold10	3331111	3880538	-0.083107	-0.036715	-0.018277	-0.049326
Superscaffold10	3880553	5198910	0.179481	0.057167	0.036365	0.131842
Superscaffold10	5199350	5925938	-0.019593	-0.009875	-0.005629	-0.016294
Superscaffold10	5925941	6323561	0.269893	0.124129	0.079663	0.190708
Superscaffold10	6323653	6820996	0.042539	0.022534	0.012172	0.032650
Superscaffold10	6821174	7386693	-0.021293	-0.008958	-0.005768	-0.013208
Superscaffold10	7386759	7967254	0.132663	0.051549	0.034861	0.099463
Superscaffold10	7967268	8267091	0.262304	0.140949	0.075594	0.171798
Superscaffold10	8267134	8740751	0.044259	0.019644	0.011318	0.028312
Superscaffold10	8740805	9409369	0.122337	0.047229	0.027535	0.088076
Superscaffold10	9411416	9970447	0.130482	0.045563	0.027470	0.083626
Superscaffold10	9970792	10294611	-0.146610	-0.058668	-0.032367	-0.082807
Superscaffold10	10295261	10549974	0.208876	0.111010	0.072912	0.136171
Superscaffold10	10549979	11304774	0.066086	0.031143	0.018210	0.042383
Superscaffold10	11304828	11631371	0.333051	0.157190	0.086374	0.253912
Superscaffold10	11631381	11980075	0.237127	0.096843	0.056673	0.187103
Superscaffold10	11980996	12238313	0.080663	0.030005	0.020716	0.038823
Superscaffold10	12238343	12709860	0.289273	0.126279	0.082002	0.186818
Superscaffold10	12709890	13185095	0.177167	0.076179	0.047471	0.139302
Superscaffold10	13185098	13471234	-0.158610	-0.070465	-0.040136	-0.125196
Superscaffold10	13471303	13808300	0.119858	0.057625	0.035897	0.081662
Superscaffold10	13808817	14267868	0.110945	0.047855	0.030731	0.081497
Superscaffold10	14267893	14827912	0.450102	0.149545	0.093772	0.347248
Superscaffold10	14827949	15403545	-0.092735	-0.041033	-0.025432	-0.064002
Superscaffold10	15403563	15769710	0.116905	0.040480	0.026759	0.071108
Superscaffold10	15769938	16218872	0.116905	0.046427	0.028314	0.098380
Superscaffold10	16218891	16882872	0.213797	0.073157	0.045573	0.152696
Superscaffold10	16882878	17359779	0.283096	0.090945	0.049806	0.221699
Superscaffold10	17359860	17823667	-0.055200	-0.022132	-0.013530	-0.044708
Superscaffold10	17823672	18261950	-0.056533	-0.022624	-0.013699	-0.039293
Superscaffold10	18262014	18574025	0.055349	0.031059	0.015429	0.030126
Superscaffold10	18574115	18815503	-0.056085	-0.031633	-0.018217	-0.029444
Superscaffold10	18815510	19549718	0.153804	0.062887	0.035855	0.091459
Superscaffold10	19549734	19956789	0.162451	0.064484	0.038746	0.114885
Superscaffold10	19956961	20312516	-0.231747	-0.101994	-0.060648	-0.173597
Superscaffold10	20312545	20683356	-0.240357	-0.075616	-0.047287	-0.174697
Superscaffold10	20683363	21021711	0.165652	0.067127	0.041262	0.127813
Superscaffold10	21021726	21383056	0.361456	0.144278	0.085814	0.301190
Superscaffold10	21383488	21726986	0.000629	0.000221	0.000135	-0.001203
Superscaffold10	21727033	21980980	0.104232	0.070848	0.044754	0.065962
Superscaffold10	21981027	22359320	0.220857	0.076056	0.048793	0.155728
Superscaffold10	22359343	22725530	0.225377	0.081868	0.053222	0.157063
Superscaffold10	22725640	23097013	0.322876	0.110753	0.068922	0.265481
Superscaffold10	23097187	23491065	0.352774	0.111793	0.071319	0.293044
Superscaffold10	23491080	23828942	0.346996	0.121879	0.083741	0.272650
Superscaffold10	23829006	24368472	0.017105	0.005423	0.003594	0.008914
Superscaffold10	24368494	24782374	0.219200	0.069377	0.043515	0.163002
Superscaffold10	24782966	25152327	0.402803	0.145434	0.095876	0.341422
Superscaffold10	25152536	25425837	0.229385	0.153663	0.083946	0.159928
Superscaffold10	25425839	25694144	-0.071735	-0.064259	-0.041271	-0.051853
Superscaffold10	25694405	26030117	0.141807	0.040110	0.027244	0.097820
Superscaffold10	26030209	26253733	0.641762	0.332609	0.203546	0.496978
Superscaffold10	26253779	26465244	0.018850	0.008513	0.005785	0.011441
Superscaffold10	26465267	26869581	0.376065	0.130824	0.087868	0.287157
Superscaffold10	26870834	27313569	0.021779	0.009534	0.005777	0.017234
Superscaffold10	27313638	27650438	0.000435	0.000128	0.000075	0.001075
Superscaffold10	27650519	28068028	-0.079633	-0.028040	-0.016783	-0.054807
Superscaffold10	28068105	28580820	-0.052836	-0.020001	-0.012616	-0.036709
Superscaffold10	28580876	28936439	0.106669	0.042843	0.026096	0.066936
Superscaffold10	28936517	29392675	-0.134846	-0.058329	-0.032332	-0.095151
Superscaffold10	29393078	29681677	0.288898	0.135092	0.072770	0.209042
Superscaffold10	29681804	29946713	-0.305954	-0.154958	-0.096661	-0.234775
Superscaffold10	29946728	30387095	-0.009847	-0.003633	-0.001926	-0.004184
Superscaffold10	30387133	30733834	0.085445	0.028750	0.020147	0.070160
Superscaffold10	30734017	30977968	0.276510	0.147037	0.087453	0.231264
Superscaffold10	30978017	31245356	0.077116	0.032192	0.019764	0.056396
Superscaffold10	31245463	31526868	0.340471	0.152967	0.092709	0.246402
Superscaffold10	31526875	31820092	0.338197	0.136159	0.088829	0.240043
Superscaffold10	31820139	32068085	0.040773	0.024030	0.012034	0.021010
Superscaffold10	32068130	32612053	-0.230953	-0.099725	-0.051351	-0.151275
Superscaffold10	32612091	32976853	0.140277	0.063969	0.042522	0.093872
Superscaffold10	32977338	33416234	0.110551	0.034616	0.024766	0.077867
Superscaffold10	33416324	33970476	0.016976	0.002880	0.001972	0.006360
Superscaffold10	33971843	34653396	-0.021711	-0.004078	-0.002662	-0.024368
Superscaffold10	34653405	35266794	0.292700	0.072638	0.043864	0.199612
Superscaffold10	35266998	35604635	-0.021757	-0.009982	-0.004676	-0.018461
Superscaffold10	35604648	35991405	-0.136529	-0.036123	-0.020923	-0.092854
Superscaffold10	35991408	36329303	0.144430	0.061526	0.035330	0.094690
Superscaffold10	36329306	36710186	0.489655	0.209817	0.123249	0.395077
Superscaffold10	36711419	37114487	0.153163	0.044324	0.030902	0.110433
Superscaffold10	37114730	37428361	0.012407	0.005616	0.003001	0.009286
Superscaffold10	37428364	37705091	0.376226	0.218409	0.116690	0.254486
Superscaffold10	37705203	37996035	-0.107858	-0.045032	-0.028476	-0.065434
Superscaffold10	37996088	38249934	0.013975	0.007126	0.004276	0.010719
Superscaffold10	38249936	38442538	-0.143373	-0.067530	-0.042085	-0.086536
Superscaffold10	38442550	38726169	-0.265421	-0.140707	-0.080783	-0.177324
Superscaffold10	38726880	39843069	-0.110292	-0.038011	-0.024981	-0.064427
Superscaffold10	39843260	40463479	0.492093	0.181005	0.125301	0.385034
Superscaffold10	40463560	40767994	0.160449	0.053088	0.035505	0.109344
Superscaffold10	40768004	41100252	-0.202491	-0.093086	-0.056752	-0.130725
Superscaffold10	41100275	41384860	0.379192	0.170329	0.097123	0.336224
Superscaffold10	41385239	41668967	0.291466	0.123189	0.077319	0.195446
Superscaffold10	41668992	41882907	-0.086893	-0.073922	-0.037837	-0.043378
Superscaffold10	41883126	42264363	0.158527	0.078567	0.047102	0.071853
Superscaffold10	42264464	42475635	0.177432	0.096436	0.058762	0.089450
Superscaffold10	42475649	42955054	-0.119009	-0.054040	-0.028893	-0.067816
Superscaffold10	42955089	43476625	-0.031448	-0.010568	-0.006474	-0.030320
Superscaffold10	43476645	43843711	-0.040906	-0.017431	-0.009743	-0.026300
Superscaffold10	43844106	44411128	0.393243	0.176561	0.118254	0.240530
Superscaffold10	44411160	44950790	0.465269	0.204685	0.131776	0.334924
Superscaffold10	44952005	45216423	0.195510	0.093502	0.065983	0.093840
Superscaffold10	45216508	45607039	0.019492	0.008960	0.005240	0.013896
Superscaffold10	45607049	45860229	0.003673	0.001925	0.001314	0.002281
Superscaffold10	45860235	46093944	0.061204	0.032298	0.022123	0.035542
Superscaffold10	46093951	46429826	-0.063365	-0.036231	-0.022259	-0.031936
Superscaffold10	46429841	47435007	0.109197	0.055738	0.037655	0.058434
Superscaffold10	47436036	47633906	-0.050291	-0.043066	-0.025001	-0.027643
Superscaffold10	47633943	47821290	-0.068259	-0.053465	-0.029144	-0.031273
Superscaffold10	47821350	48025737	0.035527	0.026702	0.016240	0.014253
Superscaffold10	48025792	48321678	0.306802	0.152496	0.085885	0.129602
Superscaffold10	48321716	48641940	0.145434	0.103752	0.055279	0.076407
Superscaffold10	48641949	48997858	0.004975	0.003693	0.002164	0.000670
Superscaffold10	48997900	49296506	-0.065738	-0.049532	-0.023889	-0.032888
Superscaffold10	49296525	49686709	0.023725	0.020365	0.011173	0.009202
Superscaffold10	49686748	49962557	0.122630	0.075615	0.048578	0.077947
Superscaffold10	49962605	50166135	0.146351	0.063160	0.043507	0.077476
Superscaffold10	50166158	50749490	0.001036	0.000435	0.000270	-0.001578
Superscaffold10	50749510	51099998	0.007899	0.003884	0.002438	-0.000299
Superscaffold10	51100122	51470225	-0.029453	-0.020639	-0.011930	-0.013464
Superscaffold10	51470526	51889002	0.018772	0.009987	0.006596	0.009323
Superscaffold10	51889217	52057963	-0.022574	-0.022777	-0.013248	-0.013095
Superscaffold10	52058310	52262791	0.047481	0.047442	0.026310	0.023449
Superscaffold10	52263753	52547957	-0.018224	-0.011957	-0.006373	-0.009226
Superscaffold10	52547969	52741307	0.049022	0.035259	0.020557	0.021599
Superscaffold10	52741325	53027429	-0.044540	-0.035053	-0.021191	-0.024843
Superscaffold10	53027436	53257268	-0.062860	-0.055650	-0.032075	-0.032242
Superscaffold10	53257545	53520477	0.197157	0.130368	0.085590	0.103591
Superscaffold10	53520633	53719561	-0.009453	-0.007915	-0.004271	-0.003826
Superscaffold10	53719582	54029506	0.028330	0.028362	0.016018	0.014220
Superscaffold10	54029590	54814166	-0.053114	-0.025210	-0.013751	-0.026435
Superscaffold10	54814204	54993960	0.060013	0.045902	0.028488	0.036438
Superscaffold10	54994146	55265361	0.045428	0.034154	0.018944	0.022235
Superscaffold10	55265407	55452010	-0.225837	-0.159130	-0.098696	-0.135269
Superscaffold11	276566	601350	-0.003917	-0.001899	-0.001313	-0.001881
Superscaffold11	601375	964163	-0.012745	-0.004384	-0.002916	-0.008055
Superscaffold11	964189	1490640	0.073005	0.023882	0.015855	0.046435
Superscaffold11	1491350	2188528	-0.102907	-0.049881	-0.030483	-0.067440
Superscaffold11	2188651	3215644	-0.084986	-0.031937	-0.019721	-0.050251
Superscaffold11	3218707	3971713	-0.022920	-0.009801	-0.006421	-0.012848
Superscaffold11	3971831	4910487	0.008921	0.005482	0.003561	0.003330
Superscaffold11	4910514	5325536	0.064304	0.039368	0.022150	0.036662
Superscaffold11	5325559	5813526	-0.023694	-0.009429	-0.006536	-0.011885
Superscaffold11	5813528	6473489	0.149373	0.083282	0.051076	0.099165
Superscaffold11	6473697	7105285	0.010401	0.005866	0.003281	0.007812
Superscaffold11	7105379	7691673	0.015719	0.008427	0.005343	0.014855
Superscaffold11	7691697	8015475	-0.005772	-0.003986	-0.002415	-0.003027
Superscaffold11	8015722	8625807	0.005432	0.002725	0.001781	-0.000583
Superscaffold11	8626283	8971522	-0.062333	-0.041125	-0.023493	-0.034919
Superscaffold11	8971565	9341950	0.085838	0.037115	0.023727	0.060318
Superscaffold11	9341955	9628940	0.231495	0.126130	0.066344	0.142342
Superscaffold11	9629007	9938987	-0.035854	-0.019902	-0.011772	-0.014534
Superscaffold11	9939129	10190049	0.038044	0.024258	0.014510	0.022639
Superscaffold11	10190057	11156617	0.081127	0.031646	0.017102	0.054585
Superscaffold11	11156635	11470405	0.052062	0.024308	0.013170	0.031990
Superscaffold11	11470413	11997818	-0.131211	-0.048059	-0.031093	-0.077428
Superscaffold11	11997980	12654698	0.085742	0.030780	0.019034	0.055095
Superscaffold11	12655518	13017526	-0.038922	-0.014425	-0.008372	-0.035556
Superscaffold11	13018544	13331916	0.394088	0.194352	0.113038	0.287737
Superscaffold11	13331976	13634299	0.015883	0.005260	0.003690	0.012135
Superscaffold11	13634309	13908390	0.190177	0.092977	0.065590	0.134943
Superscaffold11	13908431	14537693	-0.028883	-0.013306	-0.008601	-0.016826
Superscaffold11	14537731	14754051	0.120621	0.075070	0.049755	0.070137
Superscaffold11	14754070	15140615	0.024665	0.013764	0.009628	0.012782
Superscaffold11	15140714	15660642	-0.036798	-0.021496	-0.011240	-0.022913
Superscaffold11	15660655	16331805	0.127788	0.053375	0.031934	0.095227
Superscaffold11	16333615	16742955	-0.167667	-0.087976	-0.051631	-0.107657
Superscaffold11	16743011	17067997	0.170373	0.073029	0.043012	0.097960
Superscaffold11	17068048	17870775	-0.079587	-0.031276	-0.020591	-0.048192
Superscaffold11	17870782	18278469	0.245097	0.143055	0.097710	0.123679
Superscaffold11	18278769	18840080	0.082166	0.051348	0.029258	0.048571
Superscaffold11	18840081	19319457	0.125011	0.052506	0.036128	0.072092
Superscaffold11	19319468	19713178	0.060875	0.033350	0.018848	0.035453
Superscaffold11	19713229	20124349	-0.126116	-0.061270	-0.036197	-0.073093
Superscaffold11	20125305	20612793	-0.016416	-0.011619	-0.005821	-0.003092
Superscaffold11	20612973	20885263	0.029263	0.021320	0.009749	0.017607
Superscaffold11	20885344	21179486	0.078117	0.041051	0.026120	0.046267
Superscaffold11	21179525	21667001	0.059283	0.020456	0.012940	0.047057
Superscaffold11	21667074	21967979	-0.001526	-0.000572	-0.000393	-0.001396
Superscaffold11	21968072	22321722	-0.040341	-0.015476	-0.010306	-0.028715
Superscaffold11	22322807	22598114	0.151122	0.075169	0.048305	0.111106
Superscaffold11	22598116	22831114	-0.101229	-0.043136	-0.027788	-0.058564
Superscaffold11	22831546	23298251	0.184857	0.073130	0.046391	0.114986
Superscaffold11	23298503	23769426	0.014810	0.005672	0.003365	0.009446
Superscaffold11	23769432	24156283	0.192569	0.060562	0.039447	0.149085
Superscaffold11	24156294	24382540	0.262213	0.133108	0.093967	0.148313
Superscaffold11	24382559	24837704	0.219323	0.087520	0.050085	0.141737
Superscaffold11	24837730	25421461	-0.113480	-0.034748	-0.018322	-0.065276
Superscaffold11	25421478	25660383	-0.088117	-0.053802	-0.026686	-0.060171
Superscaffold11	25660626	26020355	-0.051769	-0.017261	-0.012025	-0.033439
Superscaffold11	26020543	26458489	0.139805	0.056108	0.035791	0.095631
Superscaffold11	26458691	26885325	0.285006	0.100531	0.059157	0.226141
Superscaffold11	26885369	27482387	0.392118	0.133794	0.088180	0.283169
Superscaffold11	27482422	27932664	0.167111	0.045852	0.031133	0.104372
Superscaffold11	27932686	28259104	0.061142	0.023349	0.012924	0.045265
Superscaffold11	28259212	28623040	-0.033564	-0.011868	-0.007375	-0.019942
Superscaffold11	28623045	28972088	0.239413	0.129211	0.086640	0.171256
Superscaffold11	28972142	29143155	-0.038684	-0.023938	-0.014514	-0.021977
Superscaffold11	29143222	29866538	0.209545	0.105153	0.065542	0.149585
Superscaffold11	29866543	30426171	0.203634	0.098071	0.054514	0.121361
Superscaffold11	30426207	30792436	0.057427	0.020998	0.012744	0.034102
Superscaffold11	30793323	31129133	-0.163829	-0.106487	-0.060957	-0.113843
Superscaffold11	31129192	31534518	0.015061	0.006888	0.004785	0.009258
Superscaffold11	31535452	31847278	-0.068280	-0.039196	-0.022314	-0.044667
Superscaffold11	31847292	32244545	0.249059	0.111228	0.067536	0.190878
Superscaffold11	32244594	32561686	0.279786	0.175831	0.085882	0.219954
Superscaffold11	32561748	32940517	0.105327	0.057398	0.033456	0.076919
Superscaffold11	32940552	33502649	0.322270	0.085804	0.056408	0.272888
Superscaffold11	33502704	33988040	-0.040857	-0.014219	-0.008464	-0.032723
Superscaffold11	33988474	34304886	-0.791741	-0.578436	-0.300374	-0.705674
Superscaffold11	34304890	34988076	-0.448016	-0.162352	-0.099275	-0.369070
Superscaffold11	34988754	35402416	0.254264	0.102540	0.055927	0.158808
Superscaffold11	35402438	35651909	0.299922	0.131965	0.079616	0.172795
Superscaffold11	35651926	35937804	-0.100900	-0.070887	-0.039257	-0.051151
Superscaffold11	35937868	36238919	0.145775	0.061097	0.035840	0.078127
Superscaffold11	36238992	36495875	0.199774	0.132246	0.078206	0.112205
Superscaffold11	36495900	36815533	0.116531	0.062748	0.033741	0.070517
Superscaffold11	36815724	37095291	0.059262	0.041884	0.022328	0.029664
Superscaffold11	37095319	37543544	0.053517	0.025629	0.014612	0.030916
Superscaffold11	37543562	38353049	0.072787	0.024281	0.016781	0.046648
Superscaffold11	38353223	39009696	0.017886	0.006796	0.004329	0.012240
Superscaffold11	39009698	39336799	0.094429	0.050407	0.032262	0.059769
Superscaffold11	39336812	39942445	0.042365	0.027972	0.016310	0.021276
Superscaffold11	39942487	40183898	0.572901	0.355660	0.228420	0.462186
Superscaffold11	40183914	40666803	0.209265	0.064759	0.041425	0.164451
Superscaffold11	40666832	41149269	0.521449	0.196345	0.126243	0.354103
Superscaffold11	41149311	41602968	0.050356	0.019039	0.010976	0.034524
Superscaffold11	41602969	41829050	0.153449	0.103324	0.050691	0.083727
Superscaffold11	41829051	42052845	0.215154	0.111783	0.067429	0.131131
Superscaffold11	42053034	42410662	0.156366	0.087792	0.054416	0.092843
Superscaffold11	42410711	42729663	-0.082744	-0.047089	-0.025155	-0.053762
Superscaffold11	42729814	43066104	-0.038790	-0.020676	-0.012063	-0.019204
Superscaffold11	43066150	43990855	-0.021563	-0.009232	-0.005640	-0.010597
Superscaffold11	43990876	44349307	-0.047463	-0.027118	-0.016467	-0.027486
Superscaffold11	44349346	44646596	0.106904	0.060486	0.037864	0.053889
Superscaffold11	44646615	44935246	0.171054	0.103220	0.058030	0.098757
Superscaffold11	44935274	45196483	0.080935	0.043229	0.025117	0.046888
Superscaffold11	45196484	45452775	0.310778	0.140011	0.092566	0.181541
Superscaffold11	45453007	46133668	0.195775	0.064911	0.041084	0.122855
Superscaffold11	46133728	46634761	0.028721	0.010309	0.005855	0.017437
Superscaffold11	46634846	47235178	0.018687	0.008304	0.005005	0.015710
Superscaffold11	47235334	47663214	-0.044580	-0.020418	-0.011869	-0.030177
Superscaffold11	47663509	47993604	0.193712	0.092940	0.053254	0.137940
Superscaffold11	47993605	48341670	0.206980	0.087967	0.055656	0.149430
Superscaffold11	48343714	48809807	0.188312	0.085978	0.048973	0.127562
Superscaffold11	48809808	49785805	0.025227	0.009138	0.005765	0.014651
Superscaffold11	49786074	50724488	-0.013502	-0.005304	-0.003422	-0.005042
Superscaffold11	50726085	51277767	0.215487	0.107235	0.059125	0.136606
Superscaffold11	51277797	51622480	0.105476	0.062791	0.037089	0.063362
Superscaffold11	51622597	52195979	0.268615	0.096987	0.049798	0.178777
Superscaffold11	52196098	52473066	0.245962	0.148370	0.095799	0.167046
Superscaffold11	52473071	52830403	0.066544	0.030101	0.018906	0.044346
Superscaffold11	52830882	53191988	0.057400	0.028501	0.018397	0.039977
Superscaffold11	53192116	53878960	-0.029048	-0.012966	-0.008461	-0.018929
Superscaffold11	53879108	54237803	-0.297165	-0.144859	-0.098391	-0.203648
Superscaffold11	54237921	54759672	-0.011491	-0.006313	-0.003821	-0.001576
Superscaffold11	54759710	55134382	0.118058	0.056350	0.034830	0.063442
Superscaffold11	55134406	55524471	0.232499	0.069529	0.043271	0.164030
Superscaffold11	55524820	55979834	0.251315	0.090928	0.058399	0.179753
Superscaffold11	55979839	56398630	0.072712	0.029623	0.016941	0.044773
Superscaffold11	56398634	56804603	0.174609	0.097865	0.057217	0.113371
Superscaffold11	56804630	57188900	-0.023878	-0.011732	-0.006643	-0.015214
Superscaffold11	57189018	57585928	-0.084742	-0.031280	-0.018940	-0.054822
Superscaffold11	57585973	58049084	-0.006814	-0.003545	-0.001970	-0.001482
Superscaffold11	58049126	58508464	-0.151573	-0.083187	-0.039014	-0.088117
Superscaffold11	58508465	58899873	0.020734	0.009709	0.005453	0.017757
Superscaffold12	114036	642286	-0.063630	-0.017518	-0.011157	-0.037310
Superscaffold12	643139	1319230	0.061984	0.023340	0.013414	0.043768
Superscaffold12	1322058	1934976	-0.221309	-0.093375	-0.055584	-0.125186
Superscaffold12	1935001	2245623	0.128582	0.048135	0.027378	0.077349
Superscaffold12	2245654	2554558	0.359195	0.185250	0.105926	0.304018
Superscaffold12	2554560	2909139	0.180776	0.063820	0.035692	0.142983
Superscaffold12	2909147	3260973	-0.040121	-0.015310	-0.008964	-0.025637
Superscaffold12	3261010	3646943	0.365778	0.131123	0.078858	0.302425
Superscaffold12	3646970	4136733	0.276028	0.102630	0.055369	0.227806
Superscaffold12	4136799	4597123	0.445697	0.143799	0.083237	0.361658
Superscaffold12	4598632	5163694	0.129675	0.036174	0.022437	0.090926
Superscaffold12	5163723	5664051	0.057975	0.016334	0.011053	0.037262
Superscaffold12	5664142	5903564	0.029573	0.019458	0.011205	0.013602
Superscaffold12	5903565	6310970	0.065028	0.027431	0.017071	0.027026
Superscaffold12	6311059	6758831	0.004799	0.001958	0.001243	0.001074
Superscaffold12	6758852	7042322	-0.031311	-0.019008	-0.011605	-0.015103
Superscaffold12	7042339	7381304	-0.104451	-0.057191	-0.031512	-0.065795
Superscaffold12	7381335	7735523	0.038126	0.013547	0.007953	0.025586
Superscaffold12	7736596	8173790	0.238841	0.112582	0.056453	0.158616
Superscaffold12	8173976	8382369	0.082380	0.047149	0.025921	0.051396
Superscaffold12	8382372	8788961	-0.307924	-0.245964	-0.096158	-0.203320
Superscaffold12	8788964	9091993	-0.221516	-0.109647	-0.062194	-0.152481
Superscaffold12	9092807	9475329	0.008403	0.002592	0.001566	0.008379
Superscaffold12	9475426	9851138	0.400785	0.179999	0.100661	0.297864
Superscaffold12	9851212	10191009	0.203486	0.076881	0.047834	0.170643
Superscaffold12	10191097	10614546	0.035796	0.009341	0.005615	0.023683
Superscaffold12	10614562	11134262	0.348219	0.094825	0.058571	0.285932
Superscaffold12	11134308	11513104	0.221509	0.087214	0.049300	0.161101
Superscaffold12	11513110	12110657	-0.140101	-0.048047	-0.030436	-0.090235
Superscaffold12	12110780	13152695	0.118756	0.040041	0.024700	0.074969
Superscaffold12	13152744	13705055	-0.246984	-0.101655	-0.050903	-0.196126
Superscaffold12	13705335	14173461	0.013158	0.004099	0.002391	0.007183
Superscaffold12	14173555	14674423	0.160138	0.041926	0.025210	0.119695
Superscaffold12	14674424	15128120	0.120584	0.042950	0.025116	0.085209
Superscaffold12	15128180	15644097	0.300756	0.080632	0.045632	0.247684
Superscaffold12	15644177	16002852	0.167192	0.064556	0.028008	0.138615
Superscaffold12	16002920	16457891	0.701358	0.380094	0.196101	0.584366
Superscaffold12	16457916	17541857	0.075737	0.007442	0.004722	0.057356
Superscaffold12	17542574	18112631	0.416577	0.103902	0.066064	0.361342
Superscaffold12	18112704	19070161	-0.078277	-0.015991	-0.009889	-0.055023
Superscaffold12	19070263	19559517	0.350337	0.095375	0.055514	0.270415
Superscaffold12	19559535	19958135	0.319291	0.109815	0.062367	0.236894
Superscaffold12	19958195	20289953	0.273094	0.104886	0.058769	0.220367
Superscaffold12	20289955	20663517	0.157381	0.062494	0.035185	0.130233
Superscaffold12	20663705	21181086	0.274483	0.086308	0.051357	0.216942
Superscaffold12	21181310	21738820	-0.065784	-0.022149	-0.014374	-0.043813
Superscaffold12	21738893	22237480	-0.127247	-0.078754	-0.037682	-0.072587
Superscaffold12	22237495	22826261	0.058127	0.023950	0.012784	0.034450
Superscaffold12	22826405	23427399	-0.087513	-0.028168	-0.017149	-0.061621
Superscaffold12	23427408	23795962	0.229526	0.079319	0.046154	0.164055
Superscaffold12	23796000	24310661	0.155217	0.055163	0.034542	0.130854
Superscaffold12	24310703	24788434	0.261085	0.067216	0.041343	0.194926
Superscaffold12	24788496	25197793	0.287009	0.103366	0.066105	0.215387
Superscaffold12	25197875	25673917	0.125635	0.042231	0.025396	0.084124
Superscaffold12	25673965	26035724	0.107667	0.046779	0.027058	0.060393
Superscaffold12	26035729	26413178	0.214453	0.073653	0.045586	0.166269
Superscaffold12	26413251	27375678	0.006696	0.002657	0.001664	0.005679
Superscaffold12	27375811	27854815	0.074283	0.022072	0.014480	0.055814
Superscaffold12	27855025	28319762	0.082422	0.035914	0.019957	0.053473
Superscaffold12	28319764	28765024	0.131200	0.050265	0.028624	0.085017
Superscaffold12	28765059	29243461	0.031699	0.009248	0.006367	0.022177
Superscaffold12	29243756	29618051	-0.061088	-0.023748	-0.013449	-0.038408
Superscaffold12	29618284	30066775	-0.045591	-0.017245	-0.009716	-0.037745
Superscaffold12	30066796	30394791	-0.345373	-0.124633	-0.073373	-0.271004
Superscaffold12	30394832	30746262	0.154660	0.058593	0.033561	0.102134
Superscaffold12	30746322	31495298	0.274267	0.084977	0.051227	0.224221
Superscaffold12	31495312	32184968	0.337807	0.157921	0.096309	0.241036
Superscaffold12	32184972	32410382	-0.079637	-0.048394	-0.026744	-0.053754
Superscaffold12	32410420	32915971	0.087694	0.025129	0.015684	0.063816
Superscaffold12	32916010	33308215	0.027028	0.009837	0.006449	0.016487
Superscaffold12	33308246	33847906	0.101496	0.033072	0.019483	0.079386
Superscaffold12	33848230	34370998	0.029187	0.009088	0.005599	0.019183
Superscaffold12	34371686	34738341	0.120128	0.045120	0.024326	0.085672
Superscaffold12	34738439	35110443	0.372613	0.139861	0.084723	0.282583
Superscaffold12	35110461	35455562	0.011593	0.005293	0.002661	0.013317
Superscaffold12	35455563	35959710	-0.072372	-0.026814	-0.016201	-0.046610
Superscaffold12	35959729	36316526	-0.023853	-0.009099	-0.004976	-0.015118
Superscaffold12	36316527	36641635	0.069759	0.028522	0.016738	0.060959
Superscaffold12	36641806	37019963	0.111934	0.038655	0.024948	0.078673
Superscaffold12	37019975	37802373	0.073442	0.022687	0.013879	0.050222
Superscaffold12	37802377	38259252	-0.039116	-0.014802	-0.009445	-0.022394
Superscaffold12	38259258	38558735	0.262657	0.113832	0.073875	0.201091
Superscaffold12	38558881	39157112	0.045024	0.014737	0.008906	0.032286
Superscaffold12	39157190	39545702	0.381888	0.159377	0.100301	0.267653
Superscaffold12	39545726	39891068	0.204845	0.088480	0.056008	0.166635
Superscaffold12	39891295	40275768	-0.183361	-0.072350	-0.041770	-0.128342
Superscaffold12	40275830	40692000	-0.209410	-0.085325	-0.055510	-0.127162
Superscaffold12	40692631	41348537	-0.045282	-0.024871	-0.014791	-0.027563
Superscaffold12	41348626	41846965	0.176127	0.054758	0.030450	0.140057
unanchor224	27292	621633	-0.023551	-0.009923	-0.006129	-0.013818
unanchor236	132662	353305	0.050228	0.023020	0.014250	0.036618
unanchor243	11699	581349	0.040999	0.016114	0.009740	0.028837
unanchor255	13650	642343	-0.042801	-0.013382	-0.008121	-0.020746
unanchor271	167628	219245	0.031836	0.015796	0.009682	0.017929
unanchor272	219246	733617	0.067360	0.031562	0.017771	0.045260
unanchor278	302337	312359	-0.006199	-0.002308	-0.001495	-0.004280
unanchor278	312443	1297450	-0.048790	-0.018779	-0.012404	-0.030595
