chr	windowStart	windowEnd	D	f_d	f_dM	d_f
Superscaffold1	640560	1037980	0.049729	0.022263	0.014619	0.024901
Superscaffold1	1037995	1473969	0.187063	0.058816	0.041784	0.119287
Superscaffold1	1473996	1983307	0.129795	0.047373	0.028146	0.092177
Superscaffold1	1985305	2369402	0.114281	0.042798	0.024826	0.078522
Superscaffold1	2369459	2676977	0.072757	0.036962	0.024374	0.048197
Superscaffold1	2676983	2921807	-0.028508	-0.015257	-0.009155	-0.014634
Superscaffold1	2921823	3377386	0.084450	0.032460	0.020938	0.050656
Superscaffold1	3378453	3901156	0.048120	0.015001	0.009360	0.031626
Superscaffold1	3901191	4410528	0.129345	0.055783	0.035995	0.106830
Superscaffold1	4410531	4889570	0.049751	0.019537	0.013474	0.029314
Superscaffold1	4891287	5548815	0.294046	0.088676	0.061682	0.210676
Superscaffold1	5548874	5855993	0.075088	0.040256	0.024969	0.044064
Superscaffold1	5856416	6341636	0.069623	0.026750	0.017655	0.048286
Superscaffold1	6341684	6786854	-0.026764	-0.010232	-0.007001	-0.013797
Superscaffold1	6786859	7271149	0.244625	0.091412	0.055580	0.185400
Superscaffold1	7271442	7667753	-0.037410	-0.018396	-0.010949	-0.023099
Superscaffold1	7684536	8438878	0.102555	0.036497	0.022077	0.054748
Superscaffold1	8438946	9653956	0.029209	0.009704	0.006389	0.023795
Superscaffold1	9654378	10666477	0.082151	0.028748	0.020001	0.058878
Superscaffold1	10666516	11085411	0.127888	0.048783	0.030740	0.086603
Superscaffold1	11085486	11508794	0.063226	0.022115	0.014496	0.052936
Superscaffold1	11508925	11986767	0.227406	0.077495	0.051177	0.163302
Superscaffold1	11986821	12523199	0.192910	0.072625	0.048394	0.142550
Superscaffold1	12523879	12905891	-0.170206	-0.080982	-0.044594	-0.130969
Superscaffold1	12905895	13370431	0.406927	0.176861	0.097129	0.302917
Superscaffold1	13370678	13955470	0.385267	0.151563	0.078029	0.241088
Superscaffold1	13955677	14673139	-0.008348	-0.002452	-0.001559	-0.005809
Superscaffold1	14673309	15043767	0.228846	0.092123	0.057844	0.136764
Superscaffold1	15043962	15367842	0.186613	0.085185	0.052026	0.124786
Superscaffold1	15367875	15704924	0.158390	0.072449	0.044817	0.111440
Superscaffold1	15704994	16081999	0.062813	0.026894	0.015520	0.039188
Superscaffold1	16082016	16472008	0.283882	0.112950	0.068779	0.206211
Superscaffold1	16472047	16871533	0.040470	0.020839	0.012990	0.027771
Superscaffold1	16871595	17438072	-0.055953	-0.019309	-0.011957	-0.037300
Superscaffold1	17438185	18343657	0.128542	0.043409	0.026369	0.088691
Superscaffold1	18343669	18889494	-0.087890	-0.030542	-0.019631	-0.063614
Superscaffold1	18890202	19270293	-0.347359	-0.146055	-0.095242	-0.275510
Superscaffold1	19270330	19840559	0.294088	0.098761	0.071412	0.222031
Superscaffold1	19841131	20317014	0.013230	0.004208	0.002821	0.007710
Superscaffold1	20317037	21133544	0.274652	0.086538	0.054471	0.212087
Superscaffold1	21133566	21565074	0.389126	0.162765	0.095159	0.305105
Superscaffold1	21565124	22027011	0.156671	0.067850	0.043812	0.120002
Superscaffold1	22027161	22650017	-0.051612	-0.016268	-0.010823	-0.037456
Superscaffold1	22650121	23119960	-0.385321	-0.166594	-0.098762	-0.322322
Superscaffold1	23120023	23696143	0.230510	0.061810	0.037345	0.196549
Superscaffold1	23696485	24279217	0.019044	0.004593	0.003120	0.014911
Superscaffold1	24279223	24704928	0.342616	0.123349	0.079691	0.279876
Superscaffold1	24705482	25255307	0.074134	0.021867	0.013916	0.060243
Superscaffold1	25262560	25712396	-0.089010	-0.031350	-0.019598	-0.070377
Superscaffold1	25712442	26159147	-0.037689	-0.014147	-0.009025	-0.031297
Superscaffold1	26159167	26456553	0.389661	0.202200	0.108835	0.294023
Superscaffold1	26457055	27106156	0.106356	0.025697	0.015834	0.081151
Superscaffold1	27106886	27451240	0.062114	0.030160	0.016161	0.041458
Superscaffold1	27451244	27833350	-0.056689	-0.019528	-0.012203	-0.043689
Superscaffold1	27834488	28138739	-0.129010	-0.058877	-0.035928	-0.076510
Superscaffold1	28138824	28689526	0.151183	0.046276	0.033084	0.100969
Superscaffold1	28689560	29315937	-0.120228	-0.032867	-0.020808	-0.088381
Superscaffold1	29316009	29726795	0.103558	0.034345	0.021638	0.083059
Superscaffold1	29726815	30257952	-0.080009	-0.025698	-0.014979	-0.051934
Superscaffold1	30257967	30882736	0.150640	0.058516	0.035741	0.091512
Superscaffold1	30882747	31294115	-0.244194	-0.076022	-0.049491	-0.194469
Superscaffold1	31294559	32325390	0.059056	0.015548	0.009427	0.043751
Superscaffold1	32325394	32871687	0.259260	0.077510	0.050876	0.206625
Superscaffold1	32871717	33447834	0.076502	0.021662	0.014159	0.065079
Superscaffold1	33448024	33794485	-0.051606	-0.024868	-0.016037	-0.033211
Superscaffold1	33794517	34082231	0.176489	0.065169	0.045744	0.128001
Superscaffold1	34082291	34378714	0.386671	0.162789	0.100054	0.279606
Superscaffold1	34378759	34794779	-0.119651	-0.050013	-0.030246	-0.086675
Superscaffold1	34794831	35423090	0.169355	0.044691	0.031961	0.126532
Superscaffold1	35424114	36527666	0.110225	0.036911	0.023924	0.068626
Superscaffold1	36530978	37155454	-0.023909	-0.008191	-0.005532	-0.015765
Superscaffold1	37155669	37593933	0.400206	0.148282	0.094919	0.327577
Superscaffold1	37593987	38265191	0.151219	0.048895	0.033944	0.109018
Superscaffold1	38265476	38599193	-0.042933	-0.013167	-0.008834	-0.028555
Superscaffold1	38599222	39045137	0.291071	0.098533	0.064303	0.251683
Superscaffold1	39045140	39450381	0.494168	0.186172	0.110105	0.424566
Superscaffold1	39453472	39906720	0.572806	0.238199	0.153124	0.505896
Superscaffold1	39906742	40347415	0.115999	0.031276	0.021296	0.092573
Superscaffold1	40347417	40906021	0.065902	0.017245	0.011434	0.050588
Superscaffold1	40906060	41492116	0.316876	0.103450	0.060556	0.273343
Superscaffold1	41492153	41940512	0.126401	0.047814	0.028278	0.118654
Superscaffold1	41940517	42454684	-0.150564	-0.055717	-0.033797	-0.117487
Superscaffold1	42454766	42900784	0.427317	0.187386	0.118037	0.370205
Superscaffold1	42900801	43586534	0.108565	0.023616	0.013667	0.095099
Superscaffold1	43587288	43993944	0.376860	0.117581	0.068850	0.291160
Superscaffold1	43993981	44719421	0.286546	0.086477	0.042325	0.239129
Superscaffold1	44720403	45171506	-0.352022	-0.171827	-0.095435	-0.274378
Superscaffold1	45171525	45680691	-0.113848	-0.045923	-0.025339	-0.089872
Superscaffold1	45680870	46226662	-0.711189	-0.261911	-0.131036	-0.655700
Superscaffold1	46227042	47299222	0.227446	0.043318	0.024236	0.202809
Superscaffold1	47299369	47859705	0.829452	0.339311	0.193660	0.788464
Superscaffold1	47859710	48354279	0.513312	0.222047	0.125614	0.459905
Superscaffold1	48354412	48598116	0.731565	0.371942	0.184702	0.703730
Superscaffold1	48598528	49214677	0.314034	0.072964	0.046827	0.275371
Superscaffold1	49214678	49980544	0.142857	0.024394	0.014570	0.115224
Superscaffold1	49980710	50343331	0.570711	0.277095	0.144079	0.542929
Superscaffold1	50343336	50998019	0.316169	0.066535	0.052548	0.216183
Superscaffold1	50998039	51919841	0.239619	0.077878	0.056218	0.147898
Superscaffold2	643112	1135685	0.165420	0.053757	0.035494	0.134568
Superscaffold2	1136234	1645946	0.101610	0.037912	0.025808	0.075049
Superscaffold2	1646054	2276010	0.112958	0.031083	0.019053	0.087446
Superscaffold2	2276084	3030196	0.437975	0.157514	0.107102	0.350796
Superscaffold2	3030274	3632421	-0.156378	-0.066838	-0.041443	-0.104060
Superscaffold2	3632453	4278075	0.054793	0.017517	0.010625	0.050710
Superscaffold2	4278087	4818526	0.048560	0.014332	0.008754	0.042617
Superscaffold2	4818663	5363003	-0.090664	-0.035550	-0.021927	-0.060353
Superscaffold2	5363005	5931171	0.231220	0.078021	0.045640	0.170863
Superscaffold2	5931172	6522297	-0.035674	-0.010879	-0.007182	-0.025958
Superscaffold2	6522432	7059971	0.597621	0.251159	0.150339	0.524887
Superscaffold2	7059972	7616315	0.569572	0.238849	0.145476	0.430624
Superscaffold2	7616387	8182845	0.075743	0.022638	0.013987	0.054623
Superscaffold2	8182950	9091574	-0.015219	-0.003434	-0.002352	-0.011768
Superscaffold2	9091951	9748300	0.258881	0.086630	0.055126	0.207828
Superscaffold2	9748393	10291549	0.063706	0.019915	0.012734	0.047956
Superscaffold2	10292881	10738668	0.185657	0.069675	0.043195	0.117908
Superscaffold2	10738676	11388202	0.057316	0.016764	0.010428	0.047815
Superscaffold2	11389656	12295953	0.153780	0.046176	0.028381	0.117599
Superscaffold2	12296057	13179924	0.109280	0.038809	0.023089	0.090507
Superscaffold2	13180701	13698289	0.248060	0.084455	0.047459	0.207016
Superscaffold2	13698570	14339916	0.213079	0.049006	0.031864	0.162152
Superscaffold2	14339933	14965996	0.018979	0.004739	0.003063	0.014882
Superscaffold2	14966077	16121510	-0.041244	-0.013566	-0.007889	-0.031642
Superscaffold2	16121540	16709271	0.188544	0.065318	0.042593	0.128984
Superscaffold2	16709567	17415964	0.079994	0.025419	0.016468	0.063540
Superscaffold2	17416580	17954003	0.290732	0.087708	0.053905	0.243732
Superscaffold2	17954030	18455985	0.340968	0.138252	0.078937	0.290813
Superscaffold2	18455986	18978241	0.501081	0.177560	0.099491	0.424566
Superscaffold2	18978271	19700619	0.126049	0.037233	0.021734	0.096557
Superscaffold2	19701813	20184195	0.077717	0.023388	0.014394	0.059408
Superscaffold2	20184207	20607832	-0.039481	-0.015302	-0.007585	-0.027206
Superscaffold2	20608007	21098619	0.267360	0.124800	0.075968	0.184437
Superscaffold2	21098640	21566617	0.394246	0.150511	0.090992	0.349627
Superscaffold2	21566687	21981243	0.750105	0.379193	0.234431	0.679975
Superscaffold2	21983168	22591163	0.266235	0.078846	0.050307	0.214511
Superscaffold2	22592884	23083989	-0.046301	-0.015946	-0.010032	-0.028693
Superscaffold2	23084063	23594207	0.434140	0.131258	0.082768	0.394575
Superscaffold2	23594288	24077531	0.203906	0.076105	0.041205	0.167932
Superscaffold2	24077582	24381026	0.558828	0.264012	0.162086	0.445788
Superscaffold2	24381028	24899834	0.065600	0.017299	0.010697	0.050613
Superscaffold2	24899853	25464411	0.437046	0.154132	0.092565	0.365417
Superscaffold2	25465077	25835393	-0.157046	-0.077274	-0.043980	-0.120088
Superscaffold2	25835449	26219314	0.601386	0.203261	0.134668	0.522870
Superscaffold2	26219325	26772935	0.210013	0.060370	0.039954	0.184797
Superscaffold2	26773236	27308849	0.097653	0.023162	0.015817	0.072314
Superscaffold2	27309103	27694094	0.060811	0.020536	0.014247	0.045413
Superscaffold2	27694106	28869623	-0.057572	-0.014357	-0.009029	-0.033466
Superscaffold2	28870706	29197989	0.101323	0.030387	0.018806	0.074564
Superscaffold2	29198089	29620148	0.057526	0.022556	0.013813	0.050482
Superscaffold2	29620149	30166960	0.290276	0.098301	0.058263	0.217825
Superscaffold2	30167070	30737875	0.425971	0.155596	0.090794	0.349644
Superscaffold2	30738003	31214541	0.356286	0.127246	0.076960	0.278936
Superscaffold2	31214576	31683898	0.236687	0.077601	0.046100	0.178996
Superscaffold2	31683909	32396619	0.061220	0.022536	0.013033	0.038385
Superscaffold2	32397009	32877832	-0.028066	-0.008925	-0.005634	-0.023255
Superscaffold2	32877931	33449650	0.000165	0.000050	0.000028	0.003614
Superscaffold2	33449704	34050030	0.024529	0.007228	0.004488	0.015579
Superscaffold2	34050207	34612938	0.216783	0.065585	0.038955	0.173283
Superscaffold2	34612986	35154026	0.590822	0.213707	0.119329	0.516069
Superscaffold2	35154156	35643954	0.249051	0.096261	0.052974	0.211330
Superscaffold2	35643970	36378480	0.276242	0.091440	0.056807	0.209922
Superscaffold2	36378483	36771067	0.254726	0.100606	0.059907	0.196360
Superscaffold2	36771201	37202491	0.237088	0.086154	0.058335	0.179714
Superscaffold2	37202573	37641980	0.197054	0.063770	0.038950	0.148652
Superscaffold2	37642034	38386848	0.231744	0.083621	0.046326	0.176821
Superscaffold2	38387351	38904104	0.143653	0.035935	0.021779	0.105630
Superscaffold2	38904545	39443989	0.131690	0.039691	0.021536	0.106125
Superscaffold2	39443990	39962265	0.152030	0.048340	0.031655	0.107383
Superscaffold2	39962274	40372811	0.260296	0.079029	0.048055	0.206282
Superscaffold2	40372817	40716332	0.340684	0.085545	0.054428	0.220993
Superscaffold2	40716490	41039678	0.160115	0.067923	0.041962	0.138262
Superscaffold2	41039745	41358637	-0.130567	-0.040987	-0.026469	-0.102913
Superscaffold2	41358639	41826669	-0.030075	-0.008092	-0.005368	-0.022056
Superscaffold2	41826681	42330933	0.430153	0.132511	0.077861	0.373498
Superscaffold2	42331017	42744505	0.095709	0.032466	0.019537	0.075456
Superscaffold2	42744508	43216241	0.084073	0.031599	0.019866	0.069428
Superscaffold2	43216552	43655280	0.222872	0.087717	0.052280	0.200575
Superscaffold2	43655293	44121743	0.707770	0.398273	0.222332	0.616237
Superscaffold2	44121756	44602543	0.719102	0.401026	0.204404	0.667759
Superscaffold2	44602547	45171467	0.834232	0.355746	0.195476	0.791231
Superscaffold2	45171495	45722971	0.795918	0.335030	0.176357	0.762209
Superscaffold2	45723053	46264763	0.773878	0.361988	0.198317	0.727966
Superscaffold2	46264926	46700878	0.727423	0.241098	0.151352	0.689612
Superscaffold2	46700904	47329711	0.690237	0.226079	0.131060	0.654496
Superscaffold2	47329830	47996822	0.425024	0.161747	0.089489	0.351577
Superscaffold2	47996843	48486284	0.263537	0.115341	0.059408	0.227250
Superscaffold2	48486291	48723402	0.788082	0.583814	0.295248	0.702092
Superscaffold2	48723421	49087616	0.488160	0.221134	0.131229	0.411200
Superscaffold2	49087721	49534862	0.320519	0.144177	0.080562	0.279802
Superscaffold2	49535137	50055575	-0.003495	-0.001053	-0.000599	-0.003400
Superscaffold2	50055676	50467548	0.157258	0.058339	0.037390	0.124973
Superscaffold2	50467797	51073261	-0.083338	-0.028560	-0.016306	-0.067556
Superscaffold2	51073265	51571676	0.629258	0.183146	0.108481	0.544472
Superscaffold2	51571712	51843320	0.408375	0.129573	0.088063	0.326847
Superscaffold2	51843337	52040050	0.401479	0.226496	0.127245	0.360795
Superscaffold2	52040089	52517852	0.314518	0.076881	0.047922	0.273488
Superscaffold2	52518412	52823283	0.068773	0.034023	0.020252	0.054788
Superscaffold2	52823323	53250270	-0.322915	-0.136006	-0.085348	-0.259186
Superscaffold2	53251474	54044802	0.480008	0.178172	0.119825	0.376450
Superscaffold2	54044955	54480326	-0.089448	-0.039379	-0.024810	-0.061076
Superscaffold2	54484674	55221079	0.245377	0.065167	0.047911	0.184268
Superscaffold2	55221084	55547756	-0.052861	-0.027532	-0.018401	-0.042323
Superscaffold2	55547757	56067564	0.350957	0.113459	0.070205	0.285172
Superscaffold2	56067582	56513162	0.439027	0.206629	0.120413	0.345125
Superscaffold2	56513171	56921584	0.483087	0.160497	0.107637	0.401408
Superscaffold2	56921587	57389693	0.331866	0.142530	0.078299	0.286284
Superscaffold2	57390085	58219731	0.040941	0.010764	0.006605	0.027501
Superscaffold2	58219841	58591133	0.033154	0.012104	0.006501	0.023594
Superscaffold2	58591150	58934357	-0.571224	-0.229603	-0.141519	-0.476444
Superscaffold2	58934421	59438304	0.405468	0.144359	0.085008	0.339228
Superscaffold2	59438699	59906203	0.110956	0.036891	0.022549	0.097611
Superscaffold2	59906337	60485474	-0.186329	-0.046994	-0.030133	-0.155850
Superscaffold2	60485665	60871923	0.245321	0.077965	0.051816	0.195997
Superscaffold2	60871929	61753977	0.159271	0.052988	0.035812	0.105528
Superscaffold2	61753982	62725116	0.250957	0.075789	0.051409	0.191667
Superscaffold2	62725258	63080857	0.319059	0.111896	0.070864	0.252890
Superscaffold2	63080877	63418282	0.334583	0.161157	0.100346	0.239497
Superscaffold2	63418379	63974996	-0.231544	-0.097064	-0.057855	-0.180632
Superscaffold2	63975268	64421882	0.170491	0.066137	0.042511	0.149898
Superscaffold2	64421940	65276506	-0.059164	-0.022188	-0.013747	-0.034830
Superscaffold2	65276552	65797797	0.603497	0.223222	0.138519	0.522307
Superscaffold2	65798024	66393470	0.183299	0.053200	0.033254	0.142002
Superscaffold2	66393530	66899046	0.140548	0.051866	0.026394	0.126924
Superscaffold2	66899386	67444326	-0.039558	-0.014669	-0.008649	-0.034723
Superscaffold2	67444448	67915200	0.155088	0.041911	0.028614	0.125084
Superscaffold2	67915380	68406879	0.491656	0.151194	0.087448	0.444570
Superscaffold2	68406954	68978913	0.249839	0.061485	0.038794	0.220512
Superscaffold2	68979040	69472948	-0.098187	-0.030817	-0.020161	-0.074725
Superscaffold2	69473099	69899601	-0.162817	-0.043409	-0.032470	-0.125868
Superscaffold2	69901635	70355635	0.051096	0.015672	0.010219	0.037036
Superscaffold2	70355749	71101006	0.039514	0.013293	0.008774	0.030053
Superscaffold2	71101014	71447792	0.139726	0.063797	0.035895	0.104371
Superscaffold2	71447800	71925376	0.274766	0.099794	0.063643	0.205525
Superscaffold2	71925687	72370384	-0.051837	-0.018056	-0.011658	-0.035880
Superscaffold2	72370420	72825511	-0.094649	-0.036471	-0.023084	-0.065151
Superscaffold2	72825513	73358645	-0.012995	-0.004565	-0.003031	-0.005337
Superscaffold2	73358682	73795548	-0.004823	-0.001819	-0.001155	-0.002951
Superscaffold2	73795619	74115643	0.603063	0.319094	0.209030	0.449496
Superscaffold2	74116394	74490561	-0.109878	-0.039262	-0.022376	-0.072300
Superscaffold2	74490609	74908630	0.025566	0.009176	0.005995	0.012519
Superscaffold2	74908636	75213195	-0.104775	-0.044706	-0.026826	-0.079654
Superscaffold2	75213216	75460271	0.141546	0.091286	0.044522	0.105919
Superscaffold2	75460273	75974613	-0.060027	-0.023349	-0.015094	-0.039745
Superscaffold2	75974668	76728923	0.130990	0.037340	0.025775	0.094245
Superscaffold2	76729050	77204628	0.114676	0.035484	0.023395	0.089298
Superscaffold2	77204656	77725548	0.291717	0.077921	0.054040	0.208073
Superscaffold2	77725711	78217548	0.218353	0.052537	0.039355	0.140868
Superscaffold2	78217649	78556600	0.164089	0.076013	0.046723	0.119398
Superscaffold2	78556677	79171806	-0.002295	-0.000743	-0.000471	-0.000257
Superscaffold2	79172143	80201651	-0.068201	-0.021982	-0.013556	-0.048809
Superscaffold2	80201684	80665746	0.368676	0.132231	0.093420	0.252741
Superscaffold2	80666250	81237674	0.177806	0.059915	0.037801	0.130101
Superscaffold2	81250404	81902720	0.042050	0.013600	0.008494	0.031281
Superscaffold2	81902737	82400308	0.076827	0.025923	0.014911	0.063941
Superscaffold2	82402187	83171208	0.426093	0.161906	0.099950	0.338693
Superscaffold2	83171513	83530668	0.250144	0.110303	0.066605	0.197931
Superscaffold2	83530674	83979135	0.158542	0.053591	0.033291	0.120736
Superscaffold2	83979280	84465486	0.514505	0.186788	0.120061	0.452435
Superscaffold2	84465540	84920281	0.187627	0.068743	0.038706	0.152149
Superscaffold2	84920300	85181583	-0.230190	-0.110793	-0.063143	-0.214638
Superscaffold2	85181658	85825150	0.560737	0.163289	0.108148	0.494229
Superscaffold2	85825239	87392217	0.042420	0.013037	0.008053	0.037034
Superscaffold2	87393787	87894547	0.094678	0.027672	0.017910	0.071241
Superscaffold2	87895211	88364735	0.333134	0.105609	0.077280	0.273089
Superscaffold2	88365208	88864465	0.116685	0.032715	0.023195	0.082700
Superscaffold2	88864546	89225978	0.159740	0.089167	0.044687	0.098925
Superscaffold2	89225991	89725620	0.090203	0.023574	0.014799	0.074503
Superscaffold2	89725658	90209466	0.228905	0.067953	0.043794	0.177411
Superscaffold2	90209497	90810627	0.097387	0.024309	0.016321	0.069686
Superscaffold2	90810739	91301916	0.040415	0.015250	0.009614	0.025949
Superscaffold2	91302239	92532435	0.135779	0.041944	0.024647	0.109266
Superscaffold2	92532584	92997283	-0.237055	-0.089106	-0.052734	-0.188044
Superscaffold2	92997289	93913127	-0.018058	-0.006210	-0.003549	-0.014484
Superscaffold2	93913179	94468723	0.211596	0.092040	0.054599	0.160914
Superscaffold2	94468916	95068604	-0.164172	-0.047578	-0.030461	-0.131804
Superscaffold2	95068691	95495336	0.115212	0.042487	0.025554	0.094440
Superscaffold2	95495683	95940691	-0.059062	-0.020905	-0.014253	-0.038235
Superscaffold2	95940878	96339377	0.119636	0.047981	0.031343	0.080151
Superscaffold2	96339422	96823485	0.239542	0.080478	0.050324	0.175137
Superscaffold2	96823507	97329555	0.014653	0.005055	0.003380	0.009296
Superscaffold2	97329764	97539208	0.283850	0.147618	0.082539	0.163637
Superscaffold2	97539209	98072870	0.105857	0.043023	0.026106	0.061579
Superscaffold2	98073019	98455761	0.129549	0.053217	0.033216	0.081575
Superscaffold2	98455775	99127271	0.054513	0.016952	0.011968	0.031381
Superscaffold2	99127319	99530197	-0.150017	-0.078755	-0.040674	-0.084745
Superscaffold2	99530201	99762780	-0.046130	-0.024949	-0.016273	-0.031268
Superscaffold2	99763153	100071199	0.079701	0.040393	0.027669	0.044347
Superscaffold2	100071212	100825757	0.021186	0.007836	0.005227	0.013071
Superscaffold2	100825777	101257995	-0.008030	-0.002644	-0.001637	-0.002966
Superscaffold3	397911	774312	-0.433781	-0.206978	-0.130900	-0.332562
Superscaffold3	774705	1217174	0.042450	0.018196	0.012329	0.025547
Superscaffold3	1217402	1604161	-0.124708	-0.060668	-0.039180	-0.076247
Superscaffold3	1604419	2170063	0.003474	0.001370	0.000924	0.001842
Superscaffold3	2180464	2607626	0.026493	0.008436	0.006156	0.017985
Superscaffold3	2607646	2882658	0.030523	0.011513	0.008165	0.016260
Superscaffold3	2882669	3522180	-0.141801	-0.051248	-0.033840	-0.103250
Superscaffold3	3522586	3905467	-0.186940	-0.067074	-0.043355	-0.132000
Superscaffold3	3905504	5250639	-0.095920	-0.035546	-0.020605	-0.046361
Superscaffold3	5250750	5524402	0.110764	0.046510	0.031897	0.065055
Superscaffold3	5524439	5870429	0.079486	0.035005	0.022311	0.045773
Superscaffold3	5870649	6247505	0.216543	0.076259	0.054744	0.136113
Superscaffold3	6247508	6608536	-0.018324	-0.009190	-0.005967	-0.007535
Superscaffold3	6608655	7098153	0.004128	0.001440	0.000976	0.003677
Superscaffold3	7098347	7919153	-0.160644	-0.063883	-0.039254	-0.085781
Superscaffold3	7919682	8785994	0.251791	0.064680	0.040437	0.177108
Superscaffold3	8786023	9687329	0.067201	0.027726	0.017617	0.043228
Superscaffold3	9687335	10052732	-0.064127	-0.029203	-0.019548	-0.047701
Superscaffold3	10052733	11054951	0.155400	0.072420	0.048858	0.101240
Superscaffold3	11055031	11287455	-0.155740	-0.109047	-0.062993	-0.089240
Superscaffold3	11287512	11598851	0.024114	0.013070	0.008831	0.004621
Superscaffold3	11598886	11895427	0.113686	0.073347	0.046126	0.064104
Superscaffold3	11895581	12133886	-0.050121	-0.031272	-0.019141	-0.034022
Superscaffold3	12133922	12443291	0.075169	0.041160	0.026562	0.049812
Superscaffold3	12443343	12815618	-0.225145	-0.099336	-0.067108	-0.135710
Superscaffold3	12815627	13218049	0.191185	0.085833	0.058622	0.115642
Superscaffold3	13218138	13680759	0.060855	0.030364	0.018337	0.034262
Superscaffold3	13680765	14304584	-0.049335	-0.022475	-0.015020	-0.031056
Superscaffold3	14304591	14517617	0.078810	0.046230	0.030475	0.041318
Superscaffold3	14517683	14704557	-0.000112	-0.000069	-0.000045	0.000388
Superscaffold3	14704655	14977521	0.094539	0.066016	0.041760	0.055260
Superscaffold3	14977555	15267256	0.030559	0.014016	0.009479	0.014767
Superscaffold3	15267257	15504231	0.063091	0.040350	0.026251	0.037152
Superscaffold3	15504248	15933910	0.067816	0.032892	0.020704	0.042527
Superscaffold3	15933916	16738770	0.002639	0.001044	0.000675	0.005228
Superscaffold3	16738796	16982745	0.061491	0.041329	0.025637	0.034175
Superscaffold3	16982817	17372122	-0.069875	-0.035012	-0.023448	-0.036373
Superscaffold3	17372150	17827740	-0.190778	-0.095805	-0.061488	-0.119444
Superscaffold3	17827779	18120271	0.037352	0.015327	0.009422	0.025736
Superscaffold3	18120272	19090530	-0.086035	-0.029391	-0.019520	-0.054436
Superscaffold3	19090663	19728366	-0.051166	-0.018491	-0.012355	-0.042691
Superscaffold3	19728371	20034267	0.248310	0.105041	0.080357	0.173410
Superscaffold3	20034271	20359215	-0.072528	-0.031680	-0.021433	-0.044618
Superscaffold3	20359340	20677125	-0.090637	-0.037908	-0.024640	-0.052393
Superscaffold3	20677401	20913096	-0.039350	-0.020591	-0.013126	-0.021334
Superscaffold3	20913099	21555890	-0.099215	-0.047437	-0.027330	-0.044121
Superscaffold3	21555928	21979130	0.073004	0.038274	0.022619	0.035526
Superscaffold3	21979147	22209372	-0.025292	-0.011797	-0.008011	-0.014943
Superscaffold3	22209379	22614496	-0.093696	-0.037866	-0.023114	-0.047653
Superscaffold3	22614524	22981856	0.152528	0.061919	0.038599	0.106460
Superscaffold3	22981979	23293419	0.007839	0.003718	0.002328	0.003269
Superscaffold3	23293755	23596326	0.012770	0.006389	0.004090	0.005578
Superscaffold3	23596502	24114040	0.142093	0.041262	0.025433	0.085570
Superscaffold3	24114056	24816895	-0.254527	-0.090881	-0.060273	-0.171704
Superscaffold3	24816924	25352118	-0.095355	-0.040614	-0.028194	-0.060250
Superscaffold3	25352158	25521481	-0.086090	-0.044527	-0.029734	-0.046308
Superscaffold3	25521577	26392831	-0.240731	-0.085922	-0.055410	-0.141634
Superscaffold3	26392862	26616044	0.309585	0.151890	0.089772	0.198802
Superscaffold3	26616049	26928077	0.038613	0.018279	0.010347	0.024674
Superscaffold3	26928417	27248843	0.076718	0.035845	0.020954	0.060070
Superscaffold3	27248844	27821508	-0.054413	-0.016015	-0.010535	-0.028526
Superscaffold3	27821592	28273924	0.117601	0.045753	0.026682	0.082149
Superscaffold3	28274069	28619671	-0.116756	-0.038725	-0.023291	-0.075604
Superscaffold3	28620698	28903443	0.121255	0.040256	0.026595	0.083669
Superscaffold3	28903445	29186869	0.218842	0.091406	0.052315	0.173776
Superscaffold3	29186913	29567933	0.301257	0.105337	0.073842	0.237423
Superscaffold3	29567967	29896209	0.022244	0.008778	0.005983	0.015750
Superscaffold3	29896236	30544318	-0.042194	-0.012988	-0.008422	-0.022595
Superscaffold3	30544320	31214869	-0.122823	-0.044415	-0.026099	-0.081464
Superscaffold3	31214967	31666998	0.554110	0.212656	0.124429	0.486417
Superscaffold3	31667040	32127119	0.411787	0.138552	0.087610	0.336632
Superscaffold3	32127134	32510322	-0.042107	-0.014396	-0.008481	-0.031503
Superscaffold3	32510412	33070113	0.153687	0.050331	0.032498	0.107448
Superscaffold3	33070162	33474191	-0.251699	-0.107008	-0.065772	-0.185675
Superscaffold3	33474192	33891755	0.032509	0.011297	0.008089	0.025331
Superscaffold3	33892050	34305742	-0.164319	-0.047061	-0.032511	-0.123317
Superscaffold3	34305748	34784515	-0.178528	-0.059676	-0.037502	-0.136880
Superscaffold3	34785149	35237049	0.088968	0.026949	0.016810	0.069976
Superscaffold3	35237067	35511956	0.361907	0.171141	0.105599	0.269222
Superscaffold3	35512793	36056686	0.062896	0.013891	0.009253	0.051544
Superscaffold3	36056851	36417568	-0.256403	-0.110696	-0.062116	-0.191812
Superscaffold3	36417580	37168090	0.287972	0.091774	0.057776	0.233734
Superscaffold3	37168115	37598975	0.518394	0.195015	0.125429	0.408840
Superscaffold3	37599002	37862451	0.414754	0.190094	0.135657	0.272026
Superscaffold3	37862465	38264685	-0.046016	-0.019544	-0.012443	-0.029170
Superscaffold3	38264748	38611660	-0.356484	-0.226738	-0.132980	-0.247224
Superscaffold3	38611707	39277580	-0.020491	-0.004121	-0.002425	-0.020818
Superscaffold3	39277601	39815835	-0.236523	-0.074590	-0.040413	-0.214101
Superscaffold3	39815850	40539640	-0.183104	-0.041321	-0.024666	-0.147346
Superscaffold3	40539710	41218975	0.106513	0.026523	0.016370	0.081428
Superscaffold3	41218988	41978596	0.262265	0.067125	0.040344	0.233745
Superscaffold3	41979774	42359719	0.511319	0.211268	0.124627	0.454483
Superscaffold3	42359755	43114577	0.330149	0.078206	0.051176	0.266383
Superscaffold3	43114804	43594206	-0.290743	-0.097116	-0.061038	-0.241821
Superscaffold3	43594362	44259505	0.177370	0.053744	0.032695	0.130120
Superscaffold3	44259515	44680531	0.482298	0.187969	0.115121	0.429789
Superscaffold3	44680533	45073964	-0.030526	-0.009135	-0.005951	-0.028128
Superscaffold3	45073970	45529171	0.150101	0.049403	0.028570	0.101903
Superscaffold3	45529197	46089515	0.267807	0.100339	0.057262	0.226771
Superscaffold3	46089585	46409166	-0.132148	-0.043012	-0.030462	-0.087104
Superscaffold3	46409197	47246745	0.012856	0.002943	0.002034	0.012008
Superscaffold3	47247027	47780874	-0.170506	-0.061545	-0.035923	-0.125581
Superscaffold3	47780882	48295794	0.033200	0.013838	0.008366	0.027933
Superscaffold3	48295860	48802840	-0.118027	-0.032230	-0.019155	-0.086383
Superscaffold3	48802846	49173014	-0.068021	-0.021852	-0.014374	-0.041487
Superscaffold3	49173064	49531312	0.176585	0.059533	0.037968	0.124080
Superscaffold3	49531404	49993450	0.174782	0.059067	0.037199	0.109729
Superscaffold3	49993471	50321641	0.300419	0.187666	0.113359	0.211177
Superscaffold3	50321968	50584134	0.105449	0.065604	0.037085	0.071712
Superscaffold3	50584149	51043342	-0.023111	-0.008749	-0.005320	-0.018041
Superscaffold3	51043416	51525187	-0.050825	-0.018475	-0.011613	-0.042852
Superscaffold3	51525217	51979232	0.152158	0.055964	0.032756	0.105573
Superscaffold3	51979234	52350030	0.151054	0.073691	0.041863	0.104943
Superscaffold3	52350031	52833377	0.088049	0.037813	0.020135	0.067982
Superscaffold3	52833479	53202766	0.131793	0.049716	0.034817	0.101028
Superscaffold3	53203275	53598199	0.056284	0.017802	0.012249	0.040160
Superscaffold3	53598260	53899067	0.196318	0.101223	0.070221	0.135902
Superscaffold3	53899373	54376467	0.278449	0.106164	0.068822	0.184497
Superscaffold3	54376573	54794457	0.043316	0.016712	0.010586	0.025519
Superscaffold3	54794463	55161353	-0.063144	-0.027319	-0.018113	-0.044902
Superscaffold3	55161481	56098710	0.016269	0.006939	0.004156	0.012502
Superscaffold3	56098802	56442589	0.015793	0.007742	0.004908	0.011032
Superscaffold3	56442667	56771318	0.409485	0.169494	0.118730	0.288079
Superscaffold3	56771556	57234541	0.312277	0.101968	0.072945	0.222893
Superscaffold3	57234819	57657756	0.189918	0.064882	0.040401	0.138772
Superscaffold3	57657770	58201951	0.216373	0.063220	0.039815	0.147192
Superscaffold3	58201970	58494238	-0.057539	-0.043244	-0.017647	-0.020353
Superscaffold3	58494607	58985625	0.335191	0.121411	0.068329	0.234587
Superscaffold3	58985646	59357824	0.031320	0.011691	0.007680	0.015310
Superscaffold3	59357843	59706869	-0.007493	-0.003270	-0.002144	-0.008138
Superscaffold3	59706874	60489869	-0.086383	-0.032723	-0.021046	-0.048207
Superscaffold3	60498272	60826836	0.073875	0.037566	0.025288	0.053680
Superscaffold3	60827085	61476098	0.158530	0.052066	0.033515	0.107277
Superscaffold3	61476212	62147419	0.045612	0.014788	0.009925	0.030068
Superscaffold3	62147495	62626630	0.056859	0.026862	0.017048	0.029216
Superscaffold3	62626667	63333689	-0.001525	-0.000618	-0.000386	0.001749
Superscaffold3	63337593	64443123	0.004991	0.001401	0.000916	0.006393
Superscaffold3	64443283	64877318	-0.272142	-0.100672	-0.063605	-0.188829
Superscaffold3	64877336	65272524	0.056435	0.027144	0.017487	0.031359
Superscaffold3	65272702	65581540	0.000920	0.000572	0.000388	0.000670
Superscaffold3	65581669	65891431	0.004641	0.001874	0.001418	-0.001141
Superscaffold3	65891445	66432977	0.042467	0.015341	0.010189	0.024024
Superscaffold3	66433123	66805861	-0.086913	-0.034292	-0.020475	-0.055877
Superscaffold3	66806026	67127306	0.069587	0.033004	0.019212	0.056281
Superscaffold4	422167	909793	-0.108704	-0.046352	-0.030350	-0.055332
Superscaffold4	909797	1248599	-0.208798	-0.131726	-0.080252	-0.120469
Superscaffold4	1248627	2104475	0.066967	0.028696	0.019004	0.041748
Superscaffold4	2104480	2718044	0.025940	0.009619	0.006608	0.014653
Superscaffold4	2719206	3179499	0.026658	0.013565	0.008698	0.011013
Superscaffold4	3179651	3641443	-0.020713	-0.008612	-0.005705	-0.005873
Superscaffold4	3641506	4014504	0.086669	0.034118	0.022488	0.055562
Superscaffold4	4014621	5179096	0.159761	0.065630	0.039438	0.113246
Superscaffold4	5179211	5443396	-0.116867	-0.092886	-0.058281	-0.061016
Superscaffold4	5443407	6426064	-0.062446	-0.024429	-0.015895	-0.039313
Superscaffold4	6426068	6701713	-0.013924	-0.006617	-0.004465	-0.007947
Superscaffold4	6701714	7176845	-0.051860	-0.015956	-0.011460	-0.025635
Superscaffold4	7177067	7372757	0.067095	0.037188	0.022027	0.035020
Superscaffold4	7373217	7744203	-0.188459	-0.114211	-0.072099	-0.105612
Superscaffold4	7744224	7987843	-0.106630	-0.062382	-0.038447	-0.068605
Superscaffold4	7987900	8703329	0.190510	0.095347	0.062691	0.110007
Superscaffold4	8703426	8976094	0.031306	0.014345	0.010285	0.014614
Superscaffold4	8976214	9179502	-0.044746	-0.030002	-0.018280	-0.023645
Superscaffold4	9179555	9719003	-0.111003	-0.052637	-0.032229	-0.062055
Superscaffold4	9719027	9984943	0.013360	0.007256	0.004828	0.007654
Superscaffold4	9984967	10426983	-0.001964	-0.001007	-0.000660	0.002938
Superscaffold4	10427032	11360291	0.056318	0.022974	0.015482	0.041034
Superscaffold4	11360378	11621488	0.101337	0.055409	0.036629	0.067380
Superscaffold4	11621510	12009574	0.256750	0.125981	0.078238	0.193118
Superscaffold4	12009824	12330559	0.171727	0.088528	0.055587	0.109226
Superscaffold4	12330570	12771213	-0.040440	-0.017374	-0.011686	-0.024666
Superscaffold4	12771225	13022617	-0.172962	-0.094179	-0.059154	-0.106655
Superscaffold4	13022618	13260049	-0.095832	-0.056865	-0.033616	-0.055054
Superscaffold4	13260310	13631823	0.361441	0.194317	0.115896	0.227229
Superscaffold4	13631824	13886288	-0.004262	-0.002685	-0.001651	-0.002504
Superscaffold4	13886290	14348622	-0.039050	-0.021811	-0.011103	-0.022694
Superscaffold4	14348649	14639809	0.188870	0.078328	0.053658	0.107113
Superscaffold4	14639831	14963262	0.139442	0.067654	0.041436	0.090221
Superscaffold4	14963268	15820898	0.080836	0.034661	0.022898	0.045346
Superscaffold4	15820933	16172848	-0.071714	-0.039464	-0.024390	-0.039518
Superscaffold4	16172916	16600564	0.058459	0.021897	0.016268	0.032232
Superscaffold4	16600576	17115791	0.073522	0.032623	0.021208	0.041568
Superscaffold4	17115859	17602262	0.022273	0.009593	0.006757	0.007741
Superscaffold4	17602310	17865694	-0.005356	-0.002914	-0.001847	0.000717
Superscaffold4	17865839	18245556	0.017319	0.009242	0.005882	0.011191
Superscaffold4	18245682	18735156	0.014095	0.008259	0.005152	0.001683
Superscaffold4	18735244	19139133	0.766573	0.515464	0.316087	0.671512
Superscaffold4	19139186	19420458	0.391912	0.180416	0.115241	0.302272
Superscaffold4	19420617	19796044	-0.123762	-0.064333	-0.034726	-0.085261
Superscaffold4	19796133	20082395	-0.202737	-0.120704	-0.070986	-0.138396
Superscaffold4	20082396	20419052	-0.037498	-0.016681	-0.010672	-0.019465
Superscaffold4	20421076	20881012	0.074731	0.031451	0.020658	0.046749
Superscaffold4	20881133	21428630	0.249594	0.107125	0.063746	0.159159
Superscaffold4	21428653	22006036	0.541879	0.199658	0.132517	0.389649
Superscaffold4	22007030	22294199	-0.063989	-0.031275	-0.020860	-0.032910
Superscaffold4	22294287	22497318	-0.074859	-0.040479	-0.026710	-0.036718
Superscaffold4	22497412	22756252	0.151483	0.077577	0.050505	0.087530
Superscaffold4	22756258	22982982	-0.156058	-0.086136	-0.050064	-0.079321
Superscaffold4	22983030	23310810	-0.005500	-0.002918	-0.001906	0.000122
Superscaffold4	23310973	23604393	-0.013759	-0.006872	-0.004397	-0.002793
Superscaffold4	23604403	24032986	-0.039173	-0.018076	-0.012003	-0.022136
Superscaffold4	24033011	24586366	0.047227	0.016528	0.010803	0.036068
Superscaffold4	24586446	24885779	0.352577	0.180148	0.102250	0.254889
Superscaffold4	24885791	25289956	0.319747	0.135805	0.082290	0.239367
Superscaffold4	25290196	25661791	0.309983	0.127327	0.086028	0.190749
Superscaffold4	25661969	26109249	0.267359	0.111595	0.076257	0.186822
Superscaffold4	26109488	26552453	-0.153131	-0.065433	-0.041602	-0.090382
Superscaffold4	26552489	26845568	-0.142270	-0.069567	-0.048103	-0.091697
Superscaffold4	26845583	27054614	0.143182	0.060938	0.044840	0.084538
Superscaffold4	27054777	27395541	-0.129469	-0.063580	-0.036941	-0.085040
Superscaffold4	27395644	27620747	0.483609	0.232164	0.136364	0.357935
Superscaffold4	27620981	27955889	0.234429	0.102551	0.061329	0.139250
Superscaffold4	27955896	28359095	0.123824	0.077679	0.048846	0.079122
Superscaffold4	28359273	28786708	0.064894	0.036406	0.022532	0.034884
Superscaffold4	28786726	29025688	0.039475	0.020428	0.012538	0.017745
Superscaffold4	29025733	29373923	0.148965	0.056502	0.039409	0.084143
Superscaffold4	29373938	29890680	0.020694	0.007687	0.005177	0.016658
Superscaffold4	29890843	30204488	0.087570	0.051801	0.033450	0.051823
Superscaffold4	30204633	30554613	0.097447	0.045925	0.030421	0.067810
Superscaffold4	30554614	31149185	-0.125709	-0.052863	-0.033683	-0.083109
Superscaffold4	31150019	32170879	0.128267	0.050957	0.032834	0.079941
Superscaffold4	32170888	32615339	0.097197	0.037996	0.022077	0.067607
Superscaffold4	32615395	33071047	-0.160441	-0.079964	-0.047733	-0.112527
Superscaffold4	33071095	33643023	0.150556	0.052010	0.036044	0.077750
Superscaffold4	33643086	34040763	0.084515	0.043476	0.025087	0.055886
Superscaffold4	34041049	34569363	-0.022789	-0.006827	-0.004343	-0.016572
Superscaffold4	34569450	35012577	0.145323	0.051335	0.034365	0.108573
Superscaffold4	35012603	35509930	0.064516	0.019985	0.013853	0.041380
Superscaffold4	35509979	36118616	-0.060817	-0.025400	-0.014806	-0.036205
Superscaffold4	36118701	36520616	0.055977	0.030392	0.018037	0.040027
Superscaffold4	36520774	37240542	-0.148714	-0.051024	-0.035036	-0.114179
Superscaffold4	37240560	38057133	-0.008446	-0.002990	-0.002129	-0.008190
Superscaffold4	38057163	39686761	-0.077338	-0.022087	-0.015254	-0.054544
Superscaffold4	39686765	40246671	-0.120805	-0.034337	-0.025547	-0.084904
Superscaffold4	40246736	40708934	-0.010456	-0.003787	-0.002496	0.001012
Superscaffold4	40708935	41042086	-0.140218	-0.069902	-0.043503	-0.095177
Superscaffold4	41042233	41923811	-0.066995	-0.012847	-0.009448	-0.035357
Superscaffold4	41923823	42470093	0.116219	0.042003	0.028561	0.073926
Superscaffold4	42470208	43531823	-0.108985	-0.038028	-0.025582	-0.071674
Superscaffold4	43531840	44038094	0.130782	0.050188	0.031583	0.085605
Superscaffold4	44038102	44397986	0.109518	0.055613	0.034457	0.084866
Superscaffold4	44398081	44941873	-0.166486	-0.084493	-0.042185	-0.108149
Superscaffold4	44942008	45380391	0.125083	0.044047	0.028819	0.084211
Superscaffold4	45380398	45767821	-0.056849	-0.020663	-0.012296	-0.027379
Superscaffold4	45767989	46219797	-0.112692	-0.037102	-0.027578	-0.078029
Superscaffold4	46219803	46604404	-0.107194	-0.038158	-0.025354	-0.083335
Superscaffold4	46604445	47475740	-0.156896	-0.040092	-0.026941	-0.087505
Superscaffold4	47475788	47723208	0.837319	0.625874	0.498207	0.733532
Superscaffold4	47723210	48075982	0.333920	0.161167	0.113567	0.227342
Superscaffold4	48076269	48712365	0.177045	0.065505	0.043944	0.108643
Superscaffold4	48712415	49106078	0.429134	0.215764	0.125041	0.346244
Superscaffold4	49106086	49542143	0.303574	0.107576	0.062706	0.211664
Superscaffold4	49542243	49902034	-0.059945	-0.028348	-0.016363	-0.040746
Superscaffold4	49902236	50364339	0.363307	0.141608	0.077817	0.274201
Superscaffold4	50364539	50670986	0.020946	0.007946	0.004863	0.025033
Superscaffold4	50671113	50928949	-0.465079	-0.279656	-0.159589	-0.366194
Superscaffold4	50928952	51355171	0.356342	0.136627	0.092016	0.270988
Superscaffold4	51355238	51652676	0.189414	0.058795	0.039575	0.132541
Superscaffold4	51652705	52191626	0.363692	0.143784	0.080565	0.287475
Superscaffold4	52191666	52899412	0.302309	0.094831	0.052725	0.254787
Superscaffold4	52899534	53962566	0.162694	0.060233	0.031436	0.131948
Superscaffold4	53962587	54233812	0.193171	0.101892	0.057053	0.138700
Superscaffold4	54233843	54620147	0.546689	0.223085	0.130614	0.449036
Superscaffold4	54620359	55141441	0.488537	0.172946	0.092713	0.405354
Superscaffold4	55141625	55428782	0.467324	0.271336	0.147827	0.362974
Superscaffold4	55429156	55821281	0.010330	0.004126	0.002625	0.005955
Superscaffold4	55821304	56283035	0.002989	0.000912	0.000647	-0.001764
Superscaffold4	56283146	56493910	-0.181535	-0.104322	-0.062475	-0.110261
Superscaffold4	56493928	56801951	-0.093233	-0.046047	-0.030402	-0.059662
Superscaffold4	56802082	57420799	0.058078	0.025195	0.015715	0.041002
Superscaffold4	57420910	58173945	-0.049625	-0.014187	-0.009842	-0.024975
Superscaffold4	58174008	58516894	0.131833	0.047001	0.030940	0.073575
Superscaffold4	58516922	58840319	0.121576	0.056422	0.031320	0.080468
Superscaffold4	58840433	59118703	-0.184964	-0.075319	-0.050139	-0.103243
Superscaffold4	59118724	59461631	0.256443	0.070677	0.051812	0.161277
Superscaffold4	59461790	59813211	-0.235277	-0.087608	-0.059323	-0.144678
Superscaffold4	59813222	60910466	-0.057107	-0.021980	-0.012255	-0.022722
Superscaffold4	60910687	61536956	-0.126906	-0.053212	-0.034892	-0.080425
Superscaffold4	61537002	61929345	0.171180	0.059103	0.041095	0.134289
Superscaffold4	61929455	62269668	0.640201	0.276077	0.196626	0.518578
Superscaffold4	62269725	62814316	0.069449	0.028518	0.019050	0.050999
Superscaffold4	62814352	63625656	-0.101794	-0.028682	-0.019911	-0.059695
Superscaffold4	63625700	64080577	-0.129594	-0.048307	-0.034454	-0.089866
Superscaffold4	64080669	64385408	-0.117760	-0.047868	-0.030420	-0.085914
Superscaffold4	64385680	64947668	-0.028414	-0.011950	-0.006962	-0.019431
Superscaffold4	64947672	65427003	0.076093	0.026665	0.017371	0.049474
Superscaffold4	65431411	66361854	0.316860	0.111709	0.078561	0.210749
Superscaffold4	66362062	66861300	0.152977	0.060105	0.031899	0.131994
Superscaffold4	66861319	67352492	0.093938	0.024273	0.018247	0.070138
Superscaffold4	67352505	67784642	0.198160	0.083912	0.060912	0.146255
Superscaffold4	67784942	68232366	0.282212	0.114604	0.085120	0.156711
Superscaffold4	68232479	68513832	0.110124	0.061195	0.037047	0.070330
Superscaffold4	68514892	68817091	-0.123404	-0.058523	-0.039928	-0.080523
Superscaffold4	68817107	69334285	0.043120	0.015919	0.011287	0.030420
Superscaffold4	69334314	69712184	-0.071801	-0.034869	-0.022643	-0.040724
Superscaffold4	69712313	69989191	-0.100191	-0.059086	-0.038127	-0.064385
Superscaffold4	69989894	70702819	0.104511	0.039942	0.027648	0.051745
Superscaffold4	70703093	71338871	0.187982	0.071647	0.049867	0.120059
Superscaffold4	71338950	71935460	0.041829	0.010292	0.007309	0.039281
Superscaffold4	71935471	72813385	-0.551879	-0.337322	-0.168541	-0.472960
Superscaffold4	72813413	73325372	0.250974	0.093134	0.052385	0.192313
Superscaffold4	73325788	73636935	0.179891	0.101538	0.064355	0.138443
Superscaffold4	73636945	74295630	0.040318	0.015750	0.011414	0.026676
Superscaffold4	74295927	74651845	0.035335	0.017893	0.012346	0.022073
Superscaffold4	74651871	74864775	0.145128	0.082686	0.056808	0.084001
Superscaffold4	74864899	75206513	0.171645	0.095277	0.055288	0.124701
Superscaffold4	75206922	75904146	0.486162	0.160360	0.122710	0.402924
Superscaffold4	75904288	76736745	0.263850	0.073305	0.054633	0.203568
Superscaffold4	76736752	77442098	0.218180	0.098141	0.060959	0.179044
Superscaffold4	77442693	77832972	-0.748245	-0.371799	-0.206509	-0.678099
Superscaffold4	77833236	78394956	-0.050981	-0.024636	-0.016808	-0.033010
Superscaffold4	78395064	78694080	-0.112284	-0.058936	-0.035038	-0.055161
Superscaffold4	78694258	79134592	0.079546	0.028790	0.019889	0.037586
Superscaffold4	79134803	79964058	0.187837	0.077286	0.058428	0.134696
Superscaffold4	79969237	80357089	0.008495	0.003287	0.002185	0.010796
Superscaffold4	80357151	80664552	0.073729	0.035942	0.023448	0.049159
Superscaffold4	80664593	81155903	-0.040643	-0.018329	-0.011121	-0.022419
Superscaffold4	81155929	81429914	0.181233	0.076330	0.053569	0.110729
Superscaffold4	81430059	82213736	0.017173	0.004409	0.002564	0.011226
Superscaffold4	82214141	82591677	0.271198	0.134617	0.070553	0.172274
Superscaffold4	82592527	82935240	0.308926	0.139542	0.097169	0.223860
Superscaffold4	82935254	83155720	0.164508	0.093483	0.057859	0.118190
Superscaffold4	83155749	83442041	-0.117585	-0.067320	-0.044006	-0.067918
Superscaffold4	83442211	83839775	0.233076	0.090774	0.066580	0.152673
Superscaffold4	83839783	84374834	0.181574	0.067520	0.048542	0.118673
Superscaffold4	84374865	84718431	0.007062	0.002999	0.001950	0.003614
Superscaffold4	84718824	85065378	0.162032	0.060962	0.045660	0.083576
Superscaffold4	85065381	86037741	-0.057212	-0.023604	-0.015369	-0.043319
Superscaffold4	86037742	86317373	0.068245	0.039729	0.026954	0.035904
Superscaffold4	86317609	86566860	0.066669	0.034580	0.022980	0.040119
Superscaffold5	255895	553420	0.178560	0.071126	0.048662	0.111504
Superscaffold5	553532	986527	0.052926	0.020324	0.013708	0.033543
Superscaffold5	986544	1432745	0.056961	0.021159	0.012806	0.039668
Superscaffold5	1432766	2003505	-0.038670	-0.011303	-0.007380	-0.036831
Superscaffold5	2003608	2433690	0.074206	0.034298	0.017039	0.051252
Superscaffold5	2433701	3096853	0.180808	0.054703	0.038568	0.111431
Superscaffold5	3097051	3617018	0.280278	0.106544	0.068733	0.209363
Superscaffold5	3617106	4126978	0.211471	0.086264	0.050370	0.152452
Superscaffold5	4127033	5217937	0.009573	0.002903	0.002032	0.001975
Superscaffold5	5218531	6192256	0.518515	0.205274	0.125855	0.437442
Superscaffold5	6192509	6610626	0.454314	0.185546	0.101198	0.364141
Superscaffold5	6610678	7346863	-0.010634	-0.004273	-0.002535	-0.006614
Superscaffold5	7346900	7831176	0.223419	0.078250	0.050120	0.150946
Superscaffold5	7831220	8369940	-0.129424	-0.053436	-0.035254	-0.085252
Superscaffold5	8370403	8778136	-0.089377	-0.038907	-0.025727	-0.043789
Superscaffold5	8778369	9121959	0.062673	0.029653	0.016612	0.034493
Superscaffold5	9122243	9454514	0.204706	0.072731	0.053736	0.133187
Superscaffold5	9454552	10103765	0.010620	0.004407	0.002872	0.008677
Superscaffold5	10103911	10719841	-0.007488	-0.002945	-0.001853	-0.005786
Superscaffold5	10719927	11241514	0.089913	0.031864	0.020818	0.070061
Superscaffold5	11241577	11623284	0.098670	0.044960	0.024493	0.068006
Superscaffold5	11623330	13184320	0.144990	0.045232	0.031776	0.095647
Superscaffold5	13192941	14240614	0.185914	0.071123	0.048782	0.108080
Superscaffold5	14240672	14673033	0.050452	0.021925	0.013662	0.030410
Superscaffold5	14673109	14998368	0.223207	0.099887	0.061253	0.154657
Superscaffold5	14998375	15477434	-0.114986	-0.048078	-0.025507	-0.077955
Superscaffold5	15477934	15967158	-0.125024	-0.056279	-0.033682	-0.083070
Superscaffold5	15967240	16440552	-0.083660	-0.036025	-0.020984	-0.054270
Superscaffold5	16440679	16895850	-0.074311	-0.032575	-0.020670	-0.035382
Superscaffold5	16895927	17529329	0.109901	0.042754	0.028748	0.065074
Superscaffold5	17529474	17899253	-0.294108	-0.172163	-0.089778	-0.171992
Superscaffold5	17899665	18122814	0.030326	0.014455	0.009743	0.021195
Superscaffold5	18122899	18377634	-0.126846	-0.070355	-0.045098	-0.074075
Superscaffold5	18377646	18825981	-0.029075	-0.011911	-0.007394	-0.024927
Superscaffold5	18825999	19353411	-0.008641	-0.002735	-0.001841	-0.004479
Superscaffold5	19353435	19794915	0.082763	0.025090	0.015227	0.065790
Superscaffold5	19794921	20157191	-0.051076	-0.024278	-0.013984	-0.031263
Superscaffold5	20157194	20577315	0.076793	0.032585	0.018302	0.059107
Superscaffold5	20577500	21207240	0.156785	0.048013	0.035116	0.111950
Superscaffold5	21207461	21652432	-0.544982	-0.263241	-0.149843	-0.421119
Superscaffold5	21653878	22006986	0.004940	0.002279	0.001361	0.000509
Superscaffold5	22007006	22622550	0.167027	0.066600	0.041514	0.107384
Superscaffold5	22622560	23197985	0.076591	0.025457	0.017616	0.045988
Superscaffold5	23198060	24005537	-0.053093	-0.021572	-0.013156	-0.034298
Superscaffold5	24005542	24579403	0.002635	0.001209	0.000747	-0.001096
Superscaffold5	24579436	24978236	-0.223180	-0.080134	-0.048424	-0.180201
Superscaffold5	24978249	25440429	-0.250480	-0.083040	-0.056252	-0.200619
Superscaffold5	25440489	25913553	-0.095231	-0.039919	-0.022629	-0.075548
Superscaffold5	25913621	26929856	0.113291	0.027333	0.017974	0.077650
Superscaffold5	26932153	27653930	-0.029040	-0.009656	-0.005943	-0.018946
Superscaffold5	27653962	28411202	-0.006779	-0.001760	-0.001142	-0.000094
Superscaffold5	28411206	28817132	-0.029307	-0.012379	-0.007826	-0.024775
Superscaffold5	28818377	29298439	0.401610	0.129182	0.082092	0.330920
Superscaffold5	29298535	29671860	-0.067681	-0.028646	-0.018316	-0.059144
Superscaffold5	29672226	29979211	-0.100570	-0.049905	-0.031605	-0.064553
Superscaffold5	29979293	30274786	-0.072480	-0.025240	-0.017996	-0.035982
Superscaffold5	30274806	30813885	0.447537	0.169168	0.106809	0.331149
Superscaffold5	30814055	31333035	0.053254	0.016952	0.009996	0.039093
Superscaffold5	31333182	31623675	0.585693	0.286848	0.192792	0.470200
Superscaffold5	31623681	32043768	-0.017042	-0.007804	-0.004251	-0.012469
Superscaffold5	32043769	32361842	0.681313	0.346134	0.229639	0.572069
Superscaffold5	32361886	33011346	-0.133245	-0.069269	-0.036693	-0.098446
Superscaffold5	33011406	33282293	0.136433	0.078199	0.053940	0.078978
Superscaffold5	33282315	33804435	0.610033	0.287054	0.155952	0.489895
Superscaffold5	33804668	34022189	-0.247810	-0.162421	-0.090361	-0.236648
Superscaffold5	34022236	34346609	0.805644	0.429718	0.280282	0.729434
Superscaffold5	34346652	34834243	0.050649	0.015262	0.008982	0.038021
Superscaffold5	34834248	35247021	0.081917	0.027174	0.016921	0.067961
Superscaffold5	35247085	35587686	-0.082456	-0.030976	-0.018640	-0.067667
Superscaffold5	35588225	36056091	-0.017949	-0.004383	-0.002800	-0.017524
Superscaffold5	36056102	36547808	-0.105134	-0.032860	-0.018619	-0.088690
Superscaffold5	36547856	37034993	0.019204	0.005579	0.003564	0.023812
Superscaffold5	37035003	37406811	0.129928	0.057043	0.036583	0.063950
Superscaffold5	37406878	37630514	0.127366	0.059603	0.032092	0.084599
Superscaffold5	37630522	38051026	-0.082717	-0.027599	-0.016932	-0.072328
Superscaffold5	38051035	38529201	0.203107	0.048430	0.034205	0.174835
Superscaffold5	38529493	39156480	-0.122477	-0.040128	-0.026132	-0.084523
Superscaffold5	39156570	39934017	0.145477	0.035519	0.026141	0.094395
Superscaffold5	39934056	40629306	-0.058517	-0.028714	-0.016936	-0.035938
Superscaffold5	40629309	41432948	-0.165962	-0.060163	-0.037625	-0.110634
Superscaffold5	41433124	42166654	0.000398	0.000099	0.000066	0.001931
Superscaffold5	42166697	42718353	0.103287	0.031587	0.019568	0.075333
Superscaffold5	42718677	43193930	0.026619	0.009889	0.006938	0.013012
Superscaffold5	43193938	43579828	-0.079709	-0.027845	-0.017874	-0.055467
Superscaffold5	43579835	43943509	0.097447	0.031443	0.022822	0.064022
Superscaffold5	43943534	44380397	-0.026515	-0.009217	-0.006951	-0.019168
Superscaffold5	44380415	44704856	-0.096641	-0.054889	-0.035591	-0.056594
Superscaffold5	44704869	45071918	0.242070	0.104941	0.067007	0.172320
Superscaffold5	45072140	45854724	0.069217	0.025363	0.016608	0.052412
Superscaffold5	45854726	46492142	-0.067637	-0.042543	-0.022799	-0.050350
Superscaffold5	46492167	46849564	-0.073561	-0.040431	-0.023940	-0.051422
Superscaffold5	46849606	47385671	0.336107	0.115197	0.075964	0.258766
Superscaffold5	47385712	47841239	0.033453	0.013070	0.007851	0.021824
Superscaffold5	47841599	48348554	0.124954	0.043597	0.025432	0.088471
Superscaffold5	48348667	48692189	0.103033	0.048574	0.025405	0.062835
Superscaffold5	48692431	49277445	0.174152	0.079079	0.045390	0.105284
Superscaffold5	49277460	49651496	0.252275	0.119245	0.085578	0.162080
Superscaffold5	49651523	50054184	0.313306	0.145341	0.079470	0.196638
Superscaffold5	50054190	50438741	0.087192	0.046192	0.024146	0.046929
Superscaffold5	50438833	50808033	0.093405	0.040138	0.020472	0.052439
Superscaffold5	50808387	51069599	0.318025	0.122338	0.065450	0.211065
Superscaffold5	51069865	51441503	0.204116	0.105164	0.056915	0.110661
Superscaffold5	51441548	51722550	0.006286	0.003709	0.001919	0.001866
Superscaffold5	51722638	52151686	-0.185515	-0.081358	-0.046857	-0.122070
Superscaffold5	52152504	52592022	-0.065566	-0.025207	-0.015979	-0.049759
Superscaffold5	52592041	52844107	-0.185985	-0.087234	-0.055441	-0.114836
Superscaffold5	52844407	53227493	0.228376	0.077754	0.053554	0.158377
Superscaffold5	53227641	53720591	-0.010063	-0.003381	-0.001998	-0.002022
Superscaffold5	53721214	54460993	0.252770	0.066108	0.046187	0.181377
Superscaffold5	54461215	55627248	-0.062075	-0.020532	-0.013246	-0.033778
Superscaffold5	55627249	56115076	0.105691	0.030252	0.019836	0.076945
Superscaffold5	56115126	56567131	0.100473	0.038835	0.024671	0.066722
Superscaffold5	56567605	57017629	0.198541	0.076839	0.048962	0.148313
Superscaffold5	57017646	57441329	-0.446944	-0.232579	-0.129388	-0.349722
Superscaffold5	57441573	57932710	0.052356	0.018438	0.011364	0.036378
Superscaffold5	57932775	58519634	0.221707	0.070290	0.044856	0.176803
Superscaffold5	58520010	59017582	0.153910	0.049530	0.030882	0.121102
Superscaffold5	59017598	59564126	0.112918	0.037401	0.021432	0.090771
Superscaffold5	59564136	60332012	0.054744	0.015416	0.009442	0.037278
Superscaffold5	60332058	60994335	0.390213	0.158770	0.098118	0.306794
Superscaffold5	60994338	61644521	0.266634	0.075260	0.048971	0.174798
Superscaffold5	61644711	62159943	0.102467	0.038177	0.024552	0.078049
Superscaffold5	62161406	62666155	-0.070192	-0.020902	-0.014733	-0.055874
Superscaffold5	62666451	63162779	0.030245	0.008936	0.005687	0.017476
Superscaffold5	63162959	63584524	0.199931	0.079979	0.049578	0.152740
Superscaffold5	63584581	63809110	0.007016	0.003927	0.002323	0.004101
Superscaffold5	63809151	64079704	-0.051368	-0.022447	-0.013929	-0.030031
Superscaffold5	64079707	64868019	0.092004	0.028116	0.018746	0.065481
Superscaffold5	64868413	65421527	0.167957	0.055824	0.032163	0.136806
Superscaffold5	65421528	65962657	0.096652	0.036482	0.021632	0.090123
Superscaffold5	65962699	66415506	0.107644	0.042016	0.024856	0.080904
Superscaffold5	66415550	67009846	0.103544	0.025128	0.017135	0.080266
Superscaffold5	67010056	67594357	-0.053464	-0.020336	-0.012904	-0.041799
Superscaffold5	67594534	68543107	0.207997	0.095222	0.060281	0.117475
Superscaffold5	68543108	69648617	-0.081852	-0.036149	-0.021944	-0.040544
Superscaffold5	69648682	69997709	-0.044363	-0.020218	-0.014849	-0.032470
Superscaffold5	69997713	70950402	-0.111895	-0.043857	-0.027244	-0.054852
Superscaffold5	70950439	71542141	0.041404	0.013270	0.008534	0.032155
Superscaffold5	71542209	72374716	0.255751	0.099536	0.063037	0.174951
Superscaffold5	72374727	73132066	-0.030406	-0.012160	-0.007140	-0.015941
Superscaffold5	73132071	73420257	0.055135	0.026186	0.016654	0.028277
Superscaffold5	73420390	73893236	0.462113	0.180979	0.127743	0.272040
Superscaffold5	73893244	74432928	0.277562	0.083298	0.055117	0.196752
Superscaffold5	74432998	74969756	0.001782	0.000621	0.000414	-0.001380
Superscaffold5	74970163	75649882	0.068185	0.033336	0.021705	0.041855
Superscaffold5	75649956	76093974	-0.061469	-0.023208	-0.016685	-0.047429
Superscaffold5	76094048	76420751	-0.076317	-0.027210	-0.018196	-0.044329
Superscaffold5	76420759	76832055	0.192001	0.070160	0.046286	0.118037
Superscaffold5	76832056	77301786	0.292726	0.111375	0.069256	0.189204
Superscaffold5	77301853	77814951	0.053487	0.012058	0.009417	0.029431
Superscaffold5	77815163	78117337	0.326399	0.178452	0.111038	0.242456
Superscaffold5	78117385	78575911	-0.106308	-0.038515	-0.024338	-0.061501
Superscaffold5	78575926	79277130	0.056658	0.017214	0.011389	0.034622
Superscaffold5	79277197	79949644	0.047980	0.016440	0.010863	0.030020
Superscaffold5	79949670	80185313	-0.125601	-0.073105	-0.047184	-0.071087
Superscaffold5	80185373	80808553	0.105979	0.031836	0.023266	0.063906
Superscaffold5	80808584	81187131	-0.053949	-0.027006	-0.015646	-0.027233
Superscaffold5	81187211	81577821	0.177929	0.094396	0.061272	0.111570
Superscaffold5	81577823	81988749	-0.052554	-0.025147	-0.016391	-0.026838
Superscaffold6	136075	561212	0.061141	0.023169	0.016420	0.040201
Superscaffold6	561260	982476	-0.128229	-0.059943	-0.036639	-0.085440
Superscaffold6	982765	1342063	0.108974	0.045580	0.033820	0.065491
Superscaffold6	1342245	1743576	0.010226	0.004702	0.002947	0.003529
Superscaffold6	1743692	2224622	0.249754	0.087843	0.054590	0.159266
Superscaffold6	2224659	2719308	0.075044	0.028772	0.019258	0.056367
Superscaffold6	2719461	3356859	0.193367	0.050039	0.031786	0.150607
Superscaffold6	3356891	3893353	0.126660	0.044452	0.029354	0.077743
Superscaffold6	3893793	4841363	-0.079835	-0.029527	-0.019116	-0.046635
Superscaffold6	4841405	5240957	0.104635	0.036730	0.024951	0.075632
Superscaffold6	5240980	5695876	0.078920	0.028630	0.017822	0.060105
Superscaffold6	5695907	6373009	0.245707	0.085374	0.052026	0.169024
Superscaffold6	6373258	6846348	-0.082932	-0.026077	-0.017472	-0.060330
Superscaffold6	6846356	7055654	0.385924	0.270275	0.182280	0.278333
Superscaffold6	7055710	7655176	-0.095587	-0.030043	-0.020688	-0.064331
Superscaffold6	7655179	8177716	0.079223	0.024861	0.017475	0.060401
Superscaffold6	8178428	8472570	-0.325829	-0.139001	-0.089832	-0.210097
Superscaffold6	8472739	8961583	0.210015	0.112280	0.071767	0.155277
Superscaffold6	8961698	9595651	0.504946	0.180901	0.114287	0.400751
Superscaffold6	9596655	10043714	0.275838	0.088903	0.058102	0.227653
Superscaffold6	10043719	10608209	0.139685	0.052991	0.030890	0.108821
Superscaffold6	10608626	11448921	-0.066021	-0.018775	-0.013083	-0.038185
Superscaffold6	11448952	12080892	0.310252	0.111222	0.067234	0.245187
Superscaffold6	12080912	12708650	0.076029	0.019503	0.011744	0.057312
Superscaffold6	12708860	13347540	0.062030	0.022414	0.012529	0.043723
Superscaffold6	13347571	14014215	0.239951	0.077092	0.045317	0.164278
Superscaffold6	14014217	14579729	0.004072	0.001186	0.000739	0.005733
Superscaffold6	14579842	15012203	-0.142453	-0.048988	-0.028048	-0.096690
Superscaffold6	15012227	15598879	0.274924	0.085859	0.050624	0.201212
Superscaffold6	15600645	16054475	0.309261	0.089289	0.057842	0.252404
Superscaffold6	16054535	16380516	-0.049566	-0.017965	-0.010405	-0.040950
Superscaffold6	16380518	16559451	-0.038105	-0.024303	-0.012483	-0.036922
Superscaffold6	16559474	17175286	0.284503	0.096090	0.048070	0.224984
Superscaffold6	17175866	17550423	-0.209408	-0.077776	-0.049075	-0.179186
Superscaffold6	17550453	18151044	0.049420	0.014876	0.008689	0.040908
Superscaffold6	18152185	18467496	0.120624	0.055708	0.034762	0.084390
Superscaffold6	18467509	18772786	0.108377	0.044765	0.027108	0.087068
Superscaffold6	18772790	19248552	0.195741	0.069642	0.037581	0.155303
Superscaffold6	19248758	19733530	0.333427	0.110730	0.064417	0.255425
Superscaffold6	19735225	20180934	0.357868	0.143549	0.078355	0.271941
Superscaffold6	20180951	20558209	0.045353	0.018979	0.011938	0.034678
Superscaffold6	20558289	20969363	-0.116450	-0.052242	-0.030715	-0.088021
Superscaffold6	20969364	21454205	0.112181	0.039544	0.024415	0.076996
Superscaffold6	21454306	22095269	0.238315	0.067899	0.039669	0.201630
Superscaffold6	22095296	22438121	0.503557	0.261684	0.135531	0.412920
Superscaffold6	22438223	22969697	-0.051815	-0.014632	-0.008072	-0.041219
Superscaffold6	22969772	23422775	0.472096	0.195812	0.107009	0.344235
Superscaffold6	23424479	24157908	0.448424	0.169165	0.089172	0.364922
Superscaffold6	24158101	24706728	0.103826	0.039917	0.024776	0.081415
Superscaffold6	24708120	25317866	-0.130482	-0.065139	-0.027669	-0.080109
Superscaffold6	25317882	25766106	0.404811	0.109841	0.073038	0.256608
Superscaffold6	25766262	26262757	0.044162	0.013462	0.007572	0.031798
Superscaffold6	26263094	26747724	0.363704	0.098583	0.069250	0.249795
Superscaffold6	26747733	27238683	0.126672	0.044241	0.028344	0.105646
Superscaffold6	27238684	27678695	0.210610	0.082194	0.048606	0.170318
Superscaffold6	27678779	28102264	0.460201	0.159914	0.101096	0.372024
Superscaffold6	28102329	28448885	-0.193307	-0.089588	-0.049576	-0.116790
Superscaffold6	28448984	28764247	0.214439	0.094309	0.052126	0.154596
Superscaffold6	28764346	29186459	0.247656	0.088844	0.055195	0.172609
Superscaffold6	29186502	29897408	0.090248	0.023520	0.014778	0.075645
Superscaffold6	29903202	30888360	0.155876	0.043658	0.026300	0.118200
Superscaffold6	30888742	31366362	-0.015225	-0.004765	-0.002988	-0.010759
Superscaffold6	31366393	31822161	0.082270	0.030647	0.021262	0.059166
Superscaffold6	31822173	32150683	0.317553	0.127156	0.088583	0.272175
Superscaffold6	32151102	32612218	0.291982	0.094469	0.060081	0.225677
Superscaffold6	32612253	32957733	0.152444	0.054003	0.035479	0.094687
Superscaffold6	32957734	33740825	0.087406	0.031741	0.021880	0.048436
Superscaffold6	33740884	34297993	-0.043671	-0.012730	-0.007546	-0.032317
Superscaffold6	34298236	35032667	0.131748	0.040173	0.026464	0.100856
Superscaffold6	35033117	35616873	-0.078924	-0.037689	-0.019790	-0.051484
Superscaffold6	35616929	35998962	0.362035	0.167070	0.093564	0.253160
Superscaffold6	35999070	36471101	0.068506	0.022089	0.012474	0.050411
Superscaffold6	36471249	36933701	0.096544	0.032653	0.018799	0.068348
Superscaffold6	36933758	37442882	0.250957	0.095090	0.053466	0.202419
Superscaffold6	37442941	38050701	0.363045	0.117207	0.085269	0.296495
Superscaffold6	38050705	38508741	0.155446	0.055028	0.033204	0.125990
Superscaffold6	38509691	38976564	0.101989	0.030935	0.018224	0.082546
Superscaffold6	38976619	39512496	0.246333	0.078915	0.051090	0.210510
Superscaffold6	39512527	39947538	-0.068886	-0.022396	-0.013902	-0.064207
Superscaffold6	39947860	40505460	0.202225	0.065365	0.043083	0.153562
Superscaffold6	40505620	41122598	-0.048576	-0.016884	-0.010965	-0.036488
Superscaffold6	41122613	41591717	0.302619	0.098999	0.064560	0.207143
Superscaffold6	41591760	42029314	0.285163	0.123138	0.063548	0.223956
Superscaffold6	42029323	42567155	0.230348	0.077162	0.050223	0.166362
Superscaffold6	42567553	42991719	0.375914	0.194410	0.131216	0.302685
Superscaffold6	42991780	43489070	-0.063279	-0.017553	-0.012331	-0.048929
Superscaffold6	43489252	44049134	0.045998	0.011279	0.007445	0.032299
Superscaffold6	44049260	44452304	-0.110060	-0.041714	-0.023840	-0.078855
Superscaffold6	44452408	44948721	-0.095182	-0.029486	-0.018725	-0.083163
Superscaffold6	44949185	45497814	0.197439	0.061368	0.038209	0.154384
Superscaffold6	45497826	45933131	0.144388	0.039648	0.029407	0.115686
Superscaffold6	45933199	46361015	0.300541	0.138711	0.097454	0.182759
Superscaffold6	46361028	46819935	0.083998	0.045264	0.029154	0.057351
Superscaffold6	46823899	47297363	0.088529	0.038177	0.023225	0.054463
Superscaffold6	47297372	47932900	-0.022495	-0.005203	-0.003546	-0.019576
Superscaffold6	47937770	48841019	-0.012260	-0.003124	-0.001893	-0.008389
Superscaffold6	48841180	49289820	-0.003366	-0.001124	-0.000731	-0.008616
Superscaffold6	49289952	49630836	0.011262	0.003967	0.002384	0.006818
Superscaffold6	49630877	50202337	-0.078632	-0.027742	-0.016293	-0.059508
Superscaffold6	50202360	50711777	0.144595	0.047516	0.030415	0.116476
Superscaffold6	50711870	51394552	-0.114653	-0.034245	-0.022386	-0.087059
Superscaffold6	51394561	52183167	-0.000295	-0.000092	-0.000061	-0.000618
Superscaffold6	52183432	52725084	-0.068505	-0.025509	-0.017477	-0.044056
Superscaffold6	52725244	53211467	-0.030073	-0.009079	-0.006211	-0.017099
Superscaffold7	169708	526109	0.018163	0.010799	0.006953	0.008330
Superscaffold7	526119	964604	-0.054969	-0.026508	-0.016632	-0.025118
Superscaffold7	964612	1235718	-0.286100	-0.124706	-0.082334	-0.166366
Superscaffold7	1235719	1504925	-0.114942	-0.059979	-0.038673	-0.069038
Superscaffold7	1504996	1841082	0.004874	0.001955	0.001376	0.007455
Superscaffold7	1841094	2958445	-0.115304	-0.023635	-0.017823	-0.071053
Superscaffold7	2958446	3606664	0.016267	0.005017	0.003218	0.010319
Superscaffold7	3606809	3974611	0.091815	0.046548	0.033158	0.052766
Superscaffold7	3974620	4442744	0.027658	0.011284	0.008457	0.015921
Superscaffold7	4442815	4850919	-0.011191	-0.004192	-0.003054	-0.008744
Superscaffold7	4851021	5229462	-0.013046	-0.004958	-0.003642	-0.010356
Superscaffold7	5229620	5442165	0.080185	0.044725	0.030815	0.043578
Superscaffold7	5442313	5705735	0.008489	0.005446	0.003263	0.007114
Superscaffold7	5705851	5940483	0.075495	0.052936	0.033016	0.040860
Superscaffold7	5940520	6158147	-0.035034	-0.020941	-0.013095	-0.016148
Superscaffold7	6158186	6742788	-0.032735	-0.012875	-0.009478	-0.022123
Superscaffold7	6742836	7438025	0.099010	0.035179	0.025259	0.063926
Superscaffold7	7438046	7724661	-0.091608	-0.059586	-0.036278	-0.044152
Superscaffold7	7724669	8028891	0.075175	0.036319	0.023825	0.043235
Superscaffold7	8028955	8314272	-0.152158	-0.075035	-0.046435	-0.096098
Superscaffold7	8314379	8906518	0.386792	0.120717	0.094854	0.258846
Superscaffold7	8906587	9275819	0.007010	0.002499	0.001649	0.001648
Superscaffold7	9275966	10098792	0.132696	0.033415	0.024509	0.085327
Superscaffold7	10098830	10514435	-0.054300	-0.012702	-0.009205	-0.035393
Superscaffold7	10514575	10975355	0.034881	0.015387	0.010300	0.023668
Superscaffold7	10975424	11418608	0.121985	0.047908	0.031357	0.099883
Superscaffold7	11419201	11737226	0.282106	0.114624	0.066605	0.215146
Superscaffold7	11737238	11986454	0.058946	0.032777	0.019862	0.040807
Superscaffold7	11986524	12522488	-0.000397	-0.000130	-0.000083	0.005914
Superscaffold7	12522522	12858912	0.129789	0.061407	0.037171	0.083953
Superscaffold7	12858920	13611967	0.194096	0.057817	0.038209	0.126605
Superscaffold7	13612005	14412003	0.099887	0.026943	0.018180	0.068275
Superscaffold7	14412276	14718154	0.030112	0.013322	0.007670	0.022113
Superscaffold7	14718410	15168234	0.238116	0.076386	0.047108	0.185224
Superscaffold7	15168239	15676872	0.574622	0.235224	0.148264	0.478854
Superscaffold7	15678756	16260264	-0.243428	-0.098874	-0.057676	-0.163510
Superscaffold7	16260279	16701994	0.375365	0.137867	0.095581	0.267139
Superscaffold7	16702034	17224128	0.374298	0.142039	0.090263	0.260257
Superscaffold7	17224221	17665245	0.148593	0.038357	0.023791	0.111229
Superscaffold7	17665329	18018135	0.362720	0.166877	0.097307	0.267262
Superscaffold7	18018502	18479437	0.242282	0.085552	0.044444	0.189253
Superscaffold7	18479483	19165744	0.059330	0.009741	0.006266	0.047080
Superscaffold7	19166475	19514823	-0.165090	-0.051018	-0.031821	-0.110555
Superscaffold7	19517034	20000035	-0.133983	-0.033676	-0.021922	-0.087732
Superscaffold7	20000167	20336702	0.208193	0.083330	0.050377	0.165178
Superscaffold7	20336826	20678551	0.478681	0.222426	0.115521	0.397799
Superscaffold7	20678577	21090150	-0.036606	-0.017634	-0.009551	-0.033244
Superscaffold7	21090878	21410482	0.072173	0.022801	0.012609	0.062879
Superscaffold7	21410514	21695473	0.267593	0.093774	0.056896	0.208672
Superscaffold7	21695659	22249084	-0.022798	-0.007326	-0.004286	-0.014559
Superscaffold7	22249108	22771535	0.248759	0.091676	0.054565	0.188901
Superscaffold7	22771555	23058491	-0.239117	-0.096277	-0.057030	-0.188471
Superscaffold7	23058514	23348142	-0.384282	-0.176257	-0.094067	-0.268444
Superscaffold7	23348146	23783169	0.238924	0.069817	0.044579	0.165133
Superscaffold7	23783316	24153347	0.277371	0.123007	0.074713	0.189908
Superscaffold7	24153348	24480188	0.430227	0.175384	0.108601	0.282975
Superscaffold7	24480248	24805859	0.333993	0.126415	0.076751	0.257964
Superscaffold7	24805975	25246613	-0.110705	-0.047962	-0.030782	-0.057623
Superscaffold7	25246647	25615362	0.152813	0.058908	0.036438	0.089027
Superscaffold7	25616706	26033247	0.277854	0.110414	0.063529	0.200348
Superscaffold7	26033560	26718505	0.264007	0.104419	0.059152	0.178955
Superscaffold7	26718575	27138852	0.027094	0.008740	0.005560	0.025433
Superscaffold7	27138990	27497547	0.059263	0.023527	0.015352	0.045513
Superscaffold7	27497572	27953652	0.034342	0.012457	0.007758	0.027560
Superscaffold7	27953714	28348222	0.031039	0.008796	0.005555	0.026953
Superscaffold7	28348351	28844546	-0.025161	-0.007387	-0.004805	-0.021538
Superscaffold7	28844547	29392407	0.091086	0.034075	0.019325	0.052673
Superscaffold7	29392694	29870762	-0.266212	-0.087459	-0.056504	-0.199071
Superscaffold7	29871466	30388165	0.047079	0.012385	0.008637	0.031119
Superscaffold7	30388172	30930439	0.070304	0.021777	0.013580	0.048965
Superscaffold7	30930660	31681386	0.129962	0.040327	0.026329	0.091080
Superscaffold7	31681407	32018228	0.002784	0.001174	0.000698	0.004187
Superscaffold7	32018336	32504330	-0.023510	-0.007600	-0.003925	-0.013804
Superscaffold7	32505494	32974798	0.363439	0.134436	0.076592	0.260245
Superscaffold7	32975084	33440452	-0.108186	-0.030700	-0.020129	-0.069987
Superscaffold7	33440634	33848889	0.154702	0.059602	0.044022	0.103475
Superscaffold7	33849050	34367326	-0.024259	-0.009066	-0.005325	-0.009399
Superscaffold7	34367694	34739949	0.031636	0.013309	0.008478	0.020201
Superscaffold7	34739951	35182894	-0.059525	-0.023632	-0.015009	-0.038924
Superscaffold7	35182917	35764933	0.202627	0.076635	0.048174	0.136029
Superscaffold7	35764939	36213293	0.158463	0.047017	0.030454	0.124652
Superscaffold7	36213334	36627906	0.166597	0.090692	0.053024	0.126278
Superscaffold7	36627956	37173688	0.125429	0.040724	0.026106	0.093194
Superscaffold7	37173712	37617693	0.154028	0.065870	0.036722	0.113008
Superscaffold7	37617754	37955840	0.573258	0.330158	0.187384	0.492482
Superscaffold7	37955877	38464217	0.406318	0.153635	0.093149	0.317122
Superscaffold7	38464319	38886624	0.009814	0.004146	0.002637	0.006986
Superscaffold7	38886665	39183035	0.181045	0.088787	0.058018	0.113293
Superscaffold7	39183086	39540356	0.265956	0.123625	0.075229	0.195554
Superscaffold7	39540386	40238354	0.318958	0.117082	0.073012	0.219632
Superscaffold7	40239245	40736113	0.284851	0.101978	0.060509	0.211142
Superscaffold7	40736168	41583247	0.072339	0.024515	0.015566	0.053469
Superscaffold7	41583552	41978775	0.008691	0.004028	0.002608	0.007626
Superscaffold7	41979158	42321678	-0.121494	-0.051714	-0.034313	-0.082761
Superscaffold7	42321722	42694726	0.197819	0.072535	0.050204	0.116020
Superscaffold7	42694728	43232835	-0.071788	-0.034984	-0.020063	-0.046699
Superscaffold7	43232865	43789421	-0.006157	-0.002608	-0.001672	-0.005200
Superscaffold7	43789640	44174334	0.110748	0.037084	0.027337	0.070324
Superscaffold7	44174379	44504960	0.045071	0.016478	0.011870	0.026203
Superscaffold7	44505033	44952511	-0.084832	-0.033488	-0.023693	-0.047866
Superscaffold7	44952616	45280210	-0.136054	-0.062360	-0.041169	-0.077374
Superscaffold7	45280258	45662746	0.215806	0.086297	0.063412	0.134156
Superscaffold7	45662775	45986411	-0.089452	-0.042317	-0.026739	-0.052395
Superscaffold7	45986476	46361751	-0.081724	-0.029174	-0.021328	-0.062941
Superscaffold7	46361783	46979441	0.137717	0.051072	0.034452	0.084387
Superscaffold7	46979457	47917597	-0.089051	-0.040884	-0.025706	-0.057239
Superscaffold7	47917610	48260119	0.075145	0.028113	0.017282	0.054593
Superscaffold7	48260327	48706597	-0.091887	-0.040551	-0.022220	-0.065644
Superscaffold7	48706658	49098748	0.017003	0.006984	0.003788	0.015867
Superscaffold7	49098846	49688285	0.047817	0.014503	0.009554	0.028165
Superscaffold8	706633	982109	-0.330295	-0.173300	-0.101948	-0.235165
Superscaffold8	982115	1395780	-0.222396	-0.125061	-0.068326	-0.143066
Superscaffold8	1395896	1990444	-0.496283	-0.300859	-0.161363	-0.375762
Superscaffold8	1990468	2348096	0.082226	0.033990	0.022115	0.047309
Superscaffold8	2348100	2589005	0.294468	0.152056	0.108639	0.188012
Superscaffold8	2589507	3548610	0.073801	0.025896	0.017843	0.050581
Superscaffold8	3548656	3942087	-0.057136	-0.019623	-0.013796	-0.036769
Superscaffold8	3942108	4284650	-0.115914	-0.052253	-0.029540	-0.063268
Superscaffold8	4284857	4703571	0.031375	0.015324	0.009182	0.022452
Superscaffold8	4703573	5176075	0.201223	0.075327	0.052065	0.105879
Superscaffold8	5176076	5631044	0.078202	0.039989	0.025786	0.042138
Superscaffold8	5631244	6079946	0.012843	0.006638	0.004019	0.003431
Superscaffold8	6079961	6609190	0.047880	0.019294	0.013858	0.034931
Superscaffold8	6609211	6989118	0.104305	0.045065	0.031986	0.057892
Superscaffold8	6989193	7273413	0.032385	0.016684	0.010489	0.015846
Superscaffold8	7273491	7766072	0.168968	0.066270	0.042545	0.119710
Superscaffold8	7766265	8322308	0.164667	0.066151	0.042977	0.123008
Superscaffold8	8322327	9002759	0.195965	0.081794	0.049575	0.118105
Superscaffold8	9002803	9344958	0.124840	0.054844	0.031130	0.097224
Superscaffold8	9344966	10125135	0.007883	0.002811	0.001926	-0.004513
Superscaffold8	10125252	10567625	-0.019513	-0.006520	-0.003716	-0.012901
Superscaffold8	10567791	10921465	-0.249972	-0.119243	-0.074767	-0.174494
Superscaffold8	10921555	11190763	0.066185	0.037601	0.025172	0.043285
Superscaffold8	11190779	11524053	0.249094	0.114967	0.070765	0.173644
Superscaffold8	11524078	12016053	0.228630	0.066562	0.049424	0.145851
Superscaffold8	12016147	12531043	0.218093	0.067421	0.050620	0.160524
Superscaffold8	12531089	12838842	-0.034832	-0.017468	-0.011367	-0.016066
Superscaffold8	12839226	13405101	0.140085	0.052895	0.032817	0.101411
Superscaffold8	13405742	13845583	-0.033170	-0.008524	-0.005530	-0.023468
Superscaffold8	13845642	14254220	0.330023	0.112322	0.073198	0.289747
Superscaffold8	14254226	14569678	0.586295	0.247165	0.181139	0.394052
Superscaffold8	14569724	15114653	0.341534	0.171372	0.112686	0.287040
Superscaffold8	15117440	15497442	0.259686	0.111843	0.055077	0.182637
Superscaffold8	15497507	15830676	0.071540	0.037486	0.023241	0.044806
Superscaffold8	15830718	16406412	-0.177158	-0.085129	-0.053930	-0.117402
Superscaffold8	16406516	16837086	-0.137714	-0.046504	-0.028853	-0.115792
Superscaffold8	16837111	17151319	-0.278466	-0.081217	-0.054703	-0.162273
Superscaffold8	17151354	17646870	0.043362	0.014432	0.009752	0.025227
Superscaffold8	17648556	18086268	0.094240	0.029608	0.020397	0.059620
Superscaffold8	18086276	18375886	0.225766	0.110387	0.072142	0.121680
Superscaffold8	18375912	18763814	0.288740	0.118344	0.076525	0.214024
Superscaffold8	18763834	19161276	-0.042019	-0.014634	-0.008847	-0.033796
Superscaffold8	19161353	19503175	0.216516	0.086330	0.060044	0.170728
Superscaffold8	19503234	19810894	-0.082287	-0.048703	-0.028021	-0.058889
Superscaffold8	19810930	20195519	-0.218776	-0.082687	-0.048913	-0.164321
Superscaffold8	20195646	20565005	0.012469	0.004424	0.002901	0.014419
Superscaffold8	20565194	20835208	0.320117	0.118226	0.075833	0.195355
Superscaffold8	20835340	21407590	0.355838	0.082410	0.055667	0.277246
Superscaffold8	21407635	21684161	0.699719	0.365794	0.221915	0.646685
Superscaffold8	21684757	21989396	0.406934	0.142834	0.084367	0.365342
Superscaffold8	21989553	22378981	0.280266	0.085820	0.052757	0.233784
Superscaffold8	22378989	22741671	0.358491	0.109537	0.062085	0.307304
Superscaffold8	22741682	23233075	0.497301	0.144417	0.092114	0.424279
Superscaffold8	23233099	23637087	0.596378	0.254494	0.134213	0.547403
Superscaffold8	23637190	24251280	0.632932	0.214505	0.137712	0.567417
Superscaffold8	24252917	24891568	0.080597	0.015385	0.010846	0.059303
Superscaffold8	24891848	25583702	0.027355	0.007087	0.004141	0.024306
Superscaffold8	25583803	26059309	-0.051596	-0.021787	-0.012068	-0.039420
Superscaffold8	26059452	26451190	0.359149	0.138765	0.084504	0.298881
Superscaffold8	26451217	27049762	0.326005	0.129769	0.081558	0.276232
Superscaffold8	27049767	27432742	0.195886	0.071277	0.039504	0.147324
Superscaffold8	27432757	27955993	0.124252	0.030532	0.020091	0.100719
Superscaffold8	27956006	28498832	0.258097	0.072577	0.046694	0.214510
Superscaffold8	28498967	29318455	0.113137	0.027099	0.016497	0.082351
Superscaffold8	29318995	29684656	-0.026217	-0.012048	-0.007700	-0.020019
Superscaffold8	29684716	29956008	0.108797	0.046041	0.029240	0.078231
Superscaffold8	29956091	30440682	0.182652	0.034951	0.025420	0.146403
Superscaffold8	30440702	30727731	0.644693	0.263046	0.162207	0.555327
Superscaffold8	30728006	30999802	-0.270803	-0.132740	-0.079737	-0.207753
Superscaffold8	30999947	31556464	0.089478	0.025926	0.014505	0.066503
Superscaffold8	31556563	32013107	0.223608	0.075922	0.047716	0.173294
Superscaffold8	32013236	32573599	0.085382	0.027231	0.018390	0.058422
Superscaffold8	32576931	33508492	-0.033894	-0.009254	-0.006209	-0.019492
Superscaffold8	33508501	33934431	-0.042084	-0.010049	-0.007067	-0.028763
Superscaffold8	33934530	34317912	0.181855	0.066663	0.041540	0.137353
Superscaffold8	34317948	34637028	0.119909	0.046670	0.027858	0.070887
Superscaffold8	34637335	35014929	-0.003348	-0.001400	-0.000853	-0.005290
Superscaffold8	35015007	35533950	0.196929	0.055823	0.036409	0.156065
Superscaffold8	35533954	36068825	0.087153	0.030570	0.018993	0.061075
Superscaffold8	36069135	36657813	-0.066814	-0.016940	-0.011997	-0.045468
Superscaffold8	36657819	37236487	0.091019	0.026771	0.019029	0.055247
Superscaffold8	37236599	37851227	-0.006201	-0.001681	-0.001157	-0.009422
Superscaffold8	37851332	38338932	0.028030	0.008782	0.006122	0.015148
Superscaffold8	38338945	38738597	-0.112002	-0.049808	-0.032784	-0.082069
Superscaffold8	38739052	39146492	0.256507	0.117940	0.079080	0.176007
Superscaffold8	39146519	39780419	0.038144	0.015114	0.009669	0.027597
Superscaffold8	39780632	40266351	0.051895	0.019487	0.012335	0.037301
Superscaffold8	40266412	40746161	0.052616	0.017037	0.011150	0.037599
Superscaffold8	40746162	41062709	0.005607	0.002341	0.001433	0.003925
Superscaffold8	41062719	41511213	0.248271	0.126468	0.074075	0.159730
Superscaffold8	41511280	41937334	0.108815	0.042378	0.028036	0.068263
Superscaffold8	41937385	43047024	0.006981	0.002348	0.001484	0.008452
Superscaffold8	43047033	43703732	0.062647	0.020714	0.013444	0.048705
Superscaffold8	43703813	44089457	0.146085	0.053712	0.035974	0.106683
Superscaffold8	44089461	44762821	0.139223	0.050149	0.030971	0.098106
Superscaffold8	44762843	45484617	0.312274	0.099447	0.061410	0.234037
Superscaffold8	45487336	46149428	0.381889	0.079763	0.054391	0.320468
Superscaffold8	46149467	46585398	0.550899	0.219841	0.144832	0.488031
Superscaffold8	46585728	47571804	0.166202	0.045658	0.029039	0.133944
Superscaffold8	47571878	48038041	0.475646	0.216361	0.109023	0.388636
Superscaffold8	48038056	48774831	0.120988	0.031906	0.020391	0.083760
Superscaffold8	48775672	49161488	0.287404	0.084516	0.055137	0.233784
Superscaffold8	49161490	49623178	0.414025	0.131227	0.084886	0.312033
Superscaffold8	49624739	50224065	0.108030	0.030498	0.019602	0.071559
Superscaffold8	50224106	50951345	0.056324	0.015773	0.009606	0.041523
Superscaffold8	50951385	51309727	0.036124	0.016715	0.010014	0.030340
Superscaffold8	51309897	51715605	0.206149	0.070765	0.042166	0.169609
Superscaffold8	51715644	52149113	0.178494	0.060012	0.036030	0.145738
Superscaffold8	52149283	52634862	0.098483	0.030988	0.020082	0.068128
Superscaffold8	52634959	53339117	0.265953	0.088628	0.062287	0.199075
Superscaffold8	53339119	53738784	0.397735	0.155802	0.110348	0.295423
Superscaffold8	53738790	54234653	0.224837	0.097844	0.053097	0.135822
Superscaffold8	54234659	54596251	0.161040	0.078242	0.046118	0.122194
Superscaffold8	54596256	55086208	-0.037585	-0.011697	-0.007576	-0.026035
Superscaffold8	55086210	55836043	0.261648	0.061702	0.040882	0.208584
Superscaffold8	55836097	56350119	0.263081	0.103931	0.062047	0.185087
Superscaffold8	56350371	57183109	-0.092465	-0.034858	-0.021225	-0.062338
Superscaffold8	57183121	57628188	0.316977	0.113398	0.069080	0.238700
Superscaffold8	57628196	58315905	0.083411	0.030604	0.019637	0.057399
Superscaffold8	58315922	58966298	0.177792	0.057233	0.039224	0.119493
Superscaffold8	58966308	59454086	0.087161	0.029492	0.018161	0.064314
Superscaffold8	59454087	59925451	0.115651	0.049840	0.026780	0.085581
Superscaffold8	59925703	60431309	0.242463	0.100596	0.062790	0.158497
Superscaffold8	60431657	60899462	-0.078064	-0.034664	-0.021429	-0.057977
Superscaffold8	60899616	61450991	0.027915	0.009539	0.006445	0.013839
Superscaffold8	61451026	62020575	0.175283	0.057547	0.041079	0.122953
Superscaffold8	62020848	62404596	0.230463	0.110983	0.067275	0.171757
Superscaffold8	62404609	62796387	0.024689	0.008086	0.005109	0.016927
Superscaffold8	62796397	63103447	0.037031	0.018738	0.011773	0.025751
Superscaffold8	63103493	63780640	-0.213471	-0.063583	-0.043227	-0.144986
Superscaffold8	63780802	64335287	0.037212	0.010475	0.006447	0.029425
Superscaffold8	64335948	65137237	0.027273	0.009600	0.005779	0.019157
Superscaffold8	65137300	65698132	0.162004	0.050772	0.030748	0.125643
Superscaffold8	65698323	66638421	0.513732	0.185363	0.120683	0.394481
Superscaffold9	337269	791104	-0.135739	-0.071319	-0.042344	-0.076504
Superscaffold9	791284	1140775	-0.055308	-0.028882	-0.018493	-0.024981
Superscaffold9	1141250	1367795	0.162600	0.104043	0.066181	0.087956
Superscaffold9	1367797	1655316	-0.114832	-0.074806	-0.048068	-0.061673
Superscaffold9	1655453	2117714	0.078474	0.040443	0.028084	0.041959
Superscaffold9	2117724	2352752	0.040303	0.025520	0.015894	0.021145
Superscaffold9	2352829	2684082	0.037109	0.019549	0.012959	0.018632
Superscaffold9	2684146	3132176	0.033573	0.018213	0.011840	0.016125
Superscaffold9	3132286	3512480	-0.067280	-0.032515	-0.021092	-0.033313
Superscaffold9	3512528	4306040	-0.020964	-0.009675	-0.006219	-0.010065
Superscaffold9	4306183	4808316	0.182220	0.097132	0.062975	0.128776
Superscaffold9	4808324	5104956	-0.114620	-0.058581	-0.036822	-0.089406
Superscaffold9	5105001	5534219	-0.038229	-0.013942	-0.009030	-0.025637
Superscaffold9	5534284	5964038	0.146104	0.047586	0.032404	0.082793
Superscaffold9	5964039	6520704	0.058878	0.018766	0.013125	0.037159
Superscaffold9	6520709	7002890	0.312161	0.107643	0.073448	0.234126
Superscaffold9	7002969	7512242	0.350602	0.120201	0.075749	0.287828
Superscaffold9	7512324	7879611	0.227551	0.129464	0.069055	0.139570
Superscaffold9	7879643	8290698	0.249646	0.101765	0.060614	0.181914
Superscaffold9	8290853	8679653	0.038898	0.016519	0.010789	0.021859
Superscaffold9	8679807	9194077	-0.066131	-0.026047	-0.018170	-0.031289
Superscaffold9	9194089	9954620	-0.047475	-0.012578	-0.008470	-0.030575
Superscaffold9	9954635	10861187	-0.100834	-0.029837	-0.019401	-0.057004
Superscaffold9	10861200	11307364	0.005892	0.002563	0.001632	0.004667
Superscaffold9	11307367	12062978	0.011386	0.004022	0.002732	0.001046
Superscaffold9	12062979	12406435	0.099943	0.054227	0.032418	0.066513
Superscaffold9	12406478	12876273	0.394915	0.138010	0.087678	0.319162
Superscaffold9	12876275	13174008	0.337676	0.190922	0.103292	0.262004
Superscaffold9	13174022	14209961	0.144275	0.066256	0.038068	0.092040
Superscaffold9	14210040	14516101	-0.008963	-0.004480	-0.003005	-0.004889
Superscaffold9	14516178	15162915	0.222168	0.052582	0.035633	0.154375
Superscaffold9	15162990	15617722	-0.086298	-0.032647	-0.022198	-0.061064
Superscaffold9	15617984	16045102	-0.128718	-0.049867	-0.030747	-0.089872
Superscaffold9	16045164	16377041	0.113554	0.036505	0.023127	0.096821
Superscaffold9	16377085	16827376	-0.179956	-0.049135	-0.026260	-0.132428
Superscaffold9	16827437	17225944	0.292445	0.088700	0.055736	0.214541
Superscaffold9	17226047	17687255	0.012163	0.003756	0.002280	0.013492
Superscaffold9	17687291	18028889	0.164522	0.061418	0.039154	0.112985
Superscaffold9	18029095	18520343	0.193521	0.081716	0.048376	0.129853
Superscaffold9	18520816	19868964	-0.002833	-0.000835	-0.000567	0.008357
Superscaffold9	19869117	20527532	0.109978	0.039608	0.027259	0.069005
Superscaffold9	20527631	20923539	-0.101659	-0.028602	-0.019496	-0.064400
Superscaffold9	20923570	21285223	0.013873	0.004674	0.003098	0.018478
Superscaffold9	21285231	21612269	0.048476	0.020595	0.014291	0.027726
Superscaffold9	21612626	21988806	-0.333902	-0.136722	-0.080897	-0.213670
Superscaffold9	21988812	22456809	0.020084	0.006099	0.004345	0.013465
Superscaffold9	22456862	23193278	0.100736	0.036078	0.019987	0.075969
Superscaffold9	23193326	23637620	-0.198566	-0.102581	-0.053978	-0.132228
Superscaffold9	23637939	24039613	0.129605	0.048069	0.030827	0.093557
Superscaffold9	24039760	24465924	0.162372	0.049562	0.037480	0.095880
Superscaffold9	24465927	24784601	0.275791	0.126272	0.080201	0.159464
Superscaffold9	24784634	25221546	-0.032294	-0.015551	-0.009733	-0.018598
Superscaffold9	25221549	25658871	-0.040797	-0.017279	-0.010344	-0.024546
Superscaffold9	25658894	26397218	0.100406	0.032747	0.020523	0.070082
Superscaffold9	26397282	27007512	0.300942	0.107809	0.074897	0.222139
Superscaffold9	27007516	27521894	-0.104011	-0.033953	-0.022217	-0.073435
Superscaffold9	27521953	28337592	-0.028951	-0.011622	-0.006641	-0.018590
Superscaffold9	28337826	28668653	-0.040648	-0.015863	-0.010093	-0.025796
Superscaffold9	28668922	29220016	0.249158	0.081894	0.055090	0.182431
Superscaffold9	29220084	29687593	0.256485	0.084890	0.053362	0.187428
Superscaffold9	29687647	30146291	-0.003370	-0.001225	-0.000822	0.001656
Superscaffold9	30146831	30622230	0.004509	0.001552	0.000857	0.002177
Superscaffold9	30622687	31171266	0.153719	0.049244	0.030677	0.105339
Superscaffold9	31171310	31858980	0.459262	0.145445	0.110802	0.329827
Superscaffold9	31859165	32087911	0.068634	0.035510	0.021032	0.050289
Superscaffold9	32087968	32474677	0.043323	0.018448	0.011967	0.035869
Superscaffold9	32474709	32922900	0.196956	0.080705	0.059469	0.146152
Superscaffold9	32922931	33476926	0.045496	0.013863	0.009093	0.032680
Superscaffold9	33476987	34074227	0.469242	0.160783	0.116278	0.374880
Superscaffold9	34074228	34499153	-0.202022	-0.065679	-0.044347	-0.142355
Superscaffold9	34499168	34837852	-0.057269	-0.025215	-0.018065	-0.026599
Superscaffold9	34837905	35269878	0.152542	0.055932	0.036343	0.094292
Superscaffold9	35269884	35892497	0.604273	0.224659	0.141420	0.486912
Superscaffold9	35892499	36395965	0.084471	0.029386	0.018017	0.046753
Superscaffold9	36396562	36686344	-0.105358	-0.037742	-0.026210	-0.067002
Superscaffold9	36686760	37222744	-0.135033	-0.030799	-0.020775	-0.100666
Superscaffold9	37223134	37866286	0.044287	0.010426	0.007444	0.033450
Superscaffold9	37866313	38458050	0.177443	0.050853	0.030836	0.101652
Superscaffold9	38458076	38878702	-0.065962	-0.022857	-0.012981	-0.046402
Superscaffold9	38878778	39363738	0.242156	0.053853	0.035440	0.191236
Superscaffold9	39364320	39808965	0.079825	0.026743	0.016101	0.046098
Superscaffold9	39809098	40344630	0.055403	0.020435	0.013326	0.040085
Superscaffold9	40344736	40920284	-0.041741	-0.016202	-0.010555	-0.020244
Superscaffold9	40920321	41444930	0.114575	0.039317	0.023451	0.086170
Superscaffold9	41445673	42252331	-0.022242	-0.007788	-0.005203	-0.014710
Superscaffold9	42252409	42672564	0.042071	0.013869	0.009265	0.024943
Superscaffold9	42672681	43131866	0.154844	0.070975	0.051704	0.092706
Superscaffold9	43132112	43765790	-0.083344	-0.022764	-0.016256	-0.053884
Superscaffold9	43766151	44100883	0.102080	0.039900	0.029210	0.059050
Superscaffold9	44100897	44645040	-0.107195	-0.044968	-0.030867	-0.059954
Superscaffold9	44645098	44963598	-0.140575	-0.070050	-0.048407	-0.085840
Superscaffold9	44963609	45426250	-0.013080	-0.005265	-0.003788	-0.005704
Superscaffold9	45427370	45953686	0.056958	0.018079	0.011747	0.038676
Superscaffold9	45953962	47069519	0.212877	0.033743	0.028124	0.121206
Superscaffold9	47069663	47433269	0.154629	0.062914	0.047187	0.104627
Superscaffold9	47433308	48021303	0.352902	0.144395	0.108606	0.261058
Superscaffold9	48021415	48496539	0.041157	0.013304	0.009325	0.021479
Superscaffold9	48496577	48988537	0.051516	0.019304	0.013833	0.024966
Superscaffold9	48988542	49448716	0.013983	0.004808	0.003254	0.009500
Superscaffold9	49448717	49681532	0.128511	0.056251	0.039856	0.071191
Superscaffold9	49681676	50226161	-0.150307	-0.071376	-0.048087	-0.093924
Superscaffold9	50226261	50732128	-0.070104	-0.026335	-0.017460	-0.033740
Superscaffold9	50732224	51056014	-0.110014	-0.050637	-0.030347	-0.049988
Superscaffold9	51056101	51438662	-0.088775	-0.042740	-0.025456	-0.052667
Superscaffold9	51438755	51770404	-0.046460	-0.018773	-0.012726	-0.040685
Superscaffold9	51770428	52173781	0.140750	0.045171	0.032611	0.082050
Superscaffold9	52173862	52493178	0.223951	0.101310	0.068551	0.118684
Superscaffold9	52493179	52786554	-0.265179	-0.180797	-0.087213	-0.197037
Superscaffold9	52787839	53098699	-0.134413	-0.063241	-0.041437	-0.075752
Superscaffold9	53098727	53382771	0.024059	0.010457	0.007457	0.012837
Superscaffold9	53382800	53692087	0.056296	0.027877	0.019900	0.030022
Superscaffold9	53692256	53925503	0.050003	0.024865	0.015899	0.022369
Superscaffold9	53925570	54563678	0.003310	0.001283	0.000909	0.000355
Superscaffold9	54563682	54905120	-0.085920	-0.039941	-0.027568	-0.048529
Superscaffold9	54905213	55224212	-0.224695	-0.113417	-0.076003	-0.118736
Superscaffold9	55224296	56066611	-0.011838	-0.004758	-0.003264	-0.002924
Superscaffold9	56066887	56492638	0.205777	0.080750	0.054988	0.122167
Superscaffold9	56492908	57124869	0.031805	0.009987	0.006797	0.017900
Superscaffold10	467426	1133330	0.045049	0.016791	0.010039	0.026663
Superscaffold10	1133407	1601665	-0.020559	-0.009620	-0.006080	-0.015238
Superscaffold10	1601714	2196554	0.058289	0.016801	0.011225	0.042871
Superscaffold10	2196757	2631817	0.216306	0.071215	0.043172	0.173371
Superscaffold10	2631825	3133500	0.087318	0.026550	0.017583	0.060282
Superscaffold10	3133685	3431210	-0.151663	-0.054524	-0.035248	-0.098922
Superscaffold10	3431281	4735330	0.049553	0.014907	0.008867	0.048072
Superscaffold10	4735336	5870016	0.055287	0.019691	0.012436	0.038185
Superscaffold10	5870133	6317746	0.056900	0.022946	0.015272	0.037586
Superscaffold10	6317820	7009220	0.221873	0.082504	0.052888	0.158289
Superscaffold10	7011260	7585523	0.127713	0.043759	0.029367	0.088816
Superscaffold10	7585580	8121958	0.406991	0.178505	0.107997	0.334218
Superscaffold10	8122108	8518967	0.140689	0.056824	0.036122	0.102046
Superscaffold10	8519014	9322361	0.167996	0.060927	0.036004	0.123671
Superscaffold10	9324007	10013919	0.024329	0.007959	0.004921	0.014573
Superscaffold10	10014130	10375552	-0.103871	-0.038484	-0.023055	-0.074200
Superscaffold10	10375578	10644335	0.120452	0.057985	0.036413	0.080621
Superscaffold10	10644343	11480694	0.106750	0.037868	0.023327	0.078427
Superscaffold10	11480737	11946733	0.273433	0.095861	0.059186	0.225914
Superscaffold10	11947035	12236046	0.117209	0.039676	0.027934	0.071941
Superscaffold10	12236054	12886668	0.098957	0.029336	0.019343	0.070225
Superscaffold10	12886756	13299344	0.076039	0.034083	0.021116	0.064796
Superscaffold10	13299360	13729544	0.350949	0.140230	0.092498	0.265463
Superscaffold10	13729601	14267377	0.252184	0.089647	0.060656	0.186474
Superscaffold10	14267996	14901366	0.341223	0.106164	0.069315	0.268745
Superscaffold10	14902385	15575153	0.004385	0.001419	0.000895	0.008930
Superscaffold10	15575880	16007255	0.024486	0.008145	0.005495	0.013560
Superscaffold10	16007316	16656584	0.170581	0.060188	0.036651	0.145366
Superscaffold10	16658162	17253259	0.257401	0.078756	0.045806	0.216187
Superscaffold10	17253625	17788000	-0.047379	-0.017899	-0.010981	-0.044796
Superscaffold10	17788076	18275778	0.033621	0.012974	0.007824	0.028830
Superscaffold10	18275805	18643353	0.139662	0.064442	0.035061	0.082489
Superscaffold10	18643397	19040291	0.037089	0.014867	0.009315	0.030487
Superscaffold10	19040386	19714669	-0.075740	-0.031770	-0.019444	-0.056392
Superscaffold10	19714946	20187921	-0.120546	-0.048168	-0.028609	-0.097264
Superscaffold10	20187964	20594210	-0.110665	-0.043745	-0.025254	-0.086367
Superscaffold10	20594236	20951275	-0.076549	-0.023983	-0.015787	-0.062412
Superscaffold10	20951358	21329762	0.141059	0.057213	0.033717	0.127091
Superscaffold10	21329764	21806084	-0.285192	-0.090882	-0.056914	-0.216556
Superscaffold10	21806106	22041967	0.070953	0.038854	0.024870	0.048989
Superscaffold10	22041973	22603308	0.134781	0.039680	0.025915	0.095523
Superscaffold10	22603453	22988988	0.185631	0.060304	0.038965	0.147890
Superscaffold10	22989097	23445582	0.456530	0.138312	0.091421	0.406153
Superscaffold10	23446043	23929290	0.184617	0.044715	0.033580	0.140219
Superscaffold10	23929297	24484070	-0.011067	-0.003891	-0.002329	-0.001164
Superscaffold10	24484075	24957121	0.428326	0.128916	0.086608	0.347877
Superscaffold10	24957247	25262445	0.234247	0.092363	0.061571	0.187441
Superscaffold10	25262535	25659105	-0.079697	-0.048843	-0.029916	-0.064105
Superscaffold10	25659118	26049725	0.052874	0.014172	0.009709	0.041309
Superscaffold10	26049772	26276563	0.671259	0.346949	0.216000	0.540681
Superscaffold10	26276723	26570041	-0.247867	-0.085814	-0.061947	-0.176723
Superscaffold10	26570156	27017900	0.444756	0.139095	0.099767	0.333611
Superscaffold10	27018006	27541312	-0.107227	-0.026770	-0.017125	-0.069737
Superscaffold10	27541806	27958140	0.098146	0.029949	0.018916	0.074140
Superscaffold10	27958446	28562293	-0.340271	-0.097050	-0.065067	-0.255428
Superscaffold10	28562325	28916706	-0.162596	-0.061915	-0.037993	-0.117702
Superscaffold10	28916739	29413922	-0.223064	-0.086331	-0.050049	-0.171602
Superscaffold10	29414595	29771174	0.196133	0.073545	0.043840	0.159117
Superscaffold10	29771241	30229134	-0.144473	-0.048792	-0.030084	-0.098191
Superscaffold10	30229361	30597876	0.294044	0.113636	0.072838	0.235714
Superscaffold10	30597885	30874029	0.048032	0.017116	0.011414	0.039319
Superscaffold10	30875142	31182473	0.092455	0.036559	0.023061	0.078226
Superscaffold10	31182556	31493129	0.211520	0.084069	0.052951	0.150418
Superscaffold10	31493180	31817706	0.308561	0.136564	0.082724	0.223435
Superscaffold10	31817847	32146370	-0.055511	-0.024726	-0.014456	-0.038874
Superscaffold10	32146383	32869439	-0.089781	-0.027600	-0.017090	-0.062843
Superscaffold10	32869582	33226468	0.109188	0.039336	0.027923	0.091137
Superscaffold10	33226594	33805257	-0.125685	-0.022210	-0.014701	-0.086377
Superscaffold10	33805545	34611684	-0.025707	-0.004231	-0.002915	-0.027598
Superscaffold10	34611799	35284503	0.214461	0.053681	0.033118	0.175451
Superscaffold10	35284647	35821263	-0.136921	-0.042895	-0.023773	-0.113416
Superscaffold10	35821323	36250096	0.077629	0.022795	0.013599	0.053947
Superscaffold10	36250099	36657137	0.281512	0.097620	0.060838	0.226389
Superscaffold10	36657138	37204675	0.120551	0.029282	0.020868	0.083931
Superscaffold10	37204787	37533653	-0.066766	-0.029873	-0.016542	-0.047534
Superscaffold10	37533718	37909553	0.214104	0.071567	0.048016	0.142131
Superscaffold10	37909621	38191487	0.103750	0.040482	0.027284	0.065561
Superscaffold10	38191599	38437580	-0.002234	-0.000800	-0.000525	-0.002307
Superscaffold10	38437658	38849857	-0.063113	-0.022473	-0.014881	-0.036701
Superscaffold10	38855339	40140736	0.180701	0.046808	0.034560	0.123768
Superscaffold10	40140798	40668494	0.339705	0.100233	0.071729	0.250724
Superscaffold10	40668496	41042194	0.098407	0.033914	0.023770	0.058766
Superscaffold10	41042222	41460647	0.394692	0.159202	0.097355	0.351125
Superscaffold10	41460676	41727257	0.133136	0.052292	0.034092	0.087992
Superscaffold10	41727396	41954518	-0.563077	-0.642638	-0.252663	-0.474069
Superscaffold10	41954634	42390114	0.059023	0.024863	0.014634	0.041132
Superscaffold10	42390124	42690334	0.074481	0.030578	0.018357	0.046484
Superscaffold10	42690413	43462681	-0.093612	-0.027571	-0.017371	-0.068797
Superscaffold10	43462706	43933397	0.090713	0.030110	0.019833	0.054496
Superscaffold10	43933559	44816951	0.189369	0.051396	0.037363	0.110674
Superscaffold10	44816956	45049009	0.564253	0.299475	0.194154	0.431879
Superscaffold10	45049015	45406889	0.349223	0.143630	0.100070	0.196429
Superscaffold10	45406912	45798892	-0.050657	-0.017901	-0.012509	-0.025215
Superscaffold10	45799057	46041842	0.006927	0.003136	0.002192	0.007147
Superscaffold10	46041931	46434920	-0.051975	-0.020643	-0.013724	-0.027125
Superscaffold10	46435038	47475193	0.142385	0.054491	0.039087	0.072655
Superscaffold10	47475228	47690429	-0.081203	-0.052334	-0.031239	-0.047389
Superscaffold10	47691030	47895073	-0.100645	-0.057842	-0.034603	-0.057298
Superscaffold10	47895099	48301543	0.072870	0.026569	0.017964	0.032053
Superscaffold10	48301580	48642001	0.145170	0.071037	0.042267	0.089388
Superscaffold10	48642021	49117061	0.046732	0.023661	0.014212	0.019811
Superscaffold10	49117073	49415037	-0.125190	-0.069998	-0.043284	-0.064545
Superscaffold10	49415047	49939903	0.201021	0.093303	0.063009	0.124515
Superscaffold10	49939914	50147210	0.018159	0.007131	0.004787	0.007872
Superscaffold10	50147664	50840156	-0.018810	-0.006956	-0.004530	-0.010879
Superscaffold10	50840162	51241145	0.005158	0.001768	0.001225	0.004633
Superscaffold10	51241418	51839719	0.030540	0.012208	0.008478	0.019761
Superscaffold10	51839722	52030172	-0.037855	-0.021231	-0.014261	-0.019904
Superscaffold10	52030198	52271038	-0.133823	-0.066021	-0.044417	-0.077187
Superscaffold10	52271065	52581685	0.120190	0.056881	0.038903	0.059844
Superscaffold10	52581707	52803259	-0.019997	-0.010103	-0.006540	-0.009695
Superscaffold10	52803699	53124372	0.043347	0.023644	0.015396	0.025069
Superscaffold10	53124387	53437687	-0.042843	-0.023148	-0.014617	-0.044766
Superscaffold10	53437698	53681406	0.203149	0.091289	0.064158	0.116946
Superscaffold10	53681419	53927248	0.051116	0.037098	0.023743	0.029706
Superscaffold10	53929793	54813801	0.080833	0.028375	0.018088	0.045709
Superscaffold10	54814060	55026277	-0.010450	-0.005357	-0.003599	-0.001894
Superscaffold10	55026294	55324694	0.091564	0.044277	0.029082	0.044983
Superscaffold11	18233	418593	-0.409999	-0.157463	-0.107741	-0.250613
Superscaffold11	418733	808137	-0.099608	-0.028807	-0.019627	-0.053774
Superscaffold11	808140	1304752	0.070598	0.023031	0.015293	0.045175
Superscaffold11	1304872	2086898	-0.058875	-0.027953	-0.016681	-0.038948
Superscaffold11	2086918	3298407	-0.132888	-0.044117	-0.028770	-0.084038
Superscaffold11	3298996	4443860	-0.105482	-0.042765	-0.028328	-0.059462
Superscaffold11	4443870	5123046	0.004442	0.001938	0.001317	-0.001194
Superscaffold11	5123100	5429714	0.044072	0.022614	0.013752	0.030391
Superscaffold11	5429788	6347939	-0.121265	-0.036765	-0.025726	-0.072509
Superscaffold11	6348019	7003377	-0.140016	-0.073852	-0.043714	-0.087919
Superscaffold11	7003653	7683630	0.029289	0.012362	0.008113	0.022301
Superscaffold11	7683638	8031192	0.006805	0.003235	0.002133	0.001382
Superscaffold11	8031326	8711638	-0.099831	-0.047292	-0.029968	-0.058314
Superscaffold11	8711644	9104182	-0.116637	-0.055443	-0.035767	-0.067163
Superscaffold11	9104420	9454664	0.218589	0.082073	0.050933	0.160016
Superscaffold11	9454696	9813346	0.054157	0.022811	0.015039	0.028364
Superscaffold11	9813365	10108062	0.095114	0.050366	0.030287	0.056846
Superscaffold11	10108072	11042128	-0.071653	-0.026376	-0.014962	-0.042284
Superscaffold11	11042132	11380391	0.295847	0.150915	0.086544	0.206935
Superscaffold11	11380511	12001922	-0.139562	-0.043972	-0.030172	-0.081002
Superscaffold11	12002045	12746460	-0.030391	-0.009176	-0.006005	-0.035004
Superscaffold11	12746494	13192450	0.216755	0.079416	0.047439	0.166400
Superscaffold11	13192482	13452049	0.078727	0.032729	0.021742	0.059072
Superscaffold11	13452318	13767081	0.169563	0.071239	0.049072	0.110623
Superscaffold11	13767353	14476612	-0.065762	-0.022985	-0.015895	-0.051486
Superscaffold11	14476632	14744341	-0.017892	-0.005435	-0.004188	-0.016365
Superscaffold11	14744365	15152991	-0.013593	-0.005206	-0.003780	-0.008254
Superscaffold11	15153013	16024472	0.032825	0.009856	0.006435	0.028417
Superscaffold11	16024477	16511381	0.107894	0.047469	0.028687	0.071042
Superscaffold11	16512092	16967605	0.046281	0.016895	0.010801	0.032281
Superscaffold11	16967606	17740788	-0.000478	-0.000199	-0.000125	0.003992
Superscaffold11	17741457	18293122	0.056549	0.019672	0.014269	0.030634
Superscaffold11	18293155	18916230	0.006315	0.003014	0.001890	0.008051
Superscaffold11	18916233	19612862	0.086021	0.024364	0.017634	0.054326
Superscaffold11	19614216	19901114	-0.109774	-0.049438	-0.031200	-0.070723
Superscaffold11	19901191	20575970	0.235801	0.111166	0.070003	0.148942
Superscaffold11	20575994	20865908	0.373018	0.148575	0.101047	0.219782
Superscaffold11	20867705	21204366	0.050625	0.020812	0.013972	0.030444
Superscaffold11	21204418	21733857	-0.050108	-0.015466	-0.010715	-0.036694
Superscaffold11	21734103	22147243	-0.090743	-0.028786	-0.019579	-0.066601
Superscaffold11	22147279	22515565	-0.029086	-0.008833	-0.006450	-0.015209
Superscaffold11	22515602	22793041	-0.024279	-0.009469	-0.006253	-0.014564
Superscaffold11	22793472	23278054	0.042787	0.015511	0.009936	0.030708
Superscaffold11	23278234	23831666	0.028936	0.008869	0.005747	0.022225
Superscaffold11	23831829	24233545	0.286461	0.076940	0.056892	0.196674
Superscaffold11	24233662	24714946	0.321830	0.100203	0.075608	0.201323
Superscaffold11	24714970	25487588	0.017962	0.004228	0.002640	0.010081
Superscaffold11	25487604	25759657	-0.054917	-0.021478	-0.014041	-0.035741
Superscaffold11	25759669	26256155	0.331046	0.114090	0.081848	0.253730
Superscaffold11	26256251	26732928	-0.035671	-0.011357	-0.007292	-0.032448
Superscaffold11	26732959	27302853	0.495147	0.205399	0.122848	0.380066
Superscaffold11	27302988	27832859	0.295750	0.075244	0.053648	0.231443
Superscaffold11	27832878	28221076	0.001675	0.000579	0.000351	0.001553
Superscaffold11	28221084	28641169	0.065221	0.024001	0.014145	0.052060
Superscaffold11	28641183	29009469	0.372843	0.170864	0.119841	0.264031
Superscaffold11	29009472	29261946	0.150668	0.067100	0.041855	0.093788
Superscaffold11	29262020	30390142	0.093924	0.039182	0.026968	0.069581
Superscaffold11	30390362	30722742	0.152136	0.048375	0.030220	0.103708
Superscaffold11	30723325	31109118	-0.059967	-0.031416	-0.018457	-0.049629
Superscaffold11	31109677	31548412	0.391438	0.189797	0.132701	0.287508
Superscaffold11	31548504	31879909	-0.008796	-0.004046	-0.002628	-0.007982
Superscaffold11	31880047	32308915	0.237438	0.101442	0.060799	0.191773
Superscaffold11	32309171	32632979	0.306178	0.148093	0.083448	0.265618
Superscaffold11	32632998	33220588	0.120408	0.042360	0.027867	0.097963
Superscaffold11	33221020	33880125	0.246208	0.073877	0.045298	0.219929
Superscaffold11	33880210	34193567	-0.758098	-0.427732	-0.238420	-0.685476
Superscaffold11	34193670	34817250	-0.631363	-0.286378	-0.164496	-0.537382
Superscaffold11	34817327	35394806	0.227330	0.077933	0.043477	0.160018
Superscaffold11	35394939	35666189	0.290941	0.116049	0.072840	0.174383
Superscaffold11	35666215	36058957	0.080014	0.034697	0.021736	0.037972
Superscaffold11	36058990	36311992	0.319347	0.160857	0.094068	0.214481
Superscaffold11	36312009	36702089	0.099224	0.036699	0.022371	0.065004
Superscaffold11	36702311	37025330	0.113714	0.051981	0.032402	0.066562
Superscaffold11	37025342	37549151	-0.062001	-0.022717	-0.013882	-0.028762
Superscaffold11	37549425	38684747	0.029412	0.006661	0.004888	0.015879
Superscaffold11	38684871	39137473	0.000182	0.000070	0.000048	-0.001174
Superscaffold11	39137771	39741253	0.050455	0.022999	0.014673	0.026414
Superscaffold11	39741293	40141386	0.176041	0.076506	0.049757	0.130695
Superscaffold11	40141396	40705851	0.368175	0.093938	0.066487	0.301466
Superscaffold11	40706481	41272443	0.513697	0.180862	0.109346	0.431399
Superscaffold11	41273398	41721549	-0.029055	-0.010769	-0.006692	-0.024980
Superscaffold11	41721572	41957644	-0.072812	-0.029406	-0.018429	-0.042740
Superscaffold11	41957649	42405602	0.006424	0.001815	0.001315	0.006202
Superscaffold11	42405668	42741481	-0.221135	-0.117580	-0.065752	-0.174340
Superscaffold11	42741747	43407287	-0.144300	-0.047994	-0.031890	-0.084055
Superscaffold11	43407942	44184656	0.158450	0.054059	0.037835	0.100872
Superscaffold11	44185077	44636388	-0.038104	-0.011610	-0.008198	-0.019126
Superscaffold11	44636395	44958795	0.238912	0.109330	0.068925	0.150266
Superscaffold11	44958948	45316532	0.092193	0.029969	0.021191	0.046634
Superscaffold11	45316762	46073103	0.175618	0.053477	0.036682	0.118750
Superscaffold11	46073117	46624700	-0.019635	-0.006117	-0.003632	-0.015996
Superscaffold11	46624732	47284494	-0.112779	-0.040512	-0.026051	-0.079363
Superscaffold11	47284510	47828167	0.000797	0.000266	0.000167	0.002615
Superscaffold11	47828412	48235821	0.285882	0.112185	0.074345	0.212089
Superscaffold11	48235826	48777039	0.134984	0.046160	0.030254	0.091860
Superscaffold11	48777052	49791344	0.076822	0.020848	0.014539	0.045650
Superscaffold11	49791442	50865623	0.045818	0.014172	0.009709	0.029880
Superscaffold11	50867460	51370212	0.154758	0.062370	0.038524	0.112615
Superscaffold11	51370472	51801324	0.254724	0.107830	0.067238	0.159451
Superscaffold11	51801395	52356561	0.031331	0.012138	0.006851	0.021418
Superscaffold11	52359791	52730195	0.110532	0.048761	0.031018	0.078938
Superscaffold11	52730203	53172938	0.039336	0.015826	0.011059	0.028190
Superscaffold11	53172959	53977179	-0.100929	-0.031482	-0.021978	-0.064319
Superscaffold11	53977538	54458022	-0.235290	-0.091131	-0.062911	-0.159265
Superscaffold11	54458026	54847153	0.256430	0.112253	0.078559	0.168038
Superscaffold11	54847267	55293971	0.147036	0.051037	0.031788	0.083415
Superscaffold11	55294191	55862092	0.318174	0.092238	0.061669	0.247591
Superscaffold11	55862220	56364371	0.073502	0.021679	0.013765	0.051489
Superscaffold11	56364731	56831497	0.124258	0.056932	0.034746	0.089515
Superscaffold11	56831884	57261004	-0.033408	-0.014484	-0.008446	-0.024418
Superscaffold11	57261040	57773398	0.073198	0.022832	0.015086	0.058030
Superscaffold11	57773432	58376963	-0.011484	-0.005142	-0.002809	-0.006440
Superscaffold11	58377149	58843093	-0.108583	-0.036722	-0.023519	-0.073897
Superscaffold12	176040	691463	-0.010448	-0.002984	-0.001894	-0.011753
Superscaffold12	691465	1606862	0.029399	0.009971	0.006036	0.026642
Superscaffold12	1609018	2082526	-0.041880	-0.013813	-0.008235	-0.022374
Superscaffold12	2084027	2420211	0.343849	0.166009	0.095862	0.264498
Superscaffold12	2420261	2825944	0.122527	0.046375	0.027518	0.097379
Superscaffold12	2825969	3261628	0.144034	0.055547	0.031942	0.105417
Superscaffold12	3261762	3738185	0.336383	0.110709	0.067156	0.285680
Superscaffold12	3738240	4358985	0.341759	0.102654	0.057414	0.271034
Superscaffold12	4359617	4949333	0.328503	0.081856	0.054107	0.274336
Superscaffold12	4949597	5576884	0.070297	0.017894	0.011963	0.050795
Superscaffold12	5576894	5899991	0.113439	0.053865	0.035135	0.064552
Superscaffold12	5900050	6379521	-0.056812	-0.018301	-0.012270	-0.028427
Superscaffold12	6379547	6880173	0.100550	0.034346	0.023506	0.067699
Superscaffold12	6880205	7289897	-0.120926	-0.053416	-0.032031	-0.073944
Superscaffold12	7289973	7723595	-0.025753	-0.007952	-0.005021	-0.013617
Superscaffold12	7723801	8239012	0.180236	0.060710	0.034680	0.132108
Superscaffold12	8239112	8547928	-0.071767	-0.039941	-0.023574	-0.046704
Superscaffold12	8547936	8946500	-0.173379	-0.090997	-0.046570	-0.115283
Superscaffold12	8946566	9412951	0.057874	0.018817	0.011586	0.054685
Superscaffold12	9412986	9847043	0.317467	0.109013	0.065731	0.235818
Superscaffold12	9847221	10281431	0.186135	0.056814	0.036998	0.161054
Superscaffold12	10281472	10791257	0.129496	0.036117	0.021836	0.101151
Superscaffold12	10791289	11345626	0.429186	0.137335	0.085572	0.382048
Superscaffold12	11345627	11803549	-0.031486	-0.011219	-0.006589	-0.023234
Superscaffold12	11803622	13017972	0.166740	0.048699	0.032957	0.123956
Superscaffold12	13018052	13724082	-0.309931	-0.114903	-0.061625	-0.255223
Superscaffold12	13724083	14251348	0.106807	0.033667	0.019913	0.079161
Superscaffold12	14251351	14801711	0.111038	0.029834	0.017799	0.085496
Superscaffold12	14801853	15335121	0.260158	0.085572	0.048185	0.205921
Superscaffold12	15335139	15849574	0.318376	0.100286	0.054969	0.284077
Superscaffold12	15849577	16332182	0.661660	0.281567	0.149227	0.568449
Superscaffold12	16332189	17417535	0.227372	0.027597	0.017342	0.181629
Superscaffold12	17420119	18110942	0.148229	0.039006	0.023335	0.131022
Superscaffold12	18111041	19081070	0.078830	0.018178	0.010679	0.061633
Superscaffold12	19081102	19584148	0.513816	0.163862	0.094774	0.440492
Superscaffold12	19584172	20042921	0.380031	0.134480	0.075395	0.312327
Superscaffold12	20042923	20427039	0.199781	0.075901	0.043598	0.170811
Superscaffold12	20427042	20915094	0.421389	0.153801	0.091034	0.347333
Superscaffold12	20915117	21604602	0.008509	0.002220	0.001398	0.008216
Superscaffold12	21605319	22077686	-0.147501	-0.053096	-0.035230	-0.100832
Superscaffold12	22080158	22824788	-0.034727	-0.012092	-0.006767	-0.020223
Superscaffold12	22825238	23460530	0.215243	0.075999	0.046387	0.158428
Superscaffold12	23460531	23888269	0.003223	0.001033	0.000593	0.002033
Superscaffold12	23888501	24461191	0.544910	0.172550	0.115680	0.472819
Superscaffold12	24461990	25010483	0.137944	0.047346	0.027448	0.109240
Superscaffold12	25010502	25654304	0.149081	0.039190	0.027280	0.105252
Superscaffold12	25654567	26153523	0.119531	0.039602	0.024668	0.079416
Superscaffold12	26153644	26962651	0.203544	0.066638	0.041159	0.145829
Superscaffold12	26962734	27744133	0.006154	0.001629	0.001129	0.004027
Superscaffold12	27744143	28317481	0.082844	0.025872	0.016100	0.056517
Superscaffold12	28317530	28842014	0.132386	0.045890	0.027678	0.090059
Superscaffold12	28842138	29390763	0.158390	0.046698	0.031857	0.127751
Superscaffold12	29390800	29920207	-0.127261	-0.038152	-0.023156	-0.089315
Superscaffold12	29920210	30264750	-0.134620	-0.061261	-0.030934	-0.100921
Superscaffold12	30264887	30713382	0.097401	0.032688	0.019372	0.071455
Superscaffold12	30713533	31729372	0.348165	0.107731	0.063172	0.287439
Superscaffold12	31730948	32225966	0.212257	0.091940	0.061542	0.141117
Superscaffold12	32226044	32611727	-0.001553	-0.000711	-0.000429	0.002432
Superscaffold12	32611807	33145967	0.081277	0.023955	0.014404	0.052745
Superscaffold12	33146122	33700393	0.128336	0.045238	0.026187	0.095467
Superscaffold12	33700534	34284267	0.063614	0.019518	0.012353	0.048453
Superscaffold12	34284274	34756189	0.178600	0.061787	0.034413	0.128194
Superscaffold12	34756642	35197318	0.338262	0.119726	0.072185	0.254486
Superscaffold12	35197331	35750588	0.049822	0.019645	0.010526	0.036085
Superscaffold12	35750630	36221048	0.070812	0.024517	0.015020	0.049554
Superscaffold12	36221329	36614270	0.050630	0.017466	0.010096	0.042364
Superscaffold12	36614292	37019095	0.033038	0.011162	0.007295	0.026635
Superscaffold12	37019221	37861772	0.067030	0.018960	0.012023	0.048980
Superscaffold12	37861928	38306927	0.006153	0.002351	0.001533	0.004316
Superscaffold12	38307241	38719153	0.234014	0.082469	0.051947	0.178876
Superscaffold12	38719304	39376442	0.290553	0.096447	0.063719	0.214193
Superscaffold12	39376499	39754831	0.076466	0.029392	0.018416	0.058019
Superscaffold12	39754834	40202960	-0.104147	-0.037359	-0.022684	-0.080921
Superscaffold12	40203281	40624561	0.286013	0.104478	0.073944	0.184834
Superscaffold12	40624563	41300931	0.018538	0.008540	0.005540	0.014852
Superscaffold12	41300934	41933870	0.308026	0.085051	0.051166	0.250347
unanchor224	27686	238533	-0.186418	-0.066409	-0.043180	-0.131345
unanchor228	238700	262826	0.073543	0.016401	0.011953	0.049265
unanchor236	108080	470131	0.017978	0.007408	0.005045	0.016418
unanchor251	15933	175492	0.350149	0.145014	0.096678	0.266574
unanchor255	33374	763434	-0.130716	-0.042512	-0.025742	-0.076366
unanchor272	2931	577526	-0.027984	-0.012329	-0.007423	-0.006916
unanchor278	407486	531037	0.000334	0.000106	0.000073	0.002279
