chr	windowStart	windowEnd	D	f_d	f_dM	d_f
Superscaffold1	568869	783127	0.152317	0.112378	0.072873	0.096304
Superscaffold1	783130	1070119	0.286851	0.207902	0.116516	0.149677
Superscaffold1	1070127	1358554	0.198118	0.087899	0.057834	0.118762
Superscaffold1	1358567	1644670	0.208442	0.085022	0.056025	0.144116
Superscaffold1	1645659	2101931	0.083096	0.029618	0.015195	0.057047
Superscaffold1	2101982	2370910	0.021687	0.010562	0.006267	0.014499
Superscaffold1	2371004	2535817	0.050299	0.048803	0.027538	0.021053
Superscaffold1	2535876	2704447	0.005978	0.006823	0.003178	0.005574
Superscaffold1	2704449	2845806	-0.052093	-0.057467	-0.027395	-0.031231
Superscaffold1	2845828	3069681	-0.302789	-0.436489	-0.172454	-0.185786
Superscaffold1	3069688	3270616	0.129102	0.130692	0.059101	0.072330
Superscaffold1	3270852	3608737	0.010249	0.004867	0.002844	0.012293
Superscaffold1	3608743	3972455	0.043153	0.022382	0.011837	0.024100
Superscaffold1	3972456	4347337	0.018552	0.009862	0.005795	0.017691
Superscaffold1	4347508	4638884	0.171102	0.104944	0.055863	0.099331
Superscaffold1	4639014	4907395	-0.098341	-0.062130	-0.037426	-0.059041
Superscaffold1	4907429	5365626	-0.022344	-0.008090	-0.005186	-0.016429
Superscaffold1	5365756	5725694	0.199543	0.068988	0.047325	0.131904
Superscaffold1	5725734	6105804	0.114039	0.045358	0.029205	0.068935
Superscaffold1	6105900	6409635	0.061933	0.027608	0.016113	0.035078
Superscaffold1	6409652	6785189	-0.007079	-0.003454	-0.002206	-0.004198
Superscaffold1	6785312	7251399	0.057085	0.020916	0.012097	0.039681
Superscaffold1	7251510	7576031	0.023163	0.012832	0.006819	0.014894
Superscaffold1	7581071	8413255	0.060403	0.013147	0.009202	0.037489
Superscaffold1	8413422	9014326	0.107174	0.050276	0.029457	0.056745
Superscaffold1	9015198	10283001	0.068193	0.024523	0.015852	0.042281
Superscaffold1	10283023	10755276	-0.044369	-0.023743	-0.014493	-0.025321
Superscaffold1	10755412	10990000	0.110018	0.070343	0.038025	0.066043
Superscaffold1	10990146	11355300	-0.160206	-0.058167	-0.037257	-0.107782
Superscaffold1	11355302	11634955	-0.445563	-0.241928	-0.137206	-0.327824
Superscaffold1	11635081	12058451	-0.096230	-0.037224	-0.024321	-0.066440
Superscaffold1	12058489	12319152	-0.164831	-0.135473	-0.065963	-0.107825
Superscaffold1	12319291	12576926	-0.021876	-0.020015	-0.011248	-0.017563
Superscaffold1	12576945	12915722	-0.029718	-0.012292	-0.006551	-0.017056
Superscaffold1	12915740	13410148	-0.153927	-0.049451	-0.028622	-0.119044
Superscaffold1	13410172	14140035	0.046991	0.011387	0.006942	0.030216
Superscaffold1	14140076	14623668	-0.018979	-0.007250	-0.004229	-0.014172
Superscaffold1	14624669	14907576	0.143533	0.062853	0.037479	0.099198
Superscaffold1	14907579	15355160	-0.260712	-0.069628	-0.047747	-0.210927
Superscaffold1	15355564	15691969	-0.151036	-0.046452	-0.029918	-0.106827
Superscaffold1	15692052	16041407	-0.139376	-0.055322	-0.031263	-0.090164
Superscaffold1	16041440	16379218	-0.216184	-0.081717	-0.045265	-0.137753
Superscaffold1	16379268	16714953	0.001603	0.000916	0.000518	0.000414
Superscaffold1	16715453	17054446	-0.129031	-0.061318	-0.036535	-0.082130
Superscaffold1	17054450	17424902	0.232082	0.111011	0.060230	0.148771
Superscaffold1	17425265	18154849	-0.047190	-0.021142	-0.011162	-0.027629
Superscaffold1	18154858	18389199	-0.104166	-0.109948	-0.046599	-0.048283
Superscaffold1	18389222	18942365	-0.001190	-0.000443	-0.000247	0.003919
Superscaffold1	18942380	19152901	-0.184811	-0.099091	-0.064975	-0.128649
Superscaffold1	19152934	19613860	0.247837	0.122206	0.086065	0.193854
Superscaffold1	19616327	19917743	-0.058732	-0.028108	-0.017802	-0.036176
Superscaffold1	19917899	20270867	0.061865	0.019903	0.012396	0.036692
Superscaffold1	20271161	20863956	0.143938	0.069153	0.036888	0.098784
Superscaffold1	20864902	21268526	-0.098365	-0.041341	-0.024181	-0.069296
Superscaffold1	21268557	21597237	-0.085105	-0.038290	-0.019571	-0.049864
Superscaffold1	21597241	21991150	0.059553	0.028769	0.016493	0.034773
Superscaffold1	21991159	22446309	0.240554	0.069379	0.044612	0.170898
Superscaffold1	22446392	22940296	0.461258	0.157216	0.093088	0.352891
Superscaffold1	22940352	23429576	0.107890	0.027373	0.016122	0.081076
Superscaffold1	23429626	23803260	-0.190953	-0.078072	-0.040952	-0.136432
Superscaffold1	23803261	24289161	-0.008214	-0.002399	-0.001531	-0.006383
Superscaffold1	24289165	24658495	0.064549	0.024260	0.015286	0.044503
Superscaffold1	24658506	25057628	0.106998	0.034650	0.020954	0.075384
Superscaffold1	25057630	25458721	-0.249581	-0.086442	-0.052026	-0.156869
Superscaffold1	25458742	25800455	0.006517	0.002735	0.001727	0.002300
Superscaffold1	25800572	26189750	-0.165327	-0.068657	-0.040706	-0.116136
Superscaffold1	26189752	26447045	-0.035640	-0.016720	-0.008695	-0.022642
Superscaffold1	26447060	26977747	-0.059141	-0.012579	-0.008011	-0.037310
Superscaffold1	26978314	27348102	-0.213528	-0.079216	-0.040836	-0.134495
Superscaffold1	27348159	27689011	-0.131596	-0.058025	-0.032156	-0.092289
Superscaffold1	27689086	27926719	-0.247467	-0.272173	-0.116946	-0.144755
Superscaffold1	27927436	28147341	0.090425	0.044804	0.027996	0.043748
Superscaffold1	28147376	28537457	0.109770	0.049975	0.029846	0.060041
Superscaffold1	28537587	29007097	-0.175110	-0.048013	-0.032888	-0.116852
Superscaffold1	29009897	29380044	0.080289	0.024088	0.014703	0.050359
Superscaffold1	29380969	29697270	-0.087031	-0.040736	-0.022248	-0.058069
Superscaffold1	29697611	29991603	-0.120892	-0.063283	-0.029345	-0.087846
Superscaffold1	29991639	30312763	0.083260	0.045979	0.026751	0.033965
Superscaffold1	30312858	31031386	0.050475	0.016967	0.009423	0.028883
Superscaffold1	31031389	31429386	-0.169121	-0.062090	-0.034400	-0.118799
Superscaffold1	31429514	32293596	0.052401	0.016657	0.009329	0.030398
Superscaffold1	32293638	32621646	0.286830	0.133590	0.077872	0.190533
Superscaffold1	32622141	32966079	0.041185	0.016569	0.009779	0.028739
Superscaffold1	32966089	33385016	-0.195814	-0.088456	-0.051402	-0.128289
Superscaffold1	33385036	33593537	0.059303	0.031840	0.021295	0.036938
Superscaffold1	33593631	33863599	-0.139276	-0.097392	-0.055427	-0.083680
Superscaffold1	33863831	34124370	-0.218840	-0.086519	-0.052131	-0.160012
Superscaffold1	34124543	34386496	-0.176892	-0.067873	-0.040727	-0.108252
Superscaffold1	34387033	35026604	-0.008782	-0.001763	-0.001206	-0.007091
Superscaffold1	35026781	35840554	-0.092429	-0.037507	-0.023026	-0.054774
Superscaffold1	35840746	36743618	0.101404	0.034399	0.022038	0.064023
Superscaffold1	36744558	37160888	0.244378	0.087213	0.056419	0.146943
Superscaffold1	37160894	37535287	0.204538	0.070952	0.043657	0.136063
Superscaffold1	37535597	38060349	0.127580	0.060621	0.034960	0.073723
Superscaffold1	38060538	38490095	-0.061693	-0.018208	-0.011544	-0.036710
Superscaffold1	38490181	38872046	0.091842	0.029505	0.019247	0.058836
Superscaffold1	38872059	39117262	-0.031632	-0.013340	-0.007701	-0.023400
Superscaffold1	39117264	39575911	-0.148978	-0.055887	-0.031130	-0.120764
Superscaffold1	39575914	39920019	0.021673	0.006785	0.004199	0.022855
Superscaffold1	39920080	40290192	0.107761	0.033743	0.021724	0.074934
Superscaffold1	40290199	40740621	-0.145695	-0.045940	-0.027953	-0.089636
Superscaffold1	40740724	41259551	0.075398	0.021165	0.011867	0.049379
Superscaffold1	41259632	41684509	-0.071406	-0.024436	-0.014834	-0.053067
Superscaffold1	41684559	42081177	0.181086	0.036932	0.022419	0.153188
Superscaffold1	42081259	42873529	0.137422	0.015830	0.011606	0.119797
Superscaffold1	42873556	43606891	0.219476	0.029028	0.018711	0.186035
Superscaffold1	43607009	43947332	-0.023236	-0.006611	-0.003859	-0.019317
Superscaffold1	43947337	44436463	0.190544	0.075491	0.033819	0.152338
Superscaffold1	44436616	45106097	-0.141550	-0.023676	-0.015175	-0.089512
Superscaffold1	45106107	45678169	-0.219230	-0.058811	-0.036666	-0.176672
Superscaffold1	45679804	46086098	-0.840701	-0.531421	-0.228087	-0.787599
Superscaffold1	46086550	46967964	0.000200	0.000041	0.000023	0.003606
Superscaffold1	46967965	47813304	-0.003924	-0.000697	-0.000429	0.005774
Superscaffold1	47813395	48379482	0.087893	0.014616	0.009033	0.064560
Superscaffold1	48379500	48786246	-0.002028	-0.000458	-0.000236	0.001313
Superscaffold1	48787606	49303923	-0.112813	-0.023779	-0.014488	-0.074464
Superscaffold1	49303992	49701111	0.032513	0.006054	0.003865	0.015578
Superscaffold1	49701483	50059019	-0.340460	-0.169237	-0.081348	-0.308074
Superscaffold1	50059023	50349745	-0.144174	-0.072631	-0.038638	-0.114030
Superscaffold1	50349769	50868947	0.007706	0.003206	0.002232	0.004859
Superscaffold1	50868980	51154199	0.190568	0.159256	0.086921	0.107655
Superscaffold2	95071	423143	-0.154793	-0.074980	-0.042720	-0.059152
Superscaffold2	423169	697125	0.139883	0.075491	0.041689	0.063443
Superscaffold2	697147	987549	0.179076	0.092498	0.053286	0.104060
Superscaffold2	987698	1334423	0.086277	0.030053	0.018452	0.037629
Superscaffold2	1334483	1643017	0.071497	0.037396	0.022600	0.028685
Superscaffold2	1643342	2049457	0.065856	0.017481	0.010872	0.041978
Superscaffold2	2052346	2463492	0.014440	0.004246	0.002802	0.006382
Superscaffold2	2463573	3244948	0.208578	0.099325	0.063324	0.130066
Superscaffold2	3244982	3642327	-0.141261	-0.076664	-0.041147	-0.091444
Superscaffold2	3642363	4134368	-0.052998	-0.020850	-0.010936	-0.037986
Superscaffold2	4134483	4548955	-0.113075	-0.044225	-0.024619	-0.077554
Superscaffold2	4549262	4889052	0.113198	0.045371	0.026172	0.074561
Superscaffold2	4889081	5316033	0.128180	0.050916	0.031665	0.074090
Superscaffold2	5317965	5646820	0.331113	0.143433	0.083286	0.214758
Superscaffold2	5646971	6126637	0.424852	0.205786	0.099391	0.303977
Superscaffold2	6126662	6605874	-0.000382	-0.000105	-0.000068	0.001082
Superscaffold2	6605885	7290556	0.007862	0.002253	0.001313	0.008508
Superscaffold2	7290570	7713869	-0.206725	-0.066704	-0.039076	-0.141170
Superscaffold2	7713975	8208949	-0.105411	-0.033278	-0.020209	-0.071785
Superscaffold2	8209060	8971651	-0.090773	-0.023316	-0.015011	-0.057678
Superscaffold2	8971876	9579069	0.220089	0.072202	0.043742	0.153178
Superscaffold2	9579525	10089879	-0.011029	-0.003220	-0.001945	-0.007751
Superscaffold2	10089959	10591608	-0.127645	-0.043487	-0.026981	-0.087688
Superscaffold2	10591626	10952028	-0.117533	-0.046145	-0.026811	-0.072272
Superscaffold2	10952050	11312473	0.049499	0.017518	0.010009	0.029749
Superscaffold2	11312515	11694126	0.107097	0.034688	0.019552	0.060478
Superscaffold2	11694169	12793981	0.206947	0.089604	0.044969	0.135255
Superscaffold2	12793999	13229425	0.024801	0.010424	0.005698	0.018090
Superscaffold2	13229448	13694575	0.110295	0.036856	0.019088	0.089147
Superscaffold2	13695283	14054636	0.372525	0.163610	0.100478	0.270662
Superscaffold2	14054653	14355071	-0.102459	-0.063268	-0.028919	-0.070179
Superscaffold2	14355376	14856532	0.044321	0.015776	0.008522	0.034172
Superscaffold2	14856566	15246175	-0.076386	-0.027814	-0.014831	-0.056168
Superscaffold2	15248862	16453545	-0.058272	-0.020009	-0.012227	-0.037639
Superscaffold2	16453892	16747956	0.059663	0.036314	0.019637	0.032152
Superscaffold2	16747972	17234794	-0.018802	-0.007364	-0.004202	-0.008175
Superscaffold2	17234800	17708996	0.009081	0.003369	0.002009	0.007298
Superscaffold2	17709124	18160118	0.099328	0.030775	0.016621	0.065199
Superscaffold2	18160373	18567077	-0.361916	-0.139234	-0.071269	-0.286586
Superscaffold2	18567099	19200788	-0.156424	-0.035922	-0.020296	-0.104101
Superscaffold2	19200790	19628329	-0.059419	-0.024211	-0.013252	-0.035068
Superscaffold2	19628463	19895033	-0.047547	-0.040813	-0.021125	-0.042030
Superscaffold2	19895116	20266023	0.000145	0.000038	0.000022	-0.005984
Superscaffold2	20266113	20712261	0.015311	0.005087	0.002569	0.010518
Superscaffold2	20712268	21247905	0.113278	0.034523	0.022298	0.068577
Superscaffold2	21248363	21807014	0.061456	0.014918	0.009297	0.056024
Superscaffold2	21807027	22261864	-0.147964	-0.042861	-0.023241	-0.094705
Superscaffold2	22268443	22690024	0.003483	0.001586	0.000930	0.009638
Superscaffold2	22690039	23131083	-0.077851	-0.022752	-0.014436	-0.046910
Superscaffold2	23131117	23534057	0.259000	0.077820	0.043293	0.188745
Superscaffold2	23534137	23931860	0.089800	0.029083	0.016196	0.061069
Superscaffold2	23932147	24331944	-0.181018	-0.067299	-0.034541	-0.119707
Superscaffold2	24332115	24643053	-0.211010	-0.085189	-0.045018	-0.144065
Superscaffold2	24643108	25130067	-0.159195	-0.061884	-0.032550	-0.130303
Superscaffold2	25130170	25513003	0.045733	0.018770	0.010504	0.033574
Superscaffold2	25513659	26026106	0.127668	0.031977	0.020043	0.090606
Superscaffold2	26026170	26395136	0.236909	0.101228	0.059923	0.204772
Superscaffold2	26395349	26912911	0.034601	0.009899	0.005987	0.028649
Superscaffold2	26913000	27302500	-0.215333	-0.097297	-0.053029	-0.143175
Superscaffold2	27302526	27664883	-0.102774	-0.031475	-0.020471	-0.060362
Superscaffold2	27664988	28739173	0.189349	0.072238	0.046281	0.122909
Superscaffold2	28739357	28986143	-0.033881	-0.016013	-0.007984	-0.017232
Superscaffold2	28986147	29309895	-0.171759	-0.081059	-0.038831	-0.111259
Superscaffold2	29310149	29581493	-0.023718	-0.012595	-0.007291	-0.008081
Superscaffold2	29581509	30023029	0.312140	0.130609	0.078544	0.195735
Superscaffold2	30023031	30397619	0.047117	0.016905	0.008690	0.034334
Superscaffold2	30397833	30993993	0.113459	0.030175	0.017516	0.091713
Superscaffold2	30994366	31409499	0.169263	0.048108	0.029586	0.125160
Superscaffold2	31409530	31753877	0.022046	0.007078	0.004109	0.014911
Superscaffold2	31753892	32436569	-0.096820	-0.038481	-0.020384	-0.059249
Superscaffold2	32437001	32845050	0.054214	0.017342	0.009777	0.037093
Superscaffold2	32845146	33230405	0.001806	0.000695	0.000381	-0.005015
Superscaffold2	33230458	33719673	-0.032437	-0.011885	-0.006571	-0.022261
Superscaffold2	33719680	34246008	0.078004	0.024968	0.015066	0.062998
Superscaffold2	34246080	34540520	0.102096	0.052402	0.027597	0.080058
Superscaffold2	34541366	35021202	-0.013822	-0.004704	-0.002529	-0.004469
Superscaffold2	35021309	35483653	-0.067549	-0.019535	-0.010067	-0.047719
Superscaffold2	35483660	36127242	0.009879	0.002776	0.001521	0.000140
Superscaffold2	36127269	36543204	0.040291	0.015684	0.008787	0.027258
Superscaffold2	36543233	36921917	0.058572	0.023110	0.013086	0.033925
Superscaffold2	36921934	37202752	-0.046156	-0.019979	-0.011633	-0.030568
Superscaffold2	37202794	37614497	0.140231	0.034519	0.021414	0.094313
Superscaffold2	37614868	38234253	-0.100997	-0.032571	-0.017186	-0.075028
Superscaffold2	38234393	38846014	0.137801	0.035782	0.021064	0.103798
Superscaffold2	38846021	39247065	0.060544	0.022543	0.011624	0.048349
Superscaffold2	39247099	39630431	0.024676	0.009211	0.005086	0.019013
Superscaffold2	39630437	39978394	0.193117	0.118564	0.062474	0.127082
Superscaffold2	39978683	40244203	-0.041534	-0.019108	-0.009601	-0.033486
Superscaffold2	40244404	40609546	0.130422	0.030513	0.020976	0.096894
Superscaffold2	40609557	40980539	-0.054816	-0.021904	-0.011022	-0.034789
Superscaffold2	40980608	41232262	0.280559	0.106993	0.073445	0.251145
Superscaffold2	41232275	41567829	0.184375	0.084723	0.052686	0.136688
Superscaffold2	41567843	41867492	0.405430	0.154634	0.087492	0.342761
Superscaffold2	41867518	42370059	-0.193341	-0.043600	-0.024098	-0.141058
Superscaffold2	42370921	42849853	0.095527	0.020640	0.012283	0.069565
Superscaffold2	42850026	43112294	0.304791	0.101793	0.070711	0.147963
Superscaffold2	43112470	43573837	0.225399	0.055046	0.031492	0.164088
Superscaffold2	43574438	44171599	0.240680	0.046807	0.030621	0.207216
Superscaffold2	44171671	44713839	0.466515	0.129173	0.070452	0.420523
Superscaffold2	44713994	45453604	-0.056633	-0.011758	-0.006548	-0.051404
Superscaffold2	45453637	46276367	-0.167043	-0.033520	-0.018688	-0.140819
Superscaffold2	46276624	46903072	0.048067	0.009281	0.005570	0.039497
Superscaffold2	46904469	47858841	0.097158	0.012531	0.007937	0.077268
Superscaffold2	47858867	48453116	0.113381	0.028497	0.015221	0.096643
Superscaffold2	48453138	48954447	0.044443	0.007594	0.004967	0.033331
Superscaffold2	48954477	49374980	0.127542	0.041476	0.020475	0.095222
Superscaffold2	49374998	49885293	-0.134299	-0.032821	-0.018313	-0.094303
Superscaffold2	49885604	50301083	0.180602	0.071615	0.040842	0.122684
Superscaffold2	50301176	50691110	-0.201668	-0.081404	-0.047286	-0.139095
Superscaffold2	50691116	51131811	0.030219	0.011769	0.005818	0.017859
Superscaffold2	51131905	51446636	-0.041931	-0.017455	-0.007269	-0.021785
Superscaffold2	51446658	51808328	0.286855	0.068714	0.044199	0.211871
Superscaffold2	51808389	52027582	0.641166	0.242743	0.144169	0.493066
Superscaffold2	52027668	52410600	0.313343	0.087387	0.045042	0.204858
Superscaffold2	52410754	52660070	0.024393	0.011139	0.006145	0.013862
Superscaffold2	52660095	52849223	0.397242	0.256178	0.130393	0.246536
Superscaffold2	52849497	53106037	0.086980	0.041870	0.024649	0.053637
Superscaffold2	53106042	53866225	-0.149043	-0.054458	-0.036345	-0.097491
Superscaffold2	53866226	54220037	-0.232561	-0.072081	-0.041963	-0.123374
Superscaffold2	54220041	55078518	0.037932	0.008886	0.006132	0.026926
Superscaffold2	55078632	55482937	-0.008416	-0.002999	-0.002133	-0.003355
Superscaffold2	55482941	55935343	-0.155028	-0.053754	-0.035358	-0.106413
Superscaffold2	55935803	56350891	-0.349023	-0.129308	-0.067822	-0.263713
Superscaffold2	56350929	56871656	0.097446	0.025467	0.015916	0.070878
Superscaffold2	56871695	57341228	0.181326	0.064329	0.033693	0.137300
Superscaffold2	57341800	57711129	-0.368244	-0.182442	-0.086369	-0.248938
Superscaffold2	57711504	58373950	-0.049321	-0.019196	-0.011216	-0.030942
Superscaffold2	58374000	58719693	-0.528531	-0.264090	-0.135132	-0.382453
Superscaffold2	58719788	59055535	0.019271	0.006686	0.003796	0.015797
Superscaffold2	59055540	59476677	-0.220135	-0.089914	-0.047256	-0.165941
Superscaffold2	59476761	59860114	0.279759	0.110825	0.058113	0.237508
Superscaffold2	59860152	60286692	0.036289	0.010544	0.006063	0.025766
Superscaffold2	60286694	60555332	-0.057516	-0.028041	-0.015717	-0.036588
Superscaffold2	60555333	60825891	0.007470	0.003223	0.001765	0.003977
Superscaffold2	60825931	61183685	-0.199502	-0.144612	-0.077873	-0.114794
Superscaffold2	61183812	61882550	-0.013083	-0.006145	-0.003337	-0.007192
Superscaffold2	61882837	62646211	0.174951	0.072671	0.042875	0.090404
Superscaffold2	62646216	62955724	0.219967	0.075469	0.045010	0.132483
Superscaffold2	62955759	63295582	0.029536	0.009783	0.006511	0.029005
Superscaffold2	63295627	63657878	0.026307	0.011681	0.006303	0.014234
Superscaffold2	63657923	64058046	0.196467	0.058648	0.042714	0.107438
Superscaffold2	64058047	64295113	0.259046	0.134043	0.067627	0.175000
Superscaffold2	64295132	64511857	0.037704	0.016352	0.010420	0.024147
Superscaffold2	64511912	65206059	-0.294638	-0.287260	-0.129547	-0.184699
Superscaffold2	65207094	65677803	-0.372788	-0.124680	-0.065322	-0.286021
Superscaffold2	65683603	66129113	-0.115275	-0.032963	-0.019882	-0.079542
Superscaffold2	66129122	66438375	0.065926	0.039259	0.021439	0.047156
Superscaffold2	66438419	66881945	0.405578	0.130839	0.064277	0.323585
Superscaffold2	66881954	67357221	0.104801	0.036380	0.018415	0.069790
Superscaffold2	67357494	67699699	-0.062347	-0.020939	-0.013943	-0.032976
Superscaffold2	67699832	68122168	-0.147404	-0.042251	-0.023631	-0.119064
Superscaffold2	68122216	68526734	-0.204655	-0.080498	-0.040632	-0.167441
Superscaffold2	68526806	68836206	-0.066956	-0.023945	-0.012979	-0.046011
Superscaffold2	68836297	69291997	0.004796	0.001993	0.001035	0.003827
Superscaffold2	69292777	69501041	-0.292417	-0.185679	-0.106897	-0.185019
Superscaffold2	69502749	69776675	0.218279	0.095754	0.064228	0.150801
Superscaffold2	69776683	70204748	0.080822	0.020925	0.014767	0.057715
Superscaffold2	70204763	70862256	0.267919	0.109206	0.063980	0.175283
Superscaffold2	70862270	71184516	-0.031170	-0.012702	-0.007563	-0.020621
Superscaffold2	71184535	71534264	-0.177828	-0.080089	-0.043285	-0.128295
Superscaffold2	71534370	71921744	0.073307	0.023317	0.014917	0.047962
Superscaffold2	71921776	72176899	-0.011058	-0.006826	-0.004126	-0.006647
Superscaffold2	72176938	72398487	0.492447	0.290152	0.171296	0.352189
Superscaffold2	72398665	72629671	-0.114520	-0.067720	-0.035206	-0.061119
Superscaffold2	72629705	72928792	-0.178043	-0.143286	-0.065877	-0.114503
Superscaffold2	72928799	73175515	0.178878	0.101924	0.060362	0.130770
Superscaffold2	73175619	73490053	0.121926	0.071447	0.039516	0.066092
Superscaffold2	73490171	73774991	-0.028724	-0.014473	-0.007295	-0.013322
Superscaffold2	73775009	73947777	0.090779	0.062924	0.036422	0.046370
Superscaffold2	73947896	74183895	-0.348257	-0.209422	-0.111335	-0.216896
Superscaffold2	74183944	74442592	0.299431	0.150484	0.076801	0.193880
Superscaffold2	74442641	74635364	0.020927	0.012572	0.007431	0.005839
Superscaffold2	74635468	74886923	0.187362	0.116499	0.061796	0.125092
Superscaffold2	74887169	75144890	-0.077876	-0.047245	-0.022482	-0.052321
Superscaffold2	75144926	75321869	-0.215717	-0.219765	-0.089053	-0.149103
Superscaffold2	75321903	75495494	-0.357153	-0.529902	-0.173342	-0.216625
Superscaffold2	75495496	75834970	0.127185	0.057077	0.035174	0.056000
Superscaffold2	75834986	76320338	-0.050070	-0.027493	-0.015901	-0.025990
Superscaffold2	76320779	76735721	0.118871	0.036547	0.023483	0.065939
Superscaffold2	76735738	77008720	-0.231158	-0.119350	-0.058012	-0.129666
Superscaffold2	77008724	77300855	0.385278	0.163284	0.104083	0.287558
Superscaffold2	77300881	77579580	-0.202033	-0.088591	-0.050074	-0.082417
Superscaffold2	77579617	77756710	0.088805	0.064772	0.037956	0.052952
Superscaffold2	77756830	77903325	-0.105259	-0.113637	-0.046443	-0.061959
Superscaffold2	77903329	78208242	0.140697	0.059607	0.039903	0.080972
Superscaffold2	78208333	78370426	-0.128719	-0.122387	-0.057640	-0.073308
Superscaffold2	78370439	78715322	-0.033253	-0.015468	-0.008718	-0.025376
Superscaffold2	78715409	79232927	0.062854	0.016966	0.010623	0.045603
Superscaffold2	79232966	79628777	0.096995	0.049427	0.029842	0.072904
Superscaffold2	79628814	80194166	0.468643	0.290625	0.151589	0.383502
Superscaffold2	80194241	80631141	0.154816	0.050988	0.034763	0.096211
Superscaffold2	80631906	80981717	0.159295	0.056490	0.035375	0.102258
Superscaffold2	80981727	81725867	0.081874	0.026245	0.015658	0.050974
Superscaffold2	81725927	82071610	-0.202426	-0.088944	-0.046498	-0.167489
Superscaffold2	82071640	82793920	-0.035987	-0.013440	-0.007261	-0.023981
Superscaffold2	82794091	83225714	0.070268	0.025984	0.015110	0.049262
Superscaffold2	83225805	83548356	-0.188241	-0.081589	-0.044697	-0.127771
Superscaffold2	83548365	83868960	0.015523	0.006116	0.003102	0.010263
Superscaffold2	83869694	84209251	0.221139	0.107917	0.067438	0.162910
Superscaffold2	84219902	84622491	0.024065	0.007614	0.004503	0.021753
Superscaffold2	84622934	84988575	-0.312599	-0.115006	-0.066508	-0.255316
Superscaffold2	84988589	85248842	0.023293	0.010167	0.004650	0.015973
Superscaffold2	85248938	85630883	0.353974	0.138686	0.085079	0.301489
Superscaffold2	85630932	86638413	-0.098621	-0.033186	-0.019651	-0.065948
Superscaffold2	86638552	87522367	-0.172388	-0.090851	-0.048106	-0.101123
Superscaffold2	87524126	87793337	0.223926	0.107469	0.061297	0.154429
Superscaffold2	87794204	88086411	0.039992	0.017044	0.009884	0.029386
Superscaffold2	88086425	88419909	0.250193	0.089912	0.060696	0.184939
Superscaffold2	88420037	88792168	0.130838	0.055439	0.032595	0.070067
Superscaffold2	88792322	89048627	-0.452167	-0.327064	-0.157305	-0.272406
Superscaffold2	89048640	89433894	0.216695	0.119253	0.063155	0.141824
Superscaffold2	89434005	89772662	0.158641	0.049959	0.029374	0.108124
Superscaffold2	89772700	90075131	0.140326	0.069149	0.037786	0.098107
Superscaffold2	90075164	90474244	0.062209	0.020559	0.011418	0.037241
Superscaffold2	90474317	90819196	0.051312	0.027414	0.014758	0.029389
Superscaffold2	90819250	91168730	-0.060018	-0.026437	-0.015916	-0.028184
Superscaffold2	91168739	92257896	0.148067	0.050041	0.028646	0.089048
Superscaffold2	92257971	92715771	-0.124797	-0.042272	-0.024471	-0.099186
Superscaffold2	92716122	93027719	-0.364465	-0.278000	-0.121038	-0.270406
Superscaffold2	93027722	93618448	-0.286086	-0.269402	-0.098901	-0.201167
Superscaffold2	93618998	93904233	0.067470	0.035937	0.015897	0.026751
Superscaffold2	93904350	94311001	0.194726	0.089449	0.044757	0.122852
Superscaffold2	94311880	94668395	0.340778	0.209833	0.114527	0.209593
Superscaffold2	94668516	94930999	0.071960	0.034396	0.017644	0.037366
Superscaffold2	94931051	95155173	0.144252	0.087796	0.044069	0.077465
Superscaffold2	95155220	95377620	-0.016460	-0.009384	-0.005223	-0.004671
Superscaffold2	95377652	95712240	-0.016727	-0.007533	-0.004572	-0.007844
Superscaffold2	95712351	96079331	-0.026883	-0.012297	-0.008522	-0.015996
Superscaffold2	96079536	96386111	-0.004025	-0.002036	-0.001139	-0.000694
Superscaffold2	96386112	96654959	0.125096	0.078788	0.042739	0.079104
Superscaffold2	96655134	96910153	0.040234	0.028706	0.013764	0.024106
Superscaffold2	96910419	97213173	0.088959	0.052293	0.027036	0.050066
Superscaffold2	97213181	97405121	-0.013126	-0.011169	-0.005870	-0.005939
Superscaffold2	97405363	97654180	0.057521	0.021752	0.013672	0.032638
Superscaffold2	97654341	98007833	0.134291	0.107507	0.048172	0.081186
Superscaffold2	98007866	98195756	0.044372	0.039793	0.019829	0.028029
Superscaffold2	98195834	98466186	0.028265	0.017696	0.009586	0.017589
Superscaffold2	98466187	98770793	0.182409	0.149406	0.091934	0.105793
Superscaffold2	98770796	99098517	0.155016	0.109484	0.064442	0.082543
Superscaffold2	99098608	99267189	-0.268795	-0.409849	-0.115519	-0.136849
Superscaffold2	99267199	99515426	-0.056400	-0.044359	-0.024871	-0.029970
Superscaffold2	99515439	99704804	0.182520	0.183826	0.101263	0.107363
Superscaffold2	99704818	99842385	-0.011814	-0.016052	-0.008449	-0.005167
Superscaffold2	99842386	100070603	-0.030353	-0.026944	-0.014760	-0.016859
Superscaffold2	100070654	100428601	0.107857	0.060885	0.038767	0.069301
Superscaffold2	100429384	101050666	0.156438	0.066323	0.042593	0.089325
Superscaffold3	55825	412205	0.132136	0.056280	0.039149	0.081500
Superscaffold3	412224	670936	0.084858	0.055786	0.030906	0.043742
Superscaffold3	670942	859523	0.017728	0.016104	0.009109	0.007536
Superscaffold3	859614	1297200	0.187929	0.125244	0.073265	0.103788
Superscaffold3	1297278	1698292	0.013480	0.006727	0.004277	0.004352
Superscaffold3	1698323	1984827	-0.041357	-0.034114	-0.021082	-0.022519
Superscaffold3	1984855	2335844	0.039764	0.030808	0.018798	0.019503
Superscaffold3	2335866	2491036	0.064215	0.069366	0.043488	0.038988
Superscaffold3	2491096	2686173	-0.075045	-0.057029	-0.036753	-0.039481
Superscaffold3	2686256	2874425	0.040314	0.027020	0.015989	0.022981
Superscaffold3	2874518	3345591	0.029541	0.011853	0.007843	0.015210
Superscaffold3	3345913	3619198	-0.059367	-0.048282	-0.025943	-0.045666
Superscaffold3	3619277	3858636	0.003228	0.002148	0.001211	0.004163
Superscaffold3	3858714	4321183	0.084516	0.048607	0.027810	0.062968
Superscaffold3	4321291	5050165	0.213016	0.138291	0.066041	0.119979
Superscaffold3	5050351	5359723	-0.055996	-0.054188	-0.029445	-0.038094
Superscaffold3	5359737	5565401	-0.060771	-0.050689	-0.027927	-0.041649
Superscaffold3	5565446	5801427	0.012430	0.009434	0.005272	0.006023
Superscaffold3	5801449	6062076	-0.288463	-0.138188	-0.089496	-0.172931
Superscaffold3	6062124	6413805	0.005832	0.003216	0.002028	0.006974
Superscaffold3	6413943	6607140	-0.157204	-0.132652	-0.075359	-0.090868
Superscaffold3	6607143	6869508	0.046380	0.029014	0.017738	0.019464
Superscaffold3	6869652	7419670	0.110211	0.054229	0.035332	0.077691
Superscaffold3	7419753	8036838	0.216313	0.052709	0.037385	0.155438
Superscaffold3	8036841	9004206	0.005711	0.001417	0.000874	0.001528
Superscaffold3	9004288	9641336	-0.028595	-0.016775	-0.009253	-0.015864
Superscaffold3	9641455	9774669	-0.228045	-0.235462	-0.110469	-0.143645
Superscaffold3	9774828	10113808	0.211138	0.152924	0.095962	0.132193
Superscaffold3	10113845	10865434	-0.015299	-0.016183	-0.008921	-0.011679
Superscaffold3	10865480	11209839	-0.050794	-0.064183	-0.034818	-0.027882
Superscaffold3	11209849	11377965	0.015817	0.015124	0.009090	0.011074
Superscaffold3	11377994	11599630	0.097256	0.115039	0.063949	0.052492
Superscaffold3	11599660	11867625	0.096758	0.089972	0.052079	0.056242
Superscaffold3	11867635	12050675	0.101506	0.102536	0.058481	0.060515
Superscaffold3	12050803	12242328	0.030113	0.027747	0.016344	0.017104
Superscaffold3	12242364	12493073	-0.103881	-0.091018	-0.051168	-0.066606
Superscaffold3	12493106	12776442	0.258271	0.154553	0.105424	0.182974
Superscaffold3	12776446	12995406	0.044276	0.040746	0.022218	0.026656
Superscaffold3	12995436	13210041	0.078220	0.068829	0.040974	0.050612
Superscaffold3	13210052	13345106	-0.054076	-0.090583	-0.046156	-0.026795
Superscaffold3	13345128	13628941	-0.156144	-0.132941	-0.067822	-0.094131
Superscaffold3	13629089	14192897	0.058390	0.049314	0.028502	0.031525
Superscaffold3	14192935	14330770	0.033980	0.042670	0.022765	0.017755
Superscaffold3	14330920	14476494	0.081352	0.098471	0.054282	0.047753
Superscaffold3	14476497	14619473	0.052901	0.071157	0.040542	0.026939
Superscaffold3	14619528	14768915	-0.024575	-0.031742	-0.016174	-0.010092
Superscaffold3	14768935	14948101	-0.226048	-0.296158	-0.139796	-0.124702
Superscaffold3	14948104	15126105	0.052835	0.062592	0.031204	0.027934
Superscaffold3	15126106	15318435	0.018022	0.017122	0.009379	0.001280
Superscaffold3	15318480	15465371	0.030704	0.042502	0.020987	0.017237
Superscaffold3	15465399	15626753	-0.070607	-0.084565	-0.044967	-0.042866
Superscaffold3	15626766	15996437	0.056959	0.048379	0.024426	0.033210
Superscaffold3	15996462	16608542	0.062464	0.041363	0.022998	0.039111
Superscaffold3	16608654	16808692	0.131626	0.125810	0.065955	0.069277
Superscaffold3	16808741	17027082	-0.084908	-0.083182	-0.046901	-0.043380
Superscaffold3	17027108	17386557	-0.107164	-0.070863	-0.041718	-0.059361
Superscaffold3	17386584	17674521	-0.128698	-0.105104	-0.062073	-0.075960
Superscaffold3	17674535	17901094	-0.059912	-0.053962	-0.027477	-0.038262
Superscaffold3	17901208	18097277	-0.114306	-0.077889	-0.038584	-0.077536
Superscaffold3	18097516	18564225	0.077853	0.048497	0.026528	0.043016
Superscaffold3	18564285	19373846	-0.009497	-0.005618	-0.003236	-0.008401
Superscaffold3	19373871	19668576	0.085893	0.052481	0.032447	0.052339
Superscaffold3	19668641	19877775	-0.081343	-0.076418	-0.043033	-0.049842
Superscaffold3	19877810	20035730	-0.021384	-0.013698	-0.009573	-0.008085
Superscaffold3	20035746	20277850	-0.002902	-0.001656	-0.001067	-0.002979
Superscaffold3	20277854	20446826	-0.056144	-0.039069	-0.022516	-0.029607
Superscaffold3	20446866	20693107	-0.079413	-0.063171	-0.036014	-0.049501
Superscaffold3	20693316	20896901	-0.128129	-0.102012	-0.058865	-0.086860
Superscaffold3	20896947	21166774	-0.001064	-0.000808	-0.000385	0.001922
Superscaffold3	21167430	21745579	-0.005370	-0.003298	-0.001964	-0.002959
Superscaffold3	21745659	22007403	0.186391	0.182356	0.098954	0.114157
Superscaffold3	22007475	22154336	-0.061568	-0.051272	-0.033050	-0.031851
Superscaffold3	22154485	22299603	0.293465	0.219005	0.146476	0.173860
Superscaffold3	22299826	22629239	0.061270	0.026406	0.015679	0.025346
Superscaffold3	22629319	22891653	0.012465	0.004342	0.002816	0.002559
Superscaffold3	22891670	23078816	0.448832	0.275253	0.143435	0.300580
Superscaffold3	23078849	23291111	-0.031792	-0.023832	-0.013581	-0.017019
Superscaffold3	23291234	23488780	-0.013011	-0.012790	-0.007492	-0.003965
Superscaffold3	23488781	23720219	0.029021	0.028962	0.015434	0.014425
Superscaffold3	23720263	23982412	0.540040	0.426407	0.250379	0.352781
Superscaffold3	23982561	24133237	0.253726	0.183129	0.077670	0.113209
Superscaffold3	24133347	24636407	0.184580	0.124390	0.068936	0.097033
Superscaffold3	24636411	24878735	0.125238	0.090557	0.053577	0.059771
Superscaffold3	24878736	25160584	0.208698	0.145100	0.091780	0.123309
Superscaffold3	25160775	25365754	0.102250	0.071736	0.047282	0.050803
Superscaffold3	25365805	25468735	0.043848	0.056513	0.030501	0.021133
Superscaffold3	25468830	25927130	0.045408	0.029363	0.018520	0.020987
Superscaffold3	25927202	26283652	-0.090663	-0.078625	-0.037997	-0.055922
Superscaffold3	26283847	26452030	0.175218	0.163697	0.087449	0.110822
Superscaffold3	26452038	26565288	-0.050427	-0.045462	-0.020345	-0.028857
Superscaffold3	26566330	26703463	0.045835	0.042171	0.019997	0.021787
Superscaffold3	26703598	26912500	0.079616	0.044039	0.021527	0.033541
Superscaffold3	26912803	27164108	0.057639	0.030396	0.016554	0.028966
Superscaffold3	27164180	27370812	0.459144	0.276247	0.151128	0.316022
Superscaffold3	27370832	27849548	0.148872	0.053163	0.036173	0.098648
Superscaffold3	27849612	28173728	-0.302551	-0.170578	-0.087636	-0.204349
Superscaffold3	28173730	28484422	-0.000431	-0.000211	-0.000118	0.000118
Superscaffold3	28484424	28715092	0.211907	0.099578	0.043809	0.146736
Superscaffold3	28715164	28956596	-0.017396	-0.007677	-0.004720	-0.011860
Superscaffold3	28956607	29155068	-0.065880	-0.030717	-0.016158	-0.035386
Superscaffold3	29155069	29494648	-0.123864	-0.051295	-0.033331	-0.097380
Superscaffold3	29494663	29689503	-0.243474	-0.119642	-0.072817	-0.169194
Superscaffold3	29689556	29925629	-0.386795	-0.266084	-0.144366	-0.240709
Superscaffold3	29925636	30280927	0.071072	0.035866	0.019751	0.044160
Superscaffold3	30280983	31117694	-0.024782	-0.012038	-0.005750	-0.012333
Superscaffold3	31117950	31374106	0.224884	0.123394	0.066372	0.188206
Superscaffold3	31374119	31685097	0.339846	0.134235	0.077358	0.272485
Superscaffold3	31685199	32080344	0.174320	0.057432	0.033285	0.143866
Superscaffold3	32080948	32381337	-0.005600	-0.002582	-0.001381	-0.005764
Superscaffold3	32381646	32777977	0.107883	0.044629	0.023418	0.064821
Superscaffold3	32778055	33136494	0.360674	0.183636	0.102197	0.225886
Superscaffold3	33136713	33510819	-0.094366	-0.030193	-0.020063	-0.062313
Superscaffold3	33510875	33900673	-0.071110	-0.020307	-0.014253	-0.039252
Superscaffold3	33900718	34238385	0.066088	0.021637	0.014365	0.043690
Superscaffold3	34238665	34449515	-0.106421	-0.061314	-0.032396	-0.066540
Superscaffold3	34450067	34842649	0.146441	0.065885	0.039478	0.098303
Superscaffold3	34842672	35241743	0.220817	0.057949	0.035175	0.174019
Superscaffold3	35241744	35521018	0.070594	0.018883	0.013107	0.045394
Superscaffold3	35521094	36156163	-0.120658	-0.026791	-0.017187	-0.082488
Superscaffold3	36156178	36352467	-0.164758	-0.101500	-0.044593	-0.068109
Superscaffold3	36352827	36849791	-0.452041	-0.203356	-0.106502	-0.276697
Superscaffold3	36849798	37628180	0.118134	0.021784	0.014583	0.065424
Superscaffold3	37628980	38051599	-0.053060	-0.012594	-0.008843	-0.034834
Superscaffold3	38051650	38338978	-0.043001	-0.031073	-0.018864	-0.027923
Superscaffold3	38339187	38878570	0.210685	0.041140	0.029456	0.148728
Superscaffold3	38878973	39366204	0.016419	0.004483	0.002289	0.012601
Superscaffold3	39366238	39771121	0.353153	0.130874	0.066366	0.322899
Superscaffold3	39771313	40321614	0.150104	0.036810	0.021829	0.111421
Superscaffold3	40321741	40866028	-0.188577	-0.053783	-0.030672	-0.141123
Superscaffold3	40866030	41316119	0.129911	0.054394	0.028127	0.095479
Superscaffold3	41316147	41969711	-0.249293	-0.080559	-0.041960	-0.197268
Superscaffold3	41969815	42294724	0.131318	0.053545	0.030237	0.103071
Superscaffold3	42294926	42912281	-0.250252	-0.087658	-0.051290	-0.187480
Superscaffold3	42912368	43409560	-0.299222	-0.085114	-0.049663	-0.227838
Superscaffold3	43409578	43780832	-0.202973	-0.093739	-0.052070	-0.140689
Superscaffold3	43780837	44466099	-0.225035	-0.072625	-0.037589	-0.161607
Superscaffold3	44466103	44832377	0.099815	0.031936	0.018841	0.068908
Superscaffold3	44832595	45066018	0.145124	0.072008	0.041614	0.103828
Superscaffold3	45066021	45398251	-0.010691	-0.004280	-0.002314	-0.003347
Superscaffold3	45398447	45753207	-0.376941	-0.271991	-0.110379	-0.296049
Superscaffold3	45753252	46066756	-0.557140	-0.516220	-0.220999	-0.411650
Superscaffold3	46066908	46261719	0.004178	0.002970	0.001614	0.000057
Superscaffold3	46261776	46481532	0.123198	0.115972	0.061639	0.061772
Superscaffold3	46481716	47123052	0.011288	0.006866	0.003773	0.010456
Superscaffold3	47123348	47440677	-0.101910	-0.058228	-0.028361	-0.041296
Superscaffold3	47440714	47733896	-0.428133	-0.322656	-0.145501	-0.307260
Superscaffold3	47734216	48310127	-0.015827	-0.005383	-0.002678	-0.006077
Superscaffold3	48310130	48673317	0.404057	0.133243	0.080986	0.316196
Superscaffold3	48674554	49053695	-0.067678	-0.028270	-0.016762	-0.038965
Superscaffold3	49053697	49338602	-0.081811	-0.034293	-0.017628	-0.043414
Superscaffold3	49338660	49632046	0.041429	0.031236	0.016138	0.027518
Superscaffold3	49632175	50001135	-0.369132	-0.201850	-0.108862	-0.249776
Superscaffold3	50001163	50358486	0.289056	0.119151	0.077550	0.197306
Superscaffold3	50358540	50661323	-0.479315	-0.204677	-0.133789	-0.335680
Superscaffold3	50661430	51117903	-0.072066	-0.021243	-0.013174	-0.045695
Superscaffold3	51117976	51453678	0.060999	0.024855	0.014272	0.034159
Superscaffold3	51453805	51834924	0.080448	0.035603	0.019133	0.049487
Superscaffold3	51834930	52202712	-0.049250	-0.027931	-0.013795	-0.024377
Superscaffold3	52202740	52461142	0.284970	0.126653	0.060452	0.188350
Superscaffold3	52461193	52883549	-0.164337	-0.061342	-0.035815	-0.121448
Superscaffold3	52883564	53172120	0.127811	0.058272	0.038501	0.081585
Superscaffold3	53172150	53429705	-0.019954	-0.009060	-0.005257	-0.013243
Superscaffold3	53429738	53707461	0.128376	0.101950	0.055936	0.077315
Superscaffold3	53707529	53965920	0.030845	0.020616	0.011560	0.011040
Superscaffold3	53965940	54242050	-0.044699	-0.024400	-0.014259	-0.020038
Superscaffold3	54242091	54648467	0.042349	0.018489	0.011585	0.022125
Superscaffold3	54648497	54884963	-0.104110	-0.085093	-0.047310	-0.058401
Superscaffold3	54885329	55252419	-0.142146	-0.095681	-0.056761	-0.080895
Superscaffold3	55252422	56037359	0.032777	0.014459	0.008317	0.016237
Superscaffold3	56037560	56412467	0.081698	0.027192	0.017744	0.050117
Superscaffold3	56412719	56671553	-0.160748	-0.081687	-0.053354	-0.097508
Superscaffold3	56671566	56846704	0.036694	0.026035	0.016290	0.025115
Superscaffold3	56846707	57224768	0.182026	0.107713	0.069504	0.118797
Superscaffold3	57224783	57596431	-0.029345	-0.012442	-0.007260	-0.019590
Superscaffold3	57596683	57875283	0.126866	0.058088	0.031081	0.078417
Superscaffold3	57875362	58356808	0.114293	0.040287	0.023050	0.068051
Superscaffold3	58356872	58894778	0.031577	0.010863	0.005497	0.026785
Superscaffold3	58894834	59169527	-0.154326	-0.084137	-0.044549	-0.087508
Superscaffold3	59169541	59396121	0.024314	0.020583	0.010852	0.014322
Superscaffold3	59396150	59672857	0.014801	0.009769	0.005900	0.011235
Superscaffold3	59673247	60031967	0.255318	0.110823	0.069907	0.169930
Superscaffold3	60032241	60505899	-0.039049	-0.029180	-0.014954	-0.019778
Superscaffold3	60505923	60752388	-0.077437	-0.062274	-0.033962	-0.038225
Superscaffold3	60752396	61164652	-0.031304	-0.021326	-0.012073	-0.021047
Superscaffold3	61164804	61585067	-0.141962	-0.055204	-0.033617	-0.092754
Superscaffold3	61585296	61876939	-0.133813	-0.084483	-0.051917	-0.081281
Superscaffold3	61877019	62414566	0.014905	0.006304	0.003992	0.009292
Superscaffold3	62414730	62716029	-0.157750	-0.107880	-0.060871	-0.091534
Superscaffold3	62717080	63458289	0.009432	0.005235	0.002839	0.006866
Superscaffold3	63459032	64233592	-0.033706	-0.020379	-0.009967	-0.016856
Superscaffold3	64233638	64597224	-0.037775	-0.023287	-0.011475	-0.021552
Superscaffold3	64597234	64903235	-0.119251	-0.107704	-0.042816	-0.073037
Superscaffold3	64903485	65209285	0.031537	0.026591	0.014875	0.015831
Superscaffold3	65209295	65388541	-0.156107	-0.184097	-0.095271	-0.081132
Superscaffold3	65388614	65607908	-0.181031	-0.290486	-0.119373	-0.102070
Superscaffold3	65607968	65773819	0.110391	0.126448	0.082794	0.047024
Superscaffold3	65773851	65951199	-0.054059	-0.065392	-0.034794	-0.026438
Superscaffold3	65951263	66227685	-0.135440	-0.103312	-0.059654	-0.091626
Superscaffold3	66227706	66555830	-0.056477	-0.017963	-0.010800	-0.026602
Superscaffold3	66558598	66902814	0.135571	0.053392	0.030285	0.088683
Superscaffold4	145505	438365	-0.074230	-0.079129	-0.048378	-0.043564
Superscaffold4	448843	841322	-0.087984	-0.073410	-0.040745	-0.045837
Superscaffold4	841326	1084053	-0.105249	-0.123518	-0.056251	-0.051543
Superscaffold4	1084457	1272384	-0.026520	-0.027829	-0.015987	-0.013009
Superscaffold4	1272432	1832741	0.047200	0.039489	0.022554	0.023959
Superscaffold4	1832783	2389998	0.023476	0.019876	0.011875	0.015469
Superscaffold4	2390031	2745770	-0.040866	-0.030598	-0.016776	-0.024148
Superscaffold4	2745788	3053028	-0.051785	-0.050556	-0.026964	-0.030237
Superscaffold4	3053048	3250384	-0.024532	-0.018632	-0.011636	-0.011154
Superscaffold4	3250390	3606882	0.091018	0.066749	0.042311	0.047294
Superscaffold4	3606991	3872291	-0.101111	-0.109402	-0.060501	-0.051897
Superscaffold4	3872330	4074157	-0.459539	-0.301967	-0.164833	-0.272295
Superscaffold4	4074167	4576788	-0.030781	-0.017773	-0.008852	-0.017116
Superscaffold4	4576974	5238492	0.181901	0.151929	0.086719	0.107079
Superscaffold4	5238508	5437207	-0.134188	-0.168785	-0.085086	-0.065818
Superscaffold4	5437305	6089843	0.039440	0.026086	0.015526	0.024235
Superscaffold4	6089858	6459462	-0.145744	-0.144180	-0.078988	-0.081387
Superscaffold4	6459514	6622327	-0.071308	-0.059165	-0.033891	-0.039122
Superscaffold4	6622366	6960906	-0.004146	-0.003002	-0.001993	-0.002317
Superscaffold4	6960997	7185573	-0.227252	-0.189375	-0.116686	-0.127234
Superscaffold4	7185574	7345947	0.057106	0.055505	0.032347	0.026946
Superscaffold4	7345983	7659211	0.079453	0.091670	0.047900	0.038626
Superscaffold4	7659217	7868668	-0.020443	-0.017284	-0.010008	-0.019751
Superscaffold4	7868717	7987309	-0.009231	-0.010059	-0.005264	-0.014570
Superscaffold4	7987322	8637866	0.061370	0.031094	0.019862	0.037430
Superscaffold4	8637874	8806953	0.090373	0.093319	0.056593	0.054653
Superscaffold4	8806961	8959891	0.083160	0.091272	0.054702	0.043933
Superscaffold4	8959917	9085363	0.039123	0.057389	0.027549	0.020081
Superscaffold4	9085436	9301692	-0.194560	-0.225876	-0.117635	-0.103636
Superscaffold4	9301710	9667222	-0.092718	-0.063476	-0.036101	-0.053792
Superscaffold4	9667240	9796512	-0.016532	-0.016684	-0.009496	-0.013010
Superscaffold4	9796923	10019018	-0.043869	-0.030398	-0.020287	-0.026038
Superscaffold4	10019053	10297504	0.030242	0.028342	0.016357	0.016610
Superscaffold4	10297513	10984424	-0.006794	-0.003586	-0.002053	-0.009940
Superscaffold4	10984462	11369942	0.053319	0.036633	0.021547	0.036653
Superscaffold4	11370054	11582285	0.040060	0.041175	0.022328	0.024552
Superscaffold4	11582301	11792882	0.064899	0.066688	0.027479	0.034702
Superscaffold4	11792957	11997151	0.164652	0.125192	0.068971	0.093991
Superscaffold4	11998214	12225718	0.141889	0.104011	0.064323	0.071770
Superscaffold4	12225794	12423584	-0.106030	-0.083212	-0.043725	-0.061235
Superscaffold4	12423611	12741523	-0.024426	-0.022523	-0.012288	-0.013114
Superscaffold4	12741552	12894804	-0.023087	-0.029425	-0.015517	-0.010131
Superscaffold4	12894818	13020590	0.031580	0.043975	0.017927	0.021147
Superscaffold4	13020658	13159482	-0.076697	-0.099571	-0.043826	-0.041861
Superscaffold4	13159521	13314293	-0.042501	-0.054594	-0.026201	-0.017392
Superscaffold4	13314305	13612179	0.144063	0.087881	0.045475	0.066395
Superscaffold4	13612571	13766411	0.143881	0.130262	0.072921	0.073641
Superscaffold4	13766593	14176279	0.020996	0.022939	0.007492	0.013173
Superscaffold4	14176357	14472856	0.048843	0.025483	0.015463	0.020060
Superscaffold4	14472884	14663437	0.145528	0.089627	0.057117	0.074884
Superscaffold4	14663450	14868933	0.014641	0.012686	0.005815	0.007982
Superscaffold4	14868963	15166181	-0.203949	-0.135066	-0.074416	-0.096030
Superscaffold4	15166231	15281520	0.095427	0.087077	0.048347	0.056387
Superscaffold4	15281574	16050348	0.045496	0.042333	0.023702	0.025775
Superscaffold4	16050352	16192249	-0.167803	-0.265535	-0.110690	-0.089624
Superscaffold4	16192250	16473828	-0.010012	-0.007586	-0.004448	-0.004644
Superscaffold4	16473852	16731932	-0.100620	-0.096387	-0.048076	-0.061113
Superscaffold4	16731934	17080265	-0.104439	-0.099923	-0.048652	-0.062273
Superscaffold4	17080299	17397678	0.062759	0.053495	0.029007	0.032505
Superscaffold4	17397814	17623757	-0.015246	-0.016439	-0.009520	-0.013149
Superscaffold4	17623767	17806142	-0.125875	-0.150795	-0.081691	-0.068113
Superscaffold4	17806425	17963581	0.141267	0.148199	0.094857	0.087867
Superscaffold4	17963647	18241366	-0.039568	-0.039623	-0.021820	-0.019159
Superscaffold4	18241378	18413303	-0.010437	-0.009333	-0.005389	-0.006314
Superscaffold4	18413335	19143702	-0.357056	-0.110715	-0.069156	-0.249876
Superscaffold4	19143731	19417899	-0.135589	-0.066386	-0.037989	-0.090339
Superscaffold4	19417950	19661720	-0.345711	-0.283604	-0.131099	-0.204256
Superscaffold4	19661766	19922115	0.059376	0.051818	0.023284	0.023610
Superscaffold4	19922136	20109099	0.027311	0.022631	0.012585	0.016366
Superscaffold4	20109147	20340448	0.008731	0.006820	0.003799	0.009015
Superscaffold4	20340617	20694739	0.101545	0.059259	0.038129	0.060090
Superscaffold4	20694749	21054188	-0.007428	-0.003148	-0.001854	-0.005676
Superscaffold4	21054212	21460701	0.274446	0.157215	0.085240	0.165404
Superscaffold4	21460862	21938687	0.793277	0.374489	0.256052	0.671635
Superscaffold4	21938695	22138097	0.000477	0.000356	0.000184	0.001846
Superscaffold4	22138147	22329833	0.015883	0.018862	0.009845	0.008082
Superscaffold4	22329889	22466023	-0.093021	-0.082767	-0.050429	-0.047534
Superscaffold4	22466024	22635490	0.041378	0.027069	0.016429	0.022423
Superscaffold4	22635494	22819658	0.287863	0.241213	0.116608	0.165445
Superscaffold4	22819659	22979846	-0.023391	-0.022435	-0.012920	-0.016020
Superscaffold4	22979850	23181077	-0.059896	-0.052632	-0.030344	-0.031822
Superscaffold4	23181193	23376769	0.115778	0.066895	0.045107	0.056232
Superscaffold4	23376777	23612001	-0.085076	-0.074421	-0.041643	-0.046541
Superscaffold4	23612003	23988654	0.055837	0.036536	0.022657	0.040465
Superscaffold4	23988697	24442302	-0.065158	-0.025406	-0.014911	-0.037162
Superscaffold4	24442327	24651679	0.080279	0.040126	0.027021	0.042759
Superscaffold4	24651733	24963640	0.144677	0.062158	0.030886	0.078508
Superscaffold4	24963650	25275790	0.134681	0.068861	0.037431	0.086438
Superscaffold4	25275807	25426801	-0.113379	-0.088307	-0.043460	-0.055373
Superscaffold4	25426862	25694650	0.367646	0.197789	0.147158	0.234831
Superscaffold4	25694654	25833058	0.290805	0.245749	0.139390	0.172507
Superscaffold4	25833080	26305721	0.041674	0.036529	0.017828	0.020123
Superscaffold4	26305725	26529318	0.046744	0.037043	0.017508	0.029364
Superscaffold4	26529329	26676439	-0.055794	-0.073008	-0.032614	-0.029715
Superscaffold4	26676543	26857683	0.092191	0.129170	0.078726	0.048006
Superscaffold4	26857691	27081564	-0.047222	-0.020778	-0.013934	-0.030604
Superscaffold4	27081675	27412869	-0.168264	-0.059528	-0.037753	-0.121938
Superscaffold4	27412880	27680340	-0.243371	-0.107721	-0.062374	-0.179019
Superscaffold4	27680404	27933402	0.130277	0.063251	0.035602	0.064670
Superscaffold4	27933437	28271327	0.069274	0.047105	0.027195	0.030793
Superscaffold4	28271594	28508550	-0.217621	-0.295101	-0.115865	-0.123002
Superscaffold4	28508641	28793043	0.034389	0.038215	0.019908	0.019303
Superscaffold4	28793092	29024710	0.040554	0.018377	0.011659	0.018149
Superscaffold4	29024902	29305876	-0.139373	-0.055326	-0.037708	-0.080205
Superscaffold4	29305934	29531180	-0.009471	-0.010820	-0.005728	-0.003251
Superscaffold4	29531190	29777555	0.190007	0.164956	0.111246	0.126216
Superscaffold4	29777628	30094845	-0.010883	-0.009280	-0.005512	-0.008525
Superscaffold4	30094895	30261600	0.064163	0.064457	0.034200	0.032217
Superscaffold4	30261704	30447758	0.044070	0.036037	0.020599	0.025597
Superscaffold4	30448188	30612875	0.093462	0.080668	0.054223	0.060428
Superscaffold4	30612909	30865223	-0.110084	-0.088347	-0.050573	-0.060029
Superscaffold4	30865270	31919421	-0.012607	-0.008127	-0.004223	-0.004556
Superscaffold4	31919434	32166321	0.422682	0.259820	0.156004	0.265271
Superscaffold4	32166323	32556788	-0.023579	-0.006975	-0.004283	-0.015280
Superscaffold4	32556835	33037700	0.108940	0.043531	0.025157	0.075368
Superscaffold4	33037729	33534863	0.151431	0.061634	0.038183	0.083594
Superscaffold4	33534916	33818937	-0.051034	-0.031641	-0.016257	-0.027719
Superscaffold4	33818967	34104027	-0.018041	-0.013026	-0.006628	-0.003309
Superscaffold4	34104126	34472872	0.342303	0.140643	0.079949	0.235923
Superscaffold4	34472884	34886255	-0.102342	-0.042261	-0.023348	-0.065378
Superscaffold4	34886275	35195227	0.090773	0.047636	0.029752	0.045144
Superscaffold4	35195277	35627910	0.153950	0.074123	0.039307	0.085139
Superscaffold4	35628141	36114599	0.135084	0.080359	0.048787	0.070575
Superscaffold4	36114604	36391701	-0.107016	-0.086158	-0.046906	-0.064047
Superscaffold4	36391922	36633516	0.143740	0.083014	0.051962	0.091364
Superscaffold4	36633951	37240910	-0.088935	-0.050813	-0.029900	-0.048371
Superscaffold4	37241161	37790225	0.085369	0.064439	0.039298	0.045153
Superscaffold4	37790348	38261801	0.456493	0.223118	0.158394	0.303230
Superscaffold4	38261942	38960910	-0.046936	-0.028539	-0.016403	-0.031423
Superscaffold4	38960952	39754531	-0.064547	-0.037907	-0.021657	-0.042994
Superscaffold4	39754537	39991521	-0.217576	-0.119323	-0.072969	-0.133068
Superscaffold4	39991540	40456600	0.033233	0.017928	0.009317	0.016455
Superscaffold4	40456609	40806718	-0.030913	-0.023001	-0.011852	-0.014735
Superscaffold4	40806728	41048262	-0.080348	-0.049108	-0.028789	-0.055423
Superscaffold4	41048276	41822626	-0.062303	-0.011063	-0.008242	-0.032425
Superscaffold4	41822692	42361434	0.070965	0.035458	0.021031	0.049538
Superscaffold4	42361439	42550397	0.232423	0.128236	0.074358	0.122544
Superscaffold4	42550434	43474987	0.027524	0.010124	0.006412	0.018308
Superscaffold4	43477144	43877930	-0.093525	-0.064609	-0.030753	-0.051449
Superscaffold4	43877956	44030605	-0.113512	-0.119026	-0.057286	-0.072249
Superscaffold4	44030726	44373850	-0.064407	-0.033710	-0.017975	-0.042051
Superscaffold4	44374060	44823324	-0.060734	-0.030259	-0.015566	-0.032590
Superscaffold4	44823347	45153426	0.112058	0.062225	0.030750	0.075379
Superscaffold4	45153439	45490666	-0.331064	-0.196357	-0.094640	-0.222293
Superscaffold4	45491016	45790732	0.054164	0.025107	0.013433	0.030707
Superscaffold4	45790784	46155227	0.026161	0.011245	0.007502	0.009670
Superscaffold4	46155368	46356415	-0.080041	-0.042408	-0.024920	-0.046743
Superscaffold4	46356472	46669648	0.268388	0.103800	0.065387	0.180884
Superscaffold4	46670116	46938196	0.605379	0.440766	0.360818	0.384440
Superscaffold4	46938291	47368225	-0.060298	-0.036121	-0.018757	-0.031721
Superscaffold4	47368277	47670369	0.073647	0.031275	0.022015	0.037879
Superscaffold4	47670387	47987843	-0.011063	-0.006162	-0.003655	-0.004901
Superscaffold4	47988220	48471809	-0.094227	-0.042808	-0.027568	-0.049554
Superscaffold4	48471827	49069253	0.094121	0.016201	0.011591	0.077677
Superscaffold4	49069284	49417353	0.138140	0.055808	0.028605	0.093286
Superscaffold4	49417365	49805789	-0.123647	-0.048435	-0.029574	-0.074578
Superscaffold4	49805855	50228776	-0.068818	-0.027187	-0.014064	-0.048935
Superscaffold4	50228816	50447074	-0.361287	-0.243456	-0.108220	-0.267366
Superscaffold4	50447087	50795522	0.295172	0.112545	0.080944	0.238800
Superscaffold4	50795564	51152464	0.068428	0.022060	0.014522	0.055067
Superscaffold4	51152566	51457167	0.303880	0.150068	0.096229	0.228889
Superscaffold4	51457191	51771854	0.110418	0.036190	0.022190	0.075768
Superscaffold4	51772035	52610266	0.113919	0.024025	0.012698	0.077426
Superscaffold4	52610674	52986170	0.138953	0.052745	0.028824	0.110274
Superscaffold4	52986565	54019028	0.191949	0.027603	0.018711	0.142615
Superscaffold4	54019088	54394566	-0.147452	-0.044979	-0.027617	-0.119147
Superscaffold4	54394602	54714767	-0.170783	-0.045047	-0.025934	-0.137086
Superscaffold4	54714805	55141266	-0.242362	-0.080390	-0.043514	-0.180483
Superscaffold4	55141322	55459910	-0.241626	-0.065606	-0.035277	-0.147732
Superscaffold4	55460257	55776062	-0.023034	-0.010201	-0.006085	-0.011781
Superscaffold4	55776067	55971516	-0.094586	-0.039784	-0.027459	-0.062899
Superscaffold4	55971533	56294899	-0.090914	-0.068607	-0.033601	-0.059878
Superscaffold4	56294931	56472687	-0.114697	-0.066878	-0.038138	-0.055272
Superscaffold4	56473333	56778597	0.110253	0.070823	0.044520	0.055674
Superscaffold4	56778612	57006890	-0.124903	-0.090510	-0.051812	-0.079079
Superscaffold4	57007206	57636250	0.155682	0.088273	0.055899	0.102943
Superscaffold4	57636289	58188301	-0.044318	-0.015510	-0.009875	-0.023880
Superscaffold4	58188345	58391672	-0.000454	-0.000261	-0.000154	0.000906
Superscaffold4	58391779	58590982	-0.254816	-0.249948	-0.117126	-0.133935
Superscaffold4	58591021	58823952	-0.376473	-0.259852	-0.130732	-0.263085
Superscaffold4	58823962	59076002	0.175452	0.104028	0.066673	0.093817
Superscaffold4	59076437	59214972	0.185007	0.125659	0.068361	0.105932
Superscaffold4	59214984	59387316	0.093961	0.084354	0.045430	0.059045
Superscaffold4	59387329	59649644	-0.105661	-0.052708	-0.034527	-0.071696
Superscaffold4	59649658	59899960	0.065181	0.043909	0.025624	0.033068
Superscaffold4	59899972	60642983	0.004007	0.003009	0.001710	0.002441
Superscaffold4	60643033	60985473	0.015735	0.012622	0.007154	0.009331
Superscaffold4	60985673	61431216	0.020128	0.018090	0.010926	0.014026
Superscaffold4	61431240	61647359	-0.109852	-0.076482	-0.041754	-0.065544
Superscaffold4	61647505	62026875	-0.650230	-0.263422	-0.169713	-0.525456
Superscaffold4	62027011	62462245	-0.302949	-0.090520	-0.060543	-0.208062
Superscaffold4	62462404	62986896	-0.005734	-0.003899	-0.002261	-0.005027
Superscaffold4	62986925	63389289	0.256372	0.148931	0.090633	0.134320
Superscaffold4	63389674	63739183	0.203738	0.131167	0.082542	0.126388
Superscaffold4	63739234	64023352	-0.114301	-0.065637	-0.042648	-0.061251
Superscaffold4	64023362	64211257	0.156933	0.108489	0.066469	0.098301
Superscaffold4	64211307	64392123	-0.001293	-0.000764	-0.000400	-0.001305
Superscaffold4	64392143	64546192	-0.120361	-0.105681	-0.052629	-0.063255
Superscaffold4	64546217	65053020	0.019610	0.012108	0.007060	0.015510
Superscaffold4	65053102	65299696	-0.012758	-0.006897	-0.003787	-0.008164
Superscaffold4	65299999	65759752	-0.371127	-0.192040	-0.124314	-0.263725
Superscaffold4	65759753	66357706	-0.004079	-0.002059	-0.001235	-0.005394
Superscaffold4	66357723	66742525	-0.443886	-0.191746	-0.091277	-0.358235
Superscaffold4	66743220	67227790	0.038800	0.008622	0.006051	0.027732
Superscaffold4	67227844	67667696	0.021584	0.009233	0.006160	0.017629
Superscaffold4	67667744	68159655	0.216145	0.071252	0.049952	0.082973
Superscaffold4	68159750	68359997	0.178290	0.093324	0.062329	0.105498
Superscaffold4	68359999	68582947	-0.068514	-0.045729	-0.022265	-0.037331
Superscaffold4	68582962	68753133	0.431343	0.365972	0.227526	0.293511
Superscaffold4	68753134	69019116	0.213211	0.170106	0.101262	0.130925
Superscaffold4	69019127	69221407	-0.068492	-0.055699	-0.034314	-0.044053
Superscaffold4	69221427	69576621	-0.046753	-0.047525	-0.020747	-0.023265
Superscaffold4	69576838	69755700	-0.057954	-0.065133	-0.034421	-0.030069
Superscaffold4	69755704	69927436	-0.064235	-0.069123	-0.035318	-0.035750
Superscaffold4	69927603	70390019	-0.006693	-0.006006	-0.003332	-0.002588
Superscaffold4	70390067	70711501	0.012895	0.014210	0.007786	0.006407
Superscaffold4	70711540	71029562	-0.129794	-0.066306	-0.043453	-0.069076
Superscaffold4	71030509	71642661	0.130702	0.101462	0.052870	0.089101
Superscaffold4	71642669	72311066	-0.053679	-0.027887	-0.011585	-0.029817
Superscaffold4	72311681	73007289	-0.075892	-0.029409	-0.014376	-0.054184
Superscaffold4	73007292	73396173	-0.122301	-0.030867	-0.019839	-0.083334
Superscaffold4	73396204	73711862	0.194661	0.102727	0.060911	0.106440
Superscaffold4	73711897	74065506	0.072609	0.044015	0.027490	0.047650
Superscaffold4	74065619	74398532	0.311319	0.215190	0.157374	0.202367
Superscaffold4	74402517	74653179	0.101616	0.083126	0.053528	0.060951
Superscaffold4	74653220	74802199	0.161193	0.111805	0.069059	0.076488
Superscaffold4	74802845	75054327	0.105696	0.051633	0.030364	0.058159
Superscaffold4	75054450	75386054	0.211271	0.100367	0.063372	0.140974
Superscaffold4	75386132	75801224	0.288294	0.188421	0.110172	0.218482
Superscaffold4	75801273	76333156	0.486841	0.304337	0.196450	0.399410
Superscaffold4	76334007	76685373	-0.310466	-0.201890	-0.104095	-0.192313
Superscaffold4	76685814	76916087	-0.133738	-0.117953	-0.053521	-0.079385
Superscaffold4	76916103	77478903	0.144630	0.059896	0.032103	0.096144
Superscaffold4	77479318	77910169	-0.199267	-0.071443	-0.042092	-0.131597
Superscaffold4	77910183	78346207	-0.195771	-0.187523	-0.101273	-0.135590
Superscaffold4	78346336	78508343	0.004442	0.005008	0.002789	0.000087
Superscaffold4	78508376	78691555	-0.190514	-0.220543	-0.094157	-0.103638
Superscaffold4	78691610	78848169	-0.179944	-0.262884	-0.115827	-0.113670
Superscaffold4	78848222	79138877	0.025230	0.015734	0.010065	0.007675
Superscaffold4	79138900	79775325	0.143779	0.084748	0.056652	0.070414
Superscaffold4	79775362	80132824	-0.100339	-0.101257	-0.046858	-0.048864
Superscaffold4	80132829	80315103	0.351927	0.310015	0.195211	0.276493
Superscaffold4	80315118	80578676	-0.086959	-0.060738	-0.034133	-0.044618
Superscaffold4	80578928	80715745	-0.067802	-0.053330	-0.030482	-0.032751
Superscaffold4	80715792	80962740	-0.236601	-0.286316	-0.121322	-0.141959
Superscaffold4	80962989	81224680	-0.014519	-0.016070	-0.007344	-0.007325
Superscaffold4	81224744	81405391	0.243150	0.180051	0.110059	0.128151
Superscaffold4	81405590	81668552	-0.002062	-0.001399	-0.000847	-0.002516
Superscaffold4	81668820	82106258	-0.570017	-0.620095	-0.219653	-0.438326
Superscaffold4	82106259	82526084	-0.226118	-0.217845	-0.096161	-0.143298
Superscaffold4	82526168	82751417	0.211929	0.111317	0.060350	0.134793
Superscaffold4	82751564	82962785	-0.129355	-0.077808	-0.049138	-0.059864
Superscaffold4	82962905	83118311	-0.163521	-0.131949	-0.074252	-0.081943
Superscaffold4	83118347	83306228	0.036727	0.031874	0.018189	0.016705
Superscaffold4	83306312	83436916	0.049955	0.058931	0.030915	0.022904
Superscaffold4	83436944	83644917	-0.051922	-0.051510	-0.027912	-0.028827
Superscaffold4	83644952	84186875	0.157998	0.063036	0.045062	0.114789
Superscaffold4	84188207	84475415	0.098077	0.057834	0.040089	0.064613
Superscaffold4	84475528	84712530	-0.008829	-0.006480	-0.004153	-0.005887
Superscaffold4	84712990	84904887	0.105748	0.072866	0.048494	0.050519
Superscaffold4	84904902	85889594	0.039639	0.019760	0.010819	0.032377
Superscaffold4	85889595	86075128	-0.146659	-0.088946	-0.064936	-0.071847
Superscaffold4	86075147	86267249	-0.028151	-0.017969	-0.012289	-0.011646
Superscaffold4	86267262	86455866	-0.056100	-0.053498	-0.028665	-0.033838
Superscaffold5	2350	123991	0.013374	0.023802	0.006951	0.004495
Superscaffold5	124059	256449	0.221258	0.225535	0.099271	0.077054
Superscaffold5	256462	435834	0.086079	0.077261	0.040073	0.050088
Superscaffold5	435835	597222	0.173263	0.162904	0.093479	0.100032
Superscaffold5	597339	806181	-0.034333	-0.028785	-0.014908	-0.017978
Superscaffold5	806182	1138682	0.133742	0.079866	0.045055	0.071873
Superscaffold5	1138692	1499218	0.118662	0.045599	0.025533	0.058877
Superscaffold5	1499257	1908846	-0.087018	-0.033964	-0.021184	-0.058433
Superscaffold5	1909003	2178756	-0.423808	-0.270314	-0.131460	-0.278179
Superscaffold5	2178837	2401309	-0.168330	-0.139328	-0.065031	-0.097585
Superscaffold5	2403009	2860323	-0.094467	-0.057949	-0.034273	-0.059902
Superscaffold5	2860335	3186966	-0.038048	-0.017830	-0.011343	-0.018485
Superscaffold5	3187729	3525536	0.079426	0.045274	0.024171	0.052692
Superscaffold5	3525559	3871310	0.123477	0.060526	0.033804	0.084799
Superscaffold5	3871323	4126898	0.102609	0.051315	0.027608	0.068480
Superscaffold5	4126937	5013003	-0.152140	-0.104972	-0.053992	-0.085525
Superscaffold5	5017141	5834749	-0.089997	-0.037589	-0.022094	-0.053022
Superscaffold5	5834755	6265964	0.161731	0.058351	0.031373	0.116811
Superscaffold5	6265989	6589379	0.281641	0.098214	0.051947	0.202935
Superscaffold5	6589436	7134721	-0.098426	-0.063581	-0.032386	-0.059670
Superscaffold5	7134750	7432297	0.132949	0.076643	0.040162	0.070280
Superscaffold5	7432318	7672942	-0.023373	-0.016631	-0.008459	-0.018192
Superscaffold5	7672945	8169238	0.124015	0.095831	0.050826	0.066987
Superscaffold5	8169243	8496632	-0.005375	-0.003804	-0.002173	0.001322
Superscaffold5	8496641	8723349	0.230938	0.224554	0.112969	0.114651
Superscaffold5	8723366	8902368	0.072232	0.056092	0.030853	0.036077
Superscaffold5	8902397	9134144	-0.035877	-0.029260	-0.015019	-0.020693
Superscaffold5	9134161	9304894	-0.083926	-0.060585	-0.035775	-0.038604
Superscaffold5	9304895	9498506	0.334320	0.244032	0.143036	0.223810
Superscaffold5	9499152	9656547	-0.128614	-0.133078	-0.063402	-0.068765
Superscaffold5	9656558	10566131	0.123891	0.064988	0.039698	0.077440
Superscaffold5	10566136	10766367	-0.003204	-0.001999	-0.001142	-0.001780
Superscaffold5	10766368	10992320	-0.007300	-0.005566	-0.002744	-0.004111
Superscaffold5	10992329	11195381	0.338995	0.215951	0.139317	0.214347
Superscaffold5	11195390	11480670	-0.026379	-0.018106	-0.007963	-0.010511
Superscaffold5	11480786	12105649	-0.116328	-0.102115	-0.050356	-0.072249
Superscaffold5	12112773	12779879	0.071608	0.043315	0.024452	0.045837
Superscaffold5	12779897	13978709	0.310414	0.091328	0.070272	0.203915
Superscaffold5	13978741	14198420	-0.065831	-0.047554	-0.028103	-0.032655
Superscaffold5	14198477	14386563	-0.125488	-0.102721	-0.049988	-0.056637
Superscaffold5	14386573	14684894	-0.068355	-0.050596	-0.025406	-0.030356
Superscaffold5	14685040	15013087	0.056122	0.021348	0.013542	0.038391
Superscaffold5	15013183	15314936	0.097838	0.046232	0.021761	0.069331
Superscaffold5	15314937	15718202	0.181796	0.082139	0.050272	0.107905
Superscaffold5	15718362	15998932	0.055124	0.037211	0.016961	0.027050
Superscaffold5	15998940	16299054	0.205599	0.119806	0.064283	0.126654
Superscaffold5	16299062	16591014	-0.199914	-0.122170	-0.074585	-0.106875
Superscaffold5	16591625	16793022	0.496862	0.223461	0.152850	0.253729
Superscaffold5	16793027	17045695	0.162904	0.096770	0.067689	0.099638
Superscaffold5	17045704	17382242	-0.215299	-0.116769	-0.064475	-0.119751
Superscaffold5	17382266	17637023	-0.138250	-0.155634	-0.059705	-0.079374
Superscaffold5	17637083	17970681	0.028227	0.017728	0.009735	0.015637
Superscaffold5	17970804	18093289	0.029338	0.031918	0.016588	0.018997
Superscaffold5	18093300	18222633	-0.069070	-0.078204	-0.036643	-0.035595
Superscaffold5	18222668	18366984	0.093200	0.106663	0.052697	0.043615
Superscaffold5	18373913	18714076	0.069167	0.035759	0.020426	0.039721
Superscaffold5	18714123	19036284	-0.021104	-0.012312	-0.006810	-0.012538
Superscaffold5	19036305	19294698	0.132299	0.050364	0.033421	0.070331
Superscaffold5	19294782	19493257	-0.027595	-0.017604	-0.008822	-0.017637
Superscaffold5	19493278	19763113	-0.232963	-0.125696	-0.063479	-0.148971
Superscaffold5	19763117	20033513	0.094466	0.045267	0.026987	0.046836
Superscaffold5	20033732	20233468	-0.154612	-0.125615	-0.053072	-0.089586
Superscaffold5	20233507	20586410	0.013880	0.004062	0.002576	0.004776
Superscaffold5	20586424	20987113	0.175316	0.097684	0.056225	0.107711
Superscaffold5	20987228	21302394	-0.053929	-0.036831	-0.020442	-0.031948
Superscaffold5	21302458	21547922	-0.137434	-0.136226	-0.057465	-0.078016
Superscaffold5	21548549	21717971	-0.021658	-0.022371	-0.010069	-0.011720
Superscaffold5	21717992	21987687	-0.001177	-0.000790	-0.000438	-0.001758
Superscaffold5	21987741	22218978	-0.021210	-0.018664	-0.009650	-0.013922
Superscaffold5	22218996	22647547	0.115868	0.066101	0.038464	0.064437
Superscaffold5	22647579	23227590	-0.014873	-0.005130	-0.003536	-0.006527
Superscaffold5	23227675	23765800	0.086746	0.057239	0.033234	0.059806
Superscaffold5	23765825	24478198	0.087881	0.037227	0.020764	0.056282
Superscaffold5	24478217	24802918	-0.095341	-0.038439	-0.022883	-0.068724
Superscaffold5	24803315	25195803	0.246158	0.069228	0.046429	0.198808
Superscaffold5	25195904	25714852	-0.080013	-0.023239	-0.015391	-0.059018
Superscaffold5	25714877	26145198	-0.009232	-0.002890	-0.001672	-0.008745
Superscaffold5	26145349	27175122	0.043331	0.016409	0.009729	0.029031
Superscaffold5	27175652	27608861	-0.069248	-0.031532	-0.017076	-0.037004
Superscaffold5	27608884	28136306	-0.110612	-0.044328	-0.023924	-0.051352
Superscaffold5	28136388	28474182	0.024907	0.013620	0.008461	0.011896
Superscaffold5	28474201	28777032	0.062515	0.025886	0.015748	0.037280
Superscaffold5	28777295	29122670	0.315942	0.128714	0.073299	0.207852
Superscaffold5	29122723	29461900	-0.187132	-0.055914	-0.035128	-0.137795
Superscaffold5	29461905	29772032	-0.344374	-0.106233	-0.070501	-0.248058
Superscaffold5	29772066	29955219	0.096499	0.064588	0.039633	0.056974
Superscaffold5	29955240	30088279	0.529314	0.309025	0.209755	0.307464
Superscaffold5	30088286	30274651	0.079492	0.053431	0.033764	0.040755
Superscaffold5	30274743	30887230	0.027063	0.003890	0.002736	0.018711
Superscaffold5	30887253	31254220	-0.260756	-0.130017	-0.068370	-0.210837
Superscaffold5	31254222	31532603	-0.090787	-0.038054	-0.022028	-0.051418
Superscaffold5	31532639	31754441	0.126946	0.062469	0.031156	0.076067
Superscaffold5	31754480	32126049	0.200830	0.089953	0.052811	0.155378
Superscaffold5	32126169	32420875	-0.351653	-0.241915	-0.119678	-0.278180
Superscaffold5	32421003	32893934	-0.348903	-0.232062	-0.113346	-0.231274
Superscaffold5	32894843	33118329	-0.199926	-0.107620	-0.066421	-0.105764
Superscaffold5	33118347	33433323	0.116369	0.080054	0.046458	0.076606
Superscaffold5	33433439	33887678	-0.326090	-0.080524	-0.048195	-0.249498
Superscaffold5	33887734	34511730	-0.333861	-0.058772	-0.039333	-0.304564
Superscaffold5	34512042	34879412	-0.111782	-0.032315	-0.019817	-0.078083
Superscaffold5	34879445	35233181	-0.094612	-0.031305	-0.018889	-0.072886
Superscaffold5	35233184	35562251	-0.171959	-0.067268	-0.036962	-0.130293
Superscaffold5	35562255	35913032	0.238110	0.068842	0.042488	0.183275
Superscaffold5	35913053	36315537	-0.440222	-0.145115	-0.082667	-0.371605
Superscaffold5	36315622	36671629	0.070421	0.021308	0.012306	0.054097
Superscaffold5	36672125	37026684	-0.210386	-0.096611	-0.053152	-0.138066
Superscaffold5	37026779	37328845	0.151151	0.100858	0.055786	0.070076
Superscaffold5	37328890	37531979	-0.147750	-0.086059	-0.045495	-0.090884
Superscaffold5	37532043	37795085	0.162596	0.059860	0.033187	0.112008
Superscaffold5	37795191	38043633	-0.188964	-0.100890	-0.053059	-0.140308
Superscaffold5	38043651	38330461	0.260362	0.107511	0.066034	0.178710
Superscaffold5	38330462	38662024	-0.031167	-0.011679	-0.006978	-0.024270
Superscaffold5	38662105	39356137	-0.068089	-0.054507	-0.025811	-0.041705
Superscaffold5	39359339	39766862	0.208341	0.157298	0.081164	0.119060
Superscaffold5	39766863	40320932	0.121038	0.043245	0.028265	0.073431
Superscaffold5	40320936	41073487	-0.154905	-0.063843	-0.037163	-0.098536
Superscaffold5	41073545	41853788	0.076744	0.031616	0.018951	0.044762
Superscaffold5	41853801	42261228	0.005755	0.002004	0.001102	-0.000187
Superscaffold5	42261601	42801341	0.173199	0.046081	0.027616	0.116893
Superscaffold5	42801349	43276939	-0.063430	-0.019948	-0.013013	-0.040019
Superscaffold5	43277061	43637006	-0.144958	-0.054535	-0.032884	-0.094691
Superscaffold5	43637327	43922074	0.078857	0.034538	0.021601	0.044916
Superscaffold5	43922090	44166799	-0.147126	-0.090115	-0.054974	-0.089123
Superscaffold5	44166827	44469504	-0.059409	-0.049068	-0.028442	-0.035447
Superscaffold5	44469522	44716209	0.035219	0.012183	0.008354	0.016022
Superscaffold5	44716286	44964546	0.184028	0.081497	0.048449	0.099032
Superscaffold5	44964615	45388935	0.274139	0.182235	0.115208	0.137753
Superscaffold5	45389007	45647323	-0.078273	-0.045639	-0.027271	-0.045502
Superscaffold5	45647366	45957049	-0.116407	-0.079776	-0.048830	-0.083099
Superscaffold5	45957176	46413535	-0.047429	-0.025925	-0.013593	-0.030693
Superscaffold5	46413552	46666759	-0.174365	-0.141650	-0.069586	-0.099320
Superscaffold5	46666773	46875056	0.144303	0.072997	0.042031	0.079455
Superscaffold5	46875409	47190026	0.032324	0.017701	0.010301	0.023786
Superscaffold5	47190066	47581273	-0.122834	-0.042272	-0.024320	-0.078238
Superscaffold5	47581275	47963901	0.016085	0.005143	0.003127	0.014542
Superscaffold5	47963950	48295583	0.063187	0.025109	0.012825	0.043831
Superscaffold5	48297315	48612899	-0.098213	-0.042647	-0.023294	-0.074066
Superscaffold5	48612960	49081514	-0.060013	-0.025367	-0.014179	-0.041781
Superscaffold5	49081634	49428182	0.491272	0.262575	0.181328	0.349476
Superscaffold5	49428209	49756587	0.373177	0.227305	0.154100	0.245989
Superscaffold5	49756654	50053851	0.174006	0.097134	0.045963	0.131165
Superscaffold5	50053865	50334716	0.225169	0.153852	0.083871	0.162453
Superscaffold5	50334764	50592515	-0.151568	-0.109273	-0.048655	-0.093104
Superscaffold5	50592520	50934983	-0.025251	-0.008935	-0.004446	-0.011875
Superscaffold5	50935535	51285704	-0.018340	-0.006255	-0.003764	-0.011327
Superscaffold5	51289196	51538235	0.139713	0.068107	0.039131	0.089624
Superscaffold5	51538264	51809545	-0.228982	-0.138215	-0.067563	-0.163784
Superscaffold5	51809578	52253570	0.127243	0.059125	0.031696	0.080125
Superscaffold5	52253682	52518454	-0.039148	-0.017687	-0.010634	-0.029708
Superscaffold5	52518456	52783722	0.157778	0.083145	0.044203	0.112317
Superscaffold5	52783877	52936269	-0.098840	-0.108498	-0.063958	-0.052418
Superscaffold5	52936298	53172594	0.132309	0.065491	0.040148	0.078697
Superscaffold5	53172604	53389762	0.154885	0.116766	0.057773	0.077258
Superscaffold5	53389794	53605642	-0.194314	-0.244974	-0.089483	-0.096204
Superscaffold5	53605696	53931169	0.111825	0.052751	0.031861	0.070787
Superscaffold5	53931273	54489550	0.053115	0.022343	0.013222	0.031076
Superscaffold5	54489758	55352150	-0.003007	-0.001821	-0.000983	0.003494
Superscaffold5	55352158	55857408	-0.123910	-0.075931	-0.034159	-0.077197
Superscaffold5	55857527	56114891	0.109189	0.069998	0.037362	0.072738
Superscaffold5	56114906	56317613	0.238080	0.209814	0.114214	0.156034
Superscaffold5	56317617	56731138	0.101311	0.065911	0.025966	0.070644
Superscaffold5	56731167	57051556	-0.208600	-0.098376	-0.058074	-0.120761
Superscaffold5	57051559	57378496	-0.117464	-0.090234	-0.041018	-0.065926
Superscaffold5	57378506	57488047	-0.207708	-0.228084	-0.075133	-0.123392
Superscaffold5	57488202	57894422	0.023005	0.008587	0.005502	0.017251
Superscaffold5	57894453	58417430	-0.044447	-0.013453	-0.008728	-0.037270
Superscaffold5	58417450	58728914	0.309365	0.214486	0.106353	0.240762
Superscaffold5	58729793	59176268	-0.027325	-0.007532	-0.004590	-0.018014
Superscaffold5	59176350	59548849	-0.145259	-0.059328	-0.029280	-0.096388
Superscaffold5	59548870	60158085	0.214820	0.078558	0.048860	0.155879
Superscaffold5	60158141	60702720	-0.175461	-0.069259	-0.038193	-0.128749
Superscaffold5	60702910	61340675	0.151021	0.045648	0.028649	0.116915
Superscaffold5	61340913	61704848	0.220039	0.088349	0.054400	0.147186
Superscaffold5	61704870	62171731	0.242258	0.080085	0.052609	0.173806
Superscaffold5	62171813	62474658	0.036849	0.013841	0.009200	0.021100
Superscaffold5	62474693	62884877	0.078298	0.029123	0.016319	0.042874
Superscaffold5	62884896	63281857	0.118865	0.049201	0.030320	0.072181
Superscaffold5	63282103	63588350	-0.040565	-0.023602	-0.012266	-0.023140
Superscaffold5	63588365	63766162	0.115767	0.106975	0.053118	0.060567
Superscaffold5	63766179	63919572	0.039032	0.037999	0.019777	0.030464
Superscaffold5	63919635	64196370	-0.327677	-0.276855	-0.103455	-0.208867
Superscaffold5	64196459	64762626	0.176008	0.093500	0.048161	0.121282
Superscaffold5	64762809	65121403	0.108236	0.045170	0.023434	0.080050
Superscaffold5	65121480	65510965	0.240818	0.116586	0.062296	0.162894
Superscaffold5	65512253	65939309	0.231919	0.088375	0.047698	0.160312
Superscaffold5	65939326	66332650	0.007129	0.002014	0.001157	0.004415
Superscaffold5	66332731	66813326	0.009459	0.002426	0.001556	0.009433
Superscaffold5	66813368	67204940	-0.032847	-0.012633	-0.007614	-0.018947
Superscaffold5	67204981	68058676	0.092688	0.043185	0.026406	0.057514
Superscaffold5	68058778	68702296	-0.024721	-0.008897	-0.005386	-0.013111
Superscaffold5	68702299	69679969	0.001004	0.000434	0.000273	0.001095
Superscaffold5	69680425	69978184	0.198308	0.108726	0.078522	0.108035
Superscaffold5	69978245	70347102	-0.092731	-0.088433	-0.043428	-0.054453
Superscaffold5	70347201	71128953	-0.240011	-0.157630	-0.081537	-0.148700
Superscaffold5	71129243	71480739	0.017964	0.007640	0.004581	0.012528
Superscaffold5	71481814	72084531	0.131877	0.071813	0.042358	0.079369
Superscaffold5	72084532	72373494	0.072529	0.044941	0.025685	0.041091
Superscaffold5	72373523	72841987	-0.186754	-0.136223	-0.077920	-0.115673
Superscaffold5	72842053	73133942	-0.162513	-0.127201	-0.051028	-0.093336
Superscaffold5	73133972	73334230	-0.022148	-0.015090	-0.008722	-0.011499
Superscaffold5	73335356	73740553	-0.062642	-0.036253	-0.021790	-0.045998
Superscaffold5	73740623	73974787	-0.194793	-0.131133	-0.076126	-0.144727
Superscaffold5	73974804	74436960	0.408376	0.184475	0.102361	0.297451
Superscaffold5	74437246	74753676	0.208124	0.111244	0.065109	0.139149
Superscaffold5	74753751	75245343	0.020672	0.010661	0.006108	0.014587
Superscaffold5	75245405	75572029	-0.031935	-0.017893	-0.011465	-0.024466
Superscaffold5	75572050	75886907	0.084800	0.053495	0.032067	0.050812
Superscaffold5	75887269	76133356	-0.300130	-0.172806	-0.106176	-0.215345
Superscaffold5	76133796	76387762	-0.135113	-0.101373	-0.058503	-0.091948
Superscaffold5	76387773	76675894	0.362229	0.223210	0.119382	0.242028
Superscaffold5	76675916	76954475	0.198794	0.122070	0.074792	0.124785
Superscaffold5	76954476	77212296	0.151079	0.111825	0.060145	0.101278
Superscaffold5	77212413	77547618	0.136133	0.099848	0.054319	0.078675
Superscaffold5	77547660	77822000	-0.250376	-0.122241	-0.073982	-0.134430
Superscaffold5	77822070	77994000	0.073942	0.073221	0.035147	0.054361
Superscaffold5	77994139	78253635	0.274346	0.187187	0.094220	0.189559
Superscaffold5	78253650	78560752	-0.063087	-0.045138	-0.024430	-0.038922
Superscaffold5	78560786	78897478	0.243204	0.089452	0.061874	0.166789
Superscaffold5	78897497	79128789	-0.002145	-0.001441	-0.000701	-0.008244
Superscaffold5	79128850	79407806	-0.152555	-0.142055	-0.078866	-0.088092
Superscaffold5	79407821	79646101	0.038965	0.032966	0.019254	0.019628
Superscaffold5	79646111	80027162	0.022797	0.015364	0.009562	0.011238
Superscaffold5	80027170	80270096	0.410034	0.224156	0.144056	0.294615
Superscaffold5	80270615	80562460	-0.048305	-0.036866	-0.021707	-0.030141
Superscaffold5	80562476	80902029	0.036634	0.024412	0.012945	0.011626
Superscaffold5	80902115	81066966	0.102352	0.131655	0.060944	0.047448
Superscaffold5	81067026	81441218	-0.063971	-0.061416	-0.030559	-0.037139
Superscaffold5	81441248	81611894	-0.146176	-0.239134	-0.104953	-0.073220
Superscaffold5	81612195	81856672	0.034369	0.029174	0.016377	0.023705
Superscaffold5	81856709	82089964	-0.044455	-0.040437	-0.023392	-0.026774
Superscaffold5	82090063	82308216	-0.073798	-0.099366	-0.035989	-0.025227
Superscaffold5	82308250	82418038	0.094755	0.116927	0.067703	0.046644
Superscaffold6	320050	607528	0.054410	0.033649	0.018103	0.032804
Superscaffold6	607543	919530	0.199243	0.125608	0.081354	0.110289
Superscaffold6	919535	1084242	0.090631	0.090806	0.054435	0.049457
Superscaffold6	1084318	1298928	-0.098091	-0.094275	-0.052796	-0.055893
Superscaffold6	1298971	1550682	-0.188756	-0.156624	-0.080437	-0.112507
Superscaffold6	1550831	1841034	0.079950	0.056530	0.028193	0.045737
Superscaffold6	1841370	2235720	0.090910	0.036017	0.021436	0.059777
Superscaffold6	2235882	2497221	0.083839	0.041247	0.025578	0.049104
Superscaffold6	2497250	2866413	-0.167894	-0.070605	-0.041798	-0.112688
Superscaffold6	2866444	3246027	0.023110	0.008611	0.004880	0.016287
Superscaffold6	3246046	3726298	-0.067217	-0.022472	-0.013951	-0.039258
Superscaffold6	3726316	4131249	-0.192051	-0.095831	-0.055123	-0.117475
Superscaffold6	4131281	4914244	-0.183825	-0.098007	-0.055473	-0.133794
Superscaffold6	4914252	5228145	0.017831	0.006455	0.004257	0.012690
Superscaffold6	5228148	5569673	0.153602	0.061662	0.037451	0.107529
Superscaffold6	5569698	6163920	-0.125954	-0.048903	-0.027528	-0.085698
Superscaffold6	6164332	6535070	0.044457	0.015048	0.009130	0.028617
Superscaffold6	6535082	6876674	-0.126784	-0.051380	-0.030687	-0.084364
Superscaffold6	6876704	7247958	-0.221761	-0.063955	-0.045081	-0.132370
Superscaffold6	7247986	7724008	-0.316564	-0.120307	-0.077715	-0.217655
Superscaffold6	7724156	8110066	0.145068	0.063456	0.038852	0.105575
Superscaffold6	8110164	8395712	-0.062488	-0.028836	-0.018836	-0.039140
Superscaffold6	8395736	8921874	-0.053988	-0.012286	-0.008836	-0.028618
Superscaffold6	8922825	9220446	-0.208377	-0.203762	-0.082030	-0.109840
Superscaffold6	9220450	9572682	0.501599	0.232345	0.147999	0.381656
Superscaffold6	9572755	9968615	-0.046750	-0.014529	-0.009159	-0.022349
Superscaffold6	9968653	10425955	-0.079135	-0.020864	-0.012819	-0.056263
Superscaffold6	10425962	11213250	0.263116	0.083361	0.050996	0.175638
Superscaffold6	11213578	11563161	0.050784	0.021107	0.013111	0.033435
Superscaffold6	11563596	11971889	-0.108378	-0.042248	-0.022786	-0.077539
Superscaffold6	11972142	12372024	0.013550	0.004841	0.002726	0.010329
Superscaffold6	12372032	12790674	-0.195916	-0.076433	-0.039920	-0.142844
Superscaffold6	12790777	13342214	0.150730	0.052178	0.029740	0.106449
Superscaffold6	13342304	13912543	0.146075	0.045993	0.027811	0.099531
Superscaffold6	13912556	14324986	0.189725	0.094570	0.050049	0.117900
Superscaffold6	14325055	14604514	-0.100657	-0.044401	-0.023327	-0.069297
Superscaffold6	14604528	14990723	-0.154685	-0.063915	-0.034470	-0.118429
Superscaffold6	14990745	15523076	0.087976	0.020159	0.012615	0.050878
Superscaffold6	15523909	15954743	0.207404	0.051659	0.032044	0.170250
Superscaffold6	15955020	16270113	-0.029324	-0.010959	-0.006473	-0.024812
Superscaffold6	16270186	16722260	-0.481347	-0.151688	-0.086285	-0.409546
Superscaffold6	16722885	17238944	-0.185745	-0.056462	-0.030028	-0.145532
Superscaffold6	17239190	17633818	-0.048666	-0.014359	-0.008538	-0.037028
Superscaffold6	17633992	18194280	-0.088272	-0.031560	-0.017499	-0.074031
Superscaffold6	18194301	18599432	0.075473	0.023982	0.014888	0.055655
Superscaffold6	18599850	18912793	0.117766	0.043662	0.025816	0.089156
Superscaffold6	18912859	19240258	0.064316	0.026141	0.013608	0.046039
Superscaffold6	19240314	19586537	0.023758	0.010628	0.005649	0.019648
Superscaffold6	19586816	20047557	0.153985	0.061776	0.030643	0.119890
Superscaffold6	20047650	20399799	0.379872	0.143950	0.080930	0.281878
Superscaffold6	20399928	20851778	0.022223	0.006303	0.004026	0.020108
Superscaffold6	20851880	21163209	-0.119974	-0.044860	-0.026414	-0.079702
Superscaffold6	21163463	21597906	0.308151	0.093003	0.050156	0.209575
Superscaffold6	21598316	22203215	0.013672	0.003255	0.001996	0.015028
Superscaffold6	22204006	22611850	0.036978	0.010709	0.005736	0.037944
Superscaffold6	22612032	23190040	0.293209	0.066440	0.041463	0.228897
Superscaffold6	23190064	23787625	-0.124306	-0.023918	-0.015841	-0.089538
Superscaffold6	23787690	24686048	-0.195225	-0.027796	-0.018951	-0.150325
Superscaffold6	24686066	25495988	-0.065926	-0.009171	-0.006349	-0.047099
Superscaffold6	25496244	26016671	0.342488	0.083549	0.054156	0.299734
Superscaffold6	26016734	26526091	0.163881	0.037030	0.024475	0.135193
Superscaffold6	26526138	26932671	0.098139	0.026277	0.018068	0.070847
Superscaffold6	26933266	27316030	0.204176	0.057707	0.036464	0.139013
Superscaffold6	27316035	27765278	0.054603	0.015439	0.008801	0.035862
Superscaffold6	27765285	28254222	-0.259898	-0.075246	-0.040417	-0.175559
Superscaffold6	28255300	28666505	-0.368851	-0.108565	-0.063979	-0.313718
Superscaffold6	28666583	29022341	0.007613	0.002750	0.001720	0.004165
Superscaffold6	29022443	29382260	-0.117695	-0.038798	-0.021591	-0.070964
Superscaffold6	29382505	29828532	-0.130125	-0.054750	-0.031159	-0.072792
Superscaffold6	29828533	30384707	0.144388	0.047490	0.026068	0.098044
Superscaffold6	30384736	31060896	0.107977	0.039713	0.023738	0.065571
Superscaffold6	31060965	31442538	-0.166983	-0.047966	-0.032082	-0.119798
Superscaffold6	31442568	31765055	-0.153236	-0.082573	-0.048282	-0.098235
Superscaffold6	31765131	32083403	0.035117	0.011377	0.007853	0.032915
Superscaffold6	32083459	32465071	0.263922	0.085096	0.054151	0.203478
Superscaffold6	32465089	32815674	0.112256	0.036705	0.023761	0.080571
Superscaffold6	32815723	33091284	0.320833	0.155819	0.095836	0.225242
Superscaffold6	33091305	33882504	-0.058440	-0.018520	-0.010973	-0.033035
Superscaffold6	33882744	34401904	0.040221	0.011773	0.006329	0.023603
Superscaffold6	34401918	34935691	-0.094285	-0.039100	-0.023120	-0.055776
Superscaffold6	34935733	35602643	0.176693	0.047231	0.028953	0.123950
Superscaffold6	35602689	35998858	0.074631	0.024255	0.013981	0.055060
Superscaffold6	35998859	36329036	-0.110443	-0.041847	-0.023711	-0.079729
Superscaffold6	36329071	36678167	0.076668	0.027412	0.014875	0.050798
Superscaffold6	36678553	37074288	0.089357	0.023507	0.013368	0.060950
Superscaffold6	37074425	37544510	-0.115412	-0.039437	-0.022493	-0.090718
Superscaffold6	37547263	38149842	0.199541	0.069094	0.038347	0.128997
Superscaffold6	38149905	38455123	0.060410	0.034202	0.019297	0.048331
Superscaffold6	38455219	38860818	-0.108790	-0.039344	-0.019165	-0.074683
Superscaffold6	38860994	39202810	-0.326616	-0.144132	-0.081753	-0.242144
Superscaffold6	39203420	39621917	-0.049400	-0.020702	-0.012081	-0.031298
Superscaffold6	39622470	39862629	-0.066353	-0.029454	-0.015764	-0.044470
Superscaffold6	39862799	40270633	0.106865	0.044362	0.023435	0.076654
Superscaffold6	40270704	40878751	-0.039267	-0.012917	-0.007700	-0.022586
Superscaffold6	40878906	41323822	0.055268	0.020558	0.012699	0.025599
Superscaffold6	41323972	41646112	-0.061659	-0.031241	-0.016111	-0.036545
Superscaffold6	41646136	42024523	-0.125738	-0.061928	-0.029221	-0.076798
Superscaffold6	42024544	42315599	0.222207	0.214146	0.124335	0.116374
Superscaffold6	42315683	42666168	0.102434	0.064243	0.032804	0.054648
Superscaffold6	42666251	42880396	0.633331	0.516084	0.330883	0.491198
Superscaffold6	42880464	43099260	0.269471	0.175382	0.091759	0.161642
Superscaffold6	43099274	43556644	0.059025	0.025930	0.015625	0.035435
Superscaffold6	43556652	44043620	-0.176373	-0.053349	-0.029831	-0.110364
Superscaffold6	44043829	44416836	-0.215314	-0.089871	-0.051333	-0.156248
Superscaffold6	44416897	44802886	-0.046324	-0.016675	-0.008448	-0.027312
Superscaffold6	44802908	45268529	-0.061497	-0.021947	-0.013006	-0.044854
Superscaffold6	45268679	45584571	0.287610	0.136717	0.079864	0.212562
Superscaffold6	45584584	45818586	0.054784	0.042673	0.023283	0.030753
Superscaffold6	45818596	46062084	0.051361	0.035889	0.020893	0.031059
Superscaffold6	46062988	46334142	0.045087	0.039287	0.022048	0.021325
Superscaffold6	46334164	46530982	-0.072255	-0.060414	-0.036986	-0.037660
Superscaffold6	46531010	46949615	-0.008782	-0.005969	-0.003217	-0.002988
Superscaffold6	46949823	47343455	-0.078038	-0.035707	-0.020189	-0.051234
Superscaffold6	47343483	47758263	-0.130835	-0.040815	-0.026040	-0.087076
Superscaffold6	47759088	48693059	-0.060504	-0.021151	-0.011016	-0.041871
Superscaffold6	48693073	48969500	0.444719	0.205847	0.140081	0.330996
Superscaffold6	48969513	49221905	-0.391576	-0.243001	-0.121373	-0.273475
Superscaffold6	49222423	49470272	-0.088071	-0.066323	-0.032299	-0.050360
Superscaffold6	49470275	49809136	0.181754	0.079260	0.039178	0.112418
Superscaffold6	49809140	50063838	0.267869	0.132629	0.071858	0.159935
Superscaffold6	50063840	50459606	-0.003580	-0.001621	-0.000920	-0.000508
Superscaffold6	50459622	50714465	-0.098341	-0.060751	-0.034498	-0.078667
Superscaffold6	50714602	51057923	0.128896	0.064084	0.034752	0.078276
Superscaffold6	51057978	51674411	0.089970	0.040623	0.024993	0.046963
Superscaffold6	51674448	52040495	0.148242	0.078628	0.046120	0.091630
Superscaffold6	52040561	52307479	-0.064621	-0.040641	-0.021319	-0.037157
Superscaffold6	52307632	52575684	0.025651	0.017993	0.011424	0.015876
Superscaffold6	52575760	52816550	0.036530	0.042340	0.020810	0.016418
Superscaffold6	52816644	53007568	-0.236529	-0.215899	-0.108255	-0.144534
Superscaffold6	53007692	53436527	-0.033743	-0.016779	-0.009114	-0.018530
Superscaffold7	169907	502501	-0.092312	-0.043513	-0.029748	-0.050960
Superscaffold7	502537	671494	-0.024516	-0.025014	-0.013290	-0.011814
Superscaffold7	671502	1028759	-0.156802	-0.144541	-0.071823	-0.084411
Superscaffold7	1028762	1157119	0.126714	0.119875	0.061843	0.056642
Superscaffold7	1157132	1318797	-0.056188	-0.056184	-0.027289	-0.029849
Superscaffold7	1318830	1491987	-0.055711	-0.058611	-0.030284	-0.025375
Superscaffold7	1492024	1644544	0.080273	0.078321	0.047696	0.040400
Superscaffold7	1644589	1847147	-0.163255	-0.135254	-0.076270	-0.087954
Superscaffold7	1847184	2279790	-0.019061	-0.011016	-0.006618	-0.009792
Superscaffold7	2279819	2945471	-0.076902	-0.042237	-0.028523	-0.040553
Superscaffold7	2945525	3353193	-0.057318	-0.021510	-0.014126	-0.036786
Superscaffold7	3353347	3737330	0.091734	0.049379	0.028389	0.053622
Superscaffold7	3737343	4087297	0.097878	0.074598	0.046806	0.054592
Superscaffold7	4087333	4405445	0.022754	0.018972	0.011813	0.013896
Superscaffold7	4405566	4588918	-0.035410	-0.035691	-0.017263	-0.019613
Superscaffold7	4588960	4873357	-0.133887	-0.057042	-0.040758	-0.071833
Superscaffold7	4873385	5081017	-0.035359	-0.029245	-0.018212	-0.017962
Superscaffold7	5081024	5255699	0.042267	0.050080	0.028226	0.022755
Superscaffold7	5255739	5407589	-0.002381	-0.002923	-0.001695	-0.000093
Superscaffold7	5407612	5630059	0.108225	0.102938	0.054979	0.053538
Superscaffold7	5630086	5769759	0.021710	0.026003	0.013870	0.014561
Superscaffold7	5769853	5985229	0.129567	0.139649	0.081512	0.080975
Superscaffold7	5985261	6070913	0.212601	0.211431	0.146684	0.130168
Superscaffold7	6070951	6206293	0.010456	0.013307	0.007063	0.007776
Superscaffold7	6206321	6571000	0.064916	0.048796	0.030972	0.034523
Superscaffold7	6571019	7182209	0.057954	0.038303	0.024420	0.033903
Superscaffold7	7182285	7411737	0.064135	0.058957	0.033346	0.043424
Superscaffold7	7411740	7636577	-0.027508	-0.029156	-0.015788	-0.016876
Superscaffold7	7636591	7889072	-0.139749	-0.105613	-0.058048	-0.075243
Superscaffold7	7889100	8153227	-0.043929	-0.036280	-0.022576	-0.030928
Superscaffold7	8153286	8325065	0.070246	0.054296	0.034067	0.058087
Superscaffold7	8325145	8540613	0.163636	0.108084	0.062542	0.096879
Superscaffold7	8541840	9092017	0.541452	0.230011	0.167604	0.387634
Superscaffold7	9092170	9276576	0.073080	0.066859	0.031047	0.043818
Superscaffold7	9276620	9943120	-0.069076	-0.031309	-0.019636	-0.037457
Superscaffold7	9943204	10199014	-0.082911	-0.025510	-0.017845	-0.053129
Superscaffold7	10199110	10399383	0.058303	0.034057	0.022088	0.030963
Superscaffold7	10399395	10594855	0.002498	0.001546	0.000845	0.001381
Superscaffold7	10595009	10854179	-0.039482	-0.048531	-0.020680	-0.023959
Superscaffold7	10854227	11049351	0.012722	0.015303	0.006945	0.009427
Superscaffold7	11049353	11241337	0.108138	0.084454	0.045080	0.074331
Superscaffold7	11241377	11611495	-0.003133	-0.001135	-0.000631	0.008325
Superscaffold7	11611506	11924018	0.054361	0.018787	0.012253	0.027530
Superscaffold7	11924023	12236506	0.065112	0.040132	0.019943	0.030089
Superscaffold7	12236595	12652663	-0.034743	-0.013059	-0.007748	-0.017834
Superscaffold7	12652701	12940920	-0.229018	-0.123768	-0.061668	-0.132602
Superscaffold7	12940923	13250395	0.178079	0.070918	0.040865	0.103625
Superscaffold7	13250405	14217089	-0.038873	-0.012942	-0.008419	-0.023887
Superscaffold7	14217092	14483587	-0.071460	-0.053068	-0.024537	-0.033885
Superscaffold7	14483664	14674970	-0.030326	-0.017619	-0.008547	-0.014161
Superscaffold7	14675014	14986167	0.181711	0.088381	0.049477	0.144895
Superscaffold7	14986201	15577031	0.098719	0.037904	0.019201	0.084126
Superscaffold7	15577033	16130767	0.035559	0.019772	0.009901	0.030363
Superscaffold7	16130779	16526315	0.236391	0.094018	0.061996	0.169939
Superscaffold7	16526324	17013770	0.192391	0.075649	0.049248	0.119417
Superscaffold7	17013855	17297858	0.498926	0.180421	0.116128	0.373527
Superscaffold7	17297879	17830418	-0.049050	-0.009007	-0.005710	-0.030851
Superscaffold7	17830488	18322532	-0.035049	-0.008399	-0.004802	-0.024423
Superscaffold7	18322538	18957303	0.292536	0.071641	0.042499	0.204614
Superscaffold7	18957440	19482273	0.105532	0.022934	0.014481	0.079733
Superscaffold7	19482423	20010414	-0.161948	-0.040881	-0.026948	-0.136131
Superscaffold7	20010489	20466550	0.136954	0.026605	0.018636	0.113778
Superscaffold7	20466668	20934952	0.332036	0.101365	0.057765	0.254542
Superscaffold7	20935023	21319350	-0.015077	-0.004925	-0.002476	-0.008814
Superscaffold7	21319352	21495413	-0.055004	-0.026621	-0.015329	-0.034986
Superscaffold7	21495424	21790264	0.100003	0.023738	0.013278	0.074583
Superscaffold7	21790330	22506331	-0.292565	-0.109533	-0.060616	-0.215431
Superscaffold7	22506529	22881269	0.452006	0.165149	0.099491	0.387506
Superscaffold7	22881460	23096816	-0.088086	-0.041481	-0.023676	-0.063089
Superscaffold7	23096834	23508081	0.036164	0.008044	0.004901	0.019362
Superscaffold7	23508207	23835875	-0.072227	-0.029443	-0.017665	-0.044132
Superscaffold7	23835900	24207671	-0.038433	-0.017057	-0.009721	-0.024726
Superscaffold7	24207688	24404227	-0.082336	-0.049701	-0.028293	-0.044298
Superscaffold7	24404236	24694636	0.274921	0.110159	0.060777	0.196960
Superscaffold7	24694925	24857814	0.165352	0.125090	0.062112	0.099356
Superscaffold7	24857845	25245216	-0.302931	-0.200222	-0.108525	-0.170176
Superscaffold7	25245227	25517428	0.151743	0.083659	0.043546	0.085868
Superscaffold7	25517449	25799988	-0.405308	-0.292965	-0.168032	-0.321794
Superscaffold7	25800220	26474742	-0.042146	-0.012867	-0.007160	-0.030659
Superscaffold7	26474753	26770510	0.225542	0.105922	0.055096	0.155536
Superscaffold7	26770523	27106870	-0.032096	-0.012374	-0.007090	-0.022952
Superscaffold7	27106877	27362770	0.223410	0.099335	0.053538	0.130975
Superscaffold7	27362861	27575877	0.286735	0.200755	0.114832	0.186124
Superscaffold7	27576364	27883655	-0.024558	-0.010364	-0.005530	-0.016648
Superscaffold7	27884816	28197800	0.157986	0.054628	0.031391	0.105994
Superscaffold7	28197801	28489053	-0.071074	-0.028456	-0.016064	-0.045570
Superscaffold7	28489251	28811084	-0.224166	-0.086150	-0.050937	-0.147889
Superscaffold7	28811105	29230393	-0.106461	-0.040872	-0.022108	-0.071344
Superscaffold7	29230449	29574149	-0.303868	-0.158524	-0.073089	-0.221156
Superscaffold7	29574198	29861239	0.011677	0.004946	0.002969	0.003201
Superscaffold7	29861240	30170408	0.059431	0.025872	0.014130	0.042140
Superscaffold7	30170409	30475489	0.117961	0.060411	0.036475	0.072118
Superscaffold7	30477720	30860999	-0.152314	-0.063557	-0.034444	-0.111297
Superscaffold7	30861010	31269085	0.062900	0.022002	0.012844	0.048997
Superscaffold7	31269433	31861027	0.269142	0.117773	0.066346	0.131066
Superscaffold7	31861051	32172608	0.246208	0.133417	0.060390	0.171459
Superscaffold7	32172846	32546356	-0.070778	-0.023038	-0.012949	-0.045248
Superscaffold7	32546358	32911085	0.204937	0.090353	0.052127	0.130010
Superscaffold7	32911110	33194227	0.116636	0.049885	0.024685	0.065406
Superscaffold7	33194229	33426861	-0.035638	-0.021786	-0.011738	-0.016710
Superscaffold7	33426952	33633128	0.094967	0.077168	0.044994	0.056453
Superscaffold7	33633154	33853558	-0.035156	-0.027154	-0.016538	-0.017923
Superscaffold7	33853599	34157618	0.025338	0.020209	0.009218	0.015269
Superscaffold7	34157632	34451686	0.062489	0.031887	0.017404	0.029748
Superscaffold7	34451829	34627982	0.107509	0.093554	0.054951	0.061927
Superscaffold7	34628008	34875447	0.160294	0.095550	0.057166	0.099465
Superscaffold7	34875489	35247443	0.251679	0.135471	0.090605	0.147312
Superscaffold7	35247460	35664371	-0.247204	-0.132041	-0.066795	-0.161473
Superscaffold7	35665683	36033200	-0.011674	-0.004638	-0.002629	-0.010401
Superscaffold7	36033201	36359116	0.232868	0.117545	0.065989	0.156323
Superscaffold7	36359168	36772337	-0.122717	-0.034289	-0.022204	-0.079453
Superscaffold7	36772381	37198756	-0.150365	-0.049405	-0.031249	-0.095802
Superscaffold7	37198766	37587686	-0.175232	-0.069742	-0.039822	-0.117768
Superscaffold7	37588022	37852187	0.142165	0.068864	0.034582	0.105433
Superscaffold7	37852198	38294034	0.189417	0.071378	0.041314	0.153674
Superscaffold7	38294035	38736749	-0.010019	-0.003316	-0.002078	-0.004356
Superscaffold7	38737007	39014362	0.223863	0.099751	0.062755	0.124396
Superscaffold7	39014392	39244104	0.049663	0.036563	0.021664	0.035174
Superscaffold7	39244139	39683962	0.016306	0.005717	0.003230	0.011768
Superscaffold7	39685456	40175462	0.065975	0.035011	0.020949	0.038687
Superscaffold7	40175495	40631841	-0.070187	-0.019539	-0.011647	-0.048948
Superscaffold7	40632727	41196344	-0.012868	-0.005065	-0.002689	-0.002702
Superscaffold7	41196345	41675434	-0.104687	-0.044693	-0.027559	-0.074846
Superscaffold7	41675870	42060019	0.180539	0.055745	0.036778	0.109742
Superscaffold7	42060567	42277281	-0.022054	-0.011901	-0.007096	-0.012510
Superscaffold7	42277287	42452839	0.428743	0.346071	0.185152	0.238283
Superscaffold7	42453302	42740706	0.035165	0.019048	0.011672	0.024683
Superscaffold7	42740850	43232847	-0.187653	-0.099943	-0.054047	-0.115561
Superscaffold7	43232865	43631201	0.060896	0.033926	0.021321	0.032325
Superscaffold7	43631217	43955981	-0.041961	-0.022233	-0.012949	-0.021082
Superscaffold7	43956222	44106156	0.069433	0.052003	0.031219	0.026665
Superscaffold7	44106180	44342498	0.004837	0.003977	0.002387	0.001789
Superscaffold7	44342927	44603685	0.221932	0.090452	0.063080	0.102450
Superscaffold7	44603968	44926339	-0.007359	-0.003703	-0.002508	-0.006617
Superscaffold7	44926444	45121601	0.023972	0.019973	0.010769	0.016202
Superscaffold7	45121662	45305886	-0.041002	-0.043368	-0.023911	-0.024073
Superscaffold7	45305909	45586735	0.154272	0.086680	0.060974	0.086284
Superscaffold7	45586792	45887215	0.110423	0.051247	0.036151	0.064656
Superscaffold7	45887311	46126635	-0.003441	-0.002483	-0.001334	-0.005019
Superscaffold7	46126654	46368451	0.019947	0.008726	0.005896	0.006502
Superscaffold7	46368461	46835705	0.052903	0.024760	0.015391	0.027416
Superscaffold7	46838368	47086525	-0.026360	-0.020918	-0.011792	-0.011621
Superscaffold7	47086554	48034314	-0.025600	-0.012521	-0.007026	-0.017939
Superscaffold7	48034596	48267977	0.162311	0.112969	0.056730	0.105752
Superscaffold7	48268054	48445998	0.072024	0.074483	0.032869	0.040481
Superscaffold7	48446042	48883339	-0.175656	-0.096172	-0.045042	-0.134087
Superscaffold7	48883588	49292408	0.155741	0.049835	0.028980	0.112087
Superscaffold7	49292442	49765315	-0.164539	-0.059022	-0.040081	-0.106192
Superscaffold8	405174	777453	-0.231512	-0.208480	-0.078285	-0.141154
Superscaffold8	777455	974505	0.012026	0.006341	0.003822	0.011740
Superscaffold8	974525	1246315	-0.061282	-0.039806	-0.020871	-0.044109
Superscaffold8	1246483	1700641	0.528827	0.342388	0.161646	0.332866
Superscaffold8	1700688	2062269	-0.122960	-0.092741	-0.043735	-0.062825
Superscaffold8	2062303	2261289	-0.039100	-0.035835	-0.020739	-0.022768
Superscaffold8	2261379	2425466	-0.059557	-0.068288	-0.035234	-0.026855
Superscaffold8	2425468	2590817	-0.091223	-0.075884	-0.038578	-0.042586
Superscaffold8	2590831	3173386	-0.165417	-0.104293	-0.057235	-0.094228
Superscaffold8	3173437	3650734	0.002974	0.002029	0.001051	0.009946
Superscaffold8	3650814	3823735	0.019226	0.014950	0.008205	0.011540
Superscaffold8	3823844	4049649	0.058801	0.030037	0.019557	0.027547
Superscaffold8	4049706	4285080	-0.004776	-0.003094	-0.001570	-0.002826
Superscaffold8	4285118	4639266	0.025682	0.017639	0.008990	0.014460
Superscaffold8	4639375	4842403	0.043335	0.031984	0.017214	0.025406
Superscaffold8	4842424	5172858	-0.057374	-0.060614	-0.033086	-0.034404
Superscaffold8	5172875	5464242	-0.087694	-0.074140	-0.040007	-0.053074
Superscaffold8	5464310	5878240	0.105003	0.077315	0.045375	0.064699
Superscaffold8	5878644	6085072	0.118724	0.134367	0.074079	0.055586
Superscaffold8	6085074	6523422	0.442037	0.392334	0.255876	0.307579
Superscaffold8	6523439	6629134	-0.056398	-0.060457	-0.035402	-0.031394
Superscaffold8	6629164	6894534	-0.016657	-0.014087	-0.008982	-0.007900
Superscaffold8	6894630	7107107	-0.051229	-0.034071	-0.019887	-0.035626
Superscaffold8	7107140	7281968	0.127635	0.091260	0.057487	0.087915
Superscaffold8	7281982	7722789	0.129843	0.048069	0.030777	0.081214
Superscaffold8	7722849	8039530	0.027052	0.013169	0.007294	0.018431
Superscaffold8	8039542	8841178	-0.076686	-0.033045	-0.019209	-0.047862
Superscaffold8	8842040	9151752	-0.076125	-0.036057	-0.019874	-0.048462
Superscaffold8	9151932	9390352	-0.139676	-0.084765	-0.038308	-0.071621
Superscaffold8	9390425	9838031	0.080784	0.039538	0.025266	0.050463
Superscaffold8	9838112	10352830	0.097959	0.038414	0.022658	0.066410
Superscaffold8	10353515	10688560	-0.260383	-0.102257	-0.055527	-0.195410
Superscaffold8	10688612	10952896	-0.078133	-0.056671	-0.030283	-0.057908
Superscaffold8	10952959	11136494	0.064955	0.080369	0.037455	0.034656
Superscaffold8	11136634	11284070	-0.022659	-0.029951	-0.014055	-0.013637
Superscaffold8	11284072	11469021	-0.027890	-0.035986	-0.011928	-0.011660
Superscaffold8	11469024	11821245	0.006230	0.002702	0.001787	0.003656
Superscaffold8	11821263	12114776	-0.045880	-0.025301	-0.015882	-0.022315
Superscaffold8	12114806	12321765	-0.015658	-0.011530	-0.006992	-0.007868
Superscaffold8	12321903	12549501	-0.055769	-0.053073	-0.027267	-0.024891
Superscaffold8	12549756	12719731	-0.086189	-0.073474	-0.044389	-0.044268
Superscaffold8	12719819	12971086	0.214828	0.133023	0.069772	0.124947
Superscaffold8	12971140	13272020	0.011473	0.008121	0.004399	0.006205
Superscaffold8	13272078	13617661	0.165297	0.082843	0.043649	0.100717
Superscaffold8	13617704	13797111	0.163553	0.115343	0.063871	0.119066
Superscaffold8	13797134	14054564	0.225179	0.094949	0.056493	0.157542
Superscaffold8	14054883	14366954	0.327743	0.131930	0.090315	0.258472
Superscaffold8	14367722	14844497	0.257092	0.119460	0.065965	0.159491
Superscaffold8	14844519	15159706	0.308187	0.173335	0.113881	0.220692
Superscaffold8	15159709	15378688	-0.397281	-0.213280	-0.107543	-0.318701
Superscaffold8	15378831	15697445	-0.124356	-0.068027	-0.030852	-0.071176
Superscaffold8	15697469	16162535	0.024837	0.017894	0.010868	0.014382
Superscaffold8	16162638	16515333	0.056521	0.024263	0.013687	0.044802
Superscaffold8	16515649	16830065	-0.044073	-0.020458	-0.010606	-0.021562
Superscaffold8	16830295	17113541	0.185831	0.071668	0.045776	0.120588
Superscaffold8	17113553	17219051	-0.300660	-0.258359	-0.103633	-0.207841
Superscaffold8	17219071	17529243	-0.000701	-0.000554	-0.000301	0.002022
Superscaffold8	17529367	17922063	-0.046951	-0.032254	-0.019598	-0.023772
Superscaffold8	17922068	18087206	-0.246054	-0.211813	-0.110636	-0.167226
Superscaffold8	18087224	18347222	-0.104456	-0.048724	-0.033723	-0.057894
Superscaffold8	18347413	18655813	0.151067	0.078165	0.043758	0.097968
Superscaffold8	18655948	18979545	0.289944	0.118066	0.062242	0.210474
Superscaffold8	18979627	19210650	-0.173243	-0.096713	-0.058240	-0.102940
Superscaffold8	19210689	19492817	0.103181	0.057043	0.034377	0.054759
Superscaffold8	19492864	19710364	0.015788	0.010712	0.005754	0.010917
Superscaffold8	19710529	20093459	-0.180253	-0.094377	-0.052139	-0.123850
Superscaffold8	20093479	20312089	0.052418	0.026337	0.013608	0.043201
Superscaffold8	20312092	20611909	0.165567	0.105021	0.060701	0.118702
Superscaffold8	20611935	20811424	0.057964	0.021084	0.013436	0.028622
Superscaffold8	20811511	21297285	-0.028594	-0.007174	-0.004343	-0.024653
Superscaffold8	21297835	21663742	-0.129835	-0.035620	-0.021722	-0.098296
Superscaffold8	21663795	21987539	0.063342	0.016570	0.009375	0.051757
Superscaffold8	21987574	22382190	-0.048105	-0.015109	-0.008639	-0.036578
Superscaffold8	22382292	22740185	-0.248660	-0.087233	-0.043367	-0.202629
Superscaffold8	22740236	23261798	-0.125439	-0.025932	-0.016088	-0.097601
Superscaffold8	23262831	23725487	-0.100920	-0.022672	-0.012146	-0.083210
Superscaffold8	23725547	24613011	-0.212766	-0.046803	-0.027893	-0.168914
Superscaffold8	24613119	24834020	0.172859	0.084755	0.051422	0.111930
Superscaffold8	24834060	25140275	-0.021245	-0.005980	-0.003453	-0.014172
Superscaffold8	25140524	25882534	0.241854	0.070955	0.037700	0.203157
Superscaffold8	25882566	26242979	-0.054337	-0.016799	-0.009801	-0.034983
Superscaffold8	26243011	26619805	0.028466	0.010193	0.005780	0.020943
Superscaffold8	26619809	27150442	0.354952	0.125440	0.082549	0.293314
Superscaffold8	27150575	27518426	0.009919	0.003168	0.001811	0.009760
Superscaffold8	27518428	27888414	0.192316	0.077142	0.044246	0.137597
Superscaffold8	27888479	28274575	0.366642	0.096773	0.065020	0.297991
Superscaffold8	28275075	28945557	0.107504	0.036542	0.020135	0.064998
Superscaffold8	28945616	29396421	0.311352	0.097200	0.052261	0.228388
Superscaffold8	29396451	29762252	-0.084788	-0.021060	-0.014304	-0.040000
Superscaffold8	29762271	30021325	0.107529	0.045877	0.028809	0.067596
Superscaffold8	30021326	30288102	0.138860	0.043400	0.029875	0.089658
Superscaffold8	30288284	30562708	0.539548	0.156878	0.099852	0.451041
Superscaffold8	30562826	30856535	0.306831	0.098131	0.057373	0.202903
Superscaffold8	30856559	31409578	-0.026535	-0.005880	-0.003562	-0.015151
Superscaffold8	31409624	31758389	-0.070931	-0.024898	-0.012846	-0.050849
Superscaffold8	31758401	32162813	-0.082160	-0.035288	-0.021597	-0.053125
Superscaffold8	32162835	32411992	0.258352	0.121583	0.080037	0.187631
Superscaffold8	32412000	32914290	-0.434334	-0.277624	-0.145469	-0.308526
Superscaffold8	32914311	33357281	-0.705908	-1.951100	-0.339282	-0.532833
Superscaffold8	33357326	33630363	-0.209854	-0.096145	-0.062592	-0.116486
Superscaffold8	33631561	33933915	0.194716	0.052198	0.036395	0.142485
Superscaffold8	33933919	34183795	0.085050	0.041931	0.023116	0.062062
Superscaffold8	34183857	34407359	0.161624	0.084843	0.057343	0.091851
Superscaffold8	34407364	34714641	0.079125	0.030024	0.017830	0.054742
Superscaffold8	34714679	35132809	-0.233909	-0.076455	-0.043822	-0.156568
Superscaffold8	35132840	35536220	-0.076966	-0.023810	-0.014959	-0.047657
Superscaffold8	35536238	35966176	0.048893	0.019304	0.011472	0.030769
Superscaffold8	35966204	36457182	0.073711	0.032818	0.020026	0.038872
Superscaffold8	36457297	36752321	-0.214891	-0.093549	-0.056537	-0.125506
Superscaffold8	36752433	37446238	0.188730	0.057741	0.042678	0.111240
Superscaffold8	37446351	37830885	-0.168866	-0.061830	-0.040653	-0.110328
Superscaffold8	37830975	38210896	0.017578	0.006945	0.004438	0.011368
Superscaffold8	38210937	38513714	0.291294	0.088639	0.070482	0.234193
Superscaffold8	38513805	38994148	-0.019437	-0.006290	-0.004246	-0.011502
Superscaffold8	38994198	39233305	0.079871	0.051598	0.029525	0.046605
Superscaffold8	39233515	39640108	-0.253089	-0.179022	-0.108045	-0.188386
Superscaffold8	39640115	40076769	-0.167327	-0.064888	-0.041049	-0.086679
Superscaffold8	40076785	40485677	-0.188663	-0.064476	-0.040246	-0.123931
Superscaffold8	40485699	40779296	0.114924	0.056462	0.032547	0.075584
Superscaffold8	40779621	40987617	0.043021	0.025746	0.013383	0.025766
Superscaffold8	40987628	41222189	-0.131499	-0.157374	-0.069526	-0.063851
Superscaffold8	41222608	41559803	0.145435	0.076902	0.045385	0.095544
Superscaffold8	41559909	41711444	-0.034643	-0.029288	-0.017507	-0.020746
Superscaffold8	41711462	42416268	0.108861	0.065320	0.034720	0.064555
Superscaffold8	42416356	43044104	-0.049876	-0.035091	-0.017702	-0.029094
Superscaffold8	43044120	43376427	0.038126	0.017933	0.009906	0.022980
Superscaffold8	43376749	43778483	0.123456	0.070326	0.044061	0.077333
Superscaffold8	43778514	44069232	-0.153596	-0.097437	-0.048157	-0.096722
Superscaffold8	44069558	44638527	0.180224	0.088703	0.050312	0.104126
Superscaffold8	44638565	44965047	0.041167	0.016384	0.009089	0.021871
Superscaffold8	44965078	45678407	-0.095139	-0.029300	-0.017253	-0.067823
Superscaffold8	45678434	46079218	0.041226	0.011860	0.007467	0.029913
Superscaffold8	46079432	46563223	0.358792	0.097448	0.063410	0.300835
Superscaffold8	46564134	47281142	-0.093597	-0.029732	-0.017365	-0.066149
Superscaffold8	47281212	47985225	0.177001	0.053338	0.030191	0.136625
Superscaffold8	47985236	48447310	-0.031387	-0.011264	-0.006211	-0.020023
Superscaffold8	48447391	48886801	0.096252	0.039578	0.023008	0.061694
Superscaffold8	48886907	49248301	-0.140246	-0.055139	-0.032080	-0.110113
Superscaffold8	49248327	49556553	0.518585	0.281447	0.135061	0.403287
Superscaffold8	49556582	49917848	-0.003557	-0.001942	-0.001004	-0.000586
Superscaffold8	49917889	50189715	-0.217273	-0.126303	-0.060744	-0.146634
Superscaffold8	50189739	50660113	0.304650	0.091435	0.055282	0.194910
Superscaffold8	50665900	51128833	-0.121068	-0.058784	-0.030823	-0.076730
Superscaffold8	51128868	51479392	0.066099	0.021488	0.012270	0.041246
Superscaffold8	51479624	51813636	0.325128	0.103280	0.059270	0.225889
Superscaffold8	51813997	52172292	0.144531	0.049568	0.027493	0.097914
Superscaffold8	52172365	52579979	0.060079	0.021273	0.012576	0.033604
Superscaffold8	52580003	53148252	0.075800	0.032725	0.018202	0.041545
Superscaffold8	53148404	53708833	-0.121106	-0.047072	-0.030406	-0.079765
Superscaffold8	53708840	53915841	-0.023278	-0.016488	-0.009471	-0.013413
Superscaffold8	53915923	54410337	0.023901	0.011391	0.004808	0.016792
Superscaffold8	54410420	54874130	-0.124399	-0.032328	-0.022726	-0.086248
Superscaffold8	54874590	55393324	-0.048088	-0.014664	-0.008697	-0.034481
Superscaffold8	55393905	55931116	-0.084759	-0.021876	-0.013185	-0.058119
Superscaffold8	55931205	56390592	-0.152318	-0.053534	-0.032143	-0.094952
Superscaffold8	56390631	57223001	0.088264	0.033122	0.018898	0.064812
Superscaffold8	57223010	57625233	-0.006703	-0.002541	-0.001426	-0.007066
Superscaffold8	57625234	58203449	-0.054804	-0.019213	-0.011580	-0.032996
Superscaffold8	58203755	58708511	-0.038806	-0.020993	-0.013653	-0.022610
Superscaffold8	58708663	59127469	-0.010257	-0.003372	-0.002049	-0.005251
Superscaffold8	59128305	59470057	0.246783	0.114387	0.066332	0.176495
Superscaffold8	59471078	59824255	0.475942	0.254259	0.149875	0.334154
Superscaffold8	59824262	60238460	-0.325931	-0.159045	-0.076958	-0.204729
Superscaffold8	60238474	60609661	-0.024132	-0.008542	-0.005710	-0.012942
Superscaffold8	60610001	60901707	0.030500	0.024360	0.012168	0.016570
Superscaffold8	60901717	61427794	0.140894	0.055612	0.033716	0.090231
Superscaffold8	61427893	61826590	0.140788	0.062785	0.041392	0.083939
Superscaffold8	61826711	62227567	-0.065813	-0.027843	-0.016651	-0.035690
Superscaffold8	62227597	62586493	0.020122	0.007754	0.004910	0.014525
Superscaffold8	62586563	62891858	-0.038742	-0.020476	-0.010629	-0.019889
Superscaffold8	62891927	63180502	-0.030050	-0.012549	-0.008507	-0.015176
Superscaffold8	63180548	63578198	-0.185789	-0.091350	-0.054251	-0.128141
Superscaffold8	63578205	63965565	-0.026493	-0.013490	-0.007118	-0.016358
Superscaffold8	63965723	64445983	-0.029796	-0.009179	-0.005347	-0.021871
Superscaffold8	64445985	65149748	0.008866	0.003656	0.002063	0.005206
Superscaffold8	65149777	65641078	-0.144189	-0.045209	-0.025641	-0.107207
Superscaffold8	65641124	66292866	0.093500	0.029891	0.018232	0.061538
Superscaffold9	151637	335802	0.003849	0.003777	0.002348	0.002325
Superscaffold9	335902	468811	-0.280250	-0.343134	-0.159654	-0.168755
Superscaffold9	468821	991568	0.067305	0.045729	0.026355	0.044691
Superscaffold9	991603	1194585	0.006331	0.006940	0.003896	0.007113
Superscaffold9	1194606	1341282	0.092100	0.109830	0.066506	0.047496
Superscaffold9	1341471	1489121	0.004989	0.005434	0.002759	-0.004465
Superscaffold9	1489131	1986055	0.010219	0.007067	0.004499	0.001581
Superscaffold9	1986115	2120581	0.067354	0.076342	0.042602	0.038041
Superscaffold9	2120654	2288832	-0.001274	-0.001853	-0.001016	-0.004088
Superscaffold9	2288865	2470082	-0.069712	-0.098884	-0.052334	-0.037298
Superscaffold9	2470141	2734270	0.020915	0.017668	0.009997	0.018094
Superscaffold9	2734339	3124927	-0.107129	-0.100453	-0.052554	-0.052687
Superscaffold9	3125014	3372036	-0.023373	-0.022941	-0.012676	-0.010413
Superscaffold9	3372052	3548459	-0.003176	-0.003435	-0.001909	0.002620
Superscaffold9	3548476	4313728	-0.124719	-0.099074	-0.060488	-0.066455
Superscaffold9	4313737	4650286	-0.104753	-0.055421	-0.035578	-0.067284
Superscaffold9	4650322	4933772	-0.367254	-0.225027	-0.129018	-0.247540
Superscaffold9	4933797	5111134	0.139866	0.124839	0.068498	0.081691
Superscaffold9	5111252	5388856	-0.127702	-0.089857	-0.044847	-0.072502
Superscaffold9	5388882	5654955	0.049287	0.033824	0.020089	0.026336
Superscaffold9	5655040	5997219	-0.034747	-0.012760	-0.008334	-0.021436
Superscaffold9	5997223	6323006	0.075289	0.056803	0.036180	0.047818
Superscaffold9	6323337	6636260	0.175163	0.090750	0.056864	0.105966
Superscaffold9	6637776	7050968	0.135758	0.042074	0.026744	0.084891
Superscaffold9	7051021	7421250	0.055751	0.023158	0.013184	0.038034
Superscaffold9	7421343	7810427	0.116940	0.049960	0.027257	0.073818
Superscaffold9	7810444	8077172	0.074427	0.045219	0.025506	0.050088
Superscaffold9	8077184	8317070	-0.222958	-0.120125	-0.063881	-0.144997
Superscaffold9	8317099	8531153	0.165926	0.106059	0.062613	0.099259
Superscaffold9	8531157	8831998	0.075589	0.056979	0.033344	0.043822
Superscaffold9	8832099	9120896	-0.014151	-0.011165	-0.006889	-0.005040
Superscaffold9	9121006	9604246	-0.109601	-0.047589	-0.032353	-0.062067
Superscaffold9	9604308	9991159	-0.257504	-0.091953	-0.055344	-0.163818
Superscaffold9	9991167	10336735	0.063332	0.037140	0.022015	0.044490
Superscaffold9	10336921	11065346	0.127221	0.079569	0.040815	0.073807
Superscaffold9	11065559	11299911	0.189849	0.142549	0.076677	0.112279
Superscaffold9	11299917	11913899	0.008690	0.004370	0.002628	-0.007609
Superscaffold9	11913900	12304004	0.126360	0.051875	0.032938	0.076930
Superscaffold9	12304063	12548182	0.202204	0.115778	0.064908	0.136563
Superscaffold9	12548382	12949955	-0.048358	-0.014953	-0.009124	-0.034402
Superscaffold9	12949959	13556101	0.191247	0.086052	0.048443	0.136417
Superscaffold9	13556210	14131084	-0.230659	-0.177319	-0.083018	-0.152294
Superscaffold9	14131094	14299620	-0.114922	-0.109261	-0.070865	-0.072591
Superscaffold9	14299623	14555578	0.004384	0.002013	0.001288	0.005431
Superscaffold9	14555626	15163253	0.002133	0.000492	0.000317	0.004682
Superscaffold9	15163383	15522767	-0.035214	-0.019726	-0.011743	-0.023754
Superscaffold9	15522825	15781850	-0.130802	-0.066545	-0.039172	-0.083011
Superscaffold9	15782320	16193972	-0.026199	-0.008291	-0.004938	-0.017638
Superscaffold9	16193980	16517296	0.112697	0.034757	0.019077	0.094455
Superscaffold9	16517314	16916803	-0.027875	-0.008874	-0.005044	-0.019884
Superscaffold9	16917025	17261816	-0.233515	-0.076098	-0.045288	-0.152003
Superscaffold9	17261830	17674884	0.000479	0.000149	0.000084	0.003454
Superscaffold9	17674959	17949482	-0.184651	-0.099334	-0.055682	-0.124713
Superscaffold9	17949529	18159356	0.176673	0.089532	0.049903	0.101136
Superscaffold9	18159388	18801427	0.071113	0.041644	0.020070	0.036107
Superscaffold9	18801653	19845121	0.128291	0.064715	0.039652	0.086037
Superscaffold9	19845221	20461681	-0.101019	-0.046761	-0.028241	-0.062287
Superscaffold9	20461700	20775619	0.019814	0.008018	0.004993	0.014697
Superscaffold9	20775846	21044989	0.191170	0.087748	0.055930	0.125426
Superscaffold9	21045034	21272222	0.088906	0.056907	0.025690	0.056926
Superscaffold9	21272225	21481124	0.117609	0.076887	0.046968	0.062717
Superscaffold9	21481172	21718895	0.141835	0.078477	0.053220	0.093792
Superscaffold9	21718918	21965581	0.061862	0.036570	0.019358	0.027689
Superscaffold9	21965633	22370811	-0.306249	-0.146129	-0.086434	-0.227706
Superscaffold9	22370821	22688727	-0.510919	-0.520374	-0.235842	-0.405481
Superscaffold9	22689592	23069775	-0.456499	-0.304800	-0.129281	-0.305515
Superscaffold9	23069812	23429099	0.155943	0.060025	0.032335	0.097792
Superscaffold9	23429130	23676426	-0.318730	-0.262708	-0.111271	-0.200172
Superscaffold9	23676516	23827755	-0.230895	-0.308091	-0.095482	-0.122716
Superscaffold9	23827760	24138453	0.059695	0.033990	0.021562	0.036147
Superscaffold9	24138456	24509378	0.016257	0.007574	0.005263	0.009296
Superscaffold9	24509452	24830758	-0.236250	-0.091191	-0.061085	-0.149548
Superscaffold9	24830760	25266522	0.167109	0.057706	0.039777	0.104370
Superscaffold9	25266564	25482558	0.089893	0.058087	0.028555	0.048011
Superscaffold9	25482591	26106563	-0.104028	-0.020153	-0.016681	-0.065303
Superscaffold9	26108131	26505969	-0.454370	-0.153011	-0.092911	-0.359964
Superscaffold9	26506122	27016772	0.466608	0.229776	0.159333	0.281521
Superscaffold9	27016798	27374499	-0.262451	-0.136206	-0.077175	-0.192920
Superscaffold9	27374720	27726131	0.177893	0.099580	0.052322	0.104935
Superscaffold9	27726150	28378508	-0.070376	-0.043805	-0.020232	-0.034068
Superscaffold9	28378715	28638693	-0.015298	-0.005670	-0.003633	-0.011411
Superscaffold9	28638703	28920813	0.225524	0.134202	0.060720	0.107890
Superscaffold9	28921836	29178816	0.203760	0.131530	0.072736	0.099890
Superscaffold9	29178818	29437447	-0.051720	-0.026007	-0.014355	-0.032170
Superscaffold9	29437465	29736498	0.136583	0.059085	0.033528	0.081484
Superscaffold9	29736523	30043320	0.108198	0.051945	0.033401	0.066377
Superscaffold9	30043502	30298063	-0.193811	-0.113167	-0.054986	-0.106346
Superscaffold9	30298394	30617948	0.327160	0.108157	0.060388	0.203615
Superscaffold9	30617967	31019349	-0.045742	-0.030439	-0.012630	-0.026981
Superscaffold9	31019426	31278209	0.125467	0.062019	0.034274	0.071874
Superscaffold9	31278234	31724233	0.320406	0.195036	0.133340	0.208899
Superscaffold9	31724318	31963265	0.563567	0.317850	0.209859	0.413831
Superscaffold9	31963319	32129420	0.030035	0.018398	0.009479	0.016129
Superscaffold9	32129442	32401065	0.093444	0.048274	0.023791	0.056083
Superscaffold9	32401159	32646806	0.051754	0.045904	0.022032	0.026586
Superscaffold9	32646896	32945490	0.176954	0.107316	0.072352	0.124914
Superscaffold9	32945667	33121158	0.220485	0.162712	0.091684	0.122743
Superscaffold9	33121188	33355506	0.322862	0.253020	0.117888	0.168040
Superscaffold9	33355705	33597627	0.119157	0.084355	0.041271	0.064821
Superscaffold9	33597661	33805166	0.486374	0.284096	0.191638	0.338441
Superscaffold9	33805192	34125904	0.610713	0.370376	0.249756	0.422513
Superscaffold9	34125928	34383547	0.032435	0.021598	0.012020	0.015828
Superscaffold9	34383551	34552578	0.165984	0.124498	0.066440	0.075727
Superscaffold9	34552618	34772078	-0.155052	-0.154052	-0.071038	-0.041717
Superscaffold9	34772197	35043117	-0.057230	-0.028004	-0.016444	-0.015757
Superscaffold9	35043227	35238871	0.059213	0.039033	0.019254	0.032174
Superscaffold9	35238901	35432632	-0.010855	-0.007136	-0.003175	-0.008633
Superscaffold9	35432641	36098072	0.285873	0.134597	0.082792	0.194110
Superscaffold9	36098086	36287541	-0.174092	-0.168115	-0.089129	-0.108403
Superscaffold9	36287570	36448962	-0.048403	-0.024511	-0.015653	-0.015586
Superscaffold9	36448999	36589925	-0.145810	-0.090234	-0.053763	-0.069801
Superscaffold9	36589962	36776397	0.592186	0.397879	0.218712	0.414685
Superscaffold9	36776400	36969495	0.001497	0.001276	0.000582	0.005091
Superscaffold9	36969593	37247920	0.074237	0.028303	0.016714	0.035967
Superscaffold9	37248266	37606944	0.316681	0.078424	0.058285	0.106277
Superscaffold9	37607013	37911596	-0.112848	-0.056173	-0.037192	-0.066760
Superscaffold9	37912081	38194103	-0.116869	-0.057219	-0.031343	-0.079581
Superscaffold9	38194207	38521284	0.127639	0.039578	0.027513	0.030171
Superscaffold9	38521333	38767233	0.010696	0.004492	0.002376	0.003863
Superscaffold9	38767468	39008553	0.221775	0.087777	0.045946	0.133388
Superscaffold9	39008758	39269280	-0.107917	-0.035388	-0.020843	-0.052345
Superscaffold9	39269298	39472005	-0.015684	-0.008437	-0.003784	-0.007912
Superscaffold9	39472011	39741898	0.034688	0.017509	0.009061	0.012576
Superscaffold9	39742019	39945153	0.190450	0.122221	0.072740	0.086986
Superscaffold9	39945167	40449235	0.100997	0.050810	0.027062	0.067493
Superscaffold9	40449240	40753313	0.137972	0.075591	0.039850	0.054946
Superscaffold9	40753322	41032278	0.252305	0.191739	0.103327	0.170605
Superscaffold9	41032294	41308152	0.320309	0.183699	0.084728	0.157756
Superscaffold9	41308377	42014111	0.203635	0.125609	0.065600	0.108712
Superscaffold9	42014143	42296705	0.152318	0.064619	0.039130	0.065560
Superscaffold9	42296721	42519181	0.090046	0.060402	0.033406	0.055128
Superscaffold9	42519184	42947508	0.157372	0.111635	0.064039	0.085987
Superscaffold9	42947514	43184581	0.093823	0.072518	0.043731	0.048620
Superscaffold9	43184722	43478322	-0.184126	-0.092767	-0.057908	-0.087257
Superscaffold9	43478328	43851353	-0.474844	-0.255171	-0.156909	-0.304744
Superscaffold9	43851371	44092170	0.049765	0.024352	0.016843	0.019695
Superscaffold9	44092282	44324313	-0.117245	-0.092031	-0.056016	-0.064782
Superscaffold9	44324318	44763809	0.053025	0.041394	0.024565	0.032833
Superscaffold9	44763810	44960929	0.011601	0.007469	0.004947	0.003381
Superscaffold9	44960968	45256987	-0.040551	-0.026364	-0.016795	-0.024006
Superscaffold9	45257000	45630288	0.002789	0.001129	0.000721	0.000517
Superscaffold9	45630290	46041086	0.172798	0.078385	0.040539	0.108800
Superscaffold9	46041180	46995315	-0.024457	-0.005268	-0.004246	-0.012894
Superscaffold9	46995558	47211311	-0.130557	-0.074762	-0.049694	-0.067074
Superscaffold9	47211322	47472574	0.204083	0.110713	0.079682	0.105124
Superscaffold9	47472648	47885674	-0.040782	-0.024065	-0.014655	-0.027284
Superscaffold9	47885676	48183068	-0.003391	-0.001728	-0.001159	-0.001675
Superscaffold9	48183165	48498102	-0.041768	-0.029071	-0.016506	-0.026400
Superscaffold9	48498211	48826519	-0.105604	-0.088677	-0.049562	-0.061403
Superscaffold9	48826528	49218104	-0.119111	-0.054519	-0.036411	-0.068754
Superscaffold9	49219098	49420400	0.002064	0.000967	0.000642	0.002090
Superscaffold9	49420554	49556445	0.127193	0.159083	0.086233	0.074325
Superscaffold9	49556516	49748818	-0.119207	-0.099747	-0.061585	-0.066666
Superscaffold9	49749187	49992239	-0.120043	-0.086882	-0.055518	-0.063232
Superscaffold9	49992259	50502651	0.111283	0.054943	0.037798	0.073300
Superscaffold9	50502659	50750738	0.306195	0.202080	0.131899	0.191040
Superscaffold9	50750869	50996978	0.031447	0.017637	0.009751	0.017314
Superscaffold9	50997044	51194184	-0.069770	-0.053764	-0.024463	-0.042269
Superscaffold9	51194223	51552390	0.016353	0.006903	0.004267	0.005597
Superscaffold9	51552407	51778966	0.271603	0.150934	0.094411	0.177775
Superscaffold9	51778976	52061495	0.150153	0.103825	0.059831	0.081878
Superscaffold9	52061549	52282749	0.337210	0.172196	0.112277	0.174190
Superscaffold9	52282751	52531930	0.143567	0.079605	0.050429	0.083408
Superscaffold9	52531965	52689096	-0.176459	-0.145212	-0.079459	-0.118232
Superscaffold9	52689177	52868032	-0.381693	-0.327786	-0.169464	-0.242642
Superscaffold9	52868038	53089332	-0.236085	-0.243404	-0.110226	-0.172461
Superscaffold9	53089367	53213996	-0.037097	-0.050725	-0.024847	-0.021939
Superscaffold9	53214343	53395754	-0.057917	-0.050328	-0.026445	-0.034256
Superscaffold9	53395795	53598492	-0.070954	-0.080384	-0.042666	-0.034419
Superscaffold9	53598879	53727571	0.006961	0.009819	0.005297	0.005309
Superscaffold9	53727707	53912745	-0.139491	-0.115718	-0.062624	-0.078160
Superscaffold9	53912762	54158326	0.184887	0.183124	0.099531	0.106891
Superscaffold9	54158439	54591631	0.092527	0.069397	0.041824	0.051530
Superscaffold9	54591638	54782234	0.052396	0.037464	0.023769	0.027916
Superscaffold9	54782753	55008105	-0.011066	-0.009029	-0.005399	-0.002624
Superscaffold9	55008163	55230475	0.043765	0.049151	0.028856	0.026295
Superscaffold9	55230548	55987535	-0.045272	-0.034454	-0.019266	-0.023253
Superscaffold9	55987550	56171070	-0.049947	-0.033432	-0.019996	-0.021076
Superscaffold9	56171074	56469777	0.011716	0.009664	0.005098	0.007763
Superscaffold9	56469893	56847740	0.103989	0.050766	0.036656	0.055697
Superscaffold9	56847751	56985625	-0.298799	-0.229885	-0.093080	-0.178053
Superscaffold10	315775	508243	0.166098	0.113214	0.065769	0.084502
Superscaffold10	508368	781888	0.221567	0.112013	0.058910	0.126788
Superscaffold10	781890	1413131	-0.019574	-0.012486	-0.006295	-0.011803
Superscaffold10	1413165	1597556	-0.282046	-0.402775	-0.133249	-0.179112
Superscaffold10	1597758	1854529	0.237177	0.149709	0.091226	0.137156
Superscaffold10	1854537	2289920	0.197013	0.098829	0.051868	0.133594
Superscaffold10	2290100	2604518	-0.077807	-0.034217	-0.017808	-0.052877
Superscaffold10	2604547	2867344	-0.011343	-0.006062	-0.003206	-0.006555
Superscaffold10	2867528	3182156	-0.082418	-0.042277	-0.022740	-0.048096
Superscaffold10	3182177	3334094	0.272878	0.180862	0.099547	0.189191
Superscaffold10	3334142	3674070	-0.035102	-0.021451	-0.011392	-0.020199
Superscaffold10	3674206	4254259	0.088184	0.057996	0.028881	0.075897
Superscaffold10	4254281	5246445	-0.139880	-0.060106	-0.036238	-0.091378
Superscaffold10	5247037	5860850	0.065801	0.038692	0.020764	0.040555
Superscaffold10	5860902	6174111	-0.091128	-0.045557	-0.027589	-0.060215
Superscaffold10	6174286	6467802	-0.077422	-0.044341	-0.022671	-0.037327
Superscaffold10	6467927	6993178	-0.149592	-0.062451	-0.034912	-0.093464
Superscaffold10	6993200	7396587	-0.077923	-0.038712	-0.022195	-0.043219
Superscaffold10	7396605	7668449	-0.255416	-0.208506	-0.109733	-0.158391
Superscaffold10	7668523	8048666	0.185692	0.131990	0.074992	0.120434
Superscaffold10	8048677	8318558	-0.142536	-0.084818	-0.041592	-0.090542
Superscaffold10	8318575	8755028	-0.144921	-0.075778	-0.040283	-0.092553
Superscaffold10	8755071	9391892	-0.306582	-0.152120	-0.085361	-0.229824
Superscaffold10	9391927	9755318	-0.085051	-0.051055	-0.027235	-0.050572
Superscaffold10	9755405	10063954	-0.188335	-0.112384	-0.055010	-0.083931
Superscaffold10	10063958	10272748	-0.342529	-0.302461	-0.125278	-0.158484
Superscaffold10	10272762	10508214	-0.149503	-0.113486	-0.059210	-0.097080
Superscaffold10	10508259	10980045	0.113250	0.065889	0.035545	0.055233
Superscaffold10	10980263	11397089	0.059809	0.029449	0.015214	0.028116
Superscaffold10	11397110	11706296	-0.093036	-0.049404	-0.023749	-0.054023
Superscaffold10	11706500	11999175	0.161350	0.088644	0.044883	0.117267
Superscaffold10	11999178	12132396	-0.068141	-0.070499	-0.032728	-0.038204
Superscaffold10	12132454	12286354	0.086662	0.075374	0.040262	0.048971
Superscaffold10	12286384	12647819	0.115562	0.085857	0.053238	0.073215
Superscaffold10	12647901	12990235	0.005582	0.002566	0.001506	0.006177
Superscaffold10	12990256	13323201	-0.014064	-0.005838	-0.003275	-0.008901
Superscaffold10	13323262	13719030	-0.060121	-0.020126	-0.011660	-0.035819
Superscaffold10	13719035	14009079	0.051597	0.028107	0.017212	0.032068
Superscaffold10	14009182	14390823	-0.003892	-0.001710	-0.000990	-0.005404
Superscaffold10	14390939	14863616	0.198802	0.063600	0.042117	0.125598
Superscaffold10	14863624	15437417	0.028823	0.010774	0.006543	0.021195
Superscaffold10	15437568	15735084	-0.096780	-0.045378	-0.026776	-0.054714
Superscaffold10	15735192	16174853	-0.229459	-0.086883	-0.048934	-0.167308
Superscaffold10	16177223	16848027	0.162802	0.054028	0.031978	0.111882
Superscaffold10	16848311	17221630	-0.031478	-0.013607	-0.006535	-0.015946
Superscaffold10	17221636	17718655	0.148525	0.065540	0.035947	0.104075
Superscaffold10	17718675	18066133	-0.233522	-0.132764	-0.067758	-0.151034
Superscaffold10	18066513	18399091	-0.074107	-0.026698	-0.016804	-0.045042
Superscaffold10	18399196	18751555	0.060711	0.026549	0.013960	0.038512
Superscaffold10	18751563	19034135	-0.138934	-0.111495	-0.049790	-0.070020
Superscaffold10	19034140	19485949	-0.122506	-0.087584	-0.039898	-0.079252
Superscaffold10	19486018	19792787	0.092147	0.055591	0.029419	0.062078
Superscaffold10	19793303	20137827	0.013081	0.005316	0.003274	0.005534
Superscaffold10	20138778	20506905	-0.205600	-0.072562	-0.040327	-0.121743
Superscaffold10	20507267	20725608	0.030804	0.013408	0.007437	0.018903
Superscaffold10	20725676	21024509	-0.067056	-0.027817	-0.016054	-0.049258
Superscaffold10	21024778	21279830	0.341262	0.271853	0.122312	0.293333
Superscaffold10	21280339	21492175	0.265748	0.180034	0.082523	0.158142
Superscaffold10	21492189	21634088	-0.145019	-0.143520	-0.059115	-0.094341
Superscaffold10	21634102	21859104	0.423736	0.351460	0.209991	0.263421
Superscaffold10	21859189	22035204	-0.048854	-0.041147	-0.020638	-0.024019
Superscaffold10	22035222	22345156	-0.143434	-0.060977	-0.033302	-0.088137
Superscaffold10	22345286	22615694	0.252203	0.131728	0.084268	0.165512
Superscaffold10	22616057	23007749	0.140549	0.037329	0.022508	0.094145
Superscaffold10	23008472	23383783	0.236249	0.080136	0.047586	0.190667
Superscaffold10	23383813	23667496	0.461443	0.190857	0.114505	0.338088
Superscaffold10	23667504	24137758	0.043629	0.019406	0.012235	0.033515
Superscaffold10	24137798	24551483	-0.083675	-0.026114	-0.016694	-0.053530
Superscaffold10	24551511	24910451	0.132851	0.052042	0.030025	0.090893
Superscaffold10	24910530	25195135	0.259955	0.097325	0.060239	0.197791
Superscaffold10	25195167	25503542	-0.476855	-0.332657	-0.157360	-0.329308
Superscaffold10	25503558	25706383	-0.105033	-0.109249	-0.063992	-0.061278
Superscaffold10	25706425	25882228	-0.238230	-0.156203	-0.084463	-0.163403
Superscaffold10	25882294	26074397	-0.252184	-0.126320	-0.069469	-0.157675
Superscaffold10	26074461	26244800	0.657304	0.421275	0.229244	0.514603
Superscaffold10	26244809	26369202	-0.041014	-0.048600	-0.021897	-0.021377
Superscaffold10	26369209	26527175	0.150713	0.070760	0.050282	0.080174
Superscaffold10	26527205	26875411	-0.091481	-0.046444	-0.027693	-0.066887
Superscaffold10	26875502	27300578	0.015245	0.011282	0.005695	0.015291
Superscaffold10	27300788	27516391	0.161606	0.075048	0.040453	0.101365
Superscaffold10	27516393	27707938	0.227859	0.106867	0.057030	0.130349
Superscaffold10	27707988	27943925	0.047696	0.024437	0.013850	0.027515
Superscaffold10	27943966	28349203	-0.354357	-0.201038	-0.099694	-0.156507
Superscaffold10	28349230	28601106	-0.059301	-0.031300	-0.018969	-0.028023
Superscaffold10	28603078	28844440	0.178565	0.108473	0.052668	0.077025
Superscaffold10	28844468	29069267	0.155544	0.120302	0.066461	0.079157
Superscaffold10	29069283	29458862	-0.115034	-0.049433	-0.022407	-0.079356
Superscaffold10	29458865	29681043	-0.160383	-0.084234	-0.047526	-0.117653
Superscaffold10	29681123	29912330	-0.208867	-0.114547	-0.067709	-0.149321
Superscaffold10	29912512	30358974	0.158597	0.082767	0.035119	0.101794
Superscaffold10	30359064	30651344	-0.126019	-0.051637	-0.030117	-0.076398
Superscaffold10	30651345	30944856	-0.283884	-0.104756	-0.064674	-0.213090
Superscaffold10	30945020	31320162	0.184326	0.045057	0.031483	0.147727
Superscaffold10	31320208	31689906	0.079750	0.021690	0.014331	0.067721
Superscaffold10	31689916	31914626	-0.235019	-0.118952	-0.070626	-0.164938
Superscaffold10	31914629	32332165	-0.054219	-0.017955	-0.009387	-0.036880
Superscaffold10	32332212	32888494	-0.070593	-0.032613	-0.019797	-0.035216
Superscaffold10	32888587	33056662	0.266135	0.190322	0.116129	0.160437
Superscaffold10	33056682	33451522	0.282834	0.097525	0.066603	0.218549
Superscaffold10	33451537	33796961	0.668277	0.369556	0.217059	0.618768
Superscaffold10	33796980	34029691	0.865171	0.653914	0.451264	0.790896
Superscaffold10	34029770	34186863	0.829267	0.683176	0.395164	0.748188
Superscaffold10	34186941	34542837	0.874626	0.696270	0.369262	0.819467
Superscaffold10	34542843	35094402	-0.363272	-0.141452	-0.083065	-0.331271
Superscaffold10	35094573	35558089	-0.236104	-0.086942	-0.049069	-0.215230
Superscaffold10	35560307	35945677	0.102187	0.030392	0.017102	0.070912
Superscaffold10	35948661	36355463	-0.400964	-0.114112	-0.070085	-0.285744
Superscaffold10	36355522	36756703	-0.140837	-0.046520	-0.028650	-0.088058
Superscaffold10	36756862	37116877	0.015899	0.005579	0.003546	0.009057
Superscaffold10	37116914	37483510	0.002834	0.001366	0.000714	0.003067
Superscaffold10	37483794	37730731	-0.084651	-0.037637	-0.020955	-0.054025
Superscaffold10	37731127	37972902	-0.024835	-0.015061	-0.008583	-0.016628
Superscaffold10	37973030	38146951	0.017554	0.013030	0.007851	0.012356
Superscaffold10	38147218	38323554	-0.270624	-0.211941	-0.107804	-0.181044
Superscaffold10	38323581	38426257	0.183682	0.152280	0.093156	0.125947
Superscaffold10	38426289	38609444	0.031742	0.023480	0.013347	0.020857
Superscaffold10	38609461	39070554	0.018794	0.010218	0.005686	0.010448
Superscaffold10	39070636	39582227	-0.210357	-0.178251	-0.097336	-0.129130
Superscaffold10	39582231	40423082	0.087122	0.029299	0.018047	0.055248
Superscaffold10	40423095	40666438	0.354582	0.178797	0.097551	0.216831
Superscaffold10	40666464	40830575	0.243273	0.200795	0.111483	0.143474
Superscaffold10	40830586	41101031	0.023931	0.013422	0.007669	0.010869
Superscaffold10	41101046	41489438	0.104104	0.026918	0.015751	0.074574
Superscaffold10	41489832	41839585	0.017230	0.007643	0.004419	0.005916
Superscaffold10	41839660	42264352	0.024116	0.014606	0.007357	0.012142
Superscaffold10	42264357	42464995	0.186897	0.107376	0.064641	0.122355
Superscaffold10	42465127	42690748	-0.059562	-0.040967	-0.019152	-0.028651
Superscaffold10	42690843	43148564	-0.225685	-0.159536	-0.071728	-0.114082
Superscaffold10	43148696	43503551	-0.084339	-0.038473	-0.019735	-0.051752
Superscaffold10	43503688	43828423	-0.013207	-0.005860	-0.003420	-0.005617
Superscaffold10	43828654	44375622	0.255473	0.115177	0.077452	0.140210
Superscaffold10	44375652	44916802	0.250159	0.120435	0.072604	0.176792
Superscaffold10	44916845	45199923	0.136785	0.062402	0.043485	0.059622
Superscaffold10	45200605	45466051	0.026320	0.017669	0.009809	0.018714
Superscaffold10	45466055	45751110	0.062084	0.041968	0.025407	0.041475
Superscaffold10	45751112	45913762	0.028419	0.028999	0.015634	0.012954
Superscaffold10	45913808	46122221	-0.148199	-0.137011	-0.074152	-0.083828
Superscaffold10	46122268	46438673	-0.302970	-0.177406	-0.114853	-0.176195
Superscaffold10	46438674	47408870	-0.170286	-0.103199	-0.062987	-0.097403
Superscaffold10	47408886	47581116	-0.012095	-0.012296	-0.007203	-0.009213
Superscaffold10	47581172	47761368	-0.072238	-0.076475	-0.039733	-0.045693
Superscaffold10	47761419	47904923	0.063576	0.067877	0.038138	0.031763
Superscaffold10	47904977	48122613	-0.092529	-0.137276	-0.052533	-0.042438
Superscaffold10	48122647	48320901	0.125021	0.098668	0.049480	0.053075
Superscaffold10	48320977	48543142	0.002665	0.002852	0.001412	0.001241
Superscaffold10	48543143	48681393	-0.217524	-0.246295	-0.105013	-0.119995
Superscaffold10	48681401	49012091	-0.065023	-0.061711	-0.033486	-0.040559
Superscaffold10	49012429	49185896	-0.162902	-0.149843	-0.063334	-0.097829
Superscaffold10	49185974	49412394	-0.151864	-0.131064	-0.072079	-0.093054
Superscaffold10	49412417	49855229	-0.073046	-0.061059	-0.034866	-0.030620
Superscaffold10	49855248	49992737	-0.131582	-0.108363	-0.064124	-0.063480
Superscaffold10	49992758	50176822	0.167916	0.083687	0.057296	0.094838
Superscaffold10	50176935	50723177	-0.152169	-0.075494	-0.046150	-0.088337
Superscaffold10	50723179	50993208	-0.117092	-0.083809	-0.050637	-0.067242
Superscaffold10	50993234	51191747	-0.097953	-0.070395	-0.038383	-0.060646
Superscaffold10	51191810	51481630	-0.085963	-0.101400	-0.056227	-0.050344
Superscaffold10	51481641	51845387	0.106746	0.094942	0.057009	0.060276
Superscaffold10	51845398	51978989	0.050598	0.054658	0.032185	0.021664
Superscaffold10	51979012	52118070	-0.033521	-0.041273	-0.021306	-0.018004
Superscaffold10	52118073	52261888	-0.049251	-0.090207	-0.041665	-0.027029
Superscaffold10	52261894	52427146	-0.026590	-0.049935	-0.016951	-0.015096
Superscaffold10	52427171	52592082	0.159894	0.147075	0.078391	0.079840
Superscaffold10	52593485	52748351	0.060521	0.044216	0.025862	0.027888
Superscaffold10	52748413	52976575	-0.019141	-0.023386	-0.012756	-0.011702
Superscaffold10	52976586	53151224	-0.189647	-0.237936	-0.114256	-0.115609
Superscaffold10	53151502	53323285	0.005351	0.005188	0.003166	-0.001058
Superscaffold10	53323368	53507337	0.101710	0.111170	0.063069	0.057583
Superscaffold10	53507343	53646932	0.052790	0.047375	0.027224	0.022071
Superscaffold10	53646943	53806393	-0.131835	-0.115210	-0.065903	-0.058869
Superscaffold10	53806447	54288601	-0.043954	-0.035962	-0.020598	-0.019890
Superscaffold10	54288685	54589231	-0.092101	-0.082606	-0.037498	-0.052373
Superscaffold10	54589277	54928180	0.015393	0.013945	0.008156	0.009889
Superscaffold10	54928222	55071507	-0.018762	-0.022786	-0.011118	-0.009358
Superscaffold10	55071524	55294491	-0.150346	-0.158077	-0.080382	-0.079334
Superscaffold10	55294506	55415654	0.071248	0.095923	0.055155	0.038733
Superscaffold11	73494	293893	0.028185	0.017203	0.011577	0.013844
Superscaffold11	293896	578346	-0.257682	-0.100062	-0.066159	-0.144818
Superscaffold11	578411	847306	-0.082623	-0.038346	-0.024355	-0.043636
Superscaffold11	847403	1234019	0.007040	0.003199	0.002165	0.001000
Superscaffold11	1234024	1525800	-0.049319	-0.033996	-0.017364	-0.024214
Superscaffold11	1525818	1977072	0.237886	0.136180	0.086519	0.121031
Superscaffold11	1977137	2904994	-0.067132	-0.028811	-0.017931	-0.041464
Superscaffold11	2904995	3403273	-0.039601	-0.023729	-0.012736	-0.026168
Superscaffold11	3403284	4623436	-0.029807	-0.018788	-0.011091	-0.018234
Superscaffold11	4623575	4935789	-0.021744	-0.018847	-0.010878	-0.012548
Superscaffold11	4935943	5289439	-0.105704	-0.073017	-0.039309	-0.058308
Superscaffold11	5289587	5603793	-0.043692	-0.017935	-0.011970	-0.027454
Superscaffold11	5603805	6292644	-0.004337	-0.003170	-0.001911	-0.001174
Superscaffold11	6292656	6847757	-0.056163	-0.041714	-0.020393	-0.028398
Superscaffold11	6847761	7156170	-0.002294	-0.001941	-0.001016	0.002637
Superscaffold11	7156228	7531867	0.090261	0.059463	0.036422	0.063793
Superscaffold11	7531891	7812379	0.083667	0.057187	0.036831	0.045119
Superscaffold11	7812491	8077413	-0.055056	-0.050881	-0.029201	-0.032198
Superscaffold11	8077529	8711095	-0.020245	-0.013335	-0.008050	-0.011989
Superscaffold11	8711122	9031234	-0.059932	-0.039978	-0.026397	-0.036287
Superscaffold11	9031240	9308284	-0.238991	-0.154145	-0.087968	-0.155425
Superscaffold11	9308286	9560735	-0.030918	-0.016782	-0.008742	-0.022156
Superscaffold11	9560747	9841157	-0.144763	-0.102957	-0.055659	-0.080113
Superscaffold11	9841296	10050960	-0.166872	-0.157454	-0.077401	-0.101640
Superscaffold11	10051009	10195775	0.121845	0.105326	0.072787	0.087882
Superscaffold11	10195790	10323158	-0.258398	-0.261456	-0.146097	-0.174914
Superscaffold11	10323990	10809324	-0.382696	-0.277983	-0.166262	-0.276283
Superscaffold11	10809333	11043576	-0.079248	-0.056172	-0.028943	-0.073039
Superscaffold11	11043623	11317225	-0.394434	-0.268393	-0.142518	-0.248200
Superscaffold11	11317306	11520723	0.088402	0.062478	0.035535	0.048824
Superscaffold11	11520754	11878870	0.110855	0.066144	0.044732	0.067635
Superscaffold11	11878963	12459209	0.183911	0.061623	0.038333	0.127852
Superscaffold11	12459478	12920573	-0.026050	-0.010170	-0.006114	-0.011973
Superscaffold11	12920653	13206110	-0.116087	-0.050720	-0.025597	-0.073581
Superscaffold11	13206277	13408788	0.029242	0.014701	0.008803	0.014085
Superscaffold11	13408848	13662600	-0.104420	-0.042487	-0.026697	-0.055488
Superscaffold11	13662604	13957809	-0.303179	-0.137302	-0.084538	-0.181703
Superscaffold11	13958032	14482238	-0.040763	-0.028702	-0.015424	-0.021204
Superscaffold11	14482249	14575960	-0.017112	-0.024450	-0.012606	-0.013605
Superscaffold11	14575987	14748974	-0.002874	-0.003003	-0.001654	-0.002445
Superscaffold11	14748986	14932130	0.048918	0.055846	0.032580	0.025663
Superscaffold11	14932133	15194365	0.113684	0.100867	0.057588	0.064351
Superscaffold11	15194373	15595385	-0.008442	-0.007444	-0.003528	-0.003205
Superscaffold11	15595429	16220681	-0.059135	-0.020217	-0.012078	-0.032704
Superscaffold11	16220687	16583243	0.079293	0.058200	0.024918	0.038679
Superscaffold11	16583267	16897019	0.069579	0.039624	0.021829	0.051432
Superscaffold11	16897070	17099929	0.251877	0.156238	0.087137	0.161606
Superscaffold11	17099933	17408974	0.843333	0.455124	0.401703	0.742269
Superscaffold11	17408990	17763645	-0.094603	-0.068850	-0.035922	-0.059244
Superscaffold11	17763729	18236605	0.065749	0.064703	0.037150	0.036950
Superscaffold11	18236674	18554239	-0.028116	-0.018578	-0.011286	-0.024887
Superscaffold11	18555601	18887982	0.063389	0.047048	0.030078	0.028619
Superscaffold11	18888059	19291475	0.293247	0.184240	0.128969	0.189784
Superscaffold11	19292763	19649181	0.030916	0.019159	0.010821	0.015462
Superscaffold11	19649197	19823930	-0.080532	-0.066280	-0.032839	-0.037858
Superscaffold11	19823934	20392926	-0.006692	-0.005318	-0.002572	0.001663
Superscaffold11	20393037	20748111	-0.182530	-0.122586	-0.065722	-0.096428
Superscaffold11	20748117	20887522	-0.101427	-0.084986	-0.037617	-0.052690
Superscaffold11	20887704	21040540	0.009077	0.007337	0.004104	0.002463
Superscaffold11	21040628	21330092	-0.051321	-0.026182	-0.015048	-0.026435
Superscaffold11	21330228	21659530	-0.094381	-0.053871	-0.033903	-0.064686
Superscaffold11	21659698	21946113	-0.119541	-0.053709	-0.032238	-0.079224
Superscaffold11	21946307	22197841	-0.050085	-0.023433	-0.013897	-0.028329
Superscaffold11	22197847	22478802	-0.008988	-0.005011	-0.003202	-0.003547
Superscaffold11	22478804	22698705	0.066320	0.029528	0.019414	0.052747
Superscaffold11	22698722	22898601	-0.078126	-0.046256	-0.027677	-0.046452
Superscaffold11	22901310	23307008	0.044662	0.017254	0.010780	0.025521
Superscaffold11	23307063	23702224	-0.033191	-0.014410	-0.007958	-0.018503
Superscaffold11	23702444	23939825	-0.092212	-0.077969	-0.029846	-0.046029
Superscaffold11	23939831	24195412	0.316796	0.146616	0.097642	0.209476
Superscaffold11	24195537	24578282	0.109611	0.034467	0.024979	0.059502
Superscaffold11	24578348	24824134	0.084766	0.047326	0.024050	0.053664
Superscaffold11	24824224	25133303	-0.050830	-0.026312	-0.013601	-0.026010
Superscaffold11	25133400	25491549	0.049663	0.023369	0.013961	0.030892
Superscaffold11	25491561	25717351	-0.004049	-0.002486	-0.001437	-0.003370
Superscaffold11	25717355	26046621	0.346970	0.157219	0.104797	0.234865
Superscaffold11	26046680	26411036	-0.053957	-0.029193	-0.015804	-0.030071
Superscaffold11	26411851	26847272	0.053555	0.016473	0.009901	0.036770
Superscaffold11	26847273	27479919	0.421117	0.117935	0.079561	0.297657
Superscaffold11	27480060	27814469	0.083167	0.033744	0.020570	0.043060
Superscaffold11	27814520	28062969	0.008262	0.004458	0.002459	0.006984
Superscaffold11	28063017	28332597	0.101453	0.048078	0.020985	0.066524
Superscaffold11	28332796	28655453	0.005459	0.002607	0.001543	0.009136
Superscaffold11	28655456	28919448	-0.050831	-0.037087	-0.022511	-0.026278
Superscaffold11	28919982	29079938	0.098538	0.083306	0.043729	0.052629
Superscaffold11	29079942	29288585	-0.228574	-0.207394	-0.096356	-0.150038
Superscaffold11	29288701	29956928	-0.207761	-0.177425	-0.087224	-0.125242
Superscaffold11	29956936	30403918	-0.161975	-0.076898	-0.049675	-0.108942
Superscaffold11	30403955	30693377	0.231638	0.091676	0.054961	0.164268
Superscaffold11	30693464	31185993	-0.123161	-0.038523	-0.024020	-0.080460
Superscaffold11	31186012	31548947	0.046027	0.020865	0.013500	0.022516
Superscaffold11	31549011	31761006	0.021464	0.011163	0.006574	0.011725
Superscaffold11	31761099	32181246	0.265525	0.111317	0.064049	0.171572
Superscaffold11	32181332	32566325	0.111278	0.041542	0.023063	0.088314
Superscaffold11	32566373	33207339	0.121985	0.032223	0.019475	0.084125
Superscaffold11	33207363	33766388	-0.330970	-0.084917	-0.049832	-0.264192
Superscaffold11	33766410	34118618	-0.417856	-0.277064	-0.132931	-0.319512
Superscaffold11	34119048	34592891	-0.200464	-0.087898	-0.045089	-0.135977
Superscaffold11	34592903	35213829	-0.288377	-0.086816	-0.050985	-0.212400
Superscaffold11	35213958	35381359	-0.473212	-0.401146	-0.182199	-0.359375
Superscaffold11	35381394	35558950	-0.155618	-0.081113	-0.045572	-0.082944
Superscaffold11	35559034	35869116	0.047479	0.027133	0.014598	0.021623
Superscaffold11	35869230	36207012	0.174862	0.065475	0.042368	0.112458
Superscaffold11	36207109	36472963	0.208943	0.136258	0.077762	0.130769
Superscaffold11	36472966	36796112	0.023288	0.009289	0.005389	0.015427
Superscaffold11	36796116	37234958	-0.059150	-0.030452	-0.018465	-0.031858
Superscaffold11	37235439	37502718	-0.212393	-0.139345	-0.077576	-0.141475
Superscaffold11	37502801	37796015	-0.018838	-0.013585	-0.008202	-0.008302
Superscaffold11	37796027	38830155	-0.104411	-0.040085	-0.024367	-0.067740
Superscaffold11	38830284	39116821	-0.114164	-0.057208	-0.035488	-0.077802
Superscaffold11	39116844	39663584	-0.035892	-0.019925	-0.011483	-0.019209
Superscaffold11	39663596	40000578	0.052197	0.047957	0.027489	0.031373
Superscaffold11	40000580	40253163	0.331498	0.143359	0.088667	0.191354
Superscaffold11	40253197	40610272	0.400828	0.213944	0.115944	0.253639
Superscaffold11	40610289	41260335	0.177982	0.050375	0.027147	0.125161
Superscaffold11	41260385	41571688	0.013038	0.008233	0.004543	0.003994
Superscaffold11	41571694	41785255	0.009856	0.005772	0.002970	0.006192
Superscaffold11	41785260	41951119	0.083195	0.068440	0.036456	0.066740
Superscaffold11	41951147	42164737	-0.041329	-0.022958	-0.014430	-0.022369
Superscaffold11	42164760	42438761	-0.044116	-0.029760	-0.016960	-0.024445
Superscaffold11	42438769	42779101	-0.192760	-0.103227	-0.057224	-0.128093
Superscaffold11	42779139	43011038	-0.044918	-0.041551	-0.017270	-0.021116
Superscaffold11	43011053	43493435	0.070012	0.040909	0.024426	0.041013
Superscaffold11	43493607	44031864	0.043187	0.031809	0.017984	0.028292
Superscaffold11	44036057	44275597	-0.041919	-0.034864	-0.018673	-0.027029
Superscaffold11	44275660	44581041	0.029652	0.025397	0.013552	0.010924
Superscaffold11	44581047	44797743	0.196979	0.118713	0.067414	0.114872
Superscaffold11	44797871	45063026	-0.075929	-0.061904	-0.031157	-0.051612
Superscaffold11	45063029	45321202	-0.045080	-0.022059	-0.014034	-0.025183
Superscaffold11	45321701	45615310	0.271920	0.199368	0.107833	0.150016
Superscaffold11	45615327	46279361	0.065239	0.034263	0.017585	0.039600
Superscaffold11	46279488	46650512	-0.154632	-0.083649	-0.043297	-0.099398
Superscaffold11	46650567	47205051	0.044247	0.021880	0.012876	0.028122
Superscaffold11	47205113	47531730	0.030251	0.015343	0.008660	0.019441
Superscaffold11	47531731	47859657	-0.168667	-0.087420	-0.045895	-0.107861
Superscaffold11	47859756	48202040	0.167424	0.070487	0.042965	0.111866
Superscaffold11	48202056	48459558	-0.307635	-0.254237	-0.136668	-0.195192
Superscaffold11	48459586	48891707	0.137031	0.061597	0.034950	0.083857
Superscaffold11	48891835	49456205	0.233811	0.161871	0.081372	0.140119
Superscaffold11	49456258	50260063	0.014548	0.008280	0.004855	0.008897
Superscaffold11	50260103	50979082	0.015562	0.010746	0.005387	0.012123
Superscaffold11	50979171	51296806	0.002630	0.001776	0.000972	0.002249
Superscaffold11	51296826	51619901	0.048418	0.031301	0.018004	0.029765
Superscaffold11	51619902	51871261	-0.210771	-0.147206	-0.069664	-0.128538
Superscaffold11	51871272	52239633	-0.137130	-0.062536	-0.035398	-0.076940
Superscaffold11	52240186	52527516	0.000494	0.000318	0.000171	0.002144
Superscaffold11	52527608	52843626	0.050825	0.024082	0.014512	0.030626
Superscaffold11	52843627	53166397	0.162357	0.111794	0.067990	0.087002
Superscaffold11	53166436	53800850	0.055085	0.025204	0.016093	0.040308
Superscaffold11	53801131	54022503	0.030938	0.025099	0.014210	0.017002
Superscaffold11	54022510	54160738	0.094882	0.119072	0.064539	0.049128
Superscaffold11	54160782	54596283	0.099299	0.088255	0.046220	0.060543
Superscaffold11	54596294	54849902	0.235010	0.169653	0.105588	0.159782
Superscaffold11	54849983	55226620	-0.054859	-0.025857	-0.015282	-0.033954
Superscaffold11	55226662	55772888	0.495527	0.169352	0.111436	0.409832
Superscaffold11	55772968	56024574	0.105888	0.040803	0.024022	0.062821
Superscaffold11	56024688	56416648	-0.084149	-0.036015	-0.019507	-0.064312
Superscaffold11	56416649	56771216	0.127477	0.061407	0.033628	0.068676
Superscaffold11	56771227	57142567	-0.133761	-0.071626	-0.040833	-0.078858
Superscaffold11	57142604	57425622	-0.098833	-0.042387	-0.024488	-0.074652
Superscaffold11	57425642	57707822	-0.178273	-0.133329	-0.065555	-0.117392
Superscaffold11	57708000	57980967	-0.072972	-0.077587	-0.033375	-0.040306
Superscaffold11	57981090	58346152	0.024582	0.018212	0.007684	0.014879
Superscaffold11	58346186	58616479	0.021974	0.013535	0.006704	0.011099
Superscaffold11	58616590	58855115	0.083590	0.047916	0.025121	0.040995
Superscaffold11	58855159	59044490	0.335366	0.312964	0.163094	0.202847
Superscaffold12	225095	520235	0.111203	0.043125	0.026899	0.044938
Superscaffold12	521757	814222	0.069488	0.030865	0.015398	0.042004
Superscaffold12	814223	1539146	0.042967	0.025276	0.013158	0.022621
Superscaffold12	1539153	1899612	-0.038673	-0.026400	-0.013674	-0.018552
Superscaffold12	1899660	2160978	0.121497	0.052615	0.028231	0.078166
Superscaffold12	2160986	2422203	-0.310448	-0.159433	-0.090115	-0.234558
Superscaffold12	2422303	2706349	-0.026679	-0.012181	-0.006477	-0.015822
Superscaffold12	2706450	3043619	0.229277	0.082510	0.044617	0.169126
Superscaffold12	3043781	3342635	0.112118	0.063301	0.032601	0.077890
Superscaffold12	3342697	3638360	0.261813	0.121352	0.067153	0.186252
Superscaffold12	3638431	4004684	-0.039969	-0.016745	-0.009124	-0.022463
Superscaffold12	4004826	4375045	-0.180489	-0.061185	-0.030978	-0.109777
Superscaffold12	4376397	4852845	-0.212129	-0.066069	-0.039469	-0.167508
Superscaffold12	4853053	5314472	-0.047859	-0.019003	-0.010477	-0.032655
Superscaffold12	5315050	5565776	0.126880	0.071783	0.040048	0.075047
Superscaffold12	5565777	5770742	-0.078500	-0.085316	-0.047071	-0.047309
Superscaffold12	5770747	5984406	-0.126181	-0.140399	-0.067932	-0.066996
Superscaffold12	5984444	6318918	-0.060104	-0.047052	-0.024260	-0.029028
Superscaffold12	6319071	6598846	0.043903	0.027146	0.015991	0.024117
Superscaffold12	6598850	6871380	0.092934	0.080831	0.046767	0.047473
Superscaffold12	6871398	7047080	0.027785	0.039980	0.021220	0.013585
Superscaffold12	7047094	7232156	0.281968	0.280614	0.150950	0.151759
Superscaffold12	7232206	7441798	-0.127897	-0.087801	-0.040753	-0.083478
Superscaffold12	7441800	7671584	0.029457	0.016137	0.008650	0.018620
Superscaffold12	7671674	8048270	0.180687	0.083203	0.043806	0.118195
Superscaffold12	8048309	8269154	0.101422	0.051563	0.027308	0.056434
Superscaffold12	8269267	8393331	-0.171547	-0.161127	-0.085395	-0.097318
Superscaffold12	8393385	8877597	-0.264855	-0.177135	-0.075449	-0.164092
Superscaffold12	8877662	9101418	0.203577	0.112379	0.055303	0.105802
Superscaffold12	9101436	9315943	0.207015	0.070778	0.040997	0.112423
Superscaffold12	9316124	9548140	-0.106897	-0.052035	-0.025812	-0.047391
Superscaffold12	9548181	9828062	0.117247	0.061273	0.028311	0.067427
Superscaffold12	9828152	10075624	0.109330	0.044378	0.024226	0.058511
Superscaffold12	10075975	10365854	0.157064	0.070818	0.037761	0.103772
Superscaffold12	10365893	10844563	0.138074	0.034290	0.019224	0.104118
Superscaffold12	10845029	11344987	-0.014708	-0.004429	-0.002398	-0.010037
Superscaffold12	11345025	11815092	-0.028740	-0.009603	-0.005697	-0.021742
Superscaffold12	11815161	13076197	0.063208	0.024740	0.014087	0.043166
Superscaffold12	13076198	13772104	0.192711	0.058019	0.029550	0.142341
Superscaffold12	13776986	14151595	0.323005	0.150262	0.074740	0.226618
Superscaffold12	14151600	14602590	-0.014494	-0.004534	-0.002499	-0.004582
Superscaffold12	14602606	15112568	-0.134019	-0.034412	-0.021376	-0.088709
Superscaffold12	15112608	15578381	-0.191964	-0.064607	-0.033558	-0.147145
Superscaffold12	15578477	15993759	-0.176656	-0.055273	-0.027545	-0.146847
Superscaffold12	15994546	16703603	-0.081876	-0.016655	-0.009906	-0.067235
Superscaffold12	16703701	17594190	0.077534	0.010036	0.006387	0.068937
Superscaffold12	17594291	18245137	-0.023917	-0.004889	-0.003007	-0.020289
Superscaffold12	18245378	19238415	-0.133254	-0.026034	-0.015436	-0.098887
Superscaffold12	19238768	19798492	-0.185751	-0.036570	-0.023574	-0.151164
Superscaffold12	19801241	20316441	0.287248	0.058896	0.038104	0.256237
Superscaffold12	20316449	20725075	-0.106340	-0.038211	-0.021916	-0.087122
Superscaffold12	20725136	21189546	0.123883	0.039518	0.021828	0.086107
Superscaffold12	21189564	21811534	-0.051074	-0.015579	-0.010151	-0.035228
Superscaffold12	21811535	22080513	-0.052891	-0.040457	-0.019909	-0.021077
Superscaffold12	22080521	22462630	-0.297307	-0.230251	-0.109172	-0.192353
Superscaffold12	22463075	22893094	-0.093463	-0.059001	-0.026301	-0.046849
Superscaffold12	22893096	23434391	0.079530	0.029168	0.017001	0.049709
Superscaffold12	23434439	23647364	-0.058954	-0.034299	-0.016532	-0.036243
Superscaffold12	23647683	23906413	0.061491	0.026930	0.013119	0.045059
Superscaffold12	23906528	24392490	0.237621	0.086242	0.048955	0.161770
Superscaffold12	24392499	24722658	0.385645	0.161623	0.087788	0.262891
Superscaffold12	24724363	25016935	0.322774	0.152689	0.090036	0.241685
Superscaffold12	25016938	25506337	0.055821	0.014044	0.009089	0.037386
Superscaffold12	25506860	25927787	-0.152777	-0.054827	-0.029884	-0.091530
Superscaffold12	25928094	26351302	0.003836	0.001237	0.000797	0.010176
Superscaffold12	26351326	27300560	0.039799	0.017399	0.009493	0.024943
Superscaffold12	27300833	27690265	-0.096366	-0.034498	-0.021518	-0.056662
Superscaffold12	27690679	28177001	0.033732	0.010061	0.006221	0.019906
Superscaffold12	28177205	28530947	0.012247	0.005971	0.003052	0.010541
Superscaffold12	28531483	28934277	-0.036152	-0.014074	-0.008417	-0.017831
Superscaffold12	28934717	29317409	0.049252	0.016489	0.010173	0.030318
Superscaffold12	29317485	29675221	-0.092025	-0.037974	-0.021271	-0.060670
Superscaffold12	29675333	30031722	0.196636	0.086246	0.041974	0.144057
Superscaffold12	30031761	30320283	0.053603	0.021980	0.011663	0.042779
Superscaffold12	30320289	30582891	-0.071492	-0.040024	-0.020243	-0.044273
Superscaffold12	30582898	30970577	-0.088750	-0.032702	-0.017419	-0.060431
Superscaffold12	30971011	31765973	-0.013068	-0.005972	-0.002901	-0.004744
Superscaffold12	31766208	32138997	0.249857	0.203737	0.108525	0.136018
Superscaffold12	32139080	32271260	0.044365	0.049537	0.025045	0.022085
Superscaffold12	32271301	32465692	-0.194594	-0.128412	-0.066989	-0.115866
Superscaffold12	32465723	32765549	0.049221	0.032609	0.015647	0.035443
Superscaffold12	32765629	33209346	0.150516	0.047497	0.029158	0.092383
Superscaffold12	33209352	33651472	-0.124954	-0.044331	-0.025496	-0.088140
