chr	windowStart	windowEnd	D	f_d	f_dM	d_f
Superscaffold1	618469	919840	-0.312562	-0.186517	-0.111699	-0.180583
Superscaffold1	919965	1389695	-0.018421	-0.007987	-0.005184	-0.013175
Superscaffold1	1389804	1833198	0.162188	0.061059	0.040445	0.110655
Superscaffold1	1833215	2195901	0.110188	0.040178	0.021060	0.075522
Superscaffold1	2195904	2452259	0.040471	0.023631	0.014914	0.025928
Superscaffold1	2452309	2760898	0.024373	0.013375	0.008570	0.016816
Superscaffold1	2760909	2999428	-0.066335	-0.043237	-0.023107	-0.041523
Superscaffold1	3000093	3448338	0.069137	0.023355	0.015537	0.039754
Superscaffold1	3448541	3879238	0.092767	0.035405	0.020720	0.053226
Superscaffold1	3879403	4348352	0.141315	0.065188	0.040579	0.104538
Superscaffold1	4348406	4738434	0.188148	0.110407	0.062732	0.123282
Superscaffold1	4738483	5177126	0.263096	0.113471	0.072397	0.172731
Superscaffold1	5177130	5616061	0.127113	0.046882	0.029610	0.086414
Superscaffold1	5616126	5935621	0.110620	0.058539	0.036891	0.066389
Superscaffold1	5936171	6351092	0.218788	0.088493	0.057728	0.141005
Superscaffold1	6351627	6755319	0.137017	0.065450	0.042506	0.096674
Superscaffold1	6756335	7228684	0.290722	0.117565	0.071205	0.211722
Superscaffold1	7229034	7554284	0.029867	0.014675	0.008574	0.018140
Superscaffold1	7554297	8023901	0.098953	0.046822	0.026251	0.063800
Superscaffold1	8024571	8843134	0.059646	0.024513	0.015001	0.032242
Superscaffold1	8843152	10167320	0.033661	0.012050	0.008024	0.029092
Superscaffold1	10167755	10780287	-0.068304	-0.027678	-0.018127	-0.048261
Superscaffold1	10780314	11135980	0.057519	0.028181	0.015657	0.037592
Superscaffold1	11136007	11531993	0.023034	0.008343	0.005451	0.019869
Superscaffold1	11531998	11929673	-0.049373	-0.019342	-0.011487	-0.032055
Superscaffold1	11930247	12364754	0.119101	0.046886	0.029964	0.077901
Superscaffold1	12364773	12760542	0.148044	0.073813	0.042134	0.095937
Superscaffold1	12760629	13035979	0.097751	0.054770	0.027684	0.069771
Superscaffold1	13035989	13530610	0.563493	0.248470	0.131083	0.368005
Superscaffold1	13530683	13969308	0.256687	0.120666	0.056606	0.117632
Superscaffold1	13969330	14604926	-0.064636	-0.021758	-0.013070	-0.045334
Superscaffold1	14605529	14906250	0.136111	0.061166	0.036539	0.085700
Superscaffold1	14906253	15184849	0.341065	0.148268	0.097515	0.216168
Superscaffold1	15184879	15475420	0.406260	0.218124	0.130479	0.278429
Superscaffold1	15475452	15777777	0.074959	0.035995	0.020214	0.050863
Superscaffold1	15777796	16100950	0.074914	0.032515	0.019079	0.051645
Superscaffold1	16100956	16456755	0.151618	0.052995	0.033097	0.110025
Superscaffold1	16456785	16829887	0.117228	0.058387	0.036631	0.081162
Superscaffold1	16830025	17200796	-0.124072	-0.062955	-0.033897	-0.075110
Superscaffold1	17201336	17845200	0.070215	0.024037	0.014735	0.053727
Superscaffold1	17845228	18455429	-0.028904	-0.012194	-0.006837	-0.021508
Superscaffold1	18455449	18982747	-0.073861	-0.026302	-0.016567	-0.049266
Superscaffold1	18982748	19271573	-0.036287	-0.016418	-0.011237	-0.030442
Superscaffold1	19271618	19795493	0.293711	0.104818	0.074646	0.217802
Superscaffold1	19795533	20222006	0.154702	0.049597	0.033823	0.116288
Superscaffold1	20222112	21011887	0.264165	0.083277	0.050999	0.190376
Superscaffold1	21011928	21318377	0.333865	0.139433	0.090078	0.262200
Superscaffold1	21318379	21764046	0.021183	0.008004	0.004566	0.018771
Superscaffold1	21764054	22205956	0.254512	0.092407	0.060691	0.194554
Superscaffold1	22205957	22740096	-0.513936	-0.213741	-0.131647	-0.426669
Superscaffold1	22740218	23147255	-0.253211	-0.109590	-0.061239	-0.210296
Superscaffold1	23147420	23697150	0.142538	0.038026	0.022902	0.119167
Superscaffold1	23697477	24191730	-0.052134	-0.014842	-0.009550	-0.032838
Superscaffold1	24191734	24667426	0.281814	0.084086	0.056649	0.218282
Superscaffold1	24667507	25081337	0.127325	0.047796	0.028426	0.098678
Superscaffold1	25081847	25532710	-0.234872	-0.080766	-0.049012	-0.170963
Superscaffold1	25532876	25912338	0.040292	0.015396	0.010534	0.026151
Superscaffold1	25912805	26371102	-0.170986	-0.049691	-0.032577	-0.115520
Superscaffold1	26371202	26844581	-0.165260	-0.067002	-0.039441	-0.106428
Superscaffold1	26844706	27271656	0.117411	0.028433	0.017574	0.093831
Superscaffold1	27272007	27588245	0.212454	0.094317	0.056121	0.134154
Superscaffold1	27588254	27928268	-0.242744	-0.095226	-0.057550	-0.161843
Superscaffold1	27928375	28217413	0.147971	0.064319	0.037895	0.096635
Superscaffold1	28217462	28723048	0.131872	0.044920	0.032253	0.094226
Superscaffold1	28723300	29295412	-0.006530	-0.001664	-0.001075	-0.000450
Superscaffold1	29295421	29670333	-0.000116	-0.000039	-0.000025	-0.002719
Superscaffold1	29670407	30177296	-0.086393	-0.026513	-0.014734	-0.056219
Superscaffold1	30177452	30759097	0.016196	0.007986	0.004442	0.009656
Superscaffold1	30759119	31186061	-0.079638	-0.021382	-0.014748	-0.060619
Superscaffold1	31186483	31822692	0.121112	0.032045	0.020628	0.090944
Superscaffold1	31823044	32625039	0.328072	0.121192	0.072861	0.254873
Superscaffold1	32625114	33157797	0.115782	0.031280	0.019666	0.084136
Superscaffold1	33158127	33533396	0.092078	0.037320	0.025096	0.059727
Superscaffold1	33533402	33822986	-0.149094	-0.082118	-0.051555	-0.090218
Superscaffold1	33823113	34149073	0.194910	0.064636	0.043176	0.137881
Superscaffold1	34149346	34420206	0.006830	0.002575	0.001609	0.006858
Superscaffold1	34420209	34870964	-0.369268	-0.124596	-0.078152	-0.284533
Superscaffold1	34871005	35382206	0.158727	0.048299	0.033094	0.109455
Superscaffold1	35382211	36370600	0.157967	0.053408	0.035092	0.102454
Superscaffold1	36370727	37048368	0.025780	0.009673	0.006196	0.020223
Superscaffold1	37048426	37500821	0.110849	0.034159	0.023360	0.086151
Superscaffold1	37500847	38068958	0.187394	0.063169	0.040579	0.131495
Superscaffold1	38070599	38489468	-0.288337	-0.111169	-0.071103	-0.233637
Superscaffold1	38489547	38898811	0.053806	0.014264	0.010316	0.039758
Superscaffold1	38898845	39225418	0.018838	0.005454	0.003578	0.023757
Superscaffold1	39225555	39707818	0.591051	0.226360	0.139557	0.472158
Superscaffold1	39709096	40057450	0.576169	0.255488	0.167071	0.520464
Superscaffold1	40057538	40562036	0.117356	0.025868	0.017734	0.086600
Superscaffold1	40562095	41177015	0.006541	0.001480	0.000983	0.007593
Superscaffold1	41177042	41651860	0.006190	0.002055	0.001295	0.008362
Superscaffold1	41652032	42065384	-0.029531	-0.008846	-0.005421	-0.027772
Superscaffold1	42065400	42631144	-0.150028	-0.043424	-0.027031	-0.101202
Superscaffold1	42631148	42966007	-0.018812	-0.008917	-0.005490	-0.013765
Superscaffold1	42966204	43615296	0.251962	0.049351	0.029665	0.217077
Superscaffold1	43615313	43996654	0.106319	0.034111	0.020560	0.079576
Superscaffold1	43996679	44688626	0.306429	0.091909	0.045393	0.259960
Superscaffold1	44688654	44997327	-0.347897	-0.180637	-0.093398	-0.249419
Superscaffold1	44997466	45489262	0.236303	0.079192	0.050578	0.175859
Superscaffold1	45489392	46357949	-0.098133	-0.012145	-0.008906	-0.065953
Superscaffold1	46357977	47884101	-0.096916	-0.007646	-0.005965	-0.067590
Superscaffold1	47885178	48370323	0.526301	0.167203	0.103581	0.445260
Superscaffold1	48370371	48654396	0.833629	0.470395	0.245186	0.800195
Superscaffold1	48654429	49388502	-0.116612	-0.014475	-0.010836	-0.091469
Superscaffold1	49388556	50052160	0.442805	0.070443	0.045611	0.369764
Superscaffold1	50052186	50473863	0.399115	0.146850	0.091657	0.373847
Superscaffold1	50473987	51011681	0.068425	0.022236	0.016035	0.041102
Superscaffold1	51011782	51706629	0.144822	0.057042	0.036948	0.089697
Superscaffold2	460957	945862	0.053403	0.015395	0.010220	0.040890
Superscaffold2	945906	1383541	0.114734	0.039321	0.028637	0.081631
Superscaffold2	1383722	1924448	0.071574	0.019538	0.012790	0.047569
Superscaffold2	1924531	2429159	0.303778	0.096839	0.060910	0.256493
Superscaffold2	2429363	3455057	-0.107110	-0.033544	-0.021343	-0.068229
Superscaffold2	3455079	3793456	-0.025299	-0.012828	-0.007198	-0.020539
Superscaffold2	3793500	4369324	-0.007176	-0.002309	-0.001383	0.003414
Superscaffold2	4369375	4846879	0.088369	0.026298	0.015918	0.069714
Superscaffold2	4846893	5372448	-0.182840	-0.070576	-0.045612	-0.126462
Superscaffold2	5372752	5849387	0.181991	0.070672	0.038942	0.125192
Superscaffold2	5849692	6356704	0.084348	0.026123	0.016977	0.057534
Superscaffold2	6357213	6945425	0.198035	0.064121	0.038114	0.158755
Superscaffold2	6945451	7590436	0.340713	0.094212	0.060526	0.252183
Superscaffold2	7590808	8068693	0.140185	0.040625	0.025801	0.096064
Superscaffold2	8069607	8789894	0.096131	0.020841	0.014076	0.066023
Superscaffold2	8790109	9486348	0.140111	0.043364	0.027934	0.106668
Superscaffold2	9486838	9971890	0.104819	0.038165	0.022722	0.078968
Superscaffold2	9972214	10442184	0.103194	0.032868	0.020182	0.065043
Superscaffold2	10442198	10891797	-0.071322	-0.027711	-0.017055	-0.042194
Superscaffold2	10892887	11526113	0.053060	0.013877	0.008908	0.041302
Superscaffold2	11526316	12460721	-0.001386	-0.000454	-0.000266	0.001373
Superscaffold2	12460722	13247998	0.099027	0.031746	0.019381	0.078531
Superscaffold2	13248206	13708211	0.202849	0.063755	0.037353	0.164824
Superscaffold2	13708294	14195738	0.190607	0.061615	0.036203	0.144549
Superscaffold2	14195741	14865273	-0.067115	-0.014799	-0.009878	-0.048766
Superscaffold2	14865387	15416047	0.187188	0.062881	0.037677	0.139521
Superscaffold2	15416090	16537161	0.167773	0.062567	0.038373	0.113805
Superscaffold2	16538653	16940473	-0.097350	-0.043315	-0.025352	-0.060500
Superscaffold2	16940945	17616770	0.409732	0.113918	0.076303	0.324446
Superscaffold2	17616771	18141052	0.041038	0.010513	0.006435	0.028365
Superscaffold2	18141055	18507250	0.523271	0.231254	0.132132	0.451559
Superscaffold2	18516291	19085904	0.327988	0.105492	0.060945	0.272766
Superscaffold2	19086574	19716932	0.089364	0.027009	0.014499	0.066302
Superscaffold2	19717117	20139310	-0.054457	-0.017046	-0.010182	-0.041769
Superscaffold2	20141782	20527096	0.037103	0.014128	0.007370	0.028654
Superscaffold2	20527202	20994327	0.320213	0.161913	0.099779	0.210464
Superscaffold2	20994605	21357527	0.250993	0.108077	0.066990	0.212018
Superscaffold2	21357822	21846504	0.732805	0.296110	0.186382	0.681752
Superscaffold2	21846665	22387808	0.129871	0.039147	0.026164	0.110463
Superscaffold2	22387934	22860316	-0.278939	-0.111958	-0.063745	-0.177322
Superscaffold2	22860342	23411420	0.247951	0.059840	0.038544	0.199063
Superscaffold2	23411513	23893192	0.092732	0.030385	0.018539	0.080869
Superscaffold2	23893208	24258904	0.389532	0.174006	0.096080	0.327201
Superscaffold2	24258988	24582105	0.196814	0.077981	0.046837	0.154202
Superscaffold2	24582151	25154490	0.323185	0.095195	0.058438	0.245983
Superscaffold2	25154671	25590966	0.300715	0.106109	0.065519	0.259002
Superscaffold2	25590999	25971621	-0.222767	-0.079668	-0.051790	-0.161060
Superscaffold2	25971689	26609177	0.174463	0.039863	0.026034	0.154816
Superscaffold2	26609207	27024503	0.318054	0.093701	0.065401	0.258908
Superscaffold2	27024666	27484329	0.141048	0.045012	0.028417	0.102708
Superscaffold2	27495093	28398754	-0.179189	-0.059257	-0.041156	-0.135385
Superscaffold2	28399587	28963481	-0.082656	-0.022402	-0.013710	-0.046604
Superscaffold2	28964051	29352295	-0.000311	-0.000083	-0.000052	-0.002071
Superscaffold2	29352464	29730252	-0.038480	-0.013421	-0.008314	-0.025574
Superscaffold2	29730356	30308854	0.430207	0.144946	0.090141	0.363055
Superscaffold2	30308917	30798654	0.353568	0.120512	0.073957	0.284842
Superscaffold2	30798875	31239322	0.371930	0.130765	0.082205	0.289570
Superscaffold2	31240487	31676148	0.193660	0.058152	0.035558	0.155289
Superscaffold2	31676159	32350298	0.146084	0.055424	0.032527	0.099107
Superscaffold2	32350345	32782325	0.198988	0.065372	0.041293	0.143696
Superscaffold2	32782364	33300459	-0.129301	-0.037148	-0.022124	-0.085691
Superscaffold2	33300477	33776838	0.347688	0.129517	0.076748	0.268561
Superscaffold2	33776878	34261906	0.255410	0.085455	0.054421	0.202726
Superscaffold2	34261939	34889201	0.087893	0.019224	0.012200	0.072674
Superscaffold2	34889262	35217322	0.668402	0.352075	0.192777	0.585981
Superscaffold2	35217517	35859572	-0.175400	-0.054057	-0.032749	-0.146492
Superscaffold2	35859587	36451644	0.341868	0.114813	0.071645	0.264062
Superscaffold2	36451676	36787334	0.250729	0.089288	0.057683	0.202703
Superscaffold2	36788661	37137115	0.081061	0.036052	0.022843	0.060796
Superscaffold2	37137330	37544056	0.213909	0.058864	0.038348	0.160090
Superscaffold2	37544135	38041911	0.273623	0.090257	0.054582	0.212612
Superscaffold2	38041971	38676988	0.395989	0.118482	0.072185	0.312937
Superscaffold2	38677160	39112023	-0.182203	-0.046303	-0.029238	-0.144756
Superscaffold2	39112125	39589114	0.236608	0.065703	0.039561	0.195772
Superscaffold2	39589211	40066378	0.233312	0.066625	0.045672	0.150518
Superscaffold2	40066739	40397423	-0.025023	-0.006272	-0.003953	-0.014155
Superscaffold2	40397857	40782012	0.047482	0.009246	0.006019	0.025783
Superscaffold2	40782277	41042873	0.142991	0.068197	0.042884	0.122680
Superscaffold2	41042893	41316832	-0.256803	-0.079197	-0.051812	-0.211882
Superscaffold2	41316902	41749811	-0.011309	-0.003418	-0.002204	-0.007678
Superscaffold2	41749822	42188382	0.262199	0.081596	0.048626	0.229229
Superscaffold2	42188423	42501150	0.240242	0.096371	0.056849	0.201825
Superscaffold2	42501215	42945643	-0.112294	-0.023426	-0.016401	-0.085609
Superscaffold2	42945668	43329511	0.115426	0.035463	0.024138	0.092463
Superscaffold2	43329872	43669841	0.370391	0.165955	0.097760	0.303296
Superscaffold2	43670252	44102613	0.117926	0.068522	0.036222	0.112945
Superscaffold2	44102625	44427106	-0.330250	-0.184041	-0.100247	-0.312453
Superscaffold2	44427152	44940912	0.782023	0.284359	0.160807	0.727438
Superscaffold2	44940913	45386373	0.826450	0.299627	0.174844	0.790065
Superscaffold2	45386394	45949730	0.748743	0.288303	0.158632	0.706819
Superscaffold2	45949831	46388126	0.790343	0.332272	0.197036	0.719450
Superscaffold2	46388243	46702084	0.721155	0.231517	0.145847	0.667979
Superscaffold2	46702240	47314221	0.682181	0.222659	0.133209	0.645953
Superscaffold2	47314295	47886166	0.116060	0.043884	0.025212	0.091729
Superscaffold2	47886201	48250369	0.605999	0.278747	0.155848	0.567961
Superscaffold2	48250932	48607447	0.390076	0.195792	0.101718	0.349923
Superscaffold2	48607574	48892060	0.681289	0.373299	0.235645	0.563247
Superscaffold2	48892092	49184057	0.622918	0.336879	0.177642	0.540455
Superscaffold2	49184302	49659069	0.020126	0.006521	0.004152	0.019306
Superscaffold2	49659111	50108098	0.033879	0.011477	0.005903	0.023992
Superscaffold2	50108361	50465695	0.192103	0.073995	0.047197	0.147212
Superscaffold2	50466125	51054986	-0.219918	-0.067626	-0.039668	-0.176591
Superscaffold2	51055033	51376587	0.434269	0.140979	0.078642	0.354084
Superscaffold2	51376894	51805557	0.138516	0.029399	0.019982	0.109579
Superscaffold2	51805662	52016847	0.632207	0.305731	0.189014	0.555942
Superscaffold2	52016852	52467364	0.327199	0.079444	0.049974	0.278611
Superscaffold2	52467391	52732338	0.113800	0.049274	0.030369	0.080803
Superscaffold2	52732362	53020966	0.081197	0.046530	0.028524	0.060869
Superscaffold2	53020982	53802407	0.195438	0.068772	0.047079	0.142526
Superscaffold2	53802735	54155183	-0.312747	-0.144835	-0.084501	-0.257146
Superscaffold2	54155191	54770538	-0.206267	-0.079979	-0.053254	-0.141197
Superscaffold2	54772280	55263095	0.090425	0.024019	0.017941	0.062267
Superscaffold2	55263205	55713583	0.078379	0.025880	0.019039	0.051176
Superscaffold2	55713591	56172815	0.327804	0.123479	0.071831	0.270224
Superscaffold2	56173357	56615583	0.165748	0.056501	0.034807	0.117801
Superscaffold2	56615609	57001609	0.346967	0.119006	0.075328	0.255574
Superscaffold2	57001645	57414266	0.209951	0.097451	0.050037	0.178967
Superscaffold2	57414283	58147118	0.087212	0.026250	0.015364	0.060712
Superscaffold2	58149079	58448254	0.101345	0.042333	0.026639	0.049478
Superscaffold2	58448278	58916486	-0.571303	-0.166856	-0.106765	-0.488355
Superscaffold2	58916528	59285489	0.164517	0.058989	0.035875	0.136283
Superscaffold2	59286539	59765602	0.000236	0.000087	0.000049	-0.004651
Superscaffold2	59765957	60322121	-0.065079	-0.015051	-0.009939	-0.050500
Superscaffold2	60322436	60727916	0.092860	0.029671	0.019115	0.079736
Superscaffold2	60729470	61340580	0.106004	0.041088	0.024762	0.061131
Superscaffold2	61340588	62258792	0.314204	0.107793	0.074387	0.205335
Superscaffold2	62259139	62891871	0.194402	0.062241	0.041068	0.152482
Superscaffold2	62891957	63151365	0.489954	0.209947	0.129297	0.368295
Superscaffold2	63151438	63431011	0.055921	0.029652	0.017298	0.042763
Superscaffold2	63431071	63965907	-0.222780	-0.100148	-0.058585	-0.164119
Superscaffold2	63965921	64372631	0.066499	0.026987	0.016974	0.059726
Superscaffold2	64372844	64869795	-0.086559	-0.049409	-0.027971	-0.048510
Superscaffold2	64871902	65629401	0.377496	0.138119	0.082820	0.296883
Superscaffold2	65629420	66160049	0.366982	0.114425	0.070769	0.306230
Superscaffold2	66160084	66589434	-0.098766	-0.040628	-0.024532	-0.070995
Superscaffold2	66589440	67063859	0.192143	0.079890	0.035175	0.158645
Superscaffold2	67063974	67543705	-0.113640	-0.044270	-0.025988	-0.087469
Superscaffold2	67543724	67960121	0.209449	0.056324	0.037355	0.162957
Superscaffold2	67960682	68442663	0.410220	0.125912	0.074318	0.362473
Superscaffold2	68442710	68973204	0.010091	0.002169	0.001399	0.013572
Superscaffold2	68973287	69474127	-0.229655	-0.077271	-0.048910	-0.180545
Superscaffold2	69474265	69856620	-0.168526	-0.043742	-0.032721	-0.127783
Superscaffold2	69856651	70299762	-0.110972	-0.037466	-0.024000	-0.084020
Superscaffold2	70299790	71000667	0.178942	0.069962	0.043407	0.125982
Superscaffold2	71001274	71377851	0.301357	0.086653	0.058093	0.233307
Superscaffold2	71378303	71767938	0.210050	0.099514	0.057997	0.158163
Superscaffold2	71768108	72221942	-0.024342	-0.009287	-0.005921	-0.020134
Superscaffold2	72221957	72611904	-0.255530	-0.104046	-0.062206	-0.178945
Superscaffold2	72611922	73050480	0.072906	0.031359	0.020865	0.056145
Superscaffold2	73050543	73505822	0.053727	0.016099	0.010694	0.037557
Superscaffold2	73506083	73858629	0.087760	0.038239	0.023844	0.065376
Superscaffold2	73858630	74182042	0.038743	0.014668	0.009713	0.034463
Superscaffold2	74182111	74495765	-0.212774	-0.078263	-0.044320	-0.120156
Superscaffold2	74495784	74812451	0.119593	0.047873	0.030347	0.079306
Superscaffold2	74812550	75180149	-0.236436	-0.117892	-0.066445	-0.171133
Superscaffold2	75180268	75419192	-0.201986	-0.112213	-0.049562	-0.111990
Superscaffold2	75419463	75844269	0.129756	0.056323	0.036765	0.078661
Superscaffold2	75844410	76576372	0.079538	0.028484	0.019555	0.055202
Superscaffold2	76576373	77058480	0.125689	0.037653	0.024860	0.091815
Superscaffold2	77058484	77577266	0.332980	0.110245	0.070704	0.233860
Superscaffold2	77577297	77936212	0.134613	0.043729	0.028242	0.090894
Superscaffold2	77936263	78272095	0.116895	0.035640	0.026329	0.064085
Superscaffold2	78272114	78711855	0.180436	0.074588	0.046534	0.125115
Superscaffold2	78712038	79308224	-0.040547	-0.011329	-0.007499	-0.028334
Superscaffold2	79308245	80216013	0.087903	0.035814	0.020891	0.057522
Superscaffold2	80217164	80691437	0.244370	0.077624	0.054223	0.150851
Superscaffold2	80693037	81195782	0.071686	0.023862	0.014813	0.047680
Superscaffold2	81195807	81873531	-0.014412	-0.004044	-0.002604	-0.011816
Superscaffold2	81874039	82375798	0.030166	0.008242	0.005024	0.021109
Superscaffold2	82375819	83125129	0.307837	0.111618	0.068721	0.234534
Superscaffold2	83125207	83528653	0.261896	0.087433	0.057391	0.203731
Superscaffold2	83528666	83984447	0.037593	0.010069	0.006858	0.026062
Superscaffold2	83984956	84450280	0.446324	0.166016	0.103574	0.379525
Superscaffold2	84450286	84895452	0.395256	0.130905	0.079815	0.318334
Superscaffold2	84895578	85153529	-0.002613	-0.001226	-0.000795	-0.003893
Superscaffold2	85153532	85721123	0.609715	0.175867	0.119064	0.544052
Superscaffold2	85721132	86811481	0.155176	0.056526	0.032999	0.110988
Superscaffold2	86811485	87659361	-0.081365	-0.024717	-0.015940	-0.049697
Superscaffold2	87660306	88083319	0.203134	0.053049	0.036638	0.162139
Superscaffold2	88083374	88492595	0.434652	0.167316	0.117272	0.347861
Superscaffold2	88493129	88888373	-0.024041	-0.007404	-0.005002	-0.015127
Superscaffold2	88888403	89299560	0.061377	0.028063	0.014559	0.046722
Superscaffold2	89299605	89699155	0.038188	0.011748	0.007221	0.034068
Superscaffold2	89699386	90130707	0.122210	0.034513	0.022539	0.085896
Superscaffold2	90130794	90598161	0.063270	0.017340	0.010551	0.042427
Superscaffold2	90598191	91054283	0.081453	0.026449	0.017849	0.055040
Superscaffold2	91054410	92204498	-0.001117	-0.000341	-0.000206	0.005115
Superscaffold2	92204852	92715646	-0.046393	-0.014899	-0.008952	-0.036922
Superscaffold2	92715712	93597283	-0.094687	-0.030402	-0.017347	-0.060617
Superscaffold2	93597299	94092250	0.036044	0.013877	0.007857	0.027182
Superscaffold2	94092270	94577531	0.229435	0.098382	0.056811	0.153910
Superscaffold2	94577676	95066818	-0.149935	-0.045877	-0.028994	-0.115084
Superscaffold2	95066878	95469144	-0.041552	-0.015201	-0.009282	-0.022102
Superscaffold2	95469197	95823320	-0.109513	-0.045315	-0.028556	-0.075777
Superscaffold2	95823356	96222313	-0.019329	-0.007316	-0.005054	-0.012900
Superscaffold2	96222390	96673876	0.160006	0.062556	0.037088	0.109876
Superscaffold2	96673947	97105338	0.019351	0.007138	0.004457	0.007428
Superscaffold2	97105470	97414540	0.105981	0.044292	0.027604	0.071686
Superscaffold2	97414676	97694145	0.076723	0.039118	0.021389	0.037974
Superscaffold2	97694169	98120334	-0.159861	-0.077540	-0.044391	-0.091416
Superscaffold2	98120592	98485788	0.144353	0.056330	0.036053	0.093456
Superscaffold2	98485824	99095672	0.113255	0.038618	0.027105	0.072438
Superscaffold2	99095848	99382978	-0.046884	-0.030503	-0.014176	-0.026530
Superscaffold2	99382979	99693202	-0.021385	-0.015075	-0.007933	-0.014940
Superscaffold2	99693248	99880621	-0.061208	-0.038510	-0.025408	-0.029088
Superscaffold2	99880622	100259334	0.010120	0.006687	0.003885	0.007885
Superscaffold2	100259358	100855924	0.073215	0.034023	0.021264	0.041859
Superscaffold3	4451	281747	0.059015	0.034282	0.021713	0.041292
Superscaffold3	281799	665605	-0.327455	-0.139540	-0.091488	-0.229436
Superscaffold3	665642	882269	-0.204852	-0.149157	-0.096921	-0.136081
Superscaffold3	882421	1371350	0.084956	0.049064	0.030233	0.045947
Superscaffold3	1371413	1746376	-0.043597	-0.028423	-0.017811	-0.024300
Superscaffold3	1746381	2278215	-0.022548	-0.009475	-0.006218	-0.013079
Superscaffold3	2278253	2613883	-0.038435	-0.017091	-0.011986	-0.019506
Superscaffold3	2613921	2872065	0.023834	0.010038	0.006809	0.012733
Superscaffold3	2872094	3459885	-0.057508	-0.017492	-0.012595	-0.036685
Superscaffold3	3460000	3823587	-0.275508	-0.125881	-0.072213	-0.180394
Superscaffold3	3823619	4559634	0.006062	0.002652	0.001465	0.005447
Superscaffold3	4559771	5319509	-0.125328	-0.076382	-0.041577	-0.071663
Superscaffold3	5319514	5541360	0.113174	0.065741	0.040830	0.062013
Superscaffold3	5541362	5871061	0.103757	0.054029	0.033048	0.062164
Superscaffold3	5871162	6175699	0.182704	0.071119	0.050046	0.116220
Superscaffold3	6175704	6538564	-0.096689	-0.059952	-0.035485	-0.052268
Superscaffold3	6538669	6878377	-0.012460	-0.006582	-0.004209	-0.005826
Superscaffold3	6879121	7677460	0.024771	0.010025	0.006039	0.019503
Superscaffold3	7678809	8105462	0.091814	0.035752	0.022063	0.047487
Superscaffold3	8105501	9050653	0.075405	0.021155	0.013317	0.044750
Superscaffold3	9051068	9687933	0.018941	0.009378	0.005710	0.015322
Superscaffold3	9687960	9925984	-0.016190	-0.010795	-0.006697	-0.009978
Superscaffold3	9926025	10558131	0.113100	0.061275	0.040524	0.068975
Superscaffold3	10559011	11232743	-0.154585	-0.100372	-0.061225	-0.085075
Superscaffold3	11232841	11442007	-0.005693	-0.004947	-0.002948	-0.000757
Superscaffold3	11442077	11839922	-0.051803	-0.042459	-0.021598	-0.025883
Superscaffold3	11839992	12018492	0.151398	0.149789	0.088642	0.080200
Superscaffold3	12018499	12237844	0.060277	0.049875	0.029108	0.030576
Superscaffold3	12237948	12476163	0.115753	0.082865	0.052294	0.059320
Superscaffold3	12476674	12792058	-0.086616	-0.051082	-0.031925	-0.059203
Superscaffold3	12792059	13174776	0.222390	0.127831	0.075861	0.142808
Superscaffold3	13174803	13465936	-0.032806	-0.020524	-0.010735	-0.015568
Superscaffold3	13465952	14183543	-0.017515	-0.009867	-0.006195	-0.014334
Superscaffold3	14183546	14395817	0.126232	0.081506	0.050600	0.056460
Superscaffold3	14396101	14571847	0.015867	0.016008	0.009412	0.008774
Superscaffold3	14571873	14735195	0.025034	0.021817	0.012973	0.015165
Superscaffold3	14735389	14997644	0.028255	0.021320	0.013667	0.012580
Superscaffold3	14997695	15235019	-0.059118	-0.039215	-0.023082	-0.034750
Superscaffold3	15235052	15461187	0.016988	0.013913	0.008032	0.003816
Superscaffold3	15461264	15677290	0.038636	0.031409	0.016214	0.016377
Superscaffold3	15677328	16345167	0.021467	0.013343	0.007894	0.019159
Superscaffold3	16345205	16761698	0.029555	0.019450	0.011518	0.021832
Superscaffold3	16761725	17015589	0.009100	0.009274	0.004979	0.004629
Superscaffold3	17015885	17373561	-0.054821	-0.032317	-0.021079	-0.025232
Superscaffold3	17373793	17719770	0.095853	0.060413	0.038434	0.058701
Superscaffold3	17719772	17934867	-0.033627	-0.023834	-0.014031	-0.018049
Superscaffold3	17934920	18387830	0.122974	0.051795	0.031084	0.077384
Superscaffold3	18388004	19094333	0.065054	0.033955	0.020270	0.037738
Superscaffold3	19094362	19647463	0.348637	0.148269	0.100329	0.235747
Superscaffold3	19647468	19961184	-0.130214	-0.069851	-0.044486	-0.083104
Superscaffold3	19961193	20213961	-0.045974	-0.026401	-0.017657	-0.027857
Superscaffold3	20214042	20462171	0.201848	0.110399	0.068046	0.121200
Superscaffold3	20462222	20746685	-0.082243	-0.060497	-0.033547	-0.043001
Superscaffold3	20746689	20901067	-0.026756	-0.021158	-0.010070	-0.008861
Superscaffold3	20901070	21485437	-0.045991	-0.029320	-0.014890	-0.021135
Superscaffold3	21485515	21912667	0.138950	0.080150	0.047086	0.056777
Superscaffold3	21912855	22146435	-0.001656	-0.000908	-0.000554	-0.001993
Superscaffold3	22147589	22411164	0.067296	0.027963	0.018753	0.031543
Superscaffold3	22411485	22811839	-0.218675	-0.105514	-0.051665	-0.129518
Superscaffold3	22811900	23042756	0.196325	0.090965	0.054534	0.146864
Superscaffold3	23042763	23328864	0.013937	0.008282	0.005129	0.008257
Superscaffold3	23328921	23595727	-0.061078	-0.036761	-0.021761	-0.030576
Superscaffold3	23595826	24085387	0.190744	0.056660	0.035378	0.115382
Superscaffold3	24085433	24698980	-0.157375	-0.068822	-0.040286	-0.097836
Superscaffold3	24699191	25223002	-0.224101	-0.138637	-0.083193	-0.141477
Superscaffold3	25223465	25462440	-0.016085	-0.007282	-0.005253	-0.005805
Superscaffold3	25462447	26069154	-0.021498	-0.012019	-0.007424	-0.010802
Superscaffold3	26069177	26489824	0.195863	0.075368	0.046590	0.116316
Superscaffold3	26489840	26650301	-0.014256	-0.008869	-0.004803	-0.014799
Superscaffold3	26650357	26944363	0.028437	0.013107	0.007526	0.017051
Superscaffold3	26944496	27242073	0.116105	0.056843	0.033345	0.079087
Superscaffold3	27242097	27780371	-0.070483	-0.025062	-0.015433	-0.038294
Superscaffold3	27780412	28193640	-0.047416	-0.016014	-0.009424	-0.027035
Superscaffold3	28193665	28545413	-0.279645	-0.103235	-0.057171	-0.204950
Superscaffold3	28545825	28829058	0.101462	0.027774	0.018719	0.062846
Superscaffold3	28829060	29102043	0.097182	0.036802	0.021767	0.062889
Superscaffold3	29102093	29430713	-0.166443	-0.090420	-0.054709	-0.107142
Superscaffold3	29430769	29657524	0.419581	0.177019	0.115393	0.317064
Superscaffold3	29657650	29962275	-0.046412	-0.021751	-0.014222	-0.035867
Superscaffold3	29962278	30661331	-0.163394	-0.064392	-0.036926	-0.104416
Superscaffold3	30661606	31263091	-0.064006	-0.024650	-0.013712	-0.040225
Superscaffold3	31263092	31674297	0.564445	0.205552	0.125652	0.477608
Superscaffold3	31674495	32134698	0.269387	0.080445	0.054045	0.205233
Superscaffold3	32134706	32463403	0.059590	0.023311	0.012578	0.036605
Superscaffold3	32464844	32957030	0.273202	0.094001	0.058471	0.182930
Superscaffold3	32957046	33303436	-0.357329	-0.172967	-0.100987	-0.248850
Superscaffold3	33303438	33724272	-0.002029	-0.000632	-0.000430	0.000660
Superscaffold3	33724341	34130221	-0.103234	-0.035463	-0.025370	-0.071114
Superscaffold3	34130230	34437005	-0.215873	-0.084587	-0.050017	-0.145757
Superscaffold3	34437290	34964363	-0.043049	-0.011778	-0.007970	-0.036185
Superscaffold3	34964365	35269831	-0.159215	-0.059383	-0.034394	-0.128328
Superscaffold3	35269937	35543959	0.471728	0.241896	0.139952	0.371186
Superscaffold3	35543975	35874342	0.736575	0.354655	0.210410	0.659041
Superscaffold3	35874370	36230433	-0.340801	-0.135103	-0.078862	-0.247405
Superscaffold3	36230436	36980351	-0.013348	-0.003092	-0.002117	-0.008743
Superscaffold3	36980368	37513497	0.353496	0.100762	0.068858	0.256626
Superscaffold3	37513554	37740137	-0.286981	-0.191169	-0.108641	-0.255383
Superscaffold3	37740194	38147839	-0.289607	-0.119407	-0.073162	-0.229510
Superscaffold3	38147846	38398318	0.023164	0.015059	0.010527	0.014331
Superscaffold3	38398368	38878297	-0.095923	-0.034162	-0.021816	-0.059050
Superscaffold3	38878370	39531232	-0.363593	-0.066397	-0.039815	-0.335440
Superscaffold3	39531298	40177609	0.064895	0.015522	0.009406	0.053457
Superscaffold3	40177615	40717982	-0.230876	-0.056585	-0.034094	-0.184841
Superscaffold3	40718099	41357447	0.081245	0.018477	0.011887	0.063908
Superscaffold3	41357509	42103472	0.194915	0.048995	0.030983	0.171119
Superscaffold3	42103511	42485544	0.542553	0.209540	0.123635	0.466579
Superscaffold3	42485676	43168459	0.217404	0.047303	0.031604	0.174311
Superscaffold3	43168463	43615050	-0.306350	-0.101401	-0.066126	-0.247576
Superscaffold3	43615317	44259059	0.069348	0.021122	0.012717	0.050014
Superscaffold3	44259497	44581478	0.223265	0.092138	0.055190	0.193618
Superscaffold3	44581618	45005909	-0.251267	-0.074381	-0.046602	-0.204471
Superscaffold3	45006004	45332677	-0.060985	-0.022763	-0.013745	-0.038161
Superscaffold3	45332740	45869147	-0.018768	-0.005568	-0.003144	-0.009557
Superscaffold3	45869178	46249825	-0.103992	-0.040668	-0.024641	-0.071265
Superscaffold3	46249848	46792162	0.088638	0.032904	0.022818	0.064426
Superscaffold3	46792188	47372106	-0.012980	-0.003091	-0.001967	-0.003043
Superscaffold3	47372391	47789991	-0.341386	-0.147401	-0.078285	-0.246502
Superscaffold3	47790098	48182512	0.031723	0.014331	0.008602	0.028534
Superscaffold3	48183156	48723874	0.037750	0.010715	0.006337	0.026101
Superscaffold3	48723934	49130655	0.197412	0.067806	0.043744	0.156951
Superscaffold3	49130659	49423777	0.142583	0.059616	0.035378	0.111884
Superscaffold3	49423796	49777338	0.180827	0.071683	0.044148	0.113195
Superscaffold3	49777531	50156990	0.340718	0.131350	0.081990	0.233848
Superscaffold3	50157018	50415933	0.269427	0.160837	0.094846	0.172335
Superscaffold3	50415960	50764319	-0.379354	-0.251788	-0.129658	-0.241343
Superscaffold3	50764347	51200251	0.026293	0.010076	0.006026	0.018681
Superscaffold3	51200259	51651165	-0.116271	-0.040583	-0.025225	-0.096021
Superscaffold3	51651248	51989566	0.027899	0.011239	0.006340	0.018300
Superscaffold3	51989632	52331573	0.127871	0.068585	0.037548	0.086287
Superscaffold3	52331700	52683911	0.134526	0.066012	0.034507	0.096602
Superscaffold3	52683988	53060142	0.138416	0.057505	0.034912	0.102807
Superscaffold3	53060171	53291623	0.130879	0.065612	0.037211	0.081982
Superscaffold3	53291827	53648841	0.086047	0.026832	0.020416	0.052697
Superscaffold3	53648917	53932949	0.145681	0.093330	0.061577	0.097389
Superscaffold3	53932976	54434089	0.005667	0.002051	0.001351	0.002269
Superscaffold3	54434714	54795444	0.027295	0.013720	0.008135	0.016690
Superscaffold3	54795584	55108033	-0.098209	-0.048874	-0.031210	-0.059156
Superscaffold3	55108952	56037351	0.138764	0.054863	0.035440	0.094859
Superscaffold3	56037359	56404935	0.144970	0.076309	0.048109	0.106885
Superscaffold3	56404974	56684047	0.087239	0.043415	0.028343	0.056214
Superscaffold3	56684211	56927288	0.273960	0.114239	0.081678	0.175124
Superscaffold3	56927445	57469155	0.294229	0.089861	0.058874	0.218148
Superscaffold3	57469209	57856258	0.265146	0.085338	0.051933	0.174490
Superscaffold3	57856264	58321959	-0.230888	-0.084750	-0.047921	-0.155103
Superscaffold3	58322161	58549954	-0.216778	-0.188657	-0.068871	-0.115057
Superscaffold3	58549973	58980894	0.267328	0.110232	0.060264	0.191011
Superscaffold3	58980942	59270993	-0.012134	-0.006251	-0.003785	-0.009721
Superscaffold3	59273474	59621144	0.009964	0.005366	0.003119	0.005201
Superscaffold3	59621207	60081076	-0.091890	-0.052406	-0.032194	-0.052257
Superscaffold3	60081114	60659684	0.036405	0.017285	0.011120	0.021197
Superscaffold3	60659704	61156086	0.006903	0.003696	0.002196	0.006840
Superscaffold3	61156174	61582814	0.088964	0.032773	0.020665	0.060251
Superscaffold3	61582857	62140878	0.071652	0.028690	0.017302	0.046103
Superscaffold3	62141121	62595627	0.062554	0.033194	0.020773	0.032659
Superscaffold3	62595640	63115128	-0.076541	-0.039988	-0.023112	-0.039189
Superscaffold3	63115139	64275765	0.013351	0.004085	0.002617	0.014526
Superscaffold3	64275767	64693575	-0.080541	-0.033408	-0.020434	-0.047606
Superscaffold3	64693667	65002807	-0.147357	-0.080636	-0.045827	-0.100437
Superscaffold3	65002828	65359775	-0.114225	-0.077119	-0.050575	-0.071980
Superscaffold3	65359792	65632327	-0.151274	-0.128795	-0.077284	-0.091734
Superscaffold3	65632352	65911542	-0.057739	-0.025114	-0.018030	-0.030859
Superscaffold3	65911771	66392673	-0.025687	-0.010479	-0.006684	-0.016596
Superscaffold3	66392727	66766569	-0.012019	-0.004154	-0.002578	-0.001863
Superscaffold3	66766607	67080933	0.148528	0.067335	0.041346	0.100503
Superscaffold4	202921	756815	0.207268	0.092314	0.059619	0.130097
Superscaffold4	756959	1010566	-0.089218	-0.092685	-0.048592	-0.044342
Superscaffold4	1010702	1286804	-0.076963	-0.066292	-0.037478	-0.044956
Superscaffold4	1288785	2118339	0.047106	0.026535	0.016145	0.031258
Superscaffold4	2118732	2662298	0.031150	0.015414	0.009923	0.018263
Superscaffold4	2662342	3151014	-0.116931	-0.075291	-0.043403	-0.059353
Superscaffold4	3151015	3457481	-0.073011	-0.039178	-0.024838	-0.037920
Superscaffold4	3459271	3888014	-0.039535	-0.030096	-0.018106	-0.021685
Superscaffold4	3888153	4556697	0.080271	0.026848	0.017107	0.055115
Superscaffold4	4558298	5303804	-0.021484	-0.012608	-0.007654	-0.012492
Superscaffold4	5303835	5903418	-0.184714	-0.120750	-0.072694	-0.108983
Superscaffold4	5903440	6501492	-0.058815	-0.036758	-0.021843	-0.026864
Superscaffold4	6501623	6828099	0.130270	0.073201	0.047796	0.068874
Superscaffold4	6828177	7158251	-0.084179	-0.044336	-0.028069	-0.041324
Superscaffold4	7158321	7328097	0.153210	0.102962	0.059890	0.075587
Superscaffold4	7328201	7707486	-0.073850	-0.050989	-0.030259	-0.036004
Superscaffold4	7707831	7906743	-0.173374	-0.174195	-0.096090	-0.108113
Superscaffold4	7907199	8588839	0.046465	0.029707	0.016920	0.027861
Superscaffold4	8588857	8803380	0.034905	0.032885	0.019147	0.022531
Superscaffold4	8803410	8995781	0.009451	0.006166	0.004116	0.004976
Superscaffold4	8995801	9268973	-0.051114	-0.041817	-0.024011	-0.023379
Superscaffold4	9269031	9716569	-0.118265	-0.064818	-0.038971	-0.065591
Superscaffold4	9716576	9964221	0.013388	0.008516	0.005516	0.007620
Superscaffold4	9964274	10153073	-0.011480	-0.009957	-0.005824	-0.002225
Superscaffold4	10153121	11072984	0.058309	0.024361	0.015852	0.035452
Superscaffold4	11073616	11465591	-0.142410	-0.088130	-0.054574	-0.081552
Superscaffold4	11465616	11752049	-0.036759	-0.022629	-0.012920	-0.019922
Superscaffold4	11752705	12023472	0.242948	0.149395	0.083944	0.159472
Superscaffold4	12023492	12320773	0.160398	0.100999	0.058835	0.101229
Superscaffold4	12320795	12708555	0.036282	0.021379	0.012813	0.020400
Superscaffold4	12708601	12964791	0.001030	0.000682	0.000439	0.003474
Superscaffold4	12973366	13138234	-0.224517	-0.213894	-0.100884	-0.129793
Superscaffold4	13138286	13347753	0.061845	0.044106	0.026295	0.039367
Superscaffold4	13348656	13694373	0.273266	0.157166	0.091585	0.166669
Superscaffold4	13694431	13917520	-0.212923	-0.205784	-0.080493	-0.107767
Superscaffold4	13917537	14352124	-0.060234	-0.040843	-0.021148	-0.037262
Superscaffold4	14352194	14624408	0.100862	0.053053	0.031462	0.052266
Superscaffold4	14625507	14911622	0.095113	0.052452	0.029920	0.056398
Superscaffold4	14911678	15260064	-0.021969	-0.011712	-0.007281	-0.013796
Superscaffold4	15260223	16053913	-0.017988	-0.012065	-0.007099	-0.006866
Superscaffold4	16054088	16298755	-0.070988	-0.055487	-0.031746	-0.037868
Superscaffold4	16299371	16697899	0.104247	0.057153	0.036361	0.057114
Superscaffold4	16697902	17183811	0.104169	0.058892	0.037542	0.060635
Superscaffold4	17183829	17567461	0.141354	0.079694	0.053222	0.069621
Superscaffold4	17567466	17849404	-0.120123	-0.090577	-0.047401	-0.057997
Superscaffold4	17849410	18111617	-0.006256	-0.004802	-0.002848	-0.003593
Superscaffold4	18111628	18375715	0.056719	0.040755	0.025440	0.029561
Superscaffold4	18375772	19007635	0.221865	0.139506	0.076779	0.149799
Superscaffold4	19007648	19246649	0.734850	0.473126	0.305621	0.629985
Superscaffold4	19246677	19505038	-0.044347	-0.019499	-0.011542	-0.032693
Superscaffold4	19505057	19833557	-0.333681	-0.173776	-0.098456	-0.213232
Superscaffold4	19833559	20137180	-0.162028	-0.093397	-0.054000	-0.095345
Superscaffold4	20137182	20481120	0.010496	0.005269	0.003239	0.004986
Superscaffold4	20481316	20933653	0.067932	0.029556	0.019107	0.036709
Superscaffold4	20934774	21420055	0.169111	0.077245	0.046031	0.097466
Superscaffold4	21420114	21942039	0.593053	0.243013	0.153102	0.425824
Superscaffold4	21942063	22177689	0.052357	0.032479	0.018063	0.027923
Superscaffold4	22178060	22389790	-0.080416	-0.070698	-0.040605	-0.041260
Superscaffold4	22389805	22618495	0.026643	0.015402	0.009571	0.018106
Superscaffold4	22618578	22824403	-0.201066	-0.179925	-0.081062	-0.121256
Superscaffold4	22824478	23080144	0.165511	0.083709	0.054037	0.097197
Superscaffold4	23080190	23335213	-0.009280	-0.005669	-0.003597	-0.003685
Superscaffold4	23335228	23611255	-0.100122	-0.049517	-0.031521	-0.052010
Superscaffold4	23611262	23982651	0.136116	0.086019	0.054938	0.090996
Superscaffold4	23982681	24499523	0.003477	0.001528	0.000868	0.004186
Superscaffold4	24499544	24728870	0.409196	0.215379	0.138279	0.305734
Superscaffold4	24728881	25040638	0.142198	0.082088	0.035880	0.090954
Superscaffold4	25040641	25385826	0.317767	0.152110	0.091057	0.229381
Superscaffold4	25385908	25712519	0.432051	0.196993	0.146036	0.282185
Superscaffold4	25712520	26111998	0.164167	0.082108	0.050069	0.105725
Superscaffold4	26112009	26514689	-0.168712	-0.077549	-0.046373	-0.098093
Superscaffold4	26514690	26795357	-0.012479	-0.006304	-0.004136	-0.011338
Superscaffold4	26795391	26953537	0.391648	0.252872	0.180196	0.262069
Superscaffold4	26953624	27269140	-0.514017	-0.288030	-0.162473	-0.346965
Superscaffold4	27269144	27463176	0.287418	0.139219	0.079357	0.217811
Superscaffold4	27463225	27673673	0.596330	0.299999	0.178456	0.480859
Superscaffold4	27673805	27955495	0.154662	0.075589	0.042944	0.086699
Superscaffold4	27955513	28291240	0.076931	0.065094	0.035456	0.048256
Superscaffold4	28291241	28746116	-0.024361	-0.018534	-0.009930	-0.016655
Superscaffold4	28747127	28913128	-0.124250	-0.090986	-0.051259	-0.051548
Superscaffold4	28913164	29252395	0.209847	0.077097	0.052216	0.118813
Superscaffold4	29252402	29520926	-0.021126	-0.017193	-0.009778	-0.009334
Superscaffold4	29520971	29939763	-0.004305	-0.002450	-0.001483	-0.001685
Superscaffold4	29939796	30329231	0.053067	0.030967	0.018725	0.032015
Superscaffold4	30329237	30553233	0.078925	0.055216	0.033918	0.049221
Superscaffold4	30553297	31028924	-0.090462	-0.048031	-0.028955	-0.057710
Superscaffold4	31028926	32037217	0.097082	0.044694	0.028094	0.060824
Superscaffold4	32037218	32382322	0.261471	0.109172	0.063554	0.167581
Superscaffold4	32382330	32773649	-0.069286	-0.035120	-0.020429	-0.053936
Superscaffold4	32773656	33215273	0.089270	0.046731	0.027899	0.054924
Superscaffold4	33215379	33648993	0.186049	0.074067	0.046454	0.094751
Superscaffold4	33648994	33953314	0.152183	0.088683	0.048788	0.101164
Superscaffold4	33953530	34382599	0.051486	0.025165	0.012869	0.036373
Superscaffold4	34382602	34856361	0.016666	0.004879	0.003208	0.011449
Superscaffold4	34856487	35199361	0.125463	0.038977	0.028684	0.083351
Superscaffold4	35199394	35674688	0.020582	0.007853	0.004695	0.015243
Superscaffold4	35675347	36210630	-0.135108	-0.067406	-0.043098	-0.079297
Superscaffold4	36210706	36572425	0.182917	0.100110	0.060859	0.128330
Superscaffold4	36572664	37293793	0.121300	0.046510	0.033453	0.088521
Superscaffold4	37293800	38120850	-0.088913	-0.048020	-0.029906	-0.051407
Superscaffold4	38120888	39674937	-0.058145	-0.021825	-0.013208	-0.040798
Superscaffold4	39675153	39985551	-0.214937	-0.067275	-0.049486	-0.146225
Superscaffold4	39985574	40549032	0.227663	0.093273	0.054882	0.148675
Superscaffold4	40549090	40883845	-0.092832	-0.051617	-0.033129	-0.056165
Superscaffold4	40883857	41418225	0.086075	0.019061	0.013857	0.053271
Superscaffold4	41418675	41969578	0.000263	0.000078	0.000051	0.003772
Superscaffold4	41969663	42480442	0.096012	0.040843	0.026663	0.059541
Superscaffold4	42480487	43126398	0.103079	0.043248	0.027947	0.064437
Superscaffold4	43126433	43885371	0.177702	0.064407	0.042432	0.107500
Superscaffold4	43885408	44204457	0.014037	0.007933	0.004888	0.008323
Superscaffold4	44204460	44437038	0.150755	0.094334	0.052586	0.111162
Superscaffold4	44437207	44918846	-0.121413	-0.075017	-0.034891	-0.081532
Superscaffold4	44918849	45260507	-0.001494	-0.000645	-0.000387	0.000978
Superscaffold4	45260516	45591980	-0.353115	-0.182432	-0.096719	-0.217544
Superscaffold4	45592142	46063117	-0.109347	-0.045196	-0.029537	-0.061183
Superscaffold4	46063415	46309180	-0.011698	-0.005404	-0.003672	-0.006846
Superscaffold4	46309191	46674100	-0.131217	-0.060216	-0.037054	-0.097576
Superscaffold4	46674156	47472705	0.070471	0.038108	0.016996	0.045387
Superscaffold4	47472758	47710049	0.487082	0.240978	0.188628	0.417011
Superscaffold4	47710064	47986929	0.267365	0.171598	0.109043	0.188190
Superscaffold4	47987361	48486395	0.105851	0.051913	0.031545	0.060477
Superscaffold4	48486444	48910442	0.338788	0.135324	0.089840	0.262683
Superscaffold4	48910538	49359588	0.537825	0.227941	0.132468	0.429626
Superscaffold4	49359697	49617565	0.318529	0.161606	0.095106	0.210767
Superscaffold4	49617582	49979385	0.088136	0.036872	0.021427	0.057357
Superscaffold4	49981996	50360902	0.453794	0.196164	0.107928	0.359917
Superscaffold4	50361183	50650720	-0.035431	-0.011167	-0.006986	-0.013893
Superscaffold4	50650747	50898614	-0.447808	-0.214564	-0.131735	-0.365254
Superscaffold4	50898618	51268132	0.100271	0.039878	0.025882	0.082302
Superscaffold4	51268207	51533859	0.383920	0.148810	0.100032	0.286460
Superscaffold4	51533886	51798817	-0.118624	-0.058087	-0.033405	-0.080751
Superscaffold4	51798843	52389562	0.210397	0.085186	0.047065	0.167842
Superscaffold4	52389572	52909119	0.414010	0.133670	0.080135	0.368907
Superscaffold4	52909199	53767974	-0.063069	-0.032482	-0.015584	-0.055172
Superscaffold4	53768375	54051597	0.389993	0.239558	0.120672	0.283661
Superscaffold4	54051599	54261544	0.255741	0.187703	0.101941	0.189444
Superscaffold4	54261571	54670857	0.313793	0.090810	0.055862	0.249568
Superscaffold4	54670952	55191832	0.219097	0.056494	0.034076	0.174603
Superscaffold4	55193363	55430081	0.382436	0.254050	0.133720	0.314391
Superscaffold4	55430184	55782519	-0.207166	-0.102157	-0.057640	-0.140889
Superscaffold4	55782560	56159769	-0.318424	-0.162694	-0.093907	-0.243432
Superscaffold4	56160472	56411665	-0.022545	-0.010261	-0.006231	-0.015306
Superscaffold4	56411668	56644221	-0.067863	-0.060639	-0.028387	-0.034031
Superscaffold4	56644232	56861538	0.073148	0.053414	0.030627	0.044672
Superscaffold4	56870531	57486964	0.115791	0.051064	0.032463	0.069621
Superscaffold4	57487760	58167110	-0.051544	-0.016133	-0.011106	-0.036553
Superscaffold4	58167245	58438950	0.031110	0.010367	0.007140	0.016026
Superscaffold4	58439013	58747820	0.146736	0.072278	0.037166	0.087309
Superscaffold4	58747880	59032654	-0.250668	-0.115042	-0.076167	-0.149308
Superscaffold4	59032697	59223393	-0.025512	-0.012098	-0.007605	-0.014373
Superscaffold4	59223480	59539245	0.498518	0.208815	0.143416	0.336765
Superscaffold4	59539291	59793640	0.328230	0.219030	0.132309	0.178347
Superscaffold4	59793708	60543975	0.151923	0.075417	0.043580	0.076672
Superscaffold4	60543978	61451036	0.012652	0.006064	0.003224	0.010672
Superscaffold4	61451073	61758572	-0.201006	-0.086296	-0.053587	-0.145315
Superscaffold4	61758675	62105704	0.696823	0.277525	0.195225	0.602810
Superscaffold4	62105720	62454251	0.051542	0.025944	0.016792	0.033493
Superscaffold4	62454317	63059944	-0.031083	-0.013176	-0.008063	-0.014061
Superscaffold4	63059985	63688643	-0.062496	-0.025516	-0.017197	-0.039347
Superscaffold4	63688671	64087312	-0.140434	-0.073739	-0.049041	-0.098510
Superscaffold4	64087956	64367338	-0.110101	-0.049449	-0.030126	-0.082780
Superscaffold4	64367352	64607663	0.061169	0.034476	0.019216	0.031794
Superscaffold4	64607766	65215504	-0.180957	-0.082293	-0.050447	-0.118436
Superscaffold4	65215603	65975365	0.118301	0.044389	0.027694	0.070098
Superscaffold4	65975374	66437982	0.349898	0.161716	0.100130	0.242177
Superscaffold4	66438032	66887419	-0.075547	-0.027050	-0.014364	-0.062235
Superscaffold4	66887474	67352375	-0.032190	-0.008519	-0.006205	-0.018370
Superscaffold4	67352457	67738530	0.033887	0.015938	0.011162	0.027058
Superscaffold4	67738538	68142670	0.103543	0.060795	0.040812	0.060007
Superscaffold4	68142939	68387933	0.111570	0.069393	0.040383	0.063921
Superscaffold4	68388038	68671940	0.010955	0.006197	0.003832	0.011677
Superscaffold4	68671970	68983201	0.119246	0.075810	0.049228	0.080216
Superscaffold4	68983868	69446961	0.044180	0.026204	0.014977	0.030580
Superscaffold4	69447044	69726165	-0.170245	-0.146708	-0.073597	-0.095611
Superscaffold4	69726168	69967449	-0.072066	-0.056030	-0.033399	-0.041851
Superscaffold4	69967451	70491672	-0.011570	-0.006939	-0.004123	-0.005122
Superscaffold4	70491733	71050773	0.216871	0.089722	0.060946	0.126499
Superscaffold4	71050883	71721982	0.018188	0.005892	0.004143	0.016658
Superscaffold4	71722014	72322240	-0.539743	-0.304253	-0.159844	-0.462013
Superscaffold4	72322265	72988226	0.134678	0.074779	0.036626	0.107569
Superscaffold4	72988251	73372375	0.048712	0.024274	0.013243	0.033669
Superscaffold4	73372433	73614072	0.300027	0.257186	0.139977	0.236999
Superscaffold4	73614180	74214448	0.129556	0.049619	0.037488	0.092874
Superscaffold4	74214493	74509558	-0.064531	-0.038300	-0.024063	-0.034478
Superscaffold4	74510541	74771291	0.087663	0.050628	0.033901	0.058811
Superscaffold4	74771362	75005757	0.316580	0.199613	0.118605	0.209711
Superscaffold4	75005850	75512094	0.076555	0.044012	0.027344	0.044968
Superscaffold4	75512109	76424956	0.444274	0.121988	0.092400	0.378493
Superscaffold4	76425226	76821184	0.012450	0.005658	0.003416	0.010249
Superscaffold4	76821986	77403592	0.171848	0.118314	0.063777	0.139684
Superscaffold4	77403758	77718024	-0.646715	-0.355600	-0.179599	-0.504651
Superscaffold4	77718258	78246880	-0.048625	-0.018471	-0.013328	-0.028726
Superscaffold4	78246904	78547092	0.021530	0.014794	0.009243	0.013538
Superscaffold4	78547151	78850836	0.229728	0.098403	0.060141	0.114996
Superscaffold4	78850850	79167896	0.115777	0.060950	0.044234	0.064660
Superscaffold4	79167920	80139676	0.047985	0.015896	0.011324	0.028421
Superscaffold4	80139677	80407791	0.296302	0.140859	0.098944	0.228292
Superscaffold4	80407817	80679913	-0.005732	-0.003077	-0.001954	-0.000172
Superscaffold4	80680108	81155711	-0.090662	-0.045390	-0.025656	-0.055286
Superscaffold4	81155734	81409808	-0.146803	-0.072734	-0.045832	-0.097972
Superscaffold4	81409821	81921318	-0.116942	-0.035995	-0.020641	-0.082029
Superscaffold4	81921592	82524806	0.051843	0.027770	0.012143	0.030619
Superscaffold4	82524838	82762879	0.249026	0.134600	0.074778	0.146097
Superscaffold4	82762905	83048030	0.335602	0.184792	0.128990	0.226520
Superscaffold4	83048242	83224304	-0.040206	-0.025939	-0.015015	-0.019346
Superscaffold4	83226054	83501008	0.000889	0.000614	0.000358	0.002126
Superscaffold4	83501030	83919112	0.230198	0.096764	0.068271	0.167220
Superscaffold4	83919322	84404958	0.142911	0.054295	0.039677	0.081978
Superscaffold4	84404959	84642678	-0.046072	-0.033977	-0.018559	-0.020889
Superscaffold4	84642717	84871930	0.347538	0.231511	0.154285	0.179964
Superscaffold4	84871938	85900143	0.015640	0.007324	0.004462	0.010687
Superscaffold4	85900165	86164359	0.103641	0.080900	0.052252	0.054579
Superscaffold4	86164468	86414078	0.012078	0.008764	0.005483	0.007576
Superscaffold4	86414126	87284384	0.013705	0.009409	0.005323	0.010499
Superscaffold5	82	178005	-0.164223	-0.186854	-0.075810	-0.097803
Superscaffold5	178045	384363	-0.061156	-0.035352	-0.019654	-0.026505
Superscaffold5	384386	616124	0.091460	0.050848	0.032727	0.056065
Superscaffold5	616255	1070466	-0.127749	-0.063655	-0.037673	-0.075929
Superscaffold5	1070467	1423323	-0.034008	-0.015204	-0.008575	-0.020412
Superscaffold5	1423331	1901706	0.075595	0.024930	0.016102	0.049240
Superscaffold5	1901757	2302058	0.093314	0.054586	0.022591	0.057752
Superscaffold5	2302136	2846630	0.080225	0.033397	0.021125	0.050251
Superscaffold5	2846662	3342784	-0.025924	-0.009492	-0.006407	-0.021816
Superscaffold5	3342845	3733884	0.246976	0.109704	0.064640	0.189067
Superscaffold5	3733914	4166261	0.169135	0.075789	0.042510	0.112236
Superscaffold5	4166757	5158245	0.063430	0.020837	0.014095	0.034317
Superscaffold5	5158265	5854814	0.594879	0.300024	0.179222	0.447425
Superscaffold5	5854854	6385390	0.635038	0.310728	0.163332	0.563728
Superscaffold5	6385442	7039795	-0.026894	-0.010426	-0.005534	-0.015938
Superscaffold5	7039796	7425696	0.204398	0.099670	0.054356	0.140904
Superscaffold5	7425805	7806757	0.201585	0.064488	0.044336	0.122311
Superscaffold5	7806845	8220659	-0.089871	-0.057863	-0.032373	-0.042698
Superscaffold5	8220662	8678901	-0.136743	-0.065381	-0.040286	-0.075539
Superscaffold5	8678941	8930192	-0.065415	-0.050721	-0.024927	-0.032460
Superscaffold5	8930220	9203827	0.117392	0.067946	0.037083	0.065473
Superscaffold5	9203840	9527876	0.035314	0.018139	0.010732	0.029898
Superscaffold5	9527952	10203730	-0.074220	-0.043094	-0.024801	-0.040910
Superscaffold5	10203746	10717854	-0.062602	-0.034212	-0.020182	-0.032960
Superscaffold5	10717887	11057181	0.155260	0.064122	0.039163	0.105546
Superscaffold5	11057191	11521721	0.260984	0.119967	0.063599	0.151781
Superscaffold5	11521754	12510089	-0.166471	-0.087911	-0.053108	-0.097994
Superscaffold5	12510150	13973166	0.177781	0.076731	0.048332	0.102041
Superscaffold5	13973209	14267749	0.066504	0.032520	0.020441	0.033641
Superscaffold5	14267786	14625447	-0.106502	-0.046710	-0.027869	-0.057115
Superscaffold5	14625572	14921474	0.347435	0.197677	0.123377	0.262254
Superscaffold5	14928525	15182149	0.070463	0.037471	0.019479	0.047153
Superscaffold5	15182174	15550268	0.190512	0.097302	0.050655	0.108156
Superscaffold5	15550269	16028116	-0.243551	-0.119432	-0.067054	-0.175554
Superscaffold5	16028177	16433998	-0.204643	-0.099718	-0.056946	-0.127834
Superscaffold5	16434135	16805927	0.037818	0.020036	0.012734	0.020567
Superscaffold5	16805936	17348983	-0.132877	-0.061604	-0.038547	-0.083206
Superscaffold5	17349141	17675323	-0.126336	-0.089807	-0.045679	-0.063891
Superscaffold5	17675382	18043074	-0.072885	-0.039872	-0.022859	-0.041815
Superscaffold5	18043083	18212430	-0.032055	-0.019600	-0.012207	-0.019784
Superscaffold5	18212467	18553344	-0.195086	-0.111129	-0.069835	-0.127922
Superscaffold5	18553363	19042265	0.091135	0.037962	0.022789	0.060073
Superscaffold5	19042295	19370941	-0.040763	-0.015310	-0.009860	-0.026783
Superscaffold5	19371015	19773599	0.074419	0.024067	0.014150	0.056683
Superscaffold5	19773682	20141924	0.113161	0.046250	0.028469	0.069332
Superscaffold5	20141989	20413042	0.230705	0.103879	0.056956	0.121889
Superscaffold5	20413260	20988214	-0.026504	-0.009249	-0.006220	-0.019346
Superscaffold5	20988307	21493854	-0.188346	-0.089993	-0.053518	-0.135827
Superscaffold5	21493862	21816499	-0.093239	-0.064890	-0.035332	-0.063285
Superscaffold5	21816641	22024776	0.021688	0.013989	0.007386	0.012089
Superscaffold5	22024797	22620214	0.037715	0.017879	0.009607	0.027889
Superscaffold5	22620222	23169624	-0.130108	-0.061487	-0.035961	-0.077412
Superscaffold5	23169728	23764989	-0.044335	-0.016996	-0.010756	-0.021190
Superscaffold5	23765039	24478210	-0.120991	-0.071020	-0.038555	-0.088687
Superscaffold5	24478217	24866571	0.129554	0.040413	0.026905	0.090541
Superscaffold5	24866609	25356921	-0.250848	-0.069111	-0.048247	-0.188730
Superscaffold5	25356936	25702889	-0.364019	-0.196087	-0.119549	-0.281618
Superscaffold5	25702902	26213780	0.108452	0.025698	0.016393	0.070116
Superscaffold5	26214152	27432913	0.021039	0.005615	0.003595	0.016365
Superscaffold5	27433334	27859882	-0.118106	-0.037216	-0.024243	-0.075954
Superscaffold5	27859896	28456258	-0.049185	-0.016172	-0.010158	-0.020860
Superscaffold5	28456533	28784609	0.194308	0.095995	0.058667	0.138772
Superscaffold5	28784636	29234077	0.144812	0.044941	0.027189	0.114945
Superscaffold5	29234092	29533114	0.352680	0.197366	0.119522	0.308998
Superscaffold5	29533129	29874620	-0.558595	-0.234657	-0.147249	-0.452439
Superscaffold5	29874789	30044214	-0.056361	-0.036688	-0.021393	-0.036515
Superscaffold5	30044255	30277063	0.096628	0.041704	0.028868	0.051089
Superscaffold5	30277095	30729633	-0.252037	-0.097057	-0.058591	-0.196901
Superscaffold5	30729684	31021396	-0.153725	-0.092351	-0.048355	-0.105290
Superscaffold5	31021566	31411019	0.152991	0.047552	0.026828	0.103108
Superscaffold5	31411218	31666135	0.705839	0.470287	0.315222	0.580263
Superscaffold5	31666165	32055281	-0.006637	-0.002770	-0.001412	-0.003352
Superscaffold5	32055648	32346032	0.713919	0.372418	0.243401	0.611124
Superscaffold5	32346163	32920430	-0.157448	-0.099925	-0.043181	-0.101361
Superscaffold5	32920849	33180815	-0.042056	-0.025426	-0.017080	-0.021813
Superscaffold5	33180832	33619077	0.076978	0.046738	0.026195	0.048035
Superscaffold5	33619200	33952258	-0.174920	-0.090336	-0.047363	-0.167509
Superscaffold5	33952281	34134530	0.568427	0.374055	0.238793	0.540695
Superscaffold5	34135012	34592502	0.328387	0.100648	0.063960	0.239691
Superscaffold5	34592948	34934045	0.079216	0.033411	0.016989	0.054027
Superscaffold5	34934120	35312035	0.212722	0.080269	0.049385	0.179142
Superscaffold5	35312084	35587150	-0.097791	-0.040640	-0.022344	-0.073722
Superscaffold5	35587165	35970927	-0.013057	-0.004120	-0.002519	-0.010309
Superscaffold5	35970982	36428837	-0.268409	-0.080888	-0.044852	-0.229873
Superscaffold5	36428855	36745224	0.061024	0.019511	0.012292	0.054752
Superscaffold5	36745230	37211656	0.019842	0.008043	0.004980	0.012716
Superscaffold5	37211658	37449306	0.115971	0.072728	0.036945	0.065685
Superscaffold5	37449338	37686978	-0.123048	-0.054351	-0.028463	-0.098710
Superscaffold5	37686988	38051078	-0.092999	-0.034101	-0.020373	-0.082506
Superscaffold5	38051171	38532830	-0.092475	-0.017627	-0.013133	-0.070216
Superscaffold5	38532892	38918748	0.012012	0.005839	0.003396	0.005688
Superscaffold5	38918773	39664663	0.022775	0.007522	0.005206	0.007442
Superscaffold5	39664668	40166731	-0.067728	-0.030865	-0.018321	-0.045763
Superscaffold5	40166878	40917107	-0.197882	-0.076994	-0.049588	-0.123683
Superscaffold5	40917123	41815144	0.085890	0.028353	0.017778	0.054352
Superscaffold5	41815146	42329704	0.070112	0.019233	0.011911	0.054570
Superscaffold5	42329705	42782051	0.061053	0.027002	0.015202	0.046294
Superscaffold5	42782075	43169008	-0.064860	-0.033848	-0.021630	-0.049660
Superscaffold5	43169169	43481969	-0.039976	-0.018530	-0.011103	-0.026942
Superscaffold5	43481998	43778275	-0.097134	-0.043145	-0.027197	-0.069155
Superscaffold5	43778282	44126644	0.061023	0.018364	0.013324	0.044765
Superscaffold5	44126692	44529382	-0.122554	-0.072152	-0.047226	-0.083111
Superscaffold5	44529440	44748643	-0.606405	-0.512678	-0.257640	-0.459758
Superscaffold5	44748644	45286645	0.148550	0.064503	0.038763	0.095469
Superscaffold5	45286661	45959239	0.173746	0.066711	0.043158	0.124593
Superscaffold5	45959365	46483295	0.006749	0.003973	0.002162	0.006817
Superscaffold5	46483432	46838208	0.038585	0.025060	0.014687	0.026213
Superscaffold5	46838249	47254762	0.215227	0.079710	0.050841	0.156412
Superscaffold5	47254830	47702309	0.047067	0.017706	0.010693	0.028655
Superscaffold5	47702317	48111382	0.093604	0.037151	0.019744	0.061361
Superscaffold5	48111409	48489493	0.059502	0.024489	0.012563	0.034380
Superscaffold5	48489514	48826088	0.217433	0.117947	0.059315	0.155192
Superscaffold5	48826126	49256671	0.241300	0.144803	0.079541	0.133488
Superscaffold5	49257391	49571508	0.431446	0.253674	0.174004	0.313889
Superscaffold5	49571509	49912130	0.399273	0.243863	0.142422	0.281895
Superscaffold5	49912236	50220346	0.078477	0.051539	0.024049	0.053034
Superscaffold5	50220454	50490620	0.053051	0.035879	0.014720	0.031068
Superscaffold5	50490674	50801349	0.121262	0.053974	0.026179	0.063786
Superscaffold5	50801499	51022778	0.458914	0.202953	0.106027	0.333141
Superscaffold5	51022790	51361313	0.277697	0.136459	0.077013	0.174486
Superscaffold5	51361323	51588672	-0.023951	-0.017008	-0.007492	-0.015692
Superscaffold5	51588684	51876872	-0.117846	-0.080319	-0.035197	-0.062669
Superscaffold5	51876888	52264425	0.134222	0.069455	0.041403	0.085572
Superscaffold5	52264638	52619786	-0.258158	-0.105731	-0.063553	-0.180833
Superscaffold5	52619839	52845263	-0.181995	-0.096321	-0.060132	-0.112808
Superscaffold5	52845274	53195925	0.207998	0.074645	0.051317	0.145717
Superscaffold5	53195929	53687241	-0.188447	-0.059348	-0.033772	-0.073611
Superscaffold5	53687250	54160065	0.208108	0.068158	0.044347	0.145522
Superscaffold5	54162193	55198562	0.030324	0.010372	0.006824	0.023082
Superscaffold5	55198588	55898604	-0.063694	-0.020849	-0.012528	-0.041479
Superscaffold5	55898812	56182673	0.123991	0.065140	0.039556	0.086849
Superscaffold5	56182696	56617305	0.093680	0.040272	0.019597	0.061678
Superscaffold5	56617365	56988713	0.180290	0.075889	0.044583	0.116925
Superscaffold5	56988741	57391243	-0.217529	-0.115525	-0.069708	-0.167519
Superscaffold5	57391362	57763606	0.030299	0.011719	0.007035	0.021921
Superscaffold5	57763654	58179978	0.196583	0.073377	0.044671	0.145443
Superscaffold5	58180034	58706277	0.238818	0.075522	0.050241	0.195184
Superscaffold5	58706401	59060350	0.361496	0.133044	0.081632	0.294061
Superscaffold5	59060395	59540087	-0.104232	-0.033426	-0.018858	-0.079331
Superscaffold5	59540228	60168622	0.275610	0.103576	0.062436	0.200244
Superscaffold5	60168762	60743478	0.122478	0.037762	0.022972	0.076277
Superscaffold5	60743653	61383409	0.524082	0.200878	0.131950	0.414855
Superscaffold5	61383665	61809808	0.102556	0.037476	0.022481	0.072342
Superscaffold5	61809865	62310689	0.005238	0.001943	0.001238	0.002785
Superscaffold5	62310702	62697372	0.235371	0.095735	0.069193	0.186688
Superscaffold5	62697647	63160091	0.072655	0.023554	0.014684	0.046991
Superscaffold5	63160189	63520585	-0.008716	-0.003654	-0.002317	-0.001374
Superscaffold5	63520600	63760894	-0.091518	-0.048843	-0.026120	-0.055158
Superscaffold5	63760928	63947023	-0.005104	-0.003100	-0.001865	-0.002900
Superscaffold5	63947026	64405305	-0.042947	-0.021270	-0.011233	-0.030040
Superscaffold5	64405341	65025593	0.120113	0.051230	0.028630	0.088111
Superscaffold5	65025632	65514660	0.157398	0.061668	0.035143	0.119634
Superscaffold5	65514667	66037772	-0.122090	-0.050492	-0.029257	-0.099056
Superscaffold5	66037797	66464098	-0.044195	-0.015080	-0.008912	-0.031704
Superscaffold5	66464189	66997946	0.107491	0.029829	0.020550	0.075512
Superscaffold5	66998130	67465788	-0.046296	-0.018621	-0.011206	-0.027817
Superscaffold5	67465820	68389912	0.181574	0.088290	0.052965	0.113751
Superscaffold5	68389928	68790924	-0.133302	-0.085551	-0.049435	-0.065015
Superscaffold5	68790953	69794542	-0.172009	-0.086796	-0.049076	-0.098955
Superscaffold5	69794608	70064730	-0.250674	-0.186134	-0.113077	-0.148860
Superscaffold5	70064818	71005281	-0.096418	-0.046126	-0.025441	-0.050666
Superscaffold5	71011377	71500995	0.031911	0.010235	0.006485	0.022468
Superscaffold5	71501010	72326556	0.113856	0.044028	0.026950	0.069853
Superscaffold5	72326574	72956407	-0.164448	-0.094777	-0.056686	-0.113143
Superscaffold5	72956497	73272253	-0.015738	-0.007047	-0.003805	-0.007488
Superscaffold5	73272664	73562366	-0.126503	-0.080061	-0.041737	-0.088473
Superscaffold5	73562377	73894915	0.367757	0.131516	0.089774	0.252701
Superscaffold5	73897527	74325078	0.231466	0.082986	0.048289	0.147754
Superscaffold5	74325080	74733307	-0.255576	-0.093859	-0.059291	-0.192600
Superscaffold5	74733317	75329112	-0.141546	-0.062672	-0.038371	-0.098364
Superscaffold5	75331033	75726571	0.334170	0.180118	0.122313	0.227784
Superscaffold5	75726679	76115618	-0.013331	-0.006135	-0.004062	-0.007790
Superscaffold5	76115629	76385315	0.236835	0.100742	0.070797	0.138801
Superscaffold5	76385626	76738838	0.082740	0.034011	0.020932	0.060980
Superscaffold5	76738955	77140052	0.163493	0.086588	0.048213	0.095465
Superscaffold5	77140090	77518810	0.272145	0.100320	0.062940	0.175736
Superscaffold5	77518859	77796226	-0.003160	-0.001129	-0.000773	-0.007028
Superscaffold5	77796252	78114836	-0.084529	-0.044273	-0.025775	-0.059506
Superscaffold5	78114863	78526251	-0.039226	-0.018120	-0.010336	-0.024253
Superscaffold5	78526427	79066717	0.003061	0.001101	0.000668	0.001420
Superscaffold5	79067065	79495855	-0.009263	-0.005532	-0.003490	-0.008253
Superscaffold5	79496119	80033488	0.015604	0.007603	0.004319	0.012497
Superscaffold5	80033497	80299550	-0.272752	-0.121943	-0.078485	-0.154311
Superscaffold5	80299627	80848297	-0.087040	-0.028787	-0.019886	-0.055180
Superscaffold5	80848582	81185042	-0.057179	-0.033651	-0.018946	-0.024714
Superscaffold5	81185043	81562570	-0.181632	-0.113337	-0.066098	-0.102730
Superscaffold5	81562648	81891895	-0.081991	-0.049146	-0.030330	-0.047334
Superscaffold5	81891932	82384977	0.151253	0.047607	0.031862	0.091264
Superscaffold6	376428	752960	-0.022472	-0.013305	-0.006721	-0.015489
Superscaffold6	753084	1086487	-0.029373	-0.010914	-0.008441	-0.017069
Superscaffold6	1086502	1451121	0.005809	0.002916	0.001877	-0.000170
Superscaffold6	1451303	1737206	-0.163063	-0.096376	-0.050568	-0.091459
Superscaffold6	1737207	2136750	0.224304	0.086984	0.050602	0.135755
Superscaffold6	2136913	2492718	0.018627	0.007590	0.004934	0.013888
Superscaffold6	2492734	3058108	0.033791	0.009533	0.006097	0.024780
Superscaffold6	3059731	3560128	0.051903	0.014557	0.009610	0.038856
Superscaffold6	3560140	4102131	-0.075501	-0.038165	-0.020838	-0.045469
Superscaffold6	4102177	4888589	0.036953	0.018138	0.010815	0.029078
Superscaffold6	4888662	5248634	-0.011289	-0.003647	-0.002528	-0.010497
Superscaffold6	5248713	5654662	0.083559	0.029662	0.018112	0.064813
Superscaffold6	5654694	6288096	0.167754	0.059599	0.036657	0.119239
Superscaffold6	6288147	6689696	-0.008507	-0.003041	-0.001908	-0.006845
Superscaffold6	6690489	6970358	0.025419	0.012039	0.007899	0.017571
Superscaffold6	6970524	7359277	0.036550	0.013685	0.009246	0.024361
Superscaffold6	7359278	7904850	-0.138002	-0.050707	-0.033138	-0.094832
Superscaffold6	7905035	8288865	-0.000718	-0.000264	-0.000178	-0.002667
Superscaffold6	8288868	8530339	-0.216745	-0.143798	-0.085324	-0.114806
Superscaffold6	8530395	9166446	0.188986	0.099143	0.054471	0.133089
Superscaffold6	9166587	9569859	0.549854	0.216221	0.145252	0.432966
Superscaffold6	9569930	9969496	0.328253	0.108269	0.071081	0.269745
Superscaffold6	9969594	10436281	-0.135052	-0.045194	-0.027061	-0.105001
Superscaffold6	10436439	11278285	0.082690	0.030059	0.018850	0.064426
Superscaffold6	11278300	11619839	0.269316	0.122154	0.070921	0.196459
Superscaffold6	11620029	12195022	0.229885	0.073318	0.048223	0.166767
Superscaffold6	12195584	12784750	0.067421	0.017950	0.010820	0.056053
Superscaffold6	12784786	13335337	0.071590	0.029503	0.016688	0.053995
Superscaffold6	13335362	13914807	0.243521	0.091188	0.050224	0.166257
Superscaffold6	13915549	14448201	-0.176525	-0.059322	-0.036069	-0.134601
Superscaffold6	14448366	14813744	-0.215759	-0.063404	-0.038857	-0.136761
Superscaffold6	14813756	15293100	0.258698	0.087587	0.050348	0.186186
Superscaffold6	15293122	15739731	-0.345192	-0.123902	-0.070078	-0.272950
Superscaffold6	15739961	16144977	0.271356	0.084165	0.054602	0.194003
Superscaffold6	16144984	16399863	-0.103046	-0.040235	-0.022585	-0.083442
Superscaffold6	16399885	16552961	0.027996	0.027419	0.011341	0.017812
Superscaffold6	16553105	16986638	0.251402	0.150367	0.057493	0.180399
Superscaffold6	16986652	17426745	0.123934	0.050269	0.026446	0.089499
Superscaffold6	17426768	17767641	-0.125161	-0.044453	-0.025254	-0.114278
Superscaffold6	17767648	18300702	0.235835	0.087162	0.051528	0.178738
Superscaffold6	18300717	18540150	0.135214	0.070234	0.045250	0.081098
Superscaffold6	18540231	18862659	0.609986	0.308570	0.175703	0.496216
Superscaffold6	18862733	19249760	0.061402	0.020968	0.011230	0.043872
Superscaffold6	19249867	19654602	0.384124	0.145045	0.080013	0.291979
Superscaffold6	19654653	20088904	0.538750	0.192099	0.118690	0.401958
Superscaffold6	20088952	20409776	0.139761	0.054490	0.031634	0.098339
Superscaffold6	20409832	20848961	-0.027915	-0.011785	-0.007278	-0.017148
Superscaffold6	20849126	21146785	-0.021730	-0.010733	-0.005992	-0.011286
Superscaffold6	21146792	21611430	0.143291	0.037076	0.022973	0.111366
Superscaffold6	21611459	22154173	0.324126	0.119823	0.070709	0.273717
Superscaffold6	22154202	22427780	0.285898	0.176776	0.081859	0.234625
Superscaffold6	22427873	22823104	0.004914	0.001512	0.000836	0.004534
Superscaffold6	22823477	23270727	0.223582	0.064718	0.039929	0.155229
Superscaffold6	23270750	23754169	0.323848	0.122688	0.068660	0.239555
Superscaffold6	23754953	24306416	0.367953	0.151736	0.086173	0.298776
Superscaffold6	24306419	24882991	0.297240	0.112279	0.067415	0.224143
Superscaffold6	24884368	25389611	-0.028618	-0.012619	-0.005773	-0.019893
Superscaffold6	25389769	25776252	0.363291	0.099160	0.067977	0.220836
Superscaffold6	25776524	26183257	0.067827	0.019728	0.011554	0.050072
Superscaffold6	26183328	26631421	0.447910	0.142443	0.095001	0.376112
Superscaffold6	26631592	26991038	0.010376	0.003642	0.002515	0.005997
Superscaffold6	26991083	27390124	0.089602	0.034475	0.021083	0.073339
Superscaffold6	27390161	27823396	0.292656	0.101176	0.058368	0.239513
Superscaffold6	27823538	28157087	0.174895	0.059264	0.038332	0.127306
Superscaffold6	28157121	28525282	-0.293182	-0.146902	-0.072760	-0.216455
Superscaffold6	28525397	28777759	0.170953	0.082419	0.049552	0.132363
Superscaffold6	28777772	29147773	0.297897	0.114689	0.069239	0.214388
Superscaffold6	29148053	29697870	0.118221	0.035153	0.021385	0.094862
Superscaffold6	29697941	30298237	0.102531	0.033511	0.019288	0.083407
Superscaffold6	30298798	31094094	0.048840	0.014209	0.009011	0.036972
Superscaffold6	31094571	31462685	-0.074807	-0.029361	-0.017370	-0.052655
Superscaffold6	31462917	31934919	-0.069649	-0.024950	-0.016412	-0.056606
Superscaffold6	31934951	32225644	0.462435	0.167935	0.122579	0.387098
Superscaffold6	32226371	32602603	0.511855	0.220612	0.133388	0.420303
Superscaffold6	32603774	32935053	0.116326	0.047108	0.028989	0.073783
Superscaffold6	32935058	33673252	-0.007679	-0.003265	-0.002022	-0.001464
Superscaffold6	33673280	34149757	-0.056744	-0.018185	-0.010887	-0.038224
Superscaffold6	34149791	34694196	0.311502	0.105825	0.065538	0.243666
Superscaffold6	34694213	35304687	-0.037008	-0.011549	-0.007199	-0.023696
Superscaffold6	35304842	35782151	0.158561	0.084241	0.047316	0.112330
Superscaffold6	35782158	36133838	0.113574	0.045153	0.025032	0.088011
Superscaffold6	36133882	36550641	-0.019124	-0.005805	-0.003519	-0.014245
Superscaffold6	36550659	36960231	0.023332	0.007781	0.004428	0.014599
Superscaffold6	36961364	37436218	0.141766	0.049132	0.027635	0.113635
Superscaffold6	37436221	38116339	-0.022005	-0.005315	-0.003673	-0.016750
Superscaffold6	38116363	38527921	0.127655	0.043976	0.027476	0.094864
Superscaffold6	38528173	38977316	0.076297	0.021851	0.013162	0.063381
Superscaffold6	38977332	39480713	0.243499	0.072366	0.047672	0.198485
Superscaffold6	39480749	39845975	0.094483	0.036205	0.022494	0.069180
Superscaffold6	39846068	40247531	0.113677	0.035468	0.023089	0.078391
Superscaffold6	40247575	40817358	-0.230344	-0.089674	-0.053833	-0.156016
Superscaffold6	40817804	41247766	0.084375	0.036046	0.022997	0.051983
Superscaffold6	41248997	41646712	0.256706	0.091810	0.052989	0.176688
Superscaffold6	41646735	42030020	0.156453	0.062811	0.032292	0.119116
Superscaffold6	42030068	42542535	0.202120	0.069677	0.045169	0.133701
Superscaffold6	42542763	42909244	0.515619	0.232873	0.160209	0.423085
Superscaffold6	42909325	43339302	-0.160909	-0.062684	-0.041238	-0.108037
Superscaffold6	43339359	43825617	0.098037	0.030000	0.019547	0.072475
Superscaffold6	43825661	44255342	-0.127358	-0.035897	-0.020822	-0.084828
Superscaffold6	44255378	44716372	-0.090508	-0.029150	-0.017992	-0.074393
Superscaffold6	44716526	45249915	0.206529	0.068262	0.043665	0.161326
Superscaffold6	45249993	45680892	0.102918	0.027075	0.018909	0.080737
Superscaffold6	45680939	45997138	0.140880	0.050796	0.035477	0.102197
Superscaffold6	45997139	46430861	0.003547	0.001720	0.001147	0.000958
Superscaffold6	46430863	46866336	-0.126273	-0.070811	-0.041497	-0.075188
Superscaffold6	46866337	47305878	0.033840	0.013973	0.008527	0.020058
Superscaffold6	47305880	47810433	0.096248	0.025664	0.017209	0.067077
Superscaffold6	47811174	48789363	-0.024753	-0.008270	-0.004504	-0.016485
Superscaffold6	48789397	49114325	-0.100849	-0.034530	-0.023047	-0.072614
Superscaffold6	49114336	49483471	0.081008	0.032690	0.019140	0.050030
Superscaffold6	49483495	49959878	-0.071490	-0.023743	-0.013142	-0.052259
Superscaffold6	49959908	50391157	-0.242206	-0.103446	-0.062890	-0.171593
Superscaffold6	50391758	50882235	0.121349	0.042963	0.026031	0.097073
Superscaffold6	50882647	51690743	-0.056707	-0.015416	-0.010626	-0.043255
Superscaffold6	51690890	52188600	0.103263	0.035813	0.022221	0.067392
Superscaffold6	52188883	52689090	0.028509	0.011117	0.007728	0.017694
Superscaffold6	52689107	53127743	-0.019620	-0.006064	-0.004071	-0.010903
Superscaffold6	53127799	53690783	0.010195	0.003319	0.002038	0.011388
Superscaffold7	367871	634851	-0.134162	-0.080337	-0.045816	-0.065783
Superscaffold7	635200	1071228	-0.094526	-0.052284	-0.031047	-0.049333
Superscaffold7	1071243	1271543	0.077979	0.047262	0.028481	0.048399
Superscaffold7	1271613	1509197	0.078592	0.052703	0.032512	0.048220
Superscaffold7	1509287	1804548	0.066065	0.028662	0.019620	0.049751
Superscaffold7	1804699	2926941	-0.150807	-0.035554	-0.026082	-0.084314
Superscaffold7	2926998	3499171	0.026577	0.007674	0.005445	0.019110
Superscaffold7	3499183	3793634	0.156958	0.104554	0.061132	0.094755
Superscaffold7	3793653	4311215	0.067533	0.033100	0.022716	0.028220
Superscaffold7	4311315	4573306	-0.247739	-0.196214	-0.113777	-0.167420
Superscaffold7	4573319	4953163	0.012578	0.004189	0.003253	0.006218
Superscaffold7	4953274	5245617	0.028105	0.018114	0.011797	0.014676
Superscaffold7	5245779	5473341	0.012850	0.009621	0.006254	0.008403
Superscaffold7	5473356	5693079	-0.000428	-0.000346	-0.000200	0.002283
Superscaffold7	5693110	5893497	0.065669	0.062601	0.034512	0.037346
Superscaffold7	5893584	6093531	0.212521	0.185623	0.113372	0.121217
Superscaffold7	6093583	6337717	0.038861	0.029086	0.019648	0.021005
Superscaffold7	6337733	7338728	-0.050424	-0.019538	-0.013465	-0.026411
Superscaffold7	7338750	7528636	0.088243	0.069557	0.038229	0.042451
Superscaffold7	7528646	7822083	0.056167	0.041667	0.025586	0.028996
Superscaffold7	7822090	8103058	-0.138892	-0.090544	-0.051817	-0.086925
Superscaffold7	8103063	8356247	-0.028189	-0.012755	-0.008203	-0.019643
Superscaffold7	8356250	8905504	0.441210	0.148124	0.117621	0.298355
Superscaffold7	8905582	9216718	-0.065143	-0.024561	-0.015482	-0.046075
Superscaffold7	9217144	9951613	-0.019489	-0.007699	-0.005091	-0.011507
Superscaffold7	9951619	10413539	0.070412	0.016633	0.012220	0.045542
Superscaffold7	10413554	10725453	0.152586	0.087510	0.054237	0.086182
Superscaffold7	10725589	11127761	-0.031357	-0.015324	-0.009607	-0.010278
Superscaffold7	11127762	11514410	0.132319	0.060674	0.035259	0.105059
Superscaffold7	11514427	11739328	0.107704	0.051874	0.029558	0.070519
Superscaffold7	11739353	11972283	0.145526	0.084559	0.051792	0.099960
Superscaffold7	11972295	12401172	0.073911	0.027793	0.017888	0.051232
Superscaffold7	12401208	12810118	-0.094461	-0.037811	-0.021290	-0.064369
Superscaffold7	12810154	13265968	0.365613	0.137761	0.087357	0.247359
Superscaffold7	13265992	14003845	0.219344	0.094192	0.057212	0.138052
Superscaffold7	14003922	14548763	0.056187	0.018169	0.011897	0.039869
Superscaffold7	14548807	14795887	-0.055754	-0.024087	-0.013374	-0.039439
Superscaffold7	14796034	15210211	0.384314	0.125032	0.083741	0.303430
Superscaffold7	15210238	15821405	0.262174	0.104994	0.053181	0.183501
Superscaffold7	15821456	16260332	-0.273453	-0.131861	-0.072890	-0.183259
Superscaffold7	16260364	16647080	0.266523	0.106614	0.072324	0.176180
Superscaffold7	16647086	17143669	0.228994	0.101289	0.058561	0.145101
Superscaffold7	17143670	17467370	0.037471	0.010749	0.006522	0.032670
Superscaffold7	17467563	17874298	0.485886	0.194058	0.113627	0.340828
Superscaffold7	17874488	18178546	0.365624	0.157653	0.086845	0.263060
Superscaffold7	18179133	18806112	0.001566	0.000331	0.000188	0.003369
Superscaffold7	18806141	19298100	0.040553	0.007159	0.004779	0.030802
Superscaffold7	19298104	19568121	-0.024792	-0.007875	-0.005287	-0.011801
Superscaffold7	19568136	20024103	-0.221239	-0.049524	-0.032077	-0.142242
Superscaffold7	20024117	20319191	0.191438	0.069737	0.044395	0.135459
Superscaffold7	20320046	20646846	0.492941	0.195891	0.109808	0.360487
Superscaffold7	20646892	21020219	0.208897	0.102436	0.055245	0.153642
Superscaffold7	21020255	21337205	-0.120434	-0.045826	-0.023358	-0.096448
Superscaffold7	21337206	21549452	0.190035	0.065642	0.040939	0.144264
Superscaffold7	21549539	21891307	0.129050	0.041807	0.021981	0.095443
Superscaffold7	21891403	22530716	0.105979	0.038153	0.022708	0.077766
Superscaffold7	22530723	22856890	0.178182	0.083915	0.047306	0.130332
Superscaffold7	22856970	23079519	-0.408527	-0.204304	-0.111966	-0.302012
Superscaffold7	23079521	23347223	-0.366516	-0.168790	-0.088549	-0.249251
Superscaffold7	23347243	23800252	0.112242	0.028698	0.018569	0.071669
Superscaffold7	23800262	24152828	0.178326	0.084733	0.049951	0.104750
Superscaffold7	24152945	24415398	0.403400	0.176308	0.110090	0.263887
Superscaffold7	24415447	24711365	0.371498	0.146786	0.083777	0.294909
Superscaffold7	24711409	25046089	-0.034850	-0.020257	-0.010992	-0.016322
Superscaffold7	25046092	25455096	0.040063	0.016290	0.010264	0.024206
Superscaffold7	25455104	25748165	0.007472	0.003859	0.002032	0.005886
Superscaffold7	25749076	26122336	0.318022	0.111607	0.065006	0.239947
Superscaffold7	26122872	26729086	0.242586	0.111027	0.059837	0.169581
Superscaffold7	26729154	27106309	-0.033934	-0.011913	-0.007351	-0.024196
Superscaffold7	27106792	27371823	0.003123	0.001646	0.001005	0.002746
Superscaffold7	27371825	27795983	-0.149129	-0.052519	-0.032938	-0.098291
Superscaffold7	27795993	28195749	0.252163	0.077088	0.048156	0.197286
Superscaffold7	28195971	28518440	-0.112020	-0.038652	-0.024092	-0.086115
Superscaffold7	28518520	28894022	-0.005093	-0.001440	-0.000931	-0.004248
Superscaffold7	28894387	29385039	0.084715	0.029760	0.017485	0.054921
Superscaffold7	29385043	29817983	-0.263377	-0.091213	-0.054972	-0.192909
Superscaffold7	29818032	30238354	-0.025008	-0.006861	-0.004451	-0.019184
Superscaffold7	30238362	30690454	0.103603	0.037628	0.023623	0.071281
Superscaffold7	30690505	31141909	0.041956	0.013458	0.008010	0.032294
Superscaffold7	31142284	31756823	0.036988	0.016052	0.010114	0.021553
Superscaffold7	31756986	32075731	0.001801	0.000788	0.000430	0.004763
Superscaffold7	32075745	32431526	0.060144	0.027976	0.012108	0.038712
Superscaffold7	32432767	32819211	-0.026640	-0.009902	-0.005121	-0.017426
Superscaffold7	32819227	33175494	0.087147	0.032347	0.019029	0.071951
Superscaffold7	33175495	33512162	-0.131939	-0.048708	-0.028956	-0.077841
Superscaffold7	33512223	33920259	-0.046819	-0.018094	-0.012532	-0.029864
Superscaffold7	33920267	34346911	-0.032868	-0.014103	-0.007858	-0.019902
Superscaffold7	34346977	34692055	-0.007170	-0.003223	-0.001974	0.002715
Superscaffold7	34692066	34996041	-0.019919	-0.008980	-0.005423	-0.011672
Superscaffold7	34996154	35641582	-0.012447	-0.004246	-0.002763	-0.010969
Superscaffold7	35641800	36046411	0.234697	0.070649	0.046137	0.187051
Superscaffold7	36046862	36399767	0.140111	0.073479	0.043124	0.108972
Superscaffold7	36399797	36786471	0.007399	0.003015	0.001846	0.006288
Superscaffold7	36786506	37314850	0.216053	0.069431	0.046073	0.154877
Superscaffold7	37315003	37681472	0.067674	0.030088	0.015608	0.052252
Superscaffold7	37681475	37955559	0.674211	0.450181	0.264369	0.588110
Superscaffold7	37955593	38368551	0.373071	0.149208	0.091216	0.295475
Superscaffold7	38368587	38781115	0.103859	0.038584	0.024113	0.071870
Superscaffold7	38781123	39075251	0.230578	0.117659	0.074054	0.136347
Superscaffold7	39075489	39352299	0.328482	0.188237	0.114215	0.237200
Superscaffold7	39352331	39733452	0.024412	0.009157	0.005577	0.014119
Superscaffold7	39733467	40320778	0.001953	0.000915	0.000547	0.002508
Superscaffold7	40320793	40736776	0.427298	0.191919	0.108218	0.343259
Superscaffold7	40737077	41449445	0.093163	0.035194	0.020921	0.073528
Superscaffold7	41449458	41840457	-0.103612	-0.043777	-0.028441	-0.071331
Superscaffold7	41840553	42140028	0.174235	0.077234	0.052177	0.119957
Superscaffold7	42140093	42493859	-0.019346	-0.007175	-0.004783	-0.013169
Superscaffold7	42493883	42976465	0.081971	0.045407	0.025417	0.053159
Superscaffold7	42976481	43324070	-0.042473	-0.022761	-0.013322	-0.035517
Superscaffold7	43324075	43879372	0.051146	0.024563	0.014220	0.037984
Superscaffold7	43879446	44213954	-0.096954	-0.035544	-0.026239	-0.059064
Superscaffold7	44214568	44496915	0.085065	0.037680	0.026015	0.045657
Superscaffold7	44496932	44884729	-0.118627	-0.055077	-0.036723	-0.069911
Superscaffold7	44884996	45187671	-0.057591	-0.031415	-0.020207	-0.029548
Superscaffold7	45187700	45496413	0.018314	0.009461	0.006668	0.015821
Superscaffold7	45496463	45808906	0.024207	0.010281	0.007127	0.014057
Superscaffold7	45809123	46144653	-0.085942	-0.039323	-0.026585	-0.059373
Superscaffold7	46145169	46447672	0.056977	0.022438	0.015675	0.034350
Superscaffold7	46447677	46999768	0.010084	0.004793	0.003099	0.005014
Superscaffold7	46999772	47937102	-0.112506	-0.055648	-0.034346	-0.069740
Superscaffold7	47937376	48256899	0.055549	0.021388	0.013108	0.035534
Superscaffold7	48256908	48588734	-0.131634	-0.067159	-0.034801	-0.093981
Superscaffold7	48589015	49009900	0.030532	0.011859	0.006412	0.019707
Superscaffold7	49009920	49427813	-0.032701	-0.012999	-0.007689	-0.020746
Superscaffold8	346536	795920	-0.504834	-0.338521	-0.156381	-0.378377
Superscaffold8	796206	1114550	0.063630	0.033708	0.020185	0.041983
Superscaffold8	1114558	1435961	-0.492948	-0.367356	-0.181745	-0.369630
Superscaffold8	1435978	1996445	-0.356440	-0.225556	-0.117059	-0.220347
Superscaffold8	1998173	2324260	-0.028825	-0.014767	-0.008766	-0.019352
Superscaffold8	2324559	2520215	0.128339	0.088253	0.059053	0.066479
Superscaffold8	2520230	3282778	-0.038058	-0.017153	-0.011122	-0.027185
Superscaffold8	3282823	3747722	0.196650	0.093748	0.061889	0.130368
Superscaffold8	3747785	4061076	-0.157961	-0.063643	-0.043800	-0.107162
Superscaffold8	4061119	4370733	0.009407	0.004798	0.002682	0.006795
Superscaffold8	4370738	4800382	0.045235	0.021873	0.013717	0.031576
Superscaffold8	4800503	5294739	0.053323	0.029359	0.016727	0.026583
Superscaffold8	5294752	5645211	-0.090295	-0.070003	-0.039953	-0.045804
Superscaffold8	5645434	6074132	-0.081099	-0.043316	-0.027509	-0.039250
Superscaffold8	6074250	6550204	0.109955	0.064525	0.043469	0.075707
Superscaffold8	6550378	6883161	0.045509	0.023336	0.016187	0.027499
Superscaffold8	6883166	7138517	0.107109	0.059450	0.039441	0.064831
Superscaffold8	7138690	7453509	0.275007	0.173683	0.106820	0.187091
Superscaffold8	7453609	7923726	0.100180	0.036933	0.022813	0.064724
Superscaffold8	7923876	8653300	0.118722	0.051725	0.032215	0.078751
Superscaffold8	8653351	9014476	0.118161	0.061060	0.033531	0.062892
Superscaffold8	9014484	9333694	-0.026480	-0.011285	-0.006174	-0.017339
Superscaffold8	9333704	9893428	0.081256	0.033721	0.021077	0.046822
Superscaffold8	9893606	10441237	-0.022072	-0.009572	-0.004975	-0.013384
Superscaffold8	10441265	10767505	-0.272547	-0.139132	-0.075046	-0.182446
Superscaffold8	10767604	11071431	0.048953	0.031166	0.020169	0.031148
Superscaffold8	11071527	11293951	0.195501	0.128073	0.079486	0.128659
Superscaffold8	11293953	11726115	0.243705	0.092434	0.058924	0.160196
Superscaffold8	11726204	12122075	-0.007305	-0.002339	-0.001710	-0.003044
Superscaffold8	12122838	12551330	0.201597	0.069220	0.050967	0.134591
Superscaffold8	12551444	12823336	-0.081325	-0.053025	-0.032357	-0.046590
Superscaffold8	12823338	13324509	0.141526	0.062731	0.036519	0.091468
Superscaffold8	13324636	13689789	0.206625	0.064077	0.041743	0.127331
Superscaffold8	13689972	14093717	0.145673	0.046057	0.030664	0.103868
Superscaffold8	14094277	14413590	0.352586	0.117760	0.087554	0.255386
Superscaffold8	14413689	14866367	0.466449	0.204776	0.126960	0.350505
Superscaffold8	14866571	15166878	0.232894	0.145563	0.095019	0.178313
Superscaffold8	15166881	15543507	-0.062877	-0.019376	-0.010662	-0.036778
Superscaffold8	15543540	15830461	0.046404	0.028715	0.017407	0.026286
Superscaffold8	15830535	16390106	-0.186397	-0.088246	-0.057926	-0.122428
Superscaffold8	16390219	16814702	-0.012671	-0.004209	-0.002619	-0.001904
Superscaffold8	16814880	17115691	-0.250477	-0.083662	-0.056936	-0.177067
Superscaffold8	17116016	17387540	0.067544	0.041269	0.019432	0.014365
Superscaffold8	17387624	17900429	-0.017204	-0.006552	-0.004216	-0.006032
Superscaffold8	17900493	18134264	0.107476	0.048460	0.031841	0.059267
Superscaffold8	18134514	18373080	0.200366	0.143275	0.082163	0.117743
Superscaffold8	18373293	18750022	0.194786	0.070755	0.047097	0.136881
Superscaffold8	18750034	19095133	0.058413	0.024683	0.014467	0.043794
Superscaffold8	19095137	19419680	-0.238803	-0.082588	-0.057448	-0.165458
Superscaffold8	19419791	19697713	0.054098	0.034671	0.018852	0.039864
Superscaffold8	19709999	20101770	-0.223914	-0.112877	-0.060676	-0.142194
Superscaffold8	20101904	20359169	-0.093673	-0.041250	-0.025430	-0.068782
Superscaffold8	20359191	20760657	0.030142	0.009081	0.005733	0.021546
Superscaffold8	20760832	21010548	0.381707	0.167097	0.093403	0.269721
Superscaffold8	21010894	21498293	0.184509	0.050883	0.032974	0.131565
Superscaffold8	21498566	21743933	0.704881	0.290958	0.175172	0.646539
Superscaffold8	21744073	21992362	0.420768	0.175658	0.104475	0.375836
Superscaffold8	21992363	22324200	0.241840	0.073453	0.045537	0.197536
Superscaffold8	22324210	22671232	0.312336	0.110568	0.058176	0.259540
Superscaffold8	22671261	23124354	0.213120	0.046071	0.029462	0.158507
Superscaffold8	23124689	23492722	0.470654	0.194736	0.100810	0.433578
Superscaffold8	23492737	23770359	0.761075	0.383889	0.215364	0.695990
Superscaffold8	23770715	24619108	0.070684	0.010912	0.007577	0.055038
Superscaffold8	24619109	24968342	0.192222	0.071039	0.045050	0.144451
Superscaffold8	24968416	25579964	-0.016234	-0.003921	-0.002320	-0.009934
Superscaffold8	25579970	26020542	0.179950	0.073010	0.042619	0.154469
Superscaffold8	26020632	26371622	0.077855	0.024274	0.014737	0.063155
Superscaffold8	26371768	26976089	0.319530	0.090908	0.061816	0.255193
Superscaffold8	26976221	27339744	0.122276	0.045180	0.025353	0.090695
Superscaffold8	27339778	27781712	-0.003731	-0.001152	-0.000757	-0.003336
Superscaffold8	27781765	28188032	0.239037	0.067538	0.042781	0.188063
Superscaffold8	28188061	28914985	0.229365	0.071537	0.043828	0.173622
Superscaffold8	28914990	29419308	-0.016230	-0.003961	-0.002312	-0.009465
Superscaffold8	29419353	29735430	0.283923	0.174200	0.110130	0.188861
Superscaffold8	29735443	29925127	0.554982	0.302323	0.191488	0.407323
Superscaffold8	29925945	30304530	0.102133	0.024599	0.018221	0.073962
Superscaffold8	30304578	30645230	0.664570	0.222254	0.142784	0.608835
Superscaffold8	30645762	30890867	-0.183704	-0.093102	-0.050457	-0.112155
Superscaffold8	30890897	31445775	0.007895	0.002239	0.001280	0.004402
Superscaffold8	31445976	31779688	0.176264	0.063433	0.036760	0.110233
Superscaffold8	31779738	32287503	0.078260	0.024716	0.017291	0.053150
Superscaffold8	32287648	32680078	0.311048	0.109310	0.077209	0.236744
Superscaffold8	32680115	33496999	-0.044213	-0.016638	-0.009984	-0.027031
Superscaffold8	33497047	33839113	-0.335587	-0.108953	-0.069967	-0.231016
Superscaffold8	33839131	34253734	0.064269	0.017633	0.011163	0.047767
Superscaffold8	34253849	34573038	0.202713	0.084709	0.051446	0.087706
Superscaffold8	34573039	34879379	-0.119142	-0.050992	-0.030395	-0.076202
Superscaffold8	34879491	35363328	0.245544	0.067069	0.044808	0.171207
Superscaffold8	35363442	35833888	-0.047841	-0.017278	-0.010290	-0.034279
Superscaffold8	35833898	36362877	0.125779	0.047932	0.029959	0.077989
Superscaffold8	36363031	36811836	-0.107985	-0.023277	-0.017387	-0.075423
Superscaffold8	36811900	37575560	0.045158	0.013260	0.009663	0.026912
Superscaffold8	37575632	37965909	0.134867	0.047400	0.030958	0.081335
Superscaffold8	37965934	38388001	-0.000321	-0.000114	-0.000080	0.003561
Superscaffold8	38388095	38732983	-0.182527	-0.060509	-0.043612	-0.134943
Superscaffold8	38733006	39121823	0.125474	0.060543	0.040076	0.082775
Superscaffold8	39122145	39636736	0.082674	0.039244	0.023123	0.059191
Superscaffold8	39637020	40087147	-0.041659	-0.021010	-0.013240	-0.027752
Superscaffold8	40087178	40524130	-0.008231	-0.002395	-0.001574	-0.002673
Superscaffold8	40524315	40895650	-0.122532	-0.058684	-0.033577	-0.090622
Superscaffold8	40895678	41256867	0.143559	0.077866	0.050185	0.080323
Superscaffold8	41256891	41568629	0.315838	0.161000	0.093159	0.206904
Superscaffold8	41568672	42157358	-0.012790	-0.004897	-0.003211	-0.010124
Superscaffold8	42157513	43088879	-0.088069	-0.035290	-0.020212	-0.052158
Superscaffold8	43089189	43688317	0.126169	0.046104	0.029138	0.089879
Superscaffold8	43688359	44047035	-0.051988	-0.020930	-0.013745	-0.039519
Superscaffold8	44047235	44704815	0.047782	0.016851	0.010359	0.030276
Superscaffold8	44705961	45417934	0.156814	0.045924	0.029305	0.105497
Superscaffold8	45418044	46026850	0.236398	0.049496	0.033724	0.195123
Superscaffold8	46027058	46524812	0.480661	0.147227	0.098471	0.414607
Superscaffold8	46526861	47199934	0.257289	0.091817	0.051836	0.204083
Superscaffold8	47199974	47854992	0.029799	0.011239	0.006702	0.019756
Superscaffold8	47855054	48315393	0.490641	0.177351	0.099361	0.408038
Superscaffold8	48315438	48874173	0.282093	0.074393	0.050362	0.199598
Superscaffold8	48874223	49325041	0.244411	0.079739	0.049262	0.197989
Superscaffold8	49325181	49690259	0.396741	0.177026	0.097587	0.290236
Superscaffold8	49690844	50225119	0.020614	0.005974	0.003651	0.006701
Superscaffold8	50225977	50921526	-0.034909	-0.009343	-0.005657	-0.024678
Superscaffold8	50921695	51238122	-0.050413	-0.022370	-0.013478	-0.039538
Superscaffold8	51239585	51608900	0.219052	0.075414	0.043190	0.172521
Superscaffold8	51609033	51962900	0.075358	0.028924	0.017704	0.059622
Superscaffold8	51962936	52368713	0.407988	0.169487	0.090852	0.316232
Superscaffold8	52368731	52872282	-0.170337	-0.068360	-0.041612	-0.119290
Superscaffold8	52872363	53538324	0.131874	0.039918	0.027347	0.087667
Superscaffold8	53538387	53847051	0.222939	0.132014	0.077869	0.122589
Superscaffold8	53847059	54335035	0.235686	0.119583	0.053528	0.171290
Superscaffold8	54335241	54730093	-0.112192	-0.043986	-0.027668	-0.077742
Superscaffold8	54730095	55189203	0.145072	0.053123	0.032740	0.107485
Superscaffold8	55189376	55829961	0.052806	0.012317	0.007864	0.041604
Superscaffold8	55830360	56315803	0.017764	0.006807	0.004142	0.014666
Superscaffold8	56316403	56931138	0.027361	0.011706	0.007023	0.022156
Superscaffold8	56931256	57466563	0.214523	0.091134	0.050685	0.143320
Superscaffold8	57467026	58147546	0.100990	0.033404	0.021625	0.072374
Superscaffold8	58147547	58766799	0.074131	0.034604	0.020198	0.042176
Superscaffold8	58766805	59135256	0.403027	0.150564	0.096010	0.273188
Superscaffold8	59139708	59547945	0.039517	0.015656	0.009329	0.027901
Superscaffold8	59548158	59935251	0.029583	0.016615	0.007627	0.019485
Superscaffold8	59935343	60366278	0.300034	0.133965	0.080559	0.196349
Superscaffold8	60366348	60800105	-0.083353	-0.038737	-0.022869	-0.049590
Superscaffold8	60800116	61256040	0.053348	0.021431	0.013079	0.038157
Superscaffold8	61256382	61714474	0.125234	0.045904	0.032994	0.083082
Superscaffold8	61714575	62188889	0.199470	0.093552	0.056100	0.132106
Superscaffold8	62188905	62508997	0.257487	0.116201	0.073295	0.167294
Superscaffold8	62509191	62902039	-0.010964	-0.004116	-0.002451	-0.005478
Superscaffold8	62902048	63174974	-0.402172	-0.208303	-0.123148	-0.270007
Superscaffold8	63174984	63738227	0.071333	0.026376	0.017212	0.049283
Superscaffold8	63738325	64246477	0.039307	0.011755	0.007078	0.029347
Superscaffold8	64248030	65034995	-0.022125	-0.007582	-0.004584	-0.019862
Superscaffold8	65035008	65534158	-0.080068	-0.025606	-0.015294	-0.057834
Superscaffold8	65534175	66348759	0.170033	0.037054	0.025106	0.123431
Superscaffold9	258333	480274	-0.024784	-0.013940	-0.008899	-0.011405
Superscaffold9	480324	989924	-0.011519	-0.007972	-0.004378	-0.001100
Superscaffold9	989926	1220823	-0.058512	-0.055674	-0.030809	-0.032179
Superscaffold9	1220849	1425449	0.178978	0.135847	0.083573	0.102298
Superscaffold9	1425524	1948925	-0.038717	-0.035203	-0.020112	-0.021895
Superscaffold9	1948946	2117845	0.098350	0.071973	0.047632	0.056480
Superscaffold9	2117884	2335513	0.129216	0.103659	0.062994	0.062538
Superscaffold9	2336453	2620126	-0.016795	-0.012490	-0.007514	0.001627
Superscaffold9	2620163	3058112	-0.140509	-0.112399	-0.058369	-0.074938
Superscaffold9	3058189	3365442	-0.037296	-0.026634	-0.015470	-0.017265
Superscaffold9	3365469	4057128	-0.075028	-0.054569	-0.032651	-0.034745
Superscaffold9	4057132	4423189	0.114643	0.072827	0.043132	0.078219
Superscaffold9	4423217	4900471	0.012273	0.007889	0.004517	0.005677
Superscaffold9	4900478	5127656	0.005506	0.003398	0.002060	-0.000925
Superscaffold9	5127728	5519850	-0.062236	-0.029691	-0.016976	-0.036977
Superscaffold9	5519873	5830442	0.062225	0.024992	0.016830	0.035475
Superscaffold9	5830451	6351607	0.129420	0.050003	0.034190	0.079387
Superscaffold9	6351733	6790141	0.323044	0.117437	0.082090	0.221836
Superscaffold9	6790210	7286567	0.176292	0.057323	0.036266	0.124938
Superscaffold9	7286572	7789978	0.384756	0.157907	0.092000	0.273085
Superscaffold9	7790063	8132196	0.271663	0.107702	0.067926	0.158832
Superscaffold9	8132209	8462266	0.112305	0.043089	0.027119	0.075265
Superscaffold9	8462289	8882973	-0.142103	-0.083565	-0.048176	-0.084157
Superscaffold9	8883103	9314929	0.079357	0.042825	0.028916	0.049307
Superscaffold9	9314940	9956243	-0.018042	-0.005040	-0.003302	-0.011099
Superscaffold9	9956257	10604523	-0.044907	-0.014827	-0.009591	-0.022853
Superscaffold9	10608526	11220594	-0.193977	-0.100820	-0.056722	-0.125692
Superscaffold9	11220619	11875876	0.085798	0.035192	0.022226	0.041364
Superscaffold9	11875988	12303753	-0.094788	-0.040624	-0.025991	-0.064547
Superscaffold9	12303807	12678144	0.031894	0.013065	0.007927	0.022043
Superscaffold9	12678148	13029522	0.520910	0.238979	0.142166	0.430380
Superscaffold9	13029525	13874003	0.154954	0.087460	0.045267	0.109343
Superscaffold9	13884882	14299586	-0.123150	-0.061082	-0.035703	-0.078093
Superscaffold9	14299610	14706903	-0.203183	-0.058180	-0.039849	-0.123263
Superscaffold9	14707759	15279815	0.188758	0.065879	0.039996	0.128597
Superscaffold9	15279843	15646745	-0.152870	-0.068677	-0.044511	-0.108706
Superscaffold9	15646801	16069005	-0.068804	-0.024179	-0.015002	-0.043912
Superscaffold9	16069115	16378003	0.060779	0.018794	0.012303	0.050818
Superscaffold9	16378035	16826849	-0.391592	-0.103765	-0.057596	-0.317635
Superscaffold9	16826850	17223751	0.047614	0.009982	0.006941	0.031440
Superscaffold9	17223752	17651459	-0.022360	-0.006777	-0.004109	-0.010691
Superscaffold9	17651701	17965459	0.053664	0.023901	0.014113	0.034409
Superscaffold9	17965481	18232280	0.255399	0.116580	0.069095	0.164460
Superscaffold9	18232332	19250095	0.037837	0.013705	0.008789	0.027221
Superscaffold9	19250164	20339465	0.118927	0.039316	0.026551	0.074328
Superscaffold9	20339534	20650733	0.073126	0.028743	0.018727	0.046569
Superscaffold9	20650802	21012970	0.100757	0.035532	0.024369	0.074743
Superscaffold9	21012977	21349501	-0.111635	-0.035449	-0.022969	-0.081003
Superscaffold9	21349585	21625931	0.099682	0.045975	0.031849	0.062838
Superscaffold9	21625966	21950152	-0.223789	-0.106979	-0.060591	-0.120947
Superscaffold9	21950186	22408757	-0.220074	-0.076138	-0.047384	-0.158685
Superscaffold9	22408836	23164011	-0.378603	-0.127780	-0.069086	-0.283311
Superscaffold9	23164122	23554201	-0.291297	-0.156112	-0.081982	-0.205011
Superscaffold9	23554215	23825297	-0.117467	-0.050225	-0.026813	-0.077817
Superscaffold9	23825354	24153883	0.305406	0.161568	0.108902	0.191636
Superscaffold9	24153902	24553758	0.203498	0.077193	0.054029	0.119552
Superscaffold9	24553950	24813483	0.159669	0.095633	0.053197	0.102010
Superscaffold9	24813511	25206524	-0.124520	-0.072846	-0.041920	-0.078169
Superscaffold9	25206564	25513177	-0.159397	-0.072352	-0.040944	-0.096296
Superscaffold9	25513201	26237414	0.195275	0.090156	0.057359	0.134629
Superscaffold9	26237498	26713922	-0.007778	-0.002605	-0.001574	-0.005814
Superscaffold9	26714029	27259197	0.033757	0.010094	0.007011	0.026426
Superscaffold9	27259217	27793343	0.164737	0.055606	0.034687	0.105006
Superscaffold9	27793489	28480622	-0.002755	-0.001190	-0.000696	-0.001850
Superscaffold9	28480663	28699944	0.007254	0.003904	0.002406	0.006066
Superscaffold9	28700188	29174301	-0.072677	-0.031226	-0.018356	-0.053893
Superscaffold9	29174323	29564188	0.064744	0.026388	0.015974	0.043246
Superscaffold9	29564192	29996250	0.021648	0.007389	0.005039	0.016696
Superscaffold9	29996285	30291826	0.091942	0.041499	0.023384	0.055879
Superscaffold9	30291844	30656383	-0.022467	-0.007449	-0.004176	-0.019791
Superscaffold9	30656439	31096805	0.338956	0.136913	0.079125	0.227782
Superscaffold9	31098553	31752796	0.147556	0.063098	0.041150	0.097980
Superscaffold9	31752869	31993712	0.216132	0.111160	0.067586	0.151512
Superscaffold9	31993781	32276942	0.108845	0.049514	0.030716	0.082379
Superscaffold9	32276947	32632775	-0.194634	-0.087836	-0.053441	-0.128318
Superscaffold9	32643034	32976622	0.113689	0.051015	0.036704	0.096665
Superscaffold9	32976697	33525047	0.196578	0.058170	0.037053	0.133203
Superscaffold9	33525118	34094521	0.378107	0.116062	0.083280	0.297608
Superscaffold9	34094614	34487889	-0.095715	-0.034985	-0.022741	-0.071897
Superscaffold9	34487933	34713705	-0.684269	-0.942729	-0.357230	-0.553645
Superscaffold9	34713725	34927173	-0.845554	-0.551354	-0.255094	-0.663759
Superscaffold9	34927236	35276869	0.240877	0.102396	0.065998	0.175001
Superscaffold9	35276954	35992880	0.312499	0.090303	0.057180	0.218924
Superscaffold9	35995435	36338885	0.286607	0.137488	0.076484	0.170632
Superscaffold9	36338906	36591251	-0.178195	-0.073400	-0.049235	-0.104003
Superscaffold9	36591407	36919858	-0.236195	-0.088348	-0.052375	-0.188742
Superscaffold9	36919877	37419451	-0.154125	-0.037153	-0.024035	-0.100122
Superscaffold9	37419457	38028393	-0.019159	-0.004754	-0.003500	-0.012759
Superscaffold9	38028506	38497837	-0.059390	-0.027848	-0.015484	-0.038400
Superscaffold9	38497921	38882107	-0.050041	-0.016095	-0.009431	-0.033191
Superscaffold9	38882210	39319985	0.049589	0.011032	0.007300	0.039405
Superscaffold9	39320029	39658321	0.300699	0.082037	0.052757	0.197333
Superscaffold9	39658962	39974143	-0.054881	-0.024450	-0.015014	-0.034527
Superscaffold9	39974187	40502214	0.039818	0.015041	0.009706	0.030266
Superscaffold9	40502219	41006988	-0.109605	-0.041040	-0.026095	-0.061265
Superscaffold9	41007264	41507353	0.022070	0.008489	0.004762	0.021488
Superscaffold9	41507370	42240469	0.033322	0.012046	0.008029	0.019749
Superscaffold9	42240692	42576842	0.076938	0.028743	0.018809	0.044796
Superscaffold9	42576847	43033430	0.195104	0.096168	0.066453	0.120435
Superscaffold9	43033453	43454992	0.194783	0.064452	0.045297	0.133663
Superscaffold9	43455023	43953100	-0.064183	-0.023776	-0.016537	-0.044593
Superscaffold9	43953114	44225687	-0.169543	-0.074426	-0.053042	-0.095242
Superscaffold9	44225700	44776502	0.057418	0.031707	0.020691	0.034854
Superscaffold9	44776584	45016323	0.008021	0.005185	0.003462	0.002023
Superscaffold9	45016332	45472844	-0.042421	-0.016923	-0.011795	-0.029587
Superscaffold9	45475239	45922731	0.009362	0.003176	0.001951	0.009794
Superscaffold9	45922794	46986400	0.128093	0.030687	0.022897	0.087397
Superscaffold9	46986411	47255151	-0.117602	-0.046822	-0.033271	-0.072141
Superscaffold9	47255179	47864391	0.276092	0.132826	0.095351	0.199730
Superscaffold9	47864394	48218154	0.106413	0.042708	0.030454	0.061323
Superscaffold9	48218177	48755933	-0.063726	-0.026549	-0.017749	-0.035243
Superscaffold9	48759105	49139317	0.259238	0.142611	0.086807	0.180493
Superscaffold9	49139403	49483400	-0.055681	-0.018524	-0.012743	-0.022566
Superscaffold9	49483518	49686969	0.095948	0.052689	0.035988	0.050573
Superscaffold9	49687257	49999783	-0.015109	-0.011452	-0.006827	-0.005241
Superscaffold9	49999804	50528262	0.264161	0.100192	0.068725	0.169299
Superscaffold9	50528314	50827955	-0.022337	-0.012080	-0.006292	-0.009771
Superscaffold9	50828053	51085276	-0.201477	-0.147969	-0.072709	-0.122845
Superscaffold9	51085315	51385104	-0.093902	-0.052699	-0.027953	-0.049699
Superscaffold9	51385165	51675413	-0.039457	-0.018591	-0.011447	-0.032142
Superscaffold9	51675814	52050333	0.032231	0.013714	0.009308	0.019953
Superscaffold9	52050353	52303880	0.036580	0.020686	0.012609	0.020523
Superscaffold9	52303928	52634227	0.159209	0.096741	0.056894	0.097706
Superscaffold9	52634314	52865572	-0.181368	-0.112385	-0.063452	-0.102514
Superscaffold9	52865593	53103214	0.015045	0.008335	0.005396	0.013053
Superscaffold9	53103632	53367739	0.016180	0.008556	0.005402	0.009978
Superscaffold9	53367744	53654132	-0.038770	-0.023803	-0.014556	-0.030759
Superscaffold9	53654170	53848808	-0.013783	-0.008307	-0.004865	-0.006674
Superscaffold9	53848818	54299097	0.021621	0.009945	0.006799	0.007289
Superscaffold9	54299158	54663708	-0.031730	-0.015267	-0.010871	-0.022393
Superscaffold9	54663709	54971604	0.035164	0.017514	0.011292	0.020890
Superscaffold9	54971653	55240720	-0.085124	-0.068148	-0.042271	-0.054953
Superscaffold9	55240723	56064425	-0.083834	-0.042141	-0.026980	-0.038082
Superscaffold9	56064428	56483063	0.061360	0.025021	0.017262	0.032951
Superscaffold9	56483322	56898060	0.564162	0.302917	0.205744	0.415182
Superscaffold10	334747	662482	0.059824	0.030034	0.016974	0.036078
Superscaffold10	662571	1256925	-0.015775	-0.007825	-0.004576	-0.008501
Superscaffold10	1264411	1576117	-0.274141	-0.218714	-0.104761	-0.175555
Superscaffold10	1576119	1984601	0.106609	0.040264	0.025122	0.062941
Superscaffold10	1984744	2442944	-0.050678	-0.019155	-0.011137	-0.032954
Superscaffold10	2443031	2805235	0.002277	0.000698	0.000441	0.004529
Superscaffold10	2805486	3219304	-0.080215	-0.031759	-0.018111	-0.050866
Superscaffold10	3219355	3445110	0.005882	0.003083	0.001856	0.011141
Superscaffold10	3445169	4459922	0.119626	0.040998	0.021617	0.091958
Superscaffold10	4459945	5641917	0.115164	0.038508	0.026844	0.073798
Superscaffold10	5642080	6122087	-0.014726	-0.006478	-0.004092	-0.009104
Superscaffold10	6122423	6499149	0.077075	0.041859	0.023222	0.054619
Superscaffold10	6499151	7171106	0.044507	0.019671	0.011576	0.035504
Superscaffold10	7171126	7550456	0.087163	0.040907	0.026092	0.056772
Superscaffold10	7550738	8070812	0.156545	0.067698	0.043198	0.117306
Superscaffold10	8070900	8382575	0.061619	0.031166	0.017457	0.039728
Superscaffold10	8382675	8884458	-0.017370	-0.006482	-0.003569	-0.013859
Superscaffold10	8884558	9594995	0.105010	0.038673	0.024049	0.071727
Superscaffold10	9595130	10105635	0.143778	0.059004	0.034679	0.090159
Superscaffold10	10105703	10432501	0.033165	0.014355	0.008236	0.016552
Superscaffold10	10432502	10661547	0.102958	0.058465	0.034490	0.063457
Superscaffold10	10661577	11430912	0.198302	0.089987	0.052145	0.145598
Superscaffold10	11430938	11833851	0.313648	0.123510	0.072552	0.249768
Superscaffold10	11833882	12132043	0.003908	0.001415	0.000891	0.001613
Superscaffold10	12132092	12455217	-0.025811	-0.010490	-0.006617	-0.021004
Superscaffold10	12455296	12986522	0.344750	0.148914	0.097697	0.258472
Superscaffold10	12986770	13338818	-0.219542	-0.099617	-0.059362	-0.168964
Superscaffold10	13338942	13589692	-0.001784	-0.000972	-0.000521	-0.003500
Superscaffold10	13589816	14096670	0.114422	0.045879	0.030251	0.077155
Superscaffold10	14096712	14586531	0.366197	0.134748	0.079882	0.284074
Superscaffold10	14586880	15159200	0.023115	0.008073	0.005406	0.013793
Superscaffold10	15159258	15666658	-0.063163	-0.020478	-0.013595	-0.040327
Superscaffold10	15666758	16068794	0.038667	0.014767	0.009098	0.026416
Superscaffold10	16068801	16680268	0.211018	0.075180	0.045961	0.172872
Superscaffold10	16680332	17212420	0.225442	0.071383	0.040672	0.180936
Superscaffold10	17212460	17738530	0.110944	0.038368	0.022719	0.078399
Superscaffold10	17738628	18177631	-0.224802	-0.104200	-0.058469	-0.164767
Superscaffold10	18177644	18462673	0.224275	0.115374	0.068451	0.138697
Superscaffold10	18462956	18757970	-0.091644	-0.050596	-0.025599	-0.056868
Superscaffold10	18757990	19163413	0.179127	0.098988	0.052080	0.109413
Superscaffold10	19163902	19754563	0.108215	0.049768	0.029498	0.068661
Superscaffold10	19754585	20218265	-0.215914	-0.080883	-0.048776	-0.165993
Superscaffold10	20218327	20583517	-0.058775	-0.028788	-0.015508	-0.039165
Superscaffold10	20583577	20874680	0.020336	0.006849	0.004380	0.011885
Superscaffold10	20874714	21186631	0.339440	0.146348	0.086450	0.288639
Superscaffold10	21186681	21590678	0.030668	0.009898	0.005949	0.022240
Superscaffold10	21591159	21914958	-0.061477	-0.033101	-0.021056	-0.037954
Superscaffold10	21915031	22279173	0.247462	0.094223	0.060212	0.178579
Superscaffold10	22281126	22628063	0.307506	0.122845	0.080007	0.207235
Superscaffold10	22628111	22959270	0.154875	0.059323	0.036067	0.122936
Superscaffold10	22959435	23346658	0.498292	0.151145	0.098760	0.451353
Superscaffold10	23346984	23672405	0.483858	0.164277	0.108332	0.384341
Superscaffold10	23672431	24208517	-0.148721	-0.057544	-0.035193	-0.068355
Superscaffold10	24208544	24653121	0.201917	0.057294	0.038146	0.133146
Superscaffold10	24653495	25065294	0.330260	0.098034	0.065582	0.276651
Superscaffold10	25065296	25268827	0.387294	0.210504	0.133762	0.293102
Superscaffold10	25268853	25651168	-0.003727	-0.002704	-0.001638	-0.002128
Superscaffold10	25651198	26006305	0.072524	0.021882	0.015199	0.047262
Superscaffold10	26006306	26255621	0.502562	0.192571	0.126702	0.379140
Superscaffold10	26255686	26467610	-0.087154	-0.038951	-0.026101	-0.053752
Superscaffold10	26467631	26874837	0.399511	0.126245	0.086667	0.302445
Superscaffold10	26874860	27324178	-0.000765	-0.000305	-0.000192	0.001435
Superscaffold10	27324387	27726700	-0.055932	-0.015405	-0.009653	-0.039820
Superscaffold10	27726859	28238789	-0.216647	-0.066987	-0.040325	-0.139775
Superscaffold10	28238837	28710120	0.129778	0.053370	0.033430	0.100097
Superscaffold10	28710156	28997698	-0.103452	-0.039746	-0.025748	-0.073672
Superscaffold10	28997706	29481434	0.023889	0.009827	0.004859	0.019330
Superscaffold10	29481499	29790634	-0.013772	-0.004904	-0.003245	-0.015028
Superscaffold10	29790646	30175536	-0.167685	-0.076739	-0.042723	-0.111159
Superscaffold10	30179486	30541387	0.044328	0.016253	0.009893	0.025205
Superscaffold10	30541424	30802436	0.196378	0.078138	0.051715	0.168873
Superscaffold10	30802486	31134337	0.170705	0.069353	0.043653	0.134187
Superscaffold10	31134501	31347760	0.084605	0.048191	0.027301	0.059756
Superscaffold10	31347768	31667281	0.329048	0.135724	0.082206	0.204906
Superscaffold10	31667338	31896141	0.273673	0.132318	0.078572	0.178684
Superscaffold10	31896218	32220481	-0.112361	-0.047752	-0.026634	-0.072339
Superscaffold10	32221233	32852816	-0.139392	-0.058327	-0.032486	-0.094291
Superscaffold10	32852840	33145419	-0.001933	-0.000933	-0.000655	-0.003852
Superscaffold10	33145701	33547090	-0.049589	-0.012495	-0.008767	-0.025351
Superscaffold10	33547156	34162766	0.000746	0.000134	0.000091	-0.005251
Superscaffold10	34162811	34970495	0.079408	0.015186	0.009468	0.073954
Superscaffold10	34970502	35433915	-0.119231	-0.053426	-0.024471	-0.084679
Superscaffold10	35433919	35753171	-0.029095	-0.011903	-0.006032	-0.021216
Superscaffold10	35753406	36211882	0.083109	0.023688	0.013704	0.056507
Superscaffold10	36211962	36495979	0.282053	0.165774	0.097106	0.213613
Superscaffold10	36496048	36973512	0.095011	0.022123	0.015091	0.073691
Superscaffold10	36973654	37372621	0.098119	0.034752	0.021200	0.062312
Superscaffold10	37372789	37611685	0.280283	0.163239	0.084416	0.203561
Superscaffold10	37612318	37928144	0.020590	0.008755	0.005390	0.011296
Superscaffold10	37928251	38184944	-0.035127	-0.017801	-0.011329	-0.017662
Superscaffold10	38184947	38407615	-0.028818	-0.012646	-0.008009	-0.019257
Superscaffold10	38407665	38630224	-0.139119	-0.085546	-0.050108	-0.086329
Superscaffold10	38630582	39605564	-0.203213	-0.065633	-0.042317	-0.125651
Superscaffold10	39605665	40372099	0.552335	0.233260	0.167698	0.424730
Superscaffold10	40372887	40705616	0.107882	0.035985	0.022119	0.087895
Superscaffold10	40705868	41033665	-0.030912	-0.014177	-0.009188	-0.024119
Superscaffold10	41033703	41359361	0.301262	0.121862	0.073930	0.247911
Superscaffold10	41359410	41655731	0.276964	0.116839	0.071559	0.189504
Superscaffold10	41655810	41852273	-0.226812	-0.193780	-0.092015	-0.103483
Superscaffold10	41852292	42268455	0.028182	0.014278	0.008575	0.016228
Superscaffold10	42268527	42504957	0.016200	0.006876	0.004712	0.008817
Superscaffold10	42505187	43019948	-0.190950	-0.075847	-0.043175	-0.129329
Superscaffold10	43020041	43500910	-0.001741	-0.000604	-0.000356	-0.001846
Superscaffold10	43500939	43886172	0.007699	0.003304	0.001917	0.003256
Superscaffold10	43886423	44493250	0.272803	0.127340	0.080966	0.162247
Superscaffold10	44495589	44979544	0.361948	0.141236	0.092697	0.243331
Superscaffold10	44979624	45231512	0.061205	0.031367	0.021262	0.029573
Superscaffold10	45231526	45641600	-0.021781	-0.010542	-0.006220	-0.014899
Superscaffold10	45641616	45854490	0.175253	0.122909	0.077657	0.106571
Superscaffold10	45854632	46086208	0.060021	0.031106	0.021530	0.036221
Superscaffold10	46086254	46400476	-0.124755	-0.067630	-0.040801	-0.067429
Superscaffold10	46400519	47404333	-0.007198	-0.003615	-0.002341	-0.008270
Superscaffold10	47404406	47601857	0.009701	0.006222	0.004177	0.001827
Superscaffold10	47601919	47788995	0.255160	0.125029	0.087479	0.105319
Superscaffold10	47789031	48005587	-0.021472	-0.016672	-0.009595	-0.011692
Superscaffold10	48005622	48311387	0.157057	0.073984	0.043686	0.064822
Superscaffold10	48311408	48624999	0.278146	0.199706	0.101680	0.156100
Superscaffold10	48625014	48811203	-0.045188	-0.034289	-0.019763	-0.031288
Superscaffold10	48811232	49194688	-0.117044	-0.081250	-0.040818	-0.060160
Superscaffold10	49194815	49675120	-0.059969	-0.041369	-0.024953	-0.027766
Superscaffold10	49675305	49963322	0.214455	0.120802	0.080796	0.136850
Superscaffold10	49963363	50166478	0.056633	0.027662	0.019136	0.031709
Superscaffold10	50166542	50756934	-0.176026	-0.079506	-0.046628	-0.108514
Superscaffold10	50756944	51120708	0.053422	0.025358	0.016021	0.030413
Superscaffold10	51120722	51488640	-0.043895	-0.031348	-0.018058	-0.023059
Superscaffold10	51488641	51905196	0.039267	0.022153	0.014320	0.017303
Superscaffold10	51905230	52082106	-0.019470	-0.018224	-0.010517	-0.008885
Superscaffold10	52082217	52325799	0.027210	0.021433	0.011877	0.016208
Superscaffold10	52325807	52555382	0.061942	0.041510	0.022662	0.034092
Superscaffold10	52555421	52735764	-0.023705	-0.017800	-0.009532	-0.011086
Superscaffold10	52735833	53028654	-0.000580	-0.000408	-0.000252	-0.001579
Superscaffold10	53028711	53260542	-0.047419	-0.045701	-0.025037	-0.023316
Superscaffold10	53260607	53515806	0.234855	0.172941	0.104831	0.136560
Superscaffold10	53515812	53719929	-0.076006	-0.055608	-0.032621	-0.038260
Superscaffold10	53719935	54025316	-0.004938	-0.005401	-0.002983	-0.000007
Superscaffold10	54025419	54752755	0.074216	0.032599	0.019492	0.038302
Superscaffold10	54752797	54988279	0.070429	0.045881	0.029951	0.041805
Superscaffold10	54988454	55263679	0.035162	0.022483	0.013670	0.016465
Superscaffold10	55263776	55453859	-0.227042	-0.149391	-0.093382	-0.134498
Superscaffold11	273242	581467	-0.164613	-0.084842	-0.058220	-0.109074
Superscaffold11	581844	964271	-0.052175	-0.018341	-0.012035	-0.028756
Superscaffold11	964337	1490640	0.123596	0.042150	0.027505	0.076884
Superscaffold11	1491350	2205940	-0.242901	-0.119937	-0.071587	-0.155313
Superscaffold11	2205951	3293942	-0.088401	-0.035935	-0.021614	-0.054851
Superscaffold11	3294020	4144454	0.041345	0.019641	0.012763	0.024378
Superscaffold11	4144666	4938574	-0.010648	-0.006318	-0.003986	-0.008470
Superscaffold11	4938827	5365837	0.026662	0.012948	0.007917	0.014194
Superscaffold11	5365838	6046313	-0.065471	-0.025015	-0.017246	-0.034876
Superscaffold11	6046325	6602488	0.046644	0.027758	0.016574	0.027040
Superscaffold11	6602532	7180706	-0.015767	-0.008133	-0.004889	-0.005544
Superscaffold11	7180910	7760222	0.002200	0.001138	0.000710	0.004504
Superscaffold11	7760590	8115780	0.027727	0.016478	0.010390	0.011397
Superscaffold11	8115802	8779995	-0.086402	-0.054068	-0.030749	-0.048106
Superscaffold11	8780404	9138388	-0.050835	-0.027606	-0.017414	-0.028468
Superscaffold11	9138452	9427816	0.203321	0.082913	0.049927	0.145522
Superscaffold11	9427862	9728318	-0.181702	-0.147255	-0.065158	-0.106655
Superscaffold11	9728384	10041384	0.023117	0.011073	0.007163	0.016332
Superscaffold11	10041387	10430636	-0.130970	-0.064216	-0.038763	-0.080386
Superscaffold11	10430937	11242203	0.154134	0.059754	0.033841	0.099180
Superscaffold11	11242221	11662969	0.016386	0.005652	0.003517	0.013933
Superscaffold11	11663133	12266623	0.012650	0.004456	0.002873	0.009520
Superscaffold11	12267992	12825388	-0.084647	-0.036774	-0.019264	-0.069199
Superscaffold11	12825390	13243748	0.190538	0.074489	0.044922	0.139833
Superscaffold11	13243818	13478272	0.094591	0.037298	0.024753	0.068404
Superscaffold11	13479182	13716306	0.016763	0.009177	0.005542	0.013717
Superscaffold11	13716383	14181899	-0.019950	-0.007798	-0.005285	-0.012148
Superscaffold11	14181961	14583150	0.004110	0.002757	0.001683	0.004282
Superscaffold11	14583267	14839166	0.036346	0.022178	0.015122	0.018108
Superscaffold11	14839170	15436710	-0.112860	-0.066338	-0.039132	-0.065283
Superscaffold11	15436737	16106468	0.010150	0.004092	0.002407	0.008989
Superscaffold11	16106488	16470705	0.013190	0.007920	0.004150	0.008020
Superscaffold11	16471229	16898913	0.016294	0.006398	0.003878	0.012262
Superscaffold11	16898978	17315926	0.064718	0.032440	0.019984	0.033901
Superscaffold11	17317244	18117736	-0.128456	-0.057751	-0.036998	-0.082454
Superscaffold11	18117772	18451370	0.357105	0.219403	0.132638	0.202358
Superscaffold11	18451399	18947495	-0.137266	-0.069436	-0.044610	-0.075782
Superscaffold11	18947541	19582292	0.099216	0.043596	0.026656	0.060472
Superscaffold11	19582315	19814528	-0.089776	-0.051183	-0.029347	-0.047295
Superscaffold11	19814633	20485811	0.017550	0.008056	0.004837	0.008081
Superscaffold11	20485916	20781989	-0.064869	-0.042786	-0.024730	-0.029946
Superscaffold11	20781996	21044587	0.000585	0.000300	0.000162	0.004104
Superscaffold11	21044776	21423238	-0.047998	-0.018280	-0.011201	-0.031713
Superscaffold11	21423339	21831300	0.036266	0.014485	0.009445	0.028210
Superscaffold11	21831381	22208616	-0.118352	-0.041474	-0.028423	-0.083470
Superscaffold11	22208707	22515011	0.110989	0.048537	0.033197	0.084830
Superscaffold11	22515565	22759076	-0.067202	-0.031930	-0.020245	-0.035617
Superscaffold11	22759118	23106881	0.047067	0.020025	0.012566	0.033058
Superscaffold11	23107144	23636840	0.029083	0.009443	0.005887	0.020637
Superscaffold11	23636849	24035978	0.019342	0.007240	0.004399	0.017389
Superscaffold11	24036097	24307399	0.183347	0.077395	0.054751	0.123663
Superscaffold11	24307408	24789342	0.231353	0.081687	0.052411	0.155399
Superscaffold11	24789524	25392160	-0.237890	-0.069021	-0.035533	-0.133147
Superscaffold11	25392232	25630228	-0.101444	-0.054187	-0.028570	-0.067408
Superscaffold11	25630308	25933663	-0.201246	-0.074319	-0.048946	-0.128329
Superscaffold11	25933856	26446064	-0.007742	-0.002810	-0.001835	-0.004887
Superscaffold11	26446068	26885643	0.201112	0.067597	0.040690	0.155993
Superscaffold11	26885710	27482422	0.378736	0.130428	0.085926	0.275922
Superscaffold11	27483420	27927693	0.120203	0.032951	0.022190	0.069553
Superscaffold11	27927708	28287999	-0.096604	-0.030111	-0.017811	-0.073555
Superscaffold11	28288129	28719827	-0.023049	-0.007226	-0.004782	-0.010912
Superscaffold11	28719831	28991618	0.240654	0.137659	0.091759	0.161963
Superscaffold11	28991723	29195669	0.005403	0.003183	0.001918	0.001940
Superscaffold11	29195681	30316980	0.178682	0.088095	0.053874	0.128888
Superscaffold11	30317040	30498273	0.041126	0.015327	0.009003	0.024204
Superscaffold11	30498284	30927878	0.052696	0.022021	0.012631	0.029815
Superscaffold11	30927907	31246045	-0.301468	-0.174596	-0.102446	-0.225192
Superscaffold11	31246051	31596915	-0.133979	-0.059648	-0.041421	-0.100866
Superscaffold11	31597144	31976447	-0.157713	-0.076548	-0.044936	-0.110946
Superscaffold11	31976453	32333285	0.484354	0.249715	0.144340	0.380700
Superscaffold11	32333379	32623850	0.222753	0.119370	0.061182	0.174579
Superscaffold11	32624082	33150527	-0.151683	-0.062431	-0.038118	-0.112638
Superscaffold11	33152069	33680817	0.486155	0.140830	0.086753	0.428607
Superscaffold11	33680922	34100929	-0.428601	-0.170241	-0.101445	-0.360485
Superscaffold11	34100954	34399125	-0.758967	-0.630531	-0.310385	-0.657956
Superscaffold11	34399130	35152377	-0.290432	-0.092517	-0.057295	-0.232299
Superscaffold11	35152454	35464378	0.210174	0.095924	0.049696	0.121471
Superscaffold11	35464391	35702095	0.278976	0.138856	0.080339	0.162427
Superscaffold11	35702231	36059001	-0.172685	-0.091764	-0.056367	-0.088656
Superscaffold11	36059021	36300807	0.225989	0.125691	0.067519	0.131451
Superscaffold11	36300809	36613266	-0.069915	-0.039490	-0.022202	-0.042448
Superscaffold11	36613286	36871162	0.037000	0.021358	0.011205	0.018579
Superscaffold11	36871201	37265603	0.035826	0.025265	0.013210	0.017989
Superscaffold11	37265615	37637522	0.029450	0.011544	0.007051	0.017455
Superscaffold11	37637583	38675173	0.066570	0.019619	0.013308	0.040869
Superscaffold11	38675245	39095109	0.050626	0.023510	0.015378	0.039114
Superscaffold11	39095131	39649555	-0.012790	-0.006185	-0.003866	-0.011480
Superscaffold11	39650995	40046844	0.171367	0.125071	0.072754	0.108828
Superscaffold11	40047145	40274404	0.537357	0.286829	0.180708	0.436332
Superscaffold11	40274443	40785797	0.195380	0.054784	0.035644	0.139525
Superscaffold11	40785800	41355700	0.319804	0.099986	0.062054	0.237248
Superscaffold11	41358617	41711402	-0.045467	-0.020794	-0.011997	-0.026576
Superscaffold11	41711454	41923380	0.257167	0.145790	0.081262	0.162226
Superscaffold11	41923412	42159445	-0.020803	-0.009843	-0.006407	-0.014259
Superscaffold11	42159510	42520175	0.191153	0.087566	0.054835	0.123051
Superscaffold11	42520182	42852662	-0.073597	-0.052999	-0.027078	-0.041836
Superscaffold11	42852664	43440932	0.020606	0.008604	0.005133	0.010961
Superscaffold11	43440934	44086342	0.110978	0.056086	0.034365	0.064535
Superscaffold11	44086418	44445281	-0.131640	-0.062726	-0.039516	-0.080485
Superscaffold11	44445497	44712134	0.119465	0.066726	0.040105	0.071504
Superscaffold11	44712177	45082101	-0.014340	-0.004991	-0.003231	-0.005905
Superscaffold11	45082241	45343302	0.076452	0.041814	0.027628	0.046248
Superscaffold11	45343365	45985728	0.100772	0.038438	0.024978	0.061606
Superscaffold11	45985730	46531420	0.049627	0.016764	0.009846	0.032695
Superscaffold11	46533067	47027511	-0.014667	-0.005624	-0.003371	-0.009020
Superscaffold11	47027589	47601429	-0.023306	-0.009384	-0.005835	-0.014947
Superscaffold11	47601439	47938414	0.088078	0.040729	0.022278	0.064571
Superscaffold11	47938489	48261922	0.318312	0.142201	0.090371	0.231902
Superscaffold11	48262110	48705506	0.228409	0.118485	0.069279	0.165324
Superscaffold11	48706115	49473107	0.091916	0.032497	0.020507	0.056470
Superscaffold11	49473139	50451983	0.046091	0.019491	0.011851	0.027351
Superscaffold11	50451997	51224318	0.174694	0.071324	0.043463	0.124694
Superscaffold11	51224332	51569963	0.123861	0.071822	0.042207	0.069807
Superscaffold11	51569966	51933648	0.207707	0.113732	0.050549	0.129703
Superscaffold11	51933756	52370165	0.289285	0.114098	0.073590	0.190366
Superscaffold11	52375166	52697897	0.165535	0.077558	0.049831	0.116256
Superscaffold11	52697969	53126482	0.099861	0.059051	0.036979	0.061612
Superscaffold11	53126495	53802200	-0.035382	-0.014250	-0.008999	-0.016291
Superscaffold11	53802202	54121784	-0.159517	-0.074668	-0.051565	-0.109004
Superscaffold11	54122093	54647913	-0.170179	-0.096421	-0.059488	-0.099073
Superscaffold11	54647961	55060908	0.109364	0.052968	0.033170	0.065309
Superscaffold11	55061003	55403037	0.134282	0.048393	0.029168	0.082568
Superscaffold11	55403083	55905713	0.352905	0.110306	0.072362	0.256413
Superscaffold11	55905751	56270314	-0.050173	-0.020293	-0.011341	-0.032111
Superscaffold11	56270422	56716662	0.228558	0.122997	0.069965	0.145520
Superscaffold11	56716675	57137952	-0.018488	-0.008042	-0.004971	-0.013038
Superscaffold11	57138029	57470937	-0.040521	-0.016069	-0.009644	-0.029279
Superscaffold11	57470952	57997313	0.029770	0.013854	0.007817	0.025588
Superscaffold11	57997363	58461321	-0.131730	-0.057994	-0.030754	-0.076757
Superscaffold11	58461363	58844167	-0.047258	-0.023755	-0.012798	-0.030491
Superscaffold12	86469	585756	-0.112492	-0.026975	-0.018279	-0.070703
Superscaffold12	585781	1185985	-0.108548	-0.039886	-0.022919	-0.069144
Superscaffold12	1185995	1914882	-0.206020	-0.091867	-0.053826	-0.115617
Superscaffold12	1915472	2226948	0.137922	0.049872	0.028629	0.081184
Superscaffold12	2227783	2551034	0.350948	0.171732	0.099053	0.290458
Superscaffold12	2551037	2913625	0.136169	0.041509	0.024683	0.112822
Superscaffold12	2913905	3314250	-0.174646	-0.054498	-0.033525	-0.129411
Superscaffold12	3314590	3726826	0.186226	0.063007	0.039020	0.165319
Superscaffold12	3727012	4291697	0.298829	0.087656	0.048609	0.230104
Superscaffold12	4291768	4763617	0.449666	0.123462	0.078279	0.369660
Superscaffold12	4763656	5354233	0.171204	0.054462	0.033630	0.120362
Superscaffold12	5354250	5737128	-0.074035	-0.023203	-0.016008	-0.044156
Superscaffold12	5737166	6047298	-0.026809	-0.018446	-0.009842	-0.014982
Superscaffold12	6047300	6428961	-0.016789	-0.006552	-0.003929	-0.008295
Superscaffold12	6429055	6847805	0.030452	0.013595	0.009308	0.021399
Superscaffold12	6847857	7135008	-0.091376	-0.050064	-0.029215	-0.047418
Superscaffold12	7135015	7515010	-0.056285	-0.027691	-0.016049	-0.033557
Superscaffold12	7515031	7889155	0.074423	0.032848	0.016708	0.049664
Superscaffold12	7889157	8270809	0.158328	0.062451	0.034785	0.109303
Superscaffold12	8270825	8543988	-0.175229	-0.128751	-0.065744	-0.100567
Superscaffold12	8544310	8895782	-0.158580	-0.095836	-0.046450	-0.093480
Superscaffold12	8895802	9278437	-0.266346	-0.083658	-0.052631	-0.203504
Superscaffold12	9278459	9633158	0.172041	0.072571	0.039946	0.126859
Superscaffold12	9634043	10048618	0.315287	0.109671	0.069087	0.260838
Superscaffold12	10049015	10474022	0.122046	0.037026	0.022964	0.098625
Superscaffold12	10474418	10926610	0.069601	0.019983	0.011741	0.049971
Superscaffold12	10926649	11377185	0.381212	0.137084	0.079611	0.316695
Superscaffold12	11377512	11799728	-0.332282	-0.134403	-0.071120	-0.242336
Superscaffold12	11799816	12820848	-0.100164	-0.031385	-0.019967	-0.065779
Superscaffold12	12820928	13641128	-0.027052	-0.008640	-0.004781	-0.019769
Superscaffold12	13641163	13969795	-0.199287	-0.083923	-0.046816	-0.160437
Superscaffold12	13969796	14469759	0.134691	0.036568	0.021431	0.101631
Superscaffold12	14469768	15082275	0.004862	0.001327	0.000807	0.006361
Superscaffold12	15082311	15641383	0.244115	0.055863	0.034114	0.190146
Superscaffold12	15641426	15991841	0.231261	0.080702	0.036380	0.177276
Superscaffold12	15991883	16457003	0.711749	0.376064	0.197442	0.597524
Superscaffold12	16457250	17543375	0.064422	0.005852	0.003850	0.046716
Superscaffold12	17543436	18124372	0.424821	0.099329	0.064719	0.370329
Superscaffold12	18124424	19092841	-0.098989	-0.019781	-0.012250	-0.068265
Superscaffold12	19093982	19604022	0.400896	0.110724	0.066421	0.311719
Superscaffold12	19604034	20015882	0.274569	0.084401	0.048647	0.207771
Superscaffold12	20016279	20339696	0.246988	0.091843	0.052471	0.196450
Superscaffold12	20339887	20719434	0.278734	0.117265	0.066127	0.230916
Superscaffold12	20719445	21383574	0.118216	0.030392	0.019103	0.086802
Superscaffold12	21384486	21853902	-0.162396	-0.062953	-0.039390	-0.104090
Superscaffold12	21853983	22405129	-0.108121	-0.056761	-0.029401	-0.059790
Superscaffold12	22405154	23015163	0.038707	0.010730	0.006338	0.022670
Superscaffold12	23015186	23553512	0.059155	0.025175	0.015223	0.038881
Superscaffold12	23553539	24038644	0.057331	0.015165	0.009507	0.043853
Superscaffold12	24038765	24513945	0.433031	0.119733	0.076785	0.354455
Superscaffold12	24514017	25008148	0.161075	0.054335	0.033662	0.115010
Superscaffold12	25008154	25559503	0.272160	0.076907	0.049702	0.214803
Superscaffold12	25559511	25976645	0.080668	0.032953	0.019412	0.049546
Superscaffold12	25976667	26376710	0.245899	0.074925	0.050212	0.184716
Superscaffold12	26376768	27327311	-0.113642	-0.041958	-0.025602	-0.070633
Superscaffold12	27327456	27846179	0.018926	0.004986	0.003471	0.010272
Superscaffold12	27846214	28344015	0.160141	0.060993	0.036252	0.101862
Superscaffold12	28344018	28842724	0.138159	0.046515	0.028503	0.107545
Superscaffold12	28842726	29325270	0.092968	0.024692	0.017401	0.070990
Superscaffold12	29325286	29732000	0.003092	0.001091	0.000630	-0.000037
Superscaffold12	29732571	30126818	-0.296190	-0.096166	-0.059710	-0.264767
Superscaffold12	30127282	30543638	-0.127966	-0.042565	-0.025653	-0.090777
Superscaffold12	30543682	30965297	0.337263	0.128320	0.072497	0.255438
Superscaffold12	30966247	32056878	0.018916	0.005602	0.003506	0.015574
Superscaffold12	32056895	32281784	0.256868	0.129207	0.082540	0.168397
Superscaffold12	32281785	32625100	-0.004437	-0.002259	-0.001228	-0.001280
Superscaffold12	32625210	33145601	-0.023552	-0.005991	-0.003896	-0.012378
Superscaffold12	33145756	33627236	-0.047837	-0.016994	-0.010003	-0.036248
Superscaffold12	33627727	34171732	0.001234	0.000355	0.000231	0.001852
Superscaffold12	34172264	34581139	0.079817	0.028057	0.015888	0.056138
Superscaffold12	34581142	34989578	0.243879	0.080833	0.047856	0.187161
Superscaffold12	34989934	35393908	0.068033	0.023433	0.013904	0.045444
Superscaffold12	35393984	35926047	-0.144692	-0.049824	-0.030790	-0.097311
Superscaffold12	35926119	36337401	-0.151076	-0.045203	-0.027891	-0.093286
Superscaffold12	36337418	36700998	0.140522	0.051007	0.031035	0.113930
Superscaffold12	36701101	37170219	0.091299	0.033386	0.021119	0.065615
Superscaffold12	37170261	37870228	0.005964	0.001758	0.001099	0.007997
Superscaffold12	37870528	38293181	-0.049964	-0.020285	-0.013125	-0.033319
Superscaffold12	38293241	38671475	0.025904	0.007557	0.005140	0.016865
Superscaffold12	38671811	39257374	0.063469	0.019892	0.012803	0.041602
Superscaffold12	39257395	39677024	0.186260	0.072095	0.045829	0.135434
Superscaffold12	39677057	40028246	0.311084	0.135771	0.090306	0.250141
Superscaffold12	40028271	40573490	-0.062279	-0.016034	-0.011310	-0.046537
Superscaffold12	40573657	41248666	-0.011814	-0.005442	-0.003580	-0.005015
Superscaffold12	41248816	41767579	0.030941	0.008147	0.005090	0.028507
unanchor224	6224	575033	-0.074740	-0.033856	-0.019648	-0.046323
unanchor236	54188	352454	0.012286	0.005313	0.003290	0.012166
unanchor243	14488	582543	-0.064527	-0.026736	-0.015368	-0.029231
unanchor255	17114	687587	-0.034448	-0.011087	-0.006827	-0.018937
unanchor271	186837	239198	0.025569	0.012853	0.007896	0.017076
unanchor272	239323	773579	0.078067	0.037101	0.021546	0.055546
unanchor278	398730	1356998	0.055266	0.024608	0.015785	0.042423
