chr	windowStart	windowEnd	D	f_d	f_dM	d_f
Superscaffold1	557988	716085	-0.135997	-0.122309	-0.072024	-0.083452
Superscaffold1	716091	911085	-0.065523	-0.030453	-0.019903	-0.032255
Superscaffold1	911654	1272147	-0.036523	-0.015533	-0.010089	-0.016747
Superscaffold1	1272158	1509626	0.032590	0.008359	0.005898	0.018253
Superscaffold1	1509764	1881541	-0.141615	-0.049342	-0.032234	-0.085361
Superscaffold1	1881639	2213419	-0.308555	-0.129151	-0.068608	-0.232592
Superscaffold1	2213585	2438390	-0.044681	-0.021961	-0.014727	-0.029000
Superscaffold1	2438436	2644663	-0.057188	-0.038147	-0.023499	-0.033766
Superscaffold1	2644771	2804998	0.046233	0.048689	0.025275	0.027132
Superscaffold1	2805016	3040326	-0.289139	-0.256883	-0.121075	-0.167870
Superscaffold1	3040345	3324192	-0.002881	-0.001277	-0.000805	0.000335
Superscaffold1	3324344	3663018	-0.123852	-0.047373	-0.028550	-0.070210
Superscaffold1	3663060	4071528	-0.267668	-0.097716	-0.057484	-0.172440
Superscaffold1	4071602	4460928	-0.031138	-0.011003	-0.006988	-0.009829
Superscaffold1	4460930	4803456	-0.338838	-0.203612	-0.124240	-0.230729
Superscaffold1	4803471	5247004	-0.106959	-0.031778	-0.022116	-0.074550
Superscaffold1	5247006	5668733	-0.178653	-0.043018	-0.030996	-0.102659
Superscaffold1	5668773	6013537	0.292133	0.104371	0.073465	0.180231
Superscaffold1	6013631	6436156	0.083558	0.024647	0.017083	0.063630
Superscaffold1	6436183	6798180	-0.223060	-0.083797	-0.055732	-0.141617
Superscaffold1	6798274	7249204	-0.370483	-0.128591	-0.079716	-0.237937
Superscaffold1	7249226	7604513	-0.292431	-0.119881	-0.075212	-0.204303
Superscaffold1	7604557	8239074	-0.193539	-0.083160	-0.049470	-0.114226
Superscaffold1	8239083	8583084	-0.142239	-0.075892	-0.041298	-0.085829
Superscaffold1	8588229	9812527	0.053725	0.016015	0.011319	0.032685
Superscaffold1	9812609	10679100	-0.030687	-0.011296	-0.007574	-0.015084
Superscaffold1	10679104	10995374	-0.070029	-0.028448	-0.017725	-0.038933
Superscaffold1	10995397	11365976	-0.056061	-0.020236	-0.013528	-0.043282
Superscaffold1	11365991	11711392	-0.494793	-0.209475	-0.124532	-0.365056
Superscaffold1	11711414	12113213	0.025764	0.009836	0.006694	0.022265
Superscaffold1	12113222	12361272	0.149434	0.082415	0.045735	0.094603
Superscaffold1	12361370	12663915	-0.107359	-0.046436	-0.030060	-0.071415
Superscaffold1	12663944	13013110	-0.055535	-0.021190	-0.012269	-0.041636
Superscaffold1	13013274	13737045	-0.103942	-0.018658	-0.012856	-0.076162
Superscaffold1	13737504	14416847	-0.037666	-0.008692	-0.005617	-0.024681
Superscaffold1	14416999	14854311	0.186253	0.051132	0.033970	0.130213
Superscaffold1	14854322	15211737	-0.068856	-0.018691	-0.013394	-0.055777
Superscaffold1	15212210	15631848	-0.181852	-0.041044	-0.027531	-0.121123
Superscaffold1	15631940	16000751	-0.170621	-0.049295	-0.030988	-0.123742
Superscaffold1	16000779	16344153	-0.192349	-0.063288	-0.037147	-0.135980
Superscaffold1	16344187	16709129	-0.100900	-0.034360	-0.022454	-0.057261
Superscaffold1	16709148	17075168	0.104472	0.038835	0.024039	0.051556
Superscaffold1	17075205	17522878	-0.165007	-0.059563	-0.036210	-0.116362
Superscaffold1	17522899	18239572	-0.151960	-0.062527	-0.035826	-0.093580
Superscaffold1	18239684	18588606	0.039431	0.013172	0.008178	0.024320
Superscaffold1	18588622	19073036	-0.119761	-0.035231	-0.023898	-0.069762
Superscaffold1	19073075	19236539	-0.155413	-0.087393	-0.055297	-0.092564
Superscaffold1	19236547	19635489	-0.322884	-0.201123	-0.130296	-0.235751
Superscaffold1	19635644	19949380	-0.253127	-0.087063	-0.055880	-0.176825
Superscaffold1	19949383	20335655	-0.028695	-0.008443	-0.005635	-0.015782
Superscaffold1	20335670	21045787	-0.128053	-0.037357	-0.021434	-0.077531
Superscaffold1	21045899	21382375	-0.189103	-0.065335	-0.040643	-0.141887
Superscaffold1	21382599	21758569	0.012831	0.004929	0.002829	0.011725
Superscaffold1	21758641	22192179	-0.166783	-0.046655	-0.030991	-0.100038
Superscaffold1	22192387	22787714	0.000278	0.000049	0.000032	-0.003701
Superscaffold1	22788298	23328600	-0.097339	-0.023548	-0.014308	-0.076694
Superscaffold1	23328618	23749954	-0.150952	-0.040683	-0.025114	-0.113464
Superscaffold1	23750080	24180467	-0.326532	-0.097592	-0.063429	-0.217521
Superscaffold1	24180906	24489834	-0.179872	-0.081977	-0.045824	-0.116329
Superscaffold1	24489836	24779779	-0.028770	-0.011247	-0.006855	-0.019317
Superscaffold1	24779802	25255307	-0.051822	-0.014679	-0.009180	-0.029377
Superscaffold1	25255475	25666449	0.100239	0.024962	0.016524	0.056349
Superscaffold1	25666458	26032887	-0.298786	-0.127108	-0.087782	-0.214243
Superscaffold1	26032905	26345015	-0.412128	-0.147657	-0.085892	-0.276720
Superscaffold1	26345019	26929911	0.097229	0.016529	0.011876	0.068647
Superscaffold1	26929976	27415266	0.048766	0.010571	0.006270	0.039905
Superscaffold1	27415399	27807760	0.074332	0.030356	0.018106	0.044068
Superscaffold1	27807787	28001327	-0.288811	-0.253428	-0.108101	-0.136060
Superscaffold1	28001350	28268501	0.139022	0.059326	0.038785	0.085571
Superscaffold1	28268566	28709179	-0.172809	-0.048432	-0.034840	-0.101170
Superscaffold1	28709201	29119754	-0.248528	-0.083860	-0.054566	-0.182151
Superscaffold1	29120088	29490491	-0.063092	-0.020136	-0.013041	-0.046332
Superscaffold1	29490500	29861169	-0.583194	-0.268729	-0.141621	-0.469324
Superscaffold1	29861307	30257445	-0.289969	-0.117685	-0.076751	-0.194220
Superscaffold1	30257474	30988751	-0.044476	-0.010445	-0.007237	-0.028347
Superscaffold1	30988779	31529379	-0.162966	-0.033707	-0.022925	-0.113626
Superscaffold1	31529385	32289224	-0.007261	-0.001385	-0.000982	-0.002726
Superscaffold1	32289256	32626922	-0.048628	-0.019399	-0.011520	-0.038464
Superscaffold1	32627055	32982845	-0.185963	-0.060354	-0.037195	-0.124202
Superscaffold1	32982854	33446761	-0.104026	-0.033922	-0.021739	-0.064268
Superscaffold1	33446788	33593202	0.243084	0.166311	0.100476	0.149305
Superscaffold1	33593250	33838997	-0.027361	-0.019130	-0.010596	-0.013205
Superscaffold1	33839050	34068170	-0.238985	-0.113858	-0.068599	-0.138781
Superscaffold1	34068231	34332044	-0.298241	-0.097623	-0.059102	-0.199065
Superscaffold1	34332045	34755074	-0.064350	-0.017773	-0.011609	-0.050182
Superscaffold1	34755116	35389429	-0.032196	-0.006041	-0.004360	-0.019625
Superscaffold1	35389433	36341991	-0.001272	-0.000511	-0.000308	0.001479
Superscaffold1	36342910	37064024	-0.124593	-0.025174	-0.018110	-0.083298
Superscaffold1	37064025	37415958	-0.211737	-0.084345	-0.052194	-0.140819
Superscaffold1	37415959	37644828	0.053562	0.021169	0.012733	0.036641
Superscaffold1	37644878	38286247	-0.176989	-0.065653	-0.041614	-0.122278
Superscaffold1	38286357	38587498	0.169553	0.044230	0.030200	0.120901
Superscaffold1	38587516	38999881	-0.319283	-0.082588	-0.058354	-0.263729
Superscaffold1	38999905	39305835	-0.196783	-0.058059	-0.036405	-0.151324
Superscaffold1	39305975	39784595	-0.181710	-0.043534	-0.029542	-0.138383
Superscaffold1	39784640	40085215	-0.023321	-0.007433	-0.004843	-0.016481
Superscaffold1	40085237	40562973	0.149785	0.034373	0.022782	0.100496
Superscaffold1	40563159	41117527	0.220654	0.051389	0.032524	0.136322
Superscaffold1	41118925	41670021	-0.091029	-0.019150	-0.011969	-0.058944
Superscaffold1	41670058	42254751	-0.041661	-0.004967	-0.003641	-0.036024
Superscaffold1	42254870	43058490	0.125303	0.013093	0.009696	0.090285
Superscaffold1	43058640	43809780	0.038019	0.004882	0.003200	0.034270
Superscaffold1	43809946	44486847	-0.013956	-0.002921	-0.001815	-0.026373
Superscaffold1	44486854	45129654	-0.177894	-0.022321	-0.015591	-0.128217
Superscaffold1	45130111	45774165	0.034402	0.005070	0.003383	0.028615
Superscaffold1	45774170	46285394	-0.746316	-0.269778	-0.134500	-0.688874
Superscaffold1	46285511	47224934	0.024815	0.004694	0.002686	0.024774
Superscaffold1	47225013	47967676	0.236379	0.034344	0.021820	0.210973
Superscaffold1	47967679	48477978	0.414639	0.087724	0.056201	0.352358
Superscaffold1	48477985	48894371	0.432127	0.106686	0.063472	0.345210
Superscaffold1	48894544	49354269	0.105245	0.018164	0.011454	0.046796
Superscaffold1	49354271	49743233	-0.282263	-0.054697	-0.033065	-0.148142
Superscaffold1	49743256	50057207	-0.611337	-0.320185	-0.147241	-0.493897
Superscaffold1	50057222	50360905	-0.108678	-0.045484	-0.025573	-0.094511
Superscaffold1	50361103	50992530	0.172564	0.034924	0.027985	0.111772
Superscaffold1	50992559	51689967	0.172668	0.084180	0.055418	0.093521
Superscaffold2	410985	720372	-0.022801	-0.009025	-0.005446	-0.011336
Superscaffold2	720377	1196084	0.126612	0.030247	0.021614	0.080373
Superscaffold2	1196205	1676704	-0.140954	-0.034053	-0.025520	-0.078414
Superscaffold2	1676713	1996649	-0.079031	-0.022970	-0.015559	-0.056633
Superscaffold2	1996650	2390676	0.103670	0.035038	0.021872	0.067364
Superscaffold2	2390839	3023866	0.132476	0.052890	0.032674	0.072582
Superscaffold2	3023875	3604112	-0.225118	-0.110543	-0.063634	-0.139885
Superscaffold2	3604155	4025042	-0.184242	-0.076562	-0.041444	-0.116994
Superscaffold2	4025376	4456946	0.008526	0.002542	0.001589	0.004895
Superscaffold2	4457390	4842651	-0.214004	-0.068346	-0.040394	-0.156325
Superscaffold2	4842676	5263014	-0.080905	-0.033829	-0.021116	-0.051420
Superscaffold2	5263125	5642890	-0.026062	-0.009291	-0.006109	-0.020623
Superscaffold2	5643191	6160595	0.064335	0.027856	0.014662	0.054375
Superscaffold2	6160601	6568173	0.048082	0.012442	0.008088	0.032112
Superscaffold2	6568250	7358654	-0.084097	-0.016810	-0.010664	-0.062632
Superscaffold2	7358659	7831653	-0.189139	-0.042477	-0.028052	-0.121878
Superscaffold2	7831777	8394445	-0.069913	-0.016538	-0.010979	-0.047248
Superscaffold2	8394977	9196097	-0.037942	-0.006415	-0.004579	-0.027935
Superscaffold2	9196148	9811905	-0.180219	-0.044145	-0.029279	-0.126660
Superscaffold2	9811979	10268828	-0.223127	-0.049759	-0.032895	-0.146854
Superscaffold2	10268943	10656013	0.053684	0.023409	0.013392	0.032015
Superscaffold2	10656020	11272719	-0.128347	-0.027007	-0.018110	-0.090655
Superscaffold2	11272755	11705411	-0.171222	-0.042914	-0.027206	-0.128739
Superscaffold2	11705414	12794635	-0.002245	-0.000846	-0.000488	0.005001
Superscaffold2	12794725	13284457	-0.320228	-0.112549	-0.069135	-0.244456
Superscaffold2	13284463	13706255	-0.337905	-0.107463	-0.063244	-0.270563
Superscaffold2	13706926	14127061	0.262932	0.090636	0.060630	0.204854
Superscaffold2	14127113	14658589	-0.015837	-0.003611	-0.002201	-0.009708
Superscaffold2	14658730	14996438	-0.115265	-0.054405	-0.030405	-0.082694
Superscaffold2	14996456	16124762	-0.001042	-0.000294	-0.000172	0.002982
Superscaffold2	16126161	16663458	0.102315	0.037362	0.023122	0.058678
Superscaffold2	16663482	17063434	-0.028434	-0.006863	-0.004439	-0.010618
Superscaffold2	17064212	17756589	-0.135325	-0.028614	-0.018878	-0.097168
Superscaffold2	17756629	18201426	-0.000171	-0.000052	-0.000030	-0.001499
Superscaffold2	18201726	18660348	-0.269072	-0.066916	-0.038871	-0.214414
Superscaffold2	18660785	19219187	-0.069039	-0.014638	-0.009085	-0.044242
Superscaffold2	19219333	19625001	-0.079810	-0.041779	-0.023340	-0.047557
Superscaffold2	19625047	19898691	-0.258224	-0.160522	-0.101897	-0.186514
Superscaffold2	19898693	20285933	-0.170992	-0.041326	-0.024616	-0.124517
Superscaffold2	20286233	20737769	-0.006164	-0.001829	-0.000997	-0.002884
Superscaffold2	20737849	21271925	0.142054	0.034455	0.023518	0.099433
Superscaffold2	21272094	21770112	-0.275892	-0.069584	-0.043534	-0.230776
Superscaffold2	21770364	22228101	-0.286201	-0.063897	-0.039823	-0.204675
Superscaffold2	22228193	22605836	-0.024017	-0.015474	-0.007579	-0.009926
Superscaffold2	22605851	22919177	-0.198575	-0.107529	-0.056027	-0.104219
Superscaffold2	22919233	23265365	-0.590787	-0.266705	-0.158263	-0.491096
Superscaffold2	23265382	23650077	-0.129689	-0.030838	-0.019694	-0.089031
Superscaffold2	23650089	24074592	-0.110256	-0.028811	-0.016569	-0.078572
Superscaffold2	24074628	24401035	0.082725	0.027535	0.015953	0.059628
Superscaffold2	24401071	24755509	-0.048413	-0.016472	-0.009211	-0.034001
Superscaffold2	24755613	25277246	0.240835	0.078926	0.047398	0.175436
Superscaffold2	25277315	25652576	0.187899	0.058062	0.035083	0.133082
Superscaffold2	25652906	26041735	0.134241	0.043521	0.025980	0.096137
Superscaffold2	26041930	26373774	0.337079	0.134601	0.084687	0.298136
Superscaffold2	26373813	26835246	-0.134996	-0.032044	-0.021536	-0.096969
Superscaffold2	26835257	27213181	-0.258664	-0.094896	-0.058476	-0.197800
Superscaffold2	27213214	27575474	-0.248152	-0.068502	-0.046208	-0.160965
Superscaffold2	27575566	28521148	0.128450	0.030952	0.022391	0.092362
Superscaffold2	28521225	29065817	0.062367	0.013932	0.008300	0.038887
Superscaffold2	29065830	29445098	-0.142037	-0.040073	-0.024758	-0.101385
Superscaffold2	29445104	29805875	0.064646	0.023065	0.015664	0.047827
Superscaffold2	29805896	30239168	-0.213615	-0.067717	-0.038480	-0.162569
Superscaffold2	30239178	30748751	-0.005303	-0.001090	-0.000667	-0.003264
Superscaffold2	30748794	31148791	0.196866	0.057246	0.036348	0.140048
Superscaffold2	31149209	31502107	-0.297690	-0.096437	-0.058316	-0.213144
Superscaffold2	31502366	31911958	-0.077379	-0.025106	-0.014469	-0.057366
Superscaffold2	31912435	32664992	-0.090107	-0.018431	-0.011579	-0.050135
Superscaffold2	32665016	33109763	0.177875	0.040822	0.024266	0.110584
Superscaffold2	33109793	33585349	0.130218	0.029511	0.019387	0.099766
Superscaffold2	33585759	34133163	-0.214243	-0.051987	-0.033853	-0.159525
Superscaffold2	34133272	34534711	-0.134373	-0.037419	-0.023857	-0.102120
Superscaffold2	34534769	35088671	-0.129022	-0.026445	-0.017258	-0.105114
Superscaffold2	35088751	35566596	-0.231916	-0.060546	-0.035992	-0.184304
Superscaffold2	35566614	36337148	-0.245473	-0.055808	-0.035366	-0.171743
Superscaffold2	36337320	36651228	0.045137	0.014821	0.008862	0.035889
Superscaffold2	36651295	36992462	-0.283904	-0.104363	-0.065732	-0.184772
Superscaffold2	36992482	37429763	-0.147190	-0.039378	-0.025111	-0.105271
Superscaffold2	37429801	37794300	-0.021704	-0.006101	-0.003804	-0.017722
Superscaffold2	37794362	38488497	-0.190620	-0.051106	-0.029012	-0.144772
Superscaffold2	38488536	38839734	0.062945	0.011505	0.007939	0.030454
Superscaffold2	38839976	39146570	-0.302139	-0.118951	-0.067942	-0.200646
Superscaffold2	39146572	39532366	0.017623	0.005193	0.003086	0.018503
Superscaffold2	39532368	39963358	-0.190523	-0.068601	-0.041234	-0.106672
Superscaffold2	39963471	40240255	-0.404914	-0.180987	-0.097810	-0.288626
Superscaffold2	40240289	40609467	0.219657	0.043476	0.029695	0.157655
Superscaffold2	40609490	40977854	-0.019451	-0.005776	-0.003454	-0.013758
Superscaffold2	40977935	41119373	0.810558	0.471873	0.322425	0.740261
Superscaffold2	41119385	41412392	0.062167	0.024676	0.014903	0.041665
Superscaffold2	41412406	41788364	0.413496	0.113158	0.077622	0.333181
Superscaffold2	41790445	42269007	-0.238126	-0.038478	-0.025346	-0.168373
Superscaffold2	42269047	42822285	-0.088870	-0.012005	-0.008201	-0.070858
Superscaffold2	42823074	43039214	0.473065	0.136332	0.098929	0.320399
Superscaffold2	43039234	43348137	0.122193	0.038144	0.023673	0.101073
Superscaffold2	43348445	43807929	0.104649	0.019311	0.012477	0.065125
Superscaffold2	43808122	44403272	0.493902	0.101313	0.061316	0.429788
Superscaffold2	44403697	45057708	0.368861	0.087484	0.049866	0.341810
Superscaffold2	45058091	45642738	-0.104498	-0.025704	-0.014772	-0.093424
Superscaffold2	45642980	46408013	-0.104304	-0.016004	-0.009823	-0.091825
Superscaffold2	46408052	46991037	0.112031	0.018160	0.011540	0.097578
Superscaffold2	46992390	47814861	0.113465	0.012277	0.008529	0.091904
Superscaffold2	47816119	48406896	-0.145774	-0.027217	-0.016835	-0.119294
Superscaffold2	48407099	48918767	-0.009896	-0.001404	-0.000961	-0.005699
Superscaffold2	48918955	49477474	-0.097980	-0.016663	-0.010501	-0.070671
Superscaffold2	49477566	49989266	-0.003164	-0.000576	-0.000341	-0.001778
Superscaffold2	49989327	50440061	-0.211461	-0.071878	-0.043024	-0.162668
Superscaffold2	50440073	50769967	-0.316913	-0.112825	-0.062443	-0.240462
Superscaffold2	50770019	51192024	-0.294786	-0.120430	-0.067538	-0.217757
Superscaffold2	51192067	51668486	-0.358864	-0.083263	-0.051062	-0.294887
Superscaffold2	51668636	51954634	0.163676	0.037638	0.025731	0.121253
Superscaffold2	51954657	52158144	-0.558134	-0.323762	-0.191319	-0.474694
Superscaffold2	52158294	52466506	-0.581382	-0.195534	-0.113872	-0.491772
Superscaffold2	52466558	52668093	-0.053565	-0.029417	-0.018104	-0.029759
Superscaffold2	52668165	52877723	0.165801	0.101357	0.056968	0.107248
Superscaffold2	52877728	53251783	-0.051618	-0.016226	-0.010480	-0.024632
Superscaffold2	53253877	53956775	-0.139813	-0.037426	-0.025329	-0.075096
Superscaffold2	53956800	54321157	-0.338191	-0.115448	-0.066493	-0.231497
Superscaffold2	54321367	55133526	0.047709	0.010133	0.007112	0.025366
Superscaffold2	55133623	55440671	-0.202738	-0.097644	-0.066074	-0.134286
Superscaffold2	55441600	55843707	-0.383952	-0.136589	-0.094278	-0.252555
Superscaffold2	55843720	56229049	-0.395153	-0.142562	-0.084690	-0.318600
Superscaffold2	56229621	56702632	-0.094443	-0.018108	-0.011696	-0.065278
Superscaffold2	56702634	57057043	-0.297643	-0.104519	-0.063344	-0.217254
Superscaffold2	57057122	57410381	-0.485620	-0.276953	-0.140259	-0.387391
Superscaffold2	57410403	57921740	-0.404479	-0.158413	-0.088959	-0.285774
Superscaffold2	57921857	58507470	-0.177693	-0.043544	-0.028920	-0.106894
Superscaffold2	58507478	58932106	-0.034717	-0.008624	-0.005718	-0.029990
Superscaffold2	58932151	59362663	-0.044142	-0.010566	-0.006623	-0.037597
Superscaffold2	59362957	59777080	-0.467188	-0.157847	-0.092237	-0.388997
Superscaffold2	59777129	60248914	-0.344837	-0.079050	-0.050200	-0.273044
Superscaffold2	60249188	60600216	0.158035	0.048840	0.031459	0.113238
Superscaffold2	60600220	60882419	-0.210971	-0.069920	-0.044300	-0.146618
Superscaffold2	60882428	61230849	0.054963	0.033424	0.019642	0.033227
Superscaffold2	61231697	62336811	-0.082044	-0.026327	-0.016485	-0.050780
Superscaffold2	62336971	62917551	-0.108468	-0.029952	-0.019469	-0.071834
Superscaffold2	62917562	63250775	0.094561	0.025187	0.017296	0.069312
Superscaffold2	63250908	63626119	0.049441	0.014725	0.009245	0.030903
Superscaffold2	63626142	64115580	-0.157600	-0.054430	-0.035104	-0.101405
Superscaffold2	64115611	64400095	0.015385	0.005676	0.003275	0.015879
Superscaffold2	64400170	64663898	-0.216970	-0.157382	-0.089860	-0.134405
Superscaffold2	64663910	65433666	-0.203635	-0.102277	-0.061208	-0.133429
Superscaffold2	65433696	65949425	-0.278444	-0.068742	-0.042433	-0.230713
Superscaffold2	65949730	66386403	-0.181815	-0.053278	-0.033387	-0.115350
Superscaffold2	66386504	66759507	0.342818	0.112286	0.058585	0.274149
Superscaffold2	66759508	67253422	-0.052983	-0.014691	-0.008038	-0.038539
Superscaffold2	67253631	67614158	-0.014644	-0.004296	-0.002807	-0.008420
Superscaffold2	67614258	67982015	-0.157900	-0.043720	-0.027028	-0.117505
Superscaffold2	67982066	68364005	0.124467	0.038274	0.022348	0.106313
Superscaffold2	68364123	68784261	0.294394	0.090738	0.056389	0.242698
Superscaffold2	68784295	69219556	-0.149708	-0.048145	-0.027321	-0.106743
Superscaffold2	69221387	69509174	-0.162765	-0.069490	-0.040229	-0.096640
Superscaffold2	69509208	69841157	0.360481	0.134550	0.098461	0.281473
Superscaffold2	69841158	70202869	0.219605	0.082490	0.052453	0.153309
Superscaffold2	70202879	70905238	-0.084492	-0.028829	-0.017298	-0.053067
Superscaffold2	70905255	71229096	-0.195200	-0.064291	-0.040582	-0.135835
Superscaffold2	71229188	71692138	-0.013919	-0.003605	-0.002259	-0.012809
Superscaffold2	71692292	72075286	-0.116497	-0.033573	-0.024415	-0.085748
Superscaffold2	72075422	72365975	-0.059169	-0.023165	-0.014422	-0.032085
Superscaffold2	72365982	72673852	-0.039990	-0.015815	-0.009886	-0.022805
Superscaffold2	72673928	72994660	-0.140052	-0.065688	-0.037454	-0.079947
Superscaffold2	72994664	73357706	-0.229456	-0.071554	-0.048489	-0.149765
Superscaffold2	73357751	73660336	0.131681	0.058475	0.032437	0.084212
Superscaffold2	73660520	73930432	-0.311720	-0.185305	-0.109214	-0.198706
Superscaffold2	73930446	74294365	-0.272250	-0.076365	-0.047818	-0.189024
Superscaffold2	74294416	74602902	-0.006279	-0.002443	-0.001503	-0.005672
Superscaffold2	74602929	75013229	0.057544	0.019293	0.011266	0.034282
Superscaffold2	75013293	75277082	-0.294943	-0.146254	-0.078921	-0.201192
Superscaffold2	75277098	75519959	-0.108780	-0.064812	-0.029796	-0.051058
Superscaffold2	75519991	75892958	-0.163656	-0.052554	-0.034781	-0.101185
Superscaffold2	75893007	76682416	-0.055475	-0.012413	-0.008562	-0.035794
Superscaffold2	76682463	76958151	-0.088287	-0.040889	-0.020805	-0.055318
Superscaffold2	76958170	77314722	0.166888	0.060704	0.038546	0.121489
Superscaffold2	77314876	77675333	-0.119836	-0.032259	-0.023002	-0.079315
Superscaffold2	77675413	77901337	-0.158669	-0.103586	-0.055611	-0.102196
Superscaffold2	77901393	78217616	-0.013322	-0.004927	-0.003530	-0.004789
Superscaffold2	78217628	78457043	-0.243065	-0.101096	-0.063946	-0.156323
Superscaffold2	78457275	78780358	-0.035816	-0.017635	-0.009997	-0.025942
Superscaffold2	78780434	79314747	0.061053	0.014403	0.009334	0.044596
Superscaffold2	79314763	80209481	-0.217433	-0.082872	-0.050182	-0.148286
Superscaffold2	80209533	80644457	-0.054504	-0.017473	-0.011689	-0.028241
Superscaffold2	80644473	81025321	-0.158891	-0.045456	-0.030358	-0.107803
Superscaffold2	81025454	81744853	-0.110919	-0.034769	-0.021368	-0.073225
Superscaffold2	81745376	82115086	-0.362933	-0.140817	-0.078457	-0.289905
Superscaffold2	82115159	82894952	-0.369093	-0.115540	-0.068038	-0.276486
Superscaffold2	82894966	83312056	-0.200336	-0.056759	-0.035409	-0.140741
Superscaffold2	83312059	83610754	-0.256044	-0.111168	-0.066257	-0.174031
Superscaffold2	83610796	84023514	-0.037829	-0.008668	-0.005611	-0.024886
Superscaffold2	84023580	84455548	0.306160	0.089628	0.059462	0.256561
Superscaffold2	84455627	84807400	-0.049325	-0.018733	-0.011169	-0.035206
Superscaffold2	84807923	85143374	-0.313983	-0.076806	-0.050695	-0.253506
Superscaffold2	85143394	85456417	0.414395	0.122018	0.080786	0.311006
Superscaffold2	85456464	86233012	-0.349178	-0.083977	-0.053365	-0.256359
Superscaffold2	86233459	87491903	-0.116258	-0.034230	-0.021312	-0.065713
Superscaffold2	87492123	87794775	0.130575	0.050871	0.031388	0.084381
Superscaffold2	87794776	88086643	-0.079073	-0.031170	-0.019344	-0.058445
Superscaffold2	88086776	88510689	0.307736	0.078096	0.057088	0.225683
Superscaffold2	88510691	88797459	-0.242627	-0.130662	-0.074151	-0.137051
Superscaffold2	88797462	89131545	-0.054546	-0.023631	-0.013025	-0.027122
Superscaffold2	89131565	89477756	0.183138	0.064694	0.040045	0.121352
Superscaffold2	89477933	89814924	-0.354968	-0.139811	-0.081043	-0.265434
Superscaffold2	89815006	90171211	0.195273	0.060503	0.038891	0.131774
Superscaffold2	90171486	90525333	-0.280201	-0.109094	-0.059086	-0.161363
Superscaffold2	90525335	90836804	-0.013521	-0.004955	-0.003072	-0.006885
Superscaffold2	90836809	91221058	-0.030094	-0.010766	-0.007064	-0.016256
Superscaffold2	91221078	92363620	-0.135487	-0.037779	-0.023789	-0.086578
Superscaffold2	92363644	92808560	-0.267946	-0.082581	-0.049839	-0.209567
Superscaffold2	92808631	93555433	0.037792	0.012836	0.006810	0.021630
Superscaffold2	93555495	93839207	0.048426	0.029395	0.015342	0.022985
Superscaffold2	93839342	94308660	-0.038106	-0.016271	-0.008719	-0.027339
Superscaffold2	94309172	94666732	0.201374	0.113776	0.066278	0.126103
Superscaffold2	94666816	95022060	-0.106739	-0.036702	-0.022421	-0.068489
Superscaffold2	95022125	95348743	-0.337983	-0.144303	-0.085577	-0.244443
Superscaffold2	95349073	95691383	-0.119347	-0.044484	-0.029332	-0.064000
Superscaffold2	95691455	96031600	-0.095295	-0.032649	-0.023281	-0.056981
Superscaffold2	96031943	96284256	-0.088443	-0.048880	-0.030051	-0.050295
Superscaffold2	96284482	96738268	-0.091235	-0.026887	-0.017777	-0.056093
Superscaffold2	96738309	96999312	0.000619	0.000351	0.000183	-0.002218
Superscaffold2	96999841	97332095	0.046784	0.025107	0.013735	0.027366
Superscaffold2	97332096	97489562	-0.313110	-0.234043	-0.129775	-0.204480
Superscaffold2	97489598	97947585	0.126351	0.048363	0.029193	0.082183
Superscaffold2	97947604	98192245	0.078160	0.036434	0.021620	0.046208
Superscaffold2	98192382	98484565	0.144840	0.082708	0.048545	0.111438
Superscaffold2	98484573	98904855	0.087218	0.050000	0.033558	0.055152
Superscaffold2	98904921	99158179	-0.155201	-0.146747	-0.076062	-0.100668
Superscaffold2	99158219	99341740	-0.432392	-0.571810	-0.205036	-0.248600
Superscaffold2	99341746	99561847	-0.089447	-0.088347	-0.043628	-0.053363
Superscaffold2	99561870	99737602	0.005260	0.005347	0.002991	0.002385
Superscaffold2	99737636	99883138	0.031393	0.031031	0.019611	0.016175
Superscaffold2	99883234	100201554	-0.055294	-0.052329	-0.026350	-0.025816
Superscaffold2	100201565	100676740	-0.216023	-0.103191	-0.064743	-0.104017
Superscaffold2	100676757	100931951	0.310859	0.217862	0.130095	0.166664
Superscaffold2	100932005	101250061	0.355521	0.310167	0.136256	0.230009
Superscaffold3	190557	482254	-0.161159	-0.068488	-0.045839	-0.102209
Superscaffold3	482415	780572	0.175452	0.083757	0.051333	0.111852
Superscaffold3	780687	1018922	0.037806	0.022355	0.014878	0.021206
Superscaffold3	1018951	1441145	0.180861	0.086417	0.054357	0.095225
Superscaffold3	1441182	1826820	-0.156808	-0.071165	-0.048101	-0.089147
Superscaffold3	1826821	2114253	0.018951	0.012104	0.006975	0.012569
Superscaffold3	2114332	2429073	0.043785	0.027210	0.018009	0.024780
Superscaffold3	2429143	2601781	0.084385	0.082416	0.052372	0.044739
Superscaffold3	2601796	2780729	-0.149373	-0.118923	-0.071615	-0.079370
Superscaffold3	2781022	2985828	-0.070605	-0.051923	-0.033862	-0.035169
Superscaffold3	2985859	3415488	0.106928	0.049170	0.033776	0.061212
Superscaffold3	3415653	3673681	-0.235626	-0.153929	-0.081737	-0.164021
Superscaffold3	3673684	3904633	-0.149961	-0.114357	-0.067220	-0.093137
Superscaffold3	3904644	4611044	0.014865	0.008184	0.004155	0.013619
Superscaffold3	4611082	5307288	-0.214440	-0.135714	-0.077360	-0.132641
Superscaffold3	5307310	5488122	-0.155817	-0.139154	-0.081664	-0.087784
Superscaffold3	5488181	5677064	-0.208454	-0.180688	-0.099143	-0.123069
Superscaffold3	5677087	5836012	-0.141933	-0.096349	-0.059350	-0.090258
Superscaffold3	5836131	6137818	0.053342	0.014353	0.010702	0.031071
Superscaffold3	6137824	6515190	-0.083284	-0.037546	-0.024509	-0.042566
Superscaffold3	6515227	6736824	0.085957	0.065328	0.039728	0.044520
Superscaffold3	6736878	7038838	-0.040729	-0.023218	-0.014483	-0.019447
Superscaffold3	7038843	7693240	0.059914	0.030324	0.015799	0.042382
Superscaffold3	7693260	8120393	0.473981	0.130388	0.088624	0.366355
Superscaffold3	8120396	8973294	-0.113048	-0.030215	-0.018855	-0.069751
Superscaffold3	8973331	9601615	0.010955	0.005709	0.003467	0.003259
Superscaffold3	9602354	9758055	-0.167043	-0.119943	-0.068537	-0.098537
Superscaffold3	9758097	10081186	0.118262	0.104706	0.062284	0.072199
Superscaffold3	10081267	10233654	-0.034890	-0.036303	-0.021332	-0.015679
Superscaffold3	10233765	11181255	-0.055676	-0.054337	-0.028181	-0.031807
Superscaffold3	11181256	11338923	0.064005	0.068662	0.042017	0.032424
Superscaffold3	11339008	11554135	0.078597	0.077404	0.044094	0.039287
Superscaffold3	11554203	11864372	0.049558	0.040231	0.023927	0.033358
Superscaffold3	11864406	12044863	0.157057	0.146812	0.087633	0.085850
Superscaffold3	12044866	12232361	0.083591	0.082511	0.048361	0.044064
Superscaffold3	12232388	12436221	-0.047815	-0.048794	-0.025859	-0.025225
Superscaffold3	12436235	12788793	-0.156504	-0.067051	-0.046469	-0.092569
Superscaffold3	12788799	13135685	0.073731	0.048057	0.028188	0.053045
Superscaffold3	13135699	13266152	-0.120298	-0.133480	-0.075024	-0.074558
Superscaffold3	13266155	13492737	-0.082099	-0.074135	-0.039059	-0.050147
Superscaffold3	13492775	14159233	0.207265	0.127387	0.081223	0.128988
Superscaffold3	14159326	14297570	-0.004447	-0.004206	-0.002416	-0.002312
Superscaffold3	14297676	14451564	0.056821	0.057631	0.032611	0.030438
Superscaffold3	14451586	14576063	0.102372	0.115314	0.067515	0.052465
Superscaffold3	14576130	14720659	-0.035928	-0.040179	-0.022467	-0.018307
Superscaffold3	14720709	14888097	-0.229709	-0.299902	-0.141071	-0.141043
Superscaffold3	14888169	15086109	0.065404	0.064777	0.039173	0.035855
Superscaffold3	15086398	15281549	0.122494	0.120857	0.066879	0.070274
Superscaffold3	15281605	15445412	0.032890	0.035220	0.017859	0.009359
Superscaffold3	15445959	15602217	0.062736	0.063472	0.037227	0.032009
Superscaffold3	15602241	15959702	0.032348	0.022579	0.013000	0.012346
Superscaffold3	15959715	16526054	-0.003214	-0.002082	-0.001180	-0.003066
Superscaffold3	16526055	16772071	0.143075	0.118816	0.063389	0.086960
Superscaffold3	16772139	17009637	-0.101500	-0.070266	-0.042879	-0.047755
Superscaffold3	17010078	17360930	-0.233911	-0.140264	-0.090330	-0.142075
Superscaffold3	17360979	17701986	-0.045378	-0.025543	-0.016471	-0.018678
Superscaffold3	17701992	17912661	0.070336	0.049058	0.028872	0.041178
Superscaffold3	17912693	18110745	-0.110942	-0.061584	-0.034493	-0.053143
Superscaffold3	18110750	18659555	0.083304	0.040008	0.024747	0.041145
Superscaffold3	18659718	19482998	-0.132750	-0.051945	-0.035283	-0.080087
Superscaffold3	19483140	19741215	0.054439	0.029507	0.017429	0.033692
Superscaffold3	19741430	19932844	-0.016790	-0.015480	-0.009569	-0.005327
Superscaffold3	19932899	20063318	-0.014387	-0.011943	-0.007437	-0.001149
Superscaffold3	20063341	20314185	0.078956	0.047990	0.030541	0.044435
Superscaffold3	20314234	20494271	0.100480	0.076646	0.043323	0.060149
Superscaffold3	20494283	20746625	-0.033351	-0.025420	-0.014303	-0.022879
Superscaffold3	20746633	20895699	0.043549	0.052371	0.025034	0.022493
Superscaffold3	20895709	21229111	-0.222612	-0.182892	-0.090034	-0.127413
Superscaffold3	21229283	21780878	-0.130570	-0.069293	-0.043355	-0.076947
Superscaffold3	21781071	22004213	0.379128	0.327243	0.187000	0.234209
Superscaffold3	22004258	22146213	-0.012019	-0.009757	-0.006112	-0.007500
Superscaffold3	22146238	22277403	-0.332183	-0.168590	-0.114140	-0.167489
Superscaffold3	22277421	22651227	-0.075081	-0.026571	-0.018530	-0.044210
Superscaffold3	22651236	22992373	-0.084407	-0.025609	-0.016500	-0.052768
Superscaffold3	22992507	23239568	-0.033200	-0.015303	-0.009490	-0.019006
Superscaffold3	23239602	23453770	-0.063568	-0.042620	-0.027145	-0.027878
Superscaffold3	23453779	23677469	-0.007421	-0.006758	-0.003690	-0.006901
Superscaffold3	23677497	23958206	0.134715	0.087536	0.057382	0.073796
Superscaffold3	23958221	24149104	-0.284086	-0.189538	-0.093832	-0.173573
Superscaffold3	24149563	24816218	-0.092967	-0.027402	-0.018800	-0.058899
Superscaffold3	24816342	25254238	-0.031899	-0.018605	-0.010573	-0.019173
Superscaffold3	25254342	25389683	0.073779	0.049135	0.033177	0.033498
Superscaffold3	25389784	25507833	0.067476	0.068612	0.041545	0.035315
Superscaffold3	25507840	26077184	0.001834	0.001437	0.000788	0.005095
Superscaffold3	26077204	26452623	-0.105484	-0.081426	-0.040036	-0.065712
Superscaffold3	26452626	26621401	-0.006228	-0.003254	-0.001914	-0.004571
Superscaffold3	26622498	26821002	0.004980	0.003476	0.001817	0.002010
Superscaffold3	26821027	27089167	0.213288	0.109590	0.065997	0.155792
Superscaffold3	27089169	27434233	-0.039323	-0.016088	-0.009763	-0.024661
Superscaffold3	27434342	27837602	-0.126491	-0.066839	-0.040037	-0.079072
Superscaffold3	27837721	28257881	-0.019942	-0.006634	-0.003894	-0.010636
Superscaffold3	28257935	28550790	-0.059686	-0.029199	-0.013316	-0.046554
Superscaffold3	28550971	28711914	-0.256194	-0.108220	-0.058898	-0.126029
Superscaffold3	28711933	28923092	-0.016012	-0.005859	-0.003788	-0.003574
Superscaffold3	28923105	29118168	-0.128583	-0.044994	-0.026798	-0.079018
Superscaffold3	29118287	29447199	-0.037949	-0.018347	-0.011716	-0.027668
Superscaffold3	29447312	29629326	0.053348	0.015413	0.010606	0.035521
Superscaffold3	29629339	29904119	0.174461	0.098914	0.058168	0.117873
Superscaffold3	29904830	30112642	0.117364	0.052219	0.029206	0.069676
Superscaffold3	30113972	31051404	-0.153672	-0.064701	-0.033553	-0.090113
Superscaffold3	31051680	31378017	0.077416	0.026431	0.015847	0.065955
Superscaffold3	31378119	31702205	-0.360542	-0.122341	-0.070073	-0.271193
Superscaffold3	31702216	32167017	-0.238003	-0.060157	-0.035044	-0.146032
Superscaffold3	32167027	32457865	0.080144	0.035333	0.019133	0.058137
Superscaffold3	32457943	32960324	0.107915	0.031459	0.019888	0.067247
Superscaffold3	32960325	33306882	-0.337799	-0.142862	-0.086702	-0.226180
Superscaffold3	33307103	33868651	-0.034675	-0.006442	-0.004730	-0.020319
Superscaffold3	33868932	34294793	-0.037898	-0.007286	-0.005334	-0.026918
Superscaffold3	34295141	34574601	0.255325	0.085777	0.052979	0.162085
Superscaffold3	34576216	35036497	-0.030393	-0.008405	-0.005599	-0.023730
Superscaffold3	35036580	35408253	0.367463	0.091318	0.057121	0.251021
Superscaffold3	35408956	35655601	0.465520	0.131525	0.082518	0.251564
Superscaffold3	35655625	36092429	0.143356	0.036070	0.020273	0.062566
Superscaffold3	36092437	36478426	-0.263295	-0.074507	-0.046431	-0.195205
Superscaffold3	36478893	37196188	-0.053271	-0.012445	-0.007962	-0.031639
Superscaffold3	37196207	37523882	0.089498	0.029375	0.018555	0.053155
Superscaffold3	37523899	38018919	-0.166172	-0.032687	-0.022862	-0.121017
Superscaffold3	38018982	38286325	0.129337	0.054772	0.037665	0.076677
Superscaffold3	38286377	38764822	0.270965	0.050298	0.037461	0.174943
Superscaffold3	38764845	39482371	-0.139001	-0.017980	-0.011736	-0.127174
Superscaffold3	39482678	40035553	0.482339	0.106681	0.067207	0.415669
Superscaffold3	40035733	40580703	-0.400908	-0.099838	-0.057905	-0.313727
Superscaffold3	40580815	41163917	0.013851	0.003072	0.001964	0.012394
Superscaffold3	41164082	41782725	-0.085545	-0.021665	-0.012699	-0.065179
Superscaffold3	41782783	42194934	-0.024885	-0.006619	-0.004230	-0.017050
Superscaffold3	42194955	42874475	0.049408	0.010053	0.006506	0.040575
Superscaffold3	42874533	43245932	0.106688	0.025198	0.015873	0.083533
Superscaffold3	43246106	43680701	-0.370780	-0.138016	-0.085271	-0.290191
Superscaffold3	43680740	44419351	-0.004189	-0.000999	-0.000596	-0.003778
Superscaffold3	44419356	44760132	0.059102	0.014918	0.008862	0.038789
Superscaffold3	44760135	45092926	-0.041954	-0.010284	-0.006816	-0.032349
Superscaffold3	45092933	45530299	0.006244	0.001775	0.001065	0.009077
Superscaffold3	45530319	45826715	-0.656860	-0.716495	-0.266347	-0.554253
Superscaffold3	45828847	46129531	-0.273897	-0.186332	-0.093720	-0.176735
Superscaffold3	46129706	46275278	0.011140	0.010138	0.005773	0.009451
Superscaffold3	46275303	46695242	-0.107001	-0.066125	-0.038505	-0.067341
Superscaffold3	46695329	47333680	-0.222434	-0.076876	-0.045503	-0.143279
Superscaffold3	47333734	47602117	-0.064254	-0.036620	-0.020307	-0.035623
Superscaffold3	47602193	48064002	-0.048333	-0.021348	-0.011109	-0.028456
Superscaffold3	48064043	48420200	-0.655440	-0.526134	-0.253442	-0.537106
Superscaffold3	48420218	48808137	-0.378678	-0.157647	-0.094778	-0.289777
Superscaffold3	48808198	49200725	-0.087481	-0.022078	-0.014898	-0.058515
Superscaffold3	49201812	49482585	0.027454	0.009977	0.005934	0.018208
Superscaffold3	49482656	49925060	-0.317874	-0.164105	-0.086409	-0.213649
Superscaffold3	49925062	50369259	-0.162974	-0.053729	-0.032467	-0.113691
Superscaffold3	50369433	50761233	-0.345213	-0.129476	-0.083219	-0.212656
Superscaffold3	50761274	51188771	0.139578	0.032483	0.021106	0.078167
Superscaffold3	51188818	51548494	-0.114233	-0.038965	-0.024454	-0.072422
Superscaffold3	51548506	51895342	0.019636	0.007993	0.004574	0.012710
Superscaffold3	51895352	52236162	-0.015033	-0.006537	-0.003638	-0.012735
Superscaffold3	52236186	52505429	-0.303180	-0.129038	-0.068086	-0.222363
Superscaffold3	52505432	52906135	0.084708	0.022503	0.014089	0.049005
Superscaffold3	52906718	53213253	0.013020	0.003420	0.002599	0.009402
Superscaffold3	53213254	53600139	-0.366717	-0.157781	-0.095338	-0.218419
Superscaffold3	53600216	53798097	0.083207	0.052282	0.031176	0.042797
Superscaffold3	53798137	54131463	0.034275	0.016416	0.010351	0.020714
Superscaffold3	54131523	54533408	-0.075423	-0.032013	-0.020484	-0.040474
Superscaffold3	54533486	54805696	-0.070496	-0.023008	-0.015136	-0.037119
Superscaffold3	54805750	55095491	-0.074998	-0.040530	-0.026001	-0.042459
Superscaffold3	55095540	55966383	0.054975	0.025410	0.016306	0.035567
Superscaffold3	55966525	56364020	-0.119984	-0.036502	-0.025370	-0.085437
Superscaffold3	56364028	56661980	-0.087033	-0.032577	-0.021704	-0.053247
Superscaffold3	56662005	56804772	-0.165310	-0.106280	-0.068991	-0.096698
Superscaffold3	56804783	57221053	0.090968	0.028564	0.020014	0.051388
Superscaffold3	57221160	57602881	-0.063795	-0.022440	-0.013286	-0.044644
Superscaffold3	57602890	58072585	-0.196645	-0.058357	-0.036713	-0.145712
Superscaffold3	58072591	58567996	0.073212	0.020104	0.011194	0.055008
Superscaffold3	58568015	59021113	-0.353504	-0.119987	-0.069088	-0.241066
Superscaffold3	59021142	59308916	-0.038940	-0.018271	-0.011528	-0.022505
Superscaffold3	59308942	59509233	0.107851	0.067334	0.041023	0.055721
Superscaffold3	59509463	59779329	0.012046	0.008335	0.004727	0.016027
Superscaffold3	59779342	60189270	-0.094496	-0.052280	-0.027171	-0.056418
Superscaffold3	60189437	60660086	-0.030787	-0.017906	-0.010645	-0.014382
Superscaffold3	60660221	61074736	0.191901	0.086641	0.054505	0.115051
Superscaffold3	61074759	61553948	-0.049037	-0.016950	-0.010979	-0.036729
Superscaffold3	61554058	61883982	-0.209824	-0.090178	-0.055069	-0.148695
Superscaffold3	61883998	62444917	-0.071324	-0.025579	-0.016577	-0.042409
Superscaffold3	62444950	62774212	-0.082422	-0.059559	-0.033860	-0.038996
Superscaffold3	62775406	63444343	0.016368	0.009100	0.005145	0.008960
Superscaffold3	63444838	64275605	-0.097203	-0.053122	-0.026764	-0.051411
Superscaffold3	64275767	64688571	0.061083	0.020066	0.012540	0.038573
Superscaffold3	64688586	64960632	-0.063305	-0.032835	-0.019147	-0.032383
Superscaffold3	64960633	65276468	-0.065811	-0.055285	-0.033320	-0.043200
Superscaffold3	65276517	65526349	-0.012629	-0.013143	-0.006731	-0.005953
Superscaffold3	65526380	65720946	0.024166	0.028408	0.015792	0.013791
Superscaffold3	65721035	65986260	0.014955	0.003077	0.002508	0.005918
Superscaffold3	65986274	66491302	-0.137282	-0.038175	-0.023798	-0.062405
Superscaffold3	66491381	66788208	-0.260910	-0.098488	-0.058371	-0.177964
Superscaffold4	7917	403917	-0.176449	-0.067711	-0.050838	-0.094562
Superscaffold4	404016	799487	-0.139993	-0.105112	-0.060983	-0.082518
Superscaffold4	799572	1010702	-0.164428	-0.147386	-0.081023	-0.089066
Superscaffold4	1010946	1234759	-0.027576	-0.026006	-0.014287	-0.016054
Superscaffold4	1234862	1804028	0.035862	0.022712	0.014598	0.018962
Superscaffold4	1804053	2385862	0.024777	0.017206	0.010950	0.015844
Superscaffold4	2385871	2883484	-0.024724	-0.012766	-0.007963	-0.013522
Superscaffold4	2883506	3115198	0.001036	0.000723	0.000442	0.002939
Superscaffold4	3115475	3351354	-0.053391	-0.034752	-0.022494	-0.029152
Superscaffold4	3351399	3830025	-0.208674	-0.143989	-0.084118	-0.131201
Superscaffold4	3830038	3961254	-0.232322	-0.251645	-0.128449	-0.145126
Superscaffold4	3961281	4475669	0.202114	0.088068	0.049217	0.108162
Superscaffold4	4477707	5200808	0.118863	0.080379	0.052155	0.071517
Superscaffold4	5200837	5420743	-0.016246	-0.018095	-0.009432	-0.006812
Superscaffold4	5420763	6006536	0.159910	0.090085	0.060881	0.090009
Superscaffold4	6008261	6440043	-0.024416	-0.018282	-0.011133	-0.007848
Superscaffold4	6440104	6632204	0.004438	0.002310	0.001637	0.003585
Superscaffold4	6632332	7006518	0.019081	0.010776	0.007103	0.009586
Superscaffold4	7006559	7222366	-0.278515	-0.156884	-0.106182	-0.155071
Superscaffold4	7222368	7575943	-0.149299	-0.135863	-0.072026	-0.078983
Superscaffold4	7575986	7727906	0.066338	0.064276	0.038394	0.037068
Superscaffold4	7727994	7921886	-0.140207	-0.120059	-0.069935	-0.081572
Superscaffold4	7921887	8312082	0.078214	0.057418	0.030906	0.039308
Superscaffold4	8329145	8687303	-0.079716	-0.067563	-0.039739	-0.038915
Superscaffold4	8687318	8877763	0.022577	0.018052	0.011670	0.012361
Superscaffold4	8877788	9021386	0.002030	0.002000	0.001161	0.000139
Superscaffold4	9022060	9208702	-0.006557	-0.006119	-0.003655	-0.001591
Superscaffold4	9209876	9580212	-0.096769	-0.061746	-0.031113	-0.054463
Superscaffold4	9580259	9768036	-0.047855	-0.036557	-0.022284	-0.022627
Superscaffold4	9768185	9992238	-0.024860	-0.015230	-0.010260	-0.013351
Superscaffold4	9992295	10152555	0.164991	0.140951	0.086456	0.097006
Superscaffold4	10152676	10857511	0.117807	0.075180	0.042629	0.081876
Superscaffold4	10857514	11332701	0.322216	0.205603	0.130020	0.218206
Superscaffold4	11332708	11538692	-0.068921	-0.071247	-0.038032	-0.039169
Superscaffold4	11538810	11764431	-0.543505	-0.489945	-0.258758	-0.410623
Superscaffold4	11764473	12029290	-0.117462	-0.040634	-0.026635	-0.074573
Superscaffold4	12029362	12253716	0.038067	0.027981	0.017159	0.028656
Superscaffold4	12253894	12434812	-0.056480	-0.044642	-0.023631	-0.037184
Superscaffold4	12434848	12761284	-0.062517	-0.052615	-0.029340	-0.033598
Superscaffold4	12761347	12947958	-0.024354	-0.020318	-0.012408	-0.009854
Superscaffold4	12949120	13120205	-0.088436	-0.060418	-0.033821	-0.054655
Superscaffold4	13120257	13302079	-0.065035	-0.047051	-0.028271	-0.029233
Superscaffold4	13302141	13594507	-0.309826	-0.205031	-0.113084	-0.207375
Superscaffold4	13594540	13766185	-0.063498	-0.050315	-0.028790	-0.029100
Superscaffold4	13766204	14190330	0.092652	0.088029	0.032418	0.048816
Superscaffold4	14190414	14468609	-0.021936	-0.012117	-0.007611	-0.013001
Superscaffold4	14468632	14649233	-0.061291	-0.048673	-0.027879	-0.038950
Superscaffold4	14649277	14895472	-0.178449	-0.096947	-0.057532	-0.109867
Superscaffold4	14895516	15225044	-0.085726	-0.048501	-0.032662	-0.048439
Superscaffold4	15225063	15933063	0.083344	0.064486	0.035972	0.053869
Superscaffold4	15933073	16165621	-0.272150	-0.246847	-0.140534	-0.163739
Superscaffold4	16165652	16360191	-0.132353	-0.143725	-0.069026	-0.076901
Superscaffold4	16360194	16688058	-0.195181	-0.165907	-0.088487	-0.119567
Superscaffold4	16688133	17004899	0.058500	0.042333	0.026391	0.032259
Superscaffold4	17005001	17365973	0.060966	0.053519	0.030552	0.037447
Superscaffold4	17366093	17622002	-0.074255	-0.056279	-0.036138	-0.045944
Superscaffold4	17622025	17832162	-0.287766	-0.233022	-0.129647	-0.170969
Superscaffold4	17832198	17982501	-0.080510	-0.090110	-0.053488	-0.047148
Superscaffold4	17982502	18299195	-0.018491	-0.013381	-0.007956	-0.010061
Superscaffold4	18299401	18802929	-0.010173	-0.003549	-0.002520	-0.009768
Superscaffold4	18804534	19289532	-0.453917	-0.107850	-0.074528	-0.365766
Superscaffold4	19289582	19556619	-0.113138	-0.055804	-0.029589	-0.075121
Superscaffold4	19556715	19783650	-0.243534	-0.185175	-0.087579	-0.142251
Superscaffold4	19783790	19954166	-0.142438	-0.114096	-0.070135	-0.096923
Superscaffold4	19954261	20150056	-0.069576	-0.062218	-0.036609	-0.041257
Superscaffold4	20150065	20434582	-0.125330	-0.087647	-0.051713	-0.072764
Superscaffold4	20434816	20768417	-0.031375	-0.017602	-0.011682	-0.016896
Superscaffold4	20768437	21236612	-0.161420	-0.059180	-0.036960	-0.095813
Superscaffold4	21236620	21782733	-0.509962	-0.277338	-0.161310	-0.381662
Superscaffold4	21782745	22152230	-0.081888	-0.033844	-0.020649	-0.051963
Superscaffold4	22152289	22345371	-0.050869	-0.052423	-0.030113	-0.021471
Superscaffold4	22345393	22525133	-0.057886	-0.030279	-0.019716	-0.025837
Superscaffold4	22525168	22728577	-0.135046	-0.083399	-0.052779	-0.076536
Superscaffold4	22728765	22853606	0.038885	0.040979	0.019914	0.024089
Superscaffold4	22853640	23080207	-0.049130	-0.033811	-0.019341	-0.023185
Superscaffold4	23080215	23325787	0.048702	0.018070	0.013331	0.025773
Superscaffold4	23325815	23586019	-0.066610	-0.045009	-0.027180	-0.037864
Superscaffold4	23586034	23931345	-0.152026	-0.071516	-0.049425	-0.094725
Superscaffold4	23931373	24438702	0.014695	0.004840	0.003129	0.008014
Superscaffold4	24438817	24692150	-0.067152	-0.030012	-0.020108	-0.046026
Superscaffold4	24692157	25014528	-0.035329	-0.014104	-0.007013	-0.027420
Superscaffold4	25014548	25319980	0.233195	0.103310	0.065302	0.145225
Superscaffold4	25320012	25435403	0.024877	0.019014	0.010930	0.019342
Superscaffold4	25436202	25773667	0.090866	0.038166	0.028145	0.061675
Superscaffold4	25773674	25943105	0.042154	0.036606	0.018736	0.031782
Superscaffold4	25943248	26402618	0.044354	0.032139	0.016699	0.023892
Superscaffold4	26402638	26578284	0.005711	0.004674	0.002270	0.002502
Superscaffold4	26578449	26761223	-0.050273	-0.052161	-0.028621	-0.026994
Superscaffold4	26761297	26934339	-0.160615	-0.166851	-0.101653	-0.109497
Superscaffold4	26934357	27260412	-0.388580	-0.169895	-0.108074	-0.274814
Superscaffold4	27260496	27451021	-0.079039	-0.030992	-0.019226	-0.053745
Superscaffold4	27451034	27665642	0.129479	0.053206	0.031849	0.104530
Superscaffold4	27665698	27888684	-0.113176	-0.057875	-0.033518	-0.070884
Superscaffold4	27888688	28255259	0.063897	0.033365	0.021727	0.037366
Superscaffold4	28255265	28502683	-0.150000	-0.157447	-0.075674	-0.086242
Superscaffold4	28502719	28783192	-0.111296	-0.103472	-0.058172	-0.081550
Superscaffold4	28783251	29054183	-0.070443	-0.021552	-0.015542	-0.044622
Superscaffold4	29054918	29314309	-0.070191	-0.025776	-0.018070	-0.035170
Superscaffold4	29314448	29541953	-0.083161	-0.091624	-0.046326	-0.038593
Superscaffold4	29541973	29907688	-0.225740	-0.090844	-0.064765	-0.136314
Superscaffold4	29907709	30155498	0.115241	0.120704	0.065308	0.067920
Superscaffold4	30155506	30354913	0.091537	0.058844	0.038145	0.053797
Superscaffold4	30355081	30529878	0.017244	0.016851	0.009376	0.011577
Superscaffold4	30529884	30662744	-0.178709	-0.164804	-0.099448	-0.104089
Superscaffold4	30662803	31027439	-0.215783	-0.194950	-0.092029	-0.123874
Superscaffold4	31027534	31943948	-0.042710	-0.030445	-0.016182	-0.020713
Superscaffold4	31944106	32225669	0.005763	0.001754	0.001139	0.001067
Superscaffold4	32225760	32592009	-0.107978	-0.035372	-0.021448	-0.068116
Superscaffold4	32592046	33084511	0.261373	0.077434	0.049016	0.167593
Superscaffold4	33086070	33571795	0.193096	0.075315	0.048244	0.109401
Superscaffold4	33571912	33818859	0.050043	0.033469	0.017252	0.032243
Superscaffold4	33818873	34110845	-0.257079	-0.220534	-0.105917	-0.154868
Superscaffold4	34110920	34459519	-0.195373	-0.084748	-0.049229	-0.142116
Superscaffold4	34459534	34869076	-0.002278	-0.000539	-0.000367	-0.004571
Superscaffold4	34869134	35122385	0.216174	0.089476	0.060075	0.123748
Superscaffold4	35122387	35578555	0.141770	0.064611	0.037938	0.084890
Superscaffold4	35578731	36022237	-0.011344	-0.006224	-0.003564	-0.004434
Superscaffold4	36023046	36274895	0.034613	0.027238	0.016516	0.019004
Superscaffold4	36274952	36551241	0.161827	0.079731	0.048656	0.101127
Superscaffold4	36551280	37087570	0.290126	0.154503	0.109310	0.148210
Superscaffold4	37087612	37451983	-0.164672	-0.124008	-0.066759	-0.091475
Superscaffold4	37451989	38533599	0.035316	0.018673	0.011868	0.015717
Superscaffold4	38533643	39403882	-0.130760	-0.080685	-0.046240	-0.075110
Superscaffold4	39403937	39795438	-0.160715	-0.081366	-0.050992	-0.080628
Superscaffold4	39795453	40057508	-0.037080	-0.024870	-0.014778	-0.020835
Superscaffold4	40057525	40448004	-0.087695	-0.061420	-0.032614	-0.056666
Superscaffold4	40448135	40804594	0.073793	0.046318	0.027483	0.044161
Superscaffold4	40804648	41012366	-0.013155	-0.007689	-0.004579	-0.009598
Superscaffold4	41012404	41787072	-0.044778	-0.007883	-0.005973	-0.024022
Superscaffold4	41787223	42327249	0.081092	0.038682	0.021974	0.059234
Superscaffold4	42327340	42547777	0.019002	0.007922	0.005005	0.010915
Superscaffold4	42547795	43164376	0.051789	0.017558	0.011698	0.026884
Superscaffold4	43164387	43788219	0.047437	0.022958	0.014728	0.030187
Superscaffold4	43788278	43945080	-0.223099	-0.255985	-0.104392	-0.127147
Superscaffold4	43945149	44296779	0.012790	0.003434	0.002369	0.006981
Superscaffold4	44296821	44757958	-0.056127	-0.023889	-0.014289	-0.033390
Superscaffold4	44758051	45101606	0.293885	0.118923	0.067823	0.196084
Superscaffold4	45101692	45403979	0.222484	0.097062	0.062607	0.147651
Superscaffold4	45404069	45776314	-0.305615	-0.100237	-0.060606	-0.187581
Superscaffold4	45776321	46177272	-0.105402	-0.034268	-0.023527	-0.059785
Superscaffold4	46177300	46450804	0.082184	0.028413	0.019225	0.056855
Superscaffold4	46450931	46821515	-0.137331	-0.042162	-0.029155	-0.090812
Superscaffold4	46821536	47238009	-0.054576	-0.029611	-0.017926	-0.027521
Superscaffold4	47238017	47633390	0.478771	0.162212	0.112211	0.342206
Superscaffold4	47633449	47977711	0.134163	0.040144	0.028587	0.085661
Superscaffold4	47979126	48438664	0.019261	0.008452	0.005018	0.010328
Superscaffold4	48439557	48942338	-0.148097	-0.030461	-0.022000	-0.109431
Superscaffold4	48942618	49397624	-0.015981	-0.003950	-0.002463	-0.012290
Superscaffold4	49397671	49790864	-0.184894	-0.058571	-0.039749	-0.123134
Superscaffold4	49791150	50166595	-0.247398	-0.090219	-0.052450	-0.192417
Superscaffold4	50168582	50443125	-0.257484	-0.112045	-0.059074	-0.199111
Superscaffold4	50443128	50780896	-0.118195	-0.029184	-0.022102	-0.079545
Superscaffold4	50780971	50990381	0.031381	0.015167	0.009069	0.018509
Superscaffold4	50990387	51370456	0.267574	0.082453	0.055194	0.163324
Superscaffold4	51370482	51631270	0.201489	0.048615	0.033969	0.114378
Superscaffold4	51631346	52147894	0.268608	0.042792	0.029404	0.192213
Superscaffold4	52147964	52855350	0.393849	0.092307	0.054743	0.309341
Superscaffold4	52855386	53894679	0.112132	0.015710	0.011038	0.091745
Superscaffold4	53894751	54315272	0.178899	0.036187	0.025105	0.132737
Superscaffold4	54316096	54782525	-0.044389	-0.007602	-0.004751	-0.035741
Superscaffold4	54782584	55344574	-0.014799	-0.002699	-0.001560	-0.005420
Superscaffold4	55344642	55637272	0.105401	0.039392	0.022850	0.057646
Superscaffold4	55637273	55919034	-0.007996	-0.003312	-0.002248	-0.007794
Superscaffold4	55919137	56285437	-0.024877	-0.009477	-0.005763	-0.014751
Superscaffold4	56285444	56491137	-0.208789	-0.105748	-0.062541	-0.121930
Superscaffold4	56493251	56813087	0.133681	0.061892	0.040197	0.073496
Superscaffold4	56813778	57103881	-0.065030	-0.039986	-0.024395	-0.037707
Superscaffold4	57103979	57672484	-0.446173	-0.265448	-0.160556	-0.309364
Superscaffold4	57672530	58131402	-0.279166	-0.125148	-0.074408	-0.183855
Superscaffold4	58131527	58301841	0.018977	0.009913	0.007349	0.012134
Superscaffold4	58301862	58539481	-0.145969	-0.096594	-0.048540	-0.077571
Superscaffold4	58539511	58716864	-0.173335	-0.122778	-0.058704	-0.101833
Superscaffold4	58716958	58927274	-0.254822	-0.138180	-0.084684	-0.132501
Superscaffold4	58928889	59128280	-0.176434	-0.090577	-0.057009	-0.101444
Superscaffold4	59128316	59332507	0.150209	0.074730	0.045092	0.070234
Superscaffold4	59332534	59636179	0.244322	0.106535	0.076716	0.165649
Superscaffold4	59636213	59858145	-0.079158	-0.048993	-0.030126	-0.037875
Superscaffold4	59858194	60513790	-0.199170	-0.154391	-0.080930	-0.119066
Superscaffold4	60516435	61073399	-0.639817	-0.767116	-0.251279	-0.462757
Superscaffold4	61074571	61453558	-0.198308	-0.128879	-0.082449	-0.134805
Superscaffold4	61453574	61672092	-0.118561	-0.064787	-0.040022	-0.067243
Superscaffold4	61672140	61962131	-0.631609	-0.312346	-0.192390	-0.469631
Superscaffold4	61962236	62267307	-0.444123	-0.143775	-0.103160	-0.286038
Superscaffold4	62267769	62746917	-0.099170	-0.041241	-0.025269	-0.056180
Superscaffold4	62746964	63207842	-0.057330	-0.032778	-0.019436	-0.030692
Superscaffold4	63207956	63601143	0.087449	0.059420	0.036470	0.053644
Superscaffold4	63601176	63802954	0.039176	0.032905	0.018434	0.021637
Superscaffold4	63802980	64043210	-0.237316	-0.146640	-0.093610	-0.138872
Superscaffold4	64043211	64257360	-0.083200	-0.042691	-0.029228	-0.050243
Superscaffold4	64257473	64510849	-0.257081	-0.142101	-0.081324	-0.176697
Superscaffold4	64510851	64874316	0.008870	0.005401	0.002952	0.007146
Superscaffold4	64874461	65352566	-0.037114	-0.008258	-0.006152	-0.019190
Superscaffold4	65352747	66376802	-0.142376	-0.048840	-0.030397	-0.090993
Superscaffold4	66376941	66820324	-0.237012	-0.076856	-0.038756	-0.183189
Superscaffold4	66820492	67218504	-0.018512	-0.006372	-0.004269	-0.007664
Superscaffold4	67218873	67626448	0.057933	0.022017	0.015179	0.043434
Superscaffold4	67626484	68219661	0.062775	0.016736	0.012233	0.032670
Superscaffold4	68219676	68406529	-0.076436	-0.064181	-0.034344	-0.048233
Superscaffold4	68406535	68609533	-0.153767	-0.107880	-0.057381	-0.083962
Superscaffold4	68609572	68870497	-0.056033	-0.029340	-0.020226	-0.039498
Superscaffold4	68870569	69177200	-0.029455	-0.016691	-0.010477	-0.014630
Superscaffold4	69177260	69479448	0.015267	0.013304	0.007672	0.007793
Superscaffold4	69479494	69719122	-0.076775	-0.070791	-0.040442	-0.044729
Superscaffold4	69719160	69927944	-0.026820	-0.025854	-0.014897	-0.016395
Superscaffold4	69927963	70394884	0.042676	0.028619	0.016992	0.021558
Superscaffold4	70394938	70721341	0.078520	0.068212	0.042200	0.043119
Superscaffold4	70721441	71047219	-0.035201	-0.017528	-0.011051	-0.018146
Superscaffold4	71047830	71729252	-0.016336	-0.004745	-0.003252	-0.002768
Superscaffold4	71729380	72542642	-0.140630	-0.032875	-0.021888	-0.104569
Superscaffold4	72544928	73089471	-0.227354	-0.083740	-0.044075	-0.159440
Superscaffold4	73089486	73403989	-0.394967	-0.110933	-0.072949	-0.249793
Superscaffold4	73404003	73721365	0.150465	0.070139	0.042677	0.074742
Superscaffold4	73721373	74219492	0.184641	0.107770	0.067258	0.091186
Superscaffold4	74219745	74439210	0.063772	0.063719	0.044890	0.045126
Superscaffold4	74439215	74673476	0.371738	0.268174	0.190020	0.257899
Superscaffold4	74673610	74884966	-0.054121	-0.027561	-0.018982	-0.029100
Superscaffold4	74884974	75217781	0.269882	0.102458	0.062943	0.168014
Superscaffold4	75217819	75532960	0.243582	0.201883	0.129326	0.141480
Superscaffold4	75532963	75908186	0.613618	0.289278	0.197029	0.488365
Superscaffold4	75908266	76556639	0.053487	0.038470	0.019104	0.032482
Superscaffold4	76556780	76787960	0.022505	0.011481	0.006692	0.016805
Superscaffold4	76788015	77256329	0.043879	0.017159	0.010812	0.029762
Superscaffold4	77256362	77608056	0.058424	0.022010	0.011211	0.043209
Superscaffold4	77608099	78067863	-0.146348	-0.040051	-0.029746	-0.083828
Superscaffold4	78067874	78403250	-0.125032	-0.098032	-0.058578	-0.071359
Superscaffold4	78403252	78551228	-0.128529	-0.166072	-0.081834	-0.070135
Superscaffold4	78551388	78799675	0.007086	0.005425	0.002838	0.006081
Superscaffold4	78799691	79133360	0.118382	0.065202	0.046459	0.052915
Superscaffold4	79133380	79593131	0.160937	0.092766	0.063866	0.088106
Superscaffold4	79594051	80133689	-0.058629	-0.028019	-0.018612	-0.036310
Superscaffold4	80133742	80318863	-0.191129	-0.133945	-0.079286	-0.110815
Superscaffold4	80319055	80584198	-0.123108	-0.067317	-0.040015	-0.061277
Superscaffold4	80584360	80710964	-0.107681	-0.077617	-0.045612	-0.053731
Superscaffold4	80711054	80926901	-0.240073	-0.252766	-0.111927	-0.144264
Superscaffold4	80926960	81180694	0.013823	0.012408	0.006480	0.009904
Superscaffold4	81180713	81395212	0.293904	0.175234	0.114967	0.148680
Superscaffold4	81395266	81667915	-0.032227	-0.014728	-0.009685	-0.014339
Superscaffold4	81667966	81998397	-0.699381	-0.946852	-0.394841	-0.579490
Superscaffold4	81998419	82469718	-0.687183	-0.891510	-0.351167	-0.553899
Superscaffold4	82469811	82706736	0.585969	0.324997	0.189567	0.386159
Superscaffold4	82706774	82946488	-0.066535	-0.030930	-0.020805	-0.036983
Superscaffold4	82946525	83105468	0.043589	0.034870	0.021507	0.025381
Superscaffold4	83105516	83300816	0.031675	0.024996	0.015656	0.014738
Superscaffold4	83300818	83462447	-0.136323	-0.150478	-0.084251	-0.077603
Superscaffold4	83462465	83760285	-0.062693	-0.026001	-0.017634	-0.035775
Superscaffold4	83760976	84162657	-0.026214	-0.008074	-0.005941	-0.010949
Superscaffold4	84162733	84426471	0.052034	0.027657	0.019452	0.031171
Superscaffold4	84426551	84622436	-0.101196	-0.100602	-0.053758	-0.056285
Superscaffold4	84622466	84871458	0.124144	0.067264	0.045959	0.067591
Superscaffold4	84871476	85872694	-0.033306	-0.016628	-0.010021	-0.015432
Superscaffold4	85872971	86057190	-0.025737	-0.019738	-0.014049	-0.013758
Superscaffold4	86057236	86259621	-0.067330	-0.040934	-0.028620	-0.039333
Superscaffold4	86259653	86466995	-0.161649	-0.136495	-0.076925	-0.096374
Superscaffold5	7424	175796	-0.061595	-0.055357	-0.022551	-0.027293
Superscaffold5	175810	350803	0.074391	0.060516	0.030284	0.041924
Superscaffold5	350870	578309	0.028814	0.016617	0.010633	0.020615
Superscaffold5	578394	871875	-0.069410	-0.035903	-0.021993	-0.040046
Superscaffold5	871976	1290201	0.111504	0.042774	0.026910	0.063810
Superscaffold5	1290303	1748431	-0.120275	-0.045362	-0.028456	-0.083477
Superscaffold5	1748579	1996769	-0.477397	-0.305489	-0.181333	-0.364988
Superscaffold5	1997273	2255851	-0.266980	-0.137657	-0.075649	-0.177379
Superscaffold5	2255880	2656096	0.048723	0.029141	0.017458	0.031329
Superscaffold5	2656191	2964120	-0.268207	-0.157268	-0.093890	-0.166296
Superscaffold5	2964157	3254320	0.127959	0.063190	0.043312	0.059905
Superscaffold5	3254435	3540674	-0.209907	-0.107085	-0.059778	-0.135789
Superscaffold5	3540705	4006383	-0.113140	-0.034423	-0.021589	-0.081669
Superscaffold5	4006414	4586425	0.048584	0.034058	0.020128	0.031381
Superscaffold5	4586497	5217922	-0.064634	-0.044136	-0.024138	-0.037645
Superscaffold5	5217937	5912936	-0.609598	-0.302844	-0.177213	-0.493214
Superscaffold5	5912942	6528174	-0.037165	-0.008886	-0.005365	-0.024307
Superscaffold5	6528758	7145268	-0.342843	-0.211519	-0.113077	-0.212865
Superscaffold5	7145291	7479839	-0.205778	-0.111449	-0.062811	-0.133996
Superscaffold5	7480155	7815781	-0.030799	-0.012435	-0.007605	-0.022984
Superscaffold5	7815782	8198875	-0.224262	-0.177981	-0.097158	-0.143542
Superscaffold5	8198885	8560151	-0.034796	-0.020446	-0.012233	-0.011647
Superscaffold5	8560203	8786283	-0.175509	-0.177063	-0.087259	-0.092705
Superscaffold5	8786289	9011450	-0.238347	-0.171662	-0.082015	-0.145405
Superscaffold5	9011462	9235910	-0.060727	-0.045921	-0.023327	-0.029280
Superscaffold5	9235943	9511099	0.312463	0.108884	0.076559	0.194991
Superscaffold5	9511193	10148494	-0.044905	-0.021772	-0.014589	-0.023928
Superscaffold5	10148516	10728582	-0.026980	-0.009731	-0.006523	-0.024247
Superscaffold5	10728729	11220423	0.083581	0.026107	0.018174	0.066319
Superscaffold5	11221226	11546862	-0.152809	-0.070438	-0.037762	-0.084821
Superscaffold5	11546903	12502344	-0.020319	-0.009368	-0.006103	-0.005806
Superscaffold5	12502485	13979946	-0.168312	-0.038270	-0.028252	-0.098930
Superscaffold5	13979997	14183868	0.053525	0.037805	0.023779	0.034104
Superscaffold5	14184085	14363973	-0.235641	-0.186232	-0.098426	-0.131478
Superscaffold5	14363978	14703058	0.058701	0.031995	0.018169	0.033145
Superscaffold5	14703060	14911325	-0.077664	-0.044879	-0.026539	-0.045438
Superscaffold5	14911467	15172478	-0.323008	-0.162922	-0.088017	-0.234996
Superscaffold5	15172497	15483236	0.328595	0.167629	0.087227	0.225289
Superscaffold5	15483459	15818413	0.060456	0.024283	0.014758	0.032584
Superscaffold5	15819008	16114265	-0.166627	-0.114064	-0.061234	-0.109043
Superscaffold5	16114277	16385898	-0.236539	-0.186357	-0.090635	-0.157057
Superscaffold5	16386004	16619236	-0.435576	-0.268792	-0.150050	-0.273176
Superscaffold5	16619311	16888950	0.170655	0.107240	0.069074	0.087807
Superscaffold5	16888982	17087415	-0.244325	-0.190156	-0.107415	-0.148997
Superscaffold5	17087450	17512792	-0.237518	-0.184069	-0.084158	-0.144254
Superscaffold5	17512896	17653667	-0.179523	-0.239858	-0.102681	-0.104885
Superscaffold5	17653678	17938663	-0.126188	-0.125012	-0.058999	-0.073338
Superscaffold5	17938724	18069261	-0.119020	-0.104349	-0.060448	-0.063639
Superscaffold5	18069283	18230040	-0.087190	-0.076051	-0.039524	-0.050576
Superscaffold5	18230223	18380090	-0.242255	-0.342386	-0.135348	-0.133540
Superscaffold5	18380116	18645708	-0.182730	-0.099889	-0.058161	-0.104447
Superscaffold5	18645723	19061127	-0.235002	-0.113365	-0.066734	-0.144453
Superscaffold5	19061200	19303965	-0.002429	-0.000974	-0.000627	-0.003833
Superscaffold5	19304042	19580183	-0.217961	-0.119946	-0.061579	-0.148826
Superscaffold5	19580251	19840836	-0.129617	-0.054906	-0.033418	-0.090582
Superscaffold5	19840890	20153417	-0.208131	-0.108062	-0.057063	-0.120722
Superscaffold5	20153471	20413433	0.124094	0.067702	0.036807	0.086222
Superscaffold5	20413540	20933325	0.204193	0.079091	0.053966	0.117768
Superscaffold5	20933376	21204845	-0.203916	-0.120579	-0.073108	-0.138495
Superscaffold5	21204924	21509742	-0.279552	-0.210749	-0.103933	-0.159243
Superscaffold5	21509754	21703873	-0.416239	-0.253229	-0.140569	-0.266341
Superscaffold5	21703975	21989567	0.071835	0.048946	0.026580	0.035931
Superscaffold5	21989600	22201431	0.055390	0.048759	0.025077	0.026504
Superscaffold5	22201443	22625079	0.007467	0.004122	0.002420	0.004002
Superscaffold5	22625099	23173173	0.303803	0.085748	0.062361	0.161584
Superscaffold5	23173341	23464026	-0.178791	-0.066566	-0.046334	-0.123731
Superscaffold5	23464076	24308848	-0.074293	-0.037950	-0.019601	-0.046997
Superscaffold5	24308862	24767043	-0.108282	-0.024904	-0.017099	-0.069718
Superscaffold5	24767142	25139473	0.171228	0.054551	0.036569	0.142364
Superscaffold5	25139499	25522739	0.332143	0.191280	0.115548	0.209322
Superscaffold5	25522830	25929292	0.149662	0.045897	0.027060	0.100692
Superscaffold5	25929405	26539754	0.149379	0.053387	0.032859	0.098161
Superscaffold5	26540029	27474262	-0.142028	-0.048204	-0.027856	-0.081983
Superscaffold5	27474384	27721425	0.267377	0.125680	0.082293	0.142151
Superscaffold5	27721841	28363313	-0.171542	-0.038346	-0.026579	-0.085878
Superscaffold5	28363339	28592168	-0.231735	-0.148569	-0.079987	-0.138646
Superscaffold5	28592189	28914951	-0.056236	-0.020074	-0.012143	-0.035953
Superscaffold5	28914968	29318998	0.012821	0.003131	0.001994	0.005715
Superscaffold5	29319107	29564838	0.684108	0.362630	0.241862	0.585067
Superscaffold5	29565030	29744277	0.720175	0.521213	0.320782	0.609958
Superscaffold5	29744454	29946029	0.264772	0.173075	0.107105	0.134995
Superscaffold5	29946094	30065109	0.429694	0.285046	0.184478	0.271579
Superscaffold5	30065290	30275958	-0.002917	-0.001483	-0.000995	0.000270
Superscaffold5	30275990	30685961	0.000614	0.000158	0.000108	-0.000580
Superscaffold5	30685979	31193167	-0.364856	-0.090508	-0.058527	-0.280444
Superscaffold5	31193171	31533302	0.299840	0.094726	0.061045	0.202597
Superscaffold5	31533326	31753789	-0.056480	-0.035626	-0.017250	-0.025971
Superscaffold5	31753897	32182648	-0.390094	-0.139090	-0.086759	-0.323892
Superscaffold5	32183138	32863510	-0.106443	-0.048307	-0.023110	-0.063879
Superscaffold5	32863726	33144854	0.065704	0.025108	0.017090	0.043450
Superscaffold5	33144891	33490912	-0.016887	-0.016228	-0.008423	-0.006819
Superscaffold5	33490916	33871206	-0.122761	-0.017888	-0.012667	-0.094607
Superscaffold5	33871231	34454738	-0.142699	-0.018880	-0.013551	-0.116285
Superscaffold5	34454786	34759242	-0.091827	-0.025853	-0.015405	-0.071234
Superscaffold5	34760173	35070849	-0.021146	-0.007486	-0.004337	-0.016452
Superscaffold5	35071064	35414262	-0.059921	-0.019376	-0.011593	-0.046949
Superscaffold5	35414465	35741840	-0.102445	-0.036729	-0.021872	-0.078954
Superscaffold5	35742133	36151456	-0.088107	-0.024161	-0.014063	-0.070308
Superscaffold5	36151462	36579653	0.208151	0.052407	0.031683	0.164345
Superscaffold5	36579663	36782433	-0.023543	-0.011963	-0.006736	-0.009218
Superscaffold5	36782534	37348746	-0.108264	-0.045210	-0.026228	-0.063467
Superscaffold5	37348824	37550054	0.075000	0.036829	0.020168	0.044152
Superscaffold5	37550107	37797432	0.074930	0.027786	0.016232	0.050987
Superscaffold5	37797439	38062124	-0.221637	-0.096008	-0.056243	-0.150429
Superscaffold5	38062125	38409529	-0.256790	-0.066213	-0.046492	-0.190863
Superscaffold5	38409985	38706584	0.234282	0.095357	0.056267	0.144428
Superscaffold5	38706638	39379252	0.003137	0.001350	0.000939	0.002915
Superscaffold5	39379298	39766511	0.060672	0.040486	0.022375	0.035492
Superscaffold5	39766845	40349149	0.031604	0.010649	0.007221	0.017429
Superscaffold5	40349242	41050118	-0.261889	-0.127729	-0.064908	-0.145705
Superscaffold5	41050171	41809031	-0.018216	-0.007090	-0.004467	-0.010523
Superscaffold5	41809032	42435218	-0.135431	-0.026742	-0.017141	-0.088994
Superscaffold5	42435267	43020673	0.011708	0.003585	0.002018	0.006394
Superscaffold5	43020717	43349433	-0.156797	-0.051775	-0.036675	-0.116977
Superscaffold5	43349467	43669141	-0.092474	-0.031225	-0.020763	-0.057217
Superscaffold5	43669152	43943055	-0.217243	-0.104830	-0.060464	-0.116164
Superscaffold5	43943066	44232117	-0.080843	-0.045845	-0.028684	-0.045410
Superscaffold5	44232134	44511009	0.074337	0.034693	0.022600	0.036213
Superscaffold5	44511268	44771745	0.222929	0.047196	0.035438	0.087705
Superscaffold5	44771794	45052801	-0.098222	-0.046578	-0.029131	-0.067585
Superscaffold5	45052944	45598109	0.039654	0.017790	0.011096	0.021455
Superscaffold5	45598129	45833836	-0.001474	-0.000877	-0.000585	0.000010
Superscaffold5	45833865	46190470	-0.089786	-0.047200	-0.030040	-0.057883
Superscaffold5	46190621	46536561	0.007093	0.003300	0.001697	0.005738
Superscaffold5	46536607	46732312	0.204686	0.171228	0.080458	0.126114
Superscaffold5	46732330	47069773	0.039021	0.015159	0.009447	0.024398
Superscaffold5	47074229	47440451	0.103470	0.046932	0.027531	0.073948
Superscaffold5	47441380	47731171	-0.193051	-0.069523	-0.042602	-0.116777
Superscaffold5	47731227	48109442	0.135296	0.043250	0.026472	0.094721
Superscaffold5	48109617	48504611	0.104187	0.036452	0.020215	0.074146
Superscaffold5	48504694	48909369	0.067357	0.022884	0.013745	0.051713
Superscaffold5	48909503	49550783	-0.183494	-0.070233	-0.047138	-0.123512
Superscaffold5	49550894	49983861	0.027770	0.010889	0.006472	0.021205
Superscaffold5	49984102	50324107	-0.254043	-0.147375	-0.083528	-0.179600
Superscaffold5	50324121	50647101	0.097517	0.039865	0.022336	0.062559
Superscaffold5	50647112	51061514	-0.155160	-0.030181	-0.018777	-0.103538
Superscaffold5	51061622	51493416	-0.232713	-0.083986	-0.051367	-0.173326
Superscaffold5	51493417	51788169	-0.005968	-0.002928	-0.001482	-0.005205
Superscaffold5	51788392	52105641	-0.137009	-0.095965	-0.046337	-0.094311
Superscaffold5	52105660	52311416	-0.125577	-0.089374	-0.046315	-0.076536
Superscaffold5	52311574	52651543	0.029962	0.009986	0.006102	0.023923
Superscaffold5	52651576	52813867	0.009769	0.006289	0.003616	0.005483
Superscaffold5	52814048	53090529	0.093789	0.032643	0.022126	0.058539
Superscaffold5	53090915	53439481	0.135653	0.048686	0.032066	0.092670
Superscaffold5	53441334	53880221	0.093291	0.034416	0.019267	0.044969
Superscaffold5	53880308	54369765	0.140394	0.045110	0.028459	0.083571
Superscaffold5	54369791	55185322	-0.002385	-0.001008	-0.000686	0.000226
Superscaffold5	55185466	55772477	-0.011445	-0.005615	-0.003227	-0.007020
Superscaffold5	55772578	56062293	-0.269017	-0.126484	-0.067261	-0.177720
Superscaffold5	56062541	56254393	-0.010040	-0.006731	-0.004087	0.000189
Superscaffold5	56254394	56509333	-0.289122	-0.262729	-0.136873	-0.203379
Superscaffold5	56509354	56781710	-0.571288	-0.519565	-0.222833	-0.469401
Superscaffold5	56781809	57081096	-0.127666	-0.059445	-0.036550	-0.065486
Superscaffold5	57081132	57409311	-0.282818	-0.208452	-0.098609	-0.190169
Superscaffold5	57409314	57727094	0.040429	0.015846	0.009115	0.023208
Superscaffold5	57727135	58117203	-0.032151	-0.011683	-0.006933	-0.020245
Superscaffold5	58117322	58686794	-0.154594	-0.041384	-0.026407	-0.114749
Superscaffold5	58686805	59022245	0.227856	0.078256	0.048903	0.170303
Superscaffold5	59022296	59444425	0.084787	0.022301	0.013824	0.065401
Superscaffold5	59444488	60059668	0.287451	0.072508	0.048304	0.177275
Superscaffold5	60059758	60613053	-0.022083	-0.006762	-0.004202	-0.018672
Superscaffold5	60613183	61290449	0.118888	0.028305	0.019202	0.098272
Superscaffold5	61290460	61641634	0.057624	0.024323	0.014655	0.041120
Superscaffold5	61642067	62049175	0.158612	0.060467	0.039955	0.110892
Superscaffold5	62049277	62400066	0.080995	0.026826	0.017267	0.060233
Superscaffold5	62400244	62752047	0.379878	0.143239	0.098458	0.249429
Superscaffold5	62752101	63187532	-0.028497	-0.007400	-0.004812	-0.020785
Superscaffold5	63187816	63501588	0.017360	0.007125	0.004365	0.011322
Superscaffold5	63501589	63741653	0.052616	0.024780	0.014379	0.029304
Superscaffold5	63741674	64155189	0.041356	0.021159	0.011211	0.023612
Superscaffold5	64155198	64772476	-0.259900	-0.096884	-0.057743	-0.178992
Superscaffold5	64772533	65129797	0.168106	0.073713	0.036078	0.119946
Superscaffold5	65129817	65590642	0.083070	0.029578	0.017935	0.065590
Superscaffold5	65590729	66002103	-0.012438	-0.005032	-0.002894	-0.009375
Superscaffold5	66002634	66361192	0.064875	0.018693	0.010919	0.041498
Superscaffold5	66361239	66810892	0.009945	0.002351	0.001545	0.009092
Superscaffold5	66810934	67228973	-0.031239	-0.010578	-0.006566	-0.019140
Superscaffold5	67229239	68250660	0.065139	0.023328	0.014805	0.029793
Superscaffold5	68250689	68749479	-0.316309	-0.116453	-0.072180	-0.185863
Superscaffold5	68749602	69769134	-0.014393	-0.004864	-0.003163	-0.006639
Superscaffold5	69769135	70113696	-0.150725	-0.084884	-0.057078	-0.077933
Superscaffold5	70113768	70833954	-0.121307	-0.083281	-0.042658	-0.071977
Superscaffold5	70834034	71318757	-0.163569	-0.071484	-0.043186	-0.108921
Superscaffold5	71318917	71644517	-0.247498	-0.140231	-0.079951	-0.167821
Superscaffold5	71644556	72299106	-0.089361	-0.039138	-0.023224	-0.062993
Superscaffold5	72299119	72732432	0.072860	0.047606	0.031270	0.038163
Superscaffold5	72732456	73121624	0.092494	0.059454	0.028422	0.059713
Superscaffold5	73121959	73301542	-0.039660	-0.023604	-0.014863	-0.028473
Superscaffold5	73301876	73673787	-0.184121	-0.106390	-0.054874	-0.104372
Superscaffold5	73673791	73880985	0.257548	0.171530	0.115186	0.156193
Superscaffold5	73881052	74176546	0.124078	0.071733	0.041581	0.091866
Superscaffold5	74176570	74639711	-0.214936	-0.064523	-0.040275	-0.149194
Superscaffold5	74640164	75013240	-0.222667	-0.084111	-0.052167	-0.148798
Superscaffold5	75013924	75505182	-0.377691	-0.209313	-0.122831	-0.269961
Superscaffold5	75505186	75823463	0.237764	0.155666	0.107972	0.156435
Superscaffold5	75823474	76108550	-0.138689	-0.048112	-0.033153	-0.077701
Superscaffold5	76108648	76333239	0.006108	0.003120	0.002187	-0.000990
Superscaffold5	76333369	76637792	-0.358441	-0.206333	-0.107801	-0.227982
Superscaffold5	76637840	76822478	0.101296	0.068492	0.041871	0.063753
Superscaffold5	76822492	77152403	-0.176635	-0.112046	-0.061139	-0.095394
Superscaffold5	77152421	77407889	0.387684	0.187360	0.116929	0.247380
Superscaffold5	77407928	77734999	-0.194430	-0.081634	-0.050419	-0.102674
Superscaffold5	77735024	78018376	-0.068818	-0.031236	-0.018209	-0.034326
Superscaffold5	78018381	78228629	0.089952	0.054217	0.030043	0.066555
Superscaffold5	78228681	78561325	-0.109914	-0.038254	-0.026014	-0.074254
Superscaffold5	78561386	78849915	0.239702	0.106407	0.074235	0.172785
Superscaffold5	78849937	79055263	0.373725	0.225365	0.136450	0.236875
Superscaffold5	79055281	79400557	-0.025489	-0.018766	-0.010350	-0.016056
Superscaffold5	79400654	79626956	0.114166	0.090926	0.054275	0.067246
Superscaffold5	79627038	79975865	0.061704	0.053979	0.030372	0.031623
Superscaffold5	79975880	80181166	0.076635	0.051602	0.030682	0.049133
Superscaffold5	80181167	80505328	-0.101069	-0.045163	-0.029623	-0.050445
Superscaffold5	80505355	80873756	0.167694	0.079038	0.050844	0.096492
Superscaffold5	80874152	81165631	-0.000503	-0.000351	-0.000199	-0.000871
Superscaffold5	81165648	81513730	-0.074571	-0.063614	-0.033048	-0.037639
Superscaffold5	81513753	81769521	0.015044	0.012766	0.007144	0.013935
Superscaffold5	81769527	81946917	0.034953	0.035527	0.020389	0.018491
Superscaffold5	81947057	82310239	0.125784	0.062918	0.037820	0.063202
Superscaffold6	210804	591638	0.113188	0.034157	0.024136	0.070517
Superscaffold6	591693	947089	0.033303	0.014069	0.009919	0.022918
Superscaffold6	947093	1191458	-0.019929	-0.015394	-0.009585	-0.010007
Superscaffold6	1191465	1360483	-0.072615	-0.077413	-0.047908	-0.045076
Superscaffold6	1360553	1734931	-0.116865	-0.056594	-0.032835	-0.068504
Superscaffold6	1735283	2068808	0.030813	0.012647	0.007511	0.020658
Superscaffold6	2068836	2348911	-0.014586	-0.006826	-0.004248	-0.014707
Superscaffold6	2349248	2676585	0.180376	0.079839	0.052379	0.119443
Superscaffold6	2676608	3093817	0.135952	0.039289	0.025015	0.098527
Superscaffold6	3093974	3478330	0.159753	0.052823	0.032703	0.104316
Superscaffold6	3478386	3920481	-0.144108	-0.041918	-0.026951	-0.088998
Superscaffold6	3920551	4768200	-0.167159	-0.050179	-0.035408	-0.113892
Superscaffold6	4776439	5032673	-0.018849	-0.007274	-0.004772	-0.018174
Superscaffold6	5032677	5419457	-0.070157	-0.023277	-0.015165	-0.045995
Superscaffold6	5419604	5703831	-0.289755	-0.119854	-0.070462	-0.185612
Superscaffold6	5704267	6331259	-0.111396	-0.039693	-0.022981	-0.078724
Superscaffold6	6331263	6701070	-0.009802	-0.002654	-0.001830	-0.005716
Superscaffold6	6701112	6971799	-0.103322	-0.032011	-0.022254	-0.061408
Superscaffold6	6971879	7308472	-0.322453	-0.121313	-0.083010	-0.236770
Superscaffold6	7308537	7870423	-0.088286	-0.021405	-0.014329	-0.046258
Superscaffold6	7870434	8197635	0.136030	0.054413	0.035845	0.076660
Superscaffold6	8197727	8443957	-0.142489	-0.057520	-0.038332	-0.081957
Superscaffold6	8443966	8951522	-0.039159	-0.009263	-0.006922	-0.024061
Superscaffold6	8951523	9305551	-0.273774	-0.201729	-0.088308	-0.184480
Superscaffold6	9305639	9594998	0.256183	0.119505	0.072524	0.173054
Superscaffold6	9595182	10023635	-0.037450	-0.009134	-0.006206	-0.018557
Superscaffold6	10023673	10504288	-0.262867	-0.061786	-0.040184	-0.188697
Superscaffold6	10504290	11357182	0.138773	0.035515	0.024132	0.095319
Superscaffold6	11357261	11820522	-0.163458	-0.040295	-0.025951	-0.118667
Superscaffold6	11820618	12399098	-0.009957	-0.002090	-0.001388	-0.003757
Superscaffold6	12399389	13123495	-0.161520	-0.030366	-0.019528	-0.121840
Superscaffold6	13123657	13757815	0.023880	0.006244	0.003790	0.021350
Superscaffold6	13757958	14204537	-0.052717	-0.014393	-0.009413	-0.034524
Superscaffold6	14204634	14565583	-0.137234	-0.051045	-0.027219	-0.083197
Superscaffold6	14565658	14960629	-0.163955	-0.044079	-0.025978	-0.104736
Superscaffold6	14960659	15533390	0.144293	0.029223	0.019519	0.102548
Superscaffold6	15533540	15902337	0.115821	0.030616	0.019234	0.089020
Superscaffold6	15902351	16207663	-0.143752	-0.054038	-0.032351	-0.113278
Superscaffold6	16207676	16549226	0.027366	0.008340	0.005250	0.017387
Superscaffold6	16549307	17180731	-0.278833	-0.072032	-0.040461	-0.219814
Superscaffold6	17180754	17605134	0.086632	0.022603	0.013989	0.062600
Superscaffold6	17605152	18172725	0.019303	0.004565	0.002850	0.010003
Superscaffold6	18172745	18503189	-0.046995	-0.015501	-0.010410	-0.033815
Superscaffold6	18503460	18868364	0.103395	0.027711	0.018277	0.082552
Superscaffold6	18868763	19232859	0.243431	0.081491	0.048420	0.189518
Superscaffold6	19232890	19615291	0.090983	0.032783	0.018098	0.073738
Superscaffold6	19615489	20102897	-0.360900	-0.120799	-0.065606	-0.255244
Superscaffold6	20102911	20478795	-0.231740	-0.073957	-0.047602	-0.180513
Superscaffold6	20478806	20921106	-0.218827	-0.047019	-0.032094	-0.150781
Superscaffold6	20921125	21553396	-0.119629	-0.019123	-0.012416	-0.083664
Superscaffold6	21553513	22202995	0.038163	0.007631	0.004913	0.031722
Superscaffold6	22203217	22559615	0.223093	0.060651	0.036258	0.198792
Superscaffold6	22559650	23176920	-0.130125	-0.022947	-0.014635	-0.090345
Superscaffold6	23177491	23465240	-0.331840	-0.248913	-0.117346	-0.239561
Superscaffold6	23465583	24032017	-0.118841	-0.066601	-0.032024	-0.091392
Superscaffold6	24032179	24460369	0.410449	0.183188	0.112160	0.303845
Superscaffold6	24460505	25135698	-0.015539	-0.003153	-0.002014	-0.008113
Superscaffold6	25135818	25485989	-0.258157	-0.112967	-0.061839	-0.210364
Superscaffold6	25486010	25912983	0.238528	0.051130	0.034525	0.164498
Superscaffold6	25913019	26388962	0.071074	0.012650	0.009287	0.054247
Superscaffold6	26389016	26748360	0.247447	0.062701	0.043659	0.186224
Superscaffold6	26748390	27211443	0.101366	0.020981	0.014571	0.077634
Superscaffold6	27211454	27681451	0.042011	0.008926	0.005581	0.032618
Superscaffold6	27681558	28183544	-0.015308	-0.004010	-0.002449	-0.009120
Superscaffold6	28183647	28617281	-0.247802	-0.067237	-0.038688	-0.191051
Superscaffold6	28617298	29041600	-0.026761	-0.006712	-0.004524	-0.018119
Superscaffold6	29041961	29487036	-0.289906	-0.076951	-0.047298	-0.209774
Superscaffold6	29487563	30075646	-0.038604	-0.008223	-0.005353	-0.024626
Superscaffold6	30076504	30960682	0.255783	0.076383	0.047824	0.178690
Superscaffold6	30960730	31399754	0.070389	0.012244	0.008733	0.042994
Superscaffold6	31399815	31760927	-0.106473	-0.035039	-0.023264	-0.070242
Superscaffold6	31760963	32052077	-0.180209	-0.069030	-0.043325	-0.118319
Superscaffold6	32052126	32483563	-0.227084	-0.049907	-0.034475	-0.165753
Superscaffold6	32483570	32817418	-0.338681	-0.124085	-0.080136	-0.260397
Superscaffold6	32817457	33072582	0.085334	0.036236	0.019341	0.030847
Superscaffold6	33073105	34035289	-0.067947	-0.013156	-0.008494	-0.032949
Superscaffold6	34035393	34503320	-0.253493	-0.066201	-0.041353	-0.199689
Superscaffold6	34503376	35121135	-0.024531	-0.007927	-0.004926	-0.010008
Superscaffold6	35121332	35708898	0.258903	0.087033	0.048491	0.163015
Superscaffold6	35708904	36012475	0.036139	0.011187	0.006922	0.024959
Superscaffold6	36012782	36412175	-0.003354	-0.000840	-0.000528	-0.004190
Superscaffold6	36412183	36756235	-0.082949	-0.024566	-0.014972	-0.061133
Superscaffold6	36756586	37200559	-0.087930	-0.024300	-0.014511	-0.067575
Superscaffold6	37200562	37908696	-0.115510	-0.025885	-0.016635	-0.080393
Superscaffold6	37908830	38298624	0.019580	0.007673	0.003863	0.018780
Superscaffold6	38299349	38648974	0.017476	0.006833	0.004017	0.015506
Superscaffold6	38649127	39061193	-0.153205	-0.040373	-0.024194	-0.112476
Superscaffold6	39061280	39480558	-0.240576	-0.061672	-0.040692	-0.161589
Superscaffold6	39480570	39786094	0.035657	0.013840	0.008090	0.021256
Superscaffold6	39786222	40140599	-0.025679	-0.006696	-0.004241	-0.009285
Superscaffold6	40140601	40753343	-0.111629	-0.029177	-0.018502	-0.075566
Superscaffold6	40753363	41138519	-0.026280	-0.011863	-0.007426	-0.018949
Superscaffold6	41138574	41527300	-0.016643	-0.004371	-0.002925	-0.012225
Superscaffold6	41527849	41820256	-0.374543	-0.151040	-0.081120	-0.293616
Superscaffold6	41820391	42162942	0.036868	0.017688	0.010609	0.017968
Superscaffold6	42162957	42550868	0.076431	0.031741	0.019874	0.045855
Superscaffold6	42550914	42839268	0.205644	0.146172	0.078445	0.135226
Superscaffold6	42839288	43086772	0.125047	0.049309	0.030634	0.070607
Superscaffold6	43086773	43540572	-0.023083	-0.008358	-0.005723	-0.014597
Superscaffold6	43540597	43998421	-0.143247	-0.032225	-0.021607	-0.101759
Superscaffold6	43998459	44322339	-0.220014	-0.085307	-0.048497	-0.141038
Superscaffold6	44322351	44693001	-0.367488	-0.145690	-0.080837	-0.260071
Superscaffold6	44693034	45182345	0.044129	0.010534	0.007197	0.027978
Superscaffold6	45182376	45578904	0.110081	0.030285	0.020001	0.080973
Superscaffold6	45578965	45846632	-0.032873	-0.014206	-0.009386	-0.018420
Superscaffold6	45846921	46113534	0.013550	0.009685	0.005804	0.010938
Superscaffold6	46113574	46392927	-0.237878	-0.149707	-0.094974	-0.132668
Superscaffold6	46393014	46629580	-0.016350	-0.006801	-0.004572	-0.006921
Superscaffold6	46629615	47298776	-0.133372	-0.037980	-0.025180	-0.075664
Superscaffold6	47298779	47692256	-0.174324	-0.060572	-0.040586	-0.135815
Superscaffold6	47692499	48576027	-0.155445	-0.050898	-0.028635	-0.101359
Superscaffold6	48576207	48974422	0.106935	0.032833	0.021985	0.073721
Superscaffold6	48974426	49261729	-0.376518	-0.230212	-0.117226	-0.266965
Superscaffold6	49261986	49478173	0.027823	0.014155	0.008280	0.015115
Superscaffold6	49478197	49845042	0.045479	0.014614	0.008154	0.029227
Superscaffold6	49845156	50222720	-0.127590	-0.044827	-0.027618	-0.076353
Superscaffold6	50223008	50547789	-0.047560	-0.018389	-0.010909	-0.030847
Superscaffold6	50547999	50919023	-0.140567	-0.047807	-0.028667	-0.097774
Superscaffold6	50919253	51221852	0.253631	0.125513	0.079907	0.177456
Superscaffold6	51221886	51883333	0.152104	0.066627	0.041261	0.088867
Superscaffold6	51883602	52240697	0.055430	0.022116	0.014246	0.038244
Superscaffold6	52240698	52516524	-0.237772	-0.167165	-0.101632	-0.162862
Superscaffold6	52516571	52809733	-0.016518	-0.012157	-0.006902	-0.013405
Superscaffold6	52809797	53010771	0.068968	0.045028	0.026421	0.046373
Superscaffold6	53010808	53394144	-0.000637	-0.000230	-0.000143	0.001067
Superscaffold7	194314	518538	-0.012229	-0.006442	-0.004194	-0.005637
Superscaffold7	518585	735879	-0.147313	-0.104117	-0.059455	-0.068291
Superscaffold7	735983	1071571	-0.219621	-0.221568	-0.119634	-0.142831
Superscaffold7	1071574	1226267	-0.140601	-0.130605	-0.070993	-0.091569
Superscaffold7	1226326	1439217	0.130966	0.083645	0.051761	0.073061
Superscaffold7	1439220	1611763	0.037597	0.035773	0.020427	0.019787
Superscaffold7	1611790	1787792	0.010219	0.008079	0.005140	0.006695
Superscaffold7	1787962	2145818	-0.118279	-0.110538	-0.051502	-0.060392
Superscaffold7	2145883	2603821	0.020980	0.011139	0.007818	0.011263
Superscaffold7	2603841	2956390	0.108525	0.040537	0.031334	0.075010
Superscaffold7	2956467	3339854	-0.134363	-0.042550	-0.029761	-0.070151
Superscaffold7	3339955	3704970	-0.044856	-0.026311	-0.016110	-0.020855
Superscaffold7	3705003	3994765	0.076917	0.051438	0.033210	0.034024
Superscaffold7	3994839	4382624	-0.022575	-0.015314	-0.009619	-0.011489
Superscaffold7	4382629	4574079	-0.149044	-0.150596	-0.076889	-0.083311
Superscaffold7	4574084	4826324	-0.003992	-0.001767	-0.001267	-0.002304
Superscaffold7	4827923	5076541	0.033017	0.022085	0.014415	0.016007
Superscaffold7	5076683	5248999	0.035976	0.034225	0.020730	0.020057
Superscaffold7	5249037	5383601	0.022744	0.025030	0.014635	0.013460
Superscaffold7	5383939	5586176	0.000630	0.000535	0.000289	0.000032
Superscaffold7	5586183	5733858	0.018590	0.015763	0.009095	0.008931
Superscaffold7	5733972	5956202	0.039322	0.027581	0.017961	0.023177
Superscaffold7	5956307	6061936	0.039870	0.025591	0.017823	0.028102
Superscaffold7	6061942	6207865	0.008200	0.007715	0.004796	0.004191
Superscaffold7	6207880	6584379	0.197687	0.141220	0.090397	0.107175
Superscaffold7	6584386	7188349	0.103395	0.065141	0.042873	0.056701
Superscaffold7	7188373	7422726	0.115812	0.067915	0.045448	0.065740
Superscaffold7	7422728	7648452	0.019708	0.015862	0.009769	0.013019
Superscaffold7	7648453	7861055	-0.061145	-0.039186	-0.023211	-0.039010
Superscaffold7	7861090	8146408	0.038053	0.028071	0.017300	0.020181
Superscaffold7	8146561	8311239	0.385090	0.290619	0.183534	0.305914
Superscaffold7	8311296	8495361	0.024734	0.021090	0.011308	0.018118
Superscaffold7	8495493	9152577	0.096470	0.025359	0.018531	0.062327
Superscaffold7	9152599	9802227	-0.032450	-0.015735	-0.009315	-0.016959
Superscaffold7	9803610	10227011	0.030415	0.004828	0.003812	0.017343
Superscaffold7	10227023	10515008	-0.006916	-0.002332	-0.001615	-0.001088
Superscaffold7	10515021	10855937	-0.196643	-0.124984	-0.070891	-0.110833
Superscaffold7	10855979	11160814	0.005889	0.002588	0.001605	0.005612
Superscaffold7	11160857	11522261	-0.086898	-0.025446	-0.015790	-0.051318
Superscaffold7	11522296	11783821	-0.378398	-0.152039	-0.099914	-0.301550
Superscaffold7	11783855	11982696	-0.024850	-0.014172	-0.007934	-0.018948
Superscaffold7	11982904	12357420	0.130233	0.047400	0.029707	0.085815
Superscaffold7	12357432	12736154	-0.151911	-0.049979	-0.032939	-0.100962
Superscaffold7	12736224	13214599	-0.115354	-0.030079	-0.019704	-0.080810
Superscaffold7	13214600	13977059	-0.003044	-0.000945	-0.000659	-0.004594
Superscaffold7	13977061	14466369	-0.113244	-0.040044	-0.025854	-0.060761
Superscaffold7	14466929	14767592	0.096081	0.035818	0.020466	0.067332
Superscaffold7	14768175	15057302	-0.504099	-0.243737	-0.134006	-0.378873
Superscaffold7	15057309	15821650	-0.041810	-0.011587	-0.006785	-0.032640
Superscaffold7	15821697	16246089	-0.089566	-0.037290	-0.022580	-0.054821
Superscaffold7	16246139	16696352	0.298767	0.077658	0.056785	0.195409
Superscaffold7	16696528	17219393	-0.467640	-0.126371	-0.083980	-0.366472
Superscaffold7	17219449	17931907	-0.008600	-0.000857	-0.000652	-0.008321
Superscaffold7	17932271	18787987	-0.058576	-0.006744	-0.004546	-0.037268
Superscaffold7	18790803	19457116	0.125061	0.011508	0.008803	0.089393
Superscaffold7	19457524	20024879	-0.089669	-0.013231	-0.009767	-0.070056
Superscaffold7	20025028	20482412	0.232209	0.039511	0.029606	0.183678
Superscaffold7	20482416	21079630	0.253583	0.044032	0.030195	0.193499
Superscaffold7	21079793	21477385	-0.094470	-0.018892	-0.011949	-0.066116
Superscaffold7	21477591	21745852	-0.296436	-0.088059	-0.050690	-0.226599
Superscaffold7	21746002	22417524	-0.152367	-0.056959	-0.032176	-0.106509
Superscaffold7	22417627	22857992	-0.033441	-0.009793	-0.005994	-0.023938
Superscaffold7	22858001	23093847	0.274909	0.084296	0.054503	0.174137
Superscaffold7	23093940	23547445	0.045316	0.010250	0.006213	0.026632
Superscaffold7	23547474	23925293	-0.136348	-0.035752	-0.024389	-0.088130
Superscaffold7	23925397	24248661	-0.235813	-0.095954	-0.057454	-0.146422
Superscaffold7	24248754	24474692	-0.035626	-0.016726	-0.010024	-0.022344
Superscaffold7	24474864	24709220	0.151361	0.050119	0.031622	0.106730
Superscaffold7	24709299	24848193	0.091997	0.081483	0.038093	0.055133
Superscaffold7	24848201	25175764	0.007444	0.006779	0.003678	0.005565
Superscaffold7	25175819	25438018	-0.152294	-0.093945	-0.050025	-0.083668
Superscaffold7	25438160	25677308	-0.351969	-0.229938	-0.119597	-0.254139
Superscaffold7	25677325	25990155	-0.037353	-0.011672	-0.007339	-0.025212
Superscaffold7	25990223	26629051	-0.315358	-0.143036	-0.081994	-0.227682
Superscaffold7	26629069	26953333	-0.006313	-0.002361	-0.001316	-0.000801
Superscaffold7	26953776	27229835	-0.165073	-0.096861	-0.049350	-0.089475
Superscaffold7	27229861	27448196	0.061505	0.033175	0.020255	0.044558
Superscaffold7	27448438	27780030	-0.060173	-0.025397	-0.014452	-0.040183
Superscaffold7	27780135	28063802	-0.063839	-0.025578	-0.015387	-0.043186
Superscaffold7	28063832	28343570	-0.013324	-0.004162	-0.002476	-0.009522
Superscaffold7	28343573	28695902	0.059826	0.015316	0.010253	0.043560
Superscaffold7	28695922	29037493	-0.155809	-0.062052	-0.036666	-0.111729
Superscaffold7	29037718	29400178	-0.280343	-0.097964	-0.058487	-0.181780
Superscaffold7	29400203	29713799	-0.471709	-0.313451	-0.145983	-0.325198
Superscaffold7	29714137	29898829	-0.624877	-0.470604	-0.238433	-0.468368
Superscaffold7	29898868	30211703	-0.175208	-0.061060	-0.037293	-0.111804
Superscaffold7	30211765	30482535	-0.168688	-0.108240	-0.067762	-0.098488
Superscaffold7	30482666	30852393	-0.051628	-0.018252	-0.010832	-0.037002
Superscaffold7	30852408	31271813	-0.214599	-0.064847	-0.041169	-0.152316
Superscaffold7	31274074	31872435	0.251781	0.089694	0.054532	0.128231
Superscaffold7	31872597	32150371	-0.373063	-0.162988	-0.084395	-0.254413
Superscaffold7	32150373	32697343	0.051648	0.010382	0.006383	0.033797
Superscaffold7	32697352	33059835	-0.140672	-0.044174	-0.025816	-0.090195
Superscaffold7	33059864	33393534	0.085322	0.026446	0.017213	0.064761
Superscaffold7	33393596	33679883	0.072867	0.046343	0.028009	0.046851
Superscaffold7	33679991	33962682	-0.070831	-0.032461	-0.020696	-0.044159
Superscaffold7	33962690	34453618	-0.051344	-0.013592	-0.008969	-0.028499
Superscaffold7	34453813	34646879	-0.065801	-0.046098	-0.028849	-0.049214
Superscaffold7	34646915	34927885	0.066711	0.027103	0.016972	0.044248
Superscaffold7	34927926	35398274	-0.234818	-0.132663	-0.078890	-0.150608
Superscaffold7	35398575	35807082	-0.309387	-0.106176	-0.067469	-0.233023
Superscaffold7	35807102	36104079	0.003479	0.000996	0.000631	0.002147
Superscaffold7	36104499	36454571	0.103931	0.032237	0.021760	0.074699
Superscaffold7	36454634	37000188	-0.091273	-0.017830	-0.012329	-0.060576
Superscaffold7	37000222	37327212	-0.139121	-0.073004	-0.047831	-0.100305
Superscaffold7	37327252	37664588	0.092983	0.029297	0.017412	0.061588
Superscaffold7	37664742	38103241	-0.191125	-0.065916	-0.039387	-0.159739
Superscaffold7	38103993	38532086	-0.156204	-0.041945	-0.028685	-0.119857
Superscaffold7	38532167	38942358	0.066720	0.019273	0.013158	0.044973
Superscaffold7	38942368	39189728	-0.100058	-0.051331	-0.033361	-0.049551
Superscaffold7	39190097	39526945	-0.237684	-0.095268	-0.059775	-0.171931
Superscaffold7	39538500	39805092	-0.137348	-0.043779	-0.027725	-0.084932
Superscaffold7	39805115	40488633	-0.070103	-0.016292	-0.010772	-0.041049
Superscaffold7	40488672	41008298	-0.161528	-0.043703	-0.026878	-0.113972
Superscaffold7	41008469	41638826	0.037777	0.012231	0.007907	0.026515
Superscaffold7	41638832	41850266	-0.254612	-0.162249	-0.093030	-0.155310
Superscaffold7	41850299	42174611	0.004138	0.001153	0.000812	0.003049
Superscaffold7	42174617	42417111	0.348073	0.153369	0.103200	0.203851
Superscaffold7	42417115	42757319	-0.277444	-0.092750	-0.062792	-0.158220
Superscaffold7	42757342	43247823	-0.005197	-0.002517	-0.001470	-0.005652
Superscaffold7	43247851	43725580	0.022558	0.010163	0.006552	0.015761
Superscaffold7	43725584	44005597	-0.152869	-0.052558	-0.036562	-0.102225
Superscaffold7	44005923	44268801	-0.064894	-0.029369	-0.020723	-0.043557
Superscaffold7	44268905	44527936	-0.295043	-0.100119	-0.072405	-0.171615
Superscaffold7	44527937	44914149	-0.028144	-0.008500	-0.006380	-0.016139
Superscaffold7	44914168	45121407	-0.173401	-0.134767	-0.071636	-0.102404
Superscaffold7	45121534	45322451	-0.052671	-0.035549	-0.021854	-0.027350
Superscaffold7	45322512	45656285	0.198405	0.092216	0.064101	0.115705
Superscaffold7	45656303	45946070	0.136801	0.064893	0.045557	0.084625
Superscaffold7	45946407	46264578	-0.142272	-0.053471	-0.037357	-0.096834
Superscaffold7	46264790	46550803	-0.293169	-0.086230	-0.060539	-0.177312
Superscaffold7	46550887	47039544	0.016450	0.007772	0.005320	0.007337
Superscaffold7	47039553	48012808	0.000407	0.000126	0.000086	-0.002626
Superscaffold7	48013473	48252388	-0.054173	-0.025964	-0.015471	-0.039735
Superscaffold7	48252409	48475927	-0.236321	-0.123292	-0.072058	-0.146119
Superscaffold7	48475966	48953430	-0.304513	-0.100601	-0.056689	-0.237272
Superscaffold7	48953539	49445227	-0.055987	-0.012480	-0.008640	-0.035900
Superscaffold8	204036	663161	-0.396069	-0.218017	-0.114550	-0.266259
Superscaffold8	663494	897843	-0.274366	-0.139669	-0.081466	-0.177473
Superscaffold8	898479	1137705	-0.113957	-0.089318	-0.046471	-0.066840
Superscaffold8	1137769	1407518	-0.426362	-0.334917	-0.167098	-0.290890
Superscaffold8	1407617	1826031	-0.617488	-0.626303	-0.287121	-0.490780
Superscaffold8	1826213	2120564	-0.439634	-0.413420	-0.205267	-0.262514
Superscaffold8	2120600	2333979	-0.197414	-0.177859	-0.100118	-0.127883
Superscaffold8	2334073	2480403	0.051274	0.047199	0.030342	0.029275
Superscaffold8	2480480	2820412	-0.011458	-0.007620	-0.004559	-0.003909
Superscaffold8	2820590	3312195	0.054207	0.030229	0.019427	0.031117
Superscaffold8	3312660	3685609	-0.062114	-0.042294	-0.023757	-0.035656
Superscaffold8	3685663	3901957	-0.150546	-0.067987	-0.044711	-0.081629
Superscaffold8	3902063	4195226	-0.091956	-0.041244	-0.026423	-0.053129
Superscaffold8	4195228	4658509	-0.141878	-0.052485	-0.030731	-0.075695
Superscaffold8	4658525	4932080	0.034071	0.021434	0.013067	0.016813
Superscaffold8	4932558	5308464	0.193074	0.115135	0.076901	0.110834
Superscaffold8	5308469	5645045	-0.060263	-0.031676	-0.021313	-0.035387
Superscaffold8	5645186	6011857	-0.067013	-0.044598	-0.027103	-0.037747
Superscaffold8	6012045	6422028	0.388077	0.264749	0.188028	0.270719
Superscaffold8	6422082	6640713	-0.030641	-0.023011	-0.014768	-0.016857
Superscaffold8	6640714	6952813	0.000990	0.000597	0.000408	0.000983
Superscaffold8	6952842	7165516	-0.053335	-0.031439	-0.020451	-0.030679
Superscaffold8	7165525	7444442	0.049188	0.024725	0.016305	0.029409
Superscaffold8	7444713	7831927	-0.053297	-0.022960	-0.013577	-0.034722
Superscaffold8	7831970	8484688	0.172753	0.064374	0.040364	0.119706
Superscaffold8	8484763	9010709	0.060283	0.019410	0.012446	0.033766
Superscaffold8	9011092	9292625	-0.383608	-0.229286	-0.113182	-0.261867
Superscaffold8	9292634	9773599	-0.105373	-0.050798	-0.029232	-0.069163
Superscaffold8	9773686	10222264	-0.016093	-0.007178	-0.004926	-0.025307
Superscaffold8	10222281	10620670	-0.169690	-0.042835	-0.025929	-0.128920
Superscaffold8	10620689	10910473	-0.060964	-0.030922	-0.018672	-0.039358
Superscaffold8	10910492	11081336	0.042587	0.037721	0.020889	0.021612
Superscaffold8	11081349	11251965	-0.056590	-0.060808	-0.029295	-0.033505
Superscaffold8	11252049	11452240	-0.367456	-0.356928	-0.156577	-0.222250
Superscaffold8	11452281	11706976	-0.139994	-0.102848	-0.060334	-0.076108
Superscaffold8	11707001	11961981	-0.034206	-0.011249	-0.008283	-0.014893
Superscaffold8	11962016	12282492	0.174902	0.110399	0.070657	0.082327
Superscaffold8	12282503	12470864	-0.006711	-0.006197	-0.003590	-0.006655
Superscaffold8	12471101	12659019	-0.058939	-0.046554	-0.027864	-0.030619
Superscaffold8	12659043	12887482	0.118787	0.073192	0.040714	0.068114
Superscaffold8	12887487	13282065	-0.197690	-0.112777	-0.066908	-0.126690
Superscaffold8	13282142	13559640	0.004416	0.002371	0.001235	0.003036
Superscaffold8	13559738	13846816	0.092292	0.029615	0.019627	0.064810
Superscaffold8	13846851	14153069	-0.324977	-0.115934	-0.074825	-0.249476
Superscaffold8	14153077	14478022	0.357332	0.131369	0.097080	0.284751
Superscaffold8	14478064	14990867	0.141458	0.076869	0.038075	0.081369
Superscaffold8	14990875	15213604	0.614077	0.256659	0.184405	0.505183
Superscaffold8	15213654	15489017	-0.236422	-0.153923	-0.071744	-0.177273
Superscaffold8	15489153	15760917	-0.115995	-0.066259	-0.039117	-0.062946
Superscaffold8	15760970	16199302	-0.023903	-0.014575	-0.009170	-0.024349
Superscaffold8	16199332	16602677	0.039850	0.010608	0.006646	0.030439
Superscaffold8	16603317	16839665	-0.271109	-0.134060	-0.076302	-0.187107
Superscaffold8	16839732	17083379	0.130538	0.048299	0.032344	0.105188
Superscaffold8	17083474	17169575	0.142434	0.121046	0.049777	0.041040
Superscaffold8	17169580	17437327	0.017985	0.013231	0.006860	0.008309
Superscaffold8	17437382	17841973	-0.072150	-0.061844	-0.031321	-0.038273
Superscaffold8	17841979	18059341	0.092013	0.054662	0.033202	0.042997
Superscaffold8	18059563	18334484	-0.009491	-0.003214	-0.002358	-0.001925
Superscaffold8	18334494	18688232	0.260550	0.102339	0.062007	0.158279
Superscaffold8	18688286	19051375	-0.279276	-0.093092	-0.055335	-0.196980
Superscaffold8	19051564	19244592	-0.063126	-0.037291	-0.021164	-0.039056
Superscaffold8	19244614	19643732	0.142101	0.053277	0.031841	0.086726
Superscaffold8	19643739	19912352	0.050733	0.028465	0.018078	0.030151
Superscaffold8	19912354	20106732	0.366908	0.168351	0.110586	0.253450
Superscaffold8	20106749	20475786	0.257899	0.080527	0.051126	0.168842
Superscaffold8	20475813	20811231	0.246405	0.075711	0.050975	0.162600
Superscaffold8	20811274	21244028	0.095773	0.025579	0.015896	0.064034
Superscaffold8	21244671	21594512	-0.089172	-0.020274	-0.013594	-0.063309
Superscaffold8	21594517	21921128	-0.294199	-0.066022	-0.042648	-0.249394
Superscaffold8	21921207	22289887	0.016645	0.003457	0.002228	0.013950
Superscaffold8	22289917	22751099	-0.102670	-0.018947	-0.012112	-0.085794
Superscaffold8	22751151	23336037	0.212206	0.032393	0.021588	0.171434
Superscaffold8	23336075	23849564	0.075342	0.012012	0.007840	0.066828
Superscaffold8	23849891	24726867	-0.233035	-0.042725	-0.026487	-0.159176
Superscaffold8	24726870	24937110	-0.146170	-0.056296	-0.035062	-0.076612
Superscaffold8	24937191	25639244	0.004844	0.001007	0.000616	0.004317
Superscaffold8	25639789	26073396	-0.403463	-0.148384	-0.087505	-0.333577
Superscaffold8	26073620	26373335	-0.217874	-0.087186	-0.051959	-0.156326
Superscaffold8	26373350	26905953	0.325647	0.075693	0.053066	0.234724
Superscaffold8	26906462	27397248	0.085033	0.022291	0.013789	0.064634
Superscaffold8	27397447	27730125	0.131714	0.041039	0.026504	0.082563
Superscaffold8	27730142	28130454	-0.120600	-0.027860	-0.017711	-0.084288
Superscaffold8	28130455	28956264	0.224746	0.042263	0.030007	0.161561
Superscaffold8	28956437	29347046	-0.474748	-0.136104	-0.081044	-0.349317
Superscaffold8	29347232	29850323	0.010264	0.002190	0.001474	0.006493
Superscaffold8	29850334	30157511	0.239012	0.063509	0.046079	0.170233
Superscaffold8	30157550	30454252	-0.412421	-0.145938	-0.096994	-0.313175
Superscaffold8	30454263	30805517	-0.499839	-0.152233	-0.092874	-0.389173
Superscaffold8	30805609	31257593	-0.124760	-0.025954	-0.016539	-0.078061
Superscaffold8	31257705	31657330	0.011627	0.002813	0.001748	0.007641
Superscaffold8	31657362	32177910	-0.063573	-0.014508	-0.010127	-0.032694
Superscaffold8	32177944	32546770	0.001475	0.000751	0.000467	-0.000755
Superscaffold8	32546795	33023114	-0.466736	-0.448219	-0.228134	-0.345603
Superscaffold8	33023119	33362213	-0.179641	-0.229412	-0.116197	-0.114700
Superscaffold8	33362267	33637324	-0.348826	-0.165307	-0.108463	-0.184805
Superscaffold8	33637362	33865057	-0.377187	-0.165621	-0.111518	-0.250915
Superscaffold8	33865328	34142721	0.196986	0.067666	0.041905	0.161780
Superscaffold8	34142768	34445383	-0.109534	-0.041726	-0.026791	-0.062872
Superscaffold8	34445488	34719216	0.177215	0.058752	0.037687	0.128611
Superscaffold8	34719485	35170175	-0.084190	-0.021167	-0.013622	-0.063655
Superscaffold8	35170195	35553866	0.227357	0.076721	0.049323	0.167090
Superscaffold8	35554352	36070122	-0.112114	-0.032196	-0.020410	-0.069744
Superscaffold8	36070165	36532277	-0.174900	-0.061967	-0.044280	-0.128141
Superscaffold8	36532408	36844476	-0.193930	-0.065811	-0.043525	-0.120860
Superscaffold8	36844549	37581996	0.078552	0.021042	0.015337	0.048383
Superscaffold8	37582097	37926698	-0.006352	-0.002307	-0.001556	-0.002890
Superscaffold8	37926890	38264477	-0.011246	-0.004421	-0.003137	-0.006418
Superscaffold8	38264526	38576067	0.184377	0.065729	0.049982	0.153047
Superscaffold8	38576109	39033610	-0.148924	-0.050002	-0.031559	-0.092273
Superscaffold8	39033651	39287112	0.017407	0.009473	0.005611	0.007669
Superscaffold8	39287122	39846280	-0.101766	-0.037204	-0.023815	-0.058421
Superscaffold8	39846400	40306608	0.037947	0.012486	0.008015	0.022667
Superscaffold8	40306612	40612318	-0.139926	-0.043478	-0.030229	-0.094686
Superscaffold8	40612386	40929833	0.169372	0.072211	0.041419	0.103171
Superscaffold8	40929856	41135291	0.032273	0.033817	0.017196	0.016538
Superscaffold8	41135379	41487363	0.413626	0.185466	0.116693	0.245786
Superscaffold8	41487431	41678979	0.214123	0.105783	0.072183	0.146075
Superscaffold8	41679756	42382586	0.141814	0.059075	0.036145	0.084414
Superscaffold8	42382587	43067767	-0.118079	-0.056217	-0.033374	-0.071942
Superscaffold8	43069587	43413465	-0.247557	-0.098469	-0.058781	-0.153703
Superscaffold8	43413713	43859067	-0.004057	-0.001381	-0.000967	-0.001934
Superscaffold8	43859113	44263384	-0.073744	-0.045069	-0.026161	-0.056938
Superscaffold8	44263705	44764150	-0.126683	-0.056844	-0.032070	-0.070142
Superscaffold8	44764244	45418750	-0.376903	-0.133465	-0.077888	-0.268712
Superscaffold8	45418783	45989384	0.085380	0.016613	0.011207	0.058390
Superscaffold8	45989589	46483663	0.159531	0.032882	0.022412	0.123702
Superscaffold8	46483730	46965937	-0.103023	-0.027137	-0.017535	-0.060231
Superscaffold8	46966645	47917589	-0.140989	-0.030887	-0.019988	-0.092970
Superscaffold8	47917709	48350256	-0.258753	-0.085338	-0.048113	-0.188029
Superscaffold8	48350284	48823722	-0.365962	-0.129535	-0.081429	-0.282586
Superscaffold8	48823819	49211510	-0.130742	-0.035891	-0.023434	-0.099489
Superscaffold8	49211515	49565241	-0.476371	-0.205263	-0.117557	-0.395647
Superscaffold8	49565326	50112042	-0.320246	-0.090439	-0.059776	-0.239452
Superscaffold8	50112222	50670848	0.000135	0.000036	0.000022	0.001057
Superscaffold8	50674688	51156931	-0.262985	-0.087540	-0.052705	-0.181436
Superscaffold8	51157126	51556580	-0.182399	-0.048716	-0.030635	-0.124490
Superscaffold8	51556698	51875824	-0.269038	-0.073092	-0.047081	-0.203397
Superscaffold8	51876870	52208469	-0.167462	-0.047654	-0.029087	-0.114449
Superscaffold8	52208473	52523828	-0.317032	-0.155420	-0.089414	-0.219645
Superscaffold8	52523899	53113621	-0.114816	-0.034059	-0.021654	-0.070999
Superscaffold8	53113697	53697516	-0.069513	-0.022316	-0.015333	-0.045240
Superscaffold8	53697982	54212539	-0.141094	-0.062463	-0.030850	-0.093699
Superscaffold8	54212950	54538802	0.160751	0.059290	0.034866	0.099077
Superscaffold8	54538865	54890075	-0.038322	-0.011140	-0.007176	-0.021691
Superscaffold8	54890088	55247414	0.070974	0.028133	0.015719	0.048639
Superscaffold8	55247629	55720739	-0.294233	-0.089734	-0.055002	-0.195048
Superscaffold8	55721283	56176327	-0.130012	-0.035979	-0.022797	-0.075895
Superscaffold8	56176371	56827603	0.117646	0.028243	0.018260	0.075654
Superscaffold8	56829009	57588664	-0.047018	-0.011045	-0.006973	-0.031387
Superscaffold8	57588715	58170656	-0.003317	-0.001162	-0.000724	-0.004398
Superscaffold8	58170874	58737132	0.016424	0.006818	0.004505	0.006927
Superscaffold8	58737585	59182411	0.271720	0.068597	0.047543	0.194247
Superscaffold8	59182578	59533411	0.111132	0.042043	0.026828	0.081198
Superscaffold8	59533414	59914847	0.211589	0.104437	0.054456	0.143982
Superscaffold8	59914882	60456310	-0.095179	-0.022923	-0.015088	-0.055784
Superscaffold8	60456418	60760454	-0.062376	-0.030710	-0.019083	-0.035983
Superscaffold8	60760474	61082654	-0.010008	-0.003364	-0.002213	-0.005494
Superscaffold8	61082812	61574540	0.080182	0.030021	0.019953	0.044933
Superscaffold8	61574570	62093945	0.141046	0.045858	0.030189	0.088185
Superscaffold8	62093971	62417609	-0.158844	-0.056461	-0.036391	-0.090471
Superscaffold8	62417627	62753919	-0.213573	-0.080352	-0.048328	-0.145247
Superscaffold8	62754427	63086042	-0.052752	-0.023278	-0.013421	-0.031479
Superscaffold8	63086088	63529829	-0.259598	-0.096457	-0.062238	-0.188790
Superscaffold8	63529843	63955486	-0.116015	-0.034972	-0.023217	-0.077860
Superscaffold8	63955571	64418997	-0.054204	-0.013116	-0.008646	-0.037247
Superscaffold8	64419008	65191646	-0.165186	-0.043966	-0.027996	-0.104421
Superscaffold8	65191749	65645715	-0.338618	-0.097632	-0.060815	-0.252623
Superscaffold8	65645848	66382213	-0.101651	-0.020666	-0.014490	-0.079157
Superscaffold9	254654	408109	0.383538	0.284726	0.203961	0.235424
Superscaffold9	408130	793902	0.020023	0.015160	0.008881	0.013519
Superscaffold9	793939	1091063	0.021265	0.016807	0.009532	0.014549
Superscaffold9	1091067	1248796	-0.079387	-0.088236	-0.051314	-0.043872
Superscaffold9	1248802	1428066	0.007969	0.008758	0.005182	-0.012442
Superscaffold9	1428129	1603673	-0.125225	-0.162601	-0.087325	-0.071882
Superscaffold9	1609514	2061869	0.038694	0.028861	0.017381	0.018856
Superscaffold9	2062104	2224823	0.090266	0.080205	0.051424	0.045532
Superscaffold9	2224915	2387458	-0.145237	-0.161504	-0.090312	-0.083273
Superscaffold9	2387482	2625941	0.100116	0.083238	0.051773	0.060421
Superscaffold9	2625973	2968607	-0.093746	-0.099780	-0.049420	-0.048380
Superscaffold9	2968722	3201415	0.052740	0.050691	0.028589	0.029636
Superscaffold9	3201487	3499266	0.001552	0.001287	0.000791	0.000649
Superscaffold9	3499547	4200828	-0.110763	-0.063801	-0.037025	-0.070169
Superscaffold9	4200869	4486577	-0.325816	-0.201932	-0.130428	-0.219367
Superscaffold9	4486745	4849853	-0.265235	-0.163948	-0.092517	-0.157985
Superscaffold9	4850094	5026497	-0.078851	-0.051569	-0.030228	-0.052524
Superscaffold9	5026755	5192586	0.063083	0.045733	0.025706	0.034298
Superscaffold9	5192614	5518636	-0.058777	-0.027157	-0.016946	-0.032412
Superscaffold9	5518645	5753990	-0.112411	-0.048708	-0.033880	-0.061418
Superscaffold9	5754142	6081440	0.103126	0.040796	0.027644	0.058924
Superscaffold9	6081444	6462952	0.042884	0.024233	0.015099	0.023637
Superscaffold9	6462970	6756824	-0.059407	-0.021366	-0.014703	-0.025075
Superscaffold9	6757475	7197872	-0.185214	-0.047751	-0.031898	-0.133985
Superscaffold9	7197877	7702617	-0.233828	-0.061091	-0.039366	-0.156406
Superscaffold9	7702662	7998592	-0.208057	-0.089355	-0.052575	-0.132918
Superscaffold9	8000087	8284571	-0.078422	-0.033062	-0.020606	-0.055684
Superscaffold9	8284750	8507608	0.112229	0.055681	0.036320	0.071104
Superscaffold9	8507630	8798974	-0.115611	-0.104850	-0.057744	-0.068383
Superscaffold9	8798993	9064802	0.127341	0.095429	0.057498	0.069818
Superscaffold9	9064908	9459311	-0.030206	-0.021640	-0.014001	-0.014666
Superscaffold9	9459372	9947929	-0.027365	-0.007863	-0.005264	-0.022763
Superscaffold9	9948008	10478577	-0.072471	-0.023354	-0.014930	-0.042730
Superscaffold9	10478626	11190728	-0.019239	-0.009369	-0.005328	-0.012072
Superscaffold9	11191028	11364243	-0.288699	-0.238014	-0.121386	-0.181431
Superscaffold9	11364382	12109376	0.029870	0.010728	0.006895	0.014762
Superscaffold9	12109417	12441423	0.045343	0.024848	0.014100	0.024994
Superscaffold9	12441528	12733182	0.011716	0.004453	0.002628	0.010546
Superscaffold9	12733314	13126083	-0.096120	-0.031914	-0.019835	-0.074314
Superscaffold9	13126166	14112546	0.117523	0.057804	0.031160	0.071529
Superscaffold9	14113188	14432470	-0.148068	-0.053009	-0.034797	-0.091440
Superscaffold9	14432478	14978481	-0.257542	-0.070393	-0.046282	-0.184783
Superscaffold9	14978484	15333960	0.024043	0.009853	0.006116	0.010339
Superscaffold9	15334060	15644908	-0.038479	-0.016587	-0.010498	-0.022792
Superscaffold9	15645002	15980699	-0.291057	-0.116993	-0.072086	-0.191180
Superscaffold9	15980733	16350035	0.053164	0.012522	0.008191	0.036465
Superscaffold9	16350054	16705838	-0.207212	-0.050398	-0.027425	-0.146082
Superscaffold9	16706047	17137737	-0.351065	-0.086812	-0.056664	-0.275457
Superscaffold9	17137832	17508730	-0.216124	-0.054538	-0.035163	-0.142627
Superscaffold9	17509083	17780717	-0.116563	-0.055890	-0.032328	-0.078936
Superscaffold9	17780761	18109857	-0.018333	-0.007033	-0.004393	-0.011815
Superscaffold9	18109925	18389524	-0.288198	-0.189450	-0.095327	-0.179550
Superscaffold9	18391774	19304025	-0.087265	-0.043172	-0.026304	-0.052690
Superscaffold9	19307099	20339828	-0.042092	-0.015422	-0.010084	-0.028958
Superscaffold9	20339981	20585171	0.241884	0.096806	0.059800	0.167674
Superscaffold9	20585199	20824512	-0.188110	-0.088986	-0.056761	-0.101722
Superscaffold9	20824595	21168233	0.092230	0.031636	0.020574	0.062517
Superscaffold9	21168261	21400128	-0.047069	-0.021136	-0.012798	-0.027914
Superscaffold9	21400130	21621918	0.001854	0.000904	0.000631	0.002587
Superscaffold9	21623832	21944705	0.050424	0.017774	0.011298	0.028911
Superscaffold9	21944790	22317316	0.000544	0.000290	0.000172	-0.001358
Superscaffold9	22317389	22652910	0.074409	0.042919	0.024328	0.054696
Superscaffold9	22661000	23251354	0.009695	0.002680	0.001477	0.011229
Superscaffold9	23251436	23643432	0.048679	0.023472	0.011354	0.032490
Superscaffold9	23643471	23799376	-0.412825	-0.486303	-0.185916	-0.241171
Superscaffold9	23799380	24100309	-0.244560	-0.174746	-0.095321	-0.152481
Superscaffold9	24100357	24485214	0.035181	0.016610	0.011073	0.017306
Superscaffold9	24485256	24816192	-0.276039	-0.081278	-0.056903	-0.198877
Superscaffold9	24816942	25252044	0.152489	0.048777	0.032942	0.091444
Superscaffold9	25252097	25479295	-0.064702	-0.039902	-0.020791	-0.038866
Superscaffold9	25479481	26079845	0.004397	0.001377	0.001061	-0.000271
Superscaffold9	26079952	26462994	-0.306894	-0.092281	-0.053970	-0.207237
Superscaffold9	26462998	26978789	0.209394	0.089336	0.059527	0.125465
Superscaffold9	26978871	27253244	-0.217212	-0.114668	-0.063876	-0.137740
Superscaffold9	27253284	27677404	-0.229455	-0.080327	-0.052347	-0.131591
Superscaffold9	27677428	28400402	0.037248	0.017418	0.009469	0.023204
Superscaffold9	28400412	28669319	0.008202	0.002480	0.001686	0.003566
Superscaffold9	28669538	28994400	-0.187891	-0.085593	-0.048392	-0.101995
Superscaffold9	28994610	29262404	0.282693	0.152470	0.093314	0.169329
Superscaffold9	29262920	29600828	-0.341692	-0.131325	-0.075948	-0.253447
Superscaffold9	29600969	29876301	0.090462	0.040594	0.026052	0.053286
Superscaffold9	29876336	30195625	-0.214987	-0.103545	-0.063387	-0.128353
Superscaffold9	30195915	30608864	-0.098522	-0.027381	-0.015948	-0.069443
Superscaffold9	30608891	30984224	-0.049573	-0.030605	-0.013763	-0.030373
Superscaffold9	30984231	31460057	-0.060640	-0.020070	-0.013170	-0.037398
Superscaffold9	31463296	31862471	0.575462	0.299724	0.211477	0.408876
Superscaffold9	31862490	32015424	0.264548	0.220673	0.097209	0.170794
Superscaffold9	32015484	32282875	0.345830	0.196629	0.112286	0.225921
Superscaffold9	32282888	32498278	-0.098903	-0.067601	-0.034390	-0.059220
Superscaffold9	32498394	32935409	0.012013	0.005320	0.003465	0.009110
Superscaffold9	32935422	33209006	-0.099348	-0.046272	-0.031119	-0.064921
Superscaffold9	33209024	33578618	-0.104577	-0.029035	-0.018564	-0.057876
Superscaffold9	33578706	33909159	0.112341	0.068412	0.041842	0.073854
Superscaffold9	33909315	34225190	0.459036	0.222470	0.146201	0.327425
Superscaffold9	34225199	34494203	0.151040	0.055173	0.036528	0.098901
Superscaffold9	34494209	35006563	0.146059	0.034241	0.019686	0.066466
Superscaffold9	35006572	35335462	0.072180	0.021121	0.014010	0.046247
Superscaffold9	35335507	36120283	-0.348833	-0.135288	-0.077698	-0.238826
Superscaffold9	36120304	36312934	-0.338823	-0.243632	-0.127381	-0.200355
Superscaffold9	36313058	36513236	-0.136149	-0.060498	-0.041142	-0.061657
Superscaffold9	36513260	36842724	-0.048078	-0.015296	-0.010455	-0.036090
Superscaffold9	36842817	37228039	-0.041724	-0.013286	-0.007875	-0.018989
Superscaffold9	37228900	37623433	-0.185262	-0.049748	-0.035684	-0.092128
Superscaffold9	37623435	38026059	0.322060	0.090917	0.063305	0.210686
Superscaffold9	38026305	38506302	0.284474	0.058040	0.041266	0.160926
Superscaffold9	38506314	38948632	0.029852	0.006157	0.004163	0.019063
Superscaffold9	38948660	39364186	0.214366	0.035356	0.024819	0.155248
Superscaffold9	39364320	39804448	-0.172695	-0.052441	-0.030125	-0.108433
Superscaffold9	39804731	40219784	0.133975	0.069888	0.041999	0.082972
Superscaffold9	40219833	40721134	0.200142	0.076303	0.047803	0.116027
Superscaffold9	40721180	41036155	0.055728	0.025965	0.016761	0.034417
Superscaffold9	41036181	41628038	-0.022887	-0.007870	-0.004786	-0.013783
Superscaffold9	41634584	42295280	0.002035	0.000523	0.000371	-0.000721
Superscaffold9	42295323	42587748	-0.101940	-0.045228	-0.028064	-0.061331
Superscaffold9	42587840	43128284	0.314425	0.129679	0.092544	0.210187
Superscaffold9	43128348	43529568	-0.006314	-0.002457	-0.001614	-0.004681
Superscaffold9	43529597	43947717	-0.194928	-0.059411	-0.043554	-0.132003
Superscaffold9	43947780	44098497	-0.091233	-0.067955	-0.040989	-0.044348
Superscaffold9	44098505	44324537	-0.220945	-0.167030	-0.101779	-0.139025
Superscaffold9	44324540	44781042	-0.032299	-0.016439	-0.011062	-0.025038
Superscaffold9	44781061	44962689	0.149431	0.112922	0.075776	0.078761
Superscaffold9	44962733	45397186	0.008342	0.002246	0.001607	0.003885
Superscaffold9	45397511	45713127	-0.079781	-0.034654	-0.019760	-0.048631
Superscaffold9	45713139	46063559	-0.010329	-0.004354	-0.002619	-0.002040
Superscaffold9	46063580	46580876	0.875653	0.510823	0.463466	0.797565
Superscaffold9	46580901	46941452	0.719316	0.439535	0.363224	0.609489
Superscaffold9	46941457	47168405	0.123787	0.092925	0.059415	0.077062
Superscaffold9	47168410	47452278	-0.004748	-0.003452	-0.002070	-0.004544
Superscaffold9	47454577	47807637	-0.031646	-0.024229	-0.013710	-0.020879
Superscaffold9	47807686	48175591	0.033013	0.010730	0.007680	0.021568
Superscaffold9	48175596	48500489	-0.112713	-0.044528	-0.028698	-0.067021
Superscaffold9	48500582	48819361	0.077857	0.052257	0.033099	0.039692
Superscaffold9	48819440	49106220	0.059256	0.035487	0.023984	0.036085
Superscaffold9	49106226	49366218	-0.328511	-0.209882	-0.122767	-0.197107
Superscaffold9	49366489	49548182	0.060987	0.034103	0.024601	0.035846
Superscaffold9	49548251	49712106	0.217229	0.158730	0.105210	0.120211
Superscaffold9	49712142	49960874	-0.055882	-0.044744	-0.028477	-0.026519
Superscaffold9	49960929	50468140	-0.187868	-0.080548	-0.055746	-0.120033
Superscaffold9	50468163	50732114	-0.254194	-0.141471	-0.085431	-0.163039
Superscaffold9	50732128	51000455	0.022259	0.008809	0.005188	0.014897
Superscaffold9	51000537	51247430	-0.007345	-0.003414	-0.001951	-0.000122
Superscaffold9	51247442	51572585	0.030729	0.008913	0.006113	0.011021
Superscaffold9	51572595	51783059	0.066998	0.040620	0.025460	0.051523
Superscaffold9	51783077	52085542	0.092068	0.047085	0.029988	0.056244
Superscaffold9	52085548	52472155	0.186634	0.061775	0.043418	0.106535
Superscaffold9	52472160	52687209	-0.178930	-0.108024	-0.065836	-0.126443
Superscaffold9	52687226	52889675	-0.433490	-0.369367	-0.188817	-0.287519
Superscaffold9	52889737	53140174	-0.016449	-0.012553	-0.007060	-0.016433
Superscaffold9	53140224	53376202	0.012474	0.009828	0.005015	0.009864
Superscaffold9	53376231	53571302	-0.153929	-0.142559	-0.080649	-0.077405
Superscaffold9	53571797	53721478	-0.252126	-0.327129	-0.170551	-0.157717
Superscaffold9	53721480	53894470	-0.201331	-0.141320	-0.075813	-0.112272
Superscaffold9	53894603	54141379	-0.010082	-0.008785	-0.005002	-0.004731
Superscaffold9	54141556	54607467	0.097359	0.057075	0.036903	0.053961
Superscaffold9	54607533	54847982	-0.091182	-0.063406	-0.040334	-0.064230
Superscaffold9	54847988	55023111	-0.150623	-0.151193	-0.088383	-0.092293
Superscaffold9	55023284	55730737	-0.091263	-0.059596	-0.037748	-0.044705
Superscaffold9	55730765	56118483	0.011108	0.005763	0.003761	0.006919
Superscaffold9	56119364	56480852	0.010659	0.004645	0.003132	0.003787
Superscaffold9	56481630	56951939	0.711118	0.254741	0.192697	0.598816
Superscaffold10	372279	631071	0.006376	0.002387	0.001520	0.001544
Superscaffold10	631259	1243109	-0.118879	-0.044622	-0.028425	-0.077058
Superscaffold10	1243113	1514121	-0.268344	-0.197558	-0.106536	-0.130444
Superscaffold10	1514134	1849528	-0.133152	-0.054674	-0.037197	-0.086718
Superscaffold10	1849533	2403641	-0.109648	-0.028733	-0.019192	-0.072865
Superscaffold10	2403656	2777810	0.065709	0.017916	0.010840	0.043501
Superscaffold10	2777958	3111408	0.039047	0.015901	0.009145	0.024831
Superscaffold10	3111435	3325663	0.065778	0.036320	0.021397	0.039856
Superscaffold10	3325664	3543425	-0.170274	-0.126334	-0.066032	-0.116062
Superscaffold10	3543436	4021562	0.257166	0.142171	0.070132	0.175146
Superscaffold10	4021919	4912041	-0.012467	-0.006744	-0.003790	-0.005840
Superscaffold10	4912097	5798043	-0.026457	-0.011793	-0.007238	-0.015226
Superscaffold10	5798074	6112976	-0.138552	-0.073201	-0.039857	-0.080553
Superscaffold10	6112995	6409399	-0.114243	-0.040166	-0.025286	-0.055128
Superscaffold10	6409417	6877376	0.014354	0.005724	0.003264	0.010722
Superscaffold10	6877387	7404966	-0.113390	-0.048189	-0.029815	-0.066693
Superscaffold10	7405128	7765461	-0.059826	-0.033746	-0.019683	-0.023876
Superscaffold10	7765529	8110459	0.068759	0.040621	0.022716	0.042382
Superscaffold10	8110476	8396494	-0.127452	-0.045574	-0.029133	-0.081805
Superscaffold10	8396846	8997258	-0.130743	-0.031818	-0.020323	-0.088103
Superscaffold10	8997324	9598199	0.043154	0.018310	0.010974	0.027715
Superscaffold10	9598222	9975514	-0.051809	-0.028706	-0.016519	-0.030256
Superscaffold10	9975519	10173251	-0.029114	-0.025916	-0.010860	-0.014818
Superscaffold10	10173276	10390057	-0.052052	-0.027279	-0.015264	-0.039234
Superscaffold10	10390073	10631762	-0.262920	-0.117698	-0.072862	-0.173779
Superscaffold10	10631775	11371539	-0.301920	-0.117593	-0.070536	-0.216273
Superscaffold10	11371569	11730409	-0.043413	-0.013652	-0.008238	-0.026972
Superscaffold10	11730433	12054877	-0.177979	-0.052440	-0.033252	-0.125775
Superscaffold10	12054973	12173531	0.132670	0.106232	0.062571	0.077945
Superscaffold10	12173561	12334875	0.161838	0.130448	0.075669	0.100614
Superscaffold10	12334969	12770740	0.112220	0.066719	0.043349	0.075599
Superscaffold10	12770776	13101339	-0.115234	-0.033658	-0.021293	-0.075807
Superscaffold10	13101475	13354507	0.258543	0.114939	0.065290	0.143817
Superscaffold10	13354523	13725198	0.054004	0.019528	0.011306	0.030059
Superscaffold10	13725212	14080098	-0.074753	-0.029580	-0.019676	-0.044457
Superscaffold10	14080135	14394037	-0.185394	-0.072890	-0.042059	-0.127249
Superscaffold10	14394041	14819576	-0.245528	-0.124853	-0.072536	-0.165720
Superscaffold10	14819591	15371817	-0.056821	-0.014520	-0.009708	-0.033183
Superscaffold10	15372030	15692541	-0.103340	-0.037431	-0.022623	-0.054158
Superscaffold10	15692570	16102333	-0.220701	-0.079929	-0.046793	-0.161495
Superscaffold10	16102334	16728698	0.072487	0.021093	0.012528	0.045568
Superscaffold10	16731676	17187597	-0.061361	-0.016640	-0.009175	-0.037118
Superscaffold10	17187709	17687975	0.087801	0.029062	0.017325	0.058375
Superscaffold10	17688030	18088764	-0.018368	-0.007749	-0.004362	-0.008405
Superscaffold10	18089449	18407491	-0.156286	-0.050602	-0.034500	-0.110994
Superscaffold10	18407753	18751794	0.051217	0.021594	0.011748	0.033247
Superscaffold10	18751820	19164201	-0.114301	-0.049142	-0.027769	-0.064685
Superscaffold10	19164314	19549637	-0.012524	-0.010904	-0.005088	-0.013478
Superscaffold10	19549667	19825110	0.002027	0.000932	0.000536	0.002130
Superscaffold10	19825480	20200866	-0.046947	-0.012811	-0.008386	-0.031371
Superscaffold10	20201053	20592092	-0.058418	-0.013768	-0.009320	-0.043634
Superscaffold10	20592112	20915174	-0.176208	-0.043945	-0.028847	-0.127358
Superscaffold10	20915253	21180935	-0.477243	-0.256317	-0.136558	-0.371656
Superscaffold10	21180960	21536356	-0.094798	-0.030991	-0.018326	-0.058380
Superscaffold10	21536366	21806594	-0.176751	-0.135125	-0.071977	-0.117151
Superscaffold10	21806700	22022429	-0.007823	-0.003313	-0.002194	-0.003770
Superscaffold10	22022502	22345584	0.015258	0.005186	0.003323	0.010867
Superscaffold10	22345595	22635735	0.144888	0.068185	0.044939	0.094979
Superscaffold10	22635996	22999286	-0.054152	-0.016205	-0.009299	-0.034189
Superscaffold10	22999310	23375869	-0.311869	-0.096495	-0.059581	-0.238851
Superscaffold10	23375891	23649756	-0.085171	-0.032666	-0.019821	-0.053502
Superscaffold10	23651515	24026199	-0.328404	-0.254577	-0.147077	-0.232339
Superscaffold10	24026207	24461712	-0.116555	-0.049337	-0.029050	-0.068931
Superscaffold10	24461777	24860413	0.028589	0.008126	0.005255	0.012621
Superscaffold10	24860414	25177833	-0.241416	-0.071977	-0.047476	-0.179954
Superscaffold10	25177963	25463168	-0.085143	-0.042792	-0.025047	-0.062467
Superscaffold10	25463171	25706344	0.104652	0.065582	0.045899	0.066431
Superscaffold10	25706383	25944661	0.099792	0.046733	0.025540	0.057441
Superscaffold10	25944679	26200055	-0.619655	-0.332101	-0.195088	-0.499151
Superscaffold10	26200081	26335802	-0.123317	-0.175413	-0.078713	-0.068283
Superscaffold10	26335825	26422593	0.007925	0.007661	0.004538	0.005693
Superscaffold10	26422614	26643162	-0.132567	-0.071218	-0.048603	-0.067627
Superscaffold10	26643185	26911177	-0.076019	-0.044634	-0.024340	-0.053288
Superscaffold10	26911235	27327901	-0.309696	-0.190981	-0.104161	-0.194436
Superscaffold10	27327905	27698809	-0.027408	-0.007358	-0.004336	-0.019594
Superscaffold10	27698883	28137821	-0.125254	-0.032583	-0.021623	-0.083250
Superscaffold10	28137824	28550891	-0.317838	-0.125108	-0.080643	-0.226321
Superscaffold10	28550924	28736787	0.258613	0.154043	0.083493	0.185410
Superscaffold10	28736791	28954347	-0.046131	-0.021621	-0.013125	-0.031174
Superscaffold10	28954447	29304207	-0.163495	-0.065031	-0.033873	-0.096434
Superscaffold10	29304211	29649305	-0.403529	-0.142121	-0.091256	-0.327154
Superscaffold10	29649308	29865827	-0.018881	-0.006944	-0.004669	-0.013324
Superscaffold10	29865835	30250601	-0.003311	-0.001552	-0.000735	-0.000889
Superscaffold10	30250723	30552732	0.098728	0.031486	0.020961	0.067419
Superscaffold10	30552854	30832890	0.352055	0.104804	0.068564	0.243980
Superscaffold10	30832891	31182101	-0.194699	-0.048684	-0.032930	-0.136571
Superscaffold10	31182142	31503891	0.295470	0.075466	0.053971	0.203217
Superscaffold10	31504533	31894196	0.352117	0.067515	0.049659	0.214804
Superscaffold10	31894225	32099875	0.225984	0.135172	0.077164	0.153530
Superscaffold10	32100063	32638140	0.009855	0.003699	0.001894	0.006780
Superscaffold10	32638162	32969590	0.127996	0.059401	0.038041	0.077119
Superscaffold10	32969633	33236755	-0.227697	-0.084521	-0.059695	-0.166525
Superscaffold10	33242669	33547037	0.185916	0.054976	0.038954	0.092767
Superscaffold10	33547053	34086609	0.326144	0.066020	0.046289	0.288019
Superscaffold10	34086624	34459266	0.548226	0.212281	0.128252	0.493511
Superscaffold10	34459344	35123718	0.122423	0.026169	0.016717	0.110330
Superscaffold10	35124015	35584268	0.066981	0.020122	0.011187	0.056461
Superscaffold10	35584408	35881835	-0.052973	-0.017939	-0.010355	-0.027596
Superscaffold10	35881837	36117151	0.247314	0.085722	0.052561	0.169281
Superscaffold10	36117254	36472542	-0.081793	-0.026988	-0.016603	-0.054798
Superscaffold10	36472943	36922422	0.088087	0.021306	0.014491	0.070272
Superscaffold10	36922423	37341088	0.188767	0.056195	0.037553	0.128915
Superscaffold10	37341105	37602011	-0.439381	-0.176782	-0.099595	-0.308404
Superscaffold10	37602099	37863890	0.091694	0.040223	0.024232	0.049576
Superscaffold10	37863913	38028401	-0.093210	-0.095768	-0.048184	-0.051790
Superscaffold10	38028410	38184920	-0.102026	-0.091026	-0.050841	-0.059452
Superscaffold10	38184944	38345334	-0.172367	-0.134424	-0.061338	-0.099142
Superscaffold10	38345363	38542623	-0.158295	-0.068617	-0.047400	-0.096649
Superscaffold10	38542665	38817466	-0.151738	-0.098596	-0.050316	-0.084583
Superscaffold10	38817667	39574738	-0.151828	-0.084767	-0.049371	-0.083537
Superscaffold10	39574872	40292851	0.097634	0.043301	0.027989	0.053011
Superscaffold10	40292876	40591680	0.188198	0.063144	0.038162	0.121967
Superscaffold10	40593134	40766880	-0.117965	-0.084067	-0.046349	-0.062554
Superscaffold10	40766894	40931710	0.058526	0.040015	0.021993	0.031125
Superscaffold10	40932057	41273112	-0.146546	-0.043733	-0.025911	-0.086448
Superscaffold10	41273118	41565503	-0.191952	-0.081750	-0.044724	-0.133567
Superscaffold10	41565546	41956757	0.002270	0.000943	0.000543	-0.001939
Superscaffold10	41956791	42318976	0.069946	0.048547	0.024245	0.033053
Superscaffold10	42319142	42531862	0.095285	0.051903	0.030225	0.054278
Superscaffold10	42531962	42718570	-0.340686	-0.307189	-0.132336	-0.226118
Superscaffold10	42718629	43200525	-0.148916	-0.074900	-0.038575	-0.069540
Superscaffold10	43200551	43527183	-0.146733	-0.055037	-0.032111	-0.095833
Superscaffold10	43527405	44192749	-0.050539	-0.017354	-0.010955	-0.030114
Superscaffold10	44192805	44856907	0.126381	0.035469	0.024600	0.073421
Superscaffold10	44856939	45176395	0.262222	0.105837	0.067775	0.200583
Superscaffold10	45176415	45422395	-0.154310	-0.087681	-0.051528	-0.077965
Superscaffold10	45422447	45698584	0.024612	0.015452	0.009420	0.015839
Superscaffold10	45698684	45847149	-0.246040	-0.165542	-0.102047	-0.135102
Superscaffold10	45847206	46018609	0.097660	0.067683	0.043085	0.056892
Superscaffold10	46018618	46299694	-0.266234	-0.152498	-0.099054	-0.168211
Superscaffold10	46299710	46531048	-0.161774	-0.102260	-0.065161	-0.101697
Superscaffold10	46531058	47481026	0.008267	0.002996	0.002233	0.000883
Superscaffold10	47481076	47652495	0.051290	0.049510	0.030098	0.026900
Superscaffold10	47652534	47795291	-0.118626	-0.123561	-0.061393	-0.056850
Superscaffold10	47795295	47926356	0.083012	0.090511	0.047867	0.049298
Superscaffold10	47926415	48164859	-0.027221	-0.033456	-0.013765	-0.010890
Superscaffold10	48164892	48328161	-0.130439	-0.121928	-0.056550	-0.067247
Superscaffold10	48328188	48609017	-0.127215	-0.112177	-0.057407	-0.082240
Superscaffold10	48609087	48782790	-0.110764	-0.106205	-0.053769	-0.056266
Superscaffold10	48782883	49142047	-0.219431	-0.118803	-0.066575	-0.133546
Superscaffold10	49142066	49393147	-0.045517	-0.032076	-0.019440	-0.022583
Superscaffold10	49393148	49755391	-0.181781	-0.096985	-0.065113	-0.102294
Superscaffold10	49755425	49968637	-0.255868	-0.251764	-0.136028	-0.139614
Superscaffold10	49968910	50112261	-0.283525	-0.107751	-0.078026	-0.176023
Superscaffold10	50112263	50502196	-0.110562	-0.065357	-0.039996	-0.076568
Superscaffold10	50502205	50952805	-0.086179	-0.057752	-0.034790	-0.047853
Superscaffold10	50952815	51161213	-0.099809	-0.063590	-0.036806	-0.058991
Superscaffold10	51161244	51476993	0.018777	0.017068	0.009742	0.009107
Superscaffold10	51477027	51844905	0.050012	0.032471	0.021528	0.028064
Superscaffold10	51844932	51978293	-0.044489	-0.045610	-0.026495	-0.026642
Superscaffold10	51978340	52133668	0.124925	0.132091	0.075420	0.067943
Superscaffold10	52133686	52328024	0.201633	0.189895	0.101277	0.116491
Superscaffold10	52328043	52502032	0.102252	0.127626	0.062694	0.054214
Superscaffold10	52502074	52619226	0.059282	0.089868	0.044097	0.037301
Superscaffold10	52619233	52772385	-0.075251	-0.073703	-0.040754	-0.044151
Superscaffold10	52772762	52992514	0.009810	0.008917	0.005646	0.005140
Superscaffold10	52992535	53207680	-0.114616	-0.094285	-0.053748	-0.065763
Superscaffold10	53207761	53430885	-0.050880	-0.060959	-0.033020	-0.029531
Superscaffold10	53430917	53585755	-0.032636	-0.032159	-0.018026	-0.019937
Superscaffold10	53585842	53723429	0.046175	0.045575	0.026038	0.026177
Superscaffold10	53723458	54025166	0.001749	0.001439	0.000878	0.002211
Superscaffold10	54025207	54446199	-0.077297	-0.057244	-0.030701	-0.041033
Superscaffold10	54446221	54841475	-0.360424	-0.323919	-0.159261	-0.241246
Superscaffold10	54841575	54984065	-0.059207	-0.060952	-0.033370	-0.036133
Superscaffold10	54984144	55195163	-0.108424	-0.099480	-0.052231	-0.059787
Superscaffold10	55195170	55367596	-0.177701	-0.172005	-0.099263	-0.107040
Superscaffold10	55367618	55540060	0.002884	0.002658	0.001683	0.001211
Superscaffold11	281199	630658	-0.266792	-0.104115	-0.071177	-0.200677
Superscaffold11	631374	936159	0.176612	0.076248	0.054180	0.116802
Superscaffold11	936505	1337637	-0.009430	-0.003763	-0.002502	-0.006516
Superscaffold11	1337749	1943626	0.159529	0.055360	0.037839	0.084946
Superscaffold11	1946576	2925787	-0.142185	-0.056942	-0.036139	-0.091568
Superscaffold11	2925864	3433189	-0.148499	-0.072486	-0.044781	-0.088499
Superscaffold11	3433452	4735083	-0.032632	-0.018543	-0.011186	-0.023101
Superscaffold11	4735096	5110638	-0.156611	-0.111698	-0.066908	-0.087401
Superscaffold11	5110662	5381011	-0.336377	-0.195548	-0.110148	-0.203786
Superscaffold11	5381064	5822744	-0.265209	-0.116841	-0.076028	-0.152317
Superscaffold11	5822824	6542831	-0.100002	-0.063422	-0.035925	-0.049629
Superscaffold11	6542871	7009571	-0.082762	-0.058768	-0.033915	-0.040386
Superscaffold11	7011240	7376414	-0.225393	-0.156431	-0.088247	-0.147574
Superscaffold11	7376422	7757327	0.139291	0.079524	0.053857	0.088439
Superscaffold11	7757362	8036286	0.051276	0.039185	0.024606	0.024679
Superscaffold11	8036299	8362625	0.001379	0.001145	0.000662	0.002129
Superscaffold11	8362669	8933861	-0.015360	-0.007631	-0.005431	-0.006075
Superscaffold11	8933927	9209054	-0.010799	-0.005014	-0.003238	-0.005289
Superscaffold11	9209127	9458217	-0.124366	-0.047367	-0.029207	-0.083359
Superscaffold11	9458277	9776253	-0.260758	-0.153488	-0.085372	-0.151329
Superscaffold11	9776258	9972834	-0.101008	-0.068433	-0.038881	-0.065057
Superscaffold11	9972870	10139223	0.002448	0.001974	0.001229	0.003103
Superscaffold11	10139384	10228473	0.082584	0.092990	0.052028	0.045568
Superscaffold11	10228475	10684454	0.100782	0.062605	0.042530	0.050731
Superscaffold11	10684474	11047649	-0.069760	-0.052326	-0.024389	-0.036386
Superscaffold11	11047796	11326994	-0.142095	-0.107085	-0.054595	-0.079453
Superscaffold11	11327102	11594724	-0.190938	-0.085925	-0.055235	-0.105445
Superscaffold11	11594802	12009096	0.011235	0.004265	0.002919	0.007246
Superscaffold11	12009128	12629105	0.179071	0.053941	0.035340	0.105776
Superscaffold11	12629116	12942105	0.021150	0.009919	0.005399	0.014765
Superscaffold11	12942681	13256565	-0.170372	-0.062649	-0.035575	-0.111444
Superscaffold11	13256566	13427029	-0.337159	-0.205836	-0.119483	-0.209251
Superscaffold11	13427072	13650260	-0.378870	-0.171653	-0.109633	-0.224284
Superscaffold11	13650267	13982185	-0.054687	-0.019526	-0.013015	-0.028146
Superscaffold11	13982313	14498637	-0.209211	-0.137780	-0.077903	-0.118162
Superscaffold11	14498652	14584445	-0.120954	-0.136452	-0.073189	-0.077589
Superscaffold11	14584462	14757014	-0.047856	-0.046048	-0.027115	-0.024176
Superscaffold11	14757027	14931938	-0.016673	-0.016668	-0.009989	-0.009866
Superscaffold11	14931967	15260466	-0.040007	-0.035210	-0.019842	-0.019794
Superscaffold11	15263052	15595012	0.127157	0.101388	0.047379	0.066922
Superscaffold11	15595032	16097226	0.035050	0.018217	0.008871	0.019420
Superscaffold11	16097264	16449368	0.042576	0.015831	0.008571	0.013615
Superscaffold11	16449569	16709086	-0.205261	-0.142567	-0.079477	-0.127074
Superscaffold11	16709178	17000420	-0.071901	-0.029648	-0.016689	-0.039519
Superscaffold11	17000460	17339601	0.417180	0.165366	0.136788	0.339117
Superscaffold11	17339796	17755018	0.372119	0.166129	0.123705	0.278057
Superscaffold11	17755083	18237490	0.200174	0.128733	0.083668	0.104322
Superscaffold11	18237514	18732040	-0.275522	-0.159764	-0.098092	-0.206956
Superscaffold11	18732061	18947241	-0.075546	-0.065769	-0.038924	-0.046265
Superscaffold11	18947243	19514612	0.161566	0.082274	0.054330	0.115049
Superscaffold11	19514671	19765054	-0.088036	-0.044453	-0.026689	-0.040140
Superscaffold11	19765078	20217492	0.050043	0.033401	0.018499	0.031214
Superscaffold11	20217588	20690059	-0.005794	-0.003907	-0.002041	0.004569
Superscaffold11	20690088	20883425	-0.114123	-0.101224	-0.045698	-0.071354
Superscaffold11	20883430	21115795	-0.002409	-0.001423	-0.000897	-0.001019
Superscaffold11	21115812	21394388	-0.131963	-0.048496	-0.031866	-0.083986
Superscaffold11	21394472	21716104	0.133746	0.063635	0.045012	0.081565
Superscaffold11	21718181	21953970	-0.074776	-0.031358	-0.019494	-0.045478
Superscaffold11	21953987	22254760	-0.144360	-0.047128	-0.031499	-0.103527
Superscaffold11	22254875	22489348	-0.079443	-0.039147	-0.026118	-0.045641
Superscaffold11	22489391	22680359	-0.151351	-0.083904	-0.051624	-0.089427
Superscaffold11	22680474	22852823	-0.145703	-0.071612	-0.043194	-0.077138
Superscaffold11	22852847	23301858	0.090991	0.032825	0.021152	0.054294
Superscaffold11	23301901	23677826	-0.107144	-0.045605	-0.026840	-0.069559
Superscaffold11	23677859	23988470	-0.263278	-0.137638	-0.074410	-0.168821
Superscaffold11	23988472	24259286	0.087458	0.024259	0.017885	0.053648
Superscaffold11	24259309	24657824	0.015770	0.004637	0.003552	0.005699
Superscaffold11	24657833	25064752	-0.016643	-0.005211	-0.003078	-0.013616
Superscaffold11	25064758	25421644	0.033973	0.014468	0.008333	0.019948
Superscaffold11	25421648	25635252	-0.032121	-0.017566	-0.008458	-0.020923
Superscaffold11	25635438	25850980	-0.068216	-0.042986	-0.026845	-0.040770
Superscaffold11	25850989	26320307	0.219576	0.056702	0.041183	0.145362
Superscaffold11	26320402	26767658	-0.001466	-0.000399	-0.000246	-0.002617
Superscaffold11	26767659	27184008	-0.168397	-0.051463	-0.029831	-0.089680
Superscaffold11	27184339	27693121	0.404389	0.091775	0.070658	0.239782
Superscaffold11	27693122	27960015	0.077177	0.031557	0.020218	0.046994
Superscaffold11	27961083	28292539	0.065788	0.024355	0.013029	0.053493
Superscaffold11	28292611	28576162	-0.000206	-0.000092	-0.000058	0.003469
Superscaffold11	28576203	28924154	-0.149042	-0.084905	-0.052530	-0.081901
Superscaffold11	28924563	29098388	-0.070884	-0.061140	-0.036399	-0.042128
Superscaffold11	29098650	29334020	-0.422266	-0.221397	-0.137323	-0.282132
Superscaffold11	29334844	30091428	0.402786	0.163339	0.111554	0.288663
Superscaffold11	30091476	30424861	0.110087	0.058874	0.033066	0.064942
Superscaffold11	30424868	30744192	-0.158023	-0.067045	-0.039617	-0.100096
Superscaffold11	30744317	31103567	-0.046564	-0.023931	-0.014197	-0.036345
Superscaffold11	31103628	31505982	0.023489	0.010185	0.006775	0.011322
Superscaffold11	31506174	31635597	0.011633	0.007642	0.004556	0.007055
Superscaffold11	31635612	32028431	0.030697	0.011907	0.007084	0.020305
Superscaffold11	32028607	32455061	0.089812	0.027262	0.016351	0.062384
Superscaffold11	32457434	33104141	0.179254	0.051565	0.031085	0.132596
Superscaffold11	33104229	33766657	0.155583	0.019616	0.013621	0.119303
Superscaffold11	33766659	34146208	-0.245945	-0.080989	-0.049230	-0.192771
Superscaffold11	34146225	34853802	-0.037578	-0.006941	-0.004533	-0.022123
Superscaffold11	34853809	35302291	0.174375	0.044121	0.028601	0.113592
Superscaffold11	35302378	35489138	0.221927	0.144018	0.070554	0.134681
Superscaffold11	35489156	35875553	-0.186066	-0.051374	-0.035098	-0.100660
Superscaffold11	35875595	36213440	-0.107972	-0.032640	-0.022540	-0.078101
Superscaffold11	36213474	36477087	-0.133292	-0.077696	-0.046969	-0.075311
Superscaffold11	36477090	36860555	0.013882	0.003638	0.002442	0.007101
Superscaffold11	36860619	37299278	-0.095891	-0.044659	-0.026604	-0.047316
Superscaffold11	37299371	37535937	-0.303469	-0.182704	-0.102529	-0.182243
Superscaffold11	37535949	38117941	-0.084536	-0.038449	-0.025731	-0.048756
Superscaffold11	38117986	38973912	0.076193	0.022228	0.014574	0.044608
Superscaffold11	38973943	39258262	0.117340	0.054768	0.034626	0.061265
Superscaffold11	39258269	39783737	-0.023276	-0.014245	-0.008675	-0.013580
Superscaffold11	39783963	40111696	-0.016631	-0.011405	-0.007069	-0.013048
Superscaffold11	40111733	40287567	0.066367	0.032390	0.019378	0.049707
Superscaffold11	40287569	40779380	0.259622	0.075061	0.047655	0.164125
Superscaffold11	40779439	41288429	0.560746	0.203870	0.117330	0.443806
Superscaffold11	41289002	41625957	0.004620	0.002178	0.001321	0.006527
Superscaffold11	41626080	41872371	-0.177746	-0.101101	-0.051076	-0.108392
Superscaffold11	41872473	42093642	-0.128931	-0.071796	-0.045144	-0.083957
Superscaffold11	42093979	42412263	-0.236437	-0.107473	-0.073562	-0.151226
Superscaffold11	42412282	42640830	-0.316414	-0.202456	-0.110837	-0.201368
Superscaffold11	42641623	42950424	-0.089879	-0.043592	-0.026378	-0.048817
Superscaffold11	42950623	43374784	-0.184415	-0.103058	-0.063204	-0.129664
Superscaffold11	43375031	44055066	0.009789	0.004996	0.003026	0.004426
Superscaffold11	44055076	44297056	-0.031063	-0.020436	-0.012620	-0.019746
Superscaffold11	44297219	44622452	-0.022876	-0.013302	-0.008039	-0.012905
Superscaffold11	44622524	44794365	0.132781	0.094853	0.052523	0.078760
Superscaffold11	44794378	45062159	-0.001753	-0.001191	-0.000647	-0.004680
Superscaffold11	45062330	45326967	-0.084395	-0.047095	-0.030766	-0.054770
Superscaffold11	45326985	45733553	-0.309831	-0.151857	-0.094820	-0.203130
Superscaffold11	45733634	46392610	0.018266	0.007213	0.004101	0.008947
Superscaffold11	46392641	46785102	-0.282859	-0.107518	-0.061722	-0.203099
Superscaffold11	46785194	47305194	-0.142644	-0.046175	-0.030176	-0.082631
Superscaffold11	47305202	47660836	-0.219017	-0.108842	-0.058489	-0.139402
Superscaffold11	47660882	47952984	-0.190654	-0.084692	-0.049254	-0.115519
Superscaffold11	47953028	48265833	-0.154697	-0.054800	-0.036962	-0.104996
Superscaffold11	48265839	48680329	-0.291753	-0.127814	-0.078238	-0.210818
Superscaffold11	48680342	49229838	-0.046800	-0.019308	-0.011720	-0.033401
Superscaffold11	49229931	49840438	0.168906	0.092067	0.059228	0.093875
Superscaffold11	49841415	50585131	0.018241	0.010573	0.006020	0.010544
Superscaffold11	50585265	51243278	0.242096	0.111267	0.067937	0.164931
Superscaffold11	51243318	51570120	0.252356	0.114254	0.079019	0.149787
Superscaffold11	51570304	51902432	0.111934	0.052704	0.026883	0.075412
Superscaffold11	51902445	52335025	0.142975	0.055166	0.030936	0.086954
Superscaffold11	52335051	52651004	-0.123317	-0.049705	-0.030755	-0.081645
Superscaffold11	52651126	52955081	0.035787	0.016012	0.010439	0.024088
Superscaffold11	52955096	53393576	-0.035874	-0.013089	-0.008890	-0.017925
Superscaffold11	53393785	53979473	0.018234	0.010059	0.006527	0.011862
Superscaffold11	53979525	54248209	0.003294	0.001946	0.001252	0.002083
Superscaffold11	54248280	54704592	-0.073402	-0.037235	-0.024103	-0.041425
Superscaffold11	54704606	54998651	0.013147	0.007372	0.005031	0.004257
Superscaffold11	54999182	55369817	-0.082947	-0.026619	-0.016627	-0.053175
Superscaffold11	55369846	55793131	0.395527	0.155177	0.102888	0.340055
Superscaffold11	55793159	56033446	-0.259507	-0.155445	-0.080448	-0.174298
Superscaffold11	56033515	56271432	-0.234561	-0.157832	-0.082076	-0.152750
Superscaffold11	56271642	56736732	0.077774	0.028318	0.017164	0.047960
Superscaffold11	56737493	57150392	-0.081552	-0.036641	-0.022193	-0.049720
Superscaffold11	57150414	57445185	-0.163072	-0.063039	-0.038566	-0.106044
Superscaffold11	57445200	57737692	-0.345043	-0.236151	-0.128515	-0.253673
Superscaffold11	57737708	58016337	-0.007582	-0.006171	-0.003155	-0.005125
Superscaffold11	58016361	58426238	0.169402	0.070525	0.037578	0.106358
Superscaffold11	58426434	58791648	-0.061120	-0.022763	-0.013920	-0.038626
Superscaffold11	58791678	58997867	-0.050733	-0.047015	-0.026432	-0.024953
Superscaffold12	129181	443872	0.281182	0.104296	0.070642	0.196484
Superscaffold12	444105	942189	-0.127915	-0.033986	-0.020857	-0.084923
Superscaffold12	942211	1756744	-0.203931	-0.089321	-0.053059	-0.126533
Superscaffold12	1756756	1997017	-0.162419	-0.120280	-0.060502	-0.094743
Superscaffold12	1997028	2298681	0.009663	0.003436	0.002132	0.004242
Superscaffold12	2298699	2555797	0.299242	0.153697	0.082047	0.226044
Superscaffold12	2555799	2873747	-0.272762	-0.109404	-0.060520	-0.214758
Superscaffold12	2874612	3197706	-0.032492	-0.014582	-0.008290	-0.021386
Superscaffold12	3197736	3430484	-0.175056	-0.087808	-0.046304	-0.112465
Superscaffold12	3430495	3643608	0.370509	0.150742	0.091996	0.241242
Superscaffold12	3643804	3926867	0.222371	0.080444	0.045904	0.149718
Superscaffold12	3927005	4233870	-0.276454	-0.119472	-0.062435	-0.193198
Superscaffold12	4234049	4536050	0.056329	0.013554	0.008382	0.030302
Superscaffold12	4536090	4851024	0.175375	0.060823	0.036952	0.107916
Superscaffold12	4851072	5320817	-0.163716	-0.047814	-0.029879	-0.110496
Superscaffold12	5321668	5619025	-0.064048	-0.025660	-0.015895	-0.034351
Superscaffold12	5619179	5822735	0.160042	0.137025	0.082358	0.079647
Superscaffold12	5822736	6110422	-0.117344	-0.101040	-0.055187	-0.072590
Superscaffold12	6110528	6357668	-0.154106	-0.088762	-0.051665	-0.076649
Superscaffold12	6357698	6619204	-0.049407	-0.024078	-0.015280	-0.032890
Superscaffold12	6619215	6870078	0.043576	0.033841	0.021585	0.021516
Superscaffold12	6870117	7090009	-0.104630	-0.104803	-0.061125	-0.066327
Superscaffold12	7090025	7392665	0.036960	0.013215	0.008612	0.022908
Superscaffold12	7392691	7764109	-0.043048	-0.013653	-0.008692	-0.026638
Superscaffold12	7764148	8193376	-0.213041	-0.089876	-0.052289	-0.155492
Superscaffold12	8193616	8368145	-0.151670	-0.095393	-0.053140	-0.093034
Superscaffold12	8368152	8614718	-0.053064	-0.024889	-0.015694	-0.037962
Superscaffold12	8614720	8934762	-0.347292	-0.208261	-0.108692	-0.221406
Superscaffold12	8934865	9310053	0.005488	0.001338	0.000845	0.009305
Superscaffold12	9310067	9682785	-0.243620	-0.074519	-0.046416	-0.181474
Superscaffold12	9688923	10121524	-0.005529	-0.001608	-0.000938	-0.005388
Superscaffold12	10121844	10536324	-0.037504	-0.009506	-0.005609	-0.020568
Superscaffold12	10536366	11065125	-0.148579	-0.035856	-0.022734	-0.114073
Superscaffold12	11065177	11510986	-0.097175	-0.021965	-0.013499	-0.066459
Superscaffold12	11511423	12633695	-0.049148	-0.014508	-0.008435	-0.028578
Superscaffold12	12633989	13664787	-0.057380	-0.015757	-0.008580	-0.039074
Superscaffold12	13664858	14023313	0.172729	0.052078	0.032183	0.132581
Superscaffold12	14023337	14608893	0.006791	0.001396	0.000846	0.006983
Superscaffold12	14608934	15109542	-0.179274	-0.040571	-0.025858	-0.105539
Superscaffold12	15109543	15600793	-0.429442	-0.125049	-0.069800	-0.341612
Superscaffold12	15600806	16079739	0.031257	0.007848	0.004008	0.032466
Superscaffold12	16079758	16846318	0.074460	0.010436	0.006808	0.059579
Superscaffold12	16846830	17779016	0.264763	0.023576	0.016675	0.188537
Superscaffold12	17779072	18517533	-0.184363	-0.027669	-0.017473	-0.147224
Superscaffold12	18517544	19442966	-0.037796	-0.006068	-0.003750	-0.028386
Superscaffold12	19443048	19911009	-0.202394	-0.048067	-0.030607	-0.164631
Superscaffold12	19911087	20362129	0.130297	0.027773	0.018024	0.112541
Superscaffold12	20362169	20879866	-0.145324	-0.036548	-0.023130	-0.108719
Superscaffold12	20881159	21583098	-0.522162	-0.160308	-0.098695	-0.419702
Superscaffold12	21583122	21898230	-0.020894	-0.007323	-0.005073	-0.011849
Superscaffold12	21898241	22253350	0.036655	0.025265	0.013684	0.026002
Superscaffold12	22253478	22750251	-0.230355	-0.110975	-0.058319	-0.128643
Superscaffold12	22750320	23431196	-0.057655	-0.015019	-0.009397	-0.037897
Superscaffold12	23431373	23743737	-0.123449	-0.042412	-0.023392	-0.090044
Superscaffold12	23743868	24226595	0.184021	0.046276	0.031158	0.144694
Superscaffold12	24226882	24665818	0.395221	0.104833	0.066831	0.297606
Superscaffold12	24665942	24982523	0.186509	0.063396	0.040960	0.140997
Superscaffold12	24982677	25477811	-0.137422	-0.028146	-0.019057	-0.100657
Superscaffold12	25478010	25923402	0.013960	0.003677	0.002244	0.003324
Superscaffold12	25923411	26342792	0.132873	0.038320	0.025405	0.106792
Superscaffold12	26342805	27302934	-0.024356	-0.008516	-0.005010	-0.013931
Superscaffold12	27302936	27735568	0.020726	0.004787	0.003287	0.013234
Superscaffold12	27735569	28248124	0.025705	0.006371	0.004223	0.013031
Superscaffold12	28248195	28749608	0.064774	0.015306	0.009622	0.042965
Superscaffold12	28749656	29053095	-0.203084	-0.073239	-0.048393	-0.125777
Superscaffold12	29053098	29510840	-0.178150	-0.042248	-0.028556	-0.115154
Superscaffold12	29510936	29931354	0.233775	0.070796	0.040281	0.165663
Superscaffold12	29931471	30291849	0.175120	0.038752	0.023767	0.139091
Superscaffold12	30291954	30568748	0.010979	0.003959	0.002403	0.007454
Superscaffold12	30568828	31083568	-0.293977	-0.074690	-0.045235	-0.225820
Superscaffold12	31083624	32106666	0.012486	0.004045	0.002344	0.008698
Superscaffold12	32106697	32257924	0.265544	0.200179	0.117859	0.164064
Superscaffold12	32257944	32465671	-0.171987	-0.087577	-0.049878	-0.078050
Superscaffold12	32465673	32739225	-0.130998	-0.067753	-0.034658	-0.068697
Superscaffold12	32739235	33156801	0.071836	0.020898	0.013404	0.039113
Superscaffold12	33157549	33618710	-0.095295	-0.028952	-0.017723	-0.063319
Superscaffold12	33618785	34093208	-0.221419	-0.065184	-0.042702	-0.166027
Superscaffold12	34093238	34519494	-0.159600	-0.041249	-0.026113	-0.130852
Superscaffold12	34519629	34935481	-0.096199	-0.023819	-0.014287	-0.074211
Superscaffold12	34935487	35194499	-0.269479	-0.185896	-0.103899	-0.173644
Superscaffold12	35194649	35577017	-0.220705	-0.084241	-0.045265	-0.151443
Superscaffold12	35577067	36011240	-0.104313	-0.034780	-0.022158	-0.066176
Superscaffold12	36011367	36332779	-0.277243	-0.112458	-0.068210	-0.218110
Superscaffold12	36333369	36634894	0.019177	0.006761	0.004009	0.018503
Superscaffold12	36635081	36927734	0.032622	0.011419	0.007467	0.023145
Superscaffold12	36927801	37700597	0.004460	0.001277	0.000823	0.005519
Superscaffold12	37700795	38000048	-0.162018	-0.059601	-0.036021	-0.082278
Superscaffold12	38000068	38284385	0.073750	0.042276	0.027654	0.042191
Superscaffold12	38284479	38561456	-0.081966	-0.023168	-0.015817	-0.045595
Superscaffold12	38561481	39047973	0.302206	0.085776	0.057141	0.200446
Superscaffold12	39047983	39482337	-0.269434	-0.069258	-0.047747	-0.196202
Superscaffold12	39482362	39807004	-0.037546	-0.013983	-0.008997	-0.024263
Superscaffold12	39807442	40303919	-0.005400	-0.001331	-0.000809	-0.002752
Superscaffold12	40303929	40694588	-0.160808	-0.091496	-0.052511	-0.090690
Superscaffold12	40694595	41298887	-0.006177	-0.003821	-0.002267	-0.003768
Superscaffold12	41298888	41815809	-0.452518	-0.117559	-0.074670	-0.347461
unanchor81	13051	42480	0.161082	0.058713	0.042704	0.099041
unanchor224	43101	45407	0.116270	0.035140	0.025023	0.064854
unanchor226	45436	453617	-0.013336	-0.004713	-0.002981	-0.007243
unanchor231	49565	57562	0.036017	0.019523	0.013119	0.027344
unanchor236	57579	335490	-0.045892	-0.021313	-0.012348	-0.022748
unanchor236	335492	537037	-0.122553	-0.109785	-0.061086	-0.057747
unanchor240	537079	546548	0.083002	0.022352	0.016962	0.051782
unanchor243	547416	681821	-0.183095	-0.098533	-0.052912	-0.111264
unanchor255	19049	488784	-0.235994	-0.132462	-0.074950	-0.146568
unanchor264	96697	111687	-0.005956	-0.002795	-0.001709	-0.009022
unanchor269	111868	163014	-0.539728	-0.423448	-0.189362	-0.371535
unanchor272	116070	398620	-0.053090	-0.032671	-0.017838	-0.025966
unanchor275	3014	48998	0.097184	0.043280	0.028856	0.057156
unanchor278	49013	386019	-0.028875	-0.015735	-0.010033	-0.014722
unanchor278	386295	1136150	-0.100114	-0.066067	-0.038865	-0.058022
unanchor287	34588	160205	-0.029009	-0.009831	-0.006071	-0.018096
unanchor290	160216	409904	0.052334	0.030837	0.018452	0.036011
unanchor293	410037	550249	0.045140	0.017006	0.010951	0.034426
unanchor311	80471	275453	-0.145937	-0.074955	-0.043400	-0.078343
unanchor317	163463	630300	0.079654	0.034495	0.020305	0.046010
