chr	windowStart	windowEnd	D	f_d	f_dM	d_f
Superscaffold1	618560	911731	-0.054161	-0.035329	-0.020633	-0.027364
Superscaffold1	911780	1374226	0.142061	0.056309	0.037839	0.088884
Superscaffold1	1374456	1799583	0.245970	0.089855	0.061444	0.157050
Superscaffold1	1799599	2156115	0.116184	0.046281	0.022466	0.077567
Superscaffold1	2156162	2433177	0.020613	0.011145	0.006947	0.009886
Superscaffold1	2433209	2729025	0.067339	0.035225	0.023302	0.045909
Superscaffold1	2729517	2984004	-0.110696	-0.064542	-0.035599	-0.066157
Superscaffold1	2984199	3428363	0.136255	0.055766	0.035002	0.087477
Superscaffold1	3428402	3866494	0.088037	0.035346	0.020405	0.054458
Superscaffold1	3866829	4316483	0.066719	0.030049	0.018449	0.052421
Superscaffold1	4316534	4679211	0.123198	0.068870	0.038835	0.085269
Superscaffold1	4679309	5166868	0.290617	0.126903	0.083567	0.187861
Superscaffold1	5167238	5647368	0.108754	0.036148	0.023556	0.072218
Superscaffold1	5647412	5951381	0.168852	0.083435	0.054828	0.103365
Superscaffold1	5951470	6368484	0.152096	0.068468	0.043678	0.105806
Superscaffold1	6368498	6781770	0.054418	0.023137	0.015339	0.042687
Superscaffold1	6781924	7260016	0.331605	0.123460	0.076689	0.237264
Superscaffold1	7260037	7581632	-0.038070	-0.022810	-0.012056	-0.025100
Superscaffold1	7581663	7994298	0.191978	0.102776	0.057234	0.097272
Superscaffold1	7994770	8568239	0.184835	0.106529	0.057618	0.113132
Superscaffold1	8568317	9854821	0.103434	0.036205	0.025033	0.067697
Superscaffold1	9854906	10707998	0.137430	0.054041	0.036206	0.088021
Superscaffold1	10708001	11097939	0.129234	0.057585	0.034217	0.085272
Superscaffold1	11097940	11490533	0.049447	0.019845	0.012519	0.043140
Superscaffold1	11490651	11925963	0.129578	0.045749	0.028793	0.085505
Superscaffold1	11926169	12366728	0.096954	0.036899	0.023571	0.068711
Superscaffold1	12366934	12784201	-0.056295	-0.028197	-0.015933	-0.042057
Superscaffold1	12784938	13086297	0.265186	0.131850	0.072304	0.189758
Superscaffold1	13086489	13660271	0.394063	0.172119	0.085457	0.235945
Superscaffold1	13660312	14244633	0.294510	0.103705	0.057413	0.169297
Superscaffold1	14244685	14757159	0.063409	0.022526	0.013932	0.045478
Superscaffold1	14757180	15049417	0.138474	0.073798	0.042061	0.071945
Superscaffold1	15049428	15323516	0.439374	0.188918	0.126569	0.311382
Superscaffold1	15323522	15604894	0.290473	0.142331	0.087989	0.204962
Superscaffold1	15605009	15930656	0.250237	0.113925	0.064327	0.178583
Superscaffold1	15930657	16208614	0.124267	0.070449	0.037363	0.079283
Superscaffold1	16208631	16629230	0.219282	0.091328	0.054304	0.168572
Superscaffold1	16629271	16949382	-0.044460	-0.025679	-0.014844	-0.021302
Superscaffold1	16949473	17408880	0.214914	0.080897	0.050201	0.162416
Superscaffold1	17408883	18240544	0.077676	0.027444	0.016511	0.051032
Superscaffold1	18240586	18645619	-0.174653	-0.071170	-0.043010	-0.126165
Superscaffold1	18645988	19117362	0.072285	0.029253	0.020037	0.050775
Superscaffold1	19117367	19581539	0.265599	0.128844	0.087833	0.193934
Superscaffold1	19581583	19955770	0.411293	0.140457	0.098208	0.324702
Superscaffold1	19955886	20377952	0.222801	0.073633	0.050348	0.158857
Superscaffold1	20377958	21166877	0.234553	0.076053	0.046226	0.176152
Superscaffold1	21167131	21565074	0.166849	0.061277	0.035376	0.120674
Superscaffold1	21565244	21996274	0.061463	0.026003	0.016969	0.046806
Superscaffold1	21996285	22518872	-0.012979	-0.003904	-0.002589	-0.008531
Superscaffold1	22518941	22979952	-0.666307	-0.322439	-0.186198	-0.563743
Superscaffold1	22980019	23501358	0.340779	0.099813	0.057209	0.275321
Superscaffold1	23501397	23990397	-0.021082	-0.006940	-0.004260	-0.018454
Superscaffold1	23990399	24498569	0.323583	0.082979	0.054487	0.214695
Superscaffold1	24498720	24826892	0.334867	0.156530	0.094970	0.269934
Superscaffold1	24827302	25353823	0.119893	0.036697	0.022819	0.091502
Superscaffold1	25353842	25730061	0.020011	0.008233	0.005217	0.006350
Superscaffold1	25730078	26160112	0.046910	0.017458	0.011305	0.032103
Superscaffold1	26160238	26454509	0.419112	0.212064	0.112121	0.300882
Superscaffold1	26454581	26945498	0.143673	0.053572	0.031933	0.101852
Superscaffold1	26945654	27332983	0.037935	0.009930	0.005639	0.031974
Superscaffold1	27333156	27757908	0.179463	0.062129	0.037969	0.120556
Superscaffold1	27758032	27998226	-0.252777	-0.220127	-0.101018	-0.141319
Superscaffold1	27998235	28375234	0.203090	0.071138	0.046022	0.137762
Superscaffold1	28375631	29020497	0.260089	0.083027	0.054807	0.182868
Superscaffold1	29020746	29434631	-0.029213	-0.008208	-0.005569	-0.024430
Superscaffold1	29434899	29894860	0.102402	0.033797	0.018390	0.076406
Superscaffold1	29895454	30309904	-0.030314	-0.012890	-0.008207	-0.016171
Superscaffold1	30309920	30934062	0.120714	0.043316	0.027600	0.071502
Superscaffold1	30934133	31567020	0.003436	0.000833	0.000550	0.000909
Superscaffold1	31567190	32370494	0.354608	0.111706	0.067005	0.279333
Superscaffold1	32372257	32928153	0.234686	0.068359	0.044953	0.178564
Superscaffold1	32928156	33441131	0.084384	0.025873	0.016542	0.062812
Superscaffold1	33441242	33667777	0.143804	0.085352	0.053485	0.099689
Superscaffold1	33668982	34012804	-0.100019	-0.042933	-0.028080	-0.064508
Superscaffold1	34012838	34272919	0.368813	0.149131	0.092046	0.264727
Superscaffold1	34272973	34589459	-0.051281	-0.034976	-0.017898	-0.034398
Superscaffold1	34589467	35080674	-0.210574	-0.049798	-0.033294	-0.152398
Superscaffold1	35081924	35814145	0.400406	0.186778	0.128454	0.277375
Superscaffold1	35814733	36725238	0.034923	0.012469	0.008027	0.022054
Superscaffold1	36725295	37232738	0.046498	0.017232	0.011427	0.038133
Superscaffold1	37232786	37626888	0.335365	0.105543	0.069480	0.261046
Superscaffold1	37626979	38255277	0.221075	0.094096	0.062133	0.159426
Superscaffold1	38255279	38575865	-0.242314	-0.080887	-0.053220	-0.175344
Superscaffold1	38576068	38996627	0.353815	0.128084	0.085841	0.300356
Superscaffold1	38996775	39298569	0.566406	0.231281	0.140239	0.487799
Superscaffold1	39298597	39812738	0.443451	0.159902	0.102408	0.364248
Superscaffold1	39812783	40148153	0.373465	0.139825	0.091504	0.317956
Superscaffold1	40148345	40719196	0.131361	0.031705	0.020420	0.097299
Superscaffold1	40719239	41224015	0.157888	0.046521	0.028620	0.115892
Superscaffold1	41224053	41694870	0.101384	0.035139	0.021691	0.085015
Superscaffold1	41695022	42094151	-0.099585	-0.031917	-0.018866	-0.092161
Superscaffold1	42094900	42596938	0.436523	0.169562	0.102853	0.327129
Superscaffold1	42596971	42960101	0.352754	0.189449	0.113793	0.264784
Superscaffold1	42960171	43672953	0.223562	0.042083	0.025181	0.190254
Superscaffold1	43672982	44004266	0.244685	0.091531	0.049513	0.181725
Superscaffold1	44004566	44699002	0.385050	0.119087	0.057374	0.318535
Superscaffold1	44699061	45066408	-0.338112	-0.187567	-0.098011	-0.245716
Superscaffold1	45066452	45522073	-0.000562	-0.000256	-0.000140	0.002260
Superscaffold1	45522084	45929503	-0.484497	-0.172777	-0.089284	-0.391344
Superscaffold1	45929576	46893235	-0.354217	-0.067724	-0.035489	-0.304755
Superscaffold1	46893240	47534358	0.670346	0.237752	0.132444	0.595390
Superscaffold1	47534434	48013982	0.821474	0.371137	0.185650	0.775300
Superscaffold1	48014759	48458769	0.500648	0.218327	0.114706	0.443189
Superscaffold1	48458790	48804343	0.635879	0.225124	0.130042	0.580302
Superscaffold1	48804395	49381888	0.089774	0.017357	0.011151	0.073035
Superscaffold1	49381996	49996576	0.374816	0.067927	0.041336	0.288064
Superscaffold1	49996982	50348633	0.603704	0.328177	0.161040	0.578075
Superscaffold1	50348726	50990961	0.329748	0.081136	0.063442	0.226042
Superscaffold1	50990969	51689969	0.148938	0.056542	0.040322	0.088666
Superscaffold2	504865	952505	0.305603	0.113720	0.071234	0.227936
Superscaffold2	952632	1392928	0.077996	0.029414	0.020257	0.060356
Superscaffold2	1393700	1929682	0.109547	0.032830	0.021089	0.076962
Superscaffold2	1929686	2442207	0.294743	0.096902	0.060608	0.233772
Superscaffold2	2442210	3394648	0.292448	0.103685	0.068655	0.191077
Superscaffold2	3394649	3746915	-0.036356	-0.018789	-0.010855	-0.025522
Superscaffold2	3746960	4309777	0.076480	0.026016	0.015509	0.063289
Superscaffold2	4309789	4787321	0.034002	0.011135	0.006437	0.030130
Superscaffold2	4787336	5295921	-0.125745	-0.056672	-0.034403	-0.083656
Superscaffold2	5295945	5849387	0.252567	0.086829	0.050234	0.182429
Superscaffold2	5849692	6365097	0.161446	0.055287	0.034025	0.116257
Superscaffold2	6365271	6916369	0.261331	0.096861	0.055070	0.210545
Superscaffold2	6916693	7436453	0.689322	0.303474	0.186822	0.556747
Superscaffold2	7436467	7891316	0.222854	0.072759	0.044220	0.164759
Superscaffold2	7891323	8408312	0.083207	0.025532	0.015961	0.056186
Superscaffold2	8408318	9196097	0.199394	0.054304	0.036184	0.150659
Superscaffold2	9196148	9810893	0.285801	0.110059	0.066091	0.212466
Superscaffold2	9810944	10226585	-0.000388	-0.000140	-0.000084	0.002117
Superscaffold2	10226604	10624897	0.279216	0.135018	0.074892	0.154556
Superscaffold2	10625001	11162749	0.142673	0.045906	0.027747	0.106182
Superscaffold2	11162770	11692018	0.140642	0.044267	0.026825	0.108832
Superscaffold2	11692033	12821211	0.224695	0.073551	0.042762	0.161082
Superscaffold2	12821336	13329143	0.114503	0.043755	0.026334	0.085499
Superscaffold2	13329152	13822123	0.289009	0.101688	0.055162	0.232323
Superscaffold2	13822155	14355024	0.144718	0.039428	0.024607	0.104022
Superscaffold2	14357231	14951370	-0.117264	-0.031631	-0.019556	-0.081778
Superscaffold2	14951783	15656673	0.170517	0.067798	0.036607	0.129921
Superscaffold2	15656745	16630073	0.116764	0.043822	0.026971	0.075135
Superscaffold2	16630144	17092879	-0.066376	-0.023671	-0.014587	-0.040014
Superscaffold2	17093050	17727889	0.305808	0.096234	0.061142	0.240603
Superscaffold2	17728210	18238581	0.304428	0.101085	0.058051	0.237369
Superscaffold2	18239185	18567031	0.582248	0.285594	0.156963	0.488852
Superscaffold2	18567060	19107130	0.363576	0.128169	0.070959	0.289347
Superscaffold2	19107169	19825619	0.100200	0.034110	0.017968	0.064778
Superscaffold2	19825660	20206448	0.195165	0.066767	0.039052	0.136958
Superscaffold2	20206818	20557637	0.128084	0.052364	0.026783	0.097235
Superscaffold2	20557846	21013970	0.374687	0.196700	0.121658	0.246548
Superscaffold2	21014018	21366163	0.306085	0.139615	0.084166	0.257724
Superscaffold2	21367228	21842059	0.780590	0.359688	0.218024	0.723066
Superscaffold2	21842153	22225826	0.299463	0.108622	0.065705	0.248522
Superscaffold2	22226799	22825498	0.077498	0.026952	0.016159	0.054522
Superscaffold2	22825556	23180192	0.060621	0.025048	0.014756	0.043100
Superscaffold2	23180198	23650089	0.353130	0.098161	0.061398	0.303476
Superscaffold2	23651292	24072276	0.280483	0.116718	0.061031	0.216436
Superscaffold2	24072298	24351502	0.402856	0.203516	0.116677	0.313305
Superscaffold2	24351550	24745387	0.056656	0.018772	0.010632	0.042723
Superscaffold2	24745496	25232667	0.523262	0.224127	0.126300	0.388968
Superscaffold2	25232926	25604585	0.256885	0.106402	0.061771	0.206491
Superscaffold2	25604589	25928914	0.050545	0.025117	0.014542	0.038768
Superscaffold2	25928946	26290213	0.778310	0.386396	0.233288	0.718086
Superscaffold2	26291084	26721998	0.189495	0.058620	0.037940	0.163978
Superscaffold2	26722147	27129782	0.258754	0.089725	0.055568	0.189872
Superscaffold2	27130112	27534904	0.250958	0.102524	0.063011	0.196126
Superscaffold2	27535061	28479549	-0.101944	-0.031501	-0.021937	-0.069401
Superscaffold2	28479690	29011506	0.101567	0.028471	0.017162	0.061099
Superscaffold2	29011616	29304897	0.239843	0.085592	0.049300	0.159410
Superscaffold2	29306299	29663057	0.045406	0.018760	0.011444	0.035916
Superscaffold2	29663117	30166396	0.343817	0.124085	0.071872	0.272925
Superscaffold2	30166408	30642422	0.334742	0.157779	0.084585	0.272975
Superscaffold2	30642452	31017811	0.298601	0.117827	0.069562	0.252885
Superscaffold2	31017825	31413228	0.467806	0.194597	0.117686	0.353824
Superscaffold2	31413532	31747931	0.207061	0.080272	0.046581	0.159383
Superscaffold2	31747971	32393974	0.150880	0.071174	0.037517	0.103168
Superscaffold2	32394042	32777460	0.140500	0.052327	0.030842	0.103823
Superscaffold2	32777476	33203402	-0.040384	-0.014745	-0.007926	-0.025969
Superscaffold2	33203406	33655912	0.275525	0.109687	0.061914	0.236351
Superscaffold2	33655937	34154614	-0.077125	-0.022615	-0.014141	-0.053461
Superscaffold2	34154643	34664075	0.263993	0.083072	0.050267	0.215231
Superscaffold2	34664163	35143210	0.633214	0.234560	0.138713	0.562876
Superscaffold2	35143217	35566746	0.205928	0.085953	0.047424	0.179859
Superscaffold2	35566751	36149733	0.284815	0.121772	0.072047	0.213108
Superscaffold2	36149767	36540972	0.504704	0.199696	0.121009	0.416455
Superscaffold2	36540999	36953577	0.227891	0.089581	0.056927	0.182084
Superscaffold2	36953618	37353986	0.353957	0.127814	0.079431	0.264255
Superscaffold2	37354312	37694129	0.264255	0.098238	0.056381	0.194819
Superscaffold2	37694380	38228282	0.337111	0.145331	0.076792	0.264592
Superscaffold2	38228321	38742282	0.347392	0.102101	0.059769	0.252961
Superscaffold2	38742312	39167697	0.194921	0.053593	0.034467	0.144488
Superscaffold2	39167757	39692607	0.186170	0.049601	0.029856	0.158285
Superscaffold2	39692671	40107361	0.190634	0.067727	0.041233	0.132194
Superscaffold2	40107369	40402089	0.134341	0.041845	0.024881	0.095286
Superscaffold2	40402264	40803351	0.045249	0.010180	0.006379	0.025747
Superscaffold2	40803401	41045495	0.223057	0.115209	0.068203	0.183738
Superscaffold2	41045551	41310770	-0.196889	-0.064212	-0.040294	-0.154890
Superscaffold2	41310785	41749390	0.060956	0.018425	0.011949	0.046187
Superscaffold2	41749482	42176400	0.271417	0.094401	0.053495	0.241652
Superscaffold2	42176406	42489541	0.415307	0.173203	0.096953	0.337147
Superscaffold2	42489601	42924224	-0.148073	-0.040653	-0.025934	-0.109751
Superscaffold2	42924248	43245881	0.247985	0.129360	0.077597	0.184244
Superscaffold2	43246034	43645365	0.140925	0.057592	0.032750	0.120622
Superscaffold2	43645500	44068358	0.642290	0.395235	0.207875	0.563561
Superscaffold2	44068419	44293757	-0.153916	-0.120523	-0.059211	-0.130271
Superscaffold2	44293833	44710430	0.836243	0.473904	0.237369	0.782034
Superscaffold2	44710476	45229678	0.856468	0.381321	0.207768	0.822158
Superscaffold2	45230251	45752477	0.783949	0.368024	0.177684	0.736926
Superscaffold2	45752573	46257587	0.835004	0.420497	0.224518	0.768831
Superscaffold2	46257607	46666054	0.746648	0.255638	0.159172	0.697349
Superscaffold2	46666074	47054969	0.768050	0.362308	0.195436	0.729761
Superscaffold2	47055134	47641887	0.376762	0.119539	0.066990	0.306352
Superscaffold2	47641925	48175772	0.646741	0.321580	0.163731	0.542220
Superscaffold2	48175892	48447989	-0.037645	-0.022739	-0.008843	-0.029567
Superscaffold2	48448090	48698264	0.774646	0.540081	0.274276	0.691886
Superscaffold2	48698332	48996696	0.622479	0.372448	0.233553	0.489952
Superscaffold2	48996817	49358752	0.402206	0.204166	0.101301	0.364206
Superscaffold2	49358975	49714662	0.114455	0.057236	0.029384	0.082676
Superscaffold2	49714727	50150644	0.069037	0.025772	0.012689	0.041926
Superscaffold2	50150649	50488772	0.208581	0.085252	0.055048	0.159016
Superscaffold2	50488934	51023808	-0.033207	-0.011968	-0.006683	-0.026659
Superscaffold2	51024072	51318316	0.570590	0.264617	0.136788	0.449782
Superscaffold2	51318438	51746204	0.328135	0.080657	0.048870	0.270729
Superscaffold2	51746341	51959355	0.555305	0.254076	0.158457	0.468023
Superscaffold2	51960133	52169216	0.408089	0.298680	0.164212	0.350072
Superscaffold2	52169277	52569908	0.280370	0.062970	0.038690	0.235737
Superscaffold2	52569968	52824943	0.130936	0.088369	0.046605	0.092598
Superscaffold2	52825128	53225453	0.053623	0.024500	0.015523	0.044883
Superscaffold2	53226498	53937083	0.355417	0.140724	0.092891	0.229200
Superscaffold2	53937130	54280404	-0.049613	-0.023748	-0.013788	-0.043181
Superscaffold2	54280443	54981654	0.124033	0.039841	0.029311	0.077300
Superscaffold2	54982542	55348550	0.004007	0.001356	0.000949	0.003626
Superscaffold2	55348634	55833933	0.092829	0.028682	0.021638	0.060783
Superscaffold2	55834225	56229402	0.575755	0.252791	0.141188	0.484914
Superscaffold2	56229621	56604300	0.254588	0.109015	0.062955	0.177553
Superscaffold2	56604387	57008253	0.225952	0.082068	0.049969	0.175094
Superscaffold2	57008337	57391809	0.297065	0.135229	0.069809	0.234939
Superscaffold2	57391812	58054087	0.189482	0.064669	0.035702	0.137551
Superscaffold2	58054207	58391757	0.162637	0.090237	0.049939	0.092674
Superscaffold2	58391761	58823807	-0.080124	-0.035226	-0.017513	-0.048243
Superscaffold2	58823809	59131885	0.060472	0.027522	0.015352	0.048412
Superscaffold2	59132406	59538512	0.379993	0.170178	0.092664	0.307219
Superscaffold2	59538616	59986213	-0.000502	-0.000169	-0.000100	-0.001918
Superscaffold2	59987359	60473347	0.013498	0.003879	0.002377	0.012354
Superscaffold2	60473458	60825982	0.166213	0.061795	0.037573	0.138256
Superscaffold2	60826259	61578885	-0.055387	-0.017993	-0.011518	-0.031512
Superscaffold2	61578887	62522136	0.283667	0.107964	0.072433	0.189707
Superscaffold2	62522607	62969909	0.201621	0.060015	0.039217	0.165404
Superscaffold2	62969940	63263535	0.279400	0.146643	0.088089	0.213441
Superscaffold2	63263550	63607036	0.271066	0.124056	0.072115	0.205496
Superscaffold2	63607105	64107415	-0.362064	-0.164705	-0.102703	-0.260311
Superscaffold2	64107527	64452490	0.130561	0.059926	0.034665	0.106787
Superscaffold2	64452493	65212383	0.125832	0.061007	0.035016	0.077522
Superscaffold2	65212433	65663042	0.556333	0.238579	0.140082	0.456566
Superscaffold2	65663064	66161389	0.486022	0.176489	0.107309	0.392359
Superscaffold2	66161403	66605223	0.155425	0.063780	0.038982	0.113426
Superscaffold2	66605259	67051318	0.222559	0.103159	0.041800	0.189032
Superscaffold2	67051572	67478469	0.028378	0.012972	0.007263	0.019590
Superscaffold2	67478630	67860585	0.107260	0.034663	0.022874	0.087783
Superscaffold2	67860593	68294508	0.342094	0.108907	0.062324	0.287505
Superscaffold2	68294590	68687241	0.462264	0.139116	0.083277	0.412204
Superscaffold2	68687300	69107132	0.173321	0.063945	0.038021	0.147062
Superscaffold2	69107207	69534529	-0.306979	-0.117302	-0.070900	-0.233370
Superscaffold2	69535042	69935540	-0.233210	-0.065077	-0.048403	-0.180305
Superscaffold2	69935568	70362956	0.139773	0.047564	0.029581	0.104088
Superscaffold2	70363418	71084216	-0.066459	-0.024634	-0.015397	-0.048974
Superscaffold2	71084217	71338168	0.398297	0.178335	0.106007	0.296425
Superscaffold2	71338214	71741346	0.322695	0.148786	0.088408	0.231427
Superscaffold2	71741379	72199154	0.173751	0.065790	0.044064	0.107445
Superscaffold2	72199215	72578280	-0.212183	-0.096146	-0.054136	-0.140105
Superscaffold2	72578365	73009836	-0.016276	-0.006903	-0.004433	-0.007619
Superscaffold2	73009842	73507025	0.142287	0.044795	0.029584	0.099080
Superscaffold2	73507146	73851262	0.038963	0.022389	0.012437	0.030755
Superscaffold2	73851355	74123630	0.469875	0.267190	0.166617	0.354321
Superscaffold2	74123633	74469892	-0.110344	-0.042339	-0.023370	-0.069373
Superscaffold2	74470157	74757090	-0.085390	-0.038002	-0.023634	-0.072876
Superscaffold2	74757125	75148637	-0.021695	-0.010648	-0.005940	-0.020064
Superscaffold2	75148638	75384056	-0.058985	-0.034900	-0.016561	-0.034870
Superscaffold2	75384149	75717261	-0.120591	-0.056304	-0.034174	-0.061250
Superscaffold2	75718764	76400274	0.053481	0.022994	0.013897	0.035187
Superscaffold2	76400476	76902591	0.061951	0.024608	0.014491	0.047551
Superscaffold2	76902688	77297426	0.260513	0.100053	0.061193	0.208881
Superscaffold2	77298633	77659150	0.341585	0.130344	0.083394	0.208670
Superscaffold2	77659283	78133883	0.059988	0.015495	0.010797	0.039728
Superscaffold2	78133903	78353530	0.004508	0.002775	0.001627	0.005183
Superscaffold2	78353726	78781265	0.169361	0.073355	0.044606	0.127021
Superscaffold2	78781270	79340755	0.044493	0.013858	0.008735	0.037156
Superscaffold2	79340820	80236128	-0.072836	-0.023935	-0.015723	-0.053963
Superscaffold2	80236184	80693735	0.347707	0.149184	0.094245	0.208075
Superscaffold2	80693999	81182676	0.177143	0.061997	0.038841	0.111725
Superscaffold2	81183207	81816873	-0.023684	-0.008523	-0.005072	-0.017693
Superscaffold2	81816890	82200135	0.205120	0.084352	0.047984	0.159800
Superscaffold2	82200315	82983457	0.099198	0.033417	0.019263	0.072872
Superscaffold2	82983592	83339311	0.382507	0.178677	0.111244	0.305833
Superscaffold2	83339319	83701797	0.169983	0.071512	0.040083	0.122104
Superscaffold2	83701896	84059656	0.225868	0.085859	0.052228	0.181322
Superscaffold2	84059667	84517854	0.574626	0.243460	0.148711	0.505367
Superscaffold2	84518500	84932301	0.283683	0.103391	0.058365	0.216544
Superscaffold2	84932441	85155676	-0.091614	-0.046899	-0.027954	-0.084359
Superscaffold2	85155733	85679420	0.630973	0.195625	0.127225	0.561839
Superscaffold2	85679690	86764354	0.240799	0.090993	0.053423	0.172610
Superscaffold2	86764783	87620253	0.011322	0.004098	0.002464	0.010335
Superscaffold2	87620261	87985821	0.143309	0.047127	0.029721	0.113840
Superscaffold2	87986592	88354627	0.443473	0.168016	0.117523	0.357991
Superscaffold2	88354690	88793254	0.161812	0.050749	0.034883	0.116184
Superscaffold2	88793256	89056996	0.047840	0.027489	0.014120	0.032627
Superscaffold2	89057509	89549597	-0.039341	-0.012732	-0.007736	-0.025437
Superscaffold2	89549719	89925595	0.134319	0.044834	0.027329	0.101504
Superscaffold2	89925613	90349662	0.227128	0.069216	0.040437	0.149797
Superscaffold2	90349733	90863113	0.007137	0.001884	0.001200	0.006998
Superscaffold2	90863119	91305374	0.174754	0.071499	0.043629	0.124649
Superscaffold2	91305379	92474324	0.100254	0.032098	0.018659	0.080906
Superscaffold2	92474368	92913843	-0.054265	-0.020644	-0.011955	-0.039431
Superscaffold2	92913847	93686358	-0.104194	-0.050199	-0.025276	-0.070432
Superscaffold2	93686368	94235829	0.042614	0.014887	0.008761	0.027949
Superscaffold2	94235839	94763227	-0.064535	-0.026313	-0.015558	-0.046480
Superscaffold2	94763461	95201544	-0.042634	-0.014935	-0.008817	-0.032167
Superscaffold2	95201578	95603247	-0.043125	-0.017276	-0.010783	-0.022596
Superscaffold2	95603330	95983450	0.079946	0.034877	0.022875	0.047571
Superscaffold2	95983468	96369089	0.088713	0.035048	0.023272	0.061114
Superscaffold2	96369674	96813056	0.292499	0.116902	0.066347	0.200491
Superscaffold2	96813075	97251710	-0.036327	-0.012636	-0.008059	-0.030069
Superscaffold2	97251720	97474752	0.197161	0.104509	0.061809	0.117912
Superscaffold2	97474829	97945214	0.045027	0.021348	0.011839	0.029197
Superscaffold2	97945343	98242707	-0.018880	-0.009658	-0.005380	-0.015276
Superscaffold2	98242890	98718501	0.173757	0.066047	0.042843	0.103292
Superscaffold2	98718502	99160248	0.138624	0.060297	0.037818	0.085757
Superscaffold2	99160251	99531407	-0.149998	-0.094166	-0.044173	-0.086837
Superscaffold2	99531432	99756989	-0.004205	-0.003035	-0.001778	-0.002772
Superscaffold2	99756990	100050976	0.050821	0.029621	0.019997	0.027618
Superscaffold2	100051027	100407934	0.037668	0.022393	0.013626	0.016762
Superscaffold2	100409158	101058137	0.068514	0.029302	0.017443	0.043731
Superscaffold3	125913	491244	0.089442	0.046901	0.029512	0.062773
Superscaffold3	491250	762262	-0.171758	-0.108543	-0.071076	-0.130307
Superscaffold3	762292	1132189	0.039243	0.023824	0.014988	0.024268
Superscaffold3	1132202	1479284	0.054247	0.031531	0.019278	0.030590
Superscaffold3	1479301	1940153	0.063659	0.034469	0.022285	0.030083
Superscaffold3	1940221	2465924	0.013620	0.004631	0.003238	0.011739
Superscaffold3	2465956	2743127	0.016657	0.007772	0.005519	0.008071
Superscaffold3	2743170	3217562	0.074076	0.023577	0.016899	0.044955
Superscaffold3	3217804	3658859	-0.217888	-0.100828	-0.058150	-0.140563
Superscaffold3	3659044	4101571	-0.133791	-0.058245	-0.036475	-0.079532
Superscaffold3	4101649	5091022	-0.034329	-0.017477	-0.009021	-0.029669
Superscaffold3	5091316	5472657	0.071433	0.040165	0.025271	0.049593
Superscaffold3	5472725	5719961	0.106263	0.062297	0.036929	0.054491
Superscaffold3	5720001	6013521	0.182508	0.080045	0.052918	0.111656
Superscaffold3	6013561	6417109	0.015950	0.007229	0.004798	0.011409
Superscaffold3	6417125	6689259	0.076599	0.051684	0.032366	0.043889
Superscaffold3	6689329	7106831	0.093440	0.037149	0.024637	0.057365
Superscaffold3	7106833	7890901	-0.156191	-0.067645	-0.040034	-0.081737
Superscaffold3	7891062	8507938	0.223456	0.056768	0.035462	0.152010
Superscaffold3	8519468	9574341	0.126073	0.056617	0.035630	0.073890
Superscaffold3	9574426	9824763	-0.041453	-0.025217	-0.014787	-0.025009
Superscaffold3	9824831	10201486	0.088068	0.047928	0.032001	0.053936
Superscaffold3	10201494	11178103	-0.051416	-0.034448	-0.021346	-0.031216
Superscaffold3	11178121	11395746	0.055248	0.043109	0.026941	0.024964
Superscaffold3	11396242	11720506	0.086355	0.065909	0.040483	0.045041
Superscaffold3	11721357	11989786	0.130909	0.091395	0.056820	0.075195
Superscaffold3	11989911	12186032	0.091200	0.078785	0.046249	0.048224
Superscaffold3	12186145	12435092	0.101086	0.072742	0.044125	0.058150
Superscaffold3	12435116	12788539	-0.122726	-0.051659	-0.036451	-0.072544
Superscaffold3	12788574	13167693	0.213725	0.119814	0.074173	0.142016
Superscaffold3	13167736	13447968	0.003726	0.002593	0.001372	0.003516
Superscaffold3	13448021	14159375	0.012916	0.006727	0.004327	0.006958
Superscaffold3	14159746	14369424	0.051076	0.031897	0.020330	0.024777
Superscaffold3	14369513	14550832	0.026900	0.022600	0.013621	0.011699
Superscaffold3	14551149	14723711	-0.085649	-0.070427	-0.042495	-0.042960
Superscaffold3	14723732	14992670	0.000376	0.000294	0.000183	0.000846
Superscaffold3	14992799	15242003	0.024284	0.014698	0.009374	0.012028
Superscaffold3	15242007	15466274	0.013488	0.011131	0.006455	-0.002704
Superscaffold3	15466302	15698136	-0.004534	-0.003161	-0.001777	-0.008532
Superscaffold3	15698321	16430443	0.024884	0.013118	0.008218	0.014982
Superscaffold3	16430464	16787895	0.108106	0.069053	0.039925	0.066048
Superscaffold3	16787986	17083224	-0.125232	-0.091807	-0.053167	-0.062689
Superscaffold3	17083243	17394180	0.054971	0.038449	0.023749	0.029838
Superscaffold3	17394182	17762842	-0.063360	-0.032541	-0.022177	-0.037718
Superscaffold3	17762953	17995229	-0.063382	-0.044015	-0.024816	-0.037307
Superscaffold3	17995304	18560030	0.091306	0.032198	0.020757	0.048496
Superscaffold3	18560073	19478409	0.222804	0.087059	0.061783	0.138323
Superscaffold3	19478410	19836144	0.138587	0.063485	0.041386	0.091779
Superscaffold3	19842620	20107709	0.097875	0.048414	0.034862	0.068341
Superscaffold3	20107745	20411736	-0.003563	-0.001579	-0.001040	-0.004296
Superscaffold3	20412031	20703634	-0.002104	-0.001395	-0.000814	-0.002034
Superscaffold3	20703685	20899467	0.059952	0.041500	0.024029	0.027472
Superscaffold3	20899583	21492699	-0.146492	-0.084992	-0.043959	-0.075032
Superscaffold3	21493187	21905510	0.105617	0.068554	0.037956	0.043006
Superscaffold3	21906215	22150418	0.117840	0.051444	0.034288	0.056827
Superscaffold3	22150453	22421436	0.013932	0.005424	0.003661	0.003310
Superscaffold3	22421441	22861305	-0.119372	-0.047560	-0.029152	-0.064490
Superscaffold3	22861445	23097429	0.183084	0.100370	0.057949	0.134641
Superscaffold3	23097457	23382650	0.084886	0.053362	0.032099	0.048253
Superscaffold3	23382692	23722541	0.008513	0.003933	0.002554	0.003435
Superscaffold3	23722623	24140153	0.203358	0.067057	0.039703	0.110107
Superscaffold3	24140263	24771513	-0.055906	-0.022873	-0.014852	-0.037696
Superscaffold3	24772517	25316180	-0.177719	-0.094303	-0.059459	-0.113037
Superscaffold3	25316351	25483404	0.024130	0.013963	0.009670	0.010515
Superscaffold3	25483491	26234268	-0.095126	-0.049743	-0.028208	-0.053664
Superscaffold3	26234368	26528655	0.292059	0.165290	0.092407	0.174172
Superscaffold3	26528667	26726018	0.126405	0.072295	0.039838	0.075554
Superscaffold3	26726157	26996618	-0.094201	-0.059108	-0.029732	-0.063072
Superscaffold3	26996890	27322573	0.092888	0.041396	0.024473	0.074265
Superscaffold3	27322595	27778866	0.145516	0.052624	0.034836	0.079786
Superscaffold3	27778898	28192982	0.071597	0.026364	0.015272	0.049729
Superscaffold3	28193045	28531595	-0.125445	-0.050009	-0.028430	-0.096105
Superscaffold3	28531622	28799305	0.197820	0.064562	0.041084	0.131510
Superscaffold3	28799359	29095134	0.046924	0.015030	0.009227	0.028109
Superscaffold3	29095225	29364702	0.093842	0.052609	0.033566	0.063376
Superscaffold3	29364775	29665628	0.254902	0.089630	0.061353	0.197557
Superscaffold3	29665689	29976023	0.010288	0.004603	0.003060	0.008352
Superscaffold3	29976034	30747468	-0.029241	-0.011343	-0.006729	-0.016065
Superscaffold3	30747599	31324599	0.003121	0.001059	0.000607	0.007736
Superscaffold3	31325886	31674008	0.655214	0.305781	0.178211	0.593387
Superscaffold3	31674039	32095839	0.353295	0.112826	0.068550	0.291840
Superscaffold3	32095842	32418565	0.021275	0.009072	0.005006	0.009581
Superscaffold3	32418573	32936232	0.418004	0.136022	0.087371	0.293548
Superscaffold3	32936419	33300075	-0.379118	-0.167627	-0.101803	-0.259762
Superscaffold3	33300158	33730646	-0.045557	-0.013686	-0.009544	-0.030741
Superscaffold3	33730664	34170728	-0.094466	-0.031859	-0.022995	-0.071142
Superscaffold3	34172519	34466059	-0.136431	-0.052757	-0.031391	-0.093128
Superscaffold3	34466145	34908023	0.089671	0.028242	0.018202	0.058230
Superscaffold3	34908101	35258926	0.043860	0.016412	0.009762	0.029204
Superscaffold3	35258972	35531995	0.450077	0.200722	0.122833	0.329750
Superscaffold3	35532504	35871975	0.742629	0.287757	0.173486	0.589399
Superscaffold3	35871984	36211881	-0.296665	-0.130139	-0.071562	-0.208584
Superscaffold3	36211901	36638270	-0.171987	-0.085083	-0.043655	-0.125148
Superscaffold3	36638381	37253293	0.408578	0.125548	0.083479	0.314752
Superscaffold3	37253455	37613524	0.527157	0.220509	0.138956	0.384506
Superscaffold3	37613583	37879991	-0.066130	-0.042735	-0.026646	-0.047380
Superscaffold3	37880010	38264314	0.012826	0.005590	0.003679	0.009167
Superscaffold3	38264354	38587988	-0.353236	-0.261239	-0.145759	-0.239318
Superscaffold3	38588050	39216565	-0.125786	-0.021187	-0.013857	-0.102641
Superscaffold3	39216592	39770096	-0.262949	-0.071712	-0.043027	-0.242751
Superscaffold3	39771071	40407139	-0.263028	-0.064771	-0.037213	-0.204098
Superscaffold3	40408428	41056403	0.184078	0.047292	0.028244	0.131426
Superscaffold3	41056522	41711969	0.119138	0.030690	0.017382	0.098850
Superscaffold3	41715983	42179096	0.434438	0.150261	0.093452	0.386197
Superscaffold3	42179108	42537554	0.425736	0.170301	0.096614	0.356588
Superscaffold3	42537581	43212036	0.424380	0.118908	0.073438	0.337145
Superscaffold3	43212086	43693788	-0.363869	-0.136296	-0.083728	-0.296775
Superscaffold3	43693805	44230949	0.109517	0.043869	0.024580	0.075824
Superscaffold3	44231083	44589752	0.341686	0.145092	0.085207	0.295828
Superscaffold3	44590007	44987283	0.139309	0.041905	0.026815	0.109854
Superscaffold3	44987359	45310821	0.174872	0.068932	0.042309	0.119114
Superscaffold3	45310895	45756533	0.083528	0.034036	0.016596	0.068157
Superscaffold3	45756567	46192475	0.032343	0.011288	0.006526	0.022054
Superscaffold3	46192598	46576170	0.008104	0.003429	0.002338	0.009812
Superscaffold3	46576680	47285911	0.099609	0.023952	0.016251	0.066642
Superscaffold3	47285927	47805140	0.051631	0.018127	0.011217	0.039491
Superscaffold3	47805719	48182512	0.256535	0.127611	0.079081	0.233602
Superscaffold3	48183156	48559723	0.215495	0.082832	0.045432	0.155281
Superscaffold3	48559810	49014934	0.099730	0.032352	0.020671	0.073163
Superscaffold3	49015394	49344064	0.034332	0.011975	0.007551	0.030583
Superscaffold3	49344067	49629723	0.251328	0.133938	0.074878	0.166718
Superscaffold3	49634192	50032470	0.191104	0.069338	0.041188	0.115669
Superscaffold3	50032482	50345503	0.440537	0.303133	0.171975	0.315824
Superscaffold3	50345545	50587490	-0.012444	-0.008817	-0.004872	-0.006171
Superscaffold3	50587517	51042993	0.024572	0.008879	0.005472	0.014488
Superscaffold3	51043061	51486375	-0.014514	-0.005729	-0.003506	-0.014428
Superscaffold3	51486404	51850083	0.356410	0.169917	0.095439	0.254917
Superscaffold3	51850261	52201097	-0.031257	-0.016682	-0.009137	-0.018540
Superscaffold3	52201392	52499944	0.299214	0.149666	0.075859	0.235385
Superscaffold3	52500655	52931641	0.052410	0.023288	0.013118	0.036930
Superscaffold3	52933162	53253976	0.111262	0.045622	0.029781	0.077225
Superscaffold3	53253977	53609232	0.141622	0.043546	0.031842	0.086361
Superscaffold3	53609278	53889273	0.075055	0.052149	0.032075	0.048284
Superscaffold3	53889287	54248288	0.216489	0.089356	0.057123	0.143161
Superscaffold3	54248307	54726330	0.013223	0.005622	0.003521	0.008072
Superscaffold3	54726370	55041104	0.005500	0.002801	0.001813	0.001841
Superscaffold3	55041135	55980968	0.085871	0.038013	0.023737	0.058656
Superscaffold3	55981023	56344313	0.214757	0.115166	0.071161	0.147230
Superscaffold3	56345416	56628599	0.039343	0.024467	0.014411	0.027614
Superscaffold3	56628643	56884175	0.157456	0.064514	0.045763	0.096534
Superscaffold3	56884201	57403830	0.221654	0.069339	0.046455	0.152818
Superscaffold3	57404580	57791310	0.289457	0.100141	0.059552	0.209284
Superscaffold3	57792146	58230880	0.214490	0.075425	0.048270	0.138547
Superscaffold3	58230881	58499815	-0.192080	-0.179013	-0.061807	-0.089892
Superscaffold3	58499820	58900359	0.305088	0.149421	0.074539	0.207469
Superscaffold3	58900428	59243604	0.092589	0.040403	0.024329	0.056859
Superscaffold3	59243605	59569364	0.016110	0.007332	0.004656	0.006310
Superscaffold3	59569774	60044250	0.029498	0.017064	0.010331	0.011339
Superscaffold3	60044269	60596692	-0.075115	-0.041163	-0.023665	-0.037607
Superscaffold3	60597107	60993372	0.157782	0.084126	0.052635	0.109285
Superscaffold3	60996063	61497435	0.058230	0.022583	0.013810	0.040867
Superscaffold3	61497444	62049450	0.091055	0.032456	0.020806	0.053271
Superscaffold3	62049485	62582481	0.056763	0.028583	0.017390	0.030082
Superscaffold3	62582493	63039001	-0.052947	-0.031074	-0.017402	-0.025709
Superscaffold3	63040725	64070336	0.027474	0.009104	0.005861	0.016451
Superscaffold3	64071518	64626017	0.179763	0.087300	0.046697	0.106063
Superscaffold3	64627998	64930515	0.041489	0.019360	0.013007	0.030448
Superscaffold3	64930530	65327449	0.009692	0.005404	0.003489	0.001406
Superscaffold3	65327586	65591510	-0.169969	-0.157722	-0.092653	-0.104736
Superscaffold3	65591515	65889105	0.049017	0.022851	0.016901	0.026976
Superscaffold3	65889121	66354208	-0.063278	-0.031123	-0.019148	-0.036728
Superscaffold3	66354232	66725326	-0.016839	-0.005741	-0.003491	-0.009871
Superscaffold3	66725401	67039776	0.177181	0.086312	0.050143	0.120944
Superscaffold4	207666	797542	0.277573	0.119617	0.079680	0.181705
Superscaffold4	797574	1076838	-0.062878	-0.052799	-0.028807	-0.033122
Superscaffold4	1076911	1529611	-0.068974	-0.047167	-0.029278	-0.039482
Superscaffold4	1529619	2225476	0.158764	0.069176	0.048182	0.080593
Superscaffold4	2225500	2937127	-0.012222	-0.006508	-0.004006	-0.006032
Superscaffold4	2939574	3230728	0.070870	0.034280	0.024196	0.034682
Superscaffold4	3230810	3737293	-0.090609	-0.054135	-0.030734	-0.048150
Superscaffold4	3737332	4019789	0.135212	0.056455	0.037013	0.076837
Superscaffold4	4019834	5170111	0.139127	0.058473	0.034283	0.088595
Superscaffold4	5170146	5427407	-0.059984	-0.052919	-0.031751	-0.029377
Superscaffold4	5427583	6305439	0.160603	0.069591	0.047456	0.091695
Superscaffold4	6305465	6607150	0.032152	0.018715	0.012009	0.020699
Superscaffold4	6607183	7005001	0.137376	0.066184	0.043778	0.066748
Superscaffold4	7005038	7227122	0.055035	0.029087	0.018921	0.025465
Superscaffold4	7227181	7631929	-0.093673	-0.058525	-0.033496	-0.045251
Superscaffold4	7632039	7866814	-0.017545	-0.011823	-0.007688	-0.019175
Superscaffold4	7866823	8051180	0.114896	0.085277	0.048606	0.063017
Superscaffold4	8051230	8715318	0.137777	0.093681	0.058610	0.079791
Superscaffold4	8715330	8966401	0.047029	0.025438	0.017336	0.027485
Superscaffold4	8966504	9166382	-0.034010	-0.026941	-0.016723	-0.015374
Superscaffold4	9166389	9672263	-0.151553	-0.084714	-0.047543	-0.090331
Superscaffold4	9672280	9921823	-0.001333	-0.000723	-0.000493	-0.001870
Superscaffold4	9922014	10117066	0.039253	0.025910	0.016966	0.027547
Superscaffold4	10117112	11063568	0.059845	0.026649	0.017243	0.030919
Superscaffold4	11063809	11471464	-0.019165	-0.011813	-0.007482	-0.002984
Superscaffold4	11471470	11780805	0.086042	0.051481	0.029291	0.062508
Superscaffold4	11780868	12039207	0.297321	0.165957	0.103593	0.209942
Superscaffold4	12039218	12341059	0.150060	0.093270	0.052361	0.089830
Superscaffold4	12341250	12762650	0.049658	0.026555	0.016927	0.027269
Superscaffold4	12762660	13008408	-0.095402	-0.059493	-0.036921	-0.054559
Superscaffold4	13008435	13216609	-0.121359	-0.085147	-0.048737	-0.069993
Superscaffold4	13216629	13527555	0.373279	0.225843	0.125966	0.225759
Superscaffold4	13527613	13779807	-0.038466	-0.029403	-0.016873	-0.018877
Superscaffold4	13779824	14181230	-0.190827	-0.178994	-0.067946	-0.096342
Superscaffold4	14181305	14510001	0.195553	0.102112	0.063440	0.104466
Superscaffold4	14510004	14769551	0.108254	0.058734	0.033386	0.059434
Superscaffold4	14771042	15209439	0.094251	0.045777	0.029369	0.054006
Superscaffold4	15209518	15950258	0.058994	0.035585	0.021280	0.035629
Superscaffold4	15950755	16205531	-0.091030	-0.071712	-0.041712	-0.052679
Superscaffold4	16205562	16656661	-0.090229	-0.052013	-0.029984	-0.060580
Superscaffold4	16656662	17116348	0.108972	0.056944	0.036299	0.066028
Superscaffold4	17116349	17545450	0.103630	0.054128	0.037093	0.056071
Superscaffold4	17545523	17842692	-0.089836	-0.057832	-0.033219	-0.052754
Superscaffold4	17842785	18083429	-0.075111	-0.058485	-0.034441	-0.037097
Superscaffold4	18083479	18374760	-0.046045	-0.028605	-0.018094	-0.032547
Superscaffold4	18374787	19019603	0.469300	0.308866	0.169141	0.318742
Superscaffold4	19019660	19246649	0.790390	0.597471	0.379060	0.687463
Superscaffold4	19246677	19508432	0.232140	0.121139	0.069396	0.170757
Superscaffold4	19508552	19820188	-0.157089	-0.101078	-0.049636	-0.098196
Superscaffold4	19821247	20110686	0.003534	0.001781	0.001154	0.002332
Superscaffold4	20110759	20461035	-0.000827	-0.000370	-0.000238	0.001820
Superscaffold4	20461099	20897739	0.039256	0.018741	0.011853	0.020884
Superscaffold4	20897761	21412964	0.204115	0.086553	0.052529	0.119954
Superscaffold4	21412972	21959814	0.595972	0.243388	0.153491	0.448958
Superscaffold4	21959905	22207238	0.125402	0.077165	0.044175	0.071594
Superscaffold4	22207246	22405983	-0.047931	-0.039840	-0.024511	-0.020910
Superscaffold4	22406023	22642300	0.062462	0.037562	0.022038	0.041540
Superscaffold4	22642317	22847316	-0.073557	-0.053172	-0.029228	-0.035729
Superscaffold4	22847327	23127765	0.113674	0.065206	0.042091	0.063879
Superscaffold4	23127928	23367875	0.167872	0.101329	0.066807	0.093963
Superscaffold4	23367892	23628563	-0.092034	-0.058454	-0.034649	-0.045448
Superscaffold4	23628596	24012033	0.416426	0.261661	0.171580	0.265933
Superscaffold4	24012038	24542950	0.015402	0.006424	0.003927	0.013573
Superscaffold4	24543130	24800909	0.368959	0.226962	0.125475	0.270952
Superscaffold4	24800946	25124344	0.302870	0.150649	0.077510	0.216300
Superscaffold4	25124502	25468495	0.129511	0.053475	0.035621	0.087151
Superscaffold4	25468676	25767674	0.517327	0.228141	0.176330	0.370157
Superscaffold4	25767752	26174222	-0.110496	-0.061097	-0.036000	-0.053580
Superscaffold4	26174260	26556000	-0.227810	-0.108837	-0.061935	-0.146451
Superscaffold4	26556022	26839058	-0.061059	-0.038675	-0.025075	-0.039512
Superscaffold4	26839059	27011466	0.086158	0.040560	0.028536	0.055514
Superscaffold4	27011502	27332775	-0.446215	-0.247456	-0.142317	-0.303869
Superscaffold4	27332777	27513563	0.419613	0.201266	0.109307	0.304893
Superscaffold4	27513565	27756852	0.558808	0.263887	0.155837	0.437973
Superscaffold4	27756899	28028810	0.041083	0.021511	0.013039	0.021061
Superscaffold4	28030521	28440607	-0.009402	-0.007108	-0.004029	-0.007524
Superscaffold4	28440691	28797387	-0.067560	-0.055819	-0.028838	-0.045930
Superscaffold4	28798000	29015510	0.199490	0.108705	0.066301	0.082014
Superscaffold4	29015524	29319559	0.195950	0.078002	0.054682	0.109292
Superscaffold4	29319680	29752714	-0.103998	-0.040245	-0.027712	-0.054244
Superscaffold4	29752763	30157022	0.073862	0.046958	0.028405	0.044686
Superscaffold4	30157042	30452861	-0.001428	-0.000737	-0.000477	0.002431
Superscaffold4	30452868	30794003	0.187109	0.110390	0.071215	0.123169
Superscaffold4	30794020	31906053	-0.044930	-0.023742	-0.013625	-0.023440
Superscaffold4	31906108	32204260	0.358453	0.188628	0.112160	0.223154
Superscaffold4	32204724	32567012	0.126904	0.058654	0.034070	0.088407
Superscaffold4	32568131	33033838	-0.082250	-0.040803	-0.023122	-0.056431
Superscaffold4	33033897	33512454	0.105743	0.046536	0.029102	0.055377
Superscaffold4	33512506	33879739	0.219727	0.111228	0.063100	0.151285
Superscaffold4	33879769	34237395	0.091258	0.047349	0.027484	0.061061
Superscaffold4	34237408	34599828	0.121317	0.044914	0.025258	0.082903
Superscaffold4	34599874	35010045	0.238433	0.085244	0.057091	0.181995
Superscaffold4	35010049	35384394	0.001213	0.000382	0.000278	-0.001307
Superscaffold4	35384402	35969183	0.068719	0.033756	0.017292	0.044523
Superscaffold4	35969203	36375682	0.040228	0.023138	0.014111	0.021777
Superscaffold4	36376094	36661874	0.237925	0.128653	0.084074	0.161977
Superscaffold4	36663825	37407639	0.154138	0.058342	0.041931	0.098128
Superscaffold4	37407708	38597769	-0.070721	-0.031645	-0.019597	-0.043592
Superscaffold4	38597798	39765060	-0.060737	-0.022602	-0.014281	-0.032399
Superscaffold4	39765336	40277757	0.136839	0.042714	0.031474	0.099861
Superscaffold4	40277820	40686882	0.043331	0.018161	0.011268	0.029740
Superscaffold4	40686908	40997069	0.081271	0.045360	0.028204	0.052912
Superscaffold4	40997075	41812372	-0.055896	-0.010687	-0.007951	-0.029794
Superscaffold4	41812541	42348000	0.217936	0.111856	0.067310	0.154749
Superscaffold4	42348157	42589225	0.134988	0.057295	0.037102	0.075339
Superscaffold4	42592924	43463258	0.061466	0.023186	0.015934	0.039979
Superscaffold4	43463353	43954866	0.201545	0.078409	0.050196	0.122443
Superscaffold4	43955208	44316626	-0.048452	-0.022250	-0.013762	-0.034823
Superscaffold4	44316639	44768035	0.100240	0.054798	0.030659	0.073958
Superscaffold4	44768144	45129190	-0.130400	-0.060007	-0.033253	-0.101958
Superscaffold4	45129205	45429306	-0.277795	-0.156303	-0.085259	-0.190245
Superscaffold4	45429415	45767535	-0.081104	-0.033269	-0.019174	-0.044203
Superscaffold4	45767686	46197123	-0.094059	-0.038841	-0.026514	-0.063713
Superscaffold4	46197148	46468620	-0.233391	-0.096241	-0.063036	-0.172164
Superscaffold4	46468663	47076656	-0.131995	-0.047513	-0.031045	-0.090154
Superscaffold4	47076658	47599958	0.682877	0.459664	0.282835	0.542055
Superscaffold4	47600031	47842639	0.628782	0.484299	0.332347	0.491907
Superscaffold4	47842747	48338565	0.192200	0.086586	0.055492	0.118170
Superscaffold4	48338609	48838037	0.227660	0.079913	0.053314	0.166397
Superscaffold4	48838041	49175526	0.614454	0.337196	0.198822	0.484587
Superscaffold4	49175534	49525872	0.470953	0.201074	0.112728	0.365534
Superscaffold4	49525902	49826972	-0.008191	-0.004205	-0.002604	-0.004908
Superscaffold4	49827305	50246446	0.371134	0.131016	0.079210	0.291828
Superscaffold4	50246701	50523639	0.335857	0.145804	0.079523	0.265258
Superscaffold4	50523778	50785128	-0.043024	-0.018764	-0.013361	-0.026669
Superscaffold4	50785143	51040901	0.168175	0.090951	0.053325	0.122715
Superscaffold4	51040952	51429638	0.426000	0.148765	0.104341	0.328232
Superscaffold4	51429646	51690893	0.252393	0.101417	0.064911	0.158295
Superscaffold4	51690940	52124428	0.433725	0.207751	0.112905	0.343390
Superscaffold4	52124440	52847060	0.228896	0.062989	0.036049	0.184349
Superscaffold4	52847113	53667182	0.565230	0.296515	0.149320	0.483748
Superscaffold4	53668231	54040984	0.160211	0.079082	0.038266	0.107504
Superscaffold4	54041028	54261580	0.232459	0.159702	0.089507	0.164900
Superscaffold4	54261601	54626389	0.573744	0.225014	0.131178	0.482451
Superscaffold4	54626538	55016199	0.537651	0.200815	0.119805	0.473097
Superscaffold4	55016203	55361306	0.678168	0.436927	0.201899	0.559041
Superscaffold4	55361353	55617750	-0.276706	-0.180255	-0.098650	-0.197923
Superscaffold4	55617904	55925634	0.177739	0.068357	0.046115	0.110791
Superscaffold4	55925702	56315483	-0.189996	-0.086512	-0.050787	-0.126883
Superscaffold4	56315517	56510742	-0.047349	-0.033132	-0.018900	-0.029110
Superscaffold4	56512166	56784095	0.162507	0.105656	0.066010	0.089424
Superscaffold4	56784135	57223814	0.101981	0.049211	0.031568	0.064035
Superscaffold4	57223928	57856589	-0.034747	-0.011659	-0.007917	-0.022159
Superscaffold4	57857614	58297658	0.218496	0.063257	0.045341	0.113750
Superscaffold4	58297799	58642270	-0.049947	-0.021123	-0.012022	-0.029621
Superscaffold4	58642300	58931483	0.173949	0.077231	0.049729	0.116580
Superscaffold4	58931484	59158912	-0.099821	-0.047976	-0.029154	-0.053640
Superscaffold4	59159025	59468869	0.299820	0.109848	0.078148	0.200989
Superscaffold4	59468879	59779171	0.099019	0.048694	0.033135	0.057685
Superscaffold4	59779483	60325254	0.062270	0.031458	0.019845	0.025117
Superscaffold4	60325256	61432555	-0.029856	-0.013490	-0.006872	-0.012665
Superscaffold4	61432740	61735635	-0.191046	-0.080777	-0.053326	-0.138847
Superscaffold4	61735655	62085168	0.659390	0.263685	0.184892	0.563618
Superscaffold4	62085341	62450710	0.223351	0.104051	0.067744	0.154278
Superscaffold4	62450968	63093428	-0.088202	-0.036787	-0.022615	-0.049920
Superscaffold4	63093544	63707220	0.046185	0.018058	0.012628	0.027127
Superscaffold4	63707338	64104641	-0.178537	-0.089429	-0.059496	-0.116962
Superscaffold4	64104713	64371563	0.006603	0.003223	0.001969	0.001093
Superscaffold4	64371572	64666141	-0.015051	-0.008347	-0.004612	-0.009669
Superscaffold4	64666258	65312649	0.106027	0.036317	0.023649	0.066211
Superscaffold4	65312767	66260479	0.276975	0.109086	0.074625	0.167787
Superscaffold4	66260538	66660326	0.354973	0.189829	0.083000	0.277300
Superscaffold4	66660349	67083367	-0.038378	-0.010677	-0.007384	-0.030403
Superscaffold4	67083451	67494396	0.192666	0.062346	0.045649	0.135361
Superscaffold4	67494427	68019077	-0.023737	-0.010859	-0.007150	-0.013941
Superscaffold4	68019326	68308125	0.453446	0.200145	0.160958	0.247438
Superscaffold4	68308276	68547792	0.373608	0.329327	0.162741	0.277527
Superscaffold4	68547798	68808561	-0.134035	-0.067312	-0.044958	-0.091003
Superscaffold4	68808582	69227284	0.085703	0.044044	0.028282	0.055136
Superscaffold4	69227702	69619380	0.030876	0.019229	0.011502	0.011939
Superscaffold4	69619428	69886638	-0.062120	-0.047837	-0.029549	-0.036887
Superscaffold4	69886650	70428164	0.058134	0.030593	0.019521	0.031353
Superscaffold4	70428214	70862121	0.191675	0.084230	0.061876	0.109415
Superscaffold4	70862238	71564986	0.219276	0.123492	0.073130	0.149366
Superscaffold4	71565154	72211954	-0.441835	-0.139232	-0.088620	-0.333634
Superscaffold4	72212354	72943132	-0.027731	-0.012791	-0.006843	-0.017168
Superscaffold4	72943152	73335624	0.206451	0.091160	0.051232	0.149959
Superscaffold4	73335747	73611669	0.458762	0.283342	0.182425	0.313695
Superscaffold4	73611701	74207978	0.102980	0.039777	0.029979	0.076178
Superscaffold4	74207994	74488131	-0.024575	-0.016136	-0.010565	-0.013680
Superscaffold4	74488195	74772328	0.329515	0.164078	0.124061	0.202413
Superscaffold4	74772374	75015208	0.405570	0.239889	0.147176	0.263820
Superscaffold4	75015215	75512676	0.067895	0.036311	0.023425	0.039838
Superscaffold4	75512760	76388585	0.566390	0.173522	0.132154	0.481462
Superscaffold4	76388673	76853313	0.039075	0.015086	0.009444	0.029568
Superscaffold4	76853381	77467828	0.199019	0.121150	0.066413	0.162185
Superscaffold4	77468037	77854790	-0.487831	-0.180255	-0.111457	-0.382264
Superscaffold4	77855022	78370485	-0.018852	-0.011427	-0.007129	-0.007108
Superscaffold4	78371550	78613144	-0.066272	-0.043249	-0.026062	-0.034339
Superscaffold4	78613170	79084192	0.226006	0.082144	0.055857	0.100638
Superscaffold4	79084202	79578395	0.255363	0.114396	0.087731	0.170747
Superscaffold4	79578417	80247540	0.076548	0.022613	0.016196	0.045174
Superscaffold4	80247551	80518388	0.050365	0.026200	0.017630	0.044666
Superscaffold4	80518510	80769619	0.016883	0.010932	0.006441	0.008421
Superscaffold4	80769636	81217855	-0.105789	-0.055475	-0.031358	-0.065739
Superscaffold4	81218188	81511449	-0.093560	-0.034886	-0.025017	-0.064369
Superscaffold4	81511500	82364212	0.019735	0.005182	0.002868	0.011362
Superscaffold4	82364321	82614003	0.313833	0.164760	0.090447	0.174708
Superscaffold4	82614091	82893505	0.284586	0.139668	0.093531	0.203835
Superscaffold4	82893771	83120409	0.257741	0.181183	0.120774	0.167477
Superscaffold4	83120898	83353830	0.007416	0.005558	0.003463	0.005723
Superscaffold4	83353992	83636184	-0.003038	-0.001681	-0.001032	0.000944
Superscaffold4	83636262	84186284	0.286934	0.103594	0.075410	0.193416
Superscaffold4	84186359	84547928	0.052301	0.023552	0.016082	0.026785
Superscaffold4	84547972	84789612	0.158085	0.103803	0.063928	0.075259
Superscaffold4	84789649	85465762	0.152752	0.079846	0.050504	0.090973
Superscaffold4	85465779	86053732	0.029093	0.015005	0.010120	0.016295
Superscaffold4	86053793	86299047	-0.047091	-0.035219	-0.022641	-0.023299
Superscaffold4	86299061	86525396	0.021979	0.014708	0.008933	0.013242
Superscaffold5	104994	340097	0.007750	0.004117	0.002401	0.008133
Superscaffold5	340128	608122	0.161440	0.084125	0.055182	0.095210
Superscaffold5	608851	1070982	-0.020308	-0.009255	-0.005798	-0.007516
Superscaffold5	1071219	1429108	0.067078	0.028015	0.016204	0.039131
Superscaffold5	1429155	1936980	0.129900	0.041039	0.026961	0.084006
Superscaffold5	1936985	2329377	0.061687	0.030299	0.014800	0.033863
Superscaffold5	2331894	2888459	0.130713	0.050883	0.034312	0.076322
Superscaffold5	2888515	3469265	0.056017	0.018810	0.013098	0.032690
Superscaffold5	3469379	3945294	0.204321	0.080388	0.047295	0.155740
Superscaffold5	3945385	4607908	0.280111	0.133366	0.081783	0.182856
Superscaffold5	4607948	5432232	0.065609	0.021202	0.014448	0.037774
Superscaffold5	5432242	6208817	0.553507	0.241337	0.140674	0.460640
Superscaffold5	6209643	6609364	0.513831	0.199600	0.106075	0.393503
Superscaffold5	6609443	7330186	0.005830	0.002552	0.001417	0.000447
Superscaffold5	7330265	7700807	0.311210	0.136716	0.082726	0.222594
Superscaffold5	7700813	8193207	-0.107597	-0.052809	-0.032542	-0.064214
Superscaffold5	8193258	8602908	-0.024971	-0.014179	-0.008758	-0.005152
Superscaffold5	8602952	8867524	-0.090193	-0.077936	-0.037784	-0.049515
Superscaffold5	8867534	9152420	-0.030146	-0.017932	-0.008768	-0.016575
Superscaffold5	9152435	9463769	0.136593	0.059514	0.039153	0.093688
Superscaffold5	9463804	10047898	-0.020114	-0.010138	-0.006240	-0.009741
Superscaffold5	10056354	10650600	-0.035918	-0.018364	-0.010499	-0.021814
Superscaffold5	10650635	11032718	0.134471	0.045166	0.029443	0.083853
Superscaffold5	11032746	11504877	0.306806	0.148056	0.081247	0.187356
Superscaffold5	11506188	12505254	-0.093820	-0.041125	-0.026293	-0.054719
Superscaffold5	12505970	14032840	-0.081959	-0.035482	-0.021589	-0.052382
Superscaffold5	14033251	14336421	0.040442	0.019942	0.011350	0.021608
Superscaffold5	14336562	14703437	-0.045878	-0.023239	-0.013570	-0.027718
Superscaffold5	14703551	14994104	0.422108	0.214455	0.136063	0.300444
Superscaffold5	14994123	15272006	0.086632	0.049587	0.022857	0.059576
Superscaffold5	15272185	15666741	0.104976	0.052513	0.027201	0.062375
Superscaffold5	15666742	16171700	-0.092859	-0.039093	-0.022302	-0.063912
Superscaffold5	16171711	16522789	0.005775	0.003263	0.001950	0.004800
Superscaffold5	16522827	16804909	0.132873	0.082533	0.044725	0.063813
Superscaffold5	16805024	17349376	-0.109332	-0.052333	-0.032316	-0.072708
Superscaffold5	17349507	17692691	-0.029411	-0.023836	-0.011298	-0.015188
Superscaffold5	17692816	18051749	-0.000948	-0.000518	-0.000304	-0.000044
Superscaffold5	18051837	18229471	0.051129	0.032549	0.020087	0.028492
Superscaffold5	18229501	18556894	-0.270339	-0.159015	-0.096419	-0.176822
Superscaffold5	18556909	19059313	-0.006512	-0.002628	-0.001544	-0.000518
Superscaffold5	19059463	19379672	-0.017122	-0.006459	-0.004134	-0.009871
Superscaffold5	19380867	19788741	0.110794	0.036573	0.021549	0.078538
Superscaffold5	19788795	20145655	0.089887	0.037319	0.022910	0.054668
Superscaffold5	20145665	20449009	0.247266	0.110191	0.059254	0.137805
Superscaffold5	20451157	21013532	-0.012101	-0.004238	-0.002913	-0.010011
Superscaffold5	21013682	21494301	-0.079221	-0.037786	-0.023547	-0.052483
Superscaffold5	21494415	21831696	-0.400260	-0.250706	-0.135744	-0.252376
Superscaffold5	21831715	22017745	0.019635	0.013479	0.007026	0.008559
Superscaffold5	22017747	22547993	0.107614	0.048041	0.028190	0.065291
Superscaffold5	22548179	23160853	0.154954	0.052641	0.036634	0.080697
Superscaffold5	23160860	23599476	-0.030430	-0.013236	-0.008276	-0.015779
Superscaffold5	23599571	24452550	-0.178108	-0.099274	-0.053266	-0.124469
Superscaffold5	24452688	24824344	0.165823	0.055823	0.037797	0.120206
Superscaffold5	24824345	25219201	-0.238796	-0.088696	-0.055763	-0.207122
Superscaffold5	25219244	25531017	-0.052027	-0.025704	-0.017033	-0.034509
Superscaffold5	25531160	25959537	0.034705	0.014081	0.007753	0.029144
Superscaffold5	25959577	26707530	0.244840	0.079353	0.051233	0.157892
Superscaffold5	26707540	27566305	0.023078	0.007219	0.004509	0.013997
Superscaffold5	27566329	28253987	0.029745	0.007526	0.004994	0.013227
Superscaffold5	28254077	28612388	-0.088769	-0.047864	-0.026969	-0.064623
Superscaffold5	28613796	29060250	0.237653	0.077631	0.047576	0.178424
Superscaffold5	29060315	29406667	0.302759	0.145564	0.085286	0.239831
Superscaffold5	29406829	29730890	-0.264354	-0.102380	-0.068423	-0.235811
Superscaffold5	29730944	30015927	0.031578	0.016706	0.010790	0.021928
Superscaffold5	30016023	30245602	0.029133	0.012295	0.008268	0.016252
Superscaffold5	30245682	30680444	0.068607	0.025770	0.016352	0.040721
Superscaffold5	30683793	31136214	0.222667	0.095732	0.051257	0.160018
Superscaffold5	31137137	31527649	0.408419	0.146411	0.090497	0.320869
Superscaffold5	31527723	31789376	0.412678	0.213558	0.120837	0.264666
Superscaffold5	31789387	32143668	0.534570	0.296131	0.173147	0.408539
Superscaffold5	32143873	32488244	0.302466	0.171680	0.093745	0.203485
Superscaffold5	32488440	33025428	-0.063507	-0.032293	-0.019345	-0.046738
Superscaffold5	33025436	33332195	-0.057365	-0.042196	-0.026338	-0.033248
Superscaffold5	33333203	33800349	0.580016	0.282162	0.146773	0.456775
Superscaffold5	33800417	34013393	-0.340682	-0.224937	-0.121141	-0.322791
Superscaffold5	34013407	34337341	0.826697	0.429558	0.288568	0.774457
Superscaffold5	34337356	34777727	0.012814	0.003969	0.002200	0.006788
Superscaffold5	34777794	35111279	0.210119	0.080901	0.050184	0.161315
Superscaffold5	35111312	35431187	0.035846	0.017022	0.009423	0.027743
Superscaffold5	35431323	35839509	-0.113545	-0.028496	-0.017691	-0.084159
Superscaffold5	35839513	36283656	0.034132	0.010538	0.006374	0.030440
Superscaffold5	36284218	36631627	0.006967	0.002425	0.001405	0.007700
Superscaffold5	36631829	37052618	0.047049	0.015621	0.009685	0.042287
Superscaffold5	37052656	37365499	0.200305	0.118824	0.069354	0.109059
Superscaffold5	37365531	37551321	0.121641	0.069500	0.036003	0.072363
Superscaffold5	37551417	37933601	0.025686	0.008279	0.005135	0.013382
Superscaffold5	37933901	38313069	0.138343	0.038080	0.026519	0.115737
Superscaffold5	38313111	38697478	0.132014	0.047854	0.028678	0.100695
Superscaffold5	38698141	39451197	-0.091390	-0.047471	-0.027103	-0.056318
Superscaffold5	39451911	40106422	0.114336	0.038269	0.025085	0.067961
Superscaffold5	40106487	40775301	-0.044771	-0.022200	-0.013917	-0.031682
Superscaffold5	40775312	41508561	-0.054515	-0.024649	-0.013589	-0.034048
Superscaffold5	41508578	42113939	0.082207	0.023961	0.014844	0.058745
Superscaffold5	42113946	42579386	0.192665	0.057560	0.037159	0.149081
Superscaffold5	42579395	43019941	-0.045428	-0.023789	-0.013452	-0.033776
Superscaffold5	43020314	43353935	0.037969	0.017797	0.011057	0.020412
Superscaffold5	43354115	43677153	0.188653	0.087951	0.054466	0.120787
Superscaffold5	43677207	43988733	0.278869	0.105137	0.071999	0.184111
Superscaffold5	43988793	44401173	-0.107478	-0.051585	-0.035444	-0.077838
Superscaffold5	44401237	44713897	0.012574	0.007472	0.005079	0.006285
Superscaffold5	44714071	45088427	0.258301	0.115847	0.072320	0.174024
Superscaffold5	45099319	45809405	0.028382	0.010906	0.007070	0.019058
Superscaffold5	45811518	46352505	0.062572	0.038218	0.020771	0.045022
Superscaffold5	46352533	46714519	-0.161832	-0.082145	-0.048540	-0.117072
Superscaffold5	46714639	47091165	-0.008547	-0.004117	-0.002453	-0.007160
Superscaffold5	47094026	47494073	0.319474	0.130104	0.078525	0.232648
Superscaffold5	47494074	47944860	-0.032698	-0.012439	-0.007357	-0.022851
Superscaffold5	47945101	48357248	0.120108	0.050595	0.026175	0.082290
Superscaffold5	48357255	48638597	0.198357	0.104072	0.052823	0.138729
Superscaffold5	48638659	49060765	0.150353	0.082328	0.039717	0.085756
Superscaffold5	49060795	49429443	0.553320	0.312742	0.218522	0.404156
Superscaffold5	49429536	49845334	0.403823	0.239626	0.172351	0.278739
Superscaffold5	49846144	50057440	0.185096	0.107819	0.046720	0.118295
Superscaffold5	50057472	50390837	0.033647	0.024361	0.011165	0.022186
Superscaffold5	50390866	50685071	-0.012990	-0.005601	-0.002817	-0.008176
Superscaffold5	50685102	50986363	0.496901	0.194152	0.096930	0.369579
Superscaffold5	50986365	51276039	0.119221	0.051288	0.029815	0.070057
Superscaffold5	51276120	51543842	0.163403	0.092123	0.049437	0.095983
Superscaffold5	51543846	51794334	0.038409	0.027501	0.011505	0.021250
Superscaffold5	51794353	52138395	-0.177634	-0.105389	-0.056737	-0.126051
Superscaffold5	52138409	52516209	0.028899	0.010493	0.006525	0.024035
Superscaffold5	52516217	52790688	-0.373485	-0.186473	-0.110769	-0.253528
Superscaffold5	52790800	53051426	0.112109	0.060177	0.039947	0.070248
Superscaffold5	53051587	53546171	-0.049423	-0.015087	-0.009771	-0.036795
Superscaffold5	53547480	53974534	0.253861	0.086025	0.053591	0.126439
Superscaffold5	53974626	54728654	0.336667	0.114716	0.074613	0.221059
Superscaffold5	54728665	55648806	0.055992	0.022566	0.014470	0.034776
Superscaffold5	55648929	56095459	-0.039085	-0.012489	-0.007696	-0.023326
Superscaffold5	56095475	56313056	0.173482	0.105468	0.062574	0.112733
Superscaffold5	56313140	56834245	0.228470	0.096554	0.046246	0.157684
Superscaffold5	56834397	57113798	0.101489	0.045381	0.031751	0.070294
Superscaffold5	57114039	57536200	-0.091013	-0.045343	-0.024116	-0.064827
Superscaffold5	57536207	58008494	0.213394	0.078134	0.049668	0.145797
Superscaffold5	58009040	58492529	0.286069	0.097048	0.062141	0.235493
Superscaffold5	58492861	58949124	0.302281	0.108827	0.067108	0.245667
Superscaffold5	58949149	59291188	0.293216	0.129395	0.079896	0.239959
Superscaffold5	59291394	59992067	0.120162	0.040102	0.022919	0.090770
Superscaffold5	59992408	60516916	0.110245	0.035811	0.020773	0.072633
Superscaffold5	60517109	61016234	0.537832	0.253487	0.157110	0.450313
Superscaffold5	61016243	61623830	0.297456	0.091422	0.056172	0.193661
Superscaffold5	61629178	62116707	0.064420	0.025847	0.015838	0.051913
Superscaffold5	62116754	62489953	0.037824	0.013629	0.009377	0.022985
Superscaffold5	62489994	62897472	0.398267	0.149225	0.095682	0.296006
Superscaffold5	62901351	63353738	0.060221	0.023684	0.015790	0.042056
Superscaffold5	63353996	63656009	0.000463	0.000226	0.000119	0.003663
Superscaffold5	63656039	63904216	0.155401	0.078487	0.054227	0.091199
Superscaffold5	63904255	64211166	-0.090617	-0.060724	-0.029882	-0.043921
Superscaffold5	64211314	64913040	0.139474	0.055608	0.033912	0.095058
Superscaffold5	64913049	65394960	0.156742	0.063861	0.032295	0.117630
Superscaffold5	65394973	65867206	-0.005415	-0.002326	-0.001300	0.005117
Superscaffold5	65867238	66289418	0.297580	0.127109	0.073815	0.227425
Superscaffold5	66289548	66735270	0.101809	0.031568	0.018934	0.071154
Superscaffold5	66735290	67203631	0.113804	0.040375	0.026358	0.073763
Superscaffold5	67203637	68151132	0.215975	0.111328	0.066536	0.145424
Superscaffold5	68151188	68697294	-0.058453	-0.029808	-0.017613	-0.028686
Superscaffold5	68697340	69718344	-0.039696	-0.017766	-0.010547	-0.021009
Superscaffold5	69718555	70006125	0.062407	0.034314	0.025883	0.040177
Superscaffold5	70006160	70780025	-0.085378	-0.044568	-0.024552	-0.042095
Superscaffold5	70780101	71376133	-0.026662	-0.011021	-0.006496	-0.016476
Superscaffold5	71378586	72176912	0.138208	0.044046	0.028228	0.095586
Superscaffold5	72177107	72778856	0.297692	0.164595	0.098695	0.197577
Superscaffold5	72779004	73214333	-0.192280	-0.075871	-0.043496	-0.117544
Superscaffold5	73214399	73549821	-0.155018	-0.089790	-0.047616	-0.090399
Superscaffold5	73550055	73910331	0.507550	0.197376	0.138499	0.325320
Superscaffold5	73910354	74343698	0.255383	0.085710	0.051368	0.184694
Superscaffold5	74343837	74761814	-0.044107	-0.016976	-0.010880	-0.035390
Superscaffold5	74761875	75411429	-0.044044	-0.018303	-0.011682	-0.033971
Superscaffold5	75412360	75842370	0.263450	0.170267	0.110814	0.176147
Superscaffold5	75843592	76180624	0.094408	0.049729	0.033571	0.060993
Superscaffold5	76180935	76513695	0.166132	0.067164	0.041312	0.102009
Superscaffold5	76513853	76831086	0.156520	0.060470	0.039206	0.098842
Superscaffold5	76831416	77241989	0.182292	0.099071	0.053460	0.112590
Superscaffold5	77242014	77681394	0.179801	0.052704	0.038998	0.112951
Superscaffold5	77681401	77943205	0.317238	0.152911	0.092563	0.186791
Superscaffold5	77943264	78260467	0.082381	0.047188	0.025121	0.057460
Superscaffold5	78260631	78790911	-0.094641	-0.039096	-0.024239	-0.065122
Superscaffold5	78791015	79270907	0.150240	0.045250	0.031237	0.093455
Superscaffold5	79270936	79850030	0.026682	0.012665	0.008509	0.014005
Superscaffold5	79850156	80158129	-0.091891	-0.045951	-0.028436	-0.047820
Superscaffold5	80158148	80565900	-0.174161	-0.068101	-0.046456	-0.103052
Superscaffold5	80565975	81001656	0.002956	0.001140	0.000731	-0.000211
Superscaffold5	81001672	81461484	-0.056373	-0.033506	-0.019717	-0.032272
Superscaffold5	81461547	81788557	-0.104614	-0.061434	-0.037840	-0.056106
Superscaffold5	81788886	82249894	0.085658	0.037174	0.024086	0.052553
Superscaffold6	238366	634526	0.134915	0.059422	0.036445	0.090248
Superscaffold6	635588	1043097	-0.034763	-0.015696	-0.010989	-0.020640
Superscaffold6	1043102	1373557	0.087556	0.045724	0.031827	0.049560
Superscaffold6	1373766	1707173	-0.008750	-0.004612	-0.002563	-0.006295
Superscaffold6	1707216	2066161	0.178702	0.078571	0.043990	0.106276
Superscaffold6	2066162	2437707	0.071757	0.028721	0.018323	0.044959
Superscaffold6	2443296	2944949	0.065608	0.020783	0.013521	0.051721
Superscaffold6	2946322	3474411	0.138483	0.038707	0.024777	0.098306
Superscaffold6	3474852	3934717	-0.030874	-0.012806	-0.007468	-0.019509
Superscaffold6	3934800	4832382	-0.079498	-0.040084	-0.023668	-0.049475
Superscaffold6	4832410	5191941	0.033369	0.010297	0.006941	0.023463
Superscaffold6	5192002	5593196	0.019461	0.007620	0.004683	0.016878
Superscaffold6	5593565	6204798	0.102155	0.037702	0.022252	0.072122
Superscaffold6	6204824	6614222	0.237535	0.084863	0.053251	0.168091
Superscaffold6	6614661	6924422	0.159715	0.072405	0.045503	0.113473
Superscaffold6	6924436	7253840	0.426055	0.178540	0.124456	0.284007
Superscaffold6	7253941	7764933	-0.203442	-0.090428	-0.056977	-0.138921
Superscaffold6	7765427	8210482	0.095369	0.033096	0.022863	0.067908
Superscaffold6	8210492	8468874	-0.066451	-0.039542	-0.024816	-0.040444
Superscaffold6	8468884	8945471	0.262570	0.139424	0.091861	0.185601
Superscaffold6	8945513	9477938	0.576309	0.248174	0.151207	0.442340
Superscaffold6	9477949	9863518	0.407352	0.158089	0.099253	0.342365
Superscaffold6	9863535	10351649	0.064325	0.020843	0.012858	0.049897
Superscaffold6	10351671	11208912	0.100471	0.034946	0.022596	0.082549
Superscaffold6	11221441	11615155	0.294408	0.133200	0.079027	0.209478
Superscaffold6	11615179	12176347	0.261541	0.088941	0.055963	0.194780
Superscaffold6	12176399	12736678	0.057243	0.015919	0.009445	0.048800
Superscaffold6	12736810	13334667	0.160297	0.062306	0.035663	0.121951
Superscaffold6	13334669	13906562	0.237005	0.085548	0.048042	0.153069
Superscaffold6	13906591	14419629	0.203774	0.076363	0.046438	0.162639
Superscaffold6	14419636	14709643	-0.021512	-0.008118	-0.004652	-0.015004
Superscaffold6	14709655	15218498	0.280782	0.095046	0.054139	0.208729
Superscaffold6	15219976	15683514	0.031017	0.010805	0.005961	0.020456
Superscaffold6	15683612	16075020	0.266344	0.085290	0.055571	0.205872
Superscaffold6	16075052	16355977	-0.056117	-0.020555	-0.011765	-0.046398
Superscaffold6	16356005	16540022	0.037170	0.025176	0.013021	0.026413
Superscaffold6	16540055	17026808	0.174477	0.099736	0.038602	0.131784
Superscaffold6	17026826	17432287	0.088966	0.036502	0.019937	0.068844
Superscaffold6	17432374	17734839	0.077208	0.029976	0.017127	0.062572
Superscaffold6	17735352	18300336	0.246104	0.084701	0.050714	0.194104
Superscaffold6	18300408	18558508	0.164486	0.082279	0.052228	0.100510
Superscaffold6	18558511	18888209	0.591180	0.291255	0.170431	0.484351
Superscaffold6	18888334	19266810	0.458926	0.181814	0.096335	0.330537
Superscaffold6	19266841	19684594	0.241398	0.082624	0.046036	0.181051
Superscaffold6	19684631	20100866	0.312369	0.132649	0.075052	0.252539
Superscaffold6	20101031	20424670	0.202552	0.086619	0.048733	0.147295
Superscaffold6	20424943	20850143	0.110549	0.046549	0.028685	0.088366
Superscaffold6	20850317	21198733	-0.031016	-0.014726	-0.008433	-0.025589
Superscaffold6	21198880	21675274	0.281547	0.070937	0.043736	0.231784
Superscaffold6	21675301	22234017	0.331800	0.133968	0.080402	0.274725
Superscaffold6	22234018	22488367	0.357756	0.209489	0.096411	0.300976
Superscaffold6	22488585	23007460	0.031257	0.007744	0.004636	0.022497
Superscaffold6	23007719	23371384	0.630577	0.366659	0.194846	0.470832
Superscaffold6	23371471	23982132	0.481533	0.211219	0.111925	0.388101
Superscaffold6	23982155	24470281	0.595477	0.261157	0.164289	0.488250
Superscaffold6	24472934	25122282	0.120149	0.040387	0.021550	0.076983
Superscaffold6	25122307	25484068	0.040798	0.020833	0.009685	0.023068
Superscaffold6	25484135	25930514	0.398403	0.110457	0.070953	0.299855
Superscaffold6	25930515	26346906	0.244755	0.074121	0.047388	0.178258
Superscaffold6	26347118	26723004	0.300280	0.092442	0.059877	0.204582
Superscaffold6	26723043	27068860	0.076008	0.029824	0.020213	0.059244
Superscaffold6	27068866	27535916	0.051864	0.017273	0.010673	0.042158
Superscaffold6	27535918	27933478	0.329240	0.110602	0.063482	0.277879
Superscaffold6	27933508	28238441	-0.054759	-0.026583	-0.016483	-0.043970
Superscaffold6	28238452	28571536	-0.042490	-0.018710	-0.009595	-0.026181
Superscaffold6	28571844	28860245	0.323467	0.136602	0.088904	0.229752
Superscaffold6	28860259	29203015	0.401506	0.198368	0.113263	0.294961
Superscaffold6	29203442	29829868	0.161074	0.040518	0.025532	0.129913
Superscaffold6	29831677	30597414	0.138996	0.044987	0.026346	0.108693
Superscaffold6	30597455	31211975	0.043036	0.012030	0.007812	0.029868
Superscaffold6	31212233	31574501	0.040937	0.018185	0.010627	0.030814
Superscaffold6	31574503	32021875	0.135290	0.049855	0.032600	0.102153
Superscaffold6	32021885	32331000	0.407566	0.147435	0.102541	0.343563
Superscaffold6	32331082	32700785	0.499683	0.196026	0.123434	0.423027
Superscaffold6	32700853	32975300	0.155785	0.068901	0.041922	0.087479
Superscaffold6	32975619	33721876	0.158319	0.075877	0.044193	0.098131
Superscaffold6	33721938	34209959	-0.015938	-0.004832	-0.002954	-0.008012
Superscaffold6	34209990	34823290	0.382097	0.143916	0.085248	0.292528
Superscaffold6	34823554	35361493	0.084127	0.028873	0.017362	0.059541
Superscaffold6	35361807	35771145	0.167107	0.111341	0.057224	0.122450
Superscaffold6	35771182	36117328	0.336938	0.140850	0.077229	0.248908
Superscaffold6	36117500	36548101	0.096006	0.031227	0.018313	0.066710
Superscaffold6	36548203	36958085	0.063662	0.021980	0.012449	0.042457
Superscaffold6	36958099	37436811	0.243898	0.087503	0.049402	0.198817
Superscaffold6	37436816	38057323	0.067816	0.018381	0.012859	0.049335
Superscaffold6	38057397	38460523	0.097163	0.038228	0.022078	0.075122
Superscaffold6	38460539	38868759	0.089376	0.032805	0.017848	0.069407
Superscaffold6	38868980	39302436	0.183425	0.061374	0.037764	0.151989
Superscaffold6	39302444	39685162	0.373711	0.150928	0.094534	0.278531
Superscaffold6	39685436	40061543	0.051027	0.018457	0.011001	0.038011
Superscaffold6	40061822	40579741	0.220352	0.085207	0.052842	0.163760
Superscaffold6	40580090	41063276	-0.133511	-0.053348	-0.032443	-0.087460
Superscaffold6	41063515	41504059	0.134317	0.044348	0.028383	0.084531
Superscaffold6	41504064	41785155	0.280424	0.154111	0.068447	0.195680
Superscaffold6	41785313	42306125	0.225806	0.087745	0.054378	0.143666
Superscaffold6	42306179	42752593	0.334191	0.127370	0.083430	0.271879
Superscaffold6	42752599	43050128	0.064254	0.037682	0.022781	0.046321
Superscaffold6	43052089	43574477	-0.042900	-0.012758	-0.008768	-0.029763
Superscaffold6	43574495	44114424	0.015960	0.004104	0.002510	0.011624
Superscaffold6	44114973	44458509	-0.036752	-0.015459	-0.008582	-0.024790
Superscaffold6	44458539	44936435	-0.132299	-0.040083	-0.025785	-0.111635
Superscaffold6	44936592	45434336	0.230179	0.072953	0.045819	0.171886
Superscaffold6	45434348	45811658	0.227126	0.074499	0.052647	0.170554
Superscaffold6	45811802	46230412	0.192548	0.083532	0.056515	0.122578
Superscaffold6	46230583	46555384	-0.060332	-0.030197	-0.020708	-0.036465
Superscaffold6	46555565	47044621	-0.001923	-0.000881	-0.000528	-0.002283
Superscaffold6	47044638	47573388	0.091403	0.031667	0.019768	0.060597
Superscaffold6	47573407	48456696	0.121184	0.032758	0.020189	0.082316
Superscaffold6	48458386	48938324	0.066847	0.021033	0.013478	0.047505
Superscaffold6	48938356	49371040	0.044871	0.015806	0.009404	0.027404
Superscaffold6	49371101	49634689	-0.086326	-0.043222	-0.022899	-0.049870
Superscaffold6	49634696	50106199	-0.095141	-0.037046	-0.020610	-0.066258
Superscaffold6	50106663	50646249	-0.012744	-0.004709	-0.002883	-0.011427
Superscaffold6	50646276	51087924	-0.048265	-0.017044	-0.010463	-0.032554
Superscaffold6	51087972	51855377	-0.051664	-0.016805	-0.010971	-0.038426
Superscaffold6	51855388	52468571	0.177728	0.063527	0.040149	0.127166
Superscaffold6	52468593	52835045	-0.131338	-0.067944	-0.043878	-0.084176
Superscaffold6	52835106	53334110	0.086954	0.028464	0.018922	0.063945
Superscaffold7	175091	519841	-0.005858	-0.003428	-0.002167	-0.002614
Superscaffold7	519935	848824	-0.066239	-0.036044	-0.021191	-0.032390
Superscaffold7	849404	1125108	-0.073338	-0.047419	-0.028792	-0.044692
Superscaffold7	1125114	1368743	-0.056257	-0.026787	-0.017349	-0.030523
Superscaffold7	1368837	1670873	-0.042201	-0.021214	-0.013911	-0.020371
Superscaffold7	1670922	2527165	-0.117130	-0.030789	-0.021218	-0.074919
Superscaffold7	2527177	3226184	-0.038543	-0.010260	-0.007417	-0.025086
Superscaffold7	3228036	3708159	0.081792	0.028657	0.020692	0.051081
Superscaffold7	3708223	4197243	0.069780	0.038465	0.026343	0.035305
Superscaffold7	4197281	4508683	-0.183802	-0.141768	-0.085114	-0.110428
Superscaffold7	4508763	4918370	-0.080918	-0.025263	-0.019704	-0.062625
Superscaffold7	4918390	5232490	0.171202	0.095300	0.063726	0.104622
Superscaffold7	5232509	5415987	0.094954	0.067089	0.044107	0.049773
Superscaffold7	5416230	5666490	-0.000725	-0.000477	-0.000281	0.000957
Superscaffold7	5666507	5849372	0.132018	0.097520	0.059322	0.065362
Superscaffold7	5849400	6073759	0.047736	0.040025	0.023825	0.031605
Superscaffold7	6073794	6320422	-0.049147	-0.029127	-0.020714	-0.031292
Superscaffold7	6320489	7336000	-0.002343	-0.000766	-0.000551	-0.005473
Superscaffold7	7336114	7531236	0.109984	0.070574	0.044365	0.052254
Superscaffold7	7531237	7833072	-0.078768	-0.045464	-0.028245	-0.047874
Superscaffold7	7833115	8147648	-0.039445	-0.021425	-0.013585	-0.028661
Superscaffold7	8147685	8385855	0.019656	0.008404	0.005473	0.009687
Superscaffold7	8385885	8987988	0.261175	0.080785	0.061418	0.162372
Superscaffold7	8989025	9273333	-0.000360	-0.000157	-0.000096	-0.000649
Superscaffold7	9273412	10048453	0.118990	0.032430	0.023909	0.074298
Superscaffold7	10048506	10450558	0.149286	0.040283	0.028513	0.089350
Superscaffold7	10450568	10846356	0.237129	0.133096	0.085561	0.135033
Superscaffold7	10846486	11242136	0.035413	0.012619	0.008464	0.024989
Superscaffold7	11242159	11584153	0.225344	0.092773	0.053657	0.174670
Superscaffold7	11584176	11805080	0.382873	0.218136	0.145194	0.263548
Superscaffold7	11805121	12126568	-0.166446	-0.092402	-0.052661	-0.124717
Superscaffold7	12126598	12607529	-0.019295	-0.005722	-0.003797	-0.007744
Superscaffold7	12607561	12937722	-0.072243	-0.033035	-0.019356	-0.057242
Superscaffold7	12938475	13656994	0.312642	0.100052	0.065977	0.196888
Superscaffold7	13657002	14349022	0.206637	0.055315	0.038039	0.126260
Superscaffold7	14349033	14608819	-0.038704	-0.020344	-0.010980	-0.026824
Superscaffold7	14609122	14957886	0.063124	0.019860	0.012372	0.043287
Superscaffold7	14957988	15381311	0.573289	0.225754	0.153007	0.495567
Superscaffold7	15381335	16055683	-0.023655	-0.008659	-0.004471	-0.015672
Superscaffold7	16055709	16415953	0.069938	0.028629	0.017991	0.047516
Superscaffold7	16415994	16984582	0.210597	0.086216	0.054070	0.139145
Superscaffold7	16984592	17286047	0.344827	0.126455	0.083091	0.234177
Superscaffold7	17286058	17853884	0.416868	0.106417	0.066406	0.296851
Superscaffold7	17853897	18190925	0.464395	0.208714	0.115753	0.356393
Superscaffold7	18190926	18844830	0.140603	0.030299	0.018911	0.114052
Superscaffold7	18845216	19304807	0.205688	0.036004	0.024288	0.149361
Superscaffold7	19304864	19567064	-0.474257	-0.216683	-0.127363	-0.336553
Superscaffold7	19567187	20020522	0.173129	0.044549	0.029045	0.126584
Superscaffold7	20020571	20348332	0.336117	0.118602	0.077857	0.241296
Superscaffold7	20349031	20680583	0.594455	0.299744	0.160246	0.530702
Superscaffold7	20680592	21132065	0.301687	0.107052	0.063585	0.205992
Superscaffold7	21132195	21418497	0.040397	0.013219	0.007347	0.040768
Superscaffold7	21418612	21671208	0.156401	0.049487	0.030710	0.111040
Superscaffold7	21671281	22192686	0.194496	0.064585	0.036993	0.148131
Superscaffold7	22192861	22671142	0.161779	0.062841	0.035056	0.127101
Superscaffold7	22671158	22912570	0.146486	0.086561	0.044307	0.088583
Superscaffold7	22912572	23190386	-0.112590	-0.055144	-0.032587	-0.078791
Superscaffold7	23190459	23548010	0.223093	0.070038	0.041282	0.139330
Superscaffold7	23548038	23890073	0.308813	0.107927	0.067565	0.213868
Superscaffold7	23890174	24218795	0.328611	0.149855	0.085765	0.186485
Superscaffold7	24218886	24544423	0.491353	0.222850	0.134707	0.347591
Superscaffold7	24544471	24793133	0.429674	0.190522	0.109220	0.312641
Superscaffold7	24793215	25202154	0.006228	0.003461	0.002033	0.002861
Superscaffold7	25202268	25547018	0.077645	0.031036	0.018694	0.052184
Superscaffold7	25547030	25894832	0.138446	0.053785	0.031288	0.097746
Superscaffold7	25894850	26557713	0.250763	0.105866	0.058260	0.178685
Superscaffold7	26557775	26875699	0.034666	0.016779	0.008685	0.026545
Superscaffold7	26875799	27231657	-0.033783	-0.011278	-0.007555	-0.023359
Superscaffold7	27232064	27586731	-0.062024	-0.024470	-0.015994	-0.045198
Superscaffold7	27586819	27946869	0.083635	0.037181	0.021590	0.062677
Superscaffold7	27946948	28280738	0.052343	0.016431	0.009865	0.040911
Superscaffold7	28280794	28653120	-0.007621	-0.002303	-0.001472	-0.005065
Superscaffold7	28653122	29084628	0.182362	0.070230	0.038885	0.116630
Superscaffold7	29084658	29455750	-0.213399	-0.117192	-0.062801	-0.160699
Superscaffold7	29456412	29870945	-0.046361	-0.018147	-0.010785	-0.034020
Superscaffold7	29870969	30267796	0.169310	0.054540	0.033572	0.120877
Superscaffold7	30267843	30729110	0.136720	0.051655	0.032070	0.095638
Superscaffold7	30729170	31232960	0.174670	0.050095	0.031696	0.129113
Superscaffold7	31232984	31807768	0.214751	0.087742	0.058988	0.151263
Superscaffold7	31807839	32177763	0.167422	0.064779	0.035093	0.132273
Superscaffold7	32177914	32576515	-0.049947	-0.016624	-0.009018	-0.030250
Superscaffold7	32576535	33035153	0.295263	0.096045	0.056643	0.229103
Superscaffold7	33035175	33424837	-0.060645	-0.021011	-0.012821	-0.034832
Superscaffold7	33424855	33776057	0.120922	0.051118	0.036102	0.083565
Superscaffold7	33776068	34184947	0.064285	0.027086	0.016177	0.041595
Superscaffold7	34185120	34626199	0.124589	0.046242	0.029695	0.071602
Superscaffold7	34626406	34886589	0.059442	0.029731	0.017617	0.037445
Superscaffold7	34886644	35559059	-0.019916	-0.007851	-0.004818	-0.006326
Superscaffold7	35561311	35949951	0.244169	0.087796	0.054183	0.190960
Superscaffold7	35950368	36315650	0.257092	0.107201	0.068641	0.201610
Superscaffold7	36315672	36673019	0.178393	0.090807	0.053388	0.129753
Superscaffold7	36673035	37177274	0.234147	0.074105	0.048479	0.178514
Superscaffold7	37177303	37613434	0.209175	0.078809	0.046282	0.143125
Superscaffold7	37613474	37898701	0.624635	0.393229	0.221649	0.538878
Superscaffold7	37898770	38322169	0.548485	0.262647	0.157144	0.455746
Superscaffold7	38322182	38739743	0.167901	0.061300	0.037921	0.108755
Superscaffold7	38740167	39023409	0.237586	0.116972	0.074640	0.145379
Superscaffold7	39023451	39339712	0.321516	0.166682	0.104357	0.232357
Superscaffold7	39339766	39737180	0.145061	0.057040	0.033862	0.099028
Superscaffold7	39737234	40334872	0.019387	0.008862	0.005431	0.013637
Superscaffold7	40334898	40775740	0.508113	0.211954	0.121653	0.410002
Superscaffold7	40775775	41535873	0.146284	0.056184	0.034019	0.104060
Superscaffold7	41536212	41885003	-0.037780	-0.017539	-0.010713	-0.026372
Superscaffold7	41885231	42180594	0.259417	0.125004	0.083113	0.183413
Superscaffold7	42181192	42508407	0.073717	0.023757	0.016421	0.040879
Superscaffold7	42508611	42991070	0.055330	0.028475	0.016535	0.033948
Superscaffold7	42991173	43358034	-0.092868	-0.042039	-0.026467	-0.065881
Superscaffold7	43359207	43936470	0.096363	0.038783	0.024599	0.061228
Superscaffold7	43936574	44249013	0.076719	0.033335	0.023923	0.044623
Superscaffold7	44249134	44552659	0.142476	0.056871	0.039935	0.075559
Superscaffold7	44552675	44999021	-0.082816	-0.038130	-0.025225	-0.052236
Superscaffold7	44999025	45276633	-0.112624	-0.060337	-0.037816	-0.062909
Superscaffold7	45276754	45634992	0.135856	0.058380	0.041652	0.078030
Superscaffold7	45635137	45937375	-0.117802	-0.050711	-0.034343	-0.064774
Superscaffold7	45937464	46311453	-0.064393	-0.023877	-0.016800	-0.055474
Superscaffold7	46311522	46765687	0.179034	0.074818	0.049428	0.112446
Superscaffold7	46765775	47377388	-0.043176	-0.019097	-0.013062	-0.025121
Superscaffold7	47377925	48136043	0.086908	0.036265	0.022239	0.056625
Superscaffold7	48136074	48394804	0.016625	0.007919	0.004541	0.013073
Superscaffold7	48394839	48851057	0.090768	0.039593	0.019522	0.059709
Superscaffold7	48851225	49256377	-0.035327	-0.014092	-0.008126	-0.023290
Superscaffold8	104518	709823	-0.316931	-0.128904	-0.069321	-0.230966
Superscaffold8	709871	973485	-0.196759	-0.112642	-0.066271	-0.128851
Superscaffold8	973498	1348161	-0.125715	-0.070255	-0.038201	-0.075716
Superscaffold8	1348163	1816169	-0.599764	-0.548987	-0.248064	-0.450575
Superscaffold8	1816258	2263223	-0.059468	-0.022582	-0.014171	-0.034639
Superscaffold8	2264242	2478955	0.153755	0.114018	0.072944	0.086687
Superscaffold8	2478980	3079819	0.012340	0.004897	0.003339	0.011927
Superscaffold8	3079821	3696264	0.088927	0.043796	0.027801	0.063250
Superscaffold8	3696366	4029567	0.006155	0.002353	0.001611	0.002291
Superscaffold8	4029568	4310036	-0.088501	-0.054618	-0.027401	-0.041967
Superscaffold8	4310230	4729841	0.056356	0.026759	0.016921	0.038165
Superscaffold8	4729860	5187613	0.123308	0.057867	0.036724	0.058033
Superscaffold8	5187624	5638479	-0.107499	-0.060879	-0.037636	-0.058103
Superscaffold8	5638564	6076362	0.067059	0.036344	0.022545	0.029842
Superscaffold8	6076401	6578372	0.208014	0.100956	0.072321	0.136782
Superscaffold8	6578672	6898904	0.070602	0.037316	0.027037	0.040839
Superscaffold8	6898940	7161596	0.134876	0.076364	0.050023	0.078966
Superscaffold8	7163081	7571356	0.233876	0.133937	0.086740	0.158855
Superscaffold8	7571357	7928780	0.307898	0.132732	0.079153	0.221836
Superscaffold8	7928853	8674292	0.242421	0.111616	0.068335	0.158706
Superscaffold8	8674299	9033973	0.219770	0.108709	0.063549	0.137909
Superscaffold8	9034000	9361346	0.165125	0.076613	0.041384	0.121936
Superscaffold8	9361583	9918978	0.004653	0.001827	0.001189	-0.010337
Superscaffold8	9920214	10432802	0.070029	0.028469	0.015632	0.050650
Superscaffold8	10433410	10747946	-0.240755	-0.124630	-0.067899	-0.167148
Superscaffold8	10747976	11069316	-0.016977	-0.009774	-0.005994	-0.008997
Superscaffold8	11069326	11286142	0.148007	0.099994	0.060704	0.096860
Superscaffold8	11286143	11706175	0.306252	0.130643	0.081292	0.203541
Superscaffold8	11706300	12140427	0.083414	0.026856	0.020012	0.050866
Superscaffold8	12140475	12556575	0.137586	0.046390	0.034565	0.089678
Superscaffold8	12556879	12836354	-0.026025	-0.015182	-0.009630	-0.017270
Superscaffold8	12836430	13363438	0.118018	0.046707	0.028083	0.084193
Superscaffold8	13363703	13762490	0.060771	0.019888	0.012598	0.036599
Superscaffold8	13763071	14124509	0.293407	0.100762	0.063497	0.216798
Superscaffold8	14125187	14432715	0.455512	0.181889	0.127284	0.347861
Superscaffold8	14432871	14858807	0.014650	0.005841	0.003587	0.011697
Superscaffold8	14858817	15170466	0.415876	0.265129	0.173997	0.317211
Superscaffold8	15170476	15522005	0.164042	0.067736	0.032542	0.085976
Superscaffold8	15522177	15839718	0.048370	0.026005	0.016960	0.029366
Superscaffold8	15839768	16366129	-0.275835	-0.153592	-0.093619	-0.197698
Superscaffold8	16366147	16796644	0.026977	0.009737	0.005722	0.028227
Superscaffold8	16796737	17111051	-0.227704	-0.074556	-0.052166	-0.164429
Superscaffold8	17111099	17376948	0.243048	0.132145	0.065888	0.110728
Superscaffold8	17376980	17897658	-0.036264	-0.014718	-0.009245	-0.022508
Superscaffold8	17897751	18157859	0.142129	0.063045	0.042951	0.080003
Superscaffold8	18157902	18434667	0.303831	0.169904	0.106239	0.162230
Superscaffold8	18434695	18807936	0.157719	0.065421	0.039407	0.121669
Superscaffold8	18808366	19161477	0.015750	0.006284	0.003749	0.005883
Superscaffold8	19161674	19497616	-0.053287	-0.019280	-0.013156	-0.036060
Superscaffold8	19497835	19798598	0.082438	0.058490	0.032087	0.056088
Superscaffold8	19798642	20135851	-0.269009	-0.115836	-0.066886	-0.188394
Superscaffold8	20135871	20425623	-0.023639	-0.010035	-0.006263	-0.017966
Superscaffold8	20425769	20798969	0.117046	0.038995	0.025213	0.076411
Superscaffold8	20799049	21131900	0.377320	0.107854	0.064640	0.279881
Superscaffold8	21132001	21532268	0.253899	0.088349	0.054926	0.192260
Superscaffold8	21532499	21773092	0.803832	0.390744	0.239614	0.752739
Superscaffold8	21773097	22033483	0.383869	0.147776	0.085414	0.335300
Superscaffold8	22034952	22403994	0.334216	0.110161	0.067408	0.270446
Superscaffold8	22404073	22748397	0.283471	0.091776	0.049617	0.231239
Superscaffold8	22748403	23211735	0.432383	0.115115	0.074623	0.355314
Superscaffold8	23211747	23569048	0.562129	0.266729	0.136008	0.510811
Superscaffold8	23569061	23994430	0.693153	0.266118	0.159745	0.639636
Superscaffold8	23994478	24737577	-0.009240	-0.001878	-0.001245	-0.005000
Superscaffold8	24737578	25025738	0.397966	0.155302	0.099012	0.296713
Superscaffold8	25025774	25831762	-0.136781	-0.033891	-0.020129	-0.099153
Superscaffold8	25831874	26129077	0.379901	0.175255	0.096632	0.320153
Superscaffold8	26129332	26472942	0.231529	0.095972	0.057283	0.181153
Superscaffold8	26473182	27044829	0.327913	0.134047	0.085244	0.279268
Superscaffold8	27045182	27396340	0.202748	0.078725	0.040818	0.148063
Superscaffold8	27396418	27797045	0.204814	0.065365	0.043341	0.159791
Superscaffold8	27797049	28217751	0.383568	0.115603	0.074320	0.304306
Superscaffold8	28218268	28962101	0.143679	0.041456	0.024822	0.102798
Superscaffold8	28962103	29435496	0.166583	0.044126	0.025835	0.122155
Superscaffold8	29435506	29745735	0.211334	0.142538	0.089149	0.141763
Superscaffold8	29745800	29959429	0.284262	0.149953	0.091563	0.193167
Superscaffold8	29959441	30286338	0.406536	0.120536	0.087211	0.310107
Superscaffold8	30287254	30626264	0.707340	0.235835	0.154371	0.652936
Superscaffold8	30626317	30845554	-0.108744	-0.056424	-0.030466	-0.077150
Superscaffold8	30845633	31345589	-0.043088	-0.017943	-0.009774	-0.030635
Superscaffold8	31345672	31662471	0.307328	0.119357	0.064779	0.196731
Superscaffold8	31662531	32201479	-0.059006	-0.018936	-0.012328	-0.043749
Superscaffold8	32201494	32802713	-0.066193	-0.021461	-0.015023	-0.042365
Superscaffold8	32802717	33527139	-0.050826	-0.022123	-0.012104	-0.028785
Superscaffold8	33527323	33925857	-0.195602	-0.049154	-0.034214	-0.129955
Superscaffold8	33925874	34255159	0.276099	0.113135	0.065730	0.195978
Superscaffold8	34255271	34532273	-0.077025	-0.035503	-0.019934	-0.032689
Superscaffold8	34532346	34828718	0.069709	0.033562	0.019067	0.051462
Superscaffold8	34829253	35231207	0.287470	0.090649	0.057696	0.204079
Superscaffold8	35231235	35678712	0.175569	0.065240	0.039530	0.125666
Superscaffold8	35678734	36146765	0.074289	0.032278	0.019471	0.052758
Superscaffold8	36146906	36725526	0.179866	0.047477	0.034730	0.124129
Superscaffold8	36725573	37343005	0.022200	0.007995	0.005596	0.010655
Superscaffold8	37343876	37828200	-0.041233	-0.013073	-0.008695	-0.027914
Superscaffold8	37828390	38250460	0.115790	0.040313	0.027885	0.074510
Superscaffold8	38250485	38634439	-0.159763	-0.072599	-0.048512	-0.123494
Superscaffold8	38634748	39052622	0.002157	0.001140	0.000724	0.000947
Superscaffold8	39052637	39562029	0.049255	0.022001	0.013355	0.029727
Superscaffold8	39562069	40042137	0.158172	0.075236	0.050605	0.106431
Superscaffold8	40042229	40485281	-0.040159	-0.011745	-0.007304	-0.026386
Superscaffold8	40485302	40843633	0.196084	0.096946	0.056887	0.127063
Superscaffold8	40844023	41221060	-0.058410	-0.029851	-0.018790	-0.034008
Superscaffold8	41221089	41564295	0.375662	0.185879	0.108928	0.243436
Superscaffold8	41564317	42126691	0.069829	0.027372	0.018522	0.041159
Superscaffold8	42126728	43097274	0.008602	0.003171	0.001919	0.006450
Superscaffold8	43097550	43701170	0.094562	0.033455	0.021590	0.065916
Superscaffold8	43701192	44102807	-0.178505	-0.059075	-0.039195	-0.126953
Superscaffold8	44102906	44756446	0.175427	0.072463	0.043379	0.114380
Superscaffold8	44756458	45400815	0.208498	0.069419	0.040800	0.143952
Superscaffold8	45400856	46026850	0.305272	0.060617	0.042672	0.250072
Superscaffold8	46027154	46500448	0.530908	0.164054	0.109207	0.463513
Superscaffold8	46500520	47162686	0.301302	0.106322	0.061998	0.235545
Superscaffold8	47162690	47887126	0.118403	0.039306	0.024475	0.075375
Superscaffold8	47887193	48371954	0.490500	0.171154	0.096323	0.398710
Superscaffold8	48372241	48873323	0.272982	0.086981	0.057199	0.191620
Superscaffold8	48873349	49324527	0.345181	0.118831	0.072244	0.288547
Superscaffold8	49324593	49684001	0.377297	0.165839	0.092391	0.291770
Superscaffold8	49684087	50224252	-0.218432	-0.066911	-0.040585	-0.159679
Superscaffold8	50224310	50910838	0.146943	0.042187	0.025911	0.101660
Superscaffold8	50910852	51245426	-0.100659	-0.041798	-0.025141	-0.078261
Superscaffold8	51245503	51656689	0.125689	0.041818	0.024733	0.096253
Superscaffold8	51657533	52004430	0.142613	0.056472	0.034037	0.111575
Superscaffold8	52004550	52416484	0.388433	0.145103	0.081993	0.294501
Superscaffold8	52416499	53049911	-0.074650	-0.024518	-0.015722	-0.053589
Superscaffold8	53050193	53670438	0.195869	0.063949	0.043615	0.143217
Superscaffold8	53670469	54001346	0.031431	0.016152	0.008057	0.015994
Superscaffold8	54002867	54453190	0.266754	0.152514	0.074471	0.193933
Superscaffold8	54453203	54811318	-0.064501	-0.026572	-0.016936	-0.042545
Superscaffold8	54811604	55249826	0.257510	0.091843	0.055452	0.191092
Superscaffold8	55250208	55824100	0.146181	0.038027	0.023577	0.099837
Superscaffold8	55824145	56242615	0.137745	0.062727	0.035850	0.096599
Superscaffold8	56242744	56759872	0.091875	0.042569	0.025143	0.064455
Superscaffold8	56759933	57445958	0.192389	0.074970	0.042400	0.132518
Superscaffold8	57446270	58052032	0.180962	0.065358	0.041449	0.132192
Superscaffold8	58052131	58732297	-0.054073	-0.020029	-0.013157	-0.037744
Superscaffold8	58732715	59105845	0.453539	0.183211	0.116223	0.293082
Superscaffold8	59105897	59537045	0.127879	0.049035	0.029550	0.098361
Superscaffold8	59537159	59971337	0.114652	0.053047	0.026805	0.070765
Superscaffold8	59971533	60456463	0.175347	0.073772	0.046112	0.116269
Superscaffold8	60456502	60899669	-0.064364	-0.031094	-0.018791	-0.043893
Superscaffold8	60899831	61426538	0.092587	0.038945	0.024732	0.060587
Superscaffold8	61426681	61825950	0.401425	0.171687	0.123971	0.293825
Superscaffold8	61826247	62229916	0.096263	0.048616	0.029259	0.065604
Superscaffold8	62229960	62582774	0.154399	0.067358	0.041471	0.093513
Superscaffold8	62582999	62940979	0.081323	0.035094	0.020007	0.054149
Superscaffold8	62941016	63230439	-0.376752	-0.260283	-0.143644	-0.250773
Superscaffold8	63230498	63738128	0.174912	0.068288	0.045204	0.126218
Superscaffold8	63738166	64260455	0.076423	0.022511	0.013758	0.053979
Superscaffold8	64260546	65019747	0.116023	0.042491	0.025288	0.069141
Superscaffold8	65019756	65488692	0.140929	0.051640	0.029979	0.101020
Superscaffold8	65488808	66173462	0.349598	0.138934	0.083895	0.260611
Superscaffold9	150640	418932	0.006425	0.002791	0.001955	0.001245
Superscaffold9	418999	889097	0.008494	0.005295	0.003137	0.005023
Superscaffold9	889231	1179452	0.035843	0.026543	0.015908	0.022488
Superscaffold9	1179526	1369404	0.164412	0.146251	0.085054	0.086468
Superscaffold9	1369520	1566259	0.052093	0.050150	0.029517	0.028350
Superscaffold9	1566268	2082856	0.063808	0.044651	0.028065	0.035864
Superscaffold9	2082915	2283075	-0.009147	-0.007030	-0.004419	-0.003150
Superscaffold9	2283188	2523112	0.083369	0.072427	0.043479	0.042792
Superscaffold9	2523170	2901135	-0.051664	-0.033823	-0.019484	-0.023005
Superscaffold9	2901949	3269079	-0.000754	-0.000491	-0.000296	0.007815
Superscaffold9	3269134	3545351	-0.129544	-0.097682	-0.057514	-0.068700
Superscaffold9	3545367	4353377	-0.002005	-0.001122	-0.000674	0.000614
Superscaffold9	4353427	4881761	0.188290	0.102557	0.062630	0.125843
Superscaffold9	4881786	5108217	-0.184100	-0.111186	-0.068734	-0.133291
Superscaffold9	5108303	5512304	0.031951	0.014100	0.008521	0.015406
Superscaffold9	5512377	5820243	-0.001319	-0.000506	-0.000347	-0.005544
Superscaffold9	5820287	6346472	0.152438	0.057238	0.038759	0.089687
Superscaffold9	6346506	6777994	0.293094	0.107826	0.074588	0.197779
Superscaffold9	6778011	7250381	0.182463	0.061418	0.037870	0.130475
Superscaffold9	7250383	7729362	0.334453	0.148197	0.085609	0.240929
Superscaffold9	7729473	8052072	0.254346	0.137332	0.074294	0.157761
Superscaffold9	8052116	8424527	0.098010	0.037811	0.022202	0.068638
Superscaffold9	8424528	8805608	0.064469	0.035173	0.023295	0.036603
Superscaffold9	8806324	9225283	0.035990	0.018837	0.012362	0.022027
Superscaffold9	9225338	9946704	-0.021292	-0.006188	-0.004017	-0.018136
Superscaffold9	9946866	10673344	-0.085197	-0.025402	-0.016794	-0.049431
Superscaffold9	10674360	11207789	-0.186849	-0.100472	-0.056705	-0.117579
Superscaffold9	11207797	11725274	0.028910	0.015413	0.009152	0.017554
Superscaffold9	11725313	12275870	-0.059489	-0.024069	-0.015422	-0.047691
Superscaffold9	12275871	12633547	0.066282	0.030469	0.017679	0.041418
Superscaffold9	12633789	12981230	0.576787	0.246502	0.148929	0.497461
Superscaffold9	12981315	13611040	0.288934	0.176770	0.094128	0.194589
Superscaffold9	13611428	14285603	0.085854	0.045409	0.026204	0.045133
Superscaffold9	14285604	14563038	-0.125977	-0.065849	-0.040835	-0.074692
Superscaffold9	14563201	15170484	0.250091	0.069769	0.044440	0.168871
Superscaffold9	15170518	15584811	-0.077524	-0.034472	-0.022964	-0.058021
Superscaffold9	15585609	15960752	0.058591	0.025366	0.015653	0.041537
Superscaffold9	15960862	16349273	0.280062	0.081118	0.051008	0.202270
Superscaffold9	16349274	16759097	0.276952	0.085109	0.045628	0.208300
Superscaffold9	16759105	17132733	0.378833	0.134749	0.077727	0.280927
Superscaffold9	17132917	17493923	0.106004	0.033396	0.020733	0.079080
Superscaffold9	17494176	17832387	0.076311	0.032557	0.018680	0.046361
Superscaffold9	17832389	18158338	0.289987	0.114152	0.068724	0.195666
Superscaffold9	18158403	19051344	0.100860	0.037773	0.022643	0.064274
Superscaffold9	19051374	20199986	0.083926	0.029201	0.019686	0.055654
Superscaffold9	20200183	20546022	0.148988	0.063380	0.041124	0.106994
Superscaffold9	20546036	20882286	0.091678	0.032146	0.020994	0.069516
Superscaffold9	20882379	21267146	0.125819	0.035990	0.024205	0.095941
Superscaffold9	21267150	21494238	-0.078010	-0.037272	-0.025365	-0.046945
Superscaffold9	21494262	21876093	0.119485	0.058090	0.036793	0.074349
Superscaffold9	21876167	22239648	-0.034660	-0.014426	-0.008898	-0.026206
Superscaffold9	22239689	22925058	0.078912	0.037594	0.018168	0.057407
Superscaffold9	22925092	23252939	0.104395	0.051604	0.028619	0.085048
Superscaffold9	23252949	23669491	-0.031042	-0.014285	-0.007011	-0.020558
Superscaffold9	23669618	24000733	0.049891	0.020380	0.012735	0.036320
Superscaffold9	24000826	24328164	0.174257	0.079770	0.051608	0.121187
Superscaffold9	24328166	24694229	0.044430	0.017652	0.011821	0.017190
Superscaffold9	24694281	24979366	0.383903	0.236543	0.140298	0.273993
Superscaffold9	24979991	25378619	-0.037390	-0.016472	-0.009935	-0.022827
Superscaffold9	25378696	26074168	-0.056349	-0.024966	-0.016341	-0.035590
Superscaffold9	26074230	26472448	0.130922	0.044949	0.026425	0.098157
Superscaffold9	26472452	27096713	0.337102	0.107731	0.079540	0.252892
Superscaffold9	27096722	27620923	-0.061983	-0.019219	-0.012724	-0.040325
Superscaffold9	27620965	28327493	0.026567	0.014876	0.007709	0.019155
Superscaffold9	28327505	28629768	0.103223	0.039105	0.025695	0.064313
Superscaffold9	28629782	29081823	-0.042055	-0.015500	-0.009840	-0.027189
Superscaffold9	29081824	29470419	0.337191	0.154172	0.092141	0.252321
Superscaffold9	29470823	29904856	0.144868	0.050611	0.033052	0.103772
Superscaffold9	29904911	30265137	0.179881	0.082590	0.048655	0.112565
Superscaffold9	30265170	30653118	0.014670	0.005111	0.002830	0.010842
Superscaffold9	30653199	31120555	0.214357	0.079435	0.046324	0.142691
Superscaffold9	31120556	31771837	0.289504	0.118595	0.081058	0.193111
Superscaffold9	31771892	31982706	0.340775	0.199904	0.118777	0.236330
Superscaffold9	31982727	32239494	0.151514	0.080727	0.047820	0.117324
Superscaffold9	32239700	32529088	-0.106950	-0.056982	-0.033028	-0.070927
Superscaffold9	32529101	32975272	0.178932	0.071787	0.054094	0.133614
Superscaffold9	32975304	33503585	0.124414	0.038973	0.024435	0.082461
Superscaffold9	33503602	34041789	0.522530	0.182436	0.134778	0.406783
Superscaffold9	34041836	34468483	0.214058	0.077325	0.049473	0.152342
Superscaffold9	34468504	34733143	-0.412387	-0.285522	-0.172051	-0.252507
Superscaffold9	34733144	35054812	-0.325648	-0.138533	-0.079924	-0.150606
Superscaffold9	35054822	35314621	0.284481	0.157043	0.088850	0.192247
Superscaffold9	35314717	35983156	0.543565	0.218176	0.128145	0.416156
Superscaffold9	35983230	36380724	0.130256	0.060815	0.032439	0.069359
Superscaffold9	36381018	36631792	0.135482	0.055685	0.038969	0.075620
Superscaffold9	36632068	36978493	-0.098109	-0.035066	-0.020812	-0.065947
Superscaffold9	36978542	37650763	-0.015712	-0.002563	-0.001896	-0.007731
Superscaffold9	37651085	38367043	0.290933	0.056524	0.039093	0.189687
Superscaffold9	38367797	38719230	0.035715	0.012477	0.007817	0.022002
Superscaffold9	38719330	39070830	0.114971	0.038159	0.022066	0.077561
Superscaffold9	39072943	39505235	0.296933	0.076544	0.047730	0.223125
Superscaffold9	39505239	39817075	0.216548	0.111996	0.065786	0.132197
Superscaffold9	39817104	40280012	0.143174	0.055864	0.036929	0.088560
Superscaffold9	40280179	40757965	0.074462	0.028380	0.018428	0.050692
Superscaffold9	40758420	41179001	0.088659	0.046379	0.025735	0.062622
Superscaffold9	41179042	42054603	0.075445	0.023526	0.015759	0.050531
Superscaffold9	42054686	42440861	0.224308	0.077532	0.050808	0.146709
Superscaffold9	42441621	42892283	0.030273	0.014905	0.009778	0.015890
Superscaffold9	42892335	43234893	0.332068	0.156777	0.110312	0.209936
Superscaffold9	43234905	43830155	-0.039612	-0.013605	-0.009116	-0.032893
Superscaffold9	43830591	44112670	0.051262	0.022964	0.016329	0.030881
Superscaffold9	44112901	44533335	-0.100804	-0.055800	-0.035866	-0.058077
Superscaffold9	44549106	44929165	0.003162	0.001454	0.001085	-0.004615
Superscaffold9	44929168	45345719	-0.097397	-0.039941	-0.027596	-0.064891
Superscaffold9	45345721	45723415	0.090181	0.035652	0.021828	0.056832
Superscaffold9	45723601	46856445	0.226133	0.042114	0.032793	0.153413
Superscaffold9	46856466	47196473	0.057293	0.026627	0.018489	0.038532
Superscaffold9	47196506	47594741	0.393622	0.217426	0.163510	0.293722
Superscaffold9	47594759	48139193	0.083988	0.036426	0.023843	0.050043
Superscaffold9	48139250	48505554	0.123319	0.054745	0.033940	0.071554
Superscaffold9	48505556	48970571	0.199414	0.090542	0.062162	0.113246
Superscaffold9	48970839	49395357	-0.058373	-0.023527	-0.014420	-0.031599
Superscaffold9	49395457	49639520	0.160080	0.082464	0.058130	0.087281
Superscaffold9	49639554	49920415	0.068926	0.040964	0.028045	0.040554
Superscaffold9	49920599	50531520	0.005918	0.002108	0.001420	0.005730
Superscaffold9	50531634	50868802	0.080890	0.036788	0.021115	0.042568
Superscaffold9	50868805	51112498	-0.173217	-0.117560	-0.061913	-0.098807
Superscaffold9	51112518	51501780	0.126471	0.058360	0.033555	0.068393
Superscaffold9	51502500	51786022	-0.041805	-0.017509	-0.011847	-0.032274
Superscaffold9	51786039	52143701	0.208712	0.097918	0.062941	0.123310
Superscaffold9	52143975	52441138	0.104757	0.053059	0.032871	0.064663
Superscaffold9	52441187	52720231	0.150498	0.072331	0.043578	0.089459
Superscaffold9	52720235	53009928	-0.252414	-0.174312	-0.088877	-0.151350
Superscaffold9	53009931	53264701	-0.094679	-0.048728	-0.030937	-0.050623
Superscaffold9	53264719	53534057	-0.069422	-0.042242	-0.027192	-0.037276
Superscaffold9	53534518	53752652	0.103610	0.073727	0.042168	0.054304
Superscaffold9	53752662	54106060	-0.131890	-0.061023	-0.037901	-0.073464
Superscaffold9	54106068	54623734	-0.015133	-0.007406	-0.005026	-0.010133
Superscaffold9	54623847	54933303	-0.010512	-0.005479	-0.003600	-0.008209
Superscaffold9	54933366	55201069	-0.007929	-0.005803	-0.003754	-0.004807
Superscaffold9	55201168	56014198	-0.048192	-0.023116	-0.014857	-0.020597
Superscaffold9	56014266	56431664	0.063154	0.025590	0.018362	0.036073
Superscaffold9	56431900	56849504	0.652322	0.431415	0.319579	0.529253
Superscaffold10	263473	583230	0.094585	0.054674	0.031197	0.057048
Superscaffold10	583310	1223985	0.146635	0.066450	0.038794	0.097787
Superscaffold10	1224029	1579415	-0.113459	-0.069107	-0.039727	-0.071483
Superscaffold10	1579432	1995895	0.116598	0.044420	0.027695	0.067858
Superscaffold10	1995906	2508966	0.036832	0.013110	0.007837	0.030294
Superscaffold10	2509169	2786478	0.326057	0.128391	0.080382	0.258132
Superscaffold10	2786481	3217692	-0.014150	-0.005699	-0.003213	-0.007566
Superscaffold10	3217753	3444403	-0.003861	-0.001772	-0.001096	0.004922
Superscaffold10	3444410	4465140	0.005843	0.001979	0.001079	0.011933
Superscaffold10	4465141	5716817	0.137283	0.047176	0.032358	0.090422
Superscaffold10	5716845	6159574	0.075749	0.035971	0.021985	0.052197
Superscaffold10	6160178	6542036	0.098082	0.047400	0.026928	0.063764
Superscaffold10	6542565	7239744	0.162510	0.066220	0.041824	0.115050
Superscaffold10	7239786	7676322	0.059965	0.023316	0.015226	0.048034
Superscaffold10	7676354	8190838	0.309690	0.143718	0.086117	0.224862
Superscaffold10	8191521	8552135	0.069588	0.035167	0.020467	0.046524
Superscaffold10	8552138	9225657	0.143701	0.050314	0.028924	0.093756
Superscaffold10	9225832	9890061	0.019426	0.007435	0.004488	0.009957
Superscaffold10	9890211	10228294	-0.091908	-0.041266	-0.021178	-0.048476
Superscaffold10	10228311	10509249	0.138132	0.068008	0.041444	0.092486
Superscaffold10	10509253	11219418	0.147732	0.071091	0.042564	0.089175
Superscaffold10	11220306	11527497	0.233565	0.114579	0.062920	0.180896
Superscaffold10	11527507	11893983	0.248887	0.110392	0.061398	0.193359
Superscaffold10	11894292	12184039	0.105102	0.037060	0.024872	0.070927
Superscaffold10	12184047	12648488	0.238677	0.097513	0.064882	0.158806
Superscaffold10	12648699	13126027	0.230091	0.098001	0.060374	0.174782
Superscaffold10	13126037	13428051	-0.043850	-0.018488	-0.011272	-0.029444
Superscaffold10	13428055	13738623	0.188667	0.115251	0.063852	0.128307
Superscaffold10	13738638	14214289	0.093020	0.039573	0.026084	0.070083
Superscaffold10	14214304	14761194	0.493035	0.176857	0.104068	0.384764
Superscaffold10	14761235	15239861	-0.144431	-0.063218	-0.039696	-0.101588
Superscaffold10	15253328	15664043	0.010112	0.003740	0.002268	0.009120
Superscaffold10	15664095	16054727	0.127289	0.052823	0.031784	0.089414
Superscaffold10	16054752	16546020	0.163075	0.063700	0.036811	0.131024
Superscaffold10	16546021	17109402	0.297618	0.103171	0.057718	0.231933
Superscaffold10	17109810	17613066	0.192762	0.067640	0.039390	0.135004
Superscaffold10	17613093	18071459	-0.190922	-0.089037	-0.048364	-0.135660
Superscaffold10	18071552	18394779	0.096621	0.042292	0.025942	0.064700
Superscaffold10	18394809	18690361	-0.003048	-0.002011	-0.000906	-0.002738
Superscaffold10	18690366	19074120	0.001103	0.000447	0.000260	0.006586
Superscaffold10	19074163	19695498	0.006511	0.003245	0.001899	-0.002091
Superscaffold10	19695938	20134980	0.082161	0.032708	0.019273	0.061363
Superscaffold10	20135740	20509244	-0.242564	-0.114165	-0.065429	-0.178799
Superscaffold10	20509246	20813847	0.096456	0.031517	0.019522	0.072100
Superscaffold10	20813850	21138457	0.193131	0.080881	0.050124	0.157103
Superscaffold10	21138480	21505863	0.388061	0.157406	0.086046	0.293954
Superscaffold10	21505870	21844287	0.185386	0.103307	0.061568	0.136559
Superscaffold10	21844331	22097112	0.074617	0.043523	0.026355	0.049210
Superscaffold10	22097176	22453527	0.197049	0.069342	0.045124	0.138564
Superscaffold10	22453534	22887915	-0.060334	-0.019163	-0.012222	-0.046693
Superscaffold10	22887961	23263606	0.454635	0.150221	0.094635	0.396398
Superscaffold10	23263627	23603945	0.576818	0.229130	0.144635	0.461194
Superscaffold10	23604045	24005358	0.186512	0.073942	0.050966	0.134259
Superscaffold10	24005380	24511501	0.088574	0.029157	0.017934	0.044759
Superscaffold10	24511514	24932107	0.319636	0.101971	0.066590	0.263550
Superscaffold10	24932149	25217148	0.345676	0.133450	0.089891	0.278144
Superscaffold10	25217265	25614378	-0.066430	-0.042904	-0.024804	-0.051883
Superscaffold10	25614456	25862786	0.075549	0.041424	0.028238	0.051527
Superscaffold10	25862809	26142893	0.563700	0.204677	0.135832	0.475245
Superscaffold10	26143241	26370921	0.292418	0.179150	0.101922	0.195477
Superscaffold10	26370930	26754058	0.196453	0.072658	0.051720	0.136262
Superscaffold10	26754229	27034541	0.296207	0.123261	0.077725	0.214454
Superscaffold10	27034711	27431764	0.000647	0.000280	0.000147	0.002599
Superscaffold10	27431777	27873895	0.157853	0.041781	0.027059	0.123970
Superscaffold10	27873954	28481126	-0.174773	-0.061538	-0.036395	-0.114937
Superscaffold10	28481248	28790945	-0.305178	-0.136095	-0.081833	-0.240971
Superscaffold10	28791138	29021030	0.048332	0.029970	0.017883	0.025873
Superscaffold10	29021053	29475579	0.024937	0.012077	0.005599	0.018331
Superscaffold10	29475711	29762177	0.179079	0.071235	0.046837	0.128867
Superscaffold10	29762577	30058836	-0.202040	-0.094297	-0.058182	-0.151415
Superscaffold10	30058877	30477237	-0.035966	-0.012447	-0.007066	-0.022479
Superscaffold10	30477836	30772139	0.235829	0.097284	0.064762	0.204078
Superscaffold10	30772161	31106914	0.329523	0.145019	0.088664	0.264212
Superscaffold10	31107442	31331779	0.011933	0.005531	0.003452	0.009602
Superscaffold10	31331786	31627867	0.318985	0.124533	0.075811	0.202013
Superscaffold10	31627888	31884378	0.403269	0.175536	0.108682	0.270954
Superscaffold10	31885087	32199311	-0.010852	-0.004778	-0.002698	-0.011409
Superscaffold10	32199355	32824667	-0.094318	-0.038607	-0.021777	-0.067575
Superscaffold10	32824706	33131726	0.088397	0.034780	0.024453	0.064574
Superscaffold10	33132021	33563498	-0.049378	-0.011459	-0.008240	-0.025787
Superscaffold10	33563576	34198453	-0.014883	-0.002569	-0.001761	-0.018755
Superscaffold10	34198639	35081061	0.213749	0.039940	0.024764	0.187022
Superscaffold10	35081124	35496229	0.091099	0.039621	0.019741	0.067288
Superscaffold10	35496266	35921947	-0.007775	-0.002460	-0.001314	-0.004235
Superscaffold10	35922080	36273492	-0.023875	-0.008114	-0.004865	-0.020192
Superscaffold10	36273536	36595540	0.546424	0.268469	0.154509	0.457521
Superscaffold10	36595594	37074081	0.107031	0.028961	0.020085	0.072467
Superscaffold10	37074138	37394696	-0.000772	-0.000297	-0.000174	0.001598
Superscaffold10	37395482	37632253	0.365922	0.217131	0.111726	0.239034
Superscaffold10	37632277	37973693	0.039330	0.016871	0.010442	0.021272
Superscaffold10	37973837	38217727	-0.036445	-0.018099	-0.010961	-0.021358
Superscaffold10	38217985	38434571	-0.015620	-0.007386	-0.004678	-0.006372
Superscaffold10	38434610	38726880	-0.079965	-0.039877	-0.024581	-0.049569
Superscaffold10	38727178	39852654	-0.115541	-0.038313	-0.025732	-0.068530
Superscaffold10	39854290	40472843	0.532475	0.181228	0.124734	0.404875
Superscaffold10	40472866	40766206	0.099670	0.035740	0.023492	0.075084
Superscaffold10	40766273	41101388	-0.089948	-0.042543	-0.026203	-0.057322
Superscaffold10	41101447	41440475	0.396063	0.170552	0.098174	0.345343
Superscaffold10	41442495	41694026	0.361666	0.174396	0.108332	0.243500
Superscaffold10	41694095	41936025	-0.215729	-0.184564	-0.091917	-0.104852
Superscaffold10	41936154	42328564	0.090752	0.043080	0.025100	0.045263
Superscaffold10	42328565	42521551	0.242574	0.164032	0.094874	0.140254
Superscaffold10	42521671	43037026	-0.218748	-0.102917	-0.053745	-0.140102
Superscaffold10	43037206	43537660	0.019980	0.006713	0.003959	0.011780
Superscaffold10	43537681	43969128	0.013359	0.005851	0.003435	0.008027
Superscaffold10	43969129	44752955	0.400030	0.198909	0.122065	0.248248
Superscaffold10	44753078	44989705	0.481650	0.230077	0.147088	0.367884
Superscaffold10	44989803	45207402	0.214152	0.118118	0.077558	0.104801
Superscaffold10	45207407	45526807	-0.010121	-0.006013	-0.003230	-0.006797
Superscaffold10	45526870	45805835	0.165820	0.080840	0.056121	0.103444
Superscaffold10	45805840	46013858	0.094944	0.062327	0.040858	0.057788
Superscaffold10	46013943	46307769	0.030159	0.014870	0.009712	0.013929
Superscaffold10	46307808	47204955	0.011688	0.005849	0.003814	0.001868
Superscaffold10	47205063	47565264	0.037273	0.022834	0.015169	0.018609
Superscaffold10	47565330	47744321	-0.070926	-0.064628	-0.032367	-0.032667
Superscaffold10	47744323	47928389	-0.049474	-0.038529	-0.022029	-0.027860
Superscaffold10	47928408	48219928	0.055274	0.044289	0.021317	0.023277
Superscaffold10	48219992	48560811	0.211579	0.093521	0.056780	0.112597
Superscaffold10	48560864	48782919	-0.133362	-0.095108	-0.050184	-0.075376
Superscaffold10	48783003	49187993	-0.083418	-0.048704	-0.026646	-0.051220
Superscaffold10	49188004	49609788	-0.025614	-0.019488	-0.011412	-0.011534
Superscaffold10	49609797	49946117	-0.023841	-0.013319	-0.008370	-0.014182
Superscaffold10	49946120	50144269	0.154874	0.065271	0.044197	0.083679
Superscaffold10	50144485	50753241	0.099291	0.045925	0.029522	0.064022
Superscaffold10	50753244	51118272	0.079627	0.038359	0.024066	0.046136
Superscaffold10	51118714	51483469	-0.105313	-0.070565	-0.041168	-0.059148
Superscaffold10	51483478	51905962	0.052497	0.027125	0.018276	0.024573
Superscaffold10	51905998	52085302	-0.003261	-0.002668	-0.001591	-0.003757
Superscaffold10	52085333	52332213	-0.037608	-0.024910	-0.014708	-0.026336
Superscaffold10	52332288	52577289	0.148621	0.093630	0.055400	0.072947
Superscaffold10	52577358	52767266	0.057697	0.047298	0.024918	0.029492
Superscaffold10	52767325	53049027	-0.013433	-0.009386	-0.005952	-0.006208
Superscaffold10	53049064	53333031	-0.046540	-0.029893	-0.018163	-0.027042
Superscaffold10	53333137	53576333	0.192470	0.146904	0.088559	0.112779
Superscaffold10	53576446	53748055	0.033010	0.028102	0.015758	0.016076
Superscaffold10	53748999	54298354	-0.035512	-0.024257	-0.014713	-0.014970
Superscaffold10	54299037	54860889	0.029122	0.016124	0.008442	0.010522
Superscaffold10	54860911	55049093	0.007701	0.005759	0.003295	0.005587
Superscaffold10	55049245	55316106	0.000731	0.000573	0.000308	-0.000605
Superscaffold10	55316150	55514603	0.036942	0.024457	0.017028	0.019610
Superscaffold11	321985	737219	-0.083465	-0.030564	-0.020414	-0.046236
Superscaffold11	737313	1107464	0.140443	0.051137	0.035316	0.076799
Superscaffold11	1107530	1728231	0.187068	0.065369	0.043314	0.115218
Superscaffold11	1728563	2809115	-0.068669	-0.034161	-0.020476	-0.043235
Superscaffold11	2809163	3415277	-0.004544	-0.001851	-0.001180	-0.003433
Superscaffold11	3415593	4674245	-0.013479	-0.006578	-0.004380	-0.010494
Superscaffold11	4674253	5150612	0.089636	0.052017	0.031234	0.054848
Superscaffold11	5150615	5427445	-0.032623	-0.018248	-0.011135	-0.018750
Superscaffold11	5427447	6277690	-0.090235	-0.032115	-0.022684	-0.056040
Superscaffold11	6277834	6886982	0.075521	0.039224	0.024827	0.041586
Superscaffold11	6887060	7344270	0.101461	0.057749	0.034472	0.059197
Superscaffold11	7344381	7830619	-0.102126	-0.052576	-0.034768	-0.051784
Superscaffold11	7830633	8210681	0.134930	0.079638	0.049443	0.073569
Superscaffold11	8211558	8856026	0.018806	0.009822	0.006495	0.009897
Superscaffold11	8856168	9264097	0.081760	0.029026	0.019975	0.055072
Superscaffold11	9264144	9525682	0.119903	0.062900	0.034628	0.074691
Superscaffold11	9526340	9848726	-0.073267	-0.045797	-0.026412	-0.041132
Superscaffold11	9848813	10126734	0.160808	0.093639	0.054954	0.094278
Superscaffold11	10126820	10978570	-0.031092	-0.013067	-0.007532	-0.018362
Superscaffold11	10978733	11393620	-0.033894	-0.016488	-0.009272	-0.018066
Superscaffold11	11393896	11976294	-0.114398	-0.035981	-0.024678	-0.060553
Superscaffold11	11976298	12560296	0.175712	0.067712	0.042835	0.120362
Superscaffold11	12560338	12978222	0.019159	0.007996	0.004468	0.008263
Superscaffold11	12978241	13320019	0.265083	0.116402	0.067464	0.200753
Superscaffold11	13320053	13629010	0.081288	0.028504	0.020063	0.056006
Superscaffold11	13629035	13865288	0.176818	0.091283	0.062841	0.123663
Superscaffold11	13865402	14519643	-0.044175	-0.018569	-0.012263	-0.028602
Superscaffold11	14519671	14753207	0.059892	0.037892	0.023919	0.034389
Superscaffold11	14753229	15145352	-0.051688	-0.027072	-0.018298	-0.028293
Superscaffold11	15145517	15681602	-0.074519	-0.042537	-0.022566	-0.048228
Superscaffold11	15681783	16387592	0.244857	0.100676	0.061686	0.158228
Superscaffold11	16387607	16767680	-0.013353	-0.006654	-0.004123	-0.002370
Superscaffold11	16767777	17089567	0.141608	0.064066	0.035934	0.084653
Superscaffold11	17089820	18060844	-0.102832	-0.028301	-0.020807	-0.069166
Superscaffold11	18061116	18285212	0.155770	0.094948	0.059921	0.094304
Superscaffold11	18285254	18855091	0.156898	0.106777	0.059387	0.099172
Superscaffold11	18855152	19501790	0.123653	0.048578	0.030953	0.072460
Superscaffold11	19501795	19780129	0.023321	0.011582	0.007094	0.014301
Superscaffold11	19780217	20336892	-0.100510	-0.063484	-0.034558	-0.056826
Superscaffold11	20336944	20761021	-0.075192	-0.045370	-0.024826	-0.031769
Superscaffold11	20761031	20980214	-0.024808	-0.015603	-0.007678	-0.008940
Superscaffold11	20980243	21323162	0.037757	0.016476	0.009860	0.023611
Superscaffold11	21323806	21775369	-0.039863	-0.014947	-0.010131	-0.025213
Superscaffold11	21775517	22110992	-0.084967	-0.034242	-0.021676	-0.059611
Superscaffold11	22111082	22462432	0.094494	0.034715	0.024583	0.065385
Superscaffold11	22462441	22719416	-0.029543	-0.011498	-0.007839	-0.016966
Superscaffold11	22719445	22985255	0.020208	0.010324	0.006189	0.015824
Superscaffold11	22985337	23514850	0.140665	0.044166	0.029120	0.093376
Superscaffold11	23514889	23926683	-0.018248	-0.006931	-0.003936	-0.009275
Superscaffold11	23926918	24247479	0.349921	0.116603	0.085335	0.231870
Superscaffold11	24247523	24692822	0.322079	0.125006	0.091766	0.200818
Superscaffold11	24692880	25303608	0.036323	0.012319	0.006173	0.017280
Superscaffold11	25303635	25601607	0.008083	0.004522	0.002248	0.000872
Superscaffold11	25601789	25900301	-0.123577	-0.047381	-0.031741	-0.073858
Superscaffold11	25900302	26438326	0.178435	0.055578	0.038309	0.125786
Superscaffold11	26438526	26886196	0.359711	0.123258	0.074901	0.284643
Superscaffold11	26886201	27486826	0.536975	0.187617	0.131717	0.395529
Superscaffold11	27486844	27934443	0.114310	0.029648	0.020293	0.070586
Superscaffold11	27934450	28256391	-0.056886	-0.023237	-0.012247	-0.046220
Superscaffold11	28256825	28632827	0.027142	0.009603	0.005938	0.024823
Superscaffold11	28632860	28976758	0.206271	0.118649	0.077886	0.152241
Superscaffold11	28976779	29178275	0.031301	0.016520	0.010726	0.017886
Superscaffold11	29178387	30204609	0.131921	0.052887	0.034410	0.091026
Superscaffold11	30204638	30493378	0.131077	0.052244	0.030043	0.079224
Superscaffold11	30495394	30924012	0.113374	0.052052	0.028720	0.072238
Superscaffold11	30924116	31230312	-0.005030	-0.003078	-0.001948	-0.002569
Superscaffold11	31230640	31593002	0.341356	0.194969	0.135268	0.259843
Superscaffold11	31593018	31974030	-0.195236	-0.095591	-0.056654	-0.143114
Superscaffold11	31974031	32310251	0.454347	0.238659	0.137272	0.342897
Superscaffold11	32310662	32614826	0.229129	0.130631	0.065444	0.188636
Superscaffold11	32614836	33113296	-0.122145	-0.054919	-0.034828	-0.088163
Superscaffold11	33113328	33676480	0.501874	0.140159	0.086322	0.437612
Superscaffold11	33676847	34099498	-0.223402	-0.105852	-0.060039	-0.187291
Superscaffold11	34099619	34411912	-0.707323	-0.609658	-0.296262	-0.597737
Superscaffold11	34412004	35160400	-0.176950	-0.066259	-0.037618	-0.141497
Superscaffold11	35160401	35463296	0.288394	0.128711	0.067754	0.158843
Superscaffold11	35463339	35747760	0.324946	0.142819	0.087605	0.195425
Superscaffold11	35747768	36062153	-0.016709	-0.008149	-0.005361	-0.010212
Superscaffold11	36062328	36303273	0.262328	0.143731	0.078205	0.158962
Superscaffold11	36303318	36622517	0.245147	0.117071	0.072616	0.128407
Superscaffold11	36622538	36899630	0.097539	0.054610	0.029687	0.056511
Superscaffold11	36899726	37365489	0.158800	0.070254	0.040762	0.092453
Superscaffold11	37365844	37641894	0.046767	0.025279	0.015519	0.023477
Superscaffold11	37641924	38755930	0.088804	0.023500	0.016709	0.052720
Superscaffold11	38756017	39101503	0.131850	0.065765	0.042712	0.096334
Superscaffold11	39101505	39659327	0.014846	0.007664	0.004688	0.006160
Superscaffold11	39659621	40066119	0.111764	0.084790	0.048679	0.070086
Superscaffold11	40066128	40284552	0.539994	0.255412	0.162649	0.448600
Superscaffold11	40284628	40784405	0.268289	0.083075	0.051356	0.190843
Superscaffold11	40784407	41296623	0.543261	0.221597	0.124294	0.465137
Superscaffold11	41296800	41657796	-0.000319	-0.000151	-0.000091	0.001277
Superscaffold11	41657803	41893931	0.211970	0.127702	0.063837	0.123829
Superscaffold11	41893975	42123843	0.246651	0.129004	0.086297	0.138718
Superscaffold11	42123858	42481636	0.145201	0.065445	0.040470	0.087659
Superscaffold11	42481642	42827075	-0.024939	-0.016180	-0.008547	-0.015470
Superscaffold11	42827147	43492936	-0.121987	-0.042749	-0.027670	-0.068576
Superscaffold11	43493008	44102469	0.225273	0.112695	0.072611	0.134806
Superscaffold11	44102538	44534647	0.072052	0.031904	0.020943	0.032181
Superscaffold11	44536818	44759735	0.170188	0.102370	0.059435	0.105494
Superscaffold11	44759740	45073771	0.360047	0.168954	0.101903	0.211053
Superscaffold11	45073933	45356800	0.121879	0.060731	0.041146	0.064426
Superscaffold11	45356862	45947052	0.207326	0.072905	0.049807	0.129300
Superscaffold11	45947116	46485868	0.045780	0.017676	0.009586	0.028955
Superscaffold11	46486188	46929476	0.126529	0.054958	0.031216	0.092486
Superscaffold11	46929503	47452602	-0.024263	-0.010763	-0.006526	-0.014742
Superscaffold11	47452604	47904658	0.059605	0.026371	0.014714	0.041239
Superscaffold11	47904686	48239428	0.280229	0.118547	0.076754	0.205682
Superscaffold11	48239517	48704062	0.256415	0.126138	0.075270	0.186350
Superscaffold11	48704096	49510976	0.092934	0.031899	0.020786	0.050584
Superscaffold11	49511100	50498624	0.046765	0.019057	0.012080	0.026378
Superscaffold11	50498632	51236526	0.231099	0.087972	0.055791	0.163822
Superscaffold11	51236573	51587383	0.125163	0.057818	0.037336	0.072623
Superscaffold11	51587387	52058798	0.281728	0.115866	0.058627	0.193911
Superscaffold11	52059150	52395373	0.227851	0.132304	0.083097	0.155269
Superscaffold11	52395443	52733819	-0.031607	-0.015021	-0.009150	-0.032839
Superscaffold11	52733900	53152771	0.069259	0.040772	0.026163	0.042940
Superscaffold11	53153280	53855692	0.020105	0.007912	0.005275	0.014450
Superscaffold11	53855813	54160314	0.089037	0.046868	0.033326	0.060152
Superscaffold11	54160321	54734224	-0.000751	-0.000375	-0.000242	0.000031
Superscaffold11	54735378	55117478	0.172181	0.079361	0.051472	0.093812
Superscaffold11	55117627	55430602	0.187894	0.069858	0.039464	0.118808
Superscaffold11	55430649	55914353	0.302022	0.100153	0.066642	0.219437
Superscaffold11	55914394	56364694	0.020241	0.006968	0.004191	0.013343
Superscaffold11	56364731	56758424	0.153773	0.083852	0.047640	0.110456
Superscaffold11	56758434	57157090	0.036610	0.015696	0.009715	0.025549
Superscaffold11	57157091	57559156	0.010118	0.003826	0.002327	0.006338
Superscaffold11	57559450	58091463	0.077397	0.033327	0.020166	0.053698
Superscaffold11	58091687	58549143	-0.089506	-0.040988	-0.021108	-0.055908
Superscaffold11	58549258	58955107	0.106447	0.044247	0.027472	0.071923
Superscaffold12	266461	733807	0.144255	0.044257	0.027444	0.099991
Superscaffold12	733859	1554512	-0.059954	-0.022340	-0.013068	-0.039464
Superscaffold12	1554575	2024348	0.040548	0.014226	0.008688	0.023089
Superscaffold12	2024467	2349327	0.214599	0.084731	0.050772	0.142822
Superscaffold12	2349328	2690864	0.375254	0.172500	0.099502	0.320240
Superscaffold12	2690868	3097559	0.105714	0.034456	0.019739	0.077816
Superscaffold12	3097772	3448912	0.395509	0.171129	0.101621	0.311735
Superscaffold12	3448916	3835759	0.264335	0.094048	0.056622	0.225025
Superscaffold12	3835845	4366859	0.475988	0.156836	0.084956	0.361522
Superscaffold12	4366928	4932452	0.385208	0.102378	0.066082	0.310473
Superscaffold12	4933054	5470472	0.118663	0.034767	0.021458	0.078141
Superscaffold12	5470473	5803955	0.110344	0.051198	0.034411	0.063557
Superscaffold12	5803961	6165641	0.032341	0.020644	0.011123	0.014469
Superscaffold12	6165662	6605478	-0.009106	-0.002842	-0.001891	-0.004569
Superscaffold12	6605523	6978363	0.054555	0.031533	0.020840	0.029717
Superscaffold12	6978382	7303114	-0.055083	-0.028285	-0.016062	-0.029970
Superscaffold12	7303212	7705383	0.015254	0.005021	0.003139	0.011978
Superscaffold12	7705685	8156829	0.230715	0.099423	0.052529	0.160761
Superscaffold12	8156898	8382234	0.090672	0.050309	0.026676	0.054217
Superscaffold12	8382261	8775784	-0.047722	-0.021833	-0.012221	-0.029858
Superscaffold12	8775811	9068143	-0.127608	-0.065110	-0.037049	-0.088746
Superscaffold12	9068315	9449753	0.143038	0.051785	0.029796	0.117797
Superscaffold12	9449885	9853536	0.368792	0.152210	0.089394	0.278100
Superscaffold12	9853538	10212564	0.229677	0.079352	0.051069	0.194967
Superscaffold12	10212765	10620902	0.102583	0.029727	0.017511	0.074974
Superscaffold12	10620965	11153036	0.429991	0.127543	0.076716	0.348613
Superscaffold12	11153047	11513104	0.299096	0.127133	0.070394	0.224442
Superscaffold12	11513110	12167708	-0.000563	-0.000176	-0.000119	-0.000298
Superscaffold12	12168153	13267700	0.157676	0.050505	0.031056	0.101515
Superscaffold12	13270254	13760168	-0.176163	-0.068149	-0.036328	-0.146610
Superscaffold12	13760182	14248280	0.044756	0.014051	0.007990	0.030651
Superscaffold12	14248282	14765814	0.250944	0.068538	0.040810	0.192619
Superscaffold12	14765830	15215334	0.249694	0.089227	0.051016	0.170868
Superscaffold12	15216311	15698953	0.310032	0.103827	0.055632	0.270406
Superscaffold12	15699384	16006840	0.506109	0.207430	0.093862	0.357160
Superscaffold12	16006975	16483933	0.702544	0.332477	0.183085	0.592997
Superscaffold12	16484164	17575886	0.214888	0.022150	0.013931	0.162407
Superscaffold12	17575974	18102762	0.192891	0.060331	0.035078	0.168694
Superscaffold12	18102766	18962577	0.140516	0.034706	0.021137	0.103505
Superscaffold12	18962784	19509965	0.535293	0.162951	0.090697	0.440119
Superscaffold12	19509980	19880096	0.439728	0.189511	0.099542	0.349230
Superscaffold12	19880319	20228819	0.187161	0.081935	0.044327	0.148415
Superscaffold12	20228838	20543605	0.235932	0.080143	0.045910	0.190826
Superscaffold12	20543629	21096250	0.285874	0.095519	0.058449	0.226215
Superscaffold12	21096338	21721018	-0.012238	-0.003558	-0.002229	-0.012346
Superscaffold12	21721110	22225067	0.027422	0.014551	0.008058	0.019394
Superscaffold12	22225077	22868518	0.083444	0.030674	0.017175	0.046635
Superscaffold12	22868547	23466812	0.162103	0.055794	0.034301	0.115044
Superscaffold12	23466814	23807121	0.089780	0.031801	0.018004	0.063378
Superscaffold12	23807133	24355929	0.441843	0.164773	0.104986	0.370375
Superscaffold12	24356032	24796169	0.550976	0.189718	0.117947	0.438218
Superscaffold12	24796918	25191605	0.143836	0.058246	0.035085	0.109076
Superscaffold12	25191773	25673664	0.137662	0.042800	0.026873	0.095799
Superscaffold12	25673760	26095897	0.075499	0.027360	0.016578	0.049597
Superscaffold12	26095943	26573279	0.260919	0.091204	0.055171	0.203249
Superscaffold12	26573484	27509070	0.034337	0.011434	0.007606	0.024452
Superscaffold12	27509262	27974790	0.049677	0.013950	0.009543	0.037311
Superscaffold12	27974832	28410557	0.147119	0.061954	0.034321	0.092267
Superscaffold12	28410560	28911267	0.125596	0.046466	0.029034	0.095432
Superscaffold12	28911432	29419423	0.128628	0.035241	0.023317	0.098522
Superscaffold12	29419537	29818487	-0.201679	-0.072192	-0.040597	-0.132843
Superscaffold12	29819005	30156221	-0.088907	-0.036828	-0.020253	-0.072672
Superscaffold12	30156227	30552368	0.080726	0.029356	0.016546	0.056032
Superscaffold12	30552809	30986673	0.403762	0.156304	0.088584	0.316065
Superscaffold12	30986814	32058455	0.102034	0.035794	0.021252	0.079893
Superscaffold12	32058477	32276497	0.217357	0.122185	0.073822	0.141779
Superscaffold12	32276655	32620232	0.136551	0.068881	0.038254	0.084826
Superscaffold12	32620241	33087266	0.122303	0.037390	0.022571	0.072932
Superscaffold12	33087288	33585784	0.176322	0.061229	0.037375	0.130176
Superscaffold12	33585797	34115927	0.206568	0.069253	0.042073	0.167073
Superscaffold12	34116125	34554614	0.061284	0.023420	0.012962	0.041591
Superscaffold12	34554634	34949536	0.347644	0.121108	0.070446	0.272297
Superscaffold12	34949542	35295448	0.205067	0.093638	0.050136	0.130207
Superscaffold12	35295452	35701080	-0.134910	-0.067455	-0.033907	-0.087426
Superscaffold12	35701129	36130569	0.030566	0.012696	0.007361	0.018935
Superscaffold12	36130571	36474446	0.022471	0.008625	0.004732	0.022945
Superscaffold12	36474576	36811612	0.150521	0.062509	0.039609	0.111334
Superscaffold12	36812054	37558394	-0.048232	-0.017776	-0.010209	-0.028139
Superscaffold12	37558400	38065032	0.010362	0.003258	0.002052	0.009176
Superscaffold12	38065246	38393930	0.163948	0.070416	0.048564	0.114541
Superscaffold12	38393976	38815299	0.137647	0.046577	0.028255	0.093959
Superscaffold12	38815707	39375206	0.314219	0.114587	0.073649	0.228056
Superscaffold12	39375300	39746750	0.104302	0.042784	0.025706	0.075435
Superscaffold12	39746765	40111487	-0.147623	-0.062592	-0.036976	-0.112572
Superscaffold12	40111512	40580693	-0.137134	-0.043364	-0.028557	-0.087576
Superscaffold12	40580750	41264013	0.037756	0.020053	0.012559	0.026271
Superscaffold12	41265508	41735239	0.240142	0.068105	0.041269	0.170628
unanchor62	3370	7134	0.102169	0.051861	0.036699	0.072040
unanchor129	7406	22064	0.157226	0.070993	0.049944	0.105284
unanchor224	22101	653508	0.052183	0.020503	0.013052	0.031070
unanchor236	55645	429202	-0.000820	-0.000346	-0.000222	0.000328
unanchor243	223003	707952	0.039852	0.015861	0.009379	0.027439
unanchor255	49688	768339	-0.002625	-0.000918	-0.000551	0.000743
unanchor269	8822	259417	0.074102	0.035547	0.018545	0.045851
unanchor271	259871	332764	-0.063074	-0.027888	-0.017900	-0.037698
unanchor275	22036	49526	-0.064607	-0.022288	-0.015614	-0.038170
unanchor278	49645	655420	0.040362	0.014780	0.010043	0.024624
unanchor287	76025	207759	0.048444	0.016816	0.010625	0.031735
