chr	windowStart	windowEnd	D	f_d	f_dM	d_f
Superscaffold1	510948	594765	0.118897	0.134613	0.090541	0.048642
Superscaffold1	594810	750159	0.154377	0.145861	0.099511	0.062444
Superscaffold1	750160	901259	0.075722	0.049246	0.029917	0.032047
Superscaffold1	901421	1194277	0.067386	0.041949	0.028280	0.024726
Superscaffold1	1194307	1391239	0.034640	0.029873	0.017364	0.014416
Superscaffold1	1391272	1618857	0.193036	0.176143	0.108888	0.096518
Superscaffold1	1618872	1898073	-0.113291	-0.069000	-0.040650	-0.054691
Superscaffold1	1898106	2216105	-0.109272	-0.043880	-0.025102	-0.046706
Superscaffold1	2216123	2375585	-0.128113	-0.109229	-0.066053	-0.052877
Superscaffold1	2375616	2527350	-0.075905	-0.081343	-0.044525	-0.046390
Superscaffold1	2527463	2679688	-0.032374	-0.031097	-0.017916	-0.014461
Superscaffold1	2679689	2800402	0.126250	0.169473	0.083406	0.054711
Superscaffold1	2800484	2949684	-0.078969	-0.137790	-0.039406	-0.034990
Superscaffold1	2949820	3089951	-0.024568	-0.034541	-0.016247	-0.011879
Superscaffold1	3089952	3241518	0.038479	0.047169	0.021384	0.013396
Superscaffold1	3241627	3475747	0.092276	0.070561	0.041639	0.038378
Superscaffold1	3475748	3736107	-0.051311	-0.031872	-0.020340	-0.023624
Superscaffold1	3736194	3966024	-0.003355	-0.002954	-0.001409	0.000731
Superscaffold1	3966109	4201216	-0.106189	-0.086577	-0.045499	-0.043531
Superscaffold1	4201231	4456727	0.003585	0.002418	0.001440	0.006292
Superscaffold1	4456735	4644198	-0.002082	-0.001937	-0.000998	-0.001240
Superscaffold1	4644324	4821533	-0.126938	-0.158068	-0.078742	-0.064658
Superscaffold1	4821594	5053169	-0.122709	-0.091322	-0.054906	-0.061075
Superscaffold1	5053215	5295599	-0.179652	-0.140433	-0.080014	-0.103032
Superscaffold1	5295960	5530380	-0.261447	-0.273577	-0.135752	-0.140329
Superscaffold1	5530479	5687854	-0.166730	-0.211712	-0.105678	-0.089695
Superscaffold1	5687892	5870735	-0.225207	-0.154151	-0.091277	-0.107339
Superscaffold1	5871685	6114765	-0.091931	-0.074875	-0.041301	-0.046960
Superscaffold1	6114771	6331081	-0.040890	-0.031037	-0.016484	-0.018730
Superscaffold1	6331286	6512066	-0.374297	-0.239150	-0.149000	-0.163647
Superscaffold1	6512177	6766319	-0.164473	-0.093798	-0.059763	-0.093030
Superscaffold1	6767444	7089855	-0.186910	-0.080149	-0.049337	-0.068999
Superscaffold1	7090028	7327290	-0.183602	-0.121985	-0.071359	-0.082752
Superscaffold1	7327421	7582836	-0.011774	-0.009518	-0.005665	-0.009679
Superscaffold1	7582874	7883230	0.033767	0.035367	0.017394	0.011983
Superscaffold1	7883283	8518785	0.025466	0.014648	0.009408	0.007509
Superscaffold1	8518857	9042307	0.019982	0.016338	0.009728	0.011665
Superscaffold1	9042309	9749827	-0.032177	-0.021145	-0.012838	-0.018978
Superscaffold1	9749833	10413993	0.088751	0.063081	0.037662	0.039777
Superscaffold1	10414371	10684871	-0.057289	-0.057524	-0.033404	-0.027972
Superscaffold1	10684901	10859658	-0.065163	-0.056675	-0.032110	-0.032496
Superscaffold1	10859661	11093633	-0.020244	-0.016079	-0.008820	-0.005823
Superscaffold1	11093654	11349552	-0.086186	-0.045807	-0.031563	-0.041592
Superscaffold1	11349573	11547795	-0.160560	-0.071929	-0.053223	-0.044612
Superscaffold1	11547854	11770950	-0.234649	-0.162327	-0.092198	-0.074161
Superscaffold1	11770974	11964935	-0.135586	-0.118756	-0.070848	-0.068133
Superscaffold1	11964943	12154736	-0.075017	-0.059119	-0.034762	-0.034412
Superscaffold1	12154810	12441891	0.078194	0.061959	0.035903	0.029257
Superscaffold1	12441894	12576557	-0.044805	-0.064033	-0.027386	-0.028903
Superscaffold1	12576616	12891958	-0.018872	-0.007168	-0.005028	-0.007156
Superscaffold1	12891980	13340903	-0.091926	-0.029996	-0.021864	-0.050468
Superscaffold1	13340917	13780079	-0.250851	-0.109103	-0.072320	-0.130794
Superscaffold1	13780659	14271893	-0.217383	-0.086695	-0.056014	-0.097087
Superscaffold1	14272037	14636661	0.004054	0.001913	0.001119	0.000279
Superscaffold1	14636684	14861307	0.105016	0.072435	0.044912	0.045049
Superscaffold1	14861315	15092749	0.185039	0.127649	0.074602	0.113158
Superscaffold1	15092843	15316977	0.603574	0.387346	0.237188	0.435597
Superscaffold1	15316988	15514685	0.088654	0.076059	0.037691	0.050064
Superscaffold1	15514754	15749323	-0.167411	-0.099038	-0.052766	-0.089504
Superscaffold1	15749592	15966892	-0.109200	-0.059098	-0.035252	-0.052222
Superscaffold1	15966944	16182547	-0.218437	-0.176464	-0.078052	-0.105572
Superscaffold1	16182569	16428751	-0.405626	-0.248067	-0.126611	-0.211124
Superscaffold1	16428816	16699964	-0.011783	-0.009392	-0.005094	-0.005858
Superscaffold1	16700033	16855936	-0.059117	-0.075742	-0.042337	-0.023987
Superscaffold1	16855967	17127037	0.024463	0.018440	0.010680	0.007799
Superscaffold1	17127060	17510076	0.102717	0.050723	0.034690	0.047901
Superscaffold1	17510242	18005504	-0.076607	-0.044076	-0.025026	-0.031968
Superscaffold1	18005966	18339368	-0.059504	-0.072025	-0.034092	-0.026391
Superscaffold1	18339659	18542863	0.007768	0.006207	0.003401	0.000562
Superscaffold1	18543036	18931111	-0.158095	-0.090089	-0.051507	-0.067078
Superscaffold1	18931158	19111901	0.048641	0.042084	0.028215	0.019297
Superscaffold1	19111906	19270631	-0.065402	-0.041661	-0.027034	-0.034446
Superscaffold1	19270785	19692556	-0.130792	-0.057309	-0.042686	-0.066163
Superscaffold1	19692776	19926075	-0.159404	-0.071721	-0.052227	-0.083376
Superscaffold1	19926406	20131316	-0.069650	-0.047014	-0.027949	-0.033466
Superscaffold1	20131745	20364513	-0.186511	-0.137210	-0.078336	-0.093011
Superscaffold1	20364568	20977125	-0.003219	-0.001700	-0.000859	-0.000089
Superscaffold1	20977247	21204922	0.113091	0.066413	0.037871	0.056556
Superscaffold1	21204952	21504848	-0.187300	-0.100044	-0.056792	-0.093588
Superscaffold1	21504862	21758669	-0.071783	-0.046520	-0.027551	-0.030546
Superscaffold1	21758703	22043277	0.047274	0.033850	0.021030	0.021695
Superscaffold1	22043303	22342729	-0.004979	-0.001997	-0.001263	-0.001880
Superscaffold1	22342766	22991792	0.018068	0.003503	0.002731	0.008180
Superscaffold1	22991793	23484230	0.300026	0.094796	0.059540	0.155257
Superscaffold1	23484332	23771231	-0.040180	-0.019557	-0.012176	-0.017018
Superscaffold1	23771242	24065067	-0.167240	-0.103101	-0.060578	-0.075382
Superscaffold1	24068292	24299012	-0.437322	-0.640687	-0.257617	-0.276303
Superscaffold1	24299027	24658668	-0.013445	-0.005618	-0.003890	-0.008224
Superscaffold1	24658669	24922226	0.109818	0.052995	0.035117	0.054413
Superscaffold1	24922227	25318714	-0.154372	-0.066133	-0.040914	-0.085459
Superscaffold1	25318991	25588933	-0.130882	-0.064998	-0.041384	-0.061393
Superscaffold1	25588999	25817547	-0.174475	-0.112338	-0.073318	-0.078349
Superscaffold1	25817570	26054930	-0.133745	-0.092854	-0.065166	-0.060981
Superscaffold1	26056127	26273566	-0.117886	-0.055221	-0.030062	-0.047104
Superscaffold1	26273593	26480458	-0.142947	-0.063559	-0.043869	-0.059769
Superscaffold1	26480480	26793081	-0.643224	-0.543779	-0.245160	-0.482105
Superscaffold1	26793119	27055192	-0.436568	-0.209739	-0.108269	-0.307521
Superscaffold1	27055219	27265394	-0.246648	-0.277357	-0.081747	-0.129387
Superscaffold1	27265420	27415462	-0.380085	-0.806620	-0.219055	-0.208190
Superscaffold1	27415469	27665201	-0.123545	-0.072151	-0.039790	-0.058621
Superscaffold1	27665205	27874525	-0.063326	-0.059370	-0.032873	-0.029436
Superscaffold1	27874660	28022886	-0.206255	-0.265158	-0.114911	-0.080930
Superscaffold1	28023062	28212734	-0.122110	-0.146249	-0.068391	-0.075374
Superscaffold1	28212759	28404454	0.169032	0.131729	0.076704	0.078742
Superscaffold1	28404492	28691841	-0.367530	-0.608633	-0.281500	-0.226241
Superscaffold1	28691871	28837942	-0.200597	-0.224656	-0.129002	-0.101202
Superscaffold1	28838047	29109496	-0.391774	-0.222775	-0.103141	-0.199792
Superscaffold1	29109601	29371839	-0.072621	-0.037585	-0.025186	-0.028516
Superscaffold1	29371842	29585733	0.008111	0.006073	0.003182	0.004024
Superscaffold1	29585807	29837311	0.281382	0.148440	0.083060	0.136042
Superscaffold1	29837326	30091888	-0.194967	-0.158462	-0.083564	-0.105840
Superscaffold1	30092065	30319630	-0.071410	-0.103687	-0.046734	-0.035755
Superscaffold1	30319649	30767209	-0.368112	-0.277524	-0.142863	-0.158624
Superscaffold1	30767329	30968160	-0.591304	-0.695598	-0.256809	-0.330325
Superscaffold1	30968191	31199149	-0.240476	-0.148267	-0.082174	-0.134153
Superscaffold1	31199231	31582929	-0.235336	-0.110906	-0.067550	-0.097055
Superscaffold1	31583239	31835616	-0.422501	-0.280063	-0.155086	-0.220181
Superscaffold1	31835665	32307614	0.210270	0.099606	0.066657	0.118328
Superscaffold1	32307657	32614556	0.016402	0.008883	0.005883	0.004639
Superscaffold1	32614562	32865190	0.449483	0.274435	0.178296	0.229539
Superscaffold1	32866440	33136849	-0.193956	-0.124889	-0.073821	-0.091794
Superscaffold1	33136859	33444730	-0.229618	-0.083885	-0.060975	-0.115084
Superscaffold1	33444751	33553873	-0.118888	-0.078592	-0.049256	-0.075450
Superscaffold1	33554506	33798412	-0.114978	-0.091238	-0.055686	-0.053186
Superscaffold1	33798503	33916566	0.071617	0.073262	0.045949	0.031678
Superscaffold1	33916575	34078989	-0.277805	-0.178805	-0.100780	-0.155698
Superscaffold1	34079321	34326538	-0.145424	-0.069383	-0.046461	-0.082063
Superscaffold1	34326916	34658869	0.018228	0.010359	0.006494	0.007968
Superscaffold1	34658904	34926404	-0.192073	-0.093142	-0.061516	-0.103085
Superscaffold1	34926408	35297081	-0.401089	-0.259629	-0.139695	-0.207539
Superscaffold1	35297119	35877232	0.008120	0.004446	0.002994	0.001715
Superscaffold1	35877330	36488119	-0.188686	-0.111531	-0.061306	-0.098074
Superscaffold1	36488182	36971577	-0.237158	-0.099157	-0.067787	-0.097605
Superscaffold1	36971611	37161285	-0.313636	-0.270388	-0.153198	-0.178897
Superscaffold1	37161341	37410131	-0.227888	-0.118212	-0.081747	-0.090457
Superscaffold1	37410138	37577848	0.098730	0.056666	0.030922	0.053723
Superscaffold1	37577919	37805219	-0.236733	-0.210320	-0.111315	-0.117779
Superscaffold1	37805799	38205826	-0.103934	-0.088611	-0.051959	-0.053960
Superscaffold1	38206105	38439879	-0.168955	-0.068186	-0.044048	-0.067793
Superscaffold1	38439880	38613876	-0.348159	-0.165230	-0.113589	-0.148561
Superscaffold1	38613961	38883571	-0.268780	-0.125801	-0.087606	-0.140078
Superscaffold1	38883583	39053506	-0.053390	-0.020372	-0.016146	-0.018735
Superscaffold1	39053609	39265380	0.208078	0.086290	0.058929	0.087659
Superscaffold1	39265388	39606875	0.111472	0.048725	0.027467	0.049401
Superscaffold1	39606899	39856641	-0.401920	-0.120344	-0.085743	-0.249239
Superscaffold1	39856835	40076720	-0.216275	-0.077787	-0.057328	-0.104616
Superscaffold1	40076727	40282181	-0.114061	-0.059912	-0.040495	-0.035782
Superscaffold1	40282338	40625665	0.124826	0.059990	0.044003	0.044390
Superscaffold1	40625671	40896209	-0.050360	-0.032279	-0.020945	-0.030260
Superscaffold1	40896219	41290885	-0.660587	-0.396262	-0.187492	-0.477845
Superscaffold1	41290911	41609668	0.002358	0.000946	0.000670	0.001446
Superscaffold1	41609706	41980018	0.563323	0.206647	0.119914	0.414963
Superscaffold1	41980034	42350088	-0.451918	-0.311248	-0.159914	-0.332006
Superscaffold1	42350195	42834941	-0.183117	-0.053347	-0.035474	-0.095306
Superscaffold1	42834945	43487449	0.121333	0.025566	0.017913	0.068625
Superscaffold1	43487778	43937583	-0.334878	-0.095281	-0.062050	-0.168532
Superscaffold1	43937592	44667179	0.198163	0.040430	0.027132	0.072977
Superscaffold1	44667647	45072624	-0.006660	-0.004307	-0.002428	-0.004312
Superscaffold1	45072640	45634007	0.114912	0.044658	0.034067	0.063294
Superscaffold1	45634053	46536021	-0.290828	-0.048227	-0.037694	-0.103729
Superscaffold1	46538428	47834440	0.024000	0.001794	0.001632	0.006994
Superscaffold1	47844173	48298263	-0.016690	-0.005674	-0.004026	-0.010449
Superscaffold1	48298312	48768868	-0.097932	-0.016657	-0.011976	-0.052608
Superscaffold1	48768914	49305348	0.090628	0.035412	0.026605	0.037552
Superscaffold1	49305373	49802423	0.095666	0.035366	0.024718	0.035169
Superscaffold1	49802849	50106501	0.316903	0.094281	0.062702	0.055662
Superscaffold1	50106534	50307497	0.429173	0.230970	0.131477	0.144314
Superscaffold1	50307499	50437247	-0.376735	-0.803326	-0.246268	-0.226300
Superscaffold1	50437353	50832193	0.140123	0.125595	0.076820	0.085387
Superscaffold1	50833832	51038430	-0.082665	-0.099528	-0.058077	-0.044107
Superscaffold1	51038747	51471064	0.072481	0.068003	0.040716	0.030460
Superscaffold2	168163	417940	-0.310956	-0.371149	-0.174761	-0.152619
Superscaffold2	417943	633184	-0.465137	-0.556447	-0.243639	-0.273812
Superscaffold2	633222	872099	-0.334021	-0.181367	-0.111900	-0.163193
Superscaffold2	872128	1122718	-0.476180	-0.272034	-0.163560	-0.305183
Superscaffold2	1122787	1368323	-0.530637	-0.254812	-0.169196	-0.316560
Superscaffold2	1368350	1561307	-0.403865	-0.394655	-0.198316	-0.242371
Superscaffold2	1561346	1810044	-0.608354	-0.412979	-0.209356	-0.382633
Superscaffold2	1810084	1985112	0.250923	0.106924	0.073608	0.089932
Superscaffold2	1985123	2291646	0.027632	0.017149	0.010513	0.011960
Superscaffold2	2291664	2480514	-0.224547	-0.139632	-0.081862	-0.080757
Superscaffold2	2480541	3074014	0.009742	0.005654	0.003449	-0.001648
Superscaffold2	3074023	3548577	-0.144671	-0.109149	-0.054203	-0.068109
Superscaffold2	3548579	3867786	0.051896	0.025445	0.014832	0.025848
Superscaffold2	3867859	4280263	-0.100177	-0.056224	-0.031488	-0.051035
Superscaffold2	4280271	4705258	-0.086032	-0.028839	-0.018569	-0.037949
Superscaffold2	4705304	4900549	-0.115453	-0.061324	-0.037598	-0.049647
Superscaffold2	4900793	5187580	-0.360580	-0.340452	-0.163364	-0.230451
Superscaffold2	5196665	5375563	-0.105979	-0.077450	-0.042616	-0.036977
Superscaffold2	5375582	5774709	-0.072444	-0.034605	-0.021170	-0.028906
Superscaffold2	5774731	6258527	-0.032547	-0.010346	-0.006882	-0.011145
Superscaffold2	6258530	6519963	-0.297997	-0.214014	-0.115898	-0.149272
Superscaffold2	6520002	7085404	0.134016	0.031566	0.023649	0.071364
Superscaffold2	7085660	7572553	-0.107593	-0.052794	-0.033267	-0.052718
Superscaffold2	7572708	7817119	0.058486	0.027001	0.017505	0.031936
Superscaffold2	7817294	8108057	-0.152143	-0.070810	-0.044278	-0.055287
Superscaffold2	8108115	8432480	-0.105481	-0.051547	-0.033577	-0.042350
Superscaffold2	8432718	8981653	-0.005829	-0.003389	-0.002191	-0.004835
Superscaffold2	8981787	9248041	-0.225190	-0.124403	-0.075090	-0.092234
Superscaffold2	9248057	9748974	-0.067020	-0.035128	-0.021372	-0.034502
Superscaffold2	9749044	10059120	-0.230612	-0.135540	-0.073590	-0.106337
Superscaffold2	10059471	10403417	-0.229596	-0.109437	-0.066890	-0.102980
Superscaffold2	10403541	10632577	-0.247091	-0.175954	-0.107626	-0.128848
Superscaffold2	10632637	10990302	-0.181965	-0.092143	-0.050508	-0.105041
Superscaffold2	10990307	11410575	-0.101272	-0.047505	-0.030587	-0.054106
Superscaffold2	11410595	11821318	0.029186	0.011824	0.007562	0.011987
Superscaffold2	11821773	12741935	-0.068986	-0.042717	-0.024968	-0.032166
Superscaffold2	12741940	13247311	-0.054266	-0.020938	-0.014580	-0.024297
Superscaffold2	13247405	13582894	0.103155	0.042914	0.024232	0.048012
Superscaffold2	13582971	14065275	-0.073772	-0.020900	-0.015119	-0.033421
Superscaffold2	14065291	14384535	-0.140906	-0.078656	-0.041312	-0.058466
Superscaffold2	14384565	14800040	-0.010578	-0.004567	-0.002541	-0.003691
Superscaffold2	14800047	15086526	-0.210894	-0.096939	-0.054259	-0.075883
Superscaffold2	15086542	15647778	-0.133533	-0.097920	-0.042822	-0.048087
Superscaffold2	15647780	16386731	-0.131221	-0.096024	-0.048795	-0.069447
Superscaffold2	16387029	16684800	-0.188351	-0.209545	-0.093261	-0.093777
Superscaffold2	16684813	16869572	-0.026073	-0.028744	-0.014726	-0.012505
Superscaffold2	16869637	17133626	-0.345436	-0.261093	-0.132835	-0.161348
Superscaffold2	17133628	17612117	0.009977	0.005501	0.003212	0.004095
Superscaffold2	17612153	17996556	-0.094453	-0.032538	-0.021820	-0.043868
Superscaffold2	17996986	18500902	0.047748	0.013255	0.009214	0.023088
Superscaffold2	18500946	18967907	0.010071	0.003401	0.002109	0.005662
Superscaffold2	18967909	19366513	-0.089223	-0.031600	-0.021554	-0.037319
Superscaffold2	19366636	19692898	-0.217724	-0.301466	-0.115980	-0.090885
Superscaffold2	19692944	19892405	-0.124186	-0.158996	-0.072067	-0.059005
Superscaffold2	19892418	20203198	-0.185760	-0.082626	-0.052780	-0.095371
Superscaffold2	20203238	20625689	-0.000976	-0.000298	-0.000206	-0.003204
Superscaffold2	20625732	20947678	0.096528	0.081327	0.052915	0.054911
Superscaffold2	20947861	21259954	0.049308	0.025345	0.015583	0.020015
Superscaffold2	21260273	21947517	-0.087706	-0.014095	-0.010924	-0.049218
Superscaffold2	21947518	22320399	-0.425109	-0.176993	-0.107131	-0.222140
Superscaffold2	22320473	22600051	-0.056483	-0.041119	-0.019574	-0.026072
Superscaffold2	22600399	22887794	0.018071	0.013329	0.008412	0.006743
Superscaffold2	22887984	23401222	-0.057610	-0.009730	-0.008092	-0.023925
Superscaffold2	23401371	23778503	-0.178207	-0.075331	-0.047749	-0.098505
Superscaffold2	23778506	24087132	-0.343050	-0.216328	-0.107841	-0.211103
Superscaffold2	24087196	24355906	-0.192033	-0.085020	-0.053192	-0.095892
Superscaffold2	24357141	24695241	-0.079297	-0.028914	-0.018935	-0.039593
Superscaffold2	24695854	25154628	0.160713	0.057677	0.034134	0.078016
Superscaffold2	25154671	25498270	0.290560	0.134943	0.075942	0.147019
Superscaffold2	25498490	25817140	-0.192391	-0.109998	-0.063814	-0.116097
Superscaffold2	25817228	26297145	-0.034869	-0.007646	-0.005622	-0.016868
Superscaffold2	26297181	26713209	0.124502	0.044407	0.028395	0.052358
Superscaffold2	26713252	26955887	-0.220517	-0.122640	-0.074123	-0.120966
Superscaffold2	26956078	27275258	-0.222614	-0.073187	-0.050429	-0.082347
Superscaffold2	27275261	27529070	0.293362	0.193033	0.112594	0.136071
Superscaffold2	27529263	27713533	0.081832	0.070443	0.046185	0.041160
Superscaffold2	27714154	28764406	0.001868	0.000785	0.000518	0.001103
Superscaffold2	28764425	29014375	-0.025619	-0.014681	-0.008667	-0.006970
Superscaffold2	29014451	29199131	0.172660	0.077187	0.048592	0.062907
Superscaffold2	29199532	29531412	-0.162525	-0.075322	-0.050538	-0.075492
Superscaffold2	29531423	29873557	-0.371529	-0.191056	-0.114417	-0.179215
Superscaffold2	29874418	30339901	-0.094862	-0.033649	-0.020548	-0.052891
Superscaffold2	30340095	30835315	-0.104434	-0.039240	-0.023417	-0.053256
Superscaffold2	30835356	31155148	-0.095607	-0.042551	-0.026523	-0.043126
Superscaffold2	31155455	31588519	0.014244	0.004485	0.003199	0.006378
Superscaffold2	31588521	31860143	-0.372245	-0.195320	-0.107723	-0.214444
Superscaffold2	31860164	32421993	0.013360	0.008218	0.004865	0.005118
Superscaffold2	32422081	32739413	0.093879	0.037504	0.025540	0.027933
Superscaffold2	32739483	33015565	0.014457	0.006580	0.003794	0.002774
Superscaffold2	33015804	33451826	-0.250842	-0.083581	-0.054877	-0.119242
Superscaffold2	33451835	33830856	-0.189994	-0.102734	-0.056681	-0.112051
Superscaffold2	33830888	34258172	-0.093929	-0.038717	-0.023308	-0.048109
Superscaffold2	34258175	34780058	-0.187318	-0.047913	-0.033646	-0.098669
Superscaffold2	34780117	35309070	0.094202	0.018547	0.013252	0.054788
Superscaffold2	35309076	35959116	-0.065876	-0.017611	-0.012339	-0.027204
Superscaffold2	35959481	36485188	0.078492	0.025923	0.018334	0.035538
Superscaffold2	36485190	36793516	-0.244426	-0.102345	-0.067275	-0.131747
Superscaffold2	36793522	36989461	0.088547	0.064233	0.037848	0.053343
Superscaffold2	36989586	37237044	-0.016955	-0.009198	-0.005631	-0.008490
Superscaffold2	37237721	37543025	-0.138126	-0.058610	-0.036406	-0.072861
Superscaffold2	37543050	37835017	0.256255	0.161546	0.082801	0.115679
Superscaffold2	37835055	38527473	0.119786	0.037356	0.023668	0.044708
Superscaffold2	38527492	38753719	-0.222205	-0.085940	-0.049935	-0.136155
Superscaffold2	38753787	39039365	-0.384178	-0.154664	-0.091125	-0.224545
Superscaffold2	39039372	39467792	-0.114607	-0.029881	-0.019097	-0.047732
Superscaffold2	39467878	39773607	0.208244	0.095527	0.064148	0.100019
Superscaffold2	39773610	40021009	-0.159884	-0.104391	-0.057170	-0.061437
Superscaffold2	40021253	40371330	-0.222393	-0.072191	-0.048568	-0.110157
Superscaffold2	40371339	40601462	-0.599399	-0.417508	-0.200480	-0.362084
Superscaffold2	40601484	40815447	-0.126917	-0.069985	-0.038298	-0.062028
Superscaffold2	40815450	41057804	0.468795	0.203252	0.149334	0.278395
Superscaffold2	41057942	41144928	0.282463	0.227227	0.110813	0.172018
Superscaffold2	41144974	41371600	-0.273474	-0.140872	-0.087450	-0.142504
Superscaffold2	41371607	41765760	-0.057788	-0.018703	-0.012884	-0.031220
Superscaffold2	41765825	42187109	0.396653	0.130193	0.073024	0.281946
Superscaffold2	42187132	42536923	-0.207581	-0.083126	-0.049573	-0.122924
Superscaffold2	42537431	42896364	-0.099725	-0.039481	-0.026486	-0.054602
Superscaffold2	42896416	43101599	0.040277	0.018026	0.012288	0.022413
Superscaffold2	43101621	43575795	0.072302	0.016594	0.012739	0.030945
Superscaffold2	43575831	44186140	0.295044	0.076232	0.056150	0.190219
Superscaffold2	44186151	45392289	-0.019596	-0.001953	-0.001649	-0.013704
Superscaffold2	45392801	46766750	0.009973	0.000741	0.000641	0.004723
Superscaffold2	46767006	47588207	0.166149	0.026326	0.018679	0.103291
Superscaffold2	47588495	48309306	-0.112577	-0.030827	-0.020225	-0.059504
Superscaffold2	48310590	48815077	-0.317209	-0.072538	-0.055773	-0.193026
Superscaffold2	48815110	49317865	-0.101778	-0.026746	-0.018124	-0.056709
Superscaffold2	49317910	49770415	0.147409	0.054375	0.030676	0.086084
Superscaffold2	49770422	50115851	-0.079855	-0.037088	-0.020496	-0.037223
Superscaffold2	50115891	50522961	0.000734	0.000260	0.000162	-0.002237
Superscaffold2	50523002	50859793	-0.280624	-0.117265	-0.061835	-0.166191
Superscaffold2	50861758	51343913	0.189945	0.051854	0.036999	0.097310
Superscaffold2	51344983	51783978	0.060909	0.014873	0.011235	0.033597
Superscaffold2	51783989	52119336	-0.057256	-0.012985	-0.010239	-0.031610
Superscaffold2	52119367	52434261	-0.237780	-0.096309	-0.047808	-0.159695
Superscaffold2	52434331	52593894	-0.100569	-0.089577	-0.048270	-0.041418
Superscaffold2	52593966	52783302	-0.007621	-0.006507	-0.003661	-0.002262
Superscaffold2	52783393	53004384	-0.211600	-0.218592	-0.111276	-0.096953
Superscaffold2	53004390	53307119	-0.015015	-0.012679	-0.006211	-0.010989
Superscaffold2	53307135	53824009	-0.225034	-0.111695	-0.069922	-0.133075
Superscaffold2	53824124	54061263	-0.293457	-0.204540	-0.104850	-0.184479
Superscaffold2	54062243	54325189	0.106807	0.085626	0.043920	0.071014
Superscaffold2	54325196	54808998	-0.314429	-0.282513	-0.152171	-0.185823
Superscaffold2	54809018	55109392	-0.344841	-0.285251	-0.150250	-0.204679
Superscaffold2	55109515	55276928	-0.099893	-0.098842	-0.050139	-0.049257
Superscaffold2	55276931	55548546	-0.330418	-0.337047	-0.171073	-0.181408
Superscaffold2	55548560	55821027	-0.439676	-0.327121	-0.182282	-0.283443
Superscaffold2	55821152	56142250	0.036074	0.012933	0.008876	0.011766
Superscaffold2	56142255	56520946	-0.424577	-0.223058	-0.128694	-0.247699
Superscaffold2	56520981	56863150	0.083630	0.035305	0.019747	0.035319
Superscaffold2	56863166	57317779	-0.043273	-0.013279	-0.009412	-0.019931
Superscaffold2	57317982	57688984	0.191040	0.083565	0.050002	0.093259
Superscaffold2	57689015	58209037	-0.335390	-0.237418	-0.121026	-0.193944
Superscaffold2	58209061	58430100	-0.187513	-0.129115	-0.066593	-0.097314
Superscaffold2	58430123	58824298	0.147696	0.074661	0.039343	0.063129
Superscaffold2	58824388	59214821	-0.012353	-0.004298	-0.002899	-0.005603
Superscaffold2	59216354	59717616	-0.033857	-0.007485	-0.005370	-0.012821
Superscaffold2	59717639	60021787	-0.104955	-0.053208	-0.029490	-0.048286
Superscaffold2	60021828	60291580	0.077266	0.030943	0.018411	0.042072
Superscaffold2	60291706	60506248	-0.304331	-0.179309	-0.102830	-0.174974
Superscaffold2	60506792	60792465	-0.118411	-0.052462	-0.032252	-0.060757
Superscaffold2	60792527	60939577	-0.503056	-0.440889	-0.232488	-0.310007
Superscaffold2	60939612	61419239	-0.077010	-0.055141	-0.029995	-0.037712
Superscaffold2	61419534	61947461	-0.070545	-0.049690	-0.025261	-0.031144
Superscaffold2	61947818	62563970	-0.027833	-0.021687	-0.010687	-0.014590
Superscaffold2	62564012	62899280	-0.057048	-0.026196	-0.016943	-0.030006
Superscaffold2	62900013	63176689	0.106967	0.044966	0.028719	0.064097
Superscaffold2	63176694	63342364	0.025249	0.017424	0.009831	0.013094
Superscaffold2	63342399	63557581	0.211323	0.136517	0.079221	0.091493
Superscaffold2	63557668	63967152	0.025664	0.012592	0.008101	0.010556
Superscaffold2	63967157	64283536	-0.023927	-0.010017	-0.007043	-0.012904
Superscaffold2	64283541	64457689	-0.104581	-0.120256	-0.058811	-0.049140
Superscaffold2	64457698	64746694	-0.084959	-0.089717	-0.050974	-0.034380
Superscaffold2	64746717	65300222	-0.244474	-0.234530	-0.096948	-0.140882
Superscaffold2	65300223	65799475	0.046138	0.013042	0.008815	0.025407
Superscaffold2	65800305	66232308	0.040374	0.013537	0.009310	0.015571
Superscaffold2	66232410	66503984	0.049682	0.040470	0.024079	0.029050
Superscaffold2	66504168	66754623	0.137779	0.041095	0.023898	0.032317
Superscaffold2	66754718	67199817	-0.039487	-0.017668	-0.009505	-0.019018
Superscaffold2	67199847	67522677	-0.078182	-0.033624	-0.022153	-0.034327
Superscaffold2	67522716	67790561	-0.114773	-0.045757	-0.031163	-0.057378
Superscaffold2	67790632	68212240	-0.017571	-0.004949	-0.003311	-0.007841
Superscaffold2	68212259	68729078	-0.129907	-0.028948	-0.021379	-0.059639
Superscaffold2	68729106	69069402	-0.076549	-0.030972	-0.019619	-0.028710
Superscaffold2	69069515	69419602	-0.150700	-0.090247	-0.054225	-0.069144
Superscaffold2	69419663	69578622	0.026954	0.015517	0.010662	0.013180
Superscaffold2	69578626	69940511	0.269175	0.088915	0.069448	0.159275
Superscaffold2	69940530	70215063	0.010811	0.004668	0.003302	0.002723
Superscaffold2	70215131	70788444	0.003646	0.002198	0.001324	0.000273
Superscaffold2	70788455	71101269	0.030840	0.016633	0.011654	0.014617
Superscaffold2	71101333	71277788	-0.018370	-0.007589	-0.005860	-0.006467
Superscaffold2	71277920	71585445	0.112436	0.058949	0.035283	0.047904
Superscaffold2	71585595	71848684	0.044800	0.025038	0.016380	0.018877
Superscaffold2	71848706	72127923	-0.073405	-0.074468	-0.032455	-0.031612
Superscaffold2	72127944	72370384	-0.053800	-0.026409	-0.017752	-0.026198
Superscaffold2	72370420	72598346	-0.156705	-0.111269	-0.056458	-0.081536
Superscaffold2	72598569	72888954	0.010017	0.007166	0.004264	0.006183
Superscaffold2	72889267	73181641	-0.073246	-0.032082	-0.021550	-0.029010
Superscaffold2	73181815	73456970	-0.117840	-0.101224	-0.053970	-0.054675
Superscaffold2	73456991	73732376	-0.009667	-0.005853	-0.003483	-0.004948
Superscaffold2	73732379	73945275	-0.267876	-0.169878	-0.116944	-0.131915
Superscaffold2	73945281	74188407	0.162198	0.090185	0.055385	0.076296
Superscaffold2	74188476	74516313	-0.057772	-0.021255	-0.014597	-0.030247
Superscaffold2	74516549	74671393	-0.055073	-0.035434	-0.021270	-0.020177
Superscaffold2	74671395	74997750	0.179986	0.125242	0.067807	0.083166
Superscaffold2	74998054	75212391	0.070323	0.034132	0.019396	0.023270
Superscaffold2	75212417	75431736	-0.344363	-0.238705	-0.129390	-0.175322
Superscaffold2	75431757	75644953	-0.055068	-0.038285	-0.023841	-0.026304
Superscaffold2	75644967	75894493	-0.069695	-0.060837	-0.030668	-0.042653
Superscaffold2	75894500	76257532	-0.503488	-0.560159	-0.250825	-0.348359
Superscaffold2	76257577	76581968	-0.285879	-0.180646	-0.115340	-0.130676
Superscaffold2	76581980	76792156	-0.391963	-0.215466	-0.121792	-0.131465
Superscaffold2	76792163	77116959	-0.213752	-0.083396	-0.056940	-0.094617
Superscaffold2	77116971	77478831	-0.401535	-0.221318	-0.118997	-0.235030
Superscaffold2	77478945	77612873	-0.283888	-0.387014	-0.175772	-0.166382
Superscaffold2	77612888	77773689	-0.128421	-0.118596	-0.061236	-0.066210
Superscaffold2	77773698	77940351	-0.141046	-0.103352	-0.053518	-0.047575
Superscaffold2	77940356	78197491	-0.297926	-0.172402	-0.111755	-0.160708
Superscaffold2	78197498	78340947	-0.006143	-0.006126	-0.003318	-0.003126
Superscaffold2	78341039	78649795	-0.009956	-0.006537	-0.003791	-0.005049
Superscaffold2	78649942	78833331	0.064826	0.060613	0.027607	0.026610
Superscaffold2	78834324	79233733	-0.266208	-0.171969	-0.096517	-0.144951
Superscaffold2	79233734	79625800	-0.094673	-0.055236	-0.030771	-0.044464
Superscaffold2	79625843	80178797	0.050445	0.014314	0.009259	0.026373
Superscaffold2	80179174	80410435	-0.136049	-0.097926	-0.061370	-0.073133
Superscaffold2	80410592	80715851	-0.068212	-0.031674	-0.021543	-0.028276
Superscaffold2	80715863	80909930	-0.067252	-0.051273	-0.028130	-0.031369
Superscaffold2	80909944	81467350	-0.062434	-0.050598	-0.023663	-0.037587
Superscaffold2	81467447	81767436	-0.124618	-0.071528	-0.038332	-0.064769
Superscaffold2	81767449	82171710	0.020529	0.005510	0.004129	0.008618
Superscaffold2	82171721	82763545	0.029591	0.013207	0.007456	0.013433
Superscaffold2	82763943	83185708	-0.302097	-0.102583	-0.066674	-0.149250
Superscaffold2	83185994	83403019	-0.303850	-0.217753	-0.115077	-0.174772
Superscaffold2	83403148	83612585	-0.079227	-0.049068	-0.028691	-0.026789
Superscaffold2	83612690	83827657	-0.054066	-0.039463	-0.018309	-0.032344
Superscaffold2	83827900	84113459	-0.121340	-0.063922	-0.044387	-0.046219
Superscaffold2	84113462	84533983	0.359209	0.110401	0.079114	0.199862
Superscaffold2	84534000	84927248	0.014459	0.006008	0.004145	0.006324
Superscaffold2	84927307	85107502	-0.005196	-0.006724	-0.003031	-0.002455
Superscaffold2	85107509	85565971	-0.024585	-0.009052	-0.006313	-0.009616
Superscaffold2	85565977	86194650	0.026635	0.012779	0.007310	0.016289
Superscaffold2	86195722	87111662	-0.032178	-0.023000	-0.011370	-0.014482
Superscaffold2	87111693	87549618	0.011193	0.008268	0.004154	0.007119
Superscaffold2	87549653	87740026	0.172806	0.102967	0.064713	0.080701
Superscaffold2	87741321	88048930	-0.030623	-0.009287	-0.006733	-0.017971
Superscaffold2	88049178	88407607	-0.201718	-0.084381	-0.056574	-0.100087
Superscaffold2	88407612	88700989	-0.134628	-0.065565	-0.044527	-0.058249
Superscaffold2	88701170	88868178	-0.158276	-0.155456	-0.072545	-0.096367
Superscaffold2	88868209	89068792	-0.184569	-0.166847	-0.075560	-0.081672
Superscaffold2	89068876	89438531	0.006490	0.003866	0.001980	0.003366
Superscaffold2	89438550	89706352	0.065913	0.030408	0.017656	0.031274
Superscaffold2	89706381	89900580	-0.082844	-0.049403	-0.027568	-0.050368
Superscaffold2	89900605	90135233	-0.200315	-0.128904	-0.069618	-0.102091
Superscaffold2	90135317	90456850	-0.180611	-0.131885	-0.058276	-0.072526
Superscaffold2	90456856	90659642	-0.087975	-0.081347	-0.049410	-0.046812
Superscaffold2	90659673	90839005	-0.212949	-0.217880	-0.091583	-0.091669
Superscaffold2	90839062	91084426	0.065506	0.057472	0.033888	0.030534
Superscaffold2	91084427	91344229	-0.116257	-0.098573	-0.050922	-0.063642
Superscaffold2	91344232	92301101	-0.020258	-0.011445	-0.005631	-0.009215
Superscaffold2	92302087	92756051	0.096879	0.031203	0.019466	0.053388
Superscaffold2	92756072	93018506	-0.341264	-0.282934	-0.118981	-0.148817
Superscaffold2	93020103	93661038	-0.196938	-0.165058	-0.066668	-0.075763
Superscaffold2	93661056	93930418	-0.377589	-0.312293	-0.144847	-0.182836
Superscaffold2	93930455	94310178	0.069770	0.046991	0.023539	0.033911
Superscaffold2	94310212	94669370	0.232707	0.143250	0.092151	0.122685
Superscaffold2	94669383	94954187	-0.158675	-0.099303	-0.055748	-0.074170
Superscaffold2	94954238	95267488	0.031603	0.015359	0.010297	0.013804
Superscaffold2	95267527	95459802	-0.032150	-0.032479	-0.016313	-0.014012
Superscaffold2	95459826	95639789	-0.169843	-0.117783	-0.075105	-0.063620
Superscaffold2	95639902	95821495	-0.065730	-0.046119	-0.029733	-0.026298
Superscaffold2	95821545	96062883	-0.430469	-0.402888	-0.230839	-0.256783
Superscaffold2	96062885	96237196	-0.165951	-0.124573	-0.077273	-0.073407
Superscaffold2	96237434	96437921	0.040375	0.039543	0.021275	0.015922
Superscaffold2	96437997	96711452	-0.017711	-0.015858	-0.008878	-0.007130
Superscaffold2	96711463	96927143	-0.167514	-0.138198	-0.067839	-0.085421
Superscaffold2	96927179	97205504	-0.036090	-0.022307	-0.013669	-0.015175
Superscaffold2	97205551	97355432	-0.067943	-0.082814	-0.047895	-0.030877
Superscaffold2	97355433	97537079	-0.229121	-0.100410	-0.071739	-0.081042
Superscaffold2	97537080	97761281	-0.159274	-0.180722	-0.092936	-0.068290
Superscaffold2	97761282	98041737	0.062395	0.044674	0.026511	0.025205
Superscaffold2	98041745	98187771	-0.180691	-0.202713	-0.105317	-0.079447
Superscaffold2	98187802	98419097	0.130052	0.102957	0.055162	0.057972
Superscaffold2	98419221	98689014	0.232729	0.240245	0.140671	0.127442
Superscaffold2	98689017	98949677	0.089983	0.067002	0.043977	0.055197
Superscaffold2	98949743	99191113	0.208437	0.107266	0.073366	0.066118
Superscaffold2	99191143	99352794	-0.221343	-0.169158	-0.100572	-0.066349
Superscaffold2	99352816	99538716	0.019801	0.020854	0.010325	0.004065
Superscaffold2	99538837	99679836	-0.069344	-0.106093	-0.043674	-0.036983
Superscaffold2	99679837	99776658	0.070800	0.107207	0.062830	0.033615
Superscaffold2	99776661	99916980	-0.007174	-0.007863	-0.004509	-0.004255
Superscaffold2	99917067	100209520	-0.034433	-0.030847	-0.015106	-0.013965
Superscaffold2	100209806	100660949	-0.238369	-0.162393	-0.105202	-0.134861
Superscaffold2	100660952	100861253	-0.136460	-0.229113	-0.107033	-0.066188
Superscaffold2	100861259	101059893	0.144140	0.309271	0.085541	0.073262
Superscaffold2	101059900	101228126	0.276939	0.504028	0.140141	0.145914
Superscaffold3	38843	177176	-0.152146	-0.169885	-0.094705	-0.082128
Superscaffold3	177201	339875	-0.411435	-0.404624	-0.213255	-0.224384
Superscaffold3	340022	488995	-0.104906	-0.093388	-0.047014	-0.052481
Superscaffold3	489002	604784	0.059069	0.081417	0.043296	0.027053
Superscaffold3	604803	765119	0.163580	0.149307	0.097305	0.072315
Superscaffold3	765129	854967	0.038423	0.053949	0.029753	0.020332
Superscaffold3	854979	1040355	-0.096911	-0.086817	-0.051271	-0.053614
Superscaffold3	1040383	1316751	0.049190	0.041502	0.023212	0.030436
Superscaffold3	1316881	1457857	-0.214482	-0.338436	-0.150716	-0.090431
Superscaffold3	1457893	1745259	-0.222721	-0.283771	-0.155828	-0.127364
Superscaffold3	1745270	1881725	-0.075607	-0.130614	-0.060134	-0.037721
Superscaffold3	1881728	2086737	0.018629	0.018142	0.009550	0.007829
Superscaffold3	2086780	2356999	-0.068454	-0.068924	-0.039140	-0.034704
Superscaffold3	2357018	2481032	0.029260	0.045025	0.026229	0.014295
Superscaffold3	2481034	2619902	-0.025158	-0.028930	-0.018789	-0.010971
Superscaffold3	2619911	2754529	-0.234616	-0.316797	-0.174781	-0.115453
Superscaffold3	2754661	2856236	-0.075187	-0.068004	-0.040244	-0.030315
Superscaffold3	2856269	3042368	-0.177967	-0.210952	-0.111893	-0.086582
Superscaffold3	3042497	3368805	-0.147439	-0.101381	-0.071436	-0.071710
Superscaffold3	3368826	3635125	-0.041616	-0.019221	-0.013396	-0.016906
Superscaffold3	3635149	3793876	0.143630	0.129402	0.077023	0.063341
Superscaffold3	3793913	3989060	0.145825	0.164151	0.090769	0.072779
Superscaffold3	3989066	4342433	0.252326	0.177496	0.090127	0.127094
Superscaffold3	4342488	5024207	-0.081307	-0.083484	-0.039478	-0.036192
Superscaffold3	5024271	5324028	-0.008056	-0.008504	-0.004631	-0.004944
Superscaffold3	5324115	5484793	-0.006289	-0.005434	-0.003109	-0.008789
Superscaffold3	5484804	5590369	-0.232466	-0.266429	-0.128664	-0.105758
Superscaffold3	5590372	5747630	-0.243799	-0.243294	-0.122544	-0.133917
Superscaffold3	5747637	5876314	-0.008591	-0.009075	-0.005634	-0.006753
Superscaffold3	5876351	6024992	0.008452	0.006342	0.004268	0.003901
Superscaffold3	6024995	6209944	-0.047534	-0.050681	-0.030729	-0.022562
Superscaffold3	6209949	6435167	-0.314334	-0.349660	-0.161040	-0.153624
Superscaffold3	6435175	6580808	-0.056268	-0.056232	-0.031602	-0.027041
Superscaffold3	6580824	6751417	-0.065832	-0.075907	-0.042178	-0.034334
Superscaffold3	6751439	6972847	-0.053142	-0.049093	-0.029572	-0.023962
Superscaffold3	6972917	7186567	-0.003183	-0.002644	-0.001430	-0.002004
Superscaffold3	7186675	7741281	0.210095	0.087220	0.048098	0.115252
Superscaffold3	7741308	7901158	-0.186192	-0.249263	-0.112878	-0.108799
Superscaffold3	7901175	8122124	0.108145	0.086542	0.040041	0.067472
Superscaffold3	8122173	8322042	-0.175910	-0.130267	-0.064318	-0.084980
Superscaffold3	8322228	9042664	-0.154401	-0.089782	-0.052184	-0.079324
Superscaffold3	9042667	9578715	0.004927	0.003626	0.001940	-0.000349
Superscaffold3	9578727	9697108	-0.128547	-0.118301	-0.066435	-0.062421
Superscaffold3	9697118	9801948	-0.147013	-0.226809	-0.096314	-0.062981
Superscaffold3	9801966	9957466	0.062356	0.075861	0.042733	0.034138
Superscaffold3	9957467	10184630	0.051915	0.053904	0.030623	0.020621
Superscaffold3	10184666	10954201	-0.073147	-0.082573	-0.042719	-0.037882
Superscaffold3	10954207	11193606	0.022441	0.029714	0.015715	0.008666
Superscaffold3	11193702	11304181	0.074415	0.105200	0.057640	0.036411
Superscaffold3	11304194	11422013	0.022562	0.033724	0.017136	0.009395
Superscaffold3	11422074	11606510	0.100525	0.112484	0.061318	0.047482
Superscaffold3	11606526	11794373	-0.025831	-0.034796	-0.015895	-0.010395
Superscaffold3	11794393	11935543	-0.016425	-0.017107	-0.009904	-0.006181
Superscaffold3	11935624	12071066	0.077737	0.101626	0.049741	0.034151
Superscaffold3	12071076	12230425	0.057243	0.068436	0.037082	0.030915
Superscaffold3	12230473	12401971	-0.029467	-0.037115	-0.016842	-0.028199
Superscaffold3	12401980	12536200	0.002279	0.003319	0.001587	-0.000245
Superscaffold3	12536215	12776005	0.449335	0.320012	0.223556	0.279310
Superscaffold3	12776028	12989813	0.189909	0.193271	0.082059	0.115883
Superscaffold3	12989817	13170130	0.196368	0.200037	0.108136	0.112704
Superscaffold3	13170135	13278982	-0.058428	-0.111339	-0.050782	-0.027413
Superscaffold3	13279061	13494657	-0.285163	-0.330721	-0.146475	-0.168468
Superscaffold3	13494669	14094119	0.051329	0.038228	0.022216	0.022387
Superscaffold3	14094167	14221468	-0.062375	-0.082298	-0.039778	-0.030109
Superscaffold3	14221472	14337681	0.072961	0.084989	0.047528	0.033352
Superscaffold3	14337694	14454264	0.145483	0.177187	0.095614	0.076983
Superscaffold3	14454271	14562147	0.030378	0.060702	0.031019	0.013996
Superscaffold3	14562166	14661471	0.061173	0.108076	0.055060	0.030129
Superscaffold3	14661503	14788488	-0.090479	-0.118280	-0.057228	-0.047443
Superscaffold3	14788554	14912770	0.007831	0.011384	0.005926	0.005912
Superscaffold3	14913549	15041815	0.036410	0.060176	0.031134	0.013765
Superscaffold3	15041847	15192844	-0.120387	-0.143716	-0.077355	-0.054793
Superscaffold3	15192851	15345081	-0.024020	-0.024549	-0.013477	-0.023385
Superscaffold3	15345139	15469350	-0.014640	-0.018551	-0.009572	-0.006553
Superscaffold3	15469397	15595374	-0.058915	-0.084974	-0.043809	-0.029984
Superscaffold3	15595384	15811954	0.130732	0.124185	0.061856	0.065290
Superscaffold3	15811975	16347046	0.004970	0.003896	0.002264	-0.000792
Superscaffold3	16347048	16714697	0.022896	0.019083	0.009028	0.013487
Superscaffold3	16714786	16844047	0.142836	0.188391	0.117899	0.086454
Superscaffold3	16844053	16994159	-0.026339	-0.035450	-0.018136	-0.009677
Superscaffold3	16994290	17269849	0.099514	0.113391	0.065727	0.043866
Superscaffold3	17269917	17406792	-0.095112	-0.107419	-0.058653	-0.045481
Superscaffold3	17406796	17704414	0.123005	0.105024	0.055135	0.066516
Superscaffold3	17704519	17891434	-0.037844	-0.040010	-0.020483	-0.017240
Superscaffold3	17891462	17992541	-0.155798	-0.263996	-0.112347	-0.078873
Superscaffold3	17992693	18175341	-0.010198	-0.009363	-0.004575	-0.006359
Superscaffold3	18175899	18554813	-0.040658	-0.042695	-0.018960	-0.024446
Superscaffold3	18555000	19138472	-0.118716	-0.080677	-0.043662	-0.066212
Superscaffold3	19138473	19523147	-0.604265	-0.480890	-0.257749	-0.428600
Superscaffold3	19523155	19713341	-0.088860	-0.074596	-0.037717	-0.048156
Superscaffold3	19713381	19871842	-0.216195	-0.256970	-0.126371	-0.123110
Superscaffold3	19871843	19993811	-0.276858	-0.185137	-0.114688	-0.165023
Superscaffold3	19993822	20138513	0.014950	0.009909	0.006851	0.003426
Superscaffold3	20138554	20305970	0.286800	0.307663	0.165031	0.166301
Superscaffold3	20306238	20429673	-0.032212	-0.046722	-0.018630	-0.019699
Superscaffold3	20429762	20526590	-0.053786	-0.080963	-0.038690	-0.026944
Superscaffold3	20526685	20693221	-0.223694	-0.321660	-0.123071	-0.124964
Superscaffold3	20693245	20821728	-0.063030	-0.098069	-0.041910	-0.037921
Superscaffold3	20821764	20920423	-0.117672	-0.179752	-0.077703	-0.065848
Superscaffold3	20920434	21122948	-0.138962	-0.144502	-0.073730	-0.057294
Superscaffold3	21122954	21573773	-0.459963	-0.942599	-0.246128	-0.251890
Superscaffold3	21573945	21876743	-0.108685	-0.146498	-0.068397	-0.061030
Superscaffold3	21876824	22043287	-0.183712	-0.157667	-0.092817	-0.101262
Superscaffold3	22043323	22149866	0.029937	0.052821	0.027019	0.013508
Superscaffold3	22149870	22264047	-0.176356	-0.158236	-0.095721	-0.097949
Superscaffold3	22264051	22526578	-0.065114	-0.048569	-0.032065	-0.035718
Superscaffold3	22526737	22710407	0.010035	0.011489	0.006406	0.004239
Superscaffold3	22710433	22893708	-0.125320	-0.161508	-0.084029	-0.056853
Superscaffold3	22893713	23047269	-0.165415	-0.085758	-0.054481	-0.069354
Superscaffold3	23047285	23213478	-0.174531	-0.147937	-0.085292	-0.074422
Superscaffold3	23213609	23374186	0.180784	0.186314	0.115049	0.094273
Superscaffold3	23374220	23485869	0.072464	0.083124	0.043894	0.037873
Superscaffold3	23485999	23607440	-0.069754	-0.088832	-0.045006	-0.035084
Superscaffold3	23607475	23870891	-0.091944	-0.072913	-0.041302	-0.043496
Superscaffold3	23870912	24030195	0.078357	0.068514	0.038382	0.025474
Superscaffold3	24030203	24179784	0.101961	0.092747	0.053899	0.043518
Superscaffold3	24179787	24641254	0.122541	0.140420	0.064869	0.064852
Superscaffold3	24641260	24821809	-0.056888	-0.047414	-0.028692	-0.024855
Superscaffold3	24821895	25065364	-0.071795	-0.076911	-0.041077	-0.030157
Superscaffold3	25065397	25335167	-0.144369	-0.105515	-0.060607	-0.081292
Superscaffold3	25335198	25422176	-0.016198	-0.020880	-0.012390	-0.012060
Superscaffold3	25422354	25514110	0.036290	0.042053	0.023850	0.016782
Superscaffold3	25514145	26043892	-0.067524	-0.061340	-0.030830	-0.037220
Superscaffold3	26043896	26243457	0.028576	0.024569	0.012899	0.015121
Superscaffold3	26243487	26408242	-0.052548	-0.062408	-0.031070	-0.020501
Superscaffold3	26408292	26560639	0.216349	0.138616	0.078457	0.090672
Superscaffold3	26560687	26669365	0.009238	0.008213	0.004317	0.002911
Superscaffold3	26669390	26849606	-0.216692	-0.085889	-0.060048	-0.045325
Superscaffold3	26849619	27025742	-0.213571	-0.163567	-0.091320	-0.084554
Superscaffold3	27025761	27243642	-0.204386	-0.107807	-0.065988	-0.094094
Superscaffold3	27243660	27659866	0.150816	0.083989	0.045997	0.090150
Superscaffold3	27659895	27856413	0.091896	0.083056	0.041813	0.049529
Superscaffold3	27856682	28154361	0.102960	0.076747	0.035640	0.042894
Superscaffold3	28154412	28426698	0.140372	0.069324	0.046267	0.066626
Superscaffold3	28426738	28636599	-0.004283	-0.002645	-0.001117	0.000610
Superscaffold3	28636665	28802421	-0.168148	-0.090980	-0.052149	-0.093078
Superscaffold3	28802447	28925047	-0.383602	-0.430862	-0.181660	-0.211258
Superscaffold3	28925916	29238185	-0.018303	-0.004538	-0.003524	-0.008431
Superscaffold3	29238206	29525040	-0.097640	-0.035183	-0.026497	-0.047369
Superscaffold3	29525191	29639736	0.113393	0.075811	0.046400	0.067129
Superscaffold3	29639770	29887293	-0.067617	-0.031311	-0.020248	-0.038285
Superscaffold3	29887305	29981189	-0.285212	-0.255033	-0.126364	-0.156139
Superscaffold3	29981263	30343846	-0.071759	-0.038808	-0.021781	-0.034278
Superscaffold3	30343984	30959651	0.058468	0.027941	0.015486	0.022805
Superscaffold3	30959971	31312275	0.041057	0.011168	0.008169	0.015676
Superscaffold3	31312319	31681312	0.033755	0.006709	0.005314	0.008458
Superscaffold3	31681968	31915389	-0.062005	-0.029279	-0.015688	-0.035859
Superscaffold3	31915428	32090455	-0.327537	-0.201063	-0.121621	-0.161851
Superscaffold3	32090487	32279523	-0.105352	-0.082361	-0.039284	-0.045096
Superscaffold3	32279622	32580388	0.109569	0.039934	0.025550	0.036142
Superscaffold3	32580501	32953786	-0.137788	-0.105021	-0.052237	-0.058279
Superscaffold3	32953833	33243783	0.073402	0.042181	0.028818	0.033777
Superscaffold3	33243795	33494131	-0.044333	-0.035253	-0.022185	-0.021332
Superscaffold3	33494926	33671987	-0.121328	-0.125280	-0.066732	-0.059556
Superscaffold3	33672023	33893815	0.080449	0.074159	0.048134	0.040028
Superscaffold3	33893907	34120785	-0.242232	-0.158004	-0.088685	-0.127717
Superscaffold3	34120916	34301454	-0.402382	-0.319581	-0.176585	-0.229689
Superscaffold3	34301465	34452396	0.061096	0.042851	0.024203	0.025398
Superscaffold3	34452397	34715801	-0.069727	-0.073706	-0.044654	-0.032546
Superscaffold3	34715978	34983794	-0.106597	-0.060749	-0.036696	-0.038759
Superscaffold3	34983803	35302532	-0.269635	-0.096778	-0.075278	-0.155632
Superscaffold3	35302574	35465870	-0.357092	-0.198321	-0.120727	-0.148585
Superscaffold3	35466059	35618922	-0.469301	-0.419746	-0.193933	-0.443789
Superscaffold3	35619024	35735609	-0.698690	-0.531407	-0.278978	-0.658773
Superscaffold3	35735655	36014375	0.354279	0.286188	0.146949	0.280922
Superscaffold3	36014432	36234085	0.198966	0.103600	0.060582	0.116600
Superscaffold3	36234370	36759129	-0.147771	-0.042462	-0.025099	-0.076857
Superscaffold3	36759577	37175916	-0.161497	-0.118544	-0.065098	-0.075017
Superscaffold3	37175972	37363287	-0.267867	-0.226037	-0.112391	-0.181578
Superscaffold3	37364353	37598325	-0.377477	-0.205874	-0.120674	-0.251740
Superscaffold3	37598360	37726825	-0.461173	-0.334045	-0.183055	-0.335874
Superscaffold3	37726827	37891394	-0.570169	-0.362232	-0.204706	-0.435677
Superscaffold3	37891395	38146707	-0.379822	-0.134297	-0.098804	-0.138310
Superscaffold3	38146713	38277233	0.051189	0.032086	0.022851	0.021247
Superscaffold3	38277275	38496361	-0.228889	-0.099601	-0.065868	-0.114589
Superscaffold3	38496372	38780455	-0.589609	-0.386718	-0.224628	-0.452265
Superscaffold3	38780480	39241566	-0.190953	-0.040795	-0.027519	-0.136062
Superscaffold3	39241634	39853347	-0.313081	-0.087457	-0.050999	-0.230956
Superscaffold3	39853447	40392009	-0.097224	-0.024757	-0.017278	-0.054388
Superscaffold3	40392283	40794683	0.014468	0.004848	0.003204	0.008712
Superscaffold3	40794700	41273366	-0.123422	-0.046949	-0.028644	-0.067257
Superscaffold3	41273601	41975939	-0.121418	-0.022333	-0.015366	-0.068157
Superscaffold3	41975965	42402708	0.079762	0.019062	0.012529	0.049406
Superscaffold3	42402835	42915326	0.217678	0.075439	0.051851	0.124683
Superscaffold3	42915361	43222146	-0.112237	-0.042974	-0.025016	-0.080355
Superscaffold3	43222165	43690533	-0.577900	-0.261311	-0.150794	-0.429079
Superscaffold3	43690625	44033951	-0.065064	-0.036160	-0.019281	-0.035752
Superscaffold3	44033969	44403105	-0.104037	-0.049658	-0.028969	-0.066539
Superscaffold3	44403129	44698758	0.108107	0.037203	0.022997	0.072061
Superscaffold3	44698840	44889997	-0.331991	-0.156518	-0.090335	-0.196811
Superscaffold3	44890025	45093815	-0.127139	-0.064877	-0.039607	-0.066104
Superscaffold3	45093852	45444971	-0.033726	-0.012598	-0.008027	-0.014794
Superscaffold3	45445062	45746592	0.107892	0.065259	0.028234	0.055441
Superscaffold3	45746611	45999146	-0.151403	-0.119642	-0.045500	-0.081859
Superscaffold3	45999206	46186837	-0.342307	-0.248369	-0.130866	-0.208526
Superscaffold3	46186841	46290980	0.010018	0.009492	0.005259	-0.001011
Superscaffold3	46290986	46582888	0.065362	0.056730	0.029554	0.036571
Superscaffold3	46583035	47089844	-0.021699	-0.014345	-0.007735	-0.007834
Superscaffold3	47089846	47308122	0.192082	0.118816	0.060328	0.099872
Superscaffold3	47308149	47464380	-0.773229	-1.058076	-0.390020	-0.594298
Superscaffold3	47464444	47780056	-0.224183	-0.102134	-0.063130	-0.082528
Superscaffold3	47780130	48048704	-0.202840	-0.229614	-0.068596	-0.105790
Superscaffold3	48049125	48500670	-0.161896	-0.060577	-0.035044	-0.085490
Superscaffold3	48500681	48792064	0.186143	0.072723	0.050502	0.096737
Superscaffold3	48792303	48990016	0.213934	0.126571	0.078045	0.121898
Superscaffold3	48990042	49179586	-0.233606	-0.142021	-0.080865	-0.113087
Superscaffold3	49179601	49396862	-0.140651	-0.066960	-0.040590	-0.064515
Superscaffold3	49396912	49627125	-0.179598	-0.099667	-0.057189	-0.081225
Superscaffold3	49627148	49897579	-0.033051	-0.022082	-0.012637	-0.016247
Superscaffold3	49897695	50153396	-0.045278	-0.022169	-0.015050	-0.022193
Superscaffold3	50153438	50381395	-0.349231	-0.220460	-0.136038	-0.190755
Superscaffold3	50381415	50617286	-0.383271	-0.219531	-0.142786	-0.199365
Superscaffold3	50617312	50951790	-0.416805	-0.221673	-0.136518	-0.260116
Superscaffold3	50951798	51200454	-0.462238	-0.380016	-0.166710	-0.267021
Superscaffold3	51200464	51458241	-0.137002	-0.071279	-0.045005	-0.071828
Superscaffold3	51458265	51706649	-0.267490	-0.140095	-0.081996	-0.164579
Superscaffold3	51706670	51981053	-0.082502	-0.036399	-0.021415	-0.027532
Superscaffold3	51981054	52236205	-0.018787	-0.016927	-0.010066	-0.010059
Superscaffold3	52236206	52551934	-0.280325	-0.094436	-0.063780	-0.153765
Superscaffold3	52552028	52875863	-0.198071	-0.114533	-0.063766	-0.089952
Superscaffold3	52875885	53038266	-0.365398	-0.214888	-0.128253	-0.220205
Superscaffold3	53038330	53185629	-0.442074	-0.308000	-0.183191	-0.283906
Superscaffold3	53185635	53377482	-0.353216	-0.217262	-0.128326	-0.148319
Superscaffold3	53377733	53641213	-0.034953	-0.034469	-0.017060	-0.019440
Superscaffold3	53641227	53759970	-0.042564	-0.045454	-0.022244	-0.019599
Superscaffold3	53760064	53959756	0.093449	0.091823	0.049788	0.046649
Superscaffold3	53959806	54151401	0.081755	0.062979	0.039208	0.032737
Superscaffold3	54151421	54431201	-0.087968	-0.066111	-0.039872	-0.046445
Superscaffold3	54431407	54654429	-0.257491	-0.152206	-0.093075	-0.131335
Superscaffold3	54654448	54815595	0.031200	0.030583	0.016997	0.009120
Superscaffold3	54815647	55014641	-0.274099	-0.235391	-0.128231	-0.143974
Superscaffold3	55014652	55383511	-0.071218	-0.061622	-0.034647	-0.034605
Superscaffold3	55383519	55977086	-0.250652	-0.158563	-0.094019	-0.128126
Superscaffold3	55977244	56180983	-0.031751	-0.017332	-0.011675	-0.015494
Superscaffold3	56181028	56410932	-0.325591	-0.181804	-0.116608	-0.154751
Superscaffold3	56410972	56623986	-0.177764	-0.122160	-0.072986	-0.087960
Superscaffold3	56624048	56766698	-0.311862	-0.314028	-0.175056	-0.187049
Superscaffold3	56766779	56907380	-0.120799	-0.105577	-0.064699	-0.060109
Superscaffold3	56907447	57271775	-0.358645	-0.218892	-0.126165	-0.161719
Superscaffold3	57271786	57554055	-0.118484	-0.058985	-0.034599	-0.048856
Superscaffold3	57554113	57746616	0.028530	0.015616	0.009707	0.017244
Superscaffold3	57746621	58045136	-0.121787	-0.079588	-0.045924	-0.074917
Superscaffold3	58045167	58335242	0.156251	0.078506	0.049227	0.088560
Superscaffold3	58335342	58614125	-0.293673	-0.231015	-0.093010	-0.118662
Superscaffold3	58614210	59023763	-0.176782	-0.060308	-0.036790	-0.096580
Superscaffold3	59023789	59177009	0.026327	0.029476	0.013802	0.013744
Superscaffold3	59177153	59329593	-0.381138	-0.373017	-0.183491	-0.214899
Superscaffold3	59329594	59473458	-0.211797	-0.129254	-0.080844	-0.115928
Superscaffold3	59473488	59660930	-0.238331	-0.218752	-0.116241	-0.123751
Superscaffold3	59660961	59901020	0.099105	0.068997	0.038895	0.067510
Superscaffold3	59901140	60155874	-0.052600	-0.046611	-0.021492	-0.029466
Superscaffold3	60155875	60540929	0.015751	0.011723	0.006509	0.008064
Superscaffold3	60540942	60746352	-0.182103	-0.122212	-0.071923	-0.094355
Superscaffold3	60746354	61017195	-0.095925	-0.057713	-0.034089	-0.072855
Superscaffold3	61017206	61396623	-0.095414	-0.041082	-0.025803	-0.051332
Superscaffold3	61396630	61603481	-0.583017	-0.386465	-0.212036	-0.456996
Superscaffold3	61603499	61835667	-0.381388	-0.373020	-0.192695	-0.227943
Superscaffold3	61835677	62171351	-0.208499	-0.189281	-0.091271	-0.111836
Superscaffold3	62171419	62430769	-0.092839	-0.047100	-0.032854	-0.037759
Superscaffold3	62430882	62647965	-0.240587	-0.219719	-0.122367	-0.120418
Superscaffold3	62648008	62953558	-0.120516	-0.091227	-0.043116	-0.063308
Superscaffold3	62953575	63617602	0.013032	0.008404	0.004748	0.009440
Superscaffold3	63617622	63975254	-0.288932	-0.350456	-0.132764	-0.122232
Superscaffold3	63975278	64439000	-0.059165	-0.045684	-0.023081	-0.027061
Superscaffold3	64439012	64685622	0.095497	0.056847	0.027697	0.040755
Superscaffold3	64685655	64918244	-0.021273	-0.015783	-0.007849	-0.016763
Superscaffold3	64918380	65193866	-0.129177	-0.200650	-0.088316	-0.070837
Superscaffold3	65193952	65344786	-0.035099	-0.046476	-0.024845	-0.018648
Superscaffold3	65344964	65507049	-0.191658	-0.485958	-0.145722	-0.098252
Superscaffold3	65507134	65660001	0.013988	0.019374	0.010335	0.005513
Superscaffold3	65660261	65776232	0.004339	0.005969	0.003171	0.000185
Superscaffold3	65776306	65922613	-0.216573	-0.300774	-0.160983	-0.117210
Superscaffold3	65922629	66127678	-0.203860	-0.303408	-0.121401	-0.115808
Superscaffold3	66127977	66363959	-0.228773	-0.216741	-0.099291	-0.105952
Superscaffold3	66363978	66620923	-0.336062	-0.127251	-0.080083	-0.134034
Superscaffold3	66620975	66830070	-0.179684	-0.134288	-0.075346	-0.059047
Superscaffold3	66830140	67041238	-0.139744	-0.092677	-0.063152	-0.063545
Superscaffold3	67041271	67179914	-0.176314	-0.330743	-0.102273	-0.078617
Superscaffold4	173902	372161	-0.201342	-0.434844	-0.191137	-0.104777
Superscaffold4	372192	658373	-0.038039	-0.051681	-0.024881	-0.014604
Superscaffold4	658475	842381	0.017883	0.024908	0.012569	0.007139
Superscaffold4	842392	1009203	-0.206018	-0.385361	-0.153153	-0.107235
Superscaffold4	1009208	1196759	-0.026032	-0.036646	-0.017261	-0.012731
Superscaffold4	1196822	1420191	0.070651	0.089248	0.044177	0.037786
Superscaffold4	1420266	1832232	0.007351	0.009564	0.004806	0.002841
Superscaffold4	1832293	2210448	0.096916	0.077116	0.047562	0.049564
Superscaffold4	2210477	2536866	0.025555	0.023856	0.013339	0.012219
Superscaffold4	2536950	2898336	-0.109918	-0.111732	-0.051990	-0.060849
Superscaffold4	2898391	3055689	-0.228957	-0.331255	-0.153066	-0.156411
Superscaffold4	3055705	3192443	-0.224815	-0.345589	-0.157147	-0.136673
Superscaffold4	3192453	3325700	-0.218512	-0.233229	-0.122393	-0.105345
Superscaffold4	3325738	3663221	-0.103280	-0.117394	-0.056997	-0.064366
Superscaffold4	3663236	3863430	-0.063014	-0.096575	-0.046714	-0.036229
Superscaffold4	3863445	4005599	-0.017397	-0.018230	-0.009402	-0.007525
Superscaffold4	4005674	4155803	-0.211925	-0.547087	-0.139771	-0.080550
Superscaffold4	4155806	4518537	-0.047068	-0.043518	-0.024040	-0.018569
Superscaffold4	4518999	5184247	0.006824	0.005847	0.003111	0.002197
Superscaffold4	5184255	5316159	-0.011301	-0.011702	-0.006906	-0.007388
Superscaffold4	5316169	5484871	-0.108360	-0.211368	-0.083468	-0.048481
Superscaffold4	5484907	6088160	0.100860	0.064460	0.038138	0.045477
Superscaffold4	6088182	6430865	0.041722	0.040504	0.022223	0.019474
Superscaffold4	6430896	6566402	0.061293	0.068874	0.041390	0.024820
Superscaffold4	6566459	6676321	-0.003193	-0.003375	-0.002021	-0.003158
Superscaffold4	6676354	6951678	0.127257	0.154598	0.085795	0.065952
Superscaffold4	6951803	7098290	-0.074449	-0.073653	-0.044707	-0.032997
Superscaffold4	7098328	7218031	0.077430	0.096082	0.055820	0.046097
Superscaffold4	7218042	7355293	-0.000552	-0.000695	-0.000337	-0.000295
Superscaffold4	7355415	7643326	-0.046124	-0.075357	-0.030895	-0.027810
Superscaffold4	7643345	7732410	-0.023514	-0.036427	-0.018945	-0.013701
Superscaffold4	7732434	7881522	-0.083900	-0.136189	-0.061078	-0.054510
Superscaffold4	7881549	7981259	-0.090533	-0.139014	-0.060049	-0.045597
Superscaffold4	7981464	8610013	0.139768	0.087281	0.052260	0.081533
Superscaffold4	8610026	8700359	0.122684	0.156936	0.091802	0.056531
Superscaffold4	8700379	8836695	-0.030156	-0.039142	-0.021198	-0.015879
Superscaffold4	8836731	8955488	0.076847	0.099315	0.053633	0.033511
Superscaffold4	8955606	9060206	0.015492	0.024589	0.011416	0.002849
Superscaffold4	9060361	9182580	-0.054337	-0.110977	-0.048460	-0.025000
Superscaffold4	9182675	9445540	-0.106068	-0.109676	-0.047546	-0.053838
Superscaffold4	9445560	9690120	-0.092694	-0.064660	-0.038011	-0.053904
Superscaffold4	9690212	9793435	0.008187	0.012016	0.006194	0.001962
Superscaffold4	9794804	9963656	0.034738	0.044048	0.024791	0.015131
Superscaffold4	9963661	10057511	0.121097	0.186152	0.099913	0.067239
Superscaffold4	10057704	10287748	0.003665	0.004634	0.002347	0.002153
Superscaffold4	10287832	10940221	0.035779	0.018280	0.010931	0.023554
Superscaffold4	10940223	11314454	0.126492	0.098367	0.049083	0.086091
Superscaffold4	11314482	11447743	-0.008618	-0.011507	-0.006510	-0.006438
Superscaffold4	11447780	11592008	0.074311	0.077213	0.045082	0.035146
Superscaffold4	11592030	11803214	0.101371	0.070712	0.040440	0.028858
Superscaffold4	11803311	11977155	0.138531	0.102370	0.061024	0.067118
Superscaffold4	11977194	12132299	0.120233	0.108739	0.066599	0.066002
Superscaffold4	12132344	12345560	-0.058140	-0.034299	-0.022027	-0.023813
Superscaffold4	12345588	12509912	0.083659	0.093312	0.047608	0.038412
Superscaffold4	12509963	12771022	0.082474	0.080894	0.047218	0.036665
Superscaffold4	12771033	12908709	-0.133005	-0.165300	-0.085043	-0.066696
Superscaffold4	12908765	13059789	0.055987	0.039737	0.026312	0.019378
Superscaffold4	13059861	13213253	-0.047192	-0.045839	-0.029426	-0.024454
Superscaffold4	13213287	13322230	0.035163	0.053649	0.026534	0.015716
Superscaffold4	13322255	13548404	-0.035126	-0.024735	-0.015247	-0.010864
Superscaffold4	13550700	13709438	0.011904	0.012585	0.007430	0.005058
Superscaffold4	13709450	13909236	0.008970	0.009639	0.004528	0.001930
Superscaffold4	13909249	14230707	0.081885	0.070734	0.036426	0.021496
Superscaffold4	14230744	14457255	-0.023050	-0.020770	-0.011670	-0.012438
Superscaffold4	14457313	14588946	-0.060950	-0.071365	-0.038120	-0.034969
Superscaffold4	14588950	14771678	0.095716	0.071313	0.046944	0.040582
Superscaffold4	14771751	14933752	-0.042481	-0.038169	-0.022483	-0.015551
Superscaffold4	14933770	15161608	0.068659	0.093607	0.050125	0.027678
Superscaffold4	15161626	15254445	0.245306	0.254681	0.160243	0.131074
Superscaffold4	15254470	15931667	0.109316	0.127256	0.060193	0.059178
Superscaffold4	15931736	16120169	0.094066	0.118810	0.065684	0.045974
Superscaffold4	16120314	16273357	-0.098031	-0.137975	-0.062377	-0.053620
Superscaffold4	16273390	16519431	-0.170457	-0.143561	-0.076363	-0.090872
Superscaffold4	16519448	16711770	0.038542	0.037070	0.018369	0.019485
Superscaffold4	16711813	16929500	0.054818	0.054353	0.032201	0.029576
Superscaffold4	16929501	17205353	0.021573	0.019721	0.010628	0.006968
Superscaffold4	17205354	17481345	-0.035919	-0.043333	-0.020676	-0.028427
Superscaffold4	17481362	17623967	-0.081036	-0.086536	-0.050945	-0.038067
Superscaffold4	17623982	17764259	-0.117424	-0.234423	-0.089182	-0.059251
Superscaffold4	17764260	17866267	0.029360	0.046279	0.025077	0.013840
Superscaffold4	17866357	18003243	-0.004288	-0.005134	-0.002914	-0.002082
Superscaffold4	18003269	18251008	-0.026056	-0.026483	-0.013568	-0.013265
Superscaffold4	18251183	18377068	0.051284	0.059222	0.033513	0.027088
Superscaffold4	18377103	18879266	-0.481306	-0.523883	-0.240272	-0.328596
Superscaffold4	18879334	19294658	-0.322405	-0.102225	-0.065869	-0.199102
Superscaffold4	19294664	19548528	0.037080	0.014751	0.008428	0.034531
Superscaffold4	19548804	19798511	-0.191718	-0.159950	-0.081635	-0.071355
Superscaffold4	19798607	19980332	0.161344	0.113264	0.074627	0.071359
Superscaffold4	19980370	20153962	-0.017806	-0.013280	-0.008392	-0.005379
Superscaffold4	20153988	20319925	0.013988	0.013331	0.007009	0.012297
Superscaffold4	20320134	20571760	0.028366	0.022510	0.013498	0.022149
Superscaffold4	20571774	20782138	0.080291	0.076190	0.042844	0.038878
Superscaffold4	20782177	21059844	-0.429586	-0.480674	-0.220627	-0.226831
Superscaffold4	21059890	21445242	-0.126024	-0.082734	-0.049734	-0.052924
Superscaffold4	21447930	22012497	0.082182	0.030928	0.021341	0.030869
Superscaffold4	22012517	22158364	-0.029459	-0.034528	-0.019861	-0.014842
Superscaffold4	22158430	22324221	-0.151567	-0.234886	-0.097098	-0.082424
Superscaffold4	22324242	22419901	0.035287	0.060721	0.033257	0.014519
Superscaffold4	22419974	22541386	0.000324	0.000334	0.000188	0.003744
Superscaffold4	22541432	22668687	0.005055	0.006735	0.003626	0.000581
Superscaffold4	22668703	22783050	-0.032313	-0.050834	-0.021046	-0.010735
Superscaffold4	22783097	22904251	-0.217151	-0.364584	-0.131870	-0.098402
Superscaffold4	22904285	23032628	-0.297306	-0.299626	-0.159992	-0.141016
Superscaffold4	23032647	23223822	-0.219340	-0.239184	-0.132031	-0.120984
Superscaffold4	23223935	23335298	0.014665	0.013750	0.008786	0.007285
Superscaffold4	23335302	23529875	-0.065471	-0.065758	-0.033397	-0.043441
Superscaffold4	23529884	23678523	-0.253627	-0.227633	-0.124406	-0.115599
Superscaffold4	23678526	23935387	0.026353	0.025892	0.015749	0.017566
Superscaffold4	23935525	24330658	-0.016818	-0.013250	-0.007288	-0.008172
Superscaffold4	24330693	24509247	-0.114061	-0.075248	-0.052901	-0.042612
Superscaffold4	24509542	24698394	-0.093078	-0.063049	-0.040815	-0.041581
Superscaffold4	24698399	25010612	0.008007	0.003410	0.002023	0.003299
Superscaffold4	25010689	25283281	-0.028607	-0.018104	-0.012717	-0.019838
Superscaffold4	25283283	25398229	-0.240882	-0.173942	-0.113372	-0.097647
Superscaffold4	25398598	25614133	0.152993	0.121715	0.082864	0.088766
Superscaffold4	25614142	25775552	-0.004443	-0.003105	-0.002087	-0.003445
Superscaffold4	25775562	25943428	-0.019672	-0.014024	-0.008331	-0.006814
Superscaffold4	25943443	26320333	-0.062327	-0.077744	-0.038976	-0.032361
Superscaffold4	26320502	26526648	-0.108682	-0.092470	-0.049503	-0.043856
Superscaffold4	26526651	26665294	0.065674	0.046815	0.032392	0.020590
Superscaffold4	26665307	26843500	0.110283	0.140564	0.088077	0.060491
Superscaffold4	26843526	26973770	0.272404	0.416999	0.251540	0.154926
Superscaffold4	26973866	27193653	-0.115546	-0.072943	-0.041589	-0.042814
Superscaffold4	27193736	27403831	-0.002379	-0.001391	-0.000921	-0.002429
Superscaffold4	27403839	27678656	0.182138	0.058697	0.043827	0.099169
Superscaffold4	27678728	27881727	0.212739	0.170441	0.094790	0.097418
Superscaffold4	27881826	28148961	-0.080900	-0.071319	-0.039318	-0.045078
Superscaffold4	28148983	28297324	0.124868	0.156873	0.086220	0.070232
Superscaffold4	28297333	28509959	-0.016035	-0.022528	-0.010249	-0.009410
Superscaffold4	28509964	28771546	0.089364	0.110347	0.055060	0.040852
Superscaffold4	28771800	28931138	0.105081	0.110606	0.067631	0.050457
Superscaffold4	28931258	29084037	0.127772	0.106740	0.062304	0.073829
Superscaffold4	29084038	29264755	-0.138892	-0.115986	-0.070769	-0.063552
Superscaffold4	29264768	29445310	0.030284	0.040756	0.021044	0.014051
Superscaffold4	29445460	29602502	-0.024485	-0.040189	-0.019491	-0.014821
Superscaffold4	29602513	29765832	0.375216	0.369907	0.232474	0.244403
Superscaffold4	29765839	29954222	0.100618	0.093237	0.054448	0.056650
Superscaffold4	29954294	30172382	0.099616	0.104603	0.056791	0.046578
Superscaffold4	30172418	30334911	0.120089	0.105667	0.059557	0.061065
Superscaffold4	30334919	30485261	0.027946	0.032840	0.017594	0.014092
Superscaffold4	30485286	30585774	-0.040242	-0.045840	-0.027097	-0.015717
Superscaffold4	30585776	30773987	-0.101355	-0.085747	-0.046038	-0.046483
Superscaffold4	30773989	31045255	-0.100075	-0.110561	-0.047755	-0.045211
Superscaffold4	31045306	31969493	-0.067333	-0.048351	-0.026093	-0.033131
Superscaffold4	31969497	32189491	0.096956	0.087217	0.051920	0.041968
Superscaffold4	32189556	32432396	0.123543	0.100349	0.055573	0.059235
Superscaffold4	32432404	32716861	0.067377	0.042192	0.026385	0.030520
Superscaffold4	32716918	33075175	-0.018735	-0.010322	-0.006292	-0.007643
Superscaffold4	33075357	33422461	-0.254019	-0.231212	-0.142384	-0.141541
Superscaffold4	33422539	33651707	-0.275065	-0.376284	-0.138333	-0.107427
Superscaffold4	33651720	33905988	0.084689	0.080363	0.040681	0.045743
Superscaffold4	33906030	34273077	-0.072530	-0.047034	-0.029205	-0.028502
Superscaffold4	34273099	34501957	0.177507	0.086336	0.059901	0.044848
Superscaffold4	34501977	34893614	-0.022589	-0.009206	-0.006498	-0.012102
Superscaffold4	34893638	35085393	0.017094	0.013425	0.008650	0.007191
Superscaffold4	35085466	35358863	-0.066830	-0.063383	-0.036982	-0.034843
Superscaffold4	35358884	35625654	0.070841	0.057444	0.029241	0.020477
Superscaffold4	35625696	35985912	0.102020	0.103273	0.057479	0.047749
Superscaffold4	35985934	36172560	-0.081910	-0.085009	-0.051002	-0.035798
Superscaffold4	36172582	36386152	-0.078434	-0.059846	-0.035493	-0.033410
Superscaffold4	36386177	36588136	-0.219554	-0.135035	-0.083996	-0.119056
Superscaffold4	36588139	37075269	0.200312	0.150043	0.100810	0.099478
Superscaffold4	37075302	37308449	0.050896	0.044193	0.022136	0.034021
Superscaffold4	37308517	37771425	-0.164602	-0.132595	-0.071233	-0.096639
Superscaffold4	37771427	38269382	0.198184	0.103063	0.067670	0.111369
Superscaffold4	38269438	38884086	-0.108238	-0.083725	-0.041541	-0.059870
Superscaffold4	38884091	39686176	-0.110046	-0.064044	-0.034316	-0.054919
Superscaffold4	39686186	39797076	-0.486015	-0.546444	-0.261095	-0.322628
Superscaffold4	39797126	40043744	-0.027309	-0.021877	-0.013813	-0.012779
Superscaffold4	40043759	40375800	-0.005416	-0.004758	-0.002589	-0.003463
Superscaffold4	40375938	40664496	0.052398	0.041653	0.023677	0.022176
Superscaffold4	40664501	40846796	-0.057575	-0.076208	-0.037078	-0.027574
Superscaffold4	40846862	41020095	0.047697	0.041987	0.022003	0.018779
Superscaffold4	41020313	41298538	-0.074723	-0.071241	-0.045926	-0.036641
Superscaffold4	41298619	41808985	0.020584	0.021641	0.011090	0.009234
Superscaffold4	41809013	42131966	-0.010954	-0.008731	-0.004841	-0.004870
Superscaffold4	42132040	42412766	-0.041376	-0.025004	-0.014927	-0.017378
Superscaffold4	42412862	42547623	-0.179611	-0.240825	-0.122656	-0.079650
Superscaffold4	42547639	43034301	-0.089564	-0.056239	-0.032609	-0.044597
Superscaffold4	43034347	43271213	-0.295387	-0.216043	-0.098890	-0.182435
Superscaffold4	43271257	43702613	-0.061443	-0.049007	-0.025842	-0.042152
Superscaffold4	43702696	43911920	-0.066068	-0.055897	-0.029090	-0.039254
Superscaffold4	43911939	44038313	-0.019538	-0.016304	-0.008823	-0.008865
Superscaffold4	44038323	44246917	-0.116675	-0.132832	-0.055088	-0.065916
Superscaffold4	44246919	44493402	-0.092775	-0.044973	-0.029314	-0.029286
Superscaffold4	44493660	44997326	0.138420	0.047516	0.034216	0.054330
Superscaffold4	44997357	45220199	-0.058409	-0.041648	-0.024811	-0.022188
Superscaffold4	45220310	45523395	-0.112262	-0.058412	-0.034514	-0.036324
Superscaffold4	45523567	45744990	-0.091551	-0.102107	-0.051615	-0.031442
Superscaffold4	45745140	46027483	-0.140245	-0.228642	-0.100304	-0.072949
Superscaffold4	46027484	46160173	-0.035925	-0.038389	-0.022086	-0.013286
Superscaffold4	46160230	46263795	-0.100027	-0.106868	-0.068285	-0.045317
Superscaffold4	46263828	46413596	-0.147246	-0.071886	-0.051532	-0.056625
Superscaffold4	46414009	46601890	-0.175366	-0.089663	-0.067675	-0.068341
Superscaffold4	46601902	46789019	-0.253659	-0.198981	-0.143479	-0.180826
Superscaffold4	46789022	47061393	0.064888	0.068801	0.045044	0.024209
Superscaffold4	47061437	47404026	-0.190441	-0.147116	-0.068263	-0.094154
Superscaffold4	47404073	47594652	0.246752	0.159699	0.127649	0.146346
Superscaffold4	47594659	47784741	0.106154	0.078307	0.052098	0.055564
Superscaffold4	47784859	48015976	-0.023428	-0.019068	-0.011406	-0.010383
Superscaffold4	48016012	48375954	-0.100743	-0.079855	-0.043333	-0.045625
Superscaffold4	48375988	48718089	-0.074217	-0.029828	-0.022983	-0.047419
Superscaffold4	48718102	49170680	0.088151	0.028362	0.021705	0.049826
Superscaffold4	49170721	49515174	0.059887	0.018831	0.013326	0.025826
Superscaffold4	49515229	49792749	0.051721	0.052948	0.030313	0.025454
Superscaffold4	49792826	50175800	-0.123602	-0.044259	-0.032946	-0.065355
Superscaffold4	50175803	50516938	0.037979	0.010444	0.008072	0.018617
Superscaffold4	50516940	50773879	-0.574865	-0.452504	-0.202792	-0.438609
Superscaffold4	50773891	50979680	-0.106554	-0.050530	-0.035873	-0.043872
Superscaffold4	50979741	51328554	0.141174	0.084855	0.055290	0.074278
Superscaffold4	51328571	51518212	0.188491	0.134433	0.076807	0.108871
Superscaffold4	51518219	51701610	0.113511	0.087551	0.056774	0.062002
Superscaffold4	51701612	52151457	0.301779	0.133185	0.073243	0.185369
Superscaffold4	52151517	52704905	0.715896	0.426605	0.214368	0.560131
Superscaffold4	52704912	53341384	0.308699	0.098033	0.065180	0.200718
Superscaffold4	53342211	54097532	-0.168568	-0.048719	-0.028986	-0.086022
Superscaffold4	54097533	54359843	-0.036621	-0.019353	-0.013180	-0.018704
Superscaffold4	54359852	54752320	-0.036257	-0.007920	-0.005694	-0.021421
Superscaffold4	54752411	55220481	-0.117763	-0.027447	-0.016447	-0.054976
Superscaffold4	55220855	55496651	0.064815	0.020375	0.012315	0.022067
Superscaffold4	55496655	55690332	-0.394495	-0.398091	-0.182396	-0.224445
Superscaffold4	55690341	55878624	0.019745	0.014036	0.008529	0.009946
Superscaffold4	55878627	56141704	-0.194401	-0.187780	-0.092652	-0.080761
Superscaffold4	56141733	56266010	-0.450778	-0.900844	-0.254387	-0.210307
Superscaffold4	56266011	56382114	0.012847	0.015370	0.007995	0.006852
Superscaffold4	56382115	56520701	-0.040224	-0.046397	-0.018804	-0.016525
Superscaffold4	56521333	56699363	-0.098747	-0.134680	-0.058150	-0.056964
Superscaffold4	56699474	56850646	-0.029660	-0.022106	-0.014064	-0.016567
Superscaffold4	56850728	56985358	-0.163192	-0.194437	-0.086890	-0.070076
Superscaffold4	56985439	57442206	-0.038136	-0.025298	-0.014267	-0.019589
Superscaffold4	57442212	57856052	0.016302	0.008987	0.005028	0.009407
Superscaffold4	57856053	58149693	0.106466	0.065201	0.043633	0.050218
Superscaffold4	58149709	58289407	0.098169	0.091668	0.064482	0.050866
Superscaffold4	58289422	58478895	0.026406	0.028520	0.016846	0.008667
Superscaffold4	58478898	58629445	0.110395	0.152210	0.079656	0.040940
Superscaffold4	58629514	58825591	0.257195	0.183174	0.114559	0.084136
Superscaffold4	58825605	59043567	-0.084594	-0.065215	-0.043779	-0.042856
Superscaffold4	59043592	59128874	0.037118	0.058729	0.027006	0.012801
Superscaffold4	59128954	59234405	0.136705	0.192560	0.104782	0.060949
Superscaffold4	59234413	59386091	0.039203	0.042541	0.023948	0.020470
Superscaffold4	59386096	59539775	0.104852	0.091155	0.056435	0.062621
Superscaffold4	59539777	59762747	0.190606	0.147602	0.094533	0.096764
Superscaffold4	59762750	59898540	0.141066	0.158747	0.085076	0.064228
Superscaffold4	59898609	60467965	0.160919	0.114058	0.065294	0.083312
Superscaffold4	60468134	60808712	0.091752	0.082383	0.039775	0.045977
Superscaffold4	60808876	61277106	0.098058	0.105452	0.051901	0.047532
Superscaffold4	61277107	61458820	0.122792	0.103489	0.064194	0.054191
Superscaffold4	61458838	61627149	0.044280	0.029829	0.018540	0.020350
Superscaffold4	61627152	61953445	-0.078649	-0.025917	-0.021353	-0.053632
Superscaffold4	61953560	62208648	-0.361404	-0.163126	-0.121894	-0.251359
Superscaffold4	62208681	62406202	-0.152819	-0.114922	-0.068500	-0.086809
Superscaffold4	62406220	62742629	-0.209889	-0.184889	-0.101155	-0.111854
Superscaffold4	62742631	63123360	0.039704	0.033564	0.018238	0.017282
Superscaffold4	63123422	63422535	0.017010	0.015134	0.008316	0.007861
Superscaffold4	63422541	63710890	-0.014702	-0.013541	-0.006992	-0.006992
Superscaffold4	63710912	63828147	0.024276	0.033155	0.015306	0.008909
Superscaffold4	63828160	64041152	-0.074165	-0.058867	-0.035251	-0.036670
Superscaffold4	64041193	64178112	-0.005089	-0.005060	-0.002904	-0.006003
Superscaffold4	64178130	64294236	-0.075001	-0.067441	-0.033117	-0.028777
Superscaffold4	64294249	64416337	0.233169	0.243929	0.130918	0.122772
Superscaffold4	64416342	64540875	0.170905	0.139157	0.084502	0.065519
Superscaffold4	64540907	65067265	-0.299519	-0.188889	-0.094098	-0.168140
Superscaffold4	65067401	65244985	-0.200087	-0.201782	-0.102347	-0.104474
Superscaffold4	65244990	65426032	-0.395558	-0.514815	-0.188215	-0.213071
Superscaffold4	65426357	66127743	0.075371	0.049027	0.031100	0.041714
Superscaffold4	66127954	66660264	-0.018872	-0.006612	-0.003914	-0.008555
Superscaffold4	66660270	66935305	-0.073283	-0.026662	-0.018132	-0.032935
Superscaffold4	66935365	67176172	-0.770506	-0.705668	-0.341806	-0.635226
Superscaffold4	67176266	67383082	-0.159216	-0.157799	-0.084587	-0.094066
Superscaffold4	67383083	67682891	-0.040405	-0.027957	-0.017674	-0.021796
Superscaffold4	67682898	68076463	-0.310494	-0.284385	-0.149116	-0.200891
Superscaffold4	68076477	68251393	-0.388850	-0.504239	-0.268432	-0.276393
Superscaffold4	68251630	68388134	0.133074	0.143672	0.063559	0.070531
Superscaffold4	68388141	68544639	0.283782	0.234344	0.129433	0.158034
Superscaffold4	68544703	68663241	-0.022338	-0.021786	-0.011672	-0.008822
Superscaffold4	68663269	68810545	0.106267	0.086126	0.057965	0.067039
Superscaffold4	68810645	69044019	0.183960	0.168787	0.093308	0.088522
Superscaffold4	69044025	69221455	0.019434	0.012311	0.008521	0.006031
Superscaffold4	69221467	69481308	-0.068875	-0.084821	-0.038782	-0.037028
Superscaffold4	69481310	69683884	-0.091525	-0.111230	-0.053226	-0.048237
Superscaffold4	69683885	69813768	0.010599	0.011465	0.006467	0.005538
Superscaffold4	69813853	69927387	0.044145	0.068061	0.029469	0.021195
Superscaffold4	69927435	70285341	-0.035018	-0.034393	-0.017072	-0.017839
Superscaffold4	70285689	70470360	0.055611	0.066865	0.037002	0.027484
Superscaffold4	70470362	70753548	-0.084531	-0.111878	-0.053207	-0.049811
Superscaffold4	70753564	70893779	-0.074410	-0.093875	-0.049165	-0.047249
Superscaffold4	70893781	71529181	-0.004926	-0.002696	-0.001617	0.002292
Superscaffold4	71529192	71799557	0.141248	0.115697	0.078439	0.061236
Superscaffold4	71799574	72746273	-0.035189	-0.011003	-0.007744	-0.013183
Superscaffold4	72746323	73080478	0.139903	0.066863	0.040818	0.070383
Superscaffold4	73080687	73339084	-0.168791	-0.086979	-0.055844	-0.077298
Superscaffold4	73339097	73454650	-0.247814	-0.366986	-0.150059	-0.141170
Superscaffold4	73454695	73731342	-0.071203	-0.052997	-0.029751	-0.054744
Superscaffold4	73731372	73993885	0.301004	0.262536	0.163178	0.184160
Superscaffold4	73993911	74351500	0.140811	0.138808	0.077863	0.069405
Superscaffold4	74351524	74598755	0.100643	0.066859	0.046111	0.042453
Superscaffold4	74599542	74721508	0.214575	0.160089	0.109319	0.128306
Superscaffold4	74721514	74868229	-0.028085	-0.035194	-0.021480	-0.015411
Superscaffold4	74868247	75145316	0.270929	0.161036	0.102703	0.116230
Superscaffold4	75145379	75292953	0.032327	0.039959	0.019020	0.011339
Superscaffold4	75292982	75717278	0.136819	0.128823	0.074558	0.070346
Superscaffold4	75717299	75993996	0.503773	0.198630	0.131666	0.368271
Superscaffold4	75994001	76599995	-0.124546	-0.107761	-0.047407	-0.055446
Superscaffold4	76600066	76762770	0.184505	0.161935	0.080718	0.093313
Superscaffold4	76762792	76931884	-0.403759	-0.363901	-0.182821	-0.230435
Superscaffold4	76931914	77352297	-0.036804	-0.024002	-0.011508	-0.019129
Superscaffold4	77352382	77578136	-0.396360	-0.834267	-0.133249	-0.165174
Superscaffold4	77578186	77761162	-0.019328	-0.030882	-0.010622	-0.009399
Superscaffold4	77761846	78067598	-0.399805	-0.596665	-0.228469	-0.239243
Superscaffold4	78067650	78367905	0.096333	0.099403	0.055587	0.041362
Superscaffold4	78367926	78499804	-0.000316	-0.000471	-0.000244	-0.003299
Superscaffold4	78499822	78700756	-0.019556	-0.016285	-0.009418	-0.008388
Superscaffold4	78700768	78852960	0.059993	0.074258	0.035034	0.032374
Superscaffold4	78852989	79125126	0.080332	0.057403	0.036455	0.039086
Superscaffold4	79125133	79216323	0.014722	0.031037	0.017582	0.006688
Superscaffold4	79216361	79896662	0.052930	0.025446	0.016740	0.017969
Superscaffold4	79896789	80130642	-0.126283	-0.237050	-0.090226	-0.049625
Superscaffold4	80130671	80274370	-0.092117	-0.106318	-0.057760	-0.042182
Superscaffold4	80274431	80414102	-0.163499	-0.100111	-0.067958	-0.074220
Superscaffold4	80414103	80633929	-0.276290	-0.221290	-0.120069	-0.137388
Superscaffold4	80633943	80787135	0.026963	0.024011	0.014197	0.007785
Superscaffold4	80787263	80990538	0.049752	0.053654	0.026353	0.020011
Superscaffold4	80990620	81219572	0.060540	0.068423	0.032403	0.024743
Superscaffold4	81219599	81379918	0.132815	0.169753	0.102082	0.063362
Superscaffold4	81379943	81521842	0.173200	0.202278	0.128505	0.062764
Superscaffold4	81521928	81825095	0.239028	0.161118	0.107158	0.141068
Superscaffold4	81825389	82445250	0.098631	0.052688	0.027857	0.043984
Superscaffold4	82445352	82718247	-0.050428	-0.022097	-0.015826	-0.026678
Superscaffold4	82718261	82890903	-0.085846	-0.074510	-0.045185	-0.046047
Superscaffold4	82890983	83021572	-0.104820	-0.115785	-0.064860	-0.062385
Superscaffold4	83021606	83128657	-0.120150	-0.161857	-0.067975	-0.062202
Superscaffold4	83128673	83292998	-0.068278	-0.085913	-0.042390	-0.036708
Superscaffold4	83293014	83393913	0.001190	0.002126	0.001112	-0.005173
Superscaffold4	83393964	83540973	-0.086453	-0.105712	-0.048689	-0.032560
Superscaffold4	83541192	83677712	-0.206795	-0.182136	-0.116290	-0.100003
Superscaffold4	83679824	83987301	-0.139040	-0.104054	-0.072592	-0.079922
Superscaffold4	83987348	84308346	-0.080516	-0.077784	-0.050044	-0.051584
Superscaffold4	84308528	84446365	-0.131087	-0.107901	-0.071278	-0.064435
Superscaffold4	84446400	84592784	-0.299403	-0.545946	-0.191786	-0.169756
Superscaffold4	84592790	84787142	0.097886	0.095332	0.060264	0.051894
Superscaffold4	84787291	84873985	0.142687	0.210700	0.114017	0.077724
Superscaffold4	84874022	85466378	-0.298750	-0.282186	-0.127990	-0.188479
Superscaffold4	85466382	85949353	-0.181221	-0.150802	-0.076326	-0.091191
Superscaffold4	85949369	86033618	-0.285089	-0.312173	-0.183992	-0.155256
Superscaffold4	86033674	86186927	-0.348896	-0.528720	-0.263363	-0.212245
Superscaffold4	86186998	86312656	0.087471	0.081934	0.054956	0.038742
Superscaffold4	86312662	86464917	0.014394	0.014795	0.007813	0.009087
Superscaffold4	86464942	86567802	0.076777	0.090673	0.049175	0.036312
Superscaffold5	63311	186779	-0.380409	-0.519982	-0.213329	-0.214325
Superscaffold5	186783	307195	-0.360262	-0.513933	-0.207986	-0.201307
Superscaffold5	307211	488197	-0.096975	-0.083734	-0.045569	-0.041148
Superscaffold5	488234	616057	0.027145	0.026528	0.016275	0.015853
Superscaffold5	616071	805450	-0.062013	-0.041709	-0.025179	-0.026998
Superscaffold5	805456	1092649	-0.055759	-0.035425	-0.021746	-0.018149
Superscaffold5	1092668	1279985	-0.217484	-0.186126	-0.105814	-0.095042
Superscaffold5	1279987	1489736	-0.296477	-0.214199	-0.117882	-0.151207
Superscaffold5	1489737	1794814	0.230875	0.200397	0.129308	0.130218
Superscaffold5	1794878	1954155	0.450460	0.481996	0.228300	0.315265
Superscaffold5	1954585	2124339	-0.344474	-0.793012	-0.147994	-0.141120
Superscaffold5	2124341	2281619	0.072369	0.054983	0.027875	0.033968
Superscaffold5	2281629	2446617	-0.309544	-0.313312	-0.134116	-0.194137
Superscaffold5	2446665	2827523	-0.327695	-0.217463	-0.130723	-0.156885
Superscaffold5	2827627	2971104	-0.138675	-0.119402	-0.071149	-0.073663
Superscaffold5	2971142	3159666	-0.514249	-0.700379	-0.299301	-0.340510
Superscaffold5	3159693	3444365	0.093219	0.054645	0.033938	0.039173
Superscaffold5	3445151	3670480	0.136602	0.057704	0.037898	0.057596
Superscaffold5	3670504	4102771	0.073411	0.032275	0.020908	0.030456
Superscaffold5	4102778	4641440	0.419321	0.246428	0.172389	0.184656
Superscaffold5	4641541	5291619	-0.269725	-0.237087	-0.106943	-0.152387
Superscaffold5	5291641	6046844	-0.051041	-0.015249	-0.010489	-0.022423
Superscaffold5	6046868	6608270	-0.002108	-0.000665	-0.000397	-0.002869
Superscaffold5	6608496	7230917	-0.239092	-0.163724	-0.076671	-0.120392
Superscaffold5	7230922	7406618	-0.296695	-0.226325	-0.117014	-0.139017
Superscaffold5	7406665	7628090	0.101225	0.052690	0.033249	0.047867
Superscaffold5	7628120	7920576	0.242095	0.162920	0.099834	0.103789
Superscaffold5	7920786	8215811	-0.000844	-0.000630	-0.000365	-0.002313
Superscaffold5	8215859	8602533	0.015917	0.009547	0.006100	0.013745
Superscaffold5	8602549	8790650	-0.192558	-0.325598	-0.131180	-0.097705
Superscaffold5	8790713	8927407	-0.194470	-0.306808	-0.111143	-0.092395
Superscaffold5	8927424	9113667	-0.087571	-0.107084	-0.040444	-0.033241
Superscaffold5	9113697	9238146	-0.121492	-0.131114	-0.067710	-0.070861
Superscaffold5	9238155	9363384	-0.235854	-0.464802	-0.155925	-0.115966
Superscaffold5	9363419	9556693	0.078965	0.034739	0.023652	0.036308
Superscaffold5	9556703	9679232	0.160242	0.193698	0.108489	0.078591
Superscaffold5	9679269	10560795	0.007561	0.006767	0.003507	-0.000459
Superscaffold5	10560804	10719430	-0.247635	-0.239712	-0.113338	-0.127238
Superscaffold5	10719447	10828678	-0.342948	-0.538458	-0.202756	-0.182159
Superscaffold5	10828729	11033491	0.227875	0.128791	0.084260	0.130050
Superscaffold5	11033493	11336224	0.108278	0.058832	0.033892	0.057352
Superscaffold5	11336464	11560662	-0.240896	-0.189878	-0.081561	-0.115084
Superscaffold5	11560680	12445082	0.055762	0.061990	0.030639	0.032972
Superscaffold5	12445104	12790735	-0.059576	-0.054025	-0.026333	-0.034102
Superscaffold5	12790797	13873463	-0.076333	-0.062741	-0.031110	-0.053022
Superscaffold5	13873591	14119237	0.179083	0.161595	0.090672	0.088538
Superscaffold5	14119285	14284658	-0.032445	-0.047624	-0.019171	-0.019067
Superscaffold5	14284780	14426254	-0.066452	-0.089256	-0.040645	-0.026207
Superscaffold5	14426256	14661688	-0.311453	-0.519136	-0.180535	-0.148492
Superscaffold5	14661923	14866212	-0.293661	-0.355009	-0.140389	-0.179123
Superscaffold5	14866228	15036559	0.150878	0.122106	0.068767	0.066384
Superscaffold5	15036975	15287154	0.144515	0.099233	0.045813	0.074655
Superscaffold5	15287177	15505484	0.028414	0.028043	0.012116	0.014545
Superscaffold5	15505498	15739416	-0.058506	-0.086780	-0.037407	-0.029801
Superscaffold5	15739433	16081015	-0.032327	-0.018707	-0.011592	-0.019337
Superscaffold5	16081179	16362173	-0.124525	-0.090526	-0.051001	-0.058678
Superscaffold5	16362339	16539662	-0.197679	-0.200194	-0.113342	-0.072562
Superscaffold5	16539761	16726190	-0.051240	-0.053246	-0.028822	-0.023082
Superscaffold5	16726207	16944084	0.384915	0.251250	0.198145	0.276379
Superscaffold5	16944115	17100622	-0.128947	-0.113513	-0.056343	-0.067392
Superscaffold5	17100663	17417896	-0.025619	-0.018096	-0.008740	-0.010988
Superscaffold5	17417933	17608825	0.126242	0.146641	0.083148	0.045233
Superscaffold5	17608968	17839583	-0.028862	-0.036503	-0.016871	-0.011813
Superscaffold5	17839978	18009341	-0.137957	-0.095907	-0.061864	-0.054541
Superscaffold5	18009371	18100006	-0.124692	-0.185925	-0.085957	-0.064740
Superscaffold5	18100009	18219867	-0.196416	-0.299941	-0.123825	-0.108292
Superscaffold5	18219934	18338456	-0.208148	-0.292781	-0.145037	-0.106735
Superscaffold5	18338604	18634682	-0.306899	-0.173276	-0.110664	-0.146678
Superscaffold5	18634734	18966404	0.004093	0.002651	0.001582	0.003627
Superscaffold5	18966480	19148461	-0.150820	-0.160119	-0.084806	-0.066808
Superscaffold5	19148513	19347543	0.059654	0.053457	0.028767	0.025661
Superscaffold5	19347611	19550431	0.395451	0.357059	0.179003	0.197663
Superscaffold5	19550506	19792519	0.024043	0.012334	0.007477	0.011933
Superscaffold5	19792594	19961835	-0.064363	-0.043885	-0.028231	-0.024992
Superscaffold5	19961988	20233376	-0.050778	-0.042401	-0.017731	-0.018498
Superscaffold5	20233388	20496652	-0.213543	-0.155219	-0.075471	-0.108473
Superscaffold5	20496654	20913162	-0.023051	-0.015698	-0.009292	-0.011611
Superscaffold5	20913190	21179195	-0.188659	-0.112446	-0.070920	-0.079710
Superscaffold5	21179214	21434149	-0.263898	-0.325392	-0.124331	-0.123550
Superscaffold5	21434199	21579593	-0.332233	-0.262055	-0.133748	-0.153478
Superscaffold5	21579630	21759425	-0.210748	-0.151890	-0.085981	-0.110539
Superscaffold5	21759447	21959481	0.040918	0.045393	0.021087	0.014928
Superscaffold5	21959517	22051053	-0.183644	-0.247933	-0.123057	-0.117300
Superscaffold5	22051276	22254449	-0.122314	-0.154256	-0.057897	-0.072561
Superscaffold5	22254465	22552260	0.047985	0.032540	0.017061	0.032528
Superscaffold5	22552267	22921836	0.161832	0.180969	0.104363	0.080173
Superscaffold5	22922041	23122383	-0.090279	-0.117043	-0.061096	-0.050794
Superscaffold5	23122430	23275360	-0.123168	-0.107309	-0.059831	-0.060030
Superscaffold5	23275362	23392992	-0.118554	-0.060192	-0.040620	-0.054525
Superscaffold5	23393001	24219724	-0.055213	-0.040676	-0.021750	-0.030239
Superscaffold5	24219730	24371947	0.118108	0.101923	0.046319	0.041534
Superscaffold5	24373604	24614737	0.017813	0.011433	0.007248	0.011032
Superscaffold5	24617423	24837684	-0.024348	-0.007664	-0.005384	-0.008515
Superscaffold5	24837988	25333154	0.044906	0.010070	0.007577	0.013635
Superscaffold5	25333208	25522739	0.150667	0.102270	0.068494	0.078724
Superscaffold5	25522769	25927649	-0.040535	-0.015607	-0.009739	-0.017741
Superscaffold5	25927650	26453533	0.161233	0.082224	0.047393	0.070749
Superscaffold5	26453715	26995224	-0.008290	-0.006341	-0.003429	-0.006018
Superscaffold5	26995297	27472472	-0.136088	-0.102802	-0.048707	-0.049582
Superscaffold5	27472501	27643095	0.359770	0.235703	0.161169	0.178176
Superscaffold5	27643201	27947917	-0.462578	-0.501947	-0.202163	-0.276515
Superscaffold5	27948012	28274692	-0.567878	-0.999647	-0.356917	-0.373791
Superscaffold5	28274736	28450712	-0.342945	-0.670098	-0.235924	-0.197583
Superscaffold5	28450728	28610018	-0.103004	-0.089603	-0.044354	-0.035357
Superscaffold5	28610021	28818554	-0.065129	-0.053072	-0.030574	-0.026156
Superscaffold5	28818563	29045728	-0.195860	-0.099542	-0.051735	-0.117538
Superscaffold5	29045739	29213149	-0.233489	-0.170983	-0.095394	-0.138009
Superscaffold5	29213202	29448704	-0.410332	-0.206187	-0.117106	-0.256545
Superscaffold5	29449056	29744186	0.015668	0.004300	0.002991	0.009449
Superscaffold5	29744198	29891474	-0.052642	-0.044559	-0.023737	-0.032388
Superscaffold5	29891475	29992532	-0.042281	-0.045179	-0.024832	-0.023332
Superscaffold5	29992572	30099648	-0.006975	-0.006359	-0.003812	-0.003608
Superscaffold5	30100056	30250413	0.016539	0.023013	0.011428	0.008741
Superscaffold5	30250415	30415890	-0.005103	-0.004158	-0.002424	-0.002694
Superscaffold5	30415911	30888325	-0.115650	-0.035784	-0.024720	-0.055895
Superscaffold5	30888393	31149282	-0.076682	-0.051259	-0.024839	-0.039814
Superscaffold5	31149355	31326116	-0.482427	-0.237387	-0.131463	-0.213082
Superscaffold5	31326207	31560770	-0.410350	-0.278064	-0.174851	-0.220200
Superscaffold5	31560795	31790984	-0.122217	-0.076186	-0.048239	-0.039351
Superscaffold5	31791271	32109196	0.582479	0.409937	0.254246	0.303229
Superscaffold5	32109209	32398503	0.066864	0.028177	0.017761	0.032181
Superscaffold5	32398642	32856013	-0.290076	-0.185803	-0.086571	-0.184589
Superscaffold5	32856087	33018941	-0.187985	-0.150279	-0.078165	-0.109161
Superscaffold5	33018942	33171429	0.122990	0.092201	0.056401	0.079227
Superscaffold5	33171477	33504796	-0.017357	-0.012632	-0.006784	-0.000577
Superscaffold5	33504803	33938014	-0.201116	-0.032961	-0.027520	-0.099016
Superscaffold5	33938324	34283157	-0.538449	-0.061861	-0.053983	-0.319050
Superscaffold5	34283168	34568608	-0.184043	-0.059322	-0.038818	-0.074504
Superscaffold5	34569099	34837098	0.035637	0.018077	0.010505	0.011437
Superscaffold5	34837197	35129135	-0.142827	-0.063447	-0.039231	-0.063199
Superscaffold5	35129278	35414605	-0.003910	-0.001703	-0.001116	-0.000553
Superscaffold5	35414655	35697127	0.107908	0.051047	0.028127	0.044229
Superscaffold5	35697171	35959940	0.253684	0.132706	0.077128	0.133982
Superscaffold5	35959953	36389755	-0.238089	-0.068163	-0.042049	-0.131599
Superscaffold5	36389852	36688601	0.010274	0.003626	0.002341	0.007623
Superscaffold5	36688652	36982076	-0.052847	-0.032527	-0.018325	-0.024144
Superscaffold5	36982672	37234647	-0.276162	-0.327781	-0.150254	-0.153081
Superscaffold5	37234666	37408645	-0.447797	-0.432385	-0.204129	-0.272007
Superscaffold5	37408719	37566710	0.141966	0.074303	0.042073	0.064543
Superscaffold5	37566973	37880226	-0.039303	-0.016105	-0.009990	-0.018413
Superscaffold5	37880962	38155682	-0.038023	-0.014295	-0.009633	-0.014408
Superscaffold5	38155736	38339169	-0.050771	-0.046953	-0.024484	-0.022325
Superscaffold5	38339709	38649388	-0.104316	-0.033068	-0.023052	-0.037682
Superscaffold5	38649454	38882829	-0.013532	-0.014212	-0.006104	-0.007794
Superscaffold5	38882992	39323215	0.342467	0.194099	0.137698	0.199310
Superscaffold5	39323275	39508072	0.053847	0.063208	0.033150	0.022612
Superscaffold5	39508074	39763776	-0.161988	-0.175464	-0.071618	-0.092478
Superscaffold5	39763783	40066209	-0.313911	-0.270080	-0.141751	-0.195227
Superscaffold5	40066264	40389012	-0.150108	-0.118421	-0.065594	-0.066704
Superscaffold5	40389030	40910735	0.076669	0.037642	0.025504	0.027169
Superscaffold5	40910736	41529123	-0.293878	-0.190856	-0.113667	-0.146014
Superscaffold5	41529205	41900684	-0.268981	-0.205589	-0.108266	-0.147990
Superscaffold5	41900735	42204805	-0.392693	-0.164225	-0.099840	-0.236872
Superscaffold5	42205037	42627042	-0.047917	-0.017798	-0.010480	-0.024939
Superscaffold5	42627499	42955252	0.147523	0.134074	0.075166	0.059973
Superscaffold5	42955643	43122732	-0.312952	-0.205824	-0.127642	-0.165998
Superscaffold5	43122759	43323246	-0.106571	-0.071382	-0.045581	-0.048371
Superscaffold5	43323377	43607964	0.001937	0.000998	0.000647	-0.007509
Superscaffold5	43608076	43736761	-0.332367	-0.289271	-0.136088	-0.196222
Superscaffold5	43736972	43938444	-0.120076	-0.105079	-0.061571	-0.065199
Superscaffold5	43938451	44098237	0.376128	0.333529	0.210220	0.206195
Superscaffold5	44098244	44387924	-0.109712	-0.092262	-0.053832	-0.053066
Superscaffold5	44388014	44564810	0.168452	0.145112	0.097229	0.083451
Superscaffold5	44564852	44719457	-0.187331	-0.133676	-0.083488	-0.063571
Superscaffold5	44719463	44908020	-0.228866	-0.124103	-0.081501	-0.085297
Superscaffold5	44908027	45109456	0.112550	0.092604	0.057078	0.053975
Superscaffold5	45109562	45516907	-0.414330	-0.362245	-0.188358	-0.298713
Superscaffold5	45516908	45655263	0.017182	0.015760	0.008082	0.006654
Superscaffold5	45655451	45945016	-0.046271	-0.036715	-0.022100	-0.021980
Superscaffold5	45945031	46284419	-0.123207	-0.114559	-0.065026	-0.064304
Superscaffold5	46284474	46542774	0.008651	0.006177	0.003030	0.007949
Superscaffold5	46542790	46752435	-0.000485	-0.000610	-0.000264	-0.003264
Superscaffold5	46752438	47030941	-0.195701	-0.115919	-0.070030	-0.085495
Superscaffold5	47031100	47422911	-0.109539	-0.037645	-0.027661	-0.046147
Superscaffold5	47423038	47660511	0.115768	0.082548	0.042072	0.061410
Superscaffold5	47660674	47920042	-0.114400	-0.076671	-0.038601	-0.053399
Superscaffold5	47920098	48189811	0.113118	0.052788	0.029919	0.068438
Superscaffold5	48189822	48459206	-0.077688	-0.052381	-0.028252	-0.034767
Superscaffold5	48459398	48866617	-0.099183	-0.032549	-0.021192	-0.050826
Superscaffold5	48866728	49235814	-0.036282	-0.023945	-0.014990	-0.016488
Superscaffold5	49235865	49857009	-0.117451	-0.033431	-0.026201	-0.042805
Superscaffold5	49857130	50063816	-0.062875	-0.034223	-0.017748	-0.016508
Superscaffold5	50063824	50420790	-0.161506	-0.083916	-0.050463	-0.071947
Superscaffold5	50421100	50617732	-0.074843	-0.060632	-0.032501	-0.035428
Superscaffold5	50617737	50868408	0.439756	0.247539	0.123907	0.298772
Superscaffold5	50868754	51059701	0.335301	0.168087	0.095469	0.221995
Superscaffold5	51059755	51454557	-0.148775	-0.044918	-0.032500	-0.064388
Superscaffold5	51454601	51668457	-0.118542	-0.086516	-0.045600	-0.051015
Superscaffold5	51668575	51982893	-0.065770	-0.049840	-0.023637	-0.026744
Superscaffold5	51982906	52290840	0.057974	0.035628	0.022377	0.020700
Superscaffold5	52290841	52466542	-0.055696	-0.045078	-0.025388	-0.025445
Superscaffold5	52466636	52715967	0.037188	0.013029	0.009086	0.014471
Superscaffold5	52715999	52814613	-0.058284	-0.077269	-0.040042	-0.029369
Superscaffold5	52814649	52939547	-0.074487	-0.113498	-0.052287	-0.037737
Superscaffold5	52939548	53079281	-0.088521	-0.083800	-0.046185	-0.035677
Superscaffold5	53079290	53266064	0.225721	0.146880	0.096010	0.114607
Superscaffold5	53266097	53470704	-0.498130	-0.455404	-0.205687	-0.307826
Superscaffold5	53470722	53725890	-0.381059	-0.317617	-0.152057	-0.200582
Superscaffold5	53726135	53999019	-0.389250	-0.471658	-0.213739	-0.209757
Superscaffold5	53999157	54438385	-0.224911	-0.150293	-0.078925	-0.105375
Superscaffold5	54438486	55045948	0.149791	0.082322	0.053833	0.062530
Superscaffold5	55046070	55502344	-0.011984	-0.011346	-0.005233	-0.002739
Superscaffold5	55502790	55832247	-0.070081	-0.049430	-0.024536	-0.023856
Superscaffold5	55832272	56014208	0.032777	0.019988	0.011754	0.010305
Superscaffold5	56014238	56203253	0.031766	0.032385	0.019339	0.020322
Superscaffold5	56203349	56331782	0.232249	0.185554	0.122097	0.098799
Superscaffold5	56331791	56675382	0.031312	0.017994	0.011558	0.009985
Superscaffold5	56675410	56961476	-0.069466	-0.049067	-0.026123	-0.032914
Superscaffold5	56961500	57115204	-0.286504	-0.229451	-0.134133	-0.150658
Superscaffold5	57115265	57428956	-0.132671	-0.081435	-0.048981	-0.056485
Superscaffold5	57428977	57606622	-0.284055	-0.251798	-0.114535	-0.110785
Superscaffold5	57606679	57863640	-0.136369	-0.089576	-0.052951	-0.057518
Superscaffold5	57863698	58269464	0.032142	0.012754	0.008814	0.010152
Superscaffold5	58269709	58629219	0.177758	0.081623	0.056777	0.101556
Superscaffold5	58629226	58908235	-0.292646	-0.136826	-0.073202	-0.144394
Superscaffold5	58908310	59121279	0.329150	0.227126	0.127429	0.155643
Superscaffold5	59121380	59422398	0.000592	0.000315	0.000169	-0.004779
Superscaffold5	59422401	59944635	-0.227491	-0.135305	-0.069013	-0.130895
Superscaffold5	59945601	60232794	-0.013527	-0.008813	-0.004425	-0.002507
Superscaffold5	60232830	60620083	0.034722	0.021995	0.013047	0.014760
Superscaffold5	60620189	61243405	-0.029659	-0.008213	-0.006209	-0.017132
Superscaffold5	61243478	61545604	-0.175252	-0.098005	-0.062690	-0.096574
Superscaffold5	61545851	61881752	-0.241799	-0.104129	-0.063574	-0.138638
Superscaffold5	61886964	62240933	0.052381	0.027678	0.016258	0.023552
Superscaffold5	62240936	62411723	-0.218181	-0.140854	-0.088155	-0.109562
Superscaffold5	62411777	62783880	-0.069322	-0.027487	-0.018901	-0.028644
Superscaffold5	62783892	63060583	0.056765	0.037534	0.021122	0.024854
Superscaffold5	63060590	63232419	-0.006526	-0.004676	-0.002925	-0.004912
Superscaffold5	63232441	63444609	0.077690	0.052057	0.032415	0.033130
Superscaffold5	63444674	63648103	-0.183950	-0.150640	-0.065151	-0.094410
Superscaffold5	63648130	63788304	0.203120	0.220478	0.126013	0.101485
Superscaffold5	63788337	63930198	0.019505	0.027997	0.011651	0.006908
Superscaffold5	63930304	64167036	-0.007722	-0.007836	-0.003038	-0.003761
Superscaffold5	64167111	64728061	-0.014758	-0.007823	-0.004940	-0.006599
Superscaffold5	64728127	64990323	-0.024040	-0.017246	-0.009781	-0.010135
Superscaffold5	64991612	65359702	0.044262	0.019842	0.010249	0.026539
Superscaffold5	65359717	65639629	-0.083366	-0.053148	-0.028472	-0.033202
Superscaffold5	65639674	66070460	-0.115224	-0.053396	-0.031839	-0.073773
Superscaffold5	66070475	66361203	-0.061345	-0.036600	-0.017952	-0.028717
Superscaffold5	66361852	66695325	-0.174981	-0.078118	-0.049933	-0.063965
Superscaffold5	66695326	66973139	-0.030389	-0.018092	-0.012348	-0.017464
Superscaffold5	66973211	67222967	-0.117246	-0.083362	-0.046000	-0.051244
Superscaffold5	67222986	67596209	0.323748	0.159136	0.110710	0.165764
Superscaffold5	67596264	68277489	0.101275	0.072505	0.039610	0.055158
Superscaffold5	68277500	68684770	-0.394321	-0.359815	-0.174916	-0.220838
Superscaffold5	68684772	69538412	-0.265727	-0.233694	-0.131282	-0.142193
Superscaffold5	69538669	69751605	-0.080072	-0.119420	-0.059258	-0.032421
Superscaffold5	69751665	69966345	-0.284478	-0.349044	-0.179874	-0.145729
Superscaffold5	69966443	70114229	0.045058	0.048304	0.029805	0.017451
Superscaffold5	70114333	70704296	0.054754	0.035135	0.020269	0.026085
Superscaffold5	70705655	71108155	-0.287739	-0.202831	-0.104089	-0.178736
Superscaffold5	71108160	71262104	-0.045933	-0.054147	-0.023041	-0.021856
Superscaffold5	71262167	71495611	-0.021579	-0.013359	-0.007930	-0.007156
Superscaffold5	71496058	71951994	-0.117301	-0.099040	-0.055287	-0.046802
Superscaffold5	71952037	72316679	-0.002675	-0.001518	-0.000912	-0.000935
Superscaffold5	72316685	72437942	-0.101185	-0.133284	-0.072350	-0.054128
Superscaffold5	72438032	72976815	0.016890	0.011288	0.006400	0.010865
Superscaffold5	72976825	73159334	-0.351032	-0.282440	-0.124854	-0.157757
Superscaffold5	73159343	73327695	-0.166149	-0.109555	-0.063619	-0.083722
Superscaffold5	73327704	73514540	0.005946	0.009050	0.004167	0.001702
Superscaffold5	73514543	73759569	0.026549	0.021734	0.011276	0.010604
Superscaffold5	73759610	74111483	-0.040933	-0.014486	-0.010641	-0.022511
Superscaffold5	74111484	74442347	-0.230518	-0.104123	-0.067033	-0.117178
Superscaffold5	74442349	74669753	-0.071462	-0.051669	-0.029171	-0.030441
Superscaffold5	74670381	74956015	-0.032982	-0.023876	-0.012729	-0.016838
Superscaffold5	74956027	75316924	0.135018	0.105321	0.058639	0.062786
Superscaffold5	75317028	75561387	0.413479	0.394260	0.207010	0.268810
Superscaffold5	75561391	75823390	-0.077477	-0.081976	-0.045085	-0.041452
Superscaffold5	75823411	76013136	0.002339	0.001625	0.000896	-0.003206
Superscaffold5	76013177	76119829	-0.119123	-0.121919	-0.064442	-0.054427
Superscaffold5	76119836	76279918	-0.285768	-0.383129	-0.188333	-0.154289
Superscaffold5	76279996	76395319	-0.028320	-0.031800	-0.014544	-0.010474
Superscaffold5	76395335	76634167	0.046030	0.040254	0.018135	0.016470
Superscaffold5	76634181	76760445	0.263509	0.274792	0.169318	0.120809
Superscaffold5	76760448	77009752	-0.117191	-0.114516	-0.052372	-0.045252
Superscaffold5	77009767	77192284	-0.035866	-0.027598	-0.016056	-0.020010
Superscaffold5	77192364	77306171	-0.041023	-0.037366	-0.017549	-0.027157
Superscaffold5	77306177	77636730	-0.159163	-0.208636	-0.106935	-0.081053
Superscaffold5	77636795	77757284	-0.168982	-0.333280	-0.143827	-0.081508
Superscaffold5	77757356	77931958	0.107783	0.099208	0.053811	0.055434
Superscaffold5	77931977	78092863	0.111155	0.102859	0.049111	0.047251
Superscaffold5	78092869	78240227	-0.010409	-0.008784	-0.004539	-0.007055
Superscaffold5	78240250	78502993	-0.343670	-0.311276	-0.160753	-0.205434
Superscaffold5	78503108	78734979	-0.176298	-0.123590	-0.069584	-0.073766
Superscaffold5	78735196	78916350	0.502423	0.347899	0.246193	0.332600
Superscaffold5	78916359	79121692	-0.183728	-0.130767	-0.066448	-0.094034
Superscaffold5	79121703	79287626	-0.241066	-0.380617	-0.159244	-0.132356
Superscaffold5	79287689	79464932	-0.010622	-0.013511	-0.006392	-0.012289
Superscaffold5	79464938	79684147	0.237902	0.202631	0.109977	0.116940
Superscaffold5	79684153	79936343	-0.150221	-0.193656	-0.080937	-0.072631
Superscaffold5	79936376	80076428	-0.059850	-0.069734	-0.038230	-0.030633
Superscaffold5	80076476	80203405	0.111668	0.125211	0.068813	0.071470
Superscaffold5	80203425	80410163	-0.089313	-0.115988	-0.058339	-0.048578
Superscaffold5	80410177	80709361	0.018370	0.013648	0.007323	0.013097
Superscaffold5	80709539	80864948	0.423409	0.377350	0.216179	0.263030
Superscaffold5	80864985	80992931	-0.184829	-0.329230	-0.118234	-0.099140
Superscaffold5	80993003	81283313	-0.062750	-0.070495	-0.033807	-0.031635
Superscaffold5	81283332	81505114	-0.066334	-0.091538	-0.042367	-0.030053
Superscaffold5	81505144	81696206	-0.059685	-0.095637	-0.037500	-0.027594
Superscaffold5	81696232	81855777	0.007763	0.010396	0.005342	-0.001421
Superscaffold5	81855795	82072854	0.011469	0.010533	0.006050	0.009314
Superscaffold5	82072943	82299496	-0.358329	-0.525956	-0.190518	-0.202842
Superscaffold5	82299516	82410994	-0.335981	-0.312274	-0.171629	-0.194945
Superscaffold6	149912	332174	-0.127041	-0.135382	-0.076505	-0.055394
Superscaffold6	332275	519064	-0.193721	-0.229847	-0.121294	-0.101278
Superscaffold6	519073	712213	-0.021775	-0.023555	-0.009292	-0.011217
Superscaffold6	719120	929352	-0.126625	-0.101110	-0.065820	-0.060990
Superscaffold6	929423	1080728	0.055912	0.069067	0.042681	0.028159
Superscaffold6	1080740	1260160	0.044639	0.046045	0.025734	0.015484
Superscaffold6	1260181	1464650	-0.109193	-0.101741	-0.060118	-0.049650
Superscaffold6	1464653	1626246	-0.447559	-0.610175	-0.221918	-0.248700
Superscaffold6	1626253	1978210	-0.187827	-0.105728	-0.066129	-0.085708
Superscaffold6	1978213	2151672	0.043527	0.046678	0.023947	0.020167
Superscaffold6	2151681	2337585	-0.106865	-0.084305	-0.048309	-0.049352
Superscaffold6	2338082	2556634	0.053673	0.054794	0.027096	0.030908
Superscaffold6	2556650	2826968	-0.129167	-0.075286	-0.043502	-0.057460
Superscaffold6	2827158	3097039	0.030044	0.017020	0.009650	0.011200
Superscaffold6	3097132	3421142	-0.004882	-0.001863	-0.001329	-0.001153
Superscaffold6	3421382	3719256	-0.095842	-0.053747	-0.030072	-0.047976
Superscaffold6	3719276	3920122	-0.311881	-0.153301	-0.095597	-0.154014
Superscaffold6	3920133	4620173	-0.271537	-0.139014	-0.085344	-0.141836
Superscaffold6	4620241	4910766	-0.223572	-0.142926	-0.078864	-0.123905
Superscaffold6	4911669	5090868	-0.323009	-0.164507	-0.103788	-0.175560
Superscaffold6	5090869	5321193	0.013443	0.008310	0.005412	0.006780
Superscaffold6	5321364	5544605	-0.332659	-0.204491	-0.129376	-0.125964
Superscaffold6	5544752	5785472	0.070957	0.041136	0.024429	0.033055
Superscaffold6	5785475	6233168	0.081577	0.043681	0.024701	0.040471
Superscaffold6	6233170	6521717	-0.203088	-0.089269	-0.060636	-0.107289
Superscaffold6	6522138	6699284	-0.309113	-0.172826	-0.103291	-0.200504
Superscaffold6	6699297	6903494	-0.256328	-0.161876	-0.101184	-0.132985
Superscaffold6	6903535	7048442	-0.237141	-0.199798	-0.142463	-0.165171
Superscaffold6	7048470	7312953	-0.298172	-0.169513	-0.105383	-0.142230
Superscaffold6	7312979	7651981	-0.222735	-0.152211	-0.093506	-0.110560
Superscaffold6	7652046	7880001	-0.392414	-0.215655	-0.122986	-0.225090
Superscaffold6	7880118	8119511	-0.146260	-0.078936	-0.052371	-0.063853
Superscaffold6	8119569	8288524	-0.075272	-0.037180	-0.027871	-0.023448
Superscaffold6	8288550	8418943	-0.225161	-0.261481	-0.142065	-0.108507
Superscaffold6	8418944	8574599	-0.070245	-0.072751	-0.037151	-0.032764
Superscaffold6	8574607	8905835	-0.052313	-0.034446	-0.021978	-0.027897
Superscaffold6	8905888	9256282	-0.158050	-0.145585	-0.051073	-0.099178
Superscaffold6	9256284	9516784	0.453889	0.325148	0.206096	0.344809
Superscaffold6	9516858	9846415	-0.084787	-0.028612	-0.019687	-0.038988
Superscaffold6	9846582	10143963	-0.377950	-0.161205	-0.098709	-0.229511
Superscaffold6	10144204	10483501	-0.295236	-0.135658	-0.082125	-0.150154
Superscaffold6	10483515	10818417	-0.125315	-0.069642	-0.037071	-0.059645
Superscaffold6	10818543	11340910	-0.333324	-0.268283	-0.141190	-0.179897
Superscaffold6	11341151	11595068	-0.182875	-0.090498	-0.058228	-0.100132
Superscaffold6	11595129	11932039	-0.223201	-0.072208	-0.052753	-0.081358
Superscaffold6	11932059	12261919	-0.086979	-0.037885	-0.026198	-0.034118
Superscaffold6	12261922	12685784	-0.132682	-0.043861	-0.028752	-0.057647
Superscaffold6	12685791	13242608	0.032845	0.010799	0.007633	0.012945
Superscaffold6	13243023	13733273	-0.220521	-0.106115	-0.054692	-0.144741
Superscaffold6	13733300	14041435	0.041264	0.013405	0.009524	0.019995
Superscaffold6	14041484	14430616	-0.019246	-0.009618	-0.005724	-0.005880
Superscaffold6	14431283	14604670	0.080531	0.047673	0.027240	0.032446
Superscaffold6	14604676	14960494	0.133151	0.053046	0.033914	0.054414
Superscaffold6	14960629	15214456	-0.380374	-0.190996	-0.110901	-0.238735
Superscaffold6	15216183	15610336	-0.091676	-0.041817	-0.021624	-0.054969
Superscaffold6	15610348	15903790	-0.456190	-0.139910	-0.093100	-0.265897
Superscaffold6	15903840	16181259	-0.267095	-0.129592	-0.078235	-0.142265
Superscaffold6	16181275	16717674	-0.022642	-0.002559	-0.002139	-0.009512
Superscaffold6	16717718	17338651	-0.037384	-0.009237	-0.006418	-0.015542
Superscaffold6	17338680	17602873	0.313290	0.165490	0.095900	0.165586
Superscaffold6	17602902	18208247	-0.025055	-0.005623	-0.004017	-0.016686
Superscaffold6	18208256	18430556	0.119914	0.067864	0.042770	0.051770
Superscaffold6	18430574	18691638	-0.037601	-0.012350	-0.009243	-0.021016
Superscaffold6	18691670	19009901	0.143465	0.069985	0.040971	0.064434
Superscaffold6	19010073	19496157	-0.005951	-0.001413	-0.000957	-0.001094
Superscaffold6	19496158	19813722	-0.211639	-0.083749	-0.048972	-0.118946
Superscaffold6	19813765	20199673	-0.238208	-0.086677	-0.056895	-0.124400
Superscaffold6	20199731	20462100	-0.025108	-0.009443	-0.006573	-0.014012
Superscaffold6	20462320	20707366	-0.338328	-0.157299	-0.099732	-0.233985
Superscaffold6	20707454	20974667	-0.304518	-0.145351	-0.087173	-0.180083
Superscaffold6	20974675	21360273	-0.413999	-0.187692	-0.114947	-0.228486
Superscaffold6	21360476	21818310	-0.058457	-0.013288	-0.009887	-0.022242
Superscaffold6	21818317	22284371	-0.040434	-0.014380	-0.009519	-0.015554
Superscaffold6	22284775	22529986	0.225512	0.088480	0.044411	0.090777
Superscaffold6	22530034	22970387	0.271291	0.110248	0.064849	0.188209
Superscaffold6	22970451	23415026	0.041759	0.012065	0.008298	0.023914
Superscaffold6	23415685	24190556	-0.121164	-0.024220	-0.016423	-0.076030
Superscaffold6	24190642	24570643	-0.300303	-0.106709	-0.070115	-0.211936
Superscaffold6	24570895	25125458	-0.376746	-0.169054	-0.093150	-0.218970
Superscaffold6	25125468	25466413	-0.106539	-0.052238	-0.033348	-0.036299
Superscaffold6	25466454	25767358	-0.099560	-0.043775	-0.030344	-0.051118
Superscaffold6	25767361	26204524	0.053730	0.013992	0.009051	0.030835
Superscaffold6	26204540	26532178	0.252059	0.087729	0.066831	0.140904
Superscaffold6	26532185	26865931	0.071754	0.038186	0.026483	0.035523
Superscaffold6	26866769	27261601	0.196246	0.052356	0.035926	0.110091
Superscaffold6	27261609	27601294	0.124202	0.043067	0.029160	0.057162
Superscaffold6	27601340	28054997	0.202316	0.040713	0.031638	0.075277
Superscaffold6	28055016	28442875	-0.176626	-0.075419	-0.050213	-0.083669
Superscaffold6	28442879	28765980	0.268194	0.079907	0.058292	0.169378
Superscaffold6	28766001	29081358	0.203677	0.076902	0.053022	0.080773
Superscaffold6	29081407	29438436	-0.080034	-0.034760	-0.021808	-0.036038
Superscaffold6	29438471	29809407	-0.415348	-0.255691	-0.139949	-0.250728
Superscaffold6	29809565	30234398	0.001466	0.000569	0.000364	-0.001877
Superscaffold6	30234497	30896900	-0.015852	-0.008894	-0.005581	-0.008429
Superscaffold6	30897054	31136103	-0.477645	-0.316585	-0.180452	-0.271925
Superscaffold6	31136120	31341532	-0.332648	-0.190763	-0.115109	-0.159737
Superscaffold6	31341535	31560694	0.073292	0.039258	0.024740	0.038514
Superscaffold6	31560749	31792045	-0.170932	-0.131325	-0.074991	-0.101301
Superscaffold6	31792112	32039799	-0.144748	-0.061890	-0.039986	-0.074888
Superscaffold6	32040145	32220381	-0.585212	-0.283041	-0.177901	-0.379887
Superscaffold6	32220388	32498399	-0.384962	-0.129164	-0.087563	-0.219447
Superscaffold6	32498670	32784704	-0.083344	-0.026084	-0.018717	-0.028355
Superscaffold6	32784770	32937309	-0.289044	-0.251041	-0.119271	-0.139418
Superscaffold6	32937319	33076973	-0.088722	-0.076331	-0.040201	-0.050884
Superscaffold6	33076999	33700365	-0.030763	-0.031033	-0.014299	-0.011599
Superscaffold6	33700718	33971132	0.032682	0.016891	0.010360	0.014927
Superscaffold6	33971427	34301517	-0.080723	-0.049003	-0.025613	-0.044688
Superscaffold6	34301814	34737384	-0.413237	-0.180146	-0.111956	-0.244108
Superscaffold6	34737393	35041872	-0.488390	-0.336256	-0.161858	-0.355817
Superscaffold6	35041952	35386971	-0.158747	-0.122389	-0.056605	-0.072830
Superscaffold6	35387004	35793492	-0.084958	-0.063830	-0.029611	-0.042987
Superscaffold6	35793522	35998383	0.024121	0.019350	0.009267	0.010766
Superscaffold6	35998568	36250020	-0.380660	-0.145246	-0.092708	-0.193364
Superscaffold6	36250037	36570666	-0.325643	-0.136322	-0.075303	-0.178325
Superscaffold6	36570744	36852323	-0.008175	-0.003181	-0.001914	-0.002863
Superscaffold6	36852359	37231162	-0.115676	-0.045910	-0.028128	-0.065269
Superscaffold6	37236126	37631576	0.137602	0.064336	0.037203	0.098188
Superscaffold6	37631605	37986444	-0.049542	-0.025687	-0.014303	-0.036278
Superscaffold6	37986470	38248392	0.072432	0.044793	0.020398	0.033676
Superscaffold6	38248493	38497955	-0.042956	-0.026363	-0.016796	-0.022312
Superscaffold6	38497982	38876136	-0.099160	-0.032230	-0.019107	-0.050858
Superscaffold6	38876212	39206718	-0.406531	-0.166191	-0.104528	-0.250524
Superscaffold6	39206788	39498256	-0.407352	-0.188917	-0.121856	-0.201456
Superscaffold6	39498281	39794287	0.004302	0.002067	0.001349	0.002494
Superscaffold6	39794295	39970234	-0.316989	-0.247900	-0.123570	-0.131943
Superscaffold6	39970294	40263990	-0.057336	-0.021970	-0.015306	-0.029191
Superscaffold6	40264000	40734237	-0.318729	-0.202532	-0.110218	-0.157906
Superscaffold6	40734427	41059524	0.074264	0.054716	0.031941	0.032328
Superscaffold6	41059530	41323557	0.021244	0.014858	0.009684	0.011709
Superscaffold6	41323781	41590172	-0.358643	-0.257281	-0.132535	-0.213782
Superscaffold6	41590198	41919909	-0.057082	-0.022224	-0.012146	-0.026483
Superscaffold6	41919942	42171951	-0.206916	-0.225826	-0.117488	-0.109695
Superscaffold6	42171978	42467920	0.187078	0.107711	0.070400	0.091982
Superscaffold6	42467949	42751750	-0.095400	-0.069042	-0.038235	-0.041473
Superscaffold6	42751893	42915660	-0.164899	-0.200554	-0.089124	-0.094446
Superscaffold6	42915765	43118500	-0.095124	-0.049245	-0.031994	-0.030270
Superscaffold6	43118528	43456291	-0.116078	-0.072588	-0.045072	-0.055793
Superscaffold6	43456294	43674644	-0.015073	-0.007970	-0.005337	-0.005313
Superscaffold6	43674660	43913618	-0.150530	-0.091571	-0.055759	-0.066896
Superscaffold6	43913619	44214151	-0.295648	-0.141452	-0.088964	-0.149513
Superscaffold6	44214164	44427066	-0.328032	-0.219371	-0.110404	-0.198803
Superscaffold6	44427352	44731463	-0.198400	-0.090847	-0.053741	-0.084217
Superscaffold6	44731554	45079941	-0.024337	-0.009084	-0.006430	-0.009322
Superscaffold6	45079985	45348639	-0.182648	-0.071479	-0.050987	-0.055747
Superscaffold6	45348664	45582762	-0.192981	-0.104212	-0.059028	-0.100852
Superscaffold6	45582773	45769787	0.028936	0.021085	0.013472	0.014066
Superscaffold6	45769821	45948916	0.019584	0.012663	0.008870	0.009352
Superscaffold6	45948937	46195885	-0.016060	-0.016919	-0.008170	-0.006730
Superscaffold6	46196162	46361984	-0.156195	-0.193878	-0.090807	-0.082394
Superscaffold6	46362007	46497924	0.069154	0.072125	0.047648	0.035233
Superscaffold6	46498054	46832282	-0.134467	-0.094109	-0.054439	-0.058674
Superscaffold6	46832291	47064987	-0.044869	-0.027978	-0.017937	-0.014748
Superscaffold6	47064988	47373481	0.045390	0.018993	0.014001	0.013483
Superscaffold6	47373533	47605778	-0.240936	-0.156968	-0.094185	-0.133715
Superscaffold6	47605779	48004520	-0.163806	-0.077419	-0.048789	-0.069423
Superscaffold6	48004663	48692602	-0.041727	-0.016539	-0.009141	-0.021151
Superscaffold6	48692662	48875693	0.058122	0.040904	0.025344	0.025682
Superscaffold6	48875717	49046221	-0.055145	-0.034820	-0.022687	-0.028386
Superscaffold6	49046268	49308890	0.012900	0.011405	0.005081	0.002502
Superscaffold6	49309118	49469422	-0.061169	-0.073410	-0.032663	-0.026039
Superscaffold6	49469449	49743838	-0.180900	-0.082813	-0.051818	-0.070806
Superscaffold6	49744692	50055766	-0.096874	-0.060953	-0.032865	-0.045654
Superscaffold6	50055951	50313909	-0.082521	-0.069229	-0.038287	-0.034637
Superscaffold6	50313924	50619847	0.057592	0.032524	0.021063	0.020669
Superscaffold6	50619870	50859944	-0.032449	-0.016116	-0.009836	-0.015631
Superscaffold6	50860065	51113238	0.036713	0.018749	0.011208	0.016585
Superscaffold6	51113256	51430269	-0.196200	-0.142708	-0.085808	-0.111932
Superscaffold6	51430326	51884839	-0.244787	-0.137084	-0.076982	-0.130470
Superscaffold6	51885726	52169967	-0.011042	-0.007128	-0.004156	-0.004517
Superscaffold6	52169968	52390057	-0.104039	-0.088952	-0.047862	-0.044881
Superscaffold6	52390064	52536836	-0.212307	-0.133026	-0.090760	-0.099889
Superscaffold6	52536875	52797270	-0.217661	-0.216526	-0.109734	-0.107594
Superscaffold6	52797273	52936449	-0.089880	-0.064003	-0.039667	-0.040799
Superscaffold6	52936453	53206095	0.045849	0.027154	0.015732	0.022903
Superscaffold6	53206097	53563616	-0.156958	-0.080450	-0.044854	-0.088586
Superscaffold7	122023	245150	0.075544	0.149468	0.079378	0.032642
Superscaffold7	245151	447095	0.239763	0.320591	0.175265	0.132425
Superscaffold7	447130	588152	-0.114355	-0.184459	-0.079437	-0.052474
Superscaffold7	588166	712998	-0.014796	-0.020817	-0.009499	-0.008228
Superscaffold7	713345	995590	0.024851	0.037255	0.016859	0.009418
Superscaffold7	995609	1108133	-0.169982	-0.177036	-0.101830	-0.074602
Superscaffold7	1108135	1229918	0.040240	0.070099	0.030479	0.017982
Superscaffold7	1229941	1351266	-0.133230	-0.191065	-0.087629	-0.065588
Superscaffold7	1351325	1512594	0.039946	0.034854	0.020081	0.018591
Superscaffold7	1512620	1633627	-0.053386	-0.065392	-0.036183	-0.029093
Superscaffold7	1633655	1767622	0.019991	0.026369	0.014317	0.010939
Superscaffold7	1767637	1907639	0.047813	0.072462	0.030640	0.019813
Superscaffold7	1907707	2193718	-0.043413	-0.042041	-0.020025	-0.016679
Superscaffold7	2193764	2370762	0.251218	0.197706	0.132058	0.136087
Superscaffold7	2370784	2911448	-0.290549	-0.135133	-0.089098	-0.177026
Superscaffold7	2911474	3018806	-0.125327	-0.122403	-0.071001	-0.067142
Superscaffold7	3019136	3299077	-0.295171	-0.199981	-0.100104	-0.204829
Superscaffold7	3299177	3580511	-0.180558	-0.177223	-0.086943	-0.087901
Superscaffold7	3580540	3744130	0.133445	0.127659	0.083604	0.061759
Superscaffold7	3744140	3951477	0.100268	0.118371	0.066232	0.048487
Superscaffold7	3951494	4337351	-0.020308	-0.012354	-0.007761	-0.013904
Superscaffold7	4337393	4481657	0.170490	0.200763	0.101803	0.070800
Superscaffold7	4481662	4594679	-0.013339	-0.016481	-0.008029	-0.004530
Superscaffold7	4594691	4749294	-0.116380	-0.133855	-0.072781	-0.049590
Superscaffold7	4749314	4875128	0.011708	0.014046	0.009092	0.003619
Superscaffold7	4875201	5028344	-0.053689	-0.105843	-0.050202	-0.033123
Superscaffold7	5029092	5213198	-0.013241	-0.015049	-0.007721	-0.008373
Superscaffold7	5213202	5283469	0.123103	0.201903	0.107771	0.064200
Superscaffold7	5283478	5395886	0.046785	0.068795	0.037697	0.025574
Superscaffold7	5395923	5569442	0.107288	0.168050	0.069585	0.051568
Superscaffold7	5569520	5666313	0.165706	0.216127	0.115278	0.080430
Superscaffold7	5666342	5774543	0.013684	0.020427	0.010335	0.008029
Superscaffold7	5774570	5936844	0.034005	0.056127	0.027522	0.016887
Superscaffold7	5936952	6042272	0.249817	0.379361	0.194903	0.132617
Superscaffold7	6042324	6138260	0.153364	0.248901	0.129360	0.071045
Superscaffold7	6138275	6221046	-0.122409	-0.241334	-0.115325	-0.069496
Superscaffold7	6221077	6523661	0.102609	0.091458	0.055523	0.050999
Superscaffold7	6523820	7063925	0.088700	0.062598	0.038369	0.039458
Superscaffold7	7064557	7326917	0.069212	0.061769	0.035164	0.035765
Superscaffold7	7326953	7436122	0.009250	0.011971	0.006861	0.004408
Superscaffold7	7436366	7620647	-0.105110	-0.126284	-0.062058	-0.050954
Superscaffold7	7620793	7808186	-0.064297	-0.047256	-0.027089	-0.031328
Superscaffold7	7808212	7943562	-0.051321	-0.063084	-0.032353	-0.025184
Superscaffold7	7943590	8136399	0.052744	0.051778	0.030642	0.025131
Superscaffold7	8136403	8272096	0.072613	0.062619	0.036461	0.031579
Superscaffold7	8272121	8405793	-0.074024	-0.066989	-0.040313	-0.044901
Superscaffold7	8405812	9001868	0.155203	0.101233	0.059146	0.062458
Superscaffold7	9001916	9164922	0.226066	0.193965	0.100346	0.101855
Superscaffold7	9164939	9414954	-0.064093	-0.079470	-0.037917	-0.026309
Superscaffold7	9415127	9933473	-0.191384	-0.145681	-0.084486	-0.106352
Superscaffold7	9933484	10161539	-0.082730	-0.050671	-0.030509	-0.042921
Superscaffold7	10161574	10296071	0.196964	0.152934	0.084421	0.114052
Superscaffold7	10296157	10448339	0.044263	0.041891	0.022488	0.019157
Superscaffold7	10448354	10603051	0.061100	0.057023	0.028715	0.033869
Superscaffold7	10603055	10839934	-0.040221	-0.050316	-0.022737	-0.026034
Superscaffold7	10839945	11036305	0.095325	0.093731	0.057221	0.036696
Superscaffold7	11036345	11202490	0.005596	0.004771	0.002638	0.006178
Superscaffold7	11202502	11489227	0.120624	0.056720	0.036940	0.063116
Superscaffold7	11489628	11676157	-0.359513	-0.151701	-0.099544	-0.147260
Superscaffold7	11676185	11843660	-0.353011	-0.183183	-0.130130	-0.144232
Superscaffold7	11843690	12103148	0.095423	0.061836	0.042180	0.027996
Superscaffold7	12103180	12353512	0.046366	0.039713	0.022194	0.021194
Superscaffold7	12353578	12571677	-0.106413	-0.108373	-0.055218	-0.045215
Superscaffold7	12571730	12779642	-0.273447	-0.236277	-0.113307	-0.126404
Superscaffold7	12779647	13008304	-0.109896	-0.057043	-0.035800	-0.045765
Superscaffold7	13008342	13253599	-0.259807	-0.106202	-0.070114	-0.068479
Superscaffold7	13253601	13964879	-0.263048	-0.135390	-0.091560	-0.115405
Superscaffold7	13965255	14339080	-0.042231	-0.073274	-0.037741	-0.018473
Superscaffold7	14339682	14619507	-0.072932	-0.039017	-0.026748	-0.034235
Superscaffold7	14619650	14853041	0.126438	0.070179	0.040126	0.070654
Superscaffold7	14853222	15368051	-0.104668	-0.033986	-0.021320	-0.042751
Superscaffold7	15368066	15904098	0.031975	0.014102	0.008712	0.011512
Superscaffold7	15904124	16182776	0.003059	0.001611	0.001053	0.001396
Superscaffold7	16185144	16368995	-0.257074	-0.153576	-0.089825	-0.170309
Superscaffold7	16369006	16661986	-0.154942	-0.081767	-0.054670	-0.067289
Superscaffold7	16661999	16982629	-0.182953	-0.098076	-0.070334	-0.079788
Superscaffold7	16982641	17203790	-0.691310	-0.312716	-0.206357	-0.459716
Superscaffold7	17204190	17442048	-0.128165	-0.053419	-0.033272	-0.060453
Superscaffold7	17442459	17725748	-0.558167	-0.201054	-0.137624	-0.449706
Superscaffold7	17725753	17990510	-0.267944	-0.114733	-0.076015	-0.119704
Superscaffold7	17990522	18291144	-0.205399	-0.049631	-0.033875	-0.062542
Superscaffold7	18291159	18734451	-0.139869	-0.053580	-0.040343	-0.040998
Superscaffold7	18734468	18995671	-0.289707	-0.066068	-0.049252	-0.049587
Superscaffold7	18995953	19250771	-0.126422	-0.069508	-0.041961	-0.066246
Superscaffold7	19250803	19451553	-0.127524	-0.070299	-0.041446	-0.063723
Superscaffold7	19451555	19573936	-0.310981	-0.118926	-0.087570	-0.079077
Superscaffold7	19574041	19907966	-0.182890	-0.080129	-0.049832	-0.068905
Superscaffold7	19908089	20172580	-0.387960	-0.147556	-0.103005	-0.173041
Superscaffold7	20172585	20405031	-0.409830	-0.117176	-0.085001	-0.141337
Superscaffold7	20405032	20678775	-0.193101	-0.043861	-0.029963	-0.088446
Superscaffold7	20678854	21187170	-0.128190	-0.032061	-0.022278	-0.067040
Superscaffold7	21187475	21431093	0.033954	0.011465	0.008213	0.017827
Superscaffold7	21431112	21601325	-0.144251	-0.073786	-0.041959	-0.072781
Superscaffold7	21601429	22098223	0.068921	0.024162	0.015287	0.042489
Superscaffold7	22099380	22643098	-0.240396	-0.076268	-0.056469	-0.117172
Superscaffold7	22643116	22917632	0.079343	0.039458	0.027321	0.036396
Superscaffold7	22917719	23167495	0.018898	0.012095	0.007398	0.008745
Superscaffold7	23167637	23310954	-0.088381	-0.077646	-0.033223	-0.064544
Superscaffold7	23310968	23486827	0.020175	0.017266	0.007695	0.008861
Superscaffold7	23486854	23772988	0.031471	0.016143	0.010491	0.014978
Superscaffold7	23773133	24093556	0.039100	0.024067	0.014845	0.017531
Superscaffold7	24093618	24302801	-0.192789	-0.132271	-0.080855	-0.099528
Superscaffold7	24302832	24554388	-0.071937	-0.035857	-0.023000	-0.029969
Superscaffold7	24554395	24683183	-0.212885	-0.136077	-0.073946	-0.139560
Superscaffold7	24683185	24815323	0.145976	0.082795	0.048221	0.077702
Superscaffold7	24815328	25037261	-0.038935	-0.035813	-0.019669	-0.022208
Superscaffold7	25037312	25280971	-0.393288	-0.306711	-0.157775	-0.233544
Superscaffold7	25281022	25441569	-0.048580	-0.031630	-0.021193	-0.017103
Superscaffold7	25441572	25657188	-0.057061	-0.029073	-0.018603	-0.021706
Superscaffold7	25658969	25883571	0.068944	0.033087	0.020190	0.027620
Superscaffold7	25883638	26514460	0.049509	0.020444	0.011981	0.018664
Superscaffold7	26514482	26815858	0.176093	0.077553	0.047403	0.070888
Superscaffold7	26815871	27065731	0.002414	0.001286	0.000915	0.000676
Superscaffold7	27065774	27259843	-0.046617	-0.029632	-0.018165	-0.017378
Superscaffold7	27259892	27391955	-0.133690	-0.232456	-0.106453	-0.053836
Superscaffold7	27391956	27548183	0.241935	0.216602	0.130268	0.099161
Superscaffold7	27548207	27800936	0.000349	0.000221	0.000111	-0.002655
Superscaffold7	27801029	28019367	0.240376	0.181779	0.096584	0.120099
Superscaffold7	28019403	28238070	-0.252024	-0.146122	-0.075910	-0.106943
Superscaffold7	28238071	28486795	-0.069272	-0.027295	-0.016628	-0.034448
Superscaffold7	28486843	28731029	-0.121623	-0.068789	-0.043280	-0.055798
Superscaffold7	28731077	29125460	-0.006733	-0.002878	-0.001986	-0.004039
Superscaffold7	29126430	29384712	-0.123403	-0.075000	-0.046899	-0.059083
Superscaffold7	29384728	29645323	-0.248703	-0.227686	-0.107295	-0.079836
Superscaffold7	29645402	29832479	-0.180210	-0.113580	-0.060882	-0.077327
Superscaffold7	29833010	30036389	-0.141610	-0.055608	-0.035418	-0.048475
Superscaffold7	30036403	30259920	-0.183559	-0.098754	-0.066747	-0.067549
Superscaffold7	30259974	30439832	-0.024016	-0.022856	-0.013409	-0.011213
Superscaffold7	30439835	30715672	-0.218336	-0.088800	-0.064124	-0.082535
Superscaffold7	30715722	31074747	-0.200632	-0.059483	-0.041626	-0.086801
Superscaffold7	31074936	31570509	-0.093770	-0.040898	-0.026789	-0.042161
Superscaffold7	31570512	31802398	-0.163606	-0.162875	-0.077812	-0.089128
Superscaffold7	31802422	32097056	-0.027376	-0.010864	-0.006628	-0.012687
Superscaffold7	32097228	32371024	0.011656	0.005911	0.002982	0.005046
Superscaffold7	32371031	32675419	-0.208143	-0.117453	-0.062333	-0.101258
Superscaffold7	32675427	33039975	-0.118161	-0.041896	-0.028566	-0.044858
Superscaffold7	33040053	33271452	-0.212964	-0.124441	-0.070222	-0.116831
Superscaffold7	33271527	33417280	-0.281411	-0.316563	-0.146016	-0.152496
Superscaffold7	33417291	33631219	-0.062749	-0.047642	-0.026746	-0.033592
Superscaffold7	33631220	33775766	-0.067016	-0.077372	-0.043934	-0.035144
Superscaffold7	33775767	34060408	-0.139203	-0.066511	-0.044011	-0.066167
Superscaffold7	34060567	34346759	-0.399338	-0.201706	-0.121496	-0.189830
Superscaffold7	34346829	34585552	-0.408708	-0.304398	-0.170494	-0.255042
Superscaffold7	34585590	34741713	0.054104	0.042419	0.026354	0.026220
Superscaffold7	34741715	34975121	-0.087438	-0.044997	-0.029970	-0.045207
Superscaffold7	34975131	35439288	0.000957	0.000615	0.000343	-0.002236
Superscaffold7	35439307	35744404	-0.312991	-0.133145	-0.082248	-0.167035
Superscaffold7	35744486	36027989	-0.252593	-0.106351	-0.069246	-0.130213
Superscaffold7	36028002	36298715	-0.170911	-0.078814	-0.053811	-0.083844
Superscaffold7	36298765	36574627	-0.159738	-0.076763	-0.047114	-0.079089
Superscaffold7	36574629	36787071	-0.217763	-0.181619	-0.097205	-0.131170
Superscaffold7	36787074	37052664	-0.087987	-0.061604	-0.033503	-0.046843
Superscaffold7	37052671	37327775	-0.166141	-0.142180	-0.076142	-0.082424
Superscaffold7	37327819	37543350	-0.136640	-0.087002	-0.041305	-0.049865
Superscaffold7	37543367	37799044	-0.033669	-0.013452	-0.008634	-0.012665
Superscaffold7	37799065	38193663	-0.339044	-0.087984	-0.063759	-0.161651
Superscaffold7	38193665	38439472	-0.251600	-0.097810	-0.065147	-0.128412
Superscaffold7	38439490	38700155	-0.165270	-0.081458	-0.053276	-0.062991
Superscaffold7	38700181	38923373	-0.240242	-0.138076	-0.090804	-0.114544
Superscaffold7	38923389	39050800	-0.065882	-0.060470	-0.037423	-0.030884
Superscaffold7	39050987	39210608	-0.020484	-0.018324	-0.009928	-0.004650
Superscaffold7	39210684	39433568	-0.103752	-0.050272	-0.030501	-0.055558
Superscaffold7	39433680	39678379	-0.098407	-0.049563	-0.029383	-0.037339
Superscaffold7	39678383	39824741	-0.257587	-0.289470	-0.138923	-0.116532
Superscaffold7	39825847	40318223	-0.144782	-0.095669	-0.053292	-0.066857
Superscaffold7	40318239	40660835	-0.417176	-0.182250	-0.110383	-0.232988
Superscaffold7	40662393	41036880	-0.079497	-0.031996	-0.019113	-0.041219
Superscaffold7	41037145	41547417	-0.053804	-0.031440	-0.017898	-0.028789
Superscaffold7	41547433	41714726	-0.140045	-0.127208	-0.071214	-0.074811
Superscaffold7	41714750	41949186	-0.241240	-0.131698	-0.082292	-0.096770
Superscaffold7	41949357	42120587	-0.099943	-0.058672	-0.037388	-0.052474
Superscaffold7	42120600	42299977	0.027699	0.023699	0.012836	0.011426
Superscaffold7	42300021	42465754	-0.173210	-0.144041	-0.090662	-0.095293
Superscaffold7	42465780	42653263	-0.155691	-0.127523	-0.076727	-0.078040
Superscaffold7	42653282	43064749	-0.323204	-0.201143	-0.113741	-0.140261
Superscaffold7	43064840	43249443	-0.071565	-0.057406	-0.030949	-0.038736
Superscaffold7	43250425	43524827	-0.120466	-0.087897	-0.050983	-0.055693
Superscaffold7	43526512	43800847	-0.075549	-0.055167	-0.032050	-0.040786
Superscaffold7	43800945	43959689	-0.198261	-0.193824	-0.114395	-0.104726
Superscaffold7	43959776	44101405	-0.461891	-0.280433	-0.174435	-0.242930
Superscaffold7	44101432	44252712	-0.086991	-0.092445	-0.048898	-0.044217
Superscaffold7	44252739	44436481	-0.011950	-0.012229	-0.007083	-0.007823
Superscaffold7	44436495	44599975	-0.302670	-0.197026	-0.127946	-0.166131
Superscaffold7	44600022	44828806	-0.102411	-0.087851	-0.052070	-0.059421
Superscaffold7	44828810	45001914	-0.334976	-0.286687	-0.156373	-0.165601
Superscaffold7	45001919	45162500	-0.080045	-0.098542	-0.045215	-0.041686
Superscaffold7	45162505	45301914	0.017942	0.018155	0.010165	0.004260
Superscaffold7	45301919	45461869	-0.280070	-0.269016	-0.168404	-0.159588
Superscaffold7	45461889	45648572	-0.163205	-0.126804	-0.073902	-0.074453
Superscaffold7	45648600	45808440	-0.184776	-0.186617	-0.110157	-0.088580
Superscaffold7	45808620	45955512	-0.303502	-0.414788	-0.199569	-0.144753
Superscaffold7	45955578	46133205	-0.137246	-0.113669	-0.064460	-0.061127
Superscaffold7	46133241	46275609	-0.309213	-0.245619	-0.138095	-0.183054
Superscaffold7	46275624	46391188	-0.059505	-0.075313	-0.040881	-0.035987
Superscaffold7	46391189	46586155	-0.242077	-0.165209	-0.093692	-0.116162
Superscaffold7	46586171	46947553	0.014327	0.010082	0.006416	0.000338
Superscaffold7	46947591	47086983	-0.243921	-0.313371	-0.158232	-0.138264
Superscaffold7	47086996	47886918	-0.245720	-0.193304	-0.097163	-0.132786
Superscaffold7	47886924	48048343	-0.041716	-0.025373	-0.014712	-0.028128
Superscaffold7	48048359	48223639	0.147580	0.109054	0.056699	0.057698
Superscaffold7	48223653	48341207	0.100404	0.086116	0.046683	0.037178
Superscaffold7	48341236	48713116	-0.001266	-0.000546	-0.000305	-0.001615
Superscaffold7	48713303	48972309	0.042282	0.021204	0.010612	0.018384
Superscaffold7	48972485	49239427	0.041403	0.022855	0.012987	0.020944
Superscaffold7	49239487	49461672	-0.293213	-0.174524	-0.104983	-0.200427
Superscaffold7	49461683	49757141	-0.261782	-0.166970	-0.107822	-0.118915
Superscaffold8	400480	752842	0.018889	0.021290	0.006002	0.007030
Superscaffold8	752858	866977	0.012630	0.017773	0.007335	0.004518
Superscaffold8	867121	982109	-0.054111	-0.058987	-0.027113	-0.025080
Superscaffold8	982115	1223426	-0.000374	-0.000318	-0.000168	-0.004935
Superscaffold8	1223638	1559636	0.266679	0.214179	0.092982	0.117231
Superscaffold8	1561166	1897006	-0.069489	-0.067525	-0.030460	-0.033143
Superscaffold8	1897079	2112032	-0.008603	-0.010819	-0.005380	-0.003716
Superscaffold8	2112128	2277095	-0.073397	-0.065935	-0.037266	-0.031665
Superscaffold8	2277135	2433626	-0.048193	-0.054162	-0.032098	-0.025440
Superscaffold8	2433641	2502920	-0.069492	-0.096085	-0.051608	-0.030501
Superscaffold8	2502991	2675111	0.471591	0.301693	0.229388	0.251542
Superscaffold8	2675164	3178727	0.020697	0.014430	0.008202	0.011895
Superscaffold8	3178729	3551614	-0.094462	-0.070833	-0.035312	-0.051259
Superscaffold8	3551751	3754160	0.172349	0.114760	0.067507	0.080256
Superscaffold8	3754161	3867719	-0.308732	-0.245929	-0.143763	-0.154847
Superscaffold8	3867849	4100920	0.138927	0.094718	0.063626	0.063808
Superscaffold8	4100934	4301635	-0.497604	-0.540526	-0.213907	-0.354829
Superscaffold8	4301653	4600851	-0.246099	-0.155599	-0.090536	-0.142363
Superscaffold8	4602110	4798046	-0.102316	-0.098487	-0.053858	-0.042445
Superscaffold8	4798093	5075880	-0.264114	-0.396731	-0.171954	-0.149591
Superscaffold8	5075912	5310608	-0.145988	-0.131030	-0.072405	-0.093786
Superscaffold8	5310626	5476173	-0.002796	-0.003311	-0.001853	-0.002226
Superscaffold8	5476187	5748653	-0.142516	-0.170924	-0.078384	-0.067748
Superscaffold8	5748725	5928125	-0.036975	-0.038630	-0.022738	-0.016177
Superscaffold8	5928127	6098672	-0.045998	-0.043225	-0.026743	-0.023406
Superscaffold8	6098673	6545487	0.227509	0.166964	0.113146	0.125112
Superscaffold8	6545490	6704129	0.022960	0.022013	0.011941	0.014868
Superscaffold8	6704163	6903664	-0.202729	-0.225235	-0.122419	-0.113411
Superscaffold8	6903791	7026715	-0.199097	-0.153032	-0.087681	-0.112559
Superscaffold8	7026732	7175182	-0.268876	-0.280036	-0.140383	-0.140899
Superscaffold8	7175206	7358822	0.159206	0.125829	0.077635	0.095221
Superscaffold8	7358841	7702935	-0.122397	-0.049354	-0.034849	-0.040483
Superscaffold8	7702936	7964272	-0.005291	-0.003392	-0.001929	-0.001501
Superscaffold8	7964283	8280231	-0.177129	-0.136877	-0.072414	-0.092865
Superscaffold8	8280235	8773673	-0.060154	-0.041603	-0.022189	-0.034751
Superscaffold8	8773772	9030562	-0.064645	-0.044570	-0.026353	-0.025392
Superscaffold8	9030710	9269340	0.069844	0.037697	0.024267	0.021027
Superscaffold8	9269350	9471009	-0.041506	-0.035208	-0.019253	-0.016478
Superscaffold8	9471012	9821426	0.255173	0.158806	0.104803	0.148172
Superscaffold8	9821437	10147910	0.037272	0.029550	0.017297	0.007883
Superscaffold8	10147920	10477404	0.026797	0.010336	0.006958	0.013290
Superscaffold8	10477406	10653780	-0.028707	-0.024581	-0.013064	-0.014428
Superscaffold8	10653810	10874960	-0.111717	-0.084940	-0.048506	-0.050196
Superscaffold8	10875034	11033648	-0.246542	-0.246641	-0.141666	-0.128034
Superscaffold8	11033659	11158790	-0.054931	-0.066193	-0.033248	-0.025671
Superscaffold8	11158813	11293017	0.049824	0.043577	0.028061	0.020385
Superscaffold8	11293030	11479676	0.173612	0.140038	0.078536	0.061534
Superscaffold8	11479715	11684627	-0.137892	-0.096620	-0.058243	-0.063835
Superscaffold8	11684730	11851695	-0.100804	-0.092546	-0.050121	-0.049348
Superscaffold8	11851817	11972099	-0.049105	-0.036767	-0.023969	-0.022396
Superscaffold8	11972101	12207474	-0.040589	-0.046134	-0.026589	-0.017512
Superscaffold8	12207491	12313052	0.053494	0.065300	0.033397	0.026829
Superscaffold8	12313064	12486790	0.003810	0.003611	0.001985	0.001337
Superscaffold8	12486860	12616304	-0.028370	-0.032475	-0.017122	-0.012622
Superscaffold8	12616350	12800932	0.175217	0.166980	0.098407	0.093786
Superscaffold8	12800947	12949889	-0.071504	-0.075122	-0.030585	-0.037407
Superscaffold8	12949991	13195350	0.066318	0.068698	0.036053	0.027528
Superscaffold8	13196271	13377783	-0.116779	-0.119956	-0.060053	-0.053873
Superscaffold8	13377805	13666444	0.183633	0.093368	0.059227	0.064253
Superscaffold8	13666451	13835632	0.371894	0.290132	0.166604	0.196261
Superscaffold8	13835693	14060282	0.098100	0.052562	0.033739	0.055044
Superscaffold8	14060529	14340738	-0.004858	-0.002148	-0.001460	-0.003721
Superscaffold8	14342445	14533146	-0.778103	-0.705814	-0.343572	-0.363466
Superscaffold8	14533183	14996801	0.119687	0.062305	0.034376	0.043110
Superscaffold8	14996864	15182304	-0.094601	-0.060542	-0.039706	-0.043703
Superscaffold8	15182350	15313736	-0.299543	-0.359901	-0.135343	-0.160870
Superscaffold8	15313753	15542180	0.027118	0.011687	0.006733	0.007393
Superscaffold8	15542205	15714509	-0.098243	-0.083324	-0.047374	-0.043876
Superscaffold8	15714510	16111088	-0.158130	-0.081745	-0.054456	-0.088507
Superscaffold8	16111157	16329282	-0.023031	-0.015920	-0.009341	-0.017757
Superscaffold8	16329578	16588645	-0.220282	-0.095992	-0.054214	-0.089342
Superscaffold8	16588653	16781874	-0.003825	-0.003122	-0.001389	0.003773
Superscaffold8	16781888	16874680	-0.011949	-0.006735	-0.004951	-0.005064
Superscaffold8	16874712	17075434	0.072363	0.040343	0.027585	0.036105
Superscaffold8	17075473	17147962	-0.483160	-1.147848	-0.250391	-0.313856
Superscaffold8	17147973	17331995	-0.437028	-1.054364	-0.269851	-0.229877
Superscaffold8	17332002	17501149	-0.129169	-0.134822	-0.068488	-0.057760
Superscaffold8	17501251	17855834	0.068948	0.065545	0.033464	0.035115
Superscaffold8	17855835	18034823	-0.021589	-0.027206	-0.013824	-0.008850
Superscaffold8	18034874	18199122	0.123980	0.128708	0.072476	0.068338
Superscaffold8	18199129	18409062	-0.263589	-0.173932	-0.104212	-0.155885
Superscaffold8	18409242	18686279	-0.090016	-0.042808	-0.027937	-0.045582
Superscaffold8	18686292	18910111	-0.242002	-0.129359	-0.077036	-0.091129
Superscaffold8	18910523	19127724	-0.191511	-0.119186	-0.080636	-0.094477
Superscaffold8	19127742	19241676	-0.106690	-0.091839	-0.053868	-0.042069
Superscaffold8	19241688	19472512	-0.022024	-0.016266	-0.010169	-0.007858
Superscaffold8	19472519	19648820	-0.159588	-0.161152	-0.065463	-0.072714
Superscaffold8	19648823	19823620	-0.170451	-0.210792	-0.113327	-0.088805
Superscaffold8	19823648	19977584	0.247283	0.222445	0.131210	0.133713
Superscaffold8	19977659	20115112	0.301195	0.265555	0.121274	0.166893
Superscaffold8	20115197	20314442	0.154784	0.083433	0.051666	0.065430
Superscaffold8	20314506	20605990	0.522257	0.312739	0.202140	0.258528
Superscaffold8	20606022	20741929	-0.033076	-0.023413	-0.014329	-0.011851
Superscaffold8	20741988	20963157	-0.002543	-0.001291	-0.000890	-0.004772
Superscaffold8	20963162	21189000	-0.474854	-0.369959	-0.172559	-0.245804
Superscaffold8	21189063	21571443	0.033050	0.009834	0.006835	0.012288
Superscaffold8	21571464	21973695	0.009536	0.001671	0.001345	0.001636
Superscaffold8	21973697	22268483	0.056882	0.020907	0.014108	0.025872
Superscaffold8	22268484	22514263	-0.454251	-0.243049	-0.117689	-0.184796
Superscaffold8	22514374	22864428	-0.331603	-0.118381	-0.069816	-0.171144
Superscaffold8	22864923	23367111	-0.013459	-0.005732	-0.002649	-0.012149
Superscaffold8	23367291	23944070	-0.003435	-0.000699	-0.000469	-0.000848
Superscaffold8	23944081	24549001	0.039717	0.025909	0.014647	0.013677
Superscaffold8	24549025	24775047	0.076849	0.051525	0.031487	0.041639
Superscaffold8	24775051	24958686	-0.199014	-0.150740	-0.080386	-0.075015
Superscaffold8	24958700	25305650	0.188122	0.059266	0.035115	0.111117
Superscaffold8	25305690	25974079	0.118082	0.044346	0.028335	0.067696
Superscaffold8	25974174	26256113	-0.212081	-0.104575	-0.060506	-0.108698
Superscaffold8	26256172	26564846	-0.211865	-0.128005	-0.072393	-0.106697
Superscaffold8	26565859	27211699	-0.137004	-0.027321	-0.019955	-0.059614
Superscaffold8	27212010	27491804	-0.131103	-0.081259	-0.048767	-0.071033
Superscaffold8	27491890	27791417	-0.084739	-0.031358	-0.022523	-0.031054
Superscaffold8	27791443	28023231	-0.249987	-0.134572	-0.079615	-0.124555
Superscaffold8	28023260	28635603	-0.196356	-0.055617	-0.035974	-0.111323
Superscaffold8	28635833	29144077	-0.454792	-0.199923	-0.123977	-0.330428
Superscaffold8	29144293	29421117	0.005949	0.002906	0.001754	-0.000091
Superscaffold8	29421140	29626239	-0.228688	-0.178475	-0.103589	-0.132548
Superscaffold8	29626322	29770004	-0.846448	-0.929761	-0.353216	-0.651647
Superscaffold8	29770012	29898183	-0.545766	-0.523757	-0.233693	-0.392209
Superscaffold8	29898204	30109119	-0.095280	-0.050735	-0.033746	-0.049043
Superscaffold8	30109131	30261340	-0.102609	-0.120078	-0.060739	-0.044370
Superscaffold8	30261361	30606193	-0.007484	-0.001355	-0.001074	-0.003348
Superscaffold8	30606208	30782347	-0.508673	-0.409172	-0.204573	-0.307176
Superscaffold8	30782444	31004362	-0.097632	-0.052158	-0.027566	-0.053636
Superscaffold8	31004939	31525229	-0.060191	-0.017702	-0.012349	-0.024000
Superscaffold8	31525396	31796129	0.274665	0.125590	0.089702	0.101726
Superscaffold8	31796211	32062054	-0.211403	-0.155415	-0.083469	-0.106238
Superscaffold8	32062131	32296057	-0.212720	-0.195384	-0.096121	-0.136756
Superscaffold8	32296076	32535452	0.442915	0.330945	0.179290	0.294654
Superscaffold8	32535455	32897222	0.097514	0.047576	0.027258	0.060990
Superscaffold8	32897250	33316211	-0.651250	-1.850935	-0.279713	-0.508312
Superscaffold8	33316213	33495945	-0.167544	-0.171682	-0.086903	-0.090564
Superscaffold8	33495953	33654542	0.020897	0.023085	0.012160	0.012252
Superscaffold8	33654595	33775292	0.697895	0.647200	0.395958	0.563939
Superscaffold8	33775299	33984758	-0.128529	-0.108599	-0.045559	-0.059122
Superscaffold8	33985044	34180495	0.027263	0.013804	0.008764	0.008177
Superscaffold8	34180507	34371063	-0.082192	-0.084760	-0.047788	-0.044834
Superscaffold8	34371077	34576968	0.046755	0.033166	0.020345	0.025412
Superscaffold8	34576982	34729098	0.012482	0.009172	0.005415	0.007522
Superscaffold8	34729208	34971225	-0.092415	-0.052008	-0.027828	-0.048448
Superscaffold8	34971240	35228889	0.503650	0.243402	0.154865	0.340316
Superscaffold8	35228964	35492361	-0.420353	-0.234955	-0.133432	-0.233000
Superscaffold8	35492446	35661554	0.061449	0.040613	0.022166	0.027302
Superscaffold8	35661615	35964478	-0.031356	-0.017218	-0.011180	-0.012099
Superscaffold8	35964639	36196127	-0.278055	-0.157057	-0.104464	-0.111471
Superscaffold8	36196262	36487741	-0.124927	-0.122158	-0.067433	-0.079083
Superscaffold8	36487746	36662313	-0.143111	-0.101863	-0.067398	-0.068804
Superscaffold8	36662327	36828115	-0.402122	-0.273097	-0.173309	-0.219187
Superscaffold8	36828144	37234564	-0.273956	-0.186407	-0.114318	-0.148349
Superscaffold8	37234572	37584085	-0.314245	-0.166539	-0.111551	-0.118934
Superscaffold8	37584655	37769816	0.063729	0.034760	0.026028	0.025308
Superscaffold8	37770112	37969123	-0.248205	-0.222054	-0.118669	-0.128966
Superscaffold8	37969157	38184667	-0.382024	-0.250096	-0.139066	-0.251220
Superscaffold8	38184796	38414192	-0.198489	-0.114934	-0.074293	-0.083816
Superscaffold8	38414194	38545777	0.045496	0.045300	0.028710	0.021175
Superscaffold8	38545821	38764479	-0.140132	-0.088412	-0.058372	-0.057771
Superscaffold8	38764500	39053431	-0.219173	-0.148815	-0.091148	-0.109247
Superscaffold8	39053485	39235076	-0.259179	-0.159543	-0.094229	-0.137546
Superscaffold8	39235078	39562515	-0.264803	-0.255018	-0.128107	-0.140958
Superscaffold8	39562588	39807118	-0.474777	-0.371564	-0.207876	-0.285857
Superscaffold8	39807191	40087918	-0.395568	-0.197551	-0.132289	-0.186723
Superscaffold8	40087919	40342068	-0.204958	-0.083099	-0.059415	-0.084305
Superscaffold8	40342255	40577529	-0.163562	-0.104780	-0.069255	-0.078276
Superscaffold8	40577539	40830370	-0.069065	-0.035715	-0.024369	-0.025548
Superscaffold8	40830680	40987935	-0.013889	-0.010294	-0.005944	-0.006501
Superscaffold8	40987961	41137033	-0.086205	-0.117866	-0.053052	-0.040030
Superscaffold8	41137175	41394284	-0.159671	-0.175510	-0.099590	-0.096386
Superscaffold8	41394297	41556949	0.065795	0.041246	0.024622	0.034515
Superscaffold8	41557073	41651061	-0.034509	-0.037538	-0.020779	-0.023202
Superscaffold8	41651073	41937385	0.157209	0.156013	0.081843	0.086721
Superscaffold8	41937399	42512958	-0.034910	-0.019862	-0.011112	-0.018525
Superscaffold8	42513100	43023924	-0.063165	-0.036818	-0.022220	-0.029101
Superscaffold8	43023945	43261504	-0.129338	-0.118008	-0.060970	-0.054523
Superscaffold8	43262879	43625107	-0.335514	-0.197451	-0.111294	-0.144699
Superscaffold8	43625139	43784481	-0.197400	-0.145109	-0.094965	-0.088507
Superscaffold8	43784511	44057518	-0.101780	-0.053888	-0.034578	-0.045170
Superscaffold8	44057668	44438994	-0.004749	-0.003037	-0.001841	-0.002823
Superscaffold8	44439103	44749626	-0.040705	-0.039615	-0.017544	-0.016947
Superscaffold8	44749740	45307028	0.010457	0.005180	0.003221	0.004570
Superscaffold8	45307048	45743618	-0.180918	-0.056567	-0.037184	-0.095388
Superscaffold8	45743663	45999179	-0.586832	-0.352519	-0.196002	-0.417633
Superscaffold8	45999286	46429815	-0.074742	-0.023153	-0.015675	-0.053315
Superscaffold8	46429882	46700863	-0.429528	-0.273869	-0.149231	-0.318611
Superscaffold8	46700898	47162500	-0.402183	-0.290422	-0.147583	-0.182495
Superscaffold8	47162538	47813246	-0.039003	-0.023028	-0.012180	-0.019972
Superscaffold8	47813249	48269006	-0.016417	-0.004589	-0.003144	-0.008853
Superscaffold8	48269033	48708295	0.039988	0.024228	0.013780	0.015742
Superscaffold8	48708309	48964898	0.232945	0.116574	0.070922	0.136944
Superscaffold8	48964963	49368413	-0.117317	-0.031320	-0.023564	-0.049534
Superscaffold8	49368670	49715085	-0.187686	-0.063421	-0.043717	-0.096061
Superscaffold8	49715092	50198262	-0.289589	-0.085218	-0.059968	-0.143895
Superscaffold8	50198374	50528940	-0.640140	-0.417815	-0.226468	-0.416013
Superscaffold8	50528974	50952617	0.046395	0.022718	0.014224	0.014361
Superscaffold8	50952923	51229348	-0.408000	-0.280109	-0.149410	-0.231852
Superscaffold8	51229354	51610518	0.118444	0.036175	0.024656	0.053574
Superscaffold8	51610558	51848222	-0.171474	-0.091407	-0.052160	-0.071122
Superscaffold8	51848594	52159010	-0.216471	-0.088043	-0.057788	-0.106708
Superscaffold8	52159073	52421301	-0.262765	-0.157658	-0.103839	-0.105644
Superscaffold8	52421326	52658040	-0.185667	-0.162080	-0.085106	-0.079647
Superscaffold8	52658842	53109031	-0.002969	-0.002136	-0.001178	-0.000131
Superscaffold8	53109058	53562064	-0.201821	-0.142402	-0.089002	-0.090787
Superscaffold8	53562067	53775542	0.200623	0.160036	0.109977	0.087676
Superscaffold8	53775557	54002642	-0.331819	-0.405551	-0.157881	-0.192359
Superscaffold8	54002666	54415590	-0.259354	-0.155959	-0.073710	-0.106334
Superscaffold8	54415646	54686617	-0.134334	-0.090949	-0.057469	-0.064077
Superscaffold8	54687699	54954001	-0.166603	-0.135055	-0.077618	-0.074067
Superscaffold8	54954073	55451216	-0.228152	-0.095833	-0.059313	-0.110017
Superscaffold8	55451426	55713117	-0.245287	-0.164039	-0.081580	-0.133955
Superscaffold8	55713224	55944160	-0.539697	-0.587054	-0.222814	-0.360467
Superscaffold8	55944259	56277815	-0.252186	-0.133666	-0.084129	-0.136464
Superscaffold8	56277824	56576109	-0.354844	-0.257797	-0.123402	-0.221608
Superscaffold8	56576765	57301500	-0.136185	-0.057277	-0.034767	-0.070758
Superscaffold8	57302223	57615346	-0.045512	-0.018434	-0.012563	-0.016256
Superscaffold8	57615404	57988580	0.006975	0.005273	0.002890	0.003486
Superscaffold8	57988616	58451841	-0.144464	-0.065976	-0.045120	-0.065452
Superscaffold8	58451843	58859834	-0.018119	-0.009680	-0.006333	-0.006752
Superscaffold8	58859839	59149861	-0.405386	-0.195998	-0.128983	-0.163013
Superscaffold8	59150197	59450456	0.072901	0.037047	0.022580	0.033027
Superscaffold8	59450506	59624023	-0.137227	-0.160408	-0.071337	-0.064542
Superscaffold8	59624037	59880302	-0.094245	-0.104090	-0.035810	-0.033257
Superscaffold8	59880320	60230525	-0.134497	-0.118017	-0.050539	-0.054114
Superscaffold8	60230596	60423494	-0.208143	-0.171278	-0.106253	-0.108670
Superscaffold8	60423644	60620264	-0.457512	-0.455798	-0.211522	-0.272746
Superscaffold8	60620288	60812061	-0.059716	-0.049328	-0.023712	-0.026691
Superscaffold8	60812083	61022500	0.022714	0.014883	0.008664	0.008647
Superscaffold8	61022587	61386132	-0.290524	-0.312299	-0.139280	-0.140874
Superscaffold8	61386207	61597567	-0.278732	-0.214164	-0.130860	-0.137299
Superscaffold8	61597616	62000857	-0.299324	-0.166540	-0.108246	-0.152535
Superscaffold8	62000935	62224803	0.086293	0.070574	0.035761	0.043153
Superscaffold8	62224843	62423826	0.080646	0.053162	0.033755	0.036127
Superscaffold8	62423932	62660038	-0.301150	-0.270378	-0.141920	-0.153118
Superscaffold8	62660143	62934333	-0.157340	-0.102149	-0.059724	-0.067446
Superscaffold8	62934339	63100821	-0.111651	-0.082532	-0.043022	-0.056539
Superscaffold8	63100837	63377123	-0.088478	-0.050741	-0.028565	-0.045333
Superscaffold8	63377337	63771152	-0.150766	-0.080173	-0.053230	-0.063087
Superscaffold8	63771153	63999101	-0.253057	-0.172481	-0.091653	-0.133147
Superscaffold8	63999291	64388765	-0.113184	-0.049644	-0.030439	-0.062673
Superscaffold8	64388824	64950234	-0.162740	-0.117758	-0.063885	-0.070589
Superscaffold8	64950277	65266457	-0.290594	-0.224901	-0.112116	-0.161268
Superscaffold8	65266465	65640178	-0.084275	-0.032133	-0.018423	-0.043249
Superscaffold8	65640198	66243214	-0.016130	-0.007074	-0.004138	-0.009102
Superscaffold9	110121	261937	-0.081908	-0.117339	-0.065408	-0.039245
Superscaffold9	262139	406627	-0.209629	-0.297742	-0.131277	-0.136932
Superscaffold9	406688	570964	0.004257	0.004320	0.002454	-0.000957
Superscaffold9	571027	905235	0.175489	0.138676	0.078675	0.108694
Superscaffold9	905236	1113187	-0.097901	-0.085249	-0.047479	-0.053899
Superscaffold9	1113192	1248606	-0.039265	-0.071801	-0.034890	-0.019387
Superscaffold9	1248616	1385288	0.100840	0.121610	0.064075	0.051101
Superscaffold9	1385304	1499506	0.025317	0.039213	0.018781	0.015172
Superscaffold9	1499511	1948535	-0.084904	-0.064658	-0.038079	-0.047295
Superscaffold9	1948540	2062692	-0.023882	-0.034231	-0.015968	-0.012529
Superscaffold9	2062700	2150103	0.065017	0.092511	0.053294	0.034550
Superscaffold9	2150115	2300919	0.011902	0.013979	0.008435	0.001693
Superscaffold9	2300928	2437402	-0.109074	-0.164054	-0.077221	-0.059416
Superscaffold9	2437416	2637254	0.154809	0.126781	0.077578	0.081426
Superscaffold9	2637380	2888861	-0.121224	-0.185426	-0.077343	-0.060494
Superscaffold9	2889075	3134054	0.091668	0.077160	0.043110	0.053684
Superscaffold9	3134076	3301773	0.101890	0.115151	0.067156	0.044377
Superscaffold9	3301774	3513414	0.098047	0.103460	0.059423	0.055175
Superscaffold9	3513417	4108540	-0.077645	-0.105058	-0.045171	-0.038656
Superscaffold9	4108565	4277838	-0.332328	-0.455968	-0.162817	-0.205609
Superscaffold9	4277879	4432088	-0.132939	-0.109434	-0.070545	-0.065087
Superscaffold9	4432096	4674894	0.024520	0.024624	0.014257	0.011339
Superscaffold9	4675054	4922491	-0.044760	-0.036231	-0.018834	-0.022994
Superscaffold9	4922494	5051199	-0.150212	-0.180241	-0.097211	-0.065139
Superscaffold9	5051210	5192586	0.005636	0.005046	0.002513	-0.006325
Superscaffold9	5192614	5404489	-0.261627	-0.361766	-0.140916	-0.130306
Superscaffold9	5404494	5559206	-0.032127	-0.033673	-0.018549	-0.016743
Superscaffold9	5559556	5703651	-0.032770	-0.037266	-0.021677	-0.015604
Superscaffold9	5703673	5861733	-0.246797	-0.271501	-0.133244	-0.124680
Superscaffold9	5861735	6041150	0.150994	0.160238	0.090645	0.073913
Superscaffold9	6041165	6314328	0.064115	0.065098	0.040238	0.037915
Superscaffold9	6314349	6531837	-0.177571	-0.121417	-0.073555	-0.063317
Superscaffold9	6531838	6706028	-0.465159	-0.347957	-0.201395	-0.285656
Superscaffold9	6706115	6965438	-0.209206	-0.113003	-0.072747	-0.105949
Superscaffold9	6965527	7260053	-0.048852	-0.028456	-0.016940	-0.023386
Superscaffold9	7260721	7683823	-0.062691	-0.024391	-0.015869	-0.031703
Superscaffold9	7683850	7927759	-0.101565	-0.047535	-0.028226	-0.045814
Superscaffold9	7927765	8185745	-0.049490	-0.028459	-0.017753	-0.018644
Superscaffold9	8185786	8369675	-0.104545	-0.042963	-0.028554	-0.044859
Superscaffold9	8369733	8511604	-0.233569	-0.281248	-0.133810	-0.136786
Superscaffold9	8511611	8742867	-0.127066	-0.137384	-0.064746	-0.066506
Superscaffold9	8742888	8967136	0.103943	0.106938	0.060856	0.046212
Superscaffold9	8969097	9146229	0.035785	0.044632	0.023320	0.021365
Superscaffold9	9146234	9558731	-0.075917	-0.055186	-0.031608	-0.039878
Superscaffold9	9558908	9778375	-0.163724	-0.080872	-0.050449	-0.086508
Superscaffold9	9778470	10043431	0.086698	0.045389	0.030054	0.032330
Superscaffold9	10044729	10399193	-0.119132	-0.084578	-0.047207	-0.062110
Superscaffold9	10399194	11046336	-0.084170	-0.067068	-0.034665	-0.040375
Superscaffold9	11046381	11217322	-0.271615	-0.321454	-0.122126	-0.158672
Superscaffold9	11217389	11370133	0.044093	0.037875	0.021082	0.022200
Superscaffold9	11370322	11927216	0.051632	0.024873	0.015322	0.018049
Superscaffold9	11927240	12109311	-0.201256	-0.194347	-0.094796	-0.109915
Superscaffold9	12109313	12351565	0.048775	0.038509	0.020579	0.022298
Superscaffold9	12351573	12556244	-0.314547	-0.217802	-0.114506	-0.161574
Superscaffold9	12556271	12868545	-0.241415	-0.124274	-0.072489	-0.124949
Superscaffold9	12868777	13190124	-0.047926	-0.018646	-0.012190	-0.028039
Superscaffold9	13190163	13926129	-0.390390	-0.509470	-0.169630	-0.218462
Superscaffold9	13926805	14173802	-0.130858	-0.138003	-0.060549	-0.059808
Superscaffold9	14173815	14316410	0.167569	0.200143	0.137729	0.071254
Superscaffold9	14316476	14496784	-0.160954	-0.196476	-0.091165	-0.075602
Superscaffold9	14496961	14743607	-0.037490	-0.020762	-0.013468	-0.015024
Superscaffold9	14743676	15130460	-0.036667	-0.015503	-0.011322	-0.015420
Superscaffold9	15130466	15358697	-0.034680	-0.029275	-0.017293	-0.020720
Superscaffold9	15358782	15562141	-0.165780	-0.133852	-0.078350	-0.074041
Superscaffold9	15562156	15738098	-0.139883	-0.067230	-0.044034	-0.046759
Superscaffold9	15738119	15995341	-0.059150	-0.026806	-0.017468	-0.028652
Superscaffold9	15995354	16228831	-0.187508	-0.097504	-0.055347	-0.101223
Superscaffold9	16228950	16471156	-0.214520	-0.072603	-0.046802	-0.166403
Superscaffold9	16471175	16733245	-0.558918	-0.286047	-0.163666	-0.339040
Superscaffold9	16733576	17011203	-0.371101	-0.095661	-0.068697	-0.159692
Superscaffold9	17011258	17256968	-0.151185	-0.051727	-0.038533	-0.075661
Superscaffold9	17257034	17516512	-0.027769	-0.010650	-0.007259	-0.011976
Superscaffold9	17516987	17751917	-0.089088	-0.075138	-0.036228	-0.044827
Superscaffold9	17751918	17967269	-0.256603	-0.210686	-0.115648	-0.124109
Superscaffold9	17967387	18164933	-0.108268	-0.058625	-0.037664	-0.043100
Superscaffold9	18164985	18758870	-0.089153	-0.045823	-0.028464	-0.041231
Superscaffold9	18758881	19419513	-0.005024	-0.002940	-0.001914	-0.003904
Superscaffold9	19420170	20286586	-0.060230	-0.035685	-0.022522	-0.030583
Superscaffold9	20286732	20510313	-0.171345	-0.100337	-0.066467	-0.074226
Superscaffold9	20510320	20663837	-0.224321	-0.258868	-0.114972	-0.080617
Superscaffold9	20663939	20803339	-0.101127	-0.080181	-0.046924	-0.041681
Superscaffold9	20803400	21011619	-0.085700	-0.057349	-0.033074	-0.051012
Superscaffold9	21011624	21199134	-0.173605	-0.109234	-0.056099	-0.061047
Superscaffold9	21199141	21347265	-0.465529	-0.318847	-0.174833	-0.291911
Superscaffold9	21348089	21475845	-0.101979	-0.100061	-0.056328	-0.059702
Superscaffold9	21475846	21673287	-0.093084	-0.059424	-0.040887	-0.046354
Superscaffold9	21673362	21912962	-0.173802	-0.103867	-0.061307	-0.080954
Superscaffold9	21913022	22107052	-0.256085	-0.199757	-0.110648	-0.142552
Superscaffold9	22107101	22331808	-0.119988	-0.090427	-0.044185	-0.064351
Superscaffold9	22331926	22546497	0.190298	0.095949	0.062213	0.101899
Superscaffold9	22546692	23027855	-0.100104	-0.041915	-0.020889	-0.051911
Superscaffold9	23027986	23277609	-0.033524	-0.019261	-0.009186	-0.014869
Superscaffold9	23277610	23489662	-0.087230	-0.149143	-0.038507	-0.038107
Superscaffold9	23489663	23679726	-0.176411	-0.198569	-0.063597	-0.066774
Superscaffold9	23679766	23808576	-0.261847	-0.338239	-0.108612	-0.135606
Superscaffold9	23808590	24043102	0.097123	0.071823	0.039743	0.053143
Superscaffold9	24043103	24167269	0.178617	0.181862	0.100215	0.088133
Superscaffold9	24170038	24495083	-0.007011	-0.003961	-0.002539	-0.007180
Superscaffold9	24495127	24689051	-0.248973	-0.190086	-0.105251	-0.134467
Superscaffold9	24689161	24830187	-0.261582	-0.257075	-0.133305	-0.107676
Superscaffold9	24830198	25081498	0.042018	0.041537	0.021451	0.017828
Superscaffold9	25081552	25295373	0.011579	0.010901	0.006743	0.004377
Superscaffold9	25295458	25462287	-0.341271	-0.391377	-0.140189	-0.185501
Superscaffold9	25462327	26013925	-0.197769	-0.212764	-0.090304	-0.111227
Superscaffold9	26013933	26184201	-0.235441	-0.142730	-0.094022	-0.130322
Superscaffold9	26184303	26516024	0.014147	0.005426	0.003413	0.008259
Superscaffold9	26516030	26976180	0.154603	0.069690	0.050661	0.092612
Superscaffold9	26976215	27263667	-0.150350	-0.047808	-0.034728	-0.068821
Superscaffold9	27263730	27522202	-0.195328	-0.155250	-0.093390	-0.097596
Superscaffold9	27522246	27730332	0.000698	0.000559	0.000362	0.000067
Superscaffold9	27730395	28129594	-0.083896	-0.099936	-0.044545	-0.031197
Superscaffold9	28129625	28505696	0.066143	0.048611	0.025804	0.026079
Superscaffold9	28505709	28685378	-0.016466	-0.014277	-0.008810	-0.005916
Superscaffold9	28685390	28913388	0.187829	0.114003	0.074154	0.043952
Superscaffold9	28913402	29079998	0.008663	0.009456	0.004525	0.002935
Superscaffold9	29080004	29300254	-0.105407	-0.077047	-0.046055	-0.064556
Superscaffold9	29300273	29547168	-0.012882	-0.005919	-0.003729	-0.004982
Superscaffold9	29547933	29751986	-0.183632	-0.141673	-0.074409	-0.099552
Superscaffold9	29752017	30027932	0.011763	0.008205	0.005377	0.004266
Superscaffold9	30028015	30222495	-0.031604	-0.022782	-0.013491	-0.012525
Superscaffold9	30222509	30541423	0.069132	0.025463	0.016754	0.024945
Superscaffold9	30541452	30896074	-0.061368	-0.025334	-0.016173	-0.023930
Superscaffold9	30896101	31200659	-0.198180	-0.135864	-0.072273	-0.087089
Superscaffold9	31200896	31599667	-0.140903	-0.142457	-0.071830	-0.076960
Superscaffold9	31599691	31800604	0.382276	0.210663	0.158131	0.255330
Superscaffold9	31800611	31960641	0.170194	0.127548	0.064585	0.092081
Superscaffold9	31960705	32107524	0.373435	0.277165	0.170085	0.174593
Superscaffold9	32107597	32319363	0.009216	0.006968	0.003565	0.006030
Superscaffold9	32319465	32491240	-0.092815	-0.057704	-0.033340	-0.042129
Superscaffold9	32491243	32867499	-0.000774	-0.000482	-0.000287	0.004956
Superscaffold9	32867502	32996735	0.384737	0.222935	0.154534	0.225580
Superscaffold9	32996736	33215014	0.183310	0.134066	0.080543	0.089278
Superscaffold9	33215018	33474432	0.062183	0.035218	0.020842	0.029777
Superscaffold9	33474705	33740702	-0.035272	-0.018282	-0.012418	-0.014402
Superscaffold9	33740723	34118857	0.006289	0.002995	0.002095	0.005587
Superscaffold9	34118879	34356050	-0.343971	-0.254759	-0.133203	-0.149833
Superscaffold9	34356052	34498247	-0.410787	-0.315496	-0.179164	-0.205962
Superscaffold9	34498248	34674090	-0.631114	-1.489755	-0.431333	-0.419324
Superscaffold9	34674171	34811912	-0.721359	-1.861141	-0.472057	-0.548267
Superscaffold9	34811943	35019189	-0.716678	-0.884281	-0.376925	-0.524558
Superscaffold9	35019494	35281196	0.037532	0.014486	0.009411	0.015163
Superscaffold9	35281232	35798179	-0.083620	-0.031793	-0.020992	-0.042607
Superscaffold9	35808328	36230171	-0.444100	-0.447587	-0.201795	-0.265559
Superscaffold9	36230206	36394970	-0.218316	-0.116034	-0.075592	-0.107857
Superscaffold9	36394990	36544080	-0.121971	-0.083688	-0.054684	-0.063191
Superscaffold9	36544087	36707651	-0.142485	-0.065571	-0.044711	-0.060188
Superscaffold9	36707744	36879275	0.447242	0.280145	0.148563	0.284168
Superscaffold9	36879281	37127832	-0.099916	-0.078998	-0.040991	-0.044547
Superscaffold9	37128040	37342669	-0.064765	-0.034758	-0.019626	-0.042138
Superscaffold9	37342670	37600446	-0.668015	-0.391439	-0.244049	-0.426643
Superscaffold9	37600448	37808212	-0.448042	-0.193652	-0.135597	-0.215198
Superscaffold9	37808669	38091394	-0.192293	-0.058606	-0.038564	-0.071886
Superscaffold9	38091400	38456068	0.010489	0.006253	0.004469	0.000207
Superscaffold9	38456089	38783410	0.066014	0.026119	0.017377	0.037541
Superscaffold9	38783418	39124943	0.213640	0.073170	0.049969	0.102668
Superscaffold9	39125075	39468656	-0.410604	-0.146654	-0.084050	-0.278182
Superscaffold9	39468670	39728211	-0.074263	-0.061539	-0.031274	-0.036534
Superscaffold9	39728294	39909185	-0.189921	-0.170091	-0.100662	-0.109754
Superscaffold9	39909293	40439235	-0.002229	-0.000910	-0.000595	-0.000212
Superscaffold9	40439348	40719994	-0.134383	-0.082862	-0.048380	-0.064242
Superscaffold9	40720019	41016746	-0.035808	-0.026378	-0.014969	-0.012692
Superscaffold9	41016922	41334438	-0.099718	-0.050740	-0.028831	-0.039737
Superscaffold9	41334562	42015097	-0.191695	-0.125104	-0.066867	-0.107029
Superscaffold9	42015388	42231574	-0.416342	-0.317975	-0.171857	-0.250915
Superscaffold9	42231716	42427169	-0.127595	-0.081978	-0.051549	-0.056690
Superscaffold9	42427177	42584330	-0.202704	-0.271955	-0.126363	-0.105115
Superscaffold9	42584424	42919116	0.027447	0.026233	0.014037	0.014699
Superscaffold9	42919295	43110449	-0.052132	-0.058573	-0.032417	-0.036485
Superscaffold9	43110508	43267255	0.016696	0.010604	0.007341	0.005435
Superscaffold9	43267338	43566547	0.004899	0.003709	0.002050	0.003125
Superscaffold9	43566572	43868091	0.017408	0.011528	0.006794	0.011192
Superscaffold9	43868181	44018783	-0.231501	-0.181194	-0.113705	-0.115206
Superscaffold9	44018816	44190501	-0.464511	-0.346344	-0.208981	-0.242994
Superscaffold9	44190524	44330622	-0.193364	-0.171984	-0.098378	-0.088094
Superscaffold9	44330663	44746182	0.057413	0.049004	0.027763	0.027043
Superscaffold9	44746529	44899405	0.089263	0.077843	0.049106	0.042101
Superscaffold9	44899577	45022780	-0.033826	-0.035589	-0.021946	-0.019095
Superscaffold9	45022822	45202766	-0.347860	-0.284259	-0.162962	-0.174406
Superscaffold9	45202767	45408206	-0.237999	-0.203804	-0.114301	-0.135053
Superscaffold9	45408302	45619322	0.026378	0.014355	0.009950	0.008238
Superscaffold9	45619598	45820191	-0.133163	-0.109959	-0.060831	-0.047775
Superscaffold9	45820288	46060052	-0.080295	-0.094103	-0.041337	-0.038723
Superscaffold9	46060083	46562557	0.725497	0.384109	0.328314	0.551529
Superscaffold9	46562609	46862000	0.671181	0.399699	0.325382	0.482746
Superscaffold9	46862071	47061521	0.270883	0.263156	0.152303	0.132033
Superscaffold9	47061637	47184653	0.081689	0.135519	0.061168	0.039125
Superscaffold9	47184659	47408506	0.062842	0.086774	0.041609	0.031588
Superscaffold9	47408536	47576562	0.335009	0.209240	0.155367	0.215252
Superscaffold9	47576619	47880829	-0.233555	-0.243191	-0.113076	-0.124374
Superscaffold9	47881291	48011534	0.036836	0.052730	0.028089	0.017317
Superscaffold9	48011550	48182737	-0.010808	-0.015726	-0.008385	-0.005071
Superscaffold9	48182743	48329383	-0.017935	-0.022005	-0.010566	-0.006499
Superscaffold9	48329419	48511746	0.058836	0.049442	0.031381	0.023319
Superscaffold9	48511761	48772865	-0.132534	-0.118401	-0.071929	-0.066306
Superscaffold9	48772930	48922757	-0.184240	-0.336611	-0.140097	-0.082848
Superscaffold9	48922763	49041493	0.059584	0.088829	0.043640	0.025483
Superscaffold9	49041610	49285211	-0.044876	-0.049888	-0.023418	-0.017043
Superscaffold9	49285300	49423924	-0.089902	-0.064713	-0.042290	-0.037484
Superscaffold9	49423940	49544655	-0.119712	-0.136919	-0.075717	-0.055366
Superscaffold9	49544656	49661725	-0.008813	-0.010560	-0.005505	-0.007844
Superscaffold9	49661728	49798701	0.172870	0.186347	0.117795	0.088727
Superscaffold9	49798727	50125747	-0.037825	-0.033497	-0.019905	-0.021258
Superscaffold9	50126358	50463653	0.009692	0.006581	0.003955	0.003555
Superscaffold9	50463699	50641468	0.359162	0.216685	0.154389	0.162459
Superscaffold9	50641570	50811896	0.024362	0.021084	0.012266	0.012022
Superscaffold9	50811904	50995760	-0.100298	-0.079194	-0.043592	-0.045410
Superscaffold9	50996062	51123369	0.115052	0.139691	0.057228	0.052163
Superscaffold9	51123415	51343242	0.040197	0.036603	0.019522	0.017117
Superscaffold9	51343500	51551008	0.245039	0.203704	0.110058	0.120185
Superscaffold9	51551565	51655221	0.075166	0.088608	0.038300	0.046141
Superscaffold9	51655228	51815811	0.072718	0.072283	0.041686	0.033424
Superscaffold9	51815813	52019581	-0.021181	-0.019615	-0.012198	-0.009671
Superscaffold9	52019701	52150356	0.064618	0.058487	0.033517	0.036924
Superscaffold9	52150370	52313308	-0.224808	-0.147759	-0.098812	-0.108476
Superscaffold9	52313309	52561890	-0.146675	-0.113123	-0.071337	-0.094247
Superscaffold9	52561892	52703640	-0.133279	-0.128992	-0.071936	-0.057800
Superscaffold9	52703672	52856488	-0.154104	-0.197917	-0.089172	-0.077763
Superscaffold9	52856521	53008491	-0.120992	-0.129577	-0.061263	-0.067953
Superscaffold9	53008499	53130121	0.074556	0.079949	0.043796	0.042116
Superscaffold9	53130141	53269081	-0.060110	-0.083264	-0.036321	-0.029873
Superscaffold9	53269087	53403589	-0.172148	-0.272894	-0.103745	-0.087173
Superscaffold9	53403717	53565467	-0.082688	-0.109329	-0.056578	-0.037900
Superscaffold9	53566261	53712354	0.018461	0.025553	0.013731	0.007145
Superscaffold9	53712372	53806799	-0.209361	-0.335604	-0.135361	-0.102702
Superscaffold9	53806822	53937684	-0.206541	-0.210120	-0.113073	-0.103806
Superscaffold9	53937725	54159182	0.161216	0.130289	0.077253	0.086560
Superscaffold9	54159305	54499756	0.180334	0.084457	0.061958	0.088402
Superscaffold9	54499787	54650785	0.067603	0.063720	0.037815	0.028102
Superscaffold9	54651065	54867206	0.005937	0.004727	0.002543	-0.003992
Superscaffold9	54867225	55002139	-0.034896	-0.044143	-0.024420	-0.018451
Superscaffold9	55002156	55162015	-0.089262	-0.136067	-0.066615	-0.046086
Superscaffold9	55162165	55871234	-0.200822	-0.291390	-0.123195	-0.112997
Superscaffold9	55871243	56050980	-0.058044	-0.045590	-0.027285	-0.028548
Superscaffold9	56051000	56203733	0.034125	0.032366	0.021282	0.012267
Superscaffold9	56203744	56497414	-0.041937	-0.032525	-0.021098	-0.022574
Superscaffold9	56497493	56919633	-0.112999	-0.056313	-0.035139	-0.063302
Superscaffold10	310139	441073	-0.105326	-0.136279	-0.065416	-0.060903
Superscaffold10	441090	688552	-0.022488	-0.012579	-0.007163	-0.011224
Superscaffold10	688567	1150758	-0.201634	-0.107414	-0.066614	-0.114882
Superscaffold10	1150801	1438551	-0.170219	-0.204316	-0.101198	-0.085307
Superscaffold10	1438557	1582492	-0.187706	-0.228180	-0.090237	-0.076206
Superscaffold10	1582515	1758915	-0.422999	-0.260903	-0.157595	-0.220329
Superscaffold10	1758925	2227490	-0.120339	-0.052288	-0.034532	-0.053005
Superscaffold10	2227520	2458730	-0.203944	-0.098029	-0.059189	-0.064201
Superscaffold10	2458739	2649990	0.152859	0.085112	0.046058	0.083375
Superscaffold10	2649995	2937657	-0.238048	-0.126467	-0.079843	-0.114481
Superscaffold10	2937691	3193009	0.153840	0.144163	0.075013	0.074594
Superscaffold10	3193194	3329298	-0.032332	-0.020333	-0.012260	-0.017400
Superscaffold10	3329302	3617537	0.187191	0.125942	0.073488	0.086267
Superscaffold10	3617542	4331817	-0.004204	-0.001751	-0.001041	-0.003681
Superscaffold10	4331849	5165196	0.114422	0.043984	0.027769	0.051128
Superscaffold10	5167015	5779229	-0.073414	-0.047644	-0.028850	-0.033405
Superscaffold10	5779230	6064811	-0.355466	-0.265351	-0.126468	-0.169690
Superscaffold10	6064923	6240963	-0.035364	-0.032999	-0.019541	-0.018240
Superscaffold10	6241313	6536573	-0.021713	-0.024836	-0.010401	-0.011586
Superscaffold10	6536618	6892993	-0.084712	-0.050044	-0.031840	-0.035694
Superscaffold10	6893002	7307460	-0.054526	-0.026766	-0.016335	-0.025397
Superscaffold10	7307483	7608372	-0.024559	-0.011692	-0.007900	-0.007287
Superscaffold10	7608494	7948064	-0.006899	-0.004792	-0.003028	-0.001326
Superscaffold10	7948094	8182561	0.061998	0.028368	0.018755	0.023457
Superscaffold10	8182563	8367327	-0.104683	-0.077238	-0.045109	-0.039644
Superscaffold10	8367333	8738383	-0.341412	-0.205588	-0.114887	-0.194255
Superscaffold10	8738530	9327150	-0.412038	-0.169575	-0.104920	-0.230550
Superscaffold10	9327209	9614985	-0.069788	-0.036569	-0.022385	-0.032580
Superscaffold10	9614993	9971142	-0.067619	-0.043634	-0.026799	-0.023499
Superscaffold10	9971152	10099331	0.020859	0.023131	0.010591	0.008407
Superscaffold10	10099341	10289527	0.106673	0.079758	0.037572	0.030809
Superscaffold10	10289591	10490831	-0.091975	-0.054848	-0.033163	-0.049840
Superscaffold10	10490858	10819700	-0.146445	-0.071066	-0.046297	-0.059716
Superscaffold10	10819922	11426221	-0.119939	-0.041289	-0.025057	-0.075477
Superscaffold10	11426306	11730200	-0.106338	-0.045671	-0.027839	-0.047240
Superscaffold10	11730207	12003511	-0.086678	-0.041310	-0.024873	-0.040652
Superscaffold10	12004056	12132661	0.044519	0.051891	0.026252	0.019857
Superscaffold10	12132662	12244566	0.132292	0.144672	0.073559	0.071099
Superscaffold10	12244568	12409170	-0.102329	-0.095525	-0.050754	-0.039945
Superscaffold10	12409225	12778691	0.159610	0.111616	0.068085	0.080867
Superscaffold10	12778903	13030990	-0.173687	-0.088060	-0.052446	-0.068971
Superscaffold10	13031040	13314881	0.355415	0.193609	0.114038	0.186363
Superscaffold10	13314917	13644244	-0.293145	-0.137938	-0.091890	-0.166239
Superscaffold10	13644468	13883399	0.043594	0.035809	0.021780	0.019042
Superscaffold10	13883419	14175122	-0.099735	-0.050761	-0.032278	-0.044869
Superscaffold10	14175167	14601197	-0.197409	-0.082508	-0.049861	-0.134753
Superscaffold10	14601238	14841514	0.103947	0.073217	0.047600	0.048533
Superscaffold10	14841610	15186741	-0.163857	-0.110570	-0.061929	-0.077661
Superscaffold10	15186751	15474094	-0.150110	-0.115368	-0.061563	-0.079926
Superscaffold10	15474104	15693701	0.091065	0.065396	0.042151	0.035554
Superscaffold10	15693804	16037287	0.171639	0.089397	0.051952	0.091344
Superscaffold10	16037290	16386980	-0.131345	-0.051605	-0.030883	-0.070314
Superscaffold10	16388079	16931853	0.040550	0.019411	0.012379	0.016999
Superscaffold10	16932341	17360211	-0.100458	-0.033373	-0.021742	-0.048205
Superscaffold10	17360261	17761381	-0.157798	-0.077824	-0.048025	-0.077769
Superscaffold10	17761879	18143068	-0.009375	-0.005576	-0.002963	-0.001958
Superscaffold10	18143081	18317264	-0.056034	-0.038124	-0.025075	-0.026219
Superscaffold10	18317335	18569079	-0.518890	-0.340330	-0.165132	-0.318585
Superscaffold10	18569084	18763042	-0.239309	-0.199121	-0.097678	-0.139964
Superscaffold10	18763051	19009435	-0.350207	-0.322246	-0.136220	-0.154822
Superscaffold10	19009461	19300146	-0.113103	-0.135232	-0.049990	-0.051065
Superscaffold10	19300167	19562929	0.046781	0.042167	0.019844	0.020588
Superscaffold10	19562933	19830636	-0.151659	-0.087470	-0.051357	-0.065370
Superscaffold10	19830647	20011521	0.157593	0.099105	0.061736	0.069831
Superscaffold10	20011629	20303789	-0.297727	-0.134008	-0.082180	-0.167396
Superscaffold10	20303970	20557303	-0.008521	-0.004829	-0.002837	-0.008332
Superscaffold10	20557480	20845611	-0.015778	-0.003548	-0.002730	-0.005587
Superscaffold10	20845863	21093483	-0.051256	-0.025803	-0.015034	-0.026207
Superscaffold10	21093576	21274269	0.129772	0.065338	0.039684	0.066221
Superscaffold10	21274299	21471596	0.017099	0.017620	0.007343	0.009968
Superscaffold10	21471617	21712860	-0.090124	-0.051204	-0.032859	-0.038634
Superscaffold10	21712883	21914036	0.043101	0.033285	0.020530	0.021912
Superscaffold10	21914056	22058836	-0.210655	-0.165556	-0.087171	-0.114618
Superscaffold10	22058838	22354899	-0.123938	-0.054832	-0.035316	-0.060035
Superscaffold10	22354901	22585477	0.341463	0.193035	0.129733	0.171470
Superscaffold10	22585663	22778151	-0.394588	-0.226523	-0.125325	-0.213376
Superscaffold10	22778260	23151776	-0.086470	-0.032334	-0.021886	-0.048496
Superscaffold10	23152088	23488587	-0.129779	-0.042142	-0.029904	-0.056807
Superscaffold10	23488592	23704561	0.071044	0.025573	0.018889	0.018462
Superscaffold10	23704749	24182192	0.014615	0.009046	0.005623	0.006138
Superscaffold10	24182264	24464492	-0.226342	-0.141030	-0.079843	-0.109995
Superscaffold10	24464531	24807595	-0.194172	-0.058605	-0.040191	-0.109186
Superscaffold10	24807701	25114630	0.041271	0.017436	0.012793	0.022851
Superscaffold10	25114631	25245838	-0.102518	-0.055221	-0.037273	-0.037434
Superscaffold10	25245938	25524171	-0.129843	-0.071978	-0.041330	-0.055984
Superscaffold10	25524218	25659585	-0.151803	-0.166395	-0.095860	-0.074445
Superscaffold10	25659605	25852002	0.030646	0.018920	0.012017	0.013507
Superscaffold10	25852049	26026255	-0.129613	-0.061718	-0.040833	-0.038559
Superscaffold10	26026312	26238862	-0.034895	-0.013038	-0.009563	-0.016467
Superscaffold10	26238865	26366936	-0.188155	-0.174726	-0.092114	-0.095799
Superscaffold10	26366940	26466144	-0.150328	-0.109172	-0.071170	-0.075946
Superscaffold10	26466149	26653753	-0.135799	-0.157074	-0.080937	-0.059810
Superscaffold10	26653842	26860871	0.253237	0.171315	0.100025	0.092964
Superscaffold10	26860874	27027072	0.024726	0.024708	0.012357	0.017147
Superscaffold10	27027449	27383971	-0.007602	-0.005714	-0.002646	-0.001395
Superscaffold10	27383972	27618221	-0.388337	-0.151984	-0.082030	-0.196517
Superscaffold10	27618228	27859175	0.118801	0.057430	0.037341	0.058501
Superscaffold10	27859199	28061209	-0.019941	-0.013188	-0.008568	-0.008250
Superscaffold10	28061265	28432204	-0.076485	-0.059087	-0.037247	-0.037418
Superscaffold10	28432244	28586416	-0.116712	-0.059801	-0.041523	-0.049654
Superscaffold10	28586427	28805066	-0.519082	-0.678287	-0.246494	-0.287560
Superscaffold10	28805110	28918900	-0.210207	-0.268877	-0.119191	-0.113551
Superscaffold10	28918907	29163511	0.061661	0.043445	0.026373	0.024843
Superscaffold10	29163565	29590476	0.062911	0.021805	0.015097	0.023639
Superscaffold10	29590490	29806462	-0.252762	-0.097743	-0.067794	-0.123576
Superscaffold10	29806472	30017035	-0.120998	-0.063445	-0.038512	-0.053133
Superscaffold10	30017111	30307622	0.051797	0.047354	0.022503	0.012486
Superscaffold10	30307660	30428944	-0.216697	-0.314961	-0.135116	-0.092844
Superscaffold10	30428964	30613525	-0.579556	-0.562652	-0.251133	-0.386807
Superscaffold10	30613640	30769781	-0.026688	-0.015862	-0.008661	-0.012535
Superscaffold10	30769798	31089056	-0.009825	-0.004352	-0.002742	-0.004530
Superscaffold10	31089155	31252893	-0.469129	-0.326795	-0.199996	-0.334843
Superscaffold10	31252979	31503559	-0.385788	-0.248782	-0.139159	-0.254462
Superscaffold10	31503646	31742870	-0.535199	-0.367063	-0.198893	-0.365349
Superscaffold10	31743152	31977974	0.221173	0.110378	0.077817	0.099508
Superscaffold10	31977975	32213927	-0.191385	-0.128123	-0.064821	-0.113913
Superscaffold10	32213936	32622971	0.083253	0.063815	0.026642	0.062451
Superscaffold10	32623056	32892703	0.060031	0.043111	0.026672	0.029490
Superscaffold10	32892725	33060830	-0.667814	-0.338404	-0.226012	-0.458337
Superscaffold10	33060993	33371997	-0.410428	-0.216290	-0.129814	-0.244360
Superscaffold10	33372035	33551575	-0.332208	-0.390034	-0.237016	-0.227889
Superscaffold10	33551725	34027945	-0.549107	-0.139681	-0.112488	-0.375235
Superscaffold10	34027958	34427390	-0.681928	-0.092456	-0.080502	-0.413611
Superscaffold10	34427404	34812428	-0.619863	-0.135543	-0.108293	-0.372559
Superscaffold10	34812441	35255543	-0.029297	-0.015359	-0.008806	-0.015313
Superscaffold10	35255545	35613774	-0.053201	-0.014612	-0.008786	-0.021402
Superscaffold10	35613910	35881454	-0.311959	-0.190969	-0.097811	-0.132889
Superscaffold10	35881501	36235616	-0.132103	-0.050334	-0.027761	-0.068215
Superscaffold10	36235620	36474218	0.204041	0.172524	0.093758	0.114104
Superscaffold10	36474284	36762968	-0.205040	-0.155109	-0.079628	-0.099142
Superscaffold10	36762977	37017070	-0.120170	-0.062305	-0.039522	-0.047520
Superscaffold10	37017078	37275727	-0.191726	-0.158429	-0.087919	-0.072430
Superscaffold10	37275753	37450715	-0.362218	-0.316981	-0.141680	-0.158488
Superscaffold10	37450855	37640960	0.064668	0.037487	0.025989	0.018358
Superscaffold10	37640992	37841587	-0.128088	-0.139337	-0.065723	-0.061767
Superscaffold10	37841605	37994429	-0.032479	-0.036686	-0.018674	-0.012973
Superscaffold10	37994473	38105140	-0.035804	-0.044739	-0.021355	-0.020300
Superscaffold10	38105293	38246837	-0.052635	-0.043166	-0.025548	-0.019358
Superscaffold10	38246895	38353412	-0.088714	-0.124453	-0.063572	-0.043273
Superscaffold10	38353419	38501941	-0.053807	-0.033682	-0.022627	-0.025467
Superscaffold10	38501945	38615462	-0.055550	-0.088710	-0.038773	-0.021332
Superscaffold10	38615490	38862564	-0.101462	-0.098865	-0.047566	-0.033846
Superscaffold10	38862586	39389328	-0.041893	-0.027742	-0.017709	-0.017927
Superscaffold10	39389364	40016222	-0.064378	-0.059536	-0.030475	-0.030656
Superscaffold10	40016240	40360245	0.283480	0.192937	0.109853	0.133241
Superscaffold10	40360387	40583450	-0.061137	-0.036854	-0.025264	-0.019552
Superscaffold10	40583519	40700023	0.120817	0.166293	0.075815	0.043988
Superscaffold10	40700164	40812903	0.083850	0.092918	0.048971	0.042810
Superscaffold10	40812995	40930232	0.156068	0.137233	0.080207	0.078653
Superscaffold10	40930245	41168030	-0.229316	-0.156754	-0.081917	-0.117672
Superscaffold10	41168074	41516070	-0.055488	-0.017963	-0.011342	-0.022121
Superscaffold10	41516810	41719824	0.128906	0.086610	0.057483	0.052116
Superscaffold10	41719898	41955373	0.240360	0.310072	0.185303	0.095356
Superscaffold10	41955379	42200179	0.255137	0.158264	0.116708	0.102511
Superscaffold10	42200193	42403664	0.049020	0.035350	0.022440	0.015447
Superscaffold10	42403670	42537700	-0.257583	-0.339646	-0.137835	-0.141652
Superscaffold10	42537798	42682295	-0.052545	-0.050336	-0.023576	-0.022126
Superscaffold10	42682374	43022882	0.106216	0.059741	0.036840	0.036427
Superscaffold10	43022883	43253062	-0.329054	-0.218157	-0.123286	-0.155974
Superscaffold10	43253191	43522627	0.068536	0.034173	0.022320	0.020173
Superscaffold10	43524615	43760304	-0.061956	-0.047697	-0.024301	-0.024323
Superscaffold10	43760452	44138322	-0.025442	-0.019914	-0.011954	-0.013228
Superscaffold10	44140661	44364604	-0.450107	-0.255402	-0.154649	-0.245364
Superscaffold10	44364628	44821010	-0.003373	-0.003588	-0.001897	-0.005774
Superscaffold10	44821015	44999832	0.202133	0.137253	0.090406	0.120662
Superscaffold10	44999959	45189162	-0.177842	-0.261546	-0.123248	-0.108440
Superscaffold10	45189249	45422197	-0.025838	-0.024930	-0.012830	-0.007388
Superscaffold10	45422216	45674487	-0.121867	-0.099251	-0.053305	-0.073034
Superscaffold10	45674494	45786278	-0.028792	-0.049534	-0.022927	-0.011536
Superscaffold10	45786401	45887165	-0.069347	-0.128347	-0.056459	-0.033561
Superscaffold10	45887170	46017247	0.094332	0.109594	0.057251	0.046503
Superscaffold10	46017261	46171341	-0.113718	-0.168692	-0.071032	-0.057889
Superscaffold10	46171425	46374568	-0.045349	-0.058495	-0.033377	-0.019490
Superscaffold10	46374622	46501584	-0.160836	-0.210476	-0.116628	-0.081469
Superscaffold10	46501776	47422852	0.005070	0.004765	0.002633	-0.002568
Superscaffold10	47422863	47539571	-0.006764	-0.009062	-0.005370	-0.004872
Superscaffold10	47539689	47658704	0.033071	0.044024	0.022510	0.012428
Superscaffold10	47658723	47787148	-0.228396	-0.353605	-0.127761	-0.116055
Superscaffold10	47787204	47882908	0.027234	0.044185	0.022499	0.013540
Superscaffold10	47882989	48029755	0.040282	0.072884	0.035178	0.022223
Superscaffold10	48029873	48217462	-0.154251	-0.563568	-0.116926	-0.065640
Superscaffold10	48217480	48331808	-0.138759	-0.208835	-0.088182	-0.062113
Superscaffold10	48331815	48579712	0.163997	0.161029	0.091414	0.074805
Superscaffold10	48579732	48692053	0.032856	0.061204	0.023022	0.013880
Superscaffold10	48692061	48815820	-0.038081	-0.060722	-0.029933	-0.018385
Superscaffold10	48815933	49156026	0.094606	0.059203	0.031234	0.047279
Superscaffold10	49156041	49337704	-0.094432	-0.136302	-0.060006	-0.045361
Superscaffold10	49337729	49593101	-0.021168	-0.031480	-0.013806	-0.010199
Superscaffold10	49593112	49857059	-0.053413	-0.078171	-0.038800	-0.028713
Superscaffold10	49857098	49956590	-0.081569	-0.113637	-0.067720	-0.037198
Superscaffold10	49956643	50065528	-0.125971	-0.099817	-0.063512	-0.068161
Superscaffold10	50065529	50172715	-0.365496	-0.267127	-0.165982	-0.212798
Superscaffold10	50172727	50502205	0.013892	0.009602	0.005259	0.006307
Superscaffold10	50502218	50839690	-0.061215	-0.051175	-0.026265	-0.025990
Superscaffold10	50839716	51052900	-0.130202	-0.107582	-0.060383	-0.072080
Superscaffold10	51052917	51213244	0.000864	0.000767	0.000404	0.004036
Superscaffold10	51213293	51463545	-0.024558	-0.036290	-0.018013	-0.015349
Superscaffold10	51463552	51681992	0.025489	0.019548	0.012294	0.012015
Superscaffold10	51681994	51894724	0.020243	0.021356	0.012606	0.007583
Superscaffold10	51894775	51986442	-0.020197	-0.033584	-0.016231	-0.011875
Superscaffold10	51986463	52104224	-0.029850	-0.051383	-0.022623	-0.016249
Superscaffold10	52104448	52238100	-0.064384	-0.084790	-0.046914	-0.026103
Superscaffold10	52238155	52389377	0.028054	0.046159	0.017666	0.009247
Superscaffold10	52389381	52554857	-0.139162	-0.114340	-0.071314	-0.045658
Superscaffold10	52554961	52665487	-0.170407	-0.146451	-0.093678	-0.056416
Superscaffold10	52665513	52776460	0.019025	0.020503	0.012680	0.009183
Superscaffold10	52776497	52977048	0.029863	0.037383	0.020289	0.015839
Superscaffold10	52977050	53116721	0.013727	0.016802	0.008152	0.011753
Superscaffold10	53116882	53284365	-0.168973	-0.220551	-0.097793	-0.097628
Superscaffold10	53284366	53442763	-0.109566	-0.158357	-0.072983	-0.056538
Superscaffold10	53442792	53570027	0.019315	0.024833	0.012338	0.003507
Superscaffold10	53570052	53686352	-0.043775	-0.063693	-0.030272	-0.022956
Superscaffold10	53686375	53806155	0.084679	0.139938	0.071622	0.048472
Superscaffold10	53806393	54057692	-0.018162	-0.029520	-0.014582	-0.007699
Superscaffold10	54057702	54393159	0.079116	0.081877	0.042714	0.042023
Superscaffold10	54393223	54752802	-0.073166	-0.067505	-0.030003	-0.031511
Superscaffold10	54752856	54927828	-0.019511	-0.020574	-0.011527	-0.012276
Superscaffold10	54927832	55023882	0.028950	0.041783	0.020243	0.012990
Superscaffold10	55023890	55185648	-0.039094	-0.053221	-0.023109	-0.016697
Superscaffold10	55186145	55331517	0.008715	0.012793	0.005986	0.004234
Superscaffold10	55331529	55431456	0.069895	0.118746	0.070580	0.037330
Superscaffold11	37724	240831	-0.197890	-0.143099	-0.090309	-0.115522
Superscaffold11	240836	352541	-0.382473	-0.202591	-0.143329	-0.123142
Superscaffold11	352576	547936	-0.287014	-0.201375	-0.135070	-0.111139
Superscaffold11	547989	719531	-0.419094	-0.538085	-0.227800	-0.220245
Superscaffold11	719596	846147	-0.540492	-0.331984	-0.202585	-0.277276
Superscaffold11	846158	1078135	-0.274703	-0.235272	-0.126154	-0.170306
Superscaffold11	1078164	1280149	0.029044	0.031051	0.015618	0.014063
Superscaffold11	1280150	1526228	-0.272820	-0.273828	-0.123460	-0.148048
Superscaffold11	1526239	1813934	-0.077627	-0.051872	-0.032443	-0.049680
Superscaffold11	1813952	2305908	0.071976	0.056709	0.032042	0.037293
Superscaffold11	2306001	2900688	-0.076933	-0.059566	-0.029338	-0.036752
Superscaffold11	2900726	3294157	0.019026	0.015356	0.009089	0.006070
Superscaffold11	3294246	3628431	0.010333	0.006658	0.003917	0.003503
Superscaffold11	3628443	4615684	-0.033632	-0.029113	-0.016991	-0.021346
Superscaffold11	4615850	4870907	-0.060129	-0.064697	-0.035629	-0.031573
Superscaffold11	4870956	5130984	-0.482414	-0.571618	-0.255437	-0.256612
Superscaffold11	5131105	5335349	-0.148783	-0.085854	-0.055492	-0.057336
Superscaffold11	5335510	5487887	-0.158282	-0.113639	-0.070284	-0.064761
Superscaffold11	5487889	5791578	-0.020411	-0.021344	-0.012367	-0.011205
Superscaffold11	5791601	6293664	-0.074933	-0.085527	-0.045776	-0.036116
Superscaffold11	6293875	6561371	-0.157239	-0.227257	-0.091080	-0.085717
Superscaffold11	6561379	6913665	0.069445	0.067869	0.039582	0.027738
Superscaffold11	6913780	7159254	-0.094958	-0.113751	-0.047018	-0.052299
Superscaffold11	7159257	7507278	0.101361	0.062921	0.041047	0.048942
Superscaffold11	7507752	7748469	-0.010397	-0.006980	-0.004493	0.000136
Superscaffold11	7748529	7965801	0.025953	0.024431	0.014778	0.014286
Superscaffold11	7965831	8139791	-0.139695	-0.142648	-0.081081	-0.070623
Superscaffold11	8139806	8517397	-0.147606	-0.128779	-0.075337	-0.077465
Superscaffold11	8517553	8854915	-0.067102	-0.053477	-0.034386	-0.029140
Superscaffold11	8854923	9028178	-0.139008	-0.117259	-0.074638	-0.067963
Superscaffold11	9028184	9219383	0.078663	0.074882	0.043258	0.027510
Superscaffold11	9219402	9442714	-0.103917	-0.061618	-0.038783	-0.040182
Superscaffold11	9442831	9665629	-0.106354	-0.117644	-0.058559	-0.048939
Superscaffold11	9665638	9815002	0.041268	0.050713	0.026546	0.027640
Superscaffold11	9815004	10020164	0.127703	0.078128	0.051150	0.050642
Superscaffold11	10020198	10143999	-0.087998	-0.111043	-0.058056	-0.043760
Superscaffold11	10144142	10245913	0.030328	0.029677	0.016025	0.013024
Superscaffold11	10245923	10690551	0.035179	0.036519	0.018675	0.015966
Superscaffold11	10690559	10928270	0.167079	0.107601	0.057699	0.073774
Superscaffold11	10928368	11033339	0.134921	0.069239	0.047995	0.048053
Superscaffold11	11033354	11258616	0.021653	0.024907	0.012166	0.009344
Superscaffold11	11258624	11394171	-0.476198	-0.486937	-0.182464	-0.252098
Superscaffold11	11394226	11660723	-0.191155	-0.122774	-0.073116	-0.114226
Superscaffold11	11660918	11968799	-0.157418	-0.105388	-0.065173	-0.084442
Superscaffold11	11968830	12528246	0.048050	0.015285	0.011061	0.017331
Superscaffold11	12528290	12798714	-0.438252	-0.520031	-0.164037	-0.222733
Superscaffold11	12803268	13062161	-0.073195	-0.039340	-0.021357	-0.030575
Superscaffold11	13062164	13267318	-0.093348	-0.080838	-0.040717	-0.040811
Superscaffold11	13267365	13416574	0.103006	0.082704	0.045876	0.039513
Superscaffold11	13416616	13637589	-0.149750	-0.057209	-0.041495	-0.069209
Superscaffold11	13637636	13817099	-0.408107	-0.352964	-0.193984	-0.255049
Superscaffold11	13817105	13986973	-0.210390	-0.228206	-0.117887	-0.089652
Superscaffold11	13987016	14477284	-0.037625	-0.026588	-0.015196	-0.021072
Superscaffold11	14477294	14555641	-0.001390	-0.002552	-0.001196	-0.003827
Superscaffold11	14555644	14655363	-0.035054	-0.032840	-0.019663	-0.021497
Superscaffold11	14655365	14787229	0.135270	0.158104	0.086535	0.067901
Superscaffold11	14787258	14925774	0.062080	0.062624	0.040589	0.037512
Superscaffold11	14925858	15165208	-0.103373	-0.118137	-0.066626	-0.046865
Superscaffold11	15165217	15541959	-0.108015	-0.110481	-0.052678	-0.053966
Superscaffold11	15542118	16080935	0.078123	0.044225	0.028986	0.031920
Superscaffold11	16081276	16346482	0.094633	0.122415	0.051840	0.039502
Superscaffold11	16346498	16599531	0.111413	0.079825	0.052547	0.037191
Superscaffold11	16599621	16760918	-0.082020	-0.048620	-0.035343	-0.020425
Superscaffold11	16760965	16932343	0.001135	0.001077	0.000507	0.000934
Superscaffold11	16932412	17036201	0.192098	0.220450	0.102734	0.093996
Superscaffold11	17036234	17458130	0.136790	0.033320	0.027075	0.058680
Superscaffold11	17458525	18059537	-0.064328	-0.038070	-0.022656	-0.035452
Superscaffold11	18059539	18212222	-0.277249	-0.136822	-0.096996	-0.136034
Superscaffold11	18212225	18445661	-0.140089	-0.110277	-0.059509	-0.070404
Superscaffold11	18445723	18811452	-0.116979	-0.104614	-0.061067	-0.050466
Superscaffold11	18811461	18940207	-0.035287	-0.052735	-0.024752	-0.019459
Superscaffold11	18940269	19258052	0.288770	0.241895	0.150560	0.165119
Superscaffold11	19258387	19558303	-0.074288	-0.081383	-0.035145	-0.033217
Superscaffold11	19558326	19697528	-0.083244	-0.119207	-0.057615	-0.037436
Superscaffold11	19697572	19813943	0.104538	0.151188	0.069434	0.050120
Superscaffold11	19813993	20119124	-0.079212	-0.113908	-0.047054	-0.039844
Superscaffold11	20119128	20539187	-0.061418	-0.057014	-0.025390	-0.022232
Superscaffold11	20539277	20762265	-0.127984	-0.127386	-0.064277	-0.062381
Superscaffold11	20762273	20879794	-0.051811	-0.062430	-0.021552	-0.018003
Superscaffold11	20879819	20998433	0.073760	0.092174	0.046597	0.037252
Superscaffold11	20998441	21199532	0.050647	0.046410	0.027270	0.025054
Superscaffold11	21199664	21400924	0.010113	0.005492	0.003703	0.004678
Superscaffold11	21400942	21642987	-0.393032	-0.556346	-0.231119	-0.206675
Superscaffold11	21642992	21808968	-0.179233	-0.103458	-0.067903	-0.091585
Superscaffold11	21809095	21996743	-0.121949	-0.070194	-0.041905	-0.053949
Superscaffold11	21997084	22167216	-0.081715	-0.049099	-0.030163	-0.027872
Superscaffold11	22167230	22300488	0.043751	0.048206	0.026620	0.019773
Superscaffold11	22300534	22463168	-0.107993	-0.139411	-0.072683	-0.046972
Superscaffold11	22463169	22581818	0.046994	0.052660	0.031471	0.027442
Superscaffold11	22581830	22721343	0.022745	0.024355	0.012087	0.012853
Superscaffold11	22721353	22846361	-0.024121	-0.023407	-0.013547	-0.008776
Superscaffold11	22846367	23103872	-0.209316	-0.157102	-0.087446	-0.101340
Superscaffold11	23103984	23434520	-0.044396	-0.027243	-0.016095	-0.024874
Superscaffold11	23434590	23669183	-0.022199	-0.012925	-0.007180	-0.013881
Superscaffold11	23669189	23888571	-0.242529	-0.206750	-0.092878	-0.103992
Superscaffold11	23888624	24144607	0.023947	0.011389	0.008382	0.013188
Superscaffold11	24145396	24264248	-0.429887	-0.540921	-0.259833	-0.275781
Superscaffold11	24264260	24540479	-0.306838	-0.247901	-0.147991	-0.163495
Superscaffold11	24540660	24738279	0.033414	0.023427	0.013591	0.013842
Superscaffold11	24738282	24876117	-0.081998	-0.120618	-0.036065	-0.022489
Superscaffold11	24876231	25073366	-0.339273	-0.516090	-0.205368	-0.156769
Superscaffold11	25073378	25269684	0.249658	0.147129	0.095763	0.108194
Superscaffold11	25269702	25462370	0.006607	0.011799	0.003691	0.000575
Superscaffold11	25462406	25630993	0.044653	0.035316	0.018624	0.014317
Superscaffold11	25631106	25754278	-0.263069	-0.447072	-0.206406	-0.143769
Superscaffold11	25754281	25965217	-0.240111	-0.163965	-0.098294	-0.097296
Superscaffold11	25965719	26296523	0.305946	0.202396	0.127778	0.130619
Superscaffold11	26296645	26594308	0.105509	0.067733	0.042029	0.038559
Superscaffold11	26594314	26980271	-0.072172	-0.023233	-0.016934	-0.032038
Superscaffold11	26980375	27377673	-0.554348	-0.528544	-0.246318	-0.416048
Superscaffold11	27377885	27622513	-0.268946	-0.196017	-0.115324	-0.165466
Superscaffold11	27622538	27819402	-0.222828	-0.138354	-0.085481	-0.100863
Superscaffold11	27819412	28036582	-0.027083	-0.017510	-0.011444	-0.012788
Superscaffold11	28036603	28253095	0.142731	0.093146	0.036148	0.066096
Superscaffold11	28253152	28448114	-0.100318	-0.073903	-0.038826	-0.051424
Superscaffold11	28448563	28732060	0.112482	0.056839	0.036341	0.047768
Superscaffold11	28732082	28875572	0.025396	0.026812	0.015365	0.015891
Superscaffold11	28875626	29032057	0.012729	0.012478	0.007842	0.003798
Superscaffold11	29032074	29177003	0.025546	0.024367	0.016314	0.009552
Superscaffold11	29177011	29328592	0.131429	0.105851	0.059643	0.051670
Superscaffold11	29328601	29958944	-0.143979	-0.117925	-0.061484	-0.074927
Superscaffold11	29958953	30386327	0.026417	0.023302	0.014698	0.008849
Superscaffold11	30386365	30544043	-0.192673	-0.128802	-0.078703	-0.085059
Superscaffold11	30544153	30816170	0.016753	0.009211	0.005992	0.005517
Superscaffold11	30816218	31142315	0.052281	0.033887	0.021185	0.021659
Superscaffold11	31142323	31481649	-0.132668	-0.148694	-0.073567	-0.069149
Superscaffold11	31481661	31550035	-0.155992	-0.119721	-0.075632	-0.083798
Superscaffold11	31550039	31659724	-0.049823	-0.043137	-0.023218	-0.023874
Superscaffold11	31659754	31866100	0.124159	0.093105	0.057504	0.056682
Superscaffold11	31866112	32101581	-0.334917	-0.184935	-0.118090	-0.156447
Superscaffold11	32101813	32308633	-0.236138	-0.128405	-0.081397	-0.109812
Superscaffold11	32308748	32587553	0.195399	0.113000	0.052506	0.096578
Superscaffold11	32587714	32906525	-0.143413	-0.094693	-0.049634	-0.068463
Superscaffold11	32907776	33381267	-0.150510	-0.045223	-0.032887	-0.076839
Superscaffold11	33381511	33651251	-0.101743	-0.078335	-0.031970	-0.051772
Superscaffold11	33651488	33917845	0.351450	0.235411	0.110960	0.235560
Superscaffold11	33917911	34101815	0.054433	0.063548	0.024719	0.031619
Superscaffold11	34101816	34272153	-0.213254	-0.277637	-0.088912	-0.131829
Superscaffold11	34272178	34529950	-0.084561	-0.097374	-0.038325	-0.048662
Superscaffold11	34530028	34926540	-0.357970	-0.261892	-0.131166	-0.250983
Superscaffold11	34926731	35252836	-0.421767	-0.223497	-0.116969	-0.268155
Superscaffold11	35252871	35451540	0.053450	0.050392	0.027305	0.032686
Superscaffold11	35451607	35640811	-0.042293	-0.025334	-0.017121	-0.015827
Superscaffold11	35640838	35826958	0.229777	0.235288	0.146834	0.097973
Superscaffold11	35826970	36043705	-0.096314	-0.127479	-0.072762	-0.048080
Superscaffold11	36043958	36273134	0.009563	0.004055	0.002907	0.002013
Superscaffold11	36273141	36480296	-0.170796	-0.142166	-0.085240	-0.088588
Superscaffold11	36480458	36710201	-0.368126	-0.268435	-0.153490	-0.204370
Superscaffold11	36710273	36926846	-0.172276	-0.106043	-0.064020	-0.067542
Superscaffold11	36926882	37138614	-0.013703	-0.011279	-0.006808	-0.005386
Superscaffold11	37138723	37466951	-0.244838	-0.136670	-0.086488	-0.119032
Superscaffold11	37466965	37625214	-0.128294	-0.111426	-0.069966	-0.069510
Superscaffold11	37625231	38038967	-0.384514	-0.483838	-0.213477	-0.209183
Superscaffold11	38039022	38798902	-0.183226	-0.101104	-0.063582	-0.091875
Superscaffold11	38799113	39007872	-0.109554	-0.071165	-0.043120	-0.044220
Superscaffold11	39007895	39177261	-0.017144	-0.016669	-0.009112	-0.008870
Superscaffold11	39177265	39552932	-0.037033	-0.030575	-0.018047	-0.016819
Superscaffold11	39552957	39920248	0.121925	0.134518	0.079479	0.053708
Superscaffold11	39920448	40131924	-0.036882	-0.023827	-0.016069	-0.013695
Superscaffold11	40131961	40335329	0.058172	0.030061	0.016222	0.038097
Superscaffold11	40335376	40720198	0.136473	0.098601	0.057009	0.069554
Superscaffold11	40720833	40903858	-0.296652	-0.823094	-0.175760	-0.111117
Superscaffold11	40903862	41231051	-0.128806	-0.098744	-0.043017	-0.047906
Superscaffold11	41231067	41485156	-0.151327	-0.135726	-0.069256	-0.061280
Superscaffold11	41485162	41634552	0.031559	0.032570	0.017035	0.014307
Superscaffold11	41634553	41765092	-0.466890	-0.749893	-0.228052	-0.270740
Superscaffold11	41765164	41910897	-0.318096	-0.242619	-0.111394	-0.189274
Superscaffold11	41910898	42065205	-0.053684	-0.067041	-0.035980	-0.023839
Superscaffold11	42065314	42198590	-0.192895	-0.208067	-0.113986	-0.098248
Superscaffold11	42198615	42420137	0.033427	0.040627	0.020023	0.014281
Superscaffold11	42420146	42627279	0.029426	0.028992	0.014238	0.012095
Superscaffold11	42627403	42847627	-0.318132	-0.381345	-0.164970	-0.169555
Superscaffold11	42847823	43022250	-0.378754	-0.481264	-0.176932	-0.193292
Superscaffold11	43022272	43431966	0.099955	0.053471	0.033741	0.047105
Superscaffold11	43431999	43829073	-0.012823	-0.008407	-0.004721	-0.010848
Superscaffold11	43829098	44179741	0.091576	0.078070	0.039364	0.048622
Superscaffold11	44179754	44326919	-0.003944	-0.005205	-0.002773	-0.000076
Superscaffold11	44328145	44575519	-0.137487	-0.144866	-0.074258	-0.084270
Superscaffold11	44575598	44711676	0.030984	0.031161	0.016087	0.014907
Superscaffold11	44711701	44935328	0.103643	0.109099	0.054377	0.052916
Superscaffold11	44935630	45143972	-0.003313	-0.002197	-0.001339	-0.000727
Superscaffold11	45144001	45358366	0.039090	0.021029	0.015717	0.016169
Superscaffold11	45358480	45724602	-0.067800	-0.047683	-0.027529	-0.033497
Superscaffold11	45724657	46125527	-0.010758	-0.007698	-0.004132	-0.006680
Superscaffold11	46125884	46437167	-0.061357	-0.038671	-0.021181	-0.019124
Superscaffold11	46437194	46798835	0.077132	0.035367	0.024072	0.026918
Superscaffold11	46798874	47221164	-0.153164	-0.115702	-0.068638	-0.061974
Superscaffold11	47221170	47455772	-0.048650	-0.026070	-0.017728	-0.024365
Superscaffold11	47455819	47751450	-0.006050	-0.003871	-0.002340	-0.002795
Superscaffold11	47751464	47981192	0.076200	0.065437	0.037730	0.036334
Superscaffold11	47981209	48206348	0.079483	0.055407	0.033586	0.033136
Superscaffold11	48206357	48356905	0.032264	0.033162	0.019932	0.015969
Superscaffold11	48357168	48667347	0.006906	0.004041	0.002269	0.000019
Superscaffold11	48667384	48897683	-0.026060	-0.021965	-0.011631	-0.010286
Superscaffold11	48897709	49329685	0.055653	0.041288	0.022644	0.020864
Superscaffold11	49330109	50032527	0.082344	0.057833	0.032788	0.038737
Superscaffold11	50032631	50500218	0.049765	0.042621	0.021849	0.016644
Superscaffold11	50500232	51037013	-0.062026	-0.051507	-0.028455	-0.031779
Superscaffold11	51037546	51262418	-0.103274	-0.057916	-0.032270	-0.044991
Superscaffold11	51262452	51406835	0.020433	0.024317	0.011589	0.005315
Superscaffold11	51406861	51680027	-0.028770	-0.019180	-0.011951	-0.012869
Superscaffold11	51680076	52212698	0.043825	0.015420	0.009822	0.022068
Superscaffold11	52212724	52384184	-0.213659	-0.230875	-0.134360	-0.116889
Superscaffold11	52384204	52633984	-0.041161	-0.024707	-0.016482	-0.015464
Superscaffold11	52634018	52876031	-0.051282	-0.035190	-0.022924	-0.021330
Superscaffold11	52876034	53163797	0.009965	0.011857	0.006224	0.008988
Superscaffold11	53163800	53390249	-0.102563	-0.086661	-0.052922	-0.055380
Superscaffold11	53390260	53856443	-0.067015	-0.061653	-0.032152	-0.031697
Superscaffold11	53856462	54060653	0.064543	0.066722	0.036756	0.030337
Superscaffold11	54060682	54153909	-0.067244	-0.083043	-0.042190	-0.035009
Superscaffold11	54153924	54550730	-0.075087	-0.066442	-0.033583	-0.035859
Superscaffold11	54550736	54725915	-0.026934	-0.020762	-0.012888	-0.014500
Superscaffold11	54726091	54908794	0.031576	0.020461	0.012999	0.016824
Superscaffold11	54908907	55148656	-0.041696	-0.029271	-0.018324	-0.018409
Superscaffold11	55148704	55543876	-0.188494	-0.053743	-0.037307	-0.097365
Superscaffold11	55543903	55961873	0.066924	0.025776	0.017505	0.026001
Superscaffold11	55961888	56133703	-0.165669	-0.188473	-0.061150	-0.057286
Superscaffold11	56133710	56385922	-0.225254	-0.242319	-0.123395	-0.119564
Superscaffold11	56385925	56620371	-0.164575	-0.158356	-0.069716	-0.081790
Superscaffold11	56620372	56875829	-0.393253	-0.432345	-0.191146	-0.234079
Superscaffold11	56875834	57141075	0.099196	0.060073	0.038005	0.039805
Superscaffold11	57141076	57424638	-0.227963	-0.114186	-0.072357	-0.118269
Superscaffold11	57424707	57678153	0.037070	0.022381	0.012732	0.017023
Superscaffold11	57678188	57960498	-0.058479	-0.066899	-0.032761	-0.018803
Superscaffold11	57960644	58336645	0.062898	0.044788	0.022911	0.028448
Superscaffold11	58336769	58529354	-0.073910	-0.047385	-0.025701	-0.040411
Superscaffold11	58529404	58792338	0.092699	0.064695	0.036191	0.037633
Superscaffold11	58792433	59014316	0.248217	0.219996	0.147546	0.095160
Superscaffold12	78581	304957	0.176565	0.128929	0.071493	0.077347
Superscaffold12	304989	523651	-0.479532	-0.408804	-0.208677	-0.276292
Superscaffold12	523653	812030	-0.013292	-0.007418	-0.003960	-0.006514
Superscaffold12	812064	1246738	-0.060098	-0.049267	-0.027659	-0.020982
Superscaffold12	1246782	1779118	-0.091235	-0.043550	-0.030019	-0.037356
Superscaffold12	1779260	2011844	-0.081825	-0.057188	-0.031415	-0.034734
Superscaffold12	2012095	2286188	0.112364	0.062391	0.040273	0.046248
Superscaffold12	2287009	2605570	-0.122466	-0.042522	-0.028863	-0.048066
Superscaffold12	2605991	2954926	0.052559	0.016503	0.011929	0.026376
Superscaffold12	2954936	3327635	0.072627	0.025231	0.018312	0.031890
Superscaffold12	3327930	3721515	-0.127835	-0.035255	-0.025199	-0.063365
Superscaffold12	3721571	4189143	-0.023846	-0.008631	-0.005331	-0.014669
Superscaffold12	4189165	4599598	-0.094989	-0.033346	-0.019986	-0.052749
Superscaffold12	4599601	4938893	-0.151534	-0.076284	-0.045982	-0.082179
Superscaffold12	4938944	5341861	-0.210241	-0.103814	-0.058282	-0.098721
Superscaffold12	5341893	5497035	-0.373360	-0.276132	-0.152756	-0.199161
Superscaffold12	5497057	5719638	-0.050519	-0.049667	-0.026899	-0.026895
Superscaffold12	5719692	5835021	-0.066108	-0.063263	-0.035478	-0.029793
Superscaffold12	5835112	5996182	-0.095723	-0.146141	-0.056469	-0.049971
Superscaffold12	5996604	6286184	-0.238358	-0.159615	-0.095652	-0.109845
Superscaffold12	6286206	6501946	-0.357675	-0.162610	-0.109663	-0.165856
Superscaffold12	6501965	6753796	0.004103	0.004240	0.002449	0.004129
Superscaffold12	6753801	6891187	0.074904	0.078262	0.047082	0.047233
Superscaffold12	6891274	7048726	0.028960	0.039344	0.022206	0.011569
Superscaffold12	7048728	7234550	0.062759	0.067277	0.037973	0.027768
Superscaffold12	7234628	7506452	-0.227132	-0.135873	-0.077723	-0.123933
Superscaffold12	7506521	7727831	-0.157904	-0.083268	-0.049580	-0.084099
Superscaffold12	7728616	8119495	0.156242	0.066369	0.042716	0.069974
Superscaffold12	8119515	8332237	-0.050575	-0.027432	-0.015930	-0.024252
Superscaffold12	8332271	8574040	-0.119174	-0.137102	-0.049520	-0.067990
Superscaffold12	8574044	8878013	-0.122602	-0.090534	-0.042106	-0.068645
Superscaffold12	8878019	9084925	0.017219	0.008818	0.005308	0.010108
Superscaffold12	9084939	9408404	-0.300802	-0.095460	-0.067745	-0.136850
Superscaffold12	9408450	9675767	-0.658904	-0.291364	-0.184173	-0.392861
Superscaffold12	9675909	9967945	-0.030664	-0.015502	-0.009298	-0.011680
Superscaffold12	9967973	10252753	-0.088404	-0.036142	-0.022724	-0.050414
Superscaffold12	10252795	10769334	-0.137175	-0.031959	-0.022517	-0.059177
Superscaffold12	10769346	11255208	0.058087	0.015596	0.011552	0.029895
Superscaffold12	11255263	11536095	-0.313238	-0.124500	-0.077820	-0.179904
Superscaffold12	11536127	11802869	-0.298753	-0.182569	-0.098308	-0.159757
Superscaffold12	11802873	12517635	-0.250973	-0.137551	-0.077199	-0.125429
Superscaffold12	12517700	13337770	0.006607	0.003361	0.001927	-0.000362
Superscaffold12	13337967	13822353	0.070385	0.018950	0.012378	0.017993
Superscaffold12	13822622	14190821	-0.138988	-0.054881	-0.037107	-0.063012
Superscaffold12	14190822	14676992	-0.129681	-0.036964	-0.024547	-0.063044
Superscaffold12	14677007	14962201	-0.682462	-0.453863	-0.227846	-0.491450
Superscaffold12	14962273	15322950	-0.095756	-0.034666	-0.024203	-0.064302
Superscaffold12	15323770	16110718	0.088162	0.012852	0.009455	0.044944
Superscaffold12	16110766	16879941	-0.046258	-0.007478	-0.005525	-0.024815
Superscaffold12	16881066	17572345	-0.076407	-0.016991	-0.011419	-0.056600
Superscaffold12	17572567	18124663	0.571306	0.155335	0.120295	0.388283
Superscaffold12	18125089	19017711	0.035537	0.010032	0.006504	0.016292
Superscaffold12	19017724	19731652	0.090432	0.015738	0.011562	0.047811
Superscaffold12	19731748	20172739	-0.021919	-0.005835	-0.004140	-0.013151
Superscaffold12	20172752	20562252	0.114172	0.029590	0.019136	0.061285
Superscaffold12	20562431	21071424	-0.358761	-0.126452	-0.077540	-0.215237
Superscaffold12	21071458	21541823	-0.127928	-0.071267	-0.037010	-0.078392
Superscaffold12	21541882	21799896	-0.236438	-0.143427	-0.082979	-0.125523
Superscaffold12	21799927	21904527	-0.061440	-0.061516	-0.034363	-0.028546
Superscaffold12	21904589	22248942	0.215515	0.126167	0.070116	0.069164
Superscaffold12	22248963	22480943	0.018187	0.023826	0.009940	0.009171
Superscaffold12	22481012	22782439	0.341371	0.376288	0.142584	0.199951
Superscaffold12	22782440	23144263	-0.158660	-0.103128	-0.050049	-0.095400
Superscaffold12	23144271	23462726	0.025481	0.016720	0.008708	0.014161
Superscaffold12	23462729	23723142	0.379437	0.210063	0.118945	0.197551
Superscaffold12	23723244	24009311	0.052343	0.025933	0.014341	0.027055
Superscaffold12	24009331	24510756	-0.032924	-0.010547	-0.006488	-0.015543
Superscaffold12	24510820	24875081	0.119686	0.051062	0.032340	0.048329
Superscaffold12	24875107	25202323	-0.197731	-0.073469	-0.046775	-0.083019
Superscaffold12	25202688	25487536	-0.103889	-0.083189	-0.044056	-0.047698
Superscaffold12	25487584	25803060	-0.140490	-0.073219	-0.043523	-0.073878
Superscaffold12	25803963	26045105	-0.105898	-0.073440	-0.043598	-0.063962
Superscaffold12	26045128	26354944	0.339282	0.149679	0.094485	0.213235
Superscaffold12	26355168	26994211	-0.211518	-0.108064	-0.061184	-0.099476
Superscaffold12	26994486	27472436	-0.091871	-0.051694	-0.032803	-0.040272
Superscaffold12	27472741	27729822	-0.175782	-0.089327	-0.058844	-0.084452
Superscaffold12	27729824	27919182	-0.402515	-0.216955	-0.128901	-0.181550
Superscaffold12	27919207	28253325	-0.275782	-0.162427	-0.085552	-0.153024
Superscaffold12	28253360	28618958	0.052214	0.023357	0.015095	0.019321
Superscaffold12	28618987	28853030	-0.298917	-0.247083	-0.142415	-0.146147
Superscaffold12	28853056	29170046	0.202832	0.087714	0.056103	0.116804
Superscaffold12	29170054	29527669	-0.093402	-0.054419	-0.031137	-0.042919
Superscaffold12	29527750	29790990	-0.042693	-0.025933	-0.013751	-0.012509
Superscaffold12	29791098	30116016	0.034646	0.017355	0.009899	0.013344
Superscaffold12	30116050	30405691	-0.121912	-0.055543	-0.034809	-0.052587
Superscaffold12	30405780	30609881	-0.095850	-0.072501	-0.034037	-0.040846
Superscaffold12	30609897	31078695	-0.032163	-0.007966	-0.005671	-0.015309
Superscaffold12	31078721	31866098	-0.114061	-0.055573	-0.033275	-0.048728
Superscaffold12	31866113	32136983	-0.254890	-0.183872	-0.109910	-0.111651
Superscaffold12	32137086	32249076	-0.115543	-0.111148	-0.067511	-0.053674
Superscaffold12	32249101	32438416	-0.345703	-0.194935	-0.110519	-0.188722
Superscaffold12	32438485	32683944	-0.077710	-0.046441	-0.025417	-0.033388
Superscaffold12	32684017	32932572	-0.404663	-0.271043	-0.137386	-0.257560
Superscaffold12	32932603	33223245	-0.611667	-0.411212	-0.222988	-0.429421
Superscaffold12	33223253	33531203	-0.141320	-0.093053	-0.045836	-0.081484
Superscaffold12	33531969	33875621	-0.054643	-0.026297	-0.016543	-0.019091
Superscaffold12	33875627	34202293	-0.008030	-0.003298	-0.002210	-0.001836
Superscaffold12	34202551	34578980	0.036340	0.012616	0.008209	0.012252
Superscaffold12	34579492	34928522	-0.172064	-0.065851	-0.042661	-0.081377
Superscaffold12	34928806	35112731	-0.101129	-0.098456	-0.047485	-0.061043
Superscaffold12	35112739	35481654	0.184502	0.074326	0.047012	0.069348
Superscaffold12	35481875	35842305	-0.254645	-0.156689	-0.092052	-0.122688
Superscaffold12	35842440	36111577	-0.021948	-0.012853	-0.007602	-0.009680
Superscaffold12	36111578	36343358	0.133454	0.073743	0.044371	0.043372
Superscaffold12	36343396	36625200	-0.129822	-0.059580	-0.034824	-0.053998
Superscaffold12	36625470	36791531	-0.071780	-0.066679	-0.037339	-0.035480
Superscaffold12	36791539	37027784	-0.126798	-0.062606	-0.040772	-0.055029
Superscaffold12	37027787	37609188	-0.200117	-0.124109	-0.068809	-0.095690
Superscaffold12	37609201	37791082	-0.192822	-0.111300	-0.070071	-0.111902
Superscaffold12	37791113	37993620	-0.195115	-0.097600	-0.063839	-0.073098
Superscaffold12	37993711	38181818	-0.034043	-0.030770	-0.017433	-0.012592
Superscaffold12	38181985	38312942	-0.160899	-0.219011	-0.105268	-0.094659
Superscaffold12	38312980	38432166	0.047735	0.033299	0.021354	0.018329
Superscaffold12	38432402	38613510	-0.135347	-0.072921	-0.040783	-0.055040
Superscaffold12	38613540	38831652	-0.318862	-0.204659	-0.109760	-0.156328
Superscaffold12	38831703	39156763	-0.097555	-0.060688	-0.041376	-0.038132
Superscaffold12	39157014	39428519	-0.203234	-0.097025	-0.068762	-0.114732
Superscaffold12	39429010	39703463	-0.113995	-0.057504	-0.037041	-0.052978
Superscaffold12	39703510	39974141	-0.124170	-0.071095	-0.047369	-0.068376
Superscaffold12	39974256	40203532	-0.344827	-0.199867	-0.097389	-0.125367
Superscaffold12	40203553	40447582	-0.078001	-0.086723	-0.036913	-0.041098
Superscaffold12	40447592	40647626	-0.180526	-0.255480	-0.104320	-0.098039
Superscaffold12	40647849	40999279	-0.062120	-0.056113	-0.030777	-0.034707
Superscaffold12	40999299	41368242	-0.196756	-0.197395	-0.099884	-0.109040
Superscaffold12	41368402	41849769	-0.328680	-0.110141	-0.067434	-0.182606
unanchor224	20389	392474	-0.060268	-0.055021	-0.026819	-0.023878
unanchor226	392802	470779	-0.200073	-0.122238	-0.071862	-0.103596
unanchor236	175907	313425	0.025376	0.017661	0.009515	0.012143
unanchor236	313883	464972	0.065701	0.099586	0.058510	0.031860
unanchor240	310341	561915	0.131446	0.060554	0.043971	0.062081
unanchor243	354490	853284	-0.165119	-0.119980	-0.062309	-0.082767
unanchor251	182751	627658	0.192104	0.096540	0.065795	0.078937
unanchor255	6641	760615	-0.086620	-0.052412	-0.031813	-0.040276
unanchor259	97616	487466	0.067186	0.043197	0.023299	0.037305
unanchor272	108814	285053	-0.034552	-0.030174	-0.015454	-0.021917
unanchor274	17474	78492	0.054512	0.051333	0.029113	0.025287
unanchor278	51011	185815	-0.022412	-0.020330	-0.010835	-0.009104
unanchor278	185856	750273	-0.054466	-0.035732	-0.020150	-0.024887
unanchor278	750438	1362942	0.019753	0.011514	0.007862	0.009130
unanchor291	11640	14018	0.031847	0.014324	0.009919	0.011762
unanchor293	14101	558083	-0.065381	-0.028366	-0.017270	-0.028369
unanchor304	63161	179703	-0.151140	-0.107341	-0.053530	-0.072066
unanchor311	25383	302775	0.000877	0.000778	0.000403	0.004155
