chr	windowStart	windowEnd	D	f_d	f_dM	d_f
Superscaffold1	522586	622124	-0.056624	-0.053072	-0.035881	-0.025388
Superscaffold1	622137	763170	-0.098580	-0.065347	-0.046987	-0.032970
Superscaffold1	763179	900786	0.102966	0.074972	0.044619	0.042777
Superscaffold1	900810	1235752	-0.039959	-0.019156	-0.013548	-0.016862
Superscaffold1	1235778	1392394	-0.109573	-0.087814	-0.051092	-0.040533
Superscaffold1	1392395	1590005	0.139186	0.104192	0.066572	0.061663
Superscaffold1	1590281	1885594	-0.301040	-0.179698	-0.106395	-0.144604
Superscaffold1	1885796	2215467	0.046519	0.021350	0.012057	0.021880
Superscaffold1	2215515	2410331	-0.103205	-0.076791	-0.047983	-0.048506
Superscaffold1	2410364	2603231	-0.002290	-0.001691	-0.001044	-0.002204
Superscaffold1	2603298	2779233	0.000088	0.000096	0.000053	-0.000743
Superscaffold1	2779273	2943414	0.009985	0.013204	0.004888	0.004445
Superscaffold1	2943476	3107416	-0.055990	-0.066189	-0.033791	-0.028479
Superscaffold1	3107420	3341147	0.053463	0.044899	0.025066	0.022841
Superscaffold1	3341314	3649586	-0.022025	-0.012289	-0.008347	-0.010662
Superscaffold1	3649588	3965486	0.066953	0.051485	0.028063	0.033022
Superscaffold1	3965493	4257607	-0.110189	-0.077759	-0.044437	-0.052225
Superscaffold1	4257617	4511048	-0.135161	-0.083448	-0.052971	-0.066586
Superscaffold1	4511082	4784622	0.022179	0.021272	0.011330	0.013505
Superscaffold1	4785014	5025162	-0.080733	-0.057457	-0.036282	-0.041565
Superscaffold1	5026626	5294906	-0.148289	-0.113468	-0.066449	-0.089828
Superscaffold1	5295039	5572906	-0.222342	-0.171845	-0.099427	-0.126658
Superscaffold1	5573086	5755004	-0.140640	-0.132479	-0.078120	-0.083266
Superscaffold1	5755007	6046198	-0.092897	-0.054207	-0.035018	-0.054412
Superscaffold1	6046240	6313653	-0.030518	-0.018734	-0.011309	-0.014880
Superscaffold1	6313659	6522335	-0.178072	-0.134845	-0.081222	-0.100294
Superscaffold1	6522392	6788114	-0.157143	-0.086663	-0.056825	-0.083909
Superscaffold1	6788118	7159060	-0.114778	-0.055202	-0.034619	-0.050978
Superscaffold1	7159507	7449198	-0.093398	-0.052245	-0.033374	-0.053734
Superscaffold1	7449199	7767238	-0.133545	-0.112526	-0.063684	-0.061724
Superscaffold1	7767262	8435601	-0.005866	-0.003241	-0.002227	-0.003152
Superscaffold1	8436789	9001940	0.076836	0.058473	0.036373	0.044080
Superscaffold1	9001954	9838097	-0.024895	-0.016249	-0.010309	-0.016554
Superscaffold1	9838101	10570433	-0.006982	-0.004988	-0.002987	-0.006241
Superscaffold1	10570570	10786961	-0.056595	-0.046715	-0.028878	-0.025235
Superscaffold1	10787418	11040642	-0.010685	-0.008105	-0.004366	-0.006158
Superscaffold1	11040786	11257319	-0.102536	-0.057547	-0.041134	-0.040885
Superscaffold1	11257322	11516917	0.018054	0.007454	0.005847	0.004283
Superscaffold1	11516957	11796044	-0.167638	-0.081251	-0.050397	-0.060071
Superscaffold1	11796225	11995194	-0.207025	-0.159966	-0.101177	-0.107204
Superscaffold1	11995196	12276063	0.025729	0.017436	0.010439	0.013345
Superscaffold1	12276115	12502609	0.128026	0.143654	0.083081	0.067022
Superscaffold1	12502610	12853034	-0.021776	-0.009708	-0.006496	-0.014541
Superscaffold1	12853077	13290399	-0.174567	-0.059890	-0.043405	-0.092555
Superscaffold1	13290463	13790277	-0.227928	-0.091539	-0.064402	-0.137054
Superscaffold1	13790288	14349031	-0.194723	-0.072568	-0.048172	-0.104507
Superscaffold1	14349860	14734812	0.023673	0.010302	0.006353	0.012533
Superscaffold1	14734873	14957864	0.042435	0.027565	0.016158	0.022798
Superscaffold1	14958042	15226958	0.612803	0.405185	0.275651	0.508074
Superscaffold1	15226979	15495482	0.245583	0.138781	0.082341	0.161979
Superscaffold1	15495625	15763957	-0.198777	-0.098853	-0.056595	-0.118492
Superscaffold1	15764168	16036558	-0.056916	-0.028370	-0.016982	-0.029870
Superscaffold1	16036579	16296728	-0.377339	-0.209005	-0.110777	-0.226380
Superscaffold1	16296730	16624579	-0.102248	-0.070582	-0.040701	-0.056756
Superscaffold1	16624856	16829303	-0.030351	-0.024498	-0.015723	-0.016391
Superscaffold1	16829575	17140436	0.079996	0.055668	0.033809	0.029007
Superscaffold1	17140495	17566622	0.011090	0.005509	0.003787	0.006746
Superscaffold1	17566925	18221069	0.030320	0.016562	0.010607	0.014800
Superscaffold1	18221146	18396324	-0.113591	-0.095979	-0.052948	-0.049460
Superscaffold1	18396379	18810032	-0.097843	-0.054642	-0.033104	-0.051107
Superscaffold1	18810055	19136808	-0.053391	-0.029283	-0.020935	-0.029184
Superscaffold1	19136816	19571341	-0.127224	-0.066218	-0.046041	-0.068483
Superscaffold1	19571352	19856773	-0.267981	-0.092537	-0.072136	-0.158922
Superscaffold1	19856978	20099030	-0.048297	-0.028787	-0.019272	-0.031007
Superscaffold1	20099090	20387809	-0.045757	-0.027954	-0.017015	-0.028096
Superscaffold1	20388707	21078161	-0.070550	-0.029490	-0.017255	-0.039427
Superscaffold1	21078257	21395095	-0.100128	-0.040142	-0.026452	-0.069993
Superscaffold1	21395121	21723559	0.182512	0.097821	0.061043	0.100321
Superscaffold1	21723591	22091780	0.079365	0.048429	0.030861	0.040947
Superscaffold1	22091800	22504942	0.024096	0.009774	0.006598	0.011886
Superscaffold1	22505350	23147598	0.167359	0.033140	0.024795	0.100003
Superscaffold1	23147625	23700858	0.099619	0.026402	0.018989	0.056017
Superscaffold1	23701073	24002945	-0.016897	-0.008173	-0.005453	-0.007957
Superscaffold1	24003093	24281634	-0.451537	-0.588411	-0.253589	-0.324326
Superscaffold1	24281660	24680065	-0.050100	-0.018995	-0.013830	-0.030895
Superscaffold1	24680067	25055610	0.186750	0.102571	0.062452	0.108284
Superscaffold1	25055612	25440606	-0.268533	-0.135329	-0.080664	-0.151823
Superscaffold1	25442363	25699928	-0.029152	-0.014136	-0.009942	-0.012047
Superscaffold1	25700435	25895162	-0.031570	-0.027583	-0.018470	-0.011592
Superscaffold1	25895221	26164935	-0.104331	-0.077651	-0.041665	-0.060460
Superscaffold1	26164953	26411359	-0.230035	-0.138440	-0.084364	-0.120718
Superscaffold1	26411433	26714612	-0.555706	-0.419662	-0.210088	-0.403135
Superscaffold1	26714968	27036316	-0.519019	-0.256910	-0.136272	-0.397607
Superscaffold1	27036323	27272103	-0.152954	-0.127420	-0.045619	-0.085064
Superscaffold1	27272245	27465814	-0.217599	-0.298568	-0.111119	-0.129224
Superscaffold1	27466356	27765803	-0.021377	-0.010859	-0.006907	-0.015556
Superscaffold1	27765831	27968754	-0.106532	-0.086925	-0.049010	-0.049237
Superscaffold1	27969408	28165138	0.182210	0.133261	0.080706	0.096019
Superscaffold1	28165168	28400785	0.205280	0.145844	0.085212	0.108012
Superscaffold1	28400792	28689895	-0.335175	-0.467094	-0.246436	-0.226012
Superscaffold1	28689956	28838881	-0.151330	-0.146148	-0.091775	-0.077426
Superscaffold1	28839072	29174312	-0.287033	-0.163261	-0.086535	-0.200936
Superscaffold1	29174326	29489355	-0.185397	-0.086027	-0.056274	-0.099431
Superscaffold1	29489369	29791804	-0.237290	-0.113918	-0.064904	-0.134866
Superscaffold1	29791854	30100862	-0.088173	-0.055052	-0.032531	-0.052202
Superscaffold1	30100979	30373767	-0.071265	-0.089232	-0.040899	-0.041385
Superscaffold1	30373883	30894460	-0.288493	-0.161597	-0.101210	-0.163150
Superscaffold1	30894568	31134529	-0.625007	-0.484004	-0.246132	-0.425748
Superscaffold1	31134530	31520578	-0.058817	-0.026546	-0.016488	-0.030690
Superscaffold1	31520651	31834246	-0.409869	-0.220638	-0.138393	-0.247981
Superscaffold1	31834332	32306000	0.032223	0.017192	0.011847	0.021363
Superscaffold1	32306012	32620012	-0.085798	-0.041970	-0.030246	-0.042822
Superscaffold1	32620102	32962929	0.271494	0.121266	0.085980	0.190560
Superscaffold1	32963035	33385758	-0.089412	-0.040104	-0.027400	-0.052576
Superscaffold1	33385775	33518099	-0.013876	-0.009166	-0.005881	-0.010245
Superscaffold1	33518335	33779451	0.217345	0.134826	0.093420	0.133354
Superscaffold1	33779515	33946141	0.069511	0.054366	0.038524	0.046967
Superscaffold1	33946148	34198578	-0.278294	-0.116608	-0.077707	-0.194443
Superscaffold1	34198686	34484891	0.047346	0.023878	0.016735	0.022226
Superscaffold1	34485014	34919928	-0.068236	-0.027825	-0.019220	-0.045867
Superscaffold1	34919937	35312871	-0.371319	-0.192234	-0.117743	-0.232482
Superscaffold1	35313014	36110514	0.121011	0.050823	0.037029	0.066642
Superscaffold1	36110653	36826770	-0.166900	-0.079634	-0.048866	-0.094574
Superscaffold1	36826891	37140522	-0.272067	-0.155382	-0.103548	-0.171195
Superscaffold1	37141379	37438752	-0.194011	-0.080680	-0.059021	-0.103630
Superscaffold1	37438758	37644152	0.174801	0.086844	0.054764	0.119600
Superscaffold1	37644154	38161284	-0.129971	-0.087630	-0.055039	-0.070961
Superscaffold1	38161307	38500621	0.048565	0.012599	0.009417	0.029139
Superscaffold1	38500795	38791910	-0.162343	-0.063212	-0.045868	-0.094793
Superscaffold1	38791942	39037550	0.120808	0.044749	0.035888	0.064705
Superscaffold1	39037553	39265829	-0.064658	-0.026983	-0.018731	-0.039256
Superscaffold1	39265898	39652575	-0.075142	-0.025487	-0.016338	-0.047332
Superscaffold1	39652670	39914221	-0.400344	-0.134603	-0.097836	-0.270953
Superscaffold1	39914251	40146792	-0.132360	-0.064347	-0.045991	-0.073214
Superscaffold1	40146798	40538842	0.053940	0.018346	0.014376	0.023359
Superscaffold1	40538850	40878334	0.058976	0.030427	0.021635	0.034680
Superscaffold1	40878362	41313887	-0.647298	-0.402357	-0.204658	-0.508674
Superscaffold1	41314157	41744718	0.118546	0.048317	0.031844	0.068276
Superscaffold1	41744886	42102924	0.065939	0.027014	0.015899	0.050380
Superscaffold1	42102969	42666017	-0.144116	-0.058116	-0.036079	-0.089383
Superscaffold1	42666018	43294401	0.141738	0.030873	0.022787	0.092237
Superscaffold1	43294528	43876517	-0.440312	-0.117582	-0.078717	-0.277808
Superscaffold1	43876526	44695946	0.130599	0.020699	0.015293	0.058145
Superscaffold1	44695972	45188780	-0.006331	-0.003240	-0.002073	-0.004754
Superscaffold1	45188882	45693272	-0.018369	-0.009823	-0.006785	-0.009646
Superscaffold1	45693379	46406117	-0.158463	-0.057016	-0.040170	-0.069502
Superscaffold1	46406923	47439919	0.030876	0.007569	0.006064	0.008982
Superscaffold1	47440407	48116273	-0.103960	-0.026093	-0.020973	-0.038863
Superscaffold1	48116281	48645506	-0.305484	-0.073703	-0.051898	-0.231135
Superscaffold1	48645521	49192226	-0.019523	-0.008741	-0.006070	-0.008177
Superscaffold1	49192380	49695530	0.065671	0.029143	0.021976	0.024561
Superscaffold1	49696572	50155122	0.388704	0.082255	0.057623	0.224513
Superscaffold1	50155124	50348231	-0.045754	-0.042472	-0.019490	-0.027037
Superscaffold1	50348246	50658798	-0.207951	-0.202984	-0.114816	-0.139286
Superscaffold1	50658823	50993093	0.124902	0.123712	0.081052	0.086393
Superscaffold1	50993095	51334261	-0.019245	-0.020324	-0.012340	-0.013034
Superscaffold2	122887	409741	-0.319507	-0.371276	-0.183748	-0.172849
Superscaffold2	409753	630343	-0.536632	-0.583509	-0.274434	-0.318988
Superscaffold2	630481	851832	-0.224748	-0.133262	-0.082472	-0.086778
Superscaffold2	852313	1140237	-0.435334	-0.212550	-0.134594	-0.278192
Superscaffold2	1140251	1403667	-0.479631	-0.283035	-0.178081	-0.309623
Superscaffold2	1403725	1695763	-0.440963	-0.362450	-0.187623	-0.297467
Superscaffold2	1695832	1991418	-0.207611	-0.068250	-0.046513	-0.117137
Superscaffold2	1991505	2341309	0.071807	0.036055	0.023601	0.031946
Superscaffold2	2341378	2737705	-0.127286	-0.090490	-0.048244	-0.057365
Superscaffold2	2737752	3455681	0.102917	0.055387	0.036226	0.058674
Superscaffold2	3455772	3860510	-0.003589	-0.001509	-0.000908	0.002403
Superscaffold2	3860512	4342722	-0.090065	-0.039610	-0.024274	-0.051804
Superscaffold2	4343770	4797255	-0.133046	-0.042799	-0.027930	-0.072015
Superscaffold2	4797863	5005380	0.236804	0.155052	0.101288	0.131059
Superscaffold2	5005463	5283244	0.201235	0.283611	0.124180	0.110131
Superscaffold2	5283335	5569751	0.033570	0.023594	0.012825	0.014685
Superscaffold2	5569760	6207680	-0.032952	-0.007949	-0.005760	-0.013492
Superscaffold2	6207716	6502112	-0.218511	-0.127879	-0.073948	-0.110085
Superscaffold2	6503066	7260182	0.022109	0.004735	0.003547	0.013198
Superscaffold2	7272520	7603685	0.093400	0.046171	0.030551	0.055364
Superscaffold2	7603697	7991471	-0.117345	-0.044988	-0.030353	-0.063855
Superscaffold2	7991474	8361124	-0.137674	-0.060686	-0.041431	-0.066179
Superscaffold2	8361182	8919017	0.019211	0.008857	0.006248	0.008897
Superscaffold2	8919076	9246063	-0.212693	-0.107510	-0.068260	-0.107453
Superscaffold2	9246080	9789363	-0.057382	-0.027911	-0.017913	-0.034038
Superscaffold2	9789398	10100512	-0.112489	-0.048900	-0.029897	-0.049425
Superscaffold2	10100521	10554768	-0.158431	-0.081979	-0.050685	-0.090584
Superscaffold2	10554869	10835188	-0.087944	-0.060990	-0.036507	-0.047234
Superscaffold2	10846298	11300993	-0.106233	-0.047643	-0.028336	-0.063115
Superscaffold2	11300994	11780131	-0.077395	-0.028777	-0.019395	-0.036601
Superscaffold2	11784074	12800003	-0.066233	-0.031817	-0.020773	-0.035316
Superscaffold2	12800014	13350329	0.048212	0.016836	0.012143	0.027663
Superscaffold2	13350333	13795058	0.243892	0.098863	0.060820	0.153706
Superscaffold2	13795086	14318954	-0.030150	-0.009032	-0.006589	-0.014551
Superscaffold2	14319188	14863109	-0.298655	-0.106164	-0.070517	-0.196673
Superscaffold2	14863158	15259474	-0.259143	-0.106905	-0.071016	-0.161840
Superscaffold2	15259732	16283351	-0.118938	-0.089567	-0.045835	-0.064931
Superscaffold2	16283416	16646828	-0.205759	-0.145145	-0.079374	-0.119862
Superscaffold2	16646931	16922553	-0.034101	-0.027957	-0.015362	-0.016911
Superscaffold2	16922624	17322593	-0.338970	-0.259857	-0.138148	-0.212195
Superscaffold2	17322706	17708632	0.159300	0.075704	0.048869	0.080537
Superscaffold2	17709124	18285969	-0.180081	-0.052319	-0.036060	-0.093493
Superscaffold2	18286014	18878322	0.127996	0.029983	0.021609	0.069126
Superscaffold2	18878628	19355116	-0.078717	-0.023309	-0.016749	-0.039423
Superscaffold2	19355125	19716931	-0.008218	-0.006300	-0.003145	-0.002150
Superscaffold2	19716932	20067829	-0.073594	-0.039167	-0.024406	-0.044193
Superscaffold2	20067872	20628636	-0.030023	-0.006815	-0.005181	-0.018164
Superscaffold2	20628647	20987573	0.091803	0.069331	0.047349	0.053846
Superscaffold2	20987870	21401176	0.033499	0.009258	0.006706	0.018917
Superscaffold2	21401758	22076983	-0.199520	-0.036747	-0.027788	-0.124193
Superscaffold2	22077023	22502550	-0.125698	-0.061072	-0.036180	-0.066475
Superscaffold2	22502608	22845105	0.057287	0.030889	0.018250	0.021011
Superscaffold2	22845298	23346664	-0.031177	-0.007088	-0.005910	-0.016372
Superscaffold2	23346685	23778742	-0.186809	-0.072779	-0.047544	-0.110531
Superscaffold2	23778753	24209568	-0.186657	-0.087907	-0.049790	-0.112447
Superscaffold2	24210208	24415793	-0.185539	-0.083184	-0.053532	-0.109975
Superscaffold2	24415818	25019372	-0.228860	-0.058602	-0.040865	-0.160502
Superscaffold2	25019481	25490761	0.257483	0.104472	0.064214	0.170364
Superscaffold2	25490805	25867267	-0.274328	-0.120837	-0.077493	-0.172206
Superscaffold2	25867364	26439381	-0.062015	-0.015229	-0.010543	-0.029481
Superscaffold2	26439626	26843248	-0.159209	-0.059047	-0.039974	-0.097147
Superscaffold2	26843255	27221492	-0.191657	-0.061779	-0.044036	-0.099569
Superscaffold2	27221493	27512876	0.394128	0.239607	0.149580	0.218026
Superscaffold2	27512973	27830484	0.151915	0.087698	0.064012	0.069278
Superscaffold2	27830525	28829837	0.027115	0.013255	0.008393	0.013325
Superscaffold2	28829843	29076347	0.067406	0.034782	0.021576	0.034066
Superscaffold2	29076380	29414738	-0.012999	-0.005402	-0.003613	-0.005635
Superscaffold2	29415476	29807224	-0.435273	-0.200390	-0.135882	-0.305142
Superscaffold2	29807246	30355899	-0.117957	-0.038035	-0.024947	-0.078025
Superscaffold2	30355993	30893473	-0.086922	-0.026739	-0.018107	-0.049903
Superscaffold2	30894085	31350202	0.050653	0.016089	0.011527	0.036194
Superscaffold2	31350326	31748639	-0.246483	-0.082039	-0.057329	-0.150136
Superscaffold2	31748783	32436048	-0.039294	-0.014226	-0.009668	-0.024332
Superscaffold2	32436215	32852952	-0.087242	-0.027882	-0.020124	-0.051767
Superscaffold2	32852953	33281821	-0.360281	-0.153370	-0.101824	-0.213260
Superscaffold2	33281844	33723728	-0.126185	-0.047831	-0.028360	-0.078448
Superscaffold2	33723730	34205207	-0.177829	-0.073857	-0.047965	-0.112255
Superscaffold2	34205302	34739637	-0.176819	-0.041300	-0.029975	-0.098526
Superscaffold2	34741449	35350006	0.030848	0.006111	0.004371	0.022574
Superscaffold2	35350017	36107173	-0.022648	-0.006461	-0.004612	-0.012948
Superscaffold2	36107188	36626830	0.074534	0.018544	0.014468	0.040058
Superscaffold2	36626856	36948171	-0.208563	-0.117291	-0.072998	-0.129551
Superscaffold2	36948172	37161442	-0.111671	-0.074045	-0.043660	-0.069325
Superscaffold2	37161535	37538403	-0.124656	-0.046837	-0.030675	-0.073129
Superscaffold2	37538426	37848672	0.210200	0.126080	0.070297	0.128942
Superscaffold2	37848681	38638116	0.108056	0.029713	0.020442	0.062838
Superscaffold2	38638138	38789087	0.552898	0.433817	0.252988	0.424927
Superscaffold2	38789143	39116009	0.198239	0.121593	0.061261	0.117620
Superscaffold2	39116014	39623862	-0.146167	-0.036325	-0.026327	-0.080699
Superscaffold2	39623918	39945339	0.011230	0.007958	0.004515	0.008267
Superscaffold2	39945355	40300758	0.010818	0.003773	0.002565	0.007772
Superscaffold2	40300789	40571557	-0.365387	-0.180946	-0.095320	-0.181846
Superscaffold2	40571608	40950928	-0.280277	-0.082083	-0.055200	-0.185836
Superscaffold2	40951326	41080465	0.509397	0.387390	0.233654	0.346452
Superscaffold2	41080473	41166703	0.357118	0.297132	0.163267	0.272795
Superscaffold2	41166762	41564828	-0.083030	-0.022545	-0.016653	-0.047307
Superscaffold2	41564942	42055721	0.286173	0.092534	0.055747	0.224455
Superscaffold2	42056014	42479772	-0.139833	-0.045604	-0.028267	-0.090923
Superscaffold2	42479796	42883434	0.071837	0.027443	0.019039	0.043595
Superscaffold2	42883437	43007929	0.428423	0.250234	0.179959	0.303052
Superscaffold2	43007995	43326939	0.446807	0.148079	0.114931	0.243348
Superscaffold2	43327035	43946206	0.267113	0.056077	0.043635	0.179464
Superscaffold2	43947141	45093953	-0.004783	-0.000535	-0.000440	-0.002902
Superscaffold2	45094021	46514799	0.007306	0.000563	0.000500	0.004768
Superscaffold2	46515367	47574384	0.129677	0.014235	0.010950	0.083896
Superscaffold2	47574399	48429363	-0.085080	-0.016457	-0.011837	-0.044353
Superscaffold2	48429400	48904773	-0.349968	-0.084632	-0.066171	-0.264669
Superscaffold2	48905478	49387849	-0.131435	-0.041351	-0.026423	-0.080739
Superscaffold2	49387894	49829475	-0.039038	-0.014890	-0.008341	-0.018425
Superscaffold2	49829738	50354541	-0.028433	-0.010177	-0.005782	-0.017550
Superscaffold2	50354558	50735866	-0.262941	-0.105263	-0.063969	-0.184955
Superscaffold2	50735894	51330172	-0.009952	-0.002532	-0.001820	-0.006870
Superscaffold2	51330463	51828960	0.085480	0.016893	0.013637	0.053001
Superscaffold2	51829004	52159763	-0.281976	-0.079978	-0.060303	-0.186127
Superscaffold2	52159832	52494297	-0.152618	-0.054526	-0.028806	-0.093648
Superscaffold2	52494320	52698008	0.017270	0.013929	0.009090	0.008929
Superscaffold2	52698028	52945572	-0.131427	-0.099909	-0.055086	-0.054181
Superscaffold2	52945633	53297781	-0.047828	-0.033796	-0.018138	-0.030787
Superscaffold2	53297854	53843374	-0.281564	-0.155599	-0.099191	-0.193631
Superscaffold2	53843378	54139577	-0.072684	-0.037080	-0.020781	-0.038847
Superscaffold2	54139596	54479191	-0.234801	-0.181600	-0.099058	-0.153373
Superscaffold2	54479238	54988952	-0.321751	-0.249460	-0.139656	-0.212397
Superscaffold2	54989036	55242485	-0.153727	-0.123009	-0.068299	-0.085694
Superscaffold2	55242498	55522151	-0.322767	-0.293254	-0.171088	-0.214999
Superscaffold2	55522170	55719062	-0.487495	-0.466537	-0.255565	-0.361921
Superscaffold2	55719515	56176275	-0.242692	-0.079188	-0.055081	-0.138318
Superscaffold2	56176306	56645400	-0.129828	-0.046629	-0.028850	-0.074466
Superscaffold2	56645430	57160613	-0.005940	-0.001860	-0.001338	-0.004378
Superscaffold2	57160874	57625339	0.191736	0.087786	0.053292	0.109323
Superscaffold2	57625354	58196078	-0.325814	-0.196381	-0.117106	-0.212338
Superscaffold2	58196086	58564723	-0.211393	-0.085764	-0.054959	-0.157864
Superscaffold2	58564724	59229665	-0.018254	-0.002745	-0.002219	-0.013170
Superscaffold2	59229715	59859964	0.128989	0.029077	0.020936	0.073892
Superscaffold2	59859968	60146464	0.042041	0.021186	0.012749	0.020003
Superscaffold2	60146476	60442691	-0.087981	-0.045124	-0.024869	-0.057268
Superscaffold2	60442710	60755000	0.039272	0.016082	0.010172	0.025309
Superscaffold2	60755013	61033783	-0.127150	-0.099295	-0.055504	-0.071237
Superscaffold2	61033796	61644698	-0.135002	-0.098323	-0.053363	-0.070290
Superscaffold2	61645088	62292311	-0.002185	-0.001193	-0.000727	-0.004117
Superscaffold2	62292341	62806692	-0.038768	-0.019812	-0.012470	-0.021067
Superscaffold2	62810090	63182062	0.166254	0.065198	0.043226	0.122308
Superscaffold2	63182132	63362395	0.102539	0.083423	0.046849	0.057397
Superscaffold2	63362498	63591742	0.174636	0.104846	0.059816	0.075138
Superscaffold2	63592092	64066704	0.031406	0.019797	0.013138	0.012193
Superscaffold2	64066717	64360402	-0.086310	-0.035619	-0.024840	-0.052034
Superscaffold2	64360410	64605244	-0.072929	-0.073190	-0.042321	-0.042590
Superscaffold2	64605280	65377373	-0.043507	-0.029797	-0.015700	-0.021384
Superscaffold2	65377880	65983190	0.041668	0.012226	0.008280	0.025083
Superscaffold2	65983350	66384841	0.090039	0.038707	0.026641	0.049250
Superscaffold2	66384935	66809769	0.214041	0.076537	0.045707	0.131842
Superscaffold2	66810097	67345101	-0.076546	-0.026237	-0.015914	-0.037962
Superscaffold2	67345149	67643948	-0.114398	-0.060434	-0.040334	-0.064390
Superscaffold2	67643950	68048148	0.123380	0.035472	0.024987	0.058061
Superscaffold2	68048846	68665546	-0.093403	-0.019508	-0.014593	-0.055143
Superscaffold2	68665565	69196912	0.031078	0.008751	0.006417	0.021641
Superscaffold2	69197018	69494683	-0.061704	-0.032666	-0.021732	-0.034357
Superscaffold2	69494808	69917916	0.224069	0.066118	0.052147	0.130418
Superscaffold2	69918490	70222863	0.065707	0.027492	0.019888	0.030194
Superscaffold2	70225571	70882368	0.061139	0.029901	0.020223	0.031287
Superscaffold2	70882542	71208215	0.105422	0.042222	0.033506	0.059697
Superscaffold2	71208291	71608146	0.043471	0.013604	0.009850	0.021945
Superscaffold2	71608535	71982039	0.118738	0.065123	0.039021	0.052978
Superscaffold2	71982055	72271227	0.125809	0.077907	0.053718	0.072266
Superscaffold2	72271295	72563032	0.178747	0.095799	0.056556	0.096274
Superscaffold2	72563277	72848582	0.026411	0.021151	0.012518	0.012087
Superscaffold2	72848895	73137853	0.050181	0.023076	0.015912	0.024422
Superscaffold2	73137855	73422724	-0.194777	-0.172264	-0.098050	-0.113892
Superscaffold2	73423043	73807193	0.028331	0.011313	0.008013	0.015020
Superscaffold2	73807301	74016844	0.066127	0.036631	0.025388	0.036376
Superscaffold2	74016848	74414170	-0.012279	-0.004386	-0.003008	-0.004725
Superscaffold2	74414238	74666165	-0.060309	-0.036723	-0.023113	-0.033750
Superscaffold2	74666178	75070406	0.128312	0.060184	0.037637	0.075295
Superscaffold2	75070424	75427050	0.128210	0.040201	0.024901	0.057242
Superscaffold2	75427058	75681257	-0.197607	-0.138655	-0.088745	-0.108742
Superscaffold2	75681259	76050521	-0.190248	-0.156941	-0.081096	-0.124048
Superscaffold2	76050531	76488856	-0.509265	-0.360998	-0.209650	-0.342388
Superscaffold2	76488880	76849756	-0.118998	-0.053187	-0.035434	-0.079061
Superscaffold2	76850367	77316540	-0.187269	-0.066668	-0.045385	-0.113215
Superscaffold2	77316781	77578975	-0.467274	-0.363500	-0.199119	-0.341861
Superscaffold2	77578992	77775742	-0.180402	-0.111150	-0.069646	-0.103565
Superscaffold2	77775775	78035182	-0.116519	-0.058417	-0.038324	-0.063115
Superscaffold2	78035281	78262603	-0.214525	-0.154723	-0.099211	-0.127533
Superscaffold2	78262707	78545747	0.031510	0.019009	0.012324	0.017921
Superscaffold2	78545778	78866919	-0.016863	-0.009401	-0.005547	-0.008365
Superscaffold2	78867021	79295418	-0.125320	-0.079076	-0.044961	-0.076714
Superscaffold2	79295465	80205526	-0.102836	-0.039650	-0.022709	-0.059953
Superscaffold2	80205535	80516832	-0.021379	-0.014048	-0.009364	-0.011339
Superscaffold2	80516839	80831726	-0.102719	-0.055656	-0.035381	-0.045925
Superscaffold2	80831733	81273820	0.124935	0.083291	0.043824	0.066625
Superscaffold2	81275478	81731288	-0.167494	-0.110561	-0.060945	-0.105457
Superscaffold2	81731306	82125762	0.060015	0.023097	0.016721	0.031551
Superscaffold2	82125765	82934662	-0.046011	-0.015106	-0.009875	-0.022376
Superscaffold2	82934674	83232725	-0.228300	-0.091934	-0.061084	-0.134954
Superscaffold2	83233071	83531626	-0.258812	-0.113212	-0.072541	-0.168658
Superscaffold2	83531631	83781638	-0.424812	-0.332958	-0.164225	-0.292099
Superscaffold2	83781859	84177219	0.007388	0.003083	0.002270	0.002655
Superscaffold2	84177406	84642929	0.337952	0.100109	0.072468	0.214216
Superscaffold2	84643027	84965087	-0.027342	-0.013414	-0.009575	-0.015950
Superscaffold2	84965090	85351335	0.000800	0.000229	0.000179	0.002686
Superscaffold2	85351425	85989711	-0.013449	-0.004370	-0.002966	-0.006844
Superscaffold2	85989905	87195904	-0.022389	-0.013244	-0.007304	-0.011855
Superscaffold2	87195932	87635710	0.124072	0.084407	0.047581	0.078061
Superscaffold2	87637357	87883834	0.105191	0.054053	0.034449	0.050593
Superscaffold2	87883909	88146003	0.030438	0.011959	0.008070	0.012691
Superscaffold2	88146030	88543526	-0.111090	-0.036501	-0.027862	-0.053163
Superscaffold2	88543544	88783865	-0.028117	-0.020096	-0.011789	-0.013949
Superscaffold2	88783877	89024391	-0.154162	-0.117286	-0.061157	-0.085578
Superscaffold2	89024403	89437430	-0.048765	-0.027568	-0.015148	-0.025649
Superscaffold2	89437659	89728298	0.218878	0.104845	0.060095	0.126787
Superscaffold2	89728305	89932975	-0.115061	-0.081665	-0.045678	-0.068854
Superscaffold2	89933368	90220126	-0.206601	-0.138417	-0.072662	-0.113094
Superscaffold2	90220285	90563702	-0.150786	-0.112488	-0.055321	-0.073214
Superscaffold2	90563724	90779927	-0.193000	-0.155773	-0.082805	-0.101081
Superscaffold2	90779928	91011949	0.090796	0.083556	0.050793	0.044745
Superscaffold2	91011955	91327570	-0.159645	-0.110629	-0.061530	-0.090102
Superscaffold2	91327583	92374595	0.081078	0.041019	0.022235	0.049481
Superscaffold2	92375640	92849513	-0.046323	-0.013950	-0.009272	-0.028014
Superscaffold2	92849518	93558020	-0.433765	-0.306643	-0.144474	-0.237550
Superscaffold2	93558061	93830778	-0.208818	-0.229993	-0.100232	-0.112505
Superscaffold2	93830792	94202404	-0.167901	-0.118798	-0.057078	-0.079471
Superscaffold2	94202506	94650051	0.073542	0.036931	0.023818	0.041511
Superscaffold2	94650157	94966701	-0.075946	-0.042600	-0.025915	-0.041417
Superscaffold2	94966716	95318266	-0.032264	-0.017339	-0.011354	-0.017183
Superscaffold2	95318399	95564513	-0.011550	-0.007611	-0.004619	-0.003057
Superscaffold2	95564583	95808544	-0.111543	-0.063613	-0.044736	-0.054008
Superscaffold2	95809077	96067939	-0.339300	-0.289358	-0.175328	-0.204441
Superscaffold2	96067980	96277859	-0.049814	-0.047160	-0.028370	-0.031365
Superscaffold2	96277992	96518071	-0.052281	-0.067901	-0.033299	-0.024281
Superscaffold2	96518374	96815231	-0.098465	-0.064751	-0.037732	-0.045743
Superscaffold2	96815238	97016207	-0.064064	-0.056417	-0.031906	-0.032007
Superscaffold2	97016253	97337419	-0.082177	-0.056441	-0.035736	-0.039407
Superscaffold2	97337525	97515750	-0.204099	-0.102058	-0.074503	-0.089115
Superscaffold2	97515892	97786865	-0.083000	-0.074310	-0.042788	-0.040335
Superscaffold2	97786939	98092852	0.196236	0.119116	0.078625	0.078051
Superscaffold2	98092913	98310188	0.078163	0.077517	0.038296	0.031630
Superscaffold2	98310217	98553030	0.345790	0.285605	0.183132	0.205769
Superscaffold2	98553041	98958813	-0.111822	-0.078526	-0.049507	-0.074024
Superscaffold2	98958853	99232255	0.261278	0.158980	0.108058	0.100712
Superscaffold2	99232353	99418115	-0.087064	-0.071291	-0.043993	-0.035862
Superscaffold2	99418130	99636592	-0.144222	-0.135300	-0.070077	-0.080486
Superscaffold2	99636631	99772126	0.091464	0.119097	0.070057	0.050101
Superscaffold2	99772310	100030358	0.012688	0.012756	0.007777	0.006712
Superscaffold2	100030363	100347639	-0.183028	-0.108293	-0.067250	-0.100212
Superscaffold2	100347722	100818077	-0.138407	-0.106245	-0.063407	-0.058681
Superscaffold2	100818137	101050666	0.171711	0.174323	0.087653	0.094264
Superscaffold2	101050797	101234588	0.128491	0.112436	0.048695	0.072396
Superscaffold3	79420	318461	-0.364400	-0.290188	-0.182340	-0.257090
Superscaffold3	318546	497990	-0.321461	-0.271955	-0.144995	-0.192283
Superscaffold3	498018	682336	0.071563	0.058445	0.040484	0.045125
Superscaffold3	682425	835546	0.073858	0.066360	0.044579	0.039967
Superscaffold3	835661	1143171	-0.091610	-0.083027	-0.049880	-0.050085
Superscaffold3	1143187	1397372	-0.091606	-0.098765	-0.056400	-0.066896
Superscaffold3	1397377	1571570	-0.155998	-0.243974	-0.126770	-0.086229
Superscaffold3	1571884	1829832	-0.121659	-0.174253	-0.095626	-0.068937
Superscaffold3	1829834	2091057	-0.057764	-0.046222	-0.027875	-0.031943
Superscaffold3	2091074	2390492	0.064971	0.068286	0.041625	0.033180
Superscaffold3	2390574	2541843	0.003783	0.005559	0.003486	0.001457
Superscaffold3	2541945	2696624	-0.208173	-0.185018	-0.121090	-0.115006
Superscaffold3	2696625	2837307	-0.023410	-0.023600	-0.013969	-0.009365
Superscaffold3	2837356	3041582	-0.237831	-0.215330	-0.134523	-0.136348
Superscaffold3	3041617	3394408	-0.087661	-0.057051	-0.040727	-0.043317
Superscaffold3	3394446	3658509	-0.024033	-0.013145	-0.009063	-0.011653
Superscaffold3	3658536	3883682	-0.009760	-0.006949	-0.004547	-0.003662
Superscaffold3	3883691	4535990	0.022070	0.010652	0.006902	0.007533
Superscaffold3	4536005	5261771	0.014911	0.012312	0.007165	0.007126
Superscaffold3	5268260	5461767	0.053020	0.042115	0.026097	0.022414
Superscaffold3	5461920	5591752	-0.159252	-0.153314	-0.085906	-0.088803
Superscaffold3	5591765	5810937	-0.064417	-0.056427	-0.033258	-0.042970
Superscaffold3	5811013	5990583	-0.007384	-0.004719	-0.003343	-0.006205
Superscaffold3	5990585	6221051	-0.006747	-0.005693	-0.003780	-0.003443
Superscaffold3	6221109	6474328	-0.229541	-0.201939	-0.110034	-0.128212
Superscaffold3	6474909	6689818	0.056186	0.051372	0.031121	0.024729
Superscaffold3	6689845	6961268	0.007837	0.005798	0.003743	0.005866
Superscaffold3	6961340	7434790	-0.047330	-0.026545	-0.016375	-0.028885
Superscaffold3	7434820	7872099	-0.044847	-0.026074	-0.014536	-0.033958
Superscaffold3	7872120	8120254	0.130296	0.095968	0.047992	0.086776
Superscaffold3	8120325	8345866	-0.170056	-0.121121	-0.063026	-0.109909
Superscaffold3	8345954	9421740	-0.064289	-0.030954	-0.019596	-0.037478
Superscaffold3	9421859	9654330	-0.228234	-0.214945	-0.121190	-0.132315
Superscaffold3	9654429	9851355	-0.080041	-0.061000	-0.038383	-0.044196
Superscaffold3	9851430	10182276	0.103798	0.067527	0.047209	0.056836
Superscaffold3	10182286	11073239	-0.084935	-0.066831	-0.040576	-0.043373
Superscaffold3	11073242	11250364	0.007760	0.008888	0.005406	0.000980
Superscaffold3	11250370	11429672	0.016526	0.015771	0.009747	0.007822
Superscaffold3	11429732	11719256	0.050712	0.045165	0.027940	0.032057
Superscaffold3	11719483	12002742	-0.009970	-0.007278	-0.004557	-0.003691
Superscaffold3	12002786	12144655	-0.005787	-0.005575	-0.003518	-0.001501
Superscaffold3	12144663	12424585	-0.039373	-0.032398	-0.019298	-0.029962
Superscaffold3	12424628	12792461	-0.014700	-0.008699	-0.005850	-0.012910
Superscaffold3	12792540	13158155	0.198397	0.131426	0.074045	0.130435
Superscaffold3	13158160	13297141	0.035606	0.044548	0.025788	0.020880
Superscaffold3	13297170	13659224	-0.312717	-0.215033	-0.127533	-0.207942
Superscaffold3	13659262	14194171	0.081573	0.059779	0.037780	0.049243
Superscaffold3	14194209	14369326	0.027608	0.025890	0.016113	0.013335
Superscaffold3	14369424	14520579	0.117163	0.121031	0.076649	0.067621
Superscaffold3	14520637	14658241	0.059539	0.072070	0.045115	0.032979
Superscaffold3	14658311	14834846	0.138705	0.146966	0.084020	0.078494
Superscaffold3	14834875	15024317	0.026326	0.032487	0.019072	0.009761
Superscaffold3	15024327	15210172	-0.082837	-0.073530	-0.043854	-0.044339
Superscaffold3	15210485	15422360	0.035356	0.030995	0.018870	0.010935
Superscaffold3	15422420	15555435	-0.040609	-0.051035	-0.029169	-0.023178
Superscaffold3	15555469	15809049	0.018668	0.017013	0.009038	0.006680
Superscaffold3	15809091	16430512	0.077018	0.053383	0.032573	0.037133
Superscaffold3	16431094	16751154	0.035528	0.031253	0.016505	0.024576
Superscaffold3	16751218	16941518	0.087970	0.102334	0.059277	0.049530
Superscaffold3	16941576	17243022	0.113047	0.111668	0.071687	0.056783
Superscaffold3	17243195	17398457	-0.080584	-0.083322	-0.046755	-0.041325
Superscaffold3	17398466	17758756	0.096827	0.060078	0.037345	0.055554
Superscaffold3	17758772	17926176	-0.022161	-0.022672	-0.012435	-0.012487
Superscaffold3	17926296	18077206	-0.113925	-0.150233	-0.061831	-0.051631
Superscaffold3	18077250	18484827	-0.010045	-0.008149	-0.004468	-0.007755
Superscaffold3	18488656	19096557	-0.043266	-0.031199	-0.017563	-0.029428
Superscaffold3	19096598	19519113	-0.306304	-0.282631	-0.141830	-0.220891
Superscaffold3	19519160	19723749	-0.169831	-0.130223	-0.067248	-0.082653
Superscaffold3	19723840	19913336	-0.128094	-0.134236	-0.073555	-0.076588
Superscaffold3	19913340	20035689	-0.133936	-0.094777	-0.059845	-0.078444
Superscaffold3	20035690	20256605	0.156474	0.124885	0.076291	0.090648
Superscaffold3	20256611	20406699	0.226802	0.260757	0.135478	0.129523
Superscaffold3	20406733	20522911	-0.016798	-0.021875	-0.010675	-0.011178
Superscaffold3	20522929	20721902	-0.145957	-0.173249	-0.079040	-0.089087
Superscaffold3	20722057	20843842	-0.108350	-0.254937	-0.074322	-0.058146
Superscaffold3	20843895	20993410	0.097164	0.089154	0.051583	0.044912
Superscaffold3	20993450	21494594	-0.274203	-0.316531	-0.129128	-0.155173
Superscaffold3	21494650	21760270	-0.227824	-0.424761	-0.172972	-0.146925
Superscaffold3	21760287	22003354	-0.228487	-0.266270	-0.141391	-0.126602
Superscaffold3	22003378	22125740	0.039298	0.054297	0.030766	0.019730
Superscaffold3	22125983	22263718	-0.077981	-0.067431	-0.043492	-0.046028
Superscaffold3	22263719	22542464	-0.112453	-0.073465	-0.050505	-0.054580
Superscaffold3	22542539	22797693	0.037504	0.032932	0.020514	0.015608
Superscaffold3	22797697	22941734	-0.233129	-0.188406	-0.118839	-0.124554
Superscaffold3	22941742	23173241	-0.066190	-0.032568	-0.021826	-0.034333
Superscaffold3	23173254	23369920	0.087570	0.076887	0.049480	0.043394
Superscaffold3	23369937	23507807	0.076338	0.079809	0.047046	0.041484
Superscaffold3	23507865	23810874	-0.072307	-0.060950	-0.036629	-0.042793
Superscaffold3	23810893	24003284	0.041707	0.024664	0.016065	0.015336
Superscaffold3	24003332	24186953	0.136779	0.090480	0.060359	0.065848
Superscaffold3	24186972	24685079	0.037384	0.031502	0.017430	0.023784
Superscaffold3	24685225	24943514	-0.065375	-0.060403	-0.037146	-0.031319
Superscaffold3	24943521	25305559	-0.101787	-0.059737	-0.038488	-0.055362
Superscaffold3	25305762	25425109	-0.142135	-0.135176	-0.084996	-0.084452
Superscaffold3	25425129	25536036	0.031519	0.032458	0.019799	0.015389
Superscaffold3	25536093	26198223	-0.059924	-0.038833	-0.022208	-0.036853
Superscaffold3	26198278	26434979	0.070285	0.054713	0.031708	0.042364
Superscaffold3	26435104	26640847	0.004112	0.002386	0.001427	-0.001438
Superscaffold3	26640891	26835501	-0.129258	-0.052348	-0.037190	-0.042914
Superscaffold3	26835687	27042027	-0.151466	-0.106831	-0.062183	-0.054687
Superscaffold3	27042030	27291100	-0.071695	-0.040516	-0.024027	-0.042179
Superscaffold3	27291582	27730149	0.140009	0.092856	0.053548	0.097571
Superscaffold3	27730178	28001293	0.108445	0.078030	0.038915	0.056418
Superscaffold3	28006034	28286250	0.128028	0.097050	0.055794	0.062004
Superscaffold3	28286254	28595326	0.012265	0.006739	0.003150	0.007767
Superscaffold3	28595334	28778787	-0.122044	-0.066346	-0.041272	-0.078748
Superscaffold3	28779977	28921040	-0.307755	-0.269031	-0.137085	-0.178856
Superscaffold3	28921414	29236912	0.016864	0.005112	0.003879	0.006284
Superscaffold3	29237177	29532278	-0.059520	-0.021912	-0.016559	-0.032957
Superscaffold3	29532386	29705319	-0.014613	-0.007601	-0.005128	-0.009703
Superscaffold3	29705331	29925086	-0.064855	-0.037956	-0.023512	-0.042251
Superscaffold3	29925261	30181203	-0.205652	-0.111428	-0.062777	-0.113822
Superscaffold3	30181297	30889745	0.035473	0.016864	0.010435	0.013925
Superscaffold3	30890683	31313811	0.014649	0.004196	0.002994	0.004225
Superscaffold3	31313845	31781793	0.056519	0.011732	0.008924	0.021961
Superscaffold3	31781881	31996998	-0.300613	-0.212846	-0.116136	-0.190287
Superscaffold3	31997000	32135893	-0.176464	-0.120969	-0.082934	-0.103770
Superscaffold3	32135897	32433134	0.022180	0.010546	0.006293	0.008495
Superscaffold3	32433219	32927734	-0.071805	-0.030656	-0.018166	-0.038724
Superscaffold3	32927949	33267416	0.051073	0.026282	0.019125	0.026269
Superscaffold3	33267435	33529084	-0.056398	-0.042107	-0.025726	-0.028809
Superscaffold3	33529137	33799426	0.098915	0.077559	0.052947	0.058488
Superscaffold3	33799500	34089305	-0.122293	-0.075532	-0.048076	-0.074198
Superscaffold3	34089423	34294509	-0.424178	-0.304663	-0.171030	-0.263003
Superscaffold3	34294679	34483129	0.046096	0.028831	0.018170	0.028071
Superscaffold3	34483214	34864919	0.005025	0.003915	0.002434	0.001244
Superscaffold3	34864952	35244804	-0.291819	-0.085006	-0.066493	-0.152866
Superscaffold3	35244901	35428345	-0.243812	-0.171491	-0.100405	-0.131891
Superscaffold3	35428426	35568551	0.357232	0.276567	0.139422	0.289720
Superscaffold3	35568608	35676972	0.443541	0.413227	0.214341	0.408526
Superscaffold3	35677037	35957308	0.375826	0.298308	0.151296	0.312425
Superscaffold3	35957583	36230407	0.496178	0.247138	0.151192	0.363438
Superscaffold3	36230408	36764088	-0.123459	-0.044288	-0.025681	-0.075296
Superscaffold3	36764099	37247589	0.261333	0.159094	0.099036	0.179570
Superscaffold3	37247615	37530264	0.157217	0.073303	0.047492	0.119431
Superscaffold3	37530289	37711406	-0.109485	-0.064668	-0.037128	-0.080078
Superscaffold3	37711480	37880229	-0.221768	-0.124449	-0.067220	-0.168390
Superscaffold3	37880264	38173468	-0.278483	-0.103982	-0.078157	-0.158509
Superscaffold3	38173472	38307335	-0.173528	-0.079743	-0.059186	-0.073022
Superscaffold3	38307341	38570198	-0.457540	-0.300098	-0.172391	-0.319490
Superscaffold3	38570256	38893508	-0.410029	-0.176984	-0.110459	-0.315780
Superscaffold3	38893509	39489790	0.065956	0.013133	0.008915	0.044840
Superscaffold3	39489800	40051832	-0.430530	-0.172496	-0.097181	-0.331043
Superscaffold3	40051968	40648854	0.038232	0.008253	0.006029	0.026168
Superscaffold3	40648855	41168189	-0.117784	-0.048943	-0.030371	-0.071024
Superscaffold3	41168211	41907079	0.013046	0.002577	0.001843	0.006997
Superscaffold3	41907111	42410317	0.084815	0.018812	0.012804	0.055398
Superscaffold3	42410389	42936032	0.451048	0.194225	0.131538	0.340319
Superscaffold3	42936045	43244687	0.093720	0.034078	0.021412	0.068693
Superscaffold3	43244780	43626505	-0.560819	-0.234245	-0.154769	-0.438840
Superscaffold3	43626594	44061187	0.245716	0.117157	0.069894	0.157598
Superscaffold3	44061215	44462091	0.188464	0.082555	0.052729	0.124709
Superscaffold3	44462093	44790086	0.202913	0.081553	0.049798	0.137143
Superscaffold3	44790178	44994286	-0.013602	-0.007739	-0.004185	-0.010960
Superscaffold3	44994428	45341778	-0.113554	-0.037119	-0.025892	-0.061979
Superscaffold3	45341817	45716532	0.126861	0.088543	0.039158	0.076339
Superscaffold3	45716571	46032437	-0.011513	-0.007735	-0.003168	-0.010641
Superscaffold3	46032479	46214674	-0.069622	-0.052058	-0.029230	-0.037647
Superscaffold3	46214675	46319905	-0.006532	-0.006233	-0.003437	-0.011035
Superscaffold3	46319934	46933273	0.018050	0.012281	0.006996	0.010970
Superscaffold3	46933831	47269156	0.192036	0.095807	0.057295	0.116058
Superscaffold3	47269160	47479127	-0.627669	-0.701098	-0.280316	-0.466099
Superscaffold3	47479129	47806587	-0.135012	-0.057647	-0.037809	-0.055942
Superscaffold3	47806599	48225802	-0.155099	-0.082017	-0.038939	-0.099736
Superscaffold3	48225833	48665184	-0.108554	-0.035279	-0.023637	-0.060621
Superscaffold3	48665191	48955451	-0.105380	-0.049174	-0.031272	-0.055059
Superscaffold3	48955491	49189510	-0.207995	-0.105113	-0.064420	-0.111818
Superscaffold3	49189784	49414787	-0.125976	-0.064882	-0.039249	-0.059081
Superscaffold3	49414901	49681478	-0.043255	-0.021305	-0.013975	-0.030602
Superscaffold3	49681642	50058248	0.021121	0.008986	0.005911	0.010477
Superscaffold3	50058265	50316522	-0.349183	-0.253101	-0.158974	-0.195910
Superscaffold3	50316706	50548139	-0.282099	-0.180640	-0.113979	-0.155422
Superscaffold3	50548149	50919547	-0.357800	-0.152757	-0.102450	-0.224327
Superscaffold3	50919564	51201807	-0.452485	-0.329213	-0.166092	-0.297995
Superscaffold3	51201822	51517033	0.002596	0.001305	0.000809	0.006068
Superscaffold3	51517058	51819434	-0.184673	-0.085408	-0.054039	-0.109214
Superscaffold3	51819435	52167178	-0.069517	-0.041869	-0.026258	-0.038122
Superscaffold3	52167233	52529719	-0.242162	-0.080492	-0.056483	-0.145212
Superscaffold3	52529720	52871870	-0.120803	-0.063157	-0.038682	-0.052986
Superscaffold3	52871902	53086029	-0.237493	-0.128914	-0.080813	-0.135183
Superscaffold3	53086044	53335962	-0.222103	-0.112014	-0.071851	-0.169495
Superscaffold3	53336045	53638404	-0.141577	-0.113388	-0.067195	-0.094848
Superscaffold3	53638443	53803803	-0.047639	-0.032847	-0.019916	-0.021358
Superscaffold3	53804076	54115713	0.045356	0.031703	0.019290	0.024135
Superscaffold3	54115764	54462188	-0.128421	-0.087058	-0.056805	-0.084446
Superscaffold3	54462197	54724404	-0.112338	-0.064387	-0.040626	-0.060533
Superscaffold3	54724431	54904950	-0.001124	-0.000923	-0.000538	-0.004636
Superscaffold3	54904996	55231332	-0.186673	-0.132148	-0.079324	-0.112011
Superscaffold3	55231340	56008905	-0.297531	-0.154629	-0.099302	-0.182452
Superscaffold3	56008956	56294776	-0.025112	-0.012512	-0.008851	-0.012987
Superscaffold3	56294791	56578810	-0.216586	-0.109811	-0.074510	-0.129928
Superscaffold3	56578818	56742006	-0.421626	-0.379968	-0.212825	-0.298444
Superscaffold3	56742011	56910332	-0.121125	-0.085640	-0.055771	-0.062308
Superscaffold3	56910474	57307984	-0.256330	-0.134432	-0.082016	-0.129577
Superscaffold3	57308061	57618588	-0.095936	-0.040113	-0.025286	-0.046177
Superscaffold3	57618809	57938251	-0.282105	-0.147327	-0.094253	-0.164147
Superscaffold3	57945876	58307119	0.305350	0.141471	0.092317	0.204801
Superscaffold3	58307121	58669875	-0.386098	-0.243852	-0.120849	-0.199191
Superscaffold3	58670123	59112832	-0.148395	-0.051326	-0.033173	-0.093353
Superscaffold3	59112859	59295235	-0.213591	-0.199996	-0.099719	-0.125350
Superscaffold3	59295246	59454143	-0.139788	-0.100643	-0.060253	-0.084030
Superscaffold3	59454267	59645775	-0.200452	-0.160680	-0.090258	-0.128133
Superscaffold3	59645954	60012846	0.219245	0.095823	0.065568	0.151625
Superscaffold3	60012848	60482058	-0.042667	-0.028144	-0.015359	-0.020649
Superscaffold3	60482081	60748656	-0.088046	-0.058053	-0.035890	-0.050944
Superscaffold3	60748768	61196157	-0.174199	-0.081668	-0.051317	-0.108536
Superscaffold3	61196287	61500113	-0.409991	-0.178786	-0.114729	-0.309144
Superscaffold3	61500207	61797267	-0.424554	-0.306881	-0.168049	-0.281076
Superscaffold3	61797297	62192210	-0.161361	-0.114636	-0.063999	-0.087387
Superscaffold3	62192223	62485388	-0.196278	-0.098799	-0.068847	-0.086868
Superscaffold3	62485479	62770262	-0.106010	-0.084907	-0.050213	-0.061271
Superscaffold3	62770405	63395440	-0.060932	-0.031245	-0.019086	-0.034012
Superscaffold3	63397560	64127478	-0.227334	-0.159882	-0.085106	-0.127463
Superscaffold3	64127562	64492107	-0.046842	-0.027258	-0.017252	-0.023122
Superscaffold3	64492123	64751719	0.258063	0.172796	0.099560	0.165857
Superscaffold3	64751725	64993514	-0.078414	-0.086354	-0.038940	-0.043542
Superscaffold3	64993515	65283121	-0.011635	-0.012608	-0.007532	-0.008266
Superscaffold3	65283136	65536248	-0.117760	-0.151177	-0.079527	-0.075115
Superscaffold3	65536378	65737137	-0.159938	-0.151237	-0.092555	-0.087689
Superscaffold3	65737162	65909090	-0.006981	-0.010216	-0.005876	-0.004819
Superscaffold3	65909108	66212208	-0.222508	-0.214891	-0.102755	-0.148784
Superscaffold3	66212220	66527596	-0.015540	-0.006153	-0.003951	-0.006716
Superscaffold3	66527613	66763318	-0.227253	-0.162760	-0.095953	-0.107799
Superscaffold3	66763335	66964642	-0.204280	-0.110907	-0.078073	-0.092336
Superscaffold3	66964773	67176973	-0.228805	-0.248759	-0.118292	-0.113361
Superscaffold4	188539	535212	-0.148806	-0.148871	-0.092180	-0.064435
Superscaffold4	535252	863840	0.019697	0.016281	0.009712	0.010185
Superscaffold4	863858	1117807	-0.033692	-0.033793	-0.017520	-0.015207
Superscaffold4	1117822	1278197	0.005476	0.006569	0.003629	0.003306
Superscaffold4	1278266	1837592	-0.068348	-0.064681	-0.037066	-0.042139
Superscaffold4	1837758	2386733	0.028574	0.021589	0.014097	0.013032
Superscaffold4	2386846	2885221	-0.062455	-0.040665	-0.025076	-0.044581
Superscaffold4	2885263	3087516	-0.196744	-0.192753	-0.102113	-0.130552
Superscaffold4	3087538	3264145	-0.176724	-0.205422	-0.113609	-0.104165
Superscaffold4	3264225	3669708	-0.099575	-0.082682	-0.043613	-0.054468
Superscaffold4	3669709	3909705	-0.007535	-0.008643	-0.004862	-0.004125
Superscaffold4	3909999	4154885	-0.125819	-0.116526	-0.061349	-0.063894
Superscaffold4	4155300	4806968	-0.054574	-0.040350	-0.024189	-0.027094
Superscaffold4	4806998	5293136	0.160537	0.121685	0.081633	0.095342
Superscaffold4	5293166	5592837	-0.181412	-0.198749	-0.113324	-0.109480
Superscaffold4	5592896	6313104	0.047445	0.033199	0.020219	0.031575
Superscaffold4	6313118	6529304	0.134330	0.151640	0.093351	0.074183
Superscaffold4	6529332	6804247	0.154707	0.124351	0.084115	0.094143
Superscaffold4	6804252	7041700	0.089697	0.067726	0.046307	0.049132
Superscaffold4	7041764	7224571	-0.105752	-0.112786	-0.067110	-0.067015
Superscaffold4	7224626	7595569	-0.030192	-0.029161	-0.016179	-0.014999
Superscaffold4	7595572	7729754	-0.029605	-0.031432	-0.017717	-0.021083
Superscaffold4	7729757	7935655	-0.097715	-0.099481	-0.056081	-0.061719
Superscaffold4	7935991	8597175	0.056592	0.039809	0.022185	0.035719
Superscaffold4	8597250	8747873	0.043737	0.041819	0.026674	0.022066
Superscaffold4	8749725	8940901	-0.002958	-0.002411	-0.001573	-0.006609
Superscaffold4	8941081	9095617	-0.022137	-0.025813	-0.015116	-0.016073
Superscaffold4	9095774	9343004	-0.096730	-0.106916	-0.055289	-0.052287
Superscaffold4	9343109	9691194	-0.015005	-0.008342	-0.005188	-0.013639
Superscaffold4	9691340	9892473	-0.124264	-0.125934	-0.078203	-0.071280
Superscaffold4	9892687	10047161	0.106604	0.113158	0.071395	0.059322
Superscaffold4	10047207	10446955	-0.057551	-0.043289	-0.025289	-0.035628
Superscaffold4	10446983	11278787	0.013915	0.007168	0.004284	0.008396
Superscaffold4	11278792	11481209	-0.013317	-0.010768	-0.007087	-0.006988
Superscaffold4	11481230	11707179	0.013357	0.010390	0.006868	0.006621
Superscaffold4	11707286	11963866	0.119198	0.076023	0.046532	0.058529
Superscaffold4	11963881	12181147	0.073276	0.057672	0.036942	0.043760
Superscaffold4	12181450	12425939	0.059493	0.030934	0.021021	0.028045
Superscaffold4	12426045	12750684	0.134071	0.097091	0.063748	0.074529
Superscaffold4	12750716	12921570	-0.149366	-0.150212	-0.089922	-0.087973
Superscaffold4	12921795	13120015	0.111238	0.079576	0.057187	0.047036
Superscaffold4	13120063	13302296	-0.016058	-0.014116	-0.009026	-0.011224
Superscaffold4	13302376	13580635	-0.022008	-0.014952	-0.009804	-0.010067
Superscaffold4	13580724	13757816	0.189051	0.142277	0.099613	0.093601
Superscaffold4	13757918	14183229	0.053190	0.040592	0.021243	0.018469
Superscaffold4	14183231	14470943	0.028452	0.019930	0.012696	0.016564
Superscaffold4	14470945	14663848	-0.003378	-0.002905	-0.001749	-0.003752
Superscaffold4	14663893	14885014	0.031034	0.021662	0.014840	0.016176
Superscaffold4	14885109	15163000	-0.027374	-0.022628	-0.014172	-0.015566
Superscaffold4	15163030	15298570	0.191216	0.178370	0.109331	0.112159
Superscaffold4	15298591	16065758	0.079534	0.073478	0.045556	0.044155
Superscaffold4	16065879	16274522	0.006877	0.006543	0.003881	0.004993
Superscaffold4	16274700	16654504	-0.090016	-0.060797	-0.034883	-0.051261
Superscaffold4	16654625	16925423	0.051065	0.040284	0.026054	0.028210
Superscaffold4	16925480	17318225	0.012759	0.009970	0.005703	0.001792
Superscaffold4	17318245	17563958	0.117312	0.103514	0.064948	0.058902
Superscaffold4	17563963	17786022	-0.087354	-0.102789	-0.054631	-0.048486
Superscaffold4	17786094	17942882	0.081762	0.075716	0.051366	0.042919
Superscaffold4	17942889	18232510	-0.000841	-0.000631	-0.000406	0.001090
Superscaffold4	18232521	18411424	-0.069383	-0.063631	-0.038492	-0.038253
Superscaffold4	18411481	18963376	-0.600635	-0.573953	-0.274374	-0.446896
Superscaffold4	18963435	19402739	-0.041540	-0.010374	-0.007386	-0.024977
Superscaffold4	19402766	19696365	0.258464	0.117759	0.072994	0.227404
Superscaffold4	19696402	20137587	0.133127	0.055398	0.039964	0.071814
Superscaffold4	20137589	20373634	-0.186768	-0.142498	-0.084639	-0.112328
Superscaffold4	20373723	20692035	0.038568	0.022436	0.015674	0.023613
Superscaffold4	20692078	20988044	-0.328354	-0.357348	-0.180005	-0.199267
Superscaffold4	20988119	21543477	-0.097523	-0.040836	-0.029505	-0.050114
Superscaffold4	21543496	22043191	0.144281	0.075167	0.048133	0.060274
Superscaffold4	22043370	22268431	-0.135508	-0.111414	-0.070047	-0.082305
Superscaffold4	22270496	22405155	-0.035007	-0.045114	-0.026164	-0.019111
Superscaffold4	22405212	22555267	0.033720	0.033893	0.020727	0.020558
Superscaffold4	22555307	22730697	-0.045305	-0.042666	-0.025948	-0.024885
Superscaffold4	22730870	22929557	-0.125461	-0.093145	-0.050445	-0.072125
Superscaffold4	22929558	23157899	-0.250100	-0.161639	-0.108397	-0.152978
Superscaffold4	23157988	23325247	-0.034571	-0.030011	-0.018784	-0.020587
Superscaffold4	23325576	23557296	-0.175790	-0.138805	-0.082085	-0.117804
Superscaffold4	23557517	23745754	-0.123117	-0.101350	-0.059945	-0.060739
Superscaffold4	23745766	24200350	-0.064248	-0.048563	-0.030028	-0.040572
Superscaffold4	24200373	24514644	-0.145433	-0.073681	-0.053207	-0.083798
Superscaffold4	24514768	24847758	-0.026370	-0.011100	-0.007922	-0.015427
Superscaffold4	24847888	25200233	0.076578	0.034699	0.023372	0.034701
Superscaffold4	25200389	25397798	-0.174963	-0.104629	-0.072876	-0.089146
Superscaffold4	25397861	25646732	0.187082	0.112990	0.086125	0.128013
Superscaffold4	25646883	25839252	-0.007698	-0.004699	-0.003212	-0.001293
Superscaffold4	25839387	26306254	-0.008846	-0.007701	-0.004569	-0.008423
Superscaffold4	26306293	26571343	-0.022540	-0.011331	-0.007633	-0.009001
Superscaffold4	26571459	26806087	0.080445	0.057156	0.042762	0.047509
Superscaffold4	26806124	26978792	0.272401	0.296280	0.205695	0.185717
Superscaffold4	26978815	27264085	-0.045960	-0.025276	-0.016347	-0.023968
Superscaffold4	27264222	27526358	0.040596	0.016925	0.012237	0.024111
Superscaffold4	27526405	27805816	0.245959	0.095445	0.071342	0.153797
Superscaffold4	27805894	28163224	-0.044193	-0.029816	-0.019255	-0.028650
Superscaffold4	28163299	28457961	0.021718	0.018933	0.011135	0.007670
Superscaffold4	28457987	28778604	0.042346	0.032437	0.020133	0.021361
Superscaffold4	28778629	28961034	0.133694	0.116259	0.076282	0.070038
Superscaffold4	28961050	29165963	0.137387	0.084632	0.056308	0.078751
Superscaffold4	29165975	29424379	-0.047435	-0.042666	-0.026062	-0.023320
Superscaffold4	29424383	29655895	-0.013605	-0.015482	-0.009113	-0.011529
Superscaffold4	29655937	29896545	0.260675	0.173541	0.115462	0.170915
Superscaffold4	29896559	30157294	0.040594	0.035689	0.022436	0.021216
Superscaffold4	30157299	30355312	-0.012789	-0.009428	-0.006021	-0.008830
Superscaffold4	30355314	30533315	0.084438	0.083861	0.052875	0.047179
Superscaffold4	30533327	30771954	-0.081048	-0.057500	-0.035934	-0.047377
Superscaffold4	30771963	31357398	-0.139285	-0.105473	-0.057415	-0.074329
Superscaffold4	31357401	32040275	-0.008840	-0.003510	-0.002580	-0.007328
Superscaffold4	32040287	32333748	0.016134	0.011024	0.006792	0.006163
Superscaffold4	32333749	32689934	0.094638	0.060783	0.038848	0.053101
Superscaffold4	32689955	33103601	0.102422	0.048479	0.033364	0.059227
Superscaffold4	33103619	33490934	-0.186786	-0.201528	-0.112929	-0.112267
Superscaffold4	33490969	33729735	0.020458	0.017064	0.008361	0.008293
Superscaffold4	33729762	34078715	0.020506	0.013385	0.008075	0.013436
Superscaffold4	34078821	34473870	0.102300	0.037943	0.028171	0.039173
Superscaffold4	34473887	34910199	0.033274	0.012605	0.009394	0.015826
Superscaffold4	34910373	35160914	-0.014744	-0.011167	-0.007539	-0.009130
Superscaffold4	35161109	35500781	-0.046625	-0.037576	-0.023622	-0.024999
Superscaffold4	35500926	35872888	0.060914	0.047888	0.024980	0.023386
Superscaffold4	35872923	36166756	-0.144850	-0.101934	-0.069906	-0.071392
Superscaffold4	36166798	36429560	-0.142559	-0.085307	-0.055134	-0.069905
Superscaffold4	36429567	36834699	-0.072871	-0.042991	-0.029215	-0.048009
Superscaffold4	36840897	37294363	0.212448	0.153667	0.101732	0.163124
Superscaffold4	37294607	37870410	-0.069463	-0.050483	-0.030446	-0.042817
Superscaffold4	37870467	38679731	-0.044378	-0.021219	-0.013609	-0.033262
Superscaffold4	38685050	39741034	-0.355202	-0.219498	-0.119701	-0.253895
Superscaffold4	39741101	39855099	-0.082596	-0.069404	-0.039897	-0.042281
Superscaffold4	39855180	40343448	-0.027373	-0.018077	-0.011479	-0.014144
Superscaffold4	40343469	40652782	0.109521	0.091152	0.057009	0.053131
Superscaffold4	40652825	40840893	-0.005284	-0.005681	-0.003220	-0.002251
Superscaffold4	40840908	41046402	0.007978	0.006216	0.003474	0.002487
Superscaffold4	41046404	41425599	-0.025186	-0.023616	-0.015434	-0.012904
Superscaffold4	41425866	41860336	-0.007762	-0.007422	-0.003877	-0.004418
Superscaffold4	41860543	42375592	0.012439	0.007732	0.005063	0.006678
Superscaffold4	42375670	42519530	-0.075791	-0.075180	-0.044272	-0.038122
Superscaffold4	42521257	43041418	-0.200099	-0.111044	-0.069877	-0.108460
Superscaffold4	43041505	43229493	-0.620080	-0.606928	-0.278066	-0.458002
Superscaffold4	43229501	43826148	-0.035716	-0.020019	-0.012066	-0.023373
Superscaffold4	43826156	43969599	-0.002909	-0.002512	-0.001576	-0.002568
Superscaffold4	43969659	44215423	-0.179509	-0.129976	-0.071328	-0.108972
Superscaffold4	44215440	44502829	-0.063232	-0.027720	-0.018215	-0.027857
Superscaffold4	44502924	45048383	-0.033303	-0.011769	-0.008757	-0.012682
Superscaffold4	45048454	45379487	-0.088734	-0.055813	-0.036878	-0.047979
Superscaffold4	45379506	45717599	-0.081834	-0.035597	-0.023804	-0.030732
Superscaffold4	45717643	46027099	-0.002311	-0.002222	-0.001220	-0.001584
Superscaffold4	46027129	46186577	-0.047924	-0.040169	-0.027573	-0.025604
Superscaffold4	46186592	46362010	-0.186504	-0.089348	-0.067788	-0.108865
Superscaffold4	46362049	46574756	-0.120777	-0.072007	-0.051438	-0.059681
Superscaffold4	46574763	46764949	-0.196937	-0.148567	-0.106191	-0.115418
Superscaffold4	46764960	47076334	0.130553	0.132644	0.091921	0.070254
Superscaffold4	47076344	47371793	-0.167936	-0.081249	-0.052521	-0.099306
Superscaffold4	47371837	47582040	0.147662	0.099798	0.075314	0.084640
Superscaffold4	47583316	47803048	0.149300	0.103177	0.068980	0.081786
Superscaffold4	47803103	48120266	0.045936	0.030934	0.019769	0.023682
Superscaffold4	48120292	48526687	-0.146383	-0.111844	-0.070378	-0.095345
Superscaffold4	48526694	49042693	0.098238	0.025917	0.021185	0.072104
Superscaffold4	49042737	49511299	0.109965	0.032628	0.024325	0.058155
Superscaffold4	49511368	49816108	0.050203	0.036025	0.024511	0.030440
Superscaffold4	49816136	50242070	-0.125023	-0.043912	-0.032874	-0.068828
Superscaffold4	50242357	50608731	-0.053084	-0.014014	-0.010712	-0.028399
Superscaffold4	50608750	50839439	-0.555144	-0.292286	-0.168474	-0.398568
Superscaffold4	50839455	51168078	-0.016392	-0.008159	-0.005801	-0.007815
Superscaffold4	51168106	51414550	0.112611	0.102009	0.058499	0.072698
Superscaffold4	51414632	51649059	0.089993	0.054874	0.036043	0.063409
Superscaffold4	51649102	52057376	0.402589	0.191335	0.104400	0.241991
Superscaffold4	52057442	52679401	0.635693	0.397807	0.198424	0.496312
Superscaffold4	52679459	53103203	0.405000	0.140459	0.093989	0.310355
Superscaffold4	53103534	54032409	-0.120069	-0.044579	-0.023987	-0.062634
Superscaffold4	54032510	54358223	0.019708	0.008209	0.005837	0.009630
Superscaffold4	54358226	54829462	0.059374	0.012125	0.009049	0.036699
Superscaffold4	54829505	55392538	-0.015800	-0.003459	-0.002209	-0.009495
Superscaffold4	55392563	55653445	-0.042423	-0.020233	-0.012527	-0.022977
Superscaffold4	55653448	55904108	0.014001	0.008210	0.005346	0.007942
Superscaffold4	55904334	56208981	-0.188392	-0.141513	-0.073241	-0.094651
Superscaffold4	56208995	56380779	0.048939	0.044586	0.024264	0.030146
Superscaffold4	56380881	56562786	-0.137714	-0.114256	-0.058542	-0.067278
Superscaffold4	56562844	56806758	-0.099969	-0.083464	-0.049903	-0.063927
Superscaffold4	56806763	56980475	-0.062025	-0.049021	-0.027925	-0.024670
Superscaffold4	56980496	57461273	-0.068887	-0.044314	-0.027285	-0.042520
Superscaffold4	57461316	58097632	-0.045081	-0.025689	-0.016275	-0.031577
Superscaffold4	58097800	58263407	0.090404	0.065349	0.049705	0.051557
Superscaffold4	58263452	58526879	-0.022745	-0.018724	-0.012718	-0.011178
Superscaffold4	58527004	58778541	0.160751	0.090137	0.063236	0.072784
Superscaffold4	58778642	59019173	-0.074649	-0.038911	-0.028819	-0.041571
Superscaffold4	59019238	59145941	0.053419	0.065520	0.036371	0.022710
Superscaffold4	59145979	59315154	0.076352	0.077556	0.048799	0.039006
Superscaffold4	59315192	59530376	0.012129	0.008160	0.005469	0.007337
Superscaffold4	59530379	59792422	0.200661	0.135199	0.092628	0.125952
Superscaffold4	59792581	60148462	0.044768	0.034807	0.021625	0.025434
Superscaffold4	60148463	61297784	0.059316	0.030562	0.016822	0.033817
Superscaffold4	61297811	61578901	0.087936	0.046091	0.031692	0.046144
Superscaffold4	61578977	61884055	-0.043417	-0.015372	-0.012701	-0.026814
Superscaffold4	61884077	62175464	-0.245255	-0.107477	-0.082375	-0.192554
Superscaffold4	62175465	62405643	-0.118671	-0.078162	-0.050482	-0.072863
Superscaffold4	62405646	62855784	-0.187990	-0.132862	-0.081892	-0.106487
Superscaffold4	62855825	63320640	0.005873	0.004217	0.002500	0.001231
Superscaffold4	63320645	63683543	-0.051830	-0.037316	-0.022640	-0.030031
Superscaffold4	63683751	63851770	-0.069707	-0.073821	-0.042124	-0.042287
Superscaffold4	63851922	64077503	0.016226	0.013303	0.008572	0.012130
Superscaffold4	64077534	64274080	-0.127525	-0.094668	-0.055026	-0.074228
Superscaffold4	64274096	64416337	0.162535	0.179519	0.093961	0.087098
Superscaffold4	64416342	64634614	-0.210499	-0.137813	-0.082982	-0.101097
Superscaffold4	64635346	65139038	-0.134859	-0.097838	-0.050403	-0.086098
Superscaffold4	65139056	65342337	-0.399859	-0.454050	-0.220071	-0.279977
Superscaffold4	65342536	66167629	0.032440	0.023999	0.014080	0.019109
Superscaffold4	66167630	66779677	-0.060197	-0.016337	-0.010778	-0.033048
Superscaffold4	66779746	67060171	-0.541345	-0.318181	-0.197514	-0.431288
Superscaffold4	67060219	67307536	-0.520421	-0.473517	-0.232661	-0.360588
Superscaffold4	67307632	67626622	0.036125	0.026371	0.016683	0.018140
Superscaffold4	67626631	68034358	-0.111945	-0.087943	-0.047978	-0.070371
Superscaffold4	68034376	68210235	-0.355448	-0.457191	-0.232623	-0.265180
Superscaffold4	68210277	68385803	0.106309	0.091980	0.052561	0.066334
Superscaffold4	68385826	68595499	-0.086358	-0.060388	-0.034009	-0.051175
Superscaffold4	68595937	68793602	0.004234	0.003125	0.002040	0.005941
Superscaffold4	68793608	69085167	0.111021	0.090661	0.058386	0.062032
Superscaffold4	69085209	69396052	-0.043439	-0.026883	-0.018086	-0.026000
Superscaffold4	69396355	69704548	-0.022428	-0.019502	-0.010762	-0.015296
Superscaffold4	69704614	69886462	-0.023047	-0.023621	-0.013097	-0.014107
Superscaffold4	69886473	70346600	0.150763	0.097120	0.062144	0.083261
Superscaffold4	70346637	70691879	0.025667	0.023452	0.013930	0.010072
Superscaffold4	70692943	70902382	-0.082381	-0.071138	-0.044438	-0.060770
Superscaffold4	70902468	71592153	0.278082	0.150542	0.098621	0.172923
Superscaffold4	71592171	72221842	0.058026	0.037205	0.026366	0.033843
Superscaffold4	72222377	72984738	0.034944	0.014213	0.009702	0.017403
Superscaffold4	72984829	73337291	0.072379	0.036853	0.023279	0.044110
Superscaffold4	73337364	73451545	0.087733	0.103006	0.051921	0.048851
Superscaffold4	73451605	73771846	-0.166906	-0.103860	-0.063917	-0.129809
Superscaffold4	73771862	74233607	0.115671	0.103540	0.060817	0.076382
Superscaffold4	74233640	74433087	0.053537	0.038202	0.026873	0.022967
Superscaffold4	74433126	74677092	0.045869	0.022429	0.016859	0.023239
Superscaffold4	74677138	74843922	-0.060733	-0.058815	-0.037776	-0.034214
Superscaffold4	74843934	75162922	0.205145	0.123386	0.082738	0.114148
Superscaffold4	75163004	75421546	0.034426	0.032539	0.019253	0.019265
Superscaffold4	75421574	75889011	0.191370	0.085609	0.058055	0.122346
Superscaffold4	75889030	76517504	0.041341	0.029898	0.015558	0.025052
Superscaffold4	76517609	76786823	-0.098001	-0.065752	-0.037639	-0.058406
Superscaffold4	76786824	77084660	0.127789	0.101416	0.054658	0.086025
Superscaffold4	77084710	77477603	-0.109333	-0.080531	-0.037978	-0.079682
Superscaffold4	77477647	77672956	-0.305035	-0.678661	-0.152762	-0.195754
Superscaffold4	77672968	77941554	-0.393440	-0.539470	-0.262510	-0.296127
Superscaffold4	77941599	78390880	0.076487	0.063443	0.038588	0.037782
Superscaffold4	78390923	78567029	0.109298	0.106432	0.067489	0.060580
Superscaffold4	78567036	78841180	0.013367	0.010229	0.005945	0.008804
Superscaffold4	78841246	79122428	0.260618	0.134050	0.095979	0.135892
Superscaffold4	79122429	79224362	-0.001579	-0.002604	-0.001523	-0.001800
Superscaffold4	79224414	79962871	0.033492	0.011320	0.008458	0.013688
Superscaffold4	79962873	80218207	0.027534	0.036312	0.018102	0.013769
Superscaffold4	80218254	80362046	-0.152426	-0.112665	-0.079975	-0.088253
Superscaffold4	80362630	80573331	-0.076754	-0.068209	-0.040698	-0.035063
Superscaffold4	80573342	80782700	-0.068254	-0.039156	-0.026045	-0.040487
Superscaffold4	80782855	81068442	0.079754	0.062785	0.037775	0.042029
Superscaffold4	81068621	81305650	0.085011	0.078840	0.046807	0.041540
Superscaffold4	81305665	81461453	0.118232	0.111051	0.076589	0.050395
Superscaffold4	81461454	81721140	0.278714	0.181706	0.129333	0.148802
Superscaffold4	81721162	82417209	0.097093	0.047160	0.028269	0.055239
Superscaffold4	82417210	82711280	-0.044033	-0.020037	-0.014219	-0.022869
Superscaffold4	82711326	82936704	-0.080245	-0.061267	-0.040318	-0.058732
Superscaffold4	82936776	83110544	-0.005492	-0.004134	-0.002624	-0.006965
Superscaffold4	83110700	83296986	0.036312	0.033280	0.017165	0.022051
Superscaffold4	83297075	83460793	-0.058725	-0.063201	-0.035896	-0.030775
Superscaffold4	83460850	83646472	-0.080804	-0.064523	-0.041006	-0.039499
Superscaffold4	83646481	84020962	-0.160246	-0.104374	-0.078022	-0.118146
Superscaffold4	84021129	84331022	-0.030237	-0.026174	-0.017371	-0.017441
Superscaffold4	84331253	84527304	-0.157774	-0.142431	-0.082434	-0.094431
Superscaffold4	84527310	84731002	0.023785	0.024231	0.013663	0.010982
Superscaffold4	84731026	84870548	0.189892	0.215554	0.137703	0.115966
Superscaffold4	84870569	85839884	-0.180009	-0.117311	-0.063572	-0.112181
Superscaffold4	85839922	86048816	-0.280302	-0.211508	-0.137607	-0.187746
Superscaffold4	86048863	86233671	-0.175456	-0.196541	-0.113743	-0.105089
Superscaffold4	86233723	86443403	0.131975	0.118705	0.074095	0.071917
Superscaffold4	86443865	87141125	0.075670	0.062450	0.038365	0.040824
Superscaffold5	139679	296592	0.020092	0.013110	0.006825	0.010428
Superscaffold5	296605	499801	-0.031082	-0.027750	-0.016134	-0.010220
Superscaffold5	499805	683672	-0.044344	-0.030617	-0.019799	-0.025173
Superscaffold5	683780	1049227	-0.048861	-0.031053	-0.019930	-0.025331
Superscaffold5	1049316	1254611	-0.291456	-0.197604	-0.123546	-0.146676
Superscaffold5	1254730	1540751	-0.263480	-0.176743	-0.101151	-0.158892
Superscaffold5	1540756	1837253	0.385230	0.367754	0.251799	0.273819
Superscaffold5	1837297	2046449	0.288078	0.346173	0.149438	0.195991
Superscaffold5	2046480	2212247	0.157373	0.172433	0.059823	0.073102
Superscaffold5	2212248	2463927	-0.113147	-0.093188	-0.051206	-0.083627
Superscaffold5	2464008	2852951	-0.258194	-0.173032	-0.109486	-0.127152
Superscaffold5	2852957	3090107	-0.249539	-0.195899	-0.114870	-0.159251
Superscaffold5	3090108	3311569	-0.142384	-0.130670	-0.069661	-0.085955
Superscaffold5	3311607	3646475	0.116694	0.047346	0.032313	0.063078
Superscaffold5	3646494	4104504	0.049695	0.019765	0.013494	0.021857
Superscaffold5	4104554	4704837	0.036705	0.024302	0.014805	0.017288
Superscaffold5	4704866	5437227	-0.182420	-0.096432	-0.060627	-0.123353
Superscaffold5	5437289	6294446	-0.031244	-0.008049	-0.005290	-0.016168
Superscaffold5	6294694	7110828	-0.192070	-0.077285	-0.044970	-0.114959
Superscaffold5	7111433	7419822	-0.221408	-0.131322	-0.074876	-0.124168
Superscaffold5	7420833	7673979	0.106498	0.052352	0.033977	0.056326
Superscaffold5	7674191	8163519	0.208158	0.105678	0.073741	0.106633
Superscaffold5	8163547	8513001	0.007085	0.004965	0.003011	0.011508
Superscaffold5	8513006	8730376	-0.001951	-0.002507	-0.001259	-0.002776
Superscaffold5	8730442	8897756	-0.166606	-0.181537	-0.084600	-0.095041
Superscaffold5	8897765	9100459	-0.117645	-0.143891	-0.063169	-0.052175
Superscaffold5	9100463	9268045	-0.095864	-0.078852	-0.045302	-0.057766
Superscaffold5	9268137	9538245	-0.052589	-0.022863	-0.015077	-0.028919
Superscaffold5	9538273	10217958	0.153753	0.081445	0.055074	0.068145
Superscaffold5	10218006	10678944	0.047797	0.038625	0.021897	0.024680
Superscaffold5	10678956	10807582	-0.319397	-0.408604	-0.186374	-0.233077
Superscaffold5	10807608	11058165	0.272519	0.143600	0.099187	0.178862
Superscaffold5	11058166	11511569	-0.076311	-0.043871	-0.024273	-0.038830
Superscaffold5	11511599	12227739	-0.188316	-0.222205	-0.089265	-0.092027
Superscaffold5	12227758	12626510	-0.095046	-0.098583	-0.046483	-0.052547
Superscaffold5	12626531	13644455	0.050497	0.027693	0.017469	0.032167
Superscaffold5	13644541	14121089	0.239304	0.196373	0.124463	0.154398
Superscaffold5	14121225	14323629	-0.077028	-0.097663	-0.042965	-0.037636
Superscaffold5	14323634	14575759	-0.139977	-0.151551	-0.078107	-0.068984
Superscaffold5	14576458	14813010	-0.223133	-0.237603	-0.100694	-0.141413
Superscaffold5	14813058	15007587	0.040745	0.031036	0.018288	0.022220
Superscaffold5	15007591	15308508	0.012464	0.007254	0.003659	0.010079
Superscaffold5	15308973	15658615	0.109941	0.090346	0.051841	0.064130
Superscaffold5	15658701	15991958	-0.109048	-0.061919	-0.037835	-0.069545
Superscaffold5	15992017	16330598	-0.159150	-0.094440	-0.060197	-0.099840
Superscaffold5	16330649	16558393	-0.174404	-0.126321	-0.082166	-0.077294
Superscaffold5	16558438	16758994	0.016139	0.018084	0.010066	0.006854
Superscaffold5	16759018	17048027	-0.104282	-0.065579	-0.044223	-0.068877
Superscaffold5	17048049	17411437	-0.193940	-0.110056	-0.058768	-0.114272
Superscaffold5	17411502	17651467	0.011673	0.012521	0.007136	0.001101
Superscaffold5	17651485	17985749	-0.035413	-0.022032	-0.014287	-0.019990
Superscaffold5	17985780	18123174	-0.113747	-0.118713	-0.067768	-0.064966
Superscaffold5	18123177	18291932	-0.197219	-0.195030	-0.102555	-0.103600
Superscaffold5	18291950	18620745	-0.253565	-0.140833	-0.093447	-0.144024
Superscaffold5	18620750	18991077	-0.064646	-0.037105	-0.023292	-0.026255
Superscaffold5	18992064	19240592	-0.174463	-0.104051	-0.068084	-0.091693
Superscaffold5	19240863	19478447	0.402203	0.310556	0.171894	0.263052
Superscaffold5	19478482	19765221	0.046081	0.022881	0.014137	0.022250
Superscaffold5	19765297	19999892	-0.051861	-0.032901	-0.020141	-0.024823
Superscaffold5	19999933	20288474	-0.055796	-0.038779	-0.020899	-0.026896
Superscaffold5	20288500	20559222	-0.052327	-0.036494	-0.020346	-0.031370
Superscaffold5	20559234	20988867	-0.128624	-0.084071	-0.052520	-0.069825
Superscaffold5	20989147	21329169	-0.165516	-0.091625	-0.057052	-0.087981
Superscaffold5	21329341	21602617	-0.095965	-0.053697	-0.031176	-0.044129
Superscaffold5	21602711	21901555	-0.078855	-0.053911	-0.031765	-0.042026
Superscaffold5	21901579	22052690	-0.260076	-0.200711	-0.123683	-0.158298
Superscaffold5	22052714	22406141	-0.011315	-0.007216	-0.003523	-0.005039
Superscaffold5	22406153	22879808	0.207015	0.129703	0.089218	0.119908
Superscaffold5	22879917	23153794	-0.111913	-0.122024	-0.071559	-0.066336
Superscaffold5	23153863	23324460	-0.360752	-0.232278	-0.145988	-0.192250
Superscaffold5	23324683	23848023	-0.100333	-0.053270	-0.035239	-0.060821
Superscaffold5	23848051	24387015	-0.003729	-0.003015	-0.001476	-0.002364
Superscaffold5	24387045	24685393	-0.014981	-0.008185	-0.005309	-0.007667
Superscaffold5	24685767	25141451	0.000723	0.000158	0.000119	-0.000879
Superscaffold5	25141529	25452155	0.264822	0.126099	0.094310	0.148735
Superscaffold5	25452213	25874348	0.061250	0.027561	0.017041	0.031168
Superscaffold5	25874356	26488121	0.125295	0.058707	0.036450	0.071301
Superscaffold5	26488188	27218105	0.031771	0.019119	0.012243	0.016999
Superscaffold5	27218122	27552681	0.088824	0.054713	0.035019	0.053997
Superscaffold5	27552685	27841325	0.168944	0.113225	0.071758	0.108106
Superscaffold5	27841358	28231527	-0.611234	-0.713623	-0.295149	-0.449785
Superscaffold5	28231648	28409094	-0.341531	-0.491599	-0.232109	-0.232015
Superscaffold5	28409148	28631069	-0.091053	-0.052594	-0.032636	-0.037302
Superscaffold5	28631078	28878390	-0.278654	-0.186269	-0.109232	-0.140520
Superscaffold5	28878912	29121308	-0.087574	-0.041293	-0.022878	-0.053855
Superscaffold5	29121428	29357686	-0.453216	-0.281882	-0.144748	-0.286387
Superscaffold5	29357788	29730561	0.108759	0.027427	0.019822	0.064455
Superscaffold5	29730576	29905082	0.210085	0.175145	0.098297	0.135272
Superscaffold5	29905259	30040042	-0.040423	-0.032252	-0.019407	-0.024207
Superscaffold5	30040057	30185134	0.016710	0.020471	0.011769	0.010230
Superscaffold5	30185140	30365995	0.075691	0.053676	0.036507	0.038187
Superscaffold5	30366009	30862220	-0.262560	-0.097523	-0.063833	-0.141954
Superscaffold5	30862256	31203348	-0.047892	-0.024610	-0.013052	-0.030699
Superscaffold5	31203459	31467534	-0.243706	-0.099541	-0.066010	-0.118885
Superscaffold5	31467607	31680502	-0.362089	-0.202990	-0.139495	-0.163684
Superscaffold5	31682749	32059994	0.041350	0.017674	0.012296	0.016175
Superscaffold5	32059997	32256620	0.575927	0.273829	0.191849	0.340816
Superscaffold5	32256635	32839617	-0.186202	-0.117706	-0.055959	-0.117644
Superscaffold5	32839719	33020461	-0.063769	-0.055305	-0.028894	-0.044778
Superscaffold5	33020484	33188423	-0.001773	-0.001344	-0.000833	0.009647
Superscaffold5	33188457	33598556	-0.087245	-0.048459	-0.029706	-0.044728
Superscaffold5	33599465	34037899	-0.355958	-0.038754	-0.034178	-0.220790
Superscaffold5	34037944	34453875	-0.247746	-0.041945	-0.034823	-0.144160
Superscaffold5	34453879	34732312	-0.101069	-0.038030	-0.024514	-0.049276
Superscaffold5	34732364	35066653	-0.099550	-0.043838	-0.027896	-0.060120
Superscaffold5	35067000	35432789	0.072754	0.020728	0.015844	0.041630
Superscaffold5	35432805	35730845	0.167013	0.082722	0.047441	0.089029
Superscaffold5	35730970	36180860	0.153992	0.032525	0.024195	0.088046
Superscaffold5	36182038	36586375	0.026571	0.010865	0.006120	0.017829
Superscaffold5	36586388	36811063	-0.077832	-0.038737	-0.025169	-0.046475
Superscaffold5	36811070	37145370	-0.169829	-0.124674	-0.073071	-0.096427
Superscaffold5	37145406	37369591	-0.396965	-0.366970	-0.183345	-0.236951
Superscaffold5	37369644	37578422	0.029071	0.013521	0.008209	0.014754
Superscaffold5	37578453	37935683	-0.026917	-0.008817	-0.006080	-0.014540
Superscaffold5	37935747	38230722	-0.054351	-0.031481	-0.019580	-0.031357
Superscaffold5	38230743	38527950	-0.018649	-0.009440	-0.006050	-0.011076
Superscaffold5	38527958	38819669	0.015633	0.009811	0.005726	0.007528
Superscaffold5	38819709	39413965	0.016127	0.009464	0.006233	0.002160
Superscaffold5	39414046	39806485	0.392832	0.288565	0.168704	0.284671
Superscaffold5	39806496	40190645	-0.311834	-0.163940	-0.103588	-0.169729
Superscaffold5	40190656	40844660	-0.009007	-0.004416	-0.003100	-0.008392
Superscaffold5	40844705	41399319	-0.131733	-0.099552	-0.059075	-0.070546
Superscaffold5	41399479	41899478	-0.235140	-0.145549	-0.089114	-0.152909
Superscaffold5	41899518	42278047	-0.271932	-0.093677	-0.061869	-0.189815
Superscaffold5	42278545	42788912	-0.065850	-0.026015	-0.015555	-0.037895
Superscaffold5	42788963	43050966	-0.055670	-0.042031	-0.025407	-0.026120
Superscaffold5	43051003	43269801	-0.168682	-0.106708	-0.071489	-0.104160
Superscaffold5	43269808	43608481	-0.005950	-0.002488	-0.001777	-0.010580
Superscaffold5	43608486	43781501	-0.444396	-0.366354	-0.206646	-0.320939
Superscaffold5	43781566	43967683	0.159901	0.121637	0.079428	0.088452
Superscaffold5	43967693	44245770	0.030464	0.022665	0.014636	0.017447
Superscaffold5	44245779	44509847	-0.094201	-0.054418	-0.037932	-0.052233
Superscaffold5	44509852	44715815	-0.131802	-0.095976	-0.065255	-0.073448
Superscaffold5	44715835	44942982	-0.136218	-0.069641	-0.047134	-0.072324
Superscaffold5	44943017	45331327	0.067272	0.050398	0.031243	0.037545
Superscaffold5	45331374	45630605	-0.029992	-0.023592	-0.012311	-0.019348
Superscaffold5	45630618	45848463	0.008040	0.006241	0.004299	0.003008
Superscaffold5	45848555	46250485	-0.038701	-0.023962	-0.015699	-0.022022
Superscaffold5	46250492	46651502	0.021520	0.017773	0.008687	0.012747
Superscaffold5	46651517	46878696	-0.078720	-0.055879	-0.032340	-0.039165
Superscaffold5	46878697	47344545	0.012705	0.004044	0.003056	0.005935
Superscaffold5	47359398	47645983	0.009508	0.005824	0.003226	0.005591
Superscaffold5	47646123	47933993	-0.087235	-0.058542	-0.030734	-0.049839
Superscaffold5	47933997	48235373	0.188475	0.081455	0.049457	0.116106
Superscaffold5	48235375	48619447	-0.065588	-0.023778	-0.015671	-0.033778
Superscaffold5	48619509	49072716	-0.177602	-0.085795	-0.054033	-0.105811
Superscaffold5	49072746	49572124	0.005946	0.002906	0.002078	0.008638
Superscaffold5	49572154	50041662	-0.108355	-0.060929	-0.036129	-0.047114
Superscaffold5	50041751	50438889	-0.141169	-0.081172	-0.049778	-0.080141
Superscaffold5	50438922	50646848	-0.003897	-0.002732	-0.001568	-0.002539
Superscaffold5	50646860	50918932	0.645997	0.450878	0.223465	0.483840
Superscaffold5	50918991	51124744	0.220239	0.110072	0.069422	0.149054
Superscaffold5	51124756	51525294	-0.194137	-0.088551	-0.056583	-0.100096
Superscaffold5	51525321	51767474	-0.210887	-0.155180	-0.081735	-0.103709
Superscaffold5	51767491	52162018	0.036379	0.023318	0.014708	0.014375
Superscaffold5	52162211	52439438	-0.042713	-0.023220	-0.015559	-0.022725
Superscaffold5	52439658	52690301	0.153148	0.086708	0.055365	0.079642
Superscaffold5	52690421	52851333	-0.011438	-0.007930	-0.005458	-0.007860
Superscaffold5	52851471	53040035	-0.070152	-0.063249	-0.037378	-0.035000
Superscaffold5	53040042	53217313	0.317452	0.216289	0.142843	0.190443
Superscaffold5	53217314	53421316	-0.431279	-0.439797	-0.212855	-0.268681
Superscaffold5	53421317	53694496	-0.293940	-0.232557	-0.126460	-0.201438
Superscaffold5	53694498	54053474	-0.188580	-0.144696	-0.074695	-0.101644
Superscaffold5	54053511	54702037	-0.171916	-0.104361	-0.066643	-0.098666
Superscaffold5	54702074	55431082	0.064322	0.041442	0.026870	0.039621
Superscaffold5	55431084	55860101	-0.015557	-0.009212	-0.005124	-0.008828
Superscaffold5	55860111	56115393	-0.068165	-0.042600	-0.026941	-0.038422
Superscaffold5	56115394	56313056	0.073480	0.058370	0.038326	0.040260
Superscaffold5	56313140	56763981	0.150230	0.065654	0.044743	0.080921
Superscaffold5	56764015	57045293	-0.080490	-0.052801	-0.032601	-0.045028
Superscaffold5	57045294	57442407	0.005006	0.002366	0.001472	0.004859
Superscaffold5	57442423	57739347	-0.091010	-0.048339	-0.030396	-0.045814
Superscaffold5	57739348	58090698	-0.120153	-0.053537	-0.036276	-0.075033
Superscaffold5	58090714	58621430	0.213031	0.062234	0.050235	0.145173
Superscaffold5	58621431	58968222	-0.102437	-0.043462	-0.024427	-0.054645
Superscaffold5	58973930	59227566	0.173508	0.091400	0.052838	0.087048
Superscaffold5	59227578	59593158	0.089562	0.040810	0.023842	0.062171
Superscaffold5	59593254	60198885	-0.170307	-0.072783	-0.042860	-0.089755
Superscaffold5	60199439	60797369	0.034263	0.013652	0.009241	0.017641
Superscaffold5	60797412	61398914	0.028062	0.009145	0.007303	0.015937
Superscaffold5	61398932	61681393	-0.117273	-0.064746	-0.040260	-0.081268
Superscaffold5	61681416	62135052	0.066067	0.024488	0.016420	0.036638
Superscaffold5	62135073	62408563	-0.196890	-0.086569	-0.057271	-0.118145
Superscaffold5	62408571	62801250	-0.067111	-0.021631	-0.015784	-0.034483
Superscaffold5	62801272	63164069	-0.106975	-0.062865	-0.039469	-0.059008
Superscaffold5	63164165	63442521	-0.056375	-0.027809	-0.019558	-0.030322
Superscaffold5	63442653	63671600	-0.173697	-0.131746	-0.062681	-0.098913
Superscaffold5	63671668	63812812	0.296832	0.256736	0.178435	0.192831
Superscaffold5	63812822	64124864	0.273594	0.227525	0.100842	0.155050
Superscaffold5	64124934	64766292	0.044416	0.019539	0.013298	0.025936
Superscaffold5	64766542	65065866	0.045645	0.025191	0.013338	0.019475
Superscaffold5	65065967	65482066	-0.272442	-0.096864	-0.063928	-0.135465
Superscaffold5	65482105	65889033	-0.293124	-0.142491	-0.079211	-0.182152
Superscaffold5	65889648	66318224	0.203171	0.114375	0.063055	0.124742
Superscaffold5	66318247	66665869	-0.076128	-0.037905	-0.024340	-0.031749
Superscaffold5	66665874	66990712	-0.082725	-0.044223	-0.031986	-0.051345
Superscaffold5	66990729	67463699	0.050239	0.017025	0.012087	0.028977
Superscaffold5	67463729	68265301	0.104373	0.062113	0.039749	0.064077
Superscaffold5	68265302	68684452	-0.405581	-0.342085	-0.173464	-0.234709
Superscaffold5	68684461	69597640	-0.252442	-0.191512	-0.112477	-0.146665
Superscaffold5	69597655	69964789	-0.089169	-0.068048	-0.044331	-0.055725
Superscaffold5	69964802	70227016	0.149399	0.094927	0.064563	0.060147
Superscaffold5	70230327	70961120	-0.359522	-0.187684	-0.119140	-0.241340
Superscaffold5	70961130	71322637	-0.096222	-0.066404	-0.035195	-0.053097
Superscaffold5	71322689	71561505	-0.061768	-0.043981	-0.026940	-0.028125
Superscaffold5	71561519	72143387	0.013699	0.010142	0.006525	0.009958
Superscaffold5	72143417	72450701	0.096994	0.056541	0.036330	0.057263
Superscaffold5	72453086	73046165	-0.080594	-0.045798	-0.026325	-0.046841
Superscaffold5	73046268	73211760	-0.149783	-0.108028	-0.058161	-0.089413
Superscaffold5	73211788	73380109	0.064517	0.057828	0.034895	0.035319
Superscaffold5	73380123	73737525	0.240156	0.187155	0.108761	0.154724
Superscaffold5	73737557	74011380	0.257798	0.135092	0.099824	0.142378
Superscaffold5	74011660	74390311	-0.047387	-0.022833	-0.015133	-0.022383
Superscaffold5	74390421	74686781	-0.091694	-0.057950	-0.035069	-0.051021
Superscaffold5	74686847	75001903	0.115080	0.074071	0.042919	0.062201
Superscaffold5	75002013	75512272	0.344111	0.262981	0.150925	0.232448
Superscaffold5	75512278	75813029	-0.092535	-0.090920	-0.051026	-0.052045
Superscaffold5	75813032	76021568	-0.153108	-0.119597	-0.066958	-0.086290
Superscaffold5	76021569	76191244	-0.030196	-0.024657	-0.015579	-0.017650
Superscaffold5	76191779	76388367	-0.306426	-0.257482	-0.155293	-0.221293
Superscaffold5	76388368	76636956	0.057703	0.044173	0.023111	0.025536
Superscaffold5	76636997	76807151	0.117817	0.090692	0.062728	0.058329
Superscaffold5	76807220	77123299	-0.127790	-0.118369	-0.057924	-0.067446
Superscaffold5	77123324	77271180	0.036495	0.029404	0.015867	0.024544
Superscaffold5	77271185	77551727	-0.099419	-0.101863	-0.048678	-0.056437
Superscaffold5	77551805	77757269	0.046154	0.034762	0.022317	0.023819
Superscaffold5	77757275	77945083	0.026008	0.030360	0.015133	0.017735
Superscaffold5	77945356	78139633	-0.078203	-0.058769	-0.031097	-0.048893
Superscaffold5	78139656	78320064	0.098519	0.063820	0.038089	0.045734
Superscaffold5	78320069	78784169	-0.003707	-0.001413	-0.000900	-0.004033
Superscaffold5	78784205	79091955	-0.095358	-0.030985	-0.021159	-0.059473
Superscaffold5	79091961	79403611	-0.100229	-0.085401	-0.044938	-0.056288
Superscaffold5	79403879	79641902	0.266060	0.206728	0.130477	0.156550
Superscaffold5	79641915	79963904	-0.055143	-0.052581	-0.028109	-0.033017
Superscaffold5	79963971	80153327	0.321984	0.299142	0.175149	0.200742
Superscaffold5	80153343	80299175	-0.032080	-0.037670	-0.022165	-0.019612
Superscaffold5	80299186	80560854	-0.047698	-0.038248	-0.023585	-0.030798
Superscaffold5	80561085	80925375	0.075830	0.041098	0.023707	0.040773
Superscaffold5	80925391	81182593	-0.126186	-0.140269	-0.066377	-0.070806
Superscaffold5	81182794	81496626	-0.031455	-0.034562	-0.018500	-0.018712
Superscaffold5	81496634	81742820	-0.071313	-0.087900	-0.041241	-0.041037
Superscaffold5	81742863	81927035	0.003327	0.003101	0.001873	0.003119
Superscaffold5	81927061	82200657	-0.128325	-0.136428	-0.061395	-0.070776
Superscaffold5	82200668	82346339	-0.163676	-0.203472	-0.106565	-0.102143
Superscaffold6	17140	289799	-0.208801	-0.239472	-0.127313	-0.112892
Superscaffold6	289806	503946	-0.093311	-0.094118	-0.055346	-0.048679
Superscaffold6	503972	750375	-0.327118	-0.290807	-0.130827	-0.190841
Superscaffold6	750524	979897	-0.107648	-0.077225	-0.056410	-0.055962
Superscaffold6	980080	1212503	0.044328	0.042523	0.025757	0.021187
Superscaffold6	1212585	1386021	0.012410	0.010976	0.007427	0.005689
Superscaffold6	1386023	1667523	-0.469125	-0.478975	-0.217400	-0.291179
Superscaffold6	1667648	2047611	-0.175235	-0.084708	-0.058206	-0.090670
Superscaffold6	2047677	2250355	0.019510	0.017801	0.010415	0.011114
Superscaffold6	2250471	2479024	-0.052112	-0.035175	-0.020264	-0.029630
Superscaffold6	2479053	2745073	-0.096057	-0.071194	-0.041210	-0.046383
Superscaffold6	2745117	3140940	-0.133434	-0.066148	-0.040653	-0.076948
Superscaffold6	3140972	3491864	0.016496	0.006658	0.004809	0.009132
Superscaffold6	3491886	3844597	-0.170461	-0.094233	-0.052997	-0.100791
Superscaffold6	3844686	4156196	-0.022321	-0.009995	-0.007193	-0.011233
Superscaffold6	4156252	4871602	-0.050671	-0.030226	-0.018438	-0.034937
Superscaffold6	4871690	5063285	-0.312631	-0.180941	-0.109288	-0.194506
Superscaffold6	5063357	5358366	-0.010348	-0.005507	-0.003806	-0.004476
Superscaffold6	5358407	5625677	-0.178551	-0.091415	-0.062009	-0.076001
Superscaffold6	5625722	6164125	0.245459	0.116526	0.074691	0.174391
Superscaffold6	6164242	6460754	-0.029751	-0.014726	-0.009466	-0.021977
Superscaffold6	6460804	6656671	-0.168347	-0.086169	-0.053787	-0.124617
Superscaffold6	6656706	6899216	-0.189615	-0.112014	-0.073018	-0.104841
Superscaffold6	6899285	7047030	-0.204143	-0.189898	-0.133266	-0.140174
Superscaffold6	7047036	7346872	-0.203604	-0.105775	-0.070408	-0.099268
Superscaffold6	7346959	7704144	-0.054972	-0.029541	-0.019413	-0.032111
Superscaffold6	7704281	8039952	-0.228997	-0.097989	-0.061736	-0.124968
Superscaffold6	8040315	8220614	-0.011350	-0.006251	-0.004458	-0.007695
Superscaffold6	8220678	8376695	0.002108	0.001781	0.001201	0.004267
Superscaffold6	8376766	8547123	0.086453	0.085656	0.047624	0.046945
Superscaffold6	8547149	8903710	0.107637	0.071457	0.046250	0.058723
Superscaffold6	8903714	9315182	-0.162841	-0.128470	-0.053825	-0.110928
Superscaffold6	9315214	9623525	0.429244	0.285731	0.186816	0.334559
Superscaffold6	9624221	10003172	-0.027439	-0.010706	-0.007427	-0.016504
Superscaffold6	10003199	10346329	-0.453049	-0.191181	-0.115224	-0.271434
Superscaffold6	10346371	10638815	-0.107870	-0.065543	-0.035184	-0.059771
Superscaffold6	10638872	11305029	0.015035	0.009606	0.005531	0.005586
Superscaffold6	11305031	11633423	0.030023	0.013335	0.008903	0.016567
Superscaffold6	11633481	12048249	-0.155248	-0.053366	-0.040069	-0.072740
Superscaffold6	12048366	12528871	-0.028833	-0.010154	-0.007060	-0.014284
Superscaffold6	12528902	13096777	-0.139828	-0.064847	-0.043168	-0.077916
Superscaffold6	13096796	13677079	0.015168	0.004939	0.003002	0.008529
Superscaffold6	13677514	14089896	0.045924	0.013716	0.009991	0.024622
Superscaffold6	14089996	14530755	0.116178	0.055580	0.032709	0.068003
Superscaffold6	14535189	14749918	0.269671	0.187164	0.130483	0.127587
Superscaffold6	14750530	15079929	-0.035642	-0.014089	-0.009695	-0.019658
Superscaffold6	15080032	15469848	-0.026568	-0.016004	-0.007924	-0.020129
Superscaffold6	15469869	15894075	-0.293500	-0.078492	-0.050866	-0.189114
Superscaffold6	15894090	16201185	-0.273008	-0.098027	-0.068009	-0.171978
Superscaffold6	16201274	16820577	-0.017693	-0.002127	-0.001759	-0.008236
Superscaffold6	16820639	17453799	-0.062757	-0.016064	-0.011039	-0.031535
Superscaffold6	17453864	17964613	0.231148	0.069140	0.047835	0.167185
Superscaffold6	17965144	18431228	0.138741	0.037637	0.029708	0.075842
Superscaffold6	18431321	18843212	0.070449	0.017411	0.014002	0.045493
Superscaffold6	18843227	19403618	-0.084365	-0.021768	-0.014297	-0.040599
Superscaffold6	19403656	19783836	-0.056728	-0.021823	-0.013504	-0.036247
Superscaffold6	19784910	20204274	-0.087945	-0.033018	-0.022956	-0.058362
Superscaffold6	20204319	20498147	0.045446	0.019023	0.013229	0.019592
Superscaffold6	20498161	20854094	-0.062100	-0.022284	-0.015213	-0.044653
Superscaffold6	20854353	21206509	-0.275056	-0.117784	-0.077254	-0.181906
Superscaffold6	21206530	21749149	-0.336209	-0.087051	-0.062149	-0.203856
Superscaffold6	21749279	22291670	-0.109235	-0.034178	-0.024097	-0.053277
Superscaffold6	22291674	22574009	0.134823	0.047690	0.026466	0.062555
Superscaffold6	22574122	23104194	0.162571	0.048743	0.031025	0.121573
Superscaffold6	23104204	23587690	0.019078	0.007128	0.004791	0.011893
Superscaffold6	23590131	24358638	-0.091250	-0.018406	-0.012744	-0.058113
Superscaffold6	24358713	24894807	-0.484668	-0.173845	-0.112613	-0.385923
Superscaffold6	24894884	25317918	-0.203676	-0.105659	-0.057755	-0.065536
Superscaffold6	25317920	25501787	-0.051390	-0.036393	-0.025715	-0.022665
Superscaffold6	25501791	26020237	-0.006741	-0.001782	-0.001261	-0.002868
Superscaffold6	26020514	26485688	0.120499	0.034271	0.025606	0.074751
Superscaffold6	26485701	26821809	0.115225	0.048065	0.034838	0.058000
Superscaffold6	26821816	27299638	0.198905	0.049547	0.035872	0.135204
Superscaffold6	27300042	27783926	0.079668	0.018165	0.013409	0.045723
Superscaffold6	27784002	28307060	-0.077843	-0.020828	-0.016444	-0.044720
Superscaffold6	28307137	28748625	0.213275	0.051039	0.039167	0.151994
Superscaffold6	28748632	29125395	0.156672	0.052779	0.038517	0.085026
Superscaffold6	29125626	29645364	-0.033584	-0.011346	-0.007793	-0.018528
Superscaffold6	29645592	29973179	-0.185748	-0.141589	-0.074835	-0.132015
Superscaffold6	29973698	30785654	0.049708	0.017176	0.012245	0.022911
Superscaffold6	30785755	31136132	-0.469808	-0.234598	-0.148035	-0.279538
Superscaffold6	31137852	31374161	0.128079	0.066599	0.042522	0.070749
Superscaffold6	31374162	31652348	0.142390	0.080293	0.052036	0.084321
Superscaffold6	31652357	31899446	-0.211067	-0.122472	-0.075938	-0.128138
Superscaffold6	31900248	32112755	-0.361209	-0.122042	-0.086142	-0.235863
Superscaffold6	32112756	32370683	-0.513943	-0.191017	-0.126890	-0.351956
Superscaffold6	32370760	32745267	-0.162347	-0.039582	-0.029859	-0.087598
Superscaffold6	32745284	32938309	-0.087644	-0.060959	-0.034384	-0.045894
Superscaffold6	32938481	33243889	0.597018	0.439364	0.260952	0.457869
Superscaffold6	33243938	33841468	0.105969	0.049131	0.033189	0.065071
Superscaffold6	33841546	34259902	0.035322	0.012602	0.008494	0.020701
Superscaffold6	34259987	34792656	-0.317263	-0.132745	-0.081983	-0.204565
Superscaffold6	34792694	35199583	-0.406778	-0.208842	-0.119237	-0.295321
Superscaffold6	35199587	35667027	-0.255171	-0.232329	-0.109081	-0.148647
Superscaffold6	35667049	35956201	-0.034390	-0.020808	-0.011342	-0.019326
Superscaffold6	35956251	36245271	-0.265718	-0.103325	-0.065985	-0.144850
Superscaffold6	36245272	36602485	-0.405551	-0.175176	-0.101959	-0.263996
Superscaffold6	36602529	36991310	0.005900	0.002082	0.001324	0.002285
Superscaffold6	36991434	37431513	-0.114305	-0.046816	-0.027485	-0.079424
Superscaffold6	37431520	37954391	0.230001	0.085991	0.058905	0.135380
Superscaffold6	37954640	38223796	-0.001357	-0.001062	-0.000477	0.001448
Superscaffold6	38223913	38601363	-0.214157	-0.081588	-0.057128	-0.137894
Superscaffold6	38601406	39084713	-0.169197	-0.050654	-0.034156	-0.118367
Superscaffold6	39084754	39440788	-0.370531	-0.154933	-0.100375	-0.263891
Superscaffold6	39440791	39802560	0.042688	0.017030	0.011981	0.019528
Superscaffold6	39802598	40084535	0.020769	0.011576	0.006828	0.008691
Superscaffold6	40084808	40645189	0.025085	0.010865	0.007327	0.013080
Superscaffold6	40645198	41038968	-0.053665	-0.028533	-0.018430	-0.031160
Superscaffold6	41038973	41350739	0.003041	0.001789	0.001207	0.000919
Superscaffold6	41350742	41630539	-0.308437	-0.184876	-0.099543	-0.177183
Superscaffold6	41630814	42097341	-0.201970	-0.068013	-0.042999	-0.111718
Superscaffold6	42097380	42429341	0.091744	0.052647	0.035580	0.049021
Superscaffold6	42429572	42803296	-0.125481	-0.070817	-0.042473	-0.078269
Superscaffold6	42803324	43011545	-0.094471	-0.067833	-0.042183	-0.047455
Superscaffold6	43012017	43353964	-0.061385	-0.032841	-0.021783	-0.031798
Superscaffold6	43353993	43619586	-0.177885	-0.092167	-0.064848	-0.107557
Superscaffold6	43619626	43917687	-0.066881	-0.036480	-0.023437	-0.033608
Superscaffold6	43917714	44283074	-0.271937	-0.106957	-0.070909	-0.153307
Superscaffold6	44283178	44608009	-0.546491	-0.280393	-0.163163	-0.381694
Superscaffold6	44608525	45013581	-0.037487	-0.013894	-0.010734	-0.018658
Superscaffold6	45013656	45431544	-0.095136	-0.030321	-0.021983	-0.050387
Superscaffold6	45431707	45713945	0.153584	0.070391	0.048222	0.107898
Superscaffold6	45714538	45951897	0.085719	0.047697	0.035196	0.052054
Superscaffold6	45951934	46266851	0.049691	0.039801	0.023777	0.027335
Superscaffold6	46266861	46487611	0.048836	0.040461	0.024749	0.027360
Superscaffold6	46487615	46890537	0.043571	0.024647	0.016271	0.024012
Superscaffold6	46890548	47220739	0.009832	0.004866	0.003344	0.006203
Superscaffold6	47220837	47540448	-0.079325	-0.039207	-0.027355	-0.032458
Superscaffold6	47540543	47921706	-0.227639	-0.094341	-0.063913	-0.119585
Superscaffold6	47921738	48565553	-0.125143	-0.098769	-0.050702	-0.073736
Superscaffold6	48565572	48869167	-0.010309	-0.006651	-0.003936	-0.007216
Superscaffold6	48869204	49051842	-0.015328	-0.009867	-0.006608	-0.008164
Superscaffold6	49051956	49355290	0.053558	0.041774	0.020358	0.026501
Superscaffold6	49355329	49528266	-0.096727	-0.079542	-0.043135	-0.046929
Superscaffold6	49528270	49971963	-0.012413	-0.004884	-0.003243	-0.004328
Superscaffold6	49971996	50244649	-0.040261	-0.034995	-0.019975	-0.020922
Superscaffold6	50244665	50602584	0.060240	0.030452	0.020152	0.025463
Superscaffold6	50602585	50906378	-0.166446	-0.085869	-0.048980	-0.095311
Superscaffold6	50906575	51179858	0.110122	0.050714	0.035261	0.055886
Superscaffold6	51179958	51782915	-0.167369	-0.111169	-0.064033	-0.106624
Superscaffold6	51782993	52098469	-0.102429	-0.053345	-0.035044	-0.055357
Superscaffold6	52098555	52389555	-0.120632	-0.077733	-0.045510	-0.068484
Superscaffold6	52389575	52598294	-0.251202	-0.149651	-0.100455	-0.151008
Superscaffold6	52598567	52855574	-0.001755	-0.001597	-0.000953	-0.004449
Superscaffold6	52855588	53145393	-0.002392	-0.001199	-0.000783	0.001103
Superscaffold6	53145405	53600713	-0.059897	-0.027718	-0.016392	-0.042561
Superscaffold7	196368	431250	0.067280	0.077855	0.046466	0.034186
Superscaffold7	431310	604595	-0.129522	-0.166295	-0.080815	-0.056710
Superscaffold7	604749	918346	-0.007557	-0.008522	-0.004526	-0.003435
Superscaffold7	918401	1067294	-0.085285	-0.134812	-0.070913	-0.048444
Superscaffold7	1067304	1170082	0.056180	0.076332	0.042928	0.030846
Superscaffold7	1170103	1340876	-0.085331	-0.095408	-0.053207	-0.044953
Superscaffold7	1341062	1553796	-0.061685	-0.046784	-0.028642	-0.032159
Superscaffold7	1553806	1688620	-0.090209	-0.086538	-0.053773	-0.053951
Superscaffold7	1688637	1877037	-0.063114	-0.059461	-0.034879	-0.031243
Superscaffold7	1877068	2194438	-0.168150	-0.146490	-0.078239	-0.089949
Superscaffold7	2194440	2560549	0.178005	0.143842	0.095316	0.123954
Superscaffold7	2560565	2955582	-0.286141	-0.259831	-0.144123	-0.178435
Superscaffold7	2955650	3275358	-0.442018	-0.285748	-0.156788	-0.300798
Superscaffold7	3275734	3603619	-0.343187	-0.301863	-0.167564	-0.236947
Superscaffold7	3603666	3801291	0.103236	0.100709	0.068728	0.050007
Superscaffold7	3801512	4108997	0.539863	0.354020	0.257857	0.365468
Superscaffold7	4109427	4410606	0.249932	0.211128	0.138931	0.138536
Superscaffold7	4410724	4591556	0.122489	0.143241	0.069296	0.067074
Superscaffold7	4591596	4788603	-0.226404	-0.190990	-0.120126	-0.103034
Superscaffold7	4788614	4948867	0.018384	0.021820	0.013767	0.007478
Superscaffold7	4949052	5189035	0.000043	0.000039	0.000024	-0.001290
Superscaffold7	5189068	5329647	0.043458	0.046714	0.029920	0.024280
Superscaffold7	5329674	5551621	0.038560	0.040170	0.022745	0.022124
Superscaffold7	5551630	5689940	0.127728	0.124301	0.075974	0.072640
Superscaffold7	5690225	5823621	0.062918	0.078244	0.044217	0.032358
Superscaffold7	5823687	6023387	0.048841	0.059652	0.034205	0.029824
Superscaffold7	6023390	6163625	0.120236	0.133243	0.081665	0.067514
Superscaffold7	6163631	6333614	0.052029	0.056213	0.035382	0.023939
Superscaffold7	6333701	6828186	0.112566	0.072999	0.049301	0.066304
Superscaffold7	6828194	7324696	0.098616	0.063467	0.042765	0.060298
Superscaffold7	7324742	7451495	0.162238	0.141812	0.094097	0.087331
Superscaffold7	7451506	7674519	-0.109758	-0.104224	-0.056010	-0.062337
Superscaffold7	7674524	7836549	0.233104	0.189246	0.125249	0.136880
Superscaffold7	7836556	8102069	-0.001383	-0.000814	-0.000545	0.000440
Superscaffold7	8102195	8299607	0.019738	0.009906	0.007217	0.012201
Superscaffold7	8299913	8549549	-0.019927	-0.011090	-0.007245	-0.016305
Superscaffold7	8549623	9144433	0.262041	0.094255	0.068441	0.133873
Superscaffold7	9144484	9498357	0.024014	0.020169	0.011932	0.008922
Superscaffold7	9508396	9984395	-0.140956	-0.095282	-0.058191	-0.079574
Superscaffold7	9984433	10185538	-0.241476	-0.116806	-0.071680	-0.114374
Superscaffold7	10185556	10393460	-0.084623	-0.051403	-0.032841	-0.049365
Superscaffold7	10393489	10548964	0.062058	0.046569	0.027480	0.025468
Superscaffold7	10549791	10857449	0.106458	0.083443	0.042226	0.065073
Superscaffold7	10857592	11125666	0.050878	0.039673	0.024566	0.022384
Superscaffold7	11125671	11450258	0.100645	0.044307	0.029995	0.062235
Superscaffold7	11450755	11732944	-0.329756	-0.143135	-0.096625	-0.199887
Superscaffold7	11732959	11926467	-0.178930	-0.087745	-0.065854	-0.072651
Superscaffold7	11926507	12243438	0.067116	0.043415	0.027732	0.029635
Superscaffold7	12243453	12542281	-0.051495	-0.038800	-0.022876	-0.024457
Superscaffold7	12542548	12860421	-0.097573	-0.033533	-0.023948	-0.054424
Superscaffold7	12860442	13221557	-0.122203	-0.067524	-0.040931	-0.055954
Superscaffold7	13221588	14009446	-0.246386	-0.093329	-0.068374	-0.116580
Superscaffold7	14009481	14390613	-0.022046	-0.024929	-0.015033	-0.009829
Superscaffold7	14390644	14676489	-0.046523	-0.027312	-0.019086	-0.027358
Superscaffold7	14676548	14917333	0.053655	0.033710	0.019183	0.036534
Superscaffold7	14917343	15586132	0.106354	0.019348	0.013970	0.037116
Superscaffold7	15586169	16109167	0.003932	0.001705	0.001105	0.001048
Superscaffold7	16109544	16362648	-0.046898	-0.025497	-0.016552	-0.034444
Superscaffold7	16362680	16674198	-0.192713	-0.106038	-0.071685	-0.109381
Superscaffold7	16674301	17018876	-0.330192	-0.165870	-0.116600	-0.171224
Superscaffold7	17018882	17272693	-0.416086	-0.155886	-0.105525	-0.280563
Superscaffold7	17272719	17597329	-0.297382	-0.070374	-0.053193	-0.162133
Superscaffold7	17597346	17890165	-0.267225	-0.150107	-0.090465	-0.212682
Superscaffold7	17890491	18198654	-0.225422	-0.057122	-0.040738	-0.103558
Superscaffold7	18198737	18757899	-0.152164	-0.032529	-0.025865	-0.057106
Superscaffold7	18757911	19053625	-0.237427	-0.064565	-0.045432	-0.097500
Superscaffold7	19053631	19375854	-0.099674	-0.043088	-0.027298	-0.057279
Superscaffold7	19375856	19568136	-0.246818	-0.141154	-0.093352	-0.100696
Superscaffold7	19568227	19965735	-0.179637	-0.070203	-0.046288	-0.105998
Superscaffold7	19965877	20196303	-0.523512	-0.249218	-0.170286	-0.339558
Superscaffold7	20196342	20504598	-0.295050	-0.065368	-0.052135	-0.124697
Superscaffold7	20505530	20947909	-0.131850	-0.030774	-0.020810	-0.078907
Superscaffold7	20947919	21407365	-0.082295	-0.022794	-0.016488	-0.045545
Superscaffold7	21407374	21626854	-0.202265	-0.097000	-0.060189	-0.115415
Superscaffold7	21627062	22157493	-0.210927	-0.074484	-0.049365	-0.126257
Superscaffold7	22157669	22798290	0.060346	0.020291	0.015301	0.037259
Superscaffold7	22798345	23163789	0.066395	0.022213	0.016737	0.033346
Superscaffold7	23163810	23372547	0.288809	0.173904	0.089058	0.190965
Superscaffold7	23372550	23678056	-0.015880	-0.009634	-0.005481	-0.013031
Superscaffold7	23678232	23978357	0.043072	0.024415	0.015926	0.021162
Superscaffold7	23979109	24295174	-0.165984	-0.094775	-0.062624	-0.093872
Superscaffold7	24295178	24587590	-0.006548	-0.002904	-0.001990	-0.004982
Superscaffold7	24587604	24760556	-0.515663	-0.261076	-0.151834	-0.405538
Superscaffold7	24760598	24967573	0.063894	0.047757	0.028753	0.032857
Superscaffold7	24967822	25285699	-0.263023	-0.180101	-0.103106	-0.169256
Superscaffold7	25285719	25514759	-0.030219	-0.013341	-0.009551	-0.015009
Superscaffold7	25514765	25772925	-0.029432	-0.015782	-0.010643	-0.013504
Superscaffold7	25772964	26496344	0.103803	0.034340	0.021885	0.055577
Superscaffold7	26496405	26874487	0.050165	0.020188	0.013062	0.024239
Superscaffold7	26874605	27160394	-0.087445	-0.050297	-0.033258	-0.043885
Superscaffold7	27160444	27361879	-0.086018	-0.058921	-0.038088	-0.035976
Superscaffold7	27361910	27550268	0.089147	0.077498	0.048592	0.045141
Superscaffold7	27550374	27849826	0.220962	0.136868	0.076312	0.089618
Superscaffold7	27849882	28110631	-0.138521	-0.087925	-0.047519	-0.081045
Superscaffold7	28110643	28331108	0.299484	0.182262	0.108271	0.202689
Superscaffold7	28331234	28653518	0.119519	0.055610	0.038820	0.080394
Superscaffold7	28653532	29138767	-0.026255	-0.006091	-0.004883	-0.016595
Superscaffold7	29139560	29450522	0.080324	0.045947	0.029723	0.032479
Superscaffold7	29450548	29718102	-0.142184	-0.128340	-0.067691	-0.081143
Superscaffold7	29718359	29937683	-0.026519	-0.016323	-0.009803	-0.018835
Superscaffold7	29937709	30215342	-0.115481	-0.052971	-0.037162	-0.049685
Superscaffold7	30215385	30498623	-0.075463	-0.054767	-0.036956	-0.040755
Superscaffold7	30498669	30860942	-0.226616	-0.066861	-0.049238	-0.115480
Superscaffold7	30860962	31218999	-0.067947	-0.026533	-0.017974	-0.029519
Superscaffold7	31219149	31774204	-0.211143	-0.152140	-0.092019	-0.136313
Superscaffold7	31774299	32075851	0.202602	0.081952	0.049880	0.105647
Superscaffold7	32075859	32405204	0.137715	0.061366	0.035129	0.072746
Superscaffold7	32405207	32842644	-0.034187	-0.011928	-0.007723	-0.019572
Superscaffold7	32842928	33170351	-0.089691	-0.037113	-0.024635	-0.042704
Superscaffold7	33170589	33413837	-0.018980	-0.015073	-0.007802	-0.013947
Superscaffold7	33413849	33667904	0.091344	0.058921	0.037292	0.054376
Superscaffold7	33668074	33864881	-0.099422	-0.075648	-0.049725	-0.048380
Superscaffold7	33864970	34147910	-0.082035	-0.042058	-0.025913	-0.045452
Superscaffold7	34148036	34430256	-0.276032	-0.153552	-0.100084	-0.121424
Superscaffold7	34430261	34678296	-0.007651	-0.004972	-0.003255	-0.004419
Superscaffold7	34678573	34936204	-0.035758	-0.016335	-0.011346	-0.018293
Superscaffold7	34936456	35256438	0.111090	0.062226	0.043854	0.076318
Superscaffold7	35256446	35712837	-0.292391	-0.119769	-0.075055	-0.191969
Superscaffold7	35712842	36047945	-0.290389	-0.114662	-0.077522	-0.198639
Superscaffold7	36047972	36398954	-0.111564	-0.047434	-0.033608	-0.059800
Superscaffold7	36398967	36701382	-0.194185	-0.098101	-0.063088	-0.111432
Superscaffold7	36701428	37044124	0.044753	0.024640	0.015062	0.031925
Superscaffold7	37044345	37409568	-0.139119	-0.085035	-0.051373	-0.091493
Superscaffold7	37409570	37734560	0.027562	0.011276	0.006942	0.012910
Superscaffold7	37734564	38167875	-0.256192	-0.052289	-0.040764	-0.138338
Superscaffold7	38167906	38440624	-0.124817	-0.047924	-0.033081	-0.071624
Superscaffold7	38440763	38770919	-0.091841	-0.036877	-0.026326	-0.046055
Superscaffold7	38770941	38979038	-0.157428	-0.094362	-0.063069	-0.079806
Superscaffold7	38979110	39218012	-0.070700	-0.046177	-0.029691	-0.036455
Superscaffold7	39218068	39444989	-0.075577	-0.035985	-0.022239	-0.042506
Superscaffold7	39445019	39715541	-0.243906	-0.175945	-0.101815	-0.143498
Superscaffold7	39715576	40239394	-0.083117	-0.052765	-0.031563	-0.041948
Superscaffold7	40239439	40563865	-0.297283	-0.126007	-0.080007	-0.172158
Superscaffold7	40563900	40972854	-0.049886	-0.019760	-0.012141	-0.028480
Superscaffold7	40972876	41564854	-0.029030	-0.016297	-0.009999	-0.020000
Superscaffold7	41564855	41800531	-0.165416	-0.097909	-0.063005	-0.090948
Superscaffold7	41800533	42061357	-0.108883	-0.053622	-0.034965	-0.060322
Superscaffold7	42061369	42261321	-0.025005	-0.017383	-0.010609	-0.012732
Superscaffold7	42261504	42489886	-0.120333	-0.082789	-0.056248	-0.074752
Superscaffold7	42489889	42728212	-0.196320	-0.156538	-0.097690	-0.111134
Superscaffold7	42728397	43164503	-0.327476	-0.258795	-0.144441	-0.198749
Superscaffold7	43164552	43386302	-0.042297	-0.027175	-0.017058	-0.019610
Superscaffold7	43386338	43839543	-0.117156	-0.058464	-0.038023	-0.065280
Superscaffold7	43839560	44037265	-0.146868	-0.097226	-0.062052	-0.087087
Superscaffold7	44037473	44230981	-0.203363	-0.141927	-0.086597	-0.112865
Superscaffold7	44231038	44453155	-0.112196	-0.098612	-0.057693	-0.064065
Superscaffold7	44453156	44729082	-0.133745	-0.077220	-0.052735	-0.075376
Superscaffold7	44729263	44950373	-0.283669	-0.200430	-0.126933	-0.182468
Superscaffold7	44950409	45176629	-0.098714	-0.082243	-0.045510	-0.058443
Superscaffold7	45176651	45405781	-0.074128	-0.055868	-0.036617	-0.041367
Superscaffold7	45405815	45631395	-0.319561	-0.230190	-0.147171	-0.190304
Superscaffold7	45631528	45826732	0.071423	0.054022	0.036403	0.042263
Superscaffold7	45826754	46018391	-0.318214	-0.302197	-0.166976	-0.189588
Superscaffold7	46018422	46238174	-0.165660	-0.116107	-0.073737	-0.096696
Superscaffold7	46238238	46389752	-0.217774	-0.174499	-0.106508	-0.132770
Superscaffold7	46389808	46780427	-0.088577	-0.050828	-0.032790	-0.052283
Superscaffold7	46780475	47028104	0.023757	0.023444	0.013091	0.007956
Superscaffold7	47028107	47728455	-0.176105	-0.122473	-0.071347	-0.113837
Superscaffold7	47728550	48067170	-0.084693	-0.050121	-0.029774	-0.056565
Superscaffold7	48067215	48263970	-0.002508	-0.001538	-0.000836	0.000331
Superscaffold7	48264030	48584316	0.094814	0.039834	0.025619	0.043492
Superscaffold7	48584354	48984018	0.158315	0.071288	0.038444	0.098733
Superscaffold7	48984024	49324550	-0.126340	-0.066427	-0.038726	-0.079315
Superscaffold7	49324591	49614220	0.127061	0.080207	0.052635	0.078705
Superscaffold8	184092	708537	-0.004080	-0.002068	-0.001001	-0.003412
Superscaffold8	708927	863391	0.141847	0.143676	0.066117	0.092430
Superscaffold8	863405	1041534	-0.107440	-0.102662	-0.051920	-0.058976
Superscaffold8	1041564	1345247	-0.045589	-0.030073	-0.017691	-0.023949
Superscaffold8	1346584	1763891	0.319149	0.259751	0.119924	0.176511
Superscaffold8	1763954	2061244	0.062137	0.048698	0.025467	0.022031
Superscaffold8	2061258	2272109	-0.027261	-0.020916	-0.013447	-0.016534
Superscaffold8	2272216	2439262	0.022297	0.023363	0.014120	0.010855
Superscaffold8	2439289	2608649	0.155842	0.094580	0.068494	0.082395
Superscaffold8	2608669	3140243	0.074707	0.041982	0.027850	0.039340
Superscaffold8	3140352	3450423	-0.147346	-0.139609	-0.073630	-0.092454
Superscaffold8	3450464	3748110	0.178889	0.113539	0.071842	0.103101
Superscaffold8	3748121	3898186	-0.201010	-0.168446	-0.100675	-0.114614
Superscaffold8	3898379	4178641	0.221167	0.127231	0.088564	0.130211
Superscaffold8	4178949	4436502	-0.436295	-0.402873	-0.186734	-0.350399
Superscaffold8	4436527	4725916	-0.273484	-0.175302	-0.105786	-0.133147
Superscaffold8	4726036	5068149	-0.162415	-0.172099	-0.088428	-0.092327
Superscaffold8	5068234	5383564	-0.220480	-0.170648	-0.103196	-0.145577
Superscaffold8	5383958	5627355	0.017872	0.013389	0.008539	0.010209
Superscaffold8	5627362	5887465	-0.083793	-0.082575	-0.047797	-0.041715
Superscaffold8	5887487	6082757	-0.023415	-0.024374	-0.015416	-0.014687
Superscaffold8	6082773	6519847	0.129712	0.097322	0.065984	0.076816
Superscaffold8	6520079	6711566	-0.097434	-0.070848	-0.042639	-0.048607
Superscaffold8	6711569	6959998	-0.160748	-0.138463	-0.083911	-0.100308
Superscaffold8	6960055	7140773	-0.248842	-0.195333	-0.105211	-0.142469
Superscaffold8	7140781	7323963	0.169358	0.122554	0.080076	0.104169
Superscaffold8	7324875	7699069	-0.167944	-0.076739	-0.054746	-0.071005
Superscaffold8	7699072	7967665	-0.049455	-0.032301	-0.018853	-0.025256
Superscaffold8	7967740	8515597	0.039855	0.025457	0.014803	0.022064
Superscaffold8	8521934	8920748	-0.035643	-0.025943	-0.014908	-0.020632
Superscaffold8	8920864	9154592	0.006289	0.003541	0.002195	0.003676
Superscaffold8	9154621	9434995	-0.006338	-0.003866	-0.002463	-0.003636
Superscaffold8	9435026	9823206	0.229013	0.145960	0.097042	0.139323
Superscaffold8	9823239	10165126	0.044152	0.030706	0.019436	0.015044
Superscaffold8	10165134	10517911	0.107781	0.044257	0.029054	0.048027
Superscaffold8	10517913	10682553	0.044186	0.045133	0.023015	0.018677
Superscaffold8	10682586	10935999	-0.263160	-0.178233	-0.108759	-0.146946
Superscaffold8	10936013	11097037	-0.124304	-0.105662	-0.064816	-0.068942
Superscaffold8	11097062	11268438	0.036306	0.042217	0.024297	0.018716
Superscaffold8	11268453	11477380	0.105319	0.068362	0.043973	0.046102
Superscaffold8	11477454	11713727	-0.057251	-0.037532	-0.023750	-0.028699
Superscaffold8	11713938	11925651	0.043830	0.028359	0.018463	0.021893
Superscaffold8	11925669	12145662	-0.125927	-0.145616	-0.083275	-0.058466
Superscaffold8	12145667	12329256	0.060993	0.068868	0.038882	0.034438
Superscaffold8	12329299	12574734	-0.030123	-0.026225	-0.015352	-0.018485
Superscaffold8	12574770	12696158	0.114561	0.115941	0.075146	0.065970
Superscaffold8	12696162	12910907	-0.046357	-0.041300	-0.020358	-0.028018
Superscaffold8	12910975	13200308	0.073455	0.066794	0.036355	0.036648
Superscaffold8	13200376	13448214	-0.087755	-0.071021	-0.041020	-0.047556
Superscaffold8	13448221	13715170	0.385858	0.208533	0.134104	0.206600
Superscaffold8	13715221	13909691	0.177582	0.129654	0.071197	0.089942
Superscaffold8	13909712	14150101	-0.056840	-0.031709	-0.020083	-0.028067
Superscaffold8	14150148	14405553	-0.338339	-0.212039	-0.127590	-0.251445
Superscaffold8	14406639	14681552	-0.508969	-0.309707	-0.181418	-0.237373
Superscaffold8	14681592	15069716	-0.039710	-0.029995	-0.017420	-0.025967
Superscaffold8	15069744	15258572	-0.029685	-0.019516	-0.011280	-0.017772
Superscaffold8	15258809	15498217	-0.191368	-0.141668	-0.066067	-0.075857
Superscaffold8	15498259	15713791	-0.107738	-0.078957	-0.046637	-0.052859
Superscaffold8	15713940	16144993	-0.268821	-0.166535	-0.104487	-0.156094
Superscaffold8	16145170	16467721	-0.046119	-0.022378	-0.014571	-0.022940
Superscaffold8	16467796	16770801	0.030621	0.015529	0.008321	0.025158
Superscaffold8	16770877	16911173	0.055393	0.028714	0.021852	0.023509
Superscaffold8	16911193	17126716	-0.075988	-0.040344	-0.023477	-0.049842
Superscaffold8	17126743	17333738	-0.011942	-0.013487	-0.004638	-0.019808
Superscaffold8	17333850	17639222	0.193616	0.128968	0.079134	0.098012
Superscaffold8	17639246	17962184	0.013015	0.012671	0.007137	0.005096
Superscaffold8	17962254	18182266	0.080176	0.063377	0.038812	0.040648
Superscaffold8	18182282	18374002	-0.231882	-0.155430	-0.096604	-0.134153
Superscaffold8	18374092	18688409	-0.082484	-0.042374	-0.027437	-0.045858
Superscaffold8	18688414	18978807	-0.120937	-0.046095	-0.031002	-0.056757
Superscaffold8	18978855	19172922	-0.199084	-0.136410	-0.089609	-0.106517
Superscaffold8	19173052	19366454	-0.047236	-0.035981	-0.022997	-0.024613
Superscaffold8	19366458	19621530	-0.087532	-0.062832	-0.031320	-0.039797
Superscaffold8	19621535	19811656	-0.154967	-0.184403	-0.103506	-0.093610
Superscaffold8	19811674	20001776	-0.156560	-0.109167	-0.068190	-0.098201
Superscaffold8	20002054	20207468	0.036285	0.023817	0.012487	0.021011
Superscaffold8	20207471	20464649	0.371439	0.174605	0.119907	0.201359
Superscaffold8	20464666	20715125	0.080793	0.051949	0.034167	0.041935
Superscaffold8	20715269	20986092	0.056137	0.026019	0.018431	0.029143
Superscaffold8	20986332	21319410	-0.535387	-0.275335	-0.168230	-0.377902
Superscaffold8	21319455	21803698	0.100211	0.018809	0.014966	0.051808
Superscaffold8	21804180	22223331	-0.053119	-0.013369	-0.009854	-0.023199
Superscaffold8	22223436	22481546	0.049552	0.021725	0.011924	0.018411
Superscaffold8	22481595	22835025	-0.390678	-0.132002	-0.080862	-0.239886
Superscaffold8	22835948	23340472	-0.034710	-0.016350	-0.007600	-0.026574
Superscaffold8	23340763	24002022	0.027764	0.005074	0.003468	0.015843
Superscaffold8	24002031	24667003	0.052061	0.027694	0.017820	0.028101
Superscaffold8	24667077	24831842	0.003116	0.002314	0.001543	0.007694
Superscaffold8	24831853	25092618	0.089577	0.041573	0.025860	0.051925
Superscaffold8	25092775	25886643	0.020793	0.004907	0.003156	0.017845
Superscaffold8	25886684	26243832	-0.038928	-0.016281	-0.010622	-0.024013
Superscaffold8	26243877	26605075	-0.198655	-0.092581	-0.057566	-0.109922
Superscaffold8	26605137	27323516	-0.079933	-0.015484	-0.012177	-0.047312
Superscaffold8	27323519	27650656	-0.122200	-0.057714	-0.037366	-0.068075
Superscaffold8	27651485	27992859	-0.183196	-0.075232	-0.050676	-0.105667
Superscaffold8	27992882	28587285	-0.331598	-0.092735	-0.062884	-0.213841
Superscaffold8	28587327	29155460	-0.229020	-0.094193	-0.060042	-0.168560
Superscaffold8	29155486	29447841	-0.097162	-0.040409	-0.026012	-0.051375
Superscaffold8	29447884	29686845	-0.492144	-0.470795	-0.241701	-0.370200
Superscaffold8	29686854	29821324	-0.718678	-0.588790	-0.263639	-0.551177
Superscaffold8	29821332	30048189	-0.291292	-0.151616	-0.096254	-0.206400
Superscaffold8	30048229	30265919	0.136472	0.116537	0.075952	0.100354
Superscaffold8	30266005	30669564	0.005554	0.001203	0.000927	0.003491
Superscaffold8	30669632	30834752	-0.417756	-0.315131	-0.155269	-0.299534
Superscaffold8	30834761	31263051	-0.057753	-0.023270	-0.014426	-0.027053
Superscaffold8	31263065	31758332	0.049973	0.012563	0.009396	0.023130
Superscaffold8	31758356	32040105	-0.029909	-0.018114	-0.011452	-0.017693
Superscaffold8	32040631	32289555	-0.347030	-0.323873	-0.162447	-0.243975
Superscaffold8	32289556	32530673	0.272482	0.203371	0.118500	0.189824
Superscaffold8	32530916	33303807	0.231730	0.105629	0.053676	0.150658
Superscaffold8	33303817	33526342	-0.083703	-0.068467	-0.038168	-0.048708
Superscaffold8	33526389	33717092	0.460571	0.315757	0.231117	0.365059
Superscaffold8	33717143	33920887	0.482705	0.348217	0.215428	0.367502
Superscaffold8	33920964	34119888	0.314409	0.134700	0.080064	0.155092
Superscaffold8	34119892	34350726	-0.030847	-0.024482	-0.015105	-0.015374
Superscaffold8	34350729	34591838	0.073005	0.051415	0.032062	0.042415
Superscaffold8	34591856	34783658	0.012732	0.006920	0.003930	0.007093
Superscaffold8	34783670	35054332	-0.202197	-0.130414	-0.076632	-0.141300
Superscaffold8	35054383	35316687	0.029972	0.013909	0.008655	0.020572
Superscaffold8	35316898	35608664	-0.157827	-0.076378	-0.047582	-0.075968
Superscaffold8	35608687	35966428	0.024166	0.009209	0.006317	0.010575
Superscaffold8	35966437	36317635	-0.260309	-0.138849	-0.094246	-0.133471
Superscaffold8	36317848	36561931	0.125228	0.115062	0.070140	0.075656
Superscaffold8	36561951	36797947	-0.460875	-0.240861	-0.164132	-0.249461
Superscaffold8	36797951	37249083	-0.240668	-0.141930	-0.096518	-0.141839
Superscaffold8	37249121	37610399	-0.025020	-0.016465	-0.011333	-0.013280
Superscaffold8	37610468	37829105	0.124744	0.081011	0.057770	0.059689
Superscaffold8	37829220	38117006	-0.328668	-0.194546	-0.118709	-0.198088
Superscaffold8	38117009	38337576	-0.107781	-0.064133	-0.038738	-0.058367
Superscaffold8	38337636	38520306	-0.028887	-0.022801	-0.015435	-0.013880
Superscaffold8	38520307	38729536	-0.056498	-0.039621	-0.027028	-0.026384
Superscaffold8	38729616	39069617	-0.189072	-0.102399	-0.067891	-0.105722
Superscaffold8	39069645	39324419	-0.281672	-0.160322	-0.096197	-0.166021
Superscaffold8	39324437	39783173	-0.182847	-0.116297	-0.067760	-0.105740
Superscaffold8	39783216	40092003	-0.517784	-0.283845	-0.183831	-0.332927
Superscaffold8	40092054	40389229	-0.276191	-0.123892	-0.085973	-0.137852
Superscaffold8	40389730	40633605	-0.125237	-0.072151	-0.051383	-0.064801
Superscaffold8	40633607	40926230	0.159528	0.070055	0.048015	0.054756
Superscaffold8	40926259	41150576	-0.063669	-0.064496	-0.035256	-0.034974
Superscaffold8	41150717	41456859	-0.160777	-0.137933	-0.084693	-0.104332
Superscaffold8	41456958	41607384	0.149058	0.097270	0.061689	0.099121
Superscaffold8	41607453	41829327	0.174824	0.134061	0.083353	0.111002
Superscaffold8	41868231	42634182	-0.028764	-0.015312	-0.009256	-0.019927
Superscaffold8	42634217	43181514	-0.030666	-0.017215	-0.010691	-0.016096
Superscaffold8	43181668	43386430	-0.201131	-0.105919	-0.068291	-0.074306
Superscaffold8	43386432	43775475	-0.081638	-0.052171	-0.033924	-0.044633
Superscaffold8	43775562	44054714	-0.136957	-0.069482	-0.044440	-0.058357
Superscaffold8	44054772	44567770	0.044674	0.025523	0.016509	0.019160
Superscaffold8	44567889	44823533	0.003806	0.002959	0.001570	0.002811
Superscaffold8	44824800	45549859	-0.017611	-0.005241	-0.003718	-0.009246
Superscaffold8	45550766	45897571	-0.460172	-0.204353	-0.124544	-0.350410
Superscaffold8	45897572	46343580	0.037480	0.012739	0.008235	0.023925
Superscaffold8	46343594	46668481	-0.298723	-0.154519	-0.096008	-0.238984
Superscaffold8	46668493	47141039	-0.469392	-0.344188	-0.168538	-0.288411
Superscaffold8	47141055	47918859	0.008757	0.003289	0.002153	0.002728
Superscaffold8	47919502	48438801	0.005846	0.001844	0.001243	0.001954
Superscaffold8	48438868	48853409	0.269077	0.144705	0.090661	0.175953
Superscaffold8	48853411	49260422	-0.151244	-0.050787	-0.036191	-0.080299
Superscaffold8	49261264	49572507	-0.150684	-0.087986	-0.061903	-0.090827
Superscaffold8	49572542	50030662	-0.080680	-0.036382	-0.024227	-0.051374
Superscaffold8	50030703	50303618	-0.647066	-0.400846	-0.223671	-0.469273
Superscaffold8	50303620	50872448	-0.171378	-0.079703	-0.055127	-0.090297
Superscaffold8	50874332	51221737	-0.259937	-0.137262	-0.082337	-0.151574
Superscaffold8	51221770	51611468	0.044739	0.015304	0.010338	0.020401
Superscaffold8	51611540	51917550	-0.318393	-0.156194	-0.094123	-0.169325
Superscaffold8	51918432	52222388	-0.163567	-0.070827	-0.048012	-0.076589
Superscaffold8	52222403	52503078	-0.032720	-0.019926	-0.013544	-0.013927
Superscaffold8	52503079	53003774	-0.113234	-0.089830	-0.046204	-0.052385
Superscaffold8	53004070	53485705	-0.015160	-0.009811	-0.006481	-0.005963
Superscaffold8	53486770	53755362	-0.029239	-0.020464	-0.013737	-0.014516
Superscaffold8	53755378	54096583	0.347506	0.274084	0.114114	0.182723
Superscaffold8	54096588	54466436	-0.053157	-0.024835	-0.014609	-0.020571
Superscaffold8	54466446	54856713	-0.213755	-0.132552	-0.087199	-0.119110
Superscaffold8	54856912	55305136	-0.083290	-0.033296	-0.022223	-0.041613
Superscaffold8	55305146	55688446	-0.221004	-0.137150	-0.070475	-0.128042
Superscaffold8	55688501	55934771	-0.481800	-0.506412	-0.194684	-0.366002
Superscaffold8	55935248	56343996	-0.207291	-0.098728	-0.064281	-0.126827
Superscaffold8	56344066	56735165	-0.279082	-0.189146	-0.101305	-0.176100
Superscaffold8	56735259	57440892	-0.133667	-0.048147	-0.030763	-0.074710
Superscaffold8	57440936	57855123	0.007303	0.003680	0.002465	0.003004
Superscaffold8	57855251	58383366	-0.149160	-0.065617	-0.044381	-0.077101
Superscaffold8	58383514	58850249	-0.039608	-0.019174	-0.012895	-0.017602
Superscaffold8	58850480	59217920	-0.181422	-0.066395	-0.046445	-0.088362
Superscaffold8	59217936	59529426	0.083761	0.042575	0.027102	0.044192
Superscaffold8	59529481	59719546	-0.215349	-0.441147	-0.146385	-0.113256
Superscaffold8	59719565	60061348	-0.239209	-0.195017	-0.089941	-0.108185
Superscaffold8	60061441	60366406	-0.093752	-0.075209	-0.043398	-0.047241
Superscaffold8	60366407	60599674	-0.365464	-0.337054	-0.166845	-0.214352
Superscaffold8	60599701	60828034	0.066798	0.050797	0.027440	0.034182
Superscaffold8	60829882	61089386	0.052773	0.028356	0.016937	0.024846
Superscaffold8	61089716	61471477	-0.119619	-0.106069	-0.056330	-0.062740
Superscaffold8	61471485	61847554	-0.187763	-0.088554	-0.061951	-0.091445
Superscaffold8	61847569	62181153	-0.084398	-0.058910	-0.032513	-0.050591
Superscaffold8	62181165	62406508	0.158650	0.102149	0.067086	0.087447
Superscaffold8	62406526	62714907	-0.313622	-0.193288	-0.118825	-0.185708
Superscaffold8	62714911	63032970	0.073236	0.037563	0.024146	0.042673
Superscaffold8	63032980	63417869	-0.020181	-0.008211	-0.005189	-0.012132
Superscaffold8	63417881	63816937	-0.163843	-0.100398	-0.063877	-0.079212
Superscaffold8	63816945	64255076	-0.167345	-0.071090	-0.043986	-0.098541
Superscaffold8	64255097	64878956	-0.086909	-0.051539	-0.029789	-0.045897
Superscaffold8	64878984	65270998	-0.233632	-0.143920	-0.082277	-0.148590
Superscaffold8	65271014	65733369	-0.069233	-0.021123	-0.013778	-0.043733
Superscaffold8	65733421	66406104	-0.175087	-0.087979	-0.047116	-0.104424
Superscaffold9	208857	393372	0.060387	0.082372	0.043021	0.034813
Superscaffold9	393499	713964	-0.070213	-0.052190	-0.031807	-0.043215
Superscaffold9	714014	1085282	-0.041634	-0.026623	-0.016442	-0.018222
Superscaffold9	1085306	1258946	-0.023167	-0.025820	-0.015750	-0.012819
Superscaffold9	1258947	1463680	0.049201	0.047769	0.028461	0.029397
Superscaffold9	1463689	1945156	-0.147201	-0.112562	-0.071641	-0.084107
Superscaffold9	1945173	2079715	-0.019754	-0.022249	-0.012315	-0.012257
Superscaffold9	2079791	2213332	0.199584	0.228398	0.150395	0.113707
Superscaffold9	2213413	2378400	-0.116569	-0.134172	-0.076978	-0.071789
Superscaffold9	2378405	2618668	0.055290	0.043862	0.029012	0.037559
Superscaffold9	2618820	2952520	0.182273	0.158235	0.090653	0.103656
Superscaffold9	2952532	3262468	0.002711	0.001833	0.001181	0.001258
Superscaffold9	3262469	3515590	0.127735	0.105148	0.069916	0.071554
Superscaffold9	3515650	4239505	0.055343	0.037679	0.019576	0.034113
Superscaffold9	4239586	4400090	-0.144740	-0.116324	-0.072825	-0.067619
Superscaffold9	4400204	4688503	0.040428	0.037775	0.022797	0.017304
Superscaffold9	4688530	4964292	-0.046040	-0.036935	-0.020028	-0.024267
Superscaffold9	4964293	5104068	-0.150408	-0.170182	-0.094269	-0.071525
Superscaffold9	5104080	5385747	-0.103684	-0.079135	-0.041332	-0.065267
Superscaffold9	5385856	5594636	0.012051	0.009991	0.006131	0.006176
Superscaffold9	5596210	5737795	-0.031099	-0.027110	-0.017452	-0.013916
Superscaffold9	5737811	5978313	-0.171183	-0.146864	-0.078256	-0.091462
Superscaffold9	5978335	6290287	0.262128	0.233732	0.157164	0.159723
Superscaffold9	6290454	6532540	-0.138293	-0.092026	-0.058023	-0.064428
Superscaffold9	6532603	6764223	-0.426769	-0.309793	-0.182137	-0.282449
Superscaffold9	6764224	7055525	-0.109226	-0.052614	-0.034643	-0.063434
Superscaffold9	7055616	7451772	0.050846	0.022167	0.014492	0.027787
Superscaffold9	7451969	7847624	-0.172119	-0.079176	-0.049833	-0.102306
Superscaffold9	7847637	8166598	-0.004405	-0.002310	-0.001552	-0.002294
Superscaffold9	8166650	8381886	-0.130428	-0.077874	-0.048874	-0.070019
Superscaffold9	8382019	8559057	-0.042111	-0.037815	-0.021804	-0.025006
Superscaffold9	8559073	8843150	0.099463	0.070707	0.040947	0.051970
Superscaffold9	8843151	9133933	0.057409	0.046953	0.028964	0.033154
Superscaffold9	9133941	9606282	-0.008072	-0.004661	-0.002993	-0.003351
Superscaffold9	9606284	9917261	0.096444	0.048586	0.032794	0.054243
Superscaffold9	9917288	10316948	0.048796	0.025381	0.017563	0.026819
Superscaffold9	10317171	11058231	-0.183735	-0.114765	-0.066732	-0.111745
Superscaffold9	11058250	11320267	-0.035073	-0.020857	-0.011648	-0.018843
Superscaffold9	11320453	11963915	-0.051381	-0.034253	-0.019013	-0.031690
Superscaffold9	11963939	12209002	-0.042796	-0.033322	-0.019038	-0.024647
Superscaffold9	12209107	12478599	-0.149045	-0.088605	-0.050983	-0.077255
Superscaffold9	12478621	12691538	-0.367300	-0.291502	-0.149858	-0.224787
Superscaffold9	12691546	13183323	0.004732	0.001173	0.000864	0.001874
Superscaffold9	13183421	13969444	-0.631513	-0.575396	-0.279481	-0.430493
Superscaffold9	13969628	14244677	-0.032119	-0.030300	-0.017581	-0.017464
Superscaffold9	14244691	14465840	0.066942	0.053984	0.037010	0.038249
Superscaffold9	14465885	14893758	-0.061316	-0.021867	-0.015910	-0.034817
Superscaffold9	14893784	15227158	0.038922	0.018281	0.014154	0.024086
Superscaffold9	15227189	15537148	-0.047534	-0.032248	-0.020756	-0.028483
Superscaffold9	15537176	15748741	-0.144551	-0.056772	-0.039631	-0.068392
Superscaffold9	15748743	16053487	-0.159305	-0.082251	-0.054192	-0.111323
Superscaffold9	16053494	16313077	0.484687	0.163483	0.115281	0.385102
Superscaffold9	16313141	16694581	0.474440	0.123728	0.084394	0.355715
Superscaffold9	16694621	17028871	-0.065999	-0.021299	-0.015003	-0.037491
Superscaffold9	17028900	17328103	0.012557	0.003890	0.003047	0.007407
Superscaffold9	17328202	17680505	0.054016	0.023583	0.014679	0.031580
Superscaffold9	17680520	17872895	0.024870	0.019880	0.012199	0.011252
Superscaffold9	17873021	18152093	-0.323571	-0.150407	-0.098383	-0.170894
Superscaffold9	18152203	19007915	-0.046786	-0.019860	-0.013093	-0.024420
Superscaffold9	19007927	19880431	-0.054867	-0.027613	-0.019239	-0.033592
Superscaffold9	19880443	20391498	-0.071980	-0.047582	-0.031545	-0.037956
Superscaffold9	20392218	20640224	-0.169902	-0.083847	-0.055339	-0.070657
Superscaffold9	20640466	20811332	-0.152969	-0.107077	-0.068175	-0.079422
Superscaffold9	20811365	21045149	-0.074512	-0.045801	-0.027338	-0.049169
Superscaffold9	21045154	21277685	-0.245710	-0.120409	-0.070798	-0.135610
Superscaffold9	21277720	21469928	-0.134414	-0.100675	-0.062095	-0.088025
Superscaffold9	21469953	21704951	-0.004802	-0.003106	-0.002178	-0.003066
Superscaffold9	21704952	21929625	-0.197263	-0.147511	-0.080684	-0.092429
Superscaffold9	21929744	22157570	-0.016309	-0.009488	-0.005656	-0.010199
Superscaffold9	22157628	22387515	0.297309	0.185669	0.102737	0.185779
Superscaffold9	22387540	23011692	0.103284	0.056264	0.027014	0.061106
Superscaffold9	23011699	23340489	0.214908	0.126210	0.062368	0.123744
Superscaffold9	23340913	23553050	-0.246548	-0.441030	-0.121879	-0.128519
Superscaffold9	23553062	23745579	0.109774	0.097362	0.040191	0.050322
Superscaffold9	23745596	23985564	-0.143832	-0.099457	-0.051278	-0.082499
Superscaffold9	23985714	24145198	0.247410	0.237181	0.141106	0.154572
Superscaffold9	24145214	24494714	0.178755	0.084167	0.059036	0.107991
Superscaffold9	24494755	24708745	-0.298815	-0.270430	-0.137782	-0.181656
Superscaffold9	24708751	24923242	0.014259	0.008813	0.005523	0.007311
Superscaffold9	24923329	25227856	0.020745	0.017526	0.011362	0.009820
Superscaffold9	25227860	25428573	-0.230147	-0.181142	-0.089846	-0.142591
Superscaffold9	25428719	26035148	-0.121864	-0.102611	-0.053133	-0.073488
Superscaffold9	26035153	26319469	-0.034454	-0.016497	-0.011055	-0.022260
Superscaffold9	26319512	26748116	0.124089	0.049652	0.032883	0.073973
Superscaffold9	26748186	27112730	0.249608	0.119591	0.092777	0.168081
Superscaffold9	27112796	27448439	-0.274319	-0.118146	-0.080712	-0.158692
Superscaffold9	27448443	27705579	-0.012669	-0.007700	-0.005345	-0.005428
Superscaffold9	27705611	28190581	-0.096204	-0.086676	-0.047549	-0.035991
Superscaffold9	28190673	28542044	0.166215	0.107136	0.063731	0.083828
Superscaffold9	28542265	28721405	0.066265	0.056116	0.037859	0.038525
Superscaffold9	28721877	29021848	-0.063722	-0.036387	-0.022821	-0.023663
Superscaffold9	29021975	29287174	-0.143161	-0.087636	-0.055350	-0.088391
Superscaffold9	29287232	29515707	-0.084413	-0.051537	-0.030953	-0.038145
Superscaffold9	29515894	29748142	-0.229304	-0.191691	-0.103403	-0.126947
Superscaffold9	29748180	29999406	0.117187	0.096302	0.063846	0.066320
Superscaffold9	30000443	30221624	0.043307	0.028653	0.017830	0.019437
Superscaffold9	30221625	30630341	0.016348	0.003886	0.002843	0.007001
Superscaffold9	30630378	31043960	-0.302821	-0.177855	-0.112070	-0.152691
Superscaffold9	31043988	31268186	-0.093139	-0.062317	-0.035227	-0.042759
Superscaffold9	31268955	31718297	-0.007989	-0.006033	-0.003810	-0.005916
Superscaffold9	31718400	31924507	0.494843	0.257489	0.180965	0.320519
Superscaffold9	31924524	32090740	0.201004	0.114636	0.071877	0.100243
Superscaffold9	32090775	32325621	0.193741	0.134307	0.077399	0.120038
Superscaffold9	32325814	32527591	0.258931	0.158772	0.093912	0.142475
Superscaffold9	32527622	32937072	0.109622	0.052213	0.034332	0.070086
Superscaffold9	32937073	33210273	0.255743	0.146846	0.099760	0.138890
Superscaffold9	33210304	33538753	-0.048581	-0.021700	-0.014768	-0.021586
Superscaffold9	33538762	34018046	0.070809	0.033561	0.024091	0.036336
Superscaffold9	34018108	34292247	-0.118761	-0.071758	-0.044124	-0.063139
Superscaffold9	34293739	34589396	-0.220894	-0.136463	-0.073370	-0.157230
Superscaffold9	34596469	34974469	0.373076	0.217166	0.085111	0.256153
Superscaffold9	34974477	35286084	0.165619	0.068079	0.047067	0.102325
Superscaffold9	35286109	35984377	0.061143	0.023371	0.016173	0.031956
Superscaffold9	35984484	36302114	-0.106148	-0.055580	-0.029722	-0.061066
Superscaffold9	36302118	36479751	0.126375	0.085526	0.060045	0.063269
Superscaffold9	36479767	36689219	-0.325888	-0.172916	-0.116079	-0.211695
Superscaffold9	36689228	36888692	0.469161	0.279078	0.162731	0.320152
Superscaffold9	36888722	37195131	0.058333	0.039023	0.021953	0.032964
Superscaffold9	37195199	37521947	-0.257528	-0.124770	-0.076119	-0.204755
Superscaffold9	37522003	37803779	-0.654147	-0.262378	-0.185668	-0.481734
Superscaffold9	37803838	38096467	-0.620219	-0.411924	-0.240157	-0.421850
Superscaffold9	38096498	38438667	-0.022385	-0.013896	-0.009650	-0.009494
Superscaffold9	38438681	38604843	-0.048560	-0.043202	-0.024849	-0.024140
Superscaffold9	38604885	39024749	0.130428	0.040977	0.028969	0.066439
Superscaffold9	39024780	39429170	-0.321307	-0.128018	-0.078276	-0.260215
Superscaffold9	39429252	39725932	0.068688	0.046708	0.026291	0.037212
Superscaffold9	39726138	39937463	-0.136826	-0.120826	-0.072255	-0.081991
Superscaffold9	39938029	40464245	0.031394	0.014395	0.009516	0.016939
Superscaffold9	40464368	40757780	-0.003894	-0.002346	-0.001392	-0.001903
Superscaffold9	40757834	41175143	0.096100	0.041399	0.026601	0.050269
Superscaffold9	41175439	41882050	-0.203715	-0.121371	-0.066326	-0.112905
Superscaffold9	41884106	42210794	-0.227905	-0.158761	-0.093423	-0.142133
Superscaffold9	42210839	42443490	-0.155796	-0.109903	-0.072680	-0.102902
Superscaffold9	42443501	42707684	-0.120544	-0.112716	-0.061892	-0.073645
Superscaffold9	42707818	43051303	0.091219	0.075521	0.049824	0.062967
Superscaffold9	43051352	43230860	-0.168337	-0.116533	-0.076231	-0.094387
Superscaffold9	43230894	43574736	0.229009	0.173006	0.102856	0.105215
Superscaffold9	43575219	43909754	0.157675	0.103656	0.067393	0.095957
Superscaffold9	43909784	44074473	-0.239411	-0.167759	-0.107344	-0.132351
Superscaffold9	44074520	44283810	-0.271823	-0.187990	-0.119929	-0.135452
Superscaffold9	44283824	44757270	0.072699	0.047058	0.030916	0.044103
Superscaffold9	44757320	44940561	-0.013497	-0.010365	-0.006849	-0.006413
Superscaffold9	44940715	45131586	-0.303877	-0.191285	-0.130375	-0.182860
Superscaffold9	45131693	45405456	-0.263708	-0.201685	-0.124179	-0.167844
Superscaffold9	45405464	45666267	-0.008043	-0.003772	-0.002745	-0.006131
Superscaffold9	45666374	45951356	-0.009714	-0.007805	-0.004778	-0.004132
Superscaffold9	45951436	46409997	0.095872	0.090883	0.049530	0.054992
Superscaffold9	46410026	46757323	0.823753	0.451472	0.416900	0.715003
Superscaffold9	46757329	47047035	0.294444	0.186387	0.123695	0.168627
Superscaffold9	47047039	47203852	-0.006629	-0.007365	-0.004197	-0.003420
Superscaffold9	47203856	47427908	0.105822	0.123727	0.069007	0.056864
Superscaffold9	47427909	47784104	0.107632	0.068174	0.042744	0.063816
Superscaffold9	47784105	48019342	0.018595	0.020016	0.011350	0.011762
Superscaffold9	48019347	48219750	-0.007743	-0.008699	-0.005199	-0.005345
Superscaffold9	48219791	48435717	0.012249	0.012272	0.006928	0.005623
Superscaffold9	48435741	48768004	-0.130459	-0.101414	-0.065171	-0.072497
Superscaffold9	48768006	48930209	-0.151228	-0.205298	-0.108888	-0.075638
Superscaffold9	48930242	49116015	-0.300338	-0.339715	-0.170988	-0.178587
Superscaffold9	49116017	49355753	0.088490	0.066926	0.044212	0.039116
Superscaffold9	49356061	49512013	-0.239642	-0.177114	-0.116005	-0.134963
Superscaffold9	49512064	49671192	-0.046934	-0.039198	-0.024780	-0.027762
Superscaffold9	49671299	49851871	0.112045	0.088770	0.063770	0.065125
Superscaffold9	49852138	50416889	-0.194283	-0.129667	-0.082663	-0.128304
Superscaffold9	50416910	50669839	0.494043	0.284005	0.209530	0.333081
Superscaffold9	50669857	50870932	0.127639	0.084972	0.054308	0.051186
Superscaffold9	50870942	51090441	0.091584	0.071805	0.037962	0.045016
Superscaffold9	51090459	51336472	0.077774	0.068944	0.036841	0.036096
Superscaffold9	51336574	51563250	0.149390	0.118838	0.064553	0.081452
Superscaffold9	51563339	51685573	-0.033056	-0.033527	-0.017583	-0.012998
Superscaffold9	51685799	51903028	0.047486	0.036833	0.024353	0.025082
Superscaffold9	51903460	52132685	0.028528	0.020310	0.013308	0.015823
Superscaffold9	52132706	52308165	-0.224918	-0.136189	-0.092942	-0.087488
Superscaffold9	52308169	52596409	-0.146214	-0.105399	-0.068609	-0.092214
Superscaffold9	52596491	52768640	-0.058213	-0.050273	-0.029490	-0.026444
Superscaffold9	52768645	52926721	-0.139447	-0.126242	-0.069862	-0.077488
Superscaffold9	52926735	53140382	0.148776	0.095454	0.061377	0.093358
Superscaffold9	53140480	53326471	-0.058453	-0.060768	-0.030303	-0.033167
Superscaffold9	53326611	53545675	-0.017723	-0.017103	-0.009843	-0.006985
Superscaffold9	53545836	53712540	0.044422	0.050538	0.030126	0.018665
Superscaffold9	53712558	53827953	-0.177829	-0.280179	-0.121050	-0.091937
Superscaffold9	53828071	54005270	0.050771	0.039700	0.023825	0.031494
Superscaffold9	54005314	54343371	0.477427	0.347948	0.254666	0.341864
Superscaffold9	54343375	54608421	0.349506	0.234306	0.163499	0.211742
Superscaffold9	54608527	54811712	0.006502	0.005459	0.003073	-0.000071
Superscaffold9	54811760	55011141	-0.043677	-0.039366	-0.023463	-0.029035
Superscaffold9	55011297	55237789	-0.116027	-0.135017	-0.075726	-0.071963
Superscaffold9	55237862	56006487	-0.226174	-0.185974	-0.104623	-0.142784
Superscaffold9	56006535	56219471	0.115990	0.092813	0.065325	0.059195
Superscaffold9	56219500	56536161	-0.063132	-0.032584	-0.024594	-0.032699
Superscaffold9	56536178	56936721	-0.084885	-0.060423	-0.031504	-0.047147
Superscaffold10	329368	548112	0.020860	0.017098	0.009266	0.008694
Superscaffold10	548180	896626	-0.166638	-0.070949	-0.046753	-0.101619
Superscaffold10	898111	1438557	0.013042	0.011014	0.006575	0.003916
Superscaffold10	1438606	1609294	-0.099254	-0.088418	-0.047701	-0.056927
Superscaffold10	1609306	1883556	-0.303211	-0.174254	-0.107278	-0.188673
Superscaffold10	1883568	2293958	0.224052	0.115578	0.082263	0.119360
Superscaffold10	2294020	2573862	0.329057	0.168980	0.091038	0.172403
Superscaffold10	2574773	2807660	0.139325	0.078931	0.050180	0.086246
Superscaffold10	2807732	3129258	0.089656	0.061642	0.038850	0.048656
Superscaffold10	3129343	3325445	-0.005630	-0.003370	-0.002109	-0.004838
Superscaffold10	3325486	3652573	0.064150	0.041765	0.025573	0.033917
Superscaffold10	3652813	4491826	-0.006282	-0.002586	-0.001513	-0.001421
Superscaffold10	4492264	5617881	-0.011078	-0.005994	-0.003793	-0.014679
Superscaffold10	5618071	5991825	-0.272324	-0.169687	-0.097441	-0.152929
Superscaffold10	5991872	6212807	-0.165244	-0.128261	-0.078601	-0.080147
Superscaffold10	6212961	6627092	-0.023656	-0.016769	-0.009069	-0.011732
Superscaffold10	6627128	7107936	0.057060	0.025159	0.016059	0.027578
Superscaffold10	7108134	7468171	-0.026911	-0.013456	-0.009207	-0.013106
Superscaffold10	7468190	7804032	0.017020	0.016339	0.010604	0.011023
Superscaffold10	7804123	8143853	0.016493	0.009303	0.006225	0.009354
Superscaffold10	8143965	8433733	0.061444	0.037036	0.024405	0.028509
Superscaffold10	8434105	8880537	-0.316520	-0.158186	-0.090344	-0.205976
Superscaffold10	8880627	9459208	-0.172833	-0.081283	-0.051780	-0.105656
Superscaffold10	9459501	9925251	0.000171	0.000098	0.000063	-0.003519
Superscaffold10	9925270	10095469	0.035846	0.026327	0.015374	0.011580
Superscaffold10	10095471	10311472	0.188891	0.117669	0.066736	0.080171
Superscaffold10	10311489	10544752	-0.098131	-0.049138	-0.033224	-0.065015
Superscaffold10	10544757	11305126	-0.165944	-0.073794	-0.046798	-0.099526
Superscaffold10	11305482	11728941	0.018737	0.004918	0.003342	0.010514
Superscaffold10	11728965	12048503	0.055761	0.022474	0.014891	0.032595
Superscaffold10	12048612	12232210	0.029910	0.023319	0.014202	0.015706
Superscaffold10	12232217	12371722	0.095129	0.125643	0.066794	0.046090
Superscaffold10	12371749	12824766	-0.091513	-0.073100	-0.043852	-0.061442
Superscaffold10	12825439	13088716	-0.021533	-0.011499	-0.007253	-0.008711
Superscaffold10	13088727	13333556	0.142561	0.074635	0.045805	0.080606
Superscaffold10	13333580	13584956	0.003986	0.002337	0.001393	-0.001460
Superscaffold10	13585031	13876827	0.024636	0.018013	0.011762	0.008543
Superscaffold10	13876892	14339046	-0.208600	-0.087510	-0.057941	-0.118001
Superscaffold10	14339082	14742925	-0.198965	-0.124447	-0.069661	-0.132177
Superscaffold10	14743029	14994455	0.361483	0.345702	0.226613	0.253087
Superscaffold10	14994462	15370302	-0.060117	-0.034563	-0.019829	-0.021095
Superscaffold10	15370335	15645336	-0.100401	-0.074009	-0.042193	-0.057205
Superscaffold10	15645780	15992215	0.183866	0.077437	0.055246	0.103830
Superscaffold10	15992238	16371639	-0.002987	-0.001193	-0.000725	0.000683
Superscaffold10	16371723	17022581	-0.049726	-0.017689	-0.012287	-0.025424
Superscaffold10	17024410	17648161	-0.051162	-0.016254	-0.011007	-0.035403
Superscaffold10	17648182	18061560	-0.087144	-0.035943	-0.022664	-0.052005
Superscaffold10	18061621	18345906	0.039884	0.017390	0.012180	0.022794
Superscaffold10	18346120	18657877	-0.110348	-0.060986	-0.033530	-0.080730
Superscaffold10	18657965	18944830	-0.056509	-0.032914	-0.018965	-0.036200
Superscaffold10	18944918	19248895	-0.241506	-0.251208	-0.112138	-0.118001
Superscaffold10	19248946	19612431	0.075501	0.068855	0.032698	0.039883
Superscaffold10	19612805	19908524	-0.105097	-0.052817	-0.035002	-0.050714
Superscaffold10	19908536	20221670	-0.158033	-0.059520	-0.039219	-0.085035
Superscaffold10	20221690	20511841	-0.017920	-0.009846	-0.006367	-0.019512
Superscaffold10	20511842	20857950	-0.025242	-0.005837	-0.004401	-0.013638
Superscaffold10	20857984	21136071	-0.172885	-0.079768	-0.047711	-0.110933
Superscaffold10	21136133	21430114	0.015495	0.006435	0.004284	0.010824
Superscaffold10	21430117	21654646	0.147788	0.101452	0.062294	0.082246
Superscaffold10	21654648	21936496	0.027972	0.016659	0.010815	0.014388
Superscaffold10	21936538	22254575	-0.215254	-0.095454	-0.065292	-0.127574
Superscaffold10	22254795	22559487	0.096902	0.048729	0.033226	0.050263
Superscaffold10	22559623	22836843	-0.234835	-0.107855	-0.065333	-0.137052
Superscaffold10	22836892	23254890	-0.074754	-0.021830	-0.015847	-0.044485
Superscaffold10	23254996	23618859	0.071785	0.028543	0.020898	0.035154
Superscaffold10	23618957	24189453	-0.025150	-0.010328	-0.007697	-0.012662
Superscaffold10	24189454	24535375	-0.340561	-0.176218	-0.112861	-0.217380
Superscaffold10	24536073	24989654	-0.047938	-0.011523	-0.008693	-0.030390
Superscaffold10	24989687	25193986	0.099696	0.052297	0.037656	0.052082
Superscaffold10	25194079	25569215	-0.230656	-0.107451	-0.067773	-0.138261
Superscaffold10	25569303	25749232	-0.134306	-0.113990	-0.070074	-0.070581
Superscaffold10	25749237	25972597	0.035464	0.018299	0.012514	0.012582
Superscaffold10	25972890	26223633	-0.074065	-0.028952	-0.021106	-0.036828
Superscaffold10	26223641	26376149	-0.125137	-0.086141	-0.054025	-0.072420
Superscaffold10	26376214	26506760	-0.169160	-0.107777	-0.074035	-0.111471
Superscaffold10	26506883	26799459	0.187452	0.125001	0.078114	0.083824
Superscaffold10	26799556	27039290	-0.072747	-0.047267	-0.028360	-0.036186
Superscaffold10	27039303	27508439	-0.019009	-0.007346	-0.004368	-0.009020
Superscaffold10	27508442	27782631	0.122341	0.051794	0.033181	0.066540
Superscaffold10	27782802	28041318	0.065995	0.041255	0.027622	0.032027
Superscaffold10	28041505	28512186	-0.206012	-0.086012	-0.061932	-0.109604
Superscaffold10	28512241	28791138	-0.105428	-0.087309	-0.048239	-0.067527
Superscaffold10	28791194	28992999	-0.157642	-0.070615	-0.048214	-0.087503
Superscaffold10	28993062	29499670	0.083189	0.029067	0.020775	0.035423
Superscaffold10	29499959	29704542	0.034593	0.022538	0.014075	0.018021
Superscaffold10	29704567	29982318	-0.026019	-0.010276	-0.007152	-0.017057
Superscaffold10	29982403	30324065	0.086254	0.055413	0.028842	0.033409
Superscaffold10	30324134	30475159	-0.464933	-0.603062	-0.273234	-0.293464
Superscaffold10	30475194	30703091	-0.411766	-0.254860	-0.139594	-0.227517
Superscaffold10	30703234	30936858	0.155674	0.092378	0.057106	0.109898
Superscaffold10	30936985	31186056	-0.528791	-0.264994	-0.171010	-0.338662
Superscaffold10	31186080	31469603	-0.257073	-0.157637	-0.093798	-0.169539
Superscaffold10	31469724	31722116	-0.605976	-0.443373	-0.250256	-0.483679
Superscaffold10	31722123	31981331	0.294450	0.133539	0.100995	0.154194
Superscaffold10	31981356	32249727	-0.050989	-0.035150	-0.018936	-0.033202
Superscaffold10	32249746	32795487	0.280927	0.170516	0.087316	0.180373
Superscaffold10	32795503	32942963	-0.200146	-0.166193	-0.094470	-0.103348
Superscaffold10	32942966	33117007	-0.356087	-0.168982	-0.120985	-0.135240
Superscaffold10	33117393	33406645	-0.401267	-0.247904	-0.144567	-0.245679
Superscaffold10	33406708	33592040	-0.288598	-0.300098	-0.196725	-0.213975
Superscaffold10	33592068	34093941	-0.675415	-0.157521	-0.127062	-0.493972
Superscaffold10	34093948	34516249	-0.587908	-0.066602	-0.059573	-0.380450
Superscaffold10	34516297	34924151	-0.594150	-0.130466	-0.102998	-0.394882
Superscaffold10	34924193	35377783	0.047528	0.026170	0.013404	0.029233
Superscaffold10	35378820	35740804	-0.162797	-0.048750	-0.031849	-0.080289
Superscaffold10	35740832	36065796	-0.237632	-0.108599	-0.062635	-0.143032
Superscaffold10	36065825	36360610	0.128745	0.099026	0.044809	0.071948
Superscaffold10	36360643	36688366	0.028464	0.019668	0.011471	0.017456
Superscaffold10	36690883	36976005	-0.056581	-0.025769	-0.016959	-0.023855
Superscaffold10	36976042	37277391	-0.096186	-0.068291	-0.041172	-0.044955
Superscaffold10	37277475	37466832	-0.413332	-0.341757	-0.172647	-0.198730
Superscaffold10	37466926	37686589	0.000904	0.000400	0.000300	0.000501
Superscaffold10	37686615	37871825	-0.064408	-0.067690	-0.034855	-0.033932
Superscaffold10	37871838	38067581	-0.044109	-0.034830	-0.020501	-0.024495
Superscaffold10	38067687	38251367	0.008016	0.005615	0.003654	0.005160
Superscaffold10	38251378	38377020	-0.080936	-0.060870	-0.040536	-0.039522
Superscaffold10	38377229	38563678	-0.069102	-0.057593	-0.036002	-0.039599
Superscaffold10	38563764	38825348	-0.065110	-0.047105	-0.027460	-0.031809
Superscaffold10	38825367	39585336	-0.085824	-0.045015	-0.030988	-0.043719
Superscaffold10	39585356	40271164	0.289235	0.134723	0.095411	0.182492
Superscaffold10	40271296	40549631	-0.108449	-0.053940	-0.036774	-0.041050
Superscaffold10	40549672	40715916	0.159917	0.118914	0.073814	0.068032
Superscaffold10	40715925	40847879	0.345974	0.288287	0.171483	0.207182
Superscaffold10	40847898	41105254	-0.059776	-0.041852	-0.024585	-0.027766
Superscaffold10	41105263	41514162	-0.186009	-0.057759	-0.037742	-0.099108
Superscaffold10	41515106	41759208	0.214801	0.127430	0.090857	0.111069
Superscaffold10	41759225	42025963	0.366797	0.332775	0.240455	0.176060
Superscaffold10	42025992	42263884	0.301410	0.256171	0.179025	0.133389
Superscaffold10	42263901	42425529	-0.017460	-0.016561	-0.010140	-0.009864
Superscaffold10	42425576	42607209	-0.236767	-0.228033	-0.109185	-0.136652
Superscaffold10	42607326	42924461	0.099080	0.057041	0.033435	0.039586
Superscaffold10	42924725	43184106	-0.112714	-0.083166	-0.050388	-0.073446
Superscaffold10	43184423	43511507	0.011224	0.004408	0.003093	0.005505
Superscaffold10	43511976	43767414	0.087830	0.062105	0.034134	0.040486
Superscaffold10	43767417	44191937	0.209602	0.214139	0.129922	0.136289
Superscaffold10	44191956	44376923	-0.561893	-0.378979	-0.233029	-0.408592
Superscaffold10	44376935	44834569	-0.193088	-0.193548	-0.112810	-0.107183
Superscaffold10	44834636	45036717	0.117906	0.078716	0.050777	0.055839
Superscaffold10	45036750	45226598	-0.172352	-0.239865	-0.127390	-0.108564
Superscaffold10	45226610	45486343	-0.010752	-0.008726	-0.005068	-0.001197
Superscaffold10	45487143	45763148	0.211261	0.140754	0.088482	0.111106
Superscaffold10	45763227	45876559	-0.032843	-0.046212	-0.025154	-0.017385
Superscaffold10	45876573	46067487	-0.056595	-0.046484	-0.028003	-0.034236
Superscaffold10	46067540	46354255	-0.083491	-0.057562	-0.037205	-0.043521
Superscaffold10	46354290	46524094	-0.107013	-0.128604	-0.074969	-0.057790
Superscaffold10	46524236	47458669	0.056438	0.045454	0.027628	0.029686
Superscaffold10	47458717	47601633	0.062463	0.065884	0.041838	0.032166
Superscaffold10	47601645	47790613	-0.115714	-0.104434	-0.055529	-0.069314
Superscaffold10	47790627	47978849	0.046683	0.053300	0.030059	0.024057
Superscaffold10	47978878	48197536	-0.057845	-0.098530	-0.041604	-0.028878
Superscaffold10	48197547	48359994	-0.010874	-0.011340	-0.005677	-0.006596
Superscaffold10	48360071	48625149	0.103976	0.097465	0.053937	0.048733
Superscaffold10	48625164	48777374	0.208596	0.207235	0.127405	0.110026
Superscaffold10	48777390	49117033	-0.098616	-0.066146	-0.036993	-0.050536
Superscaffold10	49117052	49338327	0.019916	0.023385	0.011973	0.014042
Superscaffold10	49338333	49706923	0.005141	0.004910	0.002733	0.004510
Superscaffold10	49706940	49919517	-0.022347	-0.025144	-0.016073	-0.013294
Superscaffold10	49919519	50054064	0.001641	0.001310	0.000854	-0.000601
Superscaffold10	50054114	50168562	-0.208362	-0.136397	-0.088298	-0.121093
Superscaffold10	50168585	50648690	-0.250573	-0.158279	-0.092455	-0.149741
Superscaffold10	50650914	50869841	-0.052786	-0.051394	-0.029512	-0.026778
Superscaffold10	50869868	51157943	-0.062308	-0.034443	-0.021482	-0.028371
Superscaffold10	51158004	51465013	-0.076915	-0.080679	-0.046338	-0.044739
Superscaffold10	51465072	51842076	0.041693	0.026908	0.018243	0.024066
Superscaffold10	51842077	51980886	0.082282	0.089839	0.054813	0.044249
Superscaffold10	51980887	52130408	0.008581	0.012024	0.006367	0.004132
Superscaffold10	52130537	52321497	0.075634	0.088419	0.044103	0.032743
Superscaffold10	52321566	52510184	-0.087882	-0.098046	-0.056364	-0.039778
Superscaffold10	52510208	52660973	-0.027828	-0.018808	-0.012964	-0.010853
Superscaffold10	52660975	52805489	-0.030025	-0.030524	-0.018645	-0.014284
Superscaffold10	52805528	53036842	0.022847	0.021272	0.013369	0.011655
Superscaffold10	53036881	53222383	-0.206792	-0.203518	-0.108450	-0.134526
Superscaffold10	53222413	53438657	-0.153217	-0.147706	-0.084224	-0.092124
Superscaffold10	53438691	53593127	0.037847	0.039253	0.022613	0.018753
Superscaffold10	53593216	53736072	0.024986	0.025468	0.015451	0.017217
Superscaffold10	53736093	54032146	0.005710	0.006580	0.003982	0.005281
Superscaffold10	54032147	54518814	-0.016616	-0.011303	-0.006689	-0.012150
Superscaffold10	54519021	54933905	0.015899	0.010313	0.006400	0.006259
Superscaffold10	54933947	55119986	0.057015	0.049577	0.029413	0.031722
Superscaffold10	55120003	55339088	-0.052774	-0.049644	-0.030559	-0.028877
Superscaffold10	55339097	55460600	0.098559	0.105647	0.076394	0.059259
Superscaffold11	179125	323787	-0.172492	-0.105640	-0.073373	-0.076781
Superscaffold11	323795	519936	-0.126742	-0.096999	-0.066731	-0.049269
Superscaffold11	519984	744124	-0.227189	-0.194909	-0.112052	-0.139523
Superscaffold11	744140	889732	0.098573	0.089138	0.051139	0.063823
Superscaffold11	889741	1198839	-0.183284	-0.149680	-0.090174	-0.120864
Superscaffold11	1198909	1482525	0.145828	0.149527	0.069726	0.088134
Superscaffold11	1482526	1768603	0.221672	0.174619	0.111454	0.129994
Superscaffold11	1768608	2316506	0.387765	0.288048	0.177331	0.242345
Superscaffold11	2316510	2951551	-0.085022	-0.051519	-0.030198	-0.042376
Superscaffold11	2952009	3450121	0.057731	0.033987	0.021653	0.035713
Superscaffold11	3450142	4662569	-0.018003	-0.013543	-0.008499	-0.013935
Superscaffold11	4662612	4938436	-0.197176	-0.194936	-0.105063	-0.121981
Superscaffold11	4938456	5234839	-0.400782	-0.289925	-0.172614	-0.193972
Superscaffold11	5234948	5459824	-0.266668	-0.153747	-0.103189	-0.131990
Superscaffold11	5459844	5831138	-0.145841	-0.131971	-0.082032	-0.096284
Superscaffold11	5832129	6386852	-0.220873	-0.207903	-0.114993	-0.138878
Superscaffold11	6386907	6869007	0.048906	0.042405	0.025316	0.025589
Superscaffold11	6869014	7159700	0.132328	0.130709	0.069816	0.067895
Superscaffold11	7159709	7674447	0.057761	0.029197	0.019974	0.029474
Superscaffold11	7675192	7837049	-0.099634	-0.088085	-0.054012	-0.046685
Superscaffold11	7837055	8137996	-0.180365	-0.144788	-0.092047	-0.102590
Superscaffold11	8138006	8701544	-0.051830	-0.033906	-0.022772	-0.031554
Superscaffold11	8701595	8948895	-0.087770	-0.068157	-0.044378	-0.045583
Superscaffold11	8948906	9192880	0.065795	0.042378	0.029417	0.026014
Superscaffold11	9193211	9455727	-0.091510	-0.047385	-0.031652	-0.040295
Superscaffold11	9455781	9730186	-0.017899	-0.015670	-0.008227	-0.003169
Superscaffold11	9730199	9933154	0.235369	0.183812	0.126322	0.115084
Superscaffold11	9933164	10110845	0.070987	0.057101	0.034566	0.033844
Superscaffold11	10110846	10295412	0.013242	0.008747	0.005302	0.005117
Superscaffold11	10295441	10976772	0.438116	0.286539	0.177169	0.276886
Superscaffold11	10976811	11266498	0.094534	0.078480	0.045302	0.060023
Superscaffold11	11266514	11471892	-0.372513	-0.320135	-0.146933	-0.233012
Superscaffold11	11471902	11788130	-0.285253	-0.145862	-0.100116	-0.149613
Superscaffold11	11788652	12400842	0.016356	0.005534	0.003931	0.006477
Superscaffold11	12400879	12859999	-0.253627	-0.140331	-0.073104	-0.160589
Superscaffold11	12860099	13184262	-0.011525	-0.006126	-0.003370	-0.004771
Superscaffold11	13184304	13384206	0.126922	0.087552	0.056792	0.077529
Superscaffold11	13384245	13646032	-0.135253	-0.049685	-0.037390	-0.076953
Superscaffold11	13646034	13908431	-0.181168	-0.112275	-0.069469	-0.096928
Superscaffold11	13908518	14469799	-0.195855	-0.123829	-0.074937	-0.109095
Superscaffold11	14469851	14574074	0.004869	0.004583	0.002749	0.001100
Superscaffold11	14574128	14726195	-0.031684	-0.027379	-0.016180	-0.020100
Superscaffold11	14726229	14865760	0.021018	0.021908	0.013708	0.012762
Superscaffold11	14865762	15230706	-0.089298	-0.069898	-0.043696	-0.044086
Superscaffold11	15230820	15651413	-0.034558	-0.029028	-0.015646	-0.018896
Superscaffold11	15651442	16189759	0.196006	0.138017	0.092874	0.104255
Superscaffold11	16189788	16511168	-0.027033	-0.019265	-0.011012	-0.010829
Superscaffold11	16511381	16760744	-0.000383	-0.000217	-0.000158	0.002629
Superscaffold11	16760790	16942375	0.089187	0.091699	0.041612	0.040649
Superscaffold11	16942561	17087503	0.213542	0.202106	0.114618	0.114375
Superscaffold11	17087524	17734730	0.036114	0.010841	0.008294	0.021562
Superscaffold11	17734901	18223899	-0.345717	-0.158619	-0.111194	-0.210041
Superscaffold11	18223901	18658858	-0.046320	-0.033278	-0.019652	-0.026111
Superscaffold11	18658905	18910625	0.202482	0.208647	0.131381	0.110947
Superscaffold11	18910627	19307253	0.128932	0.092764	0.059415	0.091573
Superscaffold11	19307328	19628353	0.108756	0.083115	0.044383	0.057164
Superscaffold11	19628461	19807474	0.055421	0.063135	0.035434	0.028614
Superscaffold11	19807527	20261333	-0.060497	-0.057469	-0.031537	-0.033294
Superscaffold11	20261346	20743636	-0.032725	-0.021220	-0.011865	-0.012002
Superscaffold11	20743648	20881598	0.021097	0.022831	0.009581	0.009745
Superscaffold11	20881629	21014087	0.023981	0.026977	0.015615	0.013370
Superscaffold11	21014316	21287119	0.101596	0.067911	0.044501	0.056967
Superscaffold11	21287409	21555579	-0.429690	-0.270019	-0.172991	-0.252645
Superscaffold11	21555607	21780135	-0.279009	-0.165051	-0.112190	-0.160112
Superscaffold11	21780823	22061548	-0.129235	-0.052162	-0.035649	-0.068037
Superscaffold11	22061672	22279865	-0.015146	-0.007685	-0.005306	-0.005572
Superscaffold11	22279940	22487828	-0.107265	-0.079615	-0.053391	-0.055263
Superscaffold11	22487890	22672491	0.175342	0.136832	0.082218	0.103949
Superscaffold11	22672815	22828792	0.054989	0.049816	0.030826	0.028555
Superscaffold11	22828927	23175179	-0.126576	-0.073520	-0.045580	-0.080371
Superscaffold11	23175196	23516462	-0.033744	-0.018172	-0.011230	-0.023659
Superscaffold11	23516847	23846684	-0.046262	-0.028987	-0.016288	-0.025671
Superscaffold11	23846709	24147946	-0.048303	-0.021963	-0.015276	-0.028790
Superscaffold11	24147953	24304983	-0.255915	-0.248148	-0.136998	-0.166248
Superscaffold11	24305197	24680807	-0.247613	-0.163998	-0.109611	-0.178045
Superscaffold11	24680850	24885758	-0.038106	-0.026007	-0.011417	-0.012917
Superscaffold11	24885766	25120677	-0.071773	-0.068981	-0.034396	-0.039340
Superscaffold11	25120712	25401893	0.422840	0.243981	0.182264	0.274461
Superscaffold11	25401991	25599501	-0.117304	-0.106265	-0.054495	-0.051385
Superscaffold11	25599628	25763283	-0.191801	-0.185991	-0.112124	-0.123592
Superscaffold11	25763308	26101318	0.078549	0.035180	0.024907	0.037645
Superscaffold11	26101321	26495958	0.157949	0.080051	0.056194	0.070611
Superscaffold11	26496002	26886260	0.097108	0.046950	0.032589	0.037880
Superscaffold11	26886276	27216303	-0.541419	-0.589416	-0.259470	-0.348789
Superscaffold11	27216368	27556437	-0.370404	-0.256152	-0.154904	-0.294174
Superscaffold11	27556475	27842084	-0.155721	-0.098607	-0.064842	-0.100937
Superscaffold11	27842206	28080945	-0.066722	-0.040440	-0.023976	-0.037178
Superscaffold11	28080969	28330693	-0.029129	-0.021460	-0.009294	-0.023006
Superscaffold11	28330706	28578708	0.032933	0.015852	0.010928	0.016496
Superscaffold11	28578909	28841502	0.150305	0.091766	0.060725	0.098654
Superscaffold11	28841665	29038340	0.040010	0.031006	0.021806	0.020308
Superscaffold11	29038343	29248083	0.041339	0.025775	0.016887	0.017238
Superscaffold11	29248089	29714295	-0.032110	-0.028216	-0.016878	-0.018910
Superscaffold11	29714343	30359775	0.024577	0.025889	0.014672	0.013079
Superscaffold11	30359815	30571957	-0.025706	-0.009224	-0.006708	-0.013621
Superscaffold11	30572020	31082615	0.055110	0.021276	0.015928	0.034982
Superscaffold11	31082619	31480672	0.023516	0.014972	0.009506	0.012638
Superscaffold11	31480697	31575014	-0.199119	-0.112087	-0.077831	-0.114797
Superscaffold11	31575122	31724395	0.129305	0.072532	0.046612	0.073258
Superscaffold11	31724410	32028471	-0.279477	-0.178746	-0.113311	-0.146388
Superscaffold11	32028541	32313531	-0.264604	-0.098203	-0.072786	-0.163966
Superscaffold11	32313693	32621058	0.021432	0.012662	0.006246	0.017046
Superscaffold11	32621220	33163717	-0.000284	-0.000113	-0.000081	0.000018
Superscaffold11	33163877	33741906	0.418978	0.104235	0.071631	0.348057
Superscaffold11	33741942	34065336	0.634391	0.415819	0.240962	0.518172
Superscaffold11	34065355	34387398	0.663007	0.381303	0.210647	0.561077
Superscaffold11	34387430	34957346	-0.170664	-0.057385	-0.038312	-0.145803
Superscaffold11	34957979	35378413	-0.097522	-0.039748	-0.024036	-0.057475
Superscaffold11	35378432	35584080	-0.089611	-0.056585	-0.037702	-0.045198
Superscaffold11	35584126	35834878	0.062672	0.053551	0.035579	0.028517
Superscaffold11	35834977	36110975	-0.008806	-0.005832	-0.004291	-0.005152
Superscaffold11	36110977	36359212	0.135290	0.076947	0.053606	0.063904
Superscaffold11	36359331	36621863	-0.075476	-0.047766	-0.027715	-0.040226
Superscaffold11	36622033	36900810	-0.026318	-0.012255	-0.008204	-0.011502
Superscaffold11	36900833	37220462	0.021326	0.016354	0.010052	0.012576
Superscaffold11	37220567	37490159	-0.285934	-0.155846	-0.104514	-0.162756
Superscaffold11	37490224	37733919	-0.239042	-0.224959	-0.132409	-0.157384
Superscaffold11	37733938	38646254	-0.191122	-0.119397	-0.071433	-0.104453
Superscaffold11	38648750	39008787	0.013389	0.007150	0.004870	0.007643
Superscaffold11	39008797	39261809	-0.034572	-0.027103	-0.016955	-0.020454
Superscaffold11	39261828	39738074	0.015857	0.016356	0.009690	0.008051
Superscaffold11	39738082	40216325	-0.082450	-0.023442	-0.018615	-0.051434
Superscaffold11	40216330	40629170	0.330907	0.147562	0.092765	0.237863
Superscaffold11	40629413	40856494	-0.130510	-0.137315	-0.080915	-0.086386
Superscaffold11	40856526	41161563	-0.475263	-0.850632	-0.340067	-0.363012
Superscaffold11	41161566	41471504	-0.035155	-0.025745	-0.013734	-0.016322
Superscaffold11	41471523	41650677	-0.077058	-0.085825	-0.044502	-0.040210
Superscaffold11	41650678	41802416	-0.449754	-0.450663	-0.204140	-0.300104
Superscaffold11	41802468	41979018	-0.194467	-0.155745	-0.079617	-0.108548
Superscaffold11	41979042	42189225	-0.226525	-0.190831	-0.119001	-0.139337
Superscaffold11	42189227	42462529	0.142438	0.131121	0.076838	0.075134
Superscaffold11	42462532	42735815	-0.053853	-0.054337	-0.025305	-0.027759
Superscaffold11	42735853	42927804	-0.522672	-0.677318	-0.316248	-0.373643
Superscaffold11	42927841	43358322	0.004282	0.002391	0.001530	-0.002764
Superscaffold11	43358341	43892838	0.067732	0.052592	0.028774	0.039196
Superscaffold11	43892879	44208159	0.135909	0.116398	0.066215	0.081665
Superscaffold11	44208166	44452661	-0.039551	-0.039212	-0.024271	-0.023493
Superscaffold11	44452839	44706265	-0.050412	-0.037354	-0.022951	-0.030046
Superscaffold11	44706334	44953313	0.094779	0.091755	0.050024	0.051141
Superscaffold11	44953355	45222022	0.060977	0.039883	0.025463	0.025265
Superscaffold11	45222047	45463017	-0.000157	-0.000090	-0.000063	-0.001809
Superscaffold11	45463034	46077821	0.115354	0.070465	0.044598	0.067070
Superscaffold11	46077888	46482097	-0.114734	-0.061816	-0.038020	-0.050634
Superscaffold11	46482198	46895885	0.030408	0.013969	0.009650	0.014281
Superscaffold11	46896028	47308409	-0.022622	-0.014203	-0.009476	-0.010727
Superscaffold11	47308410	47655880	0.003505	0.001691	0.001195	-0.000413
Superscaffold11	47655908	47922363	-0.067088	-0.044157	-0.027852	-0.027521
Superscaffold11	47923086	48186124	0.154136	0.098298	0.063450	0.080714
Superscaffold11	48186140	48472929	0.065485	0.036256	0.025837	0.036880
Superscaffold11	48472949	48798600	-0.062076	-0.043625	-0.022669	-0.031347
Superscaffold11	48798633	49258518	-0.021563	-0.017362	-0.010218	-0.013880
Superscaffold11	49258525	49976445	0.089594	0.059635	0.037309	0.044925
Superscaffold11	49976807	50583139	0.035468	0.026810	0.015816	0.017549
Superscaffold11	50583295	51186205	-0.155536	-0.079965	-0.049941	-0.094573
Superscaffold11	51186255	51425451	0.042003	0.032847	0.018621	0.019904
Superscaffold11	51425454	51762993	0.052403	0.037281	0.023023	0.030226
Superscaffold11	51763103	52263832	-0.199507	-0.080014	-0.051900	-0.121371
Superscaffold11	52263864	52598596	0.040085	0.024972	0.017586	0.021447
Superscaffold11	52598745	52870310	-0.064971	-0.033676	-0.024223	-0.034027
Superscaffold11	52870312	53220255	0.000221	0.000163	0.000107	0.002925
Superscaffold11	53220426	53803870	-0.057587	-0.042026	-0.026010	-0.033183
Superscaffold11	53803940	54048576	0.027093	0.019024	0.012138	0.014343
Superscaffold11	54048596	54301286	0.044860	0.031256	0.019445	0.022765
Superscaffold11	54301304	54683379	-0.019988	-0.012599	-0.007928	-0.008169
Superscaffold11	54683429	54922396	0.039669	0.025814	0.017422	0.022937
Superscaffold11	54922533	55261245	-0.206885	-0.104313	-0.068193	-0.128184
Superscaffold11	55261277	55873556	-0.035147	-0.007010	-0.005507	-0.016472
Superscaffold11	55873705	56066714	-0.220733	-0.205584	-0.097911	-0.121861
Superscaffold11	56066741	56369810	-0.256608	-0.255184	-0.134217	-0.160102
Superscaffold11	56369816	56712712	-0.294874	-0.220670	-0.115465	-0.203316
Superscaffold11	56712725	57124688	-0.085464	-0.045510	-0.028692	-0.052375
Superscaffold11	57124708	57435142	-0.179823	-0.093126	-0.060193	-0.113960
Superscaffold11	57435349	57741997	-0.069885	-0.043076	-0.025981	-0.036284
Superscaffold11	57742089	58190455	0.069710	0.045406	0.028489	0.034446
Superscaffold11	58190635	58534285	-0.013807	-0.006780	-0.003746	-0.011045
Superscaffold11	58534337	58847148	0.081288	0.052772	0.032954	0.037193
Superscaffold12	35008	281206	0.048851	0.032087	0.018653	0.022812
Superscaffold12	281588	454549	-0.479040	-0.428336	-0.217471	-0.315481
Superscaffold12	454592	838728	-0.115750	-0.051444	-0.032147	-0.058255
Superscaffold12	838743	1542785	0.009462	0.005510	0.003531	0.005748
Superscaffold12	1542914	1877451	-0.067915	-0.046149	-0.031100	-0.037111
Superscaffold12	1877452	2132411	0.008229	0.004506	0.002814	0.004468
Superscaffold12	2132413	2467969	-0.028742	-0.012031	-0.008411	-0.019955
Superscaffold12	2467986	2849461	-0.022642	-0.006771	-0.005001	-0.009283
Superscaffold12	2849576	3222023	0.142394	0.063489	0.044947	0.068985
Superscaffold12	3222945	3645984	-0.070391	-0.019585	-0.014125	-0.036015
Superscaffold12	3647083	4201446	0.054102	0.014892	0.009908	0.026611
Superscaffold12	4201490	4704862	-0.114422	-0.037478	-0.023893	-0.076087
Superscaffold12	4705001	5119805	-0.079687	-0.036908	-0.021944	-0.040227
Superscaffold12	5119919	5434724	-0.372800	-0.191366	-0.111152	-0.230768
Superscaffold12	5434938	5676661	-0.074364	-0.069198	-0.040845	-0.042438
Superscaffold12	5676670	5825778	0.005081	0.004904	0.002770	0.002871
Superscaffold12	5825792	6049838	-0.122572	-0.135077	-0.064768	-0.067657
Superscaffold12	6049871	6324568	-0.293015	-0.170442	-0.108623	-0.151747
Superscaffold12	6324610	6530958	-0.267275	-0.142465	-0.094728	-0.131300
Superscaffold12	6531064	6851215	0.073235	0.051269	0.032960	0.047122
Superscaffold12	6851216	7024331	-0.080704	-0.105380	-0.062547	-0.042132
Superscaffold12	7024372	7238075	-0.036616	-0.033689	-0.019900	-0.023566
Superscaffold12	7238107	7570595	-0.326718	-0.180025	-0.110665	-0.223430
Superscaffold12	7570668	7998047	0.179250	0.067368	0.042768	0.097691
Superscaffold12	7998065	8299975	0.047191	0.024602	0.014936	0.026175
Superscaffold12	8300003	8478979	-0.176997	-0.163028	-0.085016	-0.104497
Superscaffold12	8479128	8863157	-0.381820	-0.251270	-0.132033	-0.266901
Superscaffold12	8863168	9067709	0.257549	0.152135	0.092030	0.142511
Superscaffold12	9067718	9427754	-0.204387	-0.063984	-0.045863	-0.097966
Superscaffold12	9427788	9808986	-0.515749	-0.223694	-0.148010	-0.365532
Superscaffold12	9809275	10141843	-0.198578	-0.070737	-0.046630	-0.122210
Superscaffold12	10141865	10679411	-0.090419	-0.022652	-0.016058	-0.053217
Superscaffold12	10680169	11269649	0.048457	0.011639	0.008811	0.030493
Superscaffold12	11269703	11593471	-0.246195	-0.094676	-0.059426	-0.151736
Superscaffold12	11593497	12057343	-0.177868	-0.124767	-0.063506	-0.092520
Superscaffold12	12057447	13111523	0.015120	0.006949	0.004355	0.005405
Superscaffold12	13111537	13762006	0.147833	0.040937	0.027329	0.055973
Superscaffold12	13762041	14197692	-0.140331	-0.046385	-0.032944	-0.068973
Superscaffold12	14197702	14766506	-0.259717	-0.078727	-0.052491	-0.162642
Superscaffold12	14766553	15104257	-0.483081	-0.313498	-0.177868	-0.416493
Superscaffold12	15104323	15878340	0.010470	0.001814	0.001385	0.003504
Superscaffold12	15878359	16852486	-0.056245	-0.007678	-0.005799	-0.031759
Superscaffold12	16852535	17559717	-0.069804	-0.015848	-0.010687	-0.050404
Superscaffold12	17559835	18186369	0.540033	0.127675	0.102343	0.416545
Superscaffold12	18186390	19254700	0.017550	0.003638	0.002686	0.010682
Superscaffold12	19254713	19897571	0.094805	0.018924	0.014233	0.066322
Superscaffold12	19897742	20427572	-0.026765	-0.005359	-0.003821	-0.016803
Superscaffold12	20427573	20915266	-0.111074	-0.040712	-0.024909	-0.061908
Superscaffold12	20916979	21479227	-0.170804	-0.070462	-0.042959	-0.113382
Superscaffold12	21479236	21766138	-0.191198	-0.119878	-0.066810	-0.117028
Superscaffold12	21766275	22062818	0.005276	0.003529	0.002033	0.005954
Superscaffold12	22062861	22418494	0.130561	0.087214	0.052680	0.053423
Superscaffold12	22418529	22761633	0.370000	0.329943	0.157515	0.251959
Superscaffold12	22761853	23162383	0.079480	0.046667	0.022969	0.041678
Superscaffold12	23162498	23521355	0.020916	0.011288	0.006626	0.012446
Superscaffold12	23521367	23888227	0.295822	0.137438	0.081344	0.203116
Superscaffold12	23888255	24424550	0.046664	0.013290	0.009416	0.025098
Superscaffold12	24425132	24829017	0.035429	0.016589	0.009651	0.014505
Superscaffold12	24829086	25160803	-0.117305	-0.058158	-0.035528	-0.065089
Superscaffold12	25160832	25516248	-0.042910	-0.025702	-0.015034	-0.021092
Superscaffold12	25516291	25893335	-0.093713	-0.044365	-0.026459	-0.054745
Superscaffold12	25893519	26167360	0.201188	0.142362	0.088030	0.126066
Superscaffold12	26167501	26538251	0.123955	0.050992	0.031669	0.080499
Superscaffold12	26543301	27392870	-0.051301	-0.024702	-0.016608	-0.029940
Superscaffold12	27392882	27716599	-0.182429	-0.086019	-0.058548	-0.092550
Superscaffold12	27716638	27967120	-0.286930	-0.134587	-0.084342	-0.159290
Superscaffold12	27967193	28422602	-0.070951	-0.028170	-0.017753	-0.044311
Superscaffold12	28422649	28788810	-0.056186	-0.033819	-0.021510	-0.032329
Superscaffold12	28788913	29053057	0.070474	0.039322	0.026288	0.042549
Superscaffold12	29053069	29523786	0.126306	0.055403	0.036636	0.083805
Superscaffold12	29524355	29872490	-0.122217	-0.064948	-0.038897	-0.062969
Superscaffold12	29872499	30316998	0.004846	0.001025	0.000760	-0.000041
Superscaffold12	30318093	30580252	-0.045469	-0.023939	-0.013566	-0.021926
Superscaffold12	30580271	31107308	-0.089938	-0.020123	-0.015077	-0.051089
Superscaffold12	31107332	32050460	-0.206095	-0.101050	-0.061836	-0.118443
Superscaffold12	32050509	32232569	-0.144112	-0.072638	-0.052710	-0.089775
Superscaffold12	32232683	32438428	-0.047608	-0.030553	-0.017538	-0.032320
Superscaffold12	32438485	32741151	-0.096845	-0.053440	-0.031756	-0.050864
Superscaffold12	32741160	33034108	-0.457824	-0.258782	-0.148259	-0.331185
Superscaffold12	33034176	33378728	-0.532810	-0.360076	-0.193429	-0.399084
Superscaffold12	33378764	33871753	0.110616	0.043876	0.027881	0.070071
Superscaffold12	33871918	34263374	-0.048080	-0.018323	-0.012634	-0.026006
Superscaffold12	34263522	34671385	-0.070693	-0.025663	-0.017036	-0.035222
Superscaffold12	34671517	35043316	-0.117616	-0.037763	-0.026738	-0.071401
Superscaffold12	35043362	35429122	0.109368	0.051499	0.033310	0.060440
Superscaffold12	35429678	35881670	-0.142009	-0.060739	-0.040638	-0.078034
Superscaffold12	35881729	36229385	0.099962	0.045912	0.029588	0.050955
Superscaffold12	36229658	36537017	0.038592	0.016483	0.010700	0.019561
Superscaffold12	36537391	36797538	0.025759	0.013397	0.009107	0.016948
Superscaffold12	36797607	37340285	0.001738	0.000772	0.000513	0.003226
Superscaffold12	37340336	37732531	-0.133460	-0.065256	-0.042367	-0.088876
Superscaffold12	37732534	37997606	-0.262407	-0.100379	-0.071619	-0.151108
Superscaffold12	37997620	38221281	-0.023290	-0.021254	-0.012738	-0.012548
Superscaffold12	38221290	38399127	0.164513	0.125506	0.078716	0.107399
Superscaffold12	38399128	38630312	-0.114335	-0.054723	-0.033371	-0.055231
Superscaffold12	38630335	38939020	-0.087645	-0.055015	-0.032637	-0.047615
Superscaffold12	38939131	39270809	-0.105008	-0.052185	-0.037577	-0.058747
Superscaffold12	39270896	39576605	-0.112482	-0.054540	-0.038452	-0.050314
Superscaffold12	39576625	39845418	0.056490	0.029307	0.019943	0.029544
Superscaffold12	39845437	40106456	-0.408459	-0.462349	-0.206524	-0.241769
Superscaffold12	40106458	40447753	-0.263356	-0.137628	-0.081764	-0.152485
Superscaffold12	40447761	40679772	0.097066	0.085819	0.048099	0.058062
Superscaffold12	40679891	41270251	0.053749	0.040824	0.023057	0.033255
Superscaffold12	41270309	41523197	-0.087875	-0.049839	-0.029501	-0.044667
unanchor80	12584	42960	0.022521	0.017221	0.011379	0.011465
unanchor224	24686	217220	0.024369	0.024917	0.013396	0.009128
unanchor226	217391	451387	-0.116831	-0.061307	-0.039222	-0.069397
unanchor233	303749	393463	-0.221185	-0.185571	-0.091458	-0.138016
unanchor236	393508	403676	0.132608	0.104571	0.072181	0.085956
unanchor243	13521	685693	-0.123464	-0.076463	-0.047525	-0.080011
unanchor251	163294	202496	-0.009658	-0.004652	-0.003176	-0.008867
unanchor251	202509	794846	0.263976	0.135044	0.097057	0.147347
unanchor255	138064	687510	-0.091559	-0.051309	-0.032424	-0.052423
unanchor269	11295	255557	-0.100961	-0.076414	-0.039610	-0.061627
unanchor272	149792	369816	-0.110086	-0.082187	-0.048636	-0.068876
unanchor274	15320	140605	0.055999	0.045491	0.027509	0.028758
unanchor275	140847	249294	0.061690	0.037939	0.023870	0.031009
unanchor278	249322	555955	-0.018503	-0.011202	-0.006914	-0.005889
unanchor278	556195	1355907	0.070981	0.035634	0.025234	0.033045
unanchor292	12104	252836	0.048890	0.021812	0.015052	0.029785
unanchor293	253937	986693	-0.144268	-0.076856	-0.047109	-0.089364
unanchor305	18794	103367	0.077885	0.053260	0.032118	0.043356
unanchor309	103408	292538	0.007775	0.005548	0.003109	0.004460
unanchor311	292540	299927	0.035058	0.029088	0.016025	0.021472
unanchor317	793	458115	0.038239	0.016687	0.011051	0.015824
