chr	windowStart	windowEnd	D	f_d	f_dM	d_f
Superscaffold1	568244	792503	0.013732	0.009787	0.006307	0.007460
Superscaffold1	792662	1109495	0.204925	0.147991	0.081472	0.115339
Superscaffold1	1109508	1453488	0.122300	0.036914	0.025199	0.079283
Superscaffold1	1453554	1901329	-0.133957	-0.058110	-0.034129	-0.090888
Superscaffold1	1901361	2242063	0.136643	0.042742	0.022768	0.084951
Superscaffold1	2242104	2448078	-0.039305	-0.024637	-0.014968	-0.023694
Superscaffold1	2448103	2612479	0.090450	0.093007	0.050950	0.050420
Superscaffold1	2612594	2785277	-0.094761	-0.106974	-0.051530	-0.049590
Superscaffold1	2785282	2975625	-0.414933	-0.439496	-0.198311	-0.296769
Superscaffold1	2975771	3175345	0.031739	0.036237	0.015390	0.015142
Superscaffold1	3175403	3500544	-0.012532	-0.006217	-0.003498	-0.004021
Superscaffold1	3500545	3837255	-0.052448	-0.022807	-0.012637	-0.028245
Superscaffold1	3837364	4194867	-0.129406	-0.070242	-0.039054	-0.079651
Superscaffold1	4194945	4500707	0.067439	0.040012	0.022245	0.047699
Superscaffold1	4500733	4782591	0.100039	0.076084	0.039212	0.057714
Superscaffold1	4782666	5138600	0.007315	0.003552	0.002218	0.005047
Superscaffold1	5138605	5603943	-0.147629	-0.040840	-0.026868	-0.104725
Superscaffold1	5603961	5904098	0.206421	0.098186	0.062121	0.135488
Superscaffold1	5904267	6269904	-0.011501	-0.005719	-0.003309	-0.007298
Superscaffold1	6269939	6621270	0.150010	0.066885	0.041633	0.094526
Superscaffold1	6621274	7053120	-0.133625	-0.059207	-0.034398	-0.092585
Superscaffold1	7053422	7370952	0.106928	0.053813	0.028364	0.066120
Superscaffold1	7370957	7902393	0.014007	0.003017	0.002081	0.007834
Superscaffold1	7902405	8567379	0.133887	0.057668	0.032578	0.088549
Superscaffold1	8567386	9711651	0.045711	0.017924	0.011302	0.029379
Superscaffold1	9711658	10608519	0.015388	0.007250	0.004472	0.012121
Superscaffold1	10608675	10853004	-0.065431	-0.032803	-0.020145	-0.032536
Superscaffold1	10853143	11151314	-0.124063	-0.054479	-0.032206	-0.073834
Superscaffold1	11151400	11495610	-0.474743	-0.251691	-0.145070	-0.362245
Superscaffold1	11495654	11916088	-0.078029	-0.026955	-0.016827	-0.055162
Superscaffold1	11916157	12191913	-0.145918	-0.100056	-0.058553	-0.087465
Superscaffold1	12192055	12473965	-0.023190	-0.018844	-0.009472	-0.018036
Superscaffold1	12473967	12805835	0.036664	0.016651	0.009221	0.024341
Superscaffold1	12805836	13096833	-0.108376	-0.047322	-0.024925	-0.073820
Superscaffold1	13096917	13777279	-0.196316	-0.049682	-0.031045	-0.149319
Superscaffold1	13778190	14363262	-0.072063	-0.025365	-0.014395	-0.052191
Superscaffold1	14363678	14772907	-0.019598	-0.007439	-0.004130	-0.011963
Superscaffold1	14773444	15081666	0.012336	0.005359	0.003473	0.006090
Superscaffold1	15081708	15503219	-0.247522	-0.066381	-0.044355	-0.196456
Superscaffold1	15503223	15829093	-0.276997	-0.094841	-0.056594	-0.210408
Superscaffold1	15829197	16181590	0.050803	0.018965	0.010996	0.035851
Superscaffold1	16182302	16539365	-0.229438	-0.105409	-0.057164	-0.157412
Superscaffold1	16539410	16816295	-0.038852	-0.022101	-0.012790	-0.023812
Superscaffold1	16816321	17199601	-0.042386	-0.018196	-0.010369	-0.019732
Superscaffold1	17199603	17620849	0.088151	0.035583	0.020068	0.062152
Superscaffold1	17620938	18270938	-0.279552	-0.278137	-0.097499	-0.147310
Superscaffold1	18270963	18541058	-0.180431	-0.116889	-0.055159	-0.102064
Superscaffold1	18541148	19026634	-0.077128	-0.034379	-0.019676	-0.041608
Superscaffold1	19026665	19259307	-0.152729	-0.077183	-0.050869	-0.112763
Superscaffold1	19259321	19695254	0.213346	0.111666	0.076966	0.165384
Superscaffold1	19695582	19990617	-0.052075	-0.023211	-0.014303	-0.028819
Superscaffold1	19990645	20369659	0.166877	0.058790	0.037537	0.109585
Superscaffold1	20370615	21069475	-0.083213	-0.041277	-0.019823	-0.055587
Superscaffold1	21069513	21385373	0.059555	0.025283	0.014151	0.039751
Superscaffold1	21385388	21747848	-0.119602	-0.050511	-0.028008	-0.068682
Superscaffold1	21748878	22157460	0.160676	0.077014	0.041820	0.106965
Superscaffold1	22157486	22655694	0.228429	0.066249	0.041148	0.158761
Superscaffold1	22655790	23122039	0.401332	0.126712	0.074921	0.315598
Superscaffold1	23122049	23597000	-0.007066	-0.002059	-0.001180	-0.005091
Superscaffold1	23597031	23951817	-0.206271	-0.091779	-0.048513	-0.120884
Superscaffold1	23951947	24345380	-0.103117	-0.037110	-0.022901	-0.059695
Superscaffold1	24345390	24717274	0.091186	0.031739	0.019474	0.074346
Superscaffold1	24717307	25198445	-0.017559	-0.005836	-0.003353	-0.008931
Superscaffold1	25198471	25523554	-0.312603	-0.124796	-0.073422	-0.185742
Superscaffold1	25523574	25860269	-0.234229	-0.126110	-0.074509	-0.173426
Superscaffold1	25860304	26231549	-0.155016	-0.059314	-0.033519	-0.110553
Superscaffold1	26231554	26500245	0.000160	0.000072	0.000039	-0.002516
Superscaffold1	26500332	27062897	-0.147262	-0.029528	-0.017896	-0.091831
Superscaffold1	27062964	27461470	-0.193855	-0.076018	-0.043047	-0.140403
Superscaffold1	27461805	27764945	-0.086680	-0.044444	-0.024190	-0.058178
Superscaffold1	27764962	27974793	-0.080141	-0.071497	-0.032696	-0.040964
Superscaffold1	27975011	28213175	0.049434	0.029273	0.015411	0.025884
Superscaffold1	28213178	28681775	0.168435	0.059608	0.040286	0.116485
Superscaffold1	28681778	29121840	-0.185763	-0.046076	-0.029693	-0.125726
Superscaffold1	29121967	29434627	0.122155	0.056858	0.031089	0.073596
Superscaffold1	29434631	29768326	-0.275640	-0.164270	-0.075091	-0.182490
Superscaffold1	29768828	30004496	-0.073574	-0.042408	-0.019175	-0.048177
Superscaffold1	30004512	30573614	0.047038	0.020959	0.011750	0.019787
Superscaffold1	30573738	31133423	-0.099399	-0.032493	-0.018327	-0.072434
Superscaffold1	31133428	31581399	0.005837	0.002133	0.001186	0.002540
Superscaffold1	31581712	32330444	0.117211	0.043752	0.022314	0.073384
Superscaffold1	32330464	32667306	0.314600	0.150080	0.087128	0.242806
Superscaffold1	32667307	33083171	-0.173798	-0.068159	-0.040186	-0.121187
Superscaffold1	33083210	33455362	-0.335455	-0.171972	-0.097431	-0.235141
Superscaffold1	33455365	33672177	0.043587	0.024384	0.015242	0.024267
Superscaffold1	33672364	33921076	-0.117379	-0.073779	-0.045044	-0.072438
Superscaffold1	33921098	34205104	-0.140778	-0.056509	-0.032357	-0.099448
Superscaffold1	34205105	34656343	-0.239185	-0.080240	-0.049796	-0.166651
Superscaffold1	34656366	35109299	0.142056	0.035060	0.021981	0.102349
Superscaffold1	35109307	35854718	-0.101146	-0.045702	-0.027105	-0.059497
Superscaffold1	35854747	36826949	0.013085	0.004191	0.002598	0.007413
Superscaffold1	36826975	37166664	0.340628	0.134255	0.087550	0.181131
Superscaffold1	37166675	37531520	0.158491	0.058785	0.035314	0.103157
Superscaffold1	37531732	37866751	0.215355	0.122513	0.065669	0.132413
Superscaffold1	37866777	38435597	0.018503	0.006175	0.003781	0.012627
Superscaffold1	38435612	38771237	0.035545	0.013532	0.008245	0.027581
Superscaffold1	38771292	39040569	-0.121476	-0.049071	-0.028935	-0.099929
Superscaffold1	39040626	39371284	-0.201456	-0.075701	-0.042836	-0.167258
Superscaffold1	39373110	39829194	-0.116839	-0.036505	-0.023045	-0.089735
Superscaffold1	39829368	40158770	0.098955	0.032548	0.019721	0.077488
Superscaffold1	40158789	40566724	0.119526	0.040967	0.024559	0.068858
Superscaffold1	40566818	41062274	-0.011777	-0.004087	-0.002353	-0.007886
Superscaffold1	41064803	41562592	-0.030278	-0.008478	-0.005196	-0.023574
Superscaffold1	41562638	41888317	0.202609	0.064860	0.035939	0.163131
Superscaffold1	41888408	42679241	0.076434	0.008259	0.005875	0.070176
Superscaffold1	42679703	43362705	0.224409	0.035436	0.024057	0.195009
Superscaffold1	43362820	43903017	0.098980	0.015350	0.009139	0.070932
Superscaffold1	43903087	44188979	-0.315862	-0.167221	-0.068212	-0.286487
Superscaffold1	44189402	44746158	0.187132	0.060867	0.029943	0.155662
Superscaffold1	44746168	45323346	0.110308	0.018003	0.012075	0.076739
Superscaffold1	45323387	45876814	-0.371209	-0.113101	-0.063203	-0.298396
Superscaffold1	45876837	46326858	-0.800926	-0.359487	-0.167782	-0.766957
Superscaffold1	46327329	47240856	0.151302	0.029066	0.016254	0.135402
Superscaffold1	47241376	47958972	0.294565	0.052053	0.030352	0.266219
Superscaffold1	47959566	48459725	-0.241603	-0.053137	-0.030486	-0.177312
Superscaffold1	48459790	48910148	-0.013900	-0.003105	-0.001590	-0.006320
Superscaffold1	48910906	49373592	0.031006	0.006732	0.003951	0.015680
Superscaffold1	49373656	49798574	-0.219942	-0.052009	-0.029992	-0.150732
Superscaffold1	49798581	50119774	-0.460949	-0.260303	-0.126382	-0.424377
Superscaffold1	50119880	50381001	0.051104	0.024657	0.012834	0.029268
Superscaffold1	50381005	50875405	0.013640	0.006689	0.004405	0.009619
Superscaffold1	50875439	51182972	0.117431	0.103253	0.054496	0.063537
Superscaffold2	68214	426861	-0.159720	-0.083506	-0.048274	-0.087466
Superscaffold2	427625	700634	0.194795	0.119586	0.063027	0.096682
Superscaffold2	700656	984395	0.129013	0.068529	0.039003	0.071978
Superscaffold2	984417	1294565	0.053539	0.019915	0.011631	0.021291
Superscaffold2	1294756	1589886	-0.009298	-0.004620	-0.002845	-0.002417
Superscaffold2	1589975	1981867	-0.005082	-0.001330	-0.000855	-0.004795
Superscaffold2	1981917	2415680	0.014602	0.004429	0.002801	0.011886
Superscaffold2	2415829	3245615	-0.045984	-0.021008	-0.012401	-0.031216
Superscaffold2	3245627	3643825	-0.254666	-0.134144	-0.073424	-0.155426
Superscaffold2	3644025	4113139	0.025433	0.010905	0.005660	0.018674
Superscaffold2	4113154	4516198	-0.102041	-0.039352	-0.022157	-0.070146
Superscaffold2	4516272	4880411	0.065311	0.025973	0.014638	0.043582
Superscaffold2	4880543	5323701	0.002330	0.000828	0.000526	0.000745
Superscaffold2	5323803	5710892	0.282012	0.121795	0.067817	0.178226
Superscaffold2	5710893	6227419	0.372644	0.155095	0.080154	0.297846
Superscaffold2	6227647	6643006	0.057256	0.017599	0.010420	0.039456
Superscaffold2	6643020	7336987	-0.064816	-0.019218	-0.010719	-0.046165
Superscaffold2	7337123	7752560	-0.249312	-0.082835	-0.048271	-0.174025
Superscaffold2	7752671	8314313	-0.129370	-0.042070	-0.025033	-0.084823
Superscaffold2	8314651	9061956	-0.129282	-0.034761	-0.021759	-0.085204
Superscaffold2	9062018	9636977	0.204015	0.072615	0.042107	0.134128
Superscaffold2	9637013	10088599	-0.053565	-0.016316	-0.009463	-0.033969
Superscaffold2	10088646	10578399	-0.142878	-0.048114	-0.029810	-0.093543
Superscaffold2	10578435	10932669	-0.061793	-0.026378	-0.014952	-0.036495
Superscaffold2	10935139	11298934	-0.010438	-0.003857	-0.002160	-0.006762
Superscaffold2	11299001	11653102	0.099290	0.034844	0.019382	0.056592
Superscaffold2	11653188	12749756	0.020605	0.008606	0.004196	0.019365
Superscaffold2	12749759	13119162	0.073267	0.035071	0.017512	0.060779
Superscaffold2	13119202	13624129	0.114107	0.038532	0.020260	0.089458
Superscaffold2	13624158	13998417	0.293957	0.122338	0.073933	0.208013
Superscaffold2	13998419	14325003	-0.045811	-0.026290	-0.012315	-0.032007
Superscaffold2	14325012	14805065	0.038226	0.014071	0.007680	0.029482
Superscaffold2	14805117	15179982	-0.135066	-0.051584	-0.026852	-0.094138
Superscaffold2	15179992	16379999	-0.079497	-0.030665	-0.016704	-0.053665
Superscaffold2	16380100	16741535	0.000318	0.000174	0.000094	-0.000650
Superscaffold2	16741698	17106607	-0.164327	-0.073112	-0.038862	-0.093719
Superscaffold2	17106615	17644330	0.105381	0.040005	0.023623	0.076015
Superscaffold2	17644420	18047499	0.089963	0.031060	0.017186	0.065181
Superscaffold2	18047603	18477302	-0.263759	-0.087646	-0.045891	-0.195861
Superscaffold2	18477467	19021918	-0.239384	-0.068768	-0.037454	-0.178757
Superscaffold2	19021994	19554891	-0.247840	-0.070556	-0.040557	-0.153763
Superscaffold2	19554990	19870126	-0.252140	-0.211087	-0.103186	-0.206067
Superscaffold2	19870182	20234222	0.015512	0.004749	0.002729	0.004270
Superscaffold2	20234855	20664863	-0.103167	-0.029187	-0.015239	-0.069480
Superscaffold2	20664900	21165824	0.085275	0.029368	0.019135	0.050397
Superscaffold2	21165886	21688174	0.242935	0.056427	0.035347	0.206488
Superscaffold2	21689034	22161914	-0.262475	-0.070740	-0.041590	-0.197989
Superscaffold2	22162013	22590527	-0.129621	-0.063899	-0.036732	-0.093971
Superscaffold2	22590676	23048623	-0.286323	-0.078042	-0.048338	-0.177833
Superscaffold2	23048682	23410140	0.203194	0.066555	0.036870	0.162926
Superscaffold2	23410395	23855151	0.005079	0.001542	0.000864	0.008775
Superscaffold2	23855606	24252912	-0.203518	-0.069790	-0.038229	-0.156999
Superscaffold2	24252921	24531865	-0.080981	-0.037113	-0.019559	-0.055627
Superscaffold2	24531929	24989689	-0.241851	-0.080601	-0.044011	-0.195719
Superscaffold2	24989743	25371036	0.110051	0.062646	0.031529	0.080394
Superscaffold2	25371061	25862159	-0.180570	-0.053071	-0.031776	-0.139733
Superscaffold2	25862161	26216706	0.331954	0.131356	0.082446	0.300935
Superscaffold2	26217395	26723428	-0.061762	-0.018696	-0.010488	-0.047230
Superscaffold2	26723460	27092301	-0.214626	-0.074598	-0.042780	-0.137266
Superscaffold2	27092395	27433849	-0.282997	-0.123447	-0.067492	-0.205694
Superscaffold2	27435022	27746722	-0.108672	-0.039080	-0.026018	-0.067408
Superscaffold2	27749339	28833735	0.024369	0.009321	0.005253	0.018832
Superscaffold2	28833748	29082232	-0.048452	-0.023145	-0.011610	-0.027806
Superscaffold2	29082260	29417564	-0.218541	-0.108597	-0.054023	-0.152287
Superscaffold2	29417606	29600402	0.001815	0.001051	0.000567	0.006936
Superscaffold2	29600426	30074568	0.163232	0.066813	0.038013	0.119649
Superscaffold2	30074643	30495453	0.035059	0.010937	0.005840	0.024431
Superscaffold2	30496620	31038533	0.219294	0.056394	0.034574	0.180842
Superscaffold2	31038554	31496269	0.065117	0.015333	0.009557	0.055011
Superscaffold2	31496273	31811966	-0.007332	-0.003452	-0.001798	-0.001198
Superscaffold2	31812013	32461453	-0.083311	-0.032416	-0.017465	-0.046690
Superscaffold2	32461594	32877991	0.081077	0.023903	0.013873	0.054914
Superscaffold2	32878002	33267259	0.016229	0.006281	0.003466	0.008286
Superscaffold2	33267305	33703645	-0.120441	-0.044257	-0.023609	-0.090640
Superscaffold2	33703827	34227606	0.011046	0.003457	0.002102	0.011007
Superscaffold2	34227747	34536394	0.157521	0.073201	0.041588	0.130954
Superscaffold2	34536412	35058943	-0.101269	-0.030359	-0.017314	-0.080425
Superscaffold2	35058948	35560913	-0.021882	-0.005421	-0.003014	-0.017735
Superscaffold2	35560971	36200864	-0.081005	-0.024231	-0.013587	-0.059461
Superscaffold2	36200867	36594516	0.042177	0.015722	0.008870	0.028847
Superscaffold2	36594834	36947585	-0.081035	-0.035386	-0.019261	-0.051340
Superscaffold2	36947597	37332755	0.060983	0.017173	0.010828	0.040243
Superscaffold2	37332917	37698845	0.112308	0.033039	0.020155	0.070848
Superscaffold2	37699039	38401392	0.028914	0.008908	0.004832	0.019634
Superscaffold2	38401422	38889274	-0.028942	-0.007992	-0.004556	-0.023455
Superscaffold2	38889651	39300443	0.049432	0.019509	0.009411	0.046798
Superscaffold2	39300493	39667951	0.035883	0.015117	0.008699	0.024336
Superscaffold2	39667953	40005453	0.169311	0.104617	0.055390	0.112188
Superscaffold2	40005493	40327617	-0.124033	-0.050295	-0.027741	-0.095410
Superscaffold2	40327673	40701148	0.318087	0.067892	0.045543	0.236022
Superscaffold2	40701211	41016390	0.080684	0.039372	0.021710	0.067700
Superscaffold2	41016469	41321834	0.127292	0.043000	0.028352	0.110632
Superscaffold2	41321882	41644616	0.190810	0.082271	0.051000	0.144333
Superscaffold2	41644653	42011526	0.122515	0.041840	0.022867	0.110238
Superscaffold2	42011641	42488879	-0.059780	-0.012197	-0.007257	-0.040239
Superscaffold2	42488893	42931836	0.131404	0.028569	0.017684	0.086018
Superscaffold2	42931897	43172687	0.390171	0.144098	0.101273	0.209028
Superscaffold2	43172732	43708444	0.208756	0.045127	0.027212	0.172801
Superscaffold2	43708582	44461474	0.260496	0.047480	0.029844	0.233567
Superscaffold2	44461529	45162473	0.133783	0.034243	0.019391	0.124140
Superscaffold2	45164612	45860897	-0.149882	-0.036589	-0.020153	-0.131462
Superscaffold2	45861101	46635370	0.180615	0.028001	0.017271	0.161659
Superscaffold2	46635423	47401741	-0.106466	-0.017899	-0.010726	-0.102967
Superscaffold2	47401763	48218514	0.237954	0.037892	0.024648	0.198752
Superscaffold2	48218700	48717249	-0.140148	-0.029258	-0.017117	-0.112201
Superscaffold2	48717292	49186809	0.208912	0.053098	0.032497	0.163478
Superscaffold2	49186842	49747275	-0.254753	-0.067265	-0.037583	-0.191967
Superscaffold2	49747442	50242817	-0.001607	-0.000423	-0.000266	-0.000415
Superscaffold2	50242861	50593489	0.001592	0.000684	0.000372	-0.000844
Superscaffold2	50593490	51073917	-0.218818	-0.078300	-0.041197	-0.148549
Superscaffold2	51073991	51399549	-0.055580	-0.019472	-0.009432	-0.036650
Superscaffold2	51399617	51781360	0.099855	0.022669	0.013794	0.072913
Superscaffold2	51781363	52044356	0.595142	0.200127	0.128865	0.499847
Superscaffold2	52044804	52464257	0.198069	0.056095	0.028090	0.152375
Superscaffold2	52464285	52671347	0.012774	0.006643	0.003581	0.008493
Superscaffold2	52671363	52914936	0.219634	0.107153	0.062197	0.130171
Superscaffold2	52915192	53424277	0.032248	0.010830	0.006920	0.028612
Superscaffold2	53424291	54043456	-0.192670	-0.065928	-0.041204	-0.124881
Superscaffold2	54043496	54411300	-0.252250	-0.075249	-0.046303	-0.140681
Superscaffold2	54411466	55227472	-0.005033	-0.001141	-0.000795	0.001614
Superscaffold2	55228072	55639986	-0.096759	-0.034864	-0.023714	-0.073527
Superscaffold2	55640005	56036627	-0.352042	-0.158633	-0.089505	-0.271493
Superscaffold2	56036684	56487360	-0.241253	-0.068332	-0.040339	-0.170835
Superscaffold2	56487375	56935283	0.105848	0.032851	0.019215	0.078034
Superscaffold2	56935298	57365478	0.104599	0.037174	0.020107	0.086650
Superscaffold2	57365500	57911479	-0.263910	-0.123956	-0.057291	-0.169052
Superscaffold2	57911489	58419536	-0.201225	-0.086851	-0.049564	-0.132952
Superscaffold2	58419676	58762191	-0.460197	-0.255420	-0.121476	-0.332254
Superscaffold2	58762366	59124364	0.060009	0.017721	0.010558	0.042691
Superscaffold2	59124384	59539826	-0.259778	-0.104938	-0.055922	-0.209850
Superscaffold2	59539982	59988369	0.215772	0.073330	0.041791	0.194686
Superscaffold2	59988428	60399718	-0.020272	-0.005651	-0.003357	-0.011848
Superscaffold2	60399809	60624448	-0.076574	-0.039379	-0.021676	-0.056271
Superscaffold2	60624457	60876994	0.099685	0.043332	0.024692	0.062679
Superscaffold2	60876999	61340141	-0.380605	-0.315358	-0.147633	-0.251565
Superscaffold2	61340246	62129752	0.024872	0.011373	0.006153	0.012894
Superscaffold2	62129762	62728639	0.200786	0.076200	0.044623	0.110222
Superscaffold2	62728662	63018099	0.085765	0.031161	0.018983	0.062587
Superscaffold2	63018189	63395251	0.225217	0.068589	0.045150	0.165502
Superscaffold2	63395281	63752923	0.078416	0.035257	0.019314	0.055709
Superscaffold2	63752931	64018711	0.568554	0.260745	0.215842	0.350297
Superscaffold2	64018737	64280485	0.206830	0.101581	0.053254	0.145773
Superscaffold2	64280557	64495831	0.025957	0.011077	0.007149	0.017966
Superscaffold2	64495836	64893093	-0.142608	-0.192164	-0.080122	-0.080179
Superscaffold2	64893760	65564719	-0.280684	-0.116811	-0.063158	-0.202448
Superscaffold2	65564793	66026560	-0.245483	-0.063913	-0.038037	-0.186784
Superscaffold2	66026633	66309927	-0.036877	-0.019482	-0.009703	-0.020551
Superscaffold2	66309979	66745469	0.452076	0.157165	0.084927	0.372481
Superscaffold2	66745495	67282905	0.074032	0.024282	0.011331	0.051047
Superscaffold2	67282929	67645456	-0.105086	-0.035172	-0.022625	-0.063484
Superscaffold2	67645474	68025417	-0.103188	-0.030921	-0.017152	-0.076033
Superscaffold2	68025429	68444409	-0.168772	-0.065020	-0.031919	-0.132322
Superscaffold2	68444486	68760247	-0.261593	-0.095452	-0.054419	-0.203639
Superscaffold2	68760266	69195051	0.001214	0.000448	0.000229	0.001597
Superscaffold2	69195216	69481524	-0.269286	-0.165120	-0.085125	-0.178169
Superscaffold2	69481542	69749775	0.001179	0.000501	0.000320	0.006438
Superscaffold2	69749791	70154180	0.137957	0.035629	0.026013	0.094301
Superscaffold2	70154477	70822406	0.191102	0.073984	0.043214	0.131085
Superscaffold2	70824044	71174119	-0.036193	-0.014025	-0.008481	-0.023017
Superscaffold2	71174121	71511212	-0.358394	-0.172480	-0.089284	-0.256810
Superscaffold2	71511282	71854415	-0.001932	-0.000669	-0.000408	-0.000422
Superscaffold2	71854428	72147832	0.027474	0.016708	0.010238	0.011953
Superscaffold2	72147944	72370082	0.339879	0.174967	0.104871	0.216683
Superscaffold2	72370107	72628342	-0.043566	-0.027052	-0.014019	-0.022014
Superscaffold2	72628351	72930989	-0.160043	-0.132534	-0.060857	-0.100423
Superscaffold2	72931043	73150444	0.064446	0.042733	0.022806	0.047466
Superscaffold2	73150643	73439447	0.115489	0.082524	0.044270	0.059412
Superscaffold2	73439529	73705801	-0.019554	-0.010684	-0.004882	-0.008848
Superscaffold2	73705827	73926412	-0.002709	-0.001582	-0.000918	0.000780
Superscaffold2	73926467	74141933	-0.381910	-0.241349	-0.134106	-0.233717
Superscaffold2	74142248	74407789	0.159807	0.068461	0.035400	0.097292
Superscaffold2	74407833	74604887	0.063641	0.042511	0.023890	0.032970
Superscaffold2	74604891	74797126	0.176625	0.135183	0.067280	0.113994
Superscaffold2	74797178	75129484	0.063246	0.038264	0.018693	0.038976
Superscaffold2	75129527	75328553	-0.506740	-0.522445	-0.207064	-0.362092
Superscaffold2	75328554	75509522	-0.170077	-0.198547	-0.080352	-0.080427
Superscaffold2	75509666	75862672	0.089150	0.042102	0.024903	0.042218
Superscaffold2	75862680	76349058	-0.170670	-0.092149	-0.054604	-0.086318
Superscaffold2	76349146	76730889	0.118507	0.041480	0.024688	0.060825
Superscaffold2	76730906	77007671	-0.136647	-0.068571	-0.034234	-0.074891
Superscaffold2	77007673	77280078	0.307575	0.145879	0.088897	0.226289
Superscaffold2	77280093	77559006	-0.035206	-0.016191	-0.008705	-0.014758
Superscaffold2	77559007	77729646	-0.038131	-0.024026	-0.014261	-0.019826
Superscaffold2	77729691	77883795	-0.055534	-0.064393	-0.025844	-0.030146
Superscaffold2	77883821	78201821	0.083092	0.036393	0.023875	0.052063
Superscaffold2	78201849	78395995	-0.198572	-0.158984	-0.074553	-0.118585
Superscaffold2	78396029	78733074	-0.000093	-0.000044	-0.000025	-0.003886
Superscaffold2	78733088	79243911	0.011472	0.003122	0.001881	0.013421
Superscaffold2	79243971	79641714	0.053740	0.030677	0.017149	0.041694
Superscaffold2	79641723	80373058	0.008125	0.002597	0.001685	0.003241
Superscaffold2	80373232	80824231	0.106920	0.032111	0.020553	0.072910
Superscaffold2	80824255	81489513	0.122554	0.044714	0.028356	0.076019
Superscaffold2	81489572	81923461	-0.019861	-0.006714	-0.003745	-0.013579
Superscaffold2	81923493	82294778	-0.128945	-0.057057	-0.029387	-0.104300
Superscaffold2	82294958	83035019	0.039457	0.014571	0.007886	0.031401
Superscaffold2	83035043	83355194	-0.104045	-0.038225	-0.022937	-0.066107
Superscaffold2	83355205	83660087	-0.058752	-0.030832	-0.015349	-0.039865
Superscaffold2	83660176	84017249	0.004036	0.001334	0.000763	0.002016
Superscaffold2	84017261	84439476	0.085499	0.034171	0.018909	0.071583
Superscaffold2	84439582	84785131	-0.145093	-0.055278	-0.032599	-0.116816
Superscaffold2	84785170	85112771	-0.296027	-0.104936	-0.059168	-0.227764
Superscaffold2	85112821	85376585	0.534288	0.207252	0.125460	0.411503
Superscaffold2	85376605	85836677	-0.144737	-0.047388	-0.026608	-0.106070
Superscaffold2	85837585	87227769	-0.179164	-0.081975	-0.041368	-0.105389
Superscaffold2	87227781	87665386	-0.062079	-0.032500	-0.017932	-0.038801
Superscaffold2	87665393	87922307	0.328301	0.147753	0.083657	0.248032
Superscaffold2	87922308	88218145	-0.139654	-0.058022	-0.032310	-0.093496
Superscaffold2	88218273	88629911	0.300872	0.114144	0.078963	0.197426
Superscaffold2	88631587	88915280	-0.223422	-0.118037	-0.065595	-0.123430
Superscaffold2	88915387	89260279	-0.344653	-0.353351	-0.132334	-0.189615
Superscaffold2	89260931	89558694	0.354071	0.167121	0.090131	0.246322
Superscaffold2	89558748	89887720	0.011691	0.004154	0.002418	0.008841
Superscaffold2	89888023	90239563	0.127022	0.049833	0.027979	0.079456
Superscaffold2	90239781	90609240	-0.063215	-0.023493	-0.013106	-0.035027
Superscaffold2	90609246	90960915	0.048751	0.027032	0.014290	0.034080
Superscaffold2	90960930	91343828	-0.034983	-0.012453	-0.007452	-0.020256
Superscaffold2	91343981	92541507	-0.106480	-0.031235	-0.018126	-0.071756
Superscaffold2	92541511	92868765	0.111448	0.060458	0.029564	0.084514
Superscaffold2	92868937	93428568	-0.539613	-0.622247	-0.219134	-0.427900
Superscaffold2	93429356	93763009	-0.083605	-0.086606	-0.027969	-0.034908
Superscaffold2	93763092	94118324	0.169950	0.077279	0.038736	0.103326
Superscaffold2	94118333	94529873	0.072081	0.039267	0.019456	0.047645
Superscaffold2	94529903	94858265	0.259402	0.138362	0.070752	0.165141
Superscaffold2	94858366	95066915	0.043696	0.022274	0.012019	0.020548
Superscaffold2	95066925	95306765	0.071746	0.034919	0.019442	0.040200
Superscaffold2	95306796	95561224	-0.004419	-0.002741	-0.001522	0.002607
Superscaffold2	95561278	95976333	-0.150576	-0.063098	-0.041366	-0.102959
Superscaffold2	95976652	96240259	0.001913	0.001234	0.000663	-0.000247
Superscaffold2	96240284	96591555	-0.056489	-0.030613	-0.017168	-0.032839
Superscaffold2	96591601	96884352	0.079878	0.047846	0.025496	0.044316
Superscaffold2	96884433	97123253	-0.199002	-0.123387	-0.061576	-0.108976
Superscaffold2	97123329	97350303	0.075177	0.062226	0.030896	0.041786
Superscaffold2	97350379	97544231	-0.024246	-0.010697	-0.006373	-0.010021
Superscaffold2	97544325	97949114	0.015079	0.010006	0.005119	0.010476
Superscaffold2	97949993	98163575	0.063406	0.052322	0.024489	0.038920
Superscaffold2	98163708	98388764	0.058598	0.034115	0.018868	0.034644
Superscaffold2	98388796	98721363	-0.044467	-0.033923	-0.019775	-0.021542
Superscaffold2	98721364	99098988	0.183265	0.105405	0.063835	0.096784
Superscaffold2	99099013	99259974	-0.339537	-0.494791	-0.139997	-0.210971
Superscaffold2	99259986	99463347	-0.086879	-0.076689	-0.037217	-0.038693
Superscaffold2	99463356	99667812	0.125975	0.138152	0.066481	0.076485
Superscaffold2	99667840	99784956	0.033369	0.049217	0.026865	0.017514
Superscaffold2	99784957	100039619	-0.044191	-0.041137	-0.022480	-0.023704
Superscaffold2	100039788	100301187	-0.052084	-0.040089	-0.022777	-0.030216
Superscaffold2	100301390	100898298	0.192173	0.086928	0.055454	0.112489
Superscaffold2	100898431	101242990	-0.014037	-0.006042	-0.003368	-0.011129
Superscaffold3	268568	532123	0.021841	0.013933	0.007385	0.016294
Superscaffold3	532127	792269	0.041290	0.031178	0.018253	0.022603
Superscaffold3	792318	1018751	0.027733	0.021807	0.013624	0.015265
Superscaffold3	1018781	1457948	0.041948	0.014034	0.009311	0.019464
Superscaffold3	1458035	1829175	-0.013032	-0.009664	-0.006057	-0.005509
Superscaffold3	1829221	2224779	-0.111949	-0.084948	-0.051124	-0.064314
Superscaffold3	2225043	2451587	0.042504	0.036537	0.023446	0.026126
Superscaffold3	2451622	2627260	-0.095245	-0.069303	-0.044571	-0.046340
Superscaffold3	2627321	2826799	0.073330	0.051570	0.030425	0.035519
Superscaffold3	2826818	3222625	-0.077645	-0.032308	-0.021658	-0.046309
Superscaffold3	3222628	3569072	-0.108324	-0.081659	-0.044990	-0.073677
Superscaffold3	3569126	3818216	0.018664	0.011854	0.006647	0.012080
Superscaffold3	3818341	4262449	-0.008517	-0.005406	-0.002928	0.003622
Superscaffold3	4262482	4984915	0.221193	0.136126	0.066643	0.125498
Superscaffold3	4984956	5350705	-0.036203	-0.032066	-0.018126	-0.026875
Superscaffold3	5350853	5574599	-0.038160	-0.028084	-0.017017	-0.016868
Superscaffold3	5574683	5811031	-0.053827	-0.039375	-0.023012	-0.033024
Superscaffold3	5811044	6084063	-0.225466	-0.118091	-0.075414	-0.136967
Superscaffold3	6085632	6435244	0.008911	0.004716	0.002947	0.008179
Superscaffold3	6435247	6636698	-0.100916	-0.073113	-0.045267	-0.048835
Superscaffold3	6636733	6995717	0.074001	0.036437	0.023397	0.035141
Superscaffold3	6996066	7728004	0.277709	0.142396	0.087260	0.202479
Superscaffold3	7728873	8256965	0.244050	0.055261	0.038147	0.185336
Superscaffold3	8256976	9394231	-0.157014	-0.052686	-0.030775	-0.097322
Superscaffold3	9394233	9693591	0.210636	0.126609	0.076127	0.121074
Superscaffold3	9693594	9826820	-0.096162	-0.136884	-0.057130	-0.051949
Superscaffold3	9826927	10187208	0.225146	0.167689	0.106429	0.148526
Superscaffold3	10187212	11100838	-0.132105	-0.140460	-0.069375	-0.068876
Superscaffold3	11100876	11259030	0.067848	0.083836	0.050975	0.039695
Superscaffold3	11259178	11435703	-0.004352	-0.005008	-0.002739	-0.002369
Superscaffold3	11435784	11719483	-0.031805	-0.036382	-0.019335	-0.016172
Superscaffold3	11719728	11954319	0.140690	0.147415	0.076945	0.088518
Superscaffold3	11954334	12102729	-0.013530	-0.016197	-0.008065	-0.008165
Superscaffold3	12102944	12391597	0.090162	0.071137	0.043180	0.047026
Superscaffold3	12391662	12598392	-0.086514	-0.088706	-0.046344	-0.048113
Superscaffold3	12598411	12917258	-0.178521	-0.113035	-0.067840	-0.105076
Superscaffold3	12917320	13175196	0.037322	0.031104	0.018502	0.022935
Superscaffold3	13175197	13316152	-0.180187	-0.256839	-0.128075	-0.105786
Superscaffold3	13316175	13549997	-0.251071	-0.221964	-0.107622	-0.169054
Superscaffold3	13550048	14185334	0.021251	0.015937	0.009007	0.008147
Superscaffold3	14185411	14306459	-0.136005	-0.221322	-0.094933	-0.071624
Superscaffold3	14306519	14451696	0.069177	0.077463	0.042972	0.037045
Superscaffold3	14451753	14581008	-0.087558	-0.128459	-0.066334	-0.047402
Superscaffold3	14581092	14723282	0.054698	0.070120	0.036087	0.030122
Superscaffold3	14723312	14894033	-0.237902	-0.322448	-0.152171	-0.131851
Superscaffold3	14894038	15084599	-0.096829	-0.135407	-0.062079	-0.048751
Superscaffold3	15084607	15244980	0.060358	0.080965	0.035279	0.034512
Superscaffold3	15245045	15435187	-0.026254	-0.030886	-0.015087	-0.020181
Superscaffold3	15435224	15558795	0.040611	0.053468	0.028839	0.022542
Superscaffold3	15558813	15839383	0.064928	0.061220	0.028712	0.038620
Superscaffold3	15839422	16477431	0.042154	0.029414	0.016740	0.028799
Superscaffold3	16477514	16771945	0.094298	0.090248	0.047650	0.056821
Superscaffold3	16771996	17004837	-0.022601	-0.023615	-0.012560	-0.008772
Superscaffold3	17004950	17356841	-0.100801	-0.078104	-0.043121	-0.054727
Superscaffold3	17357038	17648269	-0.053358	-0.039540	-0.023695	-0.029938
Superscaffold3	17648291	17888426	-0.026174	-0.022123	-0.011606	-0.016558
Superscaffold3	17888776	18102680	-0.071873	-0.045137	-0.023502	-0.049912
Superscaffold3	18102691	18570810	0.009058	0.005844	0.003092	0.007307
Superscaffold3	18570826	19414059	-0.054496	-0.035027	-0.019070	-0.029862
Superscaffold3	19414184	19686766	0.136047	0.067928	0.044861	0.087329
Superscaffold3	19686896	19911650	0.067439	0.062697	0.038545	0.039622
Superscaffold3	19911735	20056416	0.021271	0.015506	0.010391	0.020178
Superscaffold3	20056417	20298920	-0.144892	-0.097567	-0.057146	-0.081390
Superscaffold3	20298926	20473846	-0.053789	-0.037128	-0.022497	-0.028820
Superscaffold3	20473855	20709469	-0.078245	-0.076188	-0.038951	-0.053312
Superscaffold3	20709489	20890481	-0.328861	-0.374824	-0.170922	-0.238243
Superscaffold3	20890793	21128172	-0.012804	-0.009666	-0.004896	-0.003523
Superscaffold3	21128258	21686038	0.009761	0.008584	0.003847	0.004589
Superscaffold3	21686119	21972323	0.262133	0.263821	0.142381	0.180233
Superscaffold3	21972413	22108714	0.164297	0.159163	0.087968	0.086353
Superscaffold3	22108717	22243722	-0.160791	-0.124493	-0.076435	-0.089263
Superscaffold3	22243735	22565081	0.142673	0.070236	0.044946	0.081365
Superscaffold3	22565105	22820684	-0.050578	-0.018303	-0.010736	-0.011356
Superscaffold3	22820892	23031881	0.301352	0.138529	0.076515	0.188386
Superscaffold3	23031907	23243613	0.072301	0.057899	0.031814	0.042834
Superscaffold3	23243760	23446967	-0.006631	-0.006460	-0.003724	-0.000207
Superscaffold3	23446978	23601238	-0.196119	-0.234830	-0.114792	-0.108257
Superscaffold3	23601530	23885893	0.322537	0.273009	0.158293	0.223036
Superscaffold3	23885906	24073622	0.262792	0.231523	0.091972	0.128026
Superscaffold3	24073634	24252542	0.313513	0.221767	0.129548	0.147477
Superscaffold3	24252606	24771403	-0.055350	-0.033044	-0.017550	-0.024731
Superscaffold3	24771413	25044964	-0.073306	-0.061071	-0.032733	-0.046075
Superscaffold3	25045078	25358471	0.068909	0.040746	0.026704	0.039635
Superscaffold3	25358542	25473163	-0.016554	-0.015390	-0.009192	-0.009970
Superscaffold3	25473367	26030826	-0.038420	-0.024999	-0.015179	-0.022484
Superscaffold3	26030878	26333793	-0.300561	-0.293974	-0.122643	-0.194001
Superscaffold3	26333827	26500480	0.259650	0.195543	0.103998	0.186695
Superscaffold3	26500524	26608220	-0.231306	-0.208900	-0.103683	-0.148710
Superscaffold3	26608411	26742256	0.231152	0.204195	0.092757	0.142756
Superscaffold3	26742289	26951715	-0.112626	-0.073276	-0.031945	-0.062399
Superscaffold3	26951785	27193897	0.173442	0.094713	0.052655	0.097694
Superscaffold3	27194600	27509968	0.395989	0.211115	0.122747	0.279037
Superscaffold3	27510000	27932982	-0.232047	-0.090849	-0.055029	-0.157315
Superscaffold3	27932983	28272600	0.000184	0.000089	0.000050	-0.001017
Superscaffold3	28272877	28539954	-0.015393	-0.009256	-0.003805	-0.014569
Superscaffold3	28539972	28778288	0.201825	0.097859	0.048444	0.136956
Superscaffold3	28778346	29035284	-0.033777	-0.014369	-0.008179	-0.020341
Superscaffold3	29035473	29255178	0.078979	0.041297	0.023326	0.062162
Superscaffold3	29255233	29582022	-0.322496	-0.117174	-0.075566	-0.250297
Superscaffold3	29582671	29825356	-0.352260	-0.230181	-0.134781	-0.245073
Superscaffold3	29825577	30000946	-0.137862	-0.081834	-0.044901	-0.073426
Superscaffold3	30001275	30843437	0.063693	0.028004	0.014595	0.039262
Superscaffold3	30843458	31305466	0.320429	0.166298	0.087146	0.261712
Superscaffold3	31305549	31581844	-0.059757	-0.023384	-0.012788	-0.052659
Superscaffold3	31581882	31951189	0.305753	0.135027	0.073234	0.267364
Superscaffold3	31951232	32285356	0.072516	0.026454	0.015633	0.061220
Superscaffold3	32285423	32575145	-0.000379	-0.000164	-0.000082	-0.000942
Superscaffold3	32575164	32997600	-0.010553	-0.005909	-0.003019	-0.008101
Superscaffold3	32998498	33315553	0.309409	0.128820	0.080442	0.224616
Superscaffold3	33315588	33720648	-0.073458	-0.020638	-0.013423	-0.039957
Superscaffold3	33720967	34089590	-0.029173	-0.011290	-0.007587	-0.019365
Superscaffold3	34089809	34344604	-0.075225	-0.035804	-0.021556	-0.051072
Superscaffold3	34344747	34666294	0.285527	0.123346	0.074944	0.194851
Superscaffold3	34666319	35036580	0.044619	0.015588	0.009823	0.031481
Superscaffold3	35036605	35377478	0.302300	0.093394	0.056022	0.228465
Superscaffold3	35377778	35974063	-0.097109	-0.016071	-0.011315	-0.067755
Superscaffold3	35974352	36255901	-0.011358	-0.005241	-0.002817	-0.008220
Superscaffold3	36255948	36699349	-0.457882	-0.269611	-0.115251	-0.281704
Superscaffold3	36699416	37513726	-0.186535	-0.041401	-0.026415	-0.119245
Superscaffold3	37513844	37912182	-0.032696	-0.006444	-0.004635	-0.023192
Superscaffold3	37912625	38217329	0.042084	0.026361	0.016096	0.026811
Superscaffold3	38217396	38682109	-0.225049	-0.074909	-0.048249	-0.156672
Superscaffold3	38682136	39236889	-0.226794	-0.047812	-0.029086	-0.194397
Superscaffold3	39237032	39666336	0.184918	0.059839	0.028138	0.167789
Superscaffold3	39666361	40206827	0.454329	0.120977	0.076422	0.362088
Superscaffold3	40206847	40699098	-0.260556	-0.075527	-0.042218	-0.208341
Superscaffold3	40699154	41214653	0.044437	0.017693	0.009154	0.029896
Superscaffold3	41214681	41838590	0.076789	0.024981	0.013168	0.068540
Superscaffold3	41838607	42251555	-0.198057	-0.070944	-0.040225	-0.159717
Superscaffold3	42251563	42768136	-0.017542	-0.006357	-0.003511	-0.011657
Superscaffold3	42768147	43244623	-0.093874	-0.022980	-0.014362	-0.070158
Superscaffold3	43244687	43718304	-0.486556	-0.253662	-0.128888	-0.367568
Superscaffold3	43718767	44411272	-0.232460	-0.078573	-0.040386	-0.155059
Superscaffold3	44411373	44781771	0.118915	0.039094	0.022592	0.085997
Superscaffold3	44781971	45010199	0.131533	0.061850	0.037676	0.094791
Superscaffold3	45010235	45339697	0.023941	0.009743	0.005189	0.016208
Superscaffold3	45339708	45716233	-0.220817	-0.135220	-0.057601	-0.154890
Superscaffold3	45716328	46034888	-0.704169	-0.984015	-0.319502	-0.586890
Superscaffold3	46035278	46246214	0.085801	0.063008	0.033283	0.048254
Superscaffold3	46246269	46448292	0.099239	0.094733	0.048680	0.052292
Superscaffold3	46448543	47106418	0.042253	0.028235	0.014684	0.029465
Superscaffold3	47106438	47408441	-0.198348	-0.118587	-0.054916	-0.097080
Superscaffold3	47408579	47732281	-0.485264	-0.391557	-0.168617	-0.326191
Superscaffold3	47732333	48311113	-0.036544	-0.012373	-0.006100	-0.019597
Superscaffold3	48311196	48674766	0.329376	0.108223	0.063921	0.253000
Superscaffold3	48674819	49056124	-0.224579	-0.083524	-0.050603	-0.137142
Superscaffold3	49056969	49382089	-0.074191	-0.028917	-0.015963	-0.040124
Superscaffold3	49382094	49665577	-0.206692	-0.150040	-0.074545	-0.151186
Superscaffold3	49665611	50040625	-0.295121	-0.154445	-0.083721	-0.198708
Superscaffold3	50040904	50392953	0.139153	0.056699	0.036352	0.095776
Superscaffold3	50393239	50735186	-0.431065	-0.196441	-0.124673	-0.316299
Superscaffold3	50739147	51183466	-0.126989	-0.034256	-0.020729	-0.076097
Superscaffold3	51183475	51531600	0.072489	0.027080	0.016427	0.046465
Superscaffold3	51531684	51901137	0.042606	0.020903	0.010766	0.028577
Superscaffold3	51901167	52241591	-0.037165	-0.018637	-0.009463	-0.021959
Superscaffold3	52241608	52500110	0.129339	0.054894	0.027056	0.095960
Superscaffold3	52500476	52953449	-0.042512	-0.014909	-0.009455	-0.032373
Superscaffold3	52953480	53216231	-0.096794	-0.043298	-0.028183	-0.053749
Superscaffold3	53216294	53597929	0.011766	0.005611	0.003147	0.007606
Superscaffold3	53598024	53754692	0.118026	0.088712	0.050651	0.068683
Superscaffold3	53754702	54029858	0.147498	0.082207	0.049790	0.062482
Superscaffold3	54029859	54315704	-0.021025	-0.012426	-0.006648	-0.011470
Superscaffold3	54315717	54720601	0.041645	0.017532	0.010936	0.025291
Superscaffold3	54720604	54947820	-0.065139	-0.055810	-0.031033	-0.040062
Superscaffold3	54947852	55481821	-0.108260	-0.073648	-0.043374	-0.064756
Superscaffold3	55481839	56151837	0.111780	0.039254	0.023924	0.057417
Superscaffold3	56151858	56442461	-0.097328	-0.041483	-0.025509	-0.063797
Superscaffold3	56442498	56725750	-0.147008	-0.066206	-0.043464	-0.089684
Superscaffold3	56725769	56875984	0.109974	0.094341	0.053286	0.067756
Superscaffold3	56876100	57239315	0.381289	0.240702	0.160054	0.276459
Superscaffold3	57239460	57599040	-0.055146	-0.021663	-0.012769	-0.039167
Superscaffold3	57599131	57877855	0.110748	0.047244	0.026012	0.072100
Superscaffold3	57878066	58313138	0.069644	0.027012	0.014718	0.041787
Superscaffold3	58313203	58804289	0.080138	0.031168	0.015801	0.068527
Superscaffold3	58804290	59138571	-0.163401	-0.062407	-0.033353	-0.106745
Superscaffold3	59138588	59380256	-0.005531	-0.004292	-0.002267	0.000181
Superscaffold3	59380273	59633743	0.047898	0.032335	0.019148	0.031584
Superscaffold3	59633950	59949453	0.198923	0.090256	0.056387	0.129481
Superscaffold3	59949455	60464952	-0.055808	-0.037446	-0.019124	-0.024010
Superscaffold3	60465026	60730448	-0.040268	-0.030053	-0.017674	-0.014870
Superscaffold3	60730450	61047644	0.003510	0.002241	0.001287	0.003971
Superscaffold3	61047675	61502017	-0.173221	-0.068278	-0.041692	-0.114889
Superscaffold3	61502029	61839389	-0.323847	-0.210145	-0.117334	-0.206562
Superscaffold3	61839444	62338065	-0.156512	-0.086463	-0.048612	-0.090439
Superscaffold3	62338133	62675171	-0.063899	-0.035146	-0.022697	-0.037337
Superscaffold3	62675428	63363259	-0.008946	-0.004963	-0.002642	0.003720
Superscaffold3	63363282	64195985	-0.124173	-0.086743	-0.038238	-0.068975
Superscaffold3	64196024	64583923	-0.002077	-0.001212	-0.000601	0.000274
Superscaffold3	64584393	64889603	-0.110022	-0.088254	-0.037663	-0.064561
Superscaffold3	64889638	65196260	-0.054035	-0.056146	-0.026922	-0.025098
Superscaffold3	65196268	65360427	-0.262860	-0.465161	-0.175621	-0.151329
Superscaffold3	65360432	65590000	-0.122530	-0.189505	-0.083639	-0.064441
Superscaffold3	65590009	65745082	-0.006213	-0.008964	-0.004790	-0.006946
Superscaffold3	65745112	65919618	-0.019863	-0.030026	-0.015112	-0.009881
Superscaffold3	65919759	66226182	-0.308968	-0.342781	-0.150991	-0.208476
Superscaffold3	66226351	66571214	-0.040449	-0.013653	-0.007642	-0.017907
Superscaffold3	66571217	66904753	0.059132	0.022565	0.012778	0.040855
Superscaffold4	146487	454425	-0.172326	-0.200048	-0.111265	-0.107043
Superscaffold4	454442	832759	-0.091220	-0.075011	-0.040947	-0.050252
Superscaffold4	832802	1106894	-0.115468	-0.106609	-0.054480	-0.054948
Superscaffold4	1106995	1334396	-0.164060	-0.180164	-0.093527	-0.089289
Superscaffold4	1334428	1995185	0.027286	0.020970	0.012206	0.014537
Superscaffold4	1995198	2483200	0.060120	0.048195	0.029941	0.041127
Superscaffold4	2483247	2992636	-0.042997	-0.031577	-0.017492	-0.013459
Superscaffold4	2992675	3174996	-0.017293	-0.013011	-0.008611	-0.004539
Superscaffold4	3175017	3341622	-0.001657	-0.001405	-0.000823	0.003121
Superscaffold4	3342244	3823419	-0.039141	-0.029626	-0.017502	-0.022747
Superscaffold4	3823490	3940506	-0.148490	-0.216012	-0.093768	-0.083959
Superscaffold4	3940534	4185620	0.260536	0.178480	0.093462	0.164533
Superscaffold4	4187117	4875446	0.061757	0.040810	0.022713	0.032927
Superscaffold4	4875484	5290808	0.041863	0.037147	0.021214	0.025288
Superscaffold4	5290827	5518801	-0.087145	-0.139973	-0.059656	-0.047061
Superscaffold4	5519122	6188709	0.071393	0.047882	0.028256	0.047426
Superscaffold4	6188814	6482517	-0.131550	-0.148313	-0.079642	-0.072510
Superscaffold4	6482584	6625662	0.051212	0.042442	0.023814	0.029253
Superscaffold4	6625713	6965843	-0.076238	-0.065438	-0.039056	-0.045972
Superscaffold4	6965862	7182214	-0.146203	-0.134326	-0.081351	-0.081977
Superscaffold4	7182324	7332414	-0.109882	-0.106700	-0.058536	-0.075890
Superscaffold4	7332954	7644966	0.069124	0.071128	0.036605	0.034664
Superscaffold4	7645125	7851917	0.011467	0.011676	0.006679	0.000867
Superscaffold4	7852021	7978255	-0.007316	-0.008264	-0.004442	-0.001449
Superscaffold4	7978383	8646648	0.109039	0.071606	0.041705	0.062273
Superscaffold4	8646676	8817937	0.111617	0.124845	0.070801	0.065765
Superscaffold4	8817989	8973333	0.079154	0.080833	0.047206	0.042122
Superscaffold4	8973448	9088815	0.003445	0.005266	0.002576	-0.000152
Superscaffold4	9088887	9326875	-0.350714	-0.395936	-0.182346	-0.193939
Superscaffold4	9327004	9686141	-0.079426	-0.051410	-0.030684	-0.042365
Superscaffold4	9686271	9863934	0.051728	0.044783	0.028242	0.024829
Superscaffold4	9863978	10055530	0.009634	0.008186	0.005384	0.006400
Superscaffold4	10055538	10598987	-0.012710	-0.006759	-0.004330	-0.006332
Superscaffold4	10599163	11296109	0.085793	0.046372	0.027821	0.051906
Superscaffold4	11296180	11492701	-0.076638	-0.063388	-0.035636	-0.040601
Superscaffold4	11492714	11669973	0.022283	0.028571	0.013134	0.012553
Superscaffold4	11670063	11893719	0.275185	0.226056	0.106345	0.177229
Superscaffold4	11893727	12073816	0.090626	0.076883	0.040293	0.056988
Superscaffold4	12073831	12306259	-0.005880	-0.004898	-0.002522	-0.002222
Superscaffold4	12306420	12511821	0.000924	0.000716	0.000375	-0.001813
Superscaffold4	12511900	12800352	-0.161628	-0.198234	-0.096526	-0.090617
Superscaffold4	12800369	12953229	-0.022057	-0.024915	-0.012696	-0.009004
Superscaffold4	12953247	13060287	-0.176160	-0.272099	-0.091405	-0.101094
Superscaffold4	13060291	13231293	0.121894	0.135711	0.072811	0.072099
Superscaffold4	13231543	13396932	0.102885	0.096454	0.052933	0.055338
Superscaffold4	13396971	13697620	0.086657	0.052288	0.027784	0.047582
Superscaffold4	13697762	13897272	0.078437	0.080010	0.033100	0.045936
Superscaffold4	13897492	14242085	-0.026647	-0.023385	-0.008949	-0.012857
Superscaffold4	14242137	14544277	0.140708	0.087355	0.053641	0.069779
Superscaffold4	14544349	14684980	0.255144	0.244973	0.134482	0.149962
Superscaffold4	14685057	14917108	-0.030493	-0.022046	-0.010411	-0.014155
Superscaffold4	14917113	15181434	-0.063443	-0.052061	-0.028585	-0.027852
Superscaffold4	15181481	15301602	0.053933	0.052202	0.026680	0.034936
Superscaffold4	15301713	16066552	0.057112	0.059542	0.031888	0.028220
Superscaffold4	16066755	16209681	-0.164372	-0.194125	-0.099015	-0.077565
Superscaffold4	16209783	16544155	-0.000383	-0.000287	-0.000170	-0.000670
Superscaffold4	16544326	16781043	-0.121428	-0.136587	-0.062837	-0.074526
Superscaffold4	16781054	17116382	0.164281	0.136696	0.076660	0.086298
Superscaffold4	17116459	17468410	0.090172	0.077924	0.042271	0.044851
Superscaffold4	17468413	17637795	0.046863	0.049756	0.029703	0.020193
Superscaffold4	17637796	17815309	-0.183662	-0.254984	-0.116552	-0.112326
Superscaffold4	17815389	17957344	-0.042625	-0.049534	-0.029079	-0.028217
Superscaffold4	17957360	18238662	-0.082082	-0.084052	-0.044487	-0.044129
Superscaffold4	18238686	18412262	0.037540	0.037113	0.020623	0.025469
Superscaffold4	18412383	19145043	-0.407636	-0.114152	-0.073977	-0.290494
Superscaffold4	19145047	19406403	-0.141510	-0.071625	-0.040172	-0.096478
Superscaffold4	19406485	19628356	-0.340193	-0.277647	-0.124430	-0.212536
Superscaffold4	19628416	19905351	-0.066653	-0.055920	-0.024766	-0.022948
Superscaffold4	19905362	20100058	0.240764	0.167572	0.108151	0.134074
Superscaffold4	20100066	20327122	0.014709	0.010819	0.005925	0.007883
Superscaffold4	20327297	20621981	0.123907	0.074336	0.048369	0.071340
Superscaffold4	20621983	20997013	-0.120104	-0.058883	-0.033990	-0.060700
Superscaffold4	20997069	21441178	0.232421	0.103908	0.057385	0.142067
Superscaffold4	21442050	21923947	0.812305	0.373152	0.260153	0.697918
Superscaffold4	21923961	22130344	0.159553	0.112272	0.058730	0.090676
Superscaffold4	22130696	22329312	-0.014725	-0.015966	-0.008672	-0.007100
Superscaffold4	22329321	22461246	-0.075312	-0.067992	-0.041050	-0.035371
Superscaffold4	22461355	22627884	0.109030	0.071499	0.042848	0.057660
Superscaffold4	22627899	22817345	-0.086430	-0.068008	-0.032021	-0.036491
Superscaffold4	22817401	22981467	-0.150754	-0.137654	-0.075673	-0.079957
Superscaffold4	22981543	23186115	-0.111670	-0.091026	-0.053064	-0.053587
Superscaffold4	23186156	23372888	0.054628	0.035737	0.022412	0.026489
Superscaffold4	23372972	23605541	0.071823	0.069107	0.036929	0.040274
Superscaffold4	23605572	23943269	-0.053409	-0.033760	-0.020799	-0.027740
Superscaffold4	23943350	24407675	-0.051893	-0.024317	-0.013455	-0.033804
Superscaffold4	24407747	24618929	0.030212	0.014126	0.009303	0.016369
Superscaffold4	24618997	24947775	0.193214	0.082056	0.041689	0.108078
Superscaffold4	24947987	25240463	0.133032	0.069087	0.035353	0.094496
Superscaffold4	25240574	25431635	-0.197780	-0.141284	-0.069719	-0.106660
Superscaffold4	25431679	25650257	0.512709	0.303645	0.230685	0.338381
Superscaffold4	25650258	25794497	0.381707	0.329341	0.194058	0.263794
Superscaffold4	25794528	26171921	0.222706	0.172195	0.088253	0.132081
Superscaffold4	26171973	26442260	0.139656	0.115762	0.057192	0.073253
Superscaffold4	26442392	26636225	-0.102704	-0.109485	-0.046984	-0.063753
Superscaffold4	26636246	26804961	0.004922	0.007005	0.003411	0.003115
Superscaffold4	26804963	26929723	0.165769	0.228692	0.129671	0.092114
Superscaffold4	26929780	27323965	-0.235229	-0.084529	-0.054749	-0.184975
Superscaffold4	27324081	27513926	-0.243689	-0.145662	-0.076179	-0.192362
Superscaffold4	27513930	27783442	0.076938	0.026430	0.015627	0.049794
Superscaffold4	27783900	28045026	0.034141	0.018651	0.011015	0.017584
Superscaffold4	28045061	28358830	0.049317	0.047817	0.024941	0.025324
Superscaffold4	28358845	28598373	-0.021505	-0.024543	-0.011892	-0.010540
Superscaffold4	28598501	28882903	-0.124024	-0.087432	-0.049496	-0.068349
Superscaffold4	28882905	29111910	-0.027774	-0.013065	-0.008145	-0.012985
Superscaffold4	29111982	29392822	-0.099526	-0.050399	-0.032077	-0.052316
Superscaffold4	29392829	29652857	-0.110618	-0.121230	-0.064280	-0.060684
Superscaffold4	29653155	29901306	0.185968	0.137854	0.090247	0.135958
Superscaffold4	29901311	30153843	-0.033024	-0.034289	-0.018909	-0.021658
Superscaffold4	30153845	30348213	0.131949	0.110877	0.064122	0.076245
Superscaffold4	30348448	30529510	0.064640	0.056076	0.033531	0.043334
Superscaffold4	30529544	30771617	-0.031420	-0.020162	-0.012870	-0.022329
Superscaffold4	30771638	31097463	-0.192325	-0.209714	-0.090567	-0.100791
Superscaffold4	31099314	32027623	0.264625	0.166501	0.096718	0.177740
Superscaffold4	32027624	32317718	0.090754	0.030851	0.018314	0.058083
Superscaffold4	32318043	32746739	0.055354	0.019862	0.011763	0.035853
Superscaffold4	32746936	33258303	0.151065	0.068618	0.040245	0.103445
Superscaffold4	33258328	33653846	-0.094733	-0.042995	-0.024316	-0.058260
Superscaffold4	33653878	33947000	0.000574	0.000369	0.000192	0.003302
Superscaffold4	33947108	34345098	0.322063	0.182682	0.097700	0.233350
Superscaffold4	34345115	34639761	0.152647	0.062882	0.033941	0.094407
Superscaffold4	34639969	35012365	-0.121201	-0.053779	-0.030270	-0.077107
Superscaffold4	35012392	35341871	0.097757	0.067018	0.036132	0.048971
Superscaffold4	35342345	35851616	0.021081	0.009098	0.005026	0.016126
Superscaffold4	35853142	36178947	-0.015223	-0.011931	-0.007015	-0.008072
Superscaffold4	36178963	36451991	-0.097743	-0.068674	-0.036424	-0.052838
Superscaffold4	36452032	36901423	0.191528	0.124367	0.078970	0.128053
Superscaffold4	36901447	37300281	0.005442	0.003768	0.002168	0.005395
Superscaffold4	37300286	37934224	0.009897	0.006964	0.004207	0.008687
Superscaffold4	37934225	38693627	-0.053666	-0.025723	-0.015762	-0.031496
Superscaffold4	38702808	39704340	-0.211324	-0.136229	-0.068948	-0.132870
Superscaffold4	39704345	39849883	-0.111035	-0.090627	-0.052684	-0.061836
Superscaffold4	39849929	40398832	-0.030447	-0.012573	-0.007522	-0.018930
Superscaffold4	40399000	40730330	-0.009538	-0.007155	-0.003510	-0.001528
Superscaffold4	40730377	41008541	-0.078149	-0.049492	-0.028838	-0.055739
Superscaffold4	41008719	41807345	-0.080700	-0.014378	-0.010646	-0.045114
Superscaffold4	41807354	42292455	-0.046896	-0.027669	-0.015227	-0.022540
Superscaffold4	42292465	42536264	0.032838	0.012981	0.008027	0.014642
Superscaffold4	42536299	43261004	0.038231	0.014858	0.009066	0.023188
Superscaffold4	43261052	43870064	0.008479	0.005348	0.002653	0.014062
Superscaffold4	43870275	44023761	-0.078324	-0.072214	-0.038003	-0.047868
Superscaffold4	44023948	44368755	-0.126674	-0.059017	-0.032433	-0.084560
Superscaffold4	44368758	44819304	-0.040586	-0.022162	-0.011256	-0.017648
Superscaffold4	44819440	45131921	0.138564	0.076688	0.038092	0.097597
Superscaffold4	45132087	45441138	-0.012816	-0.006488	-0.003447	-0.011748
Superscaffold4	45441247	45769328	-0.022363	-0.009938	-0.005311	-0.007307
Superscaffold4	45769397	46136816	-0.017713	-0.007318	-0.004900	-0.011808
Superscaffold4	46136818	46283544	-0.118131	-0.078383	-0.046049	-0.071857
Superscaffold4	46283563	46574763	0.172049	0.059180	0.036540	0.129221
Superscaffold4	46574778	46802980	0.608411	0.399468	0.294628	0.377804
Superscaffold4	46802981	47282711	0.023024	0.020730	0.010280	0.020810
Superscaffold4	47282726	47607521	-0.018796	-0.009821	-0.005699	-0.011130
Superscaffold4	47607556	47953001	0.108154	0.049070	0.032631	0.068773
Superscaffold4	47953186	48416875	-0.202109	-0.086305	-0.053619	-0.109700
Superscaffold4	48416921	48982783	0.077085	0.014378	0.010263	0.061585
Superscaffold4	48982918	49396543	0.136049	0.037524	0.022303	0.103255
Superscaffold4	49396548	49700914	0.060099	0.026359	0.015034	0.034280
Superscaffold4	49700919	50118510	-0.091443	-0.031186	-0.018138	-0.066741
Superscaffold4	50118930	50391837	-0.431466	-0.241499	-0.116427	-0.363410
Superscaffold4	50391838	50704849	0.216932	0.104382	0.062098	0.166628
Superscaffold4	50704881	50998482	-0.249116	-0.090912	-0.059913	-0.206079
Superscaffold4	50998494	51408090	0.290890	0.126459	0.079799	0.233788
Superscaffold4	51408141	51688283	0.151253	0.053696	0.034257	0.119407
Superscaffold4	51688305	52371302	0.021149	0.004727	0.002674	0.019821
Superscaffold4	52371305	52855350	0.037140	0.010355	0.005902	0.029175
Superscaffold4	52855386	53880617	0.160112	0.028482	0.018594	0.134781
Superscaffold4	53880873	54288603	0.040437	0.007987	0.005355	0.031144
Superscaffold4	54288948	54629316	-0.250978	-0.072767	-0.044586	-0.211653
Superscaffold4	54629318	55006238	-0.137898	-0.037024	-0.020720	-0.107094
Superscaffold4	55006298	55390252	-0.407815	-0.116120	-0.059980	-0.274661
Superscaffold4	55390315	55635446	-0.330587	-0.181118	-0.099676	-0.226342
Superscaffold4	55635493	55886726	-0.218737	-0.136086	-0.077463	-0.150627
Superscaffold4	55886772	56190286	-0.016788	-0.011527	-0.005642	-0.017287
Superscaffold4	56190427	56380828	-0.194524	-0.147103	-0.076774	-0.104571
Superscaffold4	56380879	56629613	-0.055417	-0.043043	-0.020901	-0.029542
Superscaffold4	56629631	56860219	-0.112615	-0.073317	-0.045908	-0.068467
Superscaffold4	56860277	57334612	0.151396	0.101352	0.057402	0.092774
Superscaffold4	57334616	57863393	0.179330	0.079603	0.054253	0.121630
Superscaffold4	57863481	58260943	-0.049751	-0.022028	-0.013072	-0.025064
Superscaffold4	58261036	58500372	-0.085463	-0.066942	-0.031898	-0.045489
Superscaffold4	58500420	58650572	-0.172678	-0.222147	-0.080405	-0.105976
Superscaffold4	58650578	58821795	-0.466626	-0.597588	-0.211783	-0.293281
Superscaffold4	58821824	59052631	0.243693	0.191004	0.115428	0.144851
Superscaffold4	59052685	59215953	0.062231	0.032632	0.018109	0.039076
Superscaffold4	59215989	59392263	0.118736	0.091124	0.052215	0.073396
Superscaffold4	59392290	59676886	-0.062175	-0.025748	-0.017527	-0.041516
Superscaffold4	59676940	59996758	0.095535	0.080200	0.045445	0.052961
Superscaffold4	59997218	60754841	-0.626299	-0.577404	-0.227514	-0.469057
Superscaffold4	60755358	61303299	-0.365492	-0.398196	-0.163219	-0.224459
Superscaffold4	61303302	61527118	-0.140213	-0.131548	-0.073358	-0.087265
Superscaffold4	61527132	61787371	-0.580280	-0.270142	-0.167243	-0.469079
Superscaffold4	61787856	62253384	-0.503754	-0.162989	-0.108701	-0.368228
Superscaffold4	62253401	62723191	-0.109030	-0.052281	-0.031301	-0.066005
Superscaffold4	62723407	63209212	0.133200	0.078591	0.046745	0.073053
Superscaffold4	63213692	63666992	0.022886	0.015190	0.008643	0.015101
Superscaffold4	63667356	63884004	-0.154183	-0.120743	-0.069253	-0.091976
Superscaffold4	63884027	64121072	0.042414	0.029913	0.017266	0.029664
Superscaffold4	64121100	64280629	0.150537	0.090194	0.049863	0.096415
Superscaffold4	64280636	64460238	-0.178285	-0.102208	-0.057417	-0.093860
Superscaffold4	64460259	64766074	-0.102127	-0.081524	-0.040366	-0.064129
Superscaffold4	64766141	65204877	-0.085864	-0.040126	-0.024728	-0.040303
Superscaffold4	65204909	65435145	-0.331325	-0.250917	-0.125555	-0.206319
Superscaffold4	65435352	66171302	-0.063488	-0.033690	-0.021781	-0.036786
Superscaffold4	66171324	66658061	-0.556267	-0.278098	-0.122051	-0.432060
Superscaffold4	66658646	67093287	0.049364	0.011502	0.007695	0.036702
Superscaffold4	67093529	67527030	-0.028815	-0.010282	-0.006837	-0.014999
Superscaffold4	67527051	68034796	0.111889	0.049205	0.031536	0.062188
Superscaffold4	68035077	68320705	0.214379	0.082256	0.061683	0.097185
Superscaffold4	68320899	68561076	-0.081885	-0.050628	-0.024868	-0.047803
Superscaffold4	68561123	68733798	0.254434	0.213282	0.123623	0.181830
Superscaffold4	68733855	68986816	0.172258	0.144579	0.085781	0.111845
Superscaffold4	68986924	69191817	0.142864	0.125884	0.076651	0.087928
Superscaffold4	69191827	69530792	0.033677	0.029154	0.015025	0.023330
Superscaffold4	69530816	69723773	-0.062717	-0.063815	-0.034664	-0.034554
Superscaffold4	69723856	69915139	0.015073	0.015670	0.008807	0.007825
Superscaffold4	69915160	70332717	-0.050342	-0.047913	-0.026220	-0.032420
Superscaffold4	70332746	70534063	-0.058176	-0.067012	-0.035661	-0.031601
Superscaffold4	70534175	70902338	-0.176300	-0.099236	-0.064860	-0.093037
Superscaffold4	70902345	71595416	0.021088	0.014706	0.007936	0.018488
Superscaffold4	71595451	72245295	-0.074878	-0.040204	-0.017068	-0.044147
Superscaffold4	72245582	73006649	-0.109297	-0.039201	-0.020131	-0.078523
Superscaffold4	73006672	73396094	-0.099056	-0.027212	-0.016904	-0.068021
Superscaffold4	73396163	73721351	0.261698	0.126486	0.076990	0.151120
Superscaffold4	73721365	74207890	0.106177	0.051143	0.035290	0.063692
Superscaffold4	74207978	74432986	0.022807	0.026156	0.016384	0.012844
Superscaffold4	74433013	74676985	0.227819	0.160450	0.107557	0.154478
Superscaffold4	74677050	74845152	0.109756	0.078694	0.048633	0.040356
Superscaffold4	74845198	75149114	0.173707	0.072329	0.043949	0.115534
Superscaffold4	75149185	75484396	0.219196	0.155007	0.091054	0.136008
Superscaffold4	75484486	75861042	0.467882	0.286052	0.179823	0.368122
Superscaffold4	75861060	76367904	0.434692	0.314939	0.183018	0.317588
Superscaffold4	76367999	76694025	-0.289052	-0.217585	-0.104633	-0.187326
Superscaffold4	76694220	76951355	0.073015	0.065523	0.029215	0.047693
Superscaffold4	76951383	77520147	0.153114	0.062167	0.032969	0.098588
Superscaffold4	77520158	77956563	-0.086382	-0.027347	-0.016849	-0.051058
Superscaffold4	77956591	78387785	-0.035800	-0.031886	-0.018855	-0.021900
Superscaffold4	78387803	78531532	-0.062248	-0.081456	-0.039802	-0.037546
Superscaffold4	78531560	78709853	-0.081728	-0.085154	-0.039527	-0.045609
Superscaffold4	78709885	78882868	-0.104045	-0.131865	-0.061740	-0.058563
Superscaffold4	78883070	79146572	0.020740	0.014034	0.009020	0.009319
Superscaffold4	79146584	79809498	0.054540	0.036652	0.022688	0.026782
Superscaffold4	79809659	80141161	-0.077812	-0.079373	-0.040211	-0.036594
Superscaffold4	80141256	80336104	0.123903	0.113777	0.069744	0.096405
Superscaffold4	80336182	80566133	-0.000446	-0.000303	-0.000170	0.002547
Superscaffold4	80566205	80709767	0.014155	0.011826	0.006563	0.010539
Superscaffold4	80709857	80943027	-0.225193	-0.290133	-0.119768	-0.131984
Superscaffold4	80943191	81185827	-0.018066	-0.022433	-0.009833	-0.008976
Superscaffold4	81185871	81392377	0.273419	0.242112	0.134027	0.159854
Superscaffold4	81392450	81634061	0.014710	0.009797	0.006000	0.008095
Superscaffold4	81634072	82074290	-0.367017	-0.292315	-0.124316	-0.255138
Superscaffold4	82074291	82490642	-0.541042	-0.678668	-0.251518	-0.384982
Superscaffold4	82490793	82722473	0.224870	0.132842	0.067861	0.146275
Superscaffold4	82722504	82929029	-0.171928	-0.102397	-0.063747	-0.074631
Superscaffold4	82929030	83090357	-0.109668	-0.089901	-0.050180	-0.058016
Superscaffold4	83090361	83202246	0.051089	0.047924	0.025701	0.024521
Superscaffold4	83202459	83410672	-0.128788	-0.136054	-0.073446	-0.068418
Superscaffold4	83410678	83590723	-0.063530	-0.068398	-0.032210	-0.027916
Superscaffold4	83590734	84040625	0.135367	0.051201	0.035523	0.095250
Superscaffold4	84040665	84403440	0.156888	0.090356	0.063650	0.118419
Superscaffold4	84403514	84598827	-0.206604	-0.201279	-0.107400	-0.114271
Superscaffold4	84598901	84825340	0.327540	0.168433	0.119267	0.160999
Superscaffold4	84825487	85445723	0.052240	0.035162	0.021400	0.024532
Superscaffold4	85445829	85995695	-0.228372	-0.133739	-0.076923	-0.119540
Superscaffold4	85995696	86195154	-0.169879	-0.094623	-0.063762	-0.076776
Superscaffold4	86195176	86350390	-0.085720	-0.084124	-0.047536	-0.051755
Superscaffold4	86350391	86519658	-0.063994	-0.062018	-0.032911	-0.030312
Superscaffold5	40393	169753	0.049008	0.053328	0.020819	0.021159
Superscaffold5	169766	295810	-0.047998	-0.042915	-0.017800	-0.018685
Superscaffold5	295832	489615	0.129540	0.120009	0.062499	0.077562
Superscaffold5	489635	658796	0.077916	0.067927	0.041070	0.046553
Superscaffold5	658813	950388	-0.026952	-0.019510	-0.010183	-0.011122
Superscaffold5	950454	1250934	0.078909	0.047943	0.025561	0.035748
Superscaffold5	1251155	1560155	-0.104647	-0.046202	-0.025169	-0.066903
Superscaffold5	1560166	2046763	-0.192112	-0.064256	-0.042078	-0.146418
Superscaffold5	2046866	2274308	-0.423558	-0.315934	-0.142060	-0.273312
Superscaffold5	2274331	2501203	-0.057409	-0.055224	-0.024297	-0.031776
Superscaffold5	2503081	2948505	-0.118613	-0.070841	-0.042617	-0.070966
Superscaffold5	2949265	3406653	-0.003508	-0.001472	-0.000927	-0.006524
Superscaffold5	3406660	3600853	0.138775	0.079246	0.041302	0.082856
Superscaffold5	3600855	3987252	0.073960	0.031427	0.017573	0.048278
Superscaffold5	3987549	4605985	0.027567	0.018051	0.009733	0.015085
Superscaffold5	4606210	5291150	-0.145741	-0.094604	-0.047577	-0.073433
Superscaffold5	5291289	5890577	-0.173735	-0.084922	-0.048801	-0.125670
Superscaffold5	5890584	6332291	0.387404	0.112392	0.059679	0.260294
Superscaffold5	6332346	6647417	0.358462	0.163562	0.089414	0.264586
Superscaffold5	6647485	7229921	-0.015467	-0.010794	-0.005321	-0.008561
Superscaffold5	7230084	7451329	0.080304	0.052510	0.025782	0.045071
Superscaffold5	7451398	7671419	-0.158237	-0.121330	-0.058522	-0.107592
Superscaffold5	7671581	8166190	0.064329	0.044241	0.023863	0.032822
Superscaffold5	8166193	8495191	0.026916	0.019940	0.011397	0.019206
Superscaffold5	8495346	8738387	0.105039	0.076366	0.044441	0.051961
Superscaffold5	8738397	8924256	-0.312977	-0.289293	-0.138579	-0.184982
Superscaffold5	8924313	9142429	-0.182529	-0.164332	-0.070586	-0.104030
Superscaffold5	9142493	9304066	-0.056712	-0.046818	-0.025717	-0.024420
Superscaffold5	9304067	9483885	0.269649	0.226421	0.126087	0.186377
Superscaffold5	9483907	9619704	0.106019	0.078070	0.045474	0.048848
Superscaffold5	9619707	10520215	0.225515	0.133455	0.077937	0.131604
Superscaffold5	10520217	10728420	0.090521	0.071317	0.036797	0.042363
Superscaffold5	10728437	10890193	-0.025562	-0.027234	-0.012203	-0.011235
Superscaffold5	10890194	11154533	0.182597	0.116523	0.065894	0.112764
Superscaffold5	11154602	11347011	0.191569	0.118824	0.062384	0.130118
Superscaffold5	11347061	11583330	-0.002662	-0.002225	-0.001090	-0.003760
Superscaffold5	11583337	12644253	-0.001669	-0.001090	-0.000583	0.008426
Superscaffold5	12644598	13975676	0.192529	0.062384	0.046228	0.122659
Superscaffold5	13975797	14197251	-0.103526	-0.094884	-0.049260	-0.056555
Superscaffold5	14197468	14385930	-0.109665	-0.099534	-0.044306	-0.049043
Superscaffold5	14385933	14694089	-0.058317	-0.043240	-0.021941	-0.024908
Superscaffold5	14694152	15009631	0.094380	0.040002	0.024571	0.065520
Superscaffold5	15009666	15357048	0.090798	0.039792	0.019360	0.067152
Superscaffold5	15357061	15721422	0.154736	0.075737	0.043258	0.092183
Superscaffold5	15721426	16027857	0.136828	0.081094	0.040130	0.081075
Superscaffold5	16027858	16344982	0.099991	0.064295	0.033155	0.062707
Superscaffold5	16344993	16609467	-0.091625	-0.050767	-0.028888	-0.051110
Superscaffold5	16609549	16950700	0.085072	0.027857	0.019388	0.039873
Superscaffold5	16950775	17175271	-0.130715	-0.102582	-0.054098	-0.074449
Superscaffold5	17175843	17563866	0.114049	0.067142	0.038587	0.067405
Superscaffold5	17563994	17817598	-0.068200	-0.051167	-0.023345	-0.040148
Superscaffold5	17817614	18039686	0.006462	0.004549	0.002576	0.008294
Superscaffold5	18039711	18174734	0.059356	0.061089	0.033832	0.030636
Superscaffold5	18174758	18293844	-0.078142	-0.130124	-0.050789	-0.036948
Superscaffold5	18293890	18598153	0.199341	0.106589	0.060166	0.103146
Superscaffold5	18598180	18910909	-0.079822	-0.049558	-0.024041	-0.046655
Superscaffold5	18910942	19162565	0.005156	0.003815	0.002208	0.004750
Superscaffold5	19162577	19373323	0.109816	0.043890	0.026249	0.065795
Superscaffold5	19373405	19615740	-0.369445	-0.284820	-0.124670	-0.240832
Superscaffold5	19615755	19851122	0.137289	0.056981	0.034923	0.078011
Superscaffold5	19851125	20150698	-0.082261	-0.052302	-0.023656	-0.039861
Superscaffold5	20150741	20373174	-0.222635	-0.141408	-0.069837	-0.136685
Superscaffold5	20373238	20938942	-0.003470	-0.000921	-0.000627	0.001018
Superscaffold5	20938952	21201820	0.083816	0.053169	0.030337	0.043211
Superscaffold5	21201846	21518230	-0.240965	-0.193220	-0.086210	-0.141307
Superscaffold5	21518317	21667688	-0.260739	-0.246753	-0.109012	-0.152980
Superscaffold5	21667690	21974688	0.021744	0.013982	0.007667	0.008498
Superscaffold5	21974709	22189713	0.028075	0.023421	0.013105	0.014458
Superscaffold5	22189773	22647237	-0.082591	-0.054757	-0.027136	-0.039875
Superscaffold5	22647386	23230353	-0.075819	-0.032228	-0.019961	-0.044779
Superscaffold5	23230447	23779121	0.065632	0.044873	0.025190	0.046931
Superscaffold5	23779163	24504095	0.065840	0.023205	0.013605	0.043942
Superscaffold5	24504198	24820753	-0.058534	-0.032870	-0.017692	-0.040160
Superscaffold5	24820769	25242481	0.133816	0.038297	0.024580	0.112414
Superscaffold5	25242598	25781695	-0.271797	-0.071699	-0.045432	-0.206338
Superscaffold5	25781763	26193060	0.154383	0.055770	0.031752	0.107531
Superscaffold5	26193676	27347138	-0.084295	-0.034941	-0.019213	-0.048735
Superscaffold5	27356802	27625633	-0.082934	-0.037797	-0.020994	-0.037651
Superscaffold5	27625668	28252404	-0.075608	-0.027403	-0.014930	-0.032262
Superscaffold5	28252415	28513120	-0.081914	-0.048841	-0.030189	-0.039202
Superscaffold5	28513122	28853898	-0.002327	-0.000893	-0.000545	0.002262
Superscaffold5	28853963	29219039	0.329644	0.137110	0.077294	0.221615
Superscaffold5	29219045	29510908	-0.328948	-0.100457	-0.062301	-0.228743
Superscaffold5	29510918	29846281	-0.239280	-0.071777	-0.048876	-0.168882
Superscaffold5	29846318	30018771	0.178237	0.135143	0.077649	0.103686
Superscaffold5	30018825	30211397	0.294139	0.147059	0.101774	0.157247
Superscaffold5	30211461	30370890	-0.006290	-0.004116	-0.002559	-0.006438
Superscaffold5	30371138	31092861	-0.155448	-0.026247	-0.017320	-0.107810
Superscaffold5	31092969	31319927	-0.291753	-0.166644	-0.082129	-0.213869
Superscaffold5	31319986	31583318	0.051659	0.021430	0.012852	0.025317
Superscaffold5	31583349	31874234	-0.048362	-0.022646	-0.011626	-0.031574
Superscaffold5	31874252	32228113	0.093344	0.039633	0.023307	0.080192
Superscaffold5	32228125	32707269	-0.315658	-0.232813	-0.113708	-0.193915
Superscaffold5	32707297	32981472	0.146062	0.096983	0.054998	0.089569
Superscaffold5	32981473	33152534	0.069397	0.041712	0.026782	0.035678
Superscaffold5	33152552	33503621	0.053335	0.039412	0.021640	0.043272
Superscaffold5	33503625	33874524	-0.374414	-0.107050	-0.060953	-0.298051
Superscaffold5	33875473	34455251	-0.357580	-0.070468	-0.045249	-0.325339
Superscaffold5	34455281	34819247	-0.155942	-0.042555	-0.024999	-0.113641
Superscaffold5	34819271	35145908	-0.151053	-0.052383	-0.031051	-0.118526
Superscaffold5	35145929	35493893	-0.175125	-0.069498	-0.038817	-0.127862
Superscaffold5	35493903	35852348	0.083392	0.022676	0.013318	0.062688
Superscaffold5	35852570	36204489	-0.404187	-0.162946	-0.089786	-0.353035
Superscaffold5	36204496	36624156	0.073256	0.021613	0.012116	0.058715
Superscaffold5	36625124	36854225	-0.033808	-0.014314	-0.008438	-0.015363
Superscaffold5	36854428	37277500	0.065555	0.036852	0.020226	0.035362
Superscaffold5	37277568	37503171	0.000188	0.000128	0.000067	-0.001729
Superscaffold5	37503219	37753933	0.070796	0.026657	0.015360	0.051393
Superscaffold5	37753938	38040473	-0.059351	-0.026448	-0.014505	-0.044091
Superscaffold5	38040478	38332018	0.221495	0.089961	0.054999	0.151772
Superscaffold5	38333535	38663666	-0.059714	-0.023146	-0.013598	-0.041015
Superscaffold5	38663718	39371970	-0.047968	-0.029327	-0.015649	-0.035200
Superscaffold5	39372078	39789870	0.034812	0.025872	0.013372	0.018681
Superscaffold5	39789889	40360937	0.058701	0.020859	0.013517	0.034625
Superscaffold5	40361103	41202843	-0.196554	-0.080805	-0.046747	-0.124516
Superscaffold5	41202880	41915927	0.079272	0.033453	0.018677	0.052042
Superscaffold5	41916009	42316236	-0.050890	-0.016079	-0.009145	-0.035585
Superscaffold5	42316710	42826800	0.177476	0.047087	0.028667	0.119412
Superscaffold5	42827029	43287331	0.013634	0.005052	0.002950	0.008842
Superscaffold5	43287365	43646440	-0.051729	-0.018763	-0.011545	-0.037316
Superscaffold5	43646452	43942417	0.110439	0.046500	0.028801	0.065864
Superscaffold5	43942484	44233212	-0.069927	-0.042494	-0.026990	-0.040189
Superscaffold5	44233213	44493103	0.073706	0.055774	0.033388	0.039468
Superscaffold5	44493154	44714400	-0.186027	-0.079473	-0.045024	-0.086060
Superscaffold5	44714710	44950174	0.190718	0.081803	0.047947	0.110451
Superscaffold5	44950358	45324974	0.082750	0.062798	0.035744	0.047781
Superscaffold5	45325328	45635503	0.033245	0.023952	0.012641	0.022805
Superscaffold5	45635533	45896224	-0.192510	-0.153919	-0.089947	-0.147518
Superscaffold5	45896327	46355781	0.172767	0.105401	0.052911	0.116509
Superscaffold5	46355782	46637925	-0.349560	-0.325130	-0.143461	-0.219498
Superscaffold5	46637992	46840000	0.097851	0.051564	0.029076	0.058070
Superscaffold5	46840041	47136094	-0.023108	-0.011453	-0.006841	-0.013017
Superscaffold5	47136209	47563443	-0.026317	-0.009330	-0.005503	-0.019914
Superscaffold5	47563453	47935535	-0.037288	-0.013541	-0.007871	-0.021237
Superscaffold5	47935543	48264749	-0.016975	-0.006453	-0.003506	-0.011661
Superscaffold5	48265495	48597517	-0.074658	-0.034541	-0.017682	-0.057568
Superscaffold5	48597558	49076171	0.029822	0.010351	0.006061	0.021817
Superscaffold5	49076179	49433174	0.423323	0.256158	0.162237	0.273367
Superscaffold5	49433233	49868512	0.383732	0.209396	0.139147	0.236590
Superscaffold5	49868639	50073940	-0.037487	-0.025296	-0.010440	-0.014758
Superscaffold5	50073949	50432643	0.190770	0.105124	0.054164	0.123285
Superscaffold5	50432655	50666284	-0.111600	-0.071346	-0.034183	-0.068549
Superscaffold5	50666331	51024490	-0.277621	-0.101231	-0.050145	-0.192312
Superscaffold5	51024515	51418848	0.122460	0.047039	0.028374	0.078356
Superscaffold5	51419126	51621913	-0.096978	-0.077194	-0.034309	-0.053545
Superscaffold5	51621951	52025850	0.104623	0.060537	0.029366	0.075679
Superscaffold5	52025867	52308886	0.080738	0.040428	0.023020	0.047681
Superscaffold5	52308892	52662472	0.073186	0.026636	0.015681	0.052820
Superscaffold5	52663024	52825440	0.141550	0.133409	0.067565	0.090799
Superscaffold5	52825576	52997387	-0.047260	-0.050873	-0.026646	-0.026384
Superscaffold5	52997388	53276557	0.091969	0.040089	0.024253	0.052972
Superscaffold5	53276563	53475741	0.067101	0.072050	0.028700	0.028060
Superscaffold5	53475863	53714541	-0.300031	-0.405274	-0.148418	-0.142825
Superscaffold5	53714865	54214890	0.127258	0.048873	0.028736	0.073299
Superscaffold5	54214934	55045803	0.078131	0.045374	0.025166	0.048491
Superscaffold5	55045974	55726770	0.061714	0.041133	0.019367	0.037559
Superscaffold5	55726819	55987159	-0.144635	-0.081529	-0.040693	-0.097995
Superscaffold5	55987171	56250832	0.235761	0.187098	0.106701	0.155133
Superscaffold5	56250877	56644172	0.154060	0.095350	0.040181	0.105657
Superscaffold5	56644326	56982492	-0.071028	-0.034307	-0.018261	-0.039496
Superscaffold5	56982498	57334573	-0.055120	-0.039888	-0.020635	-0.023704
Superscaffold5	57334586	57454627	-0.215071	-0.282349	-0.090769	-0.125956
Superscaffold5	57454650	57736355	-0.040674	-0.024798	-0.013276	-0.019379
Superscaffold5	57736410	58195086	-0.143953	-0.042713	-0.026263	-0.110408
Superscaffold5	58195107	58596600	0.257623	0.144826	0.081932	0.213952
Superscaffold5	58596772	59017231	-0.050030	-0.017075	-0.009584	-0.037059
Superscaffold5	59018721	59391803	0.098469	0.037031	0.020272	0.071435
Superscaffold5	59391916	59994821	0.248837	0.087398	0.052875	0.187291
Superscaffold5	59994825	60466773	-0.157935	-0.065670	-0.034963	-0.109737
Superscaffold5	60466825	61032256	0.112899	0.035537	0.022092	0.087194
Superscaffold5	61032282	61543040	0.102144	0.044082	0.025340	0.070071
Superscaffold5	61543049	62026221	0.070229	0.023613	0.014613	0.049096
Superscaffold5	62026224	62342620	0.152112	0.060000	0.036960	0.111911
Superscaffold5	62342855	62733418	-0.034033	-0.012207	-0.007888	-0.027479
Superscaffold5	62733432	63129763	-0.071044	-0.029733	-0.016315	-0.047847
Superscaffold5	63129779	63433937	0.084866	0.043968	0.026906	0.054597
Superscaffold5	63434036	63677795	-0.050733	-0.033366	-0.015628	-0.031188
Superscaffold5	63677858	63840992	0.359734	0.345148	0.205082	0.226202
Superscaffold5	63841008	64111992	-0.225486	-0.213321	-0.073754	-0.141568
Superscaffold5	64111999	64365680	0.282844	0.197784	0.092486	0.180537
Superscaffold5	64365705	64934192	0.049377	0.030135	0.015885	0.036759
Superscaffold5	64934667	65299698	0.074813	0.030849	0.014729	0.051674
Superscaffold5	65299737	65741685	0.157076	0.063899	0.034933	0.112153
Superscaffold5	65741908	66182264	0.205043	0.063961	0.037951	0.152137
Superscaffold5	66182275	66527522	-0.132494	-0.049626	-0.025109	-0.074911
Superscaffold5	66527604	66975278	-0.004465	-0.001238	-0.000823	-0.000930
Superscaffold5	66975283	67473082	-0.033989	-0.012775	-0.007739	-0.020510
Superscaffold5	67473094	68381557	0.024283	0.011718	0.006511	0.018721
Superscaffold5	68381830	68803964	-0.044970	-0.017471	-0.010978	-0.017911
Superscaffold5	68804053	69871434	0.020524	0.008607	0.005205	0.011642
Superscaffold5	69871461	70081360	0.130697	0.163030	0.098057	0.076732
Superscaffold5	70081482	70768231	-0.099245	-0.067357	-0.033812	-0.052487
Superscaffold5	70768238	71325209	-0.078905	-0.040792	-0.022946	-0.044953
Superscaffold5	71326056	71760055	0.039819	0.019730	0.011568	0.029774
Superscaffold5	71760087	72276800	-0.001144	-0.000616	-0.000343	-0.001598
Superscaffold5	72280265	72570420	-0.021373	-0.014143	-0.008747	-0.011078
Superscaffold5	72572771	73038581	-0.157071	-0.092601	-0.045777	-0.083490
Superscaffold5	73038629	73233296	-0.250549	-0.188628	-0.094958	-0.154262
Superscaffold5	73233439	73515246	-0.109272	-0.081872	-0.046375	-0.076193
Superscaffold5	73515306	73889937	-0.119354	-0.069478	-0.042788	-0.081080
Superscaffold5	73890506	74320663	0.153071	0.066275	0.037609	0.123124
Superscaffold5	74320678	74662953	0.241021	0.112853	0.070603	0.164123
Superscaffold5	74663432	75029119	-0.189691	-0.095910	-0.052956	-0.123943
Superscaffold5	75029226	75517536	0.078015	0.041447	0.026821	0.048607
Superscaffold5	75517551	75835018	0.108232	0.083130	0.051271	0.064555
Superscaffold5	75835026	76130315	-0.334809	-0.170826	-0.107857	-0.223497
Superscaffold5	76130353	76385744	-0.254618	-0.188428	-0.106556	-0.179357
Superscaffold5	76385776	76670839	0.353026	0.223430	0.117997	0.240772
Superscaffold5	76670849	76970742	0.156977	0.092279	0.054189	0.107302
Superscaffold5	76970822	77230025	0.171125	0.129203	0.073085	0.117992
Superscaffold5	77230047	77573299	-0.038450	-0.024969	-0.013552	-0.024519
Superscaffold5	77573304	77833628	-0.173502	-0.094009	-0.055428	-0.102798
Superscaffold5	77833633	78060126	0.091761	0.059892	0.032838	0.074382
Superscaffold5	78060151	78281097	0.104996	0.061415	0.033771	0.064877
Superscaffold5	78281363	78632839	0.042718	0.027047	0.015090	0.028509
Superscaffold5	78632889	78992272	0.019869	0.007853	0.004677	0.013030
Superscaffold5	78992314	79275464	-0.024331	-0.018465	-0.010473	-0.016498
Superscaffold5	79275509	79525756	-0.089380	-0.065768	-0.039104	-0.052877
Superscaffold5	79525769	79960086	-0.078942	-0.053401	-0.030125	-0.044734
Superscaffold5	79960301	80164020	0.270987	0.218366	0.129896	0.200712
Superscaffold5	80164070	80454378	0.055502	0.029087	0.018808	0.034276
Superscaffold5	80454474	80832149	-0.007932	-0.005184	-0.002849	-0.003280
Superscaffold5	80832237	80983372	-0.112330	-0.176940	-0.058708	-0.058189
Superscaffold5	80983410	81296280	0.028718	0.024080	0.012954	0.013365
Superscaffold5	81296284	81546585	-0.138709	-0.183766	-0.086149	-0.078586
Superscaffold5	81546628	81779637	-0.045866	-0.041558	-0.022222	-0.023454
Superscaffold5	81779650	81961775	0.053232	0.052736	0.027635	0.028544
Superscaffold5	81963593	82247348	-0.174712	-0.277769	-0.091779	-0.087862
Superscaffold5	82247357	82366624	-0.013356	-0.019646	-0.009227	-0.006588
Superscaffold6	168002	468602	0.065224	0.034747	0.023196	0.040033
Superscaffold6	468648	812243	-0.033985	-0.019816	-0.010272	-0.022176
Superscaffold6	812256	998519	0.245134	0.209861	0.134392	0.136366
Superscaffold6	998571	1220699	-0.009994	-0.009331	-0.005129	-0.006067
Superscaffold6	1220887	1445628	-0.089550	-0.092296	-0.052818	-0.054547
Superscaffold6	1445638	1629079	0.071031	0.064434	0.030208	0.033920
Superscaffold6	1629161	2037450	0.037657	0.017801	0.009719	0.024600
Superscaffold6	2037514	2356564	0.001591	0.000776	0.000463	0.005165
Superscaffold6	2356581	2629933	0.247786	0.134047	0.083182	0.149813
Superscaffold6	2630052	3013291	-0.149857	-0.057574	-0.032976	-0.105100
Superscaffold6	3013313	3411846	0.057245	0.022468	0.012540	0.040629
Superscaffold6	3411896	3889434	-0.074411	-0.023477	-0.014746	-0.041172
Superscaffold6	3889497	4678072	-0.205132	-0.112489	-0.063106	-0.133093
Superscaffold6	4678104	4991629	0.014297	0.006420	0.004094	0.009535
Superscaffold6	4991632	5360253	-0.138181	-0.054528	-0.033758	-0.091170
Superscaffold6	5360379	5703430	0.262687	0.106395	0.060657	0.187690
Superscaffold6	5703456	6318053	-0.096018	-0.033268	-0.019238	-0.067222
Superscaffold6	6318076	6682048	-0.100649	-0.038870	-0.023983	-0.065050
Superscaffold6	6682287	6999406	-0.093022	-0.029808	-0.019406	-0.052948
Superscaffold6	6999417	7489825	-0.265759	-0.085130	-0.055709	-0.185162
Superscaffold6	7489896	7923231	-0.024539	-0.010254	-0.006308	-0.014378
Superscaffold6	7924616	8271482	-0.048638	-0.021106	-0.013117	-0.036099
Superscaffold6	8271532	8511949	-0.053810	-0.024887	-0.015607	-0.021880
Superscaffold6	8511954	9013544	-0.130483	-0.034816	-0.023602	-0.068140
Superscaffold6	9013545	9364043	0.041899	0.025980	0.013743	0.024756
Superscaffold6	9364069	9714294	0.224068	0.089210	0.054503	0.183833
Superscaffold6	9714414	10174314	0.072159	0.017041	0.011316	0.053463
Superscaffold6	10174647	10654017	0.035685	0.011313	0.006655	0.030822
Superscaffold6	10654429	11413949	0.048849	0.019237	0.011753	0.030365
Superscaffold6	11414083	11771437	-0.185994	-0.074689	-0.039761	-0.133950
Superscaffold6	11771753	12195927	0.051851	0.019339	0.011557	0.030416
Superscaffold6	12196077	12633540	-0.043904	-0.014015	-0.007355	-0.023650
Superscaffold6	12633941	13192244	-0.057324	-0.023052	-0.013308	-0.044027
Superscaffold6	13192452	13758673	0.094900	0.035187	0.019079	0.068209
Superscaffold6	13758782	14102503	0.231154	0.086456	0.051191	0.165865
Superscaffold6	14102946	14552951	-0.001071	-0.000445	-0.000229	0.002917
Superscaffold6	14553001	14912312	-0.157502	-0.067211	-0.035183	-0.106795
Superscaffold6	14912397	15371122	0.120671	0.034588	0.021584	0.081665
Superscaffold6	15371185	15911848	0.124770	0.028734	0.017768	0.101069
Superscaffold6	15911947	16234763	-0.114064	-0.042947	-0.025157	-0.091774
Superscaffold6	16234858	16617398	-0.514133	-0.189810	-0.107345	-0.452600
Superscaffold6	16617736	17180708	-0.217777	-0.066549	-0.034226	-0.161694
Superscaffold6	17180713	17581447	0.223276	0.071667	0.042304	0.167465
Superscaffold6	17582108	18056764	-0.301146	-0.101517	-0.053198	-0.233982
Superscaffold6	18056765	18511764	0.089903	0.028322	0.018072	0.063138
Superscaffold6	18511848	18779298	0.218847	0.101859	0.055939	0.158920
Superscaffold6	18779392	19167155	0.163310	0.062486	0.033128	0.118819
Superscaffold6	19167156	19476307	-0.087168	-0.035209	-0.018550	-0.071575
Superscaffold6	19476314	19947019	0.108710	0.039268	0.021017	0.083408
Superscaffold6	19947030	20325940	0.471819	0.209313	0.109225	0.355185
Superscaffold6	20325978	20784066	-0.025472	-0.006426	-0.004265	-0.014729
Superscaffold6	20784204	21108039	0.138237	0.049772	0.028975	0.088272
Superscaffold6	21108119	21549367	0.109578	0.036775	0.020192	0.073976
Superscaffold6	21549387	22117514	0.151344	0.036323	0.020553	0.124155
Superscaffold6	22117575	22559996	-0.058030	-0.016651	-0.009305	-0.036849
Superscaffold6	22560000	23093982	0.301062	0.072427	0.044440	0.235102
Superscaffold6	23094022	23614938	-0.085087	-0.020305	-0.012835	-0.060319
Superscaffold6	23614998	24504797	-0.236491	-0.034247	-0.023531	-0.181352
Superscaffold6	24505250	25464989	-0.297819	-0.046418	-0.031196	-0.242692
Superscaffold6	25465085	26019252	0.270017	0.060242	0.040159	0.239189
Superscaffold6	26019257	26526743	0.168875	0.040263	0.026269	0.140507
Superscaffold6	26526753	26950321	0.087332	0.024092	0.016504	0.066705
Superscaffold6	26950345	27301971	0.206176	0.066830	0.040306	0.128574
Superscaffold6	27302099	27746886	-0.053905	-0.014737	-0.008320	-0.041520
Superscaffold6	27746905	28231779	-0.176410	-0.050243	-0.027654	-0.121318
Superscaffold6	28232011	28641647	-0.337758	-0.107768	-0.060705	-0.282669
Superscaffold6	28641667	29004701	-0.043923	-0.014972	-0.009574	-0.034148
Superscaffold6	29004714	29360950	-0.157083	-0.050807	-0.028908	-0.090570
Superscaffold6	29361440	29780608	-0.201365	-0.089784	-0.048848	-0.110152
Superscaffold6	29780641	30380009	0.097343	0.029889	0.016828	0.072163
Superscaffold6	30380065	31096922	0.041975	0.013103	0.008436	0.025388
Superscaffold6	31097195	31434916	-0.175137	-0.057943	-0.036827	-0.123960
Superscaffold6	31434950	31801233	-0.119168	-0.060570	-0.036431	-0.078491
Superscaffold6	31801247	32121367	-0.116031	-0.036974	-0.024937	-0.088113
Superscaffold6	32121414	32483360	0.251486	0.083060	0.053743	0.198681
Superscaffold6	32483365	32815889	0.126638	0.046548	0.028532	0.096714
Superscaffold6	32816045	33128221	0.047144	0.019472	0.012243	0.032024
Superscaffold6	33129538	33909331	-0.104969	-0.034221	-0.019709	-0.062697
Superscaffold6	33909952	34339705	0.184963	0.058025	0.030510	0.121693
Superscaffold6	34339717	34852161	-0.127313	-0.053851	-0.029638	-0.079221
Superscaffold6	34852231	35465013	-0.068488	-0.018147	-0.010976	-0.045665
Superscaffold6	35465830	35927284	0.223411	0.078251	0.043259	0.159584
Superscaffold6	35927433	36253595	-0.186938	-0.070152	-0.041098	-0.137491
Superscaffold6	36253772	36608723	-0.071716	-0.025402	-0.013885	-0.050833
Superscaffold6	36608732	36992120	0.098896	0.035165	0.017676	0.064959
Superscaffold6	36992135	37443993	-0.248132	-0.077901	-0.044760	-0.203254
Superscaffold6	37444432	37952081	0.569628	0.226444	0.149183	0.437383
Superscaffold6	37952090	38299471	-0.050264	-0.027071	-0.011822	-0.032609
Superscaffold6	38299489	38660475	0.081220	0.033056	0.018883	0.066131
Superscaffold6	38660690	38976526	-0.253129	-0.124358	-0.062167	-0.177610
Superscaffold6	38976544	39423055	-0.390875	-0.138492	-0.081933	-0.288286
Superscaffold6	39423145	39758730	0.171033	0.067696	0.040607	0.117987
Superscaffold6	39758759	40079730	-0.052864	-0.026543	-0.012576	-0.026425
Superscaffold6	40079751	40686378	-0.109506	-0.037354	-0.021585	-0.072787
Superscaffold6	40686392	41141518	-0.077630	-0.029876	-0.018239	-0.047059
Superscaffold6	41141614	41527083	0.060090	0.024619	0.014654	0.034940
Superscaffold6	41527087	41789496	-0.096416	-0.052858	-0.022659	-0.061383
Superscaffold6	41789522	42109501	-0.194295	-0.119456	-0.064237	-0.119203
Superscaffold6	42109502	42463527	0.218597	0.122247	0.074440	0.118305
Superscaffold6	42463628	42758715	0.532215	0.415094	0.235680	0.414601
Superscaffold6	42758773	43015071	0.234945	0.144676	0.078386	0.146861
Superscaffold6	43015095	43503591	0.078795	0.028989	0.018376	0.050590
Superscaffold6	43503744	43968715	-0.186914	-0.059460	-0.033015	-0.121141
Superscaffold6	43968758	44318322	-0.174560	-0.067470	-0.038322	-0.126689
Superscaffold6	44318323	44695001	-0.174904	-0.066492	-0.034033	-0.123090
Superscaffold6	44695002	45139250	-0.037364	-0.013318	-0.007544	-0.030096
Superscaffold6	45139288	45494474	0.147826	0.062470	0.036272	0.114530
Superscaffold6	45494489	45729518	0.181895	0.137882	0.075566	0.115984
Superscaffold6	45729696	45973768	0.140453	0.073419	0.046942	0.096140
Superscaffold6	45973793	46252637	-0.000122	-0.000126	-0.000067	0.002117
Superscaffold6	46252642	46453788	-0.068188	-0.065474	-0.039798	-0.035235
Superscaffold6	46453810	46827638	-0.031036	-0.023262	-0.012830	-0.016635
Superscaffold6	46827650	47166938	-0.121540	-0.061504	-0.035002	-0.064406
Superscaffold6	47167753	47578898	-0.085781	-0.034160	-0.019671	-0.062691
Superscaffold6	47578977	48389568	-0.073358	-0.022553	-0.013611	-0.050929
Superscaffold6	48389576	48863190	0.157857	0.056830	0.034469	0.112648
Superscaffold6	48863207	49070308	0.087386	0.046707	0.028561	0.048782
Superscaffold6	49070311	49423616	-0.287702	-0.187232	-0.089342	-0.175501
Superscaffold6	49423655	49629928	0.035472	0.019523	0.010305	0.021635
Superscaffold6	49630138	49998234	0.267200	0.099531	0.053006	0.146767
Superscaffold6	49998371	50323573	0.040955	0.024234	0.012268	0.030722
Superscaffold6	50323680	50648746	-0.106204	-0.058543	-0.032467	-0.082605
Superscaffold6	50648785	50973502	0.066444	0.031492	0.018025	0.043933
Superscaffold6	50973638	51335688	0.079657	0.037374	0.021530	0.040782
Superscaffold6	51335812	51936126	0.069699	0.032077	0.019259	0.038437
Superscaffold6	51936242	52255526	0.052665	0.033899	0.018014	0.035922
Superscaffold6	52255553	52504390	0.076856	0.059048	0.038977	0.045023
Superscaffold6	52504393	52799440	-0.133834	-0.133459	-0.066792	-0.070560
Superscaffold6	52799471	52965358	-0.141572	-0.127084	-0.068692	-0.079552
Superscaffold6	52965371	53292036	-0.158095	-0.118776	-0.059628	-0.102125
Superscaffold7	106493	438792	-0.110337	-0.050646	-0.033693	-0.063654
Superscaffold7	438797	634543	-0.068840	-0.065637	-0.034837	-0.035006
Superscaffold7	634549	986075	-0.062399	-0.081689	-0.033404	-0.030103
Superscaffold7	986253	1146617	-0.230552	-0.163208	-0.090620	-0.100353
Superscaffold7	1146666	1301998	0.101839	0.097875	0.051267	0.058924
Superscaffold7	1302125	1483657	-0.215109	-0.228396	-0.112193	-0.115451
Superscaffold7	1483668	1632409	0.168452	0.166574	0.100547	0.092814
Superscaffold7	1632426	1805344	-0.136995	-0.102223	-0.062270	-0.067292
Superscaffold7	1805354	2198007	-0.064719	-0.054384	-0.025535	-0.035223
Superscaffold7	2198037	2803669	0.017099	0.010230	0.006400	0.009753
Superscaffold7	2803954	3231195	-0.138210	-0.049853	-0.033336	-0.094988
Superscaffold7	3231376	3647675	0.182374	0.065856	0.043941	0.106646
Superscaffold7	3647708	3882860	-0.130615	-0.102672	-0.062378	-0.075458
Superscaffold7	3883620	4364694	-0.000651	-0.000431	-0.000266	-0.000242
Superscaffold7	4364781	4565319	-0.109629	-0.133470	-0.063994	-0.061680
Superscaffold7	4565348	4851613	-0.235233	-0.098077	-0.064648	-0.141556
Superscaffold7	4851845	5046799	-0.047251	-0.046193	-0.028456	-0.023213
Superscaffold7	5046809	5242283	0.003184	0.003113	0.001801	0.005129
Superscaffold7	5242287	5389062	0.101516	0.132123	0.080220	0.061201
Superscaffold7	5389070	5591227	0.096078	0.112831	0.055597	0.052502
Superscaffold7	5591326	5751659	-0.203150	-0.184154	-0.100195	-0.117248
Superscaffold7	5751660	5962151	0.115416	0.124356	0.073557	0.068312
Superscaffold7	5962173	6062863	0.157850	0.152495	0.096600	0.098008
Superscaffold7	6062868	6196287	-0.053176	-0.079445	-0.037490	-0.033226
Superscaffold7	6196306	6525283	0.060620	0.052232	0.031276	0.035228
Superscaffold7	6525387	7151684	0.051538	0.032367	0.020225	0.026414
Superscaffold7	7152151	7407156	-0.053483	-0.044390	-0.025525	-0.034943
Superscaffold7	7407181	7631034	-0.067054	-0.065344	-0.035922	-0.037049
Superscaffold7	7632110	7896286	-0.115825	-0.081275	-0.046294	-0.058533
Superscaffold7	7896328	8161303	-0.098983	-0.079438	-0.048259	-0.070745
Superscaffold7	8161305	8344646	0.064877	0.046296	0.029482	0.056102
Superscaffold7	8344658	8597185	0.260235	0.134187	0.088398	0.145058
Superscaffold7	8597355	9112573	0.380811	0.159025	0.107324	0.249502
Superscaffold7	9112575	9265385	0.138839	0.143403	0.064216	0.085421
Superscaffold7	9265439	9911808	-0.076934	-0.038969	-0.022960	-0.045538
Superscaffold7	9911834	10184982	-0.033127	-0.008872	-0.006421	-0.021113
Superscaffold7	10184996	10382701	0.232686	0.125488	0.080135	0.147434
Superscaffold7	10382703	10597759	-0.030647	-0.017299	-0.009208	-0.015823
Superscaffold7	10597769	10856367	-0.030742	-0.032888	-0.015535	-0.011761
Superscaffold7	10856380	11049450	-0.175645	-0.192308	-0.082549	-0.098411
Superscaffold7	11049492	11306890	0.194873	0.132523	0.072949	0.129081
Superscaffold7	11306974	11693186	-0.007882	-0.002423	-0.001458	0.002512
Superscaffold7	11695567	11953030	0.047944	0.021411	0.012620	0.023718
Superscaffold7	11953043	12290957	0.088290	0.052088	0.026493	0.048809
Superscaffold7	12291042	12665102	0.060969	0.021575	0.012968	0.029728
Superscaffold7	12665113	13126150	-0.314622	-0.105629	-0.059813	-0.184730
Superscaffold7	13126365	13844404	0.118637	0.050785	0.030509	0.075453
Superscaffold7	13844805	14301711	-0.024944	-0.012781	-0.007886	-0.013764
Superscaffold7	14302967	14580073	0.019503	0.008843	0.004834	0.014770
Superscaffold7	14580309	14829772	0.023215	0.010110	0.005372	0.017619
Superscaffold7	14830121	15401673	-0.017476	-0.006079	-0.003669	-0.009365
Superscaffold7	15401681	16028578	0.042496	0.023124	0.009990	0.032361
Superscaffold7	16028610	16338326	0.189752	0.098407	0.055402	0.131447
Superscaffold7	16338327	16870523	0.309887	0.106803	0.072218	0.224462
Superscaffold7	16870583	17212412	0.333304	0.138628	0.086203	0.229353
Superscaffold7	17213242	17573102	0.223877	0.067196	0.037394	0.165699
Superscaffold7	17573172	18014734	0.221757	0.046158	0.030156	0.154935
Superscaffold7	18014792	18300385	-0.024678	-0.010950	-0.004869	-0.019050
Superscaffold7	18300402	18586581	0.023450	0.012779	0.005723	0.013212
Superscaffold7	18586634	18993137	0.432182	0.121617	0.067620	0.358281
Superscaffold7	18993647	19273498	0.209222	0.059915	0.035661	0.148253
Superscaffold7	19273518	19556284	-0.205561	-0.081772	-0.048941	-0.181281
Superscaffold7	19556337	19907703	0.197366	0.058480	0.034023	0.145901
Superscaffold7	19907733	20138597	0.464631	0.133372	0.091959	0.414096
Superscaffold7	20138620	20448782	0.311991	0.083546	0.053138	0.257370
Superscaffold7	20448783	20918031	0.348689	0.110444	0.061802	0.269635
Superscaffold7	20918345	21305458	0.037126	0.012073	0.006035	0.025839
Superscaffold7	21305567	21491112	-0.116237	-0.058716	-0.034258	-0.068836
Superscaffold7	21491130	21766917	-0.007574	-0.001661	-0.000936	-0.004108
Superscaffold7	21766982	22486357	-0.257108	-0.099767	-0.055545	-0.176168
Superscaffold7	22486451	22878272	0.443149	0.152645	0.091402	0.381142
Superscaffold7	22878835	23111097	-0.087365	-0.038543	-0.022537	-0.055139
Superscaffold7	23111119	23575653	-0.037196	-0.007975	-0.004836	-0.022135
Superscaffold7	23578346	23923120	0.014068	0.005594	0.003456	0.016557
Superscaffold7	23923123	24235139	-0.047355	-0.021668	-0.012275	-0.028270
Superscaffold7	24235177	24538924	-0.229046	-0.106571	-0.061906	-0.127011
Superscaffold7	24538963	24775931	0.297867	0.141970	0.073223	0.191553
Superscaffold7	24779203	25040959	0.024083	0.024698	0.012897	0.012534
Superscaffold7	25041004	25316606	0.031964	0.019590	0.011070	0.021324
Superscaffold7	25316700	25602831	-0.027479	-0.019781	-0.009709	-0.017401
Superscaffold7	25602841	25932051	-0.106855	-0.050377	-0.028082	-0.075564
Superscaffold7	25932078	26596378	-0.067608	-0.023286	-0.012956	-0.045528
Superscaffold7	26596947	26904952	0.160204	0.081784	0.039257	0.115857
Superscaffold7	26905240	27175574	0.019230	0.009523	0.005427	0.015804
Superscaffold7	27175579	27414505	0.190106	0.107063	0.055920	0.117773
Superscaffold7	27414507	27701534	0.243870	0.111060	0.063437	0.161902
Superscaffold7	27701551	28065265	-0.079338	-0.029557	-0.016133	-0.045844
Superscaffold7	28065430	28335346	-0.066392	-0.030577	-0.015943	-0.041783
Superscaffold7	28335487	28697317	-0.188717	-0.061457	-0.035518	-0.112399
Superscaffold7	28697339	29081415	-0.139522	-0.064576	-0.034513	-0.098890
Superscaffold7	29081460	29450188	-0.207072	-0.095429	-0.046078	-0.132094
Superscaffold7	29450330	29766177	-0.199309	-0.131285	-0.062156	-0.151259
Superscaffold7	29766277	30057663	0.063473	0.027186	0.014928	0.043407
Superscaffold7	30057717	30371734	-0.023826	-0.010752	-0.006248	-0.009278
Superscaffold7	30371790	30724633	-0.152966	-0.073615	-0.041102	-0.110800
Superscaffold7	30725596	31166287	-0.145912	-0.047519	-0.027831	-0.106502
Superscaffold7	31166601	31787770	0.090543	0.037012	0.021485	0.042243
Superscaffold7	31787845	32061604	0.345552	0.210660	0.094727	0.245967
Superscaffold7	32061633	32404649	0.093612	0.033732	0.017064	0.061938
Superscaffold7	32404655	32773028	-0.125787	-0.046242	-0.027329	-0.087205
Superscaffold7	32773074	33089305	0.147733	0.054580	0.028933	0.098151
Superscaffold7	33089320	33353867	0.176750	0.090073	0.045996	0.085901
Superscaffold7	33353896	33502997	-0.117659	-0.132681	-0.063643	-0.065616
Superscaffold7	33503028	33753172	0.048758	0.033574	0.020845	0.027665
Superscaffold7	33753197	34025629	0.025710	0.019430	0.009811	0.017639
Superscaffold7	34025633	34358046	-0.066906	-0.044233	-0.020116	-0.034823
Superscaffold7	34358284	34587793	0.076813	0.050764	0.029440	0.043201
Superscaffold7	34587811	34750741	-0.074199	-0.071412	-0.036448	-0.047453
Superscaffold7	34750777	35088853	0.195072	0.101611	0.060791	0.123753
Superscaffold7	35088854	35563040	-0.191855	-0.148158	-0.073998	-0.106451
Superscaffold7	35563044	35891450	0.027557	0.011337	0.006357	0.016283
Superscaffold7	35892069	36186546	0.005378	0.002298	0.001234	0.005065
Superscaffold7	36186558	36545916	0.086334	0.039460	0.022975	0.064482
Superscaffold7	36545998	36952307	-0.122632	-0.033134	-0.021480	-0.074400
Superscaffold7	36952504	37373503	-0.257303	-0.114405	-0.069408	-0.172481
Superscaffold7	37373688	37728986	-0.059170	-0.023847	-0.012113	-0.037537
Superscaffold7	37729023	38044166	0.271278	0.119854	0.068209	0.220235
Superscaffold7	38044216	38481536	0.011590	0.003801	0.002250	0.010954
Superscaffold7	38481539	38917707	0.099240	0.039094	0.023625	0.066126
Superscaffold7	38917839	39142582	0.115127	0.074197	0.044472	0.061939
Superscaffold7	39142641	39390023	0.202071	0.109993	0.062383	0.133111
Superscaffold7	39390042	39744213	-0.080380	-0.028119	-0.015482	-0.051952
Superscaffold7	39744274	40331610	-0.010450	-0.004379	-0.002653	-0.003352
Superscaffold7	40331697	40771657	-0.075486	-0.021588	-0.012602	-0.052108
Superscaffold7	40772176	41454528	-0.075415	-0.030237	-0.016033	-0.048789
Superscaffold7	41454964	41844728	0.007705	0.003223	0.001955	0.006134
Superscaffold7	41844902	42127748	0.110247	0.047148	0.029515	0.066053
Superscaffold7	42127758	42373536	0.239122	0.140064	0.081799	0.132720
Superscaffold7	42373622	42575465	0.151257	0.106603	0.059499	0.096054
Superscaffold7	42575467	43114394	-0.110972	-0.051553	-0.029082	-0.071740
Superscaffold7	43114426	43416260	-0.262383	-0.156025	-0.090890	-0.177769
Superscaffold7	43416364	43909492	0.018052	0.007781	0.004792	0.010440
Superscaffold7	43909600	44073792	-0.027332	-0.016625	-0.010276	-0.011344
Superscaffold7	44073831	44275443	-0.017217	-0.015257	-0.008961	-0.007098
Superscaffold7	44275463	44536776	0.175620	0.093089	0.061108	0.086029
Superscaffold7	44536851	44904398	0.067832	0.024722	0.018178	0.027115
Superscaffold7	44904446	45120825	-0.090539	-0.067272	-0.037609	-0.047262
Superscaffold7	45120874	45307641	-0.193126	-0.189665	-0.098859	-0.108291
Superscaffold7	45307704	45587901	0.120777	0.072058	0.049204	0.072299
Superscaffold7	45587910	45873634	0.014603	0.007313	0.004826	0.007555
Superscaffold7	45874322	46111593	-0.023955	-0.016270	-0.009186	-0.013531
Superscaffold7	46111648	46347581	0.039463	0.020008	0.012605	0.015471
Superscaffold7	46347595	46674430	0.116797	0.058811	0.035746	0.067252
Superscaffold7	46674487	47040340	-0.011364	-0.010267	-0.005630	-0.005594
Superscaffold7	47040509	47999821	-0.069264	-0.033976	-0.019295	-0.042983
Superscaffold7	48000163	48257574	0.113747	0.073174	0.038366	0.077564
Superscaffold7	48257576	48419876	0.071962	0.076446	0.033515	0.038508
Superscaffold7	48420097	48859871	-0.277358	-0.157027	-0.071754	-0.208296
Superscaffold7	48860208	49256377	0.113663	0.039809	0.022256	0.080040
Superscaffold7	49257072	49723795	-0.254588	-0.079780	-0.054214	-0.170178
Superscaffold8	351455	753305	-0.354310	-0.354165	-0.118844	-0.221217
Superscaffold8	753322	943827	0.131144	0.083753	0.048639	0.070814
Superscaffold8	943847	1217728	-0.016881	-0.012112	-0.006474	-0.011047
Superscaffold8	1217732	1612687	0.421066	0.334957	0.145098	0.296092
Superscaffold8	1613083	2019461	-0.182932	-0.112626	-0.056142	-0.088632
Superscaffold8	2019482	2221449	-0.006785	-0.006999	-0.003859	-0.004973
Superscaffold8	2221604	2372863	-0.239054	-0.344022	-0.146300	-0.124179
Superscaffold8	2372984	2503463	0.000077	0.000074	0.000039	-0.001189
Superscaffold8	2503536	3068014	-0.136118	-0.088360	-0.045606	-0.072778
Superscaffold8	3071075	3618533	-0.000138	-0.000085	-0.000046	0.001841
Superscaffold8	3618541	3814179	-0.171404	-0.130717	-0.068482	-0.097465
Superscaffold8	3814198	4042092	0.018522	0.009818	0.006215	0.010105
Superscaffold8	4042157	4270520	0.039039	0.032343	0.014366	0.020146
Superscaffold8	4270553	4655913	-0.078154	-0.053735	-0.025792	-0.037716
Superscaffold8	4656011	4891361	-0.054075	-0.042000	-0.023538	-0.030773
Superscaffold8	4891710	5307007	0.000656	0.000498	0.000295	0.001190
Superscaffold8	5307091	5638612	-0.031031	-0.024514	-0.014183	-0.017333
Superscaffold8	5638922	5941726	0.177653	0.162182	0.092607	0.105615
Superscaffold8	5941797	6129868	0.346054	0.361851	0.212359	0.206070
Superscaffold8	6130080	6556492	0.015812	0.015729	0.009194	0.015203
Superscaffold8	6556494	6710973	-0.056495	-0.073968	-0.040583	-0.028170
Superscaffold8	6711035	6945487	0.000265	0.000221	0.000130	-0.000579
Superscaffold8	6945521	7167515	0.024427	0.016029	0.010049	0.006853
Superscaffold8	7167574	7558284	0.172863	0.076584	0.052984	0.113068
Superscaffold8	7558322	7918251	-0.064113	-0.031837	-0.016123	-0.038638
Superscaffold8	7918288	8676598	0.082880	0.039575	0.022299	0.057341
Superscaffold8	8676601	9028191	-0.074699	-0.035795	-0.020877	-0.045796
Superscaffold8	9028333	9272625	-0.102467	-0.059848	-0.028780	-0.054760
Superscaffold8	9272667	9558580	-0.130289	-0.071838	-0.036149	-0.066931
Superscaffold8	9558624	9894750	0.328712	0.177350	0.110756	0.214240
Superscaffold8	9894796	10427610	-0.180747	-0.080186	-0.042624	-0.131270
Superscaffold8	10427733	10776237	-0.173454	-0.064110	-0.035657	-0.122546
Superscaffold8	10776244	11034007	-0.056829	-0.049294	-0.027632	-0.035892
Superscaffold8	11034351	11188657	-0.020723	-0.027763	-0.012950	-0.008282
Superscaffold8	11188658	11343296	0.037429	0.050925	0.021854	0.022143
Superscaffold8	11343360	11520455	0.084724	0.092030	0.034447	0.046898
Superscaffold8	11520556	11901610	-0.147758	-0.052346	-0.034023	-0.085201
Superscaffold8	11901637	12203862	-0.039089	-0.027474	-0.016820	-0.015144
Superscaffold8	12204068	12360247	-0.029366	-0.028949	-0.015682	-0.015144
Superscaffold8	12360295	12588345	-0.070154	-0.078863	-0.037416	-0.031520
Superscaffold8	12588402	12800474	0.060889	0.041730	0.026217	0.029991
Superscaffold8	12800476	13032093	0.147229	0.085657	0.044909	0.088167
Superscaffold8	13032320	13374404	-0.121422	-0.075660	-0.041063	-0.063356
Superscaffold8	13374437	13681491	0.192297	0.092462	0.049521	0.135511
Superscaffold8	13681598	13883205	0.239363	0.151124	0.084834	0.161515
Superscaffold8	13883292	14237838	-0.062102	-0.017541	-0.011323	-0.043023
Superscaffold8	14237908	14518178	0.571388	0.328354	0.227441	0.428217
Superscaffold8	14518253	15038995	-0.014339	-0.009310	-0.004221	-0.015566
Superscaffold8	15039051	15262403	0.227721	0.122026	0.071035	0.177744
Superscaffold8	15262439	15620646	-0.324905	-0.130312	-0.065367	-0.225534
Superscaffold8	15620678	15873632	-0.019730	-0.016416	-0.008868	-0.010675
Superscaffold8	15873633	16363485	0.018865	0.008827	0.005710	0.010044
Superscaffold8	16363490	16747714	-0.121028	-0.051992	-0.025353	-0.081418
Superscaffold8	16747715	16969647	0.253426	0.116012	0.070146	0.209566
Superscaffold8	16969743	17138057	0.001135	0.000713	0.000330	-0.014583
Superscaffold8	17138082	17393312	-0.033937	-0.025327	-0.011725	-0.021805
Superscaffold8	17393481	17833103	-0.002777	-0.002060	-0.001119	0.004503
Superscaffold8	17833278	18021613	0.014424	0.018443	0.009243	0.010632
Superscaffold8	18021623	18210195	-0.146797	-0.082606	-0.051858	-0.090448
Superscaffold8	18210220	18488417	-0.105089	-0.054472	-0.033974	-0.063935
Superscaffold8	18488454	18841398	0.317670	0.147936	0.079746	0.225141
Superscaffold8	18841441	19134413	0.296060	0.130250	0.072568	0.190299
Superscaffold8	19134419	19314620	-0.217484	-0.166660	-0.091272	-0.118613
Superscaffold8	19314693	19614049	0.142986	0.103700	0.047737	0.103615
Superscaffold8	19614069	19862438	-0.244184	-0.180912	-0.106177	-0.157541
Superscaffold8	19862439	20235207	0.072797	0.029326	0.015690	0.061600
Superscaffold8	20235223	20460116	-0.135373	-0.103937	-0.053271	-0.092238
Superscaffold8	20460126	20700632	0.142795	0.061782	0.040301	0.078189
Superscaffold8	20700671	21132616	-0.023202	-0.005963	-0.003392	-0.014540
Superscaffold8	21132695	21550735	0.049449	0.014956	0.008847	0.032050
Superscaffold8	21550775	21852198	-0.186440	-0.054802	-0.031259	-0.158154
Superscaffold8	21852321	22241127	0.205564	0.053780	0.030815	0.162601
Superscaffold8	22241166	22603201	-0.372069	-0.134401	-0.067448	-0.293711
Superscaffold8	22603272	23009217	-0.089836	-0.024324	-0.014710	-0.075105
Superscaffold8	23009221	23550623	-0.327199	-0.075987	-0.040814	-0.275894
Superscaffold8	23550652	24271501	-0.119434	-0.025662	-0.015126	-0.106847
Superscaffold8	24272744	24764988	0.042373	0.012101	0.007261	0.035094
Superscaffold8	24764989	24999014	-0.058352	-0.024452	-0.013816	-0.036940
Superscaffold8	24999019	25803477	0.078521	0.020354	0.010844	0.060510
Superscaffold8	25803480	26157034	0.118230	0.037195	0.019437	0.100994
Superscaffold8	26157039	26522058	0.148913	0.054940	0.032930	0.096923
Superscaffold8	26522157	27019263	0.389070	0.141798	0.090833	0.305688
Superscaffold8	27019284	27391702	-0.076656	-0.028667	-0.015230	-0.062650
Superscaffold8	27391789	27750387	0.115958	0.048124	0.027816	0.081913
Superscaffold8	27750736	28117139	0.048645	0.016184	0.009056	0.032190
Superscaffold8	28117171	28710660	0.281662	0.077351	0.048849	0.222297
Superscaffold8	28710661	29270453	0.237649	0.080840	0.042600	0.168311
Superscaffold8	29270465	29691810	-0.056356	-0.013666	-0.008943	-0.026380
Superscaffold8	29691863	29950615	0.092977	0.042175	0.024188	0.063064
Superscaffold8	29950671	30264791	-0.067534	-0.015497	-0.011162	-0.037624
Superscaffold8	30264804	30521882	0.556295	0.184403	0.118510	0.431958
Superscaffold8	30521924	30814944	0.252871	0.077337	0.044971	0.186471
Superscaffold8	30814946	31271566	0.057291	0.014559	0.008537	0.039770
Superscaffold8	31273636	31648266	-0.030846	-0.011495	-0.005837	-0.019250
Superscaffold8	31648272	32060510	-0.009800	-0.004348	-0.002420	-0.009438
Superscaffold8	32060549	32375663	0.347612	0.141010	0.093749	0.249520
Superscaffold8	32375672	32916265	-0.518235	-0.357887	-0.180081	-0.371369
Superscaffold8	32916383	33360422	-0.714530	-2.173303	-0.354949	-0.553383
Superscaffold8	33360441	33607764	-0.090076	-0.049955	-0.031053	-0.046315
Superscaffold8	33607788	33936422	0.188326	0.050162	0.035286	0.133720
Superscaffold8	33936450	34227304	0.104169	0.048967	0.027828	0.076021
Superscaffold8	34227325	34406434	0.103431	0.063541	0.039770	0.060215
Superscaffold8	34406545	34616063	0.316837	0.143678	0.082881	0.209735
Superscaffold8	34616099	34947202	-0.227081	-0.107655	-0.057333	-0.149671
Superscaffold8	34947586	35417861	-0.123543	-0.032449	-0.020335	-0.086206
Superscaffold8	35417864	35835859	-0.049533	-0.021535	-0.011077	-0.025755
Superscaffold8	35836103	36196741	0.102803	0.043507	0.026252	0.066075
Superscaffold8	36196809	36587634	-0.074502	-0.040847	-0.025784	-0.041878
Superscaffold8	36587635	36945163	-0.191237	-0.070528	-0.044651	-0.126923
Superscaffold8	36945322	37679082	0.071068	0.021646	0.014773	0.046164
Superscaffold8	37684936	37976017	-0.104661	-0.045047	-0.029152	-0.069270
Superscaffold8	37976211	38374719	0.078838	0.031959	0.020320	0.050041
Superscaffold8	38374720	38765145	-0.324104	-0.073614	-0.053099	-0.228007
Superscaffold8	38767015	39132940	0.064052	0.029138	0.019593	0.039859
Superscaffold8	39133062	39487459	-0.001399	-0.001007	-0.000591	-0.000973
Superscaffold8	39487633	39972588	-0.121332	-0.049265	-0.032634	-0.074162
Superscaffold8	39972633	40265732	-0.278108	-0.150889	-0.084143	-0.190184
Superscaffold8	40265734	40714696	-0.041939	-0.011940	-0.007825	-0.025479
Superscaffold8	40714713	40971452	0.062191	0.035254	0.018319	0.041408
Superscaffold8	40972121	41218714	-0.115487	-0.134276	-0.062045	-0.057770
Superscaffold8	41218871	41524986	0.164380	0.089568	0.050737	0.104384
Superscaffold8	41525020	41684189	-0.041679	-0.027946	-0.017083	-0.027479
Superscaffold8	41684252	42321330	0.005293	0.003183	0.001702	-0.000388
Superscaffold8	42321365	43038230	-0.073914	-0.046604	-0.024280	-0.040905
Superscaffold8	43038261	43304257	-0.015751	-0.010464	-0.004997	-0.009596
Superscaffold8	43304283	43731017	0.063223	0.026999	0.016998	0.044972
Superscaffold8	43731170	44024722	-0.026650	-0.019488	-0.009631	-0.017955
Superscaffold8	44024750	44562874	0.061665	0.029711	0.016839	0.035454
Superscaffold8	44562878	44828182	0.041229	0.024078	0.011890	0.021112
Superscaffold8	44828293	45451342	-0.084761	-0.029695	-0.015957	-0.056510
Superscaffold8	45451401	45897058	0.041368	0.012666	0.007599	0.031834
Superscaffold8	45897083	46358355	0.264821	0.076386	0.048326	0.217904
Superscaffold8	46358372	46848967	-0.044822	-0.014043	-0.008552	-0.028812
Superscaffold8	46849073	47737941	-0.029977	-0.009823	-0.005256	-0.014292
Superscaffold8	47738016	48143483	0.155087	0.059415	0.030224	0.118566
Superscaffold8	48143679	48726468	-0.206247	-0.074282	-0.042322	-0.137261
Superscaffold8	48726787	49084359	0.024245	0.008731	0.005189	0.021178
Superscaffold8	49084379	49372508	0.110462	0.059464	0.030839	0.094711
Superscaffold8	49372625	49660314	0.335837	0.169312	0.084840	0.228814
Superscaffold8	49660614	50072669	-0.212477	-0.145283	-0.065519	-0.126115
Superscaffold8	50072759	50356864	0.113728	0.042750	0.023742	0.059689
Superscaffold8	50357446	50893618	0.023593	0.011105	0.005830	0.020546
Superscaffold8	50893632	51316674	-0.045020	-0.015492	-0.008866	-0.026455
Superscaffold8	51318358	51694552	0.070780	0.020388	0.011722	0.051299
Superscaffold8	51694577	51993155	0.085096	0.029194	0.016915	0.054242
Superscaffold8	51993193	52390047	0.339040	0.127059	0.067092	0.237898
Superscaffold8	52390132	52837915	-0.151930	-0.076939	-0.039761	-0.088193
Superscaffold8	52838096	53508889	0.125569	0.051793	0.031046	0.079337
Superscaffold8	53508903	53774059	-0.119621	-0.074101	-0.043128	-0.077754
Superscaffold8	53774143	54173599	-0.117821	-0.080144	-0.030088	-0.073007
Superscaffold8	54174158	54580814	0.018875	0.007200	0.004162	0.013272
Superscaffold8	54580825	55027065	0.007470	0.001838	0.001249	0.002794
Superscaffold8	55027275	55652422	-0.157270	-0.043671	-0.025474	-0.111599
Superscaffold8	55652428	56048631	-0.160996	-0.054561	-0.033643	-0.101675
Superscaffold8	56048643	56635690	0.014773	0.004284	0.002527	0.011523
Superscaffold8	56635750	57372408	0.002119	0.000923	0.000489	0.004368
Superscaffold8	57372423	57781141	-0.089379	-0.034259	-0.019571	-0.062837
Superscaffold8	57781146	58306715	-0.060717	-0.028110	-0.016104	-0.040714
Superscaffold8	58306792	58833025	-0.009259	-0.003564	-0.002290	-0.005674
Superscaffold8	58833104	59230691	0.112434	0.042272	0.024486	0.077613
Superscaffold8	59230715	59526088	0.335231	0.201715	0.115742	0.242146
Superscaffold8	59526092	59871572	0.450464	0.283733	0.151267	0.344203
Superscaffold8	59871629	60313318	-0.310863	-0.137936	-0.070541	-0.207543
Superscaffold8	60313326	60658436	-0.067932	-0.027528	-0.017981	-0.034709
Superscaffold8	60658579	60942049	-0.197187	-0.154280	-0.077942	-0.139337
Superscaffold8	60942157	61458342	0.152997	0.059001	0.034778	0.100060
Superscaffold8	61458345	61874719	0.122463	0.063235	0.038995	0.077848
Superscaffold8	61875946	62240569	-0.173452	-0.067443	-0.040208	-0.102692
Superscaffold8	62240574	62594021	-0.043667	-0.016890	-0.010380	-0.024426
Superscaffold8	62594078	62893621	0.037185	0.020602	0.010733	0.029307
Superscaffold8	62893632	63181015	-0.097579	-0.050779	-0.029762	-0.063160
Superscaffold8	63181022	63561672	-0.211853	-0.114755	-0.064809	-0.155261
Superscaffold8	63561730	63968774	-0.076713	-0.038279	-0.020265	-0.050272
Superscaffold8	63968854	64442223	-0.019614	-0.005859	-0.003469	-0.015443
Superscaffold8	64442314	65147244	0.026020	0.010420	0.005965	0.017225
Superscaffold8	65148436	65655864	-0.270685	-0.079829	-0.045585	-0.206352
Superscaffold8	65655953	66291110	0.128408	0.041796	0.025123	0.089722
Superscaffold9	142029	324258	0.050888	0.056718	0.033771	0.026564
Superscaffold9	324272	465726	-0.113342	-0.119748	-0.063474	-0.061799
Superscaffold9	465740	972962	0.043137	0.031583	0.017673	0.031830
Superscaffold9	972987	1193209	-0.049029	-0.054463	-0.028862	-0.020660
Superscaffold9	1193254	1348251	0.014509	0.017858	0.010161	0.006358
Superscaffold9	1348261	1498745	-0.037556	-0.042459	-0.020760	-0.032340
Superscaffold9	1498805	1995811	-0.064164	-0.044883	-0.026843	-0.037009
Superscaffold9	1995890	2131775	0.105838	0.119413	0.068415	0.058238
Superscaffold9	2131776	2302426	-0.072395	-0.097931	-0.056881	-0.043469
Superscaffold9	2302440	2488386	-0.013215	-0.015656	-0.008891	-0.006355
Superscaffold9	2488450	2776264	0.146473	0.131564	0.071946	0.084179
Superscaffold9	2776296	3123187	0.025842	0.024548	0.012996	0.023391
Superscaffold9	3123261	3345922	0.023424	0.028536	0.014118	0.010861
Superscaffold9	3346072	3542405	0.001432	0.001686	0.000904	0.006260
Superscaffold9	3542417	4289797	0.157903	0.121321	0.068020	0.102276
Superscaffold9	4289798	4637834	-0.125369	-0.059433	-0.038833	-0.073521
Superscaffold9	4638018	4932686	-0.308723	-0.183553	-0.107469	-0.207934
Superscaffold9	4932698	5108771	0.082322	0.078742	0.043477	0.047175
Superscaffold9	5108790	5369899	-0.044306	-0.030751	-0.014992	-0.027186
Superscaffold9	5369959	5639504	0.042390	0.028408	0.016475	0.025814
Superscaffold9	5639578	5967526	0.026288	0.010175	0.006343	0.011552
Superscaffold9	5967572	6308212	0.127092	0.105836	0.064591	0.080687
Superscaffold9	6308263	6612267	0.119936	0.068024	0.040934	0.073165
Superscaffold9	6612272	7028476	0.126750	0.040677	0.025941	0.075037
Superscaffold9	7028581	7408481	-0.019990	-0.008292	-0.004648	-0.017267
Superscaffold9	7408582	7792138	0.089388	0.038195	0.021296	0.060621
Superscaffold9	7792149	8055458	0.121725	0.073787	0.040536	0.086038
Superscaffold9	8055490	8307187	-0.253318	-0.147999	-0.075488	-0.170671
Superscaffold9	8307413	8519645	0.102821	0.064922	0.038150	0.061167
Superscaffold9	8519654	8819617	0.091227	0.070609	0.043682	0.047568
Superscaffold9	8819707	9105481	0.089513	0.071302	0.043646	0.048436
Superscaffold9	9105484	9572435	-0.068364	-0.030652	-0.020891	-0.041128
Superscaffold9	9572452	9960563	-0.425893	-0.155271	-0.092683	-0.296677
Superscaffold9	9960674	10312643	-0.227458	-0.181138	-0.086790	-0.143723
Superscaffold9	10312731	11032669	-0.014766	-0.009508	-0.005003	-0.005321
Superscaffold9	11032831	11257299	0.111344	0.085964	0.041980	0.064427
Superscaffold9	11257468	11710811	-0.068512	-0.038020	-0.022528	-0.039877
Superscaffold9	11710976	12216011	0.055373	0.024006	0.014907	0.034772
Superscaffold9	12216069	12448782	0.434762	0.295764	0.166143	0.319561
Superscaffold9	12448897	12694384	0.090406	0.040538	0.023367	0.053856
Superscaffold9	12694399	13145791	-0.040174	-0.012233	-0.007361	-0.037324
Superscaffold9	13146056	14003223	-0.098041	-0.075868	-0.033278	-0.067106
Superscaffold9	14003237	14232950	-0.365878	-0.276283	-0.150888	-0.228927
Superscaffold9	14232976	14465320	0.000468	0.000258	0.000172	0.001634
Superscaffold9	14465336	15039725	0.018243	0.004714	0.002901	0.018568
Superscaffold9	15039772	15383634	-0.056896	-0.029750	-0.017728	-0.037291
Superscaffold9	15383657	15677621	-0.001861	-0.001019	-0.000595	0.003774
Superscaffold9	15677624	16037367	-0.154166	-0.067069	-0.037519	-0.095381
Superscaffold9	16037771	16398438	0.012670	0.003400	0.002012	0.009031
Superscaffold9	16398439	16816793	-0.064249	-0.021253	-0.011671	-0.049806
Superscaffold9	16817047	17195829	-0.260498	-0.074047	-0.044828	-0.191117
Superscaffold9	17195855	17598997	-0.070596	-0.022603	-0.012544	-0.042021
Superscaffold9	17599036	17872988	-0.084200	-0.053522	-0.030211	-0.060222
Superscaffold9	17873021	18137177	0.044623	0.020430	0.011456	0.024757
Superscaffold9	18137235	18608328	0.090262	0.058675	0.026663	0.050554
Superscaffold9	18608494	19713637	0.037906	0.018756	0.010992	0.030523
Superscaffold9	19714292	20428084	-0.179102	-0.090313	-0.052900	-0.111977
Superscaffold9	20428393	20731914	0.055670	0.024503	0.014139	0.035753
Superscaffold9	20732340	21041939	0.237112	0.099776	0.064720	0.154590
Superscaffold9	21041957	21283459	0.103430	0.055368	0.026842	0.071568
Superscaffold9	21283862	21501312	0.066510	0.048219	0.027641	0.039189
Superscaffold9	21501328	21729051	0.234922	0.129244	0.087143	0.154191
Superscaffold9	21729061	22022509	-0.034738	-0.018638	-0.010070	-0.019262
Superscaffold9	22022656	22339447	-0.094843	-0.050085	-0.031167	-0.076382
Superscaffold9	22339476	22652728	-0.232948	-0.169507	-0.090154	-0.172822
Superscaffold9	22652802	23030013	-0.570277	-0.480236	-0.188621	-0.456560
Superscaffold9	23030020	23373382	0.090922	0.031436	0.016823	0.058348
Superscaffold9	23373433	23620777	-0.249157	-0.215167	-0.087126	-0.166955
Superscaffold9	23631806	23787349	-0.350480	-0.459861	-0.149769	-0.207177
Superscaffold9	23787355	24061693	0.097826	0.059741	0.034793	0.062815
Superscaffold9	24063009	24350829	0.147877	0.096168	0.058656	0.102720
Superscaffold9	24351961	24730178	-0.003625	-0.001149	-0.000807	-0.003101
Superscaffold9	24730304	25087849	-0.213643	-0.105986	-0.061647	-0.146659
Superscaffold9	25087873	25410922	0.031655	0.012186	0.007507	0.015644
Superscaffold9	25410937	26045111	0.037591	0.007362	0.006221	0.019843
Superscaffold9	26045135	26415495	-0.410848	-0.150086	-0.089417	-0.308376
Superscaffold9	26416676	26895206	0.188378	0.086925	0.055802	0.144542
Superscaffold9	26895220	27259192	-0.222568	-0.104810	-0.062009	-0.148522
Superscaffold9	27259197	27681689	0.019505	0.009268	0.005323	0.013664
Superscaffold9	27681743	28221633	-0.033142	-0.024303	-0.010449	-0.017778
Superscaffold9	28221643	28610402	-0.017199	-0.007069	-0.004156	-0.014053
Superscaffold9	28610421	28900024	0.226016	0.111742	0.060093	0.102245
Superscaffold9	28900031	29179239	0.204288	0.120377	0.068680	0.090410
Superscaffold9	29179423	29447301	-0.127085	-0.063788	-0.035037	-0.082088
Superscaffold9	29447490	29754311	0.154210	0.067014	0.037940	0.088012
Superscaffold9	29754521	30090611	-0.059259	-0.026995	-0.017084	-0.036480
Superscaffold9	30090650	30335195	-0.022590	-0.011625	-0.005861	-0.012035
Superscaffold9	30335221	30642229	0.189373	0.068625	0.035632	0.128753
Superscaffold9	30642472	31066010	-0.152749	-0.104485	-0.044935	-0.095380
Superscaffold9	31066087	31341737	0.221138	0.099707	0.062109	0.106297
Superscaffold9	31352944	31806600	0.476095	0.278005	0.207418	0.330830
Superscaffold9	31806743	32006822	0.196466	0.121569	0.062470	0.119871
Superscaffold9	32006841	32236273	0.092901	0.053531	0.027843	0.050057
Superscaffold9	32236370	32476134	0.045652	0.023170	0.012750	0.023408
Superscaffold9	32476142	32865512	0.222881	0.112436	0.074430	0.131583
Superscaffold9	32865524	32994739	0.453248	0.317884	0.204871	0.309918
Superscaffold9	32994776	33240862	0.298855	0.242067	0.139399	0.191370
Superscaffold9	33240871	33438066	0.225984	0.148209	0.066342	0.104714
Superscaffold9	33438095	33671619	0.314816	0.156047	0.098993	0.172040
Superscaffold9	33672623	34012617	0.472658	0.285677	0.203017	0.329449
Superscaffold9	34012679	34242409	0.268953	0.210914	0.105531	0.173574
Superscaffold9	34242415	34434204	0.070786	0.042847	0.025404	0.038964
Superscaffold9	34434223	34650601	0.119012	0.078389	0.042054	0.046377
Superscaffold9	34650649	34839263	-0.294920	-0.414298	-0.129705	-0.085356
Superscaffold9	34839309	35103441	-0.056580	-0.027810	-0.015641	-0.020189
Superscaffold9	35103476	35291212	0.183770	0.115094	0.060297	0.117180
Superscaffold9	35291213	35475930	0.109673	0.054822	0.028283	0.086102
Superscaffold9	35476075	36173238	-0.031731	-0.019214	-0.011298	-0.017469
Superscaffold9	36173243	36336512	-0.152295	-0.127611	-0.070102	-0.094989
Superscaffold9	36336907	36476215	0.124750	0.076628	0.043473	0.051962
Superscaffold9	36476250	36632786	-0.027767	-0.016654	-0.010197	-0.011114
Superscaffold9	36632865	36820215	0.563006	0.365095	0.193135	0.432745
Superscaffold9	36820218	37072844	0.041429	0.022459	0.013140	0.026902
Superscaffold9	37072858	37302597	0.050046	0.024229	0.012752	0.030712
Superscaffold9	37302602	37703650	0.308471	0.087468	0.065077	0.100165
Superscaffold9	37703682	38002447	-0.234524	-0.096103	-0.064483	-0.155516
Superscaffold9	38002561	38392011	0.003741	0.001476	0.000848	0.001841
Superscaffold9	38392021	38601241	-0.005252	-0.001652	-0.001070	-0.000388
Superscaffold9	38601264	38806925	0.057529	0.022009	0.012818	0.034766
Superscaffold9	38806927	39061500	0.198619	0.071897	0.039691	0.126171
Superscaffold9	39061594	39334946	-0.149856	-0.047385	-0.028280	-0.076896
Superscaffold9	39334968	39540653	-0.030567	-0.016997	-0.007839	-0.016393
Superscaffold9	39540665	39812431	-0.095122	-0.052479	-0.024698	-0.046253
Superscaffold9	39812444	40185580	0.158294	0.083678	0.048079	0.095071
Superscaffold9	40186895	40595376	0.215932	0.089853	0.050564	0.107581
Superscaffold9	40595799	40957321	0.179915	0.142365	0.070997	0.099219
Superscaffold9	40957358	41135641	0.435053	0.299608	0.158970	0.316482
Superscaffold9	41135953	41507370	0.030266	0.016963	0.007323	0.012170
Superscaffold9	41508845	42147828	0.215150	0.091816	0.060944	0.107506
Superscaffold9	42147854	42415196	0.129404	0.078692	0.039196	0.076149
Superscaffold9	42415249	42672748	0.009239	0.005827	0.003494	0.004559
Superscaffold9	42672787	43076635	0.201921	0.132562	0.083410	0.113277
Superscaffold9	43076734	43253302	0.147083	0.085593	0.054995	0.069108
Superscaffold9	43253384	43608303	-0.526581	-0.285894	-0.163521	-0.366036
Superscaffold9	43608460	43947976	-0.158898	-0.095641	-0.057610	-0.085824
Superscaffold9	43948013	44200719	0.047246	0.020595	0.014120	0.021127
Superscaffold9	44200789	44368702	-0.146560	-0.148516	-0.080748	-0.089262
Superscaffold9	44368705	44826790	0.163683	0.118807	0.072555	0.097637
Superscaffold9	44826871	45025168	0.203434	0.126001	0.083724	0.103802
Superscaffold9	45025200	45391994	-0.145904	-0.090030	-0.056910	-0.083813
Superscaffold9	45392012	45729844	0.073036	0.031267	0.016647	0.042165
Superscaffold9	45730122	46548862	0.144546	0.044481	0.028928	0.085106
Superscaffold9	46548884	47065756	-0.016289	-0.007799	-0.005381	-0.011052
Superscaffold9	47065782	47253528	-0.071277	-0.050583	-0.030909	-0.035093
Superscaffold9	47253629	47532944	0.102792	0.064068	0.043675	0.056199
Superscaffold9	47533181	47971521	-0.078851	-0.045517	-0.027922	-0.042269
Superscaffold9	47971627	48281527	-0.157743	-0.088661	-0.053328	-0.086438
Superscaffold9	48281682	48668310	-0.141830	-0.107127	-0.060846	-0.086313
Superscaffold9	48668336	48935644	0.077084	0.046201	0.029478	0.043039
Superscaffold9	48935742	49277749	-0.231344	-0.197648	-0.091801	-0.129815
Superscaffold9	49277799	49456853	-0.098706	-0.066067	-0.037599	-0.044921
Superscaffold9	49456890	49604058	-0.054100	-0.063996	-0.033469	-0.034387
Superscaffold9	49604111	49774916	-0.149212	-0.135742	-0.080802	-0.076238
Superscaffold9	49774941	50250365	-0.001695	-0.000900	-0.000594	0.000018
Superscaffold9	50253438	50522894	0.178480	0.116006	0.078128	0.126733
Superscaffold9	50522900	50748653	0.141384	0.128893	0.069591	0.092268
Superscaffold9	50748682	50961766	0.036132	0.023903	0.012413	0.020069
Superscaffold9	50961830	51155853	0.090982	0.082453	0.033691	0.053396
Superscaffold9	51155874	51516070	-0.183574	-0.075380	-0.044658	-0.128202
Superscaffold9	51516076	51761001	0.123502	0.068398	0.042221	0.082788
Superscaffold9	51761018	52032947	0.042572	0.030832	0.017681	0.025297
Superscaffold9	52032963	52209561	0.218319	0.157942	0.096678	0.120833
Superscaffold9	52209632	52431424	0.260646	0.188488	0.104142	0.159389
Superscaffold9	52431425	52647220	0.186604	0.106240	0.064840	0.105835
Superscaffold9	52647300	52840613	-0.638803	-0.766655	-0.330067	-0.475939
Superscaffold9	52841105	53009819	-0.128650	-0.126392	-0.064598	-0.066163
Superscaffold9	53009897	53177745	0.096979	0.084833	0.050580	0.053987
Superscaffold9	53178033	53381543	-0.152669	-0.126091	-0.064368	-0.080584
Superscaffold9	53381607	53557685	0.005182	0.005537	0.003035	0.003376
Superscaffold9	53558124	53705431	-0.315926	-0.584951	-0.223947	-0.188700
Superscaffold9	53705436	53845989	-0.094668	-0.110204	-0.049953	-0.050406
Superscaffold9	53846044	54090682	0.099843	0.095648	0.051002	0.058730
Superscaffold9	54090687	54509430	0.028206	0.023643	0.013455	0.014809
Superscaffold9	54509440	54679274	0.137453	0.136070	0.082431	0.075494
Superscaffold9	54679316	54954896	0.127443	0.089717	0.053984	0.081463
Superscaffold9	54954897	55111183	-0.052407	-0.067508	-0.036954	-0.028874
Superscaffold9	55111997	55924306	0.075957	0.071829	0.041770	0.045874
Superscaffold9	55924309	56093494	0.088850	0.071798	0.039125	0.044451
Superscaffold9	56093545	56309157	-0.127749	-0.097358	-0.055849	-0.059164
Superscaffold9	56309199	56537644	0.316978	0.196067	0.132193	0.202408
Superscaffold9	56537703	56909355	-0.263319	-0.119266	-0.067943	-0.123535
Superscaffold10	149301	438109	0.190923	0.099722	0.055795	0.101314
Superscaffold10	438124	716721	0.218582	0.099017	0.057610	0.133772
Superscaffold10	716867	1404395	-0.091321	-0.050508	-0.027331	-0.048689
Superscaffold10	1404417	1583876	-0.139866	-0.164890	-0.059074	-0.083400
Superscaffold10	1584400	1875124	0.123339	0.071572	0.042878	0.071597
Superscaffold10	1877212	2404909	0.081032	0.034381	0.019483	0.061814
Superscaffold10	2404910	2657856	-0.113354	-0.053862	-0.027602	-0.076417
Superscaffold10	2657861	2998925	-0.015381	-0.006989	-0.003803	-0.008030
Superscaffold10	2999012	3245905	-0.063108	-0.048105	-0.024309	-0.038054
Superscaffold10	3245924	3429356	0.306367	0.235160	0.118696	0.203689
Superscaffold10	3429383	3884835	0.163367	0.096075	0.048139	0.135166
Superscaffold10	3885124	4758763	-0.250602	-0.161505	-0.084949	-0.177441
Superscaffold10	4758871	5641683	-0.048529	-0.023650	-0.014259	-0.030514
Superscaffold10	5641737	6075699	-0.108625	-0.049031	-0.028510	-0.073955
Superscaffold10	6075744	6320427	0.098144	0.055150	0.031160	0.045842
Superscaffold10	6320430	6784434	-0.241166	-0.110112	-0.058927	-0.138628
Superscaffold10	6784493	7244425	0.051795	0.026794	0.014365	0.038783
Superscaffold10	7244451	7580740	-0.167283	-0.101434	-0.058659	-0.110256
Superscaffold10	7581205	7965332	0.009324	0.006720	0.003748	0.010241
Superscaffold10	7965350	8224345	-0.232176	-0.156862	-0.075110	-0.156931
Superscaffold10	8224359	8596263	-0.008808	-0.003894	-0.002246	-0.006540
Superscaffold10	8596363	9310168	-0.399980	-0.187914	-0.105087	-0.313119
Superscaffold10	9310197	9622174	-0.117166	-0.062902	-0.035743	-0.080021
Superscaffold10	9622229	10031975	-0.063373	-0.038301	-0.018694	-0.034850
Superscaffold10	10032000	10226213	-0.270669	-0.214794	-0.088081	-0.134770
Superscaffold10	10226363	10483835	-0.383964	-0.251011	-0.128594	-0.261452
Superscaffold10	10483862	10838648	0.035566	0.019543	0.010748	0.018083
Superscaffold10	10838661	11352574	0.054051	0.028827	0.015494	0.028683
Superscaffold10	11352772	11695717	-0.095735	-0.040447	-0.021119	-0.065454
Superscaffold10	11695811	11981336	0.217406	0.115446	0.060258	0.159217
Superscaffold10	11981361	12131684	-0.046522	-0.043590	-0.020704	-0.028302
Superscaffold10	12131707	12284753	0.103597	0.089317	0.045837	0.066870
Superscaffold10	12284960	12668441	-0.256313	-0.170849	-0.095613	-0.162920
Superscaffold10	12668443	13010610	-0.103842	-0.049299	-0.027859	-0.066708
Superscaffold10	13010658	13341776	0.212582	0.080891	0.047628	0.133682
Superscaffold10	13342318	13736821	-0.127987	-0.042901	-0.025272	-0.076581
Superscaffold10	13737001	14039827	0.001153	0.000641	0.000375	0.003869
Superscaffold10	14039866	14407741	0.013988	0.006081	0.003461	0.006101
Superscaffold10	14407743	14914448	0.095222	0.031352	0.020462	0.056053
Superscaffold10	14914479	15463387	0.058948	0.021697	0.012825	0.038499
Superscaffold10	15463539	15878027	-0.017919	-0.005911	-0.003721	-0.016059
Superscaffold10	15879904	16251291	-0.126569	-0.054345	-0.030441	-0.090097
Superscaffold10	16251333	16902028	0.091930	0.033700	0.019068	0.063916
Superscaffold10	16902046	17296725	-0.075558	-0.032140	-0.015444	-0.056720
Superscaffold10	17296766	17765550	0.094835	0.044402	0.025144	0.061650
Superscaffold10	17765559	18162440	-0.112264	-0.055981	-0.028958	-0.066172
Superscaffold10	18162453	18461211	0.007546	0.003101	0.001907	0.004660
Superscaffold10	18461386	18794321	-0.035536	-0.018255	-0.009164	-0.020102
Superscaffold10	18795093	19079478	-0.195754	-0.146559	-0.066966	-0.100828
Superscaffold10	19079587	19556009	-0.101753	-0.065155	-0.032568	-0.069902
Superscaffold10	19556176	19872991	0.056991	0.030152	0.016870	0.039612
Superscaffold10	19873001	20192895	-0.229379	-0.100545	-0.056772	-0.167873
Superscaffold10	20192930	20571217	-0.090254	-0.028255	-0.016232	-0.054000
Superscaffold10	20571222	20801711	0.100879	0.038455	0.023839	0.069471
Superscaffold10	20801849	21095747	0.053962	0.022036	0.012876	0.036380
Superscaffold10	21095757	21351328	0.420119	0.320394	0.150373	0.344294
Superscaffold10	21351477	21542252	0.046419	0.027024	0.011905	0.028041
Superscaffold10	21542279	21710812	0.134981	0.097986	0.057852	0.091456
Superscaffold10	21710840	21919013	0.184911	0.157135	0.084309	0.093945
Superscaffold10	21919248	22148423	-0.195754	-0.092974	-0.051567	-0.102545
Superscaffold10	22148446	22397911	-0.040856	-0.026797	-0.013447	-0.023909
Superscaffold10	22397927	22688254	0.297846	0.128224	0.082666	0.206390
Superscaffold10	22688298	23122378	0.107117	0.027838	0.016276	0.078840
Superscaffold10	23122448	23500239	0.318218	0.118692	0.068448	0.244792
Superscaffold10	23500476	23759992	0.385187	0.163573	0.103856	0.274091
Superscaffold10	23760050	24338774	0.055648	0.023027	0.014146	0.035077
Superscaffold10	24338818	24679460	-0.072510	-0.023638	-0.014809	-0.056104
Superscaffold10	24679814	25022681	0.192854	0.076242	0.044264	0.152218
Superscaffold10	25022798	25245514	0.179494	0.084480	0.050965	0.126214
Superscaffold10	25245522	25610218	-0.408394	-0.304376	-0.143734	-0.245842
Superscaffold10	25610224	25760714	0.160446	0.169198	0.095811	0.094927
Superscaffold10	25760716	25950396	-0.413903	-0.261218	-0.132451	-0.301931
Superscaffold10	25950421	26133872	0.324132	0.150628	0.089160	0.229100
Superscaffold10	26134320	26314134	0.434204	0.354810	0.181460	0.278760
Superscaffold10	26314288	26427001	0.073352	0.051311	0.031442	0.033153
Superscaffold10	26427138	26791396	0.365745	0.147065	0.106666	0.265381
Superscaffold10	26791432	27017279	-0.288201	-0.228159	-0.116849	-0.193386
Superscaffold10	27017289	27393705	-0.176530	-0.153817	-0.069912	-0.117430
Superscaffold10	27393713	27632097	0.386840	0.133700	0.071035	0.190133
Superscaffold10	27632206	27878269	-0.106151	-0.049353	-0.027356	-0.057507
Superscaffold10	27878276	28088652	-0.167923	-0.105261	-0.052745	-0.084050
Superscaffold10	28088922	28515673	-0.332821	-0.150727	-0.082251	-0.172408
Superscaffold10	28515702	28703602	0.109055	0.092372	0.046264	0.062239
Superscaffold10	28703641	28887566	0.197364	0.187920	0.075307	0.095801
Superscaffold10	28887736	29121919	0.132910	0.085150	0.047135	0.070274
Superscaffold10	29121936	29506240	-0.128136	-0.058624	-0.026111	-0.095761
Superscaffold10	29506266	29726192	-0.135012	-0.078492	-0.045007	-0.088130
Superscaffold10	29726210	29948623	-0.136534	-0.075223	-0.044087	-0.096062
Superscaffold10	29948650	30398669	-0.148576	-0.065258	-0.030856	-0.090828
Superscaffold10	30398676	30720117	-0.038891	-0.014402	-0.008230	-0.023934
Superscaffold10	30720121	31124038	-0.355548	-0.097305	-0.064755	-0.291253
Superscaffold10	31124078	31385619	0.282072	0.115337	0.071866	0.205221
Superscaffold10	31385689	31722939	-0.139721	-0.043839	-0.028115	-0.098735
Superscaffold10	31723013	31962226	-0.162012	-0.079692	-0.047744	-0.108203
Superscaffold10	31962247	32481107	-0.005985	-0.002345	-0.001161	0.005510
Superscaffold10	32482014	32916714	-0.000370	-0.000198	-0.000120	0.002493
Superscaffold10	32916990	33074478	0.112054	0.093974	0.053768	0.065843
Superscaffold10	33074496	33500920	0.430039	0.151201	0.105453	0.353428
Superscaffold10	33501329	33836758	0.695499	0.415513	0.236272	0.651296
Superscaffold10	33836905	34080182	0.824160	0.630738	0.455595	0.750827
Superscaffold10	34080194	34274379	0.831790	0.704354	0.388238	0.755634
Superscaffold10	34274458	34608471	0.777429	0.585519	0.311356	0.741906
Superscaffold10	34608642	35152712	-0.311196	-0.112524	-0.067970	-0.278517
Superscaffold10	35152786	35622266	-0.234677	-0.078497	-0.043931	-0.206594
Superscaffold10	35622295	36018473	-0.225403	-0.069562	-0.040736	-0.173222
Superscaffold10	36018503	36425758	-0.066505	-0.019174	-0.012286	-0.038391
Superscaffold10	36425765	36814246	-0.129442	-0.042528	-0.025918	-0.089987
Superscaffold10	36814249	37201660	0.002372	0.000845	0.000535	-0.001360
Superscaffold10	37201666	37520965	-0.011100	-0.004972	-0.002554	-0.009080
Superscaffold10	37521084	37801336	-0.076393	-0.028515	-0.016937	-0.040449
Superscaffold10	37801604	37997585	-0.142300	-0.146276	-0.070561	-0.084906
Superscaffold10	37997590	38182619	0.043930	0.029219	0.018522	0.029535
Superscaffold10	38182747	38348902	-0.195631	-0.177972	-0.083050	-0.115914
Superscaffold10	38348903	38470261	0.241942	0.186138	0.121282	0.169167
Superscaffold10	38470262	38679288	-0.057713	-0.034932	-0.019758	-0.027881
Superscaffold10	38679382	39252128	-0.068947	-0.044973	-0.023785	-0.037056
Superscaffold10	39252156	39856126	-0.188449	-0.170017	-0.086502	-0.114758
Superscaffold10	39856260	40470946	0.283763	0.101995	0.057981	0.185585
Superscaffold10	40471056	40687358	0.354999	0.205102	0.112299	0.237073
Superscaffold10	40687400	40851926	0.197366	0.156316	0.087886	0.115336
Superscaffold10	40851988	41109567	-0.059297	-0.040275	-0.019613	-0.031608
Superscaffold10	41109568	41536547	0.127958	0.033277	0.019726	0.096260
Superscaffold10	41536569	41944416	-0.041162	-0.018433	-0.010070	-0.022903
Superscaffold10	41944448	42273165	-0.008480	-0.005895	-0.002995	-0.003982
Superscaffold10	42273233	42490822	0.179798	0.107955	0.063131	0.121868
Superscaffold10	42490872	42706803	-0.218679	-0.166414	-0.070214	-0.113435
Superscaffold10	42706855	43174105	-0.179650	-0.105840	-0.051985	-0.082794
Superscaffold10	43174169	43501285	-0.114897	-0.052580	-0.026661	-0.073130
Superscaffold10	43503003	43834997	-0.106845	-0.048532	-0.027330	-0.064821
Superscaffold10	43835007	44359030	0.116749	0.060761	0.038737	0.065029
Superscaffold10	44359099	44883788	0.165396	0.075169	0.046711	0.107653
Superscaffold10	44883815	45178140	0.271138	0.117063	0.077594	0.136469
Superscaffold10	45178220	45445996	0.021725	0.015177	0.008172	0.010008
Superscaffold10	45446756	45735782	0.010929	0.007344	0.004479	0.003095
Superscaffold10	45735912	45896929	-0.015931	-0.012874	-0.007269	-0.004842
Superscaffold10	45896958	46109869	-0.189849	-0.173703	-0.089742	-0.107631
Superscaffold10	46109878	46400519	-0.318075	-0.223595	-0.131829	-0.210098
Superscaffold10	46400581	47312706	-0.129702	-0.083825	-0.052189	-0.072190
Superscaffold10	47312755	47548264	-0.008878	-0.008485	-0.005165	-0.003378
Superscaffold10	47548568	47734468	-0.101279	-0.105093	-0.049842	-0.055577
Superscaffold10	47734502	47888136	-0.042414	-0.042083	-0.023554	-0.025389
Superscaffold10	47889176	48088602	-0.117648	-0.195431	-0.082634	-0.050748
Superscaffold10	48089094	48311662	0.059998	0.046129	0.022667	0.018860
Superscaffold10	48311685	48486086	0.010705	0.012313	0.005488	0.006608
Superscaffold10	48486089	48664557	-0.045795	-0.049918	-0.021875	-0.022184
Superscaffold10	48664619	48819837	0.003164	0.003701	0.001884	0.000985
Superscaffold10	48820033	49176986	-0.126710	-0.110524	-0.048296	-0.071848
Superscaffold10	49177015	49406725	0.004429	0.004199	0.002424	0.001619
Superscaffold10	49406727	49762638	-0.117858	-0.112746	-0.061835	-0.059792
Superscaffold10	49762674	49970439	-0.243193	-0.239905	-0.120809	-0.127532
Superscaffold10	49970514	50141567	0.300891	0.178103	0.115952	0.185076
Superscaffold10	50141775	50633729	0.006491	0.003079	0.001899	0.005833
Superscaffold10	50633743	50950252	0.041109	0.029992	0.018136	0.027128
Superscaffold10	50950306	51153370	-0.140560	-0.106465	-0.060427	-0.076147
Superscaffold10	51153393	51435772	-0.134337	-0.163652	-0.080970	-0.079396
Superscaffold10	51435788	51785718	0.021411	0.018001	0.010492	0.015094
Superscaffold10	51785772	51959556	-0.000202	-0.000208	-0.000118	-0.001386
Superscaffold10	51959557	52099025	0.120313	0.142793	0.079590	0.061046
Superscaffold10	52099120	52240662	-0.048416	-0.073569	-0.037434	-0.027403
Superscaffold10	52240670	52399479	0.032634	0.054374	0.018382	0.013452
Superscaffold10	52399499	52576000	0.031984	0.032498	0.016665	0.021339
Superscaffold10	52576025	52722047	0.112074	0.093366	0.048194	0.051790
Superscaffold10	52722067	52879071	-0.056581	-0.073700	-0.037524	-0.028490
Superscaffold10	52879090	53101820	0.021420	0.020772	0.012236	0.014691
Superscaffold10	53101845	53289982	-0.171532	-0.214232	-0.108040	-0.101743
Superscaffold10	53290028	53468122	0.024298	0.028805	0.015266	0.015227
Superscaffold10	53468129	53625783	-0.101359	-0.093701	-0.051249	-0.059357
Superscaffold10	53625867	53753400	0.008432	0.008734	0.004738	0.007242
Superscaffold10	53753422	54093216	-0.117926	-0.136131	-0.068636	-0.056764
Superscaffold10	54093812	54560334	-0.021991	-0.013524	-0.007876	-0.010621
Superscaffold10	54560378	54917056	-0.005944	-0.004743	-0.002806	0.003014
Superscaffold10	54917136	55055143	-0.058630	-0.066745	-0.033721	-0.027798
Superscaffold10	55055205	55290873	-0.177487	-0.147533	-0.082159	-0.101119
Superscaffold10	55290977	55417948	0.120109	0.137368	0.078752	0.065676
Superscaffold11	114381	299458	-0.023737	-0.017855	-0.010775	-0.012473
Superscaffold11	299598	562060	-0.118997	-0.050704	-0.033490	-0.068942
Superscaffold11	562062	810663	-0.092001	-0.048699	-0.028799	-0.048244
Superscaffold11	810669	1137774	0.034585	0.016201	0.010466	0.017297
Superscaffold11	1137840	1487606	-0.062294	-0.042907	-0.022297	-0.031493
Superscaffold11	1487620	1881047	0.164379	0.110642	0.060378	0.084729
Superscaffold11	1881402	2837414	-0.042174	-0.026265	-0.014860	-0.025899
Superscaffold11	2837423	3356412	-0.038360	-0.019944	-0.011182	-0.016695
Superscaffold11	3356663	4522993	-0.038027	-0.025170	-0.014247	-0.020541
Superscaffold11	4523444	4913511	-0.096650	-0.091241	-0.049784	-0.047614
Superscaffold11	4913535	5267715	-0.195851	-0.139409	-0.073848	-0.115351
Superscaffold11	5267964	5542230	-0.018635	-0.008312	-0.005403	-0.009961
Superscaffold11	5542233	6274508	-0.147176	-0.078139	-0.051046	-0.078065
Superscaffold11	6274510	6761458	0.006429	0.005774	0.002573	0.006227
Superscaffold11	6763510	7115088	-0.118533	-0.113922	-0.054638	-0.059056
Superscaffold11	7115093	7440065	0.004104	0.003751	0.002041	0.008445
Superscaffold11	7440179	7766862	-0.025596	-0.017079	-0.010524	-0.007930
Superscaffold11	7766904	8038283	-0.142018	-0.131849	-0.075271	-0.084747
Superscaffold11	8038395	8489414	0.064139	0.045541	0.026295	0.037674
Superscaffold11	8489416	8957484	-0.126092	-0.090233	-0.054153	-0.079509
Superscaffold11	8957578	9234909	-0.263110	-0.160373	-0.095270	-0.162298
Superscaffold11	9234953	9497341	-0.065437	-0.032140	-0.017126	-0.040627
Superscaffold11	9497354	9789830	-0.086094	-0.071922	-0.035448	-0.050738
Superscaffold11	9789985	10002049	-0.141410	-0.127639	-0.066418	-0.087176
Superscaffold11	10002110	10159432	0.080632	0.075292	0.046992	0.057150
Superscaffold11	10159496	10265217	0.056007	0.051612	0.034057	0.040692
Superscaffold11	10265344	10731158	-0.007356	-0.006865	-0.004230	-0.006758
Superscaffold11	10731225	11010822	-0.218641	-0.183109	-0.083222	-0.140023
Superscaffold11	11010825	11245441	-0.395045	-0.322813	-0.179403	-0.258619
Superscaffold11	11245443	11479539	-0.009637	-0.006368	-0.003152	-0.004690
Superscaffold11	11479548	11775382	0.078063	0.045524	0.031540	0.042794
Superscaffold11	11775429	12293385	0.142790	0.047291	0.030092	0.098975
Superscaffold11	12293792	12774686	-0.018432	-0.008790	-0.004870	-0.010438
Superscaffold11	12774719	13091607	-0.129569	-0.047145	-0.024319	-0.081675
Superscaffold11	13091620	13363700	0.000551	0.000258	0.000153	0.002726
Superscaffold11	13363820	13637726	-0.143210	-0.064267	-0.038355	-0.083574
Superscaffold11	13637742	13869337	-0.066761	-0.029280	-0.019130	-0.040732
Superscaffold11	13869394	14318881	-0.066635	-0.035695	-0.021229	-0.032824
Superscaffold11	14318889	14559399	-0.060368	-0.077755	-0.037620	-0.031901
Superscaffold11	14559407	14693596	0.052736	0.051154	0.029568	0.025924
Superscaffold11	14693620	14842252	-0.016968	-0.022980	-0.011642	-0.011804
Superscaffold11	14842290	15163246	-0.031447	-0.022051	-0.014505	-0.014612
Superscaffold11	15163266	15568977	-0.074049	-0.075138	-0.032180	-0.035813
Superscaffold11	15568989	16211246	-0.093751	-0.032474	-0.019569	-0.052694
Superscaffold11	16211524	16571375	-0.063775	-0.044594	-0.019040	-0.031232
Superscaffold11	16571590	16882210	0.132537	0.076479	0.041591	0.098735
Superscaffold11	16882217	17087447	0.076695	0.044098	0.024405	0.043925
Superscaffold11	17087503	17413657	0.806442	0.374287	0.324217	0.688344
Superscaffold11	17413738	18039441	-0.102349	-0.062194	-0.036205	-0.061668
Superscaffold11	18039461	18256583	0.176519	0.193845	0.107754	0.106954
Superscaffold11	18256646	18721142	0.305176	0.244532	0.146533	0.210357
Superscaffold11	18721146	18909347	-0.008717	-0.010915	-0.005108	-0.002794
Superscaffold11	18909436	19440211	0.129400	0.072634	0.046193	0.086379
Superscaffold11	19440987	19706410	-0.076188	-0.050350	-0.027111	-0.042156
Superscaffold11	19706441	19880058	-0.024687	-0.018392	-0.009797	-0.007927
Superscaffold11	19880080	20506488	-0.152722	-0.117243	-0.051624	-0.086032
Superscaffold11	20506490	20777398	-0.040852	-0.035719	-0.018585	-0.020048
Superscaffold11	20777419	20952137	-0.159089	-0.119798	-0.055600	-0.093260
Superscaffold11	20952224	21186563	-0.066919	-0.034966	-0.021551	-0.041628
Superscaffold11	21186568	21484743	-0.054066	-0.025477	-0.014893	-0.032062
Superscaffold11	21484753	21777704	0.014244	0.008454	0.005390	0.005693
Superscaffold11	21777857	22027941	-0.103114	-0.057223	-0.030363	-0.062643
Superscaffold11	22027995	22293042	-0.173516	-0.080481	-0.049848	-0.109569
Superscaffold11	22293060	22525419	0.069585	0.048499	0.029834	0.053446
Superscaffold11	22525426	22732872	-0.009125	-0.004752	-0.002944	-0.002731
Superscaffold11	22732875	22977618	-0.125070	-0.072110	-0.040180	-0.073429
Superscaffold11	22977711	23308005	0.077968	0.035119	0.020028	0.049489
Superscaffold11	23308024	23637789	0.016275	0.008079	0.004273	0.011765
Superscaffold11	23637919	23864016	-0.099684	-0.090661	-0.031806	-0.047291
Superscaffold11	23864162	24123291	0.203432	0.102350	0.061310	0.134848
Superscaffold11	24124553	24337963	0.109155	0.050542	0.034741	0.064316
Superscaffold11	24337984	24740739	0.265313	0.094436	0.065666	0.175903
Superscaffold11	24740771	25088705	-0.114278	-0.057981	-0.024622	-0.055891
Superscaffold11	25088760	25413342	-0.027758	-0.012219	-0.007740	-0.020934
Superscaffold11	25413401	25625967	-0.111097	-0.087929	-0.036351	-0.069251
Superscaffold11	25625975	25883357	-0.094587	-0.051645	-0.031084	-0.054534
Superscaffold11	25883359	26228573	0.528445	0.314057	0.203455	0.381573
Superscaffold11	26228597	26660774	-0.102374	-0.033264	-0.020131	-0.066988
Superscaffold11	26661219	27091012	0.156208	0.052912	0.030134	0.111787
Superscaffold11	27091399	27669427	0.209389	0.057968	0.041400	0.137491
Superscaffold11	27669489	27947016	0.107096	0.058128	0.032870	0.065094
Superscaffold11	27947038	28235621	0.066679	0.032665	0.013949	0.042870
Superscaffold11	28235889	28501287	-0.049164	-0.026554	-0.014074	-0.029559
Superscaffold11	28501402	28769894	-0.107779	-0.073706	-0.038874	-0.062861
Superscaffold11	28769903	29013715	0.078774	0.060051	0.037683	0.046665
Superscaffold11	29013720	29180743	0.149741	0.125730	0.060240	0.083291
Superscaffold11	29180800	29568331	-0.204760	-0.186563	-0.098692	-0.124198
Superscaffold11	29568431	29990092	-0.225826	-0.236767	-0.103168	-0.146863
Superscaffold11	29990117	30421866	0.140092	0.065482	0.041984	0.089913
Superscaffold11	30421895	30715685	0.260747	0.126021	0.070505	0.184790
Superscaffold11	30715709	31222313	-0.179368	-0.060857	-0.036173	-0.122230
Superscaffold11	31222615	31563734	0.033169	0.016197	0.009982	0.018640
Superscaffold11	31563743	31825736	0.031171	0.017467	0.009736	0.017846
Superscaffold11	31825829	32226371	0.238441	0.092977	0.054971	0.158524
Superscaffold11	32226606	32664613	0.093414	0.033545	0.017762	0.076959
Superscaffold11	32664647	33271692	0.136327	0.039633	0.024418	0.099294
Superscaffold11	33271719	33858394	-0.367671	-0.088029	-0.049947	-0.261496
Superscaffold11	33858503	34169790	-0.522873	-0.381993	-0.173574	-0.416462
Superscaffold11	34170067	34818737	-0.255185	-0.096726	-0.050409	-0.176123
Superscaffold11	34819073	35265440	-0.016659	-0.005837	-0.003478	-0.015057
Superscaffold11	35265453	35396102	-0.363013	-0.424571	-0.177934	-0.248274
Superscaffold11	35396364	35599942	-0.172048	-0.093145	-0.050375	-0.106254
Superscaffold11	35604171	35920038	-0.211562	-0.116860	-0.068283	-0.106738
Superscaffold11	35920088	36226555	0.279735	0.115498	0.069141	0.195742
Superscaffold11	36226566	36579434	0.187320	0.098590	0.062822	0.116568
Superscaffold11	36579626	36896033	-0.102549	-0.041650	-0.024339	-0.067461
Superscaffold11	36896057	37338371	-0.196019	-0.101516	-0.057961	-0.120661
Superscaffold11	37338380	37566066	-0.035741	-0.023200	-0.014656	-0.021403
Superscaffold11	37566101	38121641	-0.120346	-0.065314	-0.039758	-0.057894
Superscaffold11	38121886	38973639	-0.024131	-0.009315	-0.005597	-0.014735
Superscaffold11	38973640	39299097	-0.089696	-0.039620	-0.025613	-0.055939
Superscaffold11	39299193	39781689	-0.075660	-0.078400	-0.038000	-0.040810
Superscaffold11	39781697	40123043	-0.128749	-0.094615	-0.051855	-0.080870
Superscaffold11	40123046	40372100	0.472954	0.222175	0.123966	0.335983
Superscaffold11	40372118	41053739	0.241584	0.074946	0.044483	0.141197
Superscaffold11	41054212	41480926	-0.035577	-0.014397	-0.007682	-0.026011
Superscaffold11	41481124	41688389	0.146701	0.102677	0.051603	0.077436
Superscaffold11	41688827	41859930	0.258677	0.224784	0.104933	0.172458
Superscaffold11	41860016	42051582	0.010892	0.007800	0.004444	0.012626
Superscaffold11	42051610	42257815	-0.109460	-0.072766	-0.044170	-0.063609
Superscaffold11	42257838	42572608	-0.019882	-0.009425	-0.005618	-0.012754
Superscaffold11	42574758	42856855	-0.289463	-0.265824	-0.125308	-0.172565
Superscaffold11	42856937	43151101	-0.018588	-0.013208	-0.006150	-0.012303
Superscaffold11	43151327	43777129	0.116888	0.072323	0.043693	0.069682
Superscaffold11	43777132	44164302	-0.140463	-0.120296	-0.060216	-0.080461
Superscaffold11	44164310	44414446	-0.068342	-0.061559	-0.033000	-0.039355
Superscaffold11	44414709	44671370	0.019392	0.014685	0.007588	0.005452
Superscaffold11	44671382	44948429	0.171542	0.117826	0.065089	0.115058
Superscaffold11	44949333	45225195	-0.377493	-0.209602	-0.115505	-0.242110
Superscaffold11	45225241	45454359	0.380026	0.222009	0.138825	0.241603
Superscaffold11	45454361	46138644	-0.061200	-0.035079	-0.017756	-0.038221
Superscaffold11	46138682	46594306	-0.367456	-0.207239	-0.101431	-0.244316
Superscaffold11	46594323	47145516	-0.023892	-0.011291	-0.006261	-0.015018
Superscaffold11	47145549	47433794	0.026770	0.012304	0.007184	0.023185
Superscaffold11	47434027	47829848	-0.129081	-0.061450	-0.032361	-0.091628
Superscaffold11	47829869	48149538	0.129175	0.062875	0.036045	0.091336
Superscaffold11	48150177	48432046	-0.019456	-0.011203	-0.006891	-0.006665
Superscaffold11	48432402	48814603	-0.109783	-0.051862	-0.029396	-0.075209
Superscaffold11	48814613	49437902	0.109419	0.063211	0.034226	0.068867
Superscaffold11	49437906	50262119	0.104360	0.063099	0.035699	0.068232
Superscaffold11	50262123	51067088	0.031925	0.020916	0.010665	0.023263
Superscaffold11	51067097	51292342	-0.022638	-0.015336	-0.008178	-0.013678
Superscaffold11	51292355	51621461	0.052365	0.039598	0.021315	0.031772
Superscaffold11	51621566	51896728	-0.349659	-0.242797	-0.109679	-0.260920
Superscaffold11	51897378	52264040	-0.172308	-0.086530	-0.046149	-0.098120
Superscaffold11	52264054	52611483	-0.043270	-0.020324	-0.011968	-0.025680
Superscaffold11	52611684	52870030	0.046921	0.026481	0.015425	0.030970
Superscaffold11	52870079	53202494	0.117770	0.072488	0.042386	0.071256
Superscaffold11	53202535	53834918	0.095475	0.055048	0.033455	0.062310
Superscaffold11	53835065	54060628	-0.091797	-0.080946	-0.043665	-0.050976
Superscaffold11	54060635	54257509	0.055869	0.059092	0.032939	0.032499
Superscaffold11	54257754	54683816	0.108669	0.082178	0.046151	0.063287
Superscaffold11	54683822	55060316	0.005804	0.002906	0.001850	0.001471
Superscaffold11	55060420	55405369	0.059264	0.026495	0.014602	0.044716
Superscaffold11	55405427	55909401	0.233907	0.064470	0.044148	0.178900
Superscaffold11	55909498	56172559	-0.210888	-0.095736	-0.049881	-0.137185
Superscaffold11	56172814	56609114	0.011841	0.004917	0.002791	0.008867
Superscaffold11	56609142	56995849	-0.089710	-0.049408	-0.026727	-0.040327
Superscaffold11	56995971	57275876	-0.075287	-0.038731	-0.021315	-0.051155
Superscaffold11	57275956	57579516	-0.258981	-0.119566	-0.070196	-0.183060
Superscaffold11	57579649	57852593	-0.039628	-0.035788	-0.016031	-0.020635
Superscaffold11	57852650	58186248	-0.034549	-0.035341	-0.015940	-0.020189
Superscaffold11	58186439	58447961	-0.039987	-0.028970	-0.011365	-0.025409
Superscaffold11	58447965	58727828	0.015774	0.008964	0.004445	0.008580
Superscaffold11	58728710	58950611	0.051232	0.044171	0.020329	0.024081
Superscaffold12	83835	365202	0.197503	0.082200	0.049475	0.088777
Superscaffold12	365206	672836	0.002883	0.001369	0.000704	0.003967
Superscaffold12	673909	996507	0.110891	0.063846	0.029944	0.061685
Superscaffold12	996508	1770588	-0.143426	-0.080329	-0.041306	-0.072477
Superscaffold12	1770815	2028239	0.131233	0.070406	0.036970	0.078944
Superscaffold12	2028258	2319115	0.059928	0.026161	0.015007	0.038967
Superscaffold12	2319141	2548893	-0.438214	-0.280503	-0.139409	-0.326385
Superscaffold12	2549155	2853470	0.275431	0.124429	0.060265	0.206875
Superscaffold12	2854015	3221652	-0.001416	-0.000571	-0.000326	-0.000059
Superscaffold12	3221655	3494955	0.165713	0.084472	0.043227	0.126119
Superscaffold12	3495014	3784978	0.113895	0.057029	0.031249	0.095684
Superscaffold12	3784985	4223614	-0.235201	-0.086058	-0.044997	-0.157060
Superscaffold12	4223838	4627030	-0.209435	-0.060005	-0.033434	-0.141582
Superscaffold12	4627049	5057254	-0.052561	-0.020461	-0.011779	-0.038528
Superscaffold12	5057367	5474785	-0.040501	-0.015523	-0.009069	-0.026059
Superscaffold12	5474846	5728688	0.002416	0.001983	0.001100	-0.000212
Superscaffold12	5728692	5893808	-0.129726	-0.165116	-0.074056	-0.071521
Superscaffold12	5893812	6229596	-0.111131	-0.096915	-0.047070	-0.057254
Superscaffold12	6229637	6455445	-0.014593	-0.010054	-0.005303	-0.010607
Superscaffold12	6455652	6812108	-0.113191	-0.082524	-0.049098	-0.064692
Superscaffold12	6812165	7000256	0.078587	0.088860	0.049877	0.048754
Superscaffold12	7000386	7148403	0.042937	0.048361	0.026433	0.021905
Superscaffold12	7148448	7356817	-0.186798	-0.148784	-0.061204	-0.102722
Superscaffold12	7356837	7600578	0.065710	0.036181	0.022177	0.035630
Superscaffold12	7600603	7907366	0.028468	0.014275	0.006772	0.020478
Superscaffold12	7907395	8208221	0.211525	0.103206	0.056100	0.116440
Superscaffold12	8208250	8368394	-0.008749	-0.006277	-0.003358	-0.006856
Superscaffold12	8368463	8812418	0.118504	0.095636	0.037322	0.063666
Superscaffold12	8812447	8997520	0.019525	0.012996	0.006683	0.013589
Superscaffold12	8997547	9246079	0.270010	0.078817	0.045957	0.153594
Superscaffold12	9246196	9465362	-0.151219	-0.090400	-0.040417	-0.083021
Superscaffold12	9465583	9726063	-0.026399	-0.012998	-0.006875	-0.009851
Superscaffold12	9726065	10019619	0.140288	0.048442	0.026954	0.067711
Superscaffold12	10019824	10306451	0.049496	0.021911	0.011123	0.034495
Superscaffold12	10306494	10777834	0.136443	0.035060	0.020316	0.101941
Superscaffold12	10778662	11304903	-0.032754	-0.009118	-0.005087	-0.023046
Superscaffold12	11305247	11770521	-0.172096	-0.063951	-0.034531	-0.118254
Superscaffold12	11771157	12947831	0.012389	0.004306	0.002519	0.009633
Superscaffold12	12947896	13689667	0.167815	0.068066	0.030454	0.124744
Superscaffold12	13689697	14054285	0.442699	0.176729	0.097637	0.354142
Superscaffold12	14054337	14497124	-0.181958	-0.062295	-0.031654	-0.126006
Superscaffold12	14497213	15053892	-0.115753	-0.031580	-0.018589	-0.077863
Superscaffold12	15053905	15481401	-0.159205	-0.056876	-0.030605	-0.122340
Superscaffold12	15481450	15879106	-0.163525	-0.053411	-0.026855	-0.136177
Superscaffold12	15879116	16404730	-0.339127	-0.114049	-0.058066	-0.293982
Superscaffold12	16404763	17383195	-0.013642	-0.001702	-0.001047	-0.006126
Superscaffold12	17383287	18025930	0.179184	0.035582	0.022343	0.152918
Superscaffold12	18026150	18966220	-0.213358	-0.048325	-0.027684	-0.157084
Superscaffold12	18966952	19550215	-0.088599	-0.018505	-0.011410	-0.076083
Superscaffold12	19550245	20142005	-0.108799	-0.019148	-0.012682	-0.085985
Superscaffold12	20142490	20507703	0.221518	0.083077	0.047134	0.195602
Superscaffold12	20507708	21095227	-0.052989	-0.013893	-0.008277	-0.040732
Superscaffold12	21095599	21648068	0.045759	0.017447	0.009455	0.028721
Superscaffold12	21648293	21907793	-0.025650	-0.011370	-0.007523	-0.011846
Superscaffold12	21907874	22410820	-0.394348	-0.411941	-0.155377	-0.264863
Superscaffold12	22410925	22822676	-0.261768	-0.173808	-0.076901	-0.147023
Superscaffold12	22822773	23384284	0.026322	0.010869	0.005604	0.015902
Superscaffold12	23384296	23563550	-0.213697	-0.149321	-0.071156	-0.116771
Superscaffold12	23563575	23868586	0.017515	0.007189	0.003529	0.015309
Superscaffold12	23868605	24311561	0.363672	0.145152	0.084680	0.245800
Superscaffold12	24311576	24643725	0.266803	0.103865	0.053009	0.188631
Superscaffold12	24643791	24974174	0.240083	0.120178	0.069083	0.162553
Superscaffold12	24977483	25324194	0.340389	0.109761	0.072495	0.250934
Superscaffold12	25324206	25728615	-0.105182	-0.047758	-0.024864	-0.066516
Superscaffold12	25728753	26096055	-0.031884	-0.012175	-0.007230	-0.019396
Superscaffold12	26096090	26444957	0.011901	0.004202	0.002448	0.016882
Superscaffold12	26445040	27435225	0.009062	0.004197	0.002404	0.009758
Superscaffold12	27435240	27836310	0.004213	0.001463	0.000902	0.002191
Superscaffold12	27836369	28289282	-0.123820	-0.044484	-0.025770	-0.075624
Superscaffold12	28289330	28703292	-0.011954	-0.004708	-0.002427	-0.001103
Superscaffold12	28703323	29051110	-0.116475	-0.042813	-0.027079	-0.065203
Superscaffold12	29051221	29466777	-0.111408	-0.041077	-0.024092	-0.071857
Superscaffold12	29466779	29790624	0.113597	0.045770	0.023252	0.080045
Superscaffold12	29790650	30126243	0.122886	0.048889	0.025666	0.101928
Superscaffold12	30126350	30416890	-0.040865	-0.019803	-0.010377	-0.026064
Superscaffold12	30417595	30659335	-0.077182	-0.046312	-0.021517	-0.039058
Superscaffold12	30660363	31131424	-0.093965	-0.030306	-0.016786	-0.074573
Superscaffold12	31131447	32050754	0.114786	0.064827	0.032468	0.076335
Superscaffold12	32050893	32186804	0.295770	0.286178	0.141879	0.171738
Superscaffold12	32186805	32336450	0.102026	0.090100	0.046387	0.050528
Superscaffold12	32336487	32584502	-0.269420	-0.169988	-0.094809	-0.181859
Superscaffold12	32584514	32970415	0.200664	0.071929	0.039355	0.137117
Superscaffold12	32970895	33377337	-0.072025	-0.023411	-0.014217	-0.042065
