chr	windowStart	windowEnd	D	f_d	f_dM	d_f
Superscaffold1	599267	907929	0.036640	0.021064	0.012719	0.020026
Superscaffold1	908033	1376075	0.049572	0.021034	0.014093	0.030388
Superscaffold1	1376268	1804319	0.045045	0.018260	0.012127	0.032369
Superscaffold1	1804320	2178782	0.140674	0.051693	0.026919	0.099111
Superscaffold1	2178846	2436585	0.017146	0.009855	0.006128	0.010471
Superscaffold1	2436593	2723049	0.054184	0.029769	0.019402	0.038532
Superscaffold1	2723073	2960536	-0.010398	-0.006886	-0.003647	-0.006587
Superscaffold1	2960537	3342486	0.017893	0.008242	0.005175	0.007946
Superscaffold1	3342514	3768499	0.076741	0.029137	0.016680	0.047515
Superscaffold1	3768586	4190553	0.014737	0.007248	0.004124	0.008836
Superscaffold1	4190683	4631429	0.246691	0.114954	0.070765	0.186978
Superscaffold1	4631638	5039532	0.179149	0.089858	0.057594	0.107583
Superscaffold1	5040239	5563958	0.245696	0.075501	0.050063	0.179397
Superscaffold1	5564083	5837283	0.119118	0.064379	0.040434	0.066354
Superscaffold1	5837378	6277195	0.001946	0.000953	0.000587	0.002072
Superscaffold1	6277236	6659826	0.130814	0.057444	0.037596	0.095929
Superscaffold1	6659841	7164322	0.301077	0.119484	0.072684	0.226537
Superscaffold1	7164328	7459931	-0.112203	-0.057007	-0.032739	-0.072832
Superscaffold1	7460123	7783928	0.184275	0.106644	0.060128	0.095391
Superscaffold1	7783958	8461188	0.284445	0.126273	0.074780	0.138637
Superscaffold1	8461196	9481689	-0.013308	-0.005171	-0.003319	-0.006164
Superscaffold1	9481714	10510579	0.077117	0.032616	0.021530	0.049622
Superscaffold1	10510582	10881561	0.132775	0.060975	0.038038	0.083737
Superscaffold1	10881564	11269016	0.109240	0.045247	0.027098	0.068523
Superscaffold1	11269088	11644326	-0.010166	-0.003812	-0.002408	-0.006018
Superscaffold1	11644362	12112640	0.251641	0.094335	0.064352	0.165772
Superscaffold1	12112708	12549263	0.117157	0.052141	0.032338	0.074912
Superscaffold1	12549304	12875324	-0.094298	-0.050896	-0.025952	-0.064971
Superscaffold1	12875332	13196810	0.306346	0.153885	0.084273	0.218892
Superscaffold1	13196933	13733085	0.464670	0.226537	0.107325	0.259469
Superscaffold1	13733093	14342807	0.190280	0.057862	0.033667	0.115282
Superscaffold1	14342894	14777037	0.066936	0.027614	0.015977	0.049959
Superscaffold1	14777042	15066144	0.220801	0.103876	0.064073	0.110281
Superscaffold1	15066178	15326011	0.492868	0.223272	0.149629	0.367967
Superscaffold1	15326140	15595636	0.326553	0.189938	0.113602	0.228836
Superscaffold1	15595731	15905977	0.251934	0.121624	0.067035	0.175332
Superscaffold1	15906418	16209465	0.114035	0.051782	0.029612	0.070919
Superscaffold1	16209556	16624297	0.171065	0.071049	0.042141	0.131166
Superscaffold1	16624430	16895921	-0.067928	-0.042527	-0.024739	-0.032645
Superscaffold1	16896181	17340873	0.117377	0.045213	0.026907	0.087417
Superscaffold1	17341599	17904789	0.126415	0.052755	0.030262	0.087974
Superscaffold1	17905154	18476899	0.135940	0.059503	0.030795	0.092700
Superscaffold1	18477288	18995287	-0.045607	-0.018703	-0.011545	-0.031326
Superscaffold1	18995330	19306914	0.193239	0.089992	0.064451	0.138875
Superscaffold1	19306922	19770964	0.345545	0.150233	0.104128	0.248464
Superscaffold1	19770996	20180984	0.251110	0.076453	0.052654	0.184869
Superscaffold1	20181000	20838720	0.296008	0.096625	0.060943	0.210546
Superscaffold1	20838816	21265134	0.423284	0.188512	0.115366	0.332628
Superscaffold1	21265179	21718766	0.033173	0.012843	0.007234	0.025901
Superscaffold1	21718797	22134551	0.219494	0.101462	0.062034	0.161923
Superscaffold1	22134552	22648436	-0.186553	-0.064324	-0.042001	-0.148713
Superscaffold1	22648610	23037374	-0.499197	-0.228952	-0.133575	-0.400215
Superscaffold1	23037451	23551580	0.222905	0.064870	0.036602	0.184612
Superscaffold1	23551721	24008697	0.064736	0.021122	0.013316	0.051984
Superscaffold1	24008779	24554419	0.212944	0.047626	0.033015	0.133681
Superscaffold1	24554555	24830340	0.294602	0.150890	0.090987	0.233877
Superscaffold1	24830427	25371638	0.024729	0.007034	0.004345	0.018171
Superscaffold1	25372148	25724593	-0.015981	-0.006755	-0.004228	-0.019319
Superscaffold1	25724712	26138888	0.103844	0.038639	0.025415	0.070631
Superscaffold1	26138900	26389184	0.399703	0.219117	0.106174	0.278822
Superscaffold1	26389189	26819685	-0.008386	-0.004326	-0.002267	-0.003959
Superscaffold1	26819686	27270768	0.241664	0.061813	0.036743	0.175783
Superscaffold1	27270916	27576692	0.141540	0.066478	0.037717	0.083560
Superscaffold1	27576747	27906392	-0.065931	-0.027547	-0.016211	-0.045788
Superscaffold1	27906410	28202893	0.024361	0.011386	0.006456	0.016122
Superscaffold1	28202921	28691042	0.247520	0.081536	0.058416	0.170169
Superscaffold1	28691043	29254446	0.020833	0.005639	0.003590	0.016754
Superscaffold1	29254554	29623283	-0.007457	-0.002675	-0.001743	-0.009697
Superscaffold1	29623297	30035195	-0.027817	-0.008582	-0.004591	-0.016478
Superscaffold1	30035942	30651762	-0.072159	-0.033768	-0.021066	-0.040579
Superscaffold1	30651793	31036948	0.098553	0.047815	0.028549	0.065914
Superscaffold1	31037224	31591318	0.060240	0.015553	0.009865	0.042334
Superscaffold1	31591552	32384053	0.177827	0.063938	0.036385	0.136296
Superscaffold1	32384074	32892724	0.232329	0.074108	0.047400	0.180335
Superscaffold1	32893145	33384570	0.150605	0.048775	0.030747	0.109823
Superscaffold1	33384580	33628253	0.184250	0.088498	0.060475	0.116321
Superscaffold1	33628329	33931855	-0.033398	-0.018443	-0.011814	-0.022456
Superscaffold1	33932209	34213962	0.384780	0.151976	0.092537	0.291094
Superscaffold1	34213970	34476095	0.077834	0.044260	0.024913	0.051684
Superscaffold1	34476115	34925962	-0.339547	-0.097732	-0.064355	-0.242722
Superscaffold1	34926006	35453806	0.249461	0.099062	0.064499	0.169828
Superscaffold1	35453915	36398715	0.188716	0.071149	0.045082	0.115920
Superscaffold1	36398718	37044398	0.067777	0.026579	0.016870	0.050460
Superscaffold1	37044705	37473439	0.225951	0.073208	0.050727	0.170498
Superscaffold1	37473451	37905792	0.182906	0.065669	0.041084	0.128051
Superscaffold1	37907882	38427099	0.077841	0.031869	0.020310	0.061931
Superscaffold1	38427122	38777604	-0.011019	-0.003425	-0.002423	-0.006886
Superscaffold1	38778120	39078028	0.273058	0.107227	0.063351	0.237716
Superscaffold1	39078150	39545797	0.410286	0.175534	0.099918	0.338928
Superscaffold1	39545847	39903848	0.636231	0.279007	0.177719	0.565432
Superscaffold1	39903905	40254032	0.083727	0.026086	0.017509	0.064102
Superscaffold1	40255508	40809533	0.060291	0.014749	0.009581	0.041858
Superscaffold1	40809556	41230277	0.202709	0.065163	0.038328	0.153506
Superscaffold1	41230290	41694645	0.189544	0.065963	0.041463	0.152369
Superscaffold1	41694746	42075365	-0.029799	-0.010338	-0.006010	-0.028537
Superscaffold1	42075441	42569772	0.321130	0.124449	0.073524	0.228376
Superscaffold1	42569909	42897555	0.364794	0.196646	0.120470	0.282657
Superscaffold1	42897571	43449710	0.294752	0.072668	0.041302	0.239807
Superscaffold1	43450062	43913364	0.140560	0.035896	0.020306	0.099800
Superscaffold1	43913369	44456078	0.466044	0.165858	0.081309	0.411177
Superscaffold1	44456091	44793988	-0.075461	-0.028119	-0.012770	-0.037264
Superscaffold1	44793990	45219715	-0.169690	-0.082230	-0.047133	-0.125109
Superscaffold1	45219724	45674606	-0.033860	-0.013272	-0.007196	-0.022764
Superscaffold1	45674647	46029158	-0.677519	-0.319349	-0.148745	-0.587542
Superscaffold1	46029194	47204791	0.123955	0.018792	0.010177	0.106385
Superscaffold1	47204795	47684381	0.754126	0.306038	0.177361	0.668250
Superscaffold1	47685028	48107589	0.640352	0.328197	0.166409	0.598523
Superscaffold1	48108115	48495808	0.680031	0.257431	0.138971	0.602190
Superscaffold1	48495850	48862450	0.545842	0.158297	0.093717	0.484089
Superscaffold1	48862506	49388782	0.141935	0.030283	0.018323	0.113644
Superscaffold1	49388916	50013900	0.282747	0.046667	0.027619	0.205831
Superscaffold1	50014127	50348303	0.489707	0.255785	0.128015	0.455172
Superscaffold1	50348344	50990825	0.214826	0.049508	0.038470	0.141251
Superscaffold1	50990841	51475462	0.164085	0.071719	0.047053	0.093034
Superscaffold2	387276	789859	0.103497	0.035461	0.022510	0.072945
Superscaffold2	789959	1293306	0.106049	0.036793	0.024610	0.083965
Superscaffold2	1293449	1763920	0.257493	0.099969	0.064575	0.180840
Superscaffold2	1764007	2324399	0.178272	0.049476	0.031046	0.135570
Superscaffold2	2324575	2957976	0.312558	0.125254	0.079652	0.229246
Superscaffold2	2958467	3579720	-0.124794	-0.056679	-0.034773	-0.085993
Superscaffold2	3579902	3993481	0.165045	0.073009	0.040562	0.130531
Superscaffold2	3993500	4533157	-0.028045	-0.008645	-0.005141	-0.019228
Superscaffold2	4536342	4936900	0.027268	0.010151	0.006333	0.020984
Superscaffold2	4936959	5472761	0.017741	0.006531	0.004183	0.013523
Superscaffold2	5472764	6101889	0.269374	0.103535	0.054798	0.190076
Superscaffold2	6102080	6548223	0.070975	0.023274	0.015017	0.050307
Superscaffold2	6548631	7028521	0.525164	0.221277	0.122892	0.434946
Superscaffold2	7031304	7529916	0.634556	0.293992	0.183250	0.473836
Superscaffold2	7530011	7987825	0.183311	0.064994	0.038004	0.135912
Superscaffold2	7987839	8500863	0.099560	0.029819	0.018647	0.065763
Superscaffold2	8502988	9240289	0.106983	0.028660	0.019393	0.076978
Superscaffold2	9240304	9820790	0.313682	0.127029	0.075598	0.224891
Superscaffold2	9820839	10255151	0.010564	0.003865	0.002267	0.006953
Superscaffold2	10255273	10635319	0.220388	0.122664	0.064193	0.120751
Superscaffold2	10635399	11182001	0.150986	0.047786	0.028848	0.113508
Superscaffold2	11182802	11661811	0.062509	0.021392	0.012836	0.045249
Superscaffold2	11661833	12779317	0.182141	0.063892	0.036891	0.132679
Superscaffold2	12780087	13285091	0.103459	0.040356	0.023397	0.077888
Superscaffold2	13285102	13715281	0.308095	0.120810	0.063580	0.240175
Superscaffold2	13715414	14195085	0.151478	0.045086	0.027119	0.110531
Superscaffold2	14195123	14818084	0.125430	0.030482	0.019319	0.094331
Superscaffold2	14818116	15221745	0.058506	0.023526	0.012460	0.045118
Superscaffold2	15221775	16403908	0.066839	0.023314	0.014638	0.038471
Superscaffold2	16404514	16811100	0.225912	0.105397	0.064980	0.140062
Superscaffold2	16811613	17474784	0.128565	0.039482	0.024702	0.093140
Superscaffold2	17475133	17940277	0.260066	0.086440	0.050560	0.204988
Superscaffold2	17940279	18392369	0.323118	0.129766	0.071903	0.254490
Superscaffold2	18392513	18750991	0.634404	0.275569	0.146800	0.532988
Superscaffold2	18751004	19232674	0.297402	0.105408	0.061292	0.243054
Superscaffold2	19232792	19875765	-0.118390	-0.046658	-0.020961	-0.056506
Superscaffold2	19875770	20235593	0.107343	0.035782	0.021027	0.080158
Superscaffold2	20235657	20583897	0.195116	0.087240	0.043125	0.147778
Superscaffold2	20583900	21009237	0.369612	0.190405	0.117671	0.231574
Superscaffold2	21009306	21318833	0.270144	0.128717	0.077623	0.226053
Superscaffold2	21318870	21808966	0.744932	0.333492	0.196115	0.670353
Superscaffold2	21809074	22187301	0.531803	0.226451	0.133160	0.454993
Superscaffold2	22188081	22686851	0.090186	0.036898	0.021761	0.074502
Superscaffold2	22686888	23113731	-0.234560	-0.121797	-0.064569	-0.161161
Superscaffold2	23113814	23567201	0.415586	0.133837	0.081018	0.368173
Superscaffold2	23567420	23969006	0.295786	0.108075	0.058567	0.224781
Superscaffold2	23969344	24295500	0.519244	0.258102	0.149551	0.413487
Superscaffold2	24295534	24635089	0.078310	0.029744	0.016668	0.057480
Superscaffold2	24635119	25130002	0.466107	0.178781	0.099612	0.352035
Superscaffold2	25130067	25529090	0.399305	0.140835	0.084392	0.332589
Superscaffold2	25529116	25857434	-0.212659	-0.129057	-0.068742	-0.143984
Superscaffold2	25857460	26146608	0.712387	0.315228	0.205016	0.614637
Superscaffold2	26146657	26663555	0.254603	0.077164	0.048386	0.225823
Superscaffold2	26663593	27003299	-0.016427	-0.005635	-0.003544	-0.011751
Superscaffold2	27003316	27372436	0.323146	0.143869	0.078115	0.225405
Superscaffold2	27373052	27686773	0.039720	0.016707	0.011190	0.030882
Superscaffold2	27686916	28823149	-0.070687	-0.019558	-0.012518	-0.046456
Superscaffold2	28823163	29074757	0.055698	0.017706	0.010511	0.034411
Superscaffold2	29075825	29444236	0.111194	0.041756	0.023813	0.083130
Superscaffold2	29444293	29874504	-0.102302	-0.034930	-0.021503	-0.071722
Superscaffold2	29874531	30259062	0.406568	0.185086	0.101214	0.335143
Superscaffold2	30259355	30686465	0.092137	0.044397	0.022940	0.074977
Superscaffold2	30686544	31088032	0.540622	0.219451	0.138260	0.458910
Superscaffold2	31088041	31470918	0.382045	0.149846	0.087091	0.281891
Superscaffold2	31471104	31823936	0.275118	0.120221	0.066365	0.216268
Superscaffold2	31823944	32442414	-0.034569	-0.016543	-0.008961	-0.017224
Superscaffold2	32442441	32838239	-0.063772	-0.023852	-0.013512	-0.042760
Superscaffold2	32838273	33258487	0.228029	0.076232	0.043147	0.140495
Superscaffold2	33258537	33665041	0.293479	0.129900	0.070157	0.245030
Superscaffold2	33665099	34169433	-0.032767	-0.009846	-0.006178	-0.023015
Superscaffold2	34169684	34616869	0.326784	0.116690	0.069430	0.265759
Superscaffold2	34618033	35117342	0.575345	0.200668	0.115150	0.491432
Superscaffold2	35117419	35536776	0.451955	0.185140	0.103755	0.387469
Superscaffold2	35537044	36043924	0.140709	0.071343	0.040241	0.113915
Superscaffold2	36043925	36491856	0.399800	0.139307	0.084777	0.305418
Superscaffold2	36491934	36832052	0.285854	0.114925	0.072600	0.224698
Superscaffold2	36832133	37184813	0.258383	0.099288	0.066307	0.190124
Superscaffold2	37185041	37520025	0.339163	0.142177	0.081762	0.256109
Superscaffold2	37520052	37883757	0.313896	0.112413	0.064182	0.242053
Superscaffold2	37883972	38523033	0.340447	0.120818	0.065750	0.251436
Superscaffold2	38523059	39001483	0.251374	0.059373	0.039765	0.191639
Superscaffold2	39001500	39352793	0.049780	0.018426	0.009019	0.047361
Superscaffold2	39352889	39737757	0.347465	0.110459	0.070042	0.253239
Superscaffold2	39738583	40154874	0.093950	0.030798	0.018671	0.068315
Superscaffold2	40154916	40455720	0.079037	0.022089	0.013662	0.043817
Superscaffold2	40455756	40880445	-0.176326	-0.042934	-0.026626	-0.131767
Superscaffold2	40880449	41093582	0.341861	0.171149	0.106861	0.281413
Superscaffold2	41093596	41375932	0.034695	0.011592	0.007573	0.024349
Superscaffold2	41375967	41770594	-0.056178	-0.016967	-0.011071	-0.043498
Superscaffold2	41770598	42189534	0.415239	0.150228	0.083330	0.361784
Superscaffold2	42189625	42492715	0.328725	0.131172	0.074936	0.269808
Superscaffold2	42492812	42930111	-0.079104	-0.021916	-0.014069	-0.057961
Superscaffold2	42930118	43256222	0.131475	0.055736	0.034931	0.106381
Superscaffold2	43256488	43649612	0.145936	0.059810	0.034609	0.121984
Superscaffold2	43649757	44087752	0.743161	0.436829	0.235475	0.635434
Superscaffold2	44088044	44477962	0.779397	0.451275	0.237929	0.686910
Superscaffold2	44477983	45017616	0.830319	0.415677	0.221570	0.782520
Superscaffold2	45017778	45473982	0.838452	0.355709	0.187362	0.803404
Superscaffold2	45475537	46055908	0.834394	0.409512	0.212535	0.783222
Superscaffold2	46064516	46497704	0.716531	0.234734	0.148519	0.645453
Superscaffold2	46497706	46878093	0.784081	0.411659	0.215078	0.737182
Superscaffold2	46878782	47409957	0.650119	0.222593	0.127266	0.599606
Superscaffold2	47409990	47978409	0.422485	0.182344	0.094654	0.320397
Superscaffold2	47978413	48292616	0.449936	0.214413	0.105682	0.319684
Superscaffold2	48292719	48604853	0.451050	0.288504	0.134341	0.380836
Superscaffold2	48605253	48857479	0.699244	0.495587	0.283609	0.574410
Superscaffold2	48857506	49138143	0.514527	0.255109	0.139893	0.430621
Superscaffold2	49138432	49528207	0.317273	0.151929	0.081790	0.267761
Superscaffold2	49528241	49901046	-0.055320	-0.018203	-0.009549	-0.042210
Superscaffold2	49901263	50318425	0.235889	0.100357	0.059154	0.181922
Superscaffold2	50318455	50713712	-0.146117	-0.052915	-0.032215	-0.104481
Superscaffold2	50713729	51146724	0.156127	0.065305	0.034488	0.112895
Superscaffold2	51146897	51574730	0.686012	0.241416	0.130353	0.584950
Superscaffold2	51574813	51805404	0.519076	0.226009	0.141319	0.402919
Superscaffold2	51805460	52009852	0.636919	0.329379	0.197438	0.573853
Superscaffold2	52009922	52323343	0.112157	0.038449	0.022824	0.092332
Superscaffold2	52323447	52670697	0.247958	0.081640	0.047673	0.187777
Superscaffold2	52670918	52903803	0.047672	0.037448	0.019754	0.033312
Superscaffold2	52903814	53344190	0.229591	0.102772	0.065257	0.172274
Superscaffold2	53344198	54044219	0.329158	0.119881	0.078622	0.239383
Superscaffold2	54044316	54409092	0.096974	0.051627	0.031104	0.066515
Superscaffold2	54409136	55090347	0.245785	0.075095	0.055051	0.176930
Superscaffold2	55090470	55463742	0.088742	0.034677	0.024803	0.058938
Superscaffold2	55463769	55902282	0.297170	0.096576	0.071767	0.206144
Superscaffold2	55902957	56246496	0.540235	0.258339	0.137775	0.433289
Superscaffold2	56246560	56595874	0.176394	0.085648	0.046253	0.120776
Superscaffold2	56595997	56959652	0.290020	0.106417	0.065184	0.215049
Superscaffold2	56959687	57350125	0.378698	0.191294	0.095291	0.290097
Superscaffold2	57350192	57792714	0.055177	0.021514	0.011324	0.043048
Superscaffold2	57795066	58359885	0.176246	0.080390	0.045475	0.114797
Superscaffold2	58359921	58723160	-0.329918	-0.102921	-0.060193	-0.194560
Superscaffold2	58723199	59059751	-0.351520	-0.159278	-0.088640	-0.283077
Superscaffold2	59059850	59475189	0.365790	0.146979	0.081662	0.291592
Superscaffold2	59475193	59847518	0.113046	0.046015	0.026040	0.095155
Superscaffold2	59848479	60296052	0.066690	0.019722	0.011938	0.054536
Superscaffold2	60296075	60676392	0.033651	0.011490	0.007350	0.028671
Superscaffold2	60676640	61184107	0.134598	0.055580	0.032436	0.079146
Superscaffold2	61184123	61995372	0.248811	0.103891	0.065702	0.171405
Superscaffold2	61995475	62742589	0.233407	0.083213	0.054801	0.176234
Superscaffold2	62742631	63045178	0.286467	0.098563	0.061451	0.228312
Superscaffold2	63045215	63311152	0.121424	0.087702	0.049796	0.089087
Superscaffold2	63311501	63664375	-0.004297	-0.002040	-0.001102	-0.002997
Superscaffold2	63664428	64191047	-0.291616	-0.127638	-0.076724	-0.219788
Superscaffold2	64196429	64497987	0.205526	0.093405	0.058292	0.136158
Superscaffold2	64498094	65377373	0.025158	0.012325	0.006766	0.009472
Superscaffold2	65382231	65785864	0.615507	0.240637	0.143578	0.550579
Superscaffold2	65785875	66244941	0.283940	0.097971	0.057522	0.210281
Superscaffold2	66244965	66692894	0.237607	0.098510	0.052075	0.184124
Superscaffold2	66692926	67173158	0.004096	0.001672	0.000812	0.009711
Superscaffold2	67173947	67568516	0.025574	0.011373	0.006758	0.016867
Superscaffold2	67568784	67944227	0.207340	0.062530	0.039781	0.168781
Superscaffold2	67944443	68395749	0.439127	0.145769	0.080314	0.384725
Superscaffold2	68395856	68839014	0.245751	0.067870	0.042142	0.211827
Superscaffold2	68839075	69325116	0.011969	0.004288	0.002612	0.013476
Superscaffold2	69325125	69649001	0.260185	0.082532	0.056608	0.175957
Superscaffold2	69649024	70035475	-0.291344	-0.090104	-0.065461	-0.229333
Superscaffold2	70035679	70411797	0.360901	0.150804	0.089072	0.250373
Superscaffold2	70411982	71101014	0.013595	0.005379	0.003350	0.009673
Superscaffold2	71101077	71362292	0.342153	0.169994	0.095520	0.254582
Superscaffold2	71362500	71739816	0.322531	0.148552	0.087821	0.235420
Superscaffold2	71739832	72190139	0.176984	0.074315	0.047595	0.113647
Superscaffold2	72190142	72560867	-0.223622	-0.099027	-0.057159	-0.150206
Superscaffold2	72560991	72980138	0.113048	0.046410	0.030961	0.077556
Superscaffold2	72980175	73390505	0.057452	0.023005	0.014951	0.039121
Superscaffold2	73390571	73774414	0.118059	0.047267	0.028296	0.089133
Superscaffold2	73774845	74016722	0.457868	0.309037	0.185527	0.330689
Superscaffold2	74016739	74375196	-0.034966	-0.012679	-0.007175	-0.020406
Superscaffold2	74375276	74654164	-0.004108	-0.002006	-0.001229	-0.012243
Superscaffold2	74654295	75074329	0.022389	0.009611	0.005703	0.019025
Superscaffold2	75074446	75316015	-0.151646	-0.105294	-0.048653	-0.104733
Superscaffold2	75316201	75522629	-0.052919	-0.036127	-0.016529	-0.031512
Superscaffold2	75522855	76002013	0.132846	0.066475	0.040628	0.077941
Superscaffold2	76002081	76639803	0.147016	0.054713	0.035002	0.100332
Superscaffold2	76639977	77063485	0.138040	0.047709	0.030345	0.106023
Superscaffold2	77063487	77560657	0.347552	0.124798	0.076461	0.250963
Superscaffold2	77560730	77883331	0.134152	0.047913	0.029975	0.086725
Superscaffold2	77883341	78240846	0.125218	0.033927	0.024957	0.065355
Superscaffold2	78240860	78559116	0.189031	0.098760	0.058301	0.132954
Superscaffold2	78559131	79105892	0.012854	0.004340	0.002697	0.014870
Superscaffold2	79105914	79641161	-0.062049	-0.024020	-0.014862	-0.040837
Superscaffold2	79641226	80455513	0.156843	0.064209	0.039035	0.094366
Superscaffold2	80455525	80844875	0.383751	0.147504	0.097010	0.257247
Superscaffold2	80844894	81512704	0.228172	0.087806	0.056076	0.152861
Superscaffold2	81512814	81959502	0.135447	0.048191	0.028075	0.103867
Superscaffold2	81959565	82366832	-0.003322	-0.001127	-0.000633	-0.003776
Superscaffold2	82367795	83090525	0.396488	0.166876	0.096165	0.296310
Superscaffold2	83090795	83446896	0.260832	0.101513	0.062582	0.203499
Superscaffold2	83446924	83781119	0.291322	0.133024	0.076953	0.213805
Superscaffold2	83781132	84187770	0.178612	0.068694	0.043923	0.137585
Superscaffold2	84187929	84617047	0.599800	0.238940	0.141936	0.511647
Superscaffold2	84617049	84974757	-0.092041	-0.037003	-0.021229	-0.076397
Superscaffold2	84974833	85299412	0.089189	0.032449	0.019968	0.073823
Superscaffold2	85299440	85801966	0.571564	0.202716	0.125709	0.480023
Superscaffold2	85802377	87100869	0.152910	0.057161	0.033554	0.104782
Superscaffold2	87100950	87668197	0.078704	0.028989	0.017754	0.053350
Superscaffold2	87668200	88049901	0.262697	0.084485	0.055203	0.216034
Superscaffold2	88049911	88420067	0.445922	0.177033	0.122268	0.360769
Superscaffold2	88420195	88836617	0.102995	0.031760	0.021583	0.074368
Superscaffold2	88836765	89109368	0.127236	0.078725	0.037700	0.077263
Superscaffold2	89109442	89565035	0.027923	0.008953	0.005561	0.020986
Superscaffold2	89565070	89948154	0.203770	0.067747	0.041574	0.153230
Superscaffold2	89948510	90362119	0.266152	0.078128	0.046723	0.165776
Superscaffold2	90362221	90876702	0.038779	0.010129	0.006707	0.027261
Superscaffold2	90876706	91308982	-0.004802	-0.001888	-0.001175	-0.003766
Superscaffold2	91308993	92461024	0.122241	0.040339	0.023062	0.096517
Superscaffold2	92461029	92906978	-0.016943	-0.006060	-0.003606	-0.010362
Superscaffold2	92907047	93627782	-0.208818	-0.105718	-0.055218	-0.155479
Superscaffold2	93627861	94113075	0.069953	0.026435	0.015062	0.051420
Superscaffold2	94113159	94591338	0.268050	0.123980	0.072435	0.179386
Superscaffold2	94591619	95097604	-0.224701	-0.069288	-0.043336	-0.165549
Superscaffold2	95097700	95468727	0.123594	0.049144	0.028932	0.093057
Superscaffold2	95468763	95869285	-0.054282	-0.023044	-0.014710	-0.037496
Superscaffold2	95869424	96208279	0.141543	0.062891	0.040698	0.082993
Superscaffold2	96208350	96626064	0.192808	0.083909	0.050003	0.131802
Superscaffold2	96626952	97079669	-0.003390	-0.001195	-0.000759	-0.004160
Superscaffold2	97079689	97391295	0.095731	0.044757	0.026600	0.062463
Superscaffold2	97391309	97628076	0.251761	0.118781	0.069841	0.139720
Superscaffold2	97628375	98072326	-0.000534	-0.000261	-0.000143	-0.003781
Superscaffold2	98072351	98419352	0.005441	0.002444	0.001425	0.008240
Superscaffold2	98419374	99005805	0.146470	0.049188	0.035527	0.088246
Superscaffold2	99006104	99294258	-0.076468	-0.058712	-0.024036	-0.042498
Superscaffold2	99294259	99639029	-0.055271	-0.033019	-0.018445	-0.036729
Superscaffold2	99639042	99817587	0.040857	0.033393	0.021700	0.020898
Superscaffold2	99817693	100151041	0.012896	0.007622	0.004608	0.011961
Superscaffold2	100151061	100750137	0.123910	0.053756	0.034630	0.065193
Superscaffold2	100750437	101188243	-0.116077	-0.041688	-0.024091	-0.078363
Superscaffold3	169240	537063	0.112245	0.054141	0.034997	0.078904
Superscaffold3	537286	789747	-0.007120	-0.004662	-0.003226	-0.005110
Superscaffold3	789750	1189681	0.071824	0.045747	0.029419	0.041072
Superscaffold3	1189768	1535575	0.024162	0.013472	0.008168	0.012820
Superscaffold3	1535779	2004882	0.092671	0.050396	0.033172	0.046613
Superscaffold3	2004927	2491293	-0.013049	-0.004626	-0.003351	-0.007045
Superscaffold3	2491339	2778142	-0.004481	-0.001870	-0.001304	-0.004243
Superscaffold3	2778164	3262017	0.044354	0.013585	0.009766	0.023561
Superscaffold3	3262031	3726843	-0.248209	-0.095674	-0.059080	-0.158832
Superscaffold3	3726889	4144850	0.022047	0.010866	0.006672	0.009996
Superscaffold3	4145963	4838317	0.168261	0.093598	0.050039	0.090684
Superscaffold3	4838594	5374928	0.017003	0.010792	0.006203	0.002594
Superscaffold3	5374947	5607022	0.188973	0.111218	0.067279	0.108973
Superscaffold3	5607117	5934567	0.158493	0.068289	0.045075	0.086110
Superscaffold3	5934667	6273995	0.034200	0.015738	0.010563	0.022035
Superscaffold3	6274025	6583595	-0.058374	-0.040561	-0.023210	-0.032330
Superscaffold3	6583651	6949096	0.012528	0.006520	0.003986	0.007584
Superscaffold3	6949125	7722646	0.055611	0.023313	0.014333	0.037485
Superscaffold3	7722727	8227765	0.180187	0.055495	0.035347	0.097475
Superscaffold3	8227788	9161530	0.225144	0.072173	0.045619	0.140272
Superscaffold3	9161688	9694258	-0.037294	-0.017131	-0.010752	-0.021826
Superscaffold3	9694317	9929516	-0.032226	-0.023058	-0.013672	-0.017214
Superscaffold3	9929541	10624464	0.057198	0.032178	0.021262	0.033663
Superscaffold3	10624519	11236866	-0.011951	-0.008509	-0.005445	-0.009749
Superscaffold3	11236962	11441933	-0.002548	-0.002288	-0.001346	-0.004689
Superscaffold3	11442007	11800934	0.095811	0.073215	0.040558	0.049596
Superscaffold3	11800948	12016258	0.078793	0.066152	0.039517	0.041093
Superscaffold3	12016357	12232571	0.023810	0.021593	0.011839	0.008391
Superscaffold3	12232640	12489428	0.026234	0.017665	0.011278	0.013766
Superscaffold3	12489441	12800130	0.079907	0.041657	0.028798	0.043634
Superscaffold3	12800154	13176118	0.231604	0.143545	0.085602	0.139363
Superscaffold3	13176132	13472735	-0.056215	-0.031794	-0.017789	-0.028283
Superscaffold3	13473469	14182843	0.037101	0.019870	0.012784	0.018065
Superscaffold3	14182980	14402979	-0.009077	-0.006270	-0.003832	-0.006078
Superscaffold3	14402982	14564487	-0.010522	-0.011247	-0.006237	-0.007337
Superscaffold3	14564542	14733647	-0.059061	-0.045593	-0.028624	-0.028255
Superscaffold3	14733648	14990286	-0.025604	-0.022052	-0.013188	-0.013650
Superscaffold3	14990287	15227614	-0.101464	-0.064739	-0.039008	-0.060195
Superscaffold3	15227706	15448304	0.020937	0.018190	0.010275	0.007061
Superscaffold3	15448309	15646067	0.036715	0.032168	0.017370	0.016653
Superscaffold3	15646638	16202736	-0.027561	-0.018849	-0.010276	-0.017241
Superscaffold3	16203000	16742163	0.108490	0.061776	0.037012	0.062638
Superscaffold3	16742173	16958032	0.082894	0.083740	0.046513	0.043273
Superscaffold3	16958074	17308508	-0.065735	-0.043536	-0.027278	-0.032911
Superscaffold3	17308532	17647983	0.077427	0.049325	0.031019	0.039005
Superscaffold3	17647986	17897567	-0.014019	-0.009997	-0.005784	-0.009507
Superscaffold3	17897571	18146397	0.093916	0.042317	0.025507	0.060223
Superscaffold3	18146534	18878583	-0.000178	-0.000085	-0.000051	-0.003242
Superscaffold3	18878675	19578927	0.307608	0.125944	0.087193	0.205222
Superscaffold3	19579062	19945779	0.082545	0.036046	0.024310	0.062945
Superscaffold3	19945780	20196974	0.130407	0.064927	0.047440	0.093785
Superscaffold3	20197034	20449332	0.141488	0.070264	0.044687	0.078853
Superscaffold3	20449337	20743512	-0.110721	-0.079399	-0.044273	-0.068466
Superscaffold3	20743533	20912388	0.186466	0.135953	0.074496	0.071408
Superscaffold3	20912585	21469677	-0.064408	-0.041317	-0.020756	-0.028728
Superscaffold3	21470139	21876812	0.152673	0.099741	0.055199	0.059778
Superscaffold3	21876824	22138054	0.051490	0.021792	0.014386	0.027889
Superscaffold3	22138360	22380435	0.047330	0.018647	0.013159	0.020540
Superscaffold3	22380459	22800231	0.017807	0.007995	0.004519	0.010135
Superscaffold3	22800235	23043895	0.246060	0.128980	0.076002	0.186422
Superscaffold3	23043996	23328104	-0.122395	-0.066874	-0.041499	-0.071207
Superscaffold3	23328120	23593707	0.003419	0.002005	0.001231	0.003583
Superscaffold3	23593733	24067539	0.179167	0.062804	0.036950	0.108744
Superscaffold3	24067546	24661678	-0.094863	-0.035992	-0.022543	-0.056670
Superscaffold3	24661680	25031432	-0.080426	-0.056914	-0.033868	-0.054356
Superscaffold3	25031516	25416482	-0.073873	-0.031992	-0.022072	-0.044234
Superscaffold3	25416698	25837860	0.023591	0.014269	0.009052	0.013538
Superscaffold3	25837877	26323075	0.353525	0.159592	0.107333	0.223081
Superscaffold3	26324167	26551286	0.434048	0.272103	0.149938	0.282074
Superscaffold3	26551321	26751618	0.173157	0.091310	0.052084	0.110518
Superscaffold3	26751637	26986966	-0.082737	-0.056842	-0.026668	-0.045732
Superscaffold3	26986987	27302452	0.108533	0.049249	0.029283	0.083875
Superscaffold3	27302472	27748825	0.126289	0.047325	0.029969	0.072260
Superscaffold3	27748917	28138926	0.024911	0.010790	0.005818	0.013655
Superscaffold3	28138972	28480381	0.162403	0.060983	0.038124	0.108656
Superscaffold3	28480486	28772532	-0.049056	-0.016596	-0.009750	-0.035385
Superscaffold3	28772539	29026254	0.047252	0.020382	0.012025	0.028989
Superscaffold3	29026484	29247521	0.263844	0.135511	0.079161	0.216645
Superscaffold3	29247536	29588781	0.219372	0.078636	0.052817	0.167179
Superscaffold3	29588789	29895477	0.167175	0.076959	0.053288	0.121367
Superscaffold3	29895519	30307930	0.008333	0.003566	0.002223	0.008486
Superscaffold3	30308057	31126428	0.016046	0.005254	0.003166	0.010074
Superscaffold3	31126544	31488175	0.222676	0.089080	0.048408	0.174286
Superscaffold3	31488302	31850290	0.643957	0.323225	0.183715	0.575294
Superscaffold3	31850459	32249572	0.233176	0.065963	0.043239	0.158959
Superscaffold3	32249626	32542364	0.156568	0.056556	0.031969	0.098816
Superscaffold3	32542474	32959842	0.300040	0.131804	0.078054	0.195557
Superscaffold3	32959843	33312397	-0.329863	-0.155861	-0.094483	-0.231377
Superscaffold3	33312463	33743655	-0.058968	-0.017882	-0.012476	-0.038470
Superscaffold3	33743880	34176889	0.025195	0.008996	0.006468	0.015036
Superscaffold3	34176890	34451000	-0.136902	-0.054520	-0.032263	-0.094422
Superscaffold3	34451100	34936223	0.107008	0.032589	0.021459	0.072060
Superscaffold3	34936269	35263140	-0.093425	-0.033438	-0.019823	-0.078976
Superscaffold3	35263150	35546283	0.433732	0.174972	0.110665	0.310393
Superscaffold3	35546291	36029679	-0.151712	-0.028897	-0.021075	-0.103687
Superscaffold3	36029699	36345777	-0.217937	-0.105027	-0.056113	-0.140309
Superscaffold3	36345783	36822441	0.219816	0.080852	0.045048	0.175007
Superscaffold3	36822832	37436699	0.448510	0.155504	0.105553	0.346075
Superscaffold3	37436731	37688142	0.249590	0.141959	0.088217	0.188548
Superscaffold3	37688335	38010032	-0.126024	-0.064105	-0.037728	-0.094419
Superscaffold3	38010034	38339528	-0.109678	-0.058541	-0.038669	-0.076084
Superscaffold3	38339549	38674915	-0.249004	-0.169960	-0.097950	-0.156844
Superscaffold3	38674932	39269103	0.023165	0.004492	0.002613	0.012253
Superscaffold3	39269834	39734574	-0.194010	-0.066884	-0.035255	-0.174997
Superscaffold3	39734605	40395573	-0.274691	-0.064923	-0.037956	-0.213785
Superscaffold3	40395728	41052692	0.151104	0.037639	0.022560	0.106458
Superscaffold3	41052762	41604206	0.156244	0.042284	0.024212	0.132975
Superscaffold3	41604264	42127896	0.371357	0.135695	0.081955	0.324400
Superscaffold3	42127970	42478466	0.572872	0.266561	0.146515	0.481872
Superscaffold3	42478844	43081997	0.432784	0.125061	0.079403	0.353966
Superscaffold3	43081999	43565094	-0.348163	-0.152334	-0.086876	-0.285107
Superscaffold3	43565265	44104513	0.183317	0.062368	0.036176	0.134249
Superscaffold3	44104965	44489415	0.414289	0.195152	0.113446	0.323242
Superscaffold3	44489418	44886679	0.081358	0.027901	0.016707	0.069530
Superscaffold3	44887175	45172024	-0.082413	-0.034218	-0.020937	-0.053507
Superscaffold3	45172111	45578902	0.258291	0.097530	0.052633	0.185301
Superscaffold3	45578973	46041067	0.216788	0.099403	0.048015	0.169643
Superscaffold3	46048282	46322753	-0.095806	-0.039521	-0.025821	-0.057780
Superscaffold3	46322766	47039366	-0.124994	-0.053917	-0.034723	-0.076990
Superscaffold3	47039462	47471944	0.204307	0.047139	0.031676	0.131967
Superscaffold3	47471952	47943751	-0.289581	-0.139856	-0.067691	-0.215866
Superscaffold3	47943843	48292474	0.626805	0.317548	0.206179	0.540942
Superscaffold3	48292482	48668521	0.142030	0.042427	0.024905	0.102593
Superscaffold3	48668593	49071601	-0.002654	-0.000837	-0.000556	0.003324
Superscaffold3	49073981	49397891	0.037143	0.013576	0.008376	0.032497
Superscaffold3	49397926	49671893	0.110706	0.056375	0.031215	0.070812
Superscaffold3	49672011	50100249	0.297709	0.112591	0.066990	0.200298
Superscaffold3	50100289	50365020	0.524123	0.356104	0.224279	0.373697
Superscaffold3	50365245	50596055	-0.354489	-0.279279	-0.137525	-0.205832
Superscaffold3	50597079	51044123	0.216259	0.083066	0.050538	0.150075
Superscaffold3	51044351	51489309	-0.123743	-0.046484	-0.028418	-0.096398
Superscaffold3	51489416	51893892	0.243037	0.095409	0.056811	0.171119
Superscaffold3	51893960	52200367	-0.038917	-0.025782	-0.013052	-0.021601
Superscaffold3	52200390	52482830	0.314740	0.161173	0.079854	0.243925
Superscaffold3	52482880	52916199	0.040577	0.017814	0.010113	0.026880
Superscaffold3	52916256	53194188	0.143336	0.061745	0.042380	0.108628
Superscaffold3	53194266	53526072	0.199221	0.074431	0.048033	0.124466
Superscaffold3	53526087	53776392	0.017627	0.009884	0.006391	0.008858
Superscaffold3	53776403	54141771	0.185426	0.088907	0.062459	0.111582
Superscaffold3	54142079	54610273	0.056223	0.022465	0.013807	0.033499
Superscaffold3	54610288	54887845	-0.032052	-0.021464	-0.012614	-0.026455
Superscaffold3	54887851	55745582	-0.073297	-0.034773	-0.022308	-0.046531
Superscaffold3	55746251	56167140	0.055966	0.026892	0.015970	0.034848
Superscaffold3	56167215	56452212	0.019144	0.012368	0.007147	0.011231
Superscaffold3	56452237	56752796	0.337797	0.158950	0.110154	0.212759
Superscaffold3	56752809	57222284	0.155081	0.044604	0.032304	0.101314
Superscaffold3	57222324	57607770	0.294534	0.099174	0.061171	0.214712
Superscaffold3	57608040	58031265	0.137690	0.046892	0.028397	0.092494
Superscaffold3	58031266	58355857	0.261508	0.128172	0.071550	0.156236
Superscaffold3	58356356	58627990	-0.120177	-0.083983	-0.036191	-0.057390
Superscaffold3	58628136	59046362	0.324010	0.141217	0.072802	0.221968
Superscaffold3	59046432	59356883	0.019294	0.008633	0.005328	0.010006
Superscaffold3	59356885	59672557	0.009780	0.005822	0.003516	0.004195
Superscaffold3	59672581	60152430	0.000004	0.000002	0.000001	0.002053
Superscaffold3	60152484	60696164	0.120437	0.068224	0.042160	0.066967
Superscaffold3	60696165	61160215	0.148569	0.078601	0.047839	0.101903
Superscaffold3	61160329	61558774	0.128426	0.050121	0.030573	0.082866
Superscaffold3	61558994	62142651	0.066886	0.024760	0.016090	0.036506
Superscaffold3	62142760	62595243	0.054218	0.029981	0.018061	0.027989
Superscaffold3	62595266	63067710	-0.102847	-0.060509	-0.032803	-0.060233
Superscaffold3	63067711	64065044	0.096776	0.032464	0.021641	0.060960
Superscaffold3	64065176	64615541	0.088076	0.040976	0.021874	0.057193
Superscaffold3	64615618	64939679	-0.397450	-0.199676	-0.116282	-0.280326
Superscaffold3	64939760	65318562	-0.038213	-0.025273	-0.015305	-0.024061
Superscaffold3	65318660	65581365	-0.059816	-0.062624	-0.037723	-0.034874
Superscaffold3	65581368	65857047	-0.048110	-0.020242	-0.015728	-0.024805
Superscaffold3	65857560	66268059	-0.027975	-0.021136	-0.011091	-0.019860
Superscaffold3	66268091	66677149	0.112162	0.036488	0.022957	0.089969
Superscaffold3	66677164	66944894	0.016566	0.008804	0.005043	0.006841
Superscaffold4	111824	659055	0.163408	0.086801	0.059276	0.115328
Superscaffold4	659197	923794	-0.004432	-0.003159	-0.001948	-0.000581
Superscaffold4	923806	1225642	-0.100062	-0.087389	-0.048307	-0.056306
Superscaffold4	1226503	1865075	-0.013176	-0.008413	-0.005005	-0.005442
Superscaffold4	1865486	2546694	0.094808	0.044874	0.029243	0.054907
Superscaffold4	2546725	3020804	0.000817	0.000543	0.000319	0.001269
Superscaffold4	3020859	3285713	0.045072	0.025049	0.017160	0.025626
Superscaffold4	3285722	3770714	-0.050731	-0.034410	-0.019098	-0.027008
Superscaffold4	3770905	4029823	0.178760	0.076930	0.050563	0.110745
Superscaffold4	4029868	5170708	0.081607	0.035407	0.020657	0.049720
Superscaffold4	5171214	5418833	0.016151	0.017656	0.010283	0.011537
Superscaffold4	5418887	6262242	-0.027388	-0.013035	-0.008357	-0.019737
Superscaffold4	6265197	6602423	0.020486	0.011328	0.007595	0.009715
Superscaffold4	6602443	6982683	0.009191	0.004392	0.002975	0.004429
Superscaffold4	6982744	7220625	0.196004	0.084360	0.058592	0.123573
Superscaffold4	7220662	7604510	0.037320	0.025059	0.013775	0.021661
Superscaffold4	7604514	7784380	-0.123649	-0.092551	-0.056421	-0.071081
Superscaffold4	7784422	7995609	-0.041388	-0.039668	-0.021299	-0.023878
Superscaffold4	7995612	8686030	0.108614	0.068041	0.041815	0.060527
Superscaffold4	8686068	8910152	0.083997	0.059663	0.040541	0.041314
Superscaffold4	8910167	9088399	0.003204	0.002545	0.001526	-0.000719
Superscaffold4	9088426	9491869	-0.183842	-0.125841	-0.067714	-0.105112
Superscaffold4	9492211	9799462	0.040424	0.022131	0.014543	0.020181
Superscaffold4	9799691	10048705	0.004338	0.003118	0.002087	0.004666
Superscaffold4	10048711	10728462	-0.001061	-0.000539	-0.000338	-0.000002
Superscaffold4	10728644	11366848	-0.095539	-0.050194	-0.031432	-0.060509
Superscaffold4	11366849	11601562	0.087776	0.069989	0.040907	0.051355
Superscaffold4	11601617	11905344	0.093578	0.059797	0.032151	0.069751
Superscaffold4	11905421	12187149	0.205142	0.113349	0.071845	0.131473
Superscaffold4	12187251	12473220	0.151468	0.089721	0.050079	0.087391
Superscaffold4	12473243	12845075	-0.021895	-0.014667	-0.008940	-0.010975
Superscaffold4	12845123	13044244	-0.201362	-0.153672	-0.082598	-0.117237
Superscaffold4	13044268	13281779	0.006037	0.004365	0.002591	0.005070
Superscaffold4	13281969	13620573	0.370553	0.219656	0.124385	0.227849
Superscaffold4	13620631	13847948	-0.113569	-0.103489	-0.056020	-0.065594
Superscaffold4	13847965	14236538	-0.193715	-0.129918	-0.057352	-0.110026
Superscaffold4	14236546	14544567	0.196504	0.112771	0.068157	0.097778
Superscaffold4	14545036	14772827	0.146894	0.082533	0.047326	0.084615
Superscaffold4	14772905	15185973	0.023699	0.013430	0.007985	0.014078
Superscaffold4	15186043	15922067	0.059757	0.035983	0.021708	0.029714
Superscaffold4	15922079	16146491	-0.007183	-0.006657	-0.003520	-0.004975
Superscaffold4	16146496	16482325	0.068501	0.036894	0.025505	0.038943
Superscaffold4	16482430	16895572	0.133118	0.081388	0.049987	0.073648
Superscaffold4	16895841	17394610	-0.020354	-0.012189	-0.007110	-0.017119
Superscaffold4	17394691	17695524	0.142924	0.079634	0.055068	0.072443
Superscaffold4	17695770	17920974	-0.151156	-0.130430	-0.064964	-0.073049
Superscaffold4	17921083	18260178	-0.000676	-0.000453	-0.000267	0.000565
Superscaffold4	18260385	18696560	-0.036519	-0.027232	-0.016116	-0.025524
Superscaffold4	18697792	19094141	0.771327	0.535411	0.325697	0.649585
Superscaffold4	19094157	19338199	0.582000	0.384478	0.222309	0.453531
Superscaffold4	19338317	19619666	-0.068277	-0.039222	-0.021293	-0.048345
Superscaffold4	19620145	19942300	-0.108876	-0.054715	-0.031536	-0.064264
Superscaffold4	19942308	20198992	-0.001465	-0.001065	-0.000612	-0.005374
Superscaffold4	20199000	20588387	0.121649	0.053391	0.034562	0.067139
Superscaffold4	20588410	21032499	0.007259	0.003366	0.002048	0.001945
Superscaffold4	21032567	21461436	0.497358	0.232541	0.140130	0.331055
Superscaffold4	21461440	21997409	0.498726	0.210465	0.130238	0.346589
Superscaffold4	21997439	22266355	-0.037480	-0.021604	-0.013205	-0.018882
Superscaffold4	22266366	22432910	-0.108298	-0.095130	-0.056105	-0.056042
Superscaffold4	22433418	22652782	0.041436	0.025396	0.015176	0.024603
Superscaffold4	22652812	22847999	-0.234437	-0.203241	-0.092518	-0.131469
Superscaffold4	22848034	23127470	-0.032099	-0.017384	-0.010735	-0.014621
Superscaffold4	23127494	23367323	0.043321	0.027771	0.017433	0.026716
Superscaffold4	23367346	23616112	-0.105405	-0.068088	-0.039679	-0.051445
Superscaffold4	23616189	23997699	0.280258	0.183074	0.115631	0.190717
Superscaffold4	23997746	24511684	0.110050	0.046023	0.027939	0.071890
Superscaffold4	24511770	24756111	0.410589	0.243656	0.142625	0.313945
Superscaffold4	24756115	25042359	0.258121	0.152159	0.072805	0.173938
Superscaffold4	25042378	25396902	0.295977	0.132931	0.079587	0.202689
Superscaffold4	25397001	25696462	0.425693	0.198894	0.149353	0.275306
Superscaffold4	25696575	25988257	0.294017	0.152924	0.095564	0.196222
Superscaffold4	25989733	26496173	-0.151613	-0.081081	-0.047423	-0.081740
Superscaffold4	26496236	26705360	-0.114837	-0.064746	-0.038733	-0.077283
Superscaffold4	26705391	26922108	0.247082	0.153564	0.114285	0.149589
Superscaffold4	26922196	27211535	-0.393512	-0.253289	-0.136989	-0.276011
Superscaffold4	27211557	27444643	0.135198	0.057027	0.034210	0.096505
Superscaffold4	27444754	27632797	0.657413	0.320723	0.196723	0.527826
Superscaffold4	27633163	27916642	0.284804	0.147348	0.081191	0.179088
Superscaffold4	27916644	28262762	-0.017689	-0.011873	-0.006947	-0.009104
Superscaffold4	28262784	28640456	-0.043923	-0.034799	-0.019118	-0.029498
Superscaffold4	28645074	28894703	0.047258	0.034599	0.019040	0.016648
Superscaffold4	28894716	29200248	0.193897	0.073204	0.050163	0.111256
Superscaffold4	29200276	29483805	0.084637	0.062308	0.039168	0.045106
Superscaffold4	29483813	29907447	0.043944	0.019814	0.013174	0.022005
Superscaffold4	29907455	30208749	0.084702	0.057966	0.036626	0.046846
Superscaffold4	30209102	30520291	0.161252	0.097636	0.063141	0.097645
Superscaffold4	30520317	30864863	0.059550	0.031470	0.019510	0.037817
Superscaffold4	30864880	31960370	-0.019500	-0.010426	-0.005859	-0.006244
Superscaffold4	31960445	32249774	0.385759	0.197436	0.110143	0.247332
Superscaffold4	32249782	32621711	0.111540	0.052648	0.031047	0.072627
Superscaffold4	32621862	33036706	-0.092600	-0.052616	-0.029416	-0.066875
Superscaffold4	33036784	33504275	0.187237	0.082230	0.052996	0.093693
Superscaffold4	33504343	33874388	0.153122	0.072667	0.041690	0.101241
Superscaffold4	33874392	34200115	0.101634	0.054187	0.031077	0.071158
Superscaffold4	34200126	34577677	0.133536	0.052587	0.028341	0.085818
Superscaffold4	34577692	34987058	0.051936	0.020099	0.012803	0.041130
Superscaffold4	34987105	35365910	0.136220	0.041188	0.031436	0.073866
Superscaffold4	35366143	35917848	0.082169	0.038880	0.020130	0.052373
Superscaffold4	35917856	36266596	-0.076085	-0.050315	-0.031499	-0.044469
Superscaffold4	36266599	36631443	0.267895	0.140498	0.088774	0.174926
Superscaffold4	36631451	37311938	0.127445	0.051852	0.036991	0.082638
Superscaffold4	37312024	38162712	-0.192990	-0.110133	-0.065838	-0.114601
Superscaffold4	38162717	39686159	-0.116459	-0.045725	-0.026536	-0.075078
Superscaffold4	39686176	39985120	-0.042255	-0.013694	-0.010262	-0.033421
Superscaffold4	39985125	40555714	0.177172	0.070118	0.042584	0.107287
Superscaffold4	40555719	40888996	-0.051301	-0.029667	-0.019099	-0.033427
Superscaffold4	40889103	41429271	0.100310	0.022901	0.017015	0.057912
Superscaffold4	41432992	41964849	-0.065344	-0.022740	-0.014129	-0.034304
Superscaffold4	41965566	42461372	0.094100	0.045099	0.028509	0.061222
Superscaffold4	42461411	43092643	-0.100061	-0.041067	-0.025899	-0.066750
Superscaffold4	43092682	43828534	0.072383	0.027854	0.017974	0.049334
Superscaffold4	43828592	44094744	0.121900	0.066716	0.040487	0.071243
Superscaffold4	44101912	44378536	0.269032	0.175490	0.109737	0.197120
Superscaffold4	44378546	44830552	-0.074894	-0.043088	-0.022007	-0.042265
Superscaffold4	44830621	45226892	-0.091244	-0.037684	-0.021893	-0.071011
Superscaffold4	45226895	45512849	-0.403286	-0.233433	-0.118345	-0.238498
Superscaffold4	45512890	46006792	0.086064	0.036118	0.022779	0.052527
Superscaffold4	46007085	46261625	-0.099076	-0.042972	-0.029398	-0.073883
Superscaffold4	46261709	46622125	-0.304860	-0.108315	-0.070561	-0.238241
Superscaffold4	46622243	47436889	-0.083172	-0.025094	-0.015226	-0.043195
Superscaffold4	47436940	47669007	0.502040	0.318567	0.250501	0.415402
Superscaffold4	47669141	47937896	0.102957	0.069701	0.042424	0.071999
Superscaffold4	47937972	48397886	0.196664	0.111411	0.064305	0.125090
Superscaffold4	48398338	48870103	0.267373	0.096847	0.065765	0.194325
Superscaffold4	48870120	49245013	0.570018	0.241211	0.143169	0.431501
Superscaffold4	49245019	49568973	0.447601	0.221217	0.127863	0.319858
Superscaffold4	49568991	49851669	-0.027547	-0.012681	-0.007515	-0.017874
Superscaffold4	49851693	50268601	0.433931	0.179724	0.105423	0.340827
Superscaffold4	50268608	50537356	0.300574	0.118890	0.066953	0.211225
Superscaffold4	50537433	50783315	0.102026	0.044122	0.032549	0.061896
Superscaffold4	50783334	51001588	0.226041	0.128962	0.076423	0.166315
Superscaffold4	51001606	51416731	0.403014	0.150041	0.101659	0.304227
Superscaffold4	51416740	51652787	0.324080	0.128248	0.084047	0.225933
Superscaffold4	51652829	52043251	0.298602	0.146515	0.079655	0.236940
Superscaffold4	52043253	52767263	0.278884	0.068426	0.041689	0.220351
Superscaffold4	52767389	53362158	0.687676	0.373884	0.204725	0.619230
Superscaffold4	53362215	53946238	-0.144787	-0.065243	-0.030996	-0.093963
Superscaffold4	53946294	54159815	0.529910	0.382897	0.209962	0.441521
Superscaffold4	54159893	54440658	0.617974	0.367979	0.217521	0.490607
Superscaffold4	54440669	54733004	0.411455	0.139479	0.080744	0.342104
Superscaffold4	54733018	55143216	0.597656	0.299263	0.151161	0.518759
Superscaffold4	55143217	55390350	0.628797	0.413849	0.215926	0.508236
Superscaffold4	55390374	55639435	-0.270825	-0.198932	-0.100537	-0.186868
Superscaffold4	55640062	55935853	0.173568	0.072135	0.047861	0.111440
Superscaffold4	55935922	56309716	-0.175490	-0.076889	-0.044238	-0.116318
Superscaffold4	56309744	56493876	-0.088064	-0.066960	-0.037960	-0.054272
Superscaffold4	56493896	56778818	-0.042550	-0.037324	-0.019991	-0.025984
Superscaffold4	56778824	57136891	0.230664	0.148854	0.084833	0.152611
Superscaffold4	57141187	57823391	0.056424	0.019295	0.013383	0.043495
Superscaffold4	57823447	58244391	0.271839	0.086851	0.060338	0.148813
Superscaffold4	58244456	58576901	-0.049695	-0.021042	-0.012506	-0.025346
Superscaffold4	58577199	58845321	0.091061	0.043239	0.024336	0.052226
Superscaffold4	58845333	59100081	-0.038999	-0.016147	-0.010985	-0.024391
Superscaffold4	59100127	59382726	0.267965	0.098185	0.064158	0.192273
Superscaffold4	59382858	59650024	0.432406	0.189701	0.132332	0.269174
Superscaffold4	59650031	59899669	0.117307	0.067730	0.040232	0.047627
Superscaffold4	59899774	61270739	0.017132	0.006541	0.003638	0.009820
Superscaffold4	61270777	61579163	-0.068420	-0.033379	-0.021334	-0.041341
Superscaffold4	61579808	61954035	0.174026	0.061628	0.042362	0.133331
Superscaffold4	61954073	62266104	0.689871	0.322161	0.229425	0.545717
Superscaffold4	62266131	62701105	0.003159	0.001592	0.000999	0.001819
Superscaffold4	62701161	63339456	-0.119274	-0.047668	-0.031643	-0.077263
Superscaffold4	63339525	63793676	-0.115024	-0.050705	-0.035223	-0.078371
Superscaffold4	63793699	64215173	-0.166075	-0.086477	-0.056119	-0.113239
Superscaffold4	64215726	64454331	0.095290	0.042508	0.025659	0.063597
Superscaffold4	64454372	64990447	0.280735	0.162483	0.083225	0.170913
Superscaffold4	64990559	65324654	0.195493	0.085077	0.053838	0.125696
Superscaffold4	65324689	66240839	0.305251	0.133486	0.088673	0.192098
Superscaffold4	66240846	66606008	0.492608	0.291793	0.122294	0.378684
Superscaffold4	66606039	67014614	-0.091303	-0.030560	-0.019695	-0.075479
Superscaffold4	67015084	67471616	0.132327	0.032871	0.024989	0.091811
Superscaffold4	67471625	67924757	0.002585	0.001277	0.000853	0.005588
Superscaffold4	67924857	68231970	0.276584	0.136422	0.099571	0.149591
Superscaffold4	68232030	68476271	0.398147	0.246803	0.142804	0.289590
Superscaffold4	68476425	68768410	-0.119398	-0.056732	-0.037915	-0.082879
Superscaffold4	68768492	69182076	0.091083	0.047880	0.030235	0.057561
Superscaffold4	69182268	69559643	-0.059432	-0.048551	-0.024976	-0.031522
Superscaffold4	69559657	69820049	-0.018645	-0.013052	-0.008207	-0.012031
Superscaffold4	69820104	70326423	-0.250753	-0.168470	-0.091898	-0.138861
Superscaffold4	70326424	70757782	0.001674	0.000947	0.000636	0.000366
Superscaffold4	70758930	71476787	0.254920	0.113169	0.075626	0.158150
Superscaffold4	71476918	71898269	0.038545	0.009934	0.007016	0.029914
Superscaffold4	71898321	72560254	-0.585317	-0.406010	-0.198813	-0.490108
Superscaffold4	72560270	73100232	0.364006	0.151354	0.081873	0.288717
Superscaffold4	73100649	73435781	0.011251	0.005018	0.003027	0.004055
Superscaffold4	73435878	73785662	0.273355	0.160467	0.105530	0.209993
Superscaffold4	73785684	74348132	-0.080320	-0.030078	-0.022090	-0.052104
Superscaffold4	74348172	74659442	0.166464	0.104149	0.071024	0.097129
Superscaffold4	74659457	74862690	0.196392	0.101596	0.073634	0.101009
Superscaffold4	74862735	75157337	0.217527	0.127010	0.072874	0.153059
Superscaffold4	75157595	75737341	0.339424	0.185074	0.118203	0.234549
Superscaffold4	75737355	76545708	0.307367	0.084804	0.063837	0.256569
Superscaffold4	76545709	76964584	0.098012	0.042183	0.025563	0.064540
Superscaffold4	76964602	77449012	0.258491	0.176688	0.093187	0.206968
Superscaffold4	77449499	77754497	-0.380197	-0.183982	-0.099708	-0.318372
Superscaffold4	77754511	78206725	-0.078387	-0.046400	-0.028640	-0.039180
Superscaffold4	78212429	78529074	-0.069141	-0.046224	-0.029455	-0.035337
Superscaffold4	78529149	78820041	0.299561	0.137732	0.086721	0.167977
Superscaffold4	78820055	79146624	0.122616	0.069544	0.043259	0.059400
Superscaffold4	79146655	79885737	0.191824	0.083734	0.062687	0.135223
Superscaffold4	79885849	80299640	-0.155203	-0.057727	-0.040195	-0.107227
Superscaffold4	80300761	80587809	-0.108720	-0.060680	-0.036927	-0.057978
Superscaffold4	80587821	80873707	-0.056650	-0.038705	-0.020610	-0.039768
Superscaffold4	80874009	81276470	-0.130577	-0.071789	-0.042445	-0.078178
Superscaffold4	81276553	81540273	0.098709	0.037876	0.027366	0.057544
Superscaffold4	81540275	82413840	0.027397	0.007752	0.004198	0.016667
Superscaffold4	82413857	82621756	0.235197	0.138817	0.069487	0.126492
Superscaffold4	82621833	82922879	0.378487	0.185618	0.128926	0.268384
Superscaffold4	82923039	83123906	0.269701	0.203941	0.128725	0.172341
Superscaffold4	83123923	83350838	-0.066290	-0.056845	-0.032445	-0.035502
Superscaffold4	83350997	83640285	-0.022355	-0.012189	-0.007960	-0.011782
Superscaffold4	83640429	84185787	0.224135	0.084206	0.059152	0.154948
Superscaffold4	84185793	84538560	0.090841	0.039419	0.027745	0.049420
Superscaffold4	84538770	84762400	0.101857	0.063307	0.038841	0.052332
Superscaffold4	84762408	85191603	0.184635	0.114399	0.073711	0.107194
Superscaffold4	85195530	85993418	0.066144	0.038291	0.023637	0.047940
Superscaffold4	85993424	86238268	0.200173	0.147397	0.092729	0.101620
Superscaffold4	86238337	86484932	-0.035715	-0.028128	-0.015969	-0.018692
Superscaffold5	56341	276852	0.003293	0.002362	0.001240	0.003373
Superscaffold5	276903	540965	0.080724	0.040411	0.025506	0.048346
Superscaffold5	540989	875255	0.005370	0.002922	0.001787	0.005950
Superscaffold5	875258	1253533	-0.149451	-0.077957	-0.043620	-0.083726
Superscaffold5	1253571	1785461	0.392664	0.113924	0.075698	0.264733
Superscaffold5	1785503	2201212	-0.253788	-0.104775	-0.053429	-0.193030
Superscaffold5	2201270	2669899	-0.030132	-0.013146	-0.008225	-0.022332
Superscaffold5	2670060	3124194	0.114777	0.042237	0.028238	0.062291
Superscaffold5	3124428	3594910	0.219550	0.103532	0.062223	0.164028
Superscaffold5	3594943	4039134	0.298523	0.135572	0.074326	0.205021
Superscaffold5	4039145	4696467	0.162133	0.085154	0.054137	0.083123
Superscaffold5	4696474	5485960	0.207307	0.069628	0.048529	0.134281
Superscaffold5	5486909	6226937	0.643003	0.289999	0.166263	0.538575
Superscaffold5	6227092	6641082	0.378490	0.142147	0.073616	0.276494
Superscaffold5	6641143	7273470	0.002539	0.001254	0.000662	0.000803
Superscaffold5	7273877	7644383	0.341874	0.160595	0.096056	0.243016
Superscaffold5	7644413	8161087	0.007029	0.003209	0.001980	0.002362
Superscaffold5	8161456	8560055	-0.061531	-0.039174	-0.024103	-0.030348
Superscaffold5	8560098	8833346	-0.042560	-0.029833	-0.016568	-0.019593
Superscaffold5	8833474	9132704	0.014433	0.008427	0.004247	0.007584
Superscaffold5	9132710	9430990	0.204662	0.097722	0.065461	0.118566
Superscaffold5	9431009	9663142	-0.134866	-0.080541	-0.045582	-0.087245
Superscaffold5	9663217	10534913	0.127579	0.059049	0.036518	0.073971
Superscaffold5	10534918	10816979	0.029551	0.015112	0.008759	0.013383
Superscaffold5	10816998	11250028	0.138328	0.061948	0.038818	0.097320
Superscaffold5	11250070	11596254	0.066248	0.036510	0.017916	0.035497
Superscaffold5	11596327	12822343	0.032866	0.013820	0.008963	0.021749
Superscaffold5	12822346	14109808	0.152631	0.077691	0.047722	0.084685
Superscaffold5	14109953	14386662	-0.028813	-0.015417	-0.008628	-0.015099
Superscaffold5	14386720	14775738	-0.062393	-0.033376	-0.019494	-0.034596
Superscaffold5	14775935	14996616	0.462945	0.243561	0.155889	0.319378
Superscaffold5	14996627	15301778	-0.027973	-0.015618	-0.007006	-0.014138
Superscaffold5	15301781	15710164	0.106017	0.048853	0.027908	0.057719
Superscaffold5	15710185	16202610	-0.251373	-0.138706	-0.068980	-0.193835
Superscaffold5	16202709	16537919	0.022371	0.013496	0.008084	0.017328
Superscaffold5	16537960	16936476	0.126602	0.080656	0.044447	0.056221
Superscaffold5	16936692	17415944	-0.022428	-0.011986	-0.006855	-0.010849
Superscaffold5	17415970	17746406	-0.124719	-0.099486	-0.047758	-0.064445
Superscaffold5	17747072	18054401	-0.086656	-0.047740	-0.028807	-0.048661
Superscaffold5	18054408	18225561	-0.128559	-0.089923	-0.053154	-0.074316
Superscaffold5	18225580	18555249	-0.079989	-0.044944	-0.029132	-0.053153
Superscaffold5	18555251	19039057	0.119519	0.051925	0.030833	0.083038
Superscaffold5	19039108	19362998	-0.000497	-0.000193	-0.000125	0.001922
Superscaffold5	19363026	19752049	0.084366	0.027076	0.016072	0.058310
Superscaffold5	19752073	20131475	-0.025141	-0.010076	-0.006206	-0.013871
Superscaffold5	20131589	20390526	0.213455	0.114178	0.058654	0.110663
Superscaffold5	20390605	20972033	-0.014139	-0.004695	-0.003221	-0.012774
Superscaffold5	20972336	21438637	-0.041858	-0.019572	-0.012085	-0.031237
Superscaffold5	21438807	21672887	-0.235717	-0.158223	-0.089192	-0.160805
Superscaffold5	21672898	21991302	0.043241	0.027808	0.014415	0.020866
Superscaffold5	21991304	22379119	0.056603	0.030478	0.016188	0.031044
Superscaffold5	22379131	22925480	0.159043	0.078682	0.049592	0.092561
Superscaffold5	22925484	23320834	0.057984	0.017310	0.012375	0.028268
Superscaffold5	23320842	24270184	-0.249932	-0.147743	-0.079942	-0.155198
Superscaffold5	24270300	24652948	0.209905	0.097335	0.061097	0.146836
Superscaffold5	24652993	24975413	-0.098927	-0.036181	-0.021181	-0.074480
Superscaffold5	24975460	25359229	0.148275	0.067738	0.043897	0.121245
Superscaffold5	25359266	25701894	-0.293843	-0.159599	-0.098139	-0.224453
Superscaffold5	25701932	26084515	0.285262	0.084632	0.050945	0.201271
Superscaffold5	26084565	27082186	0.091058	0.031587	0.018829	0.055964
Superscaffold5	27082273	27624779	-0.105825	-0.039282	-0.023258	-0.072173
Superscaffold5	27625274	28255705	-0.058304	-0.017229	-0.010738	-0.028942
Superscaffold5	28255752	28630972	0.135831	0.068658	0.042532	0.095100
Superscaffold5	28630990	29057065	0.294013	0.101879	0.061389	0.220391
Superscaffold5	29057066	29373111	0.407259	0.198649	0.115183	0.312880
Superscaffold5	29373149	29703080	-0.307213	-0.116285	-0.077522	-0.272527
Superscaffold5	29703386	29966904	-0.089660	-0.049016	-0.031070	-0.055617
Superscaffold5	29966930	30183091	0.035233	0.014755	0.010048	0.020657
Superscaffold5	30183103	30615462	0.003972	0.001462	0.000943	-0.000325
Superscaffold5	30615581	31012980	0.130199	0.051639	0.030237	0.087750
Superscaffold5	31013345	31392916	0.184208	0.064533	0.035019	0.140637
Superscaffold5	31392919	31618094	0.564819	0.414367	0.272011	0.488014
Superscaffold5	31618565	31934792	0.042241	0.025045	0.011313	0.028342
Superscaffold5	31935684	32193556	0.717386	0.378729	0.236818	0.582922
Superscaffold5	32193566	32773600	-0.236586	-0.134676	-0.059243	-0.142444
Superscaffold5	32773601	33108268	0.026033	0.015033	0.009416	0.017467
Superscaffold5	33108310	33492262	0.168862	0.096966	0.063192	0.097815
Superscaffold5	33492273	33820440	0.655426	0.350282	0.181288	0.535984
Superscaffold5	33820538	34018997	-0.322665	-0.234978	-0.123681	-0.302436
Superscaffold5	34019057	34334800	0.832758	0.426421	0.286997	0.760402
Superscaffold5	34334801	34679388	0.024123	0.007974	0.004563	0.013969
Superscaffold5	34679484	35060115	0.074433	0.026101	0.014867	0.056732
Superscaffold5	35060228	35402186	0.359740	0.161658	0.092008	0.293223
Superscaffold5	35402230	35718499	-0.159821	-0.049199	-0.030020	-0.118101
Superscaffold5	35718551	36156814	0.035551	0.009277	0.005860	0.029763
Superscaffold5	36157035	36575845	0.163831	0.058254	0.033329	0.125929
Superscaffold5	36576179	36987194	0.032251	0.009931	0.006237	0.033770
Superscaffold5	36987220	37321863	0.309196	0.172890	0.104898	0.163392
Superscaffold5	37321867	37507458	-0.036839	-0.021932	-0.011970	-0.026310
Superscaffold5	37507522	37773741	0.148179	0.068963	0.035830	0.113578
Superscaffold5	37773770	38151227	-0.165322	-0.061818	-0.037125	-0.132368
Superscaffold5	38151239	38539938	0.389580	0.106119	0.073188	0.333776
Superscaffold5	38539955	38906265	-0.128128	-0.084090	-0.040708	-0.082160
Superscaffold5	38906420	39664737	0.157612	0.071064	0.046893	0.092265
Superscaffold5	39664753	40135600	0.127432	0.061311	0.035828	0.083569
Superscaffold5	40135751	40776229	0.030390	0.016323	0.010227	0.019817
Superscaffold5	40776262	41485165	-0.028523	-0.012793	-0.007052	-0.016032
Superscaffold5	41485188	42109441	0.065202	0.018437	0.011679	0.044847
Superscaffold5	42109693	42569375	0.149162	0.048368	0.030090	0.116237
Superscaffold5	42569388	42996814	-0.089667	-0.048781	-0.027615	-0.069749
Superscaffold5	42996831	43322980	0.068845	0.033630	0.020975	0.040978
Superscaffold5	43323019	43639223	-0.067105	-0.031473	-0.019273	-0.043810
Superscaffold5	43639448	43953455	0.224091	0.096874	0.061316	0.161377
Superscaffold5	43953502	44354235	-0.153313	-0.064380	-0.045293	-0.110349
Superscaffold5	44354503	44662510	-0.182457	-0.120487	-0.073949	-0.113369
Superscaffold5	44662525	44921335	-0.057446	-0.037434	-0.020871	-0.040687
Superscaffold5	44922141	45625659	0.267710	0.108293	0.064964	0.169133
Superscaffold5	45625806	46187799	0.191800	0.087728	0.055647	0.131245
Superscaffold5	46187816	46626384	-0.171878	-0.130563	-0.065349	-0.129509
Superscaffold5	46626462	46955937	-0.075036	-0.037349	-0.022148	-0.045646
Superscaffold5	46957425	47407799	0.324876	0.129238	0.079428	0.252203
Superscaffold5	47407810	47784533	0.169172	0.070775	0.042533	0.113874
Superscaffold5	47784546	48190950	0.263978	0.100833	0.056794	0.177616
Superscaffold5	48190954	48558620	-0.051510	-0.022439	-0.011739	-0.034142
Superscaffold5	48558628	48911071	0.311817	0.149303	0.078896	0.197009
Superscaffold5	48911250	49350077	0.453409	0.253960	0.171139	0.298702
Superscaffold5	49350437	49640978	0.282839	0.196666	0.121483	0.182299
Superscaffold5	49641158	49949890	0.477624	0.272168	0.151793	0.343604
Superscaffold5	49949913	50280055	-0.003686	-0.002241	-0.001123	0.001592
Superscaffold5	50280569	50519460	0.120091	0.073236	0.033124	0.069463
Superscaffold5	50519526	50865331	0.289628	0.108138	0.055603	0.184531
Superscaffold5	50865486	51072846	0.307352	0.106562	0.062464	0.205749
Superscaffold5	51072854	51430164	0.189714	0.092677	0.051014	0.114334
Superscaffold5	51430168	51665254	0.114932	0.082922	0.038500	0.068559
Superscaffold5	51665417	52012536	-0.151200	-0.079726	-0.041006	-0.093395
Superscaffold5	52012651	52380658	-0.243460	-0.113810	-0.065909	-0.161653
Superscaffold5	52380688	52681886	-0.362226	-0.158166	-0.093144	-0.284039
Superscaffold5	52681917	52877683	0.088461	0.061390	0.039454	0.050464
Superscaffold5	52877708	53202425	0.220100	0.087965	0.056403	0.148229
Superscaffold5	53203501	53605834	-0.238953	-0.096770	-0.053974	-0.120208
Superscaffold5	53605850	54089335	0.173580	0.050463	0.032804	0.100208
Superscaffold5	54089365	55050567	0.244232	0.088363	0.058390	0.162044
Superscaffold5	55050591	55723285	0.002329	0.001132	0.000672	-0.000351
Superscaffold5	55723434	56117780	0.007036	0.002291	0.001408	0.010141
Superscaffold5	56120921	56411427	0.173828	0.089760	0.058948	0.110457
Superscaffold5	56411447	56914525	0.155935	0.067164	0.030704	0.108564
Superscaffold5	56914556	57340314	-0.063314	-0.029583	-0.020288	-0.047383
Superscaffold5	57340429	57647085	-0.060381	-0.025903	-0.014754	-0.040719
Superscaffold5	57647132	58074360	0.155318	0.060293	0.036646	0.112818
Superscaffold5	58074566	58566719	0.396272	0.128628	0.084450	0.310984
Superscaffold5	58567052	58993596	0.173686	0.061516	0.037644	0.138602
Superscaffold5	58993601	59302608	0.259205	0.109682	0.065072	0.204783
Superscaffold5	59302723	59954431	0.140182	0.048847	0.027689	0.105388
Superscaffold5	59954439	60467658	0.125664	0.040658	0.023754	0.077554
Superscaffold5	60467727	60985680	0.419417	0.190784	0.112232	0.321790
Superscaffold5	60987704	61535688	0.344666	0.116313	0.073480	0.226426
Superscaffold5	61535737	62057388	0.201174	0.075843	0.047831	0.148663
Superscaffold5	62057576	62394166	-0.000837	-0.000391	-0.000240	-0.000768
Superscaffold5	62394376	62836585	0.309849	0.091488	0.063969	0.225551
Superscaffold5	62836596	63239005	0.084646	0.037464	0.022378	0.053359
Superscaffold5	63239012	63608302	0.165309	0.068026	0.039554	0.112820
Superscaffold5	63608422	63805103	0.252603	0.161584	0.103848	0.144023
Superscaffold5	63805129	64016690	0.132602	0.109011	0.055176	0.083104
Superscaffold5	64016753	64647054	-0.000457	-0.000214	-0.000112	0.000752
Superscaffold5	64647676	65129826	0.294168	0.116587	0.064002	0.222362
Superscaffold5	65130997	65613370	-0.006701	-0.002693	-0.001545	0.000653
Superscaffold5	65613605	66070717	0.287167	0.131796	0.073152	0.243622
Superscaffold5	66070726	66431259	0.039022	0.016570	0.009137	0.024019
Superscaffold5	66431321	66907890	0.252434	0.072983	0.046801	0.176093
Superscaffold5	66907981	67284276	-0.066651	-0.028204	-0.017383	-0.046087
Superscaffold5	67284342	68290814	0.178157	0.084629	0.052266	0.119307
Superscaffold5	68290850	68742681	-0.073942	-0.044465	-0.024750	-0.035392
Superscaffold5	68742689	69753161	0.028736	0.013275	0.007941	0.018918
Superscaffold5	69753179	70047953	-0.097562	-0.061037	-0.042633	-0.070813
Superscaffold5	70047996	70866458	-0.015782	-0.007871	-0.004380	-0.008908
Superscaffold5	70866715	71391324	0.075451	0.035073	0.019357	0.050570
Superscaffold5	71391508	72160332	0.145251	0.050356	0.031809	0.097786
Superscaffold5	72160375	72732518	0.135982	0.075127	0.044024	0.091595
Superscaffold5	72732550	73173557	-0.177013	-0.079865	-0.042930	-0.109522
Superscaffold5	73173562	73452399	-0.022336	-0.012931	-0.007332	-0.016540
Superscaffold5	73452402	73833108	0.168276	0.068927	0.041706	0.089290
Superscaffold5	73833127	74183762	0.448676	0.237277	0.146661	0.344960
Superscaffold5	74183807	74615610	0.004929	0.001561	0.000972	-0.000527
Superscaffold5	74615679	75035682	0.063994	0.025148	0.016018	0.044851
Superscaffold5	75035806	75580480	0.124097	0.058023	0.038581	0.079260
Superscaffold5	75598482	76010786	0.106829	0.063944	0.041058	0.069579
Superscaffold5	76010797	76281621	-0.076118	-0.034599	-0.025382	-0.055566
Superscaffold5	76281648	76631075	0.179242	0.080207	0.044828	0.117568
Superscaffold5	76631297	77008565	0.231826	0.114435	0.067970	0.132044
Superscaffold5	77008590	77301421	0.309513	0.137986	0.084015	0.192989
Superscaffold5	77301427	77723961	0.126212	0.035471	0.027634	0.070565
Superscaffold5	77723971	77984906	0.306031	0.153128	0.090889	0.175821
Superscaffold5	77984911	78335546	-0.121674	-0.058317	-0.033393	-0.084878
Superscaffold5	78335569	78933417	0.004823	0.001769	0.001133	-0.000615
Superscaffold5	78933472	79375863	0.028665	0.014809	0.008821	0.012160
Superscaffold5	79375920	79917494	-0.015660	-0.007640	-0.004744	-0.018667
Superscaffold5	79917502	80162444	-0.066539	-0.041583	-0.025443	-0.035155
Superscaffold5	80162445	80562595	-0.104839	-0.040890	-0.028663	-0.058514
Superscaffold5	80562624	80972957	-0.029412	-0.013109	-0.007650	-0.015460
Superscaffold5	80972978	81392494	-0.040051	-0.026318	-0.015076	-0.023402
Superscaffold5	81392548	81721929	-0.117475	-0.067073	-0.041808	-0.066982
Superscaffold5	81721940	82026150	0.068780	0.037320	0.025288	0.041779
Superscaffold6	20862	518983	0.086524	0.028423	0.021252	0.058085
Superscaffold6	518989	837365	-0.029074	-0.018432	-0.009084	-0.019397
Superscaffold6	837397	1215683	0.106628	0.050083	0.035625	0.067718
Superscaffold6	1215696	1544386	-0.016848	-0.006985	-0.004663	-0.009503
Superscaffold6	1544473	1898015	0.185638	0.095170	0.052609	0.103705
Superscaffold6	1898018	2250115	0.121881	0.044246	0.028789	0.071309
Superscaffold6	2250145	2672512	0.008728	0.003698	0.002287	0.007047
Superscaffold6	2672602	3170556	0.135060	0.037115	0.023158	0.102692
Superscaffold6	3170563	3716399	0.154727	0.048272	0.031046	0.107766
Superscaffold6	3716966	4288136	-0.037024	-0.018214	-0.010777	-0.023919
Superscaffold6	4288154	4945393	0.064568	0.028863	0.017042	0.045834
Superscaffold6	4945595	5306322	-0.202822	-0.080415	-0.051858	-0.148939
Superscaffold6	5306323	5709923	0.151651	0.056634	0.034107	0.115416
Superscaffold6	5709948	6323540	0.164320	0.056205	0.033095	0.109259
Superscaffold6	6324472	6727801	0.090164	0.033965	0.021847	0.062399
Superscaffold6	6728289	6975298	0.342907	0.178714	0.122502	0.241360
Superscaffold6	6975304	7348455	0.120970	0.051240	0.033638	0.086941
Superscaffold6	7348700	7887258	-0.122122	-0.048875	-0.031289	-0.085459
Superscaffold6	7887336	8287158	0.047381	0.017825	0.012060	0.030827
Superscaffold6	8287164	8574965	-0.156246	-0.091501	-0.057601	-0.083786
Superscaffold6	8575648	9173932	0.309700	0.174996	0.095546	0.219198
Superscaffold6	9173937	9568784	0.582256	0.240678	0.160965	0.472980
Superscaffold6	9568842	9946422	0.417546	0.154006	0.100341	0.349287
Superscaffold6	9946522	10410631	0.065913	0.024052	0.013991	0.048214
Superscaffold6	10410711	11168328	0.074642	0.028128	0.018137	0.058005
Superscaffold6	11168410	11615017	0.225716	0.091286	0.055279	0.151631
Superscaffold6	11615027	12118046	0.222741	0.086770	0.051966	0.166130
Superscaffold6	12118075	12660804	0.163404	0.044369	0.026715	0.132391
Superscaffold6	12660806	13217714	0.138123	0.050790	0.029666	0.099375
Superscaffold6	13217806	13803251	0.084432	0.031289	0.016889	0.052984
Superscaffold6	13803263	14263743	0.248701	0.091285	0.055863	0.186272
Superscaffold6	14263906	14586456	-0.065708	-0.025830	-0.014103	-0.041779
Superscaffold6	14586561	14986416	-0.093824	-0.033216	-0.018201	-0.065087
Superscaffold6	14986464	15465311	0.296445	0.101353	0.063071	0.203926
Superscaffold6	15466601	15860842	0.165895	0.055896	0.030311	0.129320
Superscaffold6	15861001	16220527	0.314989	0.101592	0.066770	0.245996
Superscaffold6	16220582	16442522	-0.106506	-0.059307	-0.030384	-0.083139
Superscaffold6	16442685	16660366	0.096672	0.082462	0.032559	0.064547
Superscaffold6	16660454	17181483	0.390989	0.176822	0.074051	0.278204
Superscaffold6	17181507	17471004	-0.098250	-0.047960	-0.028854	-0.083381
Superscaffold6	17471077	17863819	0.047770	0.014810	0.008384	0.034041
Superscaffold6	17863915	18365207	0.235866	0.101256	0.058521	0.175456
Superscaffold6	18365245	18615048	0.351023	0.164666	0.097837	0.245996
Superscaffold6	18615135	18929907	0.292260	0.143877	0.085972	0.231599
Superscaffold6	18930090	19271905	0.435166	0.177898	0.091263	0.309401
Superscaffold6	19271915	19654653	0.333133	0.127745	0.068353	0.250071
Superscaffold6	19654698	20064931	0.363706	0.154066	0.087935	0.278176
Superscaffold6	20065685	20384972	0.254351	0.110286	0.061156	0.189154
Superscaffold6	20385022	20788883	0.013106	0.005158	0.003345	0.010600
Superscaffold6	20788991	21107382	0.197373	0.103796	0.057197	0.150243
Superscaffold6	21107496	21536833	0.193781	0.058585	0.036406	0.140465
Superscaffold6	21536853	22070882	0.242025	0.079717	0.044223	0.195326
Superscaffold6	22070884	22411965	0.186478	0.084768	0.047694	0.145966
Superscaffold6	22412065	22756271	0.086338	0.026947	0.013752	0.064541
Superscaffold6	22756297	23232352	0.501189	0.184677	0.118550	0.396098
Superscaffold6	23232394	23669724	0.590515	0.318638	0.175280	0.472047
Superscaffold6	23669857	24264055	0.526185	0.225699	0.131650	0.426813
Superscaffold6	24264133	24847754	0.476044	0.175195	0.108194	0.362260
Superscaffold6	24848117	25318858	-0.140044	-0.075566	-0.032938	-0.104148
Superscaffold6	25319253	25684331	0.539447	0.154788	0.106953	0.336281
Superscaffold6	25684437	26121502	0.262194	0.080399	0.045759	0.185467
Superscaffold6	26121522	26526046	0.367164	0.115489	0.075981	0.295896
Superscaffold6	26526055	26844950	0.436841	0.171695	0.117181	0.236834
Superscaffold6	26844972	27264875	0.043204	0.015766	0.009882	0.038455
Superscaffold6	27264900	27615806	0.290467	0.136950	0.079662	0.234865
Superscaffold6	27615834	27983744	0.148086	0.048248	0.028253	0.118255
Superscaffold6	27983751	28300607	-0.044048	-0.024480	-0.013897	-0.031255
Superscaffold6	28300609	28607023	-0.007939	-0.003542	-0.001836	0.000304
Superscaffold6	28607338	28937984	0.537386	0.221613	0.147158	0.371593
Superscaffold6	28938301	29216852	0.252802	0.110678	0.064735	0.178803
Superscaffold6	29216990	29793387	0.169877	0.047265	0.028940	0.135587
Superscaffold6	29793873	30387014	0.233384	0.077699	0.044756	0.179931
Superscaffold6	30388711	31168486	0.029346	0.007667	0.005069	0.018063
Superscaffold6	31169162	31493792	0.139395	0.061132	0.036239	0.101608
Superscaffold6	31494098	31936188	0.038035	0.015225	0.009638	0.024497
Superscaffold6	31936205	32180284	0.463731	0.195176	0.140411	0.380019
Superscaffold6	32180301	32543194	0.489145	0.182362	0.112401	0.397544
Superscaffold6	32543316	32868428	0.179100	0.078471	0.046803	0.122293
Superscaffold6	32868648	33434046	0.189252	0.075864	0.047156	0.116884
Superscaffold6	33434048	34040886	0.027320	0.008095	0.005052	0.016738
Superscaffold6	34041062	34455935	0.291716	0.123994	0.070049	0.235356
Superscaffold6	34459123	35086607	0.046017	0.014956	0.009607	0.033974
Superscaffold6	35086722	35606001	-0.029898	-0.017721	-0.008588	-0.016525
Superscaffold6	35606039	35927547	0.287869	0.154476	0.080283	0.210691
Superscaffold6	35927602	36301901	0.127139	0.044677	0.026512	0.095495
Superscaffold6	36301926	36678534	0.178596	0.067332	0.036590	0.116719
Superscaffold6	36678632	37139242	0.204520	0.056384	0.033664	0.157037
Superscaffold6	37142324	37634608	0.170943	0.073506	0.041902	0.134988
Superscaffold6	37634642	38087351	0.021863	0.007088	0.004863	0.010767
Superscaffold6	38087529	38459204	0.065540	0.027662	0.015460	0.046582
Superscaffold6	38459208	38873155	0.090190	0.031521	0.017521	0.068159
Superscaffold6	38873199	39301773	0.178771	0.059236	0.036683	0.150056
Superscaffold6	39301778	39667017	0.355282	0.151913	0.095919	0.256287
Superscaffold6	39667076	40025438	0.110819	0.042198	0.024687	0.077697
Superscaffold6	40025452	40489143	0.313558	0.121500	0.076763	0.229953
Superscaffold6	40489213	41060838	-0.034053	-0.013309	-0.008283	-0.022235
Superscaffold6	41060848	41502104	0.334016	0.107036	0.071786	0.218858
Superscaffold6	41502262	41788898	0.317039	0.157498	0.074159	0.205657
Superscaffold6	41789041	42292066	0.177560	0.070035	0.043236	0.110573
Superscaffold6	42296139	42717657	0.443819	0.180740	0.117474	0.353488
Superscaffold6	42717727	43009189	0.191771	0.111904	0.070115	0.146790
Superscaffold6	43009199	43517671	0.009150	0.002606	0.001766	0.003901
Superscaffold6	43517761	43975961	-0.072249	-0.022369	-0.013669	-0.058864
Superscaffold6	43977943	44352162	-0.003441	-0.001282	-0.000736	-0.001347
Superscaffold6	44352171	44817745	-0.267239	-0.079964	-0.049756	-0.211749
Superscaffold6	44818109	45262377	0.409371	0.178802	0.107764	0.322169
Superscaffold6	45262410	45686822	0.228742	0.066355	0.044474	0.170737
Superscaffold6	45687092	46007443	0.140543	0.052852	0.036860	0.099082
Superscaffold6	46007563	46459718	-0.137682	-0.074071	-0.048618	-0.080537
Superscaffold6	46459878	46911890	0.007912	0.003852	0.002399	0.005732
Superscaffold6	46911915	47331738	0.063181	0.028231	0.016793	0.038628
Superscaffold6	47331749	47974181	0.080023	0.019137	0.012931	0.050703
Superscaffold6	47974423	48817674	-0.018786	-0.005434	-0.003096	-0.013259
Superscaffold6	48817690	49112266	0.103499	0.037646	0.024988	0.066513
Superscaffold6	49112276	49464269	0.138109	0.062422	0.033793	0.083078
Superscaffold6	49464579	49853294	0.049160	0.019996	0.010178	0.032920
Superscaffold6	49853314	50311212	-0.168638	-0.068784	-0.041905	-0.119569
Superscaffold6	50311383	50739158	0.132210	0.051546	0.031022	0.096438
Superscaffold6	50739175	51266462	-0.043844	-0.014953	-0.009140	-0.031316
Superscaffold6	51268392	51996256	0.014100	0.005501	0.003430	0.006920
Superscaffold6	51996341	52538009	0.054811	0.019911	0.012514	0.042632
Superscaffold6	52538109	52870281	-0.091163	-0.051261	-0.032973	-0.060954
Superscaffold6	52870323	53386078	0.054120	0.017470	0.010951	0.047428
Superscaffold7	181283	507095	0.003895	0.002588	0.001545	0.002307
Superscaffold7	507130	742403	-0.106628	-0.064862	-0.036697	-0.046727
Superscaffold7	742570	1106680	-0.225919	-0.172896	-0.096876	-0.145435
Superscaffold7	1106685	1330810	-0.065582	-0.036264	-0.022034	-0.033040
Superscaffold7	1330840	1565888	-0.007862	-0.005049	-0.003147	-0.005807
Superscaffold7	1565974	1956073	0.059420	0.017535	0.012628	0.038209
Superscaffold7	1956111	2962520	-0.070353	-0.021970	-0.015184	-0.041500
Superscaffold7	2963177	3580049	0.123937	0.041378	0.025616	0.081636
Superscaffold7	3580276	3877645	0.148925	0.094461	0.066307	0.083960
Superscaffold7	3877648	4377572	0.046956	0.030330	0.019218	0.023346
Superscaffold7	4377577	4615768	-0.213184	-0.180102	-0.100210	-0.163312
Superscaffold7	4615775	4953857	-0.020003	-0.007789	-0.005670	-0.017794
Superscaffold7	4953947	5246808	0.091210	0.056854	0.037873	0.050602
Superscaffold7	5246837	5444011	0.094337	0.081316	0.050872	0.049333
Superscaffold7	5444024	5667961	0.011400	0.008890	0.005062	0.006994
Superscaffold7	5667971	5849804	0.168123	0.147688	0.088184	0.090687
Superscaffold7	5849820	6070913	0.097705	0.091325	0.053758	0.053142
Superscaffold7	6070951	6293444	0.100649	0.074806	0.049482	0.057874
Superscaffold7	6293451	7297345	0.058845	0.022678	0.015766	0.037681
Superscaffold7	7297468	7513137	0.107753	0.091613	0.051471	0.052279
Superscaffold7	7513648	7738205	0.044640	0.034640	0.019920	0.027431
Superscaffold7	7738206	7991612	-0.021750	-0.012196	-0.007683	-0.014038
Superscaffold7	7991800	8262194	-0.047206	-0.031237	-0.018469	-0.031184
Superscaffold7	8262211	8487868	-0.113714	-0.049519	-0.030324	-0.071303
Superscaffold7	8487871	8957411	0.626267	0.209029	0.178784	0.489564
Superscaffold7	8957425	9230119	-0.045820	-0.018678	-0.011491	-0.029450
Superscaffold7	9230198	9971990	0.015431	0.005515	0.003812	0.010041
Superscaffold7	9972070	10412001	0.133763	0.031367	0.022860	0.083454
Superscaffold7	10412027	10704746	0.254102	0.141269	0.092036	0.142017
Superscaffold7	10704810	11106659	-0.029685	-0.016731	-0.010079	-0.015166
Superscaffold7	11106666	11437375	0.232468	0.124108	0.076097	0.185034
Superscaffold7	11437386	11727313	0.115514	0.049858	0.028489	0.080991
Superscaffold7	11727335	11911249	0.267172	0.202579	0.117451	0.181800
Superscaffold7	11911299	12288116	-0.017997	-0.009534	-0.005441	-0.010679
Superscaffold7	12288236	12666230	-0.143761	-0.050657	-0.032075	-0.088608
Superscaffold7	12666433	13187283	0.116668	0.045382	0.025412	0.078127
Superscaffold7	13187329	13873282	0.332971	0.140343	0.093891	0.212239
Superscaffold7	13873317	14443271	0.013909	0.003853	0.002576	0.011577
Superscaffold7	14443910	14645324	0.079900	0.049201	0.025688	0.053862
Superscaffold7	14645383	15023240	0.033733	0.010440	0.006251	0.025422
Superscaffold7	15023352	15411703	0.602105	0.251766	0.172047	0.508480
Superscaffold7	15411716	16087173	-0.013546	-0.005700	-0.002802	-0.007107
Superscaffold7	16087339	16432069	0.073830	0.032335	0.020078	0.050105
Superscaffold7	16432118	16998636	0.175937	0.081020	0.049730	0.113628
Superscaffold7	16998682	17269645	0.307482	0.127858	0.079893	0.200016
Superscaffold7	17269656	17658505	0.351495	0.096790	0.055900	0.232417
Superscaffold7	17659189	17982082	0.286301	0.144206	0.078450	0.173447
Superscaffold7	17982088	18357923	0.357411	0.215192	0.090175	0.272227
Superscaffold7	18357976	19025761	0.112070	0.017540	0.011489	0.083175
Superscaffold7	19025903	19378437	0.029909	0.006854	0.004441	0.016921
Superscaffold7	19378588	19688231	-0.379689	-0.147568	-0.086722	-0.225784
Superscaffold7	19688256	20100001	0.011851	0.003395	0.002155	0.013282
Superscaffold7	20100015	20440652	0.468896	0.207445	0.114533	0.335646
Superscaffold7	20440679	20740135	0.508508	0.283551	0.138219	0.393018
Superscaffold7	20741311	21115720	0.126861	0.055788	0.029325	0.074161
Superscaffold7	21115730	21411493	0.029733	0.009811	0.005272	0.031227
Superscaffold7	21411495	21620479	0.207810	0.073065	0.044935	0.150806
Superscaffold7	21620527	22088094	0.164942	0.051898	0.028652	0.122210
Superscaffold7	22088127	22623257	0.093198	0.035124	0.019033	0.070534
Superscaffold7	22623258	22883370	0.250565	0.126156	0.076467	0.166813
Superscaffold7	22883377	23097678	-0.167748	-0.093008	-0.049595	-0.117172
Superscaffold7	23097688	23368071	-0.300670	-0.142568	-0.073829	-0.192039
Superscaffold7	23368453	23740300	0.235612	0.073048	0.045450	0.151135
Superscaffold7	23740575	24079936	0.282426	0.139075	0.078617	0.188012
Superscaffold7	24079946	24359166	0.260542	0.117647	0.067064	0.153001
Superscaffold7	24359275	24642753	0.494862	0.217836	0.123402	0.362983
Superscaffold7	24642777	24851394	0.325301	0.194459	0.110559	0.223549
Superscaffold7	24851403	25287414	0.133597	0.064901	0.040754	0.075517
Superscaffold7	25287635	25599483	0.265899	0.127993	0.069773	0.164625
Superscaffold7	25599488	25926234	0.021246	0.008020	0.004713	0.014657
Superscaffold7	25926381	26590080	0.248569	0.110057	0.058949	0.164206
Superscaffold7	26590190	26881191	0.007861	0.003569	0.001886	0.002774
Superscaffold7	26881530	27225706	0.050792	0.016547	0.011103	0.046089
Superscaffold7	27225730	27573555	0.060814	0.024861	0.016411	0.044965
Superscaffold7	27573689	27940479	0.049741	0.021567	0.012533	0.038570
Superscaffold7	27940507	28247001	0.212301	0.076989	0.044020	0.162194
Superscaffold7	28247008	28545674	0.059699	0.024435	0.014681	0.042876
Superscaffold7	28545722	28939133	0.023939	0.006993	0.004378	0.016309
Superscaffold7	28939157	29362383	0.224277	0.109780	0.056809	0.159439
Superscaffold7	29362384	29747583	-0.464789	-0.252588	-0.133639	-0.355736
Superscaffold7	29747856	30097202	0.278074	0.088327	0.054200	0.210677
Superscaffold7	30097203	30557541	0.117989	0.040482	0.027219	0.085444
Superscaffold7	30557551	30983106	0.172831	0.061716	0.035632	0.127858
Superscaffold7	30983418	31628053	0.111537	0.034654	0.022146	0.077856
Superscaffold7	31628783	31954106	0.039684	0.016725	0.010397	0.028204
Superscaffold7	31954114	32352073	0.274869	0.097775	0.050955	0.192750
Superscaffold7	32352105	32704364	-0.080117	-0.031748	-0.017483	-0.046742
Superscaffold7	32704375	33089261	0.376920	0.136285	0.080854	0.314206
Superscaffold7	33089264	33457227	-0.031225	-0.011418	-0.006961	-0.014405
Superscaffold7	33457251	33811149	0.148242	0.066376	0.048162	0.096360
Superscaffold7	33811340	34186249	0.066994	0.030671	0.017630	0.042020
Superscaffold7	34186250	34620340	0.099424	0.040263	0.025210	0.058604
Superscaffold7	34620347	34872314	0.036592	0.020763	0.011659	0.022721
Superscaffold7	34872320	35526775	-0.032844	-0.013472	-0.008190	-0.019836
Superscaffold7	35526794	35845444	0.268959	0.115944	0.071013	0.195541
Superscaffold7	35845469	36203796	0.168701	0.057268	0.035220	0.132554
Superscaffold7	36203876	36565579	0.195502	0.110904	0.064277	0.150360
Superscaffold7	36565641	36959131	0.177894	0.062932	0.039845	0.123984
Superscaffold7	36959206	37412627	0.300431	0.151723	0.087863	0.206412
Superscaffold7	37412761	37745038	0.125105	0.054934	0.029261	0.096199
Superscaffold7	37745050	38040840	0.829837	0.610485	0.359306	0.741806
Superscaffold7	38040899	38476189	0.301442	0.102963	0.062008	0.228909
Superscaffold7	38476267	38835365	0.270818	0.151015	0.087593	0.172826
Superscaffold7	38835530	39109058	0.285008	0.147450	0.094828	0.165137
Superscaffold7	39109337	39392520	0.404802	0.236329	0.139575	0.294349
Superscaffold7	39392611	39782383	0.221058	0.085598	0.050881	0.143264
Superscaffold7	39782416	40409135	0.150275	0.066846	0.039913	0.102694
Superscaffold7	40409448	40840732	0.438895	0.187360	0.104710	0.342732
Superscaffold7	40840735	41550186	0.034571	0.015783	0.009113	0.025561
Superscaffold7	41550193	41893768	0.083749	0.041225	0.024695	0.050178
Superscaffold7	41894026	42195704	0.171333	0.085092	0.056503	0.119405
Superscaffold7	42195720	42526502	0.123661	0.044542	0.030033	0.070713
Superscaffold7	42526579	42992861	0.010455	0.005967	0.003168	0.008746
Superscaffold7	42992944	43334211	-0.131285	-0.066934	-0.039740	-0.092032
Superscaffold7	43334212	43883472	0.133160	0.057318	0.035706	0.081051
Superscaffold7	43884132	44162271	0.140869	0.066501	0.047242	0.086999
Superscaffold7	44162293	44477168	0.123719	0.054568	0.038574	0.066020
Superscaffold7	44477203	44860232	-0.012174	-0.005201	-0.003657	-0.008723
Superscaffold7	44860992	45168976	-0.107370	-0.067511	-0.040420	-0.064945
Superscaffold7	45169058	45451304	0.177938	0.094660	0.067430	0.105753
Superscaffold7	45451438	45770480	0.013494	0.006419	0.004374	0.006488
Superscaffold7	45770599	46111537	-0.084853	-0.043050	-0.028118	-0.058996
Superscaffold7	46111542	46395432	0.041649	0.017341	0.012257	0.024657
Superscaffold7	46395558	46969996	0.155506	0.067097	0.043260	0.097151
Superscaffold7	46970249	47764004	-0.092998	-0.050041	-0.030571	-0.054679
Superscaffold7	47764097	48205894	0.059579	0.027027	0.016217	0.040413
Superscaffold7	48205895	48433806	-0.096604	-0.052116	-0.028798	-0.058382
Superscaffold7	48433820	48854957	0.200226	0.097891	0.045692	0.132750
Superscaffold7	48855029	49224946	-0.080299	-0.036970	-0.020064	-0.053053
Superscaffold7	49225005	49764202	0.091662	0.029331	0.018591	0.049577
Superscaffold8	634381	878548	-0.443414	-0.425495	-0.177501	-0.313436
Superscaffold8	878559	1211421	0.118374	0.061063	0.036602	0.076963
Superscaffold8	1211422	1618100	-0.552845	-0.476865	-0.217784	-0.404034
Superscaffold8	1618162	2120364	-0.181573	-0.087445	-0.050859	-0.115362
Superscaffold8	2120378	2409604	-0.009920	-0.006877	-0.004034	-0.005660
Superscaffold8	2409606	2614218	0.107687	0.069737	0.048269	0.064792
Superscaffold8	2614290	3374561	0.184700	0.080024	0.055645	0.125620
Superscaffold8	3374600	3824442	0.000653	0.000277	0.000175	0.004515
Superscaffold8	3824541	4171197	0.084447	0.032906	0.022735	0.043975
Superscaffold8	4171252	4461901	0.044116	0.023201	0.012777	0.023055
Superscaffold8	4462013	4863290	0.041636	0.023970	0.013939	0.027034
Superscaffold8	4863374	5331518	0.119595	0.069166	0.038367	0.054797
Superscaffold8	5331820	5777092	-0.037126	-0.024773	-0.015392	-0.018766
Superscaffold8	5777137	6084793	0.232900	0.141552	0.085092	0.109130
Superscaffold8	6084808	6586044	0.229328	0.123254	0.085384	0.149017
Superscaffold8	6586064	6900113	0.128879	0.066294	0.047830	0.073781
Superscaffold8	6900151	7158128	0.185360	0.095346	0.062266	0.114729
Superscaffold8	7158255	7545490	0.082891	0.046300	0.029117	0.049900
Superscaffold8	7545557	7897414	0.230013	0.099225	0.058138	0.173439
Superscaffold8	7897455	8529263	0.209191	0.095705	0.060429	0.137689
Superscaffold8	8533224	8999907	0.192177	0.100252	0.054827	0.112470
Superscaffold8	8999913	9295937	0.004086	0.001990	0.001074	0.005458
Superscaffold8	9295960	9774028	0.095536	0.041317	0.024413	0.049047
Superscaffold8	9774047	10381343	0.251480	0.090484	0.056043	0.165384
Superscaffold8	10381387	10675752	-0.361019	-0.194517	-0.099252	-0.273258
Superscaffold8	10675781	10979025	0.083734	0.048607	0.027864	0.048851
Superscaffold8	10979147	11228959	0.085700	0.054533	0.033950	0.056376
Superscaffold8	11228978	11512060	0.182012	0.098056	0.057464	0.122364
Superscaffold8	11512232	11916159	0.105713	0.038464	0.026143	0.067939
Superscaffold8	11916256	12323654	0.081019	0.025409	0.019252	0.057323
Superscaffold8	12323658	12659043	0.078177	0.044092	0.029428	0.044509
Superscaffold8	12659229	12992822	0.145742	0.075129	0.043858	0.088824
Superscaffold8	12992876	13552337	0.130627	0.050069	0.030466	0.087757
Superscaffold8	13552367	13879522	0.061118	0.017501	0.011633	0.035703
Superscaffold8	13879571	14237818	0.316134	0.120050	0.075522	0.264485
Superscaffold8	14237838	14518548	0.512135	0.255215	0.186948	0.330624
Superscaffold8	14518551	15036656	0.340903	0.153550	0.095781	0.265731
Superscaffold8	15036675	15211065	0.161127	0.122322	0.068953	0.109420
Superscaffold8	15211106	15591416	0.318478	0.142652	0.064682	0.177625
Superscaffold8	15591694	15996758	-0.099166	-0.059344	-0.037176	-0.060527
Superscaffold8	15996778	16399906	-0.166376	-0.077774	-0.050710	-0.110630
Superscaffold8	16399966	16807073	0.062534	0.021341	0.012659	0.054559
Superscaffold8	16807112	17114984	-0.240521	-0.078549	-0.054316	-0.168224
Superscaffold8	17115010	17387244	0.191493	0.108215	0.054252	0.081260
Superscaffold8	17387302	17865341	0.031464	0.012232	0.007933	0.014508
Superscaffold8	17865349	18124039	0.143996	0.063437	0.041812	0.082653
Superscaffold8	18124265	18369137	0.394075	0.236593	0.150946	0.228599
Superscaffold8	18369614	18717131	0.198614	0.091236	0.056343	0.134105
Superscaffold8	18717207	19069422	0.099294	0.037242	0.022139	0.073322
Superscaffold8	19069489	19316793	-0.150347	-0.071040	-0.045918	-0.100585
Superscaffold8	19316797	19648476	0.152126	0.082318	0.046730	0.110890
Superscaffold8	19648505	19957159	-0.222918	-0.138878	-0.083757	-0.135125
Superscaffold8	19957163	20249891	-0.059455	-0.028490	-0.015218	-0.041648
Superscaffold8	20249913	20614383	0.237644	0.085387	0.057857	0.160196
Superscaffold8	20614451	20822319	0.328548	0.150336	0.086131	0.185991
Superscaffold8	20822340	21273341	0.288457	0.072376	0.044782	0.214387
Superscaffold8	21273404	21585741	0.373471	0.192320	0.109884	0.310246
Superscaffold8	21585857	21813497	0.790518	0.357193	0.218451	0.750486
Superscaffold8	21813551	22153551	0.036998	0.009275	0.005650	0.032145
Superscaffold8	22153655	22494421	0.328470	0.159993	0.081943	0.254796
Superscaffold8	22494945	22744679	0.389857	0.141969	0.077338	0.327523
Superscaffold8	22744680	23208973	0.496245	0.129718	0.083992	0.404329
Superscaffold8	23209033	23569506	0.561595	0.265142	0.134146	0.507808
Superscaffold8	23569508	24001218	0.710515	0.261085	0.158197	0.650999
Superscaffold8	24001418	24757637	0.072414	0.013544	0.009236	0.057336
Superscaffold8	24757652	25027310	0.409218	0.164321	0.106605	0.305625
Superscaffold8	25027520	25817472	-0.091635	-0.024153	-0.014013	-0.062820
Superscaffold8	25817627	26079573	0.204406	0.092717	0.050432	0.174401
Superscaffold8	26079633	26418830	0.170542	0.068763	0.039884	0.131625
Superscaffold8	26418844	26979473	0.468927	0.159600	0.106081	0.375155
Superscaffold8	26979560	27310074	0.090180	0.036816	0.019116	0.064975
Superscaffold8	27310097	27721621	0.117475	0.038716	0.025524	0.084673
Superscaffold8	27721690	28104488	0.189211	0.056445	0.034241	0.139556
Superscaffold8	28104517	28771578	0.374204	0.114665	0.070339	0.306086
Superscaffold8	28771737	29336885	0.106699	0.028393	0.016419	0.075629
Superscaffold8	29336941	29681267	0.104007	0.053635	0.035458	0.065274
Superscaffold8	29681282	29857172	0.553111	0.345535	0.211862	0.402899
Superscaffold8	29857180	30247476	0.054752	0.013871	0.009761	0.038963
Superscaffold8	30247478	30541325	0.742639	0.257230	0.174787	0.686510
Superscaffold8	30541330	30809671	0.236936	0.092458	0.053117	0.169901
Superscaffold8	30809708	31143405	-0.075143	-0.039880	-0.021516	-0.060111
Superscaffold8	31143408	31571743	0.134183	0.044199	0.023984	0.082574
Superscaffold8	31571753	31988158	0.031563	0.012353	0.007474	0.022816
Superscaffold8	31988213	32362917	0.209220	0.097888	0.059424	0.132697
Superscaffold8	32362950	32725664	0.294669	0.120046	0.088115	0.218711
Superscaffold8	32725683	33422408	0.206125	0.111830	0.052854	0.119090
Superscaffold8	33422431	33794244	-0.186210	-0.052674	-0.035507	-0.119543
Superscaffold8	33794252	34165429	0.170284	0.059525	0.033602	0.117137
Superscaffold8	34165486	34407318	0.140185	0.069160	0.045172	0.061396
Superscaffold8	34407325	34718729	0.349819	0.145053	0.088392	0.224021
Superscaffold8	34718737	35113407	-0.037942	-0.015444	-0.008831	-0.028526
Superscaffold8	35113478	35512407	0.222063	0.073590	0.047424	0.161554
Superscaffold8	35512651	35941949	0.101055	0.049553	0.026396	0.065954
Superscaffold8	35942047	36497265	0.149829	0.050861	0.035207	0.092278
Superscaffold8	36497376	36844411	-0.010248	-0.002855	-0.001980	-0.004277
Superscaffold8	36844433	37581716	0.008057	0.002779	0.001897	0.002726
Superscaffold8	37581804	37977675	-0.012209	-0.004855	-0.003112	-0.011543
Superscaffold8	37977690	38373711	0.050225	0.021016	0.013952	0.036092
Superscaffold8	38373725	38717221	0.029027	0.014718	0.009837	0.018719
Superscaffold8	38717275	39099657	0.093924	0.049887	0.032082	0.063507
Superscaffold8	39099700	39624373	0.042979	0.018550	0.011433	0.029320
Superscaffold8	39624433	40085768	0.169980	0.077788	0.050937	0.105642
Superscaffold8	40085860	40510661	0.019903	0.006169	0.003841	0.014829
Superscaffold8	40510750	40866018	0.183571	0.096882	0.054908	0.119358
Superscaffold8	40866028	41257013	-0.085235	-0.043350	-0.027777	-0.049529
Superscaffold8	41257097	41567714	0.294814	0.153861	0.088341	0.190971
Superscaffold8	41567767	42129617	0.080852	0.032780	0.021757	0.045603
Superscaffold8	42129656	43054832	-0.013760	-0.005434	-0.003249	-0.006704
Superscaffold8	43054860	43678485	0.108290	0.040607	0.025061	0.075199
Superscaffold8	43678501	44015768	-0.004862	-0.001812	-0.001240	-0.006126
Superscaffold8	44015945	44650230	0.068272	0.025767	0.015079	0.043543
Superscaffold8	44650239	45229474	0.328629	0.148337	0.082599	0.224132
Superscaffold8	45229523	45821247	0.313006	0.078678	0.050507	0.253272
Superscaffold8	45821385	46245329	0.537075	0.149930	0.103437	0.448806
Superscaffold8	46245395	46652502	0.399164	0.148050	0.094656	0.327008
Superscaffold8	46652516	47589579	0.050973	0.013859	0.008695	0.039503
Superscaffold8	47590977	48014926	0.549508	0.266607	0.131396	0.436456
Superscaffold8	48015293	48494698	0.245576	0.077720	0.047490	0.169043
Superscaffold8	48494703	48940782	0.318926	0.120429	0.077057	0.234579
Superscaffold8	48942301	49362599	0.385403	0.136651	0.081064	0.317439
Superscaffold8	49362772	49695358	0.328527	0.158600	0.086995	0.250726
Superscaffold8	49695367	50235823	-0.015173	-0.004411	-0.002658	-0.012035
Superscaffold8	50236147	50914302	0.059056	0.018533	0.010847	0.041860
Superscaffold8	50914391	51237302	-0.020610	-0.008752	-0.005338	-0.017029
Superscaffold8	51237377	51608900	0.207596	0.073114	0.042087	0.162489
Superscaffold8	51609138	51970643	0.081807	0.030092	0.018442	0.058067
Superscaffold8	51970908	52389597	0.497783	0.204448	0.111424	0.392787
Superscaffold8	52389617	52974499	-0.093385	-0.036157	-0.022417	-0.062120
Superscaffold8	52974512	53565637	0.184416	0.061447	0.042147	0.131569
Superscaffold8	53565687	53874985	0.289216	0.175126	0.100380	0.156037
Superscaffold8	53875003	54316203	0.184401	0.095737	0.041226	0.128296
Superscaffold8	54316237	54709611	0.032808	0.013380	0.008241	0.025831
Superscaffold8	54709618	55130624	0.167916	0.063736	0.039086	0.120251
Superscaffold8	55130917	55680196	0.205256	0.060019	0.037237	0.151744
Superscaffold8	55680200	56107660	0.179961	0.059299	0.037253	0.119431
Superscaffold8	56107828	56480344	0.028350	0.018016	0.009276	0.019735
Superscaffold8	56480361	57279919	0.094406	0.038438	0.022223	0.069163
Superscaffold8	57279980	57705599	0.229850	0.081262	0.048730	0.156861
Superscaffold8	57705646	58308168	-0.004444	-0.001684	-0.001087	-0.004841
Superscaffold8	58308258	58933063	0.187759	0.079059	0.050113	0.121189
Superscaffold8	58933694	59359477	-0.018820	-0.006157	-0.003742	-0.012448
Superscaffold8	59359512	59815964	0.204094	0.080182	0.050672	0.128042
Superscaffold8	59816001	60236458	0.187183	0.104611	0.049694	0.123957
Superscaffold8	60236776	60653619	0.073292	0.034161	0.021785	0.046768
Superscaffold8	60653659	61017488	0.051452	0.025789	0.015073	0.037622
Superscaffold8	61017546	61468460	0.076170	0.032760	0.021493	0.056686
Superscaffold8	61468638	61977879	0.348302	0.139247	0.096695	0.230348
Superscaffold8	61977928	62303178	0.050566	0.026434	0.015676	0.034122
Superscaffold8	62303686	62659259	0.175818	0.076398	0.046002	0.102398
Superscaffold8	62659443	62971467	0.041804	0.020771	0.011713	0.027033
Superscaffold8	62971468	63338151	-0.183865	-0.108798	-0.067461	-0.103580
Superscaffold8	63338256	63815296	0.117421	0.047523	0.031002	0.079432
Superscaffold8	63815305	64313901	0.069671	0.021393	0.012402	0.048607
Superscaffold8	64314049	65036763	-0.000687	-0.000320	-0.000174	-0.003319
Superscaffold8	65036790	65527086	0.156398	0.056328	0.032072	0.104826
Superscaffold8	65527103	66219524	0.319776	0.123384	0.074302	0.225617
Superscaffold9	107169	398148	0.029936	0.015461	0.010571	0.014478
Superscaffold9	398278	823255	0.013257	0.008393	0.004992	0.007339
Superscaffold9	823357	1130540	-0.014862	-0.010390	-0.006123	-0.003250
Superscaffold9	1130586	1332204	0.075439	0.075509	0.045447	0.036454
Superscaffold9	1333051	1542620	-0.003155	-0.002690	-0.001692	0.000914
Superscaffold9	1542674	2066401	-0.006288	-0.004009	-0.002572	-0.003418
Superscaffold9	2066470	2271850	0.132735	0.113743	0.074161	0.065423
Superscaffold9	2271911	2486231	-0.016427	-0.015343	-0.008850	-0.010326
Superscaffold9	2486236	2835213	-0.015014	-0.010691	-0.006250	-0.007235
Superscaffold9	2835285	3166838	-0.000974	-0.000757	-0.000439	0.001600
Superscaffold9	3167006	3515290	0.079076	0.049679	0.031193	0.038874
Superscaffold9	3515305	4269373	0.106859	0.074294	0.041051	0.065503
Superscaffold9	4269380	4639609	0.050597	0.029229	0.018856	0.033038
Superscaffold9	4639670	5009957	-0.066655	-0.036799	-0.021571	-0.044143
Superscaffold9	5009965	5292722	0.047353	0.030822	0.017642	0.023898
Superscaffold9	5292941	5641821	-0.012463	-0.005173	-0.003350	-0.008771
Superscaffold9	5641864	5991204	0.031147	0.012840	0.007842	0.015091
Superscaffold9	5991206	6461703	0.092072	0.041953	0.027800	0.049144
Superscaffold9	6461776	6844290	0.224374	0.085139	0.056632	0.160913
Superscaffold9	6844419	7246339	0.154846	0.057972	0.034154	0.106627
Superscaffold9	7246462	7672934	0.344697	0.159743	0.090601	0.253051
Superscaffold9	7673037	7918844	0.209144	0.137315	0.065825	0.114152
Superscaffold9	7918848	8252763	0.151956	0.069674	0.039661	0.105048
Superscaffold9	8253111	8524097	0.131728	0.065399	0.039486	0.083417
Superscaffold9	8524297	9027406	-0.041116	-0.022965	-0.014449	-0.022723
Superscaffold9	9027451	9590987	0.076203	0.027071	0.019353	0.049153
Superscaffold9	9592417	10001864	-0.142668	-0.043785	-0.025945	-0.091849
Superscaffold9	10003424	10759055	0.022262	0.008277	0.005188	0.011715
Superscaffold9	10759129	11237007	-0.091930	-0.046598	-0.027512	-0.056702
Superscaffold9	11237555	11782459	0.102023	0.041661	0.026953	0.044883
Superscaffold9	11783314	12227824	0.085756	0.041505	0.025904	0.059574
Superscaffold9	12227841	12574258	0.090814	0.043948	0.025332	0.059625
Superscaffold9	12574267	12923603	0.531620	0.234912	0.141452	0.438621
Superscaffold9	12923653	13195666	0.173976	0.105558	0.057704	0.121073
Superscaffold9	13195697	14185241	0.057623	0.029032	0.014791	0.032791
Superscaffold9	14185259	14476269	-0.091525	-0.055215	-0.034865	-0.050761
Superscaffold9	14476344	15077953	0.193412	0.053436	0.033245	0.130547
Superscaffold9	15077958	15406837	-0.121655	-0.074594	-0.045552	-0.086053
Superscaffold9	15406841	15786633	-0.012817	-0.005587	-0.003528	-0.006555
Superscaffold9	15786646	16194803	0.034941	0.011905	0.007078	0.021229
Superscaffold9	16194823	16474930	0.330414	0.118160	0.061402	0.282188
Superscaffold9	16476258	16885494	-0.041950	-0.012836	-0.007376	-0.023380
Superscaffold9	16885636	17228153	0.350303	0.118190	0.071732	0.247235
Superscaffold9	17228209	17638461	0.028871	0.009200	0.005385	0.024767
Superscaffold9	17638496	17957440	0.115159	0.055299	0.032560	0.071680
Superscaffold9	17957948	18232160	0.315110	0.155104	0.089369	0.216864
Superscaffold9	18232196	19220714	0.136374	0.046039	0.030152	0.089606
Superscaffold9	19225707	20291627	0.104770	0.036460	0.024974	0.064838
Superscaffold9	20291822	20608926	0.223140	0.085541	0.056267	0.145849
Superscaffold9	20610565	20986666	0.142131	0.045984	0.031465	0.098386
Superscaffold9	20986796	21285488	0.042311	0.016208	0.010279	0.041739
Superscaffold9	21285520	21551178	0.204940	0.102318	0.069742	0.119980
Superscaffold9	21551194	21918156	-0.034344	-0.013277	-0.008659	-0.020962
Superscaffold9	21918159	22331447	-0.041615	-0.019404	-0.011075	-0.031722
Superscaffold9	22331520	23011477	0.125348	0.050440	0.026892	0.098861
Superscaffold9	23011494	23341069	0.110272	0.055164	0.031194	0.083619
Superscaffold9	23341780	23715128	-0.034011	-0.015067	-0.007151	-0.017942
Superscaffold9	23715221	24045164	0.107686	0.060893	0.033210	0.074109
Superscaffold9	24045165	24380130	0.057373	0.023005	0.015818	0.032400
Superscaffold9	24380150	24730535	0.056017	0.021680	0.014856	0.020824
Superscaffold9	24730556	24988459	0.467610	0.309394	0.182801	0.350330
Superscaffold9	24988538	25372134	0.062766	0.030009	0.017874	0.040804
Superscaffold9	25372266	26058907	-0.021490	-0.011092	-0.006873	-0.014082
Superscaffold9	26059059	26463110	0.075591	0.023427	0.014441	0.053503
Superscaffold9	26463132	27021028	0.359562	0.123762	0.090644	0.261752
Superscaffold9	27021033	27497790	-0.049015	-0.017403	-0.011284	-0.035265
Superscaffold9	27497839	28111353	0.136717	0.057873	0.031558	0.086146
Superscaffold9	28111370	28571408	-0.056973	-0.026324	-0.015946	-0.035015
Superscaffold9	28571418	28945388	0.211174	0.084625	0.052851	0.152270
Superscaffold9	28945979	29315920	0.212102	0.099847	0.064469	0.155161
Superscaffold9	29316479	29735733	0.285807	0.105822	0.063445	0.222014
Superscaffold9	29735908	30131673	0.003906	0.001501	0.000993	0.003574
Superscaffold9	30131844	30495485	0.035118	0.015614	0.008333	0.023140
Superscaffold9	30495530	30946746	0.137280	0.041351	0.023345	0.092496
Superscaffold9	30946760	31319396	0.274405	0.120703	0.076601	0.200752
Superscaffold9	31319435	31876853	0.394914	0.208370	0.132129	0.275421
Superscaffold9	31876861	32076857	-0.166039	-0.109664	-0.054085	-0.113662
Superscaffold9	32076891	32417674	0.086972	0.035610	0.023626	0.070461
Superscaffold9	32417683	32844552	0.077002	0.040460	0.026186	0.051321
Superscaffold9	32845029	33219292	0.122755	0.042688	0.031060	0.094429
Superscaffold9	33219344	33648324	0.468655	0.159281	0.104214	0.321856
Superscaffold9	33648357	34131417	0.322134	0.144899	0.089861	0.235229
Superscaffold9	34131548	34524506	-0.165465	-0.066059	-0.043584	-0.117359
Superscaffold9	34524507	34801603	-0.309961	-0.250130	-0.133294	-0.162187
Superscaffold9	34801616	35192634	-0.057945	-0.019046	-0.012315	-0.029033
Superscaffold9	35192635	35448240	0.546519	0.269691	0.150283	0.418624
Superscaffold9	35448397	36181791	0.422520	0.169338	0.116252	0.282328
Superscaffold9	36181867	36451600	0.115782	0.049600	0.031626	0.059605
Superscaffold9	36451654	36763265	0.107957	0.035575	0.023313	0.076584
Superscaffold9	36763711	37142723	-0.196623	-0.060241	-0.038083	-0.113168
Superscaffold9	37142785	37747462	0.010364	0.001801	0.001324	0.007573
Superscaffold9	37748276	38438013	0.241748	0.050017	0.034127	0.154224
Superscaffold9	38438021	38786398	-0.055809	-0.019300	-0.011710	-0.037699
Superscaffold9	38786411	39100221	0.196476	0.060339	0.036416	0.133879
Superscaffold9	39100231	39497411	0.279515	0.071227	0.044611	0.215570
Superscaffold9	39497416	39805488	0.130512	0.063541	0.037823	0.080061
Superscaffold9	39805557	40257512	0.096189	0.035958	0.023710	0.057430
Superscaffold9	40257554	40717618	-0.052447	-0.020703	-0.012999	-0.033033
Superscaffold9	40717655	41084013	-0.162811	-0.091225	-0.050424	-0.096647
Superscaffold9	41084301	41701080	0.222719	0.083331	0.048116	0.162791
Superscaffold9	41701151	42314997	0.084410	0.029503	0.019627	0.051152
Superscaffold9	42315058	42627883	0.121411	0.050127	0.031665	0.078463
Superscaffold9	42627979	43078288	0.188160	0.109969	0.076066	0.110764
Superscaffold9	43078360	43509093	0.150530	0.050643	0.033955	0.098989
Superscaffold9	43509810	43962895	-0.082870	-0.035825	-0.024163	-0.057478
Superscaffold9	43962972	44226113	0.059120	0.027009	0.019622	0.029535
Superscaffold9	44226145	44775841	0.042534	0.023123	0.015171	0.021541
Superscaffold9	44775994	44996390	0.092789	0.060153	0.040864	0.047521
Superscaffold9	44996404	45452185	-0.084578	-0.030852	-0.022411	-0.061008
Superscaffold9	45452222	45909117	0.163336	0.061148	0.036368	0.100816
Superscaffold9	45909120	46956700	0.237665	0.062944	0.044443	0.161219
Superscaffold9	46956890	47207723	0.205987	0.103817	0.074047	0.129076
Superscaffold9	47207727	47663529	0.074752	0.034685	0.024786	0.055181
Superscaffold9	47663583	48151246	0.162898	0.075337	0.049979	0.092210
Superscaffold9	48151403	48518065	-0.024548	-0.010170	-0.006574	-0.010188
Superscaffold9	48518197	48986011	0.175647	0.081678	0.053922	0.109907
Superscaffold9	48986216	49426186	0.005903	0.002270	0.001445	0.007749
Superscaffold9	49426196	49644230	0.102598	0.058298	0.038073	0.056254
Superscaffold9	49644286	49845193	-0.000192	-0.000132	-0.000088	-0.000652
Superscaffold9	49845258	50512397	0.030033	0.011523	0.007796	0.019893
Superscaffold9	50512458	50827304	0.011422	0.005666	0.003258	0.009225
Superscaffold9	50827700	51088387	-0.124648	-0.090704	-0.045602	-0.069298
Superscaffold9	51088611	51391949	-0.104610	-0.062364	-0.032097	-0.060025
Superscaffold9	51392697	51726038	0.022044	0.009970	0.006595	0.008315
Superscaffold9	51726102	52061435	0.116154	0.052463	0.034984	0.071495
Superscaffold9	52061480	52299504	0.058518	0.028861	0.017969	0.032824
Superscaffold9	52299528	52632280	0.247267	0.132058	0.080149	0.158244
Superscaffold9	52632370	52866537	-0.233241	-0.152277	-0.083067	-0.128638
Superscaffold9	52866835	53119452	0.070183	0.036837	0.024236	0.041376
Superscaffold9	53119515	53380728	-0.042901	-0.020744	-0.013258	-0.018610
Superscaffold9	53380792	53656079	-0.069791	-0.048463	-0.030106	-0.046116
Superscaffold9	53656101	53849898	-0.027501	-0.018044	-0.010241	-0.016493
Superscaffold9	53849917	54315786	0.063485	0.032390	0.021650	0.027401
Superscaffold9	54315891	54663918	0.091257	0.050232	0.035621	0.048663
Superscaffold9	54663925	54964154	0.110090	0.057181	0.037438	0.055047
Superscaffold9	54964164	55235709	0.038195	0.028970	0.019800	0.024341
Superscaffold9	55235710	56065403	0.047365	0.021486	0.014749	0.025638
Superscaffold9	56065541	56479131	0.155724	0.061374	0.043549	0.085472
Superscaffold9	56479149	56897394	0.537895	0.287164	0.194575	0.367724
Superscaffold10	347048	669793	0.211151	0.106558	0.061802	0.131134
Superscaffold10	669801	1278892	0.066364	0.036097	0.020633	0.038498
Superscaffold10	1278908	1567182	-0.305462	-0.277286	-0.118845	-0.208692
Superscaffold10	1567183	1984466	0.059876	0.023051	0.014304	0.037850
Superscaffold10	1984484	2443031	0.022893	0.008788	0.005147	0.018606
Superscaffold10	2443221	2730192	0.246359	0.096590	0.058450	0.185424
Superscaffold10	2730231	3131765	0.080360	0.033358	0.019293	0.051586
Superscaffold10	3131810	3351993	-0.173134	-0.086884	-0.051770	-0.113184
Superscaffold10	3352016	3959377	0.005455	0.002138	0.001148	0.007582
Superscaffold10	3960090	5493727	-0.011160	-0.003623	-0.002159	-0.003640
Superscaffold10	5493947	5991286	-0.093013	-0.046952	-0.026997	-0.072776
Superscaffold10	5991292	6344153	0.237111	0.119066	0.074111	0.160096
Superscaffold10	6344230	6850210	0.215519	0.114885	0.063452	0.160132
Superscaffold10	6850226	7394397	0.016176	0.007024	0.004534	0.011635
Superscaffold10	7394452	7951833	0.186561	0.077191	0.049929	0.140074
Superscaffold10	7951886	8247722	0.340134	0.190744	0.103733	0.240815
Superscaffold10	8254618	8686259	0.117028	0.057008	0.032689	0.084754
Superscaffold10	8686305	9388753	0.186804	0.071139	0.041920	0.130537
Superscaffold10	9388767	9952670	0.192508	0.071672	0.042881	0.116467
Superscaffold10	9952673	10275872	-0.011467	-0.004588	-0.002551	-0.010165
Superscaffold10	10275875	10530423	0.185595	0.106671	0.065997	0.123939
Superscaffold10	10530474	11277617	0.187060	0.085605	0.051147	0.119114
Superscaffold10	11277729	11574996	0.316081	0.149067	0.082875	0.243067
Superscaffold10	11575031	11927133	0.218559	0.099820	0.054674	0.174444
Superscaffold10	11927134	12175476	-0.017476	-0.006763	-0.004429	-0.016953
Superscaffold10	12175524	12504967	0.264768	0.128316	0.076906	0.183289
Superscaffold10	12504971	12985366	0.418189	0.212082	0.132517	0.313612
Superscaffold10	12985400	13335367	-0.066012	-0.029689	-0.017674	-0.050433
Superscaffold10	13335450	13621745	0.335229	0.167603	0.101395	0.253233
Superscaffold10	13622708	14095978	0.187593	0.084033	0.053955	0.123084
Superscaffold10	14096005	14530591	0.490931	0.187078	0.113491	0.386385
Superscaffold10	14530833	15155801	-0.083814	-0.026801	-0.018129	-0.058778
Superscaffold10	15155804	15651615	0.088491	0.031953	0.020236	0.063101
Superscaffold10	15651617	16025203	0.169907	0.068472	0.042804	0.116700
Superscaffold10	16025287	16489508	0.134360	0.051512	0.030726	0.110301
Superscaffold10	16489587	17049244	0.274176	0.099404	0.059406	0.209716
Superscaffold10	17049332	17505405	0.209213	0.070870	0.039327	0.157728
Superscaffold10	17505971	18056889	-0.163355	-0.073463	-0.040848	-0.110034
Superscaffold10	18056948	18353180	-0.001698	-0.000766	-0.000462	0.000719
Superscaffold10	18353323	18657581	0.167318	0.112502	0.051108	0.093707
Superscaffold10	18657585	19028662	-0.131380	-0.056712	-0.032396	-0.069658
Superscaffold10	19028738	19629694	0.050497	0.026070	0.015606	0.023069
Superscaffold10	19629875	20018819	-0.007285	-0.002997	-0.001766	-0.003134
Superscaffold10	20018852	20403176	-0.140830	-0.061024	-0.035949	-0.107348
Superscaffold10	20403379	20717958	-0.145363	-0.048886	-0.029940	-0.104626
Superscaffold10	20718003	21046872	0.243969	0.101823	0.062293	0.192229
Superscaffold10	21048296	21399465	0.418435	0.195148	0.108782	0.351237
Superscaffold10	21399488	21726514	0.090670	0.035153	0.021464	0.060328
Superscaffold10	21726532	21953596	0.016633	0.015299	0.008618	0.010030
Superscaffold10	21953642	22347634	0.263818	0.091533	0.058334	0.192431
Superscaffold10	22347756	22686949	0.331518	0.128097	0.085318	0.226145
Superscaffold10	22687010	23015344	0.293814	0.122433	0.072531	0.225959
Superscaffold10	23015364	23387609	0.561104	0.200011	0.130114	0.496183
Superscaffold10	23387610	23667774	0.541378	0.209845	0.134709	0.426503
Superscaffold10	23667793	24177050	-0.046616	-0.018353	-0.011392	-0.021256
Superscaffold10	24177083	24553592	0.100338	0.034822	0.021905	0.061725
Superscaffold10	24553602	24988714	0.370940	0.117079	0.076164	0.310979
Superscaffold10	24988751	25234575	0.222173	0.098722	0.063373	0.173478
Superscaffold10	25234980	25619174	0.072298	0.055563	0.030804	0.050416
Superscaffold10	25619177	25865003	0.126699	0.069669	0.045424	0.088934
Superscaffold10	25865016	26141924	0.548198	0.191862	0.126682	0.453473
Superscaffold10	26141927	26368712	0.266658	0.160810	0.091390	0.173729
Superscaffold10	26368713	26751230	0.177768	0.066747	0.047638	0.120297
Superscaffold10	26751315	27027392	0.432886	0.186387	0.119503	0.320258
Superscaffold10	27027449	27460894	-0.063936	-0.022613	-0.012594	-0.038191
Superscaffold10	27460969	27882681	0.112662	0.030943	0.018920	0.084960
Superscaffold10	27882692	28482691	-0.206275	-0.071992	-0.040904	-0.132032
Superscaffold10	28482696	28799301	-0.061670	-0.026484	-0.017134	-0.045800
Superscaffold10	28799309	29018043	0.099933	0.070176	0.040028	0.056283
Superscaffold10	29018436	29465044	0.094665	0.049275	0.021750	0.068566
Superscaffold10	29465046	29758530	0.109634	0.042560	0.027165	0.074891
Superscaffold10	29758632	29999563	-0.259446	-0.140991	-0.085253	-0.193742
Superscaffold10	29999594	30396377	0.055750	0.022864	0.011921	0.031546
Superscaffold10	30396378	30740736	0.172978	0.063622	0.043028	0.141465
Superscaffold10	30740763	30982155	0.266223	0.148231	0.085446	0.216278
Superscaffold10	30982160	31253369	0.103873	0.041640	0.026100	0.070269
Superscaffold10	31253381	31525974	0.238693	0.121180	0.069717	0.175153
Superscaffold10	31525978	31790108	0.476541	0.227729	0.137558	0.332998
Superscaffold10	31790119	32056998	0.045218	0.024143	0.013538	0.020923
Superscaffold10	32057000	32613225	-0.203682	-0.080028	-0.042716	-0.124792
Superscaffold10	32613226	32991174	0.190135	0.072341	0.049472	0.139656
Superscaffold10	32991393	33443039	-0.145854	-0.037246	-0.026891	-0.093873
Superscaffold10	33443046	34029659	0.113136	0.018930	0.013318	0.077403
Superscaffold10	34029844	34743609	0.078442	0.014983	0.009677	0.070742
Superscaffold10	34743628	35353249	-0.054710	-0.014126	-0.007994	-0.040178
Superscaffold10	35353295	35664912	0.074344	0.034771	0.016890	0.055346
Superscaffold10	35664998	36066296	-0.088419	-0.022707	-0.013309	-0.062904
Superscaffold10	36066349	36420699	0.286198	0.140768	0.079176	0.205082
Superscaffold10	36420701	36812737	0.268640	0.083619	0.053854	0.214893
Superscaffold10	36812771	37199942	0.338104	0.107163	0.072926	0.231431
Superscaffold10	37200213	37505847	-0.001376	-0.000605	-0.000332	0.000730
Superscaffold10	37505854	37773010	0.234472	0.122302	0.066345	0.137288
Superscaffold10	37773082	38021475	0.001015	0.000548	0.000322	0.001019
Superscaffold10	38021494	38296938	0.013900	0.006622	0.004203	0.010393
Superscaffold10	38297086	38508395	-0.031329	-0.014697	-0.009543	-0.020488
Superscaffold10	38508427	38876401	-0.185577	-0.077228	-0.047527	-0.112689
Superscaffold10	38876737	40008776	-0.043731	-0.017123	-0.011332	-0.028280
Superscaffold10	40008813	40479473	0.517568	0.170462	0.115919	0.408057
Superscaffold10	40479509	40780039	0.132523	0.048926	0.031734	0.090010
Superscaffold10	40780046	41113919	-0.193027	-0.084956	-0.051196	-0.124973
Superscaffold10	41114146	41442500	0.448024	0.208680	0.122023	0.393586
Superscaffold10	41442513	41686983	0.300679	0.145544	0.089089	0.200013
Superscaffold10	41687360	41908751	-0.001802	-0.001495	-0.000746	-0.005505
Superscaffold10	41908781	42222048	0.357248	0.193401	0.115176	0.183591
Superscaffold10	42222095	42443076	0.243531	0.140325	0.081121	0.124545
Superscaffold10	42443134	42792869	-0.068922	-0.035002	-0.017703	-0.042440
Superscaffold10	42792879	43362815	-0.086180	-0.029553	-0.017687	-0.068703
Superscaffold10	43362865	43736746	-0.115302	-0.048213	-0.026319	-0.066678
Superscaffold10	43736795	44355425	0.316985	0.116402	0.082505	0.207089
Superscaffold10	44355479	44904967	0.368948	0.137045	0.089182	0.242675
Superscaffold10	44905036	45106809	0.435106	0.256756	0.175589	0.248170
Superscaffold10	45107209	45457435	0.085194	0.045621	0.026887	0.048972
Superscaffold10	45457449	45791654	0.028736	0.012827	0.008426	0.017226
Superscaffold10	45791665	46011593	0.042815	0.027488	0.018952	0.026153
Superscaffold10	46011635	46301931	-0.009121	-0.004768	-0.003088	-0.007478
Superscaffold10	46301932	47186368	0.080578	0.041361	0.027154	0.041971
Superscaffold10	47186377	47550547	-0.015831	-0.010146	-0.006578	-0.007670
Superscaffold10	47550681	47734606	-0.127104	-0.137570	-0.062862	-0.060944
Superscaffold10	47734617	47902005	-0.014901	-0.011370	-0.006718	-0.011839
Superscaffold10	47902060	48263866	0.041384	0.020042	0.012560	0.015701
Superscaffold10	48263948	48582553	0.167769	0.079770	0.049559	0.089287
Superscaffold10	48582623	48783678	-0.103600	-0.080700	-0.042298	-0.060237
Superscaffold10	48783690	49169802	-0.085675	-0.066713	-0.032090	-0.047568
Superscaffold10	49169917	49410587	-0.058973	-0.054648	-0.029027	-0.033397
Superscaffold10	49410636	49886682	0.099724	0.064750	0.039305	0.059853
Superscaffold10	49887124	50088340	0.189779	0.108307	0.067716	0.104674
Superscaffold10	50088345	50378114	0.187415	0.084809	0.056865	0.120582
Superscaffold10	50378129	51023645	0.030290	0.013217	0.008655	0.012048
Superscaffold10	51023696	51291469	-0.059150	-0.037057	-0.021254	-0.028141
Superscaffold10	51291720	51838681	0.063629	0.034222	0.023348	0.029049
Superscaffold10	51838687	52017703	-0.043165	-0.035319	-0.021211	-0.021754
Superscaffold10	52017705	52186271	-0.063169	-0.066252	-0.036745	-0.034730
Superscaffold10	52186315	52451258	0.000054	0.000044	0.000020	-0.000884
Superscaffold10	52451271	52674729	-0.033586	-0.021494	-0.012104	-0.015983
Superscaffold10	52674837	52960075	0.003147	0.002498	0.001436	0.001802
Superscaffold10	52960168	53167833	-0.125610	-0.115853	-0.062311	-0.076773
Superscaffold10	53167866	53456032	0.187381	0.128091	0.079586	0.101223
Superscaffold10	53456090	53654895	0.087953	0.068797	0.041689	0.038777
Superscaffold10	53654906	53844304	0.061759	0.060314	0.036571	0.033071
Superscaffold10	53844315	54376885	0.005023	0.003454	0.002021	0.006017
Superscaffold10	54376948	54930453	0.024497	0.016054	0.007821	0.011107
Superscaffold10	54930496	55147880	0.053010	0.036863	0.021158	0.028680
Superscaffold10	55148636	55372186	-0.035126	-0.028942	-0.015993	-0.019227
Superscaffold11	87064	413276	-0.211118	-0.102720	-0.071243	-0.120995
Superscaffold11	413282	764169	0.041895	0.015118	0.010079	0.020790
Superscaffold11	764226	1242719	0.033448	0.011179	0.007653	0.018611
Superscaffold11	1243099	1817577	0.083274	0.031422	0.020479	0.049091
Superscaffold11	1817602	2899216	0.057405	0.023475	0.014979	0.038610
Superscaffold11	2899225	3421160	-0.018483	-0.010224	-0.005928	-0.012267
Superscaffold11	3421170	4676986	0.009814	0.004807	0.003222	0.001226
Superscaffold11	4679798	5150873	0.055397	0.034172	0.020049	0.034726
Superscaffold11	5150968	5431315	-0.054618	-0.031090	-0.018902	-0.029843
Superscaffold11	5431322	6277690	-0.026061	-0.008556	-0.006289	-0.013652
Superscaffold11	6277920	6876650	0.066894	0.033441	0.021276	0.039226
Superscaffold11	6876667	7277097	-0.009843	-0.005691	-0.003338	-0.003416
Superscaffold11	7277100	7815846	-0.080134	-0.041245	-0.026749	-0.043164
Superscaffold11	7816137	8155178	0.025394	0.015136	0.009633	0.010487
Superscaffold11	8155301	8800527	0.071385	0.043080	0.027083	0.036264
Superscaffold11	8800539	9172214	0.010934	0.005404	0.003443	0.006084
Superscaffold11	9173107	9468896	0.144342	0.059338	0.035698	0.100226
Superscaffold11	9468898	9791637	0.029428	0.017697	0.010906	0.013978
Superscaffold11	9791719	10076934	0.062382	0.033868	0.020124	0.038070
Superscaffold11	10076938	10756645	0.002476	0.001203	0.000671	0.000486
Superscaffold11	10756767	11302374	-0.169978	-0.078864	-0.038268	-0.104933
Superscaffold11	11302407	11693179	0.072348	0.028751	0.019274	0.040620
Superscaffold11	11693348	12246687	0.209013	0.075964	0.050757	0.149671
Superscaffold11	12247058	12754082	-0.023131	-0.008559	-0.005120	-0.019958
Superscaffold11	12754085	13120768	0.133062	0.052715	0.029827	0.093535
Superscaffold11	13120812	13379060	0.221193	0.115642	0.073017	0.143956
Superscaffold11	13379074	13651422	-0.084657	-0.030508	-0.020375	-0.045765
Superscaffold11	13651473	14129043	-0.312148	-0.121211	-0.080485	-0.231053
Superscaffold11	14131522	14576462	0.092426	0.059926	0.037119	0.048605
Superscaffold11	14576484	14811520	0.053852	0.033007	0.021981	0.027117
Superscaffold11	14811789	15313813	-0.128463	-0.078872	-0.048932	-0.070907
Superscaffold11	15315519	15920776	-0.018088	-0.008436	-0.004713	-0.011115
Superscaffold11	15922334	16401215	0.059926	0.031916	0.017360	0.042067
Superscaffold11	16401237	16776118	-0.074203	-0.036956	-0.022768	-0.045895
Superscaffold11	16776133	17093008	0.215689	0.090489	0.052105	0.129105
Superscaffold11	17093026	18066258	-0.142795	-0.046618	-0.032730	-0.095355
Superscaffold11	18066327	18285286	0.301950	0.178470	0.120335	0.166723
Superscaffold11	18285299	18850549	0.087019	0.058323	0.032645	0.049828
Superscaffold11	18850676	19408529	0.033432	0.015651	0.010123	0.017238
Superscaffold11	19409258	19749712	0.020761	0.011838	0.006310	0.013943
Superscaffold11	19749760	20239327	-0.045641	-0.026656	-0.015218	-0.028160
Superscaffold11	20244340	20729238	-0.046106	-0.028159	-0.015328	-0.023743
Superscaffold11	20729293	20904178	0.030044	0.022333	0.009787	0.016448
Superscaffold11	20904179	21216864	0.172385	0.085056	0.055554	0.102659
Superscaffold11	21217116	21677613	0.076887	0.027100	0.017411	0.060878
Superscaffold11	21677678	21987005	-0.094289	-0.035710	-0.024108	-0.068032
Superscaffold11	21987006	22352578	0.074756	0.027340	0.018383	0.061181
Superscaffold11	22352620	22619696	0.188030	0.088100	0.057461	0.130397
Superscaffold11	22620051	22827704	-0.162014	-0.083426	-0.051403	-0.095003
Superscaffold11	22827724	23264605	0.197202	0.077932	0.049552	0.119521
Superscaffold11	23264656	23651680	0.030928	0.011416	0.006932	0.019203
Superscaffold11	23651875	24042145	0.092100	0.032248	0.020062	0.066819
Superscaffold11	24042350	24322371	0.337193	0.130819	0.096960	0.205238
Superscaffold11	24322807	24790276	0.305219	0.110090	0.071414	0.201382
Superscaffold11	24790678	25436128	0.024351	0.009851	0.004561	0.014676
Superscaffold11	25436399	25691967	-0.018624	-0.009999	-0.005662	-0.012347
Superscaffold11	25692743	26046680	0.151879	0.053942	0.038084	0.103656
Superscaffold11	26046681	26490666	-0.103337	-0.046629	-0.027082	-0.070386
Superscaffold11	26490676	26903037	0.543880	0.202023	0.122601	0.441238
Superscaffold11	26903136	27487346	0.482650	0.182228	0.123444	0.345271
Superscaffold11	27489723	27927066	0.219724	0.062303	0.041363	0.139602
Superscaffold11	27927072	28228588	-0.010454	-0.004565	-0.002401	-0.008917
Superscaffold11	28228617	28566541	0.115565	0.040028	0.024826	0.076302
Superscaffold11	28566570	28894563	0.300721	0.170837	0.108265	0.232381
Superscaffold11	28894623	29100412	0.034729	0.020557	0.013534	0.016715
Superscaffold11	29100477	29391922	0.231019	0.105027	0.068469	0.155778
Superscaffold11	29391957	30414180	0.149848	0.060795	0.037836	0.089620
Superscaffold11	30414183	30709775	0.146815	0.062303	0.036152	0.088562
Superscaffold11	30709915	31087086	-0.068486	-0.034021	-0.020141	-0.043595
Superscaffold11	31087095	31512811	0.012404	0.006020	0.004096	0.004910
Superscaffold11	31512863	31724846	-0.031077	-0.019122	-0.011272	-0.022378
Superscaffold11	31724852	32176389	0.345076	0.156266	0.094330	0.260902
Superscaffold11	32176935	32464174	0.124941	0.077391	0.040311	0.096042
Superscaffold11	32464227	32761501	0.234481	0.139660	0.073145	0.189475
Superscaffold11	32762499	33267594	0.385268	0.147611	0.096600	0.310015
Superscaffold11	33267777	33827602	0.217535	0.064318	0.037514	0.186683
Superscaffold11	33827620	34140652	-0.552299	-0.341851	-0.181998	-0.453605
Superscaffold11	34140664	34513757	-0.566272	-0.416477	-0.211933	-0.445225
Superscaffold11	34513872	35243729	-0.012973	-0.004313	-0.002477	-0.013713
Superscaffold11	35243734	35452882	0.088537	0.049186	0.024773	0.045067
Superscaffold11	35452910	35735717	0.363204	0.157620	0.099637	0.213309
Superscaffold11	35735789	36058555	-0.074736	-0.039886	-0.025065	-0.039499
Superscaffold11	36058561	36300759	0.213484	0.106434	0.060311	0.122689
Superscaffold11	36300807	36609246	0.196089	0.113051	0.068484	0.105130
Superscaffold11	36609342	36876402	0.155727	0.083508	0.046026	0.093939
Superscaffold11	36876407	37277950	0.236184	0.134417	0.080334	0.125310
Superscaffold11	37277955	37634616	0.120246	0.052549	0.031031	0.064080
Superscaffold11	37634705	38659666	0.147420	0.042058	0.029783	0.087096
Superscaffold11	38659701	39094885	0.130098	0.063434	0.041012	0.093505
Superscaffold11	39094886	39598076	0.000920	0.000476	0.000294	-0.001123
Superscaffold11	39598077	40031089	0.203052	0.137232	0.085262	0.114777
Superscaffold11	40031097	40257996	0.613024	0.361233	0.232046	0.504153
Superscaffold11	40258008	40723407	0.275776	0.087969	0.054659	0.198281
Superscaffold11	40723640	41219702	0.550652	0.225206	0.133595	0.421434
Superscaffold11	41219739	41618846	-0.027869	-0.011690	-0.007109	-0.018832
Superscaffold11	41618874	41864018	0.126267	0.076967	0.041178	0.076171
Superscaffold11	41864046	42092605	0.221445	0.108515	0.065621	0.128145
Superscaffold11	42092726	42436756	0.111149	0.060132	0.037606	0.064838
Superscaffold11	42436798	42766639	0.035577	0.020263	0.011148	0.023350
Superscaffold11	42766802	43139843	-0.038693	-0.019458	-0.011357	-0.019208
Superscaffold11	43139936	43831401	0.196710	0.091689	0.058718	0.127094
Superscaffold11	43831402	44300635	-0.165206	-0.098758	-0.055454	-0.100125
Superscaffold11	44300692	44626902	0.117454	0.060816	0.037135	0.061531
Superscaffold11	44626918	44915366	0.161461	0.084523	0.050807	0.099300
Superscaffold11	44915434	45163180	0.248035	0.129557	0.076126	0.147538
Superscaffold11	45163261	45412182	0.287693	0.140323	0.090106	0.177268
Superscaffold11	45412183	46123258	0.173046	0.058725	0.037827	0.105844
Superscaffold11	46123765	46598281	-0.004445	-0.001761	-0.000971	-0.006816
Superscaffold11	46598796	47200687	0.038684	0.016836	0.010041	0.025250
Superscaffold11	47201078	47635242	0.030540	0.013518	0.008123	0.020248
Superscaffold11	47635269	47943037	0.155521	0.078916	0.043514	0.111330
Superscaffold11	47943101	48267026	0.337614	0.150507	0.094439	0.242828
Superscaffold11	48267056	48751531	0.161386	0.073882	0.044086	0.116942
Superscaffold11	48752256	49472519	0.148160	0.061246	0.037381	0.093400
Superscaffold11	49472614	50411095	0.017468	0.007739	0.004646	0.010537
Superscaffold11	50411177	51198296	0.114116	0.049878	0.030911	0.080674
Superscaffold11	51199497	51532608	0.082299	0.040912	0.023688	0.041731
Superscaffold11	51532675	51823734	0.286876	0.149476	0.082519	0.178527
Superscaffold11	51823760	52339914	0.276864	0.112696	0.062029	0.191750
Superscaffold11	52339950	52670391	0.184032	0.087178	0.055596	0.129502
Superscaffold11	52670410	52958113	0.122480	0.074086	0.046881	0.078935
Superscaffold11	52958132	53764271	0.075342	0.030204	0.019352	0.049431
Superscaffold11	53764287	54096430	-0.022056	-0.011009	-0.007419	-0.016114
Superscaffold11	54096458	54584615	-0.042675	-0.025617	-0.016699	-0.026744
Superscaffold11	54584665	54908587	0.223104	0.124038	0.078059	0.136313
Superscaffold11	54908601	55226619	0.109474	0.053340	0.029967	0.051192
Superscaffold11	55226767	55748140	0.369661	0.102261	0.066896	0.281534
Superscaffold11	55748216	56044259	0.082596	0.034840	0.020634	0.055541
Superscaffold11	56044411	56517797	0.093302	0.036110	0.020367	0.058658
Superscaffold11	56517828	56923128	0.169191	0.093239	0.057158	0.116616
Superscaffold11	56923821	57249304	0.041980	0.021207	0.011600	0.024583
Superscaffold11	57249375	57664069	0.085648	0.030389	0.018707	0.058778
Superscaffold11	57664081	58227337	-0.034145	-0.019198	-0.010710	-0.022406
Superscaffold11	58227550	58554497	-0.074723	-0.036435	-0.018006	-0.049482
Superscaffold11	58554518	58942803	0.056683	0.024925	0.015022	0.043041
Superscaffold12	229103	679070	-0.030699	-0.009207	-0.005662	-0.022682
Superscaffold12	679127	1478383	0.084824	0.030723	0.017823	0.058734
Superscaffold12	1478455	1956949	-0.184776	-0.077909	-0.046545	-0.102329
Superscaffold12	1957145	2231519	0.203726	0.084221	0.047776	0.127108
Superscaffold12	2231520	2549819	0.305625	0.161473	0.091333	0.260711
Superscaffold12	2549840	2904471	0.207898	0.070514	0.040246	0.159199
Superscaffold12	2904642	3265644	0.142715	0.057921	0.034425	0.102038
Superscaffold12	3265939	3647438	0.397029	0.140323	0.085517	0.321196
Superscaffold12	3647524	4142750	0.255753	0.094150	0.050781	0.208825
Superscaffold12	4142808	4655833	0.531377	0.159980	0.095358	0.434155
Superscaffold12	4656055	5156741	0.080253	0.026098	0.015154	0.052643
Superscaffold12	5156812	5650162	0.078287	0.022707	0.015102	0.049834
Superscaffold12	5650163	5888031	0.038385	0.027356	0.015495	0.018909
Superscaffold12	5888104	6297783	0.059082	0.025005	0.015300	0.024700
Superscaffold12	6297847	6753152	0.006342	0.002543	0.001632	-0.001475
Superscaffold12	6753362	7025869	-0.003547	-0.002377	-0.001449	-0.001386
Superscaffold12	7025996	7381136	-0.002846	-0.001453	-0.000844	-0.002556
Superscaffold12	7381137	7753678	0.103804	0.034755	0.020898	0.064051
Superscaffold12	7753751	8185836	0.274726	0.122086	0.063601	0.183616
Superscaffold12	8185853	8388858	-0.011559	-0.006786	-0.003725	-0.007688
Superscaffold12	8388910	8816756	-0.181690	-0.122561	-0.054441	-0.121573
Superscaffold12	8816868	9121595	-0.110239	-0.053834	-0.029568	-0.081424
Superscaffold12	9121650	9450581	0.103863	0.037898	0.021666	0.082536
Superscaffold12	9450766	9840698	0.345866	0.150905	0.085800	0.260970
Superscaffold12	9840736	10151922	0.303793	0.118023	0.072864	0.252025
Superscaffold12	10154069	10499078	0.254173	0.081295	0.048454	0.181957
Superscaffold12	10499093	10925208	0.204003	0.066960	0.039611	0.156264
Superscaffold12	10925219	11370499	0.491961	0.186159	0.106684	0.406048
Superscaffold12	11370500	11799816	0.051070	0.016646	0.010044	0.025201
Superscaffold12	11799848	12751204	0.359670	0.130024	0.088269	0.248713
Superscaffold12	12752959	13611551	0.041729	0.013933	0.007971	0.028088
Superscaffold12	13611670	13951820	-0.294596	-0.128445	-0.068373	-0.253870
Superscaffold12	13951927	14415123	0.121256	0.034214	0.020310	0.088620
Superscaffold12	14415146	14916418	0.217786	0.071777	0.040657	0.150393
Superscaffold12	14916423	15327106	0.387199	0.137559	0.076110	0.303436
Superscaffold12	15327538	15755258	0.233380	0.077133	0.039724	0.192120
Superscaffold12	15755371	16092268	0.494254	0.210096	0.094821	0.359763
Superscaffold12	16092726	16675074	0.612333	0.179700	0.108726	0.513640
Superscaffold12	16675242	17621799	0.285029	0.033528	0.021283	0.218710
Superscaffold12	17621864	18126267	0.136286	0.042013	0.024043	0.116641
Superscaffold12	18126365	19014290	-0.022357	-0.005068	-0.003016	-0.015193
Superscaffold12	19014343	19512095	0.364178	0.095053	0.054502	0.278267
Superscaffold12	19512588	19880006	0.482721	0.213891	0.112331	0.381112
Superscaffold12	19880023	20222684	0.220488	0.092201	0.051203	0.169889
Superscaffold12	20222739	20527294	0.218635	0.076961	0.042561	0.175929
Superscaffold12	20527644	21018316	0.354072	0.131499	0.078196	0.287944
Superscaffold12	21018318	21641367	-0.003949	-0.001182	-0.000722	-0.004258
Superscaffold12	21641378	22053820	-0.011194	-0.004813	-0.003060	-0.006742
Superscaffold12	22053824	22658809	0.083637	0.039290	0.020410	0.050415
Superscaffold12	22658926	23373605	0.172659	0.049597	0.030514	0.102324
Superscaffold12	23373609	23702582	0.308755	0.139446	0.080497	0.233794
Superscaffold12	23702596	24099344	0.216103	0.075718	0.044193	0.172254
Superscaffold12	24100227	24534383	0.579950	0.201973	0.127854	0.466375
Superscaffold12	24534478	25008989	0.145542	0.055538	0.032230	0.106437
Superscaffold12	25009004	25465340	0.232087	0.069285	0.044935	0.170548
Superscaffold12	25465421	25907645	0.123586	0.049225	0.027638	0.076981
Superscaffold12	25907896	26293501	0.317569	0.112374	0.073524	0.231117
Superscaffold12	26293982	27044505	-0.075545	-0.029478	-0.017154	-0.043627
Superscaffold12	27053615	27667674	-0.043018	-0.012937	-0.008538	-0.027167
Superscaffold12	27667684	28154877	0.172342	0.057930	0.037118	0.118741
Superscaffold12	28154881	28581190	0.229985	0.098805	0.054546	0.144927
Superscaffold12	28581206	29039903	0.131555	0.043446	0.028872	0.096780
Superscaffold12	29039907	29518135	0.024166	0.007486	0.004713	0.016814
Superscaffold12	29518146	29880869	-0.122417	-0.050571	-0.026958	-0.080416
Superscaffold12	29880891	30190433	-0.182063	-0.080819	-0.043430	-0.147965
Superscaffold12	30190734	30562373	0.050154	0.019779	0.010756	0.033569
Superscaffold12	30562402	30939899	0.462626	0.201394	0.112034	0.339157
Superscaffold12	30939985	31870849	0.169193	0.061084	0.035302	0.129789
Superscaffold12	31871825	32225029	0.260587	0.142122	0.090237	0.171541
Superscaffold12	32225126	32556420	0.124779	0.064585	0.037710	0.080512
Superscaffold12	32556636	33007286	0.066423	0.020963	0.012175	0.046796
Superscaffold12	33007287	33375456	0.004221	0.001975	0.001171	0.002116
Superscaffold12	33375971	33910532	0.290050	0.101504	0.058727	0.221887
Superscaffold12	33910754	34384742	0.170754	0.059271	0.035583	0.133292
Superscaffold12	34384778	34755566	0.122393	0.045580	0.024895	0.085467
Superscaffold12	34755613	35113163	0.335387	0.129086	0.076635	0.242361
Superscaffold12	35113298	35452927	-0.059014	-0.029948	-0.014095	-0.035132
Superscaffold12	35452948	35938668	0.100413	0.038167	0.023075	0.060456
Superscaffold12	35938783	36284267	0.075972	0.031788	0.016702	0.048408
Superscaffold12	36285338	36595224	0.088950	0.037629	0.021421	0.073917
Superscaffold12	36595260	36946956	0.140505	0.052777	0.034118	0.098474
Superscaffold12	36947065	37759604	0.120104	0.034953	0.021587	0.078125
Superscaffold12	37759605	38211393	-0.098101	-0.037817	-0.023800	-0.062958
Superscaffold12	38211468	38535667	0.221230	0.089695	0.058931	0.170511
Superscaffold12	38535901	39115809	0.074005	0.024023	0.014822	0.051695
Superscaffold12	39116152	39528236	0.364882	0.144603	0.091041	0.257345
Superscaffold12	39528253	39849699	0.127835	0.049437	0.031747	0.102566
Superscaffold12	39849700	40261032	-0.230697	-0.092145	-0.052968	-0.173030
Superscaffold12	40261085	40538087	0.378524	0.181181	0.124661	0.252560
Superscaffold12	40538097	41266522	-0.239622	-0.150349	-0.085870	-0.154728
Superscaffold12	41266609	41691130	0.196782	0.061836	0.037369	0.139950
unanchor224	15597	305993	-0.051885	-0.025581	-0.015469	-0.030225
unanchor229	66483	286226	0.205974	0.097850	0.066319	0.125648
unanchor237	58049	299475	-0.348140	-0.120407	-0.084515	-0.208710
unanchor251	5864	115414	0.181013	0.078122	0.049727	0.119007
unanchor251	115456	731908	0.324711	0.180442	0.116311	0.230561
unanchor255	25590	1089424	0.023837	0.010252	0.006540	0.017404
unanchor269	11189	574161	0.037911	0.018366	0.009823	0.025749
unanchor275	37976	51738	-0.036011	-0.013898	-0.009376	-0.021952
unanchor278	51744	531037	0.106317	0.041258	0.028103	0.063947
