chr	windowStart	windowEnd	D	f_d	f_dM	d_f
Superscaffold1	547584	725640	-0.030292	-0.037533	-0.019854	-0.013539
Superscaffold1	725768	894173	0.524320	0.387882	0.223786	0.290468
Superscaffold1	894208	1227500	0.351132	0.229484	0.138556	0.198441
Superscaffold1	1227695	1423448	0.134363	0.091193	0.050901	0.060323
Superscaffold1	1423466	1730587	0.322683	0.167545	0.104246	0.163860
Superscaffold1	1731706	1926500	0.154380	0.098829	0.049525	0.085008
Superscaffold1	1926522	2169038	0.018826	0.009728	0.004368	0.011759
Superscaffold1	2169095	2330377	0.096393	0.077418	0.042512	0.055922
Superscaffold1	2330379	2477021	-0.020140	-0.019895	-0.010973	-0.015200
Superscaffold1	2477061	2656724	0.105209	0.081494	0.049779	0.071435
Superscaffold1	2656741	2800301	-0.047419	-0.060945	-0.028129	-0.025285
Superscaffold1	2800337	2986933	0.086774	0.085578	0.036453	0.055885
Superscaffold1	2986961	3222816	-0.145669	-0.136408	-0.068315	-0.097003
Superscaffold1	3222908	3443270	0.109384	0.086876	0.043522	0.063832
Superscaffold1	3443374	3631847	0.265681	0.197744	0.105949	0.164328
Superscaffold1	3631952	3870832	0.138495	0.098320	0.046189	0.076723
Superscaffold1	3870942	4134237	0.098235	0.069067	0.032483	0.061494
Superscaffold1	4134255	4432052	0.118293	0.078405	0.043940	0.067673
Superscaffold1	4432106	4659141	0.300211	0.265289	0.137601	0.207416
Superscaffold1	4659163	4892939	-0.082657	-0.072283	-0.038203	-0.046266
Superscaffold1	4892940	5152257	0.174206	0.163012	0.085741	0.119839
Superscaffold1	5152275	5465879	0.292468	0.139631	0.087101	0.151972
Superscaffold1	5465883	5759979	0.055038	0.030344	0.018422	0.037235
Superscaffold1	5759984	6120293	0.245730	0.112477	0.074592	0.166151
Superscaffold1	6120361	6480005	-0.095237	-0.044486	-0.027661	-0.065816
Superscaffold1	6480112	6852823	0.156022	0.065295	0.043671	0.108861
Superscaffold1	6852860	7229911	-0.353514	-0.175492	-0.097442	-0.234771
Superscaffold1	7229980	7522671	-0.070425	-0.041347	-0.022255	-0.043743
Superscaffold1	7522777	7989041	-0.047489	-0.016653	-0.010728	-0.018662
Superscaffold1	7989080	8549959	0.093340	0.044323	0.025955	0.063166
Superscaffold1	8549973	9490763	0.052073	0.023325	0.015072	0.032108
Superscaffold1	9490821	10411872	0.074354	0.032665	0.021242	0.053266
Superscaffold1	10411912	10760563	-0.039629	-0.024716	-0.014554	-0.020329
Superscaffold1	10760635	11008057	0.028952	0.018505	0.009947	0.023204
Superscaffold1	11008489	11326058	-0.165657	-0.081546	-0.050064	-0.116562
Superscaffold1	11326060	11594566	-0.418358	-0.243850	-0.139456	-0.331785
Superscaffold1	11594599	11914768	-0.049329	-0.022672	-0.013724	-0.026394
Superscaffold1	11914770	12117199	0.095544	0.082006	0.045990	0.059484
Superscaffold1	12117212	12368648	0.073079	0.053605	0.027012	0.044778
Superscaffold1	12368661	12623153	0.204779	0.133791	0.079574	0.111673
Superscaffold1	12623154	12933438	-0.230392	-0.129160	-0.065074	-0.170168
Superscaffold1	12933445	13360219	0.450479	0.197030	0.115828	0.363792
Superscaffold1	13360254	13762531	0.514053	0.404641	0.194651	0.367933
Superscaffold1	13762652	14272066	-0.121468	-0.062993	-0.032831	-0.084699
Superscaffold1	14272169	14690543	-0.017610	-0.005806	-0.003498	-0.013096
Superscaffold1	14690629	14929494	0.168900	0.089001	0.051640	0.098070
Superscaffold1	14929540	15162966	0.282499	0.146109	0.092010	0.171843
Superscaffold1	15162974	15506971	-0.029920	-0.009675	-0.006420	-0.025958
Superscaffold1	15507114	15885272	-0.105742	-0.033181	-0.020644	-0.080014
Superscaffold1	15885678	16222269	0.134011	0.055851	0.032635	0.102218
Superscaffold1	16222279	16548369	0.080208	0.033512	0.020238	0.056877
Superscaffold1	16548656	16814111	0.105909	0.063090	0.035294	0.055683
Superscaffold1	16814139	17110062	0.039284	0.022291	0.011222	0.020578
Superscaffold1	17110184	17536258	0.042733	0.018181	0.010961	0.034055
Superscaffold1	17536262	18184545	-0.109196	-0.064439	-0.032223	-0.070426
Superscaffold1	18184649	18391633	-0.204901	-0.213228	-0.088078	-0.118938
Superscaffold1	18391650	18851216	-0.052795	-0.019126	-0.011533	-0.032184
Superscaffold1	18851250	19137495	0.006162	0.002979	0.001989	0.005333
Superscaffold1	19137608	19509280	0.134687	0.092834	0.057083	0.093135
Superscaffold1	19509370	19820606	0.315120	0.144689	0.098786	0.238256
Superscaffold1	19820659	20044744	-0.102252	-0.059977	-0.034359	-0.065952
Superscaffold1	20045022	20407457	0.141426	0.063803	0.038147	0.091350
Superscaffold1	20407474	21068648	-0.068549	-0.023052	-0.012625	-0.035804
Superscaffold1	21068755	21260962	0.136321	0.079880	0.043599	0.085634
Superscaffold1	21260991	21497048	0.189949	0.106438	0.050730	0.104486
Superscaffold1	21497056	21816034	-0.225719	-0.096734	-0.055492	-0.148839
Superscaffold1	21816042	22239503	0.207206	0.072216	0.046952	0.149578
Superscaffold1	22239631	22749916	0.460202	0.153593	0.094922	0.341710
Superscaffold1	22750644	23122102	0.490351	0.250228	0.145389	0.403014
Superscaffold1	23122137	23589163	0.128811	0.035184	0.020146	0.102159
Superscaffold1	23589775	23927053	0.085744	0.034390	0.021121	0.062334
Superscaffold1	23927084	24408862	-0.160557	-0.041154	-0.029224	-0.103780
Superscaffold1	24408886	24712879	0.177148	0.066059	0.042399	0.148345
Superscaffold1	24712893	25122266	0.011731	0.004269	0.002511	0.007562
Superscaffold1	25122280	25458965	0.007220	0.003477	0.002002	0.007634
Superscaffold1	25459099	25785315	0.016421	0.005124	0.003490	0.007985
Superscaffold1	25785329	26019452	-0.116697	-0.071010	-0.044168	-0.080081
Superscaffold1	26019508	26276398	-0.269310	-0.151624	-0.073627	-0.190351
Superscaffold1	26276411	26482288	0.354391	0.194986	0.109556	0.236474
Superscaffold1	26482307	27081658	-0.114544	-0.020423	-0.013075	-0.081101
Superscaffold1	27081862	27397357	-0.307337	-0.141800	-0.076881	-0.210593
Superscaffold1	27400197	27729721	-0.022190	-0.009899	-0.005811	-0.022767
Superscaffold1	27729839	27938399	-0.208691	-0.211495	-0.093438	-0.119101
Superscaffold1	27938715	28180458	-0.318650	-0.239262	-0.135832	-0.222204
Superscaffold1	28180476	28431304	0.082402	0.047648	0.028689	0.058447
Superscaffold1	28431376	28697171	0.109865	0.120937	0.074534	0.059678
Superscaffold1	28697181	28853345	-0.150434	-0.190220	-0.093101	-0.076755
Superscaffold1	28854443	29293214	-0.181101	-0.050892	-0.031721	-0.126238
Superscaffold1	29293239	29536175	0.212604	0.109219	0.066285	0.160165
Superscaffold1	29536191	29815351	0.247339	0.122105	0.063704	0.192063
Superscaffold1	29815359	30078575	-0.315280	-0.193584	-0.101267	-0.220933
Superscaffold1	30078603	30524137	-0.070775	-0.031483	-0.019851	-0.036441
Superscaffold1	30524143	30923033	-0.194641	-0.100574	-0.054266	-0.120890
Superscaffold1	30923043	31254157	-0.103170	-0.032395	-0.020060	-0.066700
Superscaffold1	31254184	31652929	-0.110712	-0.048313	-0.028589	-0.078713
Superscaffold1	31652931	32386806	0.303207	0.121212	0.063281	0.167432
Superscaffold1	32386830	32684482	0.373926	0.154247	0.099633	0.276466
Superscaffold1	32684487	33095235	-0.179424	-0.062604	-0.039246	-0.114623
Superscaffold1	33095236	33423189	-0.030546	-0.012679	-0.007861	-0.017969
Superscaffold1	33423254	33611778	0.223242	0.139301	0.089685	0.146881
Superscaffold1	33613467	33859889	-0.265557	-0.193596	-0.103763	-0.145635
Superscaffold1	33859960	34052097	-0.055565	-0.037472	-0.020633	-0.029534
Superscaffold1	34052149	34253662	0.107477	0.050777	0.029635	0.070513
Superscaffold1	34253746	34491491	-0.043438	-0.027241	-0.014246	-0.028230
Superscaffold1	34491495	34907518	0.013867	0.003817	0.002640	0.009220
Superscaffold1	34907519	35394511	0.157321	0.061373	0.038853	0.102843
Superscaffold1	35394949	36212077	0.020867	0.010141	0.005907	0.011933
Superscaffold1	36212084	37030220	0.099476	0.029096	0.019181	0.070107
Superscaffold1	37030259	37414355	-0.072860	-0.028539	-0.018504	-0.053104
Superscaffold1	37414373	37634988	0.039273	0.020509	0.011379	0.024484
Superscaffold1	37635174	38270146	-0.076340	-0.027426	-0.017922	-0.050465
Superscaffold1	38270221	38569167	0.172090	0.071402	0.044395	0.128607
Superscaffold1	38569664	38954510	-0.019769	-0.005620	-0.003845	-0.023005
Superscaffold1	38954672	39195908	-0.088447	-0.033515	-0.019543	-0.061248
Superscaffold1	39195957	39546926	0.010053	0.003458	0.001938	0.002587
Superscaffold1	39546959	39727686	-0.053221	-0.018763	-0.012743	-0.029437
Superscaffold1	39727699	39932159	0.239320	0.087722	0.051029	0.173031
Superscaffold1	39932211	40197797	0.301575	0.085179	0.058248	0.157594
Superscaffold1	40197817	40503114	0.291841	0.089900	0.057153	0.167304
Superscaffold1	40503140	40908524	0.155167	0.053783	0.033396	0.089812
Superscaffold1	40908585	41363298	-0.021389	-0.007055	-0.003680	-0.010350
Superscaffold1	41363481	41740427	0.048437	0.017788	0.010791	0.035534
Superscaffold1	41740486	42065577	-0.036095	-0.019711	-0.010308	-0.032443
Superscaffold1	42065874	42529943	0.042775	0.019161	0.011038	0.035916
Superscaffold1	42530140	42946548	0.098293	0.034285	0.021106	0.086258
Superscaffold1	42946697	43307527	0.716350	0.360922	0.190125	0.601975
Superscaffold1	43307550	43629859	0.539081	0.254375	0.121417	0.438533
Superscaffold1	43629928	43907471	0.001647	0.000829	0.000407	0.002016
Superscaffold1	43907561	44316707	-0.210533	-0.074617	-0.040786	-0.186158
Superscaffold1	44316728	44747723	-0.240905	-0.096465	-0.054411	-0.182593
Superscaffold1	44747746	45207169	0.418413	0.149202	0.093604	0.330709
Superscaffold1	45207199	45626053	0.593816	0.531164	0.209591	0.510272
Superscaffold1	45626080	46052480	0.715709	0.693688	0.184619	0.610481
Superscaffold1	46052516	46582211	0.897627	0.735552	0.316191	0.862366
Superscaffold1	46583453	47001986	0.898973	0.732830	0.313561	0.855721
Superscaffold1	47002103	47471079	0.836296	0.680593	0.308257	0.780339
Superscaffold1	47471440	47854445	0.942431	0.786835	0.363056	0.924692
Superscaffold1	47854460	48090636	0.665155	0.615475	0.273431	0.491444
Superscaffold1	48090646	48368951	0.305213	0.292409	0.117585	0.248148
Superscaffold1	48368983	48521619	0.852649	0.719243	0.286539	0.783996
Superscaffold1	48521658	48757835	0.063497	0.069300	0.026697	0.055700
Superscaffold1	48757933	49132414	-0.261312	-0.095396	-0.055421	-0.167363
Superscaffold1	49132531	49376931	-0.353672	-0.175946	-0.077911	-0.081220
Superscaffold1	49377012	49677164	-0.098598	-0.039010	-0.019317	-0.028869
Superscaffold1	49677172	49908243	-0.295770	-0.236230	-0.082186	-0.206721
Superscaffold1	49908257	50102474	0.461628	0.520287	0.176157	0.373358
Superscaffold1	50102562	50303350	0.695583	0.567062	0.268883	0.563026
Superscaffold1	50303749	50448070	0.091750	0.081436	0.040917	0.041755
Superscaffold1	50448269	50801169	0.158369	0.145804	0.081752	0.095336
Superscaffold1	50801451	51032919	0.085641	0.100852	0.059550	0.049922
Superscaffold1	51032986	51467726	-0.030951	-0.034647	-0.016288	-0.017575
Superscaffold2	279033	611100	0.463112	0.287551	0.185645	0.340578
Superscaffold2	611106	874569	-0.304517	-0.175035	-0.092392	-0.195055
Superscaffold2	874906	1353328	0.026387	0.008186	0.005473	0.019821
Superscaffold2	1353353	1734788	-0.033023	-0.017967	-0.009758	-0.016576
Superscaffold2	1734797	1982009	0.193179	0.065800	0.040225	0.110427
Superscaffold2	1982062	2368783	0.105053	0.040232	0.024345	0.068168
Superscaffold2	2368805	2775876	0.215466	0.133427	0.070832	0.123600
Superscaffold2	2776113	3467661	-0.022569	-0.013073	-0.007949	-0.013696
Superscaffold2	3467728	3768478	-0.146750	-0.080111	-0.042908	-0.091630
Superscaffold2	3768480	4241684	0.046028	0.015812	0.008797	0.035495
Superscaffold2	4241722	4621221	0.081052	0.034567	0.018767	0.065411
Superscaffold2	4621385	4936712	-0.129993	-0.053611	-0.030865	-0.079301
Superscaffold2	4936724	5263180	-0.078314	-0.058061	-0.027334	-0.050848
Superscaffold2	5263283	5514991	0.080124	0.039283	0.021830	0.056361
Superscaffold2	5515226	6062083	0.160653	0.069627	0.033931	0.118457
Superscaffold2	6062104	6420316	0.243774	0.097850	0.065573	0.186760
Superscaffold2	6420326	6898244	0.230451	0.077123	0.044788	0.176424
Superscaffold2	6898245	7358912	0.130609	0.062280	0.033074	0.107853
Superscaffold2	7359015	7713747	-0.023016	-0.007150	-0.004678	-0.015633
Superscaffold2	7713829	8103595	-0.158656	-0.053823	-0.033109	-0.112537
Superscaffold2	8103618	8568392	0.053387	0.018498	0.011704	0.036990
Superscaffold2	8568397	9243198	0.088486	0.025492	0.016515	0.058832
Superscaffold2	9243390	9783567	0.163904	0.060550	0.035371	0.096082
Superscaffold2	9783576	10213278	-0.148709	-0.042983	-0.027444	-0.092124
Superscaffold2	10213781	10621035	0.130530	0.062818	0.035870	0.089108
Superscaffold2	10621093	11038610	-0.037524	-0.012919	-0.007586	-0.026304
Superscaffold2	11038689	11510406	-0.059901	-0.016906	-0.010595	-0.034805
Superscaffold2	11510451	12208447	0.099807	0.035412	0.020309	0.070870
Superscaffold2	12208468	12910348	0.024769	0.012456	0.006407	0.019307
Superscaffold2	12910507	13287446	-0.102784	-0.053612	-0.030076	-0.075034
Superscaffold2	13287469	13648169	0.197407	0.079972	0.039886	0.149391
Superscaffold2	13648514	13992711	0.117353	0.048092	0.030230	0.081078
Superscaffold2	13992835	14305788	0.219996	0.126991	0.062849	0.168236
Superscaffold2	14305790	14768899	-0.022644	-0.008591	-0.005097	-0.018004
Superscaffold2	14768930	15128571	0.065042	0.024020	0.013108	0.046575
Superscaffold2	15128623	16147917	-0.001987	-0.000889	-0.000507	-0.005176
Superscaffold2	16148202	16617944	0.039634	0.016285	0.009983	0.023103
Superscaffold2	16618218	16832865	0.112694	0.074292	0.039448	0.059869
Superscaffold2	16832898	17356759	-0.064572	-0.022761	-0.014047	-0.040788
Superscaffold2	17356763	17723789	-0.103886	-0.045370	-0.026757	-0.078374
Superscaffold2	17723880	18112879	0.162921	0.062667	0.035441	0.122826
Superscaffold2	18112893	18500360	-0.009118	-0.003150	-0.001698	-0.010124
Superscaffold2	18500743	19091732	-0.204179	-0.057286	-0.033238	-0.157229
Superscaffold2	19092319	19448424	0.124116	0.051701	0.028043	0.080642
Superscaffold2	19448842	19790474	-0.039746	-0.016544	-0.012434	-0.018722
Superscaffold2	19790706	20068766	-0.033468	-0.015467	-0.009108	-0.016296
Superscaffold2	20068894	20643064	-0.141289	-0.028492	-0.017081	-0.113629
Superscaffold2	20643084	21058063	-0.001340	-0.000637	-0.000412	-0.008206
Superscaffold2	21058446	21444781	-0.019191	-0.005801	-0.003465	-0.017879
Superscaffold2	21444895	21973575	0.208045	0.055913	0.035488	0.185972
Superscaffold2	21973878	22320741	-0.046401	-0.018868	-0.010750	-0.026916
Superscaffold2	22320876	22733535	0.053325	0.018779	0.011164	0.040936
Superscaffold2	22733625	23013786	0.147798	0.076376	0.050340	0.087369
Superscaffold2	23013796	23316541	0.100625	0.038244	0.021517	0.081886
Superscaffold2	23316550	23626800	0.395436	0.176352	0.108047	0.267241
Superscaffold2	23626830	24071577	0.074081	0.021751	0.012549	0.058076
Superscaffold2	24071594	24400525	0.083350	0.025791	0.015636	0.055064
Superscaffold2	24400535	24748428	-0.134342	-0.049602	-0.029057	-0.110870
Superscaffold2	24748580	25211045	0.416131	0.208170	0.114650	0.341840
Superscaffold2	25211075	25705755	0.359410	0.089468	0.055637	0.294131
Superscaffold2	25705927	26118657	0.308405	0.130535	0.077899	0.261436
Superscaffold2	26118668	26460356	0.123544	0.054053	0.031407	0.111919
Superscaffold2	26460370	26816008	-0.140142	-0.050432	-0.029202	-0.093081
Superscaffold2	26816103	27117597	-0.071376	-0.033234	-0.018111	-0.051305
Superscaffold2	27117625	27480009	-0.023237	-0.008057	-0.004957	-0.022722
Superscaffold2	27480011	27828578	0.163035	0.073493	0.050310	0.108118
Superscaffold2	27828611	28834881	0.011550	0.003671	0.002293	0.010807
Superscaffold2	28834886	29111776	0.051706	0.016848	0.010036	0.038082
Superscaffold2	29111817	29444293	-0.068816	-0.025983	-0.014012	-0.052259
Superscaffold2	29444312	29908427	-0.177776	-0.048230	-0.031825	-0.136358
Superscaffold2	29908833	30352156	-0.175266	-0.056483	-0.033044	-0.135927
Superscaffold2	30352177	30796068	-0.057890	-0.019911	-0.011388	-0.044916
Superscaffold2	30796168	31165606	0.143347	0.048552	0.030856	0.108915
Superscaffold2	31165646	31562867	0.214059	0.071987	0.044079	0.175854
Superscaffold2	31562899	31909968	0.051152	0.021079	0.011821	0.038842
Superscaffold2	31909985	32592047	-0.126578	-0.046153	-0.025395	-0.074158
Superscaffold2	32592064	32966807	-0.021671	-0.007147	-0.004191	-0.016357
Superscaffold2	32966959	33390363	0.038214	0.012031	0.007454	0.026299
Superscaffold2	33390366	34030014	0.120965	0.024294	0.016443	0.104971
Superscaffold2	34030191	34415833	-0.205152	-0.066012	-0.039281	-0.160108
Superscaffold2	34415914	34752700	0.545636	0.312625	0.162517	0.463609
Superscaffold2	34752782	35079984	0.558735	0.322198	0.168242	0.436403
Superscaffold2	35080016	35332032	0.607005	0.340086	0.187307	0.545870
Superscaffold2	35332134	36012370	-0.008306	-0.002304	-0.001344	-0.009261
Superscaffold2	36015529	36492589	0.015224	0.004812	0.002995	0.005777
Superscaffold2	36492599	36858323	0.154100	0.048351	0.030773	0.103625
Superscaffold2	36858416	37117834	-0.188515	-0.095545	-0.057094	-0.121555
Superscaffold2	37117837	37515173	-0.109507	-0.033717	-0.021031	-0.077052
Superscaffold2	37515184	37912880	-0.004962	-0.001675	-0.000981	-0.008995
Superscaffold2	37914159	38522366	0.395213	0.197477	0.107577	0.348729
Superscaffold2	38522390	38912159	-0.201747	-0.034518	-0.025169	-0.154573
Superscaffold2	38912467	39314863	0.068053	0.024696	0.013318	0.056493
Superscaffold2	39314909	39690460	-0.310419	-0.142271	-0.083310	-0.254984
Superscaffold2	39690477	40049606	0.124198	0.069722	0.039381	0.092061
Superscaffold2	40049621	40382015	0.265006	0.079756	0.048063	0.196525
Superscaffold2	40382016	40611960	0.233434	0.072078	0.038820	0.102995
Superscaffold2	40611985	40999456	-0.044345	-0.015526	-0.008709	-0.033669
Superscaffold2	40999483	41152110	0.680308	0.305062	0.214960	0.613144
Superscaffold2	41152155	41518325	-0.136815	-0.052433	-0.031919	-0.108368
Superscaffold2	41518519	41888193	0.388714	0.113533	0.075004	0.351274
Superscaffold2	41888955	42364024	-0.158868	-0.039573	-0.023631	-0.121526
Superscaffold2	42364339	42912207	-0.039798	-0.006569	-0.004559	-0.028091
Superscaffold2	42912331	43219035	0.373360	0.216364	0.129143	0.303039
Superscaffold2	43219126	43654025	0.221892	0.056264	0.034372	0.171803
Superscaffold2	43654134	44233138	0.204279	0.045788	0.027961	0.170332
Superscaffold2	44233899	44656873	-0.099529	-0.028566	-0.014202	-0.082504
Superscaffold2	44656874	45391223	0.083022	0.018597	0.010884	0.080432
Superscaffold2	45391504	46119673	-0.117244	-0.027886	-0.014729	-0.101016
Superscaffold2	46119757	46599348	0.233319	0.051186	0.029726	0.206554
Superscaffold2	46599481	47184546	-0.033436	-0.007292	-0.003978	-0.031133
Superscaffold2	47185023	48098461	0.160319	0.021549	0.014128	0.136667
Superscaffold2	48098567	48612778	0.028800	0.006294	0.003494	0.023733
Superscaffold2	48612943	48926345	0.338653	0.111637	0.071418	0.202834
Superscaffold2	48926347	49386005	0.005051	0.001132	0.000635	0.002669
Superscaffold2	49386145	49772237	0.247935	0.095215	0.051754	0.198551
Superscaffold2	49772281	50211579	0.020843	0.006856	0.004113	0.009296
Superscaffold2	50211663	50535809	0.016128	0.008261	0.004485	0.006670
Superscaffold2	50535881	51073159	-0.255911	-0.087112	-0.050833	-0.211316
Superscaffold2	51073191	51465494	0.084092	0.021985	0.012373	0.073746
Superscaffold2	51466539	51808127	0.252316	0.051361	0.036028	0.200092
Superscaffold2	51808193	52042075	0.784680	0.300145	0.186278	0.734847
Superscaffold2	52042153	52460465	0.316109	0.095252	0.052874	0.273220
Superscaffold2	52460537	52660159	-0.119506	-0.088208	-0.049942	-0.069806
Superscaffold2	52660176	52847314	0.121122	0.089068	0.043625	0.080358
Superscaffold2	52847367	53077098	0.099506	0.056076	0.032573	0.067016
Superscaffold2	53077391	53727008	-0.048489	-0.020895	-0.013419	-0.027578
Superscaffold2	53729664	54074152	-0.008531	-0.003526	-0.002194	-0.010739
Superscaffold2	54074194	54940957	-0.169617	-0.035687	-0.025550	-0.106274
Superscaffold2	54941352	55287800	-0.098306	-0.038994	-0.023927	-0.064985
Superscaffold2	55287913	55648624	0.181031	0.088511	0.057139	0.135154
Superscaffold2	55648672	56008376	-0.069068	-0.034624	-0.020578	-0.056950
Superscaffold2	56008727	56464603	-0.063502	-0.015632	-0.009485	-0.048339
Superscaffold2	56464876	56802480	0.215628	0.087038	0.050407	0.151887
Superscaffold2	56802488	57126648	-0.366849	-0.215823	-0.117153	-0.329782
Superscaffold2	57126661	57465598	-0.218884	-0.104246	-0.055827	-0.150885
Superscaffold2	57465602	58215268	-0.155035	-0.046831	-0.027526	-0.106007
Superscaffold2	58215466	58558493	0.259294	0.104393	0.063756	0.212564
Superscaffold2	58558528	58898333	0.735742	0.258861	0.183705	0.694855
Superscaffold2	58898385	59234346	0.140213	0.048970	0.029144	0.118636
Superscaffold2	59234685	59645798	-0.133736	-0.043081	-0.023833	-0.098967
Superscaffold2	59645807	60077025	0.115953	0.039630	0.023226	0.103537
Superscaffold2	60077481	60470102	0.170906	0.046370	0.029118	0.143248
Superscaffold2	60470120	60743640	-0.008211	-0.003199	-0.001847	-0.006273
Superscaffold2	60743670	61166424	0.173488	0.101240	0.059921	0.105460
Superscaffold2	61166512	61789260	-0.062499	-0.031765	-0.017267	-0.044250
Superscaffold2	61789292	62649744	-0.157255	-0.059362	-0.035675	-0.089759
Superscaffold2	62650334	62968482	0.061159	0.021446	0.013002	0.042156
Superscaffold2	62968517	63265167	-0.031434	-0.012761	-0.008307	-0.015440
Superscaffold2	63265200	63584123	0.357432	0.158426	0.093508	0.259497
Superscaffold2	63584192	64069503	-0.071824	-0.013256	-0.010039	-0.039807
Superscaffold2	64069580	64284947	0.142159	0.075319	0.038332	0.104549
Superscaffold2	64284957	64493593	0.027780	0.019270	0.011093	0.016732
Superscaffold2	64493612	65236362	0.014468	0.008357	0.004495	0.010429
Superscaffold2	65236381	65656980	-0.085236	-0.030939	-0.017782	-0.067193
Superscaffold2	65657020	65972963	0.302414	0.128225	0.072224	0.220956
Superscaffold2	65972992	66233630	0.096271	0.042811	0.022270	0.062348
Superscaffold2	66233647	66534637	0.296532	0.179104	0.100812	0.203007
Superscaffold2	66534910	66867989	-0.497096	-0.269531	-0.128897	-0.413049
Superscaffold2	66868002	67272257	0.317221	0.125558	0.061483	0.238301
Superscaffold2	67272373	67614227	0.043513	0.014505	0.009517	0.025570
Superscaffold2	67614261	67936702	-0.080877	-0.025614	-0.015090	-0.058104
Superscaffold2	67936830	68364858	0.202039	0.065980	0.036396	0.172275
Superscaffold2	68365184	68666620	0.305165	0.155755	0.085530	0.261606
Superscaffold2	68666661	69092507	-0.111474	-0.037229	-0.021862	-0.087344
Superscaffold2	69092739	69484090	0.033352	0.015115	0.008560	0.024069
Superscaffold2	69484098	70064911	0.008447	0.001621	0.001192	0.006228
Superscaffold2	70066301	70419489	-0.253788	-0.093632	-0.058352	-0.177535
Superscaffold2	70420405	71044024	0.183154	0.086141	0.048944	0.117136
Superscaffold2	71044026	71370412	0.433814	0.184666	0.110156	0.318120
Superscaffold2	71370426	71798307	0.002464	0.000901	0.000534	-0.001492
Superscaffold2	71798321	72133881	-0.134547	-0.046960	-0.033235	-0.088756
Superscaffold2	72133920	72370384	0.062600	0.033842	0.019228	0.041622
Superscaffold2	72370420	72666314	0.015441	0.008075	0.004617	0.013931
Superscaffold2	72666415	72952636	-0.092986	-0.056914	-0.032997	-0.067551
Superscaffold2	72952756	73228668	-0.092860	-0.041855	-0.025099	-0.058189
Superscaffold2	73228748	73539766	-0.028955	-0.012713	-0.007376	-0.019425
Superscaffold2	73539972	73870550	-0.011489	-0.004825	-0.003058	-0.004404
Superscaffold2	73870599	74010618	0.119281	0.104877	0.057483	0.075538
Superscaffold2	74010733	74314824	-0.043720	-0.017218	-0.009424	-0.028015
Superscaffold2	74315105	74618540	-0.018615	-0.009036	-0.005475	-0.021331
Superscaffold2	74618573	75011163	0.060335	0.036675	0.018511	0.044376
Superscaffold2	75011165	75258876	-0.183422	-0.098412	-0.053676	-0.137876
Superscaffold2	75260053	75516651	-0.055794	-0.027211	-0.015154	-0.019410
Superscaffold2	75517209	75860104	-0.154790	-0.081338	-0.048863	-0.093876
Superscaffold2	75860109	76321178	-0.036033	-0.029446	-0.017069	-0.023053
Superscaffold2	76321262	76735542	-0.234229	-0.090570	-0.052474	-0.146463
Superscaffold2	76735550	77033429	0.216757	0.101960	0.061524	0.150631
Superscaffold2	77033457	77338820	0.507582	0.316450	0.184176	0.405272
Superscaffold2	77338833	77630463	0.239006	0.073965	0.051794	0.137297
Superscaffold2	77630600	77801198	-0.038998	-0.032889	-0.018697	-0.023189
Superscaffold2	77801388	78045336	0.073200	0.048456	0.027724	0.048246
Superscaffold2	78045527	78307272	-0.046880	-0.027441	-0.016219	-0.026118
Superscaffold2	78307910	78650998	-0.045568	-0.021893	-0.012891	-0.030797
Superscaffold2	78651000	78928315	-0.294200	-0.193574	-0.092594	-0.190163
Superscaffold2	78928316	79271053	0.283990	0.168523	0.091658	0.168628
Superscaffold2	79271264	79777109	0.155402	0.093438	0.046138	0.095383
Superscaffold2	79781825	80424992	-0.089314	-0.036574	-0.024744	-0.061979
Superscaffold2	80425131	80724002	0.173811	0.081907	0.049061	0.100350
Superscaffold2	80724083	81257112	0.046137	0.016246	0.010415	0.036173
Superscaffold2	81257135	81740545	-0.184122	-0.087401	-0.046723	-0.118161
Superscaffold2	81740634	82077564	-0.416902	-0.196466	-0.107210	-0.359297
Superscaffold2	82077635	82716985	-0.068351	-0.026767	-0.015298	-0.052185
Superscaffold2	82717090	83158030	0.195441	0.084769	0.048373	0.153298
Superscaffold2	83158300	83448380	-0.168188	-0.075269	-0.041033	-0.115698
Superscaffold2	83448388	83724371	-0.175620	-0.101328	-0.052262	-0.118032
Superscaffold2	83724432	84012214	0.044187	0.020724	0.012285	0.030157
Superscaffold2	84012241	84480509	0.043635	0.012723	0.007855	0.027171
Superscaffold2	84480532	84818086	-0.257211	-0.108975	-0.061283	-0.206151
Superscaffold2	84818097	85116585	-0.020066	-0.007195	-0.004107	-0.008261
Superscaffold2	85116662	85449952	0.256402	0.084553	0.051201	0.188051
Superscaffold2	85450198	86130084	-0.029893	-0.009421	-0.005524	-0.016792
Superscaffold2	86130179	87274283	-0.122577	-0.053959	-0.030954	-0.070519
Superscaffold2	87274343	87653786	0.018189	0.007819	0.004648	0.010095
Superscaffold2	87653832	87900713	0.052240	0.025681	0.014192	0.041079
Superscaffold2	87900766	88126369	0.019220	0.010101	0.005839	0.013401
Superscaffold2	88126463	88496919	0.046019	0.019751	0.012972	0.030896
Superscaffold2	88496923	88779752	-0.248037	-0.125179	-0.072056	-0.140677
Superscaffold2	88779892	88955061	0.063724	0.042116	0.021455	0.051594
Superscaffold2	88955223	89307535	0.111205	0.067671	0.034839	0.072365
Superscaffold2	89307571	89649593	-0.170496	-0.079601	-0.040436	-0.122209
Superscaffold2	89650058	89940286	-0.047793	-0.018339	-0.011423	-0.031230
Superscaffold2	89940308	90273822	0.088125	0.041391	0.022028	0.062911
Superscaffold2	90273950	90558683	-0.404078	-0.430550	-0.159998	-0.245970
Superscaffold2	90558946	90867434	0.090324	0.042158	0.024745	0.059294
Superscaffold2	90867545	91202885	0.236902	0.096798	0.064950	0.159208
Superscaffold2	91202905	92185400	-0.007991	-0.004261	-0.002310	-0.000316
Superscaffold2	92185412	92596586	0.083348	0.033289	0.018938	0.068881
Superscaffold2	92596600	92996777	0.196848	0.087595	0.048581	0.154343
Superscaffold2	92996838	93686402	-0.460249	-0.284930	-0.128654	-0.353663
Superscaffold2	93686449	94047811	-0.101569	-0.049987	-0.026145	-0.060893
Superscaffold2	94047884	94439664	0.197607	0.106173	0.057350	0.135307
Superscaffold2	94439698	94786608	0.125262	0.069236	0.037594	0.088769
Superscaffold2	94786638	95130970	-0.164695	-0.068957	-0.041267	-0.119524
Superscaffold2	95131037	95381434	-0.384177	-0.230918	-0.121908	-0.263572
Superscaffold2	95381441	95649452	-0.075860	-0.038633	-0.024215	-0.042160
Superscaffold2	95649479	95875745	-0.123871	-0.093444	-0.052017	-0.067388
Superscaffold2	95875848	96121986	-0.163758	-0.081083	-0.053495	-0.094822
Superscaffold2	96122330	96411214	0.021450	0.012158	0.007138	0.014247
Superscaffold2	96411404	96654570	-0.015802	-0.012860	-0.006510	-0.010998
Superscaffold2	96654696	96896597	0.049042	0.046336	0.021224	0.033994
Superscaffold2	96896614	97177649	-0.067171	-0.046903	-0.024314	-0.043820
Superscaffold2	97177686	97357555	-0.134673	-0.152644	-0.073893	-0.079701
Superscaffold2	97357557	97510208	-0.188274	-0.143602	-0.071014	-0.109197
Superscaffold2	97510225	97766299	-0.190391	-0.167112	-0.083474	-0.112166
Superscaffold2	97766319	98082865	-0.015009	-0.010052	-0.005313	-0.008823
Superscaffold2	98082918	98287485	-0.054751	-0.052247	-0.024597	-0.030310
Superscaffold2	98287500	98686659	-0.105018	-0.052418	-0.034035	-0.069483
Superscaffold2	98686888	99094647	-0.064910	-0.039229	-0.024532	-0.041198
Superscaffold2	99094746	99304800	-0.305779	-0.229471	-0.107188	-0.205986
Superscaffold2	99304934	99556204	-0.081539	-0.053166	-0.031646	-0.041386
Superscaffold2	99556224	99737941	-0.042368	-0.040486	-0.023340	-0.026547
Superscaffold2	99737980	99892505	-0.112506	-0.107524	-0.064990	-0.062411
Superscaffold2	99892532	100202568	0.077020	0.058763	0.032270	0.052116
Superscaffold2	100202637	100587747	0.130500	0.080424	0.049984	0.073102
Superscaffold2	100588870	100861900	0.281200	0.235948	0.146919	0.113812
Superscaffold2	100861985	101086148	0.216068	0.256506	0.103950	0.121295
Superscaffold3	51217	324968	0.122179	0.085237	0.054701	0.074093
Superscaffold3	325060	553446	0.270610	0.221705	0.127081	0.180371
Superscaffold3	553496	791056	-0.355412	-0.254998	-0.144198	-0.238046
Superscaffold3	791076	986052	0.024223	0.019426	0.012603	0.012498
Superscaffold3	987170	1399079	-0.068007	-0.056632	-0.031619	-0.045072
Superscaffold3	1399092	1746744	0.115449	0.097746	0.061964	0.077936
Superscaffold3	1746776	2063475	-0.037953	-0.025116	-0.015427	-0.020319
Superscaffold3	2063478	2388141	-0.051023	-0.036495	-0.023462	-0.031938
Superscaffold3	2388180	2544066	0.037777	0.051874	0.029659	0.020951
Superscaffold3	2544068	2746457	-0.133461	-0.094903	-0.062145	-0.075354
Superscaffold3	2746459	2876162	0.097287	0.062499	0.039473	0.045596
Superscaffold3	2876165	3236913	0.137742	0.075575	0.051047	0.066928
Superscaffold3	3236930	3550382	-0.013083	-0.011521	-0.005778	-0.011721
Superscaffold3	3550384	3740903	0.146641	0.114024	0.057488	0.084736
Superscaffold3	3740914	3900613	0.167329	0.185975	0.095752	0.105844
Superscaffold3	3900614	4495032	0.138351	0.093016	0.047532	0.096658
Superscaffold3	4496111	5247727	-0.137959	-0.121888	-0.057287	-0.072130
Superscaffold3	5247749	5459738	-0.081612	-0.073856	-0.042737	-0.052610
Superscaffold3	5459743	5593853	0.095395	0.095990	0.054124	0.058362
Superscaffold3	5595297	5840059	0.041932	0.026142	0.016498	0.026080
Superscaffold3	5840120	6059083	-0.167643	-0.094940	-0.058615	-0.085526
Superscaffold3	6059110	6351044	-0.111888	-0.066741	-0.040642	-0.063686
Superscaffold3	6351059	6607037	-0.177552	-0.109591	-0.065203	-0.106064
Superscaffold3	6607050	6862873	0.152822	0.118606	0.068645	0.087207
Superscaffold3	6863025	7140150	0.084411	0.056765	0.033521	0.042073
Superscaffold3	7140231	7812641	0.184398	0.111341	0.057955	0.136478
Superscaffold3	7812722	8118242	-0.079031	-0.037041	-0.020387	-0.047210
Superscaffold3	8118298	8422771	0.260035	0.114176	0.064715	0.128326
Superscaffold3	8422942	9483471	-0.066355	-0.035430	-0.021454	-0.041718
Superscaffold3	9483498	9698248	0.058069	0.042225	0.024638	0.036551
Superscaffold3	9698266	9824791	-0.095417	-0.122096	-0.060094	-0.051385
Superscaffold3	9824814	10129145	-0.034374	-0.026650	-0.015892	-0.013086
Superscaffold3	10129452	10894146	-0.099817	-0.104443	-0.055570	-0.057557
Superscaffold3	10894161	11209860	-0.022382	-0.024921	-0.014620	-0.015805
Superscaffold3	11209871	11399818	-0.032342	-0.026522	-0.016340	-0.020580
Superscaffold3	11399839	11614440	0.105187	0.107176	0.063002	0.065117
Superscaffold3	11614485	11884030	0.270446	0.231836	0.133140	0.179945
Superscaffold3	11884048	12073773	0.094173	0.082121	0.049354	0.054496
Superscaffold3	12073806	12374532	0.023481	0.013940	0.008985	0.016702
Superscaffold3	12374558	12514179	0.005238	0.005849	0.002953	0.007323
Superscaffold3	12514182	12861191	0.086387	0.038767	0.027481	0.046744
Superscaffold3	12861486	13219538	0.069350	0.047591	0.026364	0.044418
Superscaffold3	13219561	13446418	-0.033963	-0.022178	-0.013694	-0.017942
Superscaffold3	13446516	14121618	0.103571	0.056011	0.036283	0.068921
Superscaffold3	14121887	14278675	0.019032	0.020690	0.011628	0.011523
Superscaffold3	14278724	14416622	0.041395	0.039311	0.022038	0.018627
Superscaffold3	14416625	14557663	0.087630	0.101734	0.063146	0.048404
Superscaffold3	14557664	14700335	-0.034166	-0.030983	-0.018934	-0.017183
Superscaffold3	14700348	14883293	0.012575	0.012093	0.007146	0.011848
Superscaffold3	14883344	15105183	-0.033776	-0.029661	-0.018058	-0.018491
Superscaffold3	15105257	15327956	0.147199	0.118274	0.070286	0.084105
Superscaffold3	15327970	15485211	-0.001276	-0.001131	-0.000681	0.002086
Superscaffold3	15485215	15657934	-0.077480	-0.082217	-0.044612	-0.045339
Superscaffold3	15658072	16200960	0.052876	0.037638	0.021219	0.046162
Superscaffold3	16200993	16718537	0.182854	0.116137	0.064692	0.119244
Superscaffold3	16718687	16929907	0.269398	0.263258	0.161672	0.172628
Superscaffold3	16930241	17269135	-0.116271	-0.112537	-0.056796	-0.070300
Superscaffold3	17269227	17564440	0.042785	0.028228	0.018603	0.034755
Superscaffold3	17564442	17817513	-0.062694	-0.045194	-0.027898	-0.033659
Superscaffold3	17817638	17981820	0.038609	0.033033	0.017639	0.024685
Superscaffold3	17981859	18259149	-0.061786	-0.051992	-0.024694	-0.039530
Superscaffold3	18259165	18840450	0.044769	0.025349	0.014355	0.027602
Superscaffold3	18840452	19446398	0.177534	0.091400	0.061149	0.102011
Superscaffold3	19446420	19625682	0.398226	0.290930	0.176105	0.233041
Superscaffold3	19626317	19828674	0.166312	0.134539	0.074486	0.101885
Superscaffold3	19828694	20010931	-0.020383	-0.013030	-0.008316	-0.016034
Superscaffold3	20010972	20196952	-0.055302	-0.037568	-0.023261	-0.022630
Superscaffold3	20196967	20411374	0.176009	0.115744	0.067677	0.090587
Superscaffold3	20411385	20634004	-0.078275	-0.056481	-0.031971	-0.045349
Superscaffold3	20634490	20829770	-0.158088	-0.161504	-0.083937	-0.096011
Superscaffold3	20829852	21037281	-0.041910	-0.027892	-0.016263	-0.023376
Superscaffold3	21037403	21574355	-0.322640	-0.317576	-0.143386	-0.220503
Superscaffold3	21574443	21911869	-0.021763	-0.027268	-0.013112	-0.014208
Superscaffold3	21911958	22048365	0.129319	0.117870	0.065433	0.079647
Superscaffold3	22048447	22197671	0.016675	0.011728	0.007676	0.007769
Superscaffold3	22199826	22416206	0.006813	0.004009	0.002733	0.007177
Superscaffold3	22416538	22697735	-0.122055	-0.063233	-0.037119	-0.063208
Superscaffold3	22697848	22943022	0.057154	0.025863	0.017231	0.027894
Superscaffold3	22943029	23159323	0.399575	0.253630	0.137137	0.297718
Superscaffold3	23159326	23396842	-0.144316	-0.088998	-0.055438	-0.071248
Superscaffold3	23396845	23554213	0.063728	0.050846	0.030418	0.033570
Superscaffold3	23554320	24028499	0.066276	0.035622	0.018809	0.043895
Superscaffold3	24028514	24191329	0.143913	0.110986	0.057329	0.076438
Superscaffold3	24191359	24685882	0.227528	0.146807	0.085291	0.127499
Superscaffold3	24685989	24992641	-0.061716	-0.049311	-0.026598	-0.032293
Superscaffold3	24992660	25325140	0.018644	0.012261	0.007547	0.010074
Superscaffold3	25325193	25433875	0.016959	0.019062	0.011381	0.009454
Superscaffold3	25433934	25656246	-0.054954	-0.042142	-0.025869	-0.031173
Superscaffold3	25660160	26237073	-0.177596	-0.121688	-0.060181	-0.112112
Superscaffold3	26237082	26453702	0.235979	0.191075	0.116575	0.178184
Superscaffold3	26453933	26650366	0.015430	0.008879	0.005284	0.007554
Superscaffold3	26650386	26804736	-0.109022	-0.066845	-0.037176	-0.077569
Superscaffold3	26804760	27034475	-0.147569	-0.098436	-0.052375	-0.109628
Superscaffold3	27034588	27296955	0.106607	0.058005	0.030794	0.069214
Superscaffold3	27296994	27680068	0.035487	0.021430	0.012365	0.020773
Superscaffold3	27680094	27974838	0.090917	0.041386	0.022920	0.063809
Superscaffold3	27975042	28276609	0.192518	0.087792	0.052405	0.106839
Superscaffold3	28276621	28519143	0.265479	0.173207	0.081429	0.197287
Superscaffold3	28519174	28691513	-0.099793	-0.057460	-0.026715	-0.069203
Superscaffold3	28691571	28880694	0.015318	0.008727	0.005199	0.008671
Superscaffold3	28880751	29127806	-0.143864	-0.058759	-0.033863	-0.101758
Superscaffold3	29127965	29487290	0.149203	0.048667	0.034669	0.108634
Superscaffold3	29487564	29707730	-0.004297	-0.001373	-0.000934	-0.002298
Superscaffold3	29707814	29935493	0.084187	0.042553	0.025228	0.047497
Superscaffold3	29935569	30401986	-0.049786	-0.020465	-0.012116	-0.033818
Superscaffold3	30402305	31119667	-0.143504	-0.065041	-0.035353	-0.100119
Superscaffold3	31119674	31326422	0.342396	0.207905	0.114695	0.261068
Superscaffold3	31326425	31600524	-0.096545	-0.039518	-0.021092	-0.075147
Superscaffold3	31600535	31982904	0.076130	0.030114	0.016696	0.058912
Superscaffold3	31982907	32254147	0.251617	0.135938	0.079080	0.161958
Superscaffold3	32254198	32500839	0.104350	0.054231	0.026324	0.067957
Superscaffold3	32500857	32925519	0.156186	0.053182	0.032117	0.090189
Superscaffold3	32925521	33192973	0.448865	0.277491	0.156494	0.285552
Superscaffold3	33193232	33386177	0.010694	0.004956	0.002887	0.005888
Superscaffold3	33386191	33623800	-0.140539	-0.118440	-0.055994	-0.084673
Superscaffold3	33623801	33948942	0.104825	0.060708	0.042140	0.056631
Superscaffold3	33949022	34296279	0.009466	0.003295	0.002196	0.001334
Superscaffold3	34296407	34483272	0.183171	0.107719	0.052902	0.116126
Superscaffold3	34483294	34950613	0.184319	0.080527	0.047388	0.132482
Superscaffold3	34950668	35231177	-0.597878	-0.370665	-0.205236	-0.466353
Superscaffold3	35231182	35468341	0.060804	0.019671	0.013364	0.037746
Superscaffold3	35468482	35676857	0.064958	0.025451	0.013823	0.021515
Superscaffold3	35676884	35998918	0.233100	0.136845	0.070153	0.104972
Superscaffold3	35999028	36234540	0.109471	0.064377	0.032904	0.072796
Superscaffold3	36234582	36714307	-0.100758	-0.033394	-0.018804	-0.066957
Superscaffold3	36714329	37168893	-0.053157	-0.044265	-0.022176	-0.034514
Superscaffold3	37168936	37462503	0.183383	0.094546	0.052432	0.109716
Superscaffold3	37462569	37723774	-0.271064	-0.109937	-0.069597	-0.181524
Superscaffold3	37723805	38028145	-0.248834	-0.068299	-0.047509	-0.103580
Superscaffold3	38028349	38210698	0.276273	0.235248	0.143360	0.181269
Superscaffold3	38210987	38355555	0.284309	0.298106	0.149101	0.208630
Superscaffold3	38355580	38671251	-0.169292	-0.138680	-0.073546	-0.094389
Superscaffold3	38671330	39086386	-0.086501	-0.025063	-0.015469	-0.060843
Superscaffold3	39086504	39721989	0.466445	0.098193	0.054226	0.446930
Superscaffold3	39722067	40198756	-0.081671	-0.030258	-0.017776	-0.062235
Superscaffold3	40198764	40449334	-0.611186	-0.408896	-0.189269	-0.527577
Superscaffold3	40449350	40994191	0.003220	0.001198	0.000690	0.007466
Superscaffold3	40994205	41432817	-0.013941	-0.003930	-0.002270	-0.009972
Superscaffold3	41433405	42039416	0.146185	0.045113	0.025530	0.118878
Superscaffold3	42040950	42397296	-0.134709	-0.051794	-0.028619	-0.117589
Superscaffold3	42397312	42924915	-0.267038	-0.105277	-0.066332	-0.206098
Superscaffold3	42925196	43353004	-0.012260	-0.003863	-0.002346	-0.007828
Superscaffold3	43353019	43735298	-0.278845	-0.132342	-0.072019	-0.210075
Superscaffold3	43735324	44189470	0.074857	0.029429	0.016064	0.037996
Superscaffold3	44189567	44607514	-0.049294	-0.011771	-0.007482	-0.041455
Superscaffold3	44607562	45006222	-0.128391	-0.036620	-0.024122	-0.094694
Superscaffold3	45006390	45399102	-0.041199	-0.012346	-0.007483	-0.027028
Superscaffold3	45399322	45645951	-0.100623	-0.090425	-0.030424	-0.069247
Superscaffold3	45645981	45908902	-0.556885	-0.690040	-0.216846	-0.422626
Superscaffold3	45909028	46159263	-0.260244	-0.195855	-0.100534	-0.149783
Superscaffold3	46159299	46276586	-0.132662	-0.170704	-0.089053	-0.075013
Superscaffold3	46276630	46428598	-0.042170	-0.040762	-0.021174	-0.024243
Superscaffold3	46428783	47076477	-0.097766	-0.059976	-0.033482	-0.058219
Superscaffold3	47076492	47332100	0.219889	0.114170	0.058079	0.130213
Superscaffold3	47332164	47546900	-0.030881	-0.017384	-0.009028	-0.019122
Superscaffold3	47546974	47849625	-0.196298	-0.099056	-0.043712	-0.097590
Superscaffold3	47849631	48309896	0.190110	0.087844	0.049251	0.151824
Superscaffold3	48309920	48635833	-0.184967	-0.064414	-0.035999	-0.139095
Superscaffold3	48635839	48843069	0.327676	0.294442	0.151019	0.216765
Superscaffold3	48843088	49074915	0.000993	0.000505	0.000295	0.001873
Superscaffold3	49075045	49327261	-0.084241	-0.033731	-0.018196	-0.047938
Superscaffold3	49327263	49580252	-0.226079	-0.101442	-0.060401	-0.138194
Superscaffold3	49580279	49835101	0.367553	0.241642	0.153551	0.255500
Superscaffold3	49835138	50191850	0.209339	0.110584	0.062052	0.146515
Superscaffold3	50191899	50473953	0.083330	0.046032	0.029043	0.053995
Superscaffold3	50473966	50812012	0.191309	0.101399	0.057594	0.125287
Superscaffold3	50812032	51287644	0.030684	0.009620	0.005971	0.012679
Superscaffold3	51287685	51693569	0.252312	0.091343	0.057375	0.183314
Superscaffold3	51693578	51942736	-0.021734	-0.013940	-0.006872	-0.014418
Superscaffold3	51942746	52202632	-0.049910	-0.031283	-0.017662	-0.027704
Superscaffold3	52202656	52481013	0.005615	0.002947	0.001403	0.006615
Superscaffold3	52481070	52873262	-0.160629	-0.053197	-0.030959	-0.098852
Superscaffold3	52873280	53216879	0.090977	0.025640	0.018018	0.054389
Superscaffold3	53216886	53421622	-0.054470	-0.039659	-0.019437	-0.032028
Superscaffold3	53421625	53735889	0.039000	0.022908	0.014066	0.024810
Superscaffold3	53737376	53993635	0.104376	0.075295	0.046014	0.055432
Superscaffold3	53993656	54239111	-0.346690	-0.312556	-0.149029	-0.224400
Superscaffold3	54239243	54660317	0.045727	0.021810	0.013212	0.027185
Superscaffold3	54660366	54877590	-0.113919	-0.105957	-0.054831	-0.065094
Superscaffold3	54877638	55141396	0.012959	0.008087	0.004860	0.006503
Superscaffold3	55141449	56001519	-0.103661	-0.044181	-0.027204	-0.064476
Superscaffold3	56001618	56298318	0.070801	0.030191	0.019830	0.043149
Superscaffold3	56298372	56580610	-0.037409	-0.021695	-0.013022	-0.028805
Superscaffold3	56580623	56759136	0.068507	0.040925	0.025090	0.040972
Superscaffold3	56759427	56917331	0.062711	0.030837	0.020863	0.036585
Superscaffold3	56918186	57317074	0.070224	0.021341	0.014747	0.045385
Superscaffold3	57317216	57598765	-0.143307	-0.075976	-0.040032	-0.076676
Superscaffold3	57598783	57800247	-0.343331	-0.192087	-0.100117	-0.213788
Superscaffold3	57800279	58244929	-0.119923	-0.045615	-0.028774	-0.075721
Superscaffold3	58244930	58625343	0.058893	0.019369	0.010372	0.035678
Superscaffold3	58625427	59080958	0.000713	0.000250	0.000141	0.002621
Superscaffold3	59080986	59296255	-0.057885	-0.042521	-0.022754	-0.034144
Superscaffold3	59296281	59479452	0.118585	0.106775	0.061609	0.068501
Superscaffold3	59479517	59723379	-0.007020	-0.005510	-0.003126	-0.002166
Superscaffold3	59723400	60098536	-0.069249	-0.032381	-0.019301	-0.043930
Superscaffold3	60098537	60540048	-0.069105	-0.054178	-0.029303	-0.043549
Superscaffold3	60540148	60774758	0.007617	0.006186	0.003298	0.006769
Superscaffold3	60774778	61325594	0.023401	0.009477	0.005778	0.017447
Superscaffold3	61325696	61670570	-0.007001	-0.004627	-0.002658	-0.004175
Superscaffold3	61671129	61897631	-0.243859	-0.152131	-0.079257	-0.141056
Superscaffold3	61897698	62379496	0.038003	0.021191	0.012360	0.022351
Superscaffold3	62379615	62671053	-0.091290	-0.084455	-0.046401	-0.049565
Superscaffold3	62671087	63399903	0.042339	0.024264	0.013336	0.039197
Superscaffold3	63403610	64160145	-0.300976	-0.217920	-0.102983	-0.187763
Superscaffold3	64160355	64626017	0.013158	0.006260	0.003577	0.009818
Superscaffold3	64626576	64920128	0.028327	0.012697	0.007848	0.023280
Superscaffold3	64920152	65215174	-0.088364	-0.094770	-0.048827	-0.051697
Superscaffold3	65215357	65397472	-0.128011	-0.164719	-0.082642	-0.077089
Superscaffold3	65397522	65618735	-0.087985	-0.111987	-0.057955	-0.051944
Superscaffold3	65618827	65790325	0.026000	0.035469	0.017894	0.015077
Superscaffold3	65790496	66001168	0.066245	0.040870	0.027762	0.032934
Superscaffold3	66001223	66572309	-0.066671	-0.022138	-0.013484	-0.049427
Superscaffold3	66572322	66930094	-0.130732	-0.050012	-0.029326	-0.084596
Superscaffold4	42832	322140	-0.124627	-0.166232	-0.086530	-0.071747
Superscaffold4	322158	646881	-0.170799	-0.245756	-0.109273	-0.092995
Superscaffold4	646970	898302	-0.039852	-0.033888	-0.019199	-0.020335
Superscaffold4	898324	1174693	-0.021853	-0.022321	-0.012130	-0.012823
Superscaffold4	1174768	1574241	0.092073	0.078125	0.045520	0.051714
Superscaffold4	1574326	2113265	-0.042169	-0.028497	-0.017630	-0.023687
Superscaffold4	2113273	2549762	0.010519	0.007074	0.004480	0.003404
Superscaffold4	2549968	2905744	-0.072345	-0.064277	-0.032758	-0.036898
Superscaffold4	2905979	3121860	0.023920	0.023293	0.013860	0.005318
Superscaffold4	3121871	3301438	-0.114931	-0.111386	-0.064038	-0.071360
Superscaffold4	3301439	3736916	-0.090604	-0.074412	-0.040289	-0.055191
Superscaffold4	3736990	3912565	-0.055369	-0.066558	-0.036159	-0.029365
Superscaffold4	3912579	4156282	0.057325	0.042764	0.020453	0.029933
Superscaffold4	4156339	4602448	-0.022540	-0.014152	-0.008011	-0.015392
Superscaffold4	4602809	5242342	0.047479	0.040733	0.024203	0.030817
Superscaffold4	5242462	5447504	-0.190400	-0.261438	-0.131676	-0.110441
Superscaffold4	5447518	6127745	-0.036088	-0.027644	-0.015641	-0.022923
Superscaffold4	6128433	6469750	-0.078984	-0.073618	-0.043184	-0.042407
Superscaffold4	6469849	6620882	0.043121	0.040254	0.024406	0.021510
Superscaffold4	6620939	6915085	-0.005841	-0.005228	-0.003228	-0.003574
Superscaffold4	6917045	7059083	-0.105153	-0.167493	-0.077264	-0.051830
Superscaffold4	7059272	7212714	-0.009842	-0.015036	-0.008226	-0.005926
Superscaffold4	7212735	7357758	0.015328	0.020613	0.010117	0.008133
Superscaffold4	7357966	7663119	-0.010196	-0.012916	-0.006304	-0.009145
Superscaffold4	7663157	7855903	-0.123398	-0.141101	-0.075493	-0.082723
Superscaffold4	7855923	7963457	0.013041	0.016814	0.009474	0.007540
Superscaffold4	7963505	8621739	0.059338	0.043816	0.024592	0.040170
Superscaffold4	8621741	8732267	0.000663	0.000913	0.000488	0.002835
Superscaffold4	8732319	8909236	0.086422	0.078673	0.049391	0.046197
Superscaffold4	8909239	9054164	-0.054065	-0.065310	-0.035003	-0.030953
Superscaffold4	9054174	9274895	0.000397	0.000346	0.000211	0.004537
Superscaffold4	9274898	9511509	-0.042129	-0.034470	-0.019000	-0.024430
Superscaffold4	9511547	9752605	0.001277	0.001107	0.000636	-0.000174
Superscaffold4	9752613	9931096	-0.162627	-0.169997	-0.097881	-0.093522
Superscaffold4	9931177	10060122	0.101313	0.120973	0.069173	0.057991
Superscaffold4	10060137	10543363	0.085036	0.052542	0.032914	0.054934
Superscaffold4	10543405	11284471	-0.073192	-0.038259	-0.023092	-0.035964
Superscaffold4	11284542	11449974	-0.004872	-0.005120	-0.002865	-0.001656
Superscaffold4	11449976	11605325	0.063997	0.068652	0.038389	0.037750
Superscaffold4	11605335	11806544	-0.227916	-0.291969	-0.114669	-0.169478
Superscaffold4	11806545	11967547	0.366966	0.344203	0.175000	0.247113
Superscaffold4	11967595	12163063	0.058504	0.044916	0.027896	0.036939
Superscaffold4	12163074	12326433	0.029049	0.033700	0.014500	0.021421
Superscaffold4	12326434	12570433	-0.129819	-0.113566	-0.059208	-0.072923
Superscaffold4	12570434	12814066	-0.015964	-0.014643	-0.008645	-0.006260
Superscaffold4	12814070	12979637	0.142693	0.151445	0.084546	0.088016
Superscaffold4	12979686	13110450	0.132879	0.165761	0.071948	0.074840
Superscaffold4	13110474	13256008	-0.105659	-0.109656	-0.058705	-0.054238
Superscaffold4	13256016	13428111	0.088712	0.079516	0.044306	0.050421
Superscaffold4	13428187	13654392	-0.132052	-0.095766	-0.046477	-0.061459
Superscaffold4	13654422	13842829	0.021066	0.022129	0.010277	0.011803
Superscaffold4	13842835	14155815	-0.325343	-0.461235	-0.150076	-0.206823
Superscaffold4	14155877	14365264	-0.006307	-0.007546	-0.003437	-0.004026
Superscaffold4	14365328	14573123	0.028349	0.023867	0.014593	0.013318
Superscaffold4	14573154	14760893	0.065949	0.049704	0.027998	0.048607
Superscaffold4	14760898	14960781	-0.078412	-0.057144	-0.031453	-0.040926
Superscaffold4	14960789	15229887	-0.123540	-0.094528	-0.060803	-0.090413
Superscaffold4	15229974	15936631	0.055577	0.046789	0.025650	0.032344
Superscaffold4	15936674	16138693	0.064103	0.070822	0.038789	0.032797
Superscaffold4	16138756	16356217	-0.096045	-0.088505	-0.048035	-0.053620
Superscaffold4	16356613	16672905	0.021496	0.017522	0.010231	0.012929
Superscaffold4	16672943	16933392	0.229855	0.178417	0.113665	0.132280
Superscaffold4	16933517	17354943	0.133354	0.100548	0.059153	0.077192
Superscaffold4	17355000	17587593	-0.137311	-0.124970	-0.072936	-0.073961
Superscaffold4	17587617	17790084	-0.158674	-0.174174	-0.094309	-0.095145
Superscaffold4	17790384	17939503	-0.101415	-0.111918	-0.067852	-0.065878
Superscaffold4	17939621	18246514	-0.078470	-0.052003	-0.032468	-0.043019
Superscaffold4	18246549	18474974	-0.046101	-0.037742	-0.022095	-0.033786
Superscaffold4	18475155	19143430	0.248192	0.073462	0.050691	0.180231
Superscaffold4	19143561	19400868	0.097997	0.049618	0.028702	0.064936
Superscaffold4	19400957	19689474	0.368326	0.166926	0.101113	0.274565
Superscaffold4	19689485	19946726	-0.166869	-0.107570	-0.052687	-0.078680
Superscaffold4	19946736	20124378	0.031757	0.023883	0.014819	0.019559
Superscaffold4	20124406	20371955	-0.100117	-0.084345	-0.043416	-0.064565
Superscaffold4	20372209	20690400	-0.026865	-0.017545	-0.010987	-0.018618
Superscaffold4	20690479	21001085	-0.132499	-0.079066	-0.046734	-0.075622
Superscaffold4	21001317	21423953	-0.206802	-0.123042	-0.067162	-0.133295
Superscaffold4	21423978	21703462	0.702599	0.379404	0.255401	0.620522
Superscaffold4	21703484	22036723	0.217114	0.151449	0.083724	0.171837
Superscaffold4	22036769	22196809	0.020715	0.019350	0.010915	0.008849
Superscaffold4	22196848	22355451	-0.002413	-0.002845	-0.001706	-0.001968
Superscaffold4	22355495	22514524	0.027037	0.022138	0.013258	0.016471
Superscaffold4	22514534	22661712	0.026670	0.022379	0.012865	0.015344
Superscaffold4	22661763	22816022	-0.242145	-0.357754	-0.131406	-0.144402
Superscaffold4	22816040	22939109	-0.039499	-0.041670	-0.023197	-0.020350
Superscaffold4	22939149	23143180	-0.052668	-0.052248	-0.029337	-0.024971
Superscaffold4	23143297	23310336	0.194177	0.164840	0.101200	0.111477
Superscaffold4	23310337	23540017	-0.009324	-0.008115	-0.004808	-0.005265
Superscaffold4	23540072	23685952	-0.041124	-0.038211	-0.020622	-0.024229
Superscaffold4	23685959	24034432	0.118561	0.075754	0.049335	0.076186
Superscaffold4	24034444	24538078	0.076609	0.031517	0.018272	0.048624
Superscaffold4	24538124	24805200	0.319952	0.193451	0.102027	0.218934
Superscaffold4	24805203	25099775	0.187123	0.100596	0.048160	0.136913
Superscaffold4	25099800	25342021	-0.045689	-0.029271	-0.017123	-0.026681
Superscaffold4	25342030	25560235	0.012521	0.009077	0.005819	0.008156
Superscaffold4	25560464	25736802	0.383810	0.206062	0.158277	0.261187
Superscaffold4	25736880	25975489	0.022791	0.017077	0.009288	0.018882
Superscaffold4	25975499	26419069	-0.008734	-0.005629	-0.003230	-0.008711
Superscaffold4	26419079	26635413	-0.009920	-0.008122	-0.003850	-0.011638
Superscaffold4	26635433	26835722	-0.102192	-0.100058	-0.059933	-0.065904
Superscaffold4	26835847	26920694	-0.022598	-0.027487	-0.016173	-0.015373
Superscaffold4	26920706	27127921	0.279965	0.204833	0.120222	0.197328
Superscaffold4	27127963	27428809	0.038359	0.016285	0.009958	0.026407
Superscaffold4	27428846	27584746	0.111379	0.079273	0.039891	0.088048
Superscaffold4	27584748	27788554	0.050485	0.025349	0.013165	0.037086
Superscaffold4	27788730	28046994	0.053416	0.027068	0.016371	0.032460
Superscaffold4	28047235	28379822	0.147172	0.114699	0.071893	0.076528
Superscaffold4	28380068	28650045	0.032804	0.029090	0.015358	0.016932
Superscaffold4	28650117	28885679	-0.048826	-0.039567	-0.022526	-0.024750
Superscaffold4	28885692	29083601	-0.088603	-0.046393	-0.029456	-0.047160
Superscaffold4	29083702	29303023	-0.161077	-0.090569	-0.057069	-0.096745
Superscaffold4	29303062	29522887	-0.027706	-0.029121	-0.015672	-0.007743
Superscaffold4	29522906	29762730	0.059960	0.046854	0.029523	0.038177
Superscaffold4	29762801	30101772	-0.003824	-0.003397	-0.001929	0.000300
Superscaffold4	30102193	30313757	0.116973	0.079489	0.048009	0.069675
Superscaffold4	30313783	30497734	-0.038874	-0.028513	-0.017609	-0.022233
Superscaffold4	30497755	30632216	-0.113236	-0.129307	-0.069786	-0.060353
Superscaffold4	30632228	30826147	-0.194623	-0.161040	-0.086022	-0.121399
Superscaffold4	30826148	31891360	-0.113624	-0.087106	-0.039477	-0.058702
Superscaffold4	31891450	32133249	0.222288	0.172247	0.096626	0.137217
Superscaffold4	32133297	32434315	0.151315	0.039253	0.025486	0.076551
Superscaffold4	32434337	32778810	0.108843	0.048284	0.027705	0.072895
Superscaffold4	32779152	33238302	0.178540	0.090484	0.054378	0.113456
Superscaffold4	33238317	33622365	0.073481	0.029015	0.016768	0.034075
Superscaffold4	33622426	33894958	0.104071	0.057656	0.031820	0.068925
Superscaffold4	33895040	34368640	-0.090720	-0.038415	-0.021931	-0.056910
Superscaffold4	34368644	34656457	-0.057200	-0.019250	-0.011774	-0.040473
Superscaffold4	34656460	35009697	0.004996	0.002064	0.001309	0.003853
Superscaffold4	35009824	35255525	0.023474	0.020808	0.011608	0.017004
Superscaffold4	35255573	35642523	-0.166938	-0.079172	-0.044029	-0.104833
Superscaffold4	35642754	36046072	0.066760	0.055220	0.031928	0.040204
Superscaffold4	36046147	36293148	-0.065410	-0.059288	-0.033700	-0.039583
Superscaffold4	36293158	36566574	0.134396	0.087912	0.051316	0.096751
Superscaffold4	36566607	37186807	0.206411	0.100228	0.067449	0.115646
Superscaffold4	37186818	37595843	-0.152431	-0.106435	-0.063492	-0.089072
Superscaffold4	37595860	38555392	0.122072	0.065109	0.043161	0.077262
Superscaffold4	38555484	39483739	-0.090970	-0.062594	-0.030978	-0.054092
Superscaffold4	39484275	39805252	-0.029519	-0.020491	-0.012840	-0.015370
Superscaffold4	39805254	40330563	-0.117568	-0.048611	-0.031303	-0.071851
Superscaffold4	40330576	40688637	0.029187	0.014908	0.008573	0.027537
Superscaffold4	40688684	40963675	0.030674	0.020081	0.012285	0.017220
Superscaffold4	40963680	41662672	-0.088953	-0.021811	-0.015567	-0.054674
Superscaffold4	41662742	42154280	-0.177370	-0.066231	-0.040498	-0.105007
Superscaffold4	42154335	42468443	0.103193	0.043267	0.026164	0.067968
Superscaffold4	42468627	43004928	0.017721	0.009811	0.005966	0.010229
Superscaffold4	43004930	43535225	-0.001818	-0.000789	-0.000492	-0.000841
Superscaffold4	43535319	43893850	0.222228	0.135961	0.070838	0.151878
Superscaffold4	43893891	44054840	-0.133240	-0.118528	-0.059655	-0.077267
Superscaffold4	44055005	44349863	0.064851	0.038801	0.022082	0.039882
Superscaffold4	44349867	44775976	-0.018692	-0.010602	-0.005536	-0.003873
Superscaffold4	44776004	45045127	0.250371	0.176557	0.083225	0.175377
Superscaffold4	45045193	45253495	-0.092048	-0.054962	-0.032763	-0.059581
Superscaffold4	45253531	45652991	-0.450589	-0.236075	-0.116051	-0.356384
Superscaffold4	45653304	46069165	-0.132643	-0.045480	-0.030742	-0.061280
Superscaffold4	46069179	46221692	-0.171532	-0.097566	-0.061259	-0.085997
Superscaffold4	46221709	46512125	0.151247	0.058291	0.037397	0.115900
Superscaffold4	46512133	46996289	-0.328635	-0.081812	-0.061198	-0.231389
Superscaffold4	46996369	47442196	-0.377094	-0.136844	-0.093114	-0.303581
Superscaffold4	47442261	47727179	0.355131	0.113056	0.089222	0.224613
Superscaffold4	47727233	48081599	0.071749	0.028621	0.018801	0.044442
Superscaffold4	48081767	48537620	0.208266	0.122621	0.075988	0.124290
Superscaffold4	48537675	48895287	0.300159	0.135548	0.084320	0.243043
Superscaffold4	48895459	49247797	0.259235	0.097760	0.056133	0.182735
Superscaffold4	49247843	49551743	0.302820	0.161328	0.088664	0.224740
Superscaffold4	49551757	49816299	0.059494	0.047707	0.026575	0.042854
Superscaffold4	49816316	50235495	0.060492	0.019720	0.011677	0.048186
Superscaffold4	50236200	50470718	-0.164101	-0.076020	-0.041030	-0.116788
Superscaffold4	50470762	50766846	0.497303	0.335090	0.191994	0.353540
Superscaffold4	50767214	50986458	-0.223250	-0.125164	-0.072848	-0.157291
Superscaffold4	50986531	51361810	0.272519	0.112442	0.071792	0.201292
Superscaffold4	51361919	51648217	0.127675	0.039705	0.026874	0.093373
Superscaffold4	51648250	52281951	-0.006048	-0.001380	-0.000817	-0.001112
Superscaffold4	52286210	52814360	0.045795	0.012634	0.007362	0.036285
Superscaffold4	52814367	53854806	0.254829	0.047000	0.031760	0.225072
Superscaffold4	53854816	54228158	0.188043	0.042060	0.027855	0.150209
Superscaffold4	54230718	54646017	-0.270668	-0.065303	-0.038456	-0.209947
Superscaffold4	54646066	55028463	-0.136688	-0.042114	-0.024960	-0.110592
Superscaffold4	55028481	55313668	0.325019	0.242739	0.112295	0.274581
Superscaffold4	55313744	55475474	-0.268583	-0.184212	-0.091301	-0.195610
Superscaffold4	55475476	55754324	-0.051082	-0.029345	-0.016966	-0.038535
Superscaffold4	55754350	55979256	0.154670	0.081589	0.050272	0.105172
Superscaffold4	55979346	56266374	0.073130	0.057666	0.027998	0.035234
Superscaffold4	56266538	56392923	-0.059240	-0.059138	-0.029478	-0.036652
Superscaffold4	56393045	56641180	-0.150755	-0.111818	-0.063802	-0.096725
Superscaffold4	56641435	56860287	-0.214712	-0.165957	-0.098917	-0.140732
Superscaffold4	56860352	57345160	0.197795	0.121786	0.077835	0.124168
Superscaffold4	57345514	57832035	-0.233842	-0.131126	-0.078051	-0.159759
Superscaffold4	57832169	58189013	-0.144993	-0.076593	-0.047572	-0.063428
Superscaffold4	58189043	58372404	-0.062176	-0.031232	-0.020704	-0.025869
Superscaffold4	58372454	58538742	-0.177884	-0.295121	-0.093526	-0.101224
Superscaffold4	58538758	58690734	-0.087021	-0.124649	-0.039418	-0.047701
Superscaffold4	58690757	58837329	-0.343773	-0.562613	-0.183686	-0.208667
Superscaffold4	58837330	59062306	-0.079119	-0.055546	-0.035083	-0.041838
Superscaffold4	59062420	59212813	0.243156	0.199102	0.103316	0.146005
Superscaffold4	59212869	59433272	0.194274	0.138678	0.085351	0.142209
Superscaffold4	59433337	59646746	-0.063358	-0.028106	-0.019339	-0.037316
Superscaffold4	59646923	59905671	0.101349	0.079361	0.045352	0.062085
Superscaffold4	59905686	60994131	-0.230506	-0.081486	-0.049928	-0.145115
Superscaffold4	60994139	61429838	-0.069860	-0.054962	-0.032700	-0.044617
Superscaffold4	61429885	61597506	-0.144921	-0.104819	-0.057792	-0.089208
Superscaffold4	61597556	61803910	0.095318	0.062098	0.037996	0.069296
Superscaffold4	61804271	62164356	-0.142545	-0.052049	-0.033996	-0.103379
Superscaffold4	62164365	62420241	-0.108727	-0.054309	-0.034724	-0.062561
Superscaffold4	62420721	62908184	-0.112568	-0.056660	-0.036369	-0.067234
Superscaffold4	62908411	63323861	0.100384	0.065695	0.038739	0.060161
Superscaffold4	63323865	63722921	-0.088667	-0.061217	-0.035307	-0.052130
Superscaffold4	63722922	63989218	-0.092054	-0.064500	-0.040287	-0.052979
Superscaffold4	63989223	64188311	0.251592	0.174317	0.119116	0.164887
Superscaffold4	64188364	64368842	0.012440	0.008197	0.004217	0.012489
Superscaffold4	64368953	64661114	-0.234043	-0.143580	-0.085266	-0.172635
Superscaffold4	64661256	65132572	0.116984	0.050034	0.032095	0.069318
Superscaffold4	65132617	65324177	-0.318212	-0.340362	-0.147153	-0.171785
Superscaffold4	65324180	65967020	-0.126900	-0.072395	-0.044479	-0.082090
Superscaffold4	65967207	66526680	-0.042545	-0.016929	-0.009922	-0.031288
Superscaffold4	66526687	66812168	-0.615683	-0.431152	-0.190683	-0.530164
Superscaffold4	66812278	67254638	0.002849	0.000817	0.000551	0.007999
Superscaffold4	67254740	67633890	0.002994	0.001407	0.000961	0.006102
Superscaffold4	67633893	68112021	-0.042918	-0.018872	-0.012190	-0.020866
Superscaffold4	68112189	68328062	0.168904	0.126836	0.080618	0.091289
Superscaffold4	68328076	68550518	-0.048955	-0.039711	-0.017644	-0.026528
Superscaffold4	68550604	68732625	0.185237	0.138376	0.085302	0.127451
Superscaffold4	68732644	69013225	0.215917	0.152850	0.097974	0.135499
Superscaffold4	69013322	69209138	-0.045490	-0.033558	-0.020783	-0.026274
Superscaffold4	69209299	69558766	-0.220031	-0.175562	-0.094399	-0.141467
Superscaffold4	69558815	69786098	-0.102116	-0.078343	-0.045981	-0.061300
Superscaffold4	69786127	69995504	-0.040838	-0.029560	-0.017321	-0.023027
Superscaffold4	69995951	70431007	-0.032255	-0.024881	-0.014702	-0.018862
Superscaffold4	70431016	70777787	0.005013	0.003943	0.002442	0.001361
Superscaffold4	70777793	71317404	0.049615	0.027289	0.016733	0.028069
Superscaffold4	71317447	71758737	-0.040345	-0.015929	-0.010231	-0.014767
Superscaffold4	71758762	72230763	-0.561401	-0.414228	-0.204853	-0.402631
Superscaffold4	72230814	72876594	0.134313	0.089968	0.042665	0.104617
Superscaffold4	72876758	73265335	0.058912	0.017486	0.010424	0.041741
Superscaffold4	73266507	73443017	0.116224	0.059732	0.037077	0.071029
Superscaffold4	73443019	73718255	0.346717	0.230636	0.134703	0.219176
Superscaffold4	73718277	74074192	0.184152	0.131239	0.080329	0.111881
Superscaffold4	74074206	74450651	-0.541796	-0.447183	-0.226176	-0.437626
Superscaffold4	74450669	74708086	0.074399	0.051445	0.033627	0.049313
Superscaffold4	74708115	74894109	0.067591	0.047702	0.030249	0.034753
Superscaffold4	74894157	75243873	0.026443	0.011558	0.006639	0.017698
Superscaffold4	75243882	75569578	0.150043	0.123018	0.078848	0.090031
Superscaffold4	75585759	75899702	0.469431	0.288138	0.188527	0.390088
Superscaffold4	75899989	76475851	0.176950	0.154580	0.077432	0.123005
Superscaffold4	76475868	76672208	0.036526	0.029343	0.014317	0.016587
Superscaffold4	76672227	77043496	0.212957	0.103978	0.061453	0.140827
Superscaffold4	77043497	77477586	0.447402	0.221745	0.112637	0.350059
Superscaffold4	77477603	77920448	0.366196	0.154823	0.076195	0.236059
Superscaffold4	77920475	78394352	0.045846	0.032841	0.020349	0.027226
Superscaffold4	78394414	78550303	0.012995	0.013892	0.007585	0.007355
Superscaffold4	78550326	78778089	0.088513	0.069661	0.037378	0.052729
Superscaffold4	78778102	79119296	0.149764	0.123751	0.070690	0.093607
Superscaffold4	79119329	79265350	0.204228	0.228703	0.160185	0.120772
Superscaffold4	79265462	80123283	0.005132	0.003145	0.001864	0.004965
Superscaffold4	80123341	80309299	-0.098185	-0.076378	-0.051814	-0.080716
Superscaffold4	80309365	80564121	-0.041811	-0.025203	-0.015109	-0.018615
Superscaffold4	80564127	80711791	0.048807	0.032963	0.021013	0.025991
Superscaffold4	80711977	81055246	0.025184	0.018278	0.009593	0.014665
Superscaffold4	81055513	81304490	0.076386	0.072804	0.037053	0.043618
Superscaffold4	81304504	81474259	0.089495	0.067494	0.036442	0.039490
Superscaffold4	81474288	81756956	-0.159845	-0.105237	-0.061133	-0.101822
Superscaffold4	81757218	82103898	-0.817509	-1.405468	-0.475948	-0.736077
Superscaffold4	82103905	82526908	-0.236531	-0.198871	-0.098638	-0.174385
Superscaffold4	82526970	82731674	-0.212025	-0.147385	-0.082243	-0.156867
Superscaffold4	82731920	82933543	0.241796	0.210697	0.135159	0.157872
Superscaffold4	82933544	83115456	-0.001315	-0.001084	-0.000667	-0.005388
Superscaffold4	83115457	83300858	-0.052428	-0.050713	-0.029110	-0.031088
Superscaffold4	83300877	83466886	-0.046753	-0.060199	-0.032831	-0.028782
Superscaffold4	83466897	83675586	0.084456	0.056896	0.037145	0.053471
Superscaffold4	83676348	84063713	0.117959	0.054906	0.037049	0.068238
Superscaffold4	84063739	84396961	0.114971	0.077418	0.053190	0.074202
Superscaffold4	84396965	84601341	-0.026933	-0.016859	-0.010681	-0.018095
Superscaffold4	84601398	84872236	-0.037136	-0.017446	-0.012191	-0.029761
Superscaffold4	84872264	85863839	0.074459	0.026432	0.018353	0.047096
Superscaffold4	85864053	86077450	-0.006103	-0.004350	-0.003196	-0.004272
Superscaffold4	86077456	86288741	-0.107157	-0.065933	-0.046343	-0.059841
Superscaffold4	86288885	86467651	-0.153961	-0.128749	-0.075938	-0.093952
Superscaffold5	5638	125451	-0.106572	-0.118736	-0.056121	-0.027645
Superscaffold5	125462	271382	0.043894	0.038060	0.020693	0.017807
Superscaffold5	271394	492994	0.036342	0.021078	0.013293	0.028170
Superscaffold5	493019	687293	0.016281	0.014505	0.008395	0.012691
Superscaffold5	687398	1078282	0.048640	0.028416	0.017290	0.037838
Superscaffold5	1078368	1332811	0.054673	0.035739	0.018352	0.030264
Superscaffold5	1332815	1571465	0.171366	0.107525	0.057275	0.111477
Superscaffold5	1571474	2067756	-0.154582	-0.054495	-0.033597	-0.108691
Superscaffold5	2067806	2292364	0.060600	0.049826	0.020219	0.033429
Superscaffold5	2292373	2668548	0.040578	0.025531	0.015328	0.025232
Superscaffold5	2668822	2941825	0.149876	0.121059	0.071365	0.090400
Superscaffold5	2941907	3426924	0.044451	0.015864	0.010618	0.022811
Superscaffold5	3427044	3603326	-0.005144	-0.003038	-0.001566	-0.005509
Superscaffold5	3603332	4035565	0.008151	0.003533	0.001978	0.006917
Superscaffold5	4035587	4608258	0.169171	0.111911	0.072725	0.109908
Superscaffold5	4608277	5308655	0.041635	0.017487	0.010399	0.024624
Superscaffold5	5308675	6219129	0.057065	0.010422	0.006945	0.041486
Superscaffold5	6219172	6641858	-0.083895	-0.022208	-0.013236	-0.061502
Superscaffold5	6641931	7243497	-0.150516	-0.116346	-0.049454	-0.094285
Superscaffold5	7243555	7541719	0.094694	0.048740	0.029330	0.066812
Superscaffold5	7541734	7841400	0.062056	0.027807	0.017181	0.032129
Superscaffold5	7841413	8205620	0.066557	0.053054	0.029681	0.038380
Superscaffold5	8205629	8566385	0.160849	0.146759	0.080446	0.115964
Superscaffold5	8566406	8820935	-0.156424	-0.116024	-0.062924	-0.091210
Superscaffold5	8821089	9035782	-0.200712	-0.188128	-0.091899	-0.139263
Superscaffold5	9035791	9238835	0.115435	0.084203	0.047226	0.064550
Superscaffold5	9238863	9430604	0.135883	0.102803	0.066295	0.086196
Superscaffold5	9430668	9589647	0.162336	0.129094	0.066486	0.107675
Superscaffold5	9589654	10218127	-0.121618	-0.068505	-0.041267	-0.066510
Superscaffold5	10218142	10678431	-0.026260	-0.014347	-0.009059	-0.020216
Superscaffold5	10678432	10828201	0.049031	0.033235	0.018728	0.019773
Superscaffold5	10828205	11019852	0.300786	0.282122	0.160326	0.200207
Superscaffold5	11019921	11292087	0.124932	0.081965	0.043443	0.084156
Superscaffold5	11292276	11575095	-0.199910	-0.144911	-0.066385	-0.115963
Superscaffold5	11575123	12535009	-0.014708	-0.010339	-0.006067	-0.001775
Superscaffold5	12535334	13540841	-0.170269	-0.078298	-0.051305	-0.109391
Superscaffold5	13540848	14110329	0.314703	0.222876	0.146190	0.226026
Superscaffold5	14110364	14304500	-0.082139	-0.082689	-0.039457	-0.049951
Superscaffold5	14304532	14479551	-0.029631	-0.025200	-0.013234	-0.015924
Superscaffold5	14479565	14787702	0.077332	0.045159	0.026579	0.036461
Superscaffold5	14787882	14955026	-0.070872	-0.042426	-0.024324	-0.047049
Superscaffold5	14955047	15174489	-0.028927	-0.017691	-0.008783	-0.019143
Superscaffold5	15174666	15500397	0.326165	0.174427	0.094056	0.180520
Superscaffold5	15500450	15870825	-0.173087	-0.094778	-0.051643	-0.097172
Superscaffold5	15870829	16350613	-0.385274	-0.204132	-0.108320	-0.271877
Superscaffold5	16350626	16643189	0.237253	0.154446	0.094444	0.132470
Superscaffold5	16643219	16981111	0.110734	0.058639	0.041322	0.068985
Superscaffold5	16981147	17422346	0.125178	0.064253	0.037688	0.085291
Superscaffold5	17422640	17651780	-0.189456	-0.205242	-0.088500	-0.112562
Superscaffold5	17651800	18006012	-0.096230	-0.046783	-0.028194	-0.067073
Superscaffold5	18006019	18142010	-0.080021	-0.079840	-0.042939	-0.041534
Superscaffold5	18142011	18285284	-0.158946	-0.161991	-0.089046	-0.094567
Superscaffold5	18285295	18572493	0.013367	0.008554	0.004910	0.010472
Superscaffold5	18572503	18917806	0.038824	0.023268	0.012231	0.024340
Superscaffold5	18917810	19262888	-0.009158	-0.005485	-0.003297	-0.002521
Superscaffold5	19263391	19506617	-0.132269	-0.065775	-0.037137	-0.087216
Superscaffold5	19506731	19826762	0.000930	0.000420	0.000226	0.002539
Superscaffold5	19826783	20108926	-0.012453	-0.006953	-0.003670	-0.002859
Superscaffold5	20108956	20393242	0.139888	0.062924	0.035222	0.082353
Superscaffold5	20393329	20919139	0.058411	0.038920	0.023295	0.045480
Superscaffold5	20919296	21184014	0.132709	0.090343	0.051588	0.088693
Superscaffold5	21184047	21493346	-0.069407	-0.047485	-0.023806	-0.040940
Superscaffold5	21493421	21632416	-0.202683	-0.263264	-0.110735	-0.109550
Superscaffold5	21632471	21951064	-0.123130	-0.117174	-0.054467	-0.075904
Superscaffold5	21951216	22142625	0.171436	0.107525	0.070105	0.102351
Superscaffold5	22142632	22404635	-0.386042	-0.357072	-0.168068	-0.290364
Superscaffold5	22404647	22931203	0.053579	0.029561	0.019186	0.032338
Superscaffold5	22931271	23289403	0.044598	0.019659	0.012307	0.026931
Superscaffold5	23289702	23729463	-0.191777	-0.112888	-0.071487	-0.123996
Superscaffold5	23729581	24383754	0.005275	0.003336	0.001645	0.003401
Superscaffold5	24383756	24702659	-0.202004	-0.086846	-0.057142	-0.156612
Superscaffold5	24702789	24964633	0.025506	0.013292	0.007362	0.021041
Superscaffold5	24964777	25285333	0.133735	0.073387	0.044460	0.106078
Superscaffold5	25285338	25585064	-0.223060	-0.120843	-0.075585	-0.137250
Superscaffold5	25585106	25953352	-0.009234	-0.004000	-0.002150	-0.009232
Superscaffold5	25953396	26481828	-0.018213	-0.008275	-0.004749	-0.009196
Superscaffold5	26481845	27418453	-0.024074	-0.008763	-0.005083	-0.008654
Superscaffold5	27418988	27722317	-0.019679	-0.007105	-0.004663	-0.009802
Superscaffold5	27722350	28255102	-0.083797	-0.032483	-0.019963	-0.047239
Superscaffold5	28255163	28477036	-0.274924	-0.225210	-0.133024	-0.158411
Superscaffold5	28477051	28729905	0.013399	0.008256	0.004252	0.008391
Superscaffold5	28729944	29090759	0.263463	0.096880	0.056486	0.186014
Superscaffold5	29091016	29326592	0.265994	0.123575	0.068979	0.175389
Superscaffold5	29326603	29643256	-0.389001	-0.115810	-0.079596	-0.304040
Superscaffold5	29643288	29852631	0.401110	0.248360	0.147327	0.284914
Superscaffold5	29853280	30048628	-0.024494	-0.011328	-0.007550	-0.010642
Superscaffold5	30048669	30262353	0.086531	0.039371	0.027086	0.044631
Superscaffold5	30262371	30626782	-0.329313	-0.135278	-0.090892	-0.235185
Superscaffold5	30626787	31038967	0.095508	0.030343	0.020312	0.076173
Superscaffold5	31039053	31299680	-0.433626	-0.297475	-0.130178	-0.352196
Superscaffold5	31299779	31585342	0.237378	0.107769	0.069426	0.165961
Superscaffold5	31585403	31942329	-0.185897	-0.118253	-0.056247	-0.125451
Superscaffold5	31942360	32285796	-0.471762	-0.178221	-0.111477	-0.394117
Superscaffold5	32285810	32870507	0.008764	0.005971	0.002680	0.011570
Superscaffold5	32870547	33113682	0.282991	0.133549	0.090449	0.192333
Superscaffold5	33113686	33331148	0.151221	0.102762	0.069523	0.091271
Superscaffold5	33331162	33665505	0.059653	0.034414	0.019182	0.044955
Superscaffold5	33665569	33987189	0.787673	0.473692	0.223937	0.760175
Superscaffold5	33987230	34135412	0.898277	0.782095	0.504610	0.867193
Superscaffold5	34135461	34507404	0.521994	0.250792	0.154121	0.458585
Superscaffold5	34507520	34869688	-0.142700	-0.045622	-0.026121	-0.104728
Superscaffold5	34869919	35201178	-0.219935	-0.086105	-0.052315	-0.178259
Superscaffold5	35202497	35484289	-0.271656	-0.125615	-0.064684	-0.190360
Superscaffold5	35484293	35737939	-0.011108	-0.004348	-0.002299	-0.011486
Superscaffold5	35737949	36062526	-0.191840	-0.075240	-0.042074	-0.146335
Superscaffold5	36063420	36467958	0.113532	0.037578	0.019258	0.090936
Superscaffold5	36468014	36765280	-0.027453	-0.008195	-0.005206	-0.014839
Superscaffold5	36765667	37076304	-0.015027	-0.009883	-0.005484	-0.003803
Superscaffold5	37076314	37446766	0.017344	0.007753	0.005323	0.011709
Superscaffold5	37446849	37707371	0.173086	0.064035	0.036061	0.122303
Superscaffold5	37707449	37934471	-0.026647	-0.016055	-0.008143	-0.022387
Superscaffold5	37934497	38237028	-0.011420	-0.003739	-0.002450	-0.003966
Superscaffold5	38238299	38585355	0.388473	0.136295	0.083923	0.301276
Superscaffold5	38585406	38852453	-0.041873	-0.029248	-0.014956	-0.029275
Superscaffold5	38852465	39399336	0.047229	0.027116	0.017808	0.022952
Superscaffold5	39399363	39736222	-0.179658	-0.117658	-0.068412	-0.108329
Superscaffold5	39736239	40102170	0.108710	0.073557	0.041926	0.059822
Superscaffold5	40102343	40730560	-0.069872	-0.040179	-0.024258	-0.050450
Superscaffold5	40730567	41416318	-0.159695	-0.072187	-0.042020	-0.116306
Superscaffold5	41416356	41908665	-0.056199	-0.028326	-0.015581	-0.029882
Superscaffold5	41908774	42280264	-0.063580	-0.020525	-0.012214	-0.047112
Superscaffold5	42280279	42838134	0.286275	0.099785	0.058734	0.205700
Superscaffold5	42839073	43143827	-0.140749	-0.081379	-0.052342	-0.099826
Superscaffold5	43143866	43419404	-0.258055	-0.109610	-0.067467	-0.166660
Superscaffold5	43419414	43674796	-0.017210	-0.006843	-0.004347	-0.011065
Superscaffold5	43674808	43951186	-0.254037	-0.099670	-0.064699	-0.185023
Superscaffold5	43951199	44251002	-0.077426	-0.031644	-0.022589	-0.050862
Superscaffold5	44251094	44577129	0.175204	0.079910	0.053837	0.104213
Superscaffold5	44577145	44768519	0.186486	0.080516	0.046728	0.090624
Superscaffold5	44768836	45016889	0.201841	0.110941	0.066061	0.134458
Superscaffold5	45016944	45525716	0.375751	0.257220	0.158201	0.246219
Superscaffold5	45525847	45746360	-0.122980	-0.080584	-0.046963	-0.083821
Superscaffold5	45746462	46147640	0.113163	0.077898	0.046834	0.078398
Superscaffold5	46147768	46545797	-0.019601	-0.012947	-0.006569	-0.006839
Superscaffold5	46545804	46785970	-0.004814	-0.003793	-0.001686	0.002743
Superscaffold5	46786122	47081081	0.047784	0.030204	0.016588	0.026645
Superscaffold5	47081119	47406335	0.194502	0.069436	0.045546	0.156320
Superscaffold5	47406467	47759808	-0.169286	-0.067419	-0.038141	-0.113988
Superscaffold5	47759917	48111106	0.101009	0.044285	0.023211	0.067031
Superscaffold5	48111188	48449236	0.260894	0.116135	0.063668	0.179973
Superscaffold5	48449243	48707866	0.307657	0.135618	0.078258	0.212429
Superscaffold5	48708642	49105932	0.039063	0.020964	0.011000	0.024349
Superscaffold5	49105957	49431155	0.567852	0.386657	0.262656	0.410130
Superscaffold5	49431202	49730319	0.489620	0.295913	0.212853	0.317927
Superscaffold5	49730374	49976773	0.246911	0.176745	0.077512	0.136546
Superscaffold5	49976810	50280621	0.001617	0.001015	0.000564	0.005769
Superscaffold5	50280642	50524302	0.088141	0.056137	0.028677	0.060769
Superscaffold5	50524339	50784128	0.004509	0.002206	0.001170	0.002735
Superscaffold5	50786870	50987734	0.566493	0.374161	0.176365	0.444964
Superscaffold5	50987744	51266573	0.167171	0.074329	0.043559	0.101084
Superscaffold5	51266667	51526223	0.246689	0.128648	0.075220	0.141876
Superscaffold5	51526225	51747378	-0.016239	-0.012929	-0.005953	-0.014888
Superscaffold5	51747421	52041736	-0.504775	-0.380096	-0.189157	-0.377577
Superscaffold5	52041792	52296905	-0.360339	-0.247702	-0.136991	-0.219411
Superscaffold5	52296910	52535740	0.293440	0.188966	0.110418	0.206013
Superscaffold5	52535814	52741027	0.521969	0.401126	0.211728	0.383214
Superscaffold5	52741093	52857522	-0.006586	-0.007530	-0.004123	-0.002573
Superscaffold5	52857534	53030036	-0.110607	-0.090189	-0.048986	-0.052933
Superscaffold5	53030307	53231608	0.081107	0.042794	0.025611	0.052868
Superscaffold5	53231640	53523660	-0.075112	-0.032894	-0.019993	-0.038388
Superscaffold5	53523670	53893682	-0.097753	-0.073926	-0.037921	-0.045664
Superscaffold5	53893741	54483741	0.069473	0.025610	0.015820	0.047044
Superscaffold5	54483829	55257400	-0.134101	-0.082330	-0.045831	-0.078403
Superscaffold5	55257662	55830456	0.005599	0.002474	0.001347	0.002308
Superscaffold5	55830462	56107321	-0.095923	-0.057021	-0.031785	-0.060565
Superscaffold5	56107371	56302224	0.079043	0.069485	0.037902	0.052140
Superscaffold5	56302249	56641866	0.044237	0.026876	0.010515	0.023287
Superscaffold5	56641965	56973348	-0.025734	-0.014654	-0.007683	-0.015428
Superscaffold5	56973349	57324767	-0.059732	-0.030857	-0.020733	-0.040348
Superscaffold5	57324893	57516408	0.132332	0.068846	0.035179	0.074343
Superscaffold5	57516460	57858497	-0.037951	-0.019024	-0.011464	-0.018927
Superscaffold5	57858550	58307398	-0.019186	-0.006523	-0.003864	-0.016615
Superscaffold5	58307404	58625183	0.246251	0.102922	0.063926	0.170140
Superscaffold5	58625193	59007313	0.085304	0.024039	0.014661	0.055013
Superscaffold5	59007386	59346503	-0.075866	-0.025431	-0.014910	-0.047533
Superscaffold5	59346902	59884082	-0.039364	-0.015053	-0.008212	-0.024692
Superscaffold5	59884382	60323207	-0.207909	-0.074595	-0.043002	-0.151273
Superscaffold5	60323289	60888001	-0.113884	-0.038171	-0.023350	-0.087509
Superscaffold5	60888182	61415636	0.152742	0.064024	0.041139	0.124389
Superscaffold5	61415712	61804962	0.276197	0.113712	0.066634	0.211260
Superscaffold5	61804972	62179442	0.265101	0.131212	0.082231	0.172240
Superscaffold5	62179460	62437022	0.291876	0.142004	0.095470	0.204926
Superscaffold5	62437042	62848029	0.130471	0.039457	0.025984	0.087869
Superscaffold5	62849050	63171944	0.209664	0.101260	0.058729	0.128303
Superscaffold5	63171972	63454165	0.095577	0.042740	0.027510	0.065302
Superscaffold5	63454207	63742874	0.102543	0.052746	0.028896	0.062667
Superscaffold5	63742911	63923505	0.013569	0.011532	0.007264	0.010562
Superscaffold5	63923615	64306067	-0.475296	-0.404659	-0.216265	-0.398438
Superscaffold5	64306185	64908891	-0.015880	-0.006483	-0.003835	-0.004273
Superscaffold5	64908957	65202401	-0.153182	-0.081240	-0.037076	-0.109392
Superscaffold5	65202485	65583013	0.101220	0.047642	0.027631	0.074332
Superscaffold5	65583026	65979714	0.098432	0.032662	0.018926	0.074683
Superscaffold5	65980112	66435735	0.105496	0.033305	0.019524	0.074286
Superscaffold5	66435780	66760116	-0.119818	-0.046637	-0.027198	-0.072966
Superscaffold5	66760185	67110182	-0.077228	-0.034515	-0.021149	-0.045466
Superscaffold5	67110618	67595359	0.035515	0.013170	0.007842	0.019762
Superscaffold5	67595392	68395696	-0.074786	-0.035133	-0.020561	-0.035059
Superscaffold5	68406565	68768085	0.014977	0.007821	0.004843	0.011447
Superscaffold5	68768096	69750509	0.007997	0.004936	0.002847	0.003958
Superscaffold5	69750519	70286102	-0.038047	-0.019950	-0.012014	-0.019785
Superscaffold5	70286115	71110530	-0.121549	-0.081635	-0.042484	-0.076488
Superscaffold5	71110539	71434127	0.059531	0.023191	0.014684	0.042180
Superscaffold5	71434172	71934071	0.114510	0.062047	0.039239	0.078175
Superscaffold5	71934124	72364562	-0.085995	-0.043180	-0.025696	-0.060831
Superscaffold5	72364638	72841704	0.041166	0.023428	0.015049	0.020262
Superscaffold5	72841706	73126445	-0.173081	-0.182349	-0.067587	-0.120868
Superscaffold5	73126504	73296482	0.118853	0.089685	0.053171	0.073813
Superscaffold5	73296692	73547557	-0.176877	-0.195569	-0.086985	-0.101912
Superscaffold5	73547571	73782979	0.310334	0.167472	0.108134	0.174085
Superscaffold5	73783016	74074110	-0.257135	-0.174016	-0.097567	-0.174365
Superscaffold5	74074438	74433775	0.254824	0.149743	0.079720	0.192004
Superscaffold5	74433795	74697714	0.227729	0.141188	0.083859	0.160709
Superscaffold5	74697816	75055028	-0.241685	-0.117655	-0.068151	-0.156786
Superscaffold5	75055083	75518197	0.240852	0.148509	0.095490	0.152317
Superscaffold5	75518262	75936184	0.114963	0.049099	0.033029	0.060797
Superscaffold5	75936236	76189989	0.130656	0.066415	0.045817	0.084494
Superscaffold5	76190005	76418136	-0.072007	-0.045573	-0.025296	-0.040111
Superscaffold5	76418140	76727522	0.118622	0.055180	0.032754	0.075677
Superscaffold5	76727544	76993095	-0.007841	-0.007345	-0.003541	-0.002291
Superscaffold5	76993096	77210069	0.081062	0.069242	0.035647	0.052362
Superscaffold5	77210070	77481611	-0.009995	-0.010022	-0.005019	-0.005767
Superscaffold5	77481637	77713603	0.020649	0.012858	0.007061	0.007919
Superscaffold5	77713640	77941331	0.045899	0.027791	0.016894	0.032822
Superscaffold5	77941414	78114836	0.227866	0.183089	0.093171	0.148595
Superscaffold5	78114875	78285326	-0.259415	-0.206341	-0.093452	-0.160832
Superscaffold5	78285632	78630231	-0.235565	-0.104766	-0.064619	-0.165074
Superscaffold5	78630263	78954558	-0.114521	-0.051109	-0.032441	-0.086986
Superscaffold5	78954580	79220100	-0.022021	-0.015037	-0.007972	-0.014666
Superscaffold5	79220290	79502330	-0.068973	-0.046652	-0.029464	-0.043347
Superscaffold5	79502334	79937714	-0.052915	-0.033912	-0.018153	-0.030011
Superscaffold5	79938440	80260636	0.194623	0.062533	0.045723	0.142190
Superscaffold5	80260639	80558903	0.012298	0.008171	0.005289	0.004968
Superscaffold5	80558907	80858985	0.180798	0.123587	0.069421	0.120466
Superscaffold5	80859391	81064606	-0.106683	-0.129742	-0.059178	-0.058835
Superscaffold5	81064611	81433056	-0.113468	-0.087802	-0.050631	-0.065291
Superscaffold5	81433102	81681299	-0.207481	-0.234565	-0.119555	-0.129051
Superscaffold5	81681329	81903563	-0.083907	-0.063320	-0.038009	-0.044568
Superscaffold5	81903591	82263051	0.113636	0.079463	0.042704	0.064216
Superscaffold6	45715	531000	0.006925	0.002502	0.001747	0.010615
Superscaffold6	531017	830375	0.032334	0.020046	0.010485	0.019006
Superscaffold6	830393	1048745	0.287359	0.193651	0.134751	0.168705
Superscaffold6	1053992	1257041	0.040055	0.033784	0.020527	0.021522
Superscaffold6	1257134	1528792	-0.165073	-0.087026	-0.054263	-0.090306
Superscaffold6	1528915	1852413	-0.011570	-0.006614	-0.003531	-0.005464
Superscaffold6	1852539	2156765	0.020476	0.009846	0.005945	0.014491
Superscaffold6	2156800	2406303	0.050301	0.028979	0.016769	0.033342
Superscaffold6	2406498	2668871	-0.035437	-0.021914	-0.013217	-0.019463
Superscaffold6	2668875	3013283	-0.044682	-0.019116	-0.011209	-0.030194
Superscaffold6	3013291	3355576	-0.001144	-0.000471	-0.000276	-0.000171
Superscaffold6	3355858	3728000	0.031686	0.014797	0.009240	0.019893
Superscaffold6	3728166	4102367	0.042367	0.023494	0.013490	0.027777
Superscaffold6	4102402	4873685	-0.016418	-0.007608	-0.004604	-0.014776
Superscaffold6	4873721	5008129	0.168561	0.107719	0.068941	0.114303
Superscaffold6	5008156	5298706	-0.159556	-0.087786	-0.048867	-0.103391
Superscaffold6	5298711	5556914	0.018209	0.009830	0.005657	0.013290
Superscaffold6	5556928	5972174	-0.006275	-0.003194	-0.001714	-0.004920
Superscaffold6	5972283	6393505	0.299538	0.105469	0.067738	0.229370
Superscaffold6	6393594	6674585	0.145973	0.066725	0.041580	0.084863
Superscaffold6	6674672	6904583	0.032494	0.014361	0.009096	0.014636
Superscaffold6	6904667	7041049	0.322425	0.308073	0.189786	0.189462
Superscaffold6	7041072	7362487	-0.096848	-0.042758	-0.026633	-0.048233
Superscaffold6	7362526	7754655	0.049682	0.028283	0.016990	0.026749
Superscaffold6	7754904	8084880	0.312587	0.119275	0.077270	0.193295
Superscaffold6	8085228	8289411	0.048510	0.030817	0.018617	0.025558
Superscaffold6	8289595	8532710	0.078840	0.050963	0.031948	0.046901
Superscaffold6	8532712	8989124	0.187321	0.077361	0.053640	0.115746
Superscaffold6	8989146	9440816	0.575935	0.308218	0.180925	0.447994
Superscaffold6	9440821	9825026	0.052330	0.016663	0.010549	0.046010
Superscaffold6	9825060	10234532	-0.011864	-0.003405	-0.002147	-0.007423
Superscaffold6	10234533	10710331	0.039452	0.011379	0.007228	0.031169
Superscaffold6	10710414	11414002	-0.000583	-0.000257	-0.000155	0.000346
Superscaffold6	11414017	11784593	-0.333696	-0.137840	-0.080130	-0.259956
Superscaffold6	11784643	12234281	0.162480	0.053691	0.034030	0.105004
Superscaffold6	12234392	12639160	-0.145474	-0.053300	-0.028556	-0.090476
Superscaffold6	12639897	13114421	-0.099289	-0.037554	-0.021093	-0.068181
Superscaffold6	13114457	13380030	0.153596	0.078146	0.039639	0.107746
Superscaffold6	13380041	13849992	0.108562	0.055524	0.031129	0.082070
Superscaffold6	13850005	14066215	0.208365	0.114437	0.059010	0.147286
Superscaffold6	14066403	14428948	-0.061374	-0.035122	-0.018337	-0.037655
Superscaffold6	14428952	14583190	-0.114903	-0.088836	-0.039322	-0.059116
Superscaffold6	14583197	14778647	-0.027193	-0.023846	-0.010983	-0.017274
Superscaffold6	14779468	15074911	0.267047	0.124013	0.067581	0.170621
Superscaffold6	15075010	15490909	0.069765	0.028541	0.014976	0.039791
Superscaffold6	15491882	15756934	-0.109223	-0.052091	-0.023999	-0.073321
Superscaffold6	15756987	15976869	0.610734	0.360715	0.223376	0.502306
Superscaffold6	15976936	16253922	-0.111460	-0.052238	-0.028732	-0.087726
Superscaffold6	16253969	16471647	-0.711391	-0.500562	-0.239321	-0.617528
Superscaffold6	16473217	17074096	-0.202119	-0.071754	-0.034490	-0.166175
Superscaffold6	17074101	17438033	0.325025	0.130701	0.072118	0.226247
Superscaffold6	17438055	17753823	-0.197061	-0.077287	-0.041034	-0.168783
Superscaffold6	17753856	18269622	0.489618	0.210609	0.124694	0.407247
Superscaffold6	18269630	18566249	0.206813	0.077441	0.051993	0.149978
Superscaffold6	18566265	18879501	0.110051	0.044506	0.026112	0.083423
Superscaffold6	18879503	19192667	0.173957	0.089137	0.040707	0.107351
Superscaffold6	19192675	19469629	0.454940	0.234977	0.115591	0.364764
Superscaffold6	19469649	19828878	-0.005271	-0.001876	-0.001087	-0.004729
Superscaffold6	19828954	20252669	0.022256	0.009842	0.005084	0.025267
Superscaffold6	20252679	20634011	0.281896	0.090978	0.061208	0.200211
Superscaffold6	20634281	21025975	-0.194802	-0.053146	-0.033666	-0.129142
Superscaffold6	21025991	21372641	0.007503	0.003817	0.001888	-0.000100
Superscaffold6	21372736	21618641	0.713792	0.423380	0.218687	0.621890
Superscaffold6	21618695	21999442	0.387806	0.199775	0.102407	0.305136
Superscaffold6	21999627	22332115	0.419629	0.225480	0.126936	0.263850
Superscaffold6	22332145	22585525	-0.181456	-0.087650	-0.046149	-0.157694
Superscaffold6	22585526	23045400	0.297887	0.148053	0.081219	0.262882
Superscaffold6	23045451	23376091	-0.526780	-0.339119	-0.188401	-0.448846
Superscaffold6	23376122	24039153	-0.453712	-0.199502	-0.110459	-0.403882
Superscaffold6	24039178	24621735	-0.063735	-0.018850	-0.012229	-0.052306
Superscaffold6	24621743	25281011	-0.471570	-0.244598	-0.114651	-0.409563
Superscaffold6	25281031	25552290	0.192131	0.106205	0.067422	0.152012
Superscaffold6	25552298	25924597	0.318346	0.125798	0.072211	0.265575
Superscaffold6	25924691	26366221	0.116690	0.032901	0.020559	0.087987
Superscaffold6	26366261	26725991	0.311907	0.103312	0.066414	0.209938
Superscaffold6	26726426	27057898	0.447502	0.174873	0.116632	0.339543
Superscaffold6	27057955	27354711	0.046266	0.014753	0.009573	0.031442
Superscaffold6	27354758	27769290	-0.227366	-0.077771	-0.042678	-0.185538
Superscaffold6	27769336	28216708	-0.310313	-0.101090	-0.058491	-0.237214
Superscaffold6	28216782	28604597	-0.310525	-0.087751	-0.052026	-0.261206
Superscaffold6	28605067	28820721	0.415489	0.232820	0.148148	0.297100
Superscaffold6	28820747	29069596	-0.095183	-0.061830	-0.028576	-0.065840
Superscaffold6	29069618	29359641	0.307325	0.153232	0.081905	0.209538
Superscaffold6	29360009	29829828	-0.137989	-0.049175	-0.029688	-0.088814
Superscaffold6	29829868	30187818	0.059136	0.018088	0.010282	0.036693
Superscaffold6	30189580	30907458	-0.007974	-0.003129	-0.001921	-0.000456
Superscaffold6	30907538	31189494	0.161427	0.057239	0.038102	0.091931
Superscaffold6	31189516	31417675	-0.118152	-0.039493	-0.024154	-0.067851
Superscaffold6	31417714	31652301	-0.217088	-0.123370	-0.075273	-0.137656
Superscaffold6	31652357	31930875	0.014365	0.007195	0.004253	0.008588
Superscaffold6	31930935	32071701	0.572403	0.394914	0.270064	0.475733
Superscaffold6	32071702	32284475	0.490661	0.296677	0.193641	0.375987
Superscaffold6	32285103	32507134	0.386519	0.214302	0.128283	0.326647
Superscaffold6	32507173	32765719	-0.098516	-0.047033	-0.026523	-0.058248
Superscaffold6	32765743	32950888	0.166369	0.108314	0.060480	0.095126
Superscaffold6	32951073	33443027	0.006039	0.003321	0.001920	0.005464
Superscaffold6	33443748	33927235	-0.269043	-0.091714	-0.055733	-0.173689
Superscaffold6	33927380	34401188	-0.048781	-0.014566	-0.008485	-0.035451
Superscaffold6	34401189	34959895	-0.226845	-0.120431	-0.066408	-0.134926
Superscaffold6	34959905	35431128	0.039559	0.014629	0.008727	0.029220
Superscaffold6	35431137	35773361	0.018722	0.016593	0.007952	0.018956
Superscaffold6	35773384	35995361	0.256426	0.166759	0.081956	0.163662
Superscaffold6	35995447	36255955	0.110439	0.050140	0.028703	0.081588
Superscaffold6	36255997	36603851	-0.309352	-0.121950	-0.066764	-0.224103
Superscaffold6	36603990	36993729	-0.023239	-0.006903	-0.003863	-0.018252
Superscaffold6	36993930	37449588	-0.189654	-0.065807	-0.038276	-0.147286
Superscaffold6	37449681	38051361	0.188902	0.080659	0.044136	0.116920
Superscaffold6	38051477	38332382	0.025247	0.012749	0.006081	0.019049
Superscaffold6	38332391	38729351	-0.003887	-0.001377	-0.000794	-0.003625
Superscaffold6	38729413	39092713	-0.363689	-0.131623	-0.078139	-0.295614
Superscaffold6	39092720	39481036	-0.364040	-0.141893	-0.086605	-0.277597
Superscaffold6	39481089	39790048	-0.053461	-0.021617	-0.012286	-0.032702
Superscaffold6	39790095	40200093	0.062017	0.023334	0.012983	0.050803
Superscaffold6	40200114	40753637	0.129943	0.050884	0.030507	0.084467
Superscaffold6	40753726	41109660	0.129570	0.065594	0.040826	0.078461
Superscaffold6	41109730	41367031	0.139742	0.066648	0.039729	0.075135
Superscaffold6	41367165	41645792	0.261531	0.200092	0.103944	0.186820
Superscaffold6	41645795	42009687	-0.382255	-0.174138	-0.090406	-0.291216
Superscaffold6	42009694	42342537	0.280647	0.179358	0.111789	0.153550
Superscaffold6	42342546	42659439	0.145003	0.092752	0.048318	0.100117
Superscaffold6	42659528	42878133	0.419151	0.255298	0.160717	0.259190
Superscaffold6	42878192	43139883	-0.027694	-0.015553	-0.009781	-0.019863
Superscaffold6	43139887	43555716	-0.064805	-0.030742	-0.019020	-0.039896
Superscaffold6	43555834	43879385	-0.263934	-0.132539	-0.071546	-0.166580
Superscaffold6	43879584	44171806	-0.130767	-0.055107	-0.031570	-0.079323
Superscaffold6	44171872	44481880	-0.068930	-0.028878	-0.015761	-0.041602
Superscaffold6	44481882	44721294	0.056017	0.036788	0.018517	0.038536
Superscaffold6	44721676	45151991	0.084056	0.032564	0.019422	0.058076
Superscaffold6	45152321	45539366	0.065793	0.023217	0.014925	0.059748
Superscaffold6	45539393	45758731	0.047879	0.028760	0.018631	0.032401
Superscaffold6	45758746	45970159	0.248098	0.172199	0.108359	0.162797
Superscaffold6	45970162	46288105	-0.055775	-0.032896	-0.021070	-0.026192
Superscaffold6	46288535	46489568	-0.184724	-0.184266	-0.113439	-0.107774
Superscaffold6	46489692	46869157	0.106260	0.090005	0.045466	0.062664
Superscaffold6	46869167	47216513	0.147535	0.060322	0.037267	0.077270
Superscaffold6	47216640	47565306	-0.024811	-0.014062	-0.008223	-0.021508
Superscaffold6	47565329	48165561	0.100268	0.031244	0.019488	0.063401
Superscaffold6	48165647	48769341	0.166053	0.078620	0.042223	0.118448
Superscaffold6	48769348	48983368	0.280009	0.131500	0.092348	0.164696
Superscaffold6	48983417	49293560	0.286415	0.193872	0.095701	0.220967
Superscaffold6	49293843	49478299	0.172973	0.099684	0.058948	0.071341
Superscaffold6	49478343	49727294	-0.039528	-0.019165	-0.009825	-0.026551
Superscaffold6	49727376	50045122	0.099520	0.037731	0.021070	0.058490
Superscaffold6	50045141	50329059	0.035195	0.019691	0.010793	0.025090
Superscaffold6	50329099	50603385	0.020110	0.012471	0.006904	0.010659
Superscaffold6	50603551	50801118	-0.017659	-0.011701	-0.006065	-0.009955
Superscaffold6	50801227	51112041	0.084038	0.047537	0.027689	0.059619
Superscaffold6	51112087	51453807	0.129005	0.104762	0.059667	0.074514
Superscaffold6	51454636	51925921	0.067867	0.044270	0.024136	0.048924
Superscaffold6	51925965	52210614	0.075472	0.056552	0.029042	0.047944
Superscaffold6	52210615	52427530	-0.490481	-0.333679	-0.196609	-0.361318
Superscaffold6	52427563	52659539	-0.054733	-0.043218	-0.025914	-0.028495
Superscaffold6	52659542	52935533	-0.007531	-0.005529	-0.003155	-0.003170
Superscaffold6	52935538	53235180	-0.128956	-0.083679	-0.044846	-0.083103
Superscaffold7	21555	243578	0.144445	0.157875	0.087290	0.090305
Superscaffold7	243584	489840	-0.035001	-0.034746	-0.016738	-0.017508
Superscaffold7	489845	634283	-0.114608	-0.146317	-0.069913	-0.061499
Superscaffold7	634416	958793	-0.127823	-0.138095	-0.064882	-0.070964
Superscaffold7	958848	1109027	-0.073703	-0.088008	-0.042853	-0.045546
Superscaffold7	1109040	1276549	0.007154	0.006509	0.003497	0.005568
Superscaffold7	1276683	1475884	-0.118217	-0.106916	-0.060854	-0.075028
Superscaffold7	1475899	1630179	0.092461	0.091996	0.056736	0.058541
Superscaffold7	1630217	1811066	-0.117086	-0.102998	-0.056021	-0.078630
Superscaffold7	1811068	2201716	0.121798	0.094908	0.045382	0.065631
Superscaffold7	2201886	2794294	0.252058	0.186326	0.123142	0.162049
Superscaffold7	2794316	2969707	0.484457	0.336157	0.266303	0.395038
Superscaffold7	2969735	3376991	0.201687	0.090023	0.051548	0.099636
Superscaffold7	3376993	3713939	0.033788	0.027676	0.015711	0.023907
Superscaffold7	3713954	3993947	0.083982	0.072697	0.045630	0.048917
Superscaffold7	3993997	4384742	0.038189	0.033238	0.018923	0.023559
Superscaffold7	4384870	4569399	-0.107724	-0.157140	-0.067375	-0.064701
Superscaffold7	4569455	4740267	0.061701	0.040295	0.023465	0.030923
Superscaffold7	4740274	4938264	-0.023462	-0.016512	-0.010922	-0.011762
Superscaffold7	4938272	5167211	-0.108645	-0.091694	-0.054915	-0.067171
Superscaffold7	5167286	5292130	-0.022858	-0.030716	-0.018001	-0.010658
Superscaffold7	5292135	5516692	-0.037104	-0.045160	-0.023336	-0.020517
Superscaffold7	5516699	5680739	0.144180	0.127541	0.076244	0.084151
Superscaffold7	5680890	5807802	-0.057462	-0.060290	-0.034226	-0.025799
Superscaffold7	5807809	6010593	0.010622	0.008245	0.005477	0.005873
Superscaffold7	6010684	6138879	0.095174	0.085724	0.052317	0.057139
Superscaffold7	6138920	6297420	-0.050679	-0.057470	-0.033153	-0.025662
Superscaffold7	6297426	6783680	-0.047076	-0.031816	-0.020271	-0.027709
Superscaffold7	6783715	7323527	-0.052088	-0.034834	-0.021313	-0.029776
Superscaffold7	7323537	7448366	0.010562	0.013357	0.007017	0.008197
Superscaffold7	7448683	7652127	-0.261191	-0.401914	-0.175932	-0.159591
Superscaffold7	7652153	7835643	0.137102	0.102514	0.064985	0.069942
Superscaffold7	7835724	8011335	-0.041101	-0.048386	-0.024576	-0.025798
Superscaffold7	8011358	8223279	0.113288	0.094154	0.052719	0.076745
Superscaffold7	8223281	8354657	0.473914	0.440239	0.257173	0.359611
Superscaffold7	8354666	8938924	0.026154	0.014649	0.008758	0.010728
Superscaffold7	8938951	9131069	0.305878	0.260328	0.124718	0.204366
Superscaffold7	9131138	9334716	0.067455	0.062512	0.032054	0.034926
Superscaffold7	9334728	9933815	0.056896	0.024809	0.015753	0.023218
Superscaffold7	9934078	10179412	0.183950	0.082433	0.052100	0.066337
Superscaffold7	10179620	10399209	0.116080	0.072447	0.044537	0.069661
Superscaffold7	10399298	10602716	-0.148973	-0.086934	-0.048739	-0.080295
Superscaffold7	10602789	10885125	-0.020101	-0.016850	-0.009456	-0.012796
Superscaffold7	10885143	11141298	-0.043544	-0.032422	-0.017652	-0.022788
Superscaffold7	11141349	11427746	0.147024	0.077478	0.046416	0.103125
Superscaffold7	11427838	11653473	0.353080	0.180110	0.097328	0.196562
Superscaffold7	11653504	11841427	-0.314251	-0.194947	-0.125675	-0.217319
Superscaffold7	11841472	12098365	-0.227003	-0.195869	-0.090304	-0.124656
Superscaffold7	12098392	12472474	0.147094	0.057563	0.036116	0.089062
Superscaffold7	12472513	12778620	-0.439210	-0.274131	-0.144294	-0.293314
Superscaffold7	12778877	13191704	-0.061852	-0.020266	-0.012589	-0.049963
Superscaffold7	13191821	13890725	-0.021543	-0.010649	-0.006879	-0.014659
Superscaffold7	13890728	14345605	0.032167	0.014762	0.009326	0.019371
Superscaffold7	14345767	14605149	0.054798	0.018551	0.011199	0.035714
Superscaffold7	14605166	14889220	0.181093	0.084673	0.048503	0.135644
Superscaffold7	14889233	15409837	-0.294370	-0.105057	-0.060020	-0.217994
Superscaffold7	15409873	15995868	0.082070	0.039389	0.019024	0.058354
Superscaffold7	15995947	16230476	0.338588	0.193153	0.110726	0.236876
Superscaffold7	16231005	16592635	0.437337	0.178698	0.124940	0.340685
Superscaffold7	16592658	17029356	-0.036610	-0.014483	-0.009325	-0.021558
Superscaffold7	17031229	17290323	0.459460	0.206254	0.131514	0.368149
Superscaffold7	17290348	17548344	0.315562	0.067835	0.042679	0.152806
Superscaffold7	17548356	17896746	0.302585	0.074370	0.049442	0.135200
Superscaffold7	17896776	18210048	0.601240	0.282773	0.165066	0.518576
Superscaffold7	18210360	18521291	-0.085656	-0.036752	-0.017634	-0.056293
Superscaffold7	18521389	18897042	0.649216	0.407250	0.183267	0.479528
Superscaffold7	18897046	19162694	0.330883	0.170205	0.087381	0.193622
Superscaffold7	19162774	19577854	-0.333584	-0.079834	-0.053684	-0.299720
Superscaffold7	19577924	20060026	0.130048	0.021953	0.015395	0.106033
Superscaffold7	20060184	20417426	-0.049235	-0.013400	-0.008389	-0.037208
Superscaffold7	20417635	20752472	0.558240	0.264281	0.146499	0.500168
Superscaffold7	20752921	21177590	0.025328	0.007546	0.004347	0.017795
Superscaffold7	21180644	21412076	-0.292068	-0.117885	-0.064898	-0.224459
Superscaffold7	21412184	21592190	-0.040685	-0.022862	-0.011879	-0.029483
Superscaffold7	21592203	21883173	0.177986	0.065812	0.031493	0.119548
Superscaffold7	21883469	22541929	-0.195649	-0.073479	-0.041719	-0.153142
Superscaffold7	22541995	22863735	0.344059	0.134804	0.077110	0.272537
Superscaffold7	22863759	23057033	0.019554	0.013927	0.006969	0.018746
Superscaffold7	23057045	23469158	-0.049234	-0.012978	-0.007298	-0.031662
Superscaffold7	23469213	23809318	-0.099255	-0.027126	-0.017866	-0.059901
Superscaffold7	23809325	24111337	0.025845	0.014576	0.008369	0.019571
Superscaffold7	24111561	24310977	0.022956	0.016127	0.009267	0.022437
Superscaffold7	24311012	24543908	-0.206243	-0.133431	-0.073359	-0.138839
Superscaffold7	24543962	24710165	0.262211	0.137727	0.078173	0.144512
Superscaffold7	24710168	24846706	0.011769	0.012040	0.005095	0.010613
Superscaffold7	24846714	25180756	-0.131454	-0.130262	-0.068492	-0.073124
Superscaffold7	25180780	25462713	0.113091	0.078356	0.042467	0.074986
Superscaffold7	25462722	25663039	0.117600	0.100476	0.048793	0.080365
Superscaffold7	25663106	26015443	-0.134706	-0.039135	-0.025238	-0.102551
Superscaffold7	26015459	26619335	-0.223309	-0.094213	-0.055891	-0.171090
Superscaffold7	26619339	26869571	0.162816	0.091964	0.041336	0.117610
Superscaffold7	26869762	27132944	0.101380	0.043098	0.026194	0.062816
Superscaffold7	27132951	27359823	-0.123618	-0.068339	-0.037490	-0.081363
Superscaffold7	27359876	27599854	0.003636	0.002167	0.001247	0.004182
Superscaffold7	27599876	27891672	0.206169	0.111335	0.057004	0.140262
Superscaffold7	27891760	28197574	-0.272240	-0.112199	-0.058926	-0.189116
Superscaffold7	28197623	28391046	0.055001	0.032148	0.017101	0.037334
Superscaffold7	28391047	28693299	0.031875	0.010405	0.006414	0.022544
Superscaffold7	28693364	28947483	-0.120363	-0.057547	-0.032120	-0.071980
Superscaffold7	28947490	29328659	0.018350	0.006208	0.003756	0.017192
Superscaffold7	29328748	29623692	-0.615062	-0.687321	-0.245237	-0.505796
Superscaffold7	29623713	29813919	-0.268481	-0.201076	-0.099103	-0.182873
Superscaffold7	29813942	30063067	-0.281250	-0.137947	-0.075700	-0.197002
Superscaffold7	30063240	30335493	-0.228326	-0.096578	-0.059853	-0.137168
Superscaffold7	30335571	30666403	0.091871	0.044008	0.026406	0.058705
Superscaffold7	30666614	31019715	-0.113951	-0.046924	-0.025741	-0.086379
Superscaffold7	31019929	31567869	-0.004054	-0.001689	-0.001012	-0.003417
Superscaffold7	31568001	31860386	0.520396	0.364336	0.220558	0.417029
Superscaffold7	31860404	32193769	-0.148067	-0.066393	-0.036704	-0.115017
Superscaffold7	32193839	32644362	-0.054437	-0.018327	-0.010399	-0.031953
Superscaffold7	32644388	32996962	0.071031	0.030169	0.017410	0.056875
Superscaffold7	32997181	33304104	0.131940	0.056524	0.032620	0.084462
Superscaffold7	33304113	33520028	-0.094630	-0.079482	-0.040023	-0.057507
Superscaffold7	33520163	33779106	0.170671	0.125267	0.084498	0.091323
Superscaffold7	33779230	34162728	-0.003692	-0.001892	-0.001080	-0.001387
Superscaffold7	34162982	34490887	-0.093386	-0.044198	-0.026720	-0.055219
Superscaffold7	34491180	34690942	0.028136	0.020968	0.013096	0.013247
Superscaffold7	34690961	34930835	0.053746	0.037556	0.020213	0.035775
Superscaffold7	34930863	35536025	0.255680	0.143278	0.095134	0.185480
Superscaffold7	35536031	35811267	0.083957	0.043281	0.025026	0.052191
Superscaffold7	35811511	36114572	0.135457	0.046160	0.027440	0.099033
Superscaffold7	36114601	36378630	0.145694	0.090791	0.052836	0.089022
Superscaffold7	36378777	36788859	-0.050612	-0.014112	-0.009273	-0.031691
Superscaffold7	36788919	37323920	0.047744	0.010422	0.007542	0.037936
Superscaffold7	37323942	37714814	-0.157873	-0.047363	-0.028674	-0.124875
Superscaffold7	37714825	38129387	0.019979	0.007675	0.004633	0.020426
Superscaffold7	38129585	38556828	-0.034041	-0.010301	-0.006960	-0.029318
Superscaffold7	38556829	38869436	0.031301	0.015567	0.009138	0.016589
Superscaffold7	38869503	39103458	0.098605	0.054025	0.033647	0.056247
Superscaffold7	39103472	39295504	-0.117605	-0.071806	-0.042893	-0.071280
Superscaffold7	39295526	39547671	-0.073927	-0.041444	-0.022453	-0.041129
Superscaffold7	39547748	39791490	-0.059701	-0.026280	-0.013885	-0.026713
Superscaffold7	39791550	40425742	0.071301	0.025288	0.015881	0.051346
Superscaffold7	40425772	40840789	-0.092315	-0.028317	-0.017060	-0.070203
Superscaffold7	40840825	41498276	-0.065648	-0.032615	-0.017987	-0.042811
Superscaffold7	41498345	41747331	0.119844	0.091683	0.054112	0.061986
Superscaffold7	41747420	41950888	0.008182	0.008502	0.003766	0.005218
Superscaffold7	41950889	42124781	0.153499	0.099830	0.060820	0.092334
Superscaffold7	42124797	42364239	0.304590	0.163087	0.108352	0.190138
Superscaffold7	42364281	42554284	0.232590	0.139916	0.087546	0.138616
Superscaffold7	42554285	42866427	-0.000672	-0.000533	-0.000283	-0.000501
Superscaffold7	42866440	43241755	0.153052	0.099602	0.053191	0.084352
Superscaffold7	43241764	43643060	-0.026623	-0.014406	-0.008960	-0.010252
Superscaffold7	43643135	43880043	-0.117310	-0.072345	-0.040833	-0.055690
Superscaffold7	43880088	44057471	-0.028771	-0.022356	-0.013325	-0.016875
Superscaffold7	44057573	44250132	0.062727	0.046362	0.030464	0.031819
Superscaffold7	44250135	44464033	-0.042121	-0.030480	-0.019472	-0.024053
Superscaffold7	44464045	44740395	0.023604	0.007196	0.005343	0.006821
Superscaffold7	44740396	45006983	0.038463	0.020984	0.013784	0.023280
Superscaffold7	45007004	45223429	-0.109538	-0.079521	-0.046490	-0.059570
Superscaffold7	45223433	45440112	0.073990	0.070515	0.042740	0.042713
Superscaffold7	45440169	45668342	0.208929	0.149803	0.098623	0.128864
Superscaffold7	45668378	45921187	-0.023540	-0.013545	-0.009009	-0.015108
Superscaffold7	45921188	46162041	-0.004667	-0.003698	-0.002195	-0.006431
Superscaffold7	46162080	46357993	0.006009	0.003279	0.002218	0.002191
Superscaffold7	46357998	46692026	0.011184	0.004987	0.003200	0.003731
Superscaffold7	46692194	47031760	0.001381	0.001115	0.000633	0.003175
Superscaffold7	47031770	47943708	-0.103021	-0.051854	-0.031693	-0.057767
Superscaffold7	47943709	48213826	-0.031355	-0.018092	-0.010269	-0.021410
Superscaffold7	48213863	48405197	0.158998	0.091070	0.050465	0.090359
Superscaffold7	48405202	48791755	0.256328	0.146866	0.068374	0.170284
Superscaffold7	48791773	49027363	0.166982	0.095534	0.044601	0.123332
Superscaffold7	49027429	49327921	0.186676	0.061070	0.036201	0.124878
Superscaffold7	49329123	49619596	0.088354	0.051548	0.032578	0.054522
Superscaffold8	188679	460768	0.193274	0.125263	0.059296	0.127273
Superscaffold8	461235	827385	0.001634	0.001490	0.000599	0.002414
Superscaffold8	827396	980829	0.191867	0.168338	0.091361	0.105550
Superscaffold8	980848	1257559	0.150166	0.079237	0.047181	0.093479
Superscaffold8	1257678	1624919	0.358769	0.331129	0.135303	0.252662
Superscaffold8	1625112	1990604	-0.060693	-0.061824	-0.026033	-0.030371
Superscaffold8	1990620	2200766	0.012496	0.012501	0.006208	0.009183
Superscaffold8	2200767	2410234	-0.136280	-0.121804	-0.073608	-0.076457
Superscaffold8	2410236	2510732	-0.092241	-0.102428	-0.060576	-0.053495
Superscaffold8	2510781	2854804	-0.413527	-0.321622	-0.177828	-0.282687
Superscaffold8	2854805	3292307	-0.271740	-0.189257	-0.104398	-0.165619
Superscaffold8	3292365	3651279	-0.027226	-0.017657	-0.010165	-0.011867
Superscaffold8	3651749	3825101	-0.035589	-0.033716	-0.017001	-0.024361
Superscaffold8	3825111	4032213	0.169772	0.147095	0.086696	0.106277
Superscaffold8	4032233	4266925	-0.024033	-0.017043	-0.008787	-0.014183
Superscaffold8	4266927	4656982	-0.105883	-0.063032	-0.035299	-0.061510
Superscaffold8	4657662	4915075	0.210330	0.115613	0.077810	0.105406
Superscaffold8	4915257	5301370	0.255436	0.213550	0.121509	0.144725
Superscaffold8	5301418	5509185	0.009342	0.007834	0.004902	0.004841
Superscaffold8	5509395	5846210	0.067570	0.059868	0.033485	0.036537
Superscaffold8	5846218	6078338	0.025136	0.022314	0.013986	0.010889
Superscaffold8	6078370	6523283	0.226717	0.133374	0.096996	0.155947
Superscaffold8	6523323	6666560	0.054975	0.054485	0.031623	0.031337
Superscaffold8	6666562	6925660	-0.062506	-0.057907	-0.034942	-0.037561
Superscaffold8	6925717	7166758	0.134593	0.078134	0.047896	0.075098
Superscaffold8	7166888	7561211	0.033690	0.016961	0.011061	0.020216
Superscaffold8	7561216	7831730	0.079097	0.046274	0.025332	0.061050
Superscaffold8	7831769	8489902	-0.015915	-0.005692	-0.003517	-0.008756
Superscaffold8	8490163	8969276	0.010748	0.005652	0.003295	0.007037
Superscaffold8	8969318	9200655	-0.111519	-0.070759	-0.037352	-0.069894
Superscaffold8	9200719	9431257	-0.454781	-0.420217	-0.186220	-0.323011
Superscaffold8	9431294	10077776	0.057059	0.022630	0.015131	0.035319
Superscaffold8	10077789	10418487	-0.007534	-0.002838	-0.001653	-0.005074
Superscaffold8	10418528	10671809	-0.274870	-0.122508	-0.068517	-0.179304
Superscaffold8	10671940	10881275	-0.030924	-0.022627	-0.012102	-0.016947
Superscaffold8	10881335	11070205	0.007573	0.008425	0.004380	0.008673
Superscaffold8	11070286	11248196	0.063760	0.066423	0.031705	0.044847
Superscaffold8	11248232	11437682	-0.121661	-0.107417	-0.050815	-0.076949
Superscaffold8	11437714	11691559	0.024175	0.017006	0.010265	0.017807
Superscaffold8	11691612	11919422	-0.078693	-0.029190	-0.019033	-0.035019
Superscaffold8	11919440	12147764	-0.082971	-0.081199	-0.045756	-0.041539
Superscaffold8	12147769	12312222	-0.025548	-0.024923	-0.014328	-0.014118
Superscaffold8	12312244	12544875	0.010833	0.010169	0.005500	0.009029
Superscaffold8	12544916	12710700	-0.088198	-0.086025	-0.050104	-0.046393
Superscaffold8	12710705	12939869	0.119234	0.081439	0.040994	0.068730
Superscaffold8	12939907	13288254	-0.129427	-0.090176	-0.049149	-0.076634
Superscaffold8	13288267	13555401	-0.029044	-0.022701	-0.011030	-0.018496
Superscaffold8	13555707	13783100	0.033060	0.019348	0.011779	0.022335
Superscaffold8	13783107	14027542	0.042895	0.019050	0.011394	0.035006
Superscaffold8	14027549	14349638	0.293148	0.110362	0.075694	0.241635
Superscaffold8	14349704	14621636	0.394190	0.237687	0.139142	0.269044
Superscaffold8	14621662	15064853	0.344664	0.191925	0.119081	0.245020
Superscaffold8	15064907	15214590	0.359136	0.209894	0.106626	0.195365
Superscaffold8	15214595	15437520	-0.247770	-0.140216	-0.068249	-0.155485
Superscaffold8	15437521	15695870	-0.043322	-0.026124	-0.014649	-0.027119
Superscaffold8	15695959	16137400	-0.035851	-0.020937	-0.013662	-0.019005
Superscaffold8	16137517	16467581	-0.195101	-0.114771	-0.064705	-0.140794
Superscaffold8	16467646	16787419	0.017389	0.007935	0.004108	0.018170
Superscaffold8	16787877	16965414	0.318181	0.168326	0.105443	0.229846
Superscaffold8	16965461	17121955	0.073853	0.047709	0.022994	0.030962
Superscaffold8	17121987	17222142	-0.024549	-0.027275	-0.008710	-0.033220
Superscaffold8	17222331	17456750	0.092474	0.082980	0.044160	0.051908
Superscaffold8	17456756	17916252	-0.018180	-0.015177	-0.008056	-0.010943
Superscaffold8	17916353	18109223	-0.097806	-0.074738	-0.039740	-0.063529
Superscaffold8	18109346	18302218	0.203098	0.137264	0.086804	0.119024
Superscaffold8	18302422	18573568	0.194046	0.113576	0.061450	0.134001
Superscaffold8	18574174	18861510	0.024859	0.014239	0.006965	0.015624
Superscaffold8	18861547	19115220	0.135342	0.077786	0.045424	0.084437
Superscaffold8	19115295	19245565	-0.322657	-0.326709	-0.160204	-0.193490
Superscaffold8	19245585	19528623	-0.069568	-0.035837	-0.020877	-0.044215
Superscaffold8	19528831	19756046	0.225581	0.145358	0.088857	0.123568
Superscaffold8	19756454	19952978	0.086182	0.079590	0.041875	0.057757
Superscaffold8	19953016	20076397	0.173699	0.166110	0.093920	0.125820
Superscaffold8	20076399	20236866	-0.425905	-0.531803	-0.210407	-0.339516
Superscaffold8	20236940	20471538	0.461903	0.296560	0.188316	0.380551
Superscaffold8	20471689	20762693	0.094633	0.044055	0.027284	0.066348
Superscaffold8	20762815	21128617	0.065800	0.020893	0.012517	0.049401
Superscaffold8	21128624	21459463	0.125091	0.049460	0.030287	0.084081
Superscaffold8	21459464	21681582	-0.538030	-0.247114	-0.140088	-0.450229
Superscaffold8	21682101	22013124	0.291674	0.068291	0.041465	0.240591
Superscaffold8	22013190	22321030	0.056885	0.020073	0.012148	0.045614
Superscaffold8	22321081	22712474	0.243577	0.069770	0.039783	0.210921
Superscaffold8	22712497	23188155	0.326571	0.082101	0.052045	0.270558
Superscaffold8	23188182	23549893	0.290884	0.086817	0.045798	0.263391
Superscaffold8	23549978	23933322	0.219642	0.069046	0.039726	0.167298
Superscaffold8	23933345	24729607	0.000341	0.000073	0.000045	0.005613
Superscaffold8	24729982	24854700	-0.119484	-0.106608	-0.058508	-0.071267
Superscaffold8	24854763	25203627	0.005557	0.001947	0.001013	0.004398
Superscaffold8	25203677	25906051	0.381113	0.145409	0.074574	0.323803
Superscaffold8	25906053	26176534	0.197421	0.076298	0.041510	0.141173
Superscaffold8	26176635	26518167	-0.098457	-0.038417	-0.022756	-0.071074
Superscaffold8	26518180	27035658	0.338072	0.111063	0.074123	0.274066
Superscaffold8	27035660	27326969	-0.042302	-0.015326	-0.008224	-0.019944
Superscaffold8	27327022	27703684	0.114255	0.045203	0.028883	0.084868
Superscaffold8	27703691	27915159	0.130937	0.055658	0.030580	0.070940
Superscaffold8	27915245	28155189	0.204952	0.096108	0.051672	0.128746
Superscaffold8	28155322	28502618	0.616025	0.277843	0.164791	0.502184
Superscaffold8	28502647	29119195	-0.247978	-0.079117	-0.045602	-0.156725
Superscaffold8	29119218	29339081	-0.262556	-0.164090	-0.076035	-0.124079
Superscaffold8	29339100	29576162	-0.016817	-0.009466	-0.005623	-0.007217
Superscaffold8	29576282	29777109	0.293637	0.337758	0.165599	0.189267
Superscaffold8	29777125	29970245	-0.091728	-0.066028	-0.039291	-0.060509
Superscaffold8	29970298	30205098	0.275000	0.139911	0.093921	0.186191
Superscaffold8	30205099	30381950	0.061291	0.034855	0.018653	0.040273
Superscaffold8	30382110	30546014	0.144898	0.063781	0.041277	0.136730
Superscaffold8	30546197	30768726	0.129857	0.043406	0.024952	0.095160
Superscaffold8	30769191	31166394	0.252565	0.063362	0.039425	0.157122
Superscaffold8	31166550	31499062	0.058393	0.027045	0.014422	0.037654
Superscaffold8	31499075	31763617	0.360732	0.159152	0.086051	0.227357
Superscaffold8	31765309	32029197	0.091985	0.062115	0.033930	0.046086
Superscaffold8	32029486	32380595	0.065838	0.037227	0.022900	0.035499
Superscaffold8	32380636	32876012	-0.027358	-0.015921	-0.009156	-0.017984
Superscaffold8	32876890	33317359	-0.652989	-1.334584	-0.292657	-0.533317
Superscaffold8	33317366	33557824	-0.167339	-0.125072	-0.072464	-0.092124
Superscaffold8	33557833	33755100	0.588454	0.252115	0.195119	0.461084
Superscaffold8	33755119	34005070	0.203439	0.109306	0.057939	0.132964
Superscaffold8	34005107	34252254	-0.002047	-0.001341	-0.000695	-0.001593
Superscaffold8	34252266	34467021	0.219892	0.114690	0.076354	0.124089
Superscaffold8	34467102	34671325	0.274708	0.191349	0.092147	0.170980
Superscaffold8	34671348	34986080	-0.203154	-0.090995	-0.051294	-0.138861
Superscaffold8	34986119	35372852	0.359299	0.142148	0.084079	0.278652
Superscaffold8	35372887	35762388	0.057051	0.026741	0.014142	0.037957
Superscaffold8	35762395	36153647	0.099833	0.040067	0.024988	0.066143
Superscaffold8	36153648	36576872	-0.130341	-0.056373	-0.039144	-0.080616
Superscaffold8	36576901	36890959	-0.163168	-0.060693	-0.040983	-0.112424
Superscaffold8	36890978	37529719	-0.066115	-0.029138	-0.018922	-0.036562
Superscaffold8	37530203	37869590	-0.097485	-0.041507	-0.025513	-0.053888
Superscaffold8	37869634	38195784	0.063685	0.026808	0.016803	0.029501
Superscaffold8	38195948	38598481	0.003552	0.001618	0.000923	0.008134
Superscaffold8	38598557	39014194	0.132365	0.067508	0.041081	0.077389
Superscaffold8	39014296	39292975	0.097771	0.045214	0.028970	0.061764
Superscaffold8	39293192	39694418	0.192088	0.093714	0.065442	0.150035
Superscaffold8	39694439	40089031	0.138437	0.066462	0.042639	0.091809
Superscaffold8	40089052	40431769	0.171665	0.070143	0.040638	0.105995
Superscaffold8	40431819	40635406	0.417971	0.228368	0.136961	0.256591
Superscaffold8	40635582	40926217	-0.037492	-0.021764	-0.011259	-0.021601
Superscaffold8	40926230	41162208	0.010909	0.010629	0.006040	0.007010
Superscaffold8	41162221	41517133	0.263154	0.127252	0.080656	0.174515
Superscaffold8	41517144	41654853	-0.062457	-0.043382	-0.025449	-0.036831
Superscaffold8	41654859	42067253	0.027260	0.023588	0.012535	0.015085
Superscaffold8	42068027	42670706	-0.130781	-0.085992	-0.045507	-0.082711
Superscaffold8	42670729	43171157	-0.076300	-0.052186	-0.028287	-0.048113
Superscaffold8	43171264	43433056	0.091019	0.062468	0.032654	0.065276
Superscaffold8	43433070	43801950	0.147296	0.124302	0.066883	0.114538
Superscaffold8	43801984	44122082	-0.190350	-0.106299	-0.061065	-0.123560
Superscaffold8	44122209	44676727	0.230890	0.132547	0.072541	0.144821
Superscaffold8	44676753	44962431	-0.320503	-0.208539	-0.105847	-0.228732
Superscaffold8	44962702	45607736	0.123387	0.050961	0.029401	0.089982
Superscaffold8	45607767	45970975	0.290372	0.102810	0.062320	0.181588
Superscaffold8	45971142	46342183	0.314537	0.121599	0.074525	0.262568
Superscaffold8	46342273	46688357	0.188107	0.075478	0.046562	0.151752
Superscaffold8	46688591	47159498	-0.114433	-0.072723	-0.036916	-0.079428
Superscaffold8	47159632	47853866	0.127465	0.049321	0.029070	0.089148
Superscaffold8	47853913	48128832	0.711231	0.494764	0.222552	0.591541
Superscaffold8	48128842	48523478	0.131632	0.056302	0.033103	0.096814
Superscaffold8	48524108	48837995	0.449268	0.303134	0.161191	0.353672
Superscaffold8	48838081	49204757	0.169477	0.063668	0.038731	0.137755
Superscaffold8	49204765	49499811	0.039941	0.022407	0.010695	0.036265
Superscaffold8	49499860	49805334	-0.025190	-0.011676	-0.007080	-0.017077
Superscaffold8	49805341	50187503	-0.333669	-0.200446	-0.101230	-0.198996
Superscaffold8	50187544	50533135	0.142487	0.066638	0.036178	0.082418
Superscaffold8	50533140	51036541	0.070307	0.030594	0.015176	0.044787
Superscaffold8	51051127	51337304	-0.011023	-0.004763	-0.002681	0.000244
Superscaffold8	51337395	51701851	0.025888	0.008540	0.005003	0.023196
Superscaffold8	51701899	51991896	-0.015526	-0.005616	-0.003419	-0.012167
Superscaffold8	51991917	52268027	0.012341	0.005035	0.002828	0.008322
Superscaffold8	52268394	52591009	-0.241223	-0.100365	-0.060129	-0.144271
Superscaffold8	52591033	53078708	-0.051765	-0.031699	-0.016095	-0.031343
Superscaffold8	53079149	53567688	-0.165887	-0.083495	-0.052371	-0.104832
Superscaffold8	53567689	53811569	0.192913	0.153059	0.087832	0.121886
Superscaffold8	53811693	54168005	-0.387969	-0.258452	-0.115470	-0.248966
Superscaffold8	54168008	54460858	0.190383	0.099827	0.051483	0.136824
Superscaffold8	54460893	54798137	-0.152098	-0.082149	-0.047830	-0.090847
Superscaffold8	54798863	55257432	0.061735	0.018648	0.011786	0.051650
Superscaffold8	55257523	55762260	0.101533	0.030608	0.017548	0.064542
Superscaffold8	55762263	56059491	-0.030285	-0.016336	-0.008312	-0.017220
Superscaffold8	56059494	56464407	0.214978	0.091795	0.053081	0.140238
Superscaffold8	56464417	57258186	0.179702	0.066899	0.039999	0.132180
Superscaffold8	57258490	57603829	0.258482	0.098179	0.058639	0.178594
Superscaffold8	57603830	58160308	0.210459	0.095477	0.056712	0.141651
Superscaffold8	58160410	58455226	0.058446	0.047094	0.026300	0.041206
Superscaffold8	58455312	58945150	0.064640	0.023470	0.016302	0.045161
Superscaffold8	58945218	59266693	-0.179632	-0.089629	-0.046975	-0.133627
Superscaffold8	59266747	59553245	0.198643	0.102641	0.061254	0.141023
Superscaffold8	59553333	59874270	0.144965	0.086708	0.042798	0.102286
Superscaffold8	59874287	60211935	-0.193504	-0.115162	-0.052673	-0.129365
Superscaffold8	60211973	60466129	0.190890	0.121461	0.074090	0.092649
Superscaffold8	60467477	60756678	-0.127007	-0.084588	-0.046003	-0.077278
Superscaffold8	60756737	61001649	0.136662	0.081398	0.043656	0.057342
Superscaffold8	61001674	61496271	0.086420	0.030382	0.020034	0.054330
Superscaffold8	61496314	61931514	0.177008	0.074930	0.051930	0.110041
Superscaffold8	61931542	62249992	-0.120624	-0.060880	-0.035502	-0.078021
Superscaffold8	62250219	62574088	0.153356	0.063427	0.041378	0.098957
Superscaffold8	62574092	62779853	0.053876	0.032279	0.015707	0.033428
Superscaffold8	62779912	63038389	0.029494	0.016318	0.009381	0.021871
Superscaffold8	63038403	63445759	-0.016941	-0.006241	-0.004075	-0.008798
Superscaffold8	63446089	63895271	-0.023418	-0.012699	-0.007648	-0.015231
Superscaffold8	63895278	64296630	0.044219	0.016333	0.009309	0.032941
Superscaffold8	64296674	64906268	-0.006633	-0.003188	-0.001814	-0.005982
Superscaffold8	64906359	65337304	-0.101865	-0.035340	-0.021019	-0.071506
Superscaffold8	65337484	65732242	-0.136657	-0.052774	-0.030119	-0.105484
Superscaffold8	65732259	66340600	0.499093	0.304939	0.188371	0.433163
Superscaffold9	172575	387643	0.082305	0.076345	0.044409	0.048476
Superscaffold9	387652	608463	-0.015929	-0.013200	-0.007765	-0.005013
Superscaffold9	608553	1065448	0.005144	0.003614	0.002147	0.016271
Superscaffold9	1065515	1243704	0.006616	0.007489	0.004408	0.002391
Superscaffold9	1243801	1443134	0.248007	0.186857	0.111166	0.145991
Superscaffold9	1443296	1657460	0.001546	0.001958	0.000991	0.001248
Superscaffold9	1657462	2061730	-0.109643	-0.105060	-0.053750	-0.059817
Superscaffold9	2061869	2185531	-0.008239	-0.010325	-0.005645	-0.006101
Superscaffold9	2185683	2336647	0.000775	0.001079	0.000563	-0.000606
Superscaffold9	2336661	2570293	-0.025341	-0.026566	-0.015952	-0.009751
Superscaffold9	2570321	2868138	-0.066457	-0.065098	-0.034228	-0.027258
Superscaffold9	2868207	3143638	-0.036583	-0.032376	-0.017524	-0.016985
Superscaffold9	3143669	3400414	0.062439	0.063189	0.036254	0.042235
Superscaffold9	3400420	4217390	-0.211453	-0.153829	-0.092871	-0.129747
Superscaffold9	4217437	4393216	-0.098850	-0.107608	-0.060274	-0.054431
Superscaffold9	4393325	4704341	0.131216	0.085997	0.050389	0.075332
Superscaffold9	4704346	4975959	-0.300124	-0.145870	-0.088960	-0.179366
Superscaffold9	4976058	5132476	-0.189777	-0.126770	-0.078202	-0.115177
Superscaffold9	5132564	5387706	-0.071032	-0.059215	-0.026519	-0.044545
Superscaffold9	5387774	5632708	0.012156	0.008922	0.005315	0.007206
Superscaffold9	5632790	5952821	-0.077750	-0.034325	-0.021330	-0.042443
Superscaffold9	5952971	6299431	0.089557	0.062243	0.040344	0.056882
Superscaffold9	6299470	6541956	-0.059376	-0.042550	-0.022935	-0.035915
Superscaffold9	6541961	6840067	0.123979	0.057425	0.038769	0.083238
Superscaffold9	6840264	7184855	0.160225	0.072322	0.041042	0.085617
Superscaffold9	7184882	7454271	0.099171	0.046381	0.025892	0.064739
Superscaffold9	7454507	7766242	0.204489	0.129257	0.064301	0.125448
Superscaffold9	7766258	7972039	0.001978	0.001292	0.000677	0.002490
Superscaffold9	7972076	8219961	0.265924	0.156525	0.092737	0.167771
Superscaffold9	8219967	8379875	-0.187626	-0.155450	-0.068662	-0.121998
Superscaffold9	8379965	8544938	0.007346	0.007466	0.004071	0.004575
Superscaffold9	8544946	8835204	0.108375	0.098307	0.054299	0.060315
Superscaffold9	8835215	9104844	0.180596	0.155376	0.095477	0.102981
Superscaffold9	9104971	9572377	-0.007857	-0.003871	-0.002624	-0.013881
Superscaffold9	9572421	9882492	0.033994	0.013666	0.008419	0.018777
Superscaffold9	9882562	10054148	0.097106	0.105483	0.049424	0.076736
Superscaffold9	10054170	10427982	0.132014	0.092873	0.053387	0.078551
Superscaffold9	10428005	11065228	0.164553	0.112592	0.060027	0.108053
Superscaffold9	11065289	11247839	0.064080	0.069876	0.032920	0.036691
Superscaffold9	11247881	11466898	-0.175546	-0.198227	-0.086059	-0.103117
Superscaffold9	11466902	12044478	0.108558	0.049209	0.030903	0.058487
Superscaffold9	12044613	12273778	-0.058483	-0.045606	-0.023646	-0.030254
Superscaffold9	12273782	12490330	0.168608	0.102763	0.057198	0.106839
Superscaffold9	12490401	12678314	0.080761	0.070546	0.031928	0.042201
Superscaffold9	12678322	12927317	0.418543	0.215919	0.120473	0.351798
Superscaffold9	12927338	13162510	0.129397	0.065554	0.036412	0.074858
Superscaffold9	13162549	14108505	0.213210	0.122336	0.063756	0.127888
Superscaffold9	14108531	14281462	-0.117469	-0.129994	-0.072936	-0.057578
Superscaffold9	14281552	14474648	0.030123	0.024852	0.014121	0.016290
Superscaffold9	14474678	14670827	0.043572	0.041441	0.021082	0.024913
Superscaffold9	14670962	14993276	0.273725	0.256498	0.113170	0.189917
Superscaffold9	14993480	15193363	0.422665	0.313359	0.176388	0.270988
Superscaffold9	15193366	15415039	0.018820	0.013701	0.007476	0.007301
Superscaffold9	15415045	15656571	-0.094629	-0.066774	-0.035439	-0.054774
Superscaffold9	15656647	15893964	-0.009811	-0.005999	-0.003206	-0.002139
Superscaffold9	15894000	16142249	-0.028610	-0.012602	-0.006882	-0.017282
Superscaffold9	16142255	16298199	0.295187	0.253973	0.123831	0.191337
Superscaffold9	16298208	16406665	0.530288	0.430391	0.153538	0.414065
Superscaffold9	16406709	16632676	0.124789	0.055634	0.027309	0.067261
Superscaffold9	16632724	16885728	0.039389	0.015251	0.008645	0.017565
Superscaffold9	16886057	17145309	0.014397	0.004542	0.002723	0.006095
Superscaffold9	17145311	17377234	-0.194816	-0.087130	-0.052500	-0.107386
Superscaffold9	17377277	17680490	0.189849	0.075577	0.040338	0.121399
Superscaffold9	17680505	17854288	-0.161106	-0.141013	-0.076636	-0.108701
Superscaffold9	17854381	18102961	0.057842	0.028480	0.016228	0.037552
Superscaffold9	18103002	18310348	-0.242362	-0.217652	-0.097906	-0.144062
Superscaffold9	18310642	19130146	0.018446	0.010110	0.005681	0.014705
Superscaffold9	19130546	20133714	0.059991	0.031174	0.018331	0.038850
Superscaffold9	20133798	20471245	-0.134716	-0.066405	-0.039565	-0.073733
Superscaffold9	20471246	20687888	0.170474	0.082371	0.048297	0.100517
Superscaffold9	20687930	20967603	0.217657	0.136375	0.080748	0.142778
Superscaffold9	20967613	21158053	0.141672	0.103594	0.050005	0.076457
Superscaffold9	21158164	21374892	-0.251513	-0.139265	-0.080343	-0.164155
Superscaffold9	21374946	21614386	-0.075557	-0.041322	-0.027903	-0.041225
Superscaffold9	21614424	21876756	-0.021828	-0.014277	-0.008736	-0.014349
Superscaffold9	21876779	22145173	-0.164235	-0.115732	-0.063206	-0.091765
Superscaffold9	22145277	22443871	-0.105207	-0.071202	-0.037953	-0.077092
Superscaffold9	22444019	23015240	0.080985	0.049859	0.020119	0.061468
Superscaffold9	23015324	23418652	0.035017	0.016977	0.008062	0.030133
Superscaffold9	23418690	23618641	0.017459	0.016551	0.006888	0.008206
Superscaffold9	23618675	23774022	-0.349334	-0.461124	-0.163486	-0.226602
Superscaffold9	23774033	24056713	-0.055419	-0.039480	-0.020711	-0.032295
Superscaffold9	24056753	24288772	-0.093366	-0.083566	-0.044575	-0.051950
Superscaffold9	24288780	24612438	0.031431	0.017144	0.010776	0.023307
Superscaffold9	24612439	24842360	-0.049649	-0.033902	-0.019226	-0.029086
Superscaffold9	24842375	25236757	0.008735	0.003970	0.002447	0.003384
Superscaffold9	25237015	25430342	-0.207873	-0.204916	-0.086076	-0.134095
Superscaffold9	25430426	26064971	0.119977	0.047486	0.031888	0.068174
Superscaffold9	26065002	26357451	-0.162655	-0.064867	-0.036241	-0.116320
Superscaffold9	26357459	26971414	0.065992	0.020149	0.013564	0.042598
Superscaffold9	26971535	27263622	-0.113691	-0.052874	-0.032167	-0.087673
Superscaffold9	27263645	27668560	0.036230	0.017660	0.010933	0.022728
Superscaffold9	27668666	28190074	0.127829	0.084712	0.044100	0.082134
Superscaffold9	28190121	28548738	0.051685	0.028840	0.015524	0.026512
Superscaffold9	28548776	28747054	0.156084	0.081772	0.047735	0.090623
Superscaffold9	28747055	29037756	0.153715	0.067160	0.038381	0.078065
Superscaffold9	29037897	29290543	0.237888	0.136875	0.082447	0.129554
Superscaffold9	29290602	29523464	-0.170720	-0.084289	-0.041982	-0.105128
Superscaffold9	29523523	29788344	0.212325	0.146918	0.083649	0.142827
Superscaffold9	29788347	30081588	0.136237	0.062838	0.041811	0.087835
Superscaffold9	30081824	30301281	-0.049048	-0.032419	-0.017802	-0.035096
Superscaffold9	30301315	30596184	0.141234	0.048034	0.028614	0.101835
Superscaffold9	30596310	30838011	-0.240562	-0.140787	-0.056958	-0.126601
Superscaffold9	30838069	31152755	-0.174703	-0.112544	-0.054365	-0.102741
Superscaffold9	31152806	31676545	0.127457	0.065265	0.040305	0.071828
Superscaffold9	31676844	32033841	0.279193	0.114456	0.065385	0.180496
Superscaffold9	32033858	32226166	0.233865	0.178591	0.095895	0.167037
Superscaffold9	32227153	32417443	0.066382	0.042223	0.021549	0.039869
Superscaffold9	32417486	32724611	-0.133410	-0.074280	-0.042979	-0.079197
Superscaffold9	32724613	32998078	0.225753	0.116222	0.079827	0.170221
Superscaffold9	32998081	33238529	0.095555	0.065298	0.040532	0.065084
Superscaffold9	33238564	33456249	0.264772	0.161051	0.080682	0.165587
Superscaffold9	33456302	33646492	0.005668	0.004717	0.002517	0.003683
Superscaffold9	33646593	33989854	0.407078	0.234909	0.154925	0.246151
Superscaffold9	33989876	34219441	0.236357	0.178077	0.107346	0.184697
Superscaffold9	34219708	34424281	0.053629	0.033193	0.020282	0.033939
Superscaffold9	34424379	34588510	0.121893	0.178694	0.054892	0.062931
Superscaffold9	34588528	34771187	-0.152014	-0.313904	-0.053867	-0.066786
Superscaffold9	34771220	34978049	0.020802	0.026854	0.006871	0.012152
Superscaffold9	34978596	35207043	0.231281	0.118761	0.069821	0.143367
Superscaffold9	35207067	35385450	0.421986	0.256963	0.130727	0.272902
Superscaffold9	35385451	35707858	0.173005	0.094195	0.051295	0.125204
Superscaffold9	35707941	36196090	-0.088510	-0.071684	-0.041523	-0.056680
Superscaffold9	36196227	36334144	-0.258055	-0.289994	-0.139779	-0.181749
Superscaffold9	36334177	36470353	0.034341	0.034827	0.018243	0.017615
Superscaffold9	36470390	36627383	-0.017780	-0.016286	-0.009303	-0.009598
Superscaffold9	36627398	36778957	0.466189	0.327363	0.172863	0.345826
Superscaffold9	36778970	36965985	0.472965	0.340662	0.162727	0.264382
Superscaffold9	36966037	37216911	-0.254548	-0.261604	-0.127966	-0.183326
Superscaffold9	37216925	37515884	-0.302903	-0.314894	-0.167617	-0.255786
Superscaffold9	37515937	37867196	0.128449	0.107137	0.069505	0.107409
Superscaffold9	37867216	38178416	0.364905	0.312781	0.158455	0.316644
Superscaffold9	38178451	38484347	0.132234	0.070892	0.043000	0.047435
Superscaffold9	38484359	38693228	0.539251	0.303259	0.179686	0.345911
Superscaffold9	38693233	38905266	0.024237	0.014105	0.007062	0.008621
Superscaffold9	38905320	39122428	0.524328	0.346972	0.181538	0.410184
Superscaffold9	39122477	39349666	0.078423	0.031019	0.017655	0.042035
Superscaffold9	39349753	39540823	0.114060	0.086382	0.034884	0.067881
Superscaffold9	39540829	39734852	0.411911	0.344861	0.165566	0.254311
Superscaffold9	39734892	39941244	0.085587	0.050225	0.029939	0.037099
Superscaffold9	39941303	40422282	0.073392	0.043606	0.023688	0.050912
Superscaffold9	40422328	40676508	0.063453	0.039447	0.019816	0.033532
Superscaffold9	40676543	40992308	0.081621	0.060543	0.030028	0.050259
Superscaffold9	40992310	41179532	0.152750	0.121112	0.057477	0.101681
Superscaffold9	41179536	41628129	-0.026845	-0.014750	-0.007385	-0.013118
Superscaffold9	41628176	42222206	0.191689	0.091370	0.059151	0.122697
Superscaffold9	42222241	42440252	-0.057877	-0.034868	-0.019342	-0.030318
Superscaffold9	42440294	42735421	0.134845	0.087924	0.052219	0.082798
Superscaffold9	42735590	43100046	0.176794	0.098930	0.073934	0.122993
Superscaffold9	43100049	43289820	0.006670	0.003358	0.002101	0.004977
Superscaffold9	43289846	43754106	-0.268335	-0.117584	-0.075656	-0.187359
Superscaffold9	43754141	44004167	0.147285	0.108635	0.068526	0.085350
Superscaffold9	44004192	44137955	-0.006306	-0.005948	-0.003556	-0.004110
Superscaffold9	44138020	44364237	-0.040546	-0.039035	-0.022354	-0.028241
Superscaffold9	44364289	44847378	0.058578	0.042106	0.025904	0.040976
Superscaffold9	44847455	45027713	-0.157933	-0.107013	-0.068618	-0.091080
Superscaffold9	45027905	45393198	0.043679	0.022225	0.015561	0.034075
Superscaffold9	45393240	45687515	0.131773	0.074230	0.041020	0.081905
Superscaffold9	45687535	45983341	-0.056089	-0.040593	-0.019119	-0.020572
Superscaffold9	45983386	46900890	-0.040711	-0.017833	-0.012582	-0.030533
Superscaffold9	46907064	47196629	-0.290737	-0.178493	-0.119817	-0.222637
Superscaffold9	47196635	47643890	-0.072610	-0.038415	-0.024425	-0.048721
Superscaffold9	47643950	47993547	0.141501	0.081123	0.054363	0.087275
Superscaffold9	47993581	48274942	-0.199442	-0.107659	-0.065634	-0.084631
Superscaffold9	48274953	48506493	-0.045060	-0.034112	-0.019462	-0.024622
Superscaffold9	48506556	48824863	0.007033	0.004695	0.002974	-0.000566
Superscaffold9	48824900	49115579	-0.126355	-0.067428	-0.045680	-0.065431
Superscaffold9	49115637	49361181	-0.143831	-0.120885	-0.058631	-0.073758
Superscaffold9	49361186	49500282	0.208141	0.221433	0.129008	0.120647
Superscaffold9	49500305	49659346	0.038263	0.031192	0.018314	0.021770
Superscaffold9	49659388	49808028	0.092265	0.081560	0.052939	0.055475
Superscaffold9	49808080	50376224	-0.106954	-0.048526	-0.033474	-0.065568
Superscaffold9	50376314	50638556	-0.451757	-0.293814	-0.167542	-0.287465
Superscaffold9	50638835	50833334	-0.048407	-0.033979	-0.019266	-0.021529
Superscaffold9	50833338	51048741	0.017306	0.015251	0.007147	0.015850
Superscaffold9	51048784	51293119	0.103843	0.058951	0.033395	0.064226
Superscaffold9	51293280	51548350	0.152505	0.088612	0.049603	0.088091
Superscaffold9	51548396	51760291	-0.079741	-0.046096	-0.027425	-0.042427
Superscaffold9	51760293	52013133	-0.040775	-0.027651	-0.016373	-0.024144
Superscaffold9	52013204	52170054	0.121260	0.097415	0.058837	0.065863
Superscaffold9	52170139	52338260	0.109848	0.104921	0.053540	0.072336
Superscaffold9	52338307	52611913	0.203925	0.165554	0.094810	0.138660
Superscaffold9	52612036	52785865	-0.276338	-0.223256	-0.116005	-0.168402
Superscaffold9	52785888	52944997	-0.093472	-0.088474	-0.048177	-0.048505
Superscaffold9	52945113	53128149	0.264967	0.193299	0.135659	0.171284
Superscaffold9	53128158	53329745	0.032386	0.024099	0.013254	0.012695
Superscaffold9	53330182	53531570	-0.071424	-0.067457	-0.038955	-0.036675
Superscaffold9	53531576	53710693	0.061977	0.057614	0.029716	0.033481
Superscaffold9	53710708	53859089	-0.027604	-0.027403	-0.013898	-0.016513
Superscaffold9	53859205	54106227	0.022924	0.018629	0.010663	0.011756
Superscaffold9	54106281	54526298	0.006897	0.004703	0.002938	0.000579
Superscaffold9	54527344	54698941	0.065453	0.058196	0.035506	0.034366
Superscaffold9	54699034	54977895	0.059057	0.040689	0.026219	0.034958
Superscaffold9	54977982	55227284	-0.055961	-0.053067	-0.030527	-0.029675
Superscaffold9	55227285	55989726	-0.079534	-0.055725	-0.032634	-0.051834
Superscaffold9	55989746	56186026	0.133359	0.103422	0.063100	0.068607
Superscaffold9	56186285	56493884	0.100885	0.086246	0.050174	0.067326
Superscaffold9	56493988	56889525	0.260438	0.118032	0.079144	0.152013
Superscaffold10	203487	422858	0.178868	0.101066	0.057838	0.086956
Superscaffold10	422866	681224	0.075694	0.042931	0.023368	0.046449
Superscaffold10	681281	1226631	0.079369	0.041206	0.024366	0.045203
Superscaffold10	1226645	1496924	-0.240954	-0.225441	-0.119391	-0.147566
Superscaffold10	1496948	1755982	0.069054	0.046520	0.027040	0.041206
Superscaffold10	1756017	2150938	0.132858	0.074257	0.039751	0.078058
Superscaffold10	2150982	2441240	0.055011	0.024758	0.013858	0.035084
Superscaffold10	2441281	2654475	0.324083	0.145251	0.080751	0.211154
Superscaffold10	2654512	2943716	0.132004	0.053484	0.031625	0.073749
Superscaffold10	2943906	3228578	-0.192091	-0.126874	-0.066636	-0.113422
Superscaffold10	3228673	3350573	0.446453	0.348578	0.206238	0.327104
Superscaffold10	3350651	3641058	-0.170958	-0.134369	-0.066155	-0.117335
Superscaffold10	3647905	4331200	-0.290495	-0.152183	-0.071019	-0.192980
Superscaffold10	4331211	5127237	0.093756	0.053207	0.032175	0.075744
Superscaffold10	5127716	5725762	0.049895	0.028207	0.016901	0.032141
Superscaffold10	5726228	6008262	-0.139897	-0.090175	-0.047426	-0.093263
Superscaffold10	6008272	6221835	0.020993	0.012288	0.007066	0.011043
Superscaffold10	6221850	6724359	0.119619	0.045249	0.026263	0.063339
Superscaffold10	6724393	7177020	-0.098813	-0.049656	-0.027543	-0.062808
Superscaffold10	7177040	7422868	-0.104990	-0.079369	-0.046183	-0.065638
Superscaffold10	7423058	7699230	-0.009179	-0.008861	-0.004163	-0.003268
Superscaffold10	7699231	8045861	0.178389	0.135261	0.080139	0.128743
Superscaffold10	8045864	8272651	-0.059263	-0.040341	-0.020054	-0.044632
Superscaffold10	8272803	8657661	-0.039375	-0.016480	-0.009948	-0.019085
Superscaffold10	8657678	9324770	0.046148	0.018238	0.010555	0.037989
Superscaffold10	9324788	9615781	-0.088832	-0.051291	-0.028241	-0.057251
Superscaffold10	9615799	10009657	0.049342	0.035937	0.016609	0.032502
Superscaffold10	10009700	10212622	-0.148885	-0.148582	-0.056518	-0.074960
Superscaffold10	10212632	10468398	0.032267	0.016378	0.009285	0.018880
Superscaffold10	10468413	10820027	-0.023017	-0.009364	-0.006242	-0.020082
Superscaffold10	10820035	11354213	0.184170	0.113011	0.063099	0.122873
Superscaffold10	11354232	11743098	0.087591	0.029334	0.017013	0.059990
Superscaffold10	11743177	12035057	0.335200	0.145781	0.086098	0.258570
Superscaffold10	12035199	12176151	0.140359	0.128859	0.075870	0.085868
Superscaffold10	12176884	12342774	-0.056280	-0.039926	-0.021351	-0.031749
Superscaffold10	12342840	12789937	-0.083040	-0.036062	-0.024569	-0.051578
Superscaffold10	12790006	13029427	-0.120121	-0.079527	-0.040242	-0.080523
Superscaffold10	13029455	13326588	0.064386	0.025155	0.015109	0.040744
Superscaffold10	13326619	13622866	0.108616	0.038432	0.022248	0.059090
Superscaffold10	13623053	13918931	0.081128	0.049912	0.030021	0.045038
Superscaffold10	13918953	14346133	0.285561	0.145528	0.082833	0.198465
Superscaffold10	14346144	14722876	0.235539	0.127117	0.068541	0.160936
Superscaffold10	14722892	15195099	-0.008479	-0.003031	-0.001998	-0.005449
Superscaffold10	15195793	15608419	0.044016	0.017929	0.010594	0.027474
Superscaffold10	15608552	15995269	0.053843	0.017138	0.011405	0.034950
Superscaffold10	15995272	16322924	0.041369	0.016284	0.009042	0.030338
Superscaffold10	16322925	16935257	0.017903	0.006200	0.003775	0.012720
Superscaffold10	16935415	17358533	-0.087356	-0.036986	-0.018817	-0.070144
Superscaffold10	17358585	17755164	0.266491	0.131515	0.077608	0.181330
Superscaffold10	17755172	18060159	-0.185041	-0.115092	-0.055784	-0.118502
Superscaffold10	18060188	18301547	0.093354	0.039298	0.023623	0.052817
Superscaffold10	18301597	18564389	-0.192491	-0.105217	-0.053249	-0.095673
Superscaffold10	18565195	18777694	0.131638	0.091787	0.048661	0.076955
Superscaffold10	18777702	19053073	0.177635	0.113499	0.058020	0.091339
Superscaffold10	19053375	19460590	-0.033208	-0.024331	-0.012044	-0.026248
Superscaffold10	19460627	19681832	0.137909	0.112495	0.057092	0.073132
Superscaffold10	19681955	19961465	-0.024485	-0.012442	-0.007057	-0.011246
Superscaffold10	19961467	20292583	-0.011940	-0.004076	-0.002491	-0.009882
Superscaffold10	20292652	20583857	-0.120653	-0.058454	-0.030221	-0.069716
Superscaffold10	20583888	20819299	-0.032740	-0.012518	-0.007710	-0.029306
Superscaffold10	20819762	21112157	0.056747	0.022953	0.013545	0.044244
Superscaffold10	21112269	21311450	-0.385017	-0.273552	-0.143616	-0.292333
Superscaffold10	21311478	21590673	0.057262	0.024019	0.013103	0.040815
Superscaffold10	21590678	21889995	-0.161663	-0.086146	-0.056497	-0.117423
Superscaffold10	21890071	22067919	0.141149	0.093874	0.052670	0.088220
Superscaffold10	22067920	22374410	0.058440	0.024471	0.014312	0.034883
Superscaffold10	22374424	22689177	0.141804	0.056838	0.037709	0.086838
Superscaffold10	22689199	23053794	0.067898	0.018363	0.011245	0.044415
Superscaffold10	23053912	23387419	-0.180058	-0.070893	-0.040678	-0.133439
Superscaffold10	23387434	23649062	-0.174808	-0.098739	-0.053415	-0.109155
Superscaffold10	23649099	24141145	-0.255760	-0.130175	-0.076929	-0.181004
Superscaffold10	24142317	24516317	0.168884	0.066644	0.039930	0.107260
Superscaffold10	24516356	24860834	0.213616	0.081128	0.047746	0.142977
Superscaffold10	24860894	25150367	-0.061630	-0.022077	-0.013598	-0.040732
Superscaffold10	25150563	25326014	0.155585	0.102227	0.060626	0.100204
Superscaffold10	25326032	25640801	0.258341	0.185285	0.122906	0.175977
Superscaffold10	25640805	25787091	-0.009802	-0.009995	-0.005229	-0.005921
Superscaffold10	25787148	25999196	0.023398	0.012286	0.006467	0.011759
Superscaffold10	25999272	26206832	0.478303	0.296541	0.168659	0.404949
Superscaffold10	26206910	26339877	-0.075025	-0.080898	-0.043537	-0.043550
Superscaffold10	26339882	26428827	-0.143183	-0.114333	-0.070495	-0.076664
Superscaffold10	26428835	26774205	-0.111613	-0.045956	-0.030980	-0.064957
Superscaffold10	26774233	26987638	-0.080902	-0.061800	-0.032954	-0.050232
Superscaffold10	26987847	27339406	0.007488	0.004670	0.002440	0.005279
Superscaffold10	27339416	27665000	0.094826	0.025720	0.014972	0.052216
Superscaffold10	27665171	28021961	-0.102610	-0.035836	-0.023100	-0.073379
Superscaffold10	28021969	28353392	-0.269364	-0.321458	-0.154358	-0.179583
Superscaffold10	28353674	28633888	-0.228811	-0.110291	-0.068053	-0.127826
Superscaffold10	28633906	28852866	0.214056	0.109725	0.057946	0.109728
Superscaffold10	28852951	29028670	-0.001463	-0.001351	-0.000684	-0.001580
Superscaffold10	29028947	29460823	-0.056579	-0.019396	-0.010138	-0.043565
Superscaffold10	29460825	29680113	-0.078776	-0.035234	-0.022204	-0.060329
Superscaffold10	29680129	29855633	-0.231223	-0.155738	-0.087616	-0.155555
Superscaffold10	29856433	30287821	0.291238	0.095325	0.053529	0.188513
Superscaffold10	30287829	30518897	-0.189512	-0.084587	-0.049704	-0.094032
Superscaffold10	30518959	30737131	-0.107400	-0.040956	-0.025956	-0.071148
Superscaffold10	30737135	30991099	0.319639	0.181249	0.102982	0.260570
Superscaffold10	30991121	31250213	-0.357854	-0.124021	-0.083602	-0.226334
Superscaffold10	31250228	31478303	0.205453	0.100350	0.057246	0.123935
Superscaffold10	31478386	31847103	0.217773	0.059848	0.041440	0.159125
Superscaffold10	31847108	32140935	-0.191429	-0.140117	-0.065382	-0.106907
Superscaffold10	32141099	32601125	0.298240	0.142587	0.075426	0.200982
Superscaffold10	32601149	32892485	0.549214	0.441208	0.260917	0.372399
Superscaffold10	32892496	33113207	0.511615	0.414812	0.268526	0.429763
Superscaffold10	33115770	33426087	-0.192094	-0.105065	-0.067200	-0.139358
Superscaffold10	33426114	33650713	0.294405	0.256187	0.154430	0.211582
Superscaffold10	33650770	33917291	0.675588	0.523510	0.263901	0.639677
Superscaffold10	33917341	34135666	0.873176	0.707506	0.518913	0.802033
Superscaffold10	34135671	34337620	0.802090	0.715153	0.402065	0.737940
Superscaffold10	34337710	34635377	0.770127	0.640136	0.322150	0.732102
Superscaffold10	34635401	34885768	0.141326	0.122850	0.054345	0.128543
Superscaffold10	34885801	35255587	0.216633	0.127685	0.066082	0.162509
Superscaffold10	35255660	35622817	-0.064236	-0.026399	-0.013691	-0.055752
Superscaffold10	35622830	35921771	-0.278739	-0.138821	-0.062125	-0.142734
Superscaffold10	35921942	36248194	0.458327	0.251112	0.135806	0.372322
Superscaffold10	36248239	36492175	0.461850	0.372804	0.202074	0.374250
Superscaffold10	36492201	36814190	0.049099	0.018255	0.011266	0.030552
Superscaffold10	36814208	37122112	0.082128	0.031621	0.020460	0.050210
Superscaffold10	37122121	37372007	0.106765	0.068157	0.034323	0.066316
Superscaffold10	37372009	37624502	0.288326	0.210140	0.098136	0.221819
Superscaffold10	37624582	37893998	0.016305	0.007035	0.004355	0.009665
Superscaffold10	37894014	38052687	-0.023911	-0.023272	-0.012283	-0.008731
Superscaffold10	38052777	38209979	-0.088917	-0.092833	-0.046668	-0.049089
Superscaffold10	38210104	38343299	-0.173581	-0.172441	-0.088389	-0.107145
Superscaffold10	38343332	38516279	0.368999	0.241098	0.172152	0.278558
Superscaffold10	38516510	38762139	-0.006903	-0.003925	-0.002239	-0.003934
Superscaffold10	38762308	39393666	-0.136723	-0.092417	-0.054585	-0.082805
Superscaffold10	39393892	40089351	0.049670	0.035686	0.020181	0.033513
Superscaffold10	40089365	40424927	0.483284	0.296945	0.184298	0.324550
Superscaffold10	40424931	40697154	-0.105337	-0.036977	-0.023085	-0.058960
Superscaffold10	40697226	40854022	0.125362	0.076067	0.047667	0.069106
Superscaffold10	40854037	41099823	0.021378	0.010296	0.006112	0.010641
Superscaffold10	41100176	41286461	0.341640	0.209057	0.099425	0.258112
Superscaffold10	41286514	41557676	-0.125731	-0.059983	-0.031548	-0.080287
Superscaffold10	41557680	41736577	0.189887	0.129410	0.075329	0.103628
Superscaffold10	41736682	41955002	-0.132392	-0.226953	-0.073920	-0.064883
Superscaffold10	41955100	42263389	0.208900	0.164836	0.085072	0.120396
Superscaffold10	42263426	42444282	0.248162	0.153869	0.096825	0.128236
Superscaffold10	42444404	42647741	-0.078229	-0.072679	-0.031755	-0.039198
Superscaffold10	42647861	43047188	-0.161703	-0.129577	-0.054090	-0.094295
Superscaffold10	43047229	43285547	0.003670	0.002579	0.001303	0.004439
Superscaffold10	43285551	43528885	-0.027931	-0.013936	-0.007526	-0.015436
Superscaffold10	43528889	43769033	0.079655	0.052692	0.026190	0.040636
Superscaffold10	43769039	44248262	0.217305	0.092256	0.062960	0.087023
Superscaffold10	44248308	44756763	0.288557	0.221515	0.122555	0.165470
Superscaffold10	44756773	44919045	0.339435	0.189085	0.116408	0.227257
Superscaffold10	44919385	45092536	0.272761	0.201766	0.136698	0.194671
Superscaffold10	45092550	45396907	-0.036960	-0.033006	-0.016837	-0.017147
Superscaffold10	45396916	45674913	0.013475	0.011132	0.006292	0.008215
Superscaffold10	45675010	45802545	-0.026056	-0.031607	-0.015844	-0.015267
Superscaffold10	45802547	45984907	0.072357	0.057621	0.036648	0.041969
Superscaffold10	45984909	46159917	-0.069476	-0.063870	-0.035408	-0.044326
Superscaffold10	46159981	46396511	-0.215777	-0.172428	-0.097666	-0.117469
Superscaffold10	46396588	46564939	0.048099	0.049786	0.029995	0.024946
Superscaffold10	46564943	47471366	0.119850	0.085855	0.056647	0.071511
Superscaffold10	47471368	47611662	0.115977	0.111084	0.071803	0.066118
Superscaffold10	47611713	47772834	-0.243057	-0.296600	-0.133044	-0.152790
Superscaffold10	47772871	47897066	0.129123	0.123505	0.073341	0.068174
Superscaffold10	47897084	48122496	0.089639	0.122165	0.057591	0.043551
Superscaffold10	48122547	48320788	-0.036889	-0.038226	-0.017492	-0.017340
Superscaffold10	48320790	48560275	0.255242	0.229479	0.123928	0.145194
Superscaffold10	48560328	48680126	-0.129943	-0.196951	-0.075538	-0.076485
Superscaffold10	48680145	49023992	-0.058806	-0.047715	-0.027453	-0.038318
Superscaffold10	49024009	49295394	0.031770	0.025525	0.012300	0.015504
Superscaffold10	49295416	49640387	0.007050	0.007203	0.004025	0.008557
Superscaffold10	49640401	49863375	-0.022533	-0.026020	-0.013636	-0.006823
Superscaffold10	49863378	49979825	0.071787	0.091523	0.048456	0.038434
Superscaffold10	49979826	50074439	0.170619	0.184094	0.109472	0.089489
Superscaffold10	50074510	50178454	0.142922	0.142951	0.089706	0.080178
Superscaffold10	50178514	50644863	-0.091903	-0.053118	-0.028907	-0.055717
Superscaffold10	50644991	50867587	0.069998	0.063522	0.036702	0.039805
Superscaffold10	50867602	51141986	-0.108884	-0.064855	-0.039322	-0.061647
Superscaffold10	51142021	51451176	-0.053933	-0.056050	-0.030414	-0.027470
Superscaffold10	51451193	51743072	0.052754	0.043552	0.026574	0.028223
Superscaffold10	51743073	51943894	0.100133	0.087070	0.051206	0.053499
Superscaffold10	51943900	52070739	0.065840	0.085245	0.046266	0.038061
Superscaffold10	52070754	52237286	-0.020038	-0.023724	-0.013921	-0.011290
Superscaffold10	52237297	52412172	-0.072475	-0.093514	-0.042984	-0.039926
Superscaffold10	52412205	52582561	-0.039937	-0.049338	-0.024402	-0.022282
Superscaffold10	52582562	52701908	-0.090341	-0.096605	-0.050114	-0.052645
Superscaffold10	52701973	52820025	0.097247	0.131458	0.075661	0.051187
Superscaffold10	52820064	53044771	0.100681	0.097821	0.060741	0.053822
Superscaffold10	53044779	53257251	-0.026991	-0.023803	-0.013373	-0.009982
Superscaffold10	53257268	53451620	-0.011412	-0.011636	-0.006457	-0.006754
Superscaffold10	53451648	53613418	-0.018985	-0.017217	-0.010548	-0.011114
Superscaffold10	53613428	53740591	0.018055	0.020547	0.011740	0.012301
Superscaffold10	53740597	54028594	0.006904	0.008176	0.004521	0.006527
Superscaffold10	54028689	54565894	0.105568	0.051777	0.031673	0.069522
Superscaffold10	54567755	54933740	-0.064471	-0.039339	-0.024765	-0.034320
Superscaffold10	54933807	55111970	0.090211	0.071688	0.042399	0.057421
Superscaffold10	55112003	55331360	-0.138378	-0.084255	-0.054230	-0.080100
Superscaffold10	55331387	55458573	0.059446	0.050399	0.033811	0.027858
Superscaffold11	238456	448211	-0.134922	-0.092428	-0.058059	-0.086432
Superscaffold11	448251	740346	-0.037431	-0.020115	-0.012453	-0.021521
Superscaffold11	740423	957065	-0.027930	-0.014505	-0.009509	-0.014031
Superscaffold11	957233	1274876	-0.201537	-0.107671	-0.067183	-0.107822
Superscaffold11	1274878	1578186	-0.002060	-0.001554	-0.000857	0.000370
Superscaffold11	1578264	2033575	0.128016	0.112824	0.058477	0.072613
Superscaffold11	2034692	2901549	-0.108924	-0.059626	-0.034698	-0.063042
Superscaffold11	2901551	3392833	0.084820	0.053662	0.030597	0.048299
Superscaffold11	3392847	4525795	0.092523	0.066035	0.040988	0.055585
Superscaffold11	4527842	4906236	-0.030812	-0.026232	-0.015367	-0.015026
Superscaffold11	4906257	5187696	-0.004618	-0.003866	-0.002082	0.000007
Superscaffold11	5187783	5467621	-0.128597	-0.057181	-0.037914	-0.065433
Superscaffold11	5467654	5846484	0.237381	0.155889	0.104845	0.133965
Superscaffold11	5846492	6397112	0.026547	0.019658	0.011649	0.012594
Superscaffold11	6397156	6888623	0.036357	0.035192	0.017279	0.025292
Superscaffold11	6888645	7169600	0.169109	0.126127	0.076403	0.108837
Superscaffold11	7169648	7522916	0.204037	0.130188	0.081855	0.125675
Superscaffold11	7523124	7807872	0.120899	0.073149	0.050200	0.071520
Superscaffold11	7807895	8071622	-0.005606	-0.005228	-0.003093	-0.006699
Superscaffold11	8071655	8689830	-0.064876	-0.040270	-0.025502	-0.040884
Superscaffold11	8689879	8956261	-0.429778	-0.377411	-0.213260	-0.326751
Superscaffold11	8956273	9233949	-0.190374	-0.126882	-0.074397	-0.128037
Superscaffold11	9233994	9428081	0.009141	0.004131	0.002430	0.005159
Superscaffold11	9428090	9700716	-0.152072	-0.080933	-0.045718	-0.076929
Superscaffold11	9700777	9941654	-0.227483	-0.128343	-0.078129	-0.147107
Superscaffold11	9941661	10142404	-0.019169	-0.013170	-0.008082	-0.008965
Superscaffold11	10142423	10369861	-0.180633	-0.098613	-0.067432	-0.125565
Superscaffold11	10369905	11172008	0.373186	0.197084	0.103319	0.257871
Superscaffold11	11172106	11364873	-0.251402	-0.166776	-0.085808	-0.163190
Superscaffold11	11364887	11705328	0.014259	0.005452	0.003790	0.008468
Superscaffold11	11705339	12260621	-0.238246	-0.081125	-0.053170	-0.174725
Superscaffold11	12260680	12781768	-0.346113	-0.162316	-0.091227	-0.228850
Superscaffold11	12781945	13059212	-0.054597	-0.018581	-0.010175	-0.027657
Superscaffold11	13059233	13335585	-0.075344	-0.041203	-0.021726	-0.048501
Superscaffold11	13335726	13531285	-0.137946	-0.066499	-0.042042	-0.078745
Superscaffold11	13531382	13822413	-0.171026	-0.085182	-0.053562	-0.100381
Superscaffold11	13822492	14266866	-0.056647	-0.026433	-0.016518	-0.033322
Superscaffold11	14266874	14554729	-0.137773	-0.154908	-0.079284	-0.082933
Superscaffold11	14554732	14681474	-0.067821	-0.063417	-0.039202	-0.039388
Superscaffold11	14681482	14826527	-0.077301	-0.088635	-0.048446	-0.046720
Superscaffold11	14826538	15124545	-0.051670	-0.037029	-0.024765	-0.029668
Superscaffold11	15124549	15538803	-0.039891	-0.035455	-0.018849	-0.023732
Superscaffold11	15538807	16131483	0.025909	0.009833	0.005611	0.016817
Superscaffold11	16131499	16349122	0.162474	0.161038	0.058871	0.077481
Superscaffold11	16349203	16615749	-0.000687	-0.000545	-0.000295	0.001090
Superscaffold11	16615758	16877279	-0.362516	-0.245076	-0.124394	-0.243210
Superscaffold11	16877325	17046806	0.191036	0.152687	0.080425	0.106511
Superscaffold11	17046808	17419928	0.623063	0.279706	0.226204	0.478783
Superscaffold11	17419980	18071901	0.037434	0.020267	0.012293	0.022059
Superscaffold11	18071916	18265452	0.115428	0.089406	0.056452	0.066081
Superscaffold11	18265535	18800611	0.032047	0.022963	0.012796	0.015668
Superscaffold11	18800632	18972712	0.109893	0.090654	0.053413	0.064674
Superscaffold11	18972756	19543729	-0.111655	-0.060109	-0.034168	-0.070921
Superscaffold11	19543753	19704563	-0.158943	-0.173560	-0.086971	-0.080148
Superscaffold11	19704566	19881493	0.072241	0.061651	0.033318	0.041043
Superscaffold11	19881720	20498947	-0.048774	-0.029171	-0.016287	-0.021799
Superscaffold11	20498949	20779934	-0.105628	-0.082168	-0.048473	-0.056146
Superscaffold11	20779991	20933493	-0.219667	-0.234163	-0.099176	-0.143920
Superscaffold11	20933533	21189583	-0.009897	-0.004874	-0.003164	-0.007729
Superscaffold11	21189610	21472706	0.003634	0.001531	0.000945	0.008052
Superscaffold11	21472928	21764976	0.064727	0.030753	0.022480	0.049000
Superscaffold11	21765081	21990080	0.009071	0.005008	0.003064	0.007141
Superscaffold11	21990083	22255761	0.159202	0.079138	0.047149	0.110288
Superscaffold11	22256024	22493890	-0.157759	-0.107134	-0.064426	-0.103146
Superscaffold11	22493929	22700298	0.086231	0.058767	0.033824	0.059829
Superscaffold11	22700300	22841696	-0.055282	-0.037345	-0.021686	-0.033006
Superscaffold11	22841778	23081769	0.064591	0.038487	0.023388	0.036463
Superscaffold11	23082253	23409266	0.268301	0.160875	0.088742	0.147154
Superscaffold11	23409300	23654481	-0.136859	-0.079152	-0.039727	-0.082068
Superscaffold11	23654847	23904081	0.027961	0.016372	0.007756	0.020537
Superscaffold11	23904162	24156095	0.454328	0.272654	0.174937	0.329564
Superscaffold11	24156294	24338364	0.051796	0.032436	0.022449	0.034760
Superscaffold11	24338371	24711608	0.362555	0.169252	0.119271	0.234890
Superscaffold11	24711646	24972380	-0.273902	-0.249614	-0.069897	-0.157393
Superscaffold11	24972435	25205569	0.052899	0.027891	0.016124	0.027903
Superscaffold11	25205688	25572830	-0.174999	-0.075338	-0.038951	-0.112860
Superscaffold11	25572931	25763596	0.009065	0.006403	0.004149	0.003924
Superscaffold11	25763610	26170254	0.182921	0.062472	0.044199	0.140413
Superscaffold11	26170259	26635225	-0.081787	-0.024680	-0.015108	-0.054593
Superscaffold11	26635234	26979747	0.351764	0.135560	0.079034	0.268572
Superscaffold11	26979804	27572358	0.328674	0.081679	0.058921	0.194555
Superscaffold11	27572424	27826912	-0.068312	-0.038850	-0.020743	-0.042518
Superscaffold11	27827060	28121197	0.191790	0.075560	0.044375	0.153863
Superscaffold11	28121221	28314716	0.272998	0.201763	0.083214	0.192159
Superscaffold11	28314774	28565183	0.172480	0.068814	0.045614	0.114476
Superscaffold11	28565217	28860537	-0.067828	-0.037948	-0.022903	-0.043955
Superscaffold11	28860753	29074823	-0.203646	-0.146787	-0.087124	-0.135903
Superscaffold11	29074941	29296652	-0.322059	-0.187173	-0.111164	-0.212363
Superscaffold11	29296662	30382458	-0.036841	-0.020975	-0.013021	-0.019125
Superscaffold11	30382546	30649611	0.018809	0.006631	0.004136	0.019261
Superscaffold11	30649674	31079627	-0.288788	-0.103972	-0.062508	-0.191565
Superscaffold11	31079681	31469590	0.015708	0.009547	0.005530	0.006403
Superscaffold11	31469613	31637549	-0.103869	-0.054979	-0.035491	-0.068858
Superscaffold11	31637550	31936039	-0.106814	-0.057880	-0.033655	-0.075905
Superscaffold11	31936070	32331635	0.247483	0.098962	0.059088	0.184949
Superscaffold11	32332050	32692708	-0.133717	-0.053746	-0.028683	-0.098921
Superscaffold11	32693332	33341002	0.135440	0.028918	0.019337	0.096849
Superscaffold11	33341049	33910696	-0.549701	-0.145158	-0.090944	-0.495742
Superscaffold11	33910735	34160662	-0.191680	-0.117688	-0.067775	-0.152946
Superscaffold11	34160705	34594471	-0.048947	-0.020453	-0.012326	-0.035149
Superscaffold11	34594947	34945061	0.479100	0.304473	0.196248	0.399297
Superscaffold11	34945114	35348957	0.333786	0.139910	0.075540	0.243772
Superscaffold11	35349033	35511382	-0.103402	-0.073418	-0.043737	-0.063167
Superscaffold11	35511768	35805404	0.231581	0.132562	0.079974	0.136499
Superscaffold11	35805431	36053925	-0.019822	-0.012958	-0.007867	-0.006634
Superscaffold11	36053959	36244849	0.373670	0.213348	0.125245	0.287754
Superscaffold11	36244861	36573505	-0.160855	-0.077921	-0.048657	-0.098936
Superscaffold11	36573516	36900833	-0.044152	-0.014795	-0.009694	-0.028805
Superscaffold11	36900834	37337951	-0.154971	-0.072060	-0.044897	-0.096816
Superscaffold11	37338049	37550339	-0.289557	-0.186119	-0.111967	-0.166117
Superscaffold11	37550450	38118052	-0.027136	-0.013254	-0.008398	-0.014441
Superscaffold11	38118053	38951269	0.035937	0.011326	0.007497	0.019943
Superscaffold11	38951294	39176877	-0.066220	-0.032697	-0.020903	-0.039301
Superscaffold11	39176938	39655963	-0.047881	-0.038493	-0.021097	-0.028131
Superscaffold11	39659089	40002051	-0.008447	-0.007291	-0.003942	-0.002495
Superscaffold11	40002096	40259584	0.368866	0.181846	0.114140	0.273000
Superscaffold11	40259863	40586673	-0.032002	-0.023978	-0.012266	-0.022681
Superscaffold11	40586775	41080896	0.168871	0.056562	0.039289	0.107902
Superscaffold11	41080908	41451900	-0.095097	-0.050059	-0.025140	-0.068727
Superscaffold11	41451933	41706239	-0.037169	-0.026555	-0.013989	-0.026292
Superscaffold11	41706278	41889042	-0.400018	-0.379755	-0.168709	-0.286898
Superscaffold11	41889065	42113573	0.138235	0.076707	0.051416	0.088051
Superscaffold11	42113627	42377730	-0.061778	-0.045563	-0.026204	-0.032729
Superscaffold11	42377744	42600674	-0.281284	-0.148728	-0.090283	-0.184438
Superscaffold11	42600679	42878054	-0.359913	-0.264761	-0.140762	-0.225385
Superscaffold11	42878126	43179286	-0.217009	-0.119422	-0.071928	-0.123142
Superscaffold11	43180940	43827496	0.071653	0.032260	0.020554	0.044268
Superscaffold11	43827518	44245684	-0.233916	-0.162057	-0.091523	-0.153777
Superscaffold11	44245702	44509221	-0.062697	-0.050127	-0.029469	-0.033913
Superscaffold11	44509241	44763077	-0.009879	-0.004865	-0.002972	-0.006459
Superscaffold11	44763119	45008789	-0.107375	-0.082898	-0.044040	-0.066605
Superscaffold11	45008836	45222265	-0.202760	-0.127468	-0.071035	-0.129192
Superscaffold11	45222268	45438696	0.102044	0.060852	0.038621	0.061017
Superscaffold11	45438701	46079600	0.204865	0.100012	0.059724	0.122951
Superscaffold11	46079620	46457122	0.009698	0.006448	0.003377	0.007702
Superscaffold11	46457250	46786761	-0.111423	-0.060213	-0.031477	-0.075155
Superscaffold11	46786927	47221170	-0.036629	-0.019505	-0.011009	-0.016670
Superscaffold11	47221189	47435395	0.072006	0.043125	0.024104	0.040205
Superscaffold11	47435471	47686480	-0.145803	-0.103268	-0.052117	-0.107820
Superscaffold11	47686640	47907200	-0.121931	-0.119450	-0.047567	-0.071189
Superscaffold11	47907204	48158825	0.212621	0.101260	0.061775	0.121442
Superscaffold11	48158841	48439220	-0.109387	-0.074293	-0.044834	-0.058858
Superscaffold11	48439358	48735970	-0.149921	-0.082209	-0.045053	-0.091959
Superscaffold11	48736953	49169537	0.188056	0.131123	0.067163	0.099030
Superscaffold11	49169574	49787153	-0.287213	-0.213806	-0.116874	-0.195000
Superscaffold11	49787178	50425539	0.008686	0.006587	0.003238	0.008572
Superscaffold11	50425560	51065383	-0.013431	-0.009634	-0.005449	-0.007173
Superscaffold11	51065392	51295973	0.095047	0.066602	0.036115	0.063072
Superscaffold11	51296020	51632926	0.097994	0.057061	0.034108	0.054689
Superscaffold11	51632932	51881230	-0.393087	-0.303266	-0.153106	-0.303311
Superscaffold11	51881231	52211602	-0.576315	-0.606206	-0.267996	-0.486791
Superscaffold11	52211604	52402888	-0.039769	-0.024923	-0.015329	-0.019773
Superscaffold11	52402901	52675336	-0.016718	-0.007665	-0.004661	-0.008341
Superscaffold11	52675568	52937391	0.149961	0.087597	0.053601	0.085534
Superscaffold11	52937411	53327891	0.101256	0.063164	0.036488	0.058385
Superscaffold11	53327893	53870343	0.037604	0.019774	0.012887	0.021731
Superscaffold11	53870426	54093703	0.040576	0.030875	0.018717	0.025105
Superscaffold11	54093736	54344152	-0.120108	-0.115315	-0.062074	-0.067395
Superscaffold11	54344183	54706418	0.211449	0.139837	0.090213	0.134107
Superscaffold11	54706426	54945702	-0.138322	-0.084585	-0.053845	-0.085664
Superscaffold11	54945715	55225234	-0.059960	-0.033335	-0.018645	-0.035379
Superscaffold11	55225244	55473302	0.527386	0.256241	0.144629	0.406382
Superscaffold11	55474111	55864216	0.200675	0.092273	0.057036	0.141692
Superscaffold11	55864319	56103887	-0.348562	-0.154753	-0.086611	-0.205272
Superscaffold11	56103894	56456666	0.014635	0.007726	0.004578	0.010279
Superscaffold11	56456736	56751777	0.218171	0.146724	0.081895	0.126009
Superscaffold11	56751779	57118267	0.023402	0.011859	0.006967	0.012799
Superscaffold11	57118317	57393531	0.029806	0.013504	0.007840	0.020899
Superscaffold11	57393869	57671088	-0.198910	-0.134089	-0.066844	-0.152051
Superscaffold11	57671102	57962048	-0.156318	-0.154919	-0.068231	-0.091676
Superscaffold11	57962057	58323427	-0.183890	-0.130702	-0.057527	-0.115877
Superscaffold11	58323493	58572602	-0.081943	-0.053357	-0.026665	-0.049463
Superscaffold11	58572620	58892013	-0.012749	-0.005876	-0.003072	-0.006449
Superscaffold12	40590	207455	0.282857	0.269788	0.132425	0.166994
Superscaffold12	207476	395034	0.038028	0.041180	0.017038	0.019946
Superscaffold12	395123	647029	0.189979	0.151867	0.065375	0.089819
Superscaffold12	647036	844750	0.165292	0.116659	0.054639	0.097322
Superscaffold12	844941	1548891	0.086416	0.056175	0.028215	0.056087
Superscaffold12	1548942	1866817	-0.019435	-0.013156	-0.007749	-0.009385
Superscaffold12	1866906	2037953	-0.136985	-0.104738	-0.046918	-0.088986
Superscaffold12	2038011	2250099	0.242182	0.201745	0.093922	0.149618
Superscaffold12	2250291	2423220	0.392437	0.276488	0.135176	0.275570
Superscaffold12	2423280	2595109	-0.132472	-0.106412	-0.043193	-0.074642
Superscaffold12	2595143	2780173	0.087364	0.057782	0.028986	0.062458
Superscaffold12	2780296	2976176	0.064181	0.034552	0.017321	0.047618
Superscaffold12	2976238	3259782	-0.313596	-0.210772	-0.107196	-0.196877
Superscaffold12	3259786	3528875	-0.018173	-0.008281	-0.004400	-0.011012
Superscaffold12	3528883	3783963	0.363407	0.167199	0.095407	0.297230
Superscaffold12	3783969	4146112	0.100575	0.046217	0.023379	0.085040
Superscaffold12	4146189	4387572	-0.047542	-0.016268	-0.008858	-0.036225
Superscaffold12	4387704	4696386	0.210102	0.083776	0.047500	0.133016
Superscaffold12	4696718	4940504	0.075429	0.043309	0.022627	0.046294
Superscaffold12	4940574	5250075	0.168146	0.103377	0.048144	0.106784
Superscaffold12	5250287	5485878	0.029897	0.018687	0.009808	0.016317
Superscaffold12	5485977	5738087	0.063552	0.051615	0.029577	0.035350
Superscaffold12	5738139	5923743	0.128887	0.112965	0.056468	0.064845
Superscaffold12	5923873	6257761	-0.020494	-0.016016	-0.008551	-0.012211
Superscaffold12	6258042	6462912	0.152265	0.108303	0.057614	0.088682
Superscaffold12	6464383	6786472	-0.085850	-0.051902	-0.034942	-0.045220
Superscaffold12	6786506	7002742	0.102846	0.096060	0.061634	0.067936
Superscaffold12	7002782	7145643	0.233525	0.224839	0.134985	0.121296
Superscaffold12	7145668	7409432	0.084407	0.052704	0.028220	0.048940
Superscaffold12	7410062	7661590	0.179800	0.088992	0.054220	0.111149
Superscaffold12	7661591	8000503	0.041160	0.018315	0.009579	0.029528
Superscaffold12	8000506	8238754	0.016886	0.008024	0.004222	0.010447
Superscaffold12	8238853	8381613	-0.098102	-0.072287	-0.042403	-0.059129
Superscaffold12	8381614	8841685	-0.365589	-0.200510	-0.101172	-0.256997
Superscaffold12	8842105	9027031	0.116153	0.064171	0.035932	0.074032
Superscaffold12	9027076	9318724	-0.106708	-0.047915	-0.026988	-0.081875
Superscaffold12	9318729	9669748	-0.242082	-0.099354	-0.055670	-0.181577
Superscaffold12	9669762	10014776	0.227095	0.095457	0.051092	0.151908
Superscaffold12	10014777	10334600	-0.065038	-0.026572	-0.014503	-0.041485
Superscaffold12	10334608	10591007	0.268490	0.140302	0.073756	0.185633
Superscaffold12	10591024	11080723	0.228890	0.077399	0.043868	0.184131
Superscaffold12	11080773	11464328	-0.083821	-0.027735	-0.015943	-0.060385
Superscaffold12	11464357	11900533	-0.219070	-0.105200	-0.063189	-0.157514
Superscaffold12	11900554	12997814	0.035812	0.013938	0.008377	0.031186
Superscaffold12	12997991	13812845	0.258218	0.099317	0.045191	0.192140
Superscaffold12	13812928	14274583	0.069128	0.019778	0.011692	0.053857
Superscaffold12	14274659	14638877	0.073704	0.030419	0.017090	0.058674
Superscaffold12	14641510	15105204	-0.021304	-0.006045	-0.003800	-0.009632
Superscaffold12	15105216	15429198	-0.137810	-0.058560	-0.030482	-0.093166
Superscaffold12	15435540	15795275	0.188028	0.075888	0.038416	0.160796
Superscaffold12	15795311	16407310	0.145098	0.040508	0.021408	0.120064
Superscaffold12	16407339	17429062	-0.020551	-0.002004	-0.001303	-0.011651
Superscaffold12	17430125	18025716	0.239188	0.039568	0.026651	0.205817
Superscaffold12	18025831	18962784	-0.248777	-0.050699	-0.031443	-0.190933
Superscaffold12	18963173	19619021	0.104818	0.020810	0.012805	0.087025
Superscaffold12	19619110	20156540	0.170645	0.033273	0.021106	0.139801
Superscaffold12	20156568	20540102	0.025926	0.007856	0.004661	0.027285
Superscaffold12	20540104	21179519	0.226406	0.057212	0.034749	0.175330
Superscaffold12	21179730	21707792	0.080433	0.033576	0.020335	0.055208
Superscaffold12	21707837	21944814	0.088182	0.059122	0.036895	0.055773
Superscaffold12	21944874	22346235	-0.225090	-0.203419	-0.080741	-0.121647
Superscaffold12	22346264	22777107	-0.263488	-0.173390	-0.083313	-0.168013
Superscaffold12	22777121	23348366	-0.010230	-0.004546	-0.002374	-0.006750
Superscaffold12	23348368	23581008	0.130721	0.061543	0.035023	0.087618
Superscaffold12	23581833	23974688	0.117076	0.048811	0.025801	0.092930
Superscaffold12	23974692	24419767	0.464538	0.167168	0.104184	0.364010
Superscaffold12	24419806	24753688	-0.050339	-0.024920	-0.013651	-0.037964
Superscaffold12	24754591	25095465	-0.152933	-0.059950	-0.034890	-0.108523
Superscaffold12	25095510	25473608	0.078099	0.031847	0.018936	0.044930
Superscaffold12	25473609	25828054	-0.212227	-0.086009	-0.048871	-0.146826
Superscaffold12	25828521	26087791	0.168979	0.103070	0.057761	0.092815
Superscaffold12	26087856	26294264	0.431616	0.247193	0.136106	0.316468
Superscaffold12	26294404	26659060	0.065864	0.041266	0.020474	0.042051
Superscaffold12	26659126	27405757	-0.179264	-0.097346	-0.056294	-0.107651
Superscaffold12	27405817	27750477	0.028934	0.011262	0.007252	0.016015
Superscaffold12	27750491	28239921	0.032559	0.011486	0.006869	0.023649
Superscaffold12	28239925	28581578	0.130641	0.055356	0.031347	0.093383
Superscaffold12	28581668	28882553	0.056446	0.038212	0.020567	0.034932
Superscaffold12	28882582	29158973	-0.072172	-0.038137	-0.023316	-0.047626
Superscaffold12	29159072	29515593	0.158621	0.059771	0.035544	0.097114
Superscaffold12	29515603	29874325	-0.127765	-0.051035	-0.027142	-0.084944
Superscaffold12	29874447	30120296	0.482304	0.216988	0.119946	0.398436
Superscaffold12	30120298	30352479	0.191036	0.075967	0.043142	0.130605
Superscaffold12	30352504	30569140	-0.036278	-0.026162	-0.011699	-0.018168
Superscaffold12	30569200	30815871	0.154265	0.085509	0.043416	0.103752
Superscaffold12	30816316	31366036	0.030312	0.009390	0.005547	0.020711
Superscaffold12	31366174	32104884	-0.055683	-0.031290	-0.017807	-0.030449
Superscaffold12	32105094	32232385	0.246063	0.229109	0.123882	0.145518
Superscaffold12	32232532	32414752	0.027510	0.021726	0.010343	0.015157
Superscaffold12	32414780	32675857	-0.178296	-0.106938	-0.057417	-0.127249
Superscaffold12	32676116	32999823	-0.082784	-0.036341	-0.020211	-0.040445
Superscaffold12	33000059	33418661	0.240965	0.085517	0.055375	0.174980
Superscaffold12	33418663	33804625	0.009289	0.004032	0.002182	0.006183
Superscaffold12	33804668	34197990	-0.207318	-0.080335	-0.048503	-0.158294
Superscaffold12	34198002	34631297	-0.085023	-0.024326	-0.013947	-0.070796
Superscaffold12	34631332	35003752	0.036798	0.011012	0.006523	0.022663
Superscaffold12	35003874	35253657	0.082058	0.054163	0.026114	0.051779
Superscaffold12	35253832	35612769	-0.173312	-0.091358	-0.046542	-0.112046
Superscaffold12	35612792	36004614	0.000397	0.000159	0.000096	-0.003927
Superscaffold12	36004853	36255237	0.038719	0.020207	0.010014	0.023420
Superscaffold12	36255397	36519185	0.201560	0.090495	0.050696	0.144112
Superscaffold12	36519194	36806104	0.159350	0.062615	0.041091	0.111229
Superscaffold12	36807085	37203004	0.203552	0.104101	0.060990	0.134584
Superscaffold12	37203176	37734295	0.010455	0.003969	0.002355	0.003155
Superscaffold12	37734497	37976802	0.183303	0.091203	0.053723	0.112408
Superscaffold12	37978170	38210645	0.166945	0.126353	0.072745	0.102423
Superscaffold12	38210681	38386556	0.186083	0.130037	0.080702	0.116201
Superscaffold12	38386559	38607768	-0.039406	-0.027120	-0.014618	-0.029051
Superscaffold12	38607823	39103718	-0.078998	-0.028788	-0.018602	-0.051002
Superscaffold12	39103963	39445741	0.123171	0.040091	0.026666	0.086385
Superscaffold12	39445769	39709447	0.060803	0.034384	0.018008	0.040725
Superscaffold12	39709468	40007812	-0.000943	-0.000338	-0.000229	0.003666
Superscaffold12	40007831	40332221	-0.439849	-0.210253	-0.115853	-0.310527
Superscaffold12	40333139	40766583	-0.025277	-0.010888	-0.007514	-0.016512
Superscaffold12	40766584	41326787	0.178991	0.126906	0.072781	0.110410
Superscaffold12	41326942	41707210	0.249365	0.098615	0.055952	0.184342
unanchor52	22867	43274	-0.207614	-0.159346	-0.085526	-0.118066
unanchor224	44022	74782	-0.170946	-0.126903	-0.068634	-0.099635
unanchor226	75107	267468	-0.026222	-0.015916	-0.008480	-0.015981
unanchor228	267540	291650	0.025892	0.012696	0.008279	0.018760
unanchor233	268479	292525	-0.004839	-0.002868	-0.001635	-0.000401
unanchor236	292680	357305	-0.098404	-0.091363	-0.047191	-0.053790
unanchor243	43524	654110	0.032544	0.020837	0.011458	0.022590
unanchor251	147227	910741	-0.061587	-0.029099	-0.017732	-0.037339
unanchor255	215212	645143	-0.103277	-0.071195	-0.034266	-0.053697
unanchor271	919	106175	-0.214507	-0.105455	-0.058912	-0.139981
unanchor272	106350	463571	0.136969	0.086797	0.047377	0.085524
unanchor274	25960	652395	0.068909	0.044463	0.026738	0.046516
unanchor278	309826	911327	-0.114006	-0.084270	-0.047065	-0.063466
unanchor285	138070	231017	0.056010	0.020824	0.013178	0.036794
