chr	windowStart	windowEnd	D	f_d	f_dM	d_f
Superscaffold1	540526	696696	-0.028496	-0.027749	-0.016877	-0.019363
Superscaffold1	696740	861379	-0.065132	-0.039127	-0.022888	-0.033698
Superscaffold1	861497	1166634	-0.067410	-0.039938	-0.022028	-0.032679
Superscaffold1	1166703	1393429	-0.066882	-0.028384	-0.018191	-0.033550
Superscaffold1	1393440	1634127	-0.072026	-0.021475	-0.014634	-0.040862
Superscaffold1	1634224	1997335	-0.325488	-0.149780	-0.081352	-0.225149
Superscaffold1	1997388	2273251	-0.143698	-0.060155	-0.034254	-0.105555
Superscaffold1	2273288	2451821	-0.089927	-0.055400	-0.035807	-0.054278
Superscaffold1	2451822	2624222	0.000256	0.000245	0.000133	-0.000231
Superscaffold1	2624484	2781374	-0.073999	-0.095156	-0.043219	-0.040002
Superscaffold1	2781375	2941166	-0.245912	-0.309178	-0.113059	-0.149802
Superscaffold1	2941254	3113568	-0.115675	-0.099314	-0.052588	-0.068331
Superscaffold1	3113592	3398017	-0.005331	-0.002385	-0.001397	-0.002093
Superscaffold1	3398022	3732586	-0.078953	-0.029159	-0.017475	-0.039884
Superscaffold1	3732598	4090932	-0.305760	-0.118068	-0.066404	-0.200170
Superscaffold1	4090942	4458386	-0.018493	-0.006096	-0.003968	-0.005423
Superscaffold1	4458387	4775911	-0.399782	-0.288146	-0.160264	-0.275474
Superscaffold1	4775944	5143652	-0.048676	-0.018264	-0.012364	-0.026479
Superscaffold1	5143789	5583831	-0.234753	-0.054090	-0.038378	-0.156032
Superscaffold1	5583884	5844935	0.162997	0.071272	0.046444	0.094160
Superscaffold1	5845087	6223826	0.042884	0.016166	0.010404	0.028596
Superscaffold1	6224183	6629539	0.003937	0.001160	0.000795	0.005936
Superscaffold1	6629556	7011134	-0.157613	-0.062560	-0.037894	-0.099992
Superscaffold1	7011208	7302633	-0.472930	-0.231151	-0.129351	-0.330734
Superscaffold1	7302679	7665874	-0.065488	-0.028077	-0.018269	-0.044267
Superscaffold1	7666087	8289948	-0.087548	-0.028519	-0.018380	-0.041208
Superscaffold1	8290099	8576304	-0.175776	-0.104343	-0.052650	-0.097987
Superscaffold1	8576335	9596552	0.024074	0.009289	0.005814	0.013856
Superscaffold1	9597804	10564023	0.086873	0.034619	0.022231	0.056651
Superscaffold1	10564025	10812260	-0.076386	-0.036821	-0.024536	-0.048972
Superscaffold1	10812269	11066494	0.084864	0.037237	0.021674	0.055268
Superscaffold1	11066557	11362895	-0.161236	-0.066219	-0.042940	-0.117489
Superscaffold1	11365613	11613478	-0.476185	-0.250736	-0.141977	-0.351296
Superscaffold1	11613560	11936285	0.125784	0.042456	0.026779	0.083237
Superscaffold1	11936289	12186505	0.008193	0.005265	0.003121	0.006970
Superscaffold1	12186719	12457617	0.160441	0.091332	0.050481	0.085609
Superscaffold1	12457645	12714765	-0.162932	-0.069978	-0.042996	-0.112589
Superscaffold1	12714801	13001428	-0.047113	-0.020910	-0.011506	-0.033315
Superscaffold1	13002208	13675608	-0.091487	-0.017290	-0.011572	-0.067610
Superscaffold1	13675915	14279230	0.083915	0.019102	0.011845	0.055760
Superscaffold1	14279856	14700009	-0.053225	-0.013447	-0.008626	-0.035401
Superscaffold1	14700070	14975777	0.103133	0.042300	0.026683	0.064991
Superscaffold1	14977695	15400075	-0.190885	-0.043043	-0.030294	-0.143638
Superscaffold1	15400105	15737281	-0.224427	-0.057095	-0.037249	-0.141921
Superscaffold1	15738180	16036882	-0.129873	-0.044457	-0.027722	-0.091864
Superscaffold1	16036936	16349283	-0.169924	-0.058289	-0.033502	-0.111353
Superscaffold1	16349963	16700906	-0.088324	-0.030397	-0.019493	-0.043931
Superscaffold1	16700914	16987676	-0.092503	-0.051899	-0.025411	-0.037784
Superscaffold1	16987686	17333854	-0.152207	-0.074122	-0.042373	-0.093390
Superscaffold1	17334106	17941402	-0.005630	-0.001762	-0.001058	-0.005842
Superscaffold1	17941403	18329599	-0.326010	-0.336533	-0.130243	-0.153966
Superscaffold1	18330070	18780989	0.000920	0.000214	0.000142	0.000449
Superscaffold1	18780996	19101850	-0.037096	-0.016147	-0.010311	-0.022340
Superscaffold1	19102391	19272815	-0.322334	-0.195711	-0.116840	-0.199258
Superscaffold1	19272826	19662603	-0.414647	-0.254296	-0.162005	-0.285114
Superscaffold1	19662610	19974775	-0.134404	-0.047046	-0.029841	-0.089081
Superscaffold1	19974842	20319784	0.031729	0.010066	0.006449	0.018628
Superscaffold1	20319790	20974682	-0.077876	-0.024749	-0.013384	-0.042290
Superscaffold1	20974725	21299056	-0.103395	-0.033364	-0.020697	-0.069502
Superscaffold1	21299181	21621013	-0.264591	-0.121887	-0.062687	-0.176133
Superscaffold1	21621050	21979107	-0.013615	-0.007483	-0.004146	-0.007403
Superscaffold1	21979110	22324356	-0.079055	-0.019296	-0.013317	-0.058120
Superscaffold1	22324705	22974109	-0.173979	-0.030585	-0.019771	-0.122738
Superscaffold1	22974276	23421805	-0.015311	-0.004145	-0.002381	-0.011824
Superscaffold1	23421826	23793150	-0.209629	-0.061053	-0.036149	-0.146859
Superscaffold1	23794259	24167161	-0.383249	-0.136209	-0.083880	-0.250365
Superscaffold1	24167226	24461762	-0.108595	-0.049014	-0.028228	-0.055845
Superscaffold1	24461878	24703329	-0.024132	-0.010212	-0.006231	-0.017565
Superscaffold1	24703335	25063996	-0.076812	-0.030335	-0.017099	-0.048686
Superscaffold1	25064041	25487942	-0.021874	-0.005811	-0.003648	-0.013189
Superscaffold1	25488006	25821394	-0.024788	-0.007002	-0.004796	-0.017639
Superscaffold1	25821429	26136230	-0.325790	-0.173768	-0.100753	-0.195529
Superscaffold1	26136231	26397274	-0.388021	-0.163080	-0.091214	-0.256752
Superscaffold1	26397383	26893248	0.047002	0.007813	0.005470	0.027618
Superscaffold1	26893384	27301386	0.158741	0.036983	0.020999	0.110340
Superscaffold1	27301429	27636756	-0.135562	-0.055056	-0.032656	-0.101548
Superscaffold1	27636926	27873039	-0.158784	-0.093951	-0.048424	-0.072611
Superscaffold1	27873057	28058182	-0.197741	-0.119247	-0.061350	-0.091480
Superscaffold1	28058313	28305440	0.098176	0.045324	0.027936	0.057319
Superscaffold1	28306263	28710991	-0.155070	-0.048847	-0.035131	-0.085900
Superscaffold1	28710994	29075448	-0.375534	-0.149648	-0.089990	-0.281685
Superscaffold1	29076656	29415709	-0.104208	-0.029452	-0.019210	-0.070503
Superscaffold1	29415827	29748502	-0.233003	-0.115189	-0.061542	-0.165291
Superscaffold1	29748562	30001558	-0.652717	-0.366231	-0.195108	-0.504584
Superscaffold1	30001627	30690563	-0.033022	-0.010279	-0.006547	-0.012958
Superscaffold1	30690569	31073769	-0.081001	-0.023439	-0.014490	-0.052766
Superscaffold1	31073801	31482204	-0.100499	-0.028102	-0.017332	-0.063509
Superscaffold1	31482237	32115868	-0.173494	-0.037262	-0.025284	-0.104187
Superscaffold1	32115947	32471579	-0.083761	-0.039332	-0.020203	-0.052071
Superscaffold1	32471605	32824110	0.155416	0.054652	0.032513	0.101732
Superscaffold1	32824143	33165474	-0.219406	-0.069389	-0.043007	-0.142193
Superscaffold1	33165532	33487423	-0.081305	-0.044507	-0.027173	-0.046538
Superscaffold1	33487435	33621345	0.156816	0.084041	0.052967	0.082218
Superscaffold1	33621407	33864508	-0.072471	-0.060887	-0.031357	-0.033718
Superscaffold1	33864510	34077751	-0.287669	-0.130451	-0.079501	-0.168034
Superscaffold1	34077871	34297979	-0.155458	-0.056694	-0.034356	-0.097669
Superscaffold1	34297994	34685884	-0.164493	-0.051675	-0.032893	-0.107152
Superscaffold1	34685922	35213445	0.005991	0.001115	0.000775	0.002358
Superscaffold1	35213453	35864528	-0.059998	-0.034311	-0.017980	-0.035943
Superscaffold1	35864811	36742828	0.017797	0.005613	0.003495	0.013385
Superscaffold1	36743414	37179493	-0.380917	-0.087087	-0.061979	-0.266964
Superscaffold1	37179499	37478106	-0.316166	-0.127847	-0.079068	-0.206408
Superscaffold1	37478459	37764242	-0.017882	-0.007177	-0.004148	-0.011265
Superscaffold1	37764309	38316796	-0.088964	-0.033993	-0.021693	-0.057990
Superscaffold1	38316927	38589759	0.000074	0.000020	0.000013	0.003782
Superscaffold1	38589761	38956558	-0.246260	-0.066793	-0.046937	-0.191347
Superscaffold1	38956561	39223960	-0.225771	-0.081486	-0.048495	-0.166569
Superscaffold1	39224344	39659600	-0.338071	-0.082507	-0.053449	-0.256196
Superscaffold1	39659825	39943302	-0.073033	-0.023361	-0.015080	-0.054208
Superscaffold1	39943326	40289410	0.183893	0.044758	0.030677	0.122599
Superscaffold1	40289583	40732433	0.070496	0.019502	0.012048	0.043836
Superscaffold1	40732442	41216188	0.173610	0.041103	0.023571	0.102404
Superscaffold1	41216219	41683212	-0.085977	-0.022366	-0.013331	-0.049498
Superscaffold1	41683294	42111326	-0.080498	-0.011100	-0.007783	-0.068521
Superscaffold1	42111374	42758561	0.170169	0.015906	0.012461	0.131468
Superscaffold1	42758563	43359116	0.103516	0.018504	0.011554	0.073698
Superscaffold1	43359156	43888226	0.033871	0.003907	0.002512	0.029071
Superscaffold1	43888271	44533143	-0.034929	-0.007935	-0.004655	-0.043519
Superscaffold1	44533163	45069084	-0.233678	-0.030979	-0.022288	-0.160303
Superscaffold1	45069228	45691152	0.023815	0.003366	0.002267	0.020779
Superscaffold1	45691584	45982084	-0.680420	-0.267246	-0.136258	-0.558102
Superscaffold1	45982524	46923976	0.006835	0.001169	0.000617	0.004996
Superscaffold1	46924059	47648298	0.115339	0.018764	0.012247	0.095787
Superscaffold1	47648391	48213891	0.145340	0.022460	0.013899	0.127535
Superscaffold1	48214447	48561053	0.649468	0.196615	0.111840	0.588276
Superscaffold1	48561123	49001092	-0.014832	-0.002669	-0.001664	-0.009460
Superscaffold1	49001286	49388916	0.045377	0.007836	0.004787	0.017925
Superscaffold1	49389606	49740306	-0.243990	-0.047528	-0.028006	-0.120596
Superscaffold1	49740399	50048137	-0.539785	-0.254288	-0.116910	-0.384370
Superscaffold1	50048321	50318471	-0.383066	-0.177992	-0.099830	-0.314163
Superscaffold1	50318622	50868989	0.031795	0.005358	0.004259	0.017934
Superscaffold1	50868993	51293292	0.289405	0.140810	0.089813	0.158637
Superscaffold2	216247	490073	0.396062	0.185497	0.117425	0.172167
Superscaffold2	490076	776151	-0.066493	-0.028200	-0.016648	-0.036051
Superscaffold2	776165	1272959	0.048439	0.010943	0.007800	0.033906
Superscaffold2	1275216	1641345	-0.099610	-0.031839	-0.021988	-0.050865
Superscaffold2	1641592	1978858	0.018949	0.005217	0.003654	0.016999
Superscaffold2	1978904	2341463	0.000299	0.000110	0.000065	-0.002053
Superscaffold2	2341483	2825158	0.173612	0.075159	0.043141	0.107076
Superscaffold2	2825274	3486698	-0.206788	-0.109995	-0.062537	-0.117065
Superscaffold2	3486734	3736561	-0.034328	-0.024794	-0.013191	-0.022078
Superscaffold2	3736773	4134483	-0.085905	-0.035440	-0.018679	-0.057000
Superscaffold2	4134616	4498858	-0.072922	-0.022860	-0.013720	-0.044189
Superscaffold2	4498902	4848050	-0.179951	-0.064831	-0.038308	-0.132103
Superscaffold2	4848052	5244833	-0.191708	-0.083268	-0.051571	-0.123038
Superscaffold2	5244842	5509411	0.055816	0.021168	0.013035	0.045548
Superscaffold2	5509596	5923731	-0.268520	-0.134391	-0.059821	-0.190644
Superscaffold2	5923738	6324702	0.351937	0.119752	0.082526	0.240330
Superscaffold2	6324752	6744072	-0.025804	-0.006842	-0.004026	-0.015036
Superscaffold2	6744189	7469150	-0.152983	-0.032809	-0.020230	-0.105843
Superscaffold2	7472627	7883202	-0.174956	-0.040227	-0.025891	-0.112947
Superscaffold2	7883364	8379730	-0.039008	-0.009807	-0.006388	-0.022684
Superscaffold2	8380438	9152705	0.083206	0.013795	0.009751	0.056985
Superscaffold2	9152804	9702707	-0.232893	-0.062941	-0.040349	-0.162443
Superscaffold2	9702820	10100417	-0.267871	-0.063795	-0.041167	-0.173954
Superscaffold2	10100430	10575100	0.081986	0.027394	0.016670	0.049868
Superscaffold2	10575204	10889696	-0.015304	-0.005710	-0.003452	-0.008266
Superscaffold2	10890113	11435065	-0.282234	-0.058501	-0.038997	-0.203702
Superscaffold2	11435547	11944817	0.011865	0.003272	0.001929	0.006218
Superscaffold2	11945847	12888001	-0.225464	-0.109510	-0.056738	-0.153853
Superscaffold2	12888058	13291406	-0.235232	-0.087588	-0.052950	-0.169786
Superscaffold2	13291449	13701949	-0.337504	-0.107855	-0.062395	-0.268532
Superscaffold2	13702154	14108051	0.213596	0.075360	0.049691	0.164693
Superscaffold2	14108078	14552158	-0.100640	-0.027407	-0.015532	-0.062317
Superscaffold2	14552195	14911032	0.045656	0.016985	0.009733	0.030419
Superscaffold2	14911045	15397569	-0.223923	-0.079819	-0.044667	-0.165242
Superscaffold2	15400276	16423664	0.075898	0.029429	0.017018	0.044726
Superscaffold2	16423680	16727766	0.084380	0.040509	0.022989	0.040841
Superscaffold2	16727776	17307129	-0.097921	-0.022126	-0.013995	-0.054885
Superscaffold2	17307907	17804492	-0.226500	-0.051583	-0.032956	-0.163764
Superscaffold2	17804929	18204089	-0.051050	-0.016282	-0.009144	-0.039597
Superscaffold2	18204187	18573445	-0.319513	-0.096570	-0.053037	-0.245578
Superscaffold2	18573498	19108521	0.044371	0.008697	0.005442	0.035180
Superscaffold2	19108609	19366679	-0.050953	-0.022399	-0.012036	-0.033934
Superscaffold2	19366730	19752601	-0.551796	-0.356082	-0.202498	-0.410876
Superscaffold2	19752628	20015280	-0.242007	-0.121997	-0.072598	-0.145481
Superscaffold2	20015504	20401516	-0.213076	-0.045311	-0.024833	-0.156636
Superscaffold2	20403170	20858748	0.111179	0.039252	0.025320	0.068610
Superscaffold2	20860640	21278010	0.191513	0.051135	0.033881	0.134749
Superscaffold2	21278012	21765522	-0.303034	-0.077734	-0.047218	-0.250284
Superscaffold2	21765759	22194694	-0.375412	-0.096737	-0.057736	-0.266835
Superscaffold2	22194720	22551264	-0.062412	-0.030953	-0.016727	-0.040001
Superscaffold2	22551359	22834332	-0.105920	-0.039643	-0.022548	-0.040186
Superscaffold2	22834359	23086388	-0.489167	-0.417410	-0.188338	-0.298121
Superscaffold2	23087266	23411324	-0.370438	-0.132084	-0.076242	-0.290198
Superscaffold2	23411420	23857661	-0.028887	-0.006810	-0.004270	-0.013108
Superscaffold2	23857711	24180899	-0.196209	-0.058458	-0.032124	-0.140097
Superscaffold2	24180900	24440209	0.140446	0.054838	0.031440	0.093412
Superscaffold2	24440222	24756248	-0.071315	-0.025991	-0.014064	-0.051471
Superscaffold2	24757392	25232486	0.243015	0.092359	0.053712	0.175069
Superscaffold2	25233051	25609270	0.135336	0.038161	0.023319	0.098629
Superscaffold2	25609296	25916458	0.211365	0.098202	0.054372	0.136646
Superscaffold2	25916637	26278183	0.232094	0.062527	0.040674	0.188091
Superscaffold2	26278266	26703611	-0.212906	-0.052170	-0.033200	-0.158274
Superscaffold2	26703670	27021829	-0.111671	-0.039002	-0.025049	-0.081567
Superscaffold2	27021889	27332324	-0.337899	-0.160405	-0.088591	-0.238822
Superscaffold2	27332342	27645118	-0.153187	-0.040717	-0.027679	-0.096510
Superscaffold2	27645148	28656680	0.082921	0.022787	0.015966	0.055764
Superscaffold2	28656930	29052895	0.066389	0.018323	0.009614	0.042161
Superscaffold2	29053099	29377786	0.230977	0.070098	0.043332	0.154037
Superscaffold2	29377799	29573557	-0.013363	-0.006843	-0.004145	-0.005551
Superscaffold2	29573579	29911516	0.244374	0.090475	0.057286	0.171744
Superscaffold2	29911522	30330175	-0.240967	-0.073845	-0.040237	-0.175138
Superscaffold2	30330189	30792099	-0.079278	-0.015611	-0.009927	-0.046183
Superscaffold2	30792317	31162431	0.135650	0.040788	0.025850	0.094449
Superscaffold2	31162437	31496341	-0.261050	-0.081914	-0.050306	-0.177678
Superscaffold2	31496363	31834450	-0.167684	-0.061364	-0.034362	-0.120426
Superscaffold2	31834472	32562243	-0.031132	-0.006610	-0.004187	-0.015976
Superscaffold2	32562322	32985332	0.095909	0.022517	0.012974	0.055883
Superscaffold2	32985335	33521959	-0.081133	-0.012591	-0.008935	-0.054872
Superscaffold2	33521999	34004879	-0.216634	-0.052608	-0.033660	-0.152042
Superscaffold2	34005071	34407415	-0.128445	-0.034825	-0.021466	-0.094968
Superscaffold2	34407527	34845715	-0.014385	-0.003529	-0.002248	-0.010511
Superscaffold2	34845722	35229872	-0.414460	-0.105982	-0.064294	-0.319872
Superscaffold2	35229904	35728440	-0.143118	-0.035620	-0.020749	-0.105534
Superscaffold2	35728449	36394370	-0.257579	-0.065682	-0.040830	-0.184206
Superscaffold2	36394373	36670620	0.049826	0.015665	0.009576	0.033459
Superscaffold2	36670626	36992941	-0.209245	-0.077274	-0.049347	-0.128339
Superscaffold2	36992949	37406857	-0.140457	-0.035884	-0.023379	-0.094431
Superscaffold2	37406858	37637914	0.028797	0.010722	0.006586	0.016775
Superscaffold2	37637971	38361648	-0.038110	-0.007960	-0.004689	-0.030177
Superscaffold2	38361664	38715907	-0.024660	-0.007896	-0.004623	-0.018040
Superscaffold2	38715945	38899488	0.108455	0.039926	0.026117	0.066005
Superscaffold2	38899553	39213527	-0.221657	-0.096265	-0.048323	-0.149481
Superscaffold2	39213579	39533766	-0.091044	-0.025457	-0.015424	-0.065638
Superscaffold2	39533768	39949774	-0.233275	-0.082863	-0.049994	-0.120040
Superscaffold2	39950242	40181446	-0.404732	-0.207379	-0.108995	-0.268674
Superscaffold2	40181769	40464202	0.300928	0.076543	0.046982	0.205621
Superscaffold2	40464243	40818881	0.047023	0.010258	0.006770	0.030201
Superscaffold2	40818895	41069376	0.429453	0.195026	0.126367	0.370626
Superscaffold2	41069386	41244976	0.436616	0.200982	0.126172	0.324703
Superscaffold2	41244980	41556111	0.122689	0.043302	0.027710	0.095020
Superscaffold2	41556238	41863431	0.228359	0.061347	0.038695	0.190952
Superscaffold2	41863434	42283794	-0.246590	-0.036391	-0.024418	-0.154955
Superscaffold2	42283812	42748127	-0.062467	-0.009521	-0.006332	-0.049100
Superscaffold2	42748216	42992505	0.441879	0.103169	0.075856	0.340329
Superscaffold2	42992539	43187712	0.573162	0.293827	0.199086	0.454495
Superscaffold2	43187722	43567290	0.099993	0.022549	0.012973	0.054134
Superscaffold2	43567381	44116002	0.129552	0.022802	0.014309	0.099668
Superscaffold2	44116414	44577125	0.683576	0.209100	0.114338	0.633805
Superscaffold2	44577137	45148596	0.104441	0.023847	0.013920	0.096087
Superscaffold2	45148605	45746510	-0.159745	-0.037899	-0.021603	-0.139300
Superscaffold2	45747974	46418488	-0.039880	-0.005745	-0.003584	-0.035839
Superscaffold2	46418958	46927581	0.135186	0.024030	0.014958	0.116468
Superscaffold2	46927775	47552883	0.078706	0.009565	0.006362	0.062718
Superscaffold2	47552886	48218700	0.016799	0.002133	0.001448	0.017456
Superscaffold2	48218928	48640418	-0.244865	-0.047804	-0.028397	-0.187839
Superscaffold2	48640458	49126282	-0.081949	-0.012842	-0.008822	-0.064537
Superscaffold2	49126291	49627727	-0.022610	-0.004125	-0.002512	-0.010526
Superscaffold2	49628406	50077440	-0.099663	-0.020194	-0.011644	-0.064031
Superscaffold2	50077521	50443006	-0.262799	-0.100581	-0.057632	-0.198233
Superscaffold2	50443255	50742431	-0.400937	-0.153393	-0.080190	-0.288689
Superscaffold2	50742484	51171606	0.036097	0.011575	0.006641	0.022056
Superscaffold2	51171889	51507997	-0.581492	-0.211376	-0.117233	-0.510827
Superscaffold2	51508042	51834080	0.322250	0.065686	0.046773	0.227495
Superscaffold2	51834279	52029846	-0.553328	-0.200203	-0.121867	-0.464851
Superscaffold2	52029952	52321900	-0.415265	-0.161228	-0.094522	-0.343754
Superscaffold2	52321925	52574977	-0.435339	-0.156224	-0.093541	-0.326469
Superscaffold2	52575045	52728757	0.089200	0.048796	0.027821	0.047248
Superscaffold2	52728761	52948431	0.042637	0.029377	0.016339	0.029381
Superscaffold2	52948432	53315270	-0.008435	-0.002320	-0.001518	-0.001784
Superscaffold2	53315321	53970255	-0.187411	-0.064825	-0.040698	-0.104130
Superscaffold2	53970403	54241819	-0.542753	-0.250200	-0.126890	-0.397583
Superscaffold2	54241876	55039157	0.043571	0.009014	0.006460	0.024136
Superscaffold2	55039600	55282596	-0.395638	-0.199756	-0.119934	-0.266258
Superscaffold2	55282726	55677583	-0.305366	-0.132346	-0.085227	-0.187394
Superscaffold2	55677656	56026981	-0.537118	-0.272962	-0.155641	-0.431296
Superscaffold2	56027044	56404084	-0.241485	-0.065075	-0.039418	-0.178275
Superscaffold2	56404199	56810843	0.073799	0.016837	0.010802	0.049536
Superscaffold2	56810965	57094760	-0.244519	-0.117265	-0.061321	-0.177608
Superscaffold2	57094792	57414578	-0.525023	-0.286383	-0.149861	-0.412602
Superscaffold2	57414603	57884430	-0.481254	-0.198026	-0.111173	-0.349309
Superscaffold2	57884492	58434706	-0.126009	-0.032997	-0.021302	-0.070268
Superscaffold2	58435848	58874378	-0.062534	-0.015691	-0.010504	-0.050017
Superscaffold2	58874386	59260740	0.150971	0.040637	0.025812	0.124974
Superscaffold2	59260948	59656400	-0.216425	-0.054928	-0.031309	-0.152176
Superscaffold2	59656452	60080449	-0.432241	-0.117141	-0.073512	-0.338871
Superscaffold2	60080703	60421643	-0.298807	-0.101742	-0.061073	-0.222819
Superscaffold2	60421859	60726215	0.126434	0.037182	0.023507	0.093562
Superscaffold2	60726226	60917297	-0.070681	-0.044697	-0.025587	-0.046326
Superscaffold2	60917346	61379756	-0.246063	-0.149462	-0.077765	-0.146782
Superscaffold2	61381276	62340331	-0.032345	-0.011168	-0.006858	-0.020843
Superscaffold2	62341925	62887354	-0.173119	-0.050685	-0.032096	-0.113140
Superscaffold2	62887386	63106356	0.456543	0.137394	0.089466	0.291701
Superscaffold2	63106358	63433870	-0.073884	-0.021098	-0.014017	-0.053689
Superscaffold2	63433873	63769110	-0.207370	-0.086763	-0.047754	-0.152318
Superscaffold2	63769214	64189579	-0.111695	-0.045628	-0.027176	-0.068003
Superscaffold2	64190441	64453112	0.062921	0.025549	0.015615	0.037812
Superscaffold2	64453142	64673264	-0.226833	-0.265105	-0.126459	-0.133704
Superscaffold2	64673281	65366992	-0.122007	-0.069569	-0.038754	-0.072152
Superscaffold2	65366994	65804248	-0.250524	-0.069739	-0.041344	-0.199768
Superscaffold2	65804654	66214074	-0.325089	-0.094907	-0.056084	-0.223206
Superscaffold2	66214218	66571418	0.169345	0.062756	0.039542	0.115666
Superscaffold2	66572624	66976271	0.323772	0.078713	0.040578	0.248945
Superscaffold2	66976445	67353006	-0.065614	-0.023834	-0.012734	-0.046469
Superscaffold2	67353012	67651254	-0.129249	-0.040892	-0.026885	-0.072305
Superscaffold2	67651309	68011721	-0.081171	-0.024301	-0.014630	-0.062997
Superscaffold2	68012498	68370492	0.293221	0.102497	0.058316	0.248086
Superscaffold2	68370547	68745968	0.324504	0.102959	0.064087	0.263140
Superscaffold2	68745969	69096331	-0.154579	-0.054882	-0.029820	-0.104639
Superscaffold2	69097366	69481235	-0.230639	-0.079595	-0.046310	-0.144617
Superscaffold2	69481237	69759993	0.181191	0.067873	0.045463	0.125788
Superscaffold2	69760089	70046509	0.455780	0.233652	0.157615	0.336592
Superscaffold2	70046592	70429612	-0.271328	-0.093503	-0.057844	-0.186049
Superscaffold2	70429673	71081443	0.002229	0.000807	0.000467	-0.001869
Superscaffold2	71081504	71336889	-0.071201	-0.022381	-0.013711	-0.043442
Superscaffold2	71336895	71776687	-0.080266	-0.024525	-0.014854	-0.057204
Superscaffold2	71776831	72110923	-0.274107	-0.095236	-0.066011	-0.191013
Superscaffold2	72110946	72363038	0.007609	0.003433	0.002079	0.006512
Superscaffold2	72363125	72595363	0.278730	0.136686	0.081827	0.194149
Superscaffold2	72595869	72883036	-0.032104	-0.017284	-0.010232	-0.019739
Superscaffold2	72883056	73125157	-0.182867	-0.075332	-0.045651	-0.100613
Superscaffold2	73125163	73458869	0.028306	0.011445	0.007216	0.016915
Superscaffold2	73458870	73686694	0.109448	0.068598	0.031909	0.067535
Superscaffold2	73686701	73931800	-0.257841	-0.152684	-0.093482	-0.161229
Superscaffold2	73932393	74265956	-0.351805	-0.102517	-0.063674	-0.251877
Superscaffold2	74266122	74561684	-0.047419	-0.019520	-0.011118	-0.031060
Superscaffold2	74561700	74782658	-0.018047	-0.007862	-0.004578	-0.015090
Superscaffold2	74782708	75151010	-0.099089	-0.039892	-0.022108	-0.072010
Superscaffold2	75151021	75371039	-0.199616	-0.160154	-0.061489	-0.092739
Superscaffold2	75371054	75643262	-0.135830	-0.098086	-0.044628	-0.077268
Superscaffold2	75643263	76241476	-0.102077	-0.025734	-0.017790	-0.057423
Superscaffold2	76241520	76753648	-0.126444	-0.027666	-0.019071	-0.079837
Superscaffold2	76753689	77058484	0.030717	0.012861	0.007476	0.024953
Superscaffold2	77058501	77454556	-0.117987	-0.038241	-0.023267	-0.076537
Superscaffold2	77454584	77722098	-0.206405	-0.064701	-0.045441	-0.132117
Superscaffold2	77722183	77937816	-0.120959	-0.078053	-0.042712	-0.075198
Superscaffold2	77937906	78220970	-0.053548	-0.020805	-0.014836	-0.035251
Superscaffold2	78220980	78419911	-0.035052	-0.017264	-0.010875	-0.018517
Superscaffold2	78419953	78738341	-0.183650	-0.091718	-0.052750	-0.126667
Superscaffold2	78738378	79128614	-0.074066	-0.021957	-0.012921	-0.040577
Superscaffold2	79129166	79610978	0.014107	0.005229	0.003204	0.013597
Superscaffold2	79611016	80267153	0.087502	0.052636	0.024989	0.053131
Superscaffold2	80267155	80723634	-0.128038	-0.035673	-0.023428	-0.061070
Superscaffold2	80723638	81213014	-0.166211	-0.050104	-0.032435	-0.115547
Superscaffold2	81213291	81762984	-0.052013	-0.017450	-0.010634	-0.032286
Superscaffold2	81763005	82067063	-0.314384	-0.139781	-0.072795	-0.237107
Superscaffold2	82068040	82733768	-0.309889	-0.100273	-0.057050	-0.226846
Superscaffold2	82734643	83206371	-0.285844	-0.090044	-0.053763	-0.204066
Superscaffold2	83206402	83528392	-0.245543	-0.084633	-0.051733	-0.158034
Superscaffold2	83528398	83889630	-0.177472	-0.046587	-0.028904	-0.109558
Superscaffold2	83889679	84179333	0.311114	0.157239	0.099747	0.221249
Superscaffold2	84179344	84596065	0.342769	0.096895	0.062923	0.279554
Superscaffold2	84596074	84943807	-0.335484	-0.096963	-0.061390	-0.267751
Superscaffold2	84944155	85179100	-0.278272	-0.078189	-0.046280	-0.195549
Superscaffold2	85179203	85528824	0.321802	0.099718	0.066343	0.254360
Superscaffold2	85528894	86282487	-0.340225	-0.086486	-0.053352	-0.235484
Superscaffold2	86282514	87452651	-0.161553	-0.060932	-0.034473	-0.090712
Superscaffold2	87452694	87737313	0.144999	0.053528	0.034074	0.093270
Superscaffold2	87737333	88049141	-0.089074	-0.031689	-0.019658	-0.067322
Superscaffold2	88049254	88413936	0.282353	0.086092	0.061434	0.228099
Superscaffold2	88414344	88723652	-0.000592	-0.000259	-0.000161	0.003127
Superscaffold2	88723760	88950886	-0.145526	-0.075442	-0.039459	-0.080583
Superscaffold2	88951042	89390352	0.147609	0.046574	0.028302	0.095708
Superscaffold2	89390444	89690720	-0.294375	-0.117846	-0.066099	-0.205049
Superscaffold2	89690831	89986851	-0.084341	-0.031382	-0.019258	-0.055398
Superscaffold2	89987086	90293898	-0.127128	-0.049790	-0.029875	-0.085306
Superscaffold2	90293944	90596881	-0.208943	-0.080101	-0.042543	-0.107900
Superscaffold2	90596897	90908561	0.032012	0.013447	0.007770	0.018055
Superscaffold2	90908692	91220943	0.112508	0.038759	0.025630	0.081101
Superscaffold2	91220959	92284126	-0.139000	-0.049660	-0.027982	-0.083174
Superscaffold2	92284169	92724634	-0.292236	-0.088020	-0.053259	-0.232807
Superscaffold2	92724705	93027564	0.103515	0.034531	0.019415	0.059466
Superscaffold2	93027574	93608206	0.180516	0.107808	0.049214	0.102251
Superscaffold2	93608237	93929713	0.011011	0.005379	0.002536	0.005619
Superscaffold2	93929745	94344564	-0.089116	-0.047329	-0.024209	-0.058997
Superscaffold2	94345025	94677748	0.333472	0.173344	0.103125	0.196239
Superscaffold2	94677786	94996971	-0.139870	-0.045887	-0.027869	-0.087207
Superscaffold2	94998469	95299541	-0.275048	-0.119102	-0.070613	-0.187162
Superscaffold2	95300016	95602071	-0.088840	-0.039066	-0.024021	-0.045770
Superscaffold2	95602079	95824330	-0.078901	-0.039864	-0.024393	-0.043190
Superscaffold2	95824370	96133631	-0.120577	-0.049240	-0.034359	-0.069236
Superscaffold2	96133645	96429145	-0.127467	-0.055986	-0.035388	-0.075730
Superscaffold2	96429162	96816858	-0.079339	-0.027653	-0.015968	-0.045216
Superscaffold2	96817123	97084162	-0.076477	-0.041532	-0.023216	-0.048044
Superscaffold2	97084165	97338458	0.061546	0.036212	0.019225	0.033598
Superscaffold2	97338578	97488255	-0.362037	-0.257501	-0.146284	-0.235297
Superscaffold2	97488266	97929005	-0.002033	-0.000876	-0.000497	0.000215
Superscaffold2	97929018	98178274	-0.026550	-0.011892	-0.006933	-0.014979
Superscaffold2	98178331	98464518	0.133197	0.074914	0.043732	0.101660
Superscaffold2	98464863	98853494	-0.134335	-0.091797	-0.054684	-0.070688
Superscaffold2	98853610	99135095	-0.260964	-0.237253	-0.121715	-0.188007
Superscaffold2	99135220	99324774	-0.609113	-0.714290	-0.271457	-0.392693
Superscaffold2	99324793	99528802	-0.177113	-0.188351	-0.091224	-0.094315
Superscaffold2	99528810	99687982	0.002402	0.003188	0.001407	0.004596
Superscaffold2	99688370	99801156	-0.006416	-0.008210	-0.004884	-0.004783
Superscaffold2	99801255	100035345	-0.087542	-0.091357	-0.047353	-0.043533
Superscaffold2	100035384	100262321	-0.168243	-0.177977	-0.081787	-0.081666
Superscaffold2	100262322	100709021	-0.182384	-0.096382	-0.055594	-0.074803
Superscaffold2	100709051	100930073	0.276086	0.211794	0.125615	0.128692
Superscaffold2	100930121	101225831	0.400369	0.389828	0.140105	0.276873
Superscaffold3	84914	337812	-0.112331	-0.051455	-0.035683	-0.057099
Superscaffold3	337829	589172	-0.107840	-0.055363	-0.034705	-0.066036
Superscaffold3	589302	835661	0.010812	0.007676	0.003987	0.005379
Superscaffold3	835741	1215212	-0.105499	-0.060018	-0.038081	-0.060619
Superscaffold3	1215223	1512122	-0.003403	-0.001756	-0.001091	-0.003233
Superscaffold3	1512146	1882118	-0.073355	-0.039913	-0.026070	-0.036497
Superscaffold3	1882119	2218264	-0.045586	-0.033519	-0.018365	-0.024828
Superscaffold3	2218265	2428847	-0.013803	-0.010711	-0.006759	-0.005196
Superscaffold3	2428852	2583605	0.078594	0.097483	0.055555	0.045385
Superscaffold3	2583674	2754809	-0.054130	-0.044656	-0.027633	-0.028115
Superscaffold3	2754872	2879161	-0.107160	-0.103290	-0.058203	-0.055957
Superscaffold3	2879432	3223342	0.271832	0.127655	0.093186	0.145693
Superscaffold3	3223494	3541582	-0.391886	-0.374463	-0.175193	-0.244645
Superscaffold3	3541591	3787136	0.020514	0.011871	0.006783	0.013645
Superscaffold3	3787143	4076559	0.014280	0.015297	0.007336	0.009676
Superscaffold3	4076569	4664300	0.037608	0.022661	0.010771	0.025684
Superscaffold3	4664311	5273863	-0.207257	-0.143514	-0.081354	-0.124686
Superscaffold3	5273919	5462340	-0.029617	-0.033612	-0.018411	-0.011908
Superscaffold3	5462353	5588620	-0.117246	-0.150830	-0.074494	-0.061045
Superscaffold3	5588644	5799929	-0.245704	-0.196812	-0.107969	-0.136615
Superscaffold3	5799943	6014733	-0.011802	-0.003747	-0.002698	-0.007724
Superscaffold3	6014802	6348030	-0.133769	-0.054010	-0.036937	-0.069715
Superscaffold3	6348041	6594156	-0.062086	-0.038151	-0.022304	-0.035340
Superscaffold3	6594218	6815761	-0.012253	-0.010807	-0.005939	-0.004036
Superscaffold3	6815777	7080145	0.025383	0.019344	0.011344	0.016133
Superscaffold3	7080176	7729304	0.044229	0.020512	0.010911	0.031228
Superscaffold3	7729397	8136035	0.343067	0.084615	0.057510	0.247774
Superscaffold3	8136141	8973543	-0.182077	-0.049706	-0.030539	-0.107359
Superscaffold3	8973552	9569040	-0.150610	-0.114840	-0.058085	-0.092358
Superscaffold3	9569064	9731288	-0.179747	-0.141607	-0.072488	-0.097728
Superscaffold3	9731482	9867464	-0.090197	-0.129540	-0.064085	-0.048679
Superscaffold3	9867498	10172574	0.032673	0.034030	0.018173	0.023279
Superscaffold3	10172575	11055844	-0.050364	-0.061267	-0.029038	-0.025949
Superscaffold3	11055851	11214230	0.045693	0.075078	0.036783	0.020669
Superscaffold3	11214380	11348395	-0.064769	-0.088771	-0.043615	-0.038609
Superscaffold3	11348399	11526761	0.006135	0.008741	0.004177	0.001980
Superscaffold3	11527857	11846888	0.073846	0.070003	0.034854	0.049077
Superscaffold3	11847061	12013777	0.139728	0.157241	0.088342	0.078396
Superscaffold3	12013779	12115415	0.022725	0.035796	0.015908	0.011200
Superscaffold3	12115603	12338657	0.027695	0.030303	0.015344	0.009600
Superscaffold3	12339746	12501382	-0.077678	-0.116422	-0.055912	-0.041279
Superscaffold3	12502493	12816159	-0.019902	-0.011190	-0.007172	-0.015225
Superscaffold3	12816218	13153121	-0.003722	-0.002767	-0.001402	0.006429
Superscaffold3	13153157	13278895	-0.096902	-0.139077	-0.071553	-0.055810
Superscaffold3	13278920	13487502	0.088470	0.105833	0.050876	0.043818
Superscaffold3	13487503	14110386	0.090796	0.064807	0.037171	0.051817
Superscaffold3	14110415	14244305	0.037430	0.042333	0.022497	0.014992
Superscaffold3	14244309	14370429	-0.035499	-0.040111	-0.021056	-0.016914
Superscaffold3	14370434	14499232	0.081283	0.117785	0.061586	0.041601
Superscaffold3	14499358	14629491	0.034905	0.044036	0.024710	0.018853
Superscaffold3	14629724	14762528	0.054016	0.079214	0.038499	0.028991
Superscaffold3	14762540	14899451	-0.185285	-0.268729	-0.124126	-0.104762
Superscaffold3	14899465	15068498	-0.032879	-0.042197	-0.021741	-0.019304
Superscaffold3	15068587	15228666	-0.023817	-0.031263	-0.014009	-0.013279
Superscaffold3	15228682	15402094	0.069413	0.077561	0.038534	0.033506
Superscaffold3	15402098	15527646	-0.034158	-0.040270	-0.021886	-0.015801
Superscaffold3	15527816	15675796	-0.006660	-0.007910	-0.003707	-0.007324
Superscaffold3	15675803	16107795	0.068387	0.059069	0.032500	0.046942
Superscaffold3	16107872	16651478	0.020777	0.014274	0.007527	0.014438
Superscaffold3	16651517	16785463	0.209901	0.209874	0.116329	0.116718
Superscaffold3	16785531	17002147	-0.022233	-0.018708	-0.010565	-0.008640
Superscaffold3	17002201	17346173	-0.126187	-0.084480	-0.055028	-0.071681
Superscaffold3	17346445	17648493	-0.020244	-0.014404	-0.008101	-0.000085
Superscaffold3	17648497	17856291	0.015148	0.013229	0.007096	0.008981
Superscaffold3	17856327	17984131	0.046489	0.058570	0.028423	0.024343
Superscaffold3	17984497	18258424	-0.169890	-0.102530	-0.049522	-0.084785
Superscaffold3	18258942	18869688	-0.039352	-0.026425	-0.013317	-0.021823
Superscaffold3	18869797	19463259	-0.065100	-0.037338	-0.022263	-0.042459
Superscaffold3	19463308	19666514	0.001102	0.000824	0.000433	0.002045
Superscaffold3	19666527	19862990	-0.076291	-0.073270	-0.041102	-0.043899
Superscaffold3	19868850	20011930	0.100168	0.070723	0.047725	0.064060
Superscaffold3	20011931	20215724	-0.128177	-0.080362	-0.049536	-0.068692
Superscaffold3	20215768	20415257	0.175259	0.143144	0.078815	0.105566
Superscaffold3	20415378	20588617	0.050907	0.050707	0.025216	0.032123
Superscaffold3	20589007	20765835	-0.045893	-0.053477	-0.028801	-0.025272
Superscaffold3	20765971	20885215	0.001107	0.002228	0.000717	0.003765
Superscaffold3	20885982	21119011	-0.067190	-0.066716	-0.034662	-0.034551
Superscaffold3	21119129	21685859	-0.166639	-0.101330	-0.054356	-0.083402
Superscaffold3	21685861	21967561	0.020239	0.020031	0.010598	0.012656
Superscaffold3	21967618	22091478	-0.014539	-0.017672	-0.008496	-0.009685
Superscaffold3	22091524	22210874	-0.227884	-0.194315	-0.121093	-0.110183
Superscaffold3	22211072	22387287	-0.005445	-0.002863	-0.001913	-0.002516
Superscaffold3	22387600	22699575	-0.212791	-0.093162	-0.057687	-0.134367
Superscaffold3	22700062	23021354	-0.026819	-0.007513	-0.004774	-0.016154
Superscaffold3	23021994	23241811	0.005319	0.002855	0.001750	0.004123
Superscaffold3	23241845	23443778	-0.098921	-0.089558	-0.051955	-0.045806
Superscaffold3	23443783	23596974	-0.121577	-0.142645	-0.072840	-0.068395
Superscaffold3	23597071	23887143	0.182845	0.149522	0.082941	0.099822
Superscaffold3	23887288	24089800	-0.187078	-0.157982	-0.071971	-0.119834
Superscaffold3	24089817	24671815	-0.064685	-0.022774	-0.014985	-0.038897
Superscaffold3	24671877	25018300	-0.088771	-0.043200	-0.025666	-0.042831
Superscaffold3	25018301	25338674	-0.109177	-0.059998	-0.036150	-0.055471
Superscaffold3	25338713	25420012	0.093022	0.134162	0.074878	0.050038
Superscaffold3	25420053	25520513	-0.034234	-0.042069	-0.022141	-0.014860
Superscaffold3	25520546	26078818	0.003997	0.003704	0.001886	0.002637
Superscaffold3	26078844	26406338	-0.134104	-0.097947	-0.048356	-0.077803
Superscaffold3	26406382	26593074	-0.106933	-0.050162	-0.030861	-0.067120
Superscaffold3	26593127	26780765	0.058275	0.042170	0.021796	0.037829
Superscaffold3	26781031	27017034	0.121030	0.066738	0.037665	0.082657
Superscaffold3	27017037	27296955	-0.162435	-0.058597	-0.035820	-0.105006
Superscaffold3	27296994	27760722	0.134663	0.089498	0.052221	0.100026
Superscaffold3	27760958	28131278	-0.185261	-0.074915	-0.039909	-0.107094
Superscaffold3	28131366	28415936	-0.037207	-0.014882	-0.008896	-0.022188
Superscaffold3	28415943	28619916	-0.082752	-0.043428	-0.017901	-0.046184
Superscaffold3	28620136	28786593	-0.314839	-0.139796	-0.073972	-0.159963
Superscaffold3	28786677	28975660	-0.215590	-0.094671	-0.053763	-0.106637
Superscaffold3	28975667	29157748	-0.171308	-0.058789	-0.035479	-0.105341
Superscaffold3	29157894	29454692	-0.060834	-0.030898	-0.019617	-0.036910
Superscaffold3	29454758	29624234	-0.008426	-0.002617	-0.001721	-0.005983
Superscaffold3	29624245	29892524	0.127737	0.070087	0.042324	0.080178
Superscaffold3	29892544	30003544	0.023948	0.021727	0.009245	0.014475
Superscaffold3	30003595	30830647	-0.129310	-0.048201	-0.025682	-0.065637
Superscaffold3	30830831	31291049	0.030734	0.010777	0.006321	0.032562
Superscaffold3	31291203	31563648	-0.167110	-0.058395	-0.031725	-0.113545
Superscaffold3	31563699	31980415	-0.452484	-0.169006	-0.086739	-0.334643
Superscaffold3	31980988	32263213	0.123924	0.052812	0.030895	0.061678
Superscaffold3	32263241	32502851	0.104520	0.050420	0.025019	0.068960
Superscaffold3	32502913	32925043	0.019891	0.007348	0.004277	0.012534
Superscaffold3	32925142	33242712	-0.296946	-0.164290	-0.092251	-0.208630
Superscaffold3	33242790	33602740	-0.111779	-0.025487	-0.016961	-0.062354
Superscaffold3	33602773	34083124	-0.025795	-0.005055	-0.003816	-0.014188
Superscaffold3	34083252	34366048	-0.108777	-0.028787	-0.018744	-0.065962
Superscaffold3	34366161	34773940	0.147051	0.041327	0.026843	0.088954
Superscaffold3	34774042	35124741	0.193115	0.052194	0.033700	0.143342
Superscaffold3	35125167	35412565	0.088242	0.025155	0.015032	0.060508
Superscaffold3	35412745	35657613	0.329209	0.054767	0.037087	0.103907
Superscaffold3	35657751	36045161	0.116859	0.027577	0.015564	0.038339
Superscaffold3	36045216	36352372	-0.148879	-0.040501	-0.024559	-0.096156
Superscaffold3	36352467	36851222	-0.271395	-0.073650	-0.043632	-0.189651
Superscaffold3	36851342	37361278	0.262229	0.084312	0.052655	0.153843
Superscaffold3	37361285	37747544	-0.163065	-0.041275	-0.027382	-0.098854
Superscaffold3	37747738	38150096	-0.042964	-0.009962	-0.007193	-0.029842
Superscaffold3	38150112	38348868	0.203635	0.097373	0.063606	0.125452
Superscaffold3	38348927	38873717	0.206142	0.032998	0.024241	0.133062
Superscaffold3	38873737	39433196	0.006636	0.001121	0.000614	0.004517
Superscaffold3	39433248	39967441	0.485169	0.109670	0.066487	0.432020
Superscaffold3	39967528	40446506	-0.427664	-0.115067	-0.065439	-0.306683
Superscaffold3	40446513	41042729	-0.041332	-0.010280	-0.006280	-0.022118
Superscaffold3	41043812	41405185	-0.088382	-0.021882	-0.012840	-0.063874
Superscaffold3	41405278	42011204	-0.150112	-0.037200	-0.022173	-0.111229
Superscaffold3	42011225	42430787	0.112750	0.026474	0.016385	0.093133
Superscaffold3	42430829	42964755	0.193325	0.052906	0.033775	0.143150
Superscaffold3	42964888	43410726	-0.378643	-0.113678	-0.069241	-0.296506
Superscaffold3	43410737	43781586	-0.222123	-0.073933	-0.045240	-0.150079
Superscaffold3	43781587	44434884	-0.068513	-0.016726	-0.009559	-0.044630
Superscaffold3	44434956	44757846	0.006959	0.001762	0.001021	0.003883
Superscaffold3	44757905	45054194	-0.102626	-0.030362	-0.019915	-0.069724
Superscaffold3	45054222	45413845	0.082676	0.020430	0.012421	0.057547
Superscaffold3	45413861	45678212	-0.372699	-0.325000	-0.121929	-0.280493
Superscaffold3	45678223	45995034	-0.657031	-0.786266	-0.283830	-0.507995
Superscaffold3	45995128	46193202	-0.120351	-0.094120	-0.048271	-0.068354
Superscaffold3	46193207	46309517	-0.053504	-0.058014	-0.032040	-0.030325
Superscaffold3	46309539	46845181	-0.005943	-0.004031	-0.002235	0.000620
Superscaffold3	46845310	47337709	-0.354338	-0.149439	-0.079132	-0.232538
Superscaffold3	47338291	47546428	-0.153043	-0.122201	-0.063653	-0.100247
Superscaffold3	47546431	47779968	-0.212469	-0.149846	-0.062521	-0.108604
Superscaffold3	47779972	48174342	-0.357574	-0.247227	-0.108062	-0.263275
Superscaffold3	48174956	48465815	-0.589969	-0.527600	-0.225695	-0.471574
Superscaffold3	48465884	48828912	-0.268538	-0.113555	-0.067889	-0.205379
Superscaffold3	48828927	49202677	-0.085219	-0.023508	-0.015346	-0.055646
Superscaffold3	49203003	49462053	-0.083482	-0.029786	-0.017604	-0.055638
Superscaffold3	49462054	49912448	-0.339789	-0.156964	-0.084097	-0.220128
Superscaffold3	49912458	50334104	0.004606	0.001479	0.000897	-0.001014
Superscaffold3	50334110	50593321	-0.355624	-0.167941	-0.097247	-0.223140
Superscaffold3	50593394	51043306	-0.018978	-0.004684	-0.003122	-0.013595
Superscaffold3	51043364	51356566	-0.014777	-0.005966	-0.003308	-0.009361
Superscaffold3	51356588	51707976	-0.159673	-0.055705	-0.033135	-0.087419
Superscaffold3	51708074	51981511	-0.081660	-0.042136	-0.021443	-0.048895
Superscaffold3	51981523	52297770	-0.091385	-0.042458	-0.022965	-0.052219
Superscaffold3	52297803	52571304	-0.270377	-0.105284	-0.055808	-0.180053
Superscaffold3	52571335	52918151	0.036420	0.010559	0.006627	0.019020
Superscaffold3	52918202	53190403	0.024915	0.007114	0.005203	0.016647
Superscaffold3	53190422	53529336	-0.396455	-0.172513	-0.102816	-0.242795
Superscaffold3	53529368	53712419	0.043267	0.034816	0.017884	0.023392
Superscaffold3	53712445	53990975	0.104120	0.058046	0.036937	0.052888
Superscaffold3	53990976	54230305	-0.288551	-0.229076	-0.111372	-0.152641
Superscaffold3	54230572	54588979	0.138157	0.047556	0.031164	0.070319
Superscaffold3	54589046	54826478	-0.108627	-0.051196	-0.032701	-0.059707
Superscaffold3	54826504	55097941	-0.128508	-0.075706	-0.045682	-0.070753
Superscaffold3	55097948	55933182	0.103501	0.055128	0.033916	0.059250
Superscaffold3	55933201	56282355	-0.134396	-0.046113	-0.031487	-0.095507
Superscaffold3	56282515	56583843	0.042942	0.016613	0.010436	0.027704
Superscaffold3	56583857	56756509	-0.227776	-0.130635	-0.085977	-0.154559
Superscaffold3	56756591	56908201	-0.042061	-0.020128	-0.013291	-0.016361
Superscaffold3	56908242	57323917	-0.092795	-0.031913	-0.020395	-0.055692
Superscaffold3	57323977	57670822	-0.026650	-0.008607	-0.005548	-0.021893
Superscaffold3	57670853	58170477	-0.194751	-0.052620	-0.032639	-0.130632
Superscaffold3	58170513	58529949	0.115976	0.036170	0.018698	0.073829
Superscaffold3	58529983	58944103	-0.436131	-0.180507	-0.095244	-0.309955
Superscaffold3	58944191	59238490	0.022427	0.010362	0.006430	0.013848
Superscaffold3	59238514	59451274	-0.057636	-0.034149	-0.020457	-0.030240
Superscaffold3	59451295	59683175	-0.072513	-0.048951	-0.029205	-0.038339
Superscaffold3	59683183	60026764	0.059288	0.032704	0.016904	0.042029
Superscaffold3	60026863	60503003	-0.120583	-0.103600	-0.047181	-0.069701
Superscaffold3	60503006	60748770	0.088230	0.048076	0.029108	0.040230
Superscaffold3	60748837	61201422	0.038211	0.020443	0.012106	0.017398
Superscaffold3	61201479	61555772	-0.097942	-0.034647	-0.021661	-0.064438
Superscaffold3	61555786	61863733	-0.235937	-0.110698	-0.065496	-0.150888
Superscaffold3	61863883	62360295	-0.048087	-0.022883	-0.013428	-0.027154
Superscaffold3	62360344	62674860	-0.107342	-0.057529	-0.037339	-0.065884
Superscaffold3	62674880	63222230	-0.013136	-0.009229	-0.004583	-0.000632
Superscaffold3	63222293	63934089	-0.186293	-0.109990	-0.057190	-0.095766
Superscaffold3	63934162	64557438	-0.018510	-0.007242	-0.004108	-0.008624
Superscaffold3	64557472	64855853	-0.036407	-0.020465	-0.009757	-0.017641
Superscaffold3	64855933	65172716	-0.031654	-0.025466	-0.013483	-0.017382
Superscaffold3	65172722	65342795	-0.061754	-0.081272	-0.042122	-0.034165
Superscaffold3	65342882	65570141	-0.033778	-0.055896	-0.022481	-0.014589
Superscaffold3	65570191	65705661	0.029363	0.043825	0.023155	0.017633
Superscaffold3	65705691	65957699	0.008833	0.001640	0.001366	0.003369
Superscaffold3	65957837	66357951	0.061839	0.042828	0.021199	0.025990
Superscaffold3	66358082	66724068	-0.237919	-0.068671	-0.041062	-0.158787
Superscaffold3	66724141	67035066	-0.461987	-0.138734	-0.093210	-0.318631
Superscaffold4	200189	610066	-0.177706	-0.087449	-0.063979	-0.095671
Superscaffold4	610157	883487	-0.060059	-0.059557	-0.031528	-0.031777
Superscaffold4	883505	1127005	-0.103845	-0.117211	-0.056163	-0.047750
Superscaffold4	1127020	1263887	-0.091228	-0.170046	-0.072379	-0.046513
Superscaffold4	1263953	1837407	-0.116920	-0.083785	-0.047626	-0.056086
Superscaffold4	1837592	2286147	-0.057876	-0.055584	-0.029603	-0.028295
Superscaffold4	2286185	2622974	-0.035857	-0.028799	-0.015741	-0.019907
Superscaffold4	2623104	3020859	-0.139831	-0.120331	-0.060228	-0.075510
Superscaffold4	3020912	3219212	0.035015	0.024560	0.015182	0.016978
Superscaffold4	3219250	3455264	-0.085274	-0.079950	-0.040757	-0.047811
Superscaffold4	3455269	3849132	-0.098008	-0.082257	-0.049927	-0.059276
Superscaffold4	3849144	3964441	-0.234405	-0.351166	-0.152750	-0.143641
Superscaffold4	3964453	4274057	0.225093	0.136498	0.061366	0.130767
Superscaffold4	4274097	4952228	-0.055185	-0.038583	-0.023191	-0.032172
Superscaffold4	4952284	5309457	-0.009078	-0.009715	-0.005128	-0.003692
Superscaffold4	5309459	5586185	-0.155039	-0.159205	-0.081833	-0.078940
Superscaffold4	5586230	6239249	0.036438	0.028966	0.016413	0.027279
Superscaffold4	6239329	6483489	0.023790	0.021586	0.013027	0.009889
Superscaffold4	6483508	6652831	-0.102674	-0.059058	-0.039462	-0.049291
Superscaffold4	6652894	7002690	-0.029751	-0.020467	-0.012715	-0.016830
Superscaffold4	7002707	7209481	-0.114635	-0.061821	-0.042322	-0.050348
Superscaffold4	7209516	7362262	0.094340	0.114721	0.059512	0.057259
Superscaffold4	7362450	7683122	0.001015	0.001398	0.000656	-0.001309
Superscaffold4	7683230	7863148	0.044124	0.043551	0.024891	0.019795
Superscaffold4	7863212	7974241	-0.015982	-0.025248	-0.012487	-0.010439
Superscaffold4	7974247	8599650	0.026466	0.024032	0.011000	0.018214
Superscaffold4	8599698	8717983	-0.052632	-0.073453	-0.039534	-0.024376
Superscaffold4	8718053	8901185	0.083560	0.096287	0.054748	0.043096
Superscaffold4	8901417	9017735	-0.021924	-0.033431	-0.017215	-0.011668
Superscaffold4	9017748	9175752	-0.023527	-0.030232	-0.016188	-0.010418
Superscaffold4	9175769	9459382	-0.039688	-0.040381	-0.016418	-0.021075
Superscaffold4	9459460	9716683	0.047599	0.034138	0.020297	0.032088
Superscaffold4	9716689	9914614	-0.117413	-0.086567	-0.051868	-0.062281
Superscaffold4	9914726	10052669	0.067160	0.078691	0.047993	0.038833
Superscaffold4	10052712	10292619	-0.025075	-0.030569	-0.015859	-0.012226
Superscaffold4	10293561	11044817	0.076600	0.042915	0.024579	0.048007
Superscaffold4	11044892	11366634	-0.042789	-0.041325	-0.022452	-0.022588
Superscaffold4	11366680	11555960	-0.084505	-0.108353	-0.051041	-0.046504
Superscaffold4	11555999	11774212	-0.479281	-0.496803	-0.245252	-0.361699
Superscaffold4	11774219	12004087	0.029515	0.011894	0.007685	0.016816
Superscaffold4	12004173	12218439	0.052828	0.045876	0.025599	0.034989
Superscaffold4	12218453	12374916	0.000784	0.000820	0.000390	0.000440
Superscaffold4	12374923	12668886	-0.062190	-0.066012	-0.031522	-0.032252
Superscaffold4	12668990	12821946	-0.013845	-0.019418	-0.009564	-0.004308
Superscaffold4	12821952	12982402	0.019583	0.018680	0.010567	0.015316
Superscaffold4	12982412	13122776	0.044075	0.036780	0.017913	0.027776
Superscaffold4	13124243	13283131	-0.018549	-0.018605	-0.009970	-0.008072
Superscaffold4	13283174	13463278	-0.257691	-0.174095	-0.101832	-0.160440
Superscaffold4	13463286	13718313	-0.234014	-0.203055	-0.100826	-0.128035
Superscaffold4	13718322	14044332	0.091928	0.098688	0.030894	0.058153
Superscaffold4	14044364	14349534	-0.175431	-0.132613	-0.069513	-0.102981
Superscaffold4	14349547	14550370	-0.036758	-0.029251	-0.016675	-0.019771
Superscaffold4	14550382	14691764	0.045164	0.044842	0.024385	0.032009
Superscaffold4	14691811	14950623	-0.169231	-0.082221	-0.049096	-0.101061
Superscaffold4	14950696	15228395	-0.016109	-0.014394	-0.008816	-0.008682
Superscaffold4	15228406	15921214	0.022033	0.022775	0.010689	0.020470
Superscaffold4	15921227	16124674	-0.023725	-0.030551	-0.016189	-0.016999
Superscaffold4	16124738	16290338	-0.040137	-0.050472	-0.024058	-0.022328
Superscaffold4	16290339	16599206	0.028380	0.027896	0.015515	0.014185
Superscaffold4	16599211	16781568	-0.137678	-0.175450	-0.082116	-0.081448
Superscaffold4	16781631	17136223	0.060386	0.056049	0.029367	0.037775
Superscaffold4	17136224	17417597	0.039697	0.044301	0.024057	0.019204
Superscaffold4	17417627	17633204	-0.159764	-0.152728	-0.092399	-0.092681
Superscaffold4	17633211	17829780	-0.318165	-0.299823	-0.154510	-0.191980
Superscaffold4	17829783	17965171	-0.039994	-0.054036	-0.028801	-0.022491
Superscaffold4	17965184	18244958	-0.054657	-0.061139	-0.030197	-0.026729
Superscaffold4	18245380	18422812	-0.036357	-0.026087	-0.016148	-0.019856
Superscaffold4	18423177	19157662	-0.415091	-0.093073	-0.063191	-0.327413
Superscaffold4	19157666	19426692	-0.080038	-0.033646	-0.018906	-0.049100
Superscaffold4	19426693	19649677	-0.318926	-0.300792	-0.134755	-0.203882
Superscaffold4	19649696	19827295	-0.452109	-0.555331	-0.217550	-0.259878
Superscaffold4	19827307	19983613	-0.138939	-0.141666	-0.076959	-0.096218
Superscaffold4	19983643	20162168	-0.136392	-0.155294	-0.082500	-0.078397
Superscaffold4	20162182	20407739	-0.005932	-0.006403	-0.003104	-0.003286
Superscaffold4	20407772	20689228	0.042459	0.028170	0.017205	0.035222
Superscaffold4	20689267	21039118	-0.131419	-0.045651	-0.029794	-0.059317
Superscaffold4	21039578	21454656	-0.503710	-0.325673	-0.170596	-0.357793
Superscaffold4	21455392	22025810	-0.320271	-0.148781	-0.085287	-0.231888
Superscaffold4	22025873	22229497	-0.067763	-0.041715	-0.026104	-0.036985
Superscaffold4	22229501	22367323	-0.097967	-0.135209	-0.070210	-0.047768
Superscaffold4	22367430	22546347	-0.075337	-0.042089	-0.026527	-0.039689
Superscaffold4	22546390	22728851	-0.120791	-0.083179	-0.050733	-0.066842
Superscaffold4	22728852	22851418	-0.021177	-0.029521	-0.012054	-0.004864
Superscaffold4	22851476	23032080	-0.017579	-0.017548	-0.008547	-0.007287
Superscaffold4	23032232	23257756	0.123600	0.078070	0.050525	0.068362
Superscaffold4	23257776	23506230	-0.060780	-0.026938	-0.018372	-0.030656
Superscaffold4	23506369	23683035	-0.188600	-0.160284	-0.087627	-0.109486
Superscaffold4	23683036	24065288	0.023074	0.012760	0.008908	0.020110
Superscaffold4	24065491	24507783	-0.283031	-0.087630	-0.055654	-0.172787
Superscaffold4	24507814	24759625	-0.078791	-0.034830	-0.019391	-0.055133
Superscaffold4	24759740	25014162	-0.079316	-0.036020	-0.017313	-0.041570
Superscaffold4	25014252	25288080	0.092632	0.043905	0.026544	0.057666
Superscaffold4	25288319	25414544	0.157509	0.132787	0.074629	0.086178
Superscaffold4	25414559	25724235	0.179270	0.084231	0.061636	0.117106
Superscaffold4	25724242	25855532	-0.014203	-0.013786	-0.006374	-0.006727
Superscaffold4	25855533	26276167	-0.072422	-0.066169	-0.031542	-0.037331
Superscaffold4	26276658	26517464	-0.142062	-0.097342	-0.050114	-0.083742
Superscaffold4	26517482	26662114	0.014977	0.016950	0.007165	0.008620
Superscaffold4	26662163	26843888	-0.146750	-0.184510	-0.097840	-0.080045
Superscaffold4	26843905	27008609	-0.368472	-0.217014	-0.146916	-0.288435
Superscaffold4	27008675	27334539	-0.382363	-0.168073	-0.103336	-0.265348
Superscaffold4	27334792	27522229	-0.274378	-0.120019	-0.067305	-0.193560
Superscaffold4	27522400	27703984	0.208145	0.095985	0.057503	0.160945
Superscaffold4	27704140	27926274	-0.079968	-0.035308	-0.020898	-0.042487
Superscaffold4	27926282	28262781	0.026338	0.018302	0.010621	0.016092
Superscaffold4	28262802	28480887	-0.076463	-0.094232	-0.041436	-0.043705
Superscaffold4	28480911	28762139	-0.059593	-0.077947	-0.037838	-0.038875
Superscaffold4	28762148	28973491	0.001928	0.000658	0.000453	0.002498
Superscaffold4	28973873	29262554	-0.132876	-0.047616	-0.032307	-0.071466
Superscaffold4	29262747	29475844	-0.013309	-0.015515	-0.008374	-0.008075
Superscaffold4	29475861	29745858	-0.195516	-0.177633	-0.094644	-0.100216
Superscaffold4	29745871	30007358	-0.016073	-0.012815	-0.007738	-0.003973
Superscaffold4	30007363	30174781	0.003983	0.005357	0.002482	0.001097
Superscaffold4	30174961	30367831	0.029835	0.025036	0.013990	0.018697
Superscaffold4	30367888	30523372	-0.012694	-0.015577	-0.007889	-0.008460
Superscaffold4	30523386	30645294	-0.143452	-0.150376	-0.085044	-0.082557
Superscaffold4	30645301	30859903	-0.175677	-0.186792	-0.090635	-0.092876
Superscaffold4	30859924	31811230	-0.165135	-0.157677	-0.067944	-0.088482
Superscaffold4	31811419	32092260	0.127541	0.091806	0.049523	0.068798
Superscaffold4	32092415	32341637	-0.150294	-0.038500	-0.023503	-0.082283
Superscaffold4	32341642	32712262	-0.013650	-0.005399	-0.003115	-0.008758
Superscaffold4	32712264	33107205	0.264269	0.093025	0.056174	0.163737
Superscaffold4	33107309	33557945	0.252967	0.091325	0.059974	0.126448
Superscaffold4	33557946	33780153	0.040772	0.028531	0.014461	0.025429
Superscaffold4	33780157	34043116	-0.272253	-0.275478	-0.121979	-0.160131
Superscaffold4	34043215	34376709	-0.287885	-0.163507	-0.080713	-0.200825
Superscaffold4	34376783	34701079	-0.007404	-0.001981	-0.001277	-0.008630
Superscaffold4	34701968	35024398	0.108396	0.041143	0.026992	0.063806
Superscaffold4	35024506	35355006	0.047169	0.026384	0.016649	0.025488
Superscaffold4	35355053	35722419	-0.065921	-0.031789	-0.015673	-0.033169
Superscaffold4	35722581	36148990	-0.147139	-0.084835	-0.057346	-0.086374
Superscaffold4	36149234	36403369	-0.145643	-0.087604	-0.049904	-0.070884
Superscaffold4	36403462	36612256	0.063660	0.040143	0.024079	0.045081
Superscaffold4	36612497	37167631	0.159723	0.081666	0.051977	0.082097
Superscaffold4	37167633	37445779	-0.252581	-0.205610	-0.109352	-0.147222
Superscaffold4	37446107	38266886	-0.175280	-0.110610	-0.062504	-0.116510
Superscaffold4	38266905	38889332	-0.170359	-0.152955	-0.076452	-0.104970
Superscaffold4	38889405	39714574	-0.061466	-0.038094	-0.021122	-0.033425
Superscaffold4	39714576	39847036	-0.208496	-0.138722	-0.087379	-0.105283
Superscaffold4	39847060	40277757	0.019030	0.011094	0.005959	0.009518
Superscaffold4	40277760	40571709	-0.206333	-0.176117	-0.087070	-0.138527
Superscaffold4	40571733	40816129	-0.060024	-0.047873	-0.027847	-0.032608
Superscaffold4	40816146	41046391	-0.058580	-0.036641	-0.020118	-0.036220
Superscaffold4	41046430	41805608	-0.071653	-0.013137	-0.009698	-0.034809
Superscaffold4	41806332	42226122	0.061523	0.032025	0.017532	0.042897
Superscaffold4	42226130	42522571	0.051356	0.020420	0.012857	0.031086
Superscaffold4	42522700	43069565	0.071276	0.029128	0.017835	0.039222
Superscaffold4	43072433	43607678	-0.184499	-0.111286	-0.062552	-0.121065
Superscaffold4	43607839	43880900	-0.285215	-0.307873	-0.123053	-0.188454
Superscaffold4	43881101	44028264	-0.091751	-0.089811	-0.043915	-0.040507
Superscaffold4	44028280	44347280	0.098294	0.028789	0.020208	0.057116
Superscaffold4	44347283	44786243	-0.210844	-0.111891	-0.056656	-0.122191
Superscaffold4	44786278	45092443	0.273172	0.115097	0.062429	0.186333
Superscaffold4	45092493	45346640	0.374453	0.227879	0.140495	0.250487
Superscaffold4	45347111	45712414	-0.451896	-0.154215	-0.087466	-0.315050
Superscaffold4	45712420	46119637	0.047647	0.013911	0.009815	0.024006
Superscaffold4	46119738	46263262	-0.116848	-0.057880	-0.034973	-0.062636
Superscaffold4	46263535	46545586	0.231847	0.075955	0.049232	0.175597
Superscaffold4	46545659	46909006	-0.246861	-0.063341	-0.049459	-0.148768
Superscaffold4	46909041	47276435	-0.161505	-0.070759	-0.042642	-0.098461
Superscaffold4	47276652	47613369	0.059794	0.028024	0.015557	0.044106
Superscaffold4	47613444	47903387	-0.014507	-0.006818	-0.004115	-0.006184
Superscaffold4	47903426	48181709	0.097768	0.042840	0.027276	0.052999
Superscaffold4	48181848	48700043	-0.224677	-0.084478	-0.055688	-0.136751
Superscaffold4	48700052	49147172	0.019848	0.003249	0.002323	0.014327
Superscaffold4	49147194	49495107	-0.236327	-0.085420	-0.049033	-0.184777
Superscaffold4	49495110	49811259	-0.036430	-0.014207	-0.008861	-0.024336
Superscaffold4	49811269	50173275	-0.249602	-0.092939	-0.053052	-0.190337
Superscaffold4	50173494	50415045	-0.277733	-0.115992	-0.062985	-0.199125
Superscaffold4	50415140	50723915	-0.187001	-0.052021	-0.036436	-0.119032
Superscaffold4	50723922	50963161	-0.097797	-0.044343	-0.026430	-0.066939
Superscaffold4	50963186	51321379	0.120703	0.039738	0.025316	0.080476
Superscaffold4	51321395	51493996	0.243209	0.098168	0.061737	0.115698
Superscaffold4	51494021	51747887	0.393792	0.102696	0.072402	0.283076
Superscaffold4	51748151	52435469	0.100266	0.014970	0.009601	0.070168
Superscaffold4	52435589	52935646	0.456791	0.110141	0.068906	0.386748
Superscaffold4	52935672	53900883	-0.066571	-0.008474	-0.006100	-0.052649
Superscaffold4	53901055	54248919	0.211138	0.047819	0.032438	0.158292
Superscaffold4	54248945	54605324	-0.177193	-0.036601	-0.022245	-0.118711
Superscaffold4	54605354	54996198	0.008413	0.001741	0.001072	0.010011
Superscaffold4	54996258	55439671	-0.028544	-0.005390	-0.002774	-0.012875
Superscaffold4	55439705	55727725	0.154475	0.064555	0.036677	0.088910
Superscaffold4	55727754	55936216	-0.180683	-0.112334	-0.066922	-0.129519
Superscaffold4	55936285	56278486	0.023347	0.009244	0.005193	0.013947
Superscaffold4	56278630	56451059	-0.133981	-0.065462	-0.040626	-0.070862
Superscaffold4	56451080	56765812	-0.022833	-0.014585	-0.008267	-0.012258
Superscaffold4	56765825	56928635	-0.166249	-0.117146	-0.066026	-0.095636
Superscaffold4	56928664	57431152	0.019705	0.013977	0.007592	0.017970
Superscaffold4	57431259	57829646	-0.184726	-0.142101	-0.076949	-0.128477
Superscaffold4	57829743	58147392	-0.218587	-0.106306	-0.065933	-0.140335
Superscaffold4	58147428	58287604	0.047810	0.036682	0.024122	0.033407
Superscaffold4	58287617	58526497	-0.095501	-0.052393	-0.030169	-0.041668
Superscaffold4	58526520	58682984	-0.302292	-0.295158	-0.118710	-0.164244
Superscaffold4	58683192	58845013	-0.293297	-0.231616	-0.115999	-0.144098
Superscaffold4	58845055	59053655	-0.104305	-0.056499	-0.036623	-0.069811
Superscaffold4	59053659	59177142	-0.019097	-0.011562	-0.005958	-0.009070
Superscaffold4	59177160	59387499	0.496740	0.274563	0.171263	0.323146
Superscaffold4	59387599	59645697	0.295546	0.141769	0.095840	0.187674
Superscaffold4	59645732	59854462	-0.205112	-0.175508	-0.091761	-0.107021
Superscaffold4	59854613	60452098	-0.196328	-0.184574	-0.088198	-0.105984
Superscaffold4	60452235	60859200	-0.817334	-0.872671	-0.313854	-0.693354
Superscaffold4	60859338	61375398	-0.100001	-0.091079	-0.048127	-0.064915
Superscaffold4	61375410	61568310	0.072223	0.049559	0.030014	0.049737
Superscaffold4	61568356	61775805	-0.614638	-0.359567	-0.218406	-0.468158
Superscaffold4	61775813	62076885	-0.529962	-0.238181	-0.152826	-0.364714
Superscaffold4	62076905	62415027	-0.229530	-0.065515	-0.044416	-0.121789
Superscaffold4	62415058	62858329	-0.002755	-0.001511	-0.000953	0.003662
Superscaffold4	62858520	63297221	-0.050216	-0.031357	-0.017869	-0.026452
Superscaffold4	63297419	63624828	0.013248	0.012477	0.006400	0.011515
Superscaffold4	63624900	63810154	-0.150507	-0.167361	-0.081891	-0.087728
Superscaffold4	63810214	64030201	0.102135	0.084951	0.057300	0.065630
Superscaffold4	64030327	64202693	0.064571	0.041389	0.026431	0.043245
Superscaffold4	64202732	64446928	-0.387331	-0.218411	-0.125634	-0.276028
Superscaffold4	64446942	64806511	-0.368896	-0.188419	-0.105812	-0.211581
Superscaffold4	64806536	65273454	-0.045126	-0.016790	-0.010258	-0.021198
Superscaffold4	65273498	65665013	0.423715	0.152322	0.109522	0.288548
Superscaffold4	65665120	66403579	-0.189113	-0.081968	-0.047617	-0.120345
Superscaffold4	66403585	66833231	-0.321246	-0.100690	-0.049761	-0.235440
Superscaffold4	66833269	67204544	-0.000457	-0.000183	-0.000118	0.004051
Superscaffold4	67204550	67526832	0.127970	0.050585	0.034521	0.090208
Superscaffold4	67526833	68021677	0.016147	0.008470	0.004953	0.008150
Superscaffold4	68021697	68318820	0.228214	0.113469	0.079586	0.132707
Superscaffold4	68318823	68490642	-0.087542	-0.080705	-0.034955	-0.050300
Superscaffold4	68490762	68710561	-0.193214	-0.129513	-0.073784	-0.114242
Superscaffold4	68710562	68985236	-0.028787	-0.021663	-0.013407	-0.018210
Superscaffold4	68985290	69194804	-0.079990	-0.062835	-0.035111	-0.043348
Superscaffold4	69194822	69479808	-0.037487	-0.043724	-0.021563	-0.020474
Superscaffold4	69479814	69707119	-0.085482	-0.100960	-0.051558	-0.046200
Superscaffold4	69707166	69878677	-0.107262	-0.122025	-0.064241	-0.068275
Superscaffold4	69878711	70245750	-0.065224	-0.067031	-0.031206	-0.035831
Superscaffold4	70245774	70475814	-0.046794	-0.067453	-0.030236	-0.025118
Superscaffold4	70475817	70812485	0.031774	0.020930	0.013990	0.015351
Superscaffold4	70812575	71451870	-0.099820	-0.064124	-0.034383	-0.051524
Superscaffold4	71453074	71884016	-0.031903	-0.005905	-0.004301	-0.012216
Superscaffold4	71884018	72779732	-0.214596	-0.069046	-0.040247	-0.155936
Superscaffold4	72779976	73118003	-0.284874	-0.105772	-0.056059	-0.209043
Superscaffold4	73118022	73391631	-0.231533	-0.076958	-0.049187	-0.138542
Superscaffold4	73391634	73698402	0.098704	0.049299	0.028032	0.046046
Superscaffold4	73698403	73969794	0.047295	0.040909	0.021279	0.026097
Superscaffold4	73969804	74362901	-0.014195	-0.013866	-0.008261	-0.011689
Superscaffold4	74362902	74625033	-0.035022	-0.031667	-0.020666	-0.022869
Superscaffold4	74625152	74775898	0.118584	0.052982	0.039410	0.054555
Superscaffold4	74775985	75044711	0.010891	0.005099	0.003085	0.008164
Superscaffold4	75044746	75262992	0.420221	0.256612	0.136529	0.250844
Superscaffold4	75263050	75670041	0.120136	0.122602	0.066929	0.070315
Superscaffold4	75670051	75912449	0.638774	0.302111	0.204982	0.515114
Superscaffold4	75912461	76489172	0.072653	0.077859	0.031474	0.045970
Superscaffold4	76489363	76683977	-0.324583	-0.304895	-0.137822	-0.198906
Superscaffold4	76684064	76915814	0.246698	0.102705	0.064368	0.135474
Superscaffold4	76915883	77395308	0.080809	0.037895	0.020546	0.057753
Superscaffold4	77396709	77620339	-0.049430	-0.021772	-0.010382	-0.037416
Superscaffold4	77620344	78066266	-0.130593	-0.035417	-0.026395	-0.072907
Superscaffold4	78066277	78396749	-0.035272	-0.035017	-0.019787	-0.020096
Superscaffold4	78396760	78533605	0.006727	0.009677	0.004748	0.004269
Superscaffold4	78533671	78770915	-0.089282	-0.063536	-0.033536	-0.046718
Superscaffold4	78770925	79094490	-0.017274	-0.009724	-0.006198	-0.009434
Superscaffold4	79094494	79183198	0.110456	0.157306	0.106990	0.056067
Superscaffold4	79183221	79962958	0.015856	0.010291	0.005799	0.008927
Superscaffold4	79962992	80207928	-0.213005	-0.223992	-0.103684	-0.121077
Superscaffold4	80208005	80400946	-0.179657	-0.099927	-0.061798	-0.099205
Superscaffold4	80401081	80610470	-0.018149	-0.011219	-0.006529	-0.009148
Superscaffold4	80610494	80745820	-0.134188	-0.118485	-0.064373	-0.063808
Superscaffold4	80745862	80982775	-0.100400	-0.111298	-0.048641	-0.055193
Superscaffold4	80982889	81216209	-0.089457	-0.098033	-0.046147	-0.046874
Superscaffold4	81216236	81398451	0.182336	0.121822	0.077143	0.085010
Superscaffold4	81398506	81664769	0.021134	0.011755	0.007119	0.013691
Superscaffold4	81664782	81924385	-0.712044	-1.079904	-0.418699	-0.602851
Superscaffold4	81924403	82426383	-0.765764	-1.385275	-0.436718	-0.645952
Superscaffold4	82426651	82622451	0.299696	0.252944	0.112020	0.183195
Superscaffold4	82622486	82814417	0.241649	0.119181	0.078614	0.139005
Superscaffold4	82814434	83046167	-0.236292	-0.131056	-0.087005	-0.130506
Superscaffold4	83046181	83170012	0.077154	0.087051	0.040410	0.039926
Superscaffold4	83170049	83368136	-0.009750	-0.009533	-0.005649	-0.009478
Superscaffold4	83368141	83520118	-0.107933	-0.131167	-0.065714	-0.059266
Superscaffold4	83520643	83822036	-0.098944	-0.040561	-0.027811	-0.054327
Superscaffold4	83822095	84094320	-0.125805	-0.055890	-0.034133	-0.061775
Superscaffold4	84094392	84396975	0.049739	0.027668	0.018781	0.028673
Superscaffold4	84396996	84573519	-0.245618	-0.269440	-0.121374	-0.141226
Superscaffold4	84573526	84810543	0.099491	0.058468	0.039164	0.047300
Superscaffold4	84810650	85142901	0.196146	0.185594	0.101083	0.125691
Superscaffold4	85143412	85899614	-0.103357	-0.073167	-0.038431	-0.064011
Superscaffold4	85899619	86065463	0.058911	0.071767	0.043466	0.034791
Superscaffold4	86065536	86250997	-0.006339	-0.004742	-0.003073	-0.000939
Superscaffold4	86251010	86439748	0.010709	0.010586	0.005559	0.011968
Superscaffold4	86439781	86743641	-0.068086	-0.093908	-0.045560	-0.038839
Superscaffold5	104872	254755	-0.099013	-0.107246	-0.042910	-0.052514
Superscaffold5	254765	446002	0.102068	0.089707	0.047631	0.063838
Superscaffold5	446091	618803	0.143869	0.096009	0.062485	0.083819
Superscaffold5	618855	948658	-0.132669	-0.069303	-0.040780	-0.078310
Superscaffold5	948715	1304840	0.023249	0.009682	0.005714	0.010569
Superscaffold5	1304870	1709677	-0.109401	-0.044905	-0.027005	-0.073534
Superscaffold5	1709685	1958678	-0.535931	-0.431010	-0.230411	-0.418255
Superscaffold5	1958735	2191738	-0.506978	-0.320829	-0.151008	-0.375003
Superscaffold5	2191743	2405800	-0.092173	-0.081752	-0.036217	-0.055506
Superscaffold5	2405884	2855392	-0.246473	-0.153350	-0.088324	-0.164176
Superscaffold5	2855411	3122146	-0.072639	-0.037330	-0.025105	-0.033445
Superscaffold5	3122181	3424120	0.207640	0.124501	0.075848	0.101663
Superscaffold5	3424146	3599836	-0.446452	-0.266365	-0.140302	-0.312440
Superscaffold5	3599841	4027537	-0.004188	-0.001257	-0.000757	-0.003083
Superscaffold5	4027542	4605044	-0.068210	-0.056605	-0.031780	-0.041459
Superscaffold5	4605103	5135798	-0.166157	-0.138773	-0.071696	-0.101464
Superscaffold5	5135850	5832237	-0.312694	-0.131763	-0.075438	-0.196494
Superscaffold5	5832239	6325648	-0.521390	-0.212182	-0.119795	-0.438958
Superscaffold5	6325795	6745501	0.094088	0.029181	0.017390	0.065340
Superscaffold5	6745629	7256387	-0.306366	-0.211438	-0.099008	-0.180476
Superscaffold5	7256519	7530502	-0.182713	-0.091427	-0.053545	-0.116210
Superscaffold5	7530964	7818654	-0.185738	-0.107417	-0.055374	-0.101568
Superscaffold5	7818713	8178350	-0.010166	-0.009979	-0.005020	-0.009008
Superscaffold5	8178402	8401285	0.145623	0.105167	0.061112	0.082734
Superscaffold5	8403174	8659920	-0.128349	-0.145858	-0.069173	-0.060921
Superscaffold5	8660375	8875948	-0.166682	-0.102344	-0.059765	-0.071846
Superscaffold5	8875961	9043015	-0.156987	-0.187416	-0.066926	-0.087346
Superscaffold5	9043028	9266164	0.048899	0.037452	0.019300	0.027282
Superscaffold5	9266343	9458064	0.329316	0.156453	0.111709	0.197207
Superscaffold5	9458087	9689666	-0.240517	-0.109443	-0.068036	-0.172447
Superscaffold5	9689667	10603956	0.048948	0.024486	0.014976	0.029465
Superscaffold5	10604059	10857209	0.299498	0.106165	0.072468	0.191306
Superscaffold5	10857212	11159314	0.252538	0.144938	0.082652	0.189323
Superscaffold5	11159398	11523515	-0.038188	-0.018337	-0.009894	-0.020136
Superscaffold5	11523517	12341872	-0.100865	-0.059071	-0.032318	-0.050375
Superscaffold5	12341912	12798456	0.006410	0.004298	0.002344	0.012872
Superscaffold5	12798511	14025246	0.044298	0.009346	0.007413	0.029411
Superscaffold5	14025278	14207584	-0.279774	-0.285901	-0.154777	-0.152859
Superscaffold5	14207590	14366094	-0.146960	-0.111322	-0.059354	-0.078117
Superscaffold5	14366095	14675424	-0.013050	-0.008020	-0.004317	-0.006018
Superscaffold5	14676289	14881843	-0.051033	-0.030173	-0.017219	-0.032477
Superscaffold5	14881865	15065531	-0.365138	-0.271005	-0.137315	-0.227596
Superscaffold5	15065614	15304534	0.179325	0.079442	0.039682	0.111495
Superscaffold5	15304547	15695552	0.162065	0.053454	0.033520	0.098498
Superscaffold5	15695806	15986356	-0.356024	-0.197361	-0.102288	-0.222481
Superscaffold5	15986446	16221147	-0.079902	-0.060581	-0.031027	-0.046904
Superscaffold5	16221177	16504657	-0.361555	-0.320078	-0.170403	-0.244748
Superscaffold5	16504683	16694601	-0.110883	-0.063475	-0.036285	-0.048815
Superscaffold5	16694643	16971470	0.050784	0.032701	0.021131	0.024525
Superscaffold5	16971524	17268915	-0.289980	-0.226900	-0.115639	-0.178943
Superscaffold5	17268958	17565339	-0.216104	-0.217623	-0.091830	-0.126138
Superscaffold5	17565360	17724904	-0.325563	-0.581989	-0.177896	-0.192066
Superscaffold5	17724963	17945409	-0.168037	-0.187760	-0.083659	-0.094380
Superscaffold5	17945474	18068202	-0.185664	-0.169033	-0.093737	-0.100574
Superscaffold5	18068243	18209100	-0.226345	-0.268795	-0.117613	-0.125454
Superscaffold5	18209433	18364868	-0.058650	-0.066658	-0.034825	-0.026108
Superscaffold5	18364918	18636026	-0.311448	-0.160738	-0.093122	-0.169584
Superscaffold5	18636130	18999216	-0.186707	-0.089225	-0.051942	-0.100894
Superscaffold5	18999248	19229685	-0.096011	-0.066849	-0.038573	-0.055752
Superscaffold5	19229689	19461955	-0.165497	-0.075740	-0.043582	-0.102936
Superscaffold5	19462118	19738462	-0.327624	-0.168779	-0.083580	-0.231008
Superscaffold5	19738537	19960463	0.119403	0.053525	0.034335	0.068785
Superscaffold5	19960629	20233412	-0.368957	-0.282291	-0.124624	-0.271275
Superscaffold5	20233507	20508520	-0.140789	-0.073234	-0.039008	-0.085718
Superscaffold5	20508533	20929661	0.373818	0.193339	0.125922	0.237217
Superscaffold5	20929995	21183459	-0.144188	-0.100370	-0.057608	-0.096046
Superscaffold5	21183467	21467972	-0.251620	-0.254277	-0.106278	-0.140894
Superscaffold5	21467976	21584279	-0.106350	-0.092102	-0.045704	-0.073261
Superscaffold5	21585352	21864509	0.093723	0.070172	0.036523	0.046420
Superscaffold5	21864845	21999796	0.134285	0.123250	0.062189	0.072303
Superscaffold5	21999819	22212033	0.008836	0.009329	0.004236	0.005241
Superscaffold5	22212034	22515366	-0.014133	-0.010666	-0.005041	-0.004628
Superscaffold5	22515402	22970072	0.184850	0.070470	0.049586	0.107773
Superscaffold5	22970151	23305043	0.152796	0.072568	0.041729	0.079389
Superscaffold5	23305057	23789424	0.025628	0.013029	0.008917	0.023251
Superscaffold5	23789815	24390625	-0.056601	-0.025071	-0.012936	-0.033207
Superscaffold5	24391571	24735343	-0.114839	-0.030575	-0.020037	-0.064737
Superscaffold5	24735398	25070748	0.143684	0.047158	0.031537	0.120465
Superscaffold5	25070753	25451364	0.217650	0.106283	0.063095	0.129490
Superscaffold5	25451435	25802690	0.257433	0.108351	0.061660	0.178604
Superscaffold5	25802736	26158423	0.234518	0.072855	0.043187	0.140051
Superscaffold5	26158498	27036887	-0.061224	-0.026245	-0.014409	-0.031544
Superscaffold5	27037101	27551652	0.055995	0.025754	0.014247	0.037458
Superscaffold5	27551682	27802704	0.027628	0.013301	0.007362	0.015343
Superscaffold5	27802724	28369331	-0.154412	-0.038796	-0.027302	-0.068860
Superscaffold5	28369388	28572922	-0.188755	-0.122442	-0.063585	-0.101904
Superscaffold5	28572923	28833671	0.109266	0.060475	0.032952	0.064093
Superscaffold5	28833723	29206015	-0.087509	-0.023393	-0.014568	-0.052759
Superscaffold5	29206049	29408691	0.341092	0.126898	0.074036	0.245745
Superscaffold5	29408810	29576834	0.761378	0.595076	0.367696	0.622528
Superscaffold5	29577090	29741964	0.664057	0.558309	0.303934	0.537750
Superscaffold5	29742101	29922299	0.152926	0.115309	0.064481	0.078722
Superscaffold5	29922380	30039501	0.437400	0.321136	0.197823	0.299870
Superscaffold5	30039564	30186565	0.161615	0.092730	0.057513	0.076294
Superscaffold5	30186604	30325160	-0.026659	-0.041224	-0.018702	-0.011077
Superscaffold5	30325173	30804965	-0.169347	-0.031389	-0.021264	-0.110075
Superscaffold5	30804997	31223548	-0.397797	-0.107121	-0.067604	-0.295512
Superscaffold5	31223569	31527545	0.225804	0.079947	0.050481	0.155877
Superscaffold5	31527572	31708526	-0.006870	-0.004219	-0.002149	-0.002123
Superscaffold5	31708584	32049329	-0.298468	-0.172911	-0.089109	-0.204333
Superscaffold5	32049484	32524359	-0.383970	-0.133502	-0.074089	-0.276545
Superscaffold5	32524429	32968110	0.024000	0.010914	0.006151	0.014470
Superscaffold5	32968233	33178541	-0.059007	-0.029666	-0.020390	-0.033591
Superscaffold5	33178556	33526724	0.060822	0.050499	0.024225	0.039437
Superscaffold5	33526732	33908899	-0.329040	-0.049427	-0.034224	-0.260183
Superscaffold5	33909005	34456489	-0.021003	-0.002699	-0.001932	-0.014977
Superscaffold5	34456510	34720203	-0.212033	-0.058629	-0.035589	-0.145766
Superscaffold5	34720398	35008043	-0.092614	-0.032551	-0.019127	-0.065636
Superscaffold5	35009674	35345629	-0.018010	-0.006229	-0.003669	-0.010215
Superscaffold5	35345634	35606525	-0.217488	-0.103197	-0.053823	-0.158158
Superscaffold5	35606560	35938043	-0.094916	-0.028135	-0.016626	-0.069940
Superscaffold5	35938366	36319560	0.126008	0.031613	0.018518	0.103671
Superscaffold5	36319594	36628646	0.034902	0.010949	0.006232	0.020696
Superscaffold5	36628749	36837666	-0.214963	-0.099875	-0.056808	-0.148829
Superscaffold5	36837677	37380710	-0.018680	-0.009141	-0.004743	-0.008255
Superscaffold5	37380723	37550304	-0.022201	-0.013284	-0.006576	-0.018189
Superscaffold5	37550349	37777858	0.021570	0.008929	0.004887	0.011325
Superscaffold5	37777875	37999131	-0.329079	-0.174108	-0.094227	-0.215001
Superscaffold5	37999173	38312939	-0.280800	-0.071408	-0.049633	-0.207418
Superscaffold5	38313069	38589929	0.185287	0.090067	0.052494	0.117650
Superscaffold5	38589930	38803109	0.064645	0.052360	0.023990	0.033541
Superscaffold5	38803152	39331333	0.346349	0.135672	0.103765	0.229374
Superscaffold5	39331663	39556368	-0.252347	-0.312002	-0.146455	-0.164105
Superscaffold5	39556379	39964106	0.043171	0.027945	0.014491	0.029419
Superscaffold5	39964111	40571021	0.030581	0.011764	0.007221	0.018059
Superscaffold5	40571048	41201848	-0.032668	-0.013868	-0.008083	-0.013959
Superscaffold5	41201852	41839593	-0.037256	-0.016303	-0.009828	-0.018946
Superscaffold5	41839595	42431175	-0.128780	-0.024408	-0.015422	-0.081086
Superscaffold5	42431362	42987433	0.043280	0.012752	0.007350	0.026793
Superscaffold5	42988062	43276939	-0.165360	-0.056683	-0.040176	-0.116621
Superscaffold5	43277143	43582188	-0.300451	-0.094364	-0.060429	-0.196401
Superscaffold5	43582337	43812656	0.011181	0.006227	0.003509	0.005905
Superscaffold5	43812685	43990030	-0.160491	-0.090133	-0.056549	-0.093874
Superscaffold5	43990038	44364978	-0.055414	-0.043841	-0.023077	-0.028990
Superscaffold5	44364981	44593637	0.134442	0.053625	0.035774	0.070477
Superscaffold5	44593671	44773043	0.346815	0.137840	0.082263	0.170276
Superscaffold5	44773056	45014240	-0.147821	-0.074900	-0.044810	-0.102624
Superscaffold5	45014395	45520371	0.316052	0.185441	0.116616	0.184315
Superscaffold5	45520372	45727797	-0.159721	-0.109471	-0.061389	-0.103010
Superscaffold5	45727977	45968763	-0.192749	-0.124256	-0.076761	-0.141640
Superscaffold5	45968775	46345482	-0.014190	-0.007766	-0.004220	-0.004392
Superscaffold5	46345491	46663819	-0.113263	-0.105595	-0.042357	-0.062760
Superscaffold5	46663827	46840991	0.165965	0.091701	0.050801	0.096009
Superscaffold5	46841013	47118701	0.120347	0.062810	0.037905	0.083056
Superscaffold5	47118724	47456361	-0.098246	-0.044871	-0.023172	-0.065391
Superscaffold5	47456395	47746632	-0.199539	-0.075913	-0.045334	-0.109811
Superscaffold5	47746701	48043706	0.103443	0.035157	0.020958	0.064502
Superscaffold5	48043768	48412383	0.053833	0.019192	0.010146	0.034063
Superscaffold5	48412491	48664340	0.167659	0.067705	0.039169	0.123769
Superscaffold5	48664577	49151710	-0.150902	-0.055375	-0.032849	-0.105265
Superscaffold5	49151938	49777060	-0.004681	-0.001770	-0.001248	-0.009573
Superscaffold5	49777070	50058263	-0.221978	-0.108128	-0.053797	-0.144852
Superscaffold5	50058304	50386732	-0.004388	-0.002631	-0.001413	-0.004677
Superscaffold5	50386740	50656386	-0.061175	-0.024245	-0.013896	-0.035872
Superscaffold5	50656474	51038858	-0.188023	-0.039603	-0.023503	-0.119521
Superscaffold5	51038904	51463832	-0.207686	-0.070504	-0.043899	-0.155186
Superscaffold5	51464135	51687434	-0.078710	-0.051715	-0.024831	-0.050426
Superscaffold5	51688462	52025242	-0.217458	-0.119783	-0.057932	-0.141802
Superscaffold5	52025243	52289154	-0.323941	-0.275664	-0.118876	-0.196406
Superscaffold5	52289163	52530996	-0.139384	-0.054933	-0.034540	-0.088864
Superscaffold5	52531005	52740967	0.158678	0.074317	0.041034	0.092368
Superscaffold5	52740982	52864921	0.033390	0.035865	0.018999	0.016122
Superscaffold5	52865019	53138447	-0.049066	-0.014848	-0.010075	-0.031143
Superscaffold5	53138448	53433845	0.188711	0.096282	0.057250	0.121313
Superscaffold5	53433862	53798082	-0.078211	-0.028397	-0.015667	-0.033444
Superscaffold5	53798090	54319584	0.141582	0.049465	0.029239	0.082858
Superscaffold5	54319627	55044209	-0.160517	-0.070126	-0.044233	-0.082707
Superscaffold5	55044287	55624727	-0.013847	-0.009746	-0.004929	-0.012459
Superscaffold5	55624827	55899145	-0.157064	-0.078575	-0.038240	-0.086539
Superscaffold5	55899147	56132181	-0.228551	-0.154217	-0.082432	-0.141336
Superscaffold5	56132372	56319710	0.094532	0.067613	0.040809	0.065548
Superscaffold5	56319770	56568732	-0.760095	-1.601146	-0.493110	-0.643252
Superscaffold5	56568748	56900534	-0.089658	-0.037469	-0.020427	-0.052961
Superscaffold5	56900575	57207179	-0.158776	-0.099015	-0.054633	-0.081409
Superscaffold5	57207939	57420354	-0.268870	-0.306036	-0.119561	-0.177079
Superscaffold5	57420401	57712653	0.086560	0.033569	0.018981	0.046494
Superscaffold5	57712804	58024554	0.117161	0.051028	0.029621	0.071567
Superscaffold5	58024604	58528703	-0.129383	-0.035287	-0.021566	-0.089985
Superscaffold5	58528728	58882035	0.072311	0.023678	0.014505	0.053584
Superscaffold5	58882099	59135080	0.149410	0.067319	0.040687	0.116671
Superscaffold5	59135236	59562190	-0.247765	-0.064358	-0.037011	-0.165493
Superscaffold5	59562967	60129868	0.224610	0.056642	0.037212	0.145324
Superscaffold5	60130230	60631752	-0.055047	-0.020108	-0.012079	-0.041090
Superscaffold5	60631775	61158829	0.088222	0.021387	0.014151	0.070966
Superscaffold5	61158980	61545130	0.038688	0.020839	0.012202	0.027002
Superscaffold5	61545189	61857363	-0.055382	-0.018946	-0.011307	-0.036211
Superscaffold5	61857518	62257371	0.174602	0.065853	0.040040	0.121696
Superscaffold5	62257458	62550898	0.304284	0.126396	0.091379	0.202323
Superscaffold5	62550981	62893564	0.159210	0.048105	0.028942	0.091557
Superscaffold5	62893586	63257864	0.015702	0.005415	0.003612	0.009241
Superscaffold5	63257909	63529974	-0.059935	-0.026996	-0.014708	-0.033661
Superscaffold5	63530312	63730815	0.115075	0.053936	0.031642	0.060851
Superscaffold5	63730830	64077685	0.020025	0.013391	0.005573	0.015218
Superscaffold5	64077705	64358223	0.202740	0.110005	0.060512	0.128561
Superscaffold5	64358248	64899327	0.014206	0.007607	0.004120	0.012136
Superscaffold5	64899484	65275070	0.214275	0.078315	0.038877	0.150124
Superscaffold5	65275113	65639945	0.088085	0.038832	0.022879	0.063339
Superscaffold5	65640055	66037527	0.111721	0.044758	0.025466	0.084179
Superscaffold5	66037609	66347992	0.012269	0.003694	0.002107	0.004688
Superscaffold5	66348150	66694508	0.036005	0.012142	0.007129	0.025330
Superscaffold5	66696696	67045188	0.039764	0.012169	0.007795	0.019558
Superscaffold5	67045264	67568401	0.010052	0.003602	0.002139	-0.003303
Superscaffold5	67568492	68418475	-0.086632	-0.034929	-0.020637	-0.050547
Superscaffold5	68418548	69567358	-0.308929	-0.090890	-0.059158	-0.148667
Superscaffold5	69567368	69803557	-0.086970	-0.059429	-0.031382	-0.041415
Superscaffold5	69803578	70131336	-0.136655	-0.087887	-0.055031	-0.070462
Superscaffold5	70131375	70838925	-0.072098	-0.059045	-0.027507	-0.039003
Superscaffold5	70839039	71226273	0.058606	0.031597	0.017966	0.035703
Superscaffold5	71226282	71475208	-0.207023	-0.111480	-0.061359	-0.144031
Superscaffold5	71475406	72159882	-0.145586	-0.077775	-0.043196	-0.091419
Superscaffold5	72160177	72387873	-0.062007	-0.049890	-0.026231	-0.040050
Superscaffold5	72387951	72841800	-0.097066	-0.077124	-0.041559	-0.058841
Superscaffold5	72841833	73122245	-0.109532	-0.111106	-0.037635	-0.061951
Superscaffold5	73122269	73291214	-0.035528	-0.021925	-0.013399	-0.021354
Superscaffold5	73291380	73624879	-0.181623	-0.118195	-0.058012	-0.095827
Superscaffold5	73624908	73831655	-0.063900	-0.045090	-0.026415	-0.043516
Superscaffold5	73831703	74039637	0.322718	0.209911	0.123586	0.246680
Superscaffold5	74039775	74382322	-0.160504	-0.062155	-0.035954	-0.101470
Superscaffold5	74382326	74761873	-0.215222	-0.078224	-0.046721	-0.149055
Superscaffold5	74761875	75276610	-0.161323	-0.071215	-0.042084	-0.096110
Superscaffold5	75276638	75516055	-0.293010	-0.239100	-0.130452	-0.212474
Superscaffold5	75516087	75820727	0.075647	0.055674	0.035468	0.050163
Superscaffold5	75823334	76095975	-0.238001	-0.083689	-0.056826	-0.139721
Superscaffold5	76095985	76287676	-0.059618	-0.033796	-0.023707	-0.038558
Superscaffold5	76287677	76589673	-0.265022	-0.177164	-0.084577	-0.162032
Superscaffold5	76589687	76750579	-0.025207	-0.015557	-0.010088	-0.010487
Superscaffold5	76750601	77036819	-0.126670	-0.100100	-0.051036	-0.073517
Superscaffold5	77037752	77269861	0.236914	0.122376	0.072878	0.144598
Superscaffold5	77269887	77644938	-0.025448	-0.009961	-0.006642	-0.016100
Superscaffold5	77644941	77904997	0.056370	0.026787	0.015646	0.028072
Superscaffold5	77905014	78114321	0.095754	0.056070	0.031703	0.064522
Superscaffold5	78114323	78273087	-0.023228	-0.017223	-0.008508	-0.012646
Superscaffold5	78273200	78632766	-0.143032	-0.052336	-0.032857	-0.096216
Superscaffold5	78632789	78867943	0.339836	0.163927	0.118175	0.240346
Superscaffold5	78867997	79047695	0.123425	0.098449	0.044831	0.064951
Superscaffold5	79047838	79278079	-0.143369	-0.150982	-0.070055	-0.070226
Superscaffold5	79278438	79519944	0.053024	0.047484	0.027483	0.030971
Superscaffold5	79520037	79877070	-0.091944	-0.090354	-0.041746	-0.053028
Superscaffold5	79877101	80067866	-0.051451	-0.059373	-0.031965	-0.026630
Superscaffold5	80067880	80300618	0.081551	0.042242	0.026045	0.043532
Superscaffold5	80301109	80570560	-0.073677	-0.048296	-0.030260	-0.035119
Superscaffold5	80570705	80914760	0.070818	0.039936	0.022761	0.034189
Superscaffold5	80914775	81194464	-0.043387	-0.037669	-0.018673	-0.020689
Superscaffold5	81194552	81491823	-0.039586	-0.045125	-0.021389	-0.022328
Superscaffold5	81491934	81714138	0.025482	0.034276	0.014481	0.019265
Superscaffold5	81714175	81865734	0.053353	0.075599	0.035504	0.026756
Superscaffold5	81865872	82160625	0.057222	0.050049	0.026694	0.034174
Superscaffold5	82160631	82385928	0.118175	0.080253	0.040002	0.054237
Superscaffold6	301165	571590	0.195357	0.075528	0.049710	0.103949
Superscaffold6	571664	914635	0.121051	0.053659	0.035759	0.076227
Superscaffold6	914721	1089006	-0.071384	-0.048800	-0.033449	-0.036189
Superscaffold6	1089008	1276162	-0.131479	-0.148315	-0.082010	-0.080299
Superscaffold6	1276253	1606744	-0.207079	-0.126281	-0.066288	-0.119434
Superscaffold6	1606765	1998493	0.065757	0.026663	0.016008	0.037187
Superscaffold6	1998500	2264374	-0.072759	-0.032671	-0.020467	-0.046271
Superscaffold6	2264600	2475332	0.188000	0.117710	0.071538	0.135113
Superscaffold6	2475363	2778676	-0.036795	-0.016632	-0.010190	-0.024983
Superscaffold6	2780089	3140842	0.253543	0.078446	0.048993	0.178813
Superscaffold6	3140853	3483935	0.056079	0.019292	0.011738	0.037079
Superscaffold6	3484309	3911143	-0.241155	-0.069493	-0.043654	-0.141728
Superscaffold6	3911215	4672359	-0.102727	-0.029595	-0.020951	-0.064403
Superscaffold6	4672432	4963909	-0.218409	-0.124441	-0.070431	-0.141500
Superscaffold6	4963989	5281613	-0.175721	-0.067807	-0.042632	-0.118094
Superscaffold6	5281747	5563418	-0.186345	-0.079167	-0.048123	-0.120566
Superscaffold6	5563420	6074055	-0.106949	-0.038224	-0.022567	-0.069305
Superscaffold6	6074186	6472003	-0.106455	-0.036092	-0.021979	-0.068024
Superscaffold6	6472193	6805991	-0.083436	-0.024813	-0.016306	-0.056654
Superscaffold6	6806455	7027785	-0.398951	-0.169552	-0.113458	-0.245849
Superscaffold6	7027933	7370971	-0.219401	-0.078892	-0.051315	-0.137159
Superscaffold6	7371155	7883048	-0.078283	-0.020241	-0.013213	-0.044354
Superscaffold6	7883233	8182177	0.114566	0.047181	0.030502	0.062301
Superscaffold6	8182181	8424252	0.067887	0.025067	0.016635	0.034757
Superscaffold6	8424282	8866717	-0.029956	-0.008297	-0.005885	-0.018885
Superscaffold6	8866731	9183577	-0.382576	-0.281248	-0.124050	-0.264232
Superscaffold6	9183636	9452729	0.278465	0.156299	0.093357	0.185889
Superscaffold6	9452754	9797897	-0.109491	-0.033162	-0.020194	-0.068968
Superscaffold6	9799354	10232272	-0.163076	-0.036819	-0.024592	-0.102125
Superscaffold6	10232273	10629192	-0.096774	-0.025597	-0.016370	-0.063824
Superscaffold6	10629200	11406889	0.009828	0.003046	0.002010	0.008990
Superscaffold6	11406955	11817092	-0.160212	-0.044170	-0.026731	-0.113037
Superscaffold6	11817123	12314758	-0.044266	-0.008760	-0.005948	-0.024500
Superscaffold6	12314920	12792197	-0.128588	-0.029046	-0.017429	-0.088509
Superscaffold6	12792225	13386070	0.012430	0.003076	0.001925	0.009802
Superscaffold6	13386219	13968243	-0.099777	-0.023288	-0.014432	-0.058856
Superscaffold6	13968334	14340718	-0.016220	-0.007355	-0.003882	-0.007205
Superscaffold6	14340754	14637273	-0.183304	-0.071339	-0.037613	-0.108166
Superscaffold6	14637421	14989055	-0.028896	-0.009059	-0.005187	-0.022203
Superscaffold6	14989064	15468648	0.177680	0.036032	0.023381	0.112001
Superscaffold6	15468651	15846948	-0.249341	-0.059820	-0.035294	-0.158461
Superscaffold6	15846949	16080976	0.299230	0.134022	0.082985	0.229353
Superscaffold6	16081743	16374627	-0.108796	-0.040217	-0.023733	-0.086035
Superscaffold6	16374641	16774425	-0.148271	-0.038887	-0.022788	-0.126138
Superscaffold6	16774460	17257003	-0.209986	-0.061690	-0.033256	-0.151398
Superscaffold6	17257086	17620263	0.108199	0.029872	0.018116	0.081948
Superscaffold6	17620525	18114607	0.023457	0.005654	0.003525	0.012196
Superscaffold6	18114718	18435703	-0.027715	-0.010674	-0.006740	-0.022623
Superscaffold6	18435729	18701936	0.068484	0.022925	0.014772	0.054279
Superscaffold6	18701961	19062441	0.027561	0.010150	0.005872	0.021094
Superscaffold6	19062449	19334146	0.396541	0.144481	0.076777	0.299392
Superscaffold6	19334815	19678295	-0.059115	-0.023247	-0.012932	-0.039176
Superscaffold6	19678447	20106500	-0.414746	-0.160840	-0.082688	-0.289093
Superscaffold6	20106544	20443077	-0.278842	-0.096825	-0.060576	-0.211355
Superscaffold6	20443202	20849913	-0.111148	-0.020843	-0.014455	-0.070343
Superscaffold6	20850143	21151830	-0.150720	-0.048195	-0.029864	-0.099562
Superscaffold6	21151840	21722423	-0.050500	-0.007802	-0.004674	-0.031702
Superscaffold6	21723256	22331065	-0.032517	-0.006504	-0.004348	-0.023790
Superscaffold6	22331097	22640517	0.133475	0.032071	0.018411	0.112675
Superscaffold6	22640719	23197448	-0.227810	-0.046856	-0.029282	-0.159019
Superscaffold6	23197567	23456794	-0.338702	-0.269377	-0.123631	-0.233587
Superscaffold6	23456797	23954273	-0.449883	-0.251247	-0.119834	-0.312151
Superscaffold6	23955054	24387667	0.566071	0.282610	0.152907	0.434300
Superscaffold6	24387791	24813522	0.083215	0.034606	0.019602	0.060795
Superscaffold6	24813525	25342392	-0.340510	-0.085211	-0.050658	-0.257885
Superscaffold6	25342393	25547141	0.268532	0.174282	0.110177	0.157034
Superscaffold6	25547202	26020930	0.136236	0.025341	0.017003	0.111419
Superscaffold6	26020956	26473323	0.118306	0.020345	0.015148	0.082494
Superscaffold6	26473337	26770814	0.226962	0.063165	0.043619	0.171645
Superscaffold6	26770883	27208133	0.090201	0.019780	0.013269	0.069382
Superscaffold6	27208268	27618233	0.093681	0.020529	0.012902	0.064955
Superscaffold6	27618241	28050600	-0.034573	-0.009669	-0.005438	-0.022523
Superscaffold6	28050680	28431721	-0.263336	-0.105219	-0.056931	-0.196302
Superscaffold6	28433358	28767768	-0.084967	-0.018846	-0.012390	-0.054748
Superscaffold6	28767959	29153704	-0.222302	-0.066242	-0.040477	-0.149872
Superscaffold6	29153730	29676927	-0.259034	-0.060803	-0.037970	-0.177433
Superscaffold6	29677356	30125114	0.077845	0.019713	0.012760	0.050890
Superscaffold6	30125192	30976514	0.115345	0.034267	0.020386	0.074294
Superscaffold6	30976515	31385546	-0.080685	-0.012875	-0.009244	-0.042544
Superscaffold6	31386127	31690745	-0.075916	-0.028910	-0.018835	-0.048470
Superscaffold6	31691511	31988745	-0.206492	-0.072776	-0.045804	-0.129838
Superscaffold6	31988761	32304222	0.013690	0.003458	0.002349	0.008413
Superscaffold6	32304236	32673871	-0.433141	-0.127036	-0.083467	-0.356401
Superscaffold6	32673885	32911774	-0.128604	-0.059048	-0.034734	-0.081838
Superscaffold6	32911866	33609174	-0.026077	-0.009544	-0.004992	-0.008661
Superscaffold6	33609193	34095341	-0.229057	-0.054466	-0.033018	-0.150576
Superscaffold6	34095529	34522335	-0.146798	-0.039516	-0.024254	-0.110306
Superscaffold6	34522411	35072750	-0.045275	-0.016451	-0.009887	-0.019884
Superscaffold6	35072758	35637282	0.124512	0.039048	0.021903	0.075043
Superscaffold6	35637313	35927504	0.210141	0.075025	0.042378	0.118579
Superscaffold6	35927506	36201178	-0.097200	-0.028439	-0.017290	-0.057397
Superscaffold6	36201191	36571408	-0.005898	-0.001516	-0.000959	-0.003668
Superscaffold6	36571489	36893508	-0.149056	-0.045536	-0.026491	-0.111781
Superscaffold6	36900879	37315197	-0.043588	-0.012843	-0.007329	-0.028693
Superscaffold6	37315674	37797356	0.097989	0.026283	0.017590	0.071523
Superscaffold6	37801359	38124550	0.163976	0.081016	0.040043	0.111913
Superscaffold6	38124598	38426457	0.114787	0.054639	0.028141	0.074289
Superscaffold6	38426536	38796864	-0.132710	-0.038472	-0.022373	-0.091338
Superscaffold6	38797044	39154181	-0.256386	-0.069547	-0.042378	-0.189479
Superscaffold6	39154201	39507922	-0.120542	-0.040407	-0.025373	-0.075005
Superscaffold6	39508249	39790658	-0.016149	-0.006496	-0.003727	-0.008224
Superscaffold6	39790697	40125663	0.020796	0.006258	0.003809	0.017543
Superscaffold6	40125708	40676513	0.014244	0.003642	0.002278	0.006348
Superscaffold6	40676521	41030310	-0.136364	-0.058364	-0.034962	-0.104484
Superscaffold6	41030659	41328711	-0.058977	-0.018941	-0.012424	-0.033787
Superscaffold6	41328872	41617211	0.044931	0.014891	0.009156	0.026393
Superscaffold6	41617285	41834799	-0.433485	-0.193270	-0.100118	-0.362388
Superscaffold6	41834808	42107239	0.108337	0.058526	0.032709	0.050104
Superscaffold6	42107243	42422677	0.114228	0.060187	0.038139	0.061746
Superscaffold6	42423038	42721032	0.104244	0.060235	0.033248	0.068424
Superscaffold6	42721082	42936541	0.285837	0.154372	0.094287	0.177682
Superscaffold6	42936660	43171867	0.102547	0.037199	0.022948	0.060280
Superscaffold6	43171899	43597437	-0.150346	-0.068498	-0.042797	-0.094055
Superscaffold6	43597482	44027680	-0.119810	-0.025976	-0.017060	-0.084584
Superscaffold6	44027734	44286864	-0.245245	-0.106526	-0.055803	-0.139736
Superscaffold6	44286875	44598215	-0.427860	-0.188823	-0.098742	-0.313200
Superscaffold6	44598329	44966417	0.028959	0.009277	0.005792	0.014658
Superscaffold6	44967208	45421122	-0.133041	-0.030085	-0.019757	-0.092663
Superscaffold6	45421124	45707883	0.136705	0.065666	0.039935	0.084289
Superscaffold6	45707934	45944807	-0.030307	-0.014612	-0.009074	-0.018261
Superscaffold6	45944814	46217118	-0.124299	-0.140350	-0.069762	-0.068188
Superscaffold6	46217127	46381138	0.094722	0.081229	0.050977	0.055697
Superscaffold6	46381173	46546947	-0.039251	-0.033559	-0.018365	-0.019044
Superscaffold6	46546950	46996422	-0.001381	-0.000463	-0.000307	0.001082
Superscaffold6	46996443	47414978	-0.322581	-0.134927	-0.081240	-0.229442
Superscaffold6	47415000	47960925	0.073150	0.019590	0.013085	0.051500
Superscaffold6	47960926	48684950	-0.163185	-0.074323	-0.034562	-0.101111
Superscaffold6	48684951	48983700	0.068579	0.021232	0.014911	0.044361
Superscaffold6	48983729	49218244	-0.335725	-0.243598	-0.114852	-0.227737
Superscaffold6	49218247	49454665	0.035566	0.021594	0.011472	0.018841
Superscaffold6	49454687	49644852	0.110218	0.048464	0.028683	0.071040
Superscaffold6	49644906	50050563	-0.091091	-0.027162	-0.015083	-0.057024
Superscaffold6	50050572	50320011	0.061336	0.030855	0.017866	0.036185
Superscaffold6	50320081	50642013	-0.187070	-0.076765	-0.045424	-0.131102
Superscaffold6	50642081	50967767	0.268851	0.107349	0.066806	0.185604
Superscaffold6	50968033	51276083	0.059135	0.030902	0.018211	0.036984
Superscaffold6	51276141	51896405	-0.008887	-0.004045	-0.002325	-0.010969
Superscaffold6	51896533	52233840	-0.009578	-0.003896	-0.002539	-0.000608
Superscaffold6	52233847	52496936	-0.217539	-0.162589	-0.097735	-0.140418
Superscaffold6	52496977	52791223	-0.097138	-0.076928	-0.042457	-0.049996
Superscaffold6	52791259	52978435	0.091598	0.058127	0.035504	0.054769
Superscaffold6	52978629	53291096	-0.147650	-0.074443	-0.043783	-0.094920
Superscaffold7	62282	342776	0.022446	0.016417	0.009781	0.011150
Superscaffold7	342808	543220	-0.154535	-0.141545	-0.070513	-0.078791
Superscaffold7	543234	734691	-0.137076	-0.148548	-0.070498	-0.058635
Superscaffold7	735014	1061942	-0.204484	-0.229514	-0.123560	-0.120533
Superscaffold7	1061951	1184632	-0.179126	-0.211040	-0.109408	-0.104510
Superscaffold7	1184964	1340090	0.202352	0.199137	0.105521	0.123492
Superscaffold7	1340131	1509546	0.041771	0.051171	0.024041	0.022925
Superscaffold7	1509549	1668206	0.071486	0.074870	0.044031	0.040208
Superscaffold7	1669622	1840223	-0.098290	-0.100005	-0.056086	-0.056026
Superscaffold7	1840638	2113579	-0.088011	-0.114069	-0.041837	-0.043950
Superscaffold7	2113874	2375750	0.042757	0.044436	0.025889	0.024261
Superscaffold7	2375840	2859886	0.000424	0.000330	0.000194	0.001738
Superscaffold7	2859924	3102552	0.018923	0.011927	0.007130	0.012097
Superscaffold7	3102566	3374457	-0.086838	-0.039159	-0.022562	-0.043339
Superscaffold7	3374519	3691512	0.025225	0.021511	0.010471	0.015472
Superscaffold7	3691516	3887313	0.082752	0.080598	0.044863	0.042762
Superscaffold7	3887368	4293703	-0.074542	-0.057761	-0.032894	-0.038902
Superscaffold7	4293845	4444927	-0.040198	-0.063376	-0.030749	-0.017937
Superscaffold7	4444930	4642064	-0.069593	-0.062425	-0.030225	-0.035597
Superscaffold7	4642090	4843669	0.081224	0.056463	0.038521	0.042910
Superscaffold7	4843670	5068658	-0.013474	-0.011159	-0.007063	-0.006090
Superscaffold7	5068773	5240597	-0.021641	-0.026458	-0.014303	-0.013529
Superscaffold7	5240664	5363032	-0.031510	-0.050396	-0.026229	-0.012507
Superscaffold7	5363050	5544077	-0.061247	-0.103572	-0.041092	-0.031118
Superscaffold7	5544097	5673945	0.147871	0.154964	0.084247	0.086343
Superscaffold7	5674009	5811421	-0.036574	-0.039567	-0.021688	-0.020534
Superscaffold7	5811448	6009992	0.036768	0.031421	0.019951	0.023979
Superscaffold7	6009994	6120328	0.170280	0.175653	0.112793	0.106069
Superscaffold7	6120392	6288065	-0.036136	-0.040370	-0.022964	-0.016895
Superscaffold7	6288120	6737468	0.044689	0.038750	0.022023	0.026765
Superscaffold7	6737539	7212724	0.048016	0.040464	0.023947	0.028875
Superscaffold7	7212746	7429274	-0.169711	-0.142044	-0.078862	-0.101167
Superscaffold7	7429482	7633108	-0.208653	-0.235675	-0.119884	-0.111659
Superscaffold7	7633278	7822541	0.120147	0.118197	0.061824	0.066887
Superscaffold7	7822553	7986660	-0.067034	-0.067120	-0.037131	-0.036183
Superscaffold7	7986673	8210950	0.257180	0.230830	0.130947	0.169565
Superscaffold7	8211030	8356205	0.363856	0.390077	0.228154	0.271730
Superscaffold7	8356230	8610874	-0.130589	-0.086018	-0.050697	-0.079343
Superscaffold7	8611224	9153158	0.027294	0.008389	0.005663	0.014313
Superscaffold7	9153181	9555397	-0.051405	-0.037053	-0.018345	-0.024352
Superscaffold7	9556538	10156981	0.081552	0.015617	0.011673	0.043943
Superscaffold7	10156985	10407405	0.173312	0.066148	0.045020	0.116259
Superscaffold7	10407441	10619188	-0.004137	-0.001961	-0.001166	0.000416
Superscaffold7	10619255	10871056	-0.054674	-0.057346	-0.027958	-0.024634
Superscaffold7	10871071	11141173	0.059813	0.032236	0.018052	0.039443
Superscaffold7	11141376	11455066	-0.153587	-0.051044	-0.033375	-0.086311
Superscaffold7	11455069	11728218	-0.157201	-0.058728	-0.033534	-0.108014
Superscaffold7	11728302	11893761	-0.291182	-0.215609	-0.122399	-0.203916
Superscaffold7	11893771	12119837	-0.020243	-0.016819	-0.007254	-0.014228
Superscaffold7	12120271	12499538	0.099734	0.029153	0.019171	0.065239
Superscaffold7	12500775	12785842	-0.255357	-0.120969	-0.069661	-0.161235
Superscaffold7	12785847	13114564	0.103421	0.029769	0.018960	0.061022
Superscaffold7	13114597	13626028	-0.119373	-0.058505	-0.034836	-0.080986
Superscaffold7	13626431	14266244	0.055016	0.015663	0.010548	0.032566
Superscaffold7	14266473	14544756	0.023233	0.010763	0.006270	0.013888
Superscaffold7	14544928	14858924	-0.019603	-0.007199	-0.004114	-0.013947
Superscaffold7	14859050	15365299	-0.480243	-0.160344	-0.097499	-0.350814
Superscaffold7	15365415	15865402	-0.070653	-0.035100	-0.015641	-0.052245
Superscaffold7	15872875	16211226	-0.063573	-0.033565	-0.018447	-0.036499
Superscaffold7	16211276	16628161	0.316477	0.085289	0.062386	0.197317
Superscaffold7	16628314	17105966	-0.223045	-0.065319	-0.042310	-0.141627
Superscaffold7	17106088	17469607	-0.173033	-0.036531	-0.024390	-0.146246
Superscaffold7	17469993	18005393	0.059256	0.007169	0.005287	0.043404
Superscaffold7	18005587	18730458	-0.261717	-0.037079	-0.023150	-0.183632
Superscaffold7	18730547	19262029	0.003013	0.000357	0.000252	0.003109
Superscaffold7	19262265	19765437	-0.216599	-0.022739	-0.017475	-0.152270
Superscaffold7	19767297	20180860	0.284589	0.052013	0.038112	0.221504
Superscaffold7	20180968	20614337	0.143146	0.023221	0.016447	0.115386
Superscaffold7	20614344	21090878	0.190079	0.043425	0.026867	0.135265
Superscaffold7	21090929	21439939	-0.068562	-0.014041	-0.008477	-0.043712
Superscaffold7	21439983	21640022	-0.244120	-0.103413	-0.056044	-0.168736
Superscaffold7	21640117	22129587	-0.217542	-0.061475	-0.036648	-0.158887
Superscaffold7	22129600	22626643	-0.376717	-0.141856	-0.073299	-0.280432
Superscaffold7	22626707	22915791	0.279202	0.100109	0.060371	0.210696
Superscaffold7	22915792	23164303	0.130419	0.045550	0.027933	0.066444
Superscaffold7	23164305	23562945	-0.082930	-0.019491	-0.010707	-0.048428
Superscaffold7	23563000	23924470	-0.097455	-0.025659	-0.017498	-0.057627
Superscaffold7	23924495	24218886	-0.300620	-0.135202	-0.077296	-0.183239
Superscaffold7	24219419	24412813	-0.060017	-0.035065	-0.019743	-0.033327
Superscaffold7	24412841	24661668	-0.210286	-0.083642	-0.045598	-0.140341
Superscaffold7	24661677	24808189	0.247364	0.114523	0.066700	0.140655
Superscaffold7	24808206	24988653	-0.120354	-0.160005	-0.077070	-0.066252
Superscaffold7	24988702	25258490	-0.099451	-0.122619	-0.052766	-0.047482
Superscaffold7	25258513	25493031	0.075662	0.043950	0.022473	0.040775
Superscaffold7	25493055	25699546	-0.390329	-0.310355	-0.160534	-0.268558
Superscaffold7	25699772	25995209	-0.208698	-0.066939	-0.040056	-0.130887
Superscaffold7	25995310	26599116	-0.308323	-0.152901	-0.084748	-0.215911
Superscaffold7	26599159	26881554	-0.039289	-0.017685	-0.008530	-0.025475
Superscaffold7	26881610	27166344	0.018706	0.007133	0.004124	0.011538
Superscaffold7	27166451	27369059	-0.119041	-0.070575	-0.039853	-0.076069
Superscaffold7	27369088	27601262	-0.211495	-0.100115	-0.060233	-0.127534
Superscaffold7	27601328	27919422	-0.040484	-0.017704	-0.009233	-0.022355
Superscaffold7	27919479	28158087	-0.105657	-0.052205	-0.027594	-0.069910
Superscaffold7	28158186	28369107	0.041426	0.016724	0.009769	0.025713
Superscaffold7	28369170	28695286	-0.043216	-0.011525	-0.007492	-0.031709
Superscaffold7	28695300	29015956	-0.074385	-0.030486	-0.018126	-0.050985
Superscaffold7	29016135	29326046	-0.343442	-0.137739	-0.073312	-0.198374
Superscaffold7	29326094	29609538	-0.476229	-0.424644	-0.172402	-0.298633
Superscaffold7	29609543	29812580	-0.402655	-0.243261	-0.131743	-0.249367
Superscaffold7	29812581	30004710	-0.426641	-0.347705	-0.162180	-0.273019
Superscaffold7	30004792	30264335	-0.334911	-0.137651	-0.083531	-0.217086
Superscaffold7	30264480	30565501	-0.108525	-0.056872	-0.035418	-0.065140
Superscaffold7	30565827	30875624	-0.115051	-0.048879	-0.026328	-0.076301
Superscaffold7	30875676	31241097	-0.275716	-0.088939	-0.053854	-0.191029
Superscaffold7	31241302	31842431	0.152692	0.057821	0.032803	0.069628
Superscaffold7	31842833	32103043	-0.154603	-0.062365	-0.033782	-0.090530
Superscaffold7	32103579	32508058	-0.199697	-0.053012	-0.028473	-0.121607
Superscaffold7	32508983	32890756	-0.075052	-0.020930	-0.013233	-0.048174
Superscaffold7	32891028	33185747	0.087853	0.032375	0.018272	0.061432
Superscaffold7	33188719	33442618	0.067891	0.033046	0.018064	0.036942
Superscaffold7	33443066	33708765	0.011701	0.007709	0.004754	0.009316
Superscaffold7	33708938	33962603	-0.015125	-0.008398	-0.005120	-0.008981
Superscaffold7	33962610	34410712	-0.084010	-0.022035	-0.014163	-0.041766
Superscaffold7	34410906	34606384	-0.094759	-0.064540	-0.040065	-0.057508
Superscaffold7	34606467	34791824	-0.024153	-0.016687	-0.009096	-0.013109
Superscaffold7	34791948	35090049	0.072195	0.031460	0.020354	0.046009
Superscaffold7	35090233	35553907	-0.317070	-0.203795	-0.115814	-0.210688
Superscaffold7	35553917	35861531	-0.206303	-0.072981	-0.044699	-0.154106
Superscaffold7	35861708	36123324	0.088983	0.025925	0.016118	0.063214
Superscaffold7	36123347	36440267	0.112955	0.039953	0.026940	0.079198
Superscaffold7	36440288	36874644	-0.064285	-0.013481	-0.009093	-0.040824
Superscaffold7	36874738	37253551	-0.316761	-0.130842	-0.082695	-0.218214
Superscaffold7	37253555	37551755	0.091884	0.030518	0.018011	0.051915
Superscaffold7	37551787	37846775	-0.374092	-0.141846	-0.081723	-0.288038
Superscaffold7	37846798	38267753	-0.052883	-0.020028	-0.011611	-0.036225
Superscaffold7	38268070	38651800	-0.102659	-0.031378	-0.020450	-0.072768
Superscaffold7	38652112	38964971	0.093687	0.031827	0.021009	0.059098
Superscaffold7	38964995	39195384	-0.082015	-0.049030	-0.029713	-0.038919
Superscaffold7	39195643	39447323	-0.248104	-0.124271	-0.072550	-0.176532
Superscaffold7	39447362	39748906	-0.195208	-0.052659	-0.033942	-0.118470
Superscaffold7	39748907	40333453	-0.153204	-0.050073	-0.030996	-0.081971
Superscaffold7	40333658	40739257	-0.221462	-0.054915	-0.033854	-0.158377
Superscaffold7	40739262	41396805	0.000930	0.000308	0.000171	0.003848
Superscaffold7	41396870	41686201	-0.067183	-0.034168	-0.021415	-0.036123
Superscaffold7	41686230	41953378	-0.252977	-0.132872	-0.075287	-0.153427
Superscaffold7	41953387	42227543	-0.028292	-0.008589	-0.006052	-0.015304
Superscaffold7	42227604	42418654	0.166844	0.095976	0.060487	0.091911
Superscaffold7	42418720	42736462	-0.182014	-0.066138	-0.044812	-0.094206
Superscaffold7	42736489	43180340	-0.378538	-0.243642	-0.122188	-0.238971
Superscaffold7	43180525	43503434	0.143471	0.068788	0.042791	0.090211
Superscaffold7	43504599	43840548	-0.107427	-0.054225	-0.031727	-0.055396
Superscaffold7	43840625	44095431	-0.201096	-0.082513	-0.058068	-0.130083
Superscaffold7	44095486	44297364	-0.067734	-0.035571	-0.025145	-0.040034
Superscaffold7	44297396	44534169	-0.309450	-0.120404	-0.084269	-0.180561
Superscaffold7	44534208	44885875	-0.096645	-0.032956	-0.023965	-0.049239
Superscaffold7	44885959	45050134	-0.055618	-0.055876	-0.028994	-0.027549
Superscaffold7	45050238	45269352	-0.011364	-0.010184	-0.005337	-0.003720
Superscaffold7	45269356	45532576	0.127502	0.075406	0.053284	0.081398
Superscaffold7	45532958	45749757	0.111616	0.074868	0.045196	0.055627
Superscaffold7	45749759	46005084	0.002233	0.001146	0.000740	0.003149
Superscaffold7	46005099	46297828	-0.064244	-0.023784	-0.017349	-0.044218
Superscaffold7	46298910	46556081	-0.274705	-0.089792	-0.061826	-0.155252
Superscaffold7	46556091	47010738	-0.029140	-0.020909	-0.012369	-0.016049
Superscaffold7	47010761	47918293	-0.085871	-0.029522	-0.019087	-0.046541
Superscaffold7	47918305	48168135	-0.107055	-0.051382	-0.030738	-0.068411
Superscaffold7	48168140	48315767	0.025383	0.016801	0.009326	0.014634
Superscaffold7	48315777	48598824	-0.420718	-0.218664	-0.117210	-0.299793
Superscaffold7	48598888	48958125	-0.086003	-0.028756	-0.015659	-0.058924
Superscaffold7	48958246	49331883	-0.093990	-0.024109	-0.015515	-0.061338
Superscaffold7	49331962	49674941	0.075424	0.022805	0.015887	0.042211
Superscaffold8	379158	753431	-0.683585	-0.652729	-0.263634	-0.464000
Superscaffold8	753503	950847	0.029568	0.015204	0.009363	0.023349
Superscaffold8	950849	1177038	-0.276133	-0.294300	-0.132104	-0.169566
Superscaffold8	1177132	1429396	-0.609831	-0.561997	-0.256189	-0.441371
Superscaffold8	1429399	1819052	-0.499542	-0.629592	-0.262025	-0.367507
Superscaffold8	1819060	2088829	-0.266773	-0.333287	-0.147448	-0.141061
Superscaffold8	2088836	2271956	-0.254287	-0.291971	-0.144586	-0.146550
Superscaffold8	2271959	2449765	-0.049005	-0.035896	-0.024460	-0.027505
Superscaffold8	2449779	2642215	-0.235681	-0.282734	-0.127450	-0.134446
Superscaffold8	2642225	3183765	-0.065689	-0.058722	-0.026978	-0.034751
Superscaffold8	3183810	3451252	-0.062266	-0.063314	-0.035071	-0.036055
Superscaffold8	3451259	3743907	-0.021434	-0.016620	-0.008364	-0.002346
Superscaffold8	3743912	3994091	-0.081062	-0.028140	-0.019517	-0.039513
Superscaffold8	3994403	4239757	-0.280451	-0.165017	-0.091401	-0.157148
Superscaffold8	4239917	4666320	-0.052833	-0.020516	-0.011822	-0.027218
Superscaffold8	4667149	4903643	0.045605	0.031382	0.018380	0.021229
Superscaffold8	4903662	5257154	0.134208	0.090043	0.056399	0.070536
Superscaffold8	5257192	5486549	-0.136142	-0.115956	-0.067895	-0.073324
Superscaffold8	5486704	5916638	0.006082	0.003013	0.002008	0.002556
Superscaffold8	5916693	6133512	0.370711	0.303965	0.194467	0.216310
Superscaffold8	6133526	6585608	0.070259	0.048711	0.032626	0.048071
Superscaffold8	6585660	6788662	-0.124613	-0.131276	-0.072330	-0.064506
Superscaffold8	6788676	7080262	0.005795	0.002785	0.001862	0.000086
Superscaffold8	7080517	7201882	-0.064753	-0.081903	-0.039597	-0.032758
Superscaffold8	7201967	7579488	0.021225	0.010884	0.006648	0.012470
Superscaffold8	7579489	7936153	-0.029895	-0.011329	-0.006597	-0.018843
Superscaffold8	7936189	8643726	0.128014	0.055296	0.033759	0.081157
Superscaffold8	8643841	9003791	0.041052	0.013444	0.008369	0.020443
Superscaffold8	9003928	9249210	-0.307363	-0.180908	-0.092580	-0.178497
Superscaffold8	9249225	9534444	-0.290937	-0.178789	-0.091450	-0.190050
Superscaffold8	9534733	10106258	0.068644	0.039352	0.023066	0.031830
Superscaffold8	10106517	10462859	0.113485	0.030725	0.018032	0.073923
Superscaffold8	10462860	10731746	-0.225093	-0.099234	-0.059059	-0.140174
Superscaffold8	10731796	10946608	0.003185	0.002119	0.001211	0.001543
Superscaffold8	10946652	11130030	0.020796	0.020850	0.010751	0.010845
Superscaffold8	11130119	11278000	-0.068502	-0.094008	-0.041114	-0.036221
Superscaffold8	11278044	11459479	-0.434009	-0.536186	-0.203916	-0.277649
Superscaffold8	11459488	11690725	-0.008892	-0.008201	-0.004509	-0.003502
Superscaffold8	11690732	11902535	-0.073222	-0.024622	-0.016672	-0.024744
Superscaffold8	11902594	12205714	-0.019155	-0.014039	-0.008774	-0.008049
Superscaffold8	12206048	12334358	0.036331	0.036168	0.020003	0.016560
Superscaffold8	12334413	12583942	-0.116152	-0.101944	-0.057104	-0.063966
Superscaffold8	12583983	12772460	-0.084907	-0.074155	-0.043853	-0.044966
Superscaffold8	12772491	12982522	0.046120	0.034219	0.017357	0.028494
Superscaffold8	12982593	13326009	-0.070706	-0.049409	-0.027775	-0.042507
Superscaffold8	13326076	13633912	0.026437	0.012997	0.006763	0.018319
Superscaffold8	13633929	13866804	0.079072	0.026115	0.017625	0.048590
Superscaffold8	13866807	14147136	-0.323801	-0.128156	-0.081094	-0.242587
Superscaffold8	14147200	14420955	0.392444	0.153651	0.114123	0.311699
Superscaffold8	14420957	14895382	0.132484	0.071963	0.034496	0.073212
Superscaffold8	14895383	15164970	0.409581	0.208898	0.138917	0.311665
Superscaffold8	15164982	15376549	0.224035	0.118818	0.060521	0.175344
Superscaffold8	15376644	15619222	-0.051959	-0.041261	-0.019917	-0.031968
Superscaffold8	15619366	15823795	-0.157923	-0.134457	-0.072425	-0.081814
Superscaffold8	15823842	16283471	0.151711	0.068190	0.047530	0.093715
Superscaffold8	16283477	16636628	-0.061546	-0.016038	-0.009424	-0.035593
Superscaffold8	16637579	16838870	-0.266800	-0.160412	-0.084122	-0.174430
Superscaffold8	16838907	17075153	0.146871	0.052200	0.035051	0.115169
Superscaffold8	17075233	17160206	-0.082119	-0.058375	-0.025141	-0.065905
Superscaffold8	17160210	17415043	0.038985	0.036329	0.017007	0.019085
Superscaffold8	17415117	17752783	0.053169	0.050138	0.023522	0.037730
Superscaffold8	17752806	17949821	0.017988	0.020664	0.010765	0.011853
Superscaffold8	17949881	18116083	-0.257281	-0.143408	-0.083959	-0.118528
Superscaffold8	18116088	18385964	0.201122	0.067515	0.046284	0.115420
Superscaffold8	18386159	18688153	0.151975	0.068021	0.038873	0.091905
Superscaffold8	18688286	18983279	-0.287332	-0.111248	-0.061329	-0.188179
Superscaffold8	18983427	19222163	-0.078455	-0.033509	-0.020466	-0.055278
Superscaffold8	19222198	19497517	-0.004392	-0.002636	-0.001527	-0.001040
Superscaffold8	19497531	19805633	0.046846	0.021381	0.012679	0.029888
Superscaffold8	19805638	20010881	0.236098	0.130493	0.076232	0.144544
Superscaffold8	20010910	20279712	0.229072	0.090514	0.054647	0.173535
Superscaffold8	20279735	20609366	0.238405	0.105700	0.065063	0.141708
Superscaffold8	20609371	20822374	0.261340	0.084833	0.055390	0.157851
Superscaffold8	20822466	21230610	-0.139633	-0.038373	-0.022524	-0.106200
Superscaffold8	21230862	21571085	0.012269	0.002786	0.001802	0.009626
Superscaffold8	21571188	21845066	-0.431662	-0.108644	-0.067544	-0.352159
Superscaffold8	21845182	22179180	0.278264	0.053116	0.034419	0.220775
Superscaffold8	22179203	22596221	-0.355505	-0.071569	-0.043316	-0.262178
Superscaffold8	22596242	22912522	0.000441	0.000097	0.000062	0.000294
Superscaffold8	22912864	23532785	0.064435	0.009597	0.005916	0.057572
Superscaffold8	23532991	23991987	0.170792	0.028569	0.018464	0.132893
Superscaffold8	23992040	24752093	-0.082803	-0.013688	-0.009245	-0.041693
Superscaffold8	24752118	24951193	-0.200725	-0.089290	-0.050461	-0.116572
Superscaffold8	24951220	25614773	0.028093	0.005493	0.003378	0.023286
Superscaffold8	25615083	26039544	-0.436248	-0.184710	-0.103299	-0.361062
Superscaffold8	26039545	26301720	-0.172484	-0.068818	-0.040604	-0.117046
Superscaffold8	26301829	26719914	-0.180295	-0.043471	-0.027642	-0.112390
Superscaffold8	26719972	27243847	0.409808	0.091949	0.065948	0.336156
Superscaffold8	27243897	27546778	0.053497	0.019290	0.011381	0.035596
Superscaffold8	27546826	27893848	-0.136237	-0.037513	-0.022921	-0.086309
Superscaffold8	27893867	28291694	0.315020	0.061954	0.045098	0.242888
Superscaffold8	28291716	29017182	-0.133993	-0.030474	-0.017986	-0.091463
Superscaffold8	29017194	29338793	-0.551451	-0.191343	-0.108086	-0.378157
Superscaffold8	29338830	29821039	-0.110695	-0.020144	-0.013485	-0.049407
Superscaffold8	29821109	30099407	0.160010	0.046876	0.033065	0.114243
Superscaffold8	30099438	30355608	-0.263064	-0.108618	-0.071277	-0.173964
Superscaffold8	30355654	30644898	-0.570805	-0.229085	-0.136648	-0.476741
Superscaffold8	30644901	30893114	-0.201749	-0.065569	-0.037039	-0.136760
Superscaffold8	30893263	31350509	-0.053014	-0.009772	-0.006244	-0.029348
Superscaffold8	31350526	31692579	-0.009275	-0.002364	-0.001410	-0.002964
Superscaffold8	31692618	32146752	0.130233	0.034827	0.023657	0.061134
Superscaffold8	32146852	32379968	-0.020313	-0.010313	-0.006685	-0.016291
Superscaffold8	32379984	32694959	0.037815	0.024663	0.013817	0.025542
Superscaffold8	32694972	33063040	-0.568627	-0.822502	-0.345089	-0.425145
Superscaffold8	33063086	33418095	-0.525139	-0.994103	-0.320089	-0.331349
Superscaffold8	33418096	33641640	-0.115844	-0.067100	-0.043316	-0.062931
Superscaffold8	33641644	33803238	-0.365393	-0.188655	-0.122476	-0.241223
Superscaffold8	33803270	34103759	0.075222	0.023211	0.014510	0.058777
Superscaffold8	34103788	34274486	0.361160	0.250675	0.168442	0.238795
Superscaffold8	34274630	34528968	0.159604	0.044539	0.029936	0.089481
Superscaffold8	34529010	34723633	0.087680	0.044344	0.024888	0.062137
Superscaffold8	34723735	35154346	-0.147998	-0.038178	-0.023612	-0.104184
Superscaffold8	35154360	35491811	0.241063	0.087795	0.055148	0.180846
Superscaffold8	35491838	35915424	-0.060138	-0.022217	-0.012461	-0.037259
Superscaffold8	35915490	36379858	0.078426	0.028643	0.017929	0.043861
Superscaffold8	36380001	36725769	-0.361855	-0.131940	-0.087103	-0.268705
Superscaffold8	36725781	37001000	-0.013122	-0.006525	-0.004140	-0.007512
Superscaffold8	37001160	37676558	0.070122	0.018414	0.013332	0.047278
Superscaffold8	37676612	37946702	-0.201918	-0.085769	-0.054526	-0.114978
Superscaffold8	37947840	38218679	-0.094674	-0.043385	-0.030557	-0.060394
Superscaffold8	38218823	38518278	0.236561	0.092537	0.070132	0.195247
Superscaffold8	38518317	38959068	-0.063592	-0.019833	-0.012765	-0.039664
Superscaffold8	38959073	39175455	-0.057178	-0.033098	-0.019578	-0.031359
Superscaffold8	39175551	39658350	-0.065738	-0.032212	-0.017604	-0.037950
Superscaffold8	39658414	40075049	-0.035054	-0.013636	-0.008897	-0.020905
Superscaffold8	40075812	40428192	-0.015122	-0.004079	-0.002718	-0.007780
Superscaffold8	40428232	40633605	-0.251059	-0.153880	-0.086038	-0.167899
Superscaffold8	40633607	40947262	0.173518	0.084657	0.044858	0.104701
Superscaffold8	40947278	41202467	-0.057249	-0.073157	-0.033448	-0.030064
Superscaffold8	41202564	41476123	0.373285	0.181961	0.111396	0.226898
Superscaffold8	41476139	41652620	0.071467	0.037513	0.024505	0.044930
Superscaffold8	41652694	42128469	0.245028	0.175072	0.098782	0.156258
Superscaffold8	42128477	42890637	0.104705	0.046079	0.025470	0.066755
Superscaffold8	42890644	43226064	-0.199509	-0.152792	-0.078721	-0.126480
Superscaffold8	43226101	43628565	-0.368777	-0.163569	-0.093269	-0.211822
Superscaffold8	43628601	43881560	0.058663	0.021826	0.014983	0.038514
Superscaffold8	43881596	44146675	-0.196317	-0.142189	-0.078178	-0.140341
Superscaffold8	44146682	44732640	-0.200040	-0.096250	-0.050996	-0.108866
Superscaffold8	44732665	45243632	-0.437336	-0.249018	-0.126602	-0.255917
Superscaffold8	45246168	45753736	-0.048927	-0.011043	-0.006972	-0.036851
Superscaffold8	45753757	46209305	0.025662	0.005458	0.003455	0.014542
Superscaffold8	46209345	46592048	0.195086	0.049438	0.034134	0.147005
Superscaffold8	46592103	47228517	-0.035548	-0.010510	-0.006120	-0.016287
Superscaffold8	47228535	47909814	-0.130224	-0.027664	-0.018074	-0.078268
Superscaffold8	47910134	48269068	-0.324299	-0.136669	-0.070657	-0.238867
Superscaffold8	48269140	48784241	-0.364075	-0.121915	-0.074322	-0.255133
Superscaffold8	48784244	49071584	-0.077449	-0.022334	-0.014263	-0.053664
Superscaffold8	49071719	49417745	-0.078773	-0.029229	-0.016915	-0.056706
Superscaffold8	49417961	49708800	-0.602447	-0.250948	-0.155127	-0.500799
Superscaffold8	49708981	50305987	-0.121377	-0.036310	-0.021191	-0.079481
Superscaffold8	50306261	50729724	-0.139631	-0.055465	-0.031901	-0.089213
Superscaffold8	50729746	51191320	-0.228128	-0.069096	-0.041298	-0.142171
Superscaffold8	51191809	51548580	-0.121147	-0.032252	-0.020008	-0.080179
Superscaffold8	51548605	51806094	-0.448691	-0.140533	-0.083766	-0.307492
Superscaffold8	51806145	52098455	-0.221272	-0.053826	-0.033552	-0.130539
Superscaffold8	52098608	52406489	-0.268459	-0.138861	-0.074890	-0.189044
Superscaffold8	52406503	52853501	-0.102244	-0.034692	-0.021361	-0.059629
Superscaffold8	52853531	53293155	0.054113	0.020577	0.013247	0.032578
Superscaffold8	53293299	53604126	0.048774	0.018714	0.012958	0.030626
Superscaffold8	53604204	53985725	-0.084407	-0.035855	-0.019706	-0.055745
Superscaffold8	53985729	54427336	0.036621	0.016017	0.007204	0.024742
Superscaffold8	54427490	54787538	-0.121791	-0.037963	-0.024660	-0.059390
Superscaffold8	54787565	55109729	0.119334	0.041965	0.025148	0.071413
Superscaffold8	55109730	55577284	-0.352665	-0.121541	-0.071587	-0.241745
Superscaffold8	55577441	55971312	-0.065575	-0.017071	-0.010696	-0.037972
Superscaffold8	55971404	56391034	-0.036822	-0.012743	-0.007524	-0.022259
Superscaffold8	56391035	57235469	-0.008395	-0.002133	-0.001326	-0.002358
Superscaffold8	57235539	57605997	-0.003026	-0.000755	-0.000481	-0.003439
Superscaffold8	57606052	58148654	-0.134603	-0.047548	-0.029048	-0.092445
Superscaffold8	58148667	58627937	0.050722	0.030261	0.017330	0.030974
Superscaffold8	58627955	59094942	0.108128	0.026564	0.018461	0.071632
Superscaffold8	59095276	59450111	0.102308	0.037675	0.021998	0.071635
Superscaffold8	59450213	59693951	0.194294	0.125783	0.062416	0.107540
Superscaffold8	59693968	60027360	-0.173456	-0.081706	-0.041216	-0.120537
Superscaffold8	60027370	60440655	-0.025584	-0.007440	-0.004706	-0.010843
Superscaffold8	60440985	60678007	-0.114656	-0.081797	-0.044202	-0.059261
Superscaffold8	60678055	60941086	-0.167795	-0.081388	-0.048529	-0.099275
Superscaffold8	60941167	61320612	-0.063364	-0.021527	-0.012978	-0.026635
Superscaffold8	61320805	61672221	0.122001	0.046500	0.031374	0.068052
Superscaffold8	61672234	62092942	0.106918	0.044495	0.026388	0.065401
Superscaffold8	62092948	62284867	-0.134437	-0.086780	-0.045496	-0.065983
Superscaffold8	62285014	62637322	-0.022884	-0.007390	-0.004638	-0.018904
Superscaffold8	62637341	62892291	-0.053795	-0.028096	-0.015053	-0.028588
Superscaffold8	62892313	63150532	-0.161195	-0.079180	-0.045450	-0.110418
Superscaffold8	63150594	63589489	-0.216025	-0.088240	-0.053810	-0.154012
Superscaffold8	63589535	63968127	-0.124115	-0.037614	-0.024251	-0.075826
Superscaffold8	63968141	64390761	-0.097350	-0.025304	-0.015945	-0.067900
Superscaffold8	64391256	65047721	-0.168896	-0.060917	-0.034480	-0.085270
Superscaffold8	65047790	65463793	-0.337255	-0.107656	-0.064478	-0.259576
Superscaffold8	65463824	66011407	-0.202929	-0.060204	-0.037920	-0.137775
Superscaffold8	66011881	66732967	-0.117258	-0.029071	-0.019357	-0.082873
Superscaffold9	307429	456743	-0.099618	-0.059217	-0.041655	-0.051883
Superscaffold9	456752	880096	-0.051747	-0.041329	-0.021669	-0.022837
Superscaffold9	880099	1125552	0.030162	0.033724	0.018103	0.016940
Superscaffold9	1125565	1254429	-0.053839	-0.087192	-0.042983	-0.029095
Superscaffold9	1254495	1440566	-0.098715	-0.119353	-0.062567	-0.071975
Superscaffold9	1440585	1588742	-0.182180	-0.290255	-0.144896	-0.103811
Superscaffold9	1588748	2021674	0.148743	0.118398	0.073629	0.085860
Superscaffold9	2021676	2141305	0.036205	0.043544	0.023057	0.021270
Superscaffold9	2141308	2321780	-0.035091	-0.038480	-0.021892	-0.020083
Superscaffold9	2321781	2487142	-0.040252	-0.063665	-0.032429	-0.018374
Superscaffold9	2487168	2732585	0.044300	0.047298	0.024318	0.033671
Superscaffold9	2732654	3103409	-0.022552	-0.022872	-0.011286	-0.005302
Superscaffold9	3103483	3276301	-0.079014	-0.112069	-0.051869	-0.038088
Superscaffold9	3276303	3511903	0.115282	0.110700	0.068490	0.069273
Superscaffold9	3511960	4226459	-0.027982	-0.018822	-0.010791	-0.016027
Superscaffold9	4226483	4474484	-0.183617	-0.129519	-0.083225	-0.125256
Superscaffold9	4474565	4757882	-0.036557	-0.029279	-0.015320	-0.018630
Superscaffold9	4757897	4930604	0.098198	0.070306	0.038770	0.054218
Superscaffold9	4930607	5088022	0.084532	0.059469	0.036860	0.048393
Superscaffold9	5088087	5286952	-0.002386	-0.002013	-0.000876	-0.004108
Superscaffold9	5286984	5529136	-0.085268	-0.045924	-0.027543	-0.046152
Superscaffold9	5529267	5758238	-0.098806	-0.044150	-0.029973	-0.051047
Superscaffold9	5758275	6070979	0.146117	0.060365	0.038642	0.079808
Superscaffold9	6071098	6381112	0.095538	0.070557	0.043990	0.053919
Superscaffold9	6381128	6656990	0.009333	0.003897	0.002477	0.009905
Superscaffold9	6657060	7057105	-0.142345	-0.034591	-0.023704	-0.093098
Superscaffold9	7057187	7460153	-0.286222	-0.082129	-0.052319	-0.207294
Superscaffold9	7460177	7823814	-0.178079	-0.059853	-0.036216	-0.106802
Superscaffold9	7823843	8075511	0.015492	0.010398	0.005909	0.010670
Superscaffold9	8075609	8326558	-0.286141	-0.112865	-0.068794	-0.194684
Superscaffold9	8326595	8531728	-0.041471	-0.023121	-0.014659	-0.028892
Superscaffold9	8531757	8805608	-0.082145	-0.104306	-0.049757	-0.042731
Superscaffold9	8805616	9037840	0.103833	0.115550	0.057011	0.056771
Superscaffold9	9037861	9303184	-0.032107	-0.026334	-0.016958	-0.021370
Superscaffold9	9303208	9756662	-0.075271	-0.025728	-0.016546	-0.051984
Superscaffold9	9756876	10198521	-0.170774	-0.052737	-0.033293	-0.125598
Superscaffold9	10198596	10811763	-0.050205	-0.025909	-0.014352	-0.022389
Superscaffold9	10812711	11220133	-0.085498	-0.045721	-0.024322	-0.051893
Superscaffold9	11220158	11489128	-0.132890	-0.115220	-0.059510	-0.066475
Superscaffold9	11489342	12104641	-0.011520	-0.004464	-0.002740	-0.006921
Superscaffold9	12104657	12388287	-0.033326	-0.022524	-0.011587	-0.017970
Superscaffold9	12388489	12645932	0.080240	0.034483	0.019644	0.050204
Superscaffold9	12646076	12983748	-0.098580	-0.033393	-0.020759	-0.083274
Superscaffold9	12983753	13617354	-0.048956	-0.024027	-0.012484	-0.028147
Superscaffold9	13617848	14177433	-0.073435	-0.047012	-0.024073	-0.046614
Superscaffold9	14177463	14533436	-0.132591	-0.044909	-0.030009	-0.073954
Superscaffold9	14533456	15069842	-0.199652	-0.053649	-0.033825	-0.141669
Superscaffold9	15069891	15366814	-0.064223	-0.037562	-0.021983	-0.041817
Superscaffold9	15366895	15646182	-0.045781	-0.021855	-0.013124	-0.023299
Superscaffold9	15646186	15952634	-0.294406	-0.139727	-0.081740	-0.198245
Superscaffold9	15952642	16250711	-0.121589	-0.038297	-0.022367	-0.071095
Superscaffold9	16250854	16488962	0.068388	0.017962	0.009761	0.056160
Superscaffold9	16488981	16847974	-0.156054	-0.043234	-0.025031	-0.096449
Superscaffold9	16848012	17207388	-0.400617	-0.105069	-0.069394	-0.307528
Superscaffold9	17207581	17573631	-0.163869	-0.042391	-0.025797	-0.103696
Superscaffold9	17573678	17780711	-0.169285	-0.123714	-0.066884	-0.112289
Superscaffold9	17780717	18111263	-0.114193	-0.041249	-0.025822	-0.080700
Superscaffold9	18111327	18304961	-0.368257	-0.296938	-0.136285	-0.217545
Superscaffold9	18305883	19174848	-0.163938	-0.086306	-0.048862	-0.097716
Superscaffold9	19174981	20199520	-0.061142	-0.031163	-0.017937	-0.033732
Superscaffold9	20199619	20523173	0.107647	0.042084	0.026718	0.064762
Superscaffold9	20523224	20728459	-0.007542	-0.003044	-0.001933	-0.000287
Superscaffold9	20728728	21018114	0.144474	0.059316	0.037937	0.099379
Superscaffold9	21018118	21281934	-0.210031	-0.081985	-0.046390	-0.130574
Superscaffold9	21281974	21454774	-0.006382	-0.004662	-0.002706	-0.003456
Superscaffold9	21454857	21668055	-0.001100	-0.000714	-0.000448	0.003164
Superscaffold9	21668248	22005309	-0.094745	-0.026462	-0.017649	-0.040197
Superscaffold9	22005351	22322651	-0.210404	-0.113505	-0.065486	-0.169530
Superscaffold9	22322773	22570331	0.090375	0.056481	0.034478	0.068485
Superscaffold9	22570340	23194374	0.017099	0.005492	0.002524	0.017119
Superscaffold9	23194680	23551453	0.064907	0.025406	0.014297	0.045170
Superscaffold9	23551499	23758090	-0.368282	-0.330453	-0.133160	-0.243925
Superscaffold9	23758137	24000228	-0.077239	-0.073707	-0.031731	-0.034158
Superscaffold9	24000244	24160768	0.191609	0.138450	0.082605	0.117900
Superscaffold9	24160801	24556274	-0.008859	-0.005460	-0.003330	-0.003675
Superscaffold9	24556381	24902830	-0.165053	-0.043806	-0.030106	-0.109018
Superscaffold9	24902900	25301379	-0.091829	-0.036359	-0.023646	-0.055650
Superscaffold9	25301445	25485346	-0.074372	-0.052911	-0.024426	-0.041482
Superscaffold9	25485392	26071660	-0.112216	-0.042184	-0.029818	-0.058399
Superscaffold9	26071695	26407169	-0.106815	-0.035611	-0.020893	-0.075644
Superscaffold9	26407180	26856182	-0.035727	-0.017371	-0.009963	-0.023786
Superscaffold9	26856611	27131973	0.340639	0.164000	0.106541	0.155952
Superscaffold9	27131975	27465008	-0.525706	-0.243489	-0.143301	-0.351230
Superscaffold9	27465040	27801354	-0.060742	-0.029552	-0.015585	-0.032530
Superscaffold9	27801475	28449455	-0.091947	-0.042194	-0.021519	-0.046045
Superscaffold9	28449848	28679476	-0.042990	-0.015207	-0.009980	-0.023481
Superscaffold9	28679486	28928651	0.053351	0.030497	0.014304	0.036531
Superscaffold9	28928685	29204436	0.237024	0.114146	0.069406	0.131662
Superscaffold9	29204552	29443870	-0.275228	-0.170237	-0.089817	-0.189233
Superscaffold9	29443909	29737239	-0.120327	-0.047952	-0.027363	-0.071561
Superscaffold9	29737320	30027785	-0.116733	-0.059711	-0.037850	-0.068823
Superscaffold9	30028553	30287024	-0.238827	-0.131488	-0.070759	-0.143533
Superscaffold9	30287213	30633564	0.109303	0.029041	0.016535	0.062226
Superscaffold9	30633602	30982558	-0.102351	-0.085595	-0.033883	-0.058713
Superscaffold9	30982713	31225877	-0.056321	-0.026729	-0.015236	-0.037260
Superscaffold9	31225969	31713950	0.209530	0.090339	0.058531	0.116553
Superscaffold9	31713952	31874197	0.586760	0.405121	0.261868	0.411406
Superscaffold9	31874214	32033516	0.282679	0.218866	0.094962	0.166181
Superscaffold9	32033532	32235410	0.371659	0.271370	0.149311	0.256289
Superscaffold9	32235452	32401784	-0.059612	-0.058413	-0.022802	-0.035007
Superscaffold9	32401878	32649769	-0.031896	-0.025065	-0.012811	-0.013682
Superscaffold9	32649790	32968352	0.261058	0.148971	0.094357	0.181531
Superscaffold9	32968512	33216491	0.042868	0.024764	0.015616	0.033442
Superscaffold9	33216500	33477498	0.096244	0.033575	0.019952	0.054951
Superscaffold9	33477504	33704200	0.104517	0.061810	0.036892	0.068535
Superscaffold9	33704268	34019103	0.441463	0.270272	0.182387	0.296641
Superscaffold9	34019205	34258205	0.039880	0.030474	0.013827	0.023933
Superscaffold9	34258218	34468483	0.310899	0.127292	0.085005	0.181564
Superscaffold9	34468520	34778370	-0.011185	-0.005059	-0.002178	-0.003601
Superscaffold9	34778374	35167910	0.148502	0.041713	0.022081	0.066713
Superscaffold9	35167945	35442288	-0.142743	-0.050902	-0.030825	-0.118253
Superscaffold9	35442314	36156995	-0.219434	-0.093379	-0.057576	-0.124430
Superscaffold9	36157012	36329698	-0.013434	-0.007239	-0.004750	-0.007031
Superscaffold9	36329715	36524961	-0.296368	-0.142377	-0.092210	-0.136361
Superscaffold9	36524978	36792794	-0.177936	-0.065755	-0.042164	-0.138880
Superscaffold9	36792875	37108078	0.030144	0.011733	0.006789	0.017415
Superscaffold9	37108197	37393531	-0.263323	-0.088802	-0.052844	-0.160193
Superscaffold9	37393667	37742589	0.004091	0.001997	0.001290	0.003700
Superscaffold9	37742647	38184077	0.216391	0.050240	0.033812	0.167674
Superscaffold9	38184150	38545652	0.049865	0.018650	0.012453	0.027332
Superscaffold9	38546431	38922216	0.021631	0.004707	0.003120	0.015383
Superscaffold9	38923777	39333556	0.206656	0.032321	0.022627	0.143615
Superscaffold9	39333599	39690820	-0.021277	-0.005932	-0.003426	-0.012438
Superscaffold9	39690826	39926924	0.177896	0.099537	0.065105	0.092568
Superscaffold9	39926940	40469912	0.005790	0.002779	0.001492	0.007728
Superscaffold9	40469993	40750144	0.056103	0.025481	0.014802	0.027112
Superscaffold9	40750145	41025671	0.193379	0.106559	0.067637	0.134473
Superscaffold9	41025681	41326678	-0.196375	-0.086612	-0.047729	-0.128659
Superscaffold9	41326767	42075882	0.163570	0.061979	0.037143	0.081038
Superscaffold9	42075911	42414590	-0.150380	-0.046440	-0.030162	-0.093863
Superscaffold9	42414635	42750628	0.233792	0.095163	0.061653	0.117483
Superscaffold9	42750675	43182008	0.352803	0.164083	0.115151	0.235180
Superscaffold9	43182029	43557396	-0.136535	-0.055104	-0.035690	-0.085043
Superscaffold9	43557425	43928769	-0.175662	-0.057392	-0.041338	-0.112499
Superscaffold9	43928771	44092633	-0.120559	-0.083495	-0.051283	-0.060138
Superscaffold9	44092707	44291186	-0.261389	-0.218898	-0.131455	-0.154948
Superscaffold9	44291196	44739978	-0.009273	-0.008211	-0.004416	-0.005474
Superscaffold9	44740090	44916964	0.070129	0.083517	0.045737	0.034916
Superscaffold9	44916965	45131312	-0.068165	-0.032189	-0.021956	-0.033813
Superscaffold9	45131409	45524137	-0.249687	-0.076229	-0.049924	-0.134881
Superscaffold9	45524172	45874845	-0.260698	-0.123924	-0.069048	-0.146843
Superscaffold9	45874871	46337516	0.052190	0.026202	0.015434	0.027645
Superscaffold9	46337594	46643001	0.888165	0.277845	0.268624	0.799533
Superscaffold9	46643110	46978518	0.311927	0.148945	0.109210	0.211854
Superscaffold9	46978521	47172668	-0.024205	-0.020294	-0.012057	-0.014224
Superscaffold9	47172692	47436611	0.022869	0.022346	0.011704	0.013518
Superscaffold9	47441685	47754776	-0.036229	-0.033430	-0.016501	-0.022646
Superscaffold9	47754780	48108400	-0.074148	-0.027097	-0.019259	-0.038653
Superscaffold9	48108460	48329100	-0.233488	-0.140569	-0.076318	-0.118248
Superscaffold9	48329170	48738167	-0.129930	-0.059266	-0.039058	-0.078611
Superscaffold9	48738207	48934299	0.111046	0.083509	0.050759	0.065130
Superscaffold9	48934319	49224029	-0.040273	-0.035679	-0.018997	-0.016872
Superscaffold9	49224048	49411457	-0.255392	-0.121611	-0.081378	-0.148478
Superscaffold9	49411502	49553200	0.024791	0.025891	0.015489	0.014925
Superscaffold9	49553293	49695403	0.085991	0.084746	0.049565	0.046215
Superscaffold9	49695660	49847291	-0.036389	-0.037693	-0.023145	-0.020215
Superscaffold9	49847295	50400322	-0.053752	-0.026718	-0.017543	-0.028794
Superscaffold9	50400326	50602752	-0.055598	-0.049524	-0.027625	-0.028029
Superscaffold9	50602911	50791767	-0.132698	-0.125954	-0.057339	-0.067050
Superscaffold9	50791854	51037847	0.088644	0.036583	0.020185	0.052051
Superscaffold9	51037849	51263160	-0.053369	-0.027243	-0.014967	-0.025211
Superscaffold9	51263204	51557045	0.016234	0.004851	0.003252	0.002187
Superscaffold9	51557051	51736450	-0.025652	-0.017868	-0.010519	-0.011173
Superscaffold9	51736604	52029081	-0.094452	-0.054817	-0.032632	-0.056245
Superscaffold9	52029088	52303509	0.210532	0.082348	0.054930	0.128879
Superscaffold9	52303558	52602105	0.056044	0.029951	0.018409	0.035063
Superscaffold9	52602151	52763495	-0.423775	-0.517764	-0.242209	-0.302638
Superscaffold9	52763499	52889384	0.043446	0.047205	0.025142	0.021818
Superscaffold9	52889463	53121978	0.071343	0.048127	0.029312	0.040450
Superscaffold9	53121992	53287338	0.042898	0.047133	0.021490	0.025331
Superscaffold9	53287377	53498842	0.047174	0.049813	0.024878	0.025614
Superscaffold9	53498858	53652794	-0.281112	-0.392629	-0.191609	-0.179080
Superscaffold9	53652820	53762326	-0.097738	-0.163376	-0.076286	-0.050616
Superscaffold9	53762471	53924978	-0.043908	-0.042671	-0.020595	-0.026605
Superscaffold9	53924999	54142303	0.023848	0.023423	0.012633	0.017172
Superscaffold9	54142338	54518216	0.235550	0.150427	0.096870	0.128543
Superscaffold9	54518276	54668453	-0.042199	-0.052745	-0.028278	-0.024865
Superscaffold9	54668484	54938918	0.019931	0.013360	0.008262	0.015569
Superscaffold9	54938982	55119147	-0.170681	-0.200119	-0.109395	-0.109369
Superscaffold9	55119164	55940547	-0.054515	-0.042359	-0.022752	-0.027449
Superscaffold9	55940553	56164568	0.078092	0.034191	0.024024	0.048642
Superscaffold9	56164591	56413183	-0.097154	-0.073875	-0.040603	-0.045118
Superscaffold9	56413187	56878387	0.403092	0.138477	0.102175	0.302694
Superscaffold10	237942	446858	0.034416	0.018062	0.010818	0.013063
Superscaffold10	446904	832626	-0.248499	-0.070617	-0.045075	-0.162814
Superscaffold10	832982	1404548	-0.074019	-0.049150	-0.028726	-0.038035
Superscaffold10	1404566	1593960	-0.329052	-0.337562	-0.142769	-0.167075
Superscaffold10	1593968	1899009	-0.113295	-0.042881	-0.028434	-0.068663
Superscaffold10	1900546	2391438	-0.192691	-0.051520	-0.033622	-0.127172
Superscaffold10	2392177	2663750	0.133287	0.042529	0.024387	0.090188
Superscaffold10	2663770	3008093	0.100819	0.033457	0.019670	0.064151
Superscaffold10	3008164	3227619	-0.113723	-0.119818	-0.050359	-0.064860
Superscaffold10	3227688	3382863	0.085474	0.057396	0.033648	0.057293
Superscaffold10	3382878	3667858	-0.172740	-0.136985	-0.067652	-0.119235
Superscaffold10	3667975	4221693	0.178149	0.104650	0.047516	0.117233
Superscaffold10	4221702	4924586	-0.053488	-0.031487	-0.016883	-0.030337
Superscaffold10	4924717	5649964	-0.022209	-0.011816	-0.006909	-0.019918
Superscaffold10	5650113	6009646	-0.327500	-0.186137	-0.094838	-0.202179
Superscaffold10	6009722	6243379	-0.096665	-0.044101	-0.026583	-0.044223
Superscaffold10	6243398	6554407	-0.023209	-0.010226	-0.005346	-0.015248
Superscaffold10	6554411	7001233	0.000780	0.000366	0.000197	-0.002595
Superscaffold10	7001334	7323946	-0.204030	-0.144381	-0.072178	-0.121930
Superscaffold10	7324025	7620079	-0.059047	-0.035048	-0.020248	-0.030120
Superscaffold10	7620085	7964991	0.270109	0.203015	0.113319	0.145968
Superscaffold10	7965052	8224010	-0.268395	-0.108061	-0.061014	-0.173279
Superscaffold10	8224034	8560631	-0.106959	-0.033354	-0.021593	-0.060261
Superscaffold10	8561070	9101487	-0.122332	-0.034339	-0.020869	-0.086727
Superscaffold10	9101520	9606807	-0.051127	-0.022838	-0.013380	-0.035929
Superscaffold10	9606808	9917958	0.021766	0.016777	0.010453	0.017621
Superscaffold10	9919774	10096809	-0.146791	-0.104493	-0.041847	-0.074002
Superscaffold10	10096920	10287466	0.048464	0.033024	0.016637	0.026558
Superscaffold10	10287487	10527991	-0.085608	-0.036623	-0.023107	-0.052679
Superscaffold10	10527992	11000240	-0.231584	-0.148917	-0.078437	-0.150161
Superscaffold10	11000280	11413530	-0.290869	-0.125863	-0.073054	-0.226104
Superscaffold10	11413598	11789187	-0.032438	-0.009172	-0.005622	-0.020903
Superscaffold10	11789264	12049081	-0.194637	-0.066710	-0.041723	-0.134776
Superscaffold10	12049095	12150864	-0.035002	-0.030068	-0.016519	-0.020514
Superscaffold10	12150904	12301388	0.020430	0.016615	0.008977	0.012770
Superscaffold10	12301391	12665580	-0.139410	-0.096071	-0.056422	-0.094597
Superscaffold10	12665640	12976705	-0.106231	-0.037288	-0.023695	-0.064248
Superscaffold10	12976724	13240833	0.005077	0.002384	0.001272	0.004145
Superscaffold10	13241132	13478051	0.089050	0.034078	0.019167	0.052794
Superscaffold10	13478101	13825909	-0.038149	-0.012352	-0.007742	-0.021782
Superscaffold10	13826391	14107476	-0.138583	-0.094971	-0.052676	-0.089864
Superscaffold10	14107527	14417769	-0.253848	-0.097130	-0.054941	-0.172311
Superscaffold10	14417793	14822522	-0.337485	-0.205645	-0.112553	-0.229833
Superscaffold10	14822536	15326575	-0.068367	-0.015989	-0.010739	-0.037054
Superscaffold10	15326669	15669700	-0.042297	-0.013275	-0.008573	-0.017734
Superscaffold10	15669701	16034891	-0.082605	-0.031660	-0.018778	-0.059232
Superscaffold10	16035084	16377656	-0.084716	-0.030916	-0.017420	-0.049230
Superscaffold10	16377740	16950767	-0.044905	-0.014569	-0.008385	-0.025821
Superscaffold10	16950780	17374452	0.041648	0.012747	0.006526	0.025808
Superscaffold10	17374467	17773262	0.033582	0.014233	0.007928	0.019601
Superscaffold10	17773322	18164691	0.001805	0.000710	0.000404	0.004800
Superscaffold10	18164801	18416614	-0.224858	-0.094851	-0.062437	-0.154687
Superscaffold10	18416655	18706829	0.236764	0.118597	0.060741	0.146951
Superscaffold10	18706994	19067068	-0.090227	-0.045176	-0.022090	-0.048954
Superscaffold10	19067221	19440842	-0.187438	-0.176536	-0.076271	-0.120177
Superscaffold10	19442268	19674369	0.076200	0.058490	0.029782	0.034835
Superscaffold10	19674540	19931988	-0.088318	-0.041096	-0.023564	-0.050356
Superscaffold10	19932012	20343559	-0.013015	-0.002730	-0.001856	-0.011886
Superscaffold10	20343595	20643268	-0.124555	-0.033289	-0.021597	-0.090871
Superscaffold10	20643333	20956062	-0.142330	-0.048235	-0.028104	-0.088359
Superscaffold10	20956184	21170758	-0.491861	-0.305242	-0.152674	-0.400748
Superscaffold10	21170764	21458291	-0.289091	-0.121336	-0.062964	-0.162631
Superscaffold10	21459122	21641969	-0.183584	-0.114755	-0.063637	-0.137034
Superscaffold10	21641983	21930312	0.084849	0.034938	0.023228	0.041060
Superscaffold10	21930574	22169853	0.032972	0.011570	0.007622	0.025222
Superscaffold10	22170229	22452177	-0.078455	-0.035017	-0.022173	-0.051050
Superscaffold10	22452202	22734998	-0.034856	-0.013092	-0.007575	-0.022343
Superscaffold10	22735089	23089141	-0.049523	-0.014824	-0.008636	-0.030772
Superscaffold10	23089209	23445172	-0.371117	-0.127060	-0.077208	-0.278800
Superscaffold10	23445364	23666689	-0.235081	-0.103424	-0.060838	-0.151524
Superscaffold10	23666716	23998475	-0.339948	-0.308944	-0.167266	-0.241581
Superscaffold10	23998484	24432763	-0.091582	-0.037194	-0.022806	-0.049737
Superscaffold10	24432824	24788217	-0.011701	-0.003535	-0.002198	-0.016725
Superscaffold10	24788256	25119018	-0.230453	-0.066539	-0.043794	-0.163334
Superscaffold10	25119032	25268660	-0.299063	-0.150181	-0.091857	-0.202050
Superscaffold10	25268678	25620587	0.065611	0.043100	0.023377	0.042417
Superscaffold10	25620629	25789462	0.277410	0.183718	0.114595	0.180369
Superscaffold10	25789554	26054089	0.032580	0.012190	0.006906	0.018222
Superscaffold10	26054174	26241302	-0.641926	-0.501081	-0.259810	-0.505671
Superscaffold10	26241361	26364200	-0.209260	-0.231976	-0.112566	-0.110084
Superscaffold10	26364512	26467275	-0.087614	-0.062267	-0.040567	-0.049222
Superscaffold10	26467292	26754779	0.157870	0.079513	0.052058	0.089802
Superscaffold10	26754785	26955197	-0.076040	-0.056316	-0.028655	-0.050944
Superscaffold10	26955211	27316479	-0.329887	-0.238879	-0.118003	-0.212650
Superscaffold10	27316582	27638591	0.007794	0.002035	0.001133	0.004156
Superscaffold10	27638605	27951261	-0.157349	-0.050377	-0.031551	-0.103203
Superscaffold10	27951389	28491955	-0.165443	-0.050369	-0.033228	-0.106338
Superscaffold10	28492109	28674222	-0.182343	-0.088608	-0.056002	-0.090764
Superscaffold10	28674261	28912164	-0.015758	-0.005808	-0.003471	-0.011754
Superscaffold10	28912178	29136402	0.167074	0.090646	0.049105	0.088726
Superscaffold10	29136408	29506584	-0.593134	-0.234767	-0.122815	-0.426839
Superscaffold10	29506592	29730022	-0.206642	-0.075327	-0.051105	-0.149861
Superscaffold10	29730029	29964666	0.038082	0.013173	0.008640	0.019591
Superscaffold10	29964685	30251014	-0.055084	-0.042715	-0.013817	-0.023444
Superscaffold10	30251119	30528970	0.100669	0.035271	0.022579	0.060852
Superscaffold10	30529507	30804172	0.321057	0.088455	0.058071	0.223215
Superscaffold10	30804215	31149120	-0.154002	-0.038920	-0.026013	-0.098529
Superscaffold10	31149121	31340968	-0.023419	-0.010901	-0.006612	-0.015022
Superscaffold10	31340986	31707755	0.308781	0.058161	0.041887	0.213153
Superscaffold10	31707801	31961975	0.216147	0.064811	0.044782	0.129801
Superscaffold10	31961993	32234770	-0.032655	-0.013735	-0.007463	-0.018704
Superscaffold10	32234783	32820526	-0.088150	-0.042170	-0.019472	-0.044574
Superscaffold10	32820816	32985786	-0.000938	-0.000828	-0.000447	-0.000509
Superscaffold10	32986217	33325932	0.004450	0.001404	0.000983	0.002046
Superscaffold10	33326051	33546453	0.199705	0.083221	0.057693	0.100200
Superscaffold10	33546458	33977078	0.283694	0.061362	0.040657	0.242266
Superscaffold10	33977080	34341492	0.413598	0.130451	0.086628	0.353624
Superscaffold10	34341550	34775002	0.467278	0.172904	0.101976	0.431639
Superscaffold10	34777086	35336776	0.002494	0.000486	0.000293	0.004657
Superscaffold10	35336826	35622914	-0.020475	-0.008723	-0.004488	-0.011751
Superscaffold10	35622923	35941677	-0.053638	-0.014002	-0.008322	-0.027565
Superscaffold10	35941911	36163672	0.283269	0.108463	0.066768	0.200005
Superscaffold10	36164005	36447657	-0.080088	-0.029580	-0.017966	-0.049497
Superscaffold10	36447747	36852714	-0.040438	-0.010947	-0.007070	-0.028338
Superscaffold10	36852844	37163291	0.158731	0.053035	0.035558	0.104785
Superscaffold10	37163363	37506073	0.111999	0.036160	0.020863	0.069522
Superscaffold10	37506200	37700605	-0.485925	-0.271199	-0.147742	-0.317802
Superscaffold10	37700644	37909935	0.035834	0.017475	0.010541	0.020283
Superscaffold10	37910067	38056338	-0.112850	-0.143028	-0.062096	-0.058195
Superscaffold10	38056410	38203474	-0.139351	-0.154355	-0.075917	-0.077724
Superscaffold10	38203475	38336644	-0.028816	-0.026901	-0.012249	-0.014544
Superscaffold10	38336661	38509778	-0.158439	-0.068225	-0.047190	-0.106264
Superscaffold10	38509852	38679713	-0.140923	-0.130324	-0.060407	-0.081051
Superscaffold10	38679888	39264741	-0.172304	-0.100399	-0.049808	-0.085195
Superscaffold10	39264752	40020123	-0.172947	-0.125840	-0.066395	-0.098818
Superscaffold10	40020128	40394342	0.096817	0.043982	0.027331	0.056912
Superscaffold10	40394386	40620182	0.306845	0.123098	0.070788	0.215112
Superscaffold10	40620236	40788046	-0.047353	-0.038892	-0.021220	-0.021032
Superscaffold10	40788090	40916953	0.053426	0.035941	0.019849	0.025300
Superscaffold10	40916984	41244173	-0.006214	-0.001761	-0.001100	-0.001437
Superscaffold10	41244211	41523915	-0.392222	-0.168706	-0.086937	-0.271297
Superscaffold10	41524905	41709536	0.069777	0.040347	0.023385	0.038070
Superscaffold10	41709544	42184847	-0.117829	-0.056627	-0.029915	-0.053568
Superscaffold10	42184848	42407184	0.190763	0.116418	0.059674	0.093206
Superscaffold10	42407200	42621737	-0.115657	-0.078926	-0.040948	-0.054297
Superscaffold10	42621798	42942747	-0.104500	-0.075093	-0.032852	-0.059929
Superscaffold10	42942768	43205316	-0.224506	-0.161710	-0.079623	-0.099691
Superscaffold10	43205367	43486805	-0.094850	-0.040168	-0.022593	-0.059722
Superscaffold10	43486835	43784756	-0.159567	-0.067996	-0.038163	-0.095989
Superscaffold10	43784971	44619751	0.143025	0.041768	0.028798	0.076666
Superscaffold10	44619807	44989803	0.237918	0.080842	0.054553	0.178601
Superscaffold10	44990676	45320772	-0.060779	-0.023031	-0.015538	-0.027314
Superscaffold10	45320773	45509692	0.004626	0.003627	0.001894	0.005650
Superscaffold10	45509700	45738863	0.183810	0.148634	0.094547	0.102191
Superscaffold10	45739399	45896929	-0.115409	-0.085226	-0.053108	-0.068321
Superscaffold10	45896930	46040016	-0.015152	-0.016223	-0.008312	-0.009359
Superscaffold10	46040033	46297689	-0.307901	-0.191975	-0.116526	-0.194106
Superscaffold10	46297799	46499219	-0.252845	-0.193845	-0.115420	-0.155754
Superscaffold10	46499295	47439992	0.070535	0.023515	0.017946	0.037629
Superscaffold10	47440054	47595853	0.013454	0.013180	0.007779	0.006168
Superscaffold10	47595890	47745433	-0.239895	-0.339670	-0.132786	-0.128156
Superscaffold10	47745455	47882908	-0.105671	-0.103315	-0.053572	-0.057225
Superscaffold10	47882989	48054421	-0.134201	-0.196848	-0.088849	-0.059161
Superscaffold10	48054468	48246108	-0.054776	-0.083410	-0.023566	-0.019768
Superscaffold10	48246116	48368375	0.008297	0.009264	0.004738	0.001873
Superscaffold10	48368524	48638163	-0.152904	-0.170730	-0.080533	-0.086322
Superscaffold10	48638190	48784454	-0.078037	-0.082958	-0.041687	-0.038096
Superscaffold10	48784496	49112616	-0.062171	-0.049957	-0.024523	-0.031003
Superscaffold10	49112634	49313402	-0.170221	-0.168140	-0.078846	-0.097065
Superscaffold10	49313406	49665591	-0.014051	-0.008325	-0.005323	-0.006495
Superscaffold10	49665593	49894258	-0.332918	-0.286715	-0.159840	-0.186329
Superscaffold10	49894400	50020329	-0.072702	-0.072659	-0.044490	-0.040623
Superscaffold10	50020349	50171281	-0.049231	-0.023834	-0.017524	-0.032814
Superscaffold10	50171316	50621195	-0.270391	-0.192793	-0.099341	-0.188450
Superscaffold10	50621203	50874998	-0.093316	-0.083262	-0.043721	-0.049280
Superscaffold10	50875117	51117740	0.035456	0.024671	0.013961	0.021723
Superscaffold10	51117760	51289168	-0.046662	-0.064646	-0.029413	-0.024572
Superscaffold10	51289171	51553732	0.051313	0.050024	0.027848	0.029293
Superscaffold10	51553786	51889181	-0.039071	-0.038846	-0.021350	-0.025271
Superscaffold10	51889217	52010126	0.038772	0.053115	0.029651	0.018762
Superscaffold10	52010352	52157901	0.104377	0.126188	0.072150	0.053885
Superscaffold10	52157905	52327360	0.112308	0.127374	0.057877	0.064454
Superscaffold10	52327364	52477177	0.004626	0.008174	0.003317	0.001678
Superscaffold10	52477208	52605906	-0.215475	-0.291041	-0.142503	-0.120873
Superscaffold10	52606605	52745371	-0.006104	-0.006703	-0.003622	-0.002568
Superscaffold10	52745722	52967298	-0.040513	-0.048623	-0.027637	-0.021189
Superscaffold10	52967351	53124763	0.037125	0.048794	0.023210	0.019974
Superscaffold10	53124777	53293481	0.015719	0.020793	0.010850	0.007079
Superscaffold10	53293485	53467090	0.003458	0.005209	0.002694	0.001608
Superscaffold10	53467119	53611926	0.065219	0.078577	0.042012	0.036315
Superscaffold10	53611943	53739945	-0.022439	-0.027312	-0.014571	-0.009111
Superscaffold10	53739952	54031296	-0.001205	-0.001368	-0.000735	0.000285
Superscaffold10	54031803	54396792	0.094005	0.076328	0.043728	0.052545
Superscaffold10	54396795	54741037	-0.340266	-0.392446	-0.165620	-0.218498
Superscaffold10	54741038	54929639	-0.017692	-0.017977	-0.010058	-0.007755
Superscaffold10	54929654	55056222	-0.072507	-0.078353	-0.040407	-0.035256
Superscaffold10	55056223	55294491	-0.231831	-0.222653	-0.120138	-0.150345
Superscaffold10	55294506	55411591	-0.144200	-0.196967	-0.097563	-0.077460
Superscaffold11	86003	285522	-0.021879	-0.018989	-0.011539	-0.012232
Superscaffold11	285553	582427	-0.243758	-0.095842	-0.068054	-0.178806
Superscaffold11	582478	875530	-0.039018	-0.016070	-0.010798	-0.024528
Superscaffold11	875567	1271404	-0.007546	-0.003323	-0.002138	-0.004721
Superscaffold11	1271430	1777911	-0.094851	-0.036663	-0.025102	-0.061638
Superscaffold11	1777914	2426959	0.026187	0.018056	0.008839	0.014555
Superscaffold11	2427181	3009396	-0.193666	-0.083195	-0.050501	-0.098826
Superscaffold11	3009494	3773050	-0.106790	-0.056273	-0.032241	-0.056056
Superscaffold11	3773071	4761114	-0.012527	-0.009693	-0.005473	-0.011621
Superscaffold11	4761201	5097341	-0.142152	-0.114742	-0.065895	-0.073795
Superscaffold11	5097428	5345792	-0.273855	-0.201779	-0.107506	-0.151824
Superscaffold11	5345913	5686476	-0.110246	-0.050027	-0.032182	-0.057499
Superscaffold11	5686531	6344060	0.000187	0.000133	0.000074	0.003400
Superscaffold11	6345533	6849725	-0.202990	-0.195833	-0.088608	-0.098522
Superscaffold11	6849769	7129150	-0.138878	-0.136313	-0.066661	-0.080552
Superscaffold11	7129285	7505011	-0.063403	-0.047604	-0.026888	-0.033678
Superscaffold11	7505084	7780734	0.131569	0.091705	0.058901	0.088451
Superscaffold11	7780794	8051417	-0.007990	-0.006532	-0.003990	-0.006610
Superscaffold11	8051456	8388832	0.022152	0.021020	0.011887	0.013640
Superscaffold11	8388901	8878795	-0.270876	-0.160252	-0.100724	-0.175880
Superscaffold11	8878796	9122315	-0.154127	-0.100814	-0.061988	-0.093850
Superscaffold11	9122621	9358162	0.247653	0.101108	0.063811	0.142631
Superscaffold11	9358193	9606646	-0.291891	-0.169545	-0.087536	-0.181860
Superscaffold11	9606667	9842989	0.150529	0.116273	0.069499	0.100292
Superscaffold11	9843041	10042621	-0.035175	-0.025936	-0.013917	-0.020410
Superscaffold11	10042626	10157674	-0.004754	-0.005550	-0.003036	0.001199
Superscaffold11	10157679	10238433	0.001250	0.001773	0.000858	0.001271
Superscaffold11	10238442	10686524	-0.078041	-0.043333	-0.028250	-0.041053
Superscaffold11	10686542	11045202	-0.194254	-0.158844	-0.066069	-0.111534
Superscaffold11	11045206	11261644	-0.215103	-0.197379	-0.096562	-0.144488
Superscaffold11	11261716	11477019	-0.075561	-0.050987	-0.023302	-0.050643
Superscaffold11	11477043	11863420	-0.088569	-0.038242	-0.027274	-0.047751
Superscaffold11	11863433	12287945	0.066792	0.022528	0.013979	0.040891
Superscaffold11	12288008	12775711	-0.115468	-0.049890	-0.027094	-0.061383
Superscaffold11	12775741	13032168	-0.039208	-0.017351	-0.009338	-0.022015
Superscaffold11	13032229	13274248	-0.057107	-0.025325	-0.013439	-0.033472
Superscaffold11	13274256	13426394	-0.357547	-0.267131	-0.142540	-0.224841
Superscaffold11	13426550	13643994	-0.350250	-0.174786	-0.107404	-0.204712
Superscaffold11	13644035	13855712	-0.069817	-0.038239	-0.021592	-0.030417
Superscaffold11	13855860	14274962	-0.281120	-0.156124	-0.092187	-0.172903
Superscaffold11	14275008	14553750	-0.106848	-0.118891	-0.060718	-0.059142
Superscaffold11	14553766	14668482	0.072114	0.084859	0.046084	0.039927
Superscaffold11	14668496	14806204	0.023699	0.035597	0.017845	0.009690
Superscaffold11	14806218	14987179	0.032103	0.035024	0.020972	0.018852
Superscaffold11	14987360	15384896	0.054625	0.060053	0.031074	0.035195
Superscaffold11	15384989	15582117	0.046507	0.051310	0.019432	0.021459
Superscaffold11	15582205	15997646	0.049671	0.028590	0.012662	0.021985
Superscaffold11	15997648	16311083	0.038274	0.016965	0.008972	0.014289
Superscaffold11	16311238	16600036	-0.021273	-0.019036	-0.007358	-0.005032
Superscaffold11	16600078	16808543	-0.175623	-0.117710	-0.063953	-0.100789
Superscaffold11	16808978	17069109	-0.175123	-0.076984	-0.044011	-0.103417
Superscaffold11	17069111	17344749	0.661253	0.220219	0.196234	0.553337
Superscaffold11	17344808	17716854	0.326643	0.145008	0.104736	0.247781
Superscaffold11	17716878	18130486	0.018482	0.016377	0.008974	0.007343
Superscaffold11	18130497	18439480	-0.208716	-0.121362	-0.076302	-0.158370
Superscaffold11	18439487	18838716	-0.101062	-0.099187	-0.053116	-0.057089
Superscaffold11	18838808	19166281	0.057445	0.040347	0.025179	0.035508
Superscaffold11	19166285	19566353	0.172030	0.111194	0.067513	0.122087
Superscaffold11	19566449	19770648	-0.198769	-0.115490	-0.063157	-0.087702
Superscaffold11	19770678	20220749	-0.090127	-0.060349	-0.032675	-0.051323
Superscaffold11	20220806	20660481	0.000645	0.000476	0.000229	0.006460
Superscaffold11	20660504	20832052	-0.039466	-0.035575	-0.017671	-0.024631
Superscaffold11	20832096	20983060	-0.126268	-0.121013	-0.053776	-0.076525
Superscaffold11	20983156	21277207	-0.037128	-0.016615	-0.010769	-0.024314
Superscaffold11	21277299	21588564	-0.048078	-0.023303	-0.014534	-0.027963
Superscaffold11	21588572	21798856	-0.095047	-0.039729	-0.027243	-0.056974
Superscaffold11	21798975	22076100	-0.152242	-0.055658	-0.034537	-0.098957
Superscaffold11	22076295	22319485	-0.070743	-0.030384	-0.021121	-0.050271
Superscaffold11	22319542	22516145	-0.082570	-0.045259	-0.029099	-0.039235
Superscaffold11	22516216	22709199	-0.229093	-0.123339	-0.074437	-0.136460
Superscaffold11	22709216	22852399	-0.130263	-0.078045	-0.044462	-0.062995
Superscaffold11	22852545	23190431	0.149201	0.064115	0.038238	0.086240
Superscaffold11	23190780	23511004	0.009232	0.004561	0.002688	0.005349
Superscaffold11	23511010	23825002	-0.174914	-0.093400	-0.046900	-0.096953
Superscaffold11	23825025	24079224	-0.148313	-0.063045	-0.036918	-0.101104
Superscaffold11	24079226	24276311	0.125545	0.041679	0.030703	0.065262
Superscaffold11	24276363	24654910	-0.006797	-0.002077	-0.001553	-0.005917
Superscaffold11	24654982	24989732	-0.076542	-0.032278	-0.016095	-0.051434
Superscaffold11	24989734	25302479	0.068402	0.028221	0.016463	0.040709
Superscaffold11	25302520	25559682	0.038377	0.021909	0.009323	0.016256
Superscaffold11	25559794	25745698	-0.002844	-0.001887	-0.001157	-0.001260
Superscaffold11	25745699	26027394	0.187694	0.085265	0.054440	0.127186
Superscaffold11	26027419	26377428	0.220622	0.069289	0.048154	0.134052
Superscaffold11	26377578	26773584	-0.002981	-0.000874	-0.000516	-0.002341
Superscaffold11	26773607	27086714	-0.232273	-0.088259	-0.045713	-0.113867
Superscaffold11	27086758	27612946	0.356852	0.093461	0.066542	0.185139
Superscaffold11	27613210	27874994	0.074052	0.030921	0.018930	0.038938
Superscaffold11	27875002	28170180	0.025816	0.008141	0.004871	0.022926
Superscaffold11	28170251	28398314	0.211582	0.100527	0.051726	0.147585
Superscaffold11	28398321	28664991	-0.101660	-0.059783	-0.034151	-0.070066
Superscaffold11	28665002	28960148	-0.100585	-0.061476	-0.038193	-0.050406
Superscaffold11	28960161	29108171	-0.249489	-0.208790	-0.114158	-0.163566
Superscaffold11	29108174	29304671	-0.346561	-0.240675	-0.133865	-0.238272
Superscaffold11	29304980	30337008	-0.001308	-0.000399	-0.000276	0.003180
Superscaffold11	30337018	30430670	0.041031	0.029644	0.013562	0.017522
Superscaffold11	30430700	30732363	-0.129100	-0.055272	-0.032783	-0.071258
Superscaffold11	30732380	31085461	-0.123748	-0.071311	-0.040015	-0.090228
Superscaffold11	31085468	31481066	0.049173	0.024543	0.014790	0.021955
Superscaffold11	31481067	31574259	0.170675	0.141878	0.088092	0.095499
Superscaffold11	31574274	31869247	-0.050156	-0.020840	-0.012728	-0.031652
Superscaffold11	31869274	32247501	0.116489	0.042267	0.024466	0.071620
Superscaffold11	32247689	32622181	0.142467	0.053890	0.028704	0.112553
Superscaffold11	32622309	33315663	0.046166	0.007600	0.005169	0.028269
Superscaffold11	33315676	33835048	0.142795	0.024025	0.015719	0.107667
Superscaffold11	33835082	34148837	-0.255256	-0.088653	-0.051975	-0.188093
Superscaffold11	34148853	34611217	0.012553	0.002914	0.001842	0.008728
Superscaffold11	34611223	35240207	-0.112468	-0.023697	-0.014816	-0.074365
Superscaffold11	35240225	35419768	0.100912	0.062448	0.029520	0.058117
Superscaffold11	35419892	35635382	-0.024847	-0.008866	-0.005404	-0.014749
Superscaffold11	35635574	35914467	-0.239606	-0.143880	-0.084167	-0.114843
Superscaffold11	35914603	36242359	-0.221179	-0.061300	-0.042158	-0.152776
Superscaffold11	36242365	36479079	-0.113506	-0.079984	-0.047376	-0.061161
Superscaffold11	36479114	36779040	0.040116	0.012783	0.007997	0.023875
Superscaffold11	36779177	37048679	-0.111994	-0.055557	-0.032505	-0.065645
Superscaffold11	37048691	37438892	-0.354693	-0.199921	-0.103655	-0.203729
Superscaffold11	37438913	37684179	-0.084439	-0.048239	-0.031670	-0.039700
Superscaffold11	37684241	38625690	-0.073275	-0.032673	-0.018990	-0.040107
Superscaffold11	38625801	39019136	-0.086198	-0.029007	-0.018287	-0.049933
Superscaffold11	39019137	39332712	0.003746	0.001954	0.001174	-0.002117
Superscaffold11	39332734	39873148	0.025367	0.018949	0.010940	0.014898
Superscaffold11	39873317	40116455	-0.121877	-0.096048	-0.051977	-0.084607
Superscaffold11	40116465	40277344	-0.011934	-0.007117	-0.004046	-0.009164
Superscaffold11	40277410	40712121	0.295564	0.087488	0.057087	0.189951
Superscaffold11	40712137	41083971	0.511363	0.231112	0.134515	0.301711
Superscaffold11	41084199	41521713	0.149526	0.053814	0.027752	0.094291
Superscaffold11	41521725	41777159	-0.089015	-0.041477	-0.023298	-0.041506
Superscaffold11	41777219	41941747	-0.142844	-0.128045	-0.062499	-0.098298
Superscaffold11	41941753	42143676	-0.081517	-0.031959	-0.022768	-0.048129
Superscaffold11	42143942	42425353	-0.321604	-0.221562	-0.132115	-0.205191
Superscaffold11	42425596	42665007	-0.381387	-0.287491	-0.141053	-0.229948
Superscaffold11	42665074	42915251	-0.045421	-0.024664	-0.013148	-0.020195
Superscaffold11	42915403	43189211	-0.223403	-0.230003	-0.111016	-0.143492
Superscaffold11	43189446	43779209	-0.014964	-0.011369	-0.006095	-0.013242
Superscaffold11	43779340	44151589	-0.030382	-0.024192	-0.011429	-0.014890
Superscaffold11	44151590	44372538	-0.072897	-0.058902	-0.035069	-0.041281
Superscaffold11	44373287	44650188	-0.070651	-0.048732	-0.027085	-0.036207
Superscaffold11	44650224	44900402	-0.008594	-0.006461	-0.003249	-0.004237
Superscaffold11	44900417	45095343	-0.068997	-0.045641	-0.024483	-0.045104
Superscaffold11	45095472	45315001	-0.162142	-0.110023	-0.067253	-0.107460
Superscaffold11	45315034	45506732	-0.225424	-0.134587	-0.077320	-0.132821
Superscaffold11	45506796	46229248	-0.044986	-0.020976	-0.010787	-0.035642
Superscaffold11	46229266	46613435	-0.162945	-0.067586	-0.037438	-0.110467
Superscaffold11	46613452	47152330	-0.166886	-0.059933	-0.036754	-0.089439
Superscaffold11	47152412	47416613	-0.283463	-0.108638	-0.069431	-0.161540
Superscaffold11	47416636	47715500	-0.033616	-0.019836	-0.009366	-0.022999
Superscaffold11	47715503	47997477	-0.226038	-0.105972	-0.063199	-0.142199
Superscaffold11	47997509	48298029	-0.111950	-0.044246	-0.028431	-0.076247
Superscaffold11	48298041	48679906	-0.289302	-0.138486	-0.079490	-0.207196
Superscaffold11	48680321	49148055	-0.035708	-0.015144	-0.009030	-0.021995
Superscaffold11	49148201	49786404	0.102194	0.066944	0.036959	0.056835
Superscaffold11	49786590	50380749	0.008056	0.006015	0.002944	0.004231
Superscaffold11	50380809	51096435	0.196716	0.119037	0.068475	0.129013
Superscaffold11	51096571	51311320	0.284667	0.172236	0.095855	0.182167
Superscaffold11	51311368	51604582	0.023787	0.014121	0.008208	0.014598
Superscaffold11	51604584	51869654	0.120388	0.055860	0.028217	0.074803
Superscaffold11	51870665	52264194	0.261364	0.109738	0.056041	0.151683
Superscaffold11	52264219	52614606	-0.015013	-0.005629	-0.003615	-0.010229
Superscaffold11	52614676	52871052	0.018535	0.008324	0.005167	0.012909
Superscaffold11	52871309	53200686	-0.026817	-0.011895	-0.007761	-0.013336
Superscaffold11	53200798	53796432	0.009364	0.004682	0.002819	0.007272
Superscaffold11	53796481	54048286	-0.093599	-0.056932	-0.036943	-0.060565
Superscaffold11	54048305	54301850	0.080429	0.066470	0.035761	0.047756
Superscaffold11	54301882	54703572	0.168617	0.107122	0.066711	0.106265
Superscaffold11	54703675	54948289	-0.016783	-0.011709	-0.007049	-0.007063
Superscaffold11	54948326	55266793	-0.107218	-0.045579	-0.026914	-0.062331
Superscaffold11	55266832	55702439	0.374797	0.151512	0.097171	0.318276
Superscaffold11	55702445	55953043	-0.121625	-0.056692	-0.033263	-0.094602
Superscaffold11	55953048	56147156	-0.251036	-0.207600	-0.091592	-0.173102
Superscaffold11	56147159	56457861	0.126568	0.081172	0.044767	0.073692
Superscaffold11	56457866	56841490	-0.111106	-0.044224	-0.025616	-0.056064
Superscaffold11	56841889	57191490	-0.066345	-0.032618	-0.018910	-0.043227
Superscaffold11	57191497	57436094	-0.111332	-0.053811	-0.030270	-0.070606
Superscaffold11	57436127	57696107	-0.369653	-0.309670	-0.152063	-0.272987
Superscaffold11	57696175	57954392	-0.189814	-0.259596	-0.090780	-0.107348
Superscaffold11	57954509	58325819	0.142976	0.069542	0.035566	0.090005
Superscaffold11	58325821	58602975	-0.022967	-0.009894	-0.005583	-0.011239
Superscaffold11	58603030	58858444	-0.280634	-0.163593	-0.090712	-0.169591
Superscaffold11	58858455	59033847	-0.268900	-0.287539	-0.147209	-0.146613
Superscaffold12	138462	394305	0.308850	0.102127	0.067228	0.178846
Superscaffold12	394329	795542	-0.021044	-0.006948	-0.004111	-0.015302
Superscaffold12	795605	1538508	-0.151494	-0.063418	-0.036449	-0.088007
Superscaffold12	1539396	1872725	-0.220412	-0.144707	-0.081190	-0.123652
Superscaffold12	1872758	2052909	-0.353659	-0.263899	-0.121155	-0.215676
Superscaffold12	2052956	2355566	-0.016621	-0.005670	-0.003378	-0.013422
Superscaffold12	2355683	2577559	0.297783	0.194019	0.094831	0.231877
Superscaffold12	2577684	2879815	-0.209355	-0.084432	-0.046464	-0.163371
Superscaffold12	2879922	3183444	-0.049084	-0.023556	-0.012916	-0.028787
Superscaffold12	3183540	3314948	-0.003103	-0.002116	-0.000984	0.000093
Superscaffold12	3315012	3537284	-0.068189	-0.037728	-0.018227	-0.038099
Superscaffold12	3537321	3753159	0.391140	0.167928	0.096018	0.280878
Superscaffold12	3753164	4046176	-0.069352	-0.022376	-0.012596	-0.035936
Superscaffold12	4046563	4304413	-0.267245	-0.133516	-0.063791	-0.161810
Superscaffold12	4304540	4568533	0.065299	0.017178	0.010319	0.032545
Superscaffold12	4568565	4845044	0.170624	0.070118	0.041501	0.103541
Superscaffold12	4845071	5266650	-0.173294	-0.053450	-0.032398	-0.115328
Superscaffold12	5266662	5543809	-0.043801	-0.016436	-0.010020	-0.023024
Superscaffold12	5543839	5745838	-0.060859	-0.071024	-0.034076	-0.028567
Superscaffold12	5745842	5904538	-0.038455	-0.046189	-0.022112	-0.027658
Superscaffold12	5904592	6211130	0.039664	0.028424	0.016101	0.020861
Superscaffold12	6211572	6441772	-0.082305	-0.041141	-0.025102	-0.052601
Superscaffold12	6441820	6720999	-0.047702	-0.038136	-0.022968	-0.023821
Superscaffold12	6721001	6901277	-0.039289	-0.044669	-0.024286	-0.022303
Superscaffold12	6901330	7091775	-0.056508	-0.072491	-0.039401	-0.032858
Superscaffold12	7091838	7317045	0.031243	0.012779	0.007442	0.017398
Superscaffold12	7317243	7665597	-0.134884	-0.048171	-0.030652	-0.081035
Superscaffold12	7665711	8090232	-0.320723	-0.116070	-0.069375	-0.226831
Superscaffold12	8090262	8299705	-0.037514	-0.022018	-0.011199	-0.022282
Superscaffold12	8299714	8404893	-0.293479	-0.319118	-0.167413	-0.166010
Superscaffold12	8405015	8803276	-0.249086	-0.148946	-0.071088	-0.153815
Superscaffold12	8803290	9036602	-0.096699	-0.040445	-0.023695	-0.059448
Superscaffold12	9036947	9360983	-0.064555	-0.017178	-0.010629	-0.041156
Superscaffold12	9361084	9679442	-0.296111	-0.096076	-0.058365	-0.212933
Superscaffold12	9679454	10028690	-0.014469	-0.004891	-0.002694	-0.011861
Superscaffold12	10028862	10394318	-0.115601	-0.035197	-0.019973	-0.069148
Superscaffold12	10394334	10832864	-0.140869	-0.033951	-0.020697	-0.098965
Superscaffold12	10832921	11296173	-0.169904	-0.042333	-0.024178	-0.106156
Superscaffold12	11296233	11669388	-0.102031	-0.031580	-0.017387	-0.064115
Superscaffold12	11669577	12888872	-0.062414	-0.020712	-0.011908	-0.036031
Superscaffold12	12888886	13644626	-0.052805	-0.015831	-0.008215	-0.033648
Superscaffold12	13644656	13967234	0.175704	0.054668	0.032444	0.128882
Superscaffold12	13967246	14420015	-0.065142	-0.014260	-0.008354	-0.043878
Superscaffold12	14420203	14976404	0.044921	0.009286	0.005648	0.035068
Superscaffold12	14976427	15281177	-0.422866	-0.144695	-0.085816	-0.264629
Superscaffold12	15281268	15750218	-0.268520	-0.074284	-0.035362	-0.183647
Superscaffold12	15750292	16128913	-0.058119	-0.018133	-0.009112	-0.041839
Superscaffold12	16128990	16809925	0.062513	0.009260	0.005799	0.050636
Superscaffold12	16809935	17622176	0.104805	0.008653	0.005720	0.064154
Superscaffold12	17624057	18127645	0.086051	0.012672	0.008199	0.060505
Superscaffold12	18127690	19071398	-0.049955	-0.009343	-0.005633	-0.030520
Superscaffold12	19071496	19555514	-0.222771	-0.050986	-0.030563	-0.182039
Superscaffold12	19555526	20034909	-0.086476	-0.015653	-0.010349	-0.061776
Superscaffold12	20034916	20438557	0.166994	0.043742	0.027089	0.145763
Superscaffold12	20438558	20856254	-0.084724	-0.022563	-0.013487	-0.059400
Superscaffold12	20856329	21441447	-0.522195	-0.195165	-0.115264	-0.408084
Superscaffold12	21441491	21861784	-0.083810	-0.024748	-0.016051	-0.047350
Superscaffold12	21861799	22101001	-0.103519	-0.109898	-0.046108	-0.052560
Superscaffold12	22101002	22466801	-0.204181	-0.151841	-0.074527	-0.120997
Superscaffold12	22466871	22905969	-0.119631	-0.056625	-0.026418	-0.058258
Superscaffold12	22906002	23473766	-0.253107	-0.072524	-0.045034	-0.170486
Superscaffold12	23473940	23775810	0.000040	0.000012	0.000007	-0.003393
Superscaffold12	23775871	24156344	0.033517	0.010079	0.006147	0.025605
Superscaffold12	24157413	24517372	0.432281	0.155622	0.090280	0.318087
Superscaffold12	24517382	24910741	0.066695	0.017022	0.011466	0.046612
Superscaffold12	24910784	25395681	-0.154078	-0.030253	-0.020627	-0.112396
Superscaffold12	25396148	25748200	-0.079964	-0.030985	-0.016321	-0.043684
Superscaffold12	25748493	26168501	-0.036432	-0.008329	-0.005822	-0.025679
Superscaffold12	26168594	26434890	0.122252	0.046501	0.027232	0.084369
Superscaffold12	26434915	27381629	-0.121010	-0.048977	-0.027927	-0.065965
Superscaffold12	27381641	27753476	0.024241	0.006149	0.004110	0.013943
Superscaffold12	27753488	28252011	-0.022430	-0.005751	-0.003662	-0.014664
Superscaffold12	28252026	28701719	0.039103	0.010085	0.006187	0.026237
Superscaffold12	28702087	29027586	-0.159115	-0.058290	-0.036411	-0.092329
Superscaffold12	29027621	29376616	-0.267889	-0.071068	-0.047005	-0.174073
Superscaffold12	29376631	29733714	0.131488	0.037894	0.021490	0.082505
Superscaffold12	29733791	30102012	0.288942	0.092168	0.052946	0.230291
Superscaffold12	30102040	30391172	0.138870	0.041222	0.024779	0.099244
Superscaffold12	30391173	30628066	0.004153	0.001595	0.000835	0.006486
Superscaffold12	30628107	31117433	-0.293702	-0.077365	-0.046748	-0.230857
Superscaffold12	31117436	32076689	0.040300	0.015691	0.008368	0.026472
Superscaffold12	32076704	32225655	0.214905	0.183050	0.098818	0.121462
Superscaffold12	32225813	32409633	0.031653	0.018735	0.009597	0.015971
Superscaffold12	32409646	32639144	-0.248272	-0.169452	-0.083250	-0.141286
Superscaffold12	32639230	32923349	-0.175939	-0.065386	-0.036900	-0.088695
Superscaffold12	32923962	33267432	0.082248	0.027475	0.017551	0.041042
Superscaffold12	33267436	33692220	-0.226080	-0.078591	-0.043652	-0.159213
Superscaffold12	33692229	34103636	-0.249855	-0.079846	-0.050644	-0.180025
Superscaffold12	34103739	34490458	-0.124419	-0.033704	-0.021320	-0.099372
Superscaffold12	34490482	34813347	-0.042265	-0.012896	-0.007057	-0.031072
Superscaffold12	34813748	35115986	-0.181329	-0.063744	-0.038866	-0.113092
Superscaffold12	35116051	35423858	-0.207978	-0.090423	-0.048016	-0.145037
Superscaffold12	35424040	35791817	-0.085173	-0.034430	-0.019079	-0.049212
Superscaffold12	35791944	36155444	-0.180421	-0.057883	-0.036647	-0.115886
Superscaffold12	36155579	36373436	-0.309822	-0.178986	-0.094043	-0.242606
Superscaffold12	36373447	36700361	0.072376	0.021747	0.013873	0.058562
Superscaffold12	36700597	36958194	-0.020333	-0.007038	-0.004533	-0.012372
Superscaffold12	36958361	37695332	-0.038582	-0.011467	-0.007128	-0.022161
Superscaffold12	37695354	37933397	-0.082207	-0.032472	-0.019365	-0.040599
Superscaffold12	37933400	38219654	0.061072	0.033630	0.020980	0.038766
Superscaffold12	38219680	38490524	0.005582	0.001657	0.001113	0.001231
Superscaffold12	38490526	38791230	0.195777	0.060838	0.038163	0.114445
Superscaffold12	38791239	39259798	-0.096019	-0.029045	-0.019327	-0.064347
Superscaffold12	39259823	39645403	0.037491	0.011204	0.007662	0.027839
Superscaffold12	39645466	39970691	-0.291888	-0.110355	-0.069706	-0.219598
Superscaffold12	39971243	40343813	-0.009245	-0.002421	-0.001355	-0.003977
Superscaffold12	40343844	40702632	-0.024605	-0.017806	-0.009677	-0.010922
Superscaffold12	40702640	41294015	-0.061653	-0.050008	-0.024775	-0.029203
Superscaffold12	41294112	41549000	-0.104040	-0.033314	-0.021492	-0.061739
Superscaffold12	41549143	42152510	-0.409196	-0.099125	-0.059974	-0.320605
unanchor83	16725	33278	0.081597	0.036140	0.023952	0.048151
unanchor226	6731	61193	-0.017357	-0.007641	-0.004250	-0.008390
unanchor228	61239	104503	-0.086331	-0.055689	-0.029808	-0.049327
unanchor229	104577	203556	-0.011338	-0.007871	-0.004584	-0.001641
unanchor236	158005	337537	0.017853	0.012559	0.006239	0.012771
unanchor236	337559	537179	-0.053493	-0.042448	-0.025921	-0.021980
unanchor251	32728	89194	0.016379	0.006914	0.003870	0.011800
unanchor251	89276	700950	-0.142791	-0.053603	-0.033696	-0.074741
unanchor255	52586	579366	-0.239722	-0.127091	-0.071078	-0.148306
unanchor264	58497	409410	-0.401209	-0.288360	-0.139682	-0.283040
unanchor271	42476	290654	-0.069127	-0.056357	-0.028691	-0.031961
unanchor272	290805	514788	-0.133694	-0.093019	-0.045723	-0.074182
unanchor274	22147	647916	0.153776	0.094470	0.055800	0.094760
unanchor278	182901	813895	-0.120856	-0.087069	-0.046026	-0.064403
unanchor287	22227	280235	-0.155734	-0.095617	-0.050543	-0.089227
unanchor293	5972	520617	-0.246828	-0.124221	-0.070368	-0.166682
unanchor305	126353	227509	-0.092293	-0.049629	-0.027332	-0.056209
unanchor311	75515	397283	0.181015	0.115018	0.065526	0.098722
unanchor315	397291	492059	-0.030747	-0.012557	-0.007022	-0.015918
unanchor317	494583	719557	-0.030131	-0.014944	-0.008408	-0.019026
