chr	windowStart	windowEnd	D	f_d	f_dM	d_f
Superscaffold1	631241	955759	-0.191759	-0.095813	-0.058485	-0.106726
Superscaffold1	955938	1434825	0.175178	0.055953	0.039271	0.109876
Superscaffold1	1435021	1916639	0.176675	0.058135	0.038120	0.122015
Superscaffold1	1916728	2306393	0.103110	0.037369	0.020630	0.071312
Superscaffold1	2306778	2577276	0.183731	0.093932	0.063309	0.117491
Superscaffold1	2577281	2845473	0.005627	0.003015	0.001878	0.006027
Superscaffold1	2845512	3244731	0.010487	0.004632	0.002858	0.002474
Superscaffold1	3244732	3694073	0.117500	0.038151	0.024130	0.071845
Superscaffold1	3694198	4175042	-0.035493	-0.016269	-0.009107	-0.027248
Superscaffold1	4175095	4632902	0.264269	0.133159	0.083819	0.202702
Superscaffold1	4633061	5099515	0.181947	0.074428	0.050616	0.115779
Superscaffold1	5101693	5662334	0.116790	0.032695	0.022241	0.075889
Superscaffold1	5662358	5982091	0.105467	0.055840	0.034964	0.067972
Superscaffold1	5982279	6415888	0.135364	0.054213	0.037068	0.093088
Superscaffold1	6415965	6864478	0.155601	0.061975	0.041634	0.114330
Superscaffold1	6864481	7315242	0.034429	0.012744	0.007896	0.026381
Superscaffold1	7315297	7745532	0.189757	0.093854	0.058212	0.106577
Superscaffold1	7745667	8450091	0.271802	0.108719	0.064904	0.157083
Superscaffold1	8450131	9641061	0.032226	0.010850	0.007190	0.025848
Superscaffold1	9641291	10639128	0.095058	0.035757	0.024620	0.061942
Superscaffold1	10639437	11019271	-0.001698	-0.000717	-0.000447	-0.001875
Superscaffold1	11019430	11442096	0.014490	0.005450	0.003516	0.010573
Superscaffold1	11442256	11876821	-0.035308	-0.012495	-0.007716	-0.023394
Superscaffold1	11877024	12372278	0.083969	0.027055	0.018432	0.055855
Superscaffold1	12372661	12804082	-0.185947	-0.092993	-0.050712	-0.138967
Superscaffold1	12804174	13090329	0.389290	0.210326	0.114179	0.292689
Superscaffold1	13090344	13616327	0.459907	0.227580	0.106889	0.298432
Superscaffold1	13616373	14283938	0.246221	0.080695	0.045649	0.142734
Superscaffold1	14284680	14772031	0.009896	0.003686	0.002220	0.006159
Superscaffold1	14772177	15071239	0.270094	0.125056	0.078290	0.144375
Superscaffold1	15071286	15354516	0.571566	0.255572	0.169622	0.448038
Superscaffold1	15354526	15657796	0.257054	0.120179	0.077132	0.186550
Superscaffold1	15658135	16027573	0.143198	0.058445	0.034356	0.105029
Superscaffold1	16027653	16297775	0.116821	0.056925	0.031605	0.086795
Superscaffold1	16297829	16763089	0.127381	0.053602	0.034431	0.090425
Superscaffold1	16763149	17237718	0.077982	0.028517	0.018733	0.043574
Superscaffold1	17237763	17849433	0.059895	0.020034	0.012510	0.040820
Superscaffold1	17849494	18480116	0.010444	0.004075	0.002280	0.000833
Superscaffold1	18480167	19034449	-0.257720	-0.096993	-0.062885	-0.186977
Superscaffold1	19034599	19571735	-0.123789	-0.042099	-0.029415	-0.095512
Superscaffold1	19571937	19959040	0.402903	0.121439	0.087688	0.315035
Superscaffold1	19959055	20432325	0.207631	0.071749	0.049257	0.157564
Superscaffold1	20444448	21189118	0.260473	0.079475	0.049039	0.187318
Superscaffold1	21189158	21642720	0.226958	0.078995	0.048426	0.179148
Superscaffold1	21642754	22059555	0.201220	0.095967	0.060559	0.158816
Superscaffold1	22059919	22662069	-0.182701	-0.056377	-0.037414	-0.148479
Superscaffold1	22662075	23121237	-0.373775	-0.154903	-0.091793	-0.305630
Superscaffold1	23121240	23687429	0.203460	0.056350	0.033243	0.172797
Superscaffold1	23688020	24207209	0.070074	0.018519	0.012366	0.050668
Superscaffold1	24207216	24669871	0.377758	0.124831	0.080875	0.306552
Superscaffold1	24669877	25103906	0.168548	0.057502	0.035795	0.131736
Superscaffold1	25103932	25582345	-0.183515	-0.060501	-0.037989	-0.133985
Superscaffold1	25582347	26045323	0.098925	0.032315	0.022502	0.071306
Superscaffold1	26045639	26352665	0.074210	0.033662	0.017062	0.055434
Superscaffold1	26353223	26819688	0.092048	0.042985	0.024347	0.059131
Superscaffold1	26819794	27269666	0.133956	0.036665	0.021407	0.113988
Superscaffold1	27269745	27619396	0.177369	0.071176	0.042667	0.115786
Superscaffold1	27619432	27951376	-0.215452	-0.101337	-0.058163	-0.145091
Superscaffold1	27952172	28294251	0.008231	0.003090	0.001987	0.006146
Superscaffold1	28294509	28970547	0.067539	0.020437	0.014345	0.046295
Superscaffold1	28971120	29421978	-0.103150	-0.026379	-0.017483	-0.083078
Superscaffold1	29422069	29900501	0.177883	0.046179	0.027873	0.119757
Superscaffold1	29900585	30317191	0.061517	0.024750	0.016157	0.038764
Superscaffold1	30317217	30950537	-0.042656	-0.013605	-0.009072	-0.027267
Superscaffold1	30950641	31517773	-0.072733	-0.019909	-0.012869	-0.059410
Superscaffold1	31517869	32381327	0.312941	0.091205	0.056008	0.244085
Superscaffold1	32381359	32936275	0.218541	0.061353	0.040296	0.159638
Superscaffold1	32938544	33448150	0.222019	0.070060	0.046642	0.162311
Superscaffold1	33448180	33775070	0.106940	0.051966	0.034218	0.072563
Superscaffold1	33775074	34069345	0.040846	0.013063	0.009351	0.024528
Superscaffold1	34069569	34360679	0.359038	0.129505	0.080100	0.247850
Superscaffold1	34360872	34738839	-0.279190	-0.146731	-0.080928	-0.212830
Superscaffold1	34738840	35262699	0.120695	0.032013	0.023120	0.090853
Superscaffold1	35262856	36307008	0.183597	0.056082	0.037779	0.120574
Superscaffold1	36309093	37044398	0.068775	0.023056	0.015326	0.050312
Superscaffold1	37044705	37490907	0.190000	0.063094	0.043545	0.152039
Superscaffold1	37492221	38101111	0.284224	0.092921	0.062300	0.207430
Superscaffold1	38101173	38502879	-0.172003	-0.062857	-0.041672	-0.136094
Superscaffold1	38502892	38919747	0.111563	0.032746	0.023346	0.084039
Superscaffold1	38919846	39239561	0.409348	0.149778	0.091161	0.345376
Superscaffold1	39239572	39746070	0.492124	0.180425	0.113280	0.407595
Superscaffold1	39746073	40094042	0.549466	0.221680	0.146753	0.479911
Superscaffold1	40094493	40699855	0.083697	0.017718	0.012282	0.063653
Superscaffold1	40699871	41229992	0.214887	0.057869	0.036650	0.162082
Superscaffold1	41230037	41719919	0.369177	0.124380	0.077528	0.307092
Superscaffold1	41719925	42197282	-0.054930	-0.018340	-0.010936	-0.049057
Superscaffold1	42197306	42666017	0.438770	0.171324	0.102851	0.336427
Superscaffold1	42666018	43107751	0.341452	0.152942	0.093496	0.260076
Superscaffold1	43107761	43731447	0.187372	0.038500	0.022419	0.160853
Superscaffold1	43731506	44016192	0.417342	0.163776	0.088563	0.340502
Superscaffold1	44016203	44720663	0.398701	0.130535	0.060659	0.319737
Superscaffold1	44720690	45031073	-0.475184	-0.254703	-0.137510	-0.328713
Superscaffold1	45031088	45488793	0.109026	0.049716	0.027940	0.088924
Superscaffold1	45488867	45933552	-0.443785	-0.146112	-0.077784	-0.356940
Superscaffold1	45934219	46927214	-0.242133	-0.043665	-0.022768	-0.203981
Superscaffold1	46927216	47581099	0.723964	0.269115	0.153931	0.639802
Superscaffold1	47581243	48056932	0.694122	0.314206	0.156332	0.653006
Superscaffold1	48057419	48481421	0.542155	0.203140	0.111442	0.481362
Superscaffold1	48481436	48849222	0.532824	0.167396	0.098738	0.488961
Superscaffold1	48849304	49544307	0.292568	0.046738	0.033775	0.233894
Superscaffold1	49544337	50126398	0.686294	0.202913	0.112720	0.636986
Superscaffold1	50126461	50693257	0.164290	0.039469	0.029038	0.135165
Superscaffold1	50693542	51141234	0.306522	0.168598	0.110075	0.169714
Superscaffold2	256312	725694	0.091198	0.030575	0.019121	0.069578
Superscaffold2	725881	1233859	0.191996	0.065396	0.044706	0.144287
Superscaffold2	1234240	1736628	0.318168	0.127835	0.084547	0.240352
Superscaffold2	1736638	2334930	0.094621	0.025092	0.016106	0.067580
Superscaffold2	2334957	3252378	0.339366	0.109511	0.074396	0.247517
Superscaffold2	3252401	3673081	-0.107896	-0.053407	-0.031289	-0.074086
Superscaffold2	3673314	4307607	-0.016620	-0.005157	-0.003157	-0.007822
Superscaffold2	4308054	4803941	0.087610	0.027312	0.016211	0.074528
Superscaffold2	4804096	5366520	0.124159	0.044919	0.030727	0.082591
Superscaffold2	5366571	5931478	0.311446	0.108059	0.064036	0.228134
Superscaffold2	5931484	6520236	0.086411	0.026500	0.017635	0.061255
Superscaffold2	6520553	7344746	0.408210	0.114255	0.069099	0.339560
Superscaffold2	7344773	7747837	0.325946	0.108414	0.067514	0.232390
Superscaffold2	7748715	8329699	0.085275	0.025911	0.016033	0.060505
Superscaffold2	8329878	9163647	0.035636	0.008638	0.005837	0.028025
Superscaffold2	9165843	9809303	0.314563	0.110970	0.069962	0.243933
Superscaffold2	9809316	10237475	0.024941	0.008851	0.005289	0.020005
Superscaffold2	10237476	10648000	0.237680	0.100716	0.060257	0.137613
Superscaffold2	10648040	11273778	0.014109	0.004204	0.002571	0.013608
Superscaffold2	11273915	11827327	0.078774	0.024416	0.014578	0.063278
Superscaffold2	11827476	12936980	0.130621	0.043151	0.025706	0.091858
Superscaffold2	12937003	13447120	0.145131	0.052001	0.030826	0.114956
Superscaffold2	13447692	14040669	0.303449	0.086986	0.054513	0.236476
Superscaffold2	14040678	14713571	0.186286	0.040246	0.025872	0.144291
Superscaffold2	14713582	15196033	0.169539	0.054494	0.033346	0.135109
Superscaffold2	15196199	16403793	0.048394	0.016511	0.010413	0.032125
Superscaffold2	16404514	16886835	0.022224	0.009343	0.005647	0.020214
Superscaffold2	16886863	17612303	0.324382	0.091042	0.059161	0.253070
Superscaffold2	17612378	18168141	0.127173	0.034759	0.020733	0.092738
Superscaffold2	18168246	18569520	0.499451	0.218463	0.115472	0.412536
Superscaffold2	18569543	19178281	0.247217	0.075447	0.043806	0.193419
Superscaffold2	19178361	19887286	0.018621	0.006352	0.003349	0.019585
Superscaffold2	19887331	20281941	0.347980	0.127278	0.072367	0.271495
Superscaffold2	20282055	20669417	0.067087	0.029900	0.015174	0.050888
Superscaffold2	20669462	21189514	0.210850	0.086250	0.056009	0.132712
Superscaffold2	21189539	21667659	0.502564	0.197740	0.116424	0.466838
Superscaffold2	21667716	22033780	0.742218	0.371426	0.232379	0.689607
Superscaffold2	22033928	22571815	0.413583	0.159423	0.098670	0.329886
Superscaffold2	22571818	23058284	-0.376962	-0.117952	-0.074130	-0.269239
Superscaffold2	23058402	23555255	0.363949	0.109776	0.068019	0.318852
Superscaffold2	23555360	24016835	0.393739	0.146593	0.081970	0.315309
Superscaffold2	24016945	24347571	0.455337	0.210678	0.126756	0.362101
Superscaffold2	24347704	24757426	0.037630	0.010415	0.006302	0.027874
Superscaffold2	24757470	25332348	0.485930	0.165933	0.101579	0.374785
Superscaffold2	25332452	25704450	-0.020540	-0.008479	-0.005096	-0.014388
Superscaffold2	25704478	26119925	0.504418	0.182739	0.114903	0.389220
Superscaffold2	26120011	26623500	0.478242	0.161361	0.106470	0.434977
Superscaffold2	26623568	27030355	0.291454	0.094008	0.063198	0.233874
Superscaffold2	27030696	27475049	0.211549	0.082091	0.048099	0.160583
Superscaffold2	27475109	28205285	0.143844	0.048690	0.034798	0.101392
Superscaffold2	28205989	28941259	0.112764	0.030267	0.018407	0.073007
Superscaffold2	28941310	29253072	0.075161	0.022131	0.013885	0.052382
Superscaffold2	29253252	29648721	-0.071109	-0.025776	-0.016231	-0.050224
Superscaffold2	29648933	30200781	0.358797	0.120733	0.072002	0.292959
Superscaffold2	30200891	30710069	0.392833	0.154312	0.089665	0.321809
Superscaffold2	30710097	31165731	0.525870	0.189423	0.123355	0.445366
Superscaffold2	31165754	31608449	0.303428	0.088857	0.056243	0.235098
Superscaffold2	31608536	32224435	0.115225	0.043064	0.025754	0.079686
Superscaffold2	32224646	32706172	-0.035151	-0.010982	-0.006900	-0.022263
Superscaffold2	32706185	33173603	-0.010887	-0.003336	-0.001941	-0.006956
Superscaffold2	33173668	33734249	0.377800	0.117648	0.073109	0.307910
Superscaffold2	33734342	34260625	0.170771	0.053556	0.034166	0.133996
Superscaffold2	34260648	34906208	0.195651	0.045738	0.028388	0.165645
Superscaffold2	34906234	35231139	0.826446	0.476887	0.274585	0.750862
Superscaffold2	35231369	35724363	0.077727	0.030751	0.017446	0.070410
Superscaffold2	35724507	36418567	0.381068	0.133305	0.081147	0.292959
Superscaffold2	36418586	36721056	0.407809	0.180452	0.112297	0.330792
Superscaffold2	36721110	37125989	0.310519	0.127189	0.082664	0.247557
Superscaffold2	37126012	37535629	0.401606	0.131364	0.082974	0.301572
Superscaffold2	37536131	38056423	0.326936	0.095730	0.059536	0.257487
Superscaffold2	38056428	38743651	0.324383	0.083728	0.051639	0.262628
Superscaffold2	38744660	39185044	0.057618	0.016485	0.010336	0.046415
Superscaffold2	39185050	39710113	0.226003	0.055536	0.035608	0.186630
Superscaffold2	39710153	40162472	0.111532	0.030266	0.019180	0.080582
Superscaffold2	40162506	40459443	0.129174	0.035234	0.022565	0.091334
Superscaffold2	40459491	40949117	-0.165568	-0.038564	-0.024967	-0.129985
Superscaffold2	40949307	41121133	0.082681	0.030857	0.021352	0.065392
Superscaffold2	41121215	41524477	-0.034513	-0.008633	-0.005991	-0.029443
Superscaffold2	41524480	42113146	0.110304	0.026281	0.016859	0.100891
Superscaffold2	42113387	42466027	0.564889	0.238700	0.136338	0.477659
Superscaffold2	42466040	42896264	-0.208559	-0.052537	-0.035759	-0.163701
Superscaffold2	42896316	43294866	0.342504	0.167780	0.096982	0.273632
Superscaffold2	43295525	43663226	0.239919	0.106504	0.061911	0.203810
Superscaffold2	43663422	44096166	0.600445	0.355942	0.188539	0.512076
Superscaffold2	44096206	44349895	0.320528	0.217994	0.110757	0.272110
Superscaffold2	44350207	44820798	0.844460	0.459285	0.235765	0.784836
Superscaffold2	44820843	45308493	0.880748	0.381532	0.207584	0.844899
Superscaffold2	45308714	45861569	0.809722	0.403211	0.199774	0.765931
Superscaffold2	45861636	46349039	0.839436	0.412884	0.229355	0.783488
Superscaffold2	46349170	46746349	0.709553	0.230976	0.140958	0.661294
Superscaffold2	46746353	47365752	0.700901	0.230942	0.133744	0.661806
Superscaffold2	47365812	47976837	0.414233	0.162112	0.088644	0.322291
Superscaffold2	47977778	48308016	0.475750	0.221415	0.109530	0.345730
Superscaffold2	48308032	48629757	0.593871	0.370506	0.179071	0.514001
Superscaffold2	48629784	48925322	0.691951	0.455227	0.283122	0.574119
Superscaffold2	48926062	49292589	0.588033	0.279023	0.152907	0.524386
Superscaffold2	49292677	49692791	0.012932	0.005498	0.003010	0.009249
Superscaffold2	49693122	50168721	0.173621	0.055528	0.030500	0.111290
Superscaffold2	50169085	50537073	0.223277	0.082385	0.053781	0.169865
Superscaffold2	50537125	51092658	-0.091856	-0.033159	-0.018435	-0.076537
Superscaffold2	51092687	51576452	0.589470	0.170993	0.099150	0.494619
Superscaffold2	51576466	51837752	0.443767	0.139967	0.096643	0.344512
Superscaffold2	51837756	52034703	0.374337	0.206048	0.116423	0.341784
Superscaffold2	52034717	52382961	0.420817	0.137469	0.078520	0.368466
Superscaffold2	52382998	52714298	0.149525	0.045151	0.028935	0.105065
Superscaffold2	52714369	53016852	-0.046604	-0.024473	-0.014754	-0.029857
Superscaffold2	53016861	53778705	0.481551	0.211881	0.142633	0.381176
Superscaffold2	53778882	54182355	0.117143	0.048476	0.029872	0.084817
Superscaffold2	54182358	54879260	0.140226	0.048038	0.033970	0.091908
Superscaffold2	54879300	55325835	0.139864	0.042269	0.031015	0.106935
Superscaffold2	55325836	55892861	0.311556	0.084522	0.066928	0.206136
Superscaffold2	55893331	56287438	0.394402	0.153191	0.087845	0.307760
Superscaffold2	56287589	56657351	-0.019230	-0.009652	-0.005146	-0.016004
Superscaffold2	56657413	57056346	0.309029	0.113959	0.072906	0.241130
Superscaffold2	57056382	57464556	0.299254	0.144146	0.076280	0.249282
Superscaffold2	57464594	58252685	0.100660	0.028551	0.016240	0.071552
Superscaffold2	58253020	58597467	-0.094756	-0.036824	-0.020028	-0.051993
Superscaffold2	58597511	58946415	-0.540591	-0.197949	-0.127234	-0.451569
Superscaffold2	58947556	59378929	0.384050	0.145101	0.083740	0.315897
Superscaffold2	59386169	59816652	0.069588	0.027090	0.015281	0.055512
Superscaffold2	59816847	60302449	0.105843	0.030103	0.018611	0.086960
Superscaffold2	60302463	60711202	0.202565	0.064372	0.041858	0.175602
Superscaffold2	60711392	61314538	0.128560	0.045198	0.028522	0.074254
Superscaffold2	61314610	62269096	0.361247	0.121735	0.085170	0.237474
Superscaffold2	62269752	62917896	0.171594	0.055200	0.036394	0.135380
Superscaffold2	62917948	63174728	0.426799	0.195255	0.118986	0.324438
Superscaffold2	63174783	63485308	0.144629	0.065144	0.040765	0.106230
Superscaffold2	63485331	64067313	-0.310478	-0.131944	-0.081002	-0.233513
Superscaffold2	64067314	64440234	0.077774	0.033231	0.020156	0.065970
Superscaffold2	64440249	65261839	-0.015805	-0.006282	-0.003846	-0.010084
Superscaffold2	65261921	65735406	0.595350	0.245296	0.145383	0.507674
Superscaffold2	65735672	66239628	0.242057	0.073603	0.045130	0.186033
Superscaffold2	66239637	66711888	0.370908	0.137772	0.076956	0.301522
Superscaffold2	66713030	67220559	-0.120016	-0.051812	-0.025049	-0.088804
Superscaffold2	67220648	67636790	0.060075	0.024623	0.015535	0.046741
Superscaffold2	67636794	68122337	0.250495	0.069869	0.043810	0.215963
Superscaffold2	68123507	68540877	0.601490	0.228174	0.130040	0.542459
Superscaffold2	68540964	69089872	-0.018297	-0.003914	-0.002547	-0.012300
Superscaffold2	69089933	69520984	-0.026149	-0.008757	-0.005682	-0.019178
Superscaffold2	69521000	69939836	-0.258636	-0.070230	-0.052062	-0.201557
Superscaffold2	69939837	70396974	0.231598	0.079745	0.049967	0.172890
Superscaffold2	70397012	71103528	0.098886	0.034578	0.022801	0.075900
Superscaffold2	71103657	71474087	0.223025	0.082410	0.048873	0.156026
Superscaffold2	71474376	71852084	0.334378	0.134179	0.086314	0.247973
Superscaffold2	71852673	72353989	0.039826	0.014339	0.009102	0.026030
Superscaffold2	72354010	72733056	-0.189204	-0.084577	-0.051140	-0.123283
Superscaffold2	72733352	73187299	0.139968	0.047220	0.032131	0.107279
Superscaffold2	73187442	73658903	0.201407	0.060001	0.040009	0.145158
Superscaffold2	73658911	73969458	0.112263	0.056445	0.036971	0.087745
Superscaffold2	73970461	74321431	0.249618	0.090720	0.053829	0.164445
Superscaffold2	74321452	74636747	-0.253800	-0.120445	-0.072793	-0.182383
Superscaffold2	74636778	75089030	0.182960	0.079884	0.048284	0.138061
Superscaffold2	75089043	75342113	-0.250098	-0.140145	-0.071326	-0.172253
Superscaffold2	75342137	75657532	-0.178333	-0.092578	-0.049344	-0.112216
Superscaffold2	75657672	76365298	0.270052	0.089063	0.060897	0.161906
Superscaffold2	76365362	76952332	0.256460	0.082822	0.053034	0.195040
Superscaffold2	76952892	77426271	0.351237	0.121621	0.081081	0.277702
Superscaffold2	77426487	77803448	-0.007220	-0.002178	-0.001441	-0.001001
Superscaffold2	77803520	78239898	0.135609	0.034372	0.024792	0.084903
Superscaffold2	78239929	78641937	0.224172	0.099638	0.063247	0.155831
Superscaffold2	78642021	79220787	0.020177	0.006290	0.004041	0.021496
Superscaffold2	79220911	80201684	0.068848	0.024844	0.014709	0.050747
Superscaffold2	80201702	80600842	0.214887	0.097597	0.061823	0.138473
Superscaffold2	80600951	81041450	0.306526	0.100267	0.066460	0.230723
Superscaffold2	81041489	81860152	0.001050	0.000307	0.000194	-0.000395
Superscaffold2	81860165	82293006	0.252370	0.092114	0.052951	0.198570
Superscaffold2	82293119	83045238	0.222387	0.084572	0.049833	0.172780
Superscaffold2	83045264	83435100	0.373494	0.143332	0.090000	0.290011
Superscaffold2	83435187	83814992	0.196967	0.070472	0.045178	0.139206
Superscaffold2	83815325	84341240	0.372769	0.138983	0.089191	0.305416
Superscaffold2	84341254	84789419	0.403824	0.134521	0.081022	0.341287
Superscaffold2	84789422	85095058	-0.469759	-0.205145	-0.123305	-0.390636
Superscaffold2	85095073	85551065	0.623808	0.203469	0.131008	0.561147
Superscaffold2	85551248	86463654	0.358544	0.122105	0.074497	0.272800
Superscaffold2	86463656	87547671	0.052827	0.018565	0.011343	0.040284
Superscaffold2	87547757	87938602	0.240130	0.081597	0.050269	0.195507
Superscaffold2	87938684	88316945	0.385593	0.133140	0.092147	0.311984
Superscaffold2	88316988	88799526	0.242585	0.072972	0.051068	0.179102
Superscaffold2	88799529	89138543	0.152026	0.073158	0.040176	0.100150
Superscaffold2	89138578	89600236	-0.030393	-0.009735	-0.005988	-0.019215
Superscaffold2	89600881	90027006	0.098380	0.029483	0.018162	0.073266
Superscaffold2	90027478	90525171	0.180812	0.050854	0.029406	0.126543
Superscaffold2	90525188	91027761	0.071334	0.021792	0.015209	0.058394
Superscaffold2	91027810	92199924	0.028898	0.008636	0.005389	0.022093
Superscaffold2	92200538	92671882	0.091522	0.031792	0.018973	0.079892
Superscaffold2	92671898	93383267	-0.147715	-0.065868	-0.035515	-0.107388
Superscaffold2	93383300	94061835	0.110261	0.037664	0.021836	0.081381
Superscaffold2	94062007	94602595	0.096388	0.043946	0.026152	0.069070
Superscaffold2	94602774	95153243	-0.093891	-0.025745	-0.016565	-0.069223
Superscaffold2	95154318	95573986	-0.126603	-0.041734	-0.026899	-0.085285
Superscaffold2	95574366	96005882	-0.020940	-0.007682	-0.005233	-0.014120
Superscaffold2	96006157	96403102	0.123037	0.044989	0.031127	0.083830
Superscaffold2	96403128	96882709	0.220351	0.084217	0.050063	0.158456
Superscaffold2	96882725	97341090	0.027752	0.009548	0.006271	0.019577
Superscaffold2	97341222	97565065	0.111391	0.047847	0.028783	0.062302
Superscaffold2	97572443	98073019	0.065254	0.027158	0.016372	0.035293
Superscaffold2	98073063	98474534	0.143337	0.052095	0.033523	0.101846
Superscaffold2	98474882	99101740	0.079773	0.025022	0.018002	0.049776
Superscaffold2	99101948	99423765	-0.133884	-0.079618	-0.037009	-0.082005
Superscaffold2	99424485	99722532	-0.088964	-0.053164	-0.031082	-0.049051
Superscaffold2	99722535	99920612	-0.039388	-0.025448	-0.016311	-0.025149
Superscaffold2	99920634	100330905	0.169672	0.086332	0.056949	0.103481
Superscaffold2	100330915	101017174	0.070254	0.026063	0.017011	0.042539
Superscaffold3	76635	514665	0.076517	0.028316	0.019604	0.054562
Superscaffold3	514712	783448	0.042655	0.028655	0.019845	0.035777
Superscaffold3	783536	1197713	0.051732	0.026819	0.017750	0.030004
Superscaffold3	1197817	1646958	0.104332	0.043868	0.030988	0.057816
Superscaffold3	1647054	2223922	0.004274	0.001611	0.001095	0.000157
Superscaffold3	2223923	2608336	0.047692	0.017456	0.013177	0.026294
Superscaffold3	2608880	2882775	-0.003352	-0.001216	-0.000858	-0.000437
Superscaffold3	2882795	3516277	0.007539	0.002606	0.001786	0.008152
Superscaffold3	3516454	3875751	-0.067202	-0.027687	-0.017703	-0.042902
Superscaffold3	3876245	4728334	0.143160	0.058132	0.034670	0.089070
Superscaffold3	4728446	5398469	0.002596	0.001231	0.000791	0.000713
Superscaffold3	5398480	5731988	0.207165	0.107888	0.066779	0.118302
Superscaffold3	5732032	6042514	0.277546	0.110144	0.076235	0.170938
Superscaffold3	6042841	6436440	0.005813	0.002344	0.001618	0.003986
Superscaffold3	6436482	6758844	-0.061692	-0.031393	-0.019563	-0.034766
Superscaffold3	6758894	7435697	0.049632	0.018348	0.012342	0.034059
Superscaffold3	7435759	8033964	0.101769	0.038168	0.024170	0.055031
Superscaffold3	8036645	9022172	0.178854	0.043972	0.029314	0.116665
Superscaffold3	9027785	9687779	0.298501	0.154541	0.098755	0.203564
Superscaffold3	9687800	9958727	-0.040940	-0.023136	-0.014762	-0.026536
Superscaffold3	9958761	10865338	0.056065	0.030140	0.019631	0.034141
Superscaffold3	10865422	11270490	0.108614	0.068189	0.044273	0.056202
Superscaffold3	11270530	11547625	0.013939	0.009026	0.005827	0.006669
Superscaffold3	11548161	11881874	0.180797	0.112382	0.071214	0.100584
Superscaffold3	11881890	12099311	0.072247	0.045545	0.029327	0.034739
Superscaffold3	12099369	12414077	0.104479	0.055525	0.038163	0.055333
Superscaffold3	12414096	12706275	0.008680	0.005598	0.003578	0.002210
Superscaffold3	12706299	13161447	0.047814	0.019270	0.012729	0.037246
Superscaffold3	13161680	13455575	-0.088594	-0.046100	-0.027274	-0.046744
Superscaffold3	13455913	14186551	0.123305	0.052446	0.035996	0.068592
Superscaffold3	14186594	14440301	0.106836	0.055205	0.036957	0.051036
Superscaffold3	14440378	14613843	0.007147	0.005093	0.003215	0.006617
Superscaffold3	14614035	14825741	0.082240	0.061004	0.038146	0.045274
Superscaffold3	14825871	15112226	0.005080	0.002704	0.001853	-0.000127
Superscaffold3	15112254	15379253	-0.019973	-0.011628	-0.007504	-0.015231
Superscaffold3	15379293	15568222	0.053621	0.039864	0.024114	0.029518
Superscaffold3	15569203	16180108	0.024994	0.012660	0.007663	0.017187
Superscaffold3	16180169	16745672	0.103218	0.047567	0.030613	0.063842
Superscaffold3	16745698	17002915	0.013575	0.010266	0.006262	0.008763
Superscaffold3	17002935	17375675	-0.112358	-0.064569	-0.040648	-0.063178
Superscaffold3	17376029	17780063	-0.064590	-0.032625	-0.021790	-0.039383
Superscaffold3	17780068	18047727	-0.046752	-0.019862	-0.013177	-0.031639
Superscaffold3	18047798	18719346	-0.036104	-0.013856	-0.008620	-0.028418
Superscaffold3	18719407	19564448	0.059676	0.024544	0.016666	0.033354
Superscaffold3	19564454	19945046	-0.073594	-0.029563	-0.019753	-0.047066
Superscaffold3	19945110	20254762	0.082291	0.035327	0.025505	0.059880
Superscaffold3	20254943	20478402	0.197433	0.112359	0.069837	0.121494
Superscaffold3	20478422	20801210	-0.086369	-0.043694	-0.027612	-0.051682
Superscaffold3	20801723	21016818	0.014630	0.007867	0.004563	0.003815
Superscaffold3	21016865	21679642	-0.014005	-0.007418	-0.004248	-0.004166
Superscaffold3	21679775	22031045	0.164645	0.070655	0.046065	0.086255
Superscaffold3	22031539	22257748	0.001310	0.000541	0.000377	-0.003667
Superscaffold3	22258448	22653022	0.097202	0.036481	0.022951	0.059166
Superscaffold3	22653116	23026209	0.185286	0.075927	0.046910	0.138156
Superscaffold3	23026252	23341058	-0.039852	-0.016788	-0.011384	-0.026093
Superscaffold3	23344167	23677607	0.038726	0.016767	0.010969	0.017053
Superscaffold3	23677646	24160581	0.208087	0.048738	0.032589	0.129777
Superscaffold3	24160582	24849678	0.007624	0.002809	0.001903	0.004545
Superscaffold3	24849728	25349134	-0.060658	-0.027514	-0.018028	-0.041294
Superscaffold3	25349169	25519244	-0.066301	-0.030466	-0.021318	-0.038455
Superscaffold3	25519337	26309767	-0.040525	-0.015255	-0.009944	-0.019526
Superscaffold3	26309985	26566758	0.313929	0.143283	0.087383	0.186895
Superscaffold3	26566802	26795884	0.015208	0.007420	0.004397	0.005535
Superscaffold3	26795911	27123882	0.067868	0.028925	0.016907	0.044413
Superscaffold3	27124100	27705664	0.020464	0.006587	0.004285	0.017047
Superscaffold3	27705779	28126459	0.145402	0.062292	0.035436	0.097552
Superscaffold3	28126488	28491596	0.144102	0.049588	0.031716	0.105247
Superscaffold3	28491597	28790568	-0.054719	-0.016798	-0.010388	-0.033488
Superscaffold3	28791020	29103576	0.099482	0.027282	0.018210	0.063170
Superscaffold3	29103596	29449246	0.031476	0.014290	0.009478	0.019930
Superscaffold3	29450141	29707933	0.330050	0.120857	0.082205	0.254266
Superscaffold3	29707978	30064267	-0.021894	-0.008018	-0.005370	-0.016940
Superscaffold3	30064292	31045031	-0.143305	-0.044318	-0.027285	-0.088175
Superscaffold3	31045337	31446224	0.145795	0.051879	0.029269	0.113190
Superscaffold3	31446268	31877919	0.601041	0.249984	0.151741	0.543304
Superscaffold3	31877962	32333222	0.227943	0.060563	0.039799	0.151860
Superscaffold3	32333293	32886398	0.200222	0.062663	0.040025	0.149311
Superscaffold3	32886459	33271726	-0.369481	-0.152013	-0.093858	-0.248067
Superscaffold3	33272248	33700891	0.088569	0.027627	0.019102	0.066561
Superscaffold3	33701034	34168728	-0.138318	-0.040381	-0.029991	-0.099930
Superscaffold3	34168732	34476495	-0.049673	-0.016949	-0.010594	-0.031843
Superscaffold3	34476504	35037888	0.058974	0.015474	0.010849	0.040824
Superscaffold3	35038226	35355265	0.049189	0.021872	0.011929	0.036640
Superscaffold3	35355277	35746437	0.465935	0.088205	0.063709	0.336150
Superscaffold3	35746540	36214168	-0.252566	-0.090739	-0.054277	-0.169380
Superscaffold3	36214186	36819268	0.303938	0.100370	0.059439	0.230095
Superscaffold3	36819303	37462289	0.491265	0.155575	0.106868	0.370874
Superscaffold3	37462304	37728855	0.289933	0.159450	0.102992	0.219512
Superscaffold3	37728976	38145496	0.034452	0.012869	0.008236	0.025562
Superscaffold3	38145514	38388406	-0.373884	-0.219182	-0.140987	-0.281374
Superscaffold3	38388846	38993998	0.043641	0.011157	0.007689	0.025765
Superscaffold3	38994434	39684336	-0.228934	-0.043747	-0.026551	-0.213698
Superscaffold3	39684348	40317530	0.003300	0.000787	0.000473	0.005836
Superscaffold3	40317604	41046722	-0.111876	-0.028366	-0.016773	-0.084244
Superscaffold3	41046736	41715983	0.124598	0.028955	0.018103	0.107820
Superscaffold3	41717184	42205995	0.451172	0.158630	0.098556	0.400613
Superscaffold3	42206019	42755654	0.453419	0.146580	0.092368	0.374966
Superscaffold3	42755718	43393686	0.213088	0.053938	0.035056	0.179616
Superscaffold3	43393721	43809589	-0.122746	-0.047524	-0.028663	-0.094831
Superscaffold3	43809618	44419033	0.244071	0.082056	0.050190	0.178471
Superscaffold3	44419084	44836666	0.299590	0.105014	0.065498	0.258137
Superscaffold3	44836679	45126350	-0.234876	-0.088155	-0.054770	-0.163112
Superscaffold3	45126419	45611965	0.211694	0.068389	0.038613	0.161848
Superscaffold3	45612077	46132737	0.364627	0.147533	0.082981	0.296120
Superscaffold3	46132808	46407557	-0.166753	-0.064874	-0.044824	-0.117153
Superscaffold3	46407563	47203109	0.010875	0.002668	0.001859	0.006930
Superscaffold3	47204544	47777468	0.076128	0.019644	0.013549	0.046790
Superscaffold3	47777512	48222344	0.143876	0.059703	0.036472	0.126205
Superscaffold3	48222459	48646137	0.135987	0.047809	0.027575	0.103373
Superscaffold3	48647179	49067004	0.012817	0.003592	0.002463	0.012188
Superscaffold3	49067111	49445021	-0.098375	-0.024776	-0.016691	-0.068284
Superscaffold3	49445182	49827213	-0.125232	-0.044053	-0.027018	-0.082820
Superscaffold3	49834378	50163312	0.563149	0.294995	0.177392	0.401145
Superscaffold3	50163329	50421269	0.420090	0.264920	0.157615	0.289809
Superscaffold3	50421471	50795894	-0.377588	-0.207884	-0.116399	-0.245645
Superscaffold3	50795977	51305044	0.172100	0.057215	0.035858	0.121934
Superscaffold3	51305107	51770733	0.079555	0.027590	0.017509	0.053467
Superscaffold3	51770774	52154965	0.095721	0.044803	0.025715	0.065892
Superscaffold3	52154982	52508004	0.318774	0.128596	0.072977	0.253031
Superscaffold3	52508479	52966455	0.198515	0.076448	0.047351	0.141997
Superscaffold3	52966495	53281823	0.176198	0.069903	0.045549	0.131480
Superscaffold3	53281990	53655742	0.101790	0.029016	0.022167	0.060402
Superscaffold3	53655743	53996248	0.028484	0.014855	0.009987	0.021712
Superscaffold3	53996273	54545755	-0.037098	-0.013319	-0.008570	-0.023033
Superscaffold3	54545788	54859260	0.053237	0.025139	0.015632	0.026100
Superscaffold3	54859451	55715073	-0.006019	-0.002582	-0.001703	-0.004389
Superscaffold3	55715258	56185419	0.248381	0.105832	0.067408	0.174898
Superscaffold3	56185532	56532850	0.079257	0.046677	0.027622	0.055927
Superscaffold3	56533171	56800814	0.232913	0.089475	0.063299	0.135508
Superscaffold3	56800829	57249943	0.473446	0.185599	0.127090	0.340867
Superscaffold3	57249950	57656048	0.230378	0.075220	0.048494	0.170658
Superscaffold3	57656106	58189274	0.129915	0.038093	0.023296	0.086937
Superscaffold3	58189330	58474283	-0.052286	-0.032473	-0.015478	-0.022139
Superscaffold3	58474398	58860947	0.166535	0.083052	0.041475	0.116435
Superscaffold3	58860958	59225846	0.156796	0.060875	0.036785	0.104302
Superscaffold3	59225873	59622810	0.004038	0.001580	0.001055	-0.002285
Superscaffold3	59622852	60103295	0.063815	0.026670	0.017980	0.035927
Superscaffold3	60103316	60700892	0.018664	0.008451	0.005572	0.011454
Superscaffold3	60701026	61232146	0.048193	0.024131	0.015120	0.035266
Superscaffold3	61232261	61680923	0.233496	0.078188	0.049583	0.157923
Superscaffold3	61680934	62333836	0.037715	0.012768	0.008257	0.017881
Superscaffold3	62333921	62679044	-0.169454	-0.093841	-0.059345	-0.095247
Superscaffold3	62679117	63789801	0.048952	0.017295	0.011219	0.038618
Superscaffold3	63789811	64527745	-0.058644	-0.019344	-0.011833	-0.035910
Superscaffold3	64527954	64904756	-0.168372	-0.071041	-0.043949	-0.110604
Superscaffold3	64904804	65283535	-0.108277	-0.056369	-0.036876	-0.064823
Superscaffold3	65283540	65581460	-0.063274	-0.049728	-0.031892	-0.036555
Superscaffold3	65581464	65890512	0.060858	0.023022	0.016976	0.030735
Superscaffold3	65890556	66415032	0.238567	0.102089	0.064797	0.153072
Superscaffold3	66415153	66789094	-0.147549	-0.053472	-0.032395	-0.101360
Superscaffold3	66789234	67110320	0.295684	0.140780	0.086416	0.200708
Superscaffold4	361625	872822	0.050584	0.016879	0.011944	0.029811
Superscaffold4	873151	1190765	-0.073412	-0.045329	-0.027997	-0.044025
Superscaffold4	1190770	1830584	0.050477	0.021828	0.015342	0.023405
Superscaffold4	1830731	2590950	0.085672	0.032379	0.022294	0.048853
Superscaffold4	2590954	3105581	0.097595	0.046884	0.030913	0.045154
Superscaffold4	3107194	3485338	0.056849	0.026216	0.017273	0.036053
Superscaffold4	3485413	3936139	0.148413	0.080014	0.051822	0.077205
Superscaffold4	3936174	4886720	-0.089747	-0.026446	-0.017940	-0.063673
Superscaffold4	4886722	5400316	-0.008645	-0.004874	-0.003258	-0.006416
Superscaffold4	5400746	6407171	-0.130536	-0.057125	-0.035954	-0.071081
Superscaffold4	6407374	6646036	0.112215	0.041810	0.030576	0.057278
Superscaffold4	6646628	7088684	0.024446	0.008406	0.006245	0.007977
Superscaffold4	7089523	7351407	-0.130774	-0.044700	-0.030596	-0.063542
Superscaffold4	7351474	7727047	-0.052373	-0.031600	-0.020258	-0.032808
Superscaffold4	7727264	7964174	-0.078928	-0.056763	-0.035146	-0.047388
Superscaffold4	7964192	8665673	0.047609	0.023308	0.014899	0.022652
Superscaffold4	8665812	8904759	0.101072	0.057353	0.039132	0.052141
Superscaffold4	8904780	9094440	-0.088733	-0.057118	-0.035278	-0.045326
Superscaffold4	9094497	9591835	-0.110524	-0.054358	-0.033228	-0.066812
Superscaffold4	9591900	9842577	-0.016731	-0.007798	-0.005375	-0.008237
Superscaffold4	9842602	10076182	0.045904	0.028399	0.019396	0.030177
Superscaffold4	10076200	10978471	0.069397	0.027039	0.018353	0.039581
Superscaffold4	10978498	11464521	-0.077158	-0.037879	-0.025095	-0.044856
Superscaffold4	11464524	11770886	0.030078	0.015400	0.009232	0.025980
Superscaffold4	11770975	12039261	0.348353	0.175703	0.115707	0.239314
Superscaffold4	12039280	12364488	0.081001	0.042874	0.025935	0.048354
Superscaffold4	12364623	12810048	0.033787	0.017089	0.011168	0.021688
Superscaffold4	12810218	13034939	-0.207498	-0.119981	-0.072944	-0.128893
Superscaffold4	13035442	13276439	-0.071864	-0.042691	-0.026147	-0.038447
Superscaffold4	13276940	13629593	0.389451	0.205092	0.125078	0.240229
Superscaffold4	13629599	13864667	-0.142508	-0.108656	-0.060991	-0.088856
Superscaffold4	13864790	14277010	-0.140661	-0.090488	-0.041639	-0.081169
Superscaffold4	14277032	14584739	0.196957	0.094778	0.060724	0.109674
Superscaffold4	14584834	14880020	0.085217	0.046232	0.026208	0.049569
Superscaffold4	14880038	15255011	-0.003524	-0.001574	-0.001029	-0.002207
Superscaffold4	15255036	16063655	0.025946	0.015550	0.009443	0.019086
Superscaffold4	16063695	16327245	-0.151469	-0.095865	-0.057424	-0.084893
Superscaffold4	16327753	16777804	0.047882	0.020139	0.014081	0.025792
Superscaffold4	16777843	17360509	0.068516	0.034211	0.021793	0.036437
Superscaffold4	17360525	17742271	0.131084	0.060202	0.041080	0.071091
Superscaffold4	17742338	17957821	-0.279202	-0.236440	-0.114658	-0.155709
Superscaffold4	17958361	18322611	0.017384	0.008849	0.005807	0.010026
Superscaffold4	18322665	18900389	0.163960	0.093746	0.057070	0.090707
Superscaffold4	18901039	19172030	0.793138	0.602136	0.361245	0.692618
Superscaffold4	19172044	19458802	0.269658	0.126237	0.076145	0.209192
Superscaffold4	19458825	19729259	-0.159363	-0.095543	-0.050931	-0.108248
Superscaffold4	19729276	20057024	-0.042002	-0.023073	-0.013189	-0.024812
Superscaffold4	20057086	20372391	0.009403	0.004039	0.002626	0.003092
Superscaffold4	20373273	20817311	0.065448	0.029920	0.019029	0.035231
Superscaffold4	20817353	21406809	0.295020	0.119300	0.075827	0.177726
Superscaffold4	21406973	21973641	0.556203	0.195996	0.128676	0.416404
Superscaffold4	21973716	22256889	0.063422	0.036315	0.021567	0.037577
Superscaffold4	22257022	22447580	-0.044090	-0.030718	-0.019538	-0.019350
Superscaffold4	22447581	22688597	0.121208	0.059771	0.037788	0.075477
Superscaffold4	22688657	22924591	-0.250503	-0.148365	-0.082067	-0.146470
Superscaffold4	22924614	23228488	0.035096	0.017612	0.011501	0.025220
Superscaffold4	23229404	23523422	0.027107	0.013735	0.008955	0.014771
Superscaffold4	23523456	23744306	0.146485	0.092174	0.057108	0.086439
Superscaffold4	23744343	24380769	-0.025189	-0.009945	-0.006246	-0.015741
Superscaffold4	24380934	24692125	0.359303	0.157522	0.109272	0.279260
Superscaffold4	24692139	25010941	0.274246	0.148119	0.071931	0.187533
Superscaffold4	25010946	25350405	0.276835	0.114471	0.073010	0.206133
Superscaffold4	25350564	25705874	0.466478	0.172532	0.129548	0.306703
Superscaffold4	25705901	26115241	0.188080	0.091844	0.058371	0.131661
Superscaffold4	26115244	26538873	-0.108957	-0.047736	-0.028561	-0.060415
Superscaffold4	26538981	26830406	-0.060087	-0.032011	-0.021260	-0.040494
Superscaffold4	26830473	27038859	-0.073610	-0.028324	-0.020225	-0.041638
Superscaffold4	27039446	27367878	-0.151159	-0.088812	-0.049658	-0.094590
Superscaffold4	27367912	27561321	0.372305	0.179765	0.096590	0.260620
Superscaffold4	27561323	27802872	0.497613	0.233754	0.137684	0.376808
Superscaffold4	27802909	28170678	0.075837	0.038512	0.023456	0.041522
Superscaffold4	28170716	28519775	-0.093617	-0.066328	-0.036449	-0.053196
Superscaffold4	28519783	28885888	-0.036944	-0.021378	-0.012173	-0.019102
Superscaffold4	28885927	29206005	0.171547	0.056275	0.039673	0.091988
Superscaffold4	29206328	29500170	0.111386	0.072462	0.046511	0.057236
Superscaffold4	29500186	29944865	-0.022588	-0.009853	-0.006310	-0.008133
Superscaffold4	29944946	30337736	0.081696	0.042365	0.026851	0.055130
Superscaffold4	30337737	30612875	0.195969	0.108342	0.074259	0.125832
Superscaffold4	30612999	31651007	-0.038738	-0.017023	-0.010663	-0.025096
Superscaffold4	31651013	32166133	0.285414	0.124803	0.080492	0.177011
Superscaffold4	32166158	32522264	0.162032	0.071232	0.041572	0.115078
Superscaffold4	32522282	33006662	-0.060563	-0.028789	-0.016577	-0.043927
Superscaffold4	33006698	33528582	0.191317	0.069008	0.049345	0.096139
Superscaffold4	33528591	33885842	0.218696	0.101384	0.060068	0.152868
Superscaffold4	33885857	34312909	0.131968	0.064241	0.037782	0.089313
Superscaffold4	34312931	34742425	0.122795	0.038629	0.024143	0.091078
Superscaffold4	34742477	35171068	0.126188	0.037192	0.027625	0.089675
Superscaffold4	35171218	35659133	0.140025	0.052915	0.032876	0.081718
Superscaffold4	35659228	36223674	-0.031259	-0.013976	-0.009543	-0.019215
Superscaffold4	36223826	36596665	0.123172	0.061220	0.037748	0.084294
Superscaffold4	36596720	37316754	0.202330	0.066694	0.050640	0.125452
Superscaffold4	37317708	38514794	-0.118995	-0.036056	-0.026404	-0.076741
Superscaffold4	38514886	39777453	0.001776	0.000515	0.000347	0.001716
Superscaffold4	39777506	40364262	-0.041008	-0.013210	-0.009091	-0.030663
Superscaffold4	40364303	40806911	0.056794	0.022588	0.015075	0.036389
Superscaffold4	40806949	41110017	0.036719	0.017699	0.011171	0.024199
Superscaffold4	41110071	41929803	0.075058	0.013916	0.010320	0.045720
Superscaffold4	41929804	42452387	0.174743	0.071625	0.048846	0.113201
Superscaffold4	42452423	43294246	-0.188911	-0.072333	-0.046631	-0.129081
Superscaffold4	43294452	43965645	0.135910	0.042317	0.029122	0.085415
Superscaffold4	43966430	44309424	0.163504	0.086064	0.052268	0.117613
Superscaffold4	44309442	44775385	0.325296	0.165257	0.098496	0.225159
Superscaffold4	44775421	45163818	-0.147681	-0.064204	-0.036284	-0.113883
Superscaffold4	45164020	45479775	-0.327427	-0.153446	-0.088750	-0.214644
Superscaffold4	45479830	46006451	-0.067381	-0.023304	-0.015339	-0.040395
Superscaffold4	46006496	46265478	-0.158902	-0.061488	-0.042474	-0.116214
Superscaffold4	46265546	46651599	-0.433538	-0.143755	-0.095472	-0.357943
Superscaffold4	46651630	47478805	-0.061686	-0.015294	-0.010768	-0.034049
Superscaffold4	47478971	47717503	0.593762	0.416911	0.318748	0.521811
Superscaffold4	47717548	48031037	0.076868	0.040837	0.026813	0.056514
Superscaffold4	48031798	48665901	0.082560	0.032232	0.021234	0.046046
Superscaffold4	48666033	49026177	0.535080	0.233622	0.149826	0.462999
Superscaffold4	49026205	49448012	0.180698	0.069870	0.039843	0.144713
Superscaffold4	49448080	49747502	0.263414	0.159387	0.102751	0.162735
Superscaffold4	49747538	50178406	0.121551	0.035802	0.022639	0.094267
Superscaffold4	50178488	50488614	0.484740	0.206676	0.114232	0.387485
Superscaffold4	50488625	50767342	0.297094	0.110070	0.084965	0.173109
Superscaffold4	50767365	50993430	0.174410	0.091674	0.058291	0.122689
Superscaffold4	50993504	51419027	0.369853	0.122193	0.084987	0.283861
Superscaffold4	51419074	51687310	-0.028325	-0.009891	-0.006415	-0.018131
Superscaffold4	51687363	52122881	0.380830	0.190602	0.104632	0.320141
Superscaffold4	52122889	52833894	0.175821	0.045458	0.027532	0.144347
Superscaffold4	52833998	53638167	0.567532	0.297015	0.157275	0.503507
Superscaffold4	53638726	54036877	0.192614	0.097594	0.048971	0.139755
Superscaffold4	54036880	54244546	0.346562	0.240747	0.137884	0.271684
Superscaffold4	54244568	54584548	0.579072	0.270979	0.156849	0.488295
Superscaffold4	54584555	55002215	0.435782	0.143868	0.085037	0.376700
Superscaffold4	55002216	55356994	0.714281	0.433703	0.217407	0.599728
Superscaffold4	55357004	55657083	-0.085766	-0.044680	-0.026616	-0.056649
Superscaffold4	55657125	55969846	0.187493	0.067190	0.046281	0.125972
Superscaffold4	55969997	56353335	-0.173635	-0.070006	-0.043491	-0.117779
Superscaffold4	56353495	56594830	0.159990	0.093322	0.057586	0.088136
Superscaffold4	56594835	56854287	0.149934	0.088506	0.056061	0.083298
Superscaffold4	56854331	57471072	0.248294	0.105536	0.069893	0.171034
Superscaffold4	57471516	58197001	0.070100	0.019768	0.014211	0.044819
Superscaffold4	58197882	58540461	0.001436	0.000438	0.000309	0.000347
Superscaffold4	58540511	58886715	0.178768	0.071906	0.044832	0.114170
Superscaffold4	58886729	59128217	-0.173865	-0.062057	-0.042678	-0.107130
Superscaffold4	59128226	59464840	0.283848	0.089214	0.063848	0.183063
Superscaffold4	59465094	59789223	0.070047	0.029205	0.020059	0.043061
Superscaffold4	59789226	60471926	0.112670	0.052445	0.031468	0.056213
Superscaffold4	60475934	61462153	-0.041723	-0.017691	-0.010059	-0.022652
Superscaffold4	61462232	61774558	0.104058	0.046987	0.029554	0.075487
Superscaffold4	61774572	62192125	0.686351	0.252706	0.183364	0.580756
Superscaffold4	62192211	62564096	0.061858	0.026227	0.017765	0.039388
Superscaffold4	62564373	63312629	0.000804	0.000290	0.000196	-0.006890
Superscaffold4	63312828	63796128	-0.038285	-0.013430	-0.010167	-0.025798
Superscaffold4	63796313	64257473	0.002169	0.000964	0.000650	0.003540
Superscaffold4	64260848	64483869	0.084016	0.044149	0.025692	0.047935
Superscaffold4	64483915	65138212	0.169745	0.078436	0.045795	0.098330
Superscaffold4	65138247	65970941	-0.102240	-0.032817	-0.022282	-0.067951
Superscaffold4	65970946	66442926	0.459935	0.229764	0.143498	0.333129
Superscaffold4	66442948	66916635	0.052347	0.020541	0.010730	0.040639
Superscaffold4	66916696	67386891	0.134111	0.032283	0.024708	0.094238
Superscaffold4	67386926	67943593	0.035778	0.013855	0.009849	0.028632
Superscaffold4	67944010	68245496	0.040510	0.023039	0.015325	0.025282
Superscaffold4	68245801	68483971	0.208013	0.129019	0.073359	0.146681
Superscaffold4	68483992	68790308	-0.026913	-0.012060	-0.008371	-0.014787
Superscaffold4	68790337	69224980	0.026424	0.011800	0.007656	0.023615
Superscaffold4	69224996	69639908	-0.081157	-0.046477	-0.026759	-0.043985
Superscaffold4	69639909	69915443	-0.158273	-0.094820	-0.061055	-0.099503
Superscaffold4	69915455	70432645	0.178825	0.089374	0.058808	0.099520
Superscaffold4	70432659	70879669	0.217040	0.090804	0.066302	0.125337
Superscaffold4	70879864	71683391	0.192839	0.069994	0.047882	0.130339
Superscaffold4	71683402	72322146	-0.495487	-0.212456	-0.126857	-0.401535
Superscaffold4	72322197	73007410	0.196552	0.084998	0.046311	0.158617
Superscaffold4	73007434	73424554	-0.068823	-0.030269	-0.017789	-0.054986
Superscaffold4	73424574	73801288	0.316512	0.162389	0.113300	0.240779
Superscaffold4	73801320	74368406	-0.023409	-0.007923	-0.005894	-0.011672
Superscaffold4	74368497	74696833	0.313693	0.137258	0.101746	0.206377
Superscaffold4	74696941	74899842	0.134733	0.077087	0.051548	0.063744
Superscaffold4	74899890	75276288	0.375026	0.183687	0.117537	0.261019
Superscaffold4	75276296	76076145	0.539695	0.164745	0.125556	0.473323
Superscaffold4	76076147	76801674	0.155663	0.059181	0.038287	0.112388
Superscaffold4	76801717	77405805	0.133347	0.078894	0.044814	0.106377
Superscaffold4	77408073	77919880	-0.092117	-0.025538	-0.017171	-0.059367
Superscaffold4	77920025	78409783	-0.058490	-0.031139	-0.020739	-0.036085
Superscaffold4	78409787	78699010	0.214705	0.111017	0.068622	0.111583
Superscaffold4	78699028	79123072	0.236409	0.092074	0.063921	0.107285
Superscaffold4	79123078	79939897	0.147363	0.064353	0.048960	0.103615
Superscaffold4	79939944	80329355	-0.082405	-0.031576	-0.021395	-0.058228
Superscaffold4	80329368	80634935	-0.161069	-0.073065	-0.045625	-0.096571
Superscaffold4	80634971	81069997	-0.007772	-0.003310	-0.002054	-0.007015
Superscaffold4	81070024	81379579	-0.102264	-0.043353	-0.029554	-0.060179
Superscaffold4	81379727	81945412	-0.063050	-0.016098	-0.010138	-0.046600
Superscaffold4	81945986	82557968	0.114558	0.054999	0.026042	0.077143
Superscaffold4	82557980	82839087	0.239317	0.102180	0.069855	0.152594
Superscaffold4	82839226	83115712	0.285761	0.163167	0.109724	0.195516
Superscaffold4	83115728	83352506	0.003111	0.001757	0.001145	0.001206
Superscaffold4	83352693	83662787	-0.008276	-0.003541	-0.002424	-0.003203
Superscaffold4	83663683	84277230	0.224821	0.076586	0.056920	0.147578
Superscaffold4	84277265	84590507	-0.027951	-0.010936	-0.007363	-0.015637
Superscaffold4	84590584	84845496	0.337381	0.210616	0.143782	0.189427
Superscaffold4	84845611	85949273	-0.142834	-0.070712	-0.041727	-0.087834
Superscaffold4	85949352	86197368	0.252913	0.163588	0.110405	0.141351
Superscaffold4	86197561	86456615	0.100747	0.061831	0.040210	0.055662
Superscaffold5	35793	238072	-0.275547	-0.257923	-0.111220	-0.169243
Superscaffold5	238347	531275	0.006591	0.002897	0.001932	0.003412
Superscaffold5	531292	921709	0.006729	0.002944	0.001953	0.004506
Superscaffold5	922201	1330534	-0.140009	-0.061050	-0.035664	-0.078557
Superscaffold5	1331344	1862427	0.255628	0.071920	0.049844	0.175783
Superscaffold5	1862512	2302005	-0.036164	-0.017375	-0.008221	-0.030181
Superscaffold5	2302034	2855679	0.060279	0.026589	0.016272	0.039738
Superscaffold5	2855951	3458158	0.058820	0.017213	0.012734	0.034084
Superscaffold5	3458168	3926865	0.163010	0.062292	0.037322	0.123911
Superscaffold5	3927816	4622035	0.336621	0.135566	0.087852	0.219911
Superscaffold5	4622068	5461555	0.005110	0.001540	0.001054	0.007157
Superscaffold5	5461598	6229814	0.637322	0.279461	0.166463	0.548266
Superscaffold5	6229858	6707470	0.312800	0.110360	0.059894	0.232988
Superscaffold5	6707487	7403845	0.271386	0.125796	0.068655	0.183535
Superscaffold5	7403904	7805932	0.234514	0.081802	0.055311	0.154961
Superscaffold5	7806049	8244139	-0.020378	-0.010529	-0.006536	-0.012374
Superscaffold5	8244223	8750033	-0.013057	-0.005322	-0.003593	-0.007376
Superscaffold5	8750049	9019143	-0.017674	-0.011039	-0.005792	-0.010134
Superscaffold5	9019149	9309667	-0.069583	-0.038530	-0.021063	-0.046793
Superscaffold5	9309803	9600411	0.055830	0.024891	0.015990	0.041495
Superscaffold5	9600513	10538886	-0.048213	-0.020128	-0.012429	-0.030262
Superscaffold5	10539092	10857873	-0.040536	-0.015013	-0.009279	-0.023351
Superscaffold5	10857943	11365587	0.112879	0.040319	0.026130	0.082980
Superscaffold5	11365708	12475884	0.070718	0.029463	0.018783	0.038392
Superscaffold5	12476258	14016583	0.107352	0.038825	0.026065	0.064320
Superscaffold5	14016616	14334245	0.088361	0.040421	0.025347	0.044064
Superscaffold5	14334441	14757714	-0.125880	-0.049974	-0.031997	-0.081015
Superscaffold5	14757811	15035356	0.407511	0.189629	0.122731	0.268523
Superscaffold5	15035500	15490499	0.006268	0.002366	0.001282	0.002412
Superscaffold5	15490511	15819401	-0.249869	-0.159660	-0.084506	-0.177646
Superscaffold5	15837411	16390298	0.008798	0.003621	0.002056	0.007299
Superscaffold5	16390320	16765250	-0.007078	-0.003759	-0.002353	-0.005354
Superscaffold5	16765342	17358681	-0.127353	-0.053429	-0.034979	-0.092754
Superscaffold5	17358939	17731948	0.018696	0.013727	0.006808	0.007284
Superscaffold5	17731964	18062437	-0.095848	-0.049962	-0.029755	-0.053656
Superscaffold5	18062451	18281911	-0.269548	-0.179875	-0.107069	-0.182730
Superscaffold5	18282013	18644334	-0.141998	-0.068304	-0.042415	-0.094242
Superscaffold5	18644360	19161019	0.106714	0.037135	0.024620	0.080029
Superscaffold5	19161121	19547608	0.089301	0.031490	0.020183	0.064553
Superscaffold5	19553077	19991821	0.179923	0.050376	0.032383	0.136496
Superscaffold5	19992070	20384482	0.147337	0.059511	0.035535	0.085526
Superscaffold5	20384726	21130201	-0.009773	-0.002635	-0.001878	-0.007844
Superscaffold5	21130258	21555646	-0.052641	-0.020604	-0.014145	-0.033810
Superscaffold5	21555648	21951333	-0.110481	-0.043074	-0.026818	-0.058342
Superscaffold5	21951376	22309764	0.118816	0.060158	0.033789	0.070925
Superscaffold5	22309841	22937780	0.184981	0.050886	0.038241	0.104205
Superscaffold5	22937919	23370028	-0.023322	-0.006749	-0.004714	-0.013735
Superscaffold5	23370045	24391879	-0.272169	-0.111479	-0.068283	-0.192603
Superscaffold5	24391885	24808962	0.314361	0.102811	0.071590	0.228862
Superscaffold5	24809210	25311554	-0.358643	-0.117624	-0.072515	-0.311604
Superscaffold5	25311638	25689644	-0.387802	-0.157901	-0.106794	-0.299138
Superscaffold5	25689674	26197639	0.279333	0.077359	0.047289	0.202516
Superscaffold5	26197650	27452654	0.068195	0.017406	0.011342	0.042779
Superscaffold5	27452674	27880052	-0.009179	-0.003283	-0.002024	-0.010656
Superscaffold5	27880087	28512319	-0.174713	-0.052619	-0.035166	-0.109188
Superscaffold5	28512395	28942035	0.162551	0.054523	0.034691	0.124410
Superscaffold5	28943041	29370256	0.434148	0.160807	0.104124	0.345236
Superscaffold5	29370292	29716149	-0.254549	-0.093683	-0.063316	-0.222923
Superscaffold5	29716195	30019047	-0.123367	-0.059242	-0.038853	-0.074724
Superscaffold5	30019179	30255211	0.089676	0.037749	0.026061	0.048431
Superscaffold5	30255293	30735240	-0.159173	-0.051707	-0.034126	-0.130651
Superscaffold5	30736530	31248441	0.235040	0.070673	0.043147	0.175421
Superscaffold5	31248646	31572792	0.078178	0.032259	0.021302	0.056060
Superscaffold5	31575143	31826275	-0.049105	-0.019385	-0.010933	-0.025495
Superscaffold5	31826343	32216430	0.753915	0.361324	0.242445	0.623065
Superscaffold5	32216521	32883154	-0.290838	-0.174812	-0.081008	-0.214790
Superscaffold5	32883212	33172894	-0.025229	-0.011934	-0.008337	-0.012354
Superscaffold5	33173538	33649915	0.347843	0.142013	0.092500	0.212836
Superscaffold5	33649924	33966256	-0.255462	-0.134802	-0.071364	-0.245413
Superscaffold5	33966371	34214722	0.730409	0.436301	0.290584	0.693683
Superscaffold5	34214794	34690072	0.143717	0.034420	0.022701	0.103091
Superscaffold5	34690286	35108421	0.250382	0.086521	0.055366	0.197000
Superscaffold5	35108582	35437284	0.098105	0.044224	0.025080	0.076012
Superscaffold5	35437496	35868616	-0.127307	-0.029996	-0.019077	-0.094502
Superscaffold5	35868638	36347822	-0.020271	-0.005711	-0.003561	-0.017807
Superscaffold5	36347826	36745084	0.113460	0.032202	0.020592	0.091021
Superscaffold5	36745097	37235565	0.106297	0.039263	0.024805	0.076427
Superscaffold5	37235699	37454402	0.292566	0.144190	0.083886	0.168000
Superscaffold5	37454517	37746957	0.200337	0.075777	0.043361	0.148643
Superscaffold5	37746959	38184137	-0.137909	-0.038404	-0.025721	-0.114105
Superscaffold5	38184242	38608331	0.486285	0.133305	0.092506	0.417010
Superscaffold5	38608371	39348078	-0.115313	-0.063048	-0.034323	-0.077136
Superscaffold5	39348232	39950524	0.259469	0.087758	0.057773	0.163296
Superscaffold5	39950819	40643146	-0.059526	-0.024728	-0.015502	-0.039167
Superscaffold5	40643149	41115560	-0.116790	-0.050592	-0.029655	-0.093745
Superscaffold5	41115661	42025104	0.112402	0.031901	0.020224	0.075151
Superscaffold5	42025145	42560457	0.138347	0.040645	0.025801	0.109738
Superscaffold5	42560487	43018522	0.081677	0.034588	0.021688	0.058970
Superscaffold5	43018570	43359626	-0.020219	-0.008828	-0.005658	-0.018286
Superscaffold5	43359669	43720262	0.129471	0.038638	0.028200	0.076701
Superscaffold5	43720369	44098792	0.136627	0.040119	0.029382	0.093341
Superscaffold5	44098905	44544875	-0.088444	-0.039536	-0.027918	-0.058348
Superscaffold5	44544877	44787707	0.020399	0.014262	0.008540	0.012574
Superscaffold5	44787777	45599727	0.088735	0.024817	0.016866	0.055160
Superscaffold5	45599735	46191928	0.201134	0.086481	0.054123	0.143640
Superscaffold5	46192021	46622020	-0.134352	-0.075332	-0.043985	-0.105572
Superscaffold5	46622043	47018902	-0.150718	-0.068908	-0.040072	-0.091966
Superscaffold5	47018907	47464615	0.323388	0.117954	0.074641	0.250759
Superscaffold5	47464685	47921384	0.080725	0.028536	0.017609	0.056102
Superscaffold5	47921425	48377552	0.059503	0.020539	0.011444	0.034550
Superscaffold5	48379639	48673038	0.170897	0.082376	0.044156	0.118703
Superscaffold5	48673048	49189341	0.208515	0.086070	0.049713	0.121900
Superscaffold5	49189533	49566143	0.407178	0.237914	0.164445	0.286624
Superscaffold5	49566219	49925800	0.382064	0.210499	0.125109	0.259351
Superscaffold5	49925816	50282861	0.032369	0.015132	0.008409	0.024332
Superscaffold5	50283048	50589086	0.178083	0.077611	0.042176	0.094716
Superscaffold5	50589103	50945688	0.371427	0.140652	0.072211	0.277399
Superscaffold5	50945734	51164113	0.241422	0.094100	0.057225	0.151838
Superscaffold5	51164128	51534720	0.182787	0.078201	0.044680	0.104847
Superscaffold5	51534773	51802594	-0.009190	-0.005207	-0.002507	-0.004463
Superscaffold5	51802667	52284547	-0.242865	-0.098286	-0.060582	-0.165051
Superscaffold5	52284628	52646681	-0.199329	-0.066379	-0.043612	-0.151881
Superscaffold5	52646693	52876197	-0.158331	-0.087403	-0.055610	-0.101427
Superscaffold5	52876224	53315976	0.184674	0.056092	0.038567	0.131506
Superscaffold5	53315980	53848412	0.105216	0.029806	0.019855	0.059439
Superscaffold5	53848437	54623482	0.299389	0.082802	0.057629	0.204270
Superscaffold5	54624818	55645640	0.052507	0.018805	0.012502	0.032297
Superscaffold5	55645660	56100627	0.056924	0.018299	0.011479	0.039684
Superscaffold5	56100650	56373020	0.188512	0.083843	0.055761	0.124742
Superscaffold5	56373027	56913282	0.143323	0.058520	0.028489	0.101857
Superscaffold5	56913293	57358161	-0.390541	-0.173243	-0.109651	-0.303845
Superscaffold5	57358329	57715245	-0.071267	-0.029394	-0.017018	-0.047508
Superscaffold5	57715253	58148717	0.251912	0.099599	0.059834	0.182551
Superscaffold5	58148734	58708154	0.346345	0.103063	0.070693	0.283868
Superscaffold5	58708160	59072185	0.442432	0.175893	0.111496	0.373651
Superscaffold5	59072306	59709772	0.107995	0.032769	0.019422	0.089437
Superscaffold5	59710239	60347599	0.070888	0.019275	0.011893	0.046282
Superscaffold5	60347618	60958951	0.364579	0.158355	0.095170	0.295044
Superscaffold5	60959207	61544214	0.370372	0.123768	0.078702	0.256399
Superscaffold5	61544253	62097947	0.194176	0.067972	0.042492	0.141529
Superscaffold5	62098025	62468835	0.049838	0.018019	0.012469	0.032115
Superscaffold5	62469392	62940847	0.299942	0.087052	0.058024	0.223692
Superscaffold5	62940986	63401647	0.085742	0.033437	0.022862	0.061975
Superscaffold5	63401682	63740546	0.088028	0.037671	0.021841	0.054637
Superscaffold5	63740666	63972065	0.024684	0.012935	0.008027	0.020986
Superscaffold5	63972078	64667466	0.013690	0.005324	0.003143	0.006242
Superscaffold5	64667744	65182826	0.225411	0.087971	0.048004	0.177769
Superscaffold5	65182857	65671230	-0.267285	-0.110091	-0.062531	-0.197173
Superscaffold5	65671314	66175830	0.134704	0.053641	0.033106	0.113658
Superscaffold5	66176254	66576220	-0.058758	-0.022574	-0.012082	-0.042762
Superscaffold5	66576237	67093427	0.172083	0.050181	0.035136	0.131264
Superscaffold5	67093538	67634339	0.058469	0.024414	0.014817	0.034979
Superscaffold5	67634707	68543505	0.124702	0.057068	0.036780	0.069061
Superscaffold5	68543526	69645246	-0.187373	-0.079757	-0.048948	-0.099756
Superscaffold5	69645335	69994887	-0.030502	-0.014480	-0.010750	-0.023739
Superscaffold5	69994889	70769652	-0.110411	-0.048152	-0.029082	-0.054075
Superscaffold5	70769653	71421690	-0.003605	-0.001271	-0.000783	0.001733
Superscaffold5	71421767	72310690	0.251446	0.077108	0.050266	0.169006
Superscaffold5	72310715	72845089	0.086791	0.042318	0.028994	0.052367
Superscaffold5	72845094	73281865	-0.035389	-0.014117	-0.008025	-0.020988
Superscaffold5	73281870	73687457	0.153666	0.071723	0.041854	0.080540
Superscaffold5	73687576	73946075	0.623687	0.346532	0.249263	0.455920
Superscaffold5	73946077	74438525	0.064626	0.018341	0.011261	0.041456
Superscaffold5	74438556	74923728	-0.119281	-0.040605	-0.026775	-0.097896
Superscaffold5	74923730	75516651	-0.143284	-0.062462	-0.039358	-0.101342
Superscaffold5	75516702	75935735	0.227714	0.131009	0.087159	0.151684
Superscaffold5	75935756	76250676	-0.074273	-0.034242	-0.024378	-0.055158
Superscaffold5	76250680	76638355	0.287018	0.108341	0.067316	0.189690
Superscaffold5	76638429	77053022	0.200374	0.089310	0.056076	0.111496
Superscaffold5	77053034	77452520	0.287198	0.102501	0.067105	0.181685
Superscaffold5	77452608	77830465	0.324797	0.090348	0.067950	0.187870
Superscaffold5	77830512	78191610	-0.029797	-0.013750	-0.008103	-0.025401
Superscaffold5	78191611	78638557	-0.197268	-0.090016	-0.053442	-0.130616
Superscaffold5	78639749	79217561	0.024713	0.008481	0.005426	0.009886
Superscaffold5	79217731	79645632	0.117153	0.053340	0.036505	0.070607
Superscaffold5	79645647	80126036	-0.020347	-0.009360	-0.005668	-0.011595
Superscaffold5	80126163	80495416	-0.087800	-0.033845	-0.024277	-0.048891
Superscaffold5	80495452	80989837	0.034601	0.012590	0.008205	0.017838
Superscaffold5	80989852	81489456	-0.051523	-0.025047	-0.015993	-0.033923
Superscaffold5	81489635	81804026	-0.119110	-0.063421	-0.041292	-0.063322
Superscaffold5	81804070	82307843	0.182187	0.060810	0.039295	0.107849
Superscaffold6	304118	800759	-0.011638	-0.004981	-0.003120	-0.009437
Superscaffold6	800778	1179926	0.208869	0.082478	0.063203	0.143052
Superscaffold6	1180171	1529017	-0.105655	-0.040844	-0.027127	-0.055209
Superscaffold6	1529041	1873143	0.239288	0.145863	0.079746	0.140064
Superscaffold6	1875178	2297061	0.165202	0.050612	0.034189	0.104974
Superscaffold6	2297133	2786735	0.025809	0.007996	0.005315	0.021005
Superscaffold6	2787334	3405738	0.100730	0.023094	0.015701	0.075498
Superscaffold6	3405828	3910372	0.069876	0.026842	0.017014	0.046051
Superscaffold6	3910483	4835263	-0.132025	-0.056986	-0.034567	-0.085083
Superscaffold6	4835276	5228384	0.021626	0.006478	0.004501	0.016827
Superscaffold6	5228514	5642483	0.156224	0.054198	0.034608	0.121446
Superscaffold6	5642796	6309359	0.147126	0.047690	0.029555	0.103726
Superscaffold6	6309362	6748404	-0.087858	-0.030951	-0.019772	-0.062634
Superscaffold6	6748458	6994340	0.447729	0.226912	0.162580	0.321216
Superscaffold6	6994362	7468148	0.034215	0.011360	0.007678	0.025864
Superscaffold6	7468171	8059196	-0.017803	-0.006239	-0.004224	-0.013984
Superscaffold6	8059702	8396574	-0.030157	-0.010793	-0.007681	-0.023030
Superscaffold6	8396587	8894950	-0.018453	-0.008470	-0.005652	-0.015380
Superscaffold6	8895041	9455837	0.510100	0.214581	0.134464	0.392078
Superscaffold6	9455865	9885191	0.340339	0.108573	0.071747	0.277539
Superscaffold6	9885210	10425469	-0.049460	-0.014545	-0.009148	-0.039764
Superscaffold6	10425600	11305811	0.173987	0.056343	0.037876	0.128010
Superscaffold6	11305849	11704300	0.359731	0.153866	0.092757	0.299269
Superscaffold6	11704325	12336749	0.223236	0.062784	0.041672	0.168569
Superscaffold6	12336804	13026127	0.027770	0.008025	0.004875	0.021050
Superscaffold6	13026874	13600866	0.232255	0.080272	0.047854	0.173066
Superscaffold6	13600953	14031626	0.402149	0.166509	0.092830	0.287053
Superscaffold6	14031739	14559407	0.061367	0.019962	0.011941	0.045525
Superscaffold6	14559413	14976002	0.019297	0.006328	0.003563	0.013088
Superscaffold6	14976004	15495845	0.337042	0.114092	0.071365	0.232896
Superscaffold6	15495850	15896383	0.034255	0.010897	0.006431	0.028322
Superscaffold6	15896482	16280660	0.246684	0.076160	0.048043	0.189828
Superscaffold6	16280850	16483887	-0.137977	-0.107440	-0.049194	-0.100495
Superscaffold6	16483910	16740493	-0.044609	-0.038695	-0.012989	-0.033910
Superscaffold6	16741162	17262548	0.141322	0.047531	0.023468	0.108118
Superscaffold6	17262690	17595201	-0.148026	-0.067274	-0.040399	-0.124959
Superscaffold6	17595646	18109374	0.125008	0.038912	0.022187	0.100132
Superscaffold6	18109383	18420998	0.151645	0.077219	0.045156	0.101326
Superscaffold6	18421005	18674222	0.285113	0.143885	0.084951	0.219593
Superscaffold6	18674305	19101818	0.115402	0.046309	0.025407	0.081776
Superscaffold6	19102007	19499246	0.497892	0.180050	0.098964	0.388147
Superscaffold6	19499248	19929512	0.243075	0.079697	0.048807	0.178669
Superscaffold6	19929533	20331225	0.388245	0.162943	0.090546	0.292705
Superscaffold6	20331296	20728361	0.155965	0.054786	0.037141	0.115829
Superscaffold6	20728363	21071870	0.291086	0.152288	0.090348	0.233084
Superscaffold6	21071891	21502316	0.094992	0.029321	0.018820	0.061936
Superscaffold6	21502457	22100714	0.139241	0.038202	0.022677	0.120416
Superscaffold6	22100965	22423263	0.345157	0.160017	0.086284	0.246971
Superscaffold6	22423302	22896910	0.038813	0.010524	0.005941	0.030296
Superscaffold6	22897010	23345703	0.597434	0.246198	0.151322	0.462240
Superscaffold6	23345859	23961917	0.481803	0.196895	0.110772	0.389315
Superscaffold6	23961968	24460163	0.656233	0.289982	0.183401	0.554209
Superscaffold6	24460325	25156236	0.241432	0.073245	0.043027	0.155127
Superscaffold6	25156341	25587960	0.048727	0.017331	0.009599	0.031651
Superscaffold6	25588075	26026382	0.460110	0.149393	0.091035	0.367046
Superscaffold6	26026383	26489163	0.232962	0.064171	0.043029	0.167749
Superscaffold6	26489234	26840241	0.568729	0.216131	0.145778	0.361457
Superscaffold6	26840389	27316035	-0.018157	-0.006128	-0.003961	-0.010358
Superscaffold6	27316090	27728985	0.376916	0.148863	0.087259	0.315492
Superscaffold6	27729033	28150748	-0.019537	-0.005819	-0.003741	-0.016916
Superscaffold6	28150777	28534292	-0.220565	-0.100887	-0.052407	-0.156415
Superscaffold6	28534361	28783865	0.299424	0.129477	0.082866	0.224950
Superscaffold6	28783930	29184465	0.324087	0.112578	0.070896	0.228984
Superscaffold6	29184478	29827723	0.102013	0.026124	0.016410	0.086065
Superscaffold6	29828099	30641009	0.202084	0.058947	0.036531	0.156101
Superscaffold6	30641492	31279254	0.048152	0.012405	0.008275	0.034355
Superscaffold6	31279351	31687139	0.124522	0.052687	0.033406	0.088309
Superscaffold6	31687163	32059308	0.192267	0.069082	0.047368	0.152392
Superscaffold6	32059410	32380571	0.321167	0.117063	0.076470	0.261612
Superscaffold6	32380668	32805221	0.397076	0.132395	0.087858	0.310943
Superscaffold6	32805236	33269378	0.014010	0.004949	0.003104	0.006143
Superscaffold6	33270495	33993809	0.089862	0.025647	0.017035	0.054347
Superscaffold6	33994399	34487037	0.314094	0.119587	0.070297	0.255166
Superscaffold6	34487072	35206222	0.045172	0.012883	0.008267	0.034900
Superscaffold6	35206733	35717094	-0.084034	-0.049339	-0.026291	-0.056059
Superscaffold6	35717563	36042133	0.398089	0.178906	0.100225	0.288159
Superscaffold6	36042860	36496004	0.056842	0.017183	0.010158	0.042083
Superscaffold6	36496396	36951747	0.031277	0.009808	0.005805	0.020512
Superscaffold6	36951792	37438380	0.215897	0.076359	0.043216	0.176740
Superscaffold6	37438469	38141097	-0.037076	-0.009537	-0.006316	-0.031836
Superscaffold6	38141525	38570235	0.016837	0.005958	0.003665	0.007926
Superscaffold6	38570298	38988752	0.190000	0.062353	0.036366	0.148167
Superscaffold6	38988925	39479112	0.262406	0.084579	0.054708	0.218464
Superscaffold6	39479197	39844935	0.120123	0.045070	0.028122	0.088264
Superscaffold6	39844938	40262544	0.179983	0.057914	0.037046	0.131106
Superscaffold6	40263854	40889423	-0.100240	-0.036661	-0.023065	-0.069840
Superscaffold6	40890212	41476708	0.178993	0.055248	0.037586	0.123391
Superscaffold6	41476731	41775452	0.308482	0.141504	0.072117	0.219802
Superscaffold6	41775456	42315549	0.256999	0.099596	0.061915	0.173258
Superscaffold6	42315596	42763608	0.338728	0.124185	0.084475	0.282238
Superscaffold6	42763697	43104053	-0.029671	-0.014575	-0.009085	-0.020678
Superscaffold6	43104080	43683267	0.086300	0.022660	0.015652	0.060697
Superscaffold6	43683438	44167309	-0.028995	-0.007951	-0.004836	-0.021740
Superscaffold6	44167334	44555743	-0.210573	-0.084906	-0.046121	-0.164559
Superscaffold6	44555804	45141808	0.225626	0.064244	0.044258	0.184660
Superscaffold6	45141825	45595473	0.221663	0.060982	0.040792	0.167984
Superscaffold6	45595553	45988793	0.117422	0.037070	0.026491	0.086863
Superscaffold6	45988799	46441845	-0.017065	-0.008144	-0.005586	-0.007954
Superscaffold6	46441902	46888955	0.015069	0.007532	0.004787	0.006716
Superscaffold6	46888960	47349748	0.065306	0.025437	0.015825	0.038633
Superscaffold6	47349806	48053767	0.071595	0.017319	0.011621	0.046024
Superscaffold6	48053778	48865714	0.045504	0.011319	0.007347	0.027327
Superscaffold6	48865742	49277534	0.150254	0.055537	0.035107	0.111484
Superscaffold6	49277676	49613976	0.079807	0.029197	0.017465	0.045848
Superscaffold6	49614019	50063789	-0.142282	-0.057042	-0.031251	-0.107177
Superscaffold6	50063838	50652398	0.032816	0.011161	0.007192	0.024660
Superscaffold6	50652464	51145716	-0.068056	-0.019418	-0.012604	-0.049448
Superscaffold6	51147043	51947037	0.012363	0.003718	0.002529	0.001880
Superscaffold6	51947038	52574913	0.115462	0.037338	0.024801	0.085945
Superscaffold6	52574930	52989766	-0.004135	-0.001474	-0.001036	-0.005031
Superscaffold6	52989827	53581014	0.078527	0.025207	0.015066	0.061032
Superscaffold7	270638	582768	-0.171305	-0.103117	-0.060111	-0.092565
Superscaffold7	582943	1061497	-0.153837	-0.071493	-0.045775	-0.085735
Superscaffold7	1061534	1251798	-0.172544	-0.088679	-0.054389	-0.093903
Superscaffold7	1251949	1509509	-0.254610	-0.150083	-0.091374	-0.163167
Superscaffold7	1509563	1856831	0.078344	0.029354	0.020734	0.046518
Superscaffold7	1856964	2938914	0.118003	0.028386	0.020827	0.077528
Superscaffold7	2939211	3536007	0.099264	0.030846	0.020454	0.063807
Superscaffold7	3536023	3828378	0.161049	0.091711	0.061497	0.099316
Superscaffold7	3828420	4380431	0.120353	0.049173	0.035842	0.066540
Superscaffold7	4380445	4659070	-0.273797	-0.159847	-0.100173	-0.208460
Superscaffold7	4659102	5114580	-0.113548	-0.035793	-0.026905	-0.081699
Superscaffold7	5114582	5340911	-0.028280	-0.016829	-0.011939	-0.014921
Superscaffold7	5340943	5625934	-0.030243	-0.016833	-0.011116	-0.012332
Superscaffold7	5625954	5818085	0.094722	0.067147	0.040006	0.051797
Superscaffold7	5818289	6062964	-0.044223	-0.027703	-0.018919	-0.026601
Superscaffold7	6062968	6319591	0.145097	0.080979	0.055520	0.089184
Superscaffold7	6319656	7337338	-0.060980	-0.020033	-0.014530	-0.047809
Superscaffold7	7337388	7562627	0.081861	0.051139	0.031641	0.037601
Superscaffold7	7562646	7925790	-0.060468	-0.029370	-0.018655	-0.040353
Superscaffold7	7925898	8224865	-0.037055	-0.016915	-0.011290	-0.029268
Superscaffold7	8224871	8547367	-0.088622	-0.027972	-0.019219	-0.055603
Superscaffold7	8547540	9215342	0.009920	0.002839	0.001979	0.003457
Superscaffold7	9215345	9981249	0.133428	0.043668	0.031626	0.078688
Superscaffold7	9982810	10440959	-0.049023	-0.009710	-0.007265	-0.039073
Superscaffold7	10440974	10842522	0.071301	0.033989	0.022147	0.036217
Superscaffold7	10842648	11280247	-0.035936	-0.011304	-0.007813	-0.029381
Superscaffold7	11280294	11647053	0.254922	0.091594	0.060228	0.195560
Superscaffold7	11647204	11886686	0.188042	0.105741	0.067098	0.125055
Superscaffold7	11886748	12271594	0.059594	0.028441	0.017593	0.044976
Superscaffold7	12272038	12804930	-0.210490	-0.057976	-0.038697	-0.143621
Superscaffold7	12804982	13265148	0.288533	0.091705	0.060847	0.201921
Superscaffold7	13265157	14242936	0.190362	0.053507	0.037396	0.120786
Superscaffold7	14243676	14581620	0.140323	0.064439	0.037453	0.101476
Superscaffold7	14581630	14925069	0.037659	0.012136	0.007400	0.025806
Superscaffold7	14925405	15365436	0.568300	0.221355	0.149250	0.508712
Superscaffold7	15365448	16039786	-0.002585	-0.000925	-0.000489	-0.000672
Superscaffold7	16039793	16394196	0.066240	0.028363	0.018155	0.045667
Superscaffold7	16394540	16981751	0.240906	0.088883	0.058320	0.153207
Superscaffold7	16982175	17270669	0.168511	0.067970	0.042733	0.124071
Superscaffold7	17270670	17745756	0.373256	0.088342	0.055356	0.281355
Superscaffold7	17745871	18059718	0.467402	0.204449	0.121319	0.337948
Superscaffold7	18059870	18718638	-0.011493	-0.002264	-0.001316	-0.004294
Superscaffold7	18718661	19227808	0.053316	0.009955	0.006546	0.043566
Superscaffold7	19228141	19536037	-0.234441	-0.081087	-0.049467	-0.149840
Superscaffold7	19536265	19987303	0.072088	0.019938	0.012480	0.050867
Superscaffold7	19987306	20279079	0.120163	0.036738	0.025448	0.074240
Superscaffold7	20279127	20658884	0.601895	0.267585	0.142398	0.468358
Superscaffold7	20659009	21092350	0.337982	0.154576	0.084999	0.215521
Superscaffold7	21092538	21421831	0.056573	0.018807	0.010059	0.050733
Superscaffold7	21421934	21765665	0.139764	0.032591	0.019931	0.096243
Superscaffold7	21765934	22417265	0.067792	0.030461	0.017389	0.046792
Superscaffold7	22417266	22797344	0.265025	0.102198	0.060624	0.197053
Superscaffold7	22797414	23072662	-0.320884	-0.146354	-0.080497	-0.245571
Superscaffold7	23072673	23348075	-0.389882	-0.176532	-0.092805	-0.269268
Superscaffold7	23348125	23823152	0.119679	0.031915	0.020077	0.079685
Superscaffold7	23823528	24184943	0.334792	0.169056	0.097462	0.204893
Superscaffold7	24184949	24522430	0.419373	0.178854	0.109073	0.283468
Superscaffold7	24522819	24807052	0.296596	0.119448	0.070831	0.220184
Superscaffold7	24807065	25236485	0.028954	0.013796	0.008772	0.015279
Superscaffold7	25236534	25599117	0.279086	0.115444	0.068067	0.201185
Superscaffold7	25599174	25976269	0.293411	0.106483	0.065307	0.214919
Superscaffold7	25976275	26636296	0.358662	0.157131	0.087779	0.252764
Superscaffold7	26636369	26991319	-0.002857	-0.000893	-0.000551	-0.003930
Superscaffold7	26991363	27317152	0.159180	0.063988	0.041662	0.126451
Superscaffold7	27317179	27744134	-0.034715	-0.012468	-0.008097	-0.024664
Superscaffold7	27744159	28145171	0.273274	0.096995	0.057177	0.209429
Superscaffold7	28145235	28452388	-0.002116	-0.000793	-0.000497	-0.000372
Superscaffold7	28452406	28864258	0.063930	0.019805	0.012464	0.044524
Superscaffold7	28864333	29366726	0.156675	0.061455	0.033982	0.100858
Superscaffold7	29366739	29795285	-0.454079	-0.222972	-0.119072	-0.357211
Superscaffold7	29796183	30217369	0.128884	0.034998	0.023057	0.099249
Superscaffold7	30217568	30707722	0.073809	0.023693	0.015663	0.051766
Superscaffold7	30707887	31237196	0.154411	0.039752	0.026023	0.118721
Superscaffold7	31237454	31852573	0.134126	0.044057	0.030751	0.095428
Superscaffold7	31852636	32250052	0.045126	0.015540	0.008883	0.037746
Superscaffold7	32250266	32683999	-0.091145	-0.027347	-0.015072	-0.050042
Superscaffold7	32684045	33101202	0.195404	0.062697	0.039286	0.158427
Superscaffold7	33101341	33494525	-0.101452	-0.034064	-0.021180	-0.063246
Superscaffold7	33494764	33920301	0.083922	0.030324	0.021702	0.052062
Superscaffold7	33920342	34375386	0.084047	0.035917	0.020086	0.050733
Superscaffold7	34375397	34726768	0.045048	0.018187	0.011952	0.026278
Superscaffold7	34726852	35149348	-0.009353	-0.003256	-0.002163	-0.006655
Superscaffold7	35149577	35694010	0.256940	0.099593	0.062391	0.175332
Superscaffold7	35694150	36149885	0.056198	0.014539	0.009686	0.046817
Superscaffold7	36149923	36519934	0.052426	0.023136	0.014675	0.044179
Superscaffold7	36520521	36968272	0.173874	0.055691	0.036546	0.130677
Superscaffold7	36969226	37463994	0.205400	0.089891	0.055869	0.146735
Superscaffold7	37464009	37811850	0.328027	0.145292	0.079131	0.265299
Superscaffold7	37812004	38189897	0.737061	0.458617	0.268402	0.639488
Superscaffold7	38191052	38638682	0.311180	0.107897	0.068888	0.226190
Superscaffold7	38638688	38957835	0.238604	0.113614	0.071749	0.153245
Superscaffold7	38957872	39268117	0.159375	0.084321	0.054850	0.108270
Superscaffold7	39268180	39683898	0.158383	0.055896	0.035142	0.114466
Superscaffold7	39683962	40294053	0.078178	0.032304	0.020126	0.050685
Superscaffold7	40294084	40752871	0.451846	0.184109	0.109535	0.356294
Superscaffold7	40752916	41496697	0.114019	0.041721	0.025510	0.087258
Superscaffold7	41496763	41878504	0.147755	0.070243	0.042916	0.096426
Superscaffold7	41878702	42206925	0.365422	0.179927	0.120263	0.262648
Superscaffold7	42206940	42532312	0.117545	0.047330	0.030842	0.069877
Superscaffold7	42532338	43071762	-0.008030	-0.003819	-0.002198	-0.005209
Superscaffold7	43072099	43484969	-0.100627	-0.041559	-0.026742	-0.067562
Superscaffold7	43485266	43989917	0.112587	0.040973	0.027416	0.073089
Superscaffold7	43989974	44290278	0.091402	0.039266	0.028822	0.053535
Superscaffold7	44290347	44682779	0.155017	0.057283	0.041028	0.077752
Superscaffold7	44682817	45051123	0.043899	0.018806	0.013239	0.024990
Superscaffold7	45051138	45361215	-0.108512	-0.048981	-0.032845	-0.067863
Superscaffold7	45361216	45717736	0.286753	0.114134	0.084473	0.163093
Superscaffold7	45718279	46068009	-0.184860	-0.075379	-0.051411	-0.119201
Superscaffold7	46068074	46394257	-0.047103	-0.017339	-0.012527	-0.034071
Superscaffold7	46394343	46979441	0.188976	0.076196	0.050827	0.119865
Superscaffold7	46979457	47905061	-0.013178	-0.006447	-0.004081	-0.012609
Superscaffold7	47905114	48244236	-0.001311	-0.000484	-0.000304	-0.001741
Superscaffold7	48244252	48596027	-0.021698	-0.010162	-0.005211	-0.012465
Superscaffold7	48596247	49028081	0.022259	0.009539	0.005094	0.016313
Superscaffold7	49028099	49580482	0.116227	0.038803	0.024868	0.072402
Superscaffold8	431430	834034	-0.388638	-0.291784	-0.131412	-0.283873
Superscaffold8	834080	1208209	0.052191	0.021248	0.013789	0.033577
Superscaffold8	1208250	1641616	-0.543208	-0.390585	-0.198046	-0.411409
Superscaffold8	1641620	2143612	-0.151762	-0.064866	-0.038979	-0.093412
Superscaffold8	2143633	2444475	0.069804	0.036512	0.023898	0.034954
Superscaffold8	2444500	2766268	0.413849	0.166126	0.127208	0.276527
Superscaffold8	2766338	3713274	-0.244954	-0.097636	-0.059618	-0.159019
Superscaffold8	3713356	4058722	-0.025261	-0.008492	-0.005967	-0.019751
Superscaffold8	4058730	4429889	0.121983	0.053333	0.033611	0.062335
Superscaffold8	4429895	4890941	-0.008773	-0.003440	-0.002227	-0.002755
Superscaffold8	4890999	5407350	0.083941	0.037514	0.024038	0.042781
Superscaffold8	5407420	5877414	0.097750	0.045334	0.030623	0.051449
Superscaffold8	5877826	6295700	0.172635	0.068740	0.049441	0.091477
Superscaffold8	6295719	6736043	0.192830	0.090831	0.066198	0.115031
Superscaffold8	6736173	7105681	0.053154	0.020857	0.014982	0.034047
Superscaffold8	7105698	7418461	0.230127	0.103025	0.070641	0.154249
Superscaffold8	7435705	7927845	0.128291	0.046805	0.029339	0.096279
Superscaffold8	7927934	8681851	0.180353	0.072277	0.046162	0.115829
Superscaffold8	8681893	9069012	0.200643	0.083888	0.051441	0.131103
Superscaffold8	9069021	9491042	-0.082732	-0.028836	-0.017277	-0.059054
Superscaffold8	9491051	10263446	0.201637	0.076209	0.050987	0.131578
Superscaffold8	10263597	10599005	-0.185973	-0.087982	-0.042858	-0.135162
Superscaffold8	10599348	10946373	-0.014630	-0.006463	-0.004059	-0.004828
Superscaffold8	10946429	11227252	0.260184	0.144466	0.094538	0.168874
Superscaffold8	11227258	11590797	0.120350	0.049471	0.032012	0.080115
Superscaffold8	11590817	12030193	0.062711	0.017071	0.012733	0.038746
Superscaffold8	12030307	12541660	0.234337	0.075075	0.055711	0.169742
Superscaffold8	12541668	12843380	-0.088037	-0.032401	-0.022765	-0.052105
Superscaffold8	12843419	13399382	0.115307	0.038078	0.025232	0.078437
Superscaffold8	13399519	13822819	0.115898	0.032714	0.021583	0.070840
Superscaffold8	13823040	14190035	0.290642	0.101207	0.065861	0.245429
Superscaffold8	14190057	14505672	0.415790	0.185282	0.130388	0.296698
Superscaffold8	14505770	15054523	0.311807	0.130290	0.083601	0.233617
Superscaffold8	15054580	15248281	0.229673	0.150934	0.086778	0.166765
Superscaffold8	15248394	15694215	0.158950	0.066915	0.033782	0.100603
Superscaffold8	15694264	16257055	0.050122	0.024091	0.016972	0.027709
Superscaffold8	16257074	16637732	-0.108347	-0.036982	-0.022592	-0.074111
Superscaffold8	16638490	16989155	-0.023034	-0.007894	-0.005424	-0.008806
Superscaffold8	16989188	17211424	0.084263	0.036751	0.019935	0.031417
Superscaffold8	17211492	17748060	0.150615	0.062709	0.040828	0.091795
Superscaffold8	17748094	18084104	0.169062	0.057972	0.040375	0.106975
Superscaffold8	18084106	18304143	0.461864	0.245739	0.168376	0.254394
Superscaffold8	18304146	18689653	0.237958	0.108968	0.067960	0.167277
Superscaffold8	18689662	19070511	0.034369	0.012964	0.007775	0.026011
Superscaffold8	19070563	19357211	-0.248390	-0.094059	-0.064886	-0.160287
Superscaffold8	19360037	19680476	0.131947	0.074771	0.042180	0.089157
Superscaffold8	19680546	20092537	-0.016374	-0.006321	-0.003960	-0.008828
Superscaffold8	20092569	20358485	-0.203009	-0.090384	-0.054860	-0.147595
Superscaffold8	20358553	20749793	0.133419	0.046820	0.029751	0.100371
Superscaffold8	20749794	20974883	0.424854	0.190458	0.107069	0.285112
Superscaffold8	20978161	21497237	0.199718	0.052469	0.034620	0.149675
Superscaffold8	21497447	21757059	0.728509	0.319145	0.196338	0.685760
Superscaffold8	21757081	22020468	0.525069	0.195640	0.119091	0.460992
Superscaffold8	22020481	22404813	0.332479	0.099630	0.062505	0.261938
Superscaffold8	22406427	22749029	0.310438	0.102713	0.054410	0.262404
Superscaffold8	22749064	23233622	0.539871	0.152345	0.098307	0.452871
Superscaffold8	23233804	23623693	0.589252	0.260756	0.135743	0.541889
Superscaffold8	23623816	24240795	0.588316	0.167161	0.107474	0.506795
Superscaffold8	24240983	24849025	0.161615	0.032945	0.022671	0.121477
Superscaffold8	24849038	25305624	0.239957	0.059437	0.037562	0.180999
Superscaffold8	25305650	25971960	0.140724	0.048881	0.029889	0.118775
Superscaffold8	25972022	26375341	0.165354	0.051465	0.031952	0.133581
Superscaffold8	26375383	26975629	0.457929	0.167632	0.108798	0.390198
Superscaffold8	26975770	27387840	0.139732	0.046832	0.028217	0.104005
Superscaffold8	27387859	27853012	0.144170	0.043279	0.029389	0.112831
Superscaffold8	27853216	28326002	0.258524	0.073036	0.047558	0.217021
Superscaffold8	28326364	29102991	0.025029	0.006695	0.003884	0.018302
Superscaffold8	29102996	29500063	0.173994	0.047007	0.030796	0.115526
Superscaffold8	29500064	29811249	0.344631	0.224476	0.138471	0.262423
Superscaffold8	29811341	30156543	0.184371	0.044574	0.032979	0.122599
Superscaffold8	30156697	30496846	0.683483	0.226722	0.161483	0.614901
Superscaffold8	30496903	30802797	0.446680	0.167009	0.099271	0.343448
Superscaffold8	30802877	31192654	-0.156633	-0.068478	-0.039568	-0.122437
Superscaffold8	31192692	31600964	0.187066	0.065169	0.034929	0.117254
Superscaffold8	31600981	32175603	0.251674	0.074286	0.048672	0.188103
Superscaffold8	32175626	32649574	-0.112467	-0.036068	-0.024846	-0.076104
Superscaffold8	32649606	33384947	0.391814	0.181596	0.100866	0.259124
Superscaffold8	33385095	33762902	-0.227148	-0.065629	-0.046093	-0.148431
Superscaffold8	33762964	34178967	0.235770	0.065942	0.042936	0.171681
Superscaffold8	34178974	34535751	0.071025	0.023497	0.015840	0.030492
Superscaffold8	34535803	34859495	0.065179	0.029042	0.017139	0.048597
Superscaffold8	34859625	35276608	0.284538	0.086169	0.054674	0.204816
Superscaffold8	35276633	35817292	0.257873	0.102940	0.060715	0.201528
Superscaffold8	35817359	36326547	0.075453	0.026784	0.017284	0.044985
Superscaffold8	36326650	36765600	-0.001037	-0.000257	-0.000188	-0.000070
Superscaffold8	36765638	37527653	0.019914	0.006058	0.004410	0.010427
Superscaffold8	37528486	37969529	0.042438	0.012389	0.008844	0.022736
Superscaffold8	37969846	38387817	0.246000	0.096742	0.066083	0.175130
Superscaffold8	38387834	38736359	-0.141565	-0.060941	-0.041625	-0.106872
Superscaffold8	38736398	39147519	0.263394	0.122199	0.081728	0.163484
Superscaffold8	39147520	39724224	0.085623	0.032933	0.022485	0.057268
Superscaffold8	39724291	40192527	-0.015611	-0.005880	-0.003713	-0.009611
Superscaffold8	40192533	40611995	0.100154	0.034485	0.022224	0.073238
Superscaffold8	40611997	41026256	-0.049691	-0.021104	-0.012662	-0.035062
Superscaffold8	41026441	41461403	0.325109	0.145363	0.097335	0.189005
Superscaffold8	41461493	41722880	0.260717	0.098602	0.065070	0.164118
Superscaffold8	41722881	42873550	-0.035344	-0.010998	-0.007275	-0.025529
Superscaffold8	42874104	43415058	0.114938	0.038717	0.024934	0.083007
Superscaffold8	43415074	44005814	-0.131660	-0.042319	-0.029195	-0.087765
Superscaffold8	44005851	44671533	0.124777	0.044818	0.027350	0.084288
Superscaffold8	44671619	45334595	0.180313	0.055511	0.035395	0.123193
Superscaffold8	45335414	45985157	0.320346	0.069635	0.048226	0.262778
Superscaffold8	45985500	46448751	0.539795	0.171003	0.113273	0.473165
Superscaffold8	46448838	47051135	0.339808	0.114149	0.074297	0.273880
Superscaffold8	47053207	47851525	0.082358	0.027758	0.016555	0.053800
Superscaffold8	47851553	48361510	0.545128	0.186155	0.106893	0.451617
Superscaffold8	48361670	48904603	0.298175	0.084751	0.057270	0.214628
Superscaffold8	48904697	49398582	0.350090	0.107474	0.067440	0.292620
Superscaffold8	49399984	49777586	0.396747	0.155995	0.094851	0.304076
Superscaffold8	49777656	50417252	0.114661	0.025264	0.016319	0.069108
Superscaffold8	50417463	51084349	-0.067700	-0.024861	-0.014162	-0.056379
Superscaffold8	51084366	51406418	0.009232	0.003972	0.002396	0.008335
Superscaffold8	51406586	51795998	0.264119	0.084663	0.051490	0.215977
Superscaffold8	51796173	52245431	0.367157	0.117659	0.073320	0.303522
Superscaffold8	52245540	52753018	-0.007034	-0.002364	-0.001486	-0.006741
Superscaffold8	52753267	53553907	0.042210	0.011563	0.008119	0.024677
Superscaffold8	53553925	53868944	0.293615	0.152534	0.092152	0.169227
Superscaffold8	53868948	54383226	0.192219	0.088576	0.041333	0.145477
Superscaffold8	54383244	54770154	-0.104153	-0.042050	-0.027749	-0.072066
Superscaffold8	54770272	55290020	0.222267	0.065921	0.042839	0.171782
Superscaffold8	55290025	56000910	-0.034680	-0.008028	-0.005314	-0.026049
Superscaffold8	56000930	56429738	0.291706	0.155116	0.087558	0.217261
Superscaffold8	56429770	57261982	0.027174	0.009620	0.006074	0.016984
Superscaffold8	57262156	57787241	0.227079	0.069778	0.044187	0.160837
Superscaffold8	57787639	58456524	0.084781	0.032237	0.021035	0.054182
Superscaffold8	58456622	59011610	0.313724	0.114584	0.079064	0.200478
Superscaffold8	59011621	59530816	0.051336	0.015404	0.009780	0.038628
Superscaffold8	59530841	59983090	0.092291	0.042026	0.021449	0.063685
Superscaffold8	59983091	60496219	0.203871	0.075381	0.049232	0.140093
Superscaffold8	60496221	60943698	0.034205	0.014587	0.009374	0.022224
Superscaffold8	60943752	61484370	0.002673	0.000904	0.000598	-0.004793
Superscaffold8	61484470	62007869	0.299377	0.117434	0.079785	0.210669
Superscaffold8	62008031	62373905	0.276507	0.130589	0.080802	0.202426
Superscaffold8	62373986	62743146	-0.092784	-0.034805	-0.020394	-0.064560
Superscaffold8	62743297	63059556	-0.112976	-0.063584	-0.035563	-0.075598
Superscaffold8	63059716	63551582	0.065123	0.026903	0.017597	0.048805
Superscaffold8	63551652	64079778	-0.040146	-0.013405	-0.008534	-0.030100
Superscaffold8	64079911	64881850	0.103667	0.030933	0.019169	0.066245
Superscaffold8	64881880	65440823	0.096602	0.031694	0.019353	0.064443
Superscaffold8	65441151	66160867	0.347601	0.117182	0.072065	0.249193
Superscaffold9	173305	433523	-0.011356	-0.006137	-0.003997	-0.006954
Superscaffold9	433589	963878	0.037539	0.020879	0.012979	0.025495
Superscaffold9	963939	1223208	-0.003775	-0.002524	-0.001612	-0.002435
Superscaffold9	1223374	1441958	0.063574	0.040504	0.024847	0.038214
Superscaffold9	1441990	1984820	-0.068347	-0.046548	-0.029836	-0.036573
Superscaffold9	1984832	2163078	0.172818	0.103885	0.071281	0.090831
Superscaffold9	2163572	2430811	0.018074	0.010749	0.007111	0.009881
Superscaffold9	2430823	2780145	-0.024176	-0.013558	-0.008626	-0.005187
Superscaffold9	2780146	3154697	-0.017641	-0.010075	-0.006366	-0.005182
Superscaffold9	3154713	3518537	-0.054455	-0.033681	-0.020852	-0.027725
Superscaffold9	3518595	4354496	-0.074449	-0.039733	-0.026270	-0.040631
Superscaffold9	4354505	4882856	0.241981	0.119813	0.075676	0.162271
Superscaffold9	4883065	5117736	-0.095130	-0.049247	-0.031391	-0.068363
Superscaffold9	5117744	5544043	0.112587	0.040412	0.026587	0.066897
Superscaffold9	5544349	5960585	0.162499	0.051176	0.036190	0.095469
Superscaffold9	5960618	6493162	0.075294	0.024198	0.017752	0.048512
Superscaffold9	6493505	6980414	0.411103	0.135380	0.092140	0.301089
Superscaffold9	6980456	7459789	0.310203	0.106002	0.067265	0.241317
Superscaffold9	7459967	7833366	0.155664	0.084855	0.042983	0.097126
Superscaffold9	7833472	8181668	0.129843	0.061974	0.035927	0.091495
Superscaffold9	8181787	8506611	0.234052	0.098331	0.061314	0.164341
Superscaffold9	8506631	9031302	-0.113166	-0.054825	-0.034456	-0.065808
Superscaffold9	9031315	9668137	0.030887	0.010234	0.007474	0.021587
Superscaffold9	9668461	10225518	-0.061080	-0.016669	-0.010742	-0.040828
Superscaffold9	10225622	11072499	-0.093844	-0.037288	-0.023160	-0.056308
Superscaffold9	11072617	11356691	0.171932	0.084798	0.054253	0.093817
Superscaffold9	11356695	12155104	-0.107132	-0.039451	-0.026558	-0.076276
Superscaffold9	12155150	12570326	-0.007936	-0.003055	-0.001887	-0.009670
Superscaffold9	12570363	12945683	0.530005	0.225949	0.137143	0.430928
Superscaffold9	12945986	13580922	0.298380	0.151569	0.087253	0.206388
Superscaffold9	13580937	14281667	0.196080	0.093562	0.058291	0.104702
Superscaffold9	14281688	14573114	-0.033157	-0.016970	-0.010970	-0.018998
Superscaffold9	14573182	15218492	0.240966	0.060241	0.040103	0.162850
Superscaffold9	15218545	15644542	-0.124959	-0.053807	-0.035000	-0.093001
Superscaffold9	15644545	16042702	0.036858	0.014785	0.009125	0.022901
Superscaffold9	16043028	16367647	0.146182	0.045212	0.028880	0.119978
Superscaffold9	16367648	16788201	0.057552	0.017308	0.008935	0.045370
Superscaffold9	16788453	17179044	0.210379	0.059410	0.036661	0.146576
Superscaffold9	17179059	17611766	0.052623	0.015904	0.009762	0.045569
Superscaffold9	17612521	17984088	0.078722	0.027596	0.017730	0.050877
Superscaffold9	17984178	18365610	0.212640	0.085550	0.052047	0.136972
Superscaffold9	18366956	19493609	0.120201	0.038166	0.026285	0.085439
Superscaffold9	19493686	20418554	0.093546	0.032687	0.022225	0.061684
Superscaffold9	20418572	20733238	0.070439	0.022872	0.016006	0.045150
Superscaffold9	20733265	21131879	0.158356	0.053170	0.035425	0.135882
Superscaffold9	21131921	21441957	-0.059539	-0.019297	-0.013821	-0.039612
Superscaffold9	21442258	21829404	-0.047557	-0.018067	-0.011890	-0.029328
Superscaffold9	21829446	22234858	-0.208980	-0.072179	-0.046272	-0.138059
Superscaffold9	22235167	22990378	0.019019	0.007099	0.003965	0.009605
Superscaffold9	22990379	23425902	-0.070204	-0.027634	-0.016160	-0.060714
Superscaffold9	23426055	23756902	-0.039555	-0.017877	-0.009582	-0.025281
Superscaffold9	23757149	24116402	-0.157877	-0.072359	-0.044433	-0.101155
Superscaffold9	24116430	24554828	0.143846	0.054979	0.038360	0.090730
Superscaffold9	24555017	24845613	0.380360	0.215206	0.132899	0.253787
Superscaffold9	24845673	25271848	0.001598	0.000797	0.000498	0.001353
Superscaffold9	25271870	26016719	-0.080624	-0.031407	-0.019141	-0.050816
Superscaffold9	26016730	26421082	0.056564	0.017459	0.011080	0.040575
Superscaffold9	26421468	27010599	0.505601	0.187087	0.131566	0.393805
Superscaffold9	27010614	27541889	0.010184	0.002961	0.002064	0.009203
Superscaffold9	27541940	28338329	0.118665	0.045642	0.027534	0.075108
Superscaffold9	28339559	28634151	0.102052	0.041193	0.026169	0.062918
Superscaffold9	28634359	29091881	-0.204898	-0.077991	-0.048124	-0.152036
Superscaffold9	29091964	29519004	0.375554	0.157996	0.096433	0.283841
Superscaffold9	29519115	30001890	0.109725	0.036069	0.025091	0.078111
Superscaffold9	30001892	30335304	0.064149	0.027539	0.016037	0.042374
Superscaffold9	30335336	30792814	0.175469	0.049918	0.029237	0.127238
Superscaffold9	30792886	31289116	0.210193	0.079932	0.050178	0.156045
Superscaffold9	31290137	31938061	0.295059	0.110017	0.077295	0.197505
Superscaffold9	31938110	32151709	0.079278	0.041823	0.025845	0.059416
Superscaffold9	32151865	32520001	-0.015922	-0.006386	-0.004057	-0.010035
Superscaffold9	32520128	32974708	-0.123297	-0.046856	-0.033573	-0.090349
Superscaffold9	32975030	33530782	0.067153	0.019229	0.012405	0.043471
Superscaffold9	33530785	34102876	0.435434	0.161606	0.113523	0.343643
Superscaffold9	34102893	34495456	-0.142007	-0.048128	-0.032585	-0.104313
Superscaffold9	34495608	34739769	-0.712233	-0.822804	-0.336501	-0.556150
Superscaffold9	34739775	35060512	-0.697936	-0.356187	-0.183302	-0.511448
Superscaffold9	35060614	35351927	0.293285	0.126261	0.077877	0.217318
Superscaffold9	35353403	36125449	0.606166	0.216650	0.144117	0.479520
Superscaffold9	36125484	36431873	0.154976	0.054134	0.036885	0.076305
Superscaffold9	36431881	36756479	0.067410	0.022440	0.015357	0.049542
Superscaffold9	36756517	37178762	-0.309832	-0.096091	-0.058514	-0.206394
Superscaffold9	37178927	37752510	-0.047205	-0.009933	-0.007007	-0.027883
Superscaffold9	37752798	38439514	-0.031312	-0.008779	-0.005552	-0.021015
Superscaffold9	38439536	38793987	-0.190755	-0.073052	-0.043080	-0.139420
Superscaffold9	38794010	39164647	0.041506	0.011712	0.007176	0.029086
Superscaffold9	39165170	39559765	0.332892	0.075890	0.050487	0.224314
Superscaffold9	39559776	39936054	0.212069	0.085429	0.055419	0.119673
Superscaffold9	39936081	40514737	-0.002884	-0.000905	-0.000608	-0.000054
Superscaffold9	40514857	41026011	-0.017533	-0.007976	-0.004795	-0.007641
Superscaffold9	41026013	41628134	0.255927	0.090806	0.055152	0.199746
Superscaffold9	41628575	42315801	-0.059359	-0.020159	-0.013310	-0.040066
Superscaffold9	42315902	42693728	0.139118	0.047942	0.032757	0.087619
Superscaffold9	42693779	43129217	0.246497	0.119706	0.088525	0.158866
Superscaffold9	43129254	43646702	0.018525	0.005461	0.003788	0.012253
Superscaffold9	43646722	44056660	-0.005225	-0.001855	-0.001385	-0.004117
Superscaffold9	44056676	44418207	-0.006599	-0.003315	-0.002338	-0.010076
Superscaffold9	44426252	44917561	0.036637	0.020280	0.013899	0.014171
Superscaffold9	44917614	45341414	-0.144927	-0.046210	-0.034780	-0.093530
Superscaffold9	45341521	45764448	0.198351	0.069005	0.042154	0.133189
Superscaffold9	45764519	46949763	0.131593	0.036581	0.026893	0.092010
Superscaffold9	46949944	47205821	0.053431	0.027612	0.019055	0.034015
Superscaffold9	47205832	47881342	-0.093641	-0.037499	-0.024967	-0.059323
Superscaffold9	47881366	48218177	0.091229	0.039345	0.026511	0.053487
Superscaffold9	48218283	48761406	0.002980	0.001180	0.000779	0.007804
Superscaffold9	48761511	49273943	0.121864	0.045541	0.028846	0.072447
Superscaffold9	49274126	49516171	-0.106345	-0.044324	-0.030884	-0.056273
Superscaffold9	49516270	49772985	0.122731	0.057812	0.041095	0.070793
Superscaffold9	49773035	50405505	0.054059	0.022186	0.015132	0.030105
Superscaffold9	50405940	50747831	0.030108	0.011766	0.007429	0.021968
Superscaffold9	50747943	51060551	-0.146228	-0.066278	-0.036333	-0.082374
Superscaffold9	51060606	51365638	-0.044915	-0.022797	-0.013536	-0.027086
Superscaffold9	51365686	51729137	0.070114	0.023782	0.016532	0.044040
Superscaffold9	51729664	52075258	0.189919	0.078802	0.052775	0.121320
Superscaffold9	52085542	52321024	0.197347	0.101910	0.064896	0.126619
Superscaffold9	52321066	52673253	0.257006	0.118069	0.074733	0.156935
Superscaffold9	52673255	52891094	0.134325	0.067329	0.044679	0.072423
Superscaffold9	52891132	53163264	0.049988	0.020566	0.014211	0.035636
Superscaffold9	53163315	53463563	-0.106313	-0.051511	-0.031588	-0.061506
Superscaffold9	53463602	53725730	-0.044805	-0.025235	-0.016554	-0.030434
Superscaffold9	53725766	54081715	-0.106142	-0.053736	-0.032671	-0.055289
Superscaffold9	54081720	54623409	-0.098187	-0.036677	-0.026475	-0.053494
Superscaffold9	54623476	54952009	0.005548	0.002349	0.001656	-0.001133
Superscaffold9	54952018	55249347	-0.294408	-0.173410	-0.109719	-0.175803
Superscaffold9	55249479	56097080	-0.050615	-0.020222	-0.013851	-0.025444
Superscaffold9	56097108	56493139	0.143573	0.060527	0.039655	0.082609
Superscaffold9	56493176	56969541	0.464192	0.172559	0.121695	0.294230
Superscaffold10	421408	853830	0.099606	0.034592	0.021256	0.069446
Superscaffold10	854116	1494199	0.200969	0.105942	0.070942	0.111643
Superscaffold10	1494213	1983704	-0.070107	-0.019397	-0.012985	-0.046188
Superscaffold10	1983931	2560934	0.083884	0.023281	0.014161	0.058174
Superscaffold10	2560938	2920423	0.079598	0.025932	0.017951	0.059667
Superscaffold10	2920557	3276301	0.012608	0.005565	0.003449	0.002224
Superscaffold10	3276335	3733850	0.233516	0.088800	0.050837	0.180767
Superscaffold10	3733854	5194112	0.072160	0.023069	0.014070	0.057456
Superscaffold10	5194375	5993569	0.129538	0.060753	0.038009	0.100803
Superscaffold10	5993590	6405753	0.030357	0.012425	0.008050	0.014395
Superscaffold10	6405842	6973779	0.095440	0.041019	0.024950	0.075709
Superscaffold10	6973802	7549514	0.039239	0.014218	0.009375	0.025127
Superscaffold10	7549515	8112181	0.215131	0.084744	0.055862	0.164181
Superscaffold10	8112897	8505929	0.053883	0.020455	0.013214	0.033596
Superscaffold10	8505993	9072502	0.254906	0.092566	0.054152	0.173366
Superscaffold10	9083197	9944502	0.110771	0.033918	0.022534	0.074881
Superscaffold10	9944675	10296750	-0.079937	-0.027699	-0.016588	-0.053012
Superscaffold10	10297258	10585993	0.219439	0.095247	0.064536	0.145621
Superscaffold10	10586058	11356679	0.028584	0.010647	0.006595	0.015613
Superscaffold10	11356709	11778485	0.299388	0.111406	0.067099	0.234960
Superscaffold10	11778932	12131499	0.199970	0.073178	0.046085	0.135139
Superscaffold10	12131519	12515264	0.339240	0.129944	0.089942	0.245025
Superscaffold10	12515267	13077348	0.329914	0.130905	0.084328	0.243575
Superscaffold10	13077370	13462990	0.007972	0.002944	0.001854	0.009073
Superscaffold10	13462999	13827930	0.442359	0.200750	0.132072	0.293297
Superscaffold10	13828082	14359417	0.098896	0.038098	0.024513	0.073178
Superscaffold10	14359460	14900483	0.441175	0.149023	0.096407	0.340597
Superscaffold10	14900594	15547016	0.015890	0.005582	0.003567	0.012866
Superscaffold10	15547038	15992186	0.108927	0.036352	0.024596	0.073683
Superscaffold10	15992215	16504812	0.211903	0.075505	0.046253	0.171653
Superscaffold10	16504975	17132335	0.344203	0.114224	0.067321	0.281809
Superscaffold10	17132336	17711432	0.160774	0.048055	0.029484	0.109617
Superscaffold10	17712129	18168403	-0.222288	-0.092700	-0.054274	-0.160307
Superscaffold10	18168715	18504151	0.093276	0.044477	0.026443	0.060899
Superscaffold10	18504206	18773464	-0.171671	-0.097521	-0.049557	-0.111078
Superscaffold10	18773660	19490134	0.199101	0.072506	0.044310	0.123278
Superscaffold10	19490168	19912187	0.125969	0.055381	0.032354	0.086464
Superscaffold10	19912215	20234443	-0.243422	-0.106740	-0.063407	-0.186865
Superscaffold10	20234462	20594237	-0.200193	-0.098733	-0.052648	-0.158918
Superscaffold10	20594286	20905555	-0.031045	-0.010945	-0.006905	-0.027954
Superscaffold10	20905570	21291026	0.333878	0.117053	0.074842	0.286673
Superscaffold10	21291034	21726532	0.032150	0.009500	0.006022	0.029714
Superscaffold10	21726557	21990786	0.303310	0.182013	0.118786	0.201527
Superscaffold10	21990787	22397695	0.115613	0.036010	0.024211	0.077070
Superscaffold10	22397758	22777726	0.189798	0.068519	0.043337	0.146981
Superscaffold10	22777743	23188083	0.405633	0.143154	0.087251	0.343310
Superscaffold10	23188084	23554548	0.509289	0.183416	0.120452	0.424113
Superscaffold10	23554613	23937392	0.327289	0.122474	0.084356	0.248033
Superscaffold10	23937396	24461011	0.026261	0.009011	0.005577	0.018849
Superscaffold10	24461107	24942450	0.299625	0.079020	0.052738	0.228866
Superscaffold10	24943597	25250243	0.253612	0.094676	0.064030	0.188129
Superscaffold10	25250252	25642419	0.152235	0.096259	0.060214	0.115448
Superscaffold10	25642470	26005676	0.168059	0.048387	0.035933	0.110914
Superscaffold10	26005719	26261549	0.499335	0.179123	0.118317	0.362397
Superscaffold10	26261591	26474436	0.036323	0.016778	0.012006	0.019649
Superscaffold10	26474485	26971014	0.357969	0.107360	0.075599	0.262352
Superscaffold10	26971066	27361350	-0.048140	-0.022376	-0.012653	-0.027297
Superscaffold10	27361611	27877481	0.063612	0.015577	0.010010	0.050119
Superscaffold10	27877498	28502570	-0.122136	-0.034320	-0.023593	-0.071634
Superscaffold10	28502625	28845190	0.043470	0.019153	0.012387	0.029575
Superscaffold10	28845230	29224149	0.076975	0.031651	0.019699	0.049443
Superscaffold10	29224351	29672918	0.059475	0.021516	0.012329	0.038141
Superscaffold10	29672947	29949184	-0.216196	-0.093143	-0.062013	-0.165249
Superscaffold10	29949435	30418593	0.053850	0.017654	0.010376	0.029938
Superscaffold10	30418642	30768003	0.164735	0.058560	0.039875	0.142682
Superscaffold10	30768007	31087677	0.321986	0.154051	0.092124	0.266632
Superscaffold10	31087779	31315067	-0.034477	-0.014678	-0.009274	-0.020424
Superscaffold10	31315165	31637495	0.365946	0.131844	0.086153	0.233281
Superscaffold10	31637825	31878511	0.478834	0.240252	0.145150	0.339126
Superscaffold10	31878540	32243591	0.082538	0.026696	0.017318	0.036137
Superscaffold10	32243748	32896249	-0.003110	-0.001131	-0.000690	-0.002100
Superscaffold10	32896255	33231823	-0.010104	-0.004036	-0.002780	-0.012085
Superscaffold10	33231901	33749837	-0.068827	-0.012655	-0.008468	-0.040624
Superscaffold10	33753873	34398371	0.005978	0.001103	0.000760	0.000663
Superscaffold10	34398385	35130370	0.391410	0.086496	0.051665	0.327310
Superscaffold10	35130420	35589173	0.047146	0.015806	0.008424	0.031786
Superscaffold10	35589319	35965100	-0.225553	-0.075113	-0.039505	-0.157617
Superscaffold10	35965111	36324496	0.087478	0.029711	0.018428	0.061528
Superscaffold10	36324497	36790248	0.276917	0.087085	0.055787	0.223107
Superscaffold10	36790252	37204879	0.277537	0.073146	0.052262	0.196402
Superscaffold10	37204893	37528533	0.023849	0.010338	0.005726	0.015195
Superscaffold10	37533636	37891039	0.249247	0.093827	0.059050	0.158842
Superscaffold10	37891219	38157688	-0.055162	-0.029191	-0.018531	-0.033569
Superscaffold10	38157760	38399686	0.068682	0.025932	0.017410	0.037005
Superscaffold10	38399850	38647558	0.016381	0.008255	0.005226	0.011465
Superscaffold10	38651581	39703363	-0.052974	-0.014169	-0.009949	-0.028224
Superscaffold10	39703594	40453099	0.528699	0.188091	0.132998	0.417027
Superscaffold10	40453308	40787361	0.202495	0.064668	0.044238	0.153870
Superscaffold10	40787445	41187008	-0.211694	-0.061255	-0.041872	-0.150522
Superscaffold10	41187707	41528634	0.480575	0.243543	0.137430	0.407608
Superscaffold10	41528742	41756774	0.228226	0.103958	0.066997	0.139278
Superscaffold10	41756799	42126462	-0.011463	-0.008316	-0.004161	-0.009988
Superscaffold10	42126543	42374651	0.467883	0.244882	0.143481	0.289823
Superscaffold10	42374694	42655359	-0.026343	-0.010992	-0.006875	-0.011749
Superscaffold10	42655360	43345118	-0.098458	-0.028972	-0.018886	-0.064895
Superscaffold10	43345121	43752748	-0.175423	-0.061728	-0.036156	-0.120712
Superscaffold10	43753170	44369029	0.416752	0.180947	0.115410	0.280376
Superscaffold10	44369133	44921123	0.388915	0.140892	0.093362	0.269689
Superscaffold10	44921158	45206089	0.318397	0.126528	0.096099	0.174169
Superscaffold10	45206231	45629399	-0.021786	-0.009341	-0.005741	-0.016693
Superscaffold10	45629450	45884001	-0.060285	-0.026158	-0.018242	-0.035223
Superscaffold10	45884008	46140907	0.051119	0.024224	0.016279	0.029703
Superscaffold10	46140933	46501884	-0.017265	-0.007037	-0.004987	-0.017480
Superscaffold10	46502085	47518851	0.072291	0.031498	0.022581	0.034494
Superscaffold10	47518944	47714117	0.142565	0.081486	0.052070	0.066207
Superscaffold10	47714385	47907903	-0.030347	-0.014799	-0.009991	-0.019783
Superscaffold10	47907992	48280053	0.159891	0.066415	0.040498	0.069185
Superscaffold10	48280064	48638542	-0.015685	-0.006419	-0.004018	-0.007867
Superscaffold10	48638593	49047722	0.035728	0.017270	0.011043	0.016347
Superscaffold10	49047743	49346250	-0.092275	-0.060649	-0.032649	-0.044905
Superscaffold10	49346405	49851999	-0.133811	-0.070107	-0.045877	-0.078967
Superscaffold10	49852002	50079092	-0.081737	-0.038348	-0.025246	-0.053720
Superscaffold10	50079120	50382300	0.065597	0.027049	0.019145	0.038607
Superscaffold10	50382306	51074813	0.111900	0.043482	0.029162	0.062287
Superscaffold10	51075347	51464665	-0.058194	-0.028348	-0.017599	-0.033830
Superscaffold10	51464734	51906442	0.064796	0.025718	0.018031	0.033919
Superscaffold10	51906447	52101700	-0.044196	-0.028863	-0.018797	-0.025541
Superscaffold10	52101770	52369908	0.070150	0.037157	0.022353	0.038132
Superscaffold10	52369923	52628984	0.116234	0.059830	0.035977	0.067852
Superscaffold10	52629054	52859839	0.121023	0.066696	0.042285	0.056595
Superscaffold10	52861030	53154332	-0.087345	-0.054117	-0.032649	-0.053691
Superscaffold10	53154379	53464524	0.357645	0.167509	0.120854	0.205573
Superscaffold10	53464571	53692099	0.171208	0.082432	0.057920	0.084357
Superscaffold10	53692153	53910627	-0.066295	-0.056315	-0.033559	-0.040109
Superscaffold10	53910636	54745992	0.004012	0.001729	0.000980	0.003669
Superscaffold10	54745998	54991832	0.027570	0.013028	0.008975	0.022380
Superscaffold10	54991871	55292489	0.063528	0.035185	0.021182	0.042181
Superscaffold10	55292933	55467817	0.054293	0.030606	0.021724	0.031546
Superscaffold11	292739	668431	-0.157952	-0.066907	-0.043854	-0.103876
Superscaffold11	668586	1080640	0.046158	0.013489	0.009536	0.028382
Superscaffold11	1080659	1672287	0.156607	0.051327	0.035983	0.096266
Superscaffold11	1672312	2764184	0.129858	0.061586	0.039297	0.079726
Superscaffold11	2764551	3419487	-0.050193	-0.016757	-0.010977	-0.026503
Superscaffold11	3419504	4762113	0.036787	0.014468	0.010296	0.017967
Superscaffold11	4762245	5176660	-0.103404	-0.054181	-0.033569	-0.061472
Superscaffold11	5176678	5573046	-0.016953	-0.006493	-0.004497	-0.011553
Superscaffold11	5573091	6407726	-0.064237	-0.021169	-0.015236	-0.039940
Superscaffold11	6407743	7101914	0.085306	0.039982	0.024364	0.050632
Superscaffold11	7101979	7704787	0.001251	0.000538	0.000362	0.000829
Superscaffold11	7704835	8045400	-0.006865	-0.004068	-0.002635	-0.003377
Superscaffold11	8045707	8702298	0.041913	0.020069	0.013364	0.024026
Superscaffold11	8702316	9037291	0.069240	0.038142	0.024970	0.036075
Superscaffold11	9037451	9424402	0.185250	0.070117	0.043560	0.140098
Superscaffold11	9424432	9786212	-0.044158	-0.026969	-0.014363	-0.022378
Superscaffold11	9786222	10108351	-0.055943	-0.024653	-0.015440	-0.034040
Superscaffold11	10108449	11001825	-0.034947	-0.015288	-0.008069	-0.015947
Superscaffold11	11001908	11375910	0.221350	0.096121	0.053155	0.138249
Superscaffold11	11375992	11967369	-0.056991	-0.020648	-0.013781	-0.031913
Superscaffold11	11967380	12568289	0.238443	0.090791	0.057426	0.176333
Superscaffold11	12568788	13056995	0.083470	0.028202	0.016737	0.049848
Superscaffold11	13057159	13379166	0.167068	0.073187	0.046862	0.116019
Superscaffold11	13379196	13650716	-0.099466	-0.036000	-0.023750	-0.060625
Superscaffold11	13650757	14190512	-0.298243	-0.112516	-0.074559	-0.227823
Superscaffold11	14190537	14597798	0.107593	0.064839	0.041014	0.064880
Superscaffold11	14597845	14851642	-0.022644	-0.011705	-0.007948	-0.019426
Superscaffold11	14851736	15528188	-0.026033	-0.012259	-0.007953	-0.018209
Superscaffold11	15528291	16195788	0.125444	0.048684	0.030383	0.102879
Superscaffold11	16195836	16588237	-0.039143	-0.025121	-0.012527	-0.024110
Superscaffold11	16588245	16980298	0.172128	0.067081	0.040734	0.129107
Superscaffold11	16981470	17516981	-0.008207	-0.001879	-0.001445	-0.010393
Superscaffold11	17517015	18238545	0.147494	0.055053	0.038996	0.084459
Superscaffold11	18238557	18759320	0.223714	0.121654	0.074525	0.137419
Superscaffold11	18759444	19195173	0.114457	0.050024	0.035174	0.070138
Superscaffold11	19195188	19703717	0.094612	0.034088	0.022819	0.060798
Superscaffold11	19703738	20098353	-0.039332	-0.020254	-0.011826	-0.026849
Superscaffold11	20098450	20588587	0.231291	0.120752	0.074357	0.145615
Superscaffold11	20588631	20862118	0.101546	0.062980	0.032747	0.059909
Superscaffold11	20862249	21152451	0.021587	0.010968	0.006976	0.014768
Superscaffold11	21153028	21668533	-0.003091	-0.000861	-0.000597	0.000641
Superscaffold11	21668716	21983769	-0.068704	-0.024226	-0.016688	-0.047087
Superscaffold11	21983784	22417991	0.098855	0.033381	0.022967	0.079809
Superscaffold11	22418185	22707870	0.002058	0.000697	0.000485	0.005210
Superscaffold11	22707879	22969336	0.037342	0.018688	0.011908	0.025146
Superscaffold11	22969653	23502112	0.211605	0.073126	0.047338	0.147416
Superscaffold11	23502227	23957148	-0.031231	-0.011806	-0.006843	-0.020127
Superscaffold11	23957163	24285145	0.246409	0.075740	0.057852	0.162920
Superscaffold11	24285150	24789200	0.323732	0.106881	0.072407	0.220239
Superscaffold11	24789242	25400904	-0.295466	-0.106840	-0.051770	-0.201499
Superscaffold11	25403308	25688969	-0.088168	-0.039939	-0.023006	-0.057534
Superscaffold11	25689374	26131849	-0.113749	-0.031661	-0.022950	-0.072254
Superscaffold11	26131916	26644903	-0.064096	-0.022254	-0.014207	-0.051975
Superscaffold11	26644954	27073521	0.451580	0.174030	0.097991	0.322419
Superscaffold11	27073877	27735569	0.342344	0.093428	0.067252	0.251418
Superscaffold11	27735674	28128529	-0.085417	-0.030612	-0.018232	-0.060906
Superscaffold11	28128563	28489152	0.094900	0.031746	0.017839	0.070162
Superscaffold11	28489175	28872670	0.168050	0.076852	0.050761	0.135033
Superscaffold11	28872770	29104699	-0.104784	-0.048718	-0.032112	-0.071992
Superscaffold11	29104954	29902484	0.239015	0.098716	0.064697	0.170824
Superscaffold11	29902657	30515166	0.061252	0.020425	0.012560	0.038676
Superscaffold11	30515952	30965237	0.082123	0.037787	0.021415	0.057293
Superscaffold11	30965263	31334630	-0.192726	-0.093740	-0.059433	-0.137665
Superscaffold11	31334637	31627784	0.126043	0.072116	0.049385	0.104322
Superscaffold11	31627828	32081324	0.123565	0.048814	0.029997	0.093204
Superscaffold11	32081341	32443270	0.397267	0.189072	0.113596	0.305635
Superscaffold11	32443301	32758298	0.291773	0.173413	0.090963	0.231476
Superscaffold11	32758382	33324107	0.397569	0.130341	0.088462	0.330093
Superscaffold11	33324132	33937096	0.041972	0.011309	0.006949	0.037727
Superscaffold11	33937123	34270405	-0.717416	-0.454308	-0.250400	-0.636492
Superscaffold11	34270744	34936985	-0.422891	-0.141385	-0.089729	-0.333490
Superscaffold11	34936988	35401580	0.335350	0.126274	0.071653	0.220979
Superscaffold11	35401911	35666944	0.326008	0.132057	0.083813	0.191563
Superscaffold11	35666970	36051751	-0.002617	-0.001275	-0.000812	-0.004417
Superscaffold11	36051898	36306538	0.259306	0.125737	0.072121	0.171456
Superscaffold11	36306541	36640185	0.161512	0.073629	0.045189	0.090571
Superscaffold11	36640289	36927475	0.129063	0.064695	0.037570	0.075245
Superscaffold11	36927494	37438225	0.239194	0.089448	0.055916	0.138588
Superscaffold11	37438294	38030836	0.056432	0.016150	0.011977	0.030289
Superscaffold11	38030843	38965574	0.076926	0.025659	0.017058	0.045618
Superscaffold11	38965716	39297484	0.100019	0.048754	0.031597	0.064729
Superscaffold11	39297533	39937958	0.087499	0.049827	0.032208	0.052962
Superscaffold11	39938010	40241955	0.539040	0.284357	0.185321	0.419594
Superscaffold11	40241974	40772610	0.289277	0.079089	0.050612	0.204264
Superscaffold11	40772674	41337749	0.496689	0.174752	0.110489	0.395129
Superscaffold11	41337811	41711454	0.095323	0.042898	0.025415	0.056919
Superscaffold11	41711505	41954580	0.052211	0.021698	0.013125	0.034087
Superscaffold11	41954603	42240540	0.163692	0.063306	0.043827	0.095159
Superscaffold11	42240606	42632047	-0.001981	-0.001071	-0.000606	-0.003717
Superscaffold11	42632846	43022250	-0.124363	-0.064944	-0.036237	-0.067535
Superscaffold11	43022260	44043959	-0.070575	-0.021798	-0.014894	-0.036344
Superscaffold11	44044002	44389011	0.028137	0.013790	0.009078	0.010854
Superscaffold11	44389136	44703979	0.183535	0.088807	0.057539	0.107351
Superscaffold11	44704032	45021415	0.366063	0.176010	0.106856	0.222935
Superscaffold11	45021421	45324809	0.056820	0.024442	0.016767	0.029462
Superscaffold11	45325054	45962909	0.225453	0.079483	0.054413	0.148709
Superscaffold11	45962943	46537972	0.108855	0.041312	0.022793	0.075413
Superscaffold11	46537980	47143303	-0.014081	-0.005739	-0.003418	-0.009505
Superscaffold11	47143544	47640345	0.017486	0.006424	0.004054	0.011474
Superscaffold11	47640400	48022091	0.210614	0.087042	0.053444	0.152636
Superscaffold11	48022167	48423669	0.221795	0.097260	0.061235	0.165337
Superscaffold11	48423796	48919810	0.154913	0.059474	0.036370	0.109871
Superscaffold11	48920457	50155067	0.080067	0.027914	0.017861	0.055109
Superscaffold11	50155504	51087197	0.109695	0.041955	0.027305	0.070503
Superscaffold11	51087259	51386217	0.256449	0.136224	0.077100	0.171043
Superscaffold11	51386223	51759502	0.192269	0.097052	0.058043	0.112293
Superscaffold11	51759571	52327740	0.315457	0.115120	0.064829	0.233424
Superscaffold11	52327803	52676090	0.199671	0.088284	0.057940	0.139835
Superscaffold11	52676100	53125236	0.178425	0.092513	0.060570	0.105841
Superscaffold11	53125332	53842204	0.022060	0.008861	0.005833	0.018671
Superscaffold11	53842374	54161066	-0.171235	-0.070300	-0.050158	-0.116279
Superscaffold11	54161090	54746483	0.063354	0.024482	0.017007	0.040880
Superscaffold11	54746560	55146390	0.171879	0.076685	0.048654	0.103366
Superscaffold11	55146427	55548180	0.301983	0.092085	0.057452	0.213392
Superscaffold11	55550518	56018264	0.265512	0.092350	0.061673	0.194593
Superscaffold11	56018295	56539220	0.011507	0.003778	0.002305	0.009270
Superscaffold11	56539255	57009590	0.129357	0.065589	0.039741	0.088894
Superscaffold11	57009597	57327675	-0.088194	-0.037297	-0.021759	-0.060214
Superscaffold11	57327974	57838964	0.041599	0.015112	0.009543	0.029101
Superscaffold11	57839007	58372758	-0.024396	-0.011239	-0.005921	-0.013384
Superscaffold11	58372820	58795642	0.041414	0.015578	0.009621	0.023294
Superscaffold12	87095	645852	0.034807	0.007922	0.005404	0.020240
Superscaffold12	645960	1477483	0.082034	0.026954	0.016453	0.057176
Superscaffold12	1477497	1998339	-0.107666	-0.038103	-0.023956	-0.061586
Superscaffold12	1998441	2338829	0.119354	0.041499	0.025491	0.081777
Superscaffold12	2338909	2704013	0.366673	0.164501	0.095797	0.312476
Superscaffold12	2704072	3169814	0.105754	0.031308	0.018817	0.082661
Superscaffold12	3169834	3531647	0.243254	0.089503	0.052594	0.189439
Superscaffold12	3531659	3985690	0.375380	0.137913	0.082526	0.324932
Superscaffold12	3985741	4560071	0.450051	0.127324	0.075121	0.371280
Superscaffold12	4560198	5154460	0.250946	0.071666	0.045411	0.186650
Superscaffold12	5154517	5683337	0.020781	0.005764	0.003898	0.014738
Superscaffold12	5683600	5920423	-0.016178	-0.010711	-0.005907	-0.013618
Superscaffold12	5920456	6398823	-0.050189	-0.016569	-0.010816	-0.024937
Superscaffold12	6398824	6850976	0.043061	0.015802	0.010892	0.029295
Superscaffold12	6851108	7169456	-0.021327	-0.009363	-0.006143	-0.012478
Superscaffold12	7169510	7600795	-0.152852	-0.057696	-0.035128	-0.098965
Superscaffold12	7600837	8047770	0.214387	0.086440	0.046597	0.161333
Superscaffold12	8047794	8352890	-0.014268	-0.006621	-0.003645	-0.008484
Superscaffold12	8352948	8813470	-0.206442	-0.133201	-0.060806	-0.130040
Superscaffold12	8813601	9151151	0.027271	0.012125	0.006891	0.018245
Superscaffold12	9152582	9533961	0.079501	0.025138	0.016020	0.063717
Superscaffold12	9533964	9983682	0.429423	0.143582	0.089997	0.358793
Superscaffold12	9983731	10391497	0.409418	0.159452	0.103399	0.356895
Superscaffold12	10391726	10810772	-0.060839	-0.019523	-0.010358	-0.043193
Superscaffold12	10813363	11344188	0.359448	0.105837	0.068912	0.312979
Superscaffold12	11344345	11805496	-0.146027	-0.035874	-0.023746	-0.097957
Superscaffold12	11805501	13015264	-0.065269	-0.017054	-0.011561	-0.043143
Superscaffold12	13015996	13708416	-0.216274	-0.078865	-0.042530	-0.175718
Superscaffold12	13708442	14234917	0.030947	0.008404	0.005190	0.016069
Superscaffold12	14235965	14760900	0.296485	0.081413	0.050335	0.237947
Superscaffold12	14760906	15234669	0.342071	0.120625	0.071650	0.255467
Superscaffold12	15234952	15717791	0.273260	0.091732	0.048256	0.232044
Superscaffold12	15718301	16131503	0.587866	0.194630	0.103289	0.474534
Superscaffold12	16131857	16972661	0.510822	0.081151	0.052104	0.424058
Superscaffold12	16977122	17801526	0.395003	0.069481	0.046739	0.331853
Superscaffold12	17801606	18634110	-0.071156	-0.015201	-0.009043	-0.057242
Superscaffold12	18634174	19448166	0.139393	0.028217	0.016645	0.099446
Superscaffold12	19448216	19833584	0.584631	0.227097	0.126667	0.486285
Superscaffold12	19833585	20215414	0.306238	0.120936	0.068685	0.229540
Superscaffold12	20217042	20547560	0.279279	0.095182	0.055410	0.236435
Superscaffold12	20548065	21139445	0.252516	0.079604	0.047504	0.201532
Superscaffold12	21139606	21800431	-0.078483	-0.022645	-0.014772	-0.057007
Superscaffold12	21800465	22334500	0.064266	0.027179	0.017522	0.037251
Superscaffold12	22334569	23010913	0.122301	0.033405	0.019975	0.074986
Superscaffold12	23010955	23556189	0.046250	0.019048	0.011770	0.028282
Superscaffold12	23556201	24060126	0.221972	0.059988	0.038139	0.182193
Superscaffold12	24060138	24567769	0.645101	0.230207	0.150885	0.549228
Superscaffold12	24567795	25029597	0.190927	0.073506	0.045379	0.152985
Superscaffold12	25030054	25657259	0.121865	0.029809	0.019478	0.086270
Superscaffold12	25657349	26103325	0.110576	0.036991	0.023260	0.075169
Superscaffold12	26103502	26788534	0.248961	0.072952	0.047804	0.195794
Superscaffold12	26788833	27635495	0.002806	0.000802	0.000539	0.001097
Superscaffold12	27635786	28173425	0.010599	0.002803	0.001866	0.006707
Superscaffold12	28174457	28638783	0.234616	0.080068	0.049532	0.150082
Superscaffold12	28638799	29226816	0.207132	0.051425	0.035788	0.156581
Superscaffold12	29227318	29672947	0.123604	0.041920	0.026250	0.084174
Superscaffold12	29672989	30102958	-0.154258	-0.058838	-0.032899	-0.133182
Superscaffold12	30102990	30488282	-0.056414	-0.019472	-0.011591	-0.040765
Superscaffold12	30488934	30869899	0.196480	0.083325	0.046731	0.149336
Superscaffold12	30869904	31872959	0.242614	0.074460	0.045562	0.197825
Superscaffold12	31872990	32232945	0.388338	0.179337	0.121744	0.251903
Superscaffold12	32232996	32608074	0.063792	0.028963	0.017429	0.042343
Superscaffold12	32608222	33107310	0.155989	0.043632	0.027678	0.106056
Superscaffold12	33107363	33657802	0.037518	0.012041	0.007346	0.028076
Superscaffold12	33657821	34255540	0.029203	0.007914	0.005243	0.017577
Superscaffold12	34255550	34689251	0.132023	0.043377	0.025424	0.096907
Superscaffold12	34689945	35103365	0.401068	0.145477	0.089222	0.312870
Superscaffold12	35103383	35534469	0.085147	0.033485	0.018176	0.069605
Superscaffold12	35534530	36038069	0.123167	0.045733	0.029299	0.078485
Superscaffold12	36038108	36431793	-0.049516	-0.015516	-0.009520	-0.031785
Superscaffold12	36431880	36844549	0.210568	0.071066	0.046882	0.166275
Superscaffold12	36844591	37642448	0.060608	0.017119	0.010973	0.037629
Superscaffold12	37643197	38136607	0.028739	0.008590	0.005584	0.024147
Superscaffold12	38136683	38510900	0.048325	0.018847	0.012650	0.036773
Superscaffold12	38510944	39165811	0.081346	0.023029	0.014922	0.057746
Superscaffold12	39165812	39590130	0.172381	0.064005	0.041826	0.124860
Superscaffold12	39590151	39978784	0.129497	0.045488	0.030376	0.108869
Superscaffold12	39978785	40382385	-0.072465	-0.027950	-0.016791	-0.056444
Superscaffold12	40382393	40704298	0.406911	0.210194	0.152477	0.284784
Superscaffold12	40704308	41486743	0.000583	0.000203	0.000131	0.006851
Superscaffold12	41492005	42207661	0.321237	0.086459	0.050812	0.266288
unanchor224	4577	227669	0.008894	0.003912	0.002531	0.003918
unanchor236	5588	359507	0.055990	0.021431	0.014007	0.038958
unanchor243	97101	684829	0.009892	0.003222	0.002084	0.009678
unanchor251	467491	518030	0.218925	0.096293	0.065172	0.159040
unanchor255	158082	924807	0.008530	0.002675	0.001702	0.004839
unanchor270	89817	143778	0.009741	0.004039	0.002439	0.007761
unanchor272	143841	348893	0.064741	0.030999	0.019412	0.039211
unanchor278	122968	155753	0.033856	0.011034	0.007643	0.018392
unanchor278	162664	1279433	-0.041161	-0.013097	-0.009150	-0.026131
