chr	windowStart	windowEnd	D	f_d	f_dM	d_f
Superscaffold1	510614	595965	0.100980	0.082616	0.057938	0.038945
Superscaffold1	596010	743960	-0.133769	-0.099287	-0.069315	-0.043923
Superscaffold1	743983	854689	-0.122016	-0.092583	-0.053370	-0.049832
Superscaffold1	854718	1152777	0.012742	0.007627	0.005034	0.004357
Superscaffold1	1152778	1313582	-0.107483	-0.063147	-0.042263	-0.033961
Superscaffold1	1313666	1474706	-0.063787	-0.047063	-0.026388	-0.024492
Superscaffold1	1474800	1744361	-0.160398	-0.124124	-0.073591	-0.057743
Superscaffold1	1744540	1911355	-0.021579	-0.014857	-0.008971	-0.008670
Superscaffold1	1911402	2228470	-0.068040	-0.029765	-0.016806	-0.029497
Superscaffold1	2228473	2401393	-0.171170	-0.127709	-0.079355	-0.078371
Superscaffold1	2401453	2565967	-0.057402	-0.051501	-0.030982	-0.033116
Superscaffold1	2565974	2737901	0.026809	0.025584	0.014435	0.015249
Superscaffold1	2737972	2845602	0.126073	0.146284	0.070665	0.053600
Superscaffold1	2845619	3072949	-0.054053	-0.051822	-0.023599	-0.025698
Superscaffold1	3073469	3249515	0.072783	0.079433	0.040342	0.034876
Superscaffold1	3249557	3507236	0.075217	0.048261	0.030924	0.035302
Superscaffold1	3507418	3787128	-0.034755	-0.019952	-0.012307	-0.016459
Superscaffold1	3787227	4026651	-0.071336	-0.048910	-0.027666	-0.027193
Superscaffold1	4026857	4258523	0.164562	0.113544	0.068900	0.074416
Superscaffold1	4258550	4477321	-0.138042	-0.090779	-0.054029	-0.058222
Superscaffold1	4477463	4671622	0.004902	0.004913	0.002560	0.001454
Superscaffold1	4671644	4850177	0.025829	0.032052	0.017038	0.016297
Superscaffold1	4850351	5126398	-0.164863	-0.106173	-0.067829	-0.084669
Superscaffold1	5126581	5364693	-0.265026	-0.225352	-0.123932	-0.167679
Superscaffold1	5365085	5601397	-0.291315	-0.275764	-0.145913	-0.175586
Superscaffold1	5601430	5755459	-0.030452	-0.040542	-0.021282	-0.016847
Superscaffold1	5755461	6011935	-0.095434	-0.063586	-0.039892	-0.053190
Superscaffold1	6011987	6290294	-0.185519	-0.100433	-0.060225	-0.071784
Superscaffold1	6290304	6448599	0.250670	0.189959	0.122937	0.148992
Superscaffold1	6448613	6712289	-0.210868	-0.126089	-0.078286	-0.099959
Superscaffold1	6712440	7013069	-0.210269	-0.115595	-0.074761	-0.096985
Superscaffold1	7013147	7296366	-0.259788	-0.119840	-0.077619	-0.137057
Superscaffold1	7296557	7559315	0.010848	0.007259	0.004478	0.002215
Superscaffold1	7559335	7878373	-0.049574	-0.047977	-0.025537	-0.020310
Superscaffold1	7878447	8516854	0.057527	0.032006	0.021727	0.021943
Superscaffold1	8516868	9101944	-0.017324	-0.014428	-0.008772	-0.008375
Superscaffold1	9103199	9811773	0.025938	0.015184	0.010002	0.008178
Superscaffold1	9811837	10508678	0.005358	0.003828	0.002291	0.000266
Superscaffold1	10508848	10727499	-0.068892	-0.064317	-0.037789	-0.031093
Superscaffold1	10727528	10924663	0.048643	0.037597	0.020003	0.025711
Superscaffold1	10924666	11126851	-0.020874	-0.014963	-0.009948	-0.008857
Superscaffold1	11126932	11352885	-0.004840	-0.003004	-0.002064	-0.002014
Superscaffold1	11353144	11548286	-0.124772	-0.047784	-0.036756	-0.033978
Superscaffold1	11548287	11795036	-0.130406	-0.072473	-0.041642	-0.038436
Superscaffold1	11795061	11974736	-0.189234	-0.153668	-0.094050	-0.083779
Superscaffold1	11974836	12232867	-0.055020	-0.034943	-0.021904	-0.025645
Superscaffold1	12232879	12469378	0.091506	0.084413	0.049436	0.039759
Superscaffold1	12469441	12724779	0.028107	0.017549	0.010592	0.008909
Superscaffold1	12726742	12985880	-0.088898	-0.038392	-0.025500	-0.034933
Superscaffold1	12985932	13438638	-0.241374	-0.079859	-0.056289	-0.134640
Superscaffold1	13439083	13901024	-0.123930	-0.063513	-0.040936	-0.056148
Superscaffold1	13901036	14364159	-0.186322	-0.078400	-0.050904	-0.094099
Superscaffold1	14364400	14689391	0.014316	0.007245	0.004325	0.005983
Superscaffold1	14689427	14915168	0.044585	0.028883	0.017939	0.023810
Superscaffold1	14915329	15156296	0.360326	0.249550	0.145659	0.247420
Superscaffold1	15156297	15403518	0.452518	0.242001	0.154175	0.323599
Superscaffold1	15403522	15649980	0.028282	0.015289	0.009434	0.014119
Superscaffold1	15649992	15891667	-0.276292	-0.129213	-0.074252	-0.144492
Superscaffold1	15891673	16135805	-0.213042	-0.145571	-0.075411	-0.128270
Superscaffold1	16135889	16460064	-0.366060	-0.145706	-0.092446	-0.216277
Superscaffold1	16460142	16712822	0.017699	0.015012	0.008566	0.006729
Superscaffold1	16712830	16944799	-0.058732	-0.050540	-0.032912	-0.023395
Superscaffold1	16944809	17236646	0.180310	0.140991	0.083387	0.079331
Superscaffold1	17236687	17597630	-0.046431	-0.021214	-0.014424	-0.021880
Superscaffold1	17597699	18203509	0.031455	0.021833	0.012263	0.012992
Superscaffold1	18203612	18381235	-0.157282	-0.155809	-0.083156	-0.063319
Superscaffold1	18381334	18655764	-0.101520	-0.064916	-0.037196	-0.051137
Superscaffold1	18655781	19054230	-0.047205	-0.023672	-0.016759	-0.020306
Superscaffold1	19055760	19195883	-0.006315	-0.004366	-0.002909	-0.010470
Superscaffold1	19195905	19613677	-0.151976	-0.064707	-0.047443	-0.078259
Superscaffold1	19613800	19869310	-0.244877	-0.103705	-0.078383	-0.119238
Superscaffold1	19869365	20059715	-0.122307	-0.084169	-0.052700	-0.058431
Superscaffold1	20059758	20339256	-0.060611	-0.035491	-0.021936	-0.033737
Superscaffold1	20339261	20974588	0.133943	0.071112	0.038082	0.077527
Superscaffold1	20974600	21235217	0.039250	0.020934	0.012522	0.022243
Superscaffold1	21235234	21539077	-0.009270	-0.005053	-0.002814	-0.001101
Superscaffold1	21539082	21808726	0.065461	0.031309	0.021602	0.029739
Superscaffold1	21808728	22135083	0.149326	0.106538	0.061929	0.077735
Superscaffold1	22135259	22493194	0.005418	0.002351	0.001578	0.001403
Superscaffold1	22493206	23115780	0.067489	0.013015	0.010016	0.032126
Superscaffold1	23115782	23579336	0.310258	0.083375	0.055557	0.167339
Superscaffold1	23588170	23905580	-0.085703	-0.037709	-0.025302	-0.042115
Superscaffold1	23905593	24161550	-0.460882	-0.433366	-0.212546	-0.244159
Superscaffold1	24161580	24347188	-0.174012	-0.259091	-0.114625	-0.096328
Superscaffold1	24347245	24738756	0.009784	0.003223	0.002321	0.006675
Superscaffold1	24738766	25090755	0.135392	0.073563	0.045286	0.067046
Superscaffold1	25091148	25442656	-0.260752	-0.135617	-0.078209	-0.155378
Superscaffold1	25442657	25666032	-0.012419	-0.006993	-0.004807	-0.003743
Superscaffold1	25666182	25880381	-0.214468	-0.115406	-0.083787	-0.080420
Superscaffold1	25880400	26096040	-0.143920	-0.153722	-0.085479	-0.081718
Superscaffold1	26096209	26311692	-0.269018	-0.176098	-0.095548	-0.138242
Superscaffold1	26311722	26632823	-0.248245	-0.121789	-0.075625	-0.136805
Superscaffold1	26633134	26900387	-0.659377	-0.682347	-0.283632	-0.501375
Superscaffold1	26900515	27154423	-0.348380	-0.163098	-0.078685	-0.248036
Superscaffold1	27154456	27318235	-0.133235	-0.163767	-0.058566	-0.071041
Superscaffold1	27318240	27575406	-0.037412	-0.024041	-0.013173	-0.022131
Superscaffold1	27575439	27827536	-0.008854	-0.005274	-0.003227	-0.006868
Superscaffold1	27827544	27993499	-0.072170	-0.086823	-0.038075	-0.029743
Superscaffold1	27993657	28172314	0.186466	0.151399	0.086316	0.097590
Superscaffold1	28172419	28391209	0.157542	0.107685	0.064384	0.075208
Superscaffold1	28391231	28689022	-0.366625	-0.516157	-0.263865	-0.244857
Superscaffold1	28689026	28931662	-0.249041	-0.178516	-0.115287	-0.133535
Superscaffold1	28931806	29143239	-0.426628	-0.279178	-0.133376	-0.252798
Superscaffold1	29143609	29439871	-0.090120	-0.039858	-0.026073	-0.042616
Superscaffold1	29439961	29661105	-0.029987	-0.024339	-0.013289	-0.019823
Superscaffold1	29661224	29962867	-0.158953	-0.065608	-0.036163	-0.073065
Superscaffold1	29962868	30238732	-0.060610	-0.062833	-0.039554	-0.034337
Superscaffold1	30238740	30569114	-0.149602	-0.173926	-0.068365	-0.084317
Superscaffold1	30570076	30882502	-0.147374	-0.083630	-0.053270	-0.069530
Superscaffold1	30882529	31107124	-0.714615	-0.678874	-0.300427	-0.473862
Superscaffold1	31107273	31411597	0.120698	0.051916	0.033363	0.062741
Superscaffold1	31411601	31723632	-0.318357	-0.144433	-0.095900	-0.160514
Superscaffold1	31723638	32116451	-0.136109	-0.135837	-0.068714	-0.085167
Superscaffold1	32116460	32363379	-0.202285	-0.120030	-0.077449	-0.088005
Superscaffold1	32363410	32683264	0.323521	0.161095	0.108559	0.177132
Superscaffold1	32683275	33021114	-0.067123	-0.032592	-0.022944	-0.043155
Superscaffold1	33021129	33385453	-0.015041	-0.006702	-0.004511	-0.010407
Superscaffold1	33385461	33505360	-0.190754	-0.173787	-0.096488	-0.100956
Superscaffold1	33505404	33627871	0.046744	0.032655	0.021564	0.024151
Superscaffold1	33627923	33827705	0.076286	0.076497	0.043222	0.033310
Superscaffold1	33828035	34004795	-0.307167	-0.251801	-0.150328	-0.191503
Superscaffold1	34004799	34210571	-0.208722	-0.087811	-0.060122	-0.127336
Superscaffold1	34210611	34475775	0.058403	0.028301	0.020178	0.026213
Superscaffold1	34475779	34900674	0.075180	0.027807	0.019524	0.034903
Superscaffold1	34900700	35274838	-0.486428	-0.239509	-0.149689	-0.325073
Superscaffold1	35276008	35945605	0.036162	0.015783	0.011345	0.018704
Superscaffold1	35945655	36552714	-0.123773	-0.074878	-0.042086	-0.068821
Superscaffold1	36552739	37004132	-0.282801	-0.125216	-0.084274	-0.137831
Superscaffold1	37004161	37198042	-0.243001	-0.184750	-0.110127	-0.132647
Superscaffold1	37198045	37449363	-0.122425	-0.055940	-0.041286	-0.052544
Superscaffold1	37449379	37630205	0.077777	0.046382	0.025909	0.047641
Superscaffold1	37630207	38039026	-0.124147	-0.108022	-0.057899	-0.061881
Superscaffold1	38039041	38327122	0.121543	0.045702	0.032085	0.064036
Superscaffold1	38327199	38555266	-0.246273	-0.091373	-0.067096	-0.102301
Superscaffold1	38555311	38817301	-0.267201	-0.096133	-0.068981	-0.120954
Superscaffold1	38817383	39015870	0.225592	0.095946	0.077237	0.113083
Superscaffold1	39015888	39227914	-0.115544	-0.043606	-0.032252	-0.061902
Superscaffold1	39227993	39575715	-0.064162	-0.022363	-0.013648	-0.027850
Superscaffold1	39575752	39807457	-0.384122	-0.183799	-0.120750	-0.304940
Superscaffold1	39807826	40056697	-0.285465	-0.084611	-0.065500	-0.159130
Superscaffold1	40056755	40282431	-0.007678	-0.003655	-0.002645	-0.002301
Superscaffold1	40282603	40708082	0.212537	0.087749	0.067066	0.117856
Superscaffold1	40708119	41109654	-0.337254	-0.172312	-0.110916	-0.209422
Superscaffold1	41109869	41475787	-0.521897	-0.290989	-0.152410	-0.358787
Superscaffold1	41476312	41767347	0.372510	0.162176	0.103038	0.222984
Superscaffold1	41767664	42065337	-0.053369	-0.020939	-0.012170	-0.044730
Superscaffold1	42065366	42531876	-0.142276	-0.064450	-0.039259	-0.085958
Superscaffold1	42531878	43010026	0.089169	0.028307	0.019512	0.051262
Superscaffold1	43010037	43767159	-0.292705	-0.044327	-0.033072	-0.183973
Superscaffold1	43767209	44529736	0.016659	0.002710	0.001963	0.008739
Superscaffold1	44529866	45031312	-0.056562	-0.019888	-0.013374	-0.023237
Superscaffold1	45031315	45524999	0.142074	0.066243	0.050807	0.087706
Superscaffold1	45525006	45946171	-0.317631	-0.155561	-0.101943	-0.181983
Superscaffold1	45946174	46899168	-0.006507	-0.001756	-0.001434	-0.005933
Superscaffold1	46899172	47818334	0.064197	0.018432	0.015138	0.031536
Superscaffold1	47818390	48264264	-0.056271	-0.025298	-0.016914	-0.029117
Superscaffold1	48264307	48727029	-0.327400	-0.068450	-0.049333	-0.219267
Superscaffold1	48727426	49324498	0.103317	0.035707	0.027618	0.058550
Superscaffold1	49324603	49897785	0.107345	0.030365	0.022402	0.048887
Superscaffold1	49898079	50231932	0.461125	0.111533	0.077521	0.216242
Superscaffold1	50232016	50378567	-0.222546	-0.292862	-0.123860	-0.166935
Superscaffold1	50378590	50681045	-0.074781	-0.072619	-0.042205	-0.047338
Superscaffold1	50681089	50995089	0.071565	0.077517	0.047882	0.044894
Superscaffold1	50995108	51227695	-0.042631	-0.053425	-0.029478	-0.020850
Superscaffold1	51227942	51929973	-0.107216	-0.100963	-0.057499	-0.061877
Superscaffold2	338693	604769	-0.473654	-0.378353	-0.208564	-0.293176
Superscaffold2	604770	795961	-0.157440	-0.103348	-0.059763	-0.078351
Superscaffold2	795968	1092296	-0.206071	-0.109183	-0.069744	-0.144352
Superscaffold2	1092881	1366043	-0.299967	-0.137717	-0.097028	-0.192258
Superscaffold2	1366068	1591652	-0.441907	-0.345129	-0.193053	-0.282546
Superscaffold2	1592059	1910738	-0.510477	-0.253141	-0.145604	-0.350778
Superscaffold2	1910739	2104433	0.138999	0.064101	0.042493	0.048039
Superscaffold2	2104531	2395796	0.015792	0.007729	0.005157	0.004817
Superscaffold2	2395940	2778164	-0.057423	-0.047696	-0.022643	-0.026138
Superscaffold2	2778167	3422950	-0.054762	-0.031791	-0.020872	-0.035818
Superscaffold2	3422973	3706091	0.086884	0.057466	0.028960	0.044967
Superscaffold2	3706144	4226793	-0.035898	-0.012573	-0.008064	-0.016846
Superscaffold2	4226870	4659479	-0.134641	-0.048167	-0.032160	-0.071233
Superscaffold2	4659480	4920191	-0.103886	-0.045745	-0.029478	-0.052269
Superscaffold2	4920231	5231821	0.496365	0.500689	0.262632	0.304436
Superscaffold2	5231864	5448428	0.062453	0.051958	0.030502	0.037146
Superscaffold2	5448431	5872654	-0.157279	-0.084316	-0.046534	-0.069722
Superscaffold2	5872660	6332506	-0.138192	-0.042137	-0.030019	-0.064241
Superscaffold2	6332696	6870284	0.036128	0.009863	0.006958	0.019418
Superscaffold2	6870289	7436673	-0.072035	-0.021257	-0.015003	-0.040042
Superscaffold2	7436727	7682228	0.105401	0.050384	0.034614	0.057866
Superscaffold2	7682589	8030866	-0.150609	-0.055218	-0.038456	-0.078612
Superscaffold2	8030936	8352792	-0.112560	-0.063050	-0.039144	-0.050090
Superscaffold2	8352797	8820605	0.039932	0.017684	0.012828	0.017135
Superscaffold2	8820670	9223809	-0.139574	-0.070005	-0.044561	-0.069729
Superscaffold2	9224018	9706686	-0.055069	-0.026166	-0.017461	-0.035590
Superscaffold2	9707133	10067240	-0.108176	-0.039141	-0.024837	-0.042407
Superscaffold2	10067289	10401915	-0.038966	-0.019999	-0.012432	-0.021541
Superscaffold2	10401918	10660341	-0.211506	-0.106564	-0.073673	-0.107384
Superscaffold2	10660795	11056587	-0.083046	-0.038516	-0.022372	-0.052301
Superscaffold2	11056604	11527981	-0.093640	-0.035379	-0.025289	-0.053059
Superscaffold2	11528006	12144780	0.020605	0.008707	0.005675	0.010968
Superscaffold2	12144892	12900072	-0.045204	-0.021605	-0.014005	-0.020920
Superscaffold2	12900250	13373446	-0.013323	-0.004616	-0.003281	-0.007580
Superscaffold2	13373573	13779709	0.255529	0.109301	0.063205	0.144636
Superscaffold2	13779720	14223551	-0.018178	-0.005826	-0.004294	-0.007368
Superscaffold2	14223596	14710339	-0.226845	-0.092294	-0.057137	-0.144718
Superscaffold2	14710357	15076570	-0.363272	-0.141800	-0.098291	-0.205890
Superscaffold2	15076592	15594656	-0.095343	-0.069469	-0.033494	-0.041280
Superscaffold2	15594664	16363909	-0.122365	-0.086501	-0.046509	-0.068008
Superscaffold2	16363978	16656842	-0.126153	-0.138301	-0.060956	-0.067448
Superscaffold2	16656863	16843864	0.005905	0.006343	0.003409	0.003177
Superscaffold2	16843877	17130448	-0.242906	-0.191825	-0.099253	-0.122908
Superscaffold2	17130474	17634816	0.039367	0.015490	0.010190	0.022375
Superscaffold2	17634937	18055411	-0.036721	-0.011974	-0.008388	-0.019281
Superscaffold2	18055438	18692050	0.046808	0.008562	0.006626	0.027684
Superscaffold2	18692068	19165036	0.080009	0.028032	0.018275	0.039065
Superscaffold2	19165228	19546666	-0.090992	-0.045310	-0.029316	-0.029731
Superscaffold2	19546693	19714217	-0.125946	-0.308909	-0.083135	-0.050378
Superscaffold2	19714236	19926426	0.008149	0.007708	0.004151	0.006551
Superscaffold2	19926460	20359861	-0.115481	-0.030413	-0.021478	-0.056496
Superscaffold2	20359866	20704627	0.097642	0.054244	0.035443	0.046420
Superscaffold2	20704644	21103457	-0.035743	-0.026854	-0.018330	-0.021447
Superscaffold2	21103506	21675230	0.156515	0.028430	0.021663	0.099340
Superscaffold2	21675232	22216837	-0.352183	-0.074757	-0.055952	-0.220255
Superscaffold2	22216855	22633689	-0.009389	-0.004323	-0.002498	-0.006583
Superscaffold2	22633863	22943684	0.095702	0.054065	0.039320	0.041916
Superscaffold2	22943938	23448816	-0.108500	-0.021811	-0.018074	-0.056162
Superscaffold2	23448965	23889647	-0.093271	-0.032015	-0.021572	-0.059031
Superscaffold2	23889694	24253242	-0.183502	-0.066938	-0.040716	-0.103558
Superscaffold2	24253278	24519466	-0.091949	-0.033583	-0.022608	-0.051743
Superscaffold2	24519475	25012626	-0.203843	-0.057346	-0.038391	-0.132294
Superscaffold2	25012741	25434592	0.325556	0.148864	0.092152	0.181908
Superscaffold2	25434739	25750439	-0.235181	-0.081981	-0.052393	-0.143457
Superscaffold2	25750495	26141563	-0.054013	-0.020497	-0.014243	-0.033740
Superscaffold2	26141686	26676963	0.014298	0.003815	0.002648	0.008082
Superscaffold2	26677251	26965057	-0.178693	-0.065224	-0.044834	-0.106403
Superscaffold2	26965087	27317886	-0.025941	-0.009541	-0.006705	-0.020141
Superscaffold2	27317908	27573054	0.361883	0.237114	0.157596	0.196598
Superscaffold2	27573214	28071708	0.130060	0.064717	0.047318	0.061113
Superscaffold2	28072288	28839971	0.006125	0.002735	0.001769	0.003471
Superscaffold2	28839973	29110205	0.027553	0.009164	0.006535	0.016596
Superscaffold2	29110225	29424578	-0.053664	-0.020424	-0.014300	-0.023687
Superscaffold2	29424593	29736427	-0.440221	-0.214206	-0.142574	-0.300211
Superscaffold2	29736647	30240448	0.035307	0.011260	0.007447	0.024703
Superscaffold2	30240502	30758873	-0.273821	-0.105713	-0.065881	-0.170495
Superscaffold2	30759026	31158059	0.044459	0.015237	0.010877	0.026242
Superscaffold2	31158060	31600663	-0.021039	-0.005354	-0.004055	-0.010457
Superscaffold2	31600698	31960632	-0.268409	-0.116528	-0.068924	-0.161889
Superscaffold2	31960656	32480286	0.007589	0.003100	0.002173	0.003175
Superscaffold2	32480292	32847881	-0.062710	-0.020796	-0.014783	-0.028923
Superscaffold2	32847997	33112593	-0.278692	-0.161122	-0.096111	-0.136069
Superscaffold2	33112633	33564352	-0.193030	-0.072328	-0.045796	-0.122832
Superscaffold2	33564379	33986348	-0.055340	-0.022127	-0.014226	-0.031971
Superscaffold2	33989374	34481029	-0.241311	-0.073323	-0.047882	-0.139179
Superscaffold2	34481287	35114729	0.009447	0.001690	0.001249	0.009626
Superscaffold2	35114763	35660739	-0.029500	-0.005084	-0.003867	-0.014737
Superscaffold2	35660747	36400915	0.073368	0.021335	0.015854	0.037494
Superscaffold2	36400979	36739282	-0.179749	-0.057866	-0.041932	-0.104322
Superscaffold2	36739999	36986942	-0.268485	-0.169815	-0.103490	-0.152266
Superscaffold2	36986954	37279071	-0.127343	-0.061777	-0.040921	-0.070132
Superscaffold2	37279088	37626170	-0.111279	-0.045017	-0.030104	-0.067821
Superscaffold2	37626205	38170945	0.241358	0.077824	0.051699	0.145673
Superscaffold2	38171479	38686169	0.437349	0.163860	0.111566	0.318047
Superscaffold2	38686201	38840693	0.706697	0.518764	0.313384	0.530516
Superscaffold2	38840695	39273900	0.274709	0.093765	0.058725	0.160932
Superscaffold2	39274716	39689626	-0.163866	-0.046370	-0.034405	-0.081260
Superscaffold2	39689662	39979300	0.066503	0.053833	0.028364	0.040694
Superscaffold2	39979378	40325434	-0.063886	-0.019468	-0.013433	-0.031706
Superscaffold2	40325464	40571625	-0.559490	-0.290015	-0.145853	-0.267520
Superscaffold2	40572215	40919601	-0.279685	-0.078037	-0.053215	-0.181347
Superscaffold2	40919835	41085272	0.585457	0.317003	0.214537	0.406285
Superscaffold2	41085287	41190249	0.009137	0.006848	0.003708	0.005205
Superscaffold2	41190257	41580972	-0.034477	-0.008846	-0.006545	-0.020806
Superscaffold2	41581029	42029722	0.103490	0.027264	0.017171	0.080406
Superscaffold2	42029910	42460556	-0.108679	-0.034902	-0.021662	-0.069680
Superscaffold2	42460639	42870774	0.091990	0.028195	0.020478	0.057905
Superscaffold2	42870790	43004016	0.555139	0.266726	0.194946	0.359507
Superscaffold2	43004020	43248610	0.482604	0.162391	0.127727	0.239655
Superscaffold2	43248621	43666283	0.347091	0.129513	0.090637	0.221967
Superscaffold2	43666321	44540080	0.012196	0.001451	0.001185	0.005714
Superscaffold2	44540256	45970508	0.027170	0.002444	0.002143	0.015241
Superscaffold2	45971595	47151404	-0.059719	-0.004471	-0.003709	-0.033960
Superscaffold2	47152927	47837392	0.070634	0.014715	0.010328	0.043084
Superscaffold2	47837452	48683809	-0.012826	-0.001463	-0.001179	-0.007473
Superscaffold2	48683864	49072710	-0.349049	-0.115828	-0.081077	-0.246822
Superscaffold2	49073029	49512271	-0.114461	-0.039040	-0.024898	-0.067974
Superscaffold2	49512322	49895769	-0.200028	-0.092110	-0.045873	-0.086694
Superscaffold2	49895770	50348661	0.018723	0.006004	0.003606	0.007259
Superscaffold2	50349004	50632610	-0.198153	-0.094142	-0.057448	-0.112806
Superscaffold2	50632629	51115898	-0.224624	-0.072508	-0.046815	-0.136233
Superscaffold2	51115982	51705171	0.040626	0.007439	0.005717	0.025123
Superscaffold2	51706293	52004589	0.027149	0.005959	0.004810	0.014553
Superscaffold2	52004594	52284934	-0.434004	-0.231886	-0.142862	-0.304361
Superscaffold2	52284943	52532585	0.068237	0.023813	0.011995	0.037343
Superscaffold2	52532624	52697886	0.061932	0.051710	0.033513	0.027712
Superscaffold2	52697903	52890564	-0.180347	-0.162704	-0.086810	-0.074551
Superscaffold2	52890586	53133825	-0.129756	-0.086854	-0.050011	-0.079706
Superscaffold2	53133894	53763591	-0.135575	-0.069952	-0.042827	-0.080590
Superscaffold2	53764012	54048151	-0.303719	-0.183459	-0.099521	-0.188068
Superscaffold2	54048178	54292054	-0.016615	-0.010723	-0.005607	-0.006296
Superscaffold2	54292055	54725928	-0.303432	-0.265999	-0.148926	-0.190098
Superscaffold2	54726194	55067797	-0.272071	-0.189092	-0.111885	-0.173208
Superscaffold2	55067827	55262388	-0.177221	-0.148589	-0.082892	-0.092242
Superscaffold2	55262415	55528752	-0.344476	-0.338773	-0.186653	-0.222022
Superscaffold2	55528792	55757632	-0.509439	-0.426807	-0.245487	-0.372203
Superscaffold2	55757667	56143920	0.023369	0.006704	0.004898	0.009302
Superscaffold2	56143927	56554452	-0.366976	-0.153760	-0.094966	-0.214902
Superscaffold2	56554687	56909980	0.056502	0.025362	0.015243	0.029533
Superscaffold2	56910027	57460181	0.175572	0.062790	0.043128	0.099632
Superscaffold2	57460312	57902094	-0.391788	-0.216886	-0.123111	-0.234878
Superscaffold2	57902098	58335962	-0.293338	-0.189708	-0.106006	-0.200910
Superscaffold2	58336037	58824276	0.013786	0.002351	0.001826	0.004277
Superscaffold2	58824298	59288088	0.003186	0.000720	0.000541	0.001598
Superscaffold2	59288110	59866591	0.101703	0.025225	0.017861	0.059780
Superscaffold2	59866739	60183653	0.169547	0.064224	0.041542	0.085144
Superscaffold2	60183692	60448014	-0.124376	-0.075106	-0.041319	-0.081629
Superscaffold2	60448047	60746163	0.029766	0.011472	0.007299	0.019268
Superscaffold2	60746179	60887741	-0.096130	-0.078920	-0.044448	-0.047676
Superscaffold2	60887758	61378932	-0.181232	-0.131159	-0.066575	-0.101005
Superscaffold2	61379396	61886943	-0.090184	-0.053496	-0.031836	-0.049237
Superscaffold2	61886982	62550267	-0.082559	-0.052800	-0.030569	-0.045478
Superscaffold2	62550444	62911765	0.078985	0.032042	0.021639	0.045273
Superscaffold2	62911964	63211932	0.199678	0.084357	0.054754	0.133058
Superscaffold2	63212054	63373729	-0.039849	-0.030661	-0.017920	-0.023438
Superscaffold2	63374052	63580682	0.171207	0.110338	0.061922	0.066415
Superscaffold2	63580693	63970661	0.078587	0.044131	0.028772	0.031010
Superscaffold2	63970677	64286726	0.040368	0.016067	0.011578	0.017853
Superscaffold2	64286770	64469416	-0.081240	-0.076549	-0.042165	-0.042556
Superscaffold2	64469417	64746897	0.024214	0.038625	0.019116	0.009504
Superscaffold2	64746992	65308583	-0.108261	-0.089751	-0.043011	-0.064689
Superscaffold2	65308626	65902653	0.078365	0.019819	0.014392	0.049711
Superscaffold2	65902699	66281348	0.093954	0.040654	0.027985	0.048425
Superscaffold2	66281519	66621618	0.122918	0.049959	0.032852	0.067895
Superscaffold2	66621673	66963287	-0.224470	-0.102418	-0.050536	-0.075755
Superscaffold2	66965158	67395473	0.061219	0.019488	0.013313	0.022263
Superscaffold2	67395489	67727678	-0.057214	-0.025137	-0.017370	-0.034511
Superscaffold2	67727752	68171235	0.143382	0.034425	0.024921	0.068817
Superscaffold2	68171353	68745643	-0.091973	-0.017102	-0.013397	-0.050485
Superscaffold2	68745968	69230665	0.041945	0.013457	0.009496	0.024860
Superscaffold2	69231145	69516850	-0.009261	-0.004527	-0.003016	-0.005850
Superscaffold2	69516888	69912588	0.218466	0.062822	0.050129	0.122928
Superscaffold2	69912597	70212071	0.129511	0.048493	0.036247	0.060173
Superscaffold2	70212112	70848551	0.008966	0.004194	0.002871	0.002437
Superscaffold2	70848574	71113477	0.095102	0.046410	0.035037	0.049891
Superscaffold2	71113496	71512756	0.044988	0.013316	0.010183	0.020934
Superscaffold2	71512780	71798321	0.058347	0.029682	0.018652	0.023407
Superscaffold2	71798376	72040181	-0.043915	-0.034028	-0.017204	-0.020966
Superscaffold2	72040247	72296388	0.051537	0.033697	0.023160	0.029005
Superscaffold2	72296390	72562788	0.184123	0.095744	0.056126	0.094138
Superscaffold2	72562792	72790319	0.056481	0.052058	0.029691	0.027811
Superscaffold2	72790445	73070423	0.081741	0.046538	0.032984	0.034351
Superscaffold2	73070577	73352857	-0.072772	-0.050756	-0.029299	-0.034868
Superscaffold2	73352880	73714813	-0.050101	-0.019192	-0.013764	-0.031998
Superscaffold2	73714823	73942325	-0.126092	-0.077104	-0.053362	-0.064669
Superscaffold2	73942382	74250361	0.164876	0.066705	0.045329	0.081629
Superscaffold2	74250537	74518971	-0.071429	-0.043491	-0.026713	-0.036832
Superscaffold2	74518983	74777493	0.085031	0.040525	0.027825	0.039705
Superscaffold2	74777940	75152836	0.062502	0.025638	0.016423	0.038190
Superscaffold2	75152850	75436002	-0.222145	-0.098403	-0.055863	-0.085566
Superscaffold2	75436027	75683444	-0.211897	-0.132123	-0.088532	-0.114185
Superscaffold2	75683656	76050264	-0.164321	-0.143400	-0.076057	-0.112388
Superscaffold2	76050272	76488553	-0.521619	-0.337409	-0.202450	-0.331520
Superscaffold2	76488563	76887222	-0.160185	-0.065754	-0.045241	-0.111421
Superscaffold2	76887862	77297652	-0.205647	-0.092559	-0.060326	-0.128227
Superscaffold2	77298588	77576278	-0.472212	-0.332717	-0.185099	-0.335304
Superscaffold2	77576284	77752424	-0.143818	-0.102033	-0.061531	-0.076824
Superscaffold2	77752482	77944435	-0.210800	-0.117988	-0.072425	-0.098872
Superscaffold2	77944531	78209163	-0.300985	-0.162705	-0.109790	-0.177180
Superscaffold2	78209175	78354286	0.028956	0.029552	0.018217	0.014521
Superscaffold2	78354296	78672985	-0.030334	-0.019434	-0.011720	-0.017324
Superscaffold2	78673128	79027974	-0.083200	-0.039730	-0.025044	-0.049602
Superscaffold2	79027996	79409595	-0.107116	-0.053125	-0.033251	-0.059735
Superscaffold2	79409736	79990138	-0.294480	-0.163997	-0.077952	-0.175344
Superscaffold2	79990147	80387593	-0.060655	-0.027222	-0.018158	-0.033818
Superscaffold2	80387797	80713167	-0.006986	-0.003253	-0.002272	-0.003105
Superscaffold2	80713210	80927582	-0.034301	-0.021387	-0.011873	-0.014018
Superscaffold2	80927596	81490331	0.060523	0.047604	0.024484	0.032329
Superscaffold2	81490411	81819604	-0.124841	-0.064965	-0.038205	-0.073412
Superscaffold2	81819751	82270257	0.116590	0.038852	0.028639	0.057311
Superscaffold2	82270415	82934030	-0.027832	-0.010940	-0.006727	-0.010432
Superscaffold2	82934200	83246756	-0.197331	-0.077761	-0.052032	-0.124426
Superscaffold2	83246839	83531922	-0.246430	-0.098490	-0.064569	-0.160077
Superscaffold2	83531979	83778682	-0.473401	-0.398011	-0.200187	-0.332004
Superscaffold2	83778706	84046312	-0.074380	-0.033849	-0.023857	-0.036776
Superscaffold2	84046356	84528982	0.337755	0.094168	0.070132	0.202970
Superscaffold2	84529273	84933628	0.093835	0.037663	0.027421	0.055416
Superscaffold2	84933633	85143261	0.040227	0.031692	0.018299	0.020265
Superscaffold2	85143317	85728651	0.014990	0.003602	0.002733	0.012024
Superscaffold2	85728679	86423352	0.094059	0.048886	0.028371	0.051245
Superscaffold2	86423682	87338673	-0.064257	-0.045016	-0.023895	-0.030590
Superscaffold2	87338716	87652192	0.132026	0.087068	0.051164	0.074396
Superscaffold2	87652224	87880962	0.080275	0.040788	0.025882	0.038734
Superscaffold2	87880994	88109979	0.183401	0.091188	0.062807	0.098985
Superscaffold2	88110012	88498128	-0.158992	-0.039618	-0.031473	-0.075448
Superscaffold2	88498439	88744511	0.063441	0.042836	0.027009	0.027493
Superscaffold2	88744520	88926505	-0.035890	-0.024656	-0.013407	-0.019804
Superscaffold2	88926507	89235376	-0.189336	-0.231954	-0.087623	-0.092792
Superscaffold2	89235825	89579813	0.019199	0.007587	0.004685	0.010269
Superscaffold2	89579858	89822418	0.282732	0.165016	0.092457	0.172615
Superscaffold2	89822453	90037911	-0.169207	-0.090883	-0.056693	-0.097625
Superscaffold2	90038010	90306538	-0.281915	-0.288063	-0.131117	-0.164810
Superscaffold2	90306546	90617739	-0.101300	-0.078856	-0.040605	-0.048137
Superscaffold2	90617750	90811703	-0.015933	-0.010732	-0.006085	-0.012533
Superscaffold2	90811709	91045844	0.037532	0.034330	0.021146	0.018313
Superscaffold2	91046191	91348010	-0.194041	-0.136795	-0.077665	-0.115789
Superscaffold2	91348011	92339475	0.017108	0.008449	0.004502	0.010479
Superscaffold2	92339488	92812342	0.104962	0.030810	0.020612	0.066342
Superscaffold2	92812480	93030964	-0.284752	-0.189981	-0.086965	-0.119485
Superscaffold2	93030996	93705919	-0.194323	-0.132540	-0.068657	-0.094500
Superscaffold2	93706100	94005864	-0.376149	-0.379007	-0.157711	-0.195012
Superscaffold2	94005889	94390161	0.082793	0.049407	0.028021	0.047716
Superscaffold2	94390170	94752505	0.058067	0.025238	0.017590	0.026810
Superscaffold2	94752724	94974680	0.043879	0.032494	0.017608	0.025748
Superscaffold2	94974716	95284138	-0.056314	-0.031089	-0.020560	-0.028217
Superscaffold2	95284168	95542986	-0.051965	-0.029724	-0.017970	-0.019668
Superscaffold2	95543076	95721068	-0.128294	-0.074611	-0.051677	-0.052017
Superscaffold2	95721117	95951458	-0.145266	-0.105868	-0.069000	-0.071945
Superscaffold2	95951496	96139057	-0.218724	-0.217687	-0.125427	-0.118339
Superscaffold2	96139061	96354933	-0.014635	-0.013817	-0.007815	-0.011927
Superscaffold2	96354985	96585551	-0.095220	-0.127554	-0.061431	-0.045743
Superscaffold2	96585556	96855002	-0.073875	-0.051741	-0.028352	-0.036730
Superscaffold2	96855029	97109941	-0.064313	-0.044204	-0.026520	-0.031392
Superscaffold2	97110788	97354564	-0.095086	-0.059408	-0.040800	-0.044580
Superscaffold2	97354591	97577656	-0.192444	-0.081590	-0.060359	-0.104300
Superscaffold2	97579313	97900428	0.072615	0.078425	0.046070	0.034422
Superscaffold2	97900440	98093298	0.097899	0.068322	0.042292	0.042598
Superscaffold2	98093548	98330732	0.020561	0.016088	0.008881	0.008557
Superscaffold2	98330924	98553736	0.340133	0.312795	0.197198	0.185647
Superscaffold2	98553787	98905758	0.066148	0.050905	0.031696	0.038801
Superscaffold2	98905925	99152750	0.239044	0.153024	0.102873	0.094445
Superscaffold2	99152777	99334714	-0.111960	-0.085222	-0.053458	-0.035311
Superscaffold2	99334761	99524984	-0.151828	-0.163222	-0.081697	-0.077326
Superscaffold2	99525009	99678349	-0.082284	-0.096245	-0.047561	-0.050783
Superscaffold2	99678440	99779231	0.103851	0.148197	0.089135	0.052141
Superscaffold2	99779269	99921325	0.084976	0.123741	0.066027	0.042970
Superscaffold2	99921329	100232691	0.014426	0.011129	0.006185	0.011154
Superscaffold2	100232704	100692643	-0.206738	-0.148317	-0.094964	-0.113001
Superscaffold2	100692710	100906046	0.115859	0.138353	0.081647	0.071360
Superscaffold2	100906123	101089249	0.239999	0.406008	0.118617	0.123335
Superscaffold2	101089271	101259131	0.257608	0.316119	0.137093	0.143359
Superscaffold3	91505	244430	-0.169865	-0.194318	-0.111427	-0.091396
Superscaffold3	244447	441090	-0.130837	-0.106351	-0.055281	-0.069524
Superscaffold3	441099	562016	0.047354	0.064456	0.033247	0.024635
Superscaffold3	562030	744277	0.122086	0.088005	0.060374	0.053354
Superscaffold3	744307	850304	-0.045949	-0.052789	-0.029697	-0.016844
Superscaffold3	850329	1017923	-0.031278	-0.036698	-0.020652	-0.020659
Superscaffold3	1017949	1278085	0.068263	0.057336	0.031438	0.042290
Superscaffold3	1278195	1423540	-0.223094	-0.347400	-0.163660	-0.122045
Superscaffold3	1423633	1617049	-0.220435	-0.352208	-0.172302	-0.115711
Superscaffold3	1617099	1819727	0.000853	0.001361	0.000737	0.001563
Superscaffold3	1819909	2024543	-0.134542	-0.124804	-0.064346	-0.068709
Superscaffold3	2024601	2287120	0.005354	0.005913	0.003293	0.000341
Superscaffold3	2287149	2449346	0.057517	0.081758	0.049480	0.027149
Superscaffold3	2449355	2597405	-0.002854	-0.002874	-0.002021	-0.000873
Superscaffold3	2597411	2700240	-0.037778	-0.061801	-0.031502	-0.018940
Superscaffold3	2700312	2822806	-0.135344	-0.172418	-0.089237	-0.056463
Superscaffold3	2822934	2952204	-0.027933	-0.028936	-0.017124	-0.010502
Superscaffold3	2952269	3234724	-0.195996	-0.145806	-0.099973	-0.101781
Superscaffold3	3234781	3536024	-0.027577	-0.022420	-0.013699	-0.012035
Superscaffold3	3536034	3673728	-0.001296	-0.000826	-0.000524	-0.000369
Superscaffold3	3673738	3842092	0.083280	0.073394	0.043382	0.040648
Superscaffold3	3842218	4228109	0.116016	0.078538	0.050060	0.052755
Superscaffold3	4228114	4708770	0.130914	0.092227	0.046504	0.057984
Superscaffold3	4708779	5272373	-0.025460	-0.022414	-0.012205	-0.013732
Superscaffold3	5272696	5438708	-0.005583	-0.005161	-0.002969	-0.001722
Superscaffold3	5438731	5536294	-0.101806	-0.098968	-0.055888	-0.063062
Superscaffold3	5536300	5697599	-0.093527	-0.105723	-0.052329	-0.060301
Superscaffold3	5697605	5818817	-0.016927	-0.021733	-0.011867	-0.010093
Superscaffold3	5818863	5966996	0.012744	0.010101	0.006692	0.004148
Superscaffold3	5967015	6110270	-0.107157	-0.111912	-0.066401	-0.052484
Superscaffold3	6110298	6315210	-0.109364	-0.117031	-0.065895	-0.055291
Superscaffold3	6315264	6517692	-0.112779	-0.120838	-0.058690	-0.053613
Superscaffold3	6517694	6639575	-0.007180	-0.007942	-0.004457	-0.001546
Superscaffold3	6639614	6867762	-0.079451	-0.083316	-0.047429	-0.038968
Superscaffold3	6867802	7080009	0.024480	0.023281	0.015245	0.012896
Superscaffold3	7080023	7674901	-0.035509	-0.015974	-0.008557	-0.021075
Superscaffold3	7674910	7887563	-0.132980	-0.121040	-0.062243	-0.069676
Superscaffold3	7887567	8115780	0.160419	0.152683	0.069747	0.107934
Superscaffold3	8115781	8304446	-0.055204	-0.050073	-0.023432	-0.027574
Superscaffold3	8304456	8854054	-0.191751	-0.140069	-0.073503	-0.104534
Superscaffold3	8854108	9523131	0.009538	0.007287	0.003802	0.003492
Superscaffold3	9523133	9665127	-0.188376	-0.137671	-0.084822	-0.088854
Superscaffold3	9665146	9781219	-0.060517	-0.066542	-0.034176	-0.026518
Superscaffold3	9782766	10047913	0.108031	0.100742	0.058511	0.055722
Superscaffold3	10047980	10198577	0.022484	0.026519	0.015417	0.008706
Superscaffold3	10198599	11061591	-0.055406	-0.058677	-0.031600	-0.028372
Superscaffold3	11061592	11213216	-0.000580	-0.000890	-0.000478	-0.003633
Superscaffold3	11213270	11337586	0.018157	0.022614	0.012949	0.007148
Superscaffold3	11337607	11458060	0.025893	0.034451	0.018191	0.014910
Superscaffold3	11458141	11660691	0.108850	0.143306	0.075121	0.060002
Superscaffold3	11660848	11876190	0.053911	0.049513	0.028133	0.031152
Superscaffold3	11876204	12026645	0.061254	0.082076	0.040190	0.027781
Superscaffold3	12026646	12135276	0.014722	0.019588	0.010599	0.008346
Superscaffold3	12135287	12324007	-0.049215	-0.057216	-0.027101	-0.036405
Superscaffold3	12324470	12480078	0.051069	0.070039	0.036211	0.024103
Superscaffold3	12481230	12729498	0.089934	0.081162	0.046907	0.043058
Superscaffold3	12729516	12872847	0.209263	0.138422	0.086910	0.127171
Superscaffold3	12872870	13166852	0.131577	0.103068	0.050712	0.075698
Superscaffold3	13166888	13284776	0.052948	0.086942	0.043683	0.028106
Superscaffold3	13284791	13489356	-0.228246	-0.333259	-0.133602	-0.138270
Superscaffold3	13489358	13897461	0.007432	0.006276	0.003597	0.001906
Superscaffold3	13899159	14212401	-0.010531	-0.011739	-0.005957	-0.001182
Superscaffold3	14212559	14327808	0.117482	0.131752	0.078705	0.056558
Superscaffold3	14327809	14455217	0.064107	0.071852	0.039400	0.030961
Superscaffold3	14455244	14564445	0.056373	0.102776	0.055397	0.027460
Superscaffold3	14564480	14677464	0.085329	0.127947	0.071048	0.046927
Superscaffold3	14677505	14813135	0.079696	0.097830	0.050498	0.045265
Superscaffold3	14813152	14962854	-0.004114	-0.005512	-0.002971	-0.002371
Superscaffold3	14962871	15100772	0.024994	0.034994	0.019833	0.011719
Superscaffold3	15100792	15231633	-0.044104	-0.054678	-0.028110	-0.020589
Superscaffold3	15231636	15407300	0.084124	0.078649	0.047083	0.042534
Superscaffold3	15407316	15506335	-0.066829	-0.091534	-0.047671	-0.033793
Superscaffold3	15506385	15649089	-0.050762	-0.077238	-0.037931	-0.029455
Superscaffold3	15649133	16012801	0.197590	0.150260	0.086263	0.105501
Superscaffold3	16013125	16437440	0.059804	0.059630	0.031829	0.030755
Superscaffold3	16437444	16748363	0.070231	0.066957	0.031510	0.039423
Superscaffold3	16748364	16905397	0.104569	0.144718	0.079665	0.057782
Superscaffold3	16905421	17028766	-0.005061	-0.006656	-0.003725	-0.003000
Superscaffold3	17028884	17311312	-0.007581	-0.006405	-0.003771	-0.008235
Superscaffold3	17311387	17466496	0.048787	0.063637	0.032412	0.023843
Superscaffold3	17466527	17719008	0.132049	0.125387	0.066081	0.067246
Superscaffold3	17719014	17894757	0.014241	0.014981	0.008203	0.005347
Superscaffold3	17894775	17993993	0.016821	0.027496	0.011590	0.006921
Superscaffold3	17993997	18123653	0.047020	0.059078	0.022674	0.014893
Superscaffold3	18123670	18526490	-0.002593	-0.002279	-0.001210	-0.003286
Superscaffold3	18526492	19090367	-0.020911	-0.015071	-0.008499	-0.013620
Superscaffold3	19090450	19501298	-0.571609	-0.388985	-0.222472	-0.428903
Superscaffold3	19501310	19674026	-0.110471	-0.092562	-0.047685	-0.061653
Superscaffold3	19674047	19822242	-0.094144	-0.110070	-0.053211	-0.051301
Superscaffold3	19822270	19959545	-0.114951	-0.090048	-0.052880	-0.065498
Superscaffold3	19959563	20087352	-0.068673	-0.049810	-0.031620	-0.034196
Superscaffold3	20087380	20268175	0.228148	0.206087	0.126778	0.133686
Superscaffold3	20268413	20401076	0.185537	0.237337	0.110208	0.097446
Superscaffold3	20401088	20506069	0.000217	0.000251	0.000124	-0.002317
Superscaffold3	20506375	20724520	-0.127000	-0.150624	-0.069050	-0.073938
Superscaffold3	20724584	20841521	-0.133701	-0.304786	-0.091126	-0.073142
Superscaffold3	20841551	20968392	0.055390	0.051777	0.029580	0.024704
Superscaffold3	20968395	21233782	-0.272092	-0.416543	-0.157825	-0.143638
Superscaffold3	21233797	21636023	-0.381403	-0.734237	-0.245728	-0.232667
Superscaffold3	21636074	21907130	-0.058324	-0.075148	-0.039737	-0.036692
Superscaffold3	21907163	22035602	-0.196724	-0.234056	-0.115656	-0.095629
Superscaffold3	22035719	22150996	0.031264	0.047711	0.027112	0.015348
Superscaffold3	22151057	22277986	-0.164059	-0.117957	-0.076355	-0.092591
Superscaffold3	22278095	22531517	-0.092300	-0.065636	-0.045332	-0.044112
Superscaffold3	22531562	22715986	-0.000962	-0.000986	-0.000586	-0.000351
Superscaffold3	22715992	22897146	-0.108586	-0.106805	-0.064580	-0.054187
Superscaffold3	22897198	23047882	-0.157173	-0.102373	-0.060856	-0.066341
Superscaffold3	23047962	23222842	-0.049064	-0.042762	-0.025142	-0.024492
Superscaffold3	23222872	23394073	0.198528	0.190571	0.120546	0.105918
Superscaffold3	23394187	23530728	0.022548	0.022684	0.013468	0.010483
Superscaffold3	23530775	23805078	-0.026680	-0.020100	-0.012579	-0.013706
Superscaffold3	23805097	23976354	0.010880	0.009131	0.005396	0.006213
Superscaffold3	23976403	24144531	0.065096	0.045618	0.026843	0.022061
Superscaffold3	24144604	24610584	0.188602	0.177073	0.094611	0.098869
Superscaffold3	24610611	24789752	-0.000289	-0.000198	-0.000119	-0.000307
Superscaffold3	24789756	25000703	-0.192821	-0.261597	-0.127709	-0.085286
Superscaffold3	25000755	25315391	-0.032415	-0.021692	-0.013500	-0.023491
Superscaffold3	25315441	25410350	-0.171862	-0.179100	-0.107169	-0.097784
Superscaffold3	25410352	25512054	-0.021508	-0.023229	-0.014219	-0.011965
Superscaffold3	25512092	26067579	-0.028217	-0.023593	-0.012168	-0.013663
Superscaffold3	26067585	26256742	0.101143	0.090438	0.048415	0.050049
Superscaffold3	26256746	26434779	0.047446	0.042415	0.020855	0.022061
Superscaffold3	26434822	26585575	0.038140	0.025696	0.015894	0.019030
Superscaffold3	26585653	26736317	-0.201112	-0.107328	-0.067874	-0.095177
Superscaffold3	26736476	26986309	-0.354614	-0.222494	-0.142734	-0.163180
Superscaffold3	26986369	27205921	-0.133566	-0.089016	-0.052504	-0.063870
Superscaffold3	27205941	27618873	0.211311	0.129132	0.071994	0.118998
Superscaffold3	27618960	27799948	-0.259115	-0.183773	-0.104688	-0.119636
Superscaffold3	27800297	28126845	0.184030	0.143269	0.068477	0.082957
Superscaffold3	28126870	28351667	0.154307	0.102470	0.061522	0.067588
Superscaffold3	28351687	28598797	-0.132497	-0.084562	-0.035842	-0.087313
Superscaffold3	28598804	28781988	-0.090195	-0.044997	-0.028256	-0.055240
Superscaffold3	28782038	28908191	-0.414395	-0.364619	-0.186734	-0.240497
Superscaffold3	28908203	29199399	-0.032850	-0.010019	-0.007476	-0.015656
Superscaffold3	29199414	29487081	-0.019671	-0.007152	-0.005641	-0.008792
Superscaffold3	29487118	29622566	0.101400	0.057015	0.035804	0.058455
Superscaffold3	29622594	29865658	0.128934	0.063440	0.043259	0.074923
Superscaffold3	29866042	29982284	-0.035586	-0.022999	-0.013069	-0.022259
Superscaffold3	29982285	30383182	-0.093991	-0.053784	-0.030535	-0.048572
Superscaffold3	30383589	30966184	0.041183	0.022599	0.012292	0.017374
Superscaffold3	30966303	31346669	-0.001038	-0.000298	-0.000225	-0.001746
Superscaffold3	31346674	31756761	0.169127	0.035355	0.027152	0.070204
Superscaffold3	31756897	31979220	-0.241176	-0.157270	-0.086911	-0.144525
Superscaffold3	31979526	32124725	-0.157843	-0.112933	-0.074821	-0.098018
Superscaffold3	32125250	32409854	-0.090156	-0.045379	-0.025164	-0.035383
Superscaffold3	32409918	32814354	-0.109105	-0.047674	-0.027346	-0.046870
Superscaffold3	32814891	33122898	0.014480	0.008552	0.005854	0.004983
Superscaffold3	33123002	33340827	-0.019130	-0.011845	-0.007986	-0.011036
Superscaffold3	33340867	33619965	0.092369	0.053015	0.034161	0.038492
Superscaffold3	33619997	33878589	0.145991	0.140018	0.092126	0.087418
Superscaffold3	33878737	34104985	-0.099227	-0.068997	-0.040348	-0.057693
Superscaffold3	34105378	34292681	-0.492022	-0.422243	-0.228554	-0.326338
Superscaffold3	34292956	34444123	0.034662	0.022803	0.013214	0.014701
Superscaffold3	34444208	34717120	-0.121728	-0.083910	-0.059012	-0.057285
Superscaffold3	34717124	34985202	-0.101402	-0.065270	-0.039616	-0.045116
Superscaffold3	34985215	35324723	-0.203686	-0.064634	-0.051185	-0.105432
Superscaffold3	35324865	35493755	-0.034023	-0.016838	-0.010398	-0.018234
Superscaffold3	35493827	35625385	0.135007	0.155128	0.061588	0.123127
Superscaffold3	35625401	35715715	0.150890	0.142452	0.069295	0.135941
Superscaffold3	35715755	35977315	0.447485	0.358365	0.187914	0.367577
Superscaffold3	35977393	36211337	0.320160	0.157196	0.094105	0.197342
Superscaffold3	36211473	36687308	-0.114771	-0.043440	-0.023693	-0.067515
Superscaffold3	36687320	37138422	0.062477	0.039258	0.024330	0.025649
Superscaffold3	37138488	37323395	0.124966	0.099437	0.048971	0.089812
Superscaffold3	37323435	37509022	-0.141511	-0.094190	-0.052974	-0.088351
Superscaffold3	37509185	37692906	-0.338651	-0.167888	-0.098786	-0.225089
Superscaffold3	37693216	37829398	-0.371460	-0.235132	-0.120836	-0.287279
Superscaffold3	37829568	38128192	-0.442787	-0.156691	-0.112643	-0.249573
Superscaffold3	38128274	38268922	-0.134683	-0.084540	-0.060317	-0.062541
Superscaffold3	38269413	38465910	-0.438635	-0.239968	-0.150474	-0.232818
Superscaffold3	38466483	38764472	-0.450279	-0.266664	-0.153344	-0.345155
Superscaffold3	38764476	39221561	-0.351197	-0.098237	-0.060419	-0.244263
Superscaffold3	39221855	39618569	-0.505668	-0.278968	-0.120131	-0.309063
Superscaffold3	39618590	40184975	-0.185601	-0.055840	-0.037107	-0.121891
Superscaffold3	40185834	40680421	0.072428	0.017539	0.012414	0.046995
Superscaffold3	40680456	41143473	-0.092437	-0.041528	-0.024130	-0.052785
Superscaffold3	41143528	41733264	0.013669	0.003428	0.002274	0.005975
Superscaffold3	41733660	42224714	0.059557	0.012455	0.009213	0.034138
Superscaffold3	42224718	42639292	0.110657	0.033550	0.021785	0.067603
Superscaffold3	42639297	43069691	0.498326	0.245439	0.149862	0.397995
Superscaffold3	43069947	43410573	0.005056	0.001780	0.001161	0.004266
Superscaffold3	43425896	43679121	-0.593767	-0.361672	-0.199635	-0.405835
Superscaffold3	43679153	44047918	0.183726	0.106224	0.059564	0.112036
Superscaffold3	44047940	44442834	0.235001	0.102326	0.063972	0.153639
Superscaffold3	44442975	44710354	0.235632	0.111931	0.064031	0.160612
Superscaffold3	44710689	44941443	-0.057050	-0.025815	-0.015505	-0.042254
Superscaffold3	44941484	45193893	-0.081607	-0.035922	-0.023146	-0.046556
Superscaffold3	45194000	45550160	0.033325	0.014969	0.008605	0.017615
Superscaffold3	45550251	45824637	-0.079201	-0.079986	-0.025697	-0.037441
Superscaffold3	45824765	46054326	-0.224185	-0.223824	-0.087113	-0.151042
Superscaffold3	46054353	46199570	-0.060525	-0.044480	-0.024822	-0.024167
Superscaffold3	46199581	46305920	-0.060411	-0.060937	-0.033048	-0.039076
Superscaffold3	46305927	46717762	-0.040819	-0.025841	-0.014794	-0.022987
Superscaffold3	46717870	47131588	0.118890	0.067290	0.040437	0.062015
Superscaffold3	47131613	47390399	-0.265574	-0.198547	-0.086226	-0.157632
Superscaffold3	47390419	47553195	-0.438601	-0.319584	-0.166529	-0.254064
Superscaffold3	47553232	47982825	0.158098	0.078435	0.034744	0.072909
Superscaffold3	47984340	48461664	-0.202908	-0.070711	-0.043947	-0.126831
Superscaffold3	48461688	48815888	-0.160539	-0.053620	-0.037100	-0.085474
Superscaffold3	48815914	49083092	-0.180956	-0.068188	-0.046800	-0.108285
Superscaffold3	49083351	49342274	-0.153694	-0.058516	-0.037278	-0.086656
Superscaffold3	49342339	49623925	-0.100112	-0.036963	-0.024464	-0.049480
Superscaffold3	49623976	49904549	0.007162	0.004558	0.002678	0.003347
Superscaffold3	49904640	50165567	-0.119235	-0.055565	-0.039366	-0.066949
Superscaffold3	50165971	50396321	-0.258933	-0.147190	-0.095069	-0.133602
Superscaffold3	50396387	50690939	-0.336996	-0.154636	-0.103327	-0.163804
Superscaffold3	50690951	51042694	-0.382431	-0.205147	-0.122215	-0.251807
Superscaffold3	51042703	51265874	-0.262787	-0.199341	-0.093587	-0.143003
Superscaffold3	51265908	51516868	-0.035687	-0.020248	-0.012013	-0.016372
Superscaffold3	51516909	51771357	-0.161737	-0.087880	-0.052270	-0.090863
Superscaffold3	51771497	52077676	-0.017812	-0.009028	-0.005508	-0.007715
Superscaffold3	52077745	52347759	-0.073331	-0.035288	-0.025007	-0.041419
Superscaffold3	52347957	52732281	-0.171672	-0.068255	-0.044510	-0.093011
Superscaffold3	52732290	52921559	-0.316551	-0.173204	-0.103207	-0.135505
Superscaffold3	52921618	53111680	-0.059836	-0.035425	-0.022419	-0.034807
Superscaffold3	53111735	53300251	-0.415599	-0.204475	-0.125789	-0.263224
Superscaffold3	53300293	53598199	-0.236304	-0.208695	-0.114709	-0.143250
Superscaffold3	53598316	53730172	-0.006918	-0.006098	-0.003420	-0.004017
Superscaffold3	53730179	53940930	0.034724	0.028929	0.017799	0.013836
Superscaffold3	53940955	54148827	0.079665	0.061393	0.037485	0.036619
Superscaffold3	54148833	54438834	-0.076524	-0.059237	-0.037347	-0.047658
Superscaffold3	54438844	54656272	-0.227624	-0.127381	-0.079693	-0.123392
Superscaffold3	54656322	54826504	0.096163	0.093563	0.054074	0.048741
Superscaffold3	54826505	55071896	-0.236427	-0.143943	-0.089667	-0.128922
Superscaffold3	55071903	55677914	-0.134760	-0.153793	-0.078616	-0.073906
Superscaffold3	55677994	56041930	-0.265389	-0.127020	-0.082162	-0.132641
Superscaffold3	56041941	56312259	0.033680	0.018728	0.012992	0.016604
Superscaffold3	56312273	56556407	-0.166358	-0.083374	-0.057088	-0.087364
Superscaffold3	56556520	56724094	-0.466156	-0.436100	-0.230835	-0.332170
Superscaffold3	56724176	56853352	-0.024283	-0.019313	-0.012597	-0.013702
Superscaffold3	56853599	57225347	-0.200771	-0.096190	-0.066317	-0.089010
Superscaffold3	57225508	57446483	-0.029963	-0.018306	-0.010106	-0.012989
Superscaffold3	57446618	57742262	0.086647	0.032450	0.021232	0.045573
Superscaffold3	57742268	58077464	0.019544	0.011582	0.007332	0.012544
Superscaffold3	58077900	58485584	-0.416158	-0.155521	-0.088775	-0.190737
Superscaffold3	58485681	58907860	-0.034707	-0.011346	-0.007005	-0.016843
Superscaffold3	58907875	59149490	-0.221238	-0.129266	-0.074703	-0.133617
Superscaffold3	59149506	59315885	-0.333433	-0.310839	-0.153661	-0.204175
Superscaffold3	59315908	59468823	-0.018862	-0.013205	-0.008104	-0.009404
Superscaffold3	59468827	59645954	-0.155684	-0.144468	-0.074564	-0.087947
Superscaffold3	59645955	59896381	0.145649	0.096591	0.059041	0.097922
Superscaffold3	59896384	60168859	0.131316	0.095020	0.049230	0.083461
Superscaffold3	60168924	60572128	0.070377	0.053587	0.030925	0.037762
Superscaffold3	60572171	60764339	-0.050133	-0.037005	-0.020671	-0.031128
Superscaffold3	60764348	61133044	-0.187353	-0.106221	-0.064401	-0.124561
Superscaffold3	61133063	61440653	-0.300305	-0.129435	-0.083004	-0.178505
Superscaffold3	61440717	61693559	-0.614355	-0.415569	-0.231176	-0.448913
Superscaffold3	61693666	61887993	-0.235916	-0.235513	-0.112166	-0.119467
Superscaffold3	61888001	62278501	-0.177609	-0.181938	-0.092859	-0.097743
Superscaffold3	62278642	62497446	-0.222758	-0.106258	-0.075388	-0.083603
Superscaffold3	62497448	62701228	-0.078993	-0.075093	-0.041362	-0.043256
Superscaffold3	62701289	63074159	0.190207	0.132715	0.071671	0.116926
Superscaffold3	63074400	63784940	-0.147114	-0.119599	-0.061263	-0.069770
Superscaffold3	63784957	64155975	-0.255174	-0.199256	-0.095090	-0.120782
Superscaffold3	64156405	64471273	-0.042442	-0.032186	-0.018666	-0.019771
Superscaffold3	64471340	64688623	0.136643	0.109087	0.053608	0.078051
Superscaffold3	64688633	64912018	0.098730	0.075629	0.039337	0.050334
Superscaffold3	64912033	65189527	-0.031941	-0.041157	-0.017632	-0.018862
Superscaffold3	65189664	65330886	-0.014897	-0.021440	-0.011553	-0.008263
Superscaffold3	65330925	65492120	-0.140346	-0.310239	-0.115517	-0.082367
Superscaffold3	65492435	65678657	0.008689	0.010928	0.006131	0.004186
Superscaffold3	65678925	65807319	-0.062062	-0.083503	-0.046524	-0.033388
Superscaffold3	65807365	65960376	-0.205703	-0.245692	-0.126539	-0.111391
Superscaffold3	65960380	66237592	-0.204587	-0.246841	-0.094627	-0.132188
Superscaffold3	66237897	66470886	0.063789	0.031843	0.021928	0.030935
Superscaffold3	66470958	66717422	-0.253969	-0.140226	-0.077512	-0.119871
Superscaffold3	66717451	66910083	-0.086666	-0.070145	-0.043317	-0.040280
Superscaffold3	66910172	67113047	-0.246157	-0.190165	-0.103599	-0.116862
Superscaffold4	117137	300197	-0.169640	-0.356505	-0.152522	-0.094139
Superscaffold4	300220	583235	-0.011685	-0.015516	-0.008506	-0.004200
Superscaffold4	583394	820118	-0.007235	-0.008003	-0.004134	-0.002021
Superscaffold4	820233	1008293	-0.145448	-0.230642	-0.099238	-0.074466
Superscaffold4	1008323	1206165	-0.006194	-0.008515	-0.004147	-0.002584
Superscaffold4	1206206	1551190	0.089290	0.109100	0.055591	0.047426
Superscaffold4	1551322	1905145	-0.021781	-0.028139	-0.013877	-0.012782
Superscaffold4	1905265	2389257	0.207694	0.182326	0.117601	0.114356
Superscaffold4	2389307	2617644	0.010401	0.009073	0.005006	0.002949
Superscaffold4	2617671	2997742	-0.086369	-0.089527	-0.042674	-0.054978
Superscaffold4	2997759	3110086	-0.361822	-0.515935	-0.242207	-0.245739
Superscaffold4	3110105	3250093	-0.161344	-0.214707	-0.105952	-0.082990
Superscaffold4	3250157	3493347	-0.146812	-0.191168	-0.081354	-0.075912
Superscaffold4	3493354	3846671	0.005720	0.006080	0.003289	-0.000640
Superscaffold4	3846685	3945109	0.011749	0.014250	0.008292	0.004370
Superscaffold4	3945125	4129278	-0.134347	-0.180652	-0.070433	-0.052383
Superscaffold4	4129371	4432278	0.103028	0.091927	0.047925	0.043761
Superscaffold4	4432499	5170170	0.026463	0.021206	0.012112	0.011791
Superscaffold4	5170175	5302870	-0.023152	-0.025352	-0.014949	-0.015941
Superscaffold4	5303102	5469431	-0.103841	-0.254237	-0.092465	-0.050852
Superscaffold4	5469485	6036470	0.051484	0.035929	0.020545	0.026834
Superscaffold4	6036543	6424977	0.094084	0.097294	0.052541	0.049172
Superscaffold4	6425014	6568350	0.172961	0.186130	0.120119	0.083975
Superscaffold4	6568444	6703547	0.207386	0.213618	0.133063	0.108668
Superscaffold4	6703551	6979451	0.151197	0.173508	0.098674	0.076025
Superscaffold4	6979462	7153658	0.082167	0.093846	0.058542	0.045089
Superscaffold4	7153676	7265982	0.174178	0.166935	0.096815	0.090986
Superscaffold4	7265993	7595278	0.001915	0.002279	0.001065	0.001594
Superscaffold4	7595303	7711320	-0.063291	-0.088278	-0.043798	-0.040338
Superscaffold4	7711326	7872256	-0.110472	-0.153978	-0.075198	-0.066477
Superscaffold4	7872331	7983606	-0.141610	-0.180629	-0.085649	-0.072669
Superscaffold4	7983672	8626633	0.036696	0.018778	0.011975	0.021867
Superscaffold4	8626647	8714856	0.063020	0.072328	0.044487	0.027169
Superscaffold4	8714911	8859039	0.069591	0.075556	0.043737	0.037328
Superscaffold4	8859059	8981897	0.012053	0.015079	0.008652	-0.001061
Superscaffold4	8982083	9096504	0.024898	0.039295	0.019222	0.009059
Superscaffold4	9096625	9284463	-0.108599	-0.167479	-0.075791	-0.051186
Superscaffold4	9284600	9464923	-0.165646	-0.212686	-0.098001	-0.094908
Superscaffold4	9464934	9716919	-0.020971	-0.014257	-0.008714	-0.008793
Superscaffold4	9716929	9849761	-0.099578	-0.130739	-0.072195	-0.048229
Superscaffold4	9849906	9998959	0.079156	0.093513	0.056471	0.043336
Superscaffold4	9998963	10135185	0.059543	0.069366	0.037556	0.030304
Superscaffold4	10135202	10848677	-0.044016	-0.025387	-0.014748	-0.023333
Superscaffold4	10848694	11290322	-0.120590	-0.095786	-0.049605	-0.078595
Superscaffold4	11290410	11425388	-0.019054	-0.025679	-0.014457	-0.011462
Superscaffold4	11425393	11589118	0.083332	0.093318	0.054159	0.042122
Superscaffold4	11589128	11810723	0.121195	0.097468	0.054587	0.044105
Superscaffold4	11810724	12007591	0.136793	0.107221	0.062751	0.064668
Superscaffold4	12007622	12193220	0.090682	0.081474	0.048518	0.049648
Superscaffold4	12193309	12379309	-0.038973	-0.021616	-0.014291	-0.017239
Superscaffold4	12379328	12680485	0.070120	0.049302	0.029556	0.030800
Superscaffold4	12680503	12822442	0.038128	0.048244	0.027541	0.020299
Superscaffold4	12822509	12956938	-0.131559	-0.180446	-0.090998	-0.065246
Superscaffold4	12957010	13113337	-0.000842	-0.000595	-0.000405	-0.001608
Superscaffold4	13113364	13249061	-0.076405	-0.074214	-0.046851	-0.036398
Superscaffold4	13249088	13362145	0.045078	0.055659	0.030454	0.021846
Superscaffold4	13362432	13615235	0.023897	0.020954	0.012371	0.008078
Superscaffold4	13615451	13757738	0.195761	0.176107	0.116010	0.086554
Superscaffold4	13757763	14096055	-0.009400	-0.009106	-0.004124	-0.006657
Superscaffold4	14099442	14350780	0.058297	0.050453	0.030632	0.024464
Superscaffold4	14350822	14550340	-0.048142	-0.046270	-0.025292	-0.025722
Superscaffold4	14550370	14686543	0.050505	0.070843	0.035698	0.025459
Superscaffold4	14686654	14883960	-0.006985	-0.005511	-0.003563	-0.001140
Superscaffold4	14883965	15063287	0.034467	0.039114	0.021461	0.012031
Superscaffold4	15063289	15239780	0.376903	0.423189	0.293712	0.229891
Superscaffold4	15239811	15893499	0.015703	0.021375	0.008804	0.011633
Superscaffold4	15893516	16072151	0.079622	0.101140	0.056938	0.040816
Superscaffold4	16072180	16206833	-0.095145	-0.119114	-0.062929	-0.046307
Superscaffold4	16206894	16488767	-0.216425	-0.183156	-0.102992	-0.133016
Superscaffold4	16488829	16697793	-0.063878	-0.072221	-0.034703	-0.032901
Superscaffold4	16697802	16920446	0.092489	0.087941	0.052805	0.046130
Superscaffold4	16920469	17211252	0.044826	0.039831	0.022414	0.022238
Superscaffold4	17211283	17501698	0.046669	0.053341	0.027282	0.016616
Superscaffold4	17501700	17636565	0.004800	0.005151	0.003071	0.003656
Superscaffold4	17636611	17785743	0.040307	0.059790	0.025653	0.019016
Superscaffold4	17785748	17901770	0.103960	0.151130	0.088953	0.053473
Superscaffold4	17901779	18103501	0.077328	0.071381	0.041841	0.037989
Superscaffold4	18103568	18329675	-0.032218	-0.026236	-0.015619	-0.015696
Superscaffold4	18329836	18667984	-0.127306	-0.144725	-0.074011	-0.066465
Superscaffold4	18668281	19151094	-0.583395	-0.239372	-0.142878	-0.416752
Superscaffold4	19151163	19478133	0.107280	0.049831	0.031411	0.071786
Superscaffold4	19478268	19710647	0.169043	0.096304	0.056784	0.144754
Superscaffold4	19710732	20009734	0.174002	0.079571	0.055124	0.072860
Superscaffold4	20009770	20204266	-0.059422	-0.040569	-0.026338	-0.023357
Superscaffold4	20204270	20421788	-0.097300	-0.090121	-0.044406	-0.049741
Superscaffold4	20421894	20622802	0.103581	0.095368	0.061245	0.058044
Superscaffold4	20622835	20945391	-0.076423	-0.069252	-0.038747	-0.038381
Superscaffold4	20945551	21320736	-0.375447	-0.321104	-0.169949	-0.203758
Superscaffold4	21320772	21921218	0.039641	0.013634	0.010098	0.017361
Superscaffold4	21921235	22106154	0.010354	0.008601	0.004927	0.001945
Superscaffold4	22106228	22272306	-0.148574	-0.187649	-0.094295	-0.085320
Superscaffold4	22272338	22383598	0.014122	0.025084	0.012700	0.004238
Superscaffold4	22383622	22493493	0.008019	0.010043	0.005734	0.006294
Superscaffold4	22493548	22632915	-0.057827	-0.071315	-0.041018	-0.030405
Superscaffold4	22632990	22762057	-0.041769	-0.051950	-0.026447	-0.018849
Superscaffold4	22762077	22923634	-0.086896	-0.084348	-0.037938	-0.037007
Superscaffold4	22923646	23084921	-0.294183	-0.235506	-0.143298	-0.162007
Superscaffold4	23084925	23256254	-0.200523	-0.208228	-0.116530	-0.099119
Superscaffold4	23256360	23379348	0.087394	0.075020	0.046946	0.047935
Superscaffold4	23379385	23596348	0.079562	0.071159	0.041602	0.033721
Superscaffold4	23596349	23758382	-0.109253	-0.099072	-0.059980	-0.065558
Superscaffold4	23758389	24236560	0.015531	0.012367	0.007145	0.009910
Superscaffold4	24236856	24504012	-0.180254	-0.094714	-0.066162	-0.089896
Superscaffold4	24504046	24659069	-0.040130	-0.031619	-0.020652	-0.020442
Superscaffold4	24659362	24977613	0.069370	0.032374	0.019050	0.022356
Superscaffold4	24977621	25236674	0.109983	0.064768	0.045033	0.047469
Superscaffold4	25236730	25393185	-0.275187	-0.175201	-0.115975	-0.121131
Superscaffold4	25393434	25621805	0.093074	0.066433	0.045353	0.054752
Superscaffold4	25621859	25790536	-0.020066	-0.013678	-0.009241	-0.011561
Superscaffold4	25790546	26095150	0.030599	0.023821	0.013646	0.012922
Superscaffold4	26095151	26351727	-0.044570	-0.046339	-0.024416	-0.018662
Superscaffold4	26351792	26554981	-0.053407	-0.033399	-0.020939	-0.018572
Superscaffold4	26555022	26688719	0.154633	0.139179	0.097597	0.067290
Superscaffold4	26688737	26852955	0.046512	0.067357	0.039976	0.024814
Superscaffold4	26852956	26994908	0.158065	0.165069	0.110090	0.076188
Superscaffold4	26994936	27269140	-0.080793	-0.042452	-0.026904	-0.040946
Superscaffold4	27269144	27469424	0.024909	0.012242	0.008379	0.013361
Superscaffold4	27469517	27731460	0.227533	0.089164	0.064408	0.122784
Superscaffold4	27731988	27919862	0.202353	0.169224	0.099346	0.098331
Superscaffold4	27919950	28205535	-0.032193	-0.029751	-0.016214	-0.018962
Superscaffold4	28205734	28409659	0.079681	0.088014	0.049012	0.041235
Superscaffold4	28409943	28581166	-0.048105	-0.056162	-0.027024	-0.025119
Superscaffold4	28581364	28814400	-0.053095	-0.067395	-0.034160	-0.027171
Superscaffold4	28815380	28987931	0.276008	0.228106	0.154229	0.128270
Superscaffold4	28988088	29143131	0.028943	0.024015	0.014863	0.015388
Superscaffold4	29143251	29306153	-0.114508	-0.112787	-0.068611	-0.053959
Superscaffold4	29306367	29502128	-0.030295	-0.040032	-0.020447	-0.017422
Superscaffold4	29502135	29697190	0.162069	0.138848	0.085940	0.068229
Superscaffold4	29697669	29897896	0.264637	0.248878	0.140698	0.162954
Superscaffold4	29897906	30118275	0.010797	0.012222	0.006835	0.004350
Superscaffold4	30118285	30231125	0.073573	0.078602	0.043830	0.038439
Superscaffold4	30231127	30418162	0.183602	0.156118	0.094559	0.107949
Superscaffold4	30418172	30544119	0.011331	0.015516	0.008811	0.006944
Superscaffold4	30544121	30656270	-0.193539	-0.180348	-0.100913	-0.107436
Superscaffold4	30656271	30866327	0.008315	0.007335	0.004136	0.004768
Superscaffold4	30866336	31776425	-0.122647	-0.077343	-0.043348	-0.061510
Superscaffold4	31776447	32050243	0.077532	0.063014	0.035202	0.036262
Superscaffold4	32050259	32279670	0.001284	0.001061	0.000572	-0.002520
Superscaffold4	32280369	32535933	0.123396	0.107219	0.066128	0.066598
Superscaffold4	32535987	32864685	0.008122	0.004333	0.002706	0.004507
Superscaffold4	32864968	33258116	-0.047522	-0.032375	-0.021326	-0.023018
Superscaffold4	33258194	33534935	-0.242235	-0.408257	-0.168971	-0.130782
Superscaffold4	33534947	33754451	0.071074	0.065424	0.033837	0.029700
Superscaffold4	33754476	33987165	-0.028584	-0.028535	-0.013809	-0.010721
Superscaffold4	33987451	34399623	-0.034436	-0.015783	-0.010349	-0.012340
Superscaffold4	34399647	34659461	0.101833	0.052791	0.038883	0.033091
Superscaffold4	34659515	34997863	0.038793	0.017063	0.011874	0.017966
Superscaffold4	34997876	35168302	-0.062462	-0.067060	-0.039265	-0.028187
Superscaffold4	35168310	35502643	-0.080619	-0.066593	-0.040131	-0.040464
Superscaffold4	35502649	35795857	0.154188	0.125623	0.064537	0.048548
Superscaffold4	35795947	36111291	-0.037068	-0.033659	-0.021316	-0.017853
Superscaffold4	36111404	36288508	0.080551	0.075939	0.047348	0.041055
Superscaffold4	36288509	36512417	-0.165142	-0.115986	-0.067352	-0.077122
Superscaffold4	36512536	36864584	0.001518	0.000937	0.000643	-0.004777
Superscaffold4	36864591	37201620	0.124644	0.092705	0.056155	0.083748
Superscaffold4	37201735	37426955	-0.014935	-0.016506	-0.008070	-0.007364
Superscaffold4	37427048	37991824	0.273233	0.162896	0.108275	0.177022
Superscaffold4	37991844	38615924	0.117412	0.061699	0.037712	0.065173
Superscaffold4	38615987	39407946	-0.063482	-0.053830	-0.026554	-0.033505
Superscaffold4	39408032	39769108	-0.371128	-0.290185	-0.147182	-0.244214
Superscaffold4	39769118	39926762	-0.076744	-0.061944	-0.038156	-0.035789
Superscaffold4	39926765	40343274	-0.071864	-0.049515	-0.029058	-0.031065
Superscaffold4	40343281	40631530	0.110771	0.084199	0.052177	0.039341
Superscaffold4	40631568	40805510	-0.030431	-0.034933	-0.017587	-0.013775
Superscaffold4	40805516	40990366	0.065961	0.057877	0.032293	0.030348
Superscaffold4	40990540	41193066	-0.087125	-0.099645	-0.057010	-0.044496
Superscaffold4	41193154	41714956	0.037644	0.036195	0.020466	0.018808
Superscaffold4	41714971	41955384	-0.102716	-0.087706	-0.044260	-0.041793
Superscaffold4	41955656	42398031	-0.006287	-0.004573	-0.002889	-0.006226
Superscaffold4	42398044	42532191	-0.077986	-0.098590	-0.048877	-0.033143
Superscaffold4	42532270	43012681	-0.078654	-0.080312	-0.040993	-0.038291
Superscaffold4	43012734	43148597	-0.451698	-0.382546	-0.178548	-0.319643
Superscaffold4	43148605	43619417	-0.283745	-0.262701	-0.128805	-0.167685
Superscaffold4	43619444	43900624	-0.093348	-0.061018	-0.034367	-0.052445
Superscaffold4	43900633	44032619	-0.124217	-0.166428	-0.076095	-0.064541
Superscaffold4	44032637	44238511	-0.483446	-0.483729	-0.240153	-0.304099
Superscaffold4	44238600	44475281	-0.076493	-0.040514	-0.025173	-0.022877
Superscaffold4	44475291	44965698	0.151944	0.055640	0.040610	0.060597
Superscaffold4	44965778	45209656	-0.040881	-0.028345	-0.016652	-0.016013
Superscaffold4	45209675	45484273	-0.127626	-0.072787	-0.045820	-0.042654
Superscaffold4	45484280	45725061	-0.038766	-0.035164	-0.019175	-0.013443
Superscaffold4	45725091	46014404	-0.076472	-0.123463	-0.052540	-0.037626
Superscaffold4	46014405	46159041	-0.069746	-0.056214	-0.036342	-0.029643
Superscaffold4	46159124	46248974	0.065691	0.119170	0.064270	0.031823
Superscaffold4	46248990	46442684	-0.257216	-0.098184	-0.074254	-0.112947
Superscaffold4	46442705	46632246	-0.234335	-0.124584	-0.092328	-0.105295
Superscaffold4	46632253	46804511	-0.318539	-0.401650	-0.216926	-0.164084
Superscaffold4	46804514	47088376	-0.101828	-0.081270	-0.050734	-0.049344
Superscaffold4	47088461	47338743	-0.148905	-0.134222	-0.071936	-0.079565
Superscaffold4	47338758	47515159	-0.030849	-0.034285	-0.018837	-0.017671
Superscaffold4	47515171	47774387	0.317446	0.126900	0.104818	0.208297
Superscaffold4	47774411	48024163	0.113657	0.081801	0.050265	0.057848
Superscaffold4	48024512	48393713	-0.063161	-0.053315	-0.030572	-0.034417
Superscaffold4	48393965	48673255	-0.094963	-0.083307	-0.053660	-0.052018
Superscaffold4	48673290	49076682	0.147960	0.041418	0.033241	0.089940
Superscaffold4	49076782	49495292	-0.039965	-0.012010	-0.008648	-0.021228
Superscaffold4	49495351	49759427	0.127380	0.102963	0.065670	0.078665
Superscaffold4	49759480	50104895	-0.165839	-0.075281	-0.053479	-0.080837
Superscaffold4	50104962	50494800	0.058453	0.012890	0.010526	0.034868
Superscaffold4	50494879	50907774	-0.285068	-0.100059	-0.061375	-0.169370
Superscaffold4	50907787	51226751	-0.022860	-0.012144	-0.008444	-0.010896
Superscaffold4	51226804	51416934	0.221574	0.226134	0.125876	0.127831
Superscaffold4	51416948	51623691	0.020424	0.015211	0.009158	0.012429
Superscaffold4	51623738	51986778	0.258227	0.127506	0.080822	0.124399
Superscaffold4	51986873	52544629	0.621431	0.361452	0.177511	0.479371
Superscaffold4	52544799	52839856	0.725786	0.432091	0.236244	0.575102
Superscaffold4	52839863	53860626	-0.007444	-0.001967	-0.001225	-0.006646
Superscaffold4	53860630	54189890	0.038156	0.015543	0.009849	0.016608
Superscaffold4	54189920	54504832	-0.090392	-0.037033	-0.027551	-0.050627
Superscaffold4	54504862	54964540	0.068749	0.014330	0.009799	0.035758
Superscaffold4	54965204	55396071	0.018357	0.004360	0.002625	0.008419
Superscaffold4	55396262	55613868	-0.074252	-0.078025	-0.037693	-0.045357
Superscaffold4	55613873	55842760	-0.067165	-0.047187	-0.027656	-0.033816
Superscaffold4	55842805	56075258	-0.026995	-0.023069	-0.013524	-0.020867
Superscaffold4	56075315	56266624	-0.184205	-0.183415	-0.074603	-0.086314
Superscaffold4	56266655	56405098	0.034245	0.035591	0.020501	0.018875
Superscaffold4	56405108	56553538	-0.209346	-0.236040	-0.105180	-0.098965
Superscaffold4	56553542	56775801	-0.081364	-0.060390	-0.037605	-0.053209
Superscaffold4	56775882	56904717	-0.127712	-0.080135	-0.051696	-0.053288
Superscaffold4	56904740	57417062	-0.000857	-0.000516	-0.000301	0.000562
Superscaffold4	57417076	57830582	-0.164626	-0.102279	-0.054820	-0.088001
Superscaffold4	57830612	58165074	-0.066509	-0.037748	-0.026386	-0.043350
Superscaffold4	58165079	58303044	0.048109	0.032846	0.023595	0.023047
Superscaffold4	58303099	58525790	-0.025241	-0.024085	-0.015111	-0.010414
Superscaffold4	58525792	58715416	0.195668	0.105674	0.075918	0.077267
Superscaffold4	58715505	58906672	-0.093477	-0.073602	-0.047454	-0.047720
Superscaffold4	58906679	59096138	0.024296	0.020810	0.012770	0.008707
Superscaffold4	59096150	59181477	0.050481	0.082776	0.041414	0.018855
Superscaffold4	59181480	59325343	0.061705	0.092902	0.045992	0.029733
Superscaffold4	59325346	59466365	-0.052659	-0.053519	-0.031412	-0.030641
Superscaffold4	59466381	59601170	0.154152	0.142682	0.095620	0.083750
Superscaffold4	59601216	59845359	0.090049	0.078617	0.043167	0.037097
Superscaffold4	59845380	60082765	-0.018219	-0.020216	-0.011880	-0.008421
Superscaffold4	60082776	61254660	0.012110	0.006370	0.002951	0.001415
Superscaffold4	61254680	61433637	0.175364	0.158817	0.102025	0.095461
Superscaffold4	61433645	61592950	0.009788	0.008263	0.004746	0.003376
Superscaffold4	61593034	61872421	-0.082812	-0.032367	-0.026092	-0.049005
Superscaffold4	61872523	62171988	-0.286939	-0.127781	-0.096432	-0.212976
Superscaffold4	62171997	62325415	-0.165693	-0.170821	-0.105515	-0.086696
Superscaffold4	62325459	62573318	-0.169207	-0.136613	-0.072558	-0.092193
Superscaffold4	62573360	63020156	0.008675	0.006594	0.003605	0.002434
Superscaffold4	63020221	63365522	0.093213	0.078081	0.045245	0.049181
Superscaffold4	63365617	63717856	0.001041	0.000681	0.000401	0.002913
Superscaffold4	63717882	63919383	-0.051639	-0.060841	-0.031740	-0.028062
Superscaffold4	63919481	64077959	-0.062753	-0.043662	-0.028236	-0.028236
Superscaffold4	64078009	64207307	-0.044467	-0.030618	-0.019321	-0.024306
Superscaffold4	64207390	64357588	0.058815	0.044475	0.025136	0.026549
Superscaffold4	64357629	64480326	0.326809	0.220500	0.143493	0.158763
Superscaffold4	64480346	64799098	-0.067839	-0.042468	-0.025303	-0.035330
Superscaffold4	64799101	65123830	-0.150849	-0.179599	-0.075009	-0.091191
Superscaffold4	65123915	65303217	-0.275499	-0.341784	-0.143243	-0.133302
Superscaffold4	65303239	65790070	-0.163111	-0.116394	-0.066305	-0.093410
Superscaffold4	65790246	66314536	0.073494	0.062255	0.033355	0.033551
Superscaffold4	66314561	66704686	0.027589	0.008850	0.005573	0.009164
Superscaffold4	66704731	67017600	-0.347107	-0.123586	-0.085195	-0.236122
Superscaffold4	67017638	67235715	-0.662616	-0.634081	-0.302206	-0.514492
Superscaffold4	67235725	67500941	-0.108483	-0.086506	-0.049648	-0.063425
Superscaffold4	67501068	67711923	0.013865	0.021596	0.010360	0.008934
Superscaffold4	67712132	68059078	-0.195159	-0.201745	-0.103304	-0.124204
Superscaffold4	68059164	68220384	-0.379288	-0.530011	-0.260663	-0.275378
Superscaffold4	68220407	68352503	0.168802	0.190927	0.104715	0.097312
Superscaffold4	68352514	68503083	0.250357	0.300499	0.123483	0.141612
Superscaffold4	68503085	68662108	-0.101742	-0.078016	-0.048040	-0.054292
Superscaffold4	68662192	68821619	0.087054	0.065280	0.044615	0.056709
Superscaffold4	68821626	69179283	0.062361	0.031890	0.021398	0.028108
Superscaffold4	69179303	69400443	-0.046731	-0.052825	-0.027161	-0.025042
Superscaffold4	69400453	69605311	-0.065457	-0.073630	-0.036725	-0.035735
Superscaffold4	69605343	69786440	-0.051849	-0.052426	-0.030504	-0.028218
Superscaffold4	69786496	69915314	0.069312	0.098653	0.046423	0.036422
Superscaffold4	69915341	70240428	-0.032476	-0.030603	-0.016780	-0.018155
Superscaffold4	70240457	70459711	0.006893	0.007681	0.004388	0.005590
Superscaffold4	70459766	70766469	-0.105838	-0.118253	-0.062076	-0.062658
Superscaffold4	70766502	71081970	-0.088325	-0.087603	-0.047841	-0.057601
Superscaffold4	71082073	71562756	0.293022	0.192776	0.123311	0.174648
Superscaffold4	71563444	71940389	0.073361	0.056254	0.039350	0.035321
Superscaffold4	71940874	72910787	-0.046239	-0.017019	-0.011057	-0.018011
Superscaffold4	72911676	73222467	0.055503	0.026240	0.016262	0.032926
Superscaffold4	73222511	73397880	0.014174	0.017216	0.008791	0.007274
Superscaffold4	73397914	73609504	0.119595	0.107926	0.053207	0.077558
Superscaffold4	73609769	73968252	0.124503	0.079865	0.051883	0.075224
Superscaffold4	73968421	74323443	0.126546	0.114936	0.068913	0.075634
Superscaffold4	74323512	74483940	-0.091585	-0.053567	-0.038647	-0.045108
Superscaffold4	74483996	74726241	0.071294	0.048342	0.032946	0.042323
Superscaffold4	74726280	74888336	0.020244	0.022793	0.014073	0.011259
Superscaffold4	74888439	75193500	0.139605	0.098042	0.059660	0.063112
Superscaffold4	75193821	75395876	0.063615	0.066015	0.036058	0.033650
Superscaffold4	75395960	75761213	0.305355	0.255211	0.136752	0.167988
Superscaffold4	75761233	76369951	0.456367	0.252795	0.160758	0.335085
Superscaffold4	76369952	76664624	-0.101072	-0.078512	-0.040064	-0.049416
Superscaffold4	76664707	76832185	0.002765	0.002717	0.001231	0.002552
Superscaffold4	76832193	77204467	-0.233383	-0.163092	-0.082694	-0.138742
Superscaffold4	77204468	77489645	-0.014230	-0.012612	-0.005282	-0.008909
Superscaffold4	77489784	77685914	-0.054020	-0.154100	-0.026030	-0.025773
Superscaffold4	77685922	77940048	-0.444352	-0.643424	-0.297913	-0.310070
Superscaffold4	77940124	78357564	0.071430	0.059044	0.034379	0.029183
Superscaffold4	78357585	78500964	0.062578	0.079368	0.046172	0.028713
Superscaffold4	78501060	78725622	-0.000486	-0.000508	-0.000266	0.001096
Superscaffold4	78725642	78887546	0.138377	0.146990	0.071874	0.063622
Superscaffold4	78887567	79137344	-0.034410	-0.031447	-0.019072	-0.031437
Superscaffold4	79137351	79281880	0.045378	0.059731	0.037759	0.022621
Superscaffold4	79281889	79952951	0.006853	0.004318	0.002653	-0.003816
Superscaffold4	79952953	80163466	-0.036762	-0.061073	-0.027922	-0.016441
Superscaffold4	80163500	80325661	-0.174921	-0.151694	-0.098584	-0.104475
Superscaffold4	80325665	80437612	0.070498	0.069556	0.041749	0.028508
Superscaffold4	80437624	80661177	-0.209128	-0.140220	-0.087258	-0.109968
Superscaffold4	80661184	80820446	0.085420	0.068210	0.040407	0.033582
Superscaffold4	80820504	81077563	0.098396	0.106026	0.056960	0.049787
Superscaffold4	81077564	81289248	-0.012573	-0.014695	-0.007571	-0.005863
Superscaffold4	81289428	81401048	0.025436	0.030126	0.017913	0.006113
Superscaffold4	81401192	81607253	0.286571	0.247486	0.164818	0.119815
Superscaffold4	81607298	81988369	0.155391	0.092124	0.056551	0.079829
Superscaffold4	81988373	82478404	0.100486	0.093428	0.040917	0.048574
Superscaffold4	82478409	82704353	-0.052354	-0.027981	-0.019504	-0.019515
Superscaffold4	82704375	82847514	-0.053358	-0.051407	-0.029506	-0.028141
Superscaffold4	82847547	83020062	-0.042501	-0.039225	-0.023979	-0.029188
Superscaffold4	83020083	83139929	-0.217125	-0.245089	-0.121974	-0.128991
Superscaffold4	83139953	83311228	0.042524	0.048442	0.025769	0.017646
Superscaffold4	83311230	83437415	-0.093989	-0.163505	-0.072079	-0.045200
Superscaffold4	83437434	83592628	-0.017269	-0.015959	-0.009143	-0.005011
Superscaffold4	83592656	83826604	-0.218147	-0.172283	-0.115622	-0.115311
Superscaffold4	83826636	84094914	-0.093097	-0.076337	-0.053041	-0.062457
Superscaffold4	84094915	84363683	-0.051892	-0.041247	-0.027539	-0.026637
Superscaffold4	84363696	84552380	-0.141107	-0.122714	-0.066309	-0.079364
Superscaffold4	84552386	84719793	-0.118509	-0.159343	-0.080742	-0.062924
Superscaffold4	84719883	84842353	0.103015	0.128284	0.075921	0.058408
Superscaffold4	84842423	85066265	-0.102859	-0.108111	-0.055967	-0.060099
Superscaffold4	85066273	85884941	-0.270740	-0.213173	-0.106354	-0.170727
Superscaffold4	85884944	86013760	-0.213638	-0.215794	-0.132708	-0.114033
Superscaffold4	86013770	86181907	-0.285517	-0.448095	-0.223425	-0.164783
Superscaffold4	86181974	86323302	0.133384	0.121631	0.082982	0.059768
Superscaffold4	86323341	86484452	0.039861	0.040781	0.020449	0.023199
Superscaffold5	2948	103510	-0.506425	-0.573161	-0.237606	-0.265008
Superscaffold5	103535	238182	-0.479367	-0.465056	-0.218864	-0.258683
Superscaffold5	238227	350416	-0.110027	-0.208715	-0.081259	-0.052954
Superscaffold5	350427	507376	-0.158656	-0.157689	-0.092269	-0.076409
Superscaffold5	507385	662057	0.137691	0.119412	0.077638	0.077164
Superscaffold5	662117	896493	0.000509	0.000366	0.000217	-0.001322
Superscaffold5	896897	1186575	-0.165847	-0.110494	-0.070628	-0.087250
Superscaffold5	1186587	1420365	-0.018050	-0.013116	-0.007330	-0.007612
Superscaffold5	1420375	1746081	-0.167309	-0.132005	-0.078701	-0.102831
Superscaffold5	1746222	1892619	0.375146	0.349635	0.209991	0.272070
Superscaffold5	1892667	2079877	-0.509829	-1.001536	-0.241239	-0.282792
Superscaffold5	2079886	2281659	-0.000495	-0.000275	-0.000156	0.000810
Superscaffold5	2281732	2471596	-0.166731	-0.149712	-0.072080	-0.115532
Superscaffold5	2471690	2848911	-0.247490	-0.144332	-0.091123	-0.096600
Superscaffold5	2848946	3021711	-0.169021	-0.120620	-0.076653	-0.100682
Superscaffold5	3021730	3229982	-0.364502	-0.475461	-0.214964	-0.258408
Superscaffold5	3230088	3556970	0.039494	0.017429	0.011562	0.009439
Superscaffold5	3556990	3990589	0.203901	0.086864	0.058962	0.108365
Superscaffold5	3990623	4538480	0.102391	0.056069	0.034833	0.041111
Superscaffold5	4538576	4827791	-0.036076	-0.035112	-0.020204	-0.019393
Superscaffold5	4827830	5720367	-0.276343	-0.150978	-0.084804	-0.171944
Superscaffold5	5720544	6318671	-0.016062	-0.004171	-0.002645	-0.007145
Superscaffold5	6318878	7034564	0.024351	0.008685	0.005677	0.010295
Superscaffold5	7035142	7322743	-0.312453	-0.218313	-0.109607	-0.191732
Superscaffold5	7322762	7481293	-0.326191	-0.271285	-0.139991	-0.152443
Superscaffold5	7481296	7759241	0.075893	0.027412	0.019242	0.031668
Superscaffold5	7759284	8156521	0.230981	0.169613	0.105395	0.110893
Superscaffold5	8156666	8423777	-0.036101	-0.026447	-0.015374	-0.011113
Superscaffold5	8424629	8660394	-0.046340	-0.052581	-0.026434	-0.023458
Superscaffold5	8660438	8842194	-0.258676	-0.333949	-0.147202	-0.132253
Superscaffold5	8842234	9014644	0.071911	0.072722	0.037492	0.027926
Superscaffold5	9014688	9178005	-0.124596	-0.167735	-0.064385	-0.054863
Superscaffold5	9178010	9322084	-0.194858	-0.203060	-0.102959	-0.115051
Superscaffold5	9322114	9554544	0.051038	0.020922	0.014405	0.025170
Superscaffold5	9554572	10085254	0.156460	0.083818	0.056687	0.060508
Superscaffold5	10085285	10596667	-0.134246	-0.120681	-0.062529	-0.076755
Superscaffold5	10596729	10728176	0.056828	0.063030	0.030982	0.027361
Superscaffold5	10728177	10859177	-0.187705	-0.253464	-0.109001	-0.110209
Superscaffold5	10859185	11111738	0.283950	0.149690	0.101003	0.184182
Superscaffold5	11111741	11481769	-0.087579	-0.052738	-0.027788	-0.038764
Superscaffold5	11481972	11584821	-0.203524	-0.298719	-0.102980	-0.101840
Superscaffold5	11584837	12530731	-0.026970	-0.028090	-0.012781	-0.013815
Superscaffold5	12530749	12812187	-0.078093	-0.073554	-0.038253	-0.047394
Superscaffold5	12812208	13807652	-0.087101	-0.067776	-0.037486	-0.063937
Superscaffold5	13807678	14092973	0.125820	0.124134	0.069065	0.069837
Superscaffold5	14093024	14237594	0.028269	0.036221	0.016627	0.011796
Superscaffold5	14237655	14415386	-0.138853	-0.146336	-0.074938	-0.058020
Superscaffold5	14415395	14659885	-0.361332	-0.577031	-0.221211	-0.189677
Superscaffold5	14659989	14859878	-0.196512	-0.216767	-0.088451	-0.118987
Superscaffold5	14859920	15021030	0.187063	0.169855	0.094365	0.086338
Superscaffold5	15021566	15260239	0.145084	0.084348	0.044053	0.068157
Superscaffold5	15260296	15491722	-0.002319	-0.001885	-0.000823	-0.001261
Superscaffold5	15491727	15735611	-0.034149	-0.038461	-0.019857	-0.016950
Superscaffold5	15735620	16076026	-0.090213	-0.059184	-0.035188	-0.052108
Superscaffold5	16076094	16369471	-0.119700	-0.092486	-0.050948	-0.059463
Superscaffold5	16369527	16538414	-0.190836	-0.207433	-0.121845	-0.078225
Superscaffold5	16538458	16719074	-0.016975	-0.019859	-0.010753	-0.008839
Superscaffold5	16719091	16961254	0.319785	0.203488	0.156716	0.210307
Superscaffold5	16961290	17126478	-0.121567	-0.121398	-0.057713	-0.072224
Superscaffold5	17126480	17539730	-0.064143	-0.041336	-0.022117	-0.035333
Superscaffold5	17539743	17698768	-0.039426	-0.041489	-0.022233	-0.014570
Superscaffold5	17698777	17962608	0.068736	0.047772	0.030261	0.026149
Superscaffold5	17962692	18069215	-0.166155	-0.169342	-0.095643	-0.077601
Superscaffold5	18069222	18201550	-0.135460	-0.164531	-0.073206	-0.068904
Superscaffold5	18201721	18315116	-0.194704	-0.256090	-0.130784	-0.099008
Superscaffold5	18315245	18586919	-0.227107	-0.128689	-0.086290	-0.106474
Superscaffold5	18587040	18878660	-0.038297	-0.022890	-0.013660	-0.013204
Superscaffold5	18878664	19125658	-0.201474	-0.174543	-0.098633	-0.090550
Superscaffold5	19125727	19305861	-0.000140	-0.000106	-0.000066	-0.001548
Superscaffold5	19305869	19520551	0.401854	0.348886	0.183975	0.233703
Superscaffold5	19520617	19768428	0.095835	0.048262	0.029833	0.040173
Superscaffold5	19768431	19951376	-0.052724	-0.033617	-0.022426	-0.023020
Superscaffold5	19951529	20228582	-0.036251	-0.032293	-0.013732	-0.013844
Superscaffold5	20228606	20531211	-0.222769	-0.139896	-0.079385	-0.140234
Superscaffold5	20531229	20953621	-0.206295	-0.132955	-0.082002	-0.111635
Superscaffold5	20954053	21212578	-0.098125	-0.062095	-0.039319	-0.046216
Superscaffold5	21212594	21490408	-0.279021	-0.305044	-0.133698	-0.139777
Superscaffold5	21490411	21654083	-0.191527	-0.090301	-0.053584	-0.096308
Superscaffold5	21654385	21943957	0.074482	0.059854	0.032882	0.032090
Superscaffold5	21944031	22025488	-0.104547	-0.131501	-0.065151	-0.058581
Superscaffold5	22025497	22241207	-0.044482	-0.052852	-0.022195	-0.031518
Superscaffold5	22241228	22512951	0.167955	0.118001	0.064161	0.107376
Superscaffold5	22513018	22875861	0.168150	0.142818	0.085796	0.080049
Superscaffold5	22875885	23140224	-0.111329	-0.107433	-0.059176	-0.049557
Superscaffold5	23140290	23317344	-0.139622	-0.083894	-0.053620	-0.075539
Superscaffold5	23317356	23705607	0.140168	0.072380	0.049678	0.077868
Superscaffold5	23705990	24280230	0.065383	0.062697	0.026191	0.025001
Superscaffold5	24280304	24533889	0.031099	0.019764	0.012305	0.016849
Superscaffold5	24533902	24822914	-0.035330	-0.011472	-0.008147	-0.017122
Superscaffold5	24822915	25280461	0.016076	0.005105	0.003608	0.006439
Superscaffold5	25280674	25498073	0.415655	0.258456	0.190254	0.265127
Superscaffold5	25498239	25872741	-0.051241	-0.023865	-0.014319	-0.022632
Superscaffold5	25872747	26327868	0.133511	0.062106	0.037168	0.070095
Superscaffold5	26327894	26917755	0.031866	0.021829	0.013062	0.014400
Superscaffold5	26925948	27447048	-0.083346	-0.064273	-0.032973	-0.036558
Superscaffold5	27447093	27616459	0.475803	0.255310	0.194924	0.297756
Superscaffold5	27616644	27940419	-0.302219	-0.288570	-0.124742	-0.174306
Superscaffold5	27940422	28265120	-0.637232	-1.027818	-0.396222	-0.444037
Superscaffold5	28265189	28410471	-0.456692	-0.708032	-0.321436	-0.292265
Superscaffold5	28410553	28610198	-0.114888	-0.098489	-0.051040	-0.044401
Superscaffold5	28610221	28820145	-0.100593	-0.080354	-0.046746	-0.039132
Superscaffold5	28820303	29050720	-0.253979	-0.136457	-0.069371	-0.152996
Superscaffold5	29050737	29244716	-0.117375	-0.068212	-0.040475	-0.074615
Superscaffold5	29244789	29572868	-0.298634	-0.099714	-0.066844	-0.192737
Superscaffold5	29572869	29803890	0.075242	0.030404	0.018561	0.042265
Superscaffold5	29804025	29940077	0.127167	0.095361	0.057378	0.079363
Superscaffold5	29940100	30045224	0.089955	0.064499	0.039857	0.044250
Superscaffold5	30045236	30139316	0.163094	0.228297	0.127600	0.077433
Superscaffold5	30139328	30288157	0.012387	0.012646	0.007305	0.007150
Superscaffold5	30288207	30716288	-0.163030	-0.066078	-0.042828	-0.088606
Superscaffold5	30716429	31089561	0.000097	0.000040	0.000028	0.001217
Superscaffold5	31089645	31319698	-0.318063	-0.118462	-0.070347	-0.199041
Superscaffold5	31319845	31585495	-0.362358	-0.167249	-0.119514	-0.244565
Superscaffold5	31585499	31976779	0.005001	0.002146	0.001538	0.004133
Superscaffold5	31976788	32238199	0.569030	0.275622	0.192991	0.380082
Superscaffold5	32238297	32722084	-0.215299	-0.170288	-0.065040	-0.110878
Superscaffold5	32722086	32959376	0.168804	0.120150	0.067189	0.098914
Superscaffold5	32959381	33097807	0.067376	0.061175	0.033890	0.050335
Superscaffold5	33097821	33247394	0.123466	0.131489	0.079485	0.086479
Superscaffold5	33247423	33803382	-0.037285	-0.008252	-0.006328	-0.015778
Superscaffold5	33803393	34096092	-0.440475	-0.057648	-0.050127	-0.254105
Superscaffold5	34096113	34479738	-0.233517	-0.043341	-0.034593	-0.128961
Superscaffold5	34479754	34745082	-0.076406	-0.034474	-0.020446	-0.030698
Superscaffold5	34745150	35013215	-0.132406	-0.081273	-0.046573	-0.067232
Superscaffold5	35013961	35362248	0.064950	0.019601	0.014044	0.031404
Superscaffold5	35362505	35635756	0.136787	0.069274	0.039622	0.063655
Superscaffold5	35635930	35884938	0.212542	0.085590	0.055292	0.105076
Superscaffold5	35884951	36315671	-0.028232	-0.007386	-0.004823	-0.016127
Superscaffold5	36315713	36655809	-0.119206	-0.046770	-0.028367	-0.060311
Superscaffold5	36655820	36828230	-0.149393	-0.095181	-0.056247	-0.073816
Superscaffold5	36828250	37146596	-0.151693	-0.110478	-0.062568	-0.079998
Superscaffold5	37146645	37348849	-0.245744	-0.320231	-0.132873	-0.139909
Superscaffold5	37348874	37558466	-0.122001	-0.044588	-0.029707	-0.074008
Superscaffold5	37558483	37902687	-0.005912	-0.001907	-0.001300	-0.002009
Superscaffold5	37902710	38192377	0.044988	0.017161	0.011857	0.021646
Superscaffold5	38192378	38471326	0.011210	0.008194	0.004692	0.004327
Superscaffold5	38471463	38706638	-0.068439	-0.031798	-0.019532	-0.033968
Superscaffold5	38706661	39104792	0.086690	0.058903	0.035321	0.045120
Superscaffold5	39104867	39482533	-0.094561	-0.074045	-0.045873	-0.051037
Superscaffold5	39482538	39845794	0.188338	0.153059	0.078019	0.124112
Superscaffold5	39845833	40156471	-0.497925	-0.280143	-0.170676	-0.245017
Superscaffold5	40156498	40825921	-0.037997	-0.017618	-0.012303	-0.022827
Superscaffold5	40825983	41163078	0.040005	0.033787	0.021635	0.018677
Superscaffold5	41163107	41750785	-0.144205	-0.084154	-0.053931	-0.077234
Superscaffold5	41752281	42062311	-0.447405	-0.276915	-0.149966	-0.321002
Superscaffold5	42062321	42500184	-0.173963	-0.053716	-0.037571	-0.099614
Superscaffold5	42500247	42852894	0.092954	0.047517	0.026486	0.040560
Superscaffold5	42853108	43073613	-0.189757	-0.135373	-0.082127	-0.093680
Superscaffold5	43073681	43270910	-0.068729	-0.049180	-0.032064	-0.038323
Superscaffold5	43271020	43576913	0.025541	0.011771	0.008108	0.005079
Superscaffold5	43576914	43719783	-0.468533	-0.385355	-0.202621	-0.300434
Superscaffold5	43719820	43929809	-0.070784	-0.053458	-0.032990	-0.039696
Superscaffold5	43929915	44096972	0.276269	0.219630	0.149398	0.159996
Superscaffold5	44097076	44402763	-0.144733	-0.118291	-0.069171	-0.069819
Superscaffold5	44404070	44629078	0.144813	0.083118	0.058951	0.050693
Superscaffold5	44629085	44769098	-0.118149	-0.046313	-0.032774	-0.033324
Superscaffold5	44769755	44963561	-0.062804	-0.043555	-0.027025	-0.031148
Superscaffold5	44963590	45310832	-0.011937	-0.010141	-0.005685	-0.009476
Superscaffold5	45310951	45616508	-0.092267	-0.067076	-0.034575	-0.055721
Superscaffold5	45616541	45820907	0.011203	0.007809	0.005715	0.005793
Superscaffold5	45821326	46153185	-0.008940	-0.007890	-0.005192	-0.004441
Superscaffold5	46153245	46500047	-0.023330	-0.019471	-0.009135	-0.008993
Superscaffold5	46500051	46731891	-0.138587	-0.147197	-0.076894	-0.085188
Superscaffold5	46731966	47040772	-0.133692	-0.069781	-0.043920	-0.059398
Superscaffold5	47040774	47446993	-0.135265	-0.041302	-0.030935	-0.066353
Superscaffold5	47447044	47700782	0.139395	0.085662	0.047534	0.072568
Superscaffold5	47700795	47953266	-0.167839	-0.123204	-0.060099	-0.101446
Superscaffold5	47953504	48237367	0.206741	0.093561	0.056454	0.121671
Superscaffold5	48237379	48597069	-0.008449	-0.003015	-0.002012	-0.004251
Superscaffold5	48597094	48951224	-0.222229	-0.116814	-0.067621	-0.119191
Superscaffold5	48951286	49418006	0.137570	0.076959	0.053987	0.072827
Superscaffold5	49418017	49914323	0.019135	0.012218	0.007115	0.012662
Superscaffold5	49914487	50203111	-0.177421	-0.117739	-0.066441	-0.063543
Superscaffold5	50203135	50458245	-0.151035	-0.086812	-0.050984	-0.067306
Superscaffold5	50458301	50634177	-0.068824	-0.046520	-0.026222	-0.030871
Superscaffold5	50634194	50870828	0.676970	0.510196	0.246850	0.485810
Superscaffold5	50870834	51085808	0.248553	0.124142	0.075227	0.177527
Superscaffold5	51085968	51478390	-0.285866	-0.119862	-0.078024	-0.142098
Superscaffold5	51478603	51665459	-0.186861	-0.139089	-0.079609	-0.082616
Superscaffold5	51665587	51924899	-0.105804	-0.125877	-0.052189	-0.049958
Superscaffold5	51924917	52198794	-0.026685	-0.020646	-0.012808	-0.011413
Superscaffold5	52198865	52390534	0.011702	0.010827	0.006543	0.007617
Superscaffold5	52390688	52614329	0.206682	0.118279	0.072033	0.108632
Superscaffold5	52614342	52766348	-0.092457	-0.060123	-0.038764	-0.032163
Superscaffold5	52766628	52891603	-0.078259	-0.086489	-0.047585	-0.039350
Superscaffold5	52891629	53036567	-0.005949	-0.005047	-0.002940	-0.003675
Superscaffold5	53036610	53208127	0.324142	0.223790	0.146675	0.190747
Superscaffold5	53208135	53433829	-0.494605	-0.423644	-0.212418	-0.318361
Superscaffold5	53433831	53699983	-0.389174	-0.242816	-0.128242	-0.201585
Superscaffold5	53700002	54048876	-0.112041	-0.090832	-0.043722	-0.055044
Superscaffold5	54048891	54616966	-0.196893	-0.116261	-0.073174	-0.102736
Superscaffold5	54622453	55225228	0.060824	0.037082	0.023691	0.031087
Superscaffold5	55225259	55677915	-0.020246	-0.018130	-0.009198	-0.009834
Superscaffold5	55677954	55930240	-0.074396	-0.038227	-0.022775	-0.032231
Superscaffold5	55931293	56141714	0.197777	0.150213	0.094578	0.095026
Superscaffold5	56141738	56306373	0.117773	0.095919	0.064258	0.056600
Superscaffold5	56306534	56676129	0.176843	0.092116	0.065008	0.095600
Superscaffold5	56676177	56961660	-0.037102	-0.023466	-0.013072	-0.017823
Superscaffold5	56961672	57148882	-0.188112	-0.145537	-0.080386	-0.091216
Superscaffold5	57148927	57454273	-0.156118	-0.086119	-0.051986	-0.066111
Superscaffold5	57454352	57727526	-0.133175	-0.080498	-0.048898	-0.061505
Superscaffold5	57727540	58008975	-0.119270	-0.064885	-0.042077	-0.064036
Superscaffold5	58008979	58430018	0.246721	0.081959	0.063269	0.136626
Superscaffold5	58430077	58825851	-0.183394	-0.065514	-0.041437	-0.108603
Superscaffold5	58825890	59061251	0.147978	0.104779	0.053148	0.064585
Superscaffold5	59061272	59385964	0.153491	0.073507	0.044412	0.084472
Superscaffold5	59386101	59867019	-0.013154	-0.008096	-0.004152	-0.007868
Superscaffold5	59867041	60234563	-0.033973	-0.018198	-0.010205	-0.013847
Superscaffold5	60234656	60714369	0.019884	0.009091	0.005899	0.008353
Superscaffold5	60715119	61326461	-0.026349	-0.008537	-0.006518	-0.016249
Superscaffold5	61326463	61560131	-0.103688	-0.058571	-0.039085	-0.063441
Superscaffold5	61568034	61962280	-0.063510	-0.025308	-0.015751	-0.035979
Superscaffold5	61962281	62271805	0.059412	0.028142	0.017287	0.027916
Superscaffold5	62271831	62458633	-0.054480	-0.025024	-0.018365	-0.030454
Superscaffold5	62458721	62867644	-0.167143	-0.052950	-0.037131	-0.083417
Superscaffold5	62867986	63174043	-0.118925	-0.085099	-0.053665	-0.060248
Superscaffold5	63174121	63392010	0.012628	0.007449	0.005214	0.003691
Superscaffold5	63392012	63590703	-0.102098	-0.072430	-0.035631	-0.050935
Superscaffold5	63590704	63762792	0.090259	0.064294	0.037675	0.042738
Superscaffold5	63762801	63871783	0.370668	0.316294	0.216740	0.251970
Superscaffold5	63871918	64201176	0.130966	0.093261	0.041247	0.060843
Superscaffold5	64201181	64747630	-0.033124	-0.017664	-0.011408	-0.011743
Superscaffold5	64747652	65012927	0.029963	0.016740	0.009844	0.011557
Superscaffold5	65013025	65308098	-0.000344	-0.000160	-0.000083	0.000621
Superscaffold5	65308333	65646556	-0.084957	-0.030938	-0.020829	-0.041262
Superscaffold5	65646604	66066669	0.330360	0.144167	0.087756	0.208841
Superscaffold5	66067241	66428415	-0.094768	-0.050582	-0.026600	-0.048382
Superscaffold5	66428494	66746860	-0.042623	-0.021510	-0.014493	-0.022776
Superscaffold5	66746866	67005846	-0.015684	-0.010697	-0.007316	-0.010462
Superscaffold5	67005874	67315256	-0.076686	-0.035085	-0.021641	-0.034151
Superscaffold5	67315269	68060856	0.392937	0.154399	0.109280	0.217771
Superscaffold5	68061016	68483404	-0.306139	-0.187902	-0.108097	-0.161339
Superscaffold5	68483419	68752975	-0.309658	-0.234947	-0.133511	-0.169401
Superscaffold5	68752998	69634732	-0.151705	-0.126364	-0.073951	-0.056957
Superscaffold5	69634767	69902699	0.019187	0.014957	0.009361	0.007465
Superscaffold5	69902757	70127333	0.120817	0.110808	0.064705	0.057417
Superscaffold5	70127334	70713118	0.040968	0.025992	0.015124	0.022625
Superscaffold5	70713237	71183523	-0.293964	-0.199166	-0.105760	-0.179408
Superscaffold5	71183530	71401216	-0.119265	-0.089187	-0.049645	-0.057901
Superscaffold5	71401231	71673852	0.004186	0.004001	0.002360	0.001673
Superscaffold5	71673895	72144899	-0.044559	-0.034674	-0.021940	-0.021087
Superscaffold5	72144908	72343745	0.117925	0.096707	0.056685	0.049058
Superscaffold5	72343764	72728971	-0.173793	-0.133618	-0.079280	-0.089942
Superscaffold5	72728996	73033948	-0.204637	-0.250978	-0.107714	-0.105552
Superscaffold5	73033983	73193960	-0.011524	-0.010513	-0.004979	-0.005498
Superscaffold5	73194047	73380670	-0.112792	-0.061613	-0.039862	-0.059991
Superscaffold5	73380767	73737356	0.427832	0.262041	0.169826	0.263992
Superscaffold5	73737359	74023044	0.440790	0.183254	0.139419	0.202521
Superscaffold5	74023075	74372800	0.007630	0.004111	0.002619	0.004436
Superscaffold5	74372871	74694130	-0.080288	-0.042710	-0.027340	-0.051664
Superscaffold5	74694289	74986074	0.120322	0.072702	0.042553	0.059392
Superscaffold5	74986096	75420093	0.096094	0.077400	0.042103	0.051602
Superscaffold5	75420398	75655131	0.352838	0.333970	0.191782	0.245031
Superscaffold5	75655202	75912638	-0.058437	-0.054868	-0.031559	-0.034984
Superscaffold5	75913111	76076979	0.055234	0.050893	0.028708	0.027425
Superscaffold5	76076991	76247992	-0.244187	-0.265016	-0.148435	-0.152790
Superscaffold5	76248100	76372711	-0.144411	-0.167827	-0.087109	-0.079788
Superscaffold5	76372837	76620378	0.180323	0.086754	0.054505	0.068879
Superscaffold5	76620425	76763605	0.207194	0.194803	0.136539	0.124545
Superscaffold5	76763633	77021243	-0.147359	-0.108797	-0.058038	-0.055598
Superscaffold5	77021246	77206045	-0.048297	-0.038286	-0.021175	-0.029855
Superscaffold5	77206056	77319337	0.557363	0.555192	0.285111	0.398041
Superscaffold5	77319344	77677703	-0.131897	-0.133791	-0.075473	-0.065631
Superscaffold5	77677737	77797595	0.010995	0.017303	0.008282	0.004498
Superscaffold5	77797606	77966389	0.184178	0.218884	0.112353	0.110680
Superscaffold5	77966390	78175141	0.040988	0.024753	0.014627	0.010713
Superscaffold5	78175363	78309616	0.062637	0.044910	0.024354	0.026992
Superscaffold5	78309973	78776673	-0.094382	-0.035955	-0.022563	-0.047850
Superscaffold5	78776755	78981901	0.414650	0.211301	0.144827	0.300479
Superscaffold5	78981979	79214728	-0.175367	-0.163377	-0.089563	-0.083092
Superscaffold5	79214753	79428514	-0.128566	-0.117010	-0.067529	-0.085873
Superscaffold5	79429288	79644223	0.384678	0.268338	0.176344	0.228371
Superscaffold5	79644226	79961880	-0.029969	-0.028039	-0.013807	-0.016311
Superscaffold5	79961889	80142675	0.312931	0.308291	0.173428	0.192521
Superscaffold5	80142739	80279714	0.057500	0.064706	0.039168	0.033799
Superscaffold5	80279732	80524336	-0.171497	-0.139837	-0.084765	-0.092456
Superscaffold5	80524364	80827440	0.505127	0.338352	0.212477	0.345661
Superscaffold5	80827485	80987013	-0.273024	-0.352496	-0.152971	-0.171900
Superscaffold5	80987015	81292008	-0.099642	-0.095554	-0.049984	-0.050356
Superscaffold5	81292010	81526109	-0.030360	-0.036361	-0.018485	-0.016246
Superscaffold5	81526120	81757319	-0.105287	-0.115479	-0.058184	-0.061663
Superscaffold5	81757345	81933278	-0.095597	-0.094371	-0.055370	-0.046853
Superscaffold5	81933312	82218626	-0.099037	-0.099736	-0.043099	-0.050023
Superscaffold5	82218635	82386574	-0.139366	-0.111425	-0.069822	-0.086124
Superscaffold6	136690	320373	-0.076330	-0.081503	-0.046767	-0.033839
Superscaffold6	320457	514593	-0.088967	-0.095914	-0.054630	-0.048205
Superscaffold6	514623	658664	-0.029188	-0.035628	-0.013237	-0.015412
Superscaffold6	658766	928687	-0.174334	-0.124664	-0.084400	-0.087780
Superscaffold6	928694	1072563	0.033571	0.046962	0.027735	0.014917
Superscaffold6	1072566	1239113	0.021843	0.023290	0.012983	0.005332
Superscaffold6	1239145	1390016	-0.061679	-0.076134	-0.043332	-0.029995
Superscaffold6	1390104	1615833	-0.562811	-0.657771	-0.274233	-0.308360
Superscaffold6	1615916	1940612	-0.284272	-0.174644	-0.108703	-0.126342
Superscaffold6	1940934	2148905	0.089698	0.087016	0.048915	0.043949
Superscaffold6	2149134	2346160	-0.074572	-0.060085	-0.034602	-0.035521
Superscaffold6	2346167	2559273	0.020236	0.018875	0.009740	0.011846
Superscaffold6	2559312	2828490	-0.126805	-0.082377	-0.046732	-0.060217
Superscaffold6	2828500	3125345	-0.049929	-0.030744	-0.017460	-0.024079
Superscaffold6	3125357	3425351	-0.001583	-0.000640	-0.000450	-0.000247
Superscaffold6	3425360	3710340	0.041433	0.026412	0.014486	0.025673
Superscaffold6	3710342	3929629	-0.212733	-0.101203	-0.064700	-0.097028
Superscaffold6	3929729	4475783	-0.009864	-0.006513	-0.003958	-0.006046
Superscaffold6	4475807	4874008	-0.051304	-0.036470	-0.021131	-0.032997
Superscaffold6	4874037	5032580	-0.299804	-0.179168	-0.111326	-0.197214
Superscaffold6	5032604	5287502	0.100391	0.061678	0.040296	0.050486
Superscaffold6	5287536	5494150	-0.278656	-0.183681	-0.113319	-0.116405
Superscaffold6	5494155	5753395	0.082740	0.041993	0.027588	0.038932
Superscaffold6	5753416	6232177	0.322670	0.156574	0.099054	0.193565
Superscaffold6	6232191	6523228	-0.093458	-0.043257	-0.029034	-0.053266
Superscaffold6	6523322	6716879	-0.143959	-0.076776	-0.047289	-0.100547
Superscaffold6	6716919	6914527	-0.239279	-0.141299	-0.094913	-0.136775
Superscaffold6	6914736	7060600	-0.262701	-0.237266	-0.164593	-0.187221
Superscaffold6	7060643	7384593	-0.206802	-0.100900	-0.066683	-0.114837
Superscaffold6	7387156	7692988	-0.126683	-0.077673	-0.048589	-0.076232
Superscaffold6	7693977	8008482	-0.246269	-0.110106	-0.067482	-0.138876
Superscaffold6	8008513	8187438	-0.031446	-0.017159	-0.012206	-0.014957
Superscaffold6	8187441	8347322	-0.060493	-0.036591	-0.026564	-0.020700
Superscaffold6	8347357	8488123	-0.118739	-0.111670	-0.062096	-0.058352
Superscaffold6	8488240	8799739	0.026985	0.016968	0.010872	0.012202
Superscaffold6	8799828	9176371	0.093317	0.081534	0.034210	0.057639
Superscaffold6	9176387	9412231	0.396272	0.304088	0.190512	0.295452
Superscaffold6	9412445	9717546	0.006322	0.003135	0.001930	0.003650
Superscaffold6	9718943	10055626	-0.142826	-0.058499	-0.040018	-0.082059
Superscaffold6	10055761	10415103	-0.375804	-0.152879	-0.094577	-0.233524
Superscaffold6	10415187	10640603	-0.095943	-0.060563	-0.033348	-0.046809
Superscaffold6	10640618	11276312	-0.039557	-0.027054	-0.014608	-0.020777
Superscaffold6	11276329	11447080	-0.063442	-0.052617	-0.029503	-0.043205
Superscaffold6	11447147	11824414	-0.075651	-0.019817	-0.014844	-0.032122
Superscaffold6	11824483	12125130	-0.013283	-0.008913	-0.006023	-0.007098
Superscaffold6	12125182	12629670	-0.213163	-0.067044	-0.046023	-0.108543
Superscaffold6	12629809	13152033	0.042485	0.014285	0.010130	0.017970
Superscaffold6	13152058	13631101	-0.067403	-0.029532	-0.016344	-0.042756
Superscaffold6	13631167	14010204	-0.051995	-0.016722	-0.011320	-0.027034
Superscaffold6	14010215	14365360	0.047525	0.027847	0.016485	0.022137
Superscaffold6	14365392	14586728	0.189496	0.118164	0.068489	0.096604
Superscaffold6	14586730	14884189	0.354496	0.184280	0.119888	0.162949
Superscaffold6	14884373	15113640	-0.278405	-0.142262	-0.093210	-0.155604
Superscaffold6	15113667	15419119	-0.021323	-0.012125	-0.005769	-0.014413
Superscaffold6	15419168	15846830	-0.238518	-0.065694	-0.041419	-0.125018
Superscaffold6	15846860	16049482	-0.489626	-0.219829	-0.135366	-0.307010
Superscaffold6	16049495	16381942	-0.078361	-0.016511	-0.013035	-0.032004
Superscaffold6	16381987	16810799	0.120889	0.017618	0.014072	0.030588
Superscaffold6	16810908	17394139	-0.045660	-0.013270	-0.009095	-0.019072
Superscaffold6	17394148	17703384	0.405371	0.140478	0.093628	0.242864
Superscaffold6	17703445	18327019	-0.036641	-0.010601	-0.007332	-0.022909
Superscaffold6	18327052	18537286	-0.139193	-0.058219	-0.041539	-0.080343
Superscaffold6	18537403	18890620	0.213897	0.060090	0.046309	0.115462
Superscaffold6	18890629	19414861	-0.072166	-0.019205	-0.012087	-0.031046
Superscaffold6	19414866	19740292	-0.072190	-0.032221	-0.018707	-0.040108
Superscaffold6	19740376	20086192	-0.118962	-0.057475	-0.037920	-0.077647
Superscaffold6	20086356	20382774	-0.016515	-0.005261	-0.003644	-0.010690
Superscaffold6	20382788	20628543	0.135790	0.058893	0.041780	0.083179
Superscaffold6	20628626	20936668	-0.167961	-0.066979	-0.042137	-0.108596
Superscaffold6	20936832	21283637	-0.425237	-0.196751	-0.120304	-0.249213
Superscaffold6	21283646	21758117	-0.137209	-0.030945	-0.023373	-0.062648
Superscaffold6	21758118	22277914	-0.090158	-0.033525	-0.022499	-0.041036
Superscaffold6	22278059	22532367	0.145633	0.049505	0.026642	0.060941
Superscaffold6	22532801	22972037	0.246345	0.102487	0.059295	0.172523
Superscaffold6	22972094	23393428	0.051412	0.017828	0.011715	0.027417
Superscaffold6	23393881	24144413	-0.133351	-0.029349	-0.019422	-0.081240
Superscaffold6	24144499	24497488	-0.375907	-0.162961	-0.106759	-0.257863
Superscaffold6	24497504	25121622	-0.343930	-0.144348	-0.080284	-0.234208
Superscaffold6	25121685	25463631	-0.101633	-0.050639	-0.032648	-0.036008
Superscaffold6	25463632	25769244	-0.099324	-0.045218	-0.031679	-0.058203
Superscaffold6	25769262	26296806	0.046049	0.011541	0.007766	0.029285
Superscaffold6	26296972	26638431	0.229347	0.071631	0.054519	0.117244
Superscaffold6	26638462	27066849	0.117403	0.031641	0.024085	0.078146
Superscaffold6	27066873	27357680	0.250792	0.114168	0.073291	0.126708
Superscaffold6	27357686	27825843	0.021173	0.005137	0.003579	0.010704
Superscaffold6	27825844	28193616	-0.023151	-0.006365	-0.005112	-0.009337
Superscaffold6	28193778	28628986	0.248629	0.064884	0.047391	0.121705
Superscaffold6	28629364	28943211	0.103933	0.040176	0.027390	0.072398
Superscaffold6	28943213	29191248	0.050404	0.022036	0.016296	0.020547
Superscaffold6	29191259	29692714	-0.119083	-0.043016	-0.028213	-0.067792
Superscaffold6	29692742	29946648	-0.188628	-0.146451	-0.077025	-0.120033
Superscaffold6	29946802	30561350	-0.018793	-0.006691	-0.004530	-0.011560
Superscaffold6	30561564	31005287	0.038829	0.014437	0.010215	0.016968
Superscaffold6	31005685	31256176	-0.553618	-0.356889	-0.207514	-0.322089
Superscaffold6	31256238	31457795	0.265324	0.174602	0.101337	0.151984
Superscaffold6	31457832	31681170	0.099117	0.064884	0.039972	0.049863
Superscaffold6	31681171	31909486	-0.224785	-0.124133	-0.078134	-0.129747
Superscaffold6	31909510	32085121	-0.394793	-0.152314	-0.101092	-0.232905
Superscaffold6	32085741	32302788	-0.471638	-0.242317	-0.148262	-0.312231
Superscaffold6	32302796	32611973	-0.314611	-0.073768	-0.054835	-0.156747
Superscaffold6	32611979	32827521	-0.079236	-0.041844	-0.026909	-0.035651
Superscaffold6	32827609	33018283	0.222798	0.182968	0.100574	0.121027
Superscaffold6	33018292	33437833	0.302141	0.250569	0.124465	0.173012
Superscaffold6	33437834	33850811	0.113178	0.056561	0.037110	0.059913
Superscaffold6	33850812	34221505	0.107081	0.040512	0.027823	0.057949
Superscaffold6	34221572	34609604	-0.341365	-0.133902	-0.082814	-0.217471
Superscaffold6	34609868	35019640	-0.440729	-0.327951	-0.157444	-0.303048
Superscaffold6	35020133	35358029	-0.355485	-0.215089	-0.118515	-0.198291
Superscaffold6	35358040	35782170	-0.090853	-0.060581	-0.031117	-0.050772
Superscaffold6	35782178	36002309	-0.051363	-0.036649	-0.018468	-0.024526
Superscaffold6	36002363	36312711	-0.231510	-0.086719	-0.056725	-0.132857
Superscaffold6	36312816	36635776	-0.429863	-0.195470	-0.114629	-0.261484
Superscaffold6	36635777	36961437	-0.007344	-0.002596	-0.001658	-0.003865
Superscaffold6	36963378	37382858	-0.212365	-0.083943	-0.048689	-0.137616
Superscaffold6	37383410	37797272	0.240036	0.122860	0.079248	0.141312
Superscaffold6	37797337	38117671	0.086541	0.060141	0.029556	0.046883
Superscaffold6	38117806	38386445	0.079323	0.053454	0.027633	0.046025
Superscaffold6	38386989	38788331	-0.203310	-0.058756	-0.039274	-0.110506
Superscaffold6	38790728	39111642	-0.297232	-0.117101	-0.076034	-0.171449
Superscaffold6	39111669	39412636	-0.354391	-0.164617	-0.100808	-0.235472
Superscaffold6	39412689	39674608	0.072231	0.043181	0.029427	0.029899
Superscaffold6	39674623	39953079	0.083738	0.036317	0.021964	0.038619
Superscaffold6	39953093	40366711	0.167743	0.065732	0.047637	0.103281
Superscaffold6	40366736	40787737	-0.312347	-0.209649	-0.117340	-0.174724
Superscaffold6	40787790	41108581	0.176692	0.121372	0.076269	0.095232
Superscaffold6	41108682	41403545	-0.162669	-0.074723	-0.051582	-0.082041
Superscaffold6	41403727	41650888	-0.221015	-0.140038	-0.067939	-0.110474
Superscaffold6	41650908	42007107	-0.135729	-0.046706	-0.028483	-0.035810
Superscaffold6	42007233	42199207	-0.268193	-0.258214	-0.146486	-0.132601
Superscaffold6	42199213	42558314	0.065973	0.037420	0.023310	0.029468
Superscaffold6	42558336	42843990	-0.014541	-0.009088	-0.005487	-0.008650
Superscaffold6	42844015	43019603	-0.083808	-0.065799	-0.039331	-0.035769
Superscaffold6	43019881	43333838	-0.080344	-0.045814	-0.028753	-0.037268
Superscaffold6	43333853	43548251	-0.136914	-0.084636	-0.056266	-0.073961
Superscaffold6	43548260	43837913	-0.234926	-0.132246	-0.083645	-0.101744
Superscaffold6	43837928	44140582	-0.088622	-0.034647	-0.022564	-0.037946
Superscaffold6	44140610	44367919	-0.300070	-0.173592	-0.104839	-0.145391
Superscaffold6	44367969	44612256	-0.355329	-0.214367	-0.111359	-0.225347
Superscaffold6	44612334	44954103	-0.043090	-0.017764	-0.013349	-0.017142
Superscaffold6	44954139	45310624	0.002933	0.001018	0.000748	-0.000948
Superscaffold6	45310750	45553340	-0.224383	-0.113444	-0.066382	-0.116541
Superscaffold6	45553485	45769865	0.039988	0.027081	0.018218	0.022061
Superscaffold6	45770034	45960819	0.154076	0.100247	0.071755	0.083087
Superscaffold6	45960823	46224342	-0.051443	-0.051284	-0.026091	-0.023557
Superscaffold6	46224355	46403075	-0.031069	-0.025327	-0.015133	-0.016385
Superscaffold6	46403120	46543400	-0.057068	-0.075039	-0.038918	-0.027398
Superscaffold6	46543420	46939890	-0.018220	-0.010071	-0.006723	-0.005764
Superscaffold6	46940031	47222259	0.009990	0.004474	0.003157	0.004673
Superscaffold6	47222270	47518643	-0.034991	-0.019496	-0.013538	-0.013183
Superscaffold6	47518691	47758843	-0.331540	-0.148006	-0.099832	-0.159601
Superscaffold6	47758921	48337411	0.006698	0.005296	0.002749	-0.000346
Superscaffold6	48337447	48759817	-0.096768	-0.048206	-0.025761	-0.034185
Superscaffold6	48759829	48908440	-0.063934	-0.061345	-0.039379	-0.035399
Superscaffold6	48908455	49114013	0.104010	0.054539	0.037426	0.042920
Superscaffold6	49114018	49386250	-0.091466	-0.079165	-0.035072	-0.045466
Superscaffold6	49386279	49516402	-0.114120	-0.101857	-0.052122	-0.049341
Superscaffold6	49516423	49873972	-0.093537	-0.041802	-0.025353	-0.032232
Superscaffold6	49874083	50145916	0.164943	0.127693	0.068942	0.083155
Superscaffold6	50145947	50387784	-0.019436	-0.014601	-0.008764	-0.009157
Superscaffold6	50387802	50702852	0.061248	0.027516	0.018722	0.023998
Superscaffold6	50702896	50961161	-0.167743	-0.093063	-0.053856	-0.110493
Superscaffold6	50961168	51224456	0.082690	0.044326	0.029776	0.037962
Superscaffold6	51224724	51779954	-0.147113	-0.096437	-0.054710	-0.092367
Superscaffold6	51780008	52042888	-0.116452	-0.067327	-0.043138	-0.058676
Superscaffold6	52042891	52272420	-0.125990	-0.078835	-0.046694	-0.060249
Superscaffold6	52275999	52470963	-0.198187	-0.163412	-0.097680	-0.104095
Superscaffold6	52470965	52634280	-0.179709	-0.157373	-0.090641	-0.098248
Superscaffold6	52634317	52846332	0.041621	0.034930	0.020300	0.018990
Superscaffold6	52846339	53095552	0.013853	0.008281	0.004957	0.008255
Superscaffold6	53095575	53370554	-0.069476	-0.047711	-0.026267	-0.043936
Superscaffold7	20993	214214	0.105591	0.132425	0.079302	0.047676
Superscaffold7	214273	408499	0.287248	0.367921	0.215071	0.156219
Superscaffold7	408610	550486	-0.008181	-0.015890	-0.005787	-0.000501
Superscaffold7	550528	671152	0.010929	0.018120	0.007963	0.006311
Superscaffold7	671189	986069	-0.102571	-0.140423	-0.067435	-0.049256
Superscaffold7	986124	1095293	-0.006689	-0.010439	-0.005257	-0.004499
Superscaffold7	1095312	1220000	0.015103	0.025931	0.011953	0.008662
Superscaffold7	1220001	1342137	-0.077460	-0.113640	-0.055044	-0.040795
Superscaffold7	1342139	1507225	0.024015	0.022024	0.012683	0.014260
Superscaffold7	1507226	1630800	-0.063933	-0.078105	-0.041970	-0.035816
Superscaffold7	1630818	1781644	-0.009800	-0.008795	-0.005400	-0.005316
Superscaffold7	1781653	1929414	-0.123876	-0.225256	-0.094634	-0.060348
Superscaffold7	1929448	2233233	0.070449	0.066201	0.034755	0.041095
Superscaffold7	2233601	2748902	0.223925	0.184312	0.112393	0.144220
Superscaffold7	2748903	2972923	-0.080249	-0.049311	-0.032298	-0.045442
Superscaffold7	2972929	3202475	-0.166129	-0.101079	-0.053767	-0.102461
Superscaffold7	3202500	3411048	-0.482609	-0.448224	-0.226485	-0.334237
Superscaffold7	3411061	3690485	0.046785	0.060294	0.032212	0.024062
Superscaffold7	3690535	3883881	0.008000	0.007983	0.005062	0.000711
Superscaffold7	3883884	4190649	0.383888	0.256475	0.175867	0.215891
Superscaffold7	4190792	4405607	-0.012602	-0.013078	-0.007728	-0.003716
Superscaffold7	4405633	4567451	0.151328	0.220031	0.104640	0.071758
Superscaffold7	4567470	4681491	-0.020886	-0.019284	-0.010519	-0.008293
Superscaffold7	4681506	4822632	-0.161200	-0.248529	-0.126075	-0.083655
Superscaffold7	4822665	4957783	-0.004844	-0.006226	-0.003724	-0.004553
Superscaffold7	4957844	5164117	-0.006883	-0.006860	-0.003841	-0.004520
Superscaffold7	5164137	5268440	0.109402	0.146295	0.086999	0.055913
Superscaffold7	5268443	5389777	0.113706	0.162251	0.092572	0.061118
Superscaffold7	5389863	5568716	0.140651	0.197638	0.090711	0.073298
Superscaffold7	5568733	5670560	0.205657	0.231715	0.133141	0.104139
Superscaffold7	5670632	5776927	0.041728	0.066724	0.033136	0.021139
Superscaffold7	5776931	5955395	0.023093	0.033728	0.018341	0.011815
Superscaffold7	5955426	6059967	0.272795	0.411646	0.218698	0.153022
Superscaffold7	6059987	6170194	0.056003	0.081983	0.044426	0.026378
Superscaffold7	6170195	6314724	0.000878	0.001102	0.000673	-0.003073
Superscaffold7	6314733	6737636	0.077035	0.056660	0.034944	0.038547
Superscaffold7	6737649	7180965	0.130448	0.105058	0.067888	0.071266
Superscaffold7	7180979	7394431	-0.001256	-0.000953	-0.000588	-0.000467
Superscaffold7	7394696	7523910	0.019706	0.023432	0.012184	0.009313
Superscaffold7	7523914	7738779	-0.069359	-0.053886	-0.030720	-0.038589
Superscaffold7	7738792	7865227	-0.128677	-0.196367	-0.090851	-0.056411
Superscaffold7	7865308	8097985	0.100857	0.079226	0.051791	0.048428
Superscaffold7	8097996	8279678	0.080168	0.052087	0.034591	0.039420
Superscaffold7	8279829	8418085	-0.066837	-0.060034	-0.036288	-0.049341
Superscaffold7	8418153	9023481	0.305978	0.171847	0.110156	0.144388
Superscaffold7	9023497	9187960	0.145165	0.118838	0.069935	0.072376
Superscaffold7	9188015	9463346	-0.044276	-0.071526	-0.030031	-0.020166
Superscaffold7	9463347	9937722	-0.098328	-0.081848	-0.045664	-0.056916
Superscaffold7	9937770	10151040	-0.026583	-0.016339	-0.009997	-0.014171
Superscaffold7	10151168	10266831	0.206301	0.166713	0.087178	0.115213
Superscaffold7	10266887	10419152	0.087737	0.085810	0.048602	0.046114
Superscaffold7	10419253	10531351	0.042728	0.051322	0.026337	0.018249
Superscaffold7	10531396	10807090	-0.237518	-0.221908	-0.104464	-0.160504
Superscaffold7	10807120	11004024	0.156053	0.163697	0.106918	0.074956
Superscaffold7	11004025	11193081	0.050622	0.045830	0.025250	0.023543
Superscaffold7	11193090	11443994	0.155427	0.071490	0.047911	0.076230
Superscaffold7	11444004	11615306	0.270440	0.196894	0.113760	0.107971
Superscaffold7	11615325	11752000	-0.306062	-0.278780	-0.160519	-0.139121
Superscaffold7	11752028	11929780	0.058094	0.034094	0.025115	0.017659
Superscaffold7	11929782	12191184	0.158715	0.104696	0.064988	0.062799
Superscaffold7	12191257	12440613	0.101832	0.085298	0.053944	0.045747
Superscaffold7	12440633	12643804	0.022172	0.017478	0.010063	0.009359
Superscaffold7	12643838	12844834	-0.400616	-0.178789	-0.111120	-0.134335
Superscaffold7	12844836	13119307	0.063748	0.045032	0.026822	0.020827
Superscaffold7	13119323	13393653	-0.047730	-0.032027	-0.018547	-0.018252
Superscaffold7	13393668	14139418	-0.045530	-0.028032	-0.018806	-0.018296
Superscaffold7	14140217	14413510	-0.014362	-0.013982	-0.008903	-0.006638
Superscaffold7	14413532	14706461	-0.105958	-0.049413	-0.035361	-0.053883
Superscaffold7	14706488	14930175	0.059518	0.038344	0.021871	0.040226
Superscaffold7	14930344	15499827	0.105440	0.024534	0.016361	0.032073
Superscaffold7	15500638	16039709	-0.016291	-0.007295	-0.004694	-0.006407
Superscaffold7	16039717	16268442	0.058946	0.041676	0.024202	0.022075
Superscaffold7	16268500	16451236	-0.241090	-0.137564	-0.084476	-0.162558
Superscaffold7	16451657	16752083	-0.132186	-0.081394	-0.053441	-0.063482
Superscaffold7	16752145	17014276	-0.186489	-0.137039	-0.087401	-0.072051
Superscaffold7	17014300	17252502	-0.405689	-0.154957	-0.103651	-0.268112
Superscaffold7	17252527	17567955	-0.211079	-0.035569	-0.028124	-0.078534
Superscaffold7	17568073	17815724	-0.257322	-0.148056	-0.087464	-0.192056
Superscaffold7	17815774	18058360	-0.230326	-0.069543	-0.052165	-0.069589
Superscaffold7	18058419	18413090	-0.127696	-0.038963	-0.026293	-0.049243
Superscaffold7	18413316	18846431	-0.133474	-0.022854	-0.019380	-0.031155
Superscaffold7	18846497	19102574	-0.029992	-0.008527	-0.005706	-0.006692
Superscaffold7	19102575	19469300	-0.252236	-0.071233	-0.051474	-0.167239
Superscaffold7	19469357	19628765	-0.149032	-0.100739	-0.065305	-0.082718
Superscaffold7	19628825	19965488	-0.087681	-0.032375	-0.021655	-0.029141
Superscaffold7	19965604	20173607	-0.443984	-0.201641	-0.138239	-0.223905
Superscaffold7	20173611	20396840	-0.424890	-0.133389	-0.097714	-0.163937
Superscaffold7	20397081	20678302	-0.267627	-0.061924	-0.042745	-0.131987
Superscaffold7	20678317	21153699	-0.118146	-0.029839	-0.020692	-0.062059
Superscaffold7	21154316	21439621	-0.116615	-0.038180	-0.027751	-0.058663
Superscaffold7	21439708	21698293	-0.116796	-0.046192	-0.030223	-0.062208
Superscaffold7	21698377	22159548	-0.196550	-0.076761	-0.048885	-0.125337
Superscaffold7	22159550	22734611	0.066563	0.019620	0.014987	0.038810
Superscaffold7	22735337	23083424	0.037990	0.011243	0.008690	0.017134
Superscaffold7	23083619	23252928	0.286156	0.241198	0.122217	0.168534
Superscaffold7	23253109	23451987	-0.112359	-0.094207	-0.037649	-0.065462
Superscaffold7	23452066	23736840	0.024472	0.017980	0.010343	0.013623
Superscaffold7	23737196	24026877	-0.012710	-0.007835	-0.004990	-0.003267
Superscaffold7	24026938	24253443	-0.175222	-0.140157	-0.083534	-0.093922
Superscaffold7	24253481	24528305	-0.063881	-0.034589	-0.022214	-0.029365
Superscaffold7	24528625	24676298	-0.276610	-0.153081	-0.088120	-0.195057
Superscaffold7	24676304	24801177	0.242851	0.158732	0.091092	0.138664
Superscaffold7	24801426	24981857	-0.096632	-0.079144	-0.044805	-0.045352
Superscaffold7	24982290	25262918	-0.357735	-0.241928	-0.134846	-0.221222
Superscaffold7	25262977	25398833	0.031256	0.028251	0.017453	0.012117
Superscaffold7	25398849	25614810	-0.075113	-0.034735	-0.023013	-0.022668
Superscaffold7	25614819	25831025	0.102436	0.073323	0.042028	0.042288
Superscaffold7	25831455	26488394	0.137266	0.047019	0.030949	0.061976
Superscaffold7	26488397	26831172	0.091123	0.032245	0.020893	0.036889
Superscaffold7	26832160	27135541	-0.056062	-0.025643	-0.018562	-0.028742
Superscaffold7	27135568	27318287	-0.105912	-0.054938	-0.035712	-0.038282
Superscaffold7	27318317	27510541	-0.079728	-0.080803	-0.048021	-0.037631
Superscaffold7	27510543	27787270	-0.054896	-0.043059	-0.021341	-0.020866
Superscaffold7	27787356	28011939	0.279508	0.198224	0.114958	0.152853
Superscaffold7	28011947	28213663	-0.130011	-0.092020	-0.046709	-0.062958
Superscaffold7	28213731	28391142	0.321724	0.279396	0.132754	0.197490
Superscaffold7	28391148	28672763	-0.036556	-0.019081	-0.012341	-0.019904
Superscaffold7	28672828	29070722	0.002314	0.000649	0.000509	-0.000701
Superscaffold7	29070758	29387842	0.097226	0.049414	0.033292	0.051379
Superscaffold7	29387941	29670140	-0.020824	-0.014776	-0.008347	-0.012706
Superscaffold7	29670154	29851258	-0.056142	-0.038014	-0.021462	-0.021884
Superscaffold7	29851328	30063439	0.086623	0.047643	0.029819	0.034172
Superscaffold7	30063763	30271292	-0.103122	-0.058070	-0.040443	-0.042068
Superscaffold7	30271370	30519229	0.033787	0.026300	0.016705	0.018693
Superscaffold7	30519243	30854581	-0.203051	-0.060430	-0.044567	-0.085124
Superscaffold7	30854628	31155130	-0.094076	-0.038293	-0.026138	-0.047909
Superscaffold7	31155143	31742276	-0.178057	-0.096213	-0.062366	-0.105007
Superscaffold7	31742279	31953457	0.029152	0.015833	0.009399	0.017170
Superscaffold7	31953459	32326074	0.171174	0.059099	0.036688	0.082305
Superscaffold7	32326150	32584014	-0.152451	-0.069317	-0.040830	-0.083706
Superscaffold7	32584266	32982064	-0.108061	-0.037871	-0.026731	-0.046779
Superscaffold7	32982070	33265856	-0.170286	-0.092727	-0.053527	-0.088552
Superscaffold7	33266248	33444260	-0.251677	-0.231489	-0.112482	-0.161128
Superscaffold7	33444356	33642446	0.184207	0.152092	0.091114	0.104687
Superscaffold7	33642487	33818940	-0.078703	-0.074270	-0.044978	-0.040492
Superscaffold7	33819197	34129383	-0.279693	-0.134717	-0.082987	-0.159738
Superscaffold7	34129416	34403902	-0.206625	-0.091786	-0.062164	-0.083074
Superscaffold7	34403904	34596891	-0.226285	-0.202705	-0.102897	-0.129421
Superscaffold7	34596905	34757882	0.016063	0.013720	0.008206	0.007543
Superscaffold7	34757907	34991511	-0.031962	-0.017536	-0.011764	-0.017516
Superscaffold7	34991759	35485724	0.374922	0.235032	0.140900	0.251972
Superscaffold7	35485750	35757656	-0.185376	-0.077893	-0.051677	-0.114164
Superscaffold7	35757675	36030086	-0.173103	-0.076482	-0.050213	-0.087319
Superscaffold7	36030145	36312385	-0.073415	-0.032276	-0.022507	-0.035561
Superscaffold7	36312821	36608033	-0.281262	-0.142962	-0.087586	-0.169213
Superscaffold7	36608076	36827884	0.066699	0.047622	0.027196	0.045253
Superscaffold7	36827935	37169036	-0.141148	-0.103822	-0.061374	-0.086425
Superscaffold7	37169219	37445950	0.074271	0.044966	0.026854	0.043245
Superscaffold7	37445978	37712265	0.022703	0.009787	0.005587	0.007923
Superscaffold7	37712589	38116767	-0.306417	-0.066227	-0.050479	-0.180436
Superscaffold7	38116913	38363189	-0.066221	-0.027342	-0.019726	-0.031116
Superscaffold7	38363197	38635582	-0.183453	-0.076965	-0.050446	-0.084022
Superscaffold7	38635784	38889107	-0.113834	-0.057694	-0.038949	-0.051996
Superscaffold7	38889240	39014362	-0.050176	-0.043563	-0.027133	-0.022077
Superscaffold7	39014438	39176879	0.035927	0.026756	0.016275	0.017922
Superscaffold7	39177067	39370955	-0.075277	-0.043451	-0.024917	-0.038475
Superscaffold7	39371454	39626581	-0.187308	-0.118990	-0.072987	-0.097662
Superscaffold7	39626823	39793257	-0.252810	-0.223850	-0.117035	-0.127534
Superscaffold7	39793282	40320226	-0.009368	-0.004877	-0.003066	-0.005121
Superscaffold7	40320260	40641745	-0.242078	-0.114096	-0.068596	-0.139943
Superscaffold7	40641973	41065298	0.033412	0.012744	0.007896	0.023119
Superscaffold7	41065399	41565090	-0.137257	-0.084599	-0.051173	-0.078580
Superscaffold7	41565101	41753120	-0.134592	-0.092127	-0.056719	-0.072388
Superscaffold7	41753627	41956568	-0.096141	-0.062624	-0.040066	-0.045489
Superscaffold7	41956577	42127070	0.025601	0.019638	0.011585	0.016056
Superscaffold7	42127082	42314254	-0.090646	-0.070879	-0.041539	-0.043396
Superscaffold7	42314266	42515715	-0.004226	-0.002872	-0.002078	-0.002307
Superscaffold7	42515759	42723723	-0.188814	-0.149919	-0.091806	-0.096644
Superscaffold7	42723951	43136393	-0.222172	-0.153574	-0.082866	-0.103232
Superscaffold7	43136395	43310497	0.009610	0.006931	0.004170	0.006192
Superscaffold7	43310523	43721340	-0.109848	-0.067667	-0.042676	-0.054566
Superscaffold7	43721473	43915240	-0.233066	-0.183788	-0.109862	-0.120866
Superscaffold7	43915246	44068084	0.008835	0.007356	0.004574	0.005230
Superscaffold7	44068100	44250294	-0.143406	-0.097925	-0.060632	-0.076673
Superscaffold7	44250299	44459577	-0.012639	-0.010496	-0.006456	-0.008670
Superscaffold7	44459603	44659228	-0.236559	-0.156635	-0.101458	-0.129162
Superscaffold7	44659245	44881458	-0.226017	-0.162004	-0.101844	-0.130737
Superscaffold7	44881561	45028135	-0.191683	-0.174248	-0.099036	-0.099070
Superscaffold7	45028176	45195626	-0.053813	-0.060677	-0.029949	-0.032715
Superscaffold7	45195638	45361254	-0.122356	-0.119390	-0.072362	-0.062498
Superscaffold7	45361274	45553000	-0.280681	-0.254260	-0.159409	-0.162378
Superscaffold7	45553026	45743377	-0.067970	-0.055776	-0.033999	-0.039030
Superscaffold7	45743379	45918923	-0.269289	-0.270977	-0.154134	-0.136250
Superscaffold7	45919016	46119174	-0.142559	-0.119046	-0.070681	-0.070665
Superscaffold7	46119176	46258794	-0.323948	-0.275980	-0.158508	-0.200195
Superscaffold7	46258796	46380028	-0.166684	-0.159157	-0.091109	-0.093006
Superscaffold7	46380035	46550456	-0.157485	-0.121885	-0.068844	-0.076070
Superscaffold7	46550515	46932412	0.077357	0.059894	0.037794	0.033236
Superscaffold7	46932441	47058886	-0.184857	-0.230373	-0.119825	-0.099703
Superscaffold7	47058901	47761499	-0.231742	-0.161813	-0.089874	-0.127415
Superscaffold7	47763770	48033618	-0.016754	-0.011452	-0.006502	-0.015529
Superscaffold7	48033706	48214897	0.086456	0.068972	0.035104	0.036762
Superscaffold7	48215012	48346660	0.038091	0.036062	0.019902	0.016993
Superscaffold7	48346710	48744905	0.023843	0.010244	0.005945	0.007747
Superscaffold7	48744941	49035291	0.121252	0.056014	0.029619	0.067465
Superscaffold7	49035310	49321464	-0.063513	-0.038575	-0.022117	-0.042307
Superscaffold7	49322154	49622070	-0.020101	-0.011366	-0.007359	-0.019286
Superscaffold8	133313	435080	-0.127137	-0.089929	-0.046917	-0.067638
Superscaffold8	435103	798199	0.272599	0.272582	0.089060	0.124161
Superscaffold8	798243	923574	-0.001260	-0.001589	-0.000759	0.001560
Superscaffold8	923577	1137962	-0.160249	-0.156272	-0.071235	-0.080346
Superscaffold8	1138429	1393982	0.123425	0.089737	0.048824	0.050801
Superscaffold8	1394040	1797957	0.184931	0.151977	0.070942	0.094262
Superscaffold8	1798000	2061109	0.009707	0.009921	0.004467	0.002587
Superscaffold8	2061118	2223562	-0.053853	-0.043914	-0.027936	-0.026535
Superscaffold8	2223565	2370681	-0.036414	-0.037275	-0.021797	-0.018456
Superscaffold8	2370688	2478891	-0.114654	-0.132275	-0.077477	-0.059945
Superscaffold8	2478916	2846410	0.020963	0.008623	0.006067	0.004777
Superscaffold8	2846422	3279972	-0.080598	-0.049925	-0.028901	-0.038622
Superscaffold8	3279974	3567828	-0.054809	-0.046639	-0.025066	-0.031148
Superscaffold8	3567841	3765428	0.057859	0.034884	0.021389	0.029335
Superscaffold8	3765565	3902337	-0.245379	-0.200272	-0.121445	-0.142663
Superscaffold8	3902423	4133771	0.110982	0.060934	0.043168	0.048755
Superscaffold8	4133900	4362410	-0.546747	-0.710041	-0.253350	-0.419784
Superscaffold8	4362421	4644387	-0.075365	-0.044538	-0.027661	-0.042465
Superscaffold8	4644423	4808012	-0.029161	-0.034786	-0.017833	-0.013635
Superscaffold8	4808051	5086756	-0.279386	-0.360862	-0.181046	-0.178804
Superscaffold8	5086831	5297360	0.035217	0.035486	0.019426	0.017314
Superscaffold8	5297468	5472210	-0.084181	-0.091375	-0.051222	-0.043876
Superscaffold8	5472211	5755523	-0.072769	-0.079734	-0.039975	-0.038936
Superscaffold8	5755583	5991015	0.025873	0.030275	0.019152	0.015386
Superscaffold8	5991050	6131975	0.031485	0.039737	0.022620	0.018365
Superscaffold8	6132660	6574776	0.215058	0.184331	0.108561	0.111267
Superscaffold8	6574920	6718194	0.030682	0.031492	0.018336	0.015461
Superscaffold8	6718213	6946055	-0.210786	-0.190581	-0.108340	-0.118356
Superscaffold8	6946060	7117101	-0.271286	-0.228191	-0.131442	-0.177217
Superscaffold8	7117129	7291532	0.020392	0.014355	0.008782	0.013466
Superscaffold8	7291548	7616682	0.065650	0.034827	0.024577	0.025821
Superscaffold8	7616776	7858143	-0.116771	-0.066008	-0.036625	-0.044005
Superscaffold8	7858942	8028290	-0.104148	-0.098469	-0.060706	-0.060184
Superscaffold8	8028294	8602041	0.073390	0.053167	0.029162	0.035951
Superscaffold8	8602044	8918208	-0.091024	-0.065895	-0.037262	-0.044388
Superscaffold8	8918235	9111278	-0.063871	-0.038933	-0.023533	-0.021612
Superscaffold8	9111498	9371606	-0.011849	-0.006006	-0.003754	-0.004469
Superscaffold8	9371633	9718540	-0.061370	-0.046327	-0.027516	-0.036416
Superscaffold8	9718638	10149451	-0.154761	-0.088523	-0.056706	-0.120008
Superscaffold8	10149496	10465451	0.049831	0.022260	0.014054	0.024745
Superscaffold8	10466590	10638197	0.001220	0.001239	0.000566	-0.002003
Superscaffold8	10638211	10802674	-0.005234	-0.005144	-0.002722	-0.003528
Superscaffold8	10802726	10975014	-0.197947	-0.250124	-0.124152	-0.099287
Superscaffold8	10975060	11099795	-0.053347	-0.052252	-0.030129	-0.027904
Superscaffold8	11099802	11268065	0.012044	0.016058	0.008755	0.007705
Superscaffold8	11268070	11464680	0.121385	0.054049	0.037724	0.041193
Superscaffold8	11464722	11667319	0.113541	0.075355	0.047481	0.059453
Superscaffold8	11667371	11873858	-0.091886	-0.079662	-0.046156	-0.049872
Superscaffold8	11873870	12014152	0.001241	0.001260	0.000780	0.001111
Superscaffold8	12014166	12254476	0.024203	0.031871	0.017480	0.013412
Superscaffold8	12254621	12356122	0.045787	0.046683	0.027222	0.021447
Superscaffold8	12356156	12562274	0.032493	0.035506	0.018416	0.021864
Superscaffold8	12562344	12685484	0.106212	0.090378	0.059680	0.060872
Superscaffold8	12685485	12856610	0.035112	0.035267	0.017267	0.021519
Superscaffold8	12856975	13032279	0.087201	0.093838	0.044146	0.047474
Superscaffold8	13032371	13292072	-0.070735	-0.072737	-0.037948	-0.038563
Superscaffold8	13292849	13513421	0.035556	0.022868	0.014302	0.014949
Superscaffold8	13513556	13727173	0.457084	0.325731	0.196974	0.249616
Superscaffold8	13727174	13900609	0.192012	0.151643	0.082762	0.088360
Superscaffold8	13900637	14143413	0.052908	0.029812	0.018995	0.029855
Superscaffold8	14143422	14368540	-0.122126	-0.076873	-0.047829	-0.088103
Superscaffold8	14368578	14571393	-0.625736	-0.379669	-0.227998	-0.262501
Superscaffold8	14571406	15045289	0.023707	0.016806	0.009187	0.007615
Superscaffold8	15045311	15209935	0.166172	0.098570	0.063156	0.073944
Superscaffold8	15209937	15437520	-0.079390	-0.055597	-0.029721	-0.047718
Superscaffold8	15437592	15642233	0.220947	0.133120	0.079354	0.115500
Superscaffold8	15642240	15977311	-0.251235	-0.155257	-0.097372	-0.141791
Superscaffold8	15977347	16281692	-0.116240	-0.072462	-0.045199	-0.067929
Superscaffold8	16281697	16577342	-0.099317	-0.037863	-0.023734	-0.045897
Superscaffold8	16577413	16800286	0.247153	0.145973	0.081231	0.138569
Superscaffold8	16800417	16965335	0.144317	0.073704	0.055621	0.080205
Superscaffold8	16965360	17127147	-0.257546	-0.151748	-0.086050	-0.144478
Superscaffold8	17127173	17219050	-0.447887	-1.048609	-0.207204	-0.210750
Superscaffold8	17219051	17438244	-0.082078	-0.099270	-0.051582	-0.047587
Superscaffold8	17438267	17811832	0.126629	0.097091	0.050818	0.067445
Superscaffold8	17811874	17987852	0.092256	0.115724	0.066788	0.040595
Superscaffold8	17987857	18127254	0.035305	0.033773	0.019272	0.016060
Superscaffold8	18127279	18342718	-0.179305	-0.106468	-0.069912	-0.120544
Superscaffold8	18342725	18604374	-0.031086	-0.013828	-0.009028	-0.015383
Superscaffold8	18604393	18868745	-0.063590	-0.028598	-0.019183	-0.029959
Superscaffold8	18868800	19074502	-0.133458	-0.076019	-0.050305	-0.063868
Superscaffold8	19074518	19220018	-0.143530	-0.115258	-0.068618	-0.055163
Superscaffold8	19220050	19391151	-0.090001	-0.082109	-0.047548	-0.045570
Superscaffold8	19391312	19611762	-0.050847	-0.039184	-0.017978	-0.015857
Superscaffold8	19611803	19793308	-0.265467	-0.388289	-0.195985	-0.165834
Superscaffold8	19793370	19956966	0.040419	0.036805	0.023320	0.021151
Superscaffold8	19957475	20067105	0.026434	0.023861	0.013335	0.023800
Superscaffold8	20067265	20269466	0.043757	0.016349	0.010256	0.016633
Superscaffold8	20269468	20507493	0.442710	0.243483	0.164723	0.211753
Superscaffold8	20508622	20741175	0.085397	0.051886	0.032269	0.039900
Superscaffold8	20741209	20964842	0.039370	0.019810	0.013851	0.013812
Superscaffold8	20964845	21222830	-0.525205	-0.405164	-0.210944	-0.332269
Superscaffold8	21222844	21602862	0.020887	0.005471	0.004079	0.008408
Superscaffold8	21602863	22032866	0.055774	0.008119	0.006761	0.027611
Superscaffold8	22032893	22372567	-0.086404	-0.022701	-0.016217	-0.038816
Superscaffold8	22372616	22747311	-0.276188	-0.071447	-0.043807	-0.125588
Superscaffold8	22747314	23061329	-0.404477	-0.306395	-0.148249	-0.283974
Superscaffold8	23061587	23725164	0.205840	0.041766	0.025198	0.137109
Superscaffold8	23725230	24471617	0.010370	0.002566	0.001868	0.002814
Superscaffold8	24471618	24761495	0.080544	0.048339	0.030244	0.042244
Superscaffold8	24761501	24931267	-0.229412	-0.133564	-0.084832	-0.092713
Superscaffold8	24931383	25257927	0.228460	0.067875	0.041288	0.126188
Superscaffold8	25258024	25968756	0.073674	0.023219	0.015216	0.044997
Superscaffold8	25968757	26256304	-0.197996	-0.087932	-0.055038	-0.109112
Superscaffold8	26256311	26604512	-0.223386	-0.117107	-0.067877	-0.114298
Superscaffold8	26604644	27248357	-0.113842	-0.022464	-0.017159	-0.053549
Superscaffold8	27248378	27564736	-0.067323	-0.032654	-0.021011	-0.034191
Superscaffold8	27564964	27890150	-0.126605	-0.051810	-0.036628	-0.059675
Superscaffold8	27890219	28308671	-0.282411	-0.082970	-0.057001	-0.175969
Superscaffold8	28308938	28922297	-0.189729	-0.074507	-0.046039	-0.111273
Superscaffold8	28922671	29310067	-0.364509	-0.149336	-0.093367	-0.225156
Superscaffold8	29310084	29468653	-0.013083	-0.007077	-0.004533	-0.008261
Superscaffold8	29468658	29719419	-0.663842	-0.729842	-0.323997	-0.507817
Superscaffold8	29719424	29821359	-0.724388	-0.840361	-0.313388	-0.562123
Superscaffold8	29821463	30024646	-0.251035	-0.142408	-0.087722	-0.177673
Superscaffold8	30024701	30199654	0.180200	0.142320	0.093202	0.105707
Superscaffold8	30199656	30449942	-0.027905	-0.012713	-0.008804	-0.015976
Superscaffold8	30450498	30755283	-0.326384	-0.102863	-0.071330	-0.219568
Superscaffold8	30755378	30921479	-0.411933	-0.390414	-0.168829	-0.257725
Superscaffold8	30921504	31393905	-0.001500	-0.000645	-0.000407	0.000174
Superscaffold8	31394117	31775776	0.139554	0.037651	0.028248	0.060513
Superscaffold8	31775793	32051102	-0.153666	-0.098132	-0.059043	-0.084156
Superscaffold8	32051117	32297646	-0.374291	-0.349327	-0.182971	-0.282154
Superscaffold8	32297647	32547492	0.353515	0.218306	0.127073	0.228401
Superscaffold8	32548221	32920240	-0.062799	-0.035549	-0.019388	-0.041827
Superscaffold8	32920452	33335481	-0.557271	-1.508123	-0.211971	-0.399482
Superscaffold8	33335510	33508059	-0.127073	-0.131391	-0.070806	-0.065459
Superscaffold8	33508085	33636496	-0.033045	-0.037148	-0.020138	-0.014038
Superscaffold8	33636569	33761616	0.681645	0.589327	0.387000	0.550019
Superscaffold8	33761627	33943205	0.179027	0.165790	0.080490	0.109599
Superscaffold8	33943286	34121734	0.394169	0.220406	0.129081	0.199197
Superscaffold8	34121742	34318988	-0.100851	-0.120970	-0.061915	-0.048434
Superscaffold8	34318999	34511189	0.139935	0.151762	0.082421	0.072805
Superscaffold8	34511194	34703288	0.015004	0.007362	0.005107	0.010235
Superscaffold8	34703322	34922714	-0.129857	-0.078585	-0.043236	-0.066824
Superscaffold8	34922728	35172995	-0.110233	-0.054277	-0.032164	-0.065143
Superscaffold8	35173005	35412717	-0.200740	-0.114856	-0.065800	-0.143576
Superscaffold8	35412727	35626680	0.032108	0.016627	0.010363	0.016810
Superscaffold8	35627891	35938948	-0.015389	-0.006533	-0.004404	-0.007464
Superscaffold8	35939017	36181569	-0.208217	-0.113301	-0.079394	-0.096939
Superscaffold8	36181838	36489675	-0.095231	-0.093935	-0.052543	-0.060355
Superscaffold8	36489842	36693624	-0.151511	-0.092580	-0.063873	-0.069156
Superscaffold8	36693937	36935082	-0.486275	-0.292866	-0.191895	-0.298273
Superscaffold8	36935129	37446230	-0.300435	-0.225667	-0.135555	-0.175169
Superscaffold8	37446254	37673111	0.096697	0.056877	0.042463	0.039833
Superscaffold8	37673428	37845399	0.155984	0.112595	0.076766	0.082321
Superscaffold8	37845516	38110559	-0.272025	-0.160426	-0.098999	-0.155621
Superscaffold8	38110562	38262038	-0.444760	-0.333351	-0.187821	-0.283338
Superscaffold8	38262062	38455120	-0.019710	-0.011169	-0.008438	-0.012394
Superscaffold8	38455131	38578074	0.021657	0.014165	0.011744	0.010585
Superscaffold8	38578173	38848838	-0.189129	-0.108348	-0.072649	-0.085533
Superscaffold8	38849058	39107130	-0.159513	-0.111566	-0.069231	-0.086144
Superscaffold8	39107149	39325271	-0.266011	-0.177965	-0.099188	-0.149693
Superscaffold8	39326072	39665698	-0.297024	-0.207620	-0.120713	-0.173447
Superscaffold8	39666072	39960288	-0.387459	-0.336755	-0.188130	-0.220824
Superscaffold8	39960289	40173709	-0.313132	-0.119466	-0.087600	-0.129220
Superscaffold8	40173730	40428033	-0.223497	-0.113188	-0.076385	-0.098016
Superscaffold8	40428183	40689045	-0.113853	-0.065802	-0.046665	-0.058623
Superscaffold8	40690424	40916621	-0.035316	-0.016113	-0.010966	-0.013645
Superscaffold8	40916649	41049823	-0.073156	-0.095144	-0.045536	-0.036775
Superscaffold8	41049867	41278649	-0.177322	-0.226196	-0.116232	-0.107279
Superscaffold8	41278725	41510572	-0.046923	-0.031338	-0.020040	-0.022924
Superscaffold8	41510581	41630605	-0.055343	-0.043431	-0.024615	-0.038851
Superscaffold8	41630970	41868279	0.162277	0.141299	0.085876	0.100693
Superscaffold8	41868281	42479618	-0.005430	-0.003109	-0.001807	-0.004324
Superscaffold8	42479627	43015742	-0.039223	-0.023241	-0.014180	-0.019201
Superscaffold8	43015765	43261225	-0.097125	-0.078439	-0.043708	-0.043758
Superscaffold8	43261267	43628308	-0.257808	-0.138292	-0.084076	-0.122217
Superscaffold8	43628343	43798290	-0.078356	-0.056356	-0.037703	-0.034686
Superscaffold8	43798561	44072831	-0.063519	-0.035441	-0.022553	-0.026412
Superscaffold8	44072846	44559501	0.016076	0.010077	0.006058	0.005636
Superscaffold8	44559507	44781573	-0.009678	-0.007486	-0.003897	-0.003949
Superscaffold8	44781580	45409745	0.111968	0.045264	0.029698	0.053289
Superscaffold8	45409854	45833766	-0.396286	-0.138242	-0.090717	-0.273959
Superscaffold8	45833767	46127685	-0.150837	-0.079764	-0.044587	-0.105092
Superscaffold8	46127693	46568803	-0.151853	-0.050944	-0.037043	-0.112082
Superscaffold8	46568811	46848580	-0.467980	-0.310799	-0.153674	-0.320052
Superscaffold8	46848624	47497837	-0.143876	-0.094698	-0.048983	-0.073479
Superscaffold8	47497871	48047217	0.031983	0.009201	0.006326	0.016913
Superscaffold8	48047240	48451656	0.050306	0.024189	0.014570	0.024017
Superscaffold8	48451659	48848430	0.311448	0.172172	0.104635	0.195268
Superscaffold8	48848439	49217616	-0.230280	-0.076283	-0.056044	-0.131126
Superscaffold8	49218375	49558978	-0.034956	-0.009167	-0.006689	-0.008540
Superscaffold8	49559157	49960858	-0.335848	-0.169909	-0.108652	-0.204118
Superscaffold8	49960873	50237059	-0.487719	-0.263896	-0.163913	-0.321805
Superscaffold8	50237069	50652426	-0.437297	-0.236286	-0.143111	-0.264748
Superscaffold8	50652456	51084910	-0.001365	-0.000516	-0.000349	-0.000671
Superscaffold8	51084917	51303930	-0.384797	-0.314059	-0.157310	-0.209672
Superscaffold8	51303953	51696025	0.048188	0.015639	0.010449	0.025322
Superscaffold8	51696112	51939839	-0.220277	-0.100755	-0.063087	-0.101635
Superscaffold8	51939910	52202050	-0.120476	-0.053988	-0.035168	-0.050126
Superscaffold8	52202346	52420254	0.033407	0.025340	0.017218	0.010875
Superscaffold8	52420328	52635027	-0.183623	-0.144404	-0.080617	-0.081492
Superscaffold8	52635028	53075667	-0.004386	-0.003190	-0.001753	-0.000361
Superscaffold8	53075911	53526414	-0.037385	-0.027352	-0.016848	-0.013507
Superscaffold8	53526418	53767742	0.003869	0.002368	0.001674	0.001050
Superscaffold8	53767824	53987852	0.258030	0.173860	0.093963	0.117540
Superscaffold8	53987939	54424435	-0.097281	-0.046077	-0.021920	-0.038503
Superscaffold8	54424917	54731404	-0.235447	-0.136632	-0.089613	-0.132811
Superscaffold8	54737122	55067182	0.015722	0.008356	0.005461	0.006170
Superscaffold8	55067314	55575909	-0.224778	-0.088046	-0.055213	-0.131681
Superscaffold8	55575922	55785850	-0.603115	-0.683178	-0.281679	-0.452075
Superscaffold8	55785892	56045182	-0.037880	-0.029524	-0.014075	-0.018965
Superscaffold8	56045185	56430115	-0.421227	-0.198000	-0.121209	-0.253229
Superscaffold8	56430299	57081680	-0.094556	-0.047541	-0.028410	-0.056803
Superscaffold8	57081720	57485640	-0.128443	-0.047619	-0.031318	-0.065150
Superscaffold8	57485685	57872446	0.026565	0.012700	0.008611	0.012453
Superscaffold8	57872452	58318724	-0.110929	-0.054869	-0.036936	-0.056450
Superscaffold8	58318729	58806003	-0.028407	-0.013517	-0.009335	-0.014597
Superscaffold8	58806290	59023807	-0.379916	-0.208287	-0.138404	-0.175171
Superscaffold8	59024182	59388826	0.060983	0.024653	0.016236	0.025383
Superscaffold8	59388866	59605046	-0.177623	-0.179730	-0.087165	-0.089807
Superscaffold8	59605058	59849408	-0.103710	-0.150274	-0.050065	-0.042081
Superscaffold8	59849426	60157788	-0.212813	-0.200723	-0.077590	-0.086625
Superscaffold8	60157836	60384167	-0.134070	-0.113078	-0.067449	-0.072007
Superscaffold8	60384285	60598246	-0.453950	-0.441631	-0.206934	-0.257777
Superscaffold8	60598247	60802052	-0.095157	-0.084959	-0.043049	-0.049627
Superscaffold8	60802229	61073872	-0.032057	-0.018316	-0.011032	-0.019031
Superscaffold8	61073898	61430854	-0.131886	-0.103412	-0.056710	-0.061672
Superscaffold8	61430874	61642200	-0.213680	-0.139627	-0.090927	-0.108449
Superscaffold8	61642212	62040022	-0.187013	-0.109907	-0.067035	-0.106013
Superscaffold8	62040051	62233574	0.044522	0.042360	0.022271	0.018378
Superscaffold8	62233606	62461360	-0.124946	-0.081737	-0.051068	-0.063291
Superscaffold8	62461534	62730711	-0.313090	-0.212968	-0.131066	-0.176952
Superscaffold8	62730754	62981856	0.033453	0.018537	0.011741	0.018270
Superscaffold8	62981944	63304396	-0.119565	-0.079887	-0.043097	-0.063778
Superscaffold8	63304415	63609187	-0.119731	-0.045075	-0.030160	-0.044744
Superscaffold8	63609192	63894285	-0.262936	-0.230720	-0.121845	-0.137017
Superscaffold8	63894294	64283900	-0.039668	-0.016172	-0.010065	-0.023644
Superscaffold8	64284165	64718073	-0.035953	-0.026632	-0.014358	-0.016838
Superscaffold8	64723415	65173933	-0.297606	-0.219372	-0.117012	-0.176707
Superscaffold8	65174014	65545946	-0.034261	-0.014057	-0.008525	-0.019893
Superscaffold8	65546167	66119323	-0.188808	-0.078443	-0.047180	-0.106433
Superscaffold9	18528	249181	-0.075833	-0.102091	-0.059430	-0.038375
Superscaffold9	249221	400525	0.042461	0.067748	0.029278	0.023085
Superscaffold9	400571	579773	-0.010097	-0.009230	-0.005252	-0.007645
Superscaffold9	579774	993769	0.007092	0.004722	0.002726	0.010128
Superscaffold9	993826	1189260	-0.033583	-0.030095	-0.017421	-0.022915
Superscaffold9	1189397	1292233	-0.017305	-0.028952	-0.015920	-0.006689
Superscaffold9	1292285	1457227	0.095464	0.092094	0.048966	0.046129
Superscaffold9	1457269	1653017	-0.009811	-0.012904	-0.006929	-0.005220
Superscaffold9	1653018	2015085	0.102780	0.070582	0.045862	0.053779
Superscaffold9	2015105	2115736	-0.088868	-0.105239	-0.056907	-0.048939
Superscaffold9	2115744	2266689	0.193666	0.232898	0.147055	0.098411
Superscaffold9	2266807	2403453	-0.123787	-0.175639	-0.086903	-0.075265
Superscaffold9	2403474	2603455	0.138794	0.123474	0.076871	0.076422
Superscaffold9	2603652	2831709	0.135043	0.149951	0.073310	0.069302
Superscaffold9	2832400	3127684	0.072004	0.058572	0.033202	0.041380
Superscaffold9	3127722	3304624	0.105771	0.127307	0.074515	0.052181
Superscaffold9	3304846	3518660	0.112179	0.113301	0.065316	0.066243
Superscaffold9	3518684	4230702	-0.042785	-0.041223	-0.022130	-0.026825
Superscaffold9	4230722	4363036	-0.292560	-0.232943	-0.141957	-0.135181
Superscaffold9	4363048	4634130	0.038509	0.039686	0.022680	0.018449
Superscaffold9	4634608	4879495	-0.027639	-0.022545	-0.012002	-0.014325
Superscaffold9	4879536	4993345	-0.011219	-0.013306	-0.006842	-0.006644
Superscaffold9	4993387	5114761	-0.064997	-0.075717	-0.038608	-0.033336
Superscaffold9	5114795	5366258	-0.155641	-0.136885	-0.066521	-0.085430
Superscaffold9	5366299	5533681	-0.094558	-0.087238	-0.047775	-0.049972
Superscaffold9	5533705	5699393	-0.098039	-0.095748	-0.061882	-0.052087
Superscaffold9	5699493	5875390	-0.273420	-0.229644	-0.127295	-0.147411
Superscaffold9	5875485	6071152	0.268291	0.278360	0.170310	0.153322
Superscaffold9	6071164	6311205	0.067235	0.077114	0.045095	0.035148
Superscaffold9	6311211	6534575	-0.206439	-0.136126	-0.089347	-0.093085
Superscaffold9	6534598	6754337	-0.415709	-0.291254	-0.176912	-0.275678
Superscaffold9	6754356	7028735	-0.105022	-0.053645	-0.034895	-0.061989
Superscaffold9	7028746	7369186	-0.015195	-0.007268	-0.004707	-0.007796
Superscaffold9	7369249	7782251	-0.112645	-0.045888	-0.029886	-0.058172
Superscaffold9	7782279	8041126	-0.059476	-0.032456	-0.019396	-0.030568
Superscaffold9	8042308	8266154	-0.118366	-0.070291	-0.045170	-0.047256
Superscaffold9	8266195	8418504	-0.075566	-0.068005	-0.036309	-0.043043
Superscaffold9	8418556	8551038	-0.078292	-0.094070	-0.048281	-0.044056
Superscaffold9	8551039	8819150	-0.063320	-0.058711	-0.030247	-0.036733
Superscaffold9	8819324	9031211	0.074598	0.081529	0.044791	0.042572
Superscaffold9	9031225	9188792	0.077769	0.107424	0.057746	0.038433
Superscaffold9	9188794	9615067	-0.039328	-0.023402	-0.014242	-0.020597
Superscaffold9	9615077	9883248	-0.039146	-0.022259	-0.014309	-0.023357
Superscaffold9	9883305	10220342	0.152433	0.096090	0.059940	0.066294
Superscaffold9	10220373	10756467	-0.127186	-0.096691	-0.051658	-0.061879
Superscaffold9	10756497	11169869	-0.190263	-0.129379	-0.066677	-0.099783
Superscaffold9	11169872	11336456	0.111685	0.075890	0.043812	0.058057
Superscaffold9	11336577	11861379	-0.059270	-0.042571	-0.022772	-0.036749
Superscaffold9	11861435	12104440	-0.118149	-0.087983	-0.047631	-0.065052
Superscaffold9	12104456	12369074	-0.132436	-0.089012	-0.049932	-0.065237
Superscaffold9	12369096	12577902	-0.301809	-0.207047	-0.112501	-0.164004
Superscaffold9	12577973	12983030	-0.221554	-0.068106	-0.048267	-0.138385
Superscaffold9	12983043	13447334	-0.050001	-0.029661	-0.016339	-0.026092
Superscaffold9	13447658	14087538	-0.210400	-0.193090	-0.081663	-0.113743
Superscaffold9	14087984	14283068	0.054387	0.052873	0.030841	0.020117
Superscaffold9	14283080	14471711	-0.036846	-0.021720	-0.014884	-0.016223
Superscaffold9	14471753	14709798	0.021004	0.010607	0.007233	0.011283
Superscaffold9	14709855	15134892	-0.049470	-0.017550	-0.013637	-0.027179
Superscaffold9	15134959	15401405	0.055819	0.042125	0.026215	0.025633
Superscaffold9	15401411	15636794	-0.030218	-0.015684	-0.010873	-0.017176
Superscaffold9	15636819	15894096	0.092462	0.042423	0.029301	0.043128
Superscaffold9	15894270	16142820	-0.297559	-0.140250	-0.088354	-0.168394
Superscaffold9	16142846	16321450	0.595607	0.216656	0.150082	0.419913
Superscaffold9	16321453	16647561	0.532026	0.157085	0.103060	0.349822
Superscaffold9	16647589	16947053	-0.063526	-0.021014	-0.014800	-0.030843
Superscaffold9	16947087	17222805	-0.073677	-0.022766	-0.017006	-0.043953
Superscaffold9	17222858	17494810	0.081364	0.028107	0.020972	0.046110
Superscaffold9	17494894	17742402	-0.037773	-0.029063	-0.013389	-0.019929
Superscaffold9	17742471	17949797	-0.214592	-0.165226	-0.101155	-0.116819
Superscaffold9	17949809	18162667	-0.181808	-0.098562	-0.062200	-0.076125
Superscaffold9	18162707	18817386	-0.061525	-0.029015	-0.018930	-0.029686
Superscaffold9	18817426	19427463	-0.065429	-0.041561	-0.026749	-0.032381
Superscaffold9	19427548	20258748	-0.039641	-0.023184	-0.015138	-0.022240
Superscaffold9	20258841	20511015	-0.105165	-0.056066	-0.039197	-0.048426
Superscaffold9	20511031	20682016	-0.252341	-0.270070	-0.138405	-0.130437
Superscaffold9	20682028	20891040	0.010815	0.006439	0.004015	0.007387
Superscaffold9	20891065	21070554	0.025135	0.015241	0.009204	0.014471
Superscaffold9	21070698	21258092	-0.288102	-0.211964	-0.106853	-0.162852
Superscaffold9	21258208	21439988	-0.057972	-0.034228	-0.022454	-0.040316
Superscaffold9	21440173	21649044	0.017686	0.012101	0.008455	0.009396
Superscaffold9	21649067	21874604	-0.290727	-0.233324	-0.126448	-0.139299
Superscaffold9	21874621	22108984	-0.081075	-0.034952	-0.023567	-0.044824
Superscaffold9	22109042	22362968	0.442750	0.212733	0.133347	0.274282
Superscaffold9	22362971	22877779	0.369245	0.252872	0.108909	0.229642
Superscaffold9	22878038	23212381	0.245541	0.155427	0.077399	0.165228
Superscaffold9	23212427	23427915	-0.154233	-0.158171	-0.065103	-0.077055
Superscaffold9	23427999	23636949	0.003188	0.003207	0.001168	0.002908
Superscaffold9	23637027	23772255	0.003493	0.004947	0.001623	0.000924
Superscaffold9	23772299	23993077	-0.083250	-0.063285	-0.031329	-0.042716
Superscaffold9	23993146	24130609	0.109613	0.124019	0.064247	0.065032
Superscaffold9	24130618	24342359	0.250808	0.202334	0.120367	0.136877
Superscaffold9	24342369	24601084	0.001195	0.000786	0.000452	0.000898
Superscaffold9	24601113	24806503	-0.211433	-0.177633	-0.100376	-0.125440
Superscaffold9	24806547	25064217	0.089889	0.078266	0.044833	0.041840
Superscaffold9	25064234	25298561	-0.040709	-0.037049	-0.022594	-0.019252
Superscaffold9	25298640	25475128	-0.308089	-0.269296	-0.117332	-0.176234
Superscaffold9	25475133	26045191	-0.231551	-0.264972	-0.117552	-0.145681
Superscaffold9	26045229	26301030	0.124648	0.062756	0.041986	0.063777
Superscaffold9	26301046	26532509	0.094673	0.046449	0.028293	0.048877
Superscaffold9	26532615	26969502	0.193003	0.128646	0.089635	0.117487
Superscaffold9	26969561	27259762	-0.060007	-0.019975	-0.014811	-0.032280
Superscaffold9	27259845	27525133	-0.162901	-0.123613	-0.077070	-0.084059
Superscaffold9	27525143	27754225	-0.014040	-0.009329	-0.006283	-0.004497
Superscaffold9	27754237	28270946	-0.076926	-0.073437	-0.037254	-0.030008
Superscaffold9	28270963	28544538	0.058706	0.043468	0.024589	0.027582
Superscaffold9	28544548	28710866	-0.022732	-0.021756	-0.013589	-0.009707
Superscaffold9	28710941	28961118	0.060411	0.037797	0.024667	0.015672
Superscaffold9	28961121	29165169	-0.167268	-0.148374	-0.075100	-0.096379
Superscaffold9	29165278	29352709	0.028154	0.016472	0.010838	0.012464
Superscaffold9	29352756	29605894	-0.118984	-0.067668	-0.040597	-0.054038
Superscaffold9	29605913	29800122	-0.283389	-0.254544	-0.139207	-0.180566
Superscaffold9	29800715	30106097	0.003943	0.002348	0.001617	0.004259
Superscaffold9	30106186	30301024	0.005849	0.004994	0.002677	0.002882
Superscaffold9	30301044	30753893	0.178361	0.039795	0.030359	0.080510
Superscaffold9	30753986	31072026	-0.308132	-0.261892	-0.140796	-0.136497
Superscaffold9	31072068	31258146	-0.267890	-0.224347	-0.121646	-0.138057
Superscaffold9	31258148	31697413	-0.084467	-0.078118	-0.039587	-0.043928
Superscaffold9	31697439	31908341	0.448993	0.219231	0.155917	0.290487
Superscaffold9	31908409	32037538	0.005394	0.003619	0.002152	0.004102
Superscaffold9	32037539	32261700	0.326708	0.218711	0.139143	0.164217
Superscaffold9	32261723	32418722	0.129917	0.088854	0.044345	0.068486
Superscaffold9	32418755	32647433	0.244882	0.186194	0.112864	0.127246
Superscaffold9	32647448	32930053	0.162286	0.097527	0.062028	0.128549
Superscaffold9	32930160	33079628	0.169152	0.120151	0.075161	0.073102
Superscaffold9	33079684	33387033	0.181717	0.091158	0.061194	0.114107
Superscaffold9	33387168	33690444	0.032940	0.019954	0.013482	0.014431
Superscaffold9	33690600	34111595	0.038324	0.011672	0.009178	0.018810
Superscaffold9	34111600	34355664	-0.207949	-0.148681	-0.081130	-0.099224
Superscaffold9	34355689	34511541	-0.297803	-0.384416	-0.175543	-0.162693
Superscaffold9	34511549	34714427	-0.468211	-0.770769	-0.184240	-0.184689
Superscaffold9	34714513	34820098	-0.090306	-0.246838	-0.041706	-0.044583
Superscaffold9	34820360	35056663	-0.427590	-0.343357	-0.147858	-0.195610
Superscaffold9	35056763	35323912	0.258839	0.113791	0.075987	0.146333
Superscaffold9	35323949	35980703	-0.046742	-0.016704	-0.011338	-0.027078
Superscaffold9	35981640	36255843	-0.490987	-0.406974	-0.194970	-0.286108
Superscaffold9	36255889	36430261	-0.090671	-0.050131	-0.034609	-0.043063
Superscaffold9	36430271	36606976	-0.197340	-0.106592	-0.072277	-0.097609
Superscaffold9	36607051	36768469	0.074143	0.048209	0.027861	0.040209
Superscaffold9	36768470	37028169	0.321830	0.167741	0.099784	0.180201
Superscaffold9	37028184	37281884	0.133814	0.085792	0.045703	0.086534
Superscaffold9	37281995	37620617	-0.216221	-0.099164	-0.062637	-0.160700
Superscaffold9	37620673	37826909	0.374522	0.237769	0.166439	0.258172
Superscaffold9	37826913	38119404	-0.022526	-0.012932	-0.007601	-0.010585
Superscaffold9	38120394	38476406	0.050683	0.033295	0.023663	0.019833
Superscaffold9	38476419	38818935	0.029804	0.011394	0.007749	0.018546
Superscaffold9	38819578	39242311	0.167056	0.054363	0.038213	0.094813
Superscaffold9	39242312	39501793	-0.473783	-0.207694	-0.117563	-0.354605
Superscaffold9	39501801	39740283	0.063788	0.050799	0.026731	0.027046
Superscaffold9	39740317	39916735	-0.149770	-0.180077	-0.097948	-0.086017
Superscaffold9	39916766	40425229	-0.037944	-0.018352	-0.011624	-0.017841
Superscaffold9	40425247	40716644	0.005613	0.003181	0.001911	0.003649
Superscaffold9	40716674	41016941	0.081188	0.054131	0.032508	0.042371
Superscaffold9	41016942	41333857	-0.075650	-0.038093	-0.021627	-0.026675
Superscaffold9	41333868	42020039	-0.121715	-0.081424	-0.044370	-0.073327
Superscaffold9	42021203	42208649	-0.250051	-0.201082	-0.105659	-0.143104
Superscaffold9	42208670	42419436	-0.146647	-0.104221	-0.066397	-0.079308
Superscaffold9	42419448	42578025	-0.164549	-0.198215	-0.102923	-0.095631
Superscaffold9	42578054	42874957	0.093521	0.090921	0.047831	0.050342
Superscaffold9	42874959	43094496	0.049177	0.044871	0.027771	0.030881
Superscaffold9	43094550	43249136	-0.014126	-0.010979	-0.007248	-0.010271
Superscaffold9	43249173	43607789	0.247432	0.182001	0.102179	0.107671
Superscaffold9	43607792	43861558	0.505004	0.423373	0.292837	0.324802
Superscaffold9	43861564	44005887	-0.066274	-0.056958	-0.035310	-0.036376
Superscaffold9	44005908	44114042	-0.072299	-0.074657	-0.043836	-0.042574
Superscaffold9	44114061	44282938	-0.146966	-0.143719	-0.081649	-0.069048
Superscaffold9	44282940	44563301	0.047843	0.046554	0.025001	0.020590
Superscaffold9	44568211	44868069	0.155834	0.128851	0.081904	0.074648
Superscaffold9	44874560	44994521	-0.074106	-0.069427	-0.044172	-0.040682
Superscaffold9	44994543	45145778	-0.026616	-0.021397	-0.013322	-0.010968
Superscaffold9	45145823	45393429	-0.434762	-0.464904	-0.245538	-0.275198
Superscaffold9	45393485	45610118	-0.015581	-0.008163	-0.005690	-0.008541
Superscaffold9	45610119	45813631	-0.072867	-0.064016	-0.036154	-0.029911
Superscaffold9	45813685	46042971	-0.116955	-0.121689	-0.061020	-0.061388
Superscaffold9	46042983	46493699	0.478279	0.347828	0.255649	0.304171
Superscaffold9	46493701	46837921	0.683124	0.436325	0.365871	0.498926
Superscaffold9	46837970	46997069	0.170424	0.145609	0.081424	0.082273
Superscaffold9	46997273	47167266	0.099354	0.118874	0.066053	0.048539
Superscaffold9	47167298	47322485	0.014268	0.021234	0.009691	0.009848
Superscaffold9	47322486	47498159	0.167603	0.165373	0.103858	0.096355
Superscaffold9	47498175	47851690	-0.152851	-0.089604	-0.053245	-0.074891
Superscaffold9	47852003	47998077	0.031218	0.040533	0.021012	0.017110
Superscaffold9	47998105	48169922	0.016209	0.019891	0.011488	0.006233
Superscaffold9	48170384	48319744	0.022753	0.034066	0.015029	0.009231
Superscaffold9	48319754	48512370	-0.005338	-0.004247	-0.002775	-0.004505
Superscaffold9	48512391	48774553	-0.143943	-0.158180	-0.091077	-0.073076
Superscaffold9	48774594	48927563	-0.104613	-0.152181	-0.070370	-0.043430
Superscaffold9	48927675	49108489	-0.050518	-0.068097	-0.029193	-0.030760
Superscaffold9	49108504	49334157	0.301186	0.267717	0.161222	0.123382
Superscaffold9	49334716	49503973	-0.195824	-0.112184	-0.077481	-0.112748
Superscaffold9	49504012	49645331	0.057895	0.064228	0.036862	0.029771
Superscaffold9	49645357	49779644	0.086309	0.099463	0.060922	0.048557
Superscaffold9	49779755	49987846	0.038851	0.047626	0.026048	0.021714
Superscaffold9	49987849	50367327	0.114609	0.071047	0.046383	0.064911
Superscaffold9	50367396	50535204	0.470119	0.339613	0.245182	0.302152
Superscaffold9	50535215	50751911	0.187002	0.133359	0.082123	0.095810
Superscaffold9	50752042	50914417	0.060592	0.060160	0.037788	0.025063
Superscaffold9	50914433	51098876	0.104059	0.084776	0.041011	0.050674
Superscaffold9	51098881	51313020	0.023455	0.022280	0.012198	0.012458
Superscaffold9	51313052	51538339	0.243907	0.166657	0.101167	0.126072
Superscaffold9	51538364	51653161	0.200604	0.188450	0.089583	0.112058
Superscaffold9	51653175	51797660	0.164773	0.159418	0.099768	0.077232
Superscaffold9	51797759	52002878	-0.036893	-0.032194	-0.019647	-0.018383
Superscaffold9	52002888	52136972	0.132700	0.122054	0.072793	0.076877
Superscaffold9	52137058	52265869	-0.035635	-0.041237	-0.023879	-0.017287
Superscaffold9	52265898	52437982	-0.075842	-0.056877	-0.038707	-0.026125
Superscaffold9	52438008	52637003	-0.057960	-0.037430	-0.024497	-0.031458
Superscaffold9	52637164	52798412	-0.141550	-0.123056	-0.067500	-0.074479
Superscaffold9	52798607	52985929	-0.136345	-0.122433	-0.067993	-0.075387
Superscaffold9	52985963	53147128	-0.079972	-0.059688	-0.036554	-0.042760
Superscaffold9	53147208	53296509	-0.088514	-0.095710	-0.047522	-0.046768
Superscaffold9	53296687	53495432	0.024916	0.022197	0.012069	0.012685
Superscaffold9	53495444	53650939	-0.036891	-0.042471	-0.023714	-0.019114
Superscaffold9	53650957	53743730	-0.075836	-0.156549	-0.069564	-0.039643
Superscaffold9	53743762	53868198	-0.158129	-0.217238	-0.101286	-0.078829
Superscaffold9	53868296	54062047	0.129568	0.093054	0.056456	0.071810
Superscaffold9	54062083	54335057	0.552134	0.434649	0.310882	0.389166
Superscaffold9	54335182	54591631	0.335620	0.235323	0.159577	0.197594
Superscaffold9	54591638	54688167	-0.001763	-0.002083	-0.001227	-0.004164
Superscaffold9	54688168	54920171	-0.041954	-0.034759	-0.019954	-0.029876
Superscaffold9	54920184	55017928	-0.061999	-0.107045	-0.051323	-0.030489
Superscaffold9	55018019	55204289	-0.062818	-0.087024	-0.044803	-0.034513
Superscaffold9	55204437	55933014	-0.153603	-0.225479	-0.097046	-0.094211
Superscaffold9	55933022	56043101	0.066920	0.057151	0.036226	0.039750
Superscaffold9	56043267	56192848	0.018535	0.020396	0.012924	0.008194
Superscaffold9	56192954	56464331	-0.047419	-0.032786	-0.021320	-0.021239
Superscaffold9	56464395	56848573	0.071363	0.045810	0.033515	0.034144
Superscaffold9	56848595	57021445	-0.177019	-0.113154	-0.047548	-0.087437
Superscaffold10	382363	581399	0.053946	0.043084	0.022797	0.028964
Superscaffold10	581406	861748	-0.216080	-0.095738	-0.060297	-0.112384
Superscaffold10	861759	1397107	-0.064981	-0.052542	-0.031161	-0.037799
Superscaffold10	1397208	1531856	-0.017676	-0.018555	-0.008882	-0.010395
Superscaffold10	1531861	1748236	-0.353308	-0.257255	-0.151140	-0.195591
Superscaffold10	1748239	2156192	-0.036199	-0.015360	-0.010299	-0.017581
Superscaffold10	2156204	2376102	0.213005	0.164158	0.102810	0.098416
Superscaffold10	2376104	2602068	0.319777	0.183693	0.097912	0.177526
Superscaffold10	2602146	2806588	0.094395	0.065526	0.037939	0.048066
Superscaffold10	2806690	3102662	0.129618	0.078352	0.051188	0.061027
Superscaffold10	3102664	3254100	0.037525	0.044153	0.020958	0.019985
Superscaffold10	3254169	3429601	0.243797	0.168401	0.103207	0.130306
Superscaffold10	3429605	3821627	0.130005	0.096027	0.050172	0.053171
Superscaffold10	3821634	4661573	0.036449	0.016872	0.009478	0.016070
Superscaffold10	4661589	5493569	-0.010196	-0.004732	-0.003006	-0.017095
Superscaffold10	5493625	5831997	0.038606	0.035352	0.021490	0.017729
Superscaffold10	5832008	6114183	-0.272727	-0.186774	-0.095410	-0.130593
Superscaffold10	6114277	6291349	-0.014824	-0.015750	-0.008348	-0.008603
Superscaffold10	6291369	6720754	-0.032128	-0.019601	-0.011104	-0.015224
Superscaffold10	6721104	7163059	0.140867	0.060757	0.038369	0.057176
Superscaffold10	7163147	7385342	-0.022503	-0.017225	-0.010355	-0.010211
Superscaffold10	7385686	7639900	0.039220	0.025677	0.016960	0.017731
Superscaffold10	7639952	7974185	0.000550	0.000546	0.000330	0.000947
Superscaffold10	7974229	8202121	0.053314	0.031890	0.018560	0.019973
Superscaffold10	8202126	8411704	0.046906	0.032656	0.020442	0.016708
Superscaffold10	8411774	8864148	-0.177941	-0.080537	-0.046457	-0.093063
Superscaffold10	8864192	9396217	-0.364274	-0.194559	-0.113510	-0.217357
Superscaffold10	9396700	9823167	-0.048131	-0.029193	-0.018134	-0.028509
Superscaffold10	9823434	10049066	-0.058964	-0.033632	-0.021250	-0.016243
Superscaffold10	10049077	10226008	0.086895	0.091276	0.042618	0.034225
Superscaffold10	10226042	10461536	-0.100382	-0.050622	-0.031472	-0.050838
Superscaffold10	10461564	10610906	-0.071777	-0.043635	-0.027855	-0.038766
Superscaffold10	10610930	11330954	-0.132589	-0.059777	-0.038038	-0.076895
Superscaffold10	11331025	11705034	0.048549	0.013633	0.008945	0.027929
Superscaffold10	11705035	11958889	0.017051	0.007411	0.004614	0.007959
Superscaffold10	11958938	12125756	0.017228	0.011839	0.007346	0.006008
Superscaffold10	12125758	12248470	0.082451	0.077117	0.043293	0.044246
Superscaffold10	12248478	12369271	0.096672	0.131211	0.064435	0.043991
Superscaffold10	12369319	12789917	-0.014142	-0.011289	-0.006527	-0.009788
Superscaffold10	12789937	13063318	-0.034140	-0.016186	-0.010404	-0.016647
Superscaffold10	13063344	13363500	0.214721	0.084245	0.054395	0.116645
Superscaffold10	13363527	13737198	-0.047230	-0.017739	-0.012666	-0.025233
Superscaffold10	13737478	14058744	0.037007	0.023540	0.014821	0.023034
Superscaffold10	14058826	14419119	-0.275449	-0.103560	-0.067789	-0.155086
Superscaffold10	14419122	14764617	-0.024192	-0.016169	-0.009510	-0.015941
Superscaffold10	14764626	15005863	0.203431	0.168256	0.106846	0.116852
Superscaffold10	15005913	15397573	-0.100430	-0.053467	-0.031314	-0.044601
Superscaffold10	15397629	15664451	-0.303137	-0.215179	-0.126907	-0.161114
Superscaffold10	15664466	15973493	0.158002	0.081833	0.054225	0.080325
Superscaffold10	15973573	16323087	0.017658	0.007347	0.004474	0.013072
Superscaffold10	16323092	16882600	-0.041374	-0.020910	-0.012653	-0.018098
Superscaffold10	16882612	17350293	0.047625	0.013641	0.009395	0.022366
Superscaffold10	17350298	17770279	-0.081409	-0.036715	-0.023656	-0.046868
Superscaffold10	17770380	18184221	0.026711	0.013336	0.007753	0.014380
Superscaffold10	18184266	18384764	-0.222108	-0.150879	-0.094351	-0.113313
Superscaffold10	18384823	18640110	-0.337709	-0.244771	-0.110674	-0.215452
Superscaffold10	18640111	18839022	-0.136116	-0.089613	-0.047890	-0.076839
Superscaffold10	18839057	19073504	-0.294646	-0.380698	-0.133991	-0.129011
Superscaffold10	19073561	19388894	0.126356	0.126572	0.058092	0.062904
Superscaffold10	19388899	19633012	-0.038157	-0.039141	-0.019965	-0.025747
Superscaffold10	19633018	19903260	0.119358	0.068867	0.042685	0.050535
Superscaffold10	19903319	20202267	-0.032630	-0.011244	-0.007508	-0.015807
Superscaffold10	20202302	20420502	0.015141	0.011443	0.006842	0.003991
Superscaffold10	20420503	20743884	-0.049013	-0.011709	-0.008943	-0.024424
Superscaffold10	20743898	21094256	-0.002969	-0.001063	-0.000702	0.001238
Superscaffold10	21094269	21294234	0.001421	0.000704	0.000443	0.003528
Superscaffold10	21294263	21515585	0.167815	0.135706	0.070476	0.100869
Superscaffold10	21515986	21813696	0.085818	0.043868	0.029882	0.040235
Superscaffold10	21813715	22005461	-0.256749	-0.178256	-0.105513	-0.154256
Superscaffold10	22005654	22291815	-0.069737	-0.032049	-0.021164	-0.036800
Superscaffold10	22291936	22478947	0.284184	0.166056	0.116147	0.143005
Superscaffold10	22478979	22750782	-0.157767	-0.077265	-0.045181	-0.092577
Superscaffold10	22750793	23102076	-0.056246	-0.017687	-0.012389	-0.029875
Superscaffold10	23102092	23487131	-0.029684	-0.009179	-0.006686	-0.015583
Superscaffold10	23488527	23808750	0.032843	0.016025	0.011780	0.015877
Superscaffold10	23808778	24208814	-0.185907	-0.174207	-0.093758	-0.096556
Superscaffold10	24208971	24521413	-0.281138	-0.136637	-0.088793	-0.160252
Superscaffold10	24521491	24905082	-0.110903	-0.033013	-0.023182	-0.062549
Superscaffold10	24905085	25160346	0.155761	0.072394	0.052853	0.088379
Superscaffold10	25160528	25361980	-0.034417	-0.015718	-0.010417	-0.013668
Superscaffold10	25364280	25639617	-0.090283	-0.055897	-0.033373	-0.044388
Superscaffold10	25639618	25837092	-0.005529	-0.003383	-0.002184	-0.002162
Superscaffold10	25837123	26020396	0.016398	0.011223	0.007313	0.001584
Superscaffold10	26020398	26235774	-0.054489	-0.024135	-0.017378	-0.031582
Superscaffold10	26235954	26372117	-0.022637	-0.017166	-0.009811	-0.012279
Superscaffold10	26372142	26485948	-0.190596	-0.120760	-0.082631	-0.113952
Superscaffold10	26486107	26761927	0.203904	0.118574	0.082769	0.099126
Superscaffold10	26761969	26965439	0.088087	0.054632	0.032660	0.040764
Superscaffold10	26965483	27285785	-0.256027	-0.208383	-0.101706	-0.132995
Superscaffold10	27286140	27571529	0.131393	0.055426	0.032352	0.070436
Superscaffold10	27571557	27821223	-0.059669	-0.027226	-0.017321	-0.031948
Superscaffold10	27821248	28040768	0.028218	0.018008	0.011679	0.010295
Superscaffold10	28040804	28468171	-0.108869	-0.060849	-0.040537	-0.045592
Superscaffold10	28468278	28712360	-0.266586	-0.163352	-0.098344	-0.143627
Superscaffold10	28712373	28885337	-0.211536	-0.189121	-0.096021	-0.113861
Superscaffold10	28886128	29103357	0.115260	0.080433	0.049982	0.056615
Superscaffold10	29103380	29538862	0.148546	0.057928	0.039303	0.046308
Superscaffold10	29538871	29680137	0.091823	0.077566	0.043103	0.048463
Superscaffold10	29680139	29934511	-0.084333	-0.029853	-0.021517	-0.041798
Superscaffold10	29934557	30246418	-0.042857	-0.040959	-0.017656	-0.013510
Superscaffold10	30246584	30389212	-0.088880	-0.092974	-0.048610	-0.034357
Superscaffold10	30389221	30560164	-0.538511	-0.443540	-0.231286	-0.394850
Superscaffold10	30560226	30740447	-0.235414	-0.109029	-0.068818	-0.121200
Superscaffold10	30740549	31073224	0.226499	0.085718	0.056244	0.151059
Superscaffold10	31073404	31246125	-0.531988	-0.360627	-0.222739	-0.329232
Superscaffold10	31246197	31516246	-0.414578	-0.265609	-0.149319	-0.280582
Superscaffold10	31516289	31761327	-0.513502	-0.331630	-0.201253	-0.394678
Superscaffold10	31761357	31963573	0.244238	0.117314	0.088977	0.114064
Superscaffold10	31963583	32157815	0.191270	0.181252	0.091692	0.112266
Superscaffold10	32157817	32600006	0.025856	0.018577	0.008379	0.024276
Superscaffold10	32600071	32860667	0.103122	0.077568	0.047033	0.055998
Superscaffold10	32860868	32967105	0.035111	0.045586	0.021448	0.018271
Superscaffold10	32967127	33121508	-0.039550	-0.025366	-0.018010	-0.017724
Superscaffold10	33122363	33367845	-0.416587	-0.244951	-0.140008	-0.217944
Superscaffold10	33367865	33540891	-0.318577	-0.368656	-0.224189	-0.213460
Superscaffold10	33540892	33993278	-0.456278	-0.108675	-0.089374	-0.294854
Superscaffold10	33993290	34378067	-0.734053	-0.112446	-0.096520	-0.472999
Superscaffold10	34378096	34774976	-0.590411	-0.133913	-0.107115	-0.362935
Superscaffold10	34775004	35171876	0.140594	0.056800	0.036338	0.068020
Superscaffold10	35172412	35570947	-0.224111	-0.079356	-0.045353	-0.098893
Superscaffold10	35570965	35845448	-0.222573	-0.106282	-0.060463	-0.118872
Superscaffold10	35845669	36197034	-0.067201	-0.029406	-0.015525	-0.026137
Superscaffold10	36197066	36432377	0.152438	0.117494	0.064620	0.090962
Superscaffold10	36432485	36757677	-0.098184	-0.059375	-0.034013	-0.052574
Superscaffold10	36757713	37006049	-0.064291	-0.028124	-0.018722	-0.023137
Superscaffold10	37006101	37279316	-0.124571	-0.103167	-0.057686	-0.051827
Superscaffold10	37279323	37457965	-0.255219	-0.203994	-0.094171	-0.100041
Superscaffold10	37457968	37664588	0.068412	0.025965	0.020107	0.027892
Superscaffold10	37664600	37846657	-0.007122	-0.006591	-0.003283	-0.002987
Superscaffold10	37846839	37998411	-0.049471	-0.061546	-0.030146	-0.025111
Superscaffold10	37998412	38124818	-0.010447	-0.012041	-0.006152	-0.003286
Superscaffold10	38124863	38272077	0.039878	0.035378	0.022356	0.013903
Superscaffold10	38272084	38363563	-0.009276	-0.010034	-0.005728	-0.005034
Superscaffold10	38363564	38507193	0.007174	0.006047	0.003810	0.004421
Superscaffold10	38507201	38674694	-0.051335	-0.056036	-0.028545	-0.022786
Superscaffold10	38674818	39166729	-0.059111	-0.037082	-0.022794	-0.025513
Superscaffold10	39167284	39527509	-0.011333	-0.008917	-0.005454	-0.005148
Superscaffold10	39527978	40102987	0.067032	0.066421	0.031518	0.036368
Superscaffold10	40103017	40385108	0.490022	0.239891	0.183433	0.219344
Superscaffold10	40385255	40601066	-0.069327	-0.042344	-0.028445	-0.020746
Superscaffold10	40601224	40717166	0.138875	0.169904	0.085110	0.060640
Superscaffold10	40717256	40836998	0.318548	0.323089	0.178714	0.196531
Superscaffold10	40837005	41042272	-0.010816	-0.009765	-0.006067	-0.003904
Superscaffold10	41042277	41235117	-0.156849	-0.087016	-0.049322	-0.070360
Superscaffold10	41235120	41501588	0.089086	0.032134	0.019328	0.027381
Superscaffold10	41501618	41707629	0.141788	0.083118	0.059672	0.066639
Superscaffold10	41707638	41939381	0.310198	0.340766	0.217427	0.134969
Superscaffold10	41939404	42164315	0.394275	0.261682	0.206477	0.211405
Superscaffold10	42164339	42348356	0.193812	0.311477	0.180766	0.097555
Superscaffold10	42348393	42459029	-0.224514	-0.496449	-0.187435	-0.120847
Superscaffold10	42459154	42622559	-0.250574	-0.261709	-0.127542	-0.145297
Superscaffold10	42622566	42828507	0.047409	0.038551	0.019127	0.016434
Superscaffold10	42828537	43100302	0.020273	0.016942	0.009697	0.005690
Superscaffold10	43100303	43322805	-0.118242	-0.070163	-0.043769	-0.050658
Superscaffold10	43322816	43593980	0.061517	0.029292	0.019420	0.019211
Superscaffold10	43593983	43815841	-0.121571	-0.095765	-0.050488	-0.057691
Superscaffold10	43815892	44243858	-0.122377	-0.090226	-0.059172	-0.079914
Superscaffold10	44243897	44413609	-0.189710	-0.138592	-0.074482	-0.116345
Superscaffold10	44413618	44873152	-0.039112	-0.041492	-0.023439	-0.020167
Superscaffold10	44873182	45046947	0.136491	0.084709	0.056726	0.069064
Superscaffold10	45047036	45226611	-0.192726	-0.270671	-0.143041	-0.117786
Superscaffold10	45226652	45452363	0.012017	0.011370	0.005980	0.008109
Superscaffold10	45452384	45706788	-0.067547	-0.038110	-0.024367	-0.042255
Superscaffold10	45706801	45817957	-0.127547	-0.210376	-0.097141	-0.060654
Superscaffold10	45817979	45933151	0.053980	0.104063	0.048670	0.025415
Superscaffold10	45933199	46055196	0.059123	0.065951	0.035716	0.032101
Superscaffold10	46055267	46205341	-0.146248	-0.230638	-0.103101	-0.069517
Superscaffold10	46205400	46428799	-0.124332	-0.131117	-0.075470	-0.061268
Superscaffold10	46428803	46706989	0.004746	0.005368	0.003097	0.000143
Superscaffold10	46708866	47470647	0.005728	0.004925	0.002998	0.003463
Superscaffold10	47470650	47586849	0.041067	0.051730	0.030894	0.019374
Superscaffold10	47586886	47723679	-0.273823	-0.423583	-0.165177	-0.173234
Superscaffold10	47723710	47846434	-0.003407	-0.003536	-0.002094	0.000577
Superscaffold10	47846456	47988630	0.043034	0.064368	0.034337	0.022321
Superscaffold10	47988921	48138712	-0.011040	-0.025524	-0.008658	-0.005119
Superscaffold10	48138735	48299121	-0.073471	-0.135478	-0.052973	-0.042246
Superscaffold10	48299125	48461314	0.146329	0.165683	0.089411	0.054674
Superscaffold10	48461337	48646153	0.096924	0.133986	0.058727	0.043316
Superscaffold10	48646217	48775904	0.086585	0.106326	0.056490	0.036120
Superscaffold10	48775945	49021636	0.298139	0.209999	0.148196	0.191173
Superscaffold10	49021653	49164413	0.200971	0.201548	0.083826	0.086137
Superscaffold10	49164419	49352258	0.002811	0.003553	0.001758	0.005346
Superscaffold10	49352349	49687729	-0.063417	-0.087343	-0.040610	-0.035138
Superscaffold10	49687772	49867314	-0.053836	-0.099667	-0.051741	-0.029298
Superscaffold10	49867912	49984410	-0.065867	-0.084207	-0.047957	-0.027811
Superscaffold10	49984420	50078632	-0.100244	-0.068958	-0.046876	-0.052973
Superscaffold10	50078694	50186534	-0.149395	-0.126342	-0.075095	-0.092727
Superscaffold10	50186543	50544629	-0.069761	-0.058182	-0.030521	-0.041174
Superscaffold10	50545597	50847793	-0.080116	-0.071512	-0.039635	-0.043232
Superscaffold10	50847796	51080282	-0.105213	-0.077165	-0.047149	-0.059443
Superscaffold10	51080342	51240783	-0.045374	-0.048293	-0.024712	-0.024024
Superscaffold10	51240791	51477506	0.060927	0.079888	0.046440	0.028109
Superscaffold10	51477573	51742783	-0.058510	-0.046221	-0.029583	-0.031553
Superscaffold10	51742811	51919955	0.080751	0.082134	0.050412	0.037604
Superscaffold10	51920116	52022721	-0.011466	-0.019604	-0.008752	-0.007005
Superscaffold10	52022733	52157905	0.033993	0.055275	0.028816	0.019062
Superscaffold10	52157990	52288307	-0.038643	-0.075950	-0.030199	-0.021581
Superscaffold10	52288329	52443169	-0.081989	-0.075857	-0.042607	-0.030853
Superscaffold10	52443340	52591208	-0.057592	-0.051559	-0.033338	-0.022244
Superscaffold10	52591211	52715246	-0.045078	-0.046468	-0.029360	-0.016581
Superscaffold10	52715269	52853424	0.040562	0.046827	0.027093	0.021009
Superscaffold10	52853847	53037956	0.070773	0.079568	0.046195	0.038459
Superscaffold10	53038012	53180490	-0.213443	-0.279593	-0.122913	-0.126172
Superscaffold10	53180528	53332434	-0.075495	-0.110734	-0.052727	-0.041830
Superscaffold10	53332525	53476332	-0.053337	-0.080775	-0.037885	-0.026387
Superscaffold10	53476344	53605081	-0.021688	-0.027744	-0.013499	-0.017338
Superscaffold10	53605133	53716733	-0.005165	-0.007388	-0.003649	-0.001896
Superscaffold10	53716749	53833234	0.103604	0.181121	0.098851	0.058079
Superscaffold10	53833320	54279763	-0.047051	-0.047207	-0.023655	-0.021007
Superscaffold10	54279770	54500284	0.036514	0.030769	0.016583	0.015815
Superscaffold10	54500304	54826991	-0.068858	-0.069198	-0.035708	-0.036011
Superscaffold10	54827031	54954596	-0.026323	-0.035495	-0.018313	-0.013265
Superscaffold10	54954600	55087577	0.010148	0.011696	0.006216	0.005051
Superscaffold10	55087602	55278637	-0.035905	-0.038602	-0.019998	-0.014619
Superscaffold10	55278735	55392111	-0.013746	-0.023911	-0.011219	-0.006071
Superscaffold10	55392124	55524202	-0.035533	-0.065490	-0.034705	-0.020980
Superscaffold11	230828	330776	0.235507	0.143200	0.102184	0.099122
Superscaffold11	330813	517420	-0.097439	-0.080124	-0.053838	-0.042107
Superscaffold11	517434	713889	-0.439908	-0.434746	-0.222229	-0.232842
Superscaffold11	713976	829794	0.449056	0.438491	0.253903	0.304403
Superscaffold11	829804	1086646	-0.252180	-0.185314	-0.112673	-0.169927
Superscaffold11	1086681	1300953	0.095566	0.090898	0.049356	0.053095
Superscaffold11	1300954	1611791	0.264438	0.211629	0.112134	0.151787
Superscaffold11	1612157	1884140	0.167048	0.120068	0.068086	0.082365
Superscaffold11	1884145	2719182	0.025782	0.016094	0.009593	0.009581
Superscaffold11	2720085	2977390	-0.155335	-0.114069	-0.063768	-0.065594
Superscaffold11	2977410	3439716	-0.066051	-0.038963	-0.023952	-0.034850
Superscaffold11	3439734	4482527	-0.070012	-0.057517	-0.033228	-0.043451
Superscaffold11	4482537	4874595	0.019243	0.019561	0.010769	0.010000
Superscaffold11	4874712	5149805	-0.408783	-0.457536	-0.198177	-0.185241
Superscaffold11	5149808	5356305	-0.145336	-0.104447	-0.065268	-0.077975
Superscaffold11	5356330	5569303	-0.230779	-0.181285	-0.107914	-0.132924
Superscaffold11	5569471	5960907	0.097148	0.100616	0.063257	0.057441
Superscaffold11	5960909	6394861	-0.190846	-0.166289	-0.086781	-0.103624
Superscaffold11	6394892	6855075	0.130227	0.143875	0.076689	0.066307
Superscaffold11	6855103	7107272	-0.196754	-0.227931	-0.108414	-0.100904
Superscaffold11	7107342	7276324	0.157371	0.171507	0.111046	0.083382
Superscaffold11	7276330	7709338	-0.129948	-0.062290	-0.041420	-0.064096
Superscaffold11	7709402	7852393	-0.070840	-0.066894	-0.040731	-0.031386
Superscaffold11	7852398	8109560	-0.188813	-0.156809	-0.097887	-0.106508
Superscaffold11	8109604	8458435	-0.166935	-0.152015	-0.091739	-0.094121
Superscaffold11	8458480	8838103	0.002738	0.002061	0.001380	0.000786
Superscaffold11	8838108	9003256	-0.206159	-0.220824	-0.125064	-0.094931
Superscaffold11	9003266	9202022	0.072938	0.057935	0.036603	0.028640
Superscaffold11	9202059	9402730	-0.115534	-0.077526	-0.048128	-0.044527
Superscaffold11	9402756	9640938	-0.097138	-0.071876	-0.040848	-0.037648
Superscaffold11	9641040	9840019	0.211842	0.207057	0.122269	0.121520
Superscaffold11	9840026	10049628	-0.012957	-0.010047	-0.006027	-0.004957
Superscaffold11	10049684	10196630	-0.064574	-0.056994	-0.034975	-0.034245
Superscaffold11	10196631	10376598	-0.026796	-0.019690	-0.012144	-0.014170
Superscaffold11	10376701	10801314	-0.043220	-0.056691	-0.023358	-0.029039
Superscaffold11	10801419	11078519	0.539976	0.349459	0.225276	0.278904
Superscaffold11	11080205	11340647	0.103526	0.076141	0.034327	0.043885
Superscaffold11	11340717	11616689	-0.228485	-0.116389	-0.071544	-0.134290
Superscaffold11	11616692	11990342	-0.176224	-0.077653	-0.052324	-0.077886
Superscaffold11	11990355	12683396	0.019831	0.006734	0.004516	0.007423
Superscaffold11	12683433	12956451	-0.038384	-0.021565	-0.011727	-0.015374
Superscaffold11	12956471	13231029	-0.077345	-0.039509	-0.021052	-0.034166
Superscaffold11	13231107	13390630	0.143130	0.105435	0.065033	0.070630
Superscaffold11	13390638	13641903	-0.127749	-0.048254	-0.035540	-0.076569
Superscaffold11	13641957	13830995	-0.366329	-0.245872	-0.153867	-0.216578
Superscaffold11	13831380	14112479	-0.184964	-0.191172	-0.100893	-0.094512
Superscaffold11	14112564	14503850	0.039167	0.033643	0.018876	0.021089
Superscaffold11	14503869	14595408	0.088315	0.089590	0.052642	0.049924
Superscaffold11	14595413	14730762	-0.089571	-0.087038	-0.049464	-0.056280
Superscaffold11	14730918	14845270	0.005307	0.007090	0.003948	0.003421
Superscaffold11	14845284	15130913	0.077105	0.051691	0.035592	0.038642
Superscaffold11	15130946	15501242	-0.151632	-0.132428	-0.071174	-0.069390
Superscaffold11	15501268	16004726	0.091443	0.051005	0.033116	0.042663
Superscaffold11	16004740	16309683	0.096382	0.088206	0.045945	0.045541
Superscaffold11	16309713	16602294	0.058997	0.038482	0.026291	0.018821
Superscaffold11	16602308	16765991	-0.024554	-0.016778	-0.011969	-0.007416
Superscaffold11	16766029	16934204	-0.013410	-0.016247	-0.006810	-0.005165
Superscaffold11	16934205	17052158	0.028557	0.046565	0.018722	0.014540
Superscaffold11	17052171	17465657	0.199649	0.171478	0.099826	0.096724
Superscaffold11	17465659	18068510	0.036610	0.021625	0.013405	0.023130
Superscaffold11	18068594	18211352	0.014393	0.008504	0.006204	0.005074
Superscaffold11	18211353	18445467	-0.146523	-0.096588	-0.056969	-0.072065
Superscaffold11	18445475	18810769	0.078879	0.079066	0.046355	0.033590
Superscaffold11	18810787	19020372	-0.148823	-0.136402	-0.084614	-0.105350
Superscaffold11	19020464	19579020	-0.017685	-0.009501	-0.005439	-0.015175
Superscaffold11	19579022	19762479	0.036465	0.039746	0.020906	0.016207
Superscaffold11	19762506	19886682	-0.082181	-0.123186	-0.061921	-0.045036
Superscaffold11	19886740	20331802	0.012426	0.012122	0.006292	0.005356
Superscaffold11	20331882	20690955	-0.019524	-0.015838	-0.007610	-0.000997
Superscaffold11	20690957	20817197	-0.000449	-0.000649	-0.000292	-0.003809
Superscaffold11	20817219	20931317	-0.049901	-0.063868	-0.025035	-0.019672
Superscaffold11	20931331	21115753	0.073842	0.068560	0.041378	0.037450
Superscaffold11	21115765	21342981	0.026440	0.015048	0.010120	0.012203
Superscaffold11	21343511	21619245	-0.372387	-0.313908	-0.177651	-0.227602
Superscaffold11	21619272	21793443	0.007978	0.004977	0.003336	0.001852
Superscaffold11	21793447	22027143	-0.114813	-0.054989	-0.035217	-0.051164
Superscaffold11	22027144	22228598	-0.001593	-0.000968	-0.000643	-0.001692
Superscaffold11	22228639	22412769	-0.104171	-0.110164	-0.060317	-0.046997
Superscaffold11	22412773	22536972	0.115924	0.103585	0.068427	0.064262
Superscaffold11	22536991	22713423	-0.121462	-0.110820	-0.060289	-0.060088
Superscaffold11	22713424	22844944	-0.041059	-0.034206	-0.021116	-0.017294
Superscaffold11	22844973	23117098	-0.188657	-0.126938	-0.075736	-0.099154
Superscaffold11	23117109	23474020	-0.048226	-0.028717	-0.016138	-0.028010
Superscaffold11	23474030	23742709	0.148385	0.108888	0.056529	0.081275
Superscaffold11	23742714	23951068	0.135570	0.084380	0.045582	0.048285
Superscaffold11	23951121	24176969	-0.033370	-0.015632	-0.011765	-0.015681
Superscaffold11	24177008	24300339	-0.316393	-0.351137	-0.178034	-0.198832
Superscaffold11	24300349	24659662	-0.255542	-0.168298	-0.111242	-0.171617
Superscaffold11	24659686	24911047	-0.168999	-0.063151	-0.035209	-0.096379
Superscaffold11	24911082	25132331	-0.049848	-0.040224	-0.020960	-0.024524
Superscaffold11	25132400	25380058	0.365067	0.232535	0.165438	0.191481
Superscaffold11	25380201	25544201	-0.124559	-0.294911	-0.071396	-0.043190
Superscaffold11	25544228	25729485	-0.016239	-0.013561	-0.008008	-0.009562
Superscaffold11	25729521	25989394	-0.046774	-0.028620	-0.018585	-0.026132
Superscaffold11	25989398	26304911	0.096222	0.060029	0.038798	0.043625
Superscaffold11	26304922	26648423	0.096683	0.041633	0.029815	0.036096
Superscaffold11	26648639	26930695	0.059576	0.054327	0.032250	0.025382
Superscaffold11	26930943	27321209	-0.631537	-0.663620	-0.302411	-0.466814
Superscaffold11	27321285	27569437	-0.287728	-0.196406	-0.117006	-0.207990
Superscaffold11	27569472	27789688	-0.142089	-0.108142	-0.070135	-0.081204
Superscaffold11	27789729	28014724	-0.065807	-0.037144	-0.025415	-0.036692
Superscaffold11	28014753	28272955	-0.260755	-0.143375	-0.069253	-0.185699
Superscaffold11	28272966	28489360	-0.066093	-0.028444	-0.018827	-0.031662
Superscaffold11	28489435	28780156	0.164856	0.090651	0.062435	0.095189
Superscaffold11	28780182	29002749	0.066078	0.049689	0.033237	0.039036
Superscaffold11	29002777	29158338	0.027175	0.013964	0.010916	0.009513
Superscaffold11	29158439	29335948	0.171846	0.112931	0.071525	0.085422
Superscaffold11	29336723	29969123	0.121643	0.065612	0.039394	0.046419
Superscaffold11	29969158	30421979	0.045417	0.017989	0.013574	0.016736
Superscaffold11	30422135	30670393	0.058178	0.036146	0.023944	0.024961
Superscaffold11	30670400	31070751	0.120104	0.055008	0.039159	0.054164
Superscaffold11	31070806	31261492	-0.033881	-0.032680	-0.017322	-0.018105
Superscaffold11	31261523	31529882	-0.252074	-0.173940	-0.109175	-0.160477
Superscaffold11	31529919	31652372	0.159460	0.092666	0.059443	0.071050
Superscaffold11	31652473	31868652	-0.064137	-0.041782	-0.026716	-0.034221
Superscaffold11	31868687	32121067	-0.331752	-0.166391	-0.111326	-0.161699
Superscaffold11	32121098	32338503	-0.280957	-0.150385	-0.097906	-0.156053
Superscaffold11	32338528	32614516	0.027159	0.020188	0.008271	0.017407
Superscaffold11	32614538	32994930	-0.121799	-0.083141	-0.048884	-0.065814
Superscaffold11	32997442	33492088	-0.051103	-0.009935	-0.007622	-0.028708
Superscaffold11	33492100	33761157	0.602972	0.282442	0.153758	0.350464
Superscaffold11	33761248	34032900	0.575486	0.474865	0.234695	0.380714
Superscaffold11	34032963	34159711	0.527135	0.504531	0.214162	0.297076
Superscaffold11	34159733	34412480	0.417181	0.310607	0.157034	0.250744
Superscaffold11	34412510	34836899	-0.029224	-0.011048	-0.006879	-0.019752
Superscaffold11	34837128	35280731	-0.370132	-0.167113	-0.096706	-0.257190
Superscaffold11	35280759	35448354	0.074000	0.075363	0.038530	0.036243
Superscaffold11	35448384	35636786	-0.086356	-0.051111	-0.035159	-0.037243
Superscaffold11	35636790	35847933	0.206875	0.199713	0.132499	0.105665
Superscaffold11	35847997	36062537	-0.051875	-0.049647	-0.031842	-0.025786
Superscaffold11	36062729	36247619	0.250387	0.152437	0.109791	0.127436
Superscaffold11	36253578	36476325	-0.046094	-0.039342	-0.023878	-0.024469
Superscaffold11	36476366	36697154	-0.134304	-0.089849	-0.050840	-0.067484
Superscaffold11	36697234	36922938	-0.105919	-0.059085	-0.037329	-0.040986
Superscaffold11	36922939	37196635	-0.002156	-0.001711	-0.001016	-0.000890
Superscaffold11	37196957	37469726	-0.251523	-0.131941	-0.089084	-0.137283
Superscaffold11	37469742	37655844	-0.023501	-0.020512	-0.012894	-0.018086
Superscaffold11	37655860	38131748	-0.359349	-0.369253	-0.178675	-0.188394
Superscaffold11	38132016	38829133	-0.172548	-0.091570	-0.058376	-0.085026
Superscaffold11	38829244	39025935	0.045836	0.029765	0.019309	0.020979
Superscaffold11	39025948	39263987	-0.154594	-0.120978	-0.075220	-0.087709
Superscaffold11	39264065	39706603	0.055802	0.066366	0.037602	0.028879
Superscaffold11	39706633	40032315	0.040807	0.031710	0.020563	0.016222
Superscaffold11	40032325	40277825	0.006136	0.002279	0.001545	0.004623
Superscaffold11	40277859	40642926	0.266036	0.149409	0.088040	0.171219
Superscaffold11	40642935	40853252	-0.120660	-0.142324	-0.064835	-0.053808
Superscaffold11	40853282	41147144	-0.296248	-0.363470	-0.144462	-0.140360
Superscaffold11	41147159	41426611	-0.108698	-0.108805	-0.043517	-0.043448
Superscaffold11	41426654	41613118	0.007957	0.006528	0.003844	0.004054
Superscaffold11	41613142	41742593	-0.488803	-0.787914	-0.285401	-0.307346
Superscaffold11	41742607	41908605	-0.140516	-0.110250	-0.049353	-0.085274
Superscaffold11	41908623	42090351	-0.167717	-0.166530	-0.098271	-0.088559
Superscaffold11	42090368	42239965	-0.052817	-0.046466	-0.028083	-0.032376
Superscaffold11	42239966	42521022	0.124362	0.081151	0.049969	0.062939
Superscaffold11	42521038	42779575	-0.111314	-0.101913	-0.052183	-0.057459
Superscaffold11	42779579	42930796	-0.424732	-0.666478	-0.231695	-0.247538
Superscaffold11	42930800	43141326	-0.082851	-0.075282	-0.039507	-0.048597
Superscaffold11	43141561	43530485	0.268104	0.173049	0.114495	0.155120
Superscaffold11	43530610	44055917	0.053599	0.045637	0.023220	0.035614
Superscaffold11	44055940	44249529	0.068110	0.058486	0.035114	0.039449
Superscaffold11	44249532	44407878	-0.103807	-0.148144	-0.067530	-0.050408
Superscaffold11	44407900	44639353	0.052065	0.056419	0.027783	0.021988
Superscaffold11	44639594	44804775	0.080609	0.071931	0.040198	0.044751
Superscaffold11	44804921	45044490	0.031941	0.019105	0.012214	0.013480
Superscaffold11	45044578	45326213	0.039698	0.017099	0.013100	0.015392
Superscaffold11	45326364	45567089	-0.124345	-0.073937	-0.048493	-0.058824
Superscaffold11	45567128	46141964	0.012702	0.007340	0.004408	-0.000102
Superscaffold11	46141998	46528378	-0.122939	-0.077712	-0.047445	-0.054834
Superscaffold11	46529036	46896159	-0.011716	-0.005849	-0.003953	-0.004832
Superscaffold11	46896175	47279120	0.010997	0.007677	0.004918	0.004383
Superscaffold11	47279248	47547415	0.047478	0.025478	0.018130	0.021608
Superscaffold11	47547446	47836458	-0.137714	-0.059003	-0.040357	-0.047771
Superscaffold11	47836495	48072659	0.181396	0.130529	0.087250	0.097951
Superscaffold11	48072710	48285175	0.068425	0.053755	0.030601	0.032990
Superscaffold11	48285382	48562003	-0.003416	-0.001818	-0.001218	-0.004999
Superscaffold11	48562022	48810321	0.028491	0.028482	0.012961	0.016042
Superscaffold11	48810417	49259120	0.141090	0.101117	0.057460	0.061293
Superscaffold11	49259123	49800448	0.072406	0.051606	0.031866	0.034822
Superscaffold11	49800599	50367651	0.094149	0.075770	0.041461	0.042130
Superscaffold11	50367733	50810486	-0.060569	-0.054470	-0.030453	-0.033864
Superscaffold11	50810525	51266312	-0.138295	-0.069231	-0.040123	-0.067695
Superscaffold11	51266313	51556532	0.158418	0.146713	0.081821	0.082093
Superscaffold11	51556599	51765270	0.030675	0.023124	0.014090	0.015756
Superscaffold11	51765349	52254502	-0.201801	-0.087685	-0.052563	-0.110882
Superscaffold11	52254506	52497593	0.054995	0.038793	0.025714	0.023040
Superscaffold11	52497719	52734911	-0.105375	-0.058570	-0.039584	-0.046690
Superscaffold11	52735059	52952257	0.040474	0.037674	0.025011	0.024775
Superscaffold11	52952355	53309072	-0.153831	-0.129003	-0.075563	-0.087792
Superscaffold11	53309100	53815694	-0.073036	-0.053023	-0.031626	-0.036047
Superscaffold11	53815713	54036498	0.062549	0.054540	0.032467	0.033366
Superscaffold11	54036544	54151069	0.132377	0.132724	0.076213	0.069149
Superscaffold11	54151271	54560301	-0.137934	-0.107628	-0.059467	-0.069126
Superscaffold11	54560312	54722007	0.010711	0.008801	0.005451	0.009552
Superscaffold11	54722153	54908601	0.106567	0.074460	0.047574	0.057632
Superscaffold11	54908686	55172431	-0.088734	-0.050785	-0.032188	-0.049047
Superscaffold11	55172444	55695697	-0.120925	-0.032505	-0.024069	-0.061833
Superscaffold11	55695705	55998071	0.079654	0.033766	0.022231	0.043122
Superscaffold11	55998082	56165855	-0.207389	-0.208679	-0.086111	-0.092242
Superscaffold11	56165893	56443533	-0.214811	-0.271981	-0.112080	-0.118241
Superscaffold11	56448905	56714208	-0.416642	-0.359284	-0.180300	-0.229191
Superscaffold11	56714242	57037563	-0.081562	-0.058167	-0.031894	-0.040589
Superscaffold11	57037763	57330330	-0.066737	-0.027549	-0.019623	-0.036393
Superscaffold11	57330358	57584825	-0.182022	-0.165560	-0.080650	-0.090763
Superscaffold11	57584972	57912071	-0.058584	-0.037025	-0.022385	-0.023204
Superscaffold11	57912323	58360568	0.034581	0.018097	0.009933	0.016355
Superscaffold11	58360573	58594813	0.091373	0.062017	0.033968	0.044184
Superscaffold11	58594836	58853285	0.131649	0.091813	0.058285	0.054922
Superscaffold11	58853286	59065824	0.232429	0.171660	0.124176	0.108018
Superscaffold12	157426	404727	-0.060341	-0.045259	-0.024049	-0.031580
Superscaffold12	405031	723963	-0.362222	-0.212905	-0.122272	-0.201232
Superscaffold12	723969	1014614	-0.039042	-0.027077	-0.015982	-0.016478
Superscaffold12	1015477	1714033	-0.075155	-0.031214	-0.021974	-0.031099
Superscaffold12	1714055	1935473	-0.013098	-0.014939	-0.008262	-0.006865
Superscaffold12	1935502	2243703	0.075208	0.031984	0.021861	0.036376
Superscaffold12	2243704	2581795	-0.078914	-0.026642	-0.018849	-0.040746
Superscaffold12	2581904	2972197	0.100523	0.020744	0.016438	0.052165
Superscaffold12	2972230	3407718	0.033932	0.011965	0.008886	0.017367
Superscaffold12	3407721	3833802	0.046926	0.011675	0.008421	0.020880
Superscaffold12	3833923	4322228	0.080420	0.025415	0.016015	0.037591
Superscaffold12	4322242	4765284	-0.074980	-0.024192	-0.015864	-0.049031
Superscaffold12	4765366	5071654	-0.179083	-0.123281	-0.066019	-0.097816
Superscaffold12	5079788	5387545	-0.166321	-0.071193	-0.043992	-0.091629
Superscaffold12	5387602	5577012	-0.020491	-0.015685	-0.009671	-0.011947
Superscaffold12	5577081	5768348	-0.003518	-0.003348	-0.001920	-0.002137
Superscaffold12	5768376	5914658	-0.229579	-0.260452	-0.121362	-0.110268
Superscaffold12	5914695	6210187	-0.175729	-0.166510	-0.090867	-0.095082
Superscaffold12	6210242	6461418	-0.355735	-0.149965	-0.102467	-0.192353
Superscaffold12	6461446	6729134	-0.106177	-0.087148	-0.054394	-0.049896
Superscaffold12	6729328	6901161	-0.015493	-0.013410	-0.007896	-0.000907
Superscaffold12	6901232	7058739	0.025379	0.029267	0.017627	0.009467
Superscaffold12	7059145	7298405	-0.265812	-0.198770	-0.114758	-0.148285
Superscaffold12	7298557	7562552	-0.319883	-0.222649	-0.129002	-0.195737
Superscaffold12	7563307	7916414	0.094857	0.036582	0.022498	0.047258
Superscaffold12	7916678	8211937	0.195302	0.099694	0.064403	0.109518
Superscaffold12	8211981	8378276	-0.006429	-0.003930	-0.002378	-0.004088
Superscaffold12	8378280	8688680	-0.223929	-0.227904	-0.090425	-0.138367
Superscaffold12	8688702	8965681	0.300820	0.165553	0.100100	0.178374
Superscaffold12	8965750	9252639	-0.073854	-0.032379	-0.021049	-0.036838
Superscaffold12	9252683	9510124	-0.586424	-0.258509	-0.168931	-0.342953
Superscaffold12	9510164	9859690	-0.087727	-0.034329	-0.022375	-0.041928
Superscaffold12	9859744	10119178	-0.208463	-0.090442	-0.057655	-0.121170
Superscaffold12	10119224	10533987	-0.015715	-0.004819	-0.003364	-0.006309
Superscaffold12	10534844	10960649	0.031108	0.009816	0.007019	0.016713
Superscaffold12	10960707	11438952	-0.188556	-0.044489	-0.031759	-0.110135
Superscaffold12	11439330	11817638	-0.026338	-0.008380	-0.005088	-0.010786
Superscaffold12	11817671	12582346	-0.028858	-0.014733	-0.008646	-0.016359
Superscaffold12	12582459	13393826	0.022832	0.011467	0.006796	0.005768
Superscaffold12	13393870	13842762	0.135798	0.034212	0.023801	0.047731
Superscaffold12	13842772	14197646	-0.151525	-0.053930	-0.038031	-0.067487
Superscaffold12	14197659	14721914	-0.100858	-0.026366	-0.018008	-0.053599
Superscaffold12	14722961	15042736	-0.695384	-0.454914	-0.240904	-0.563522
Superscaffold12	15042815	15545197	0.076879	0.023433	0.017400	0.051242
Superscaffold12	15545343	16436218	0.043607	0.005007	0.003868	0.022039
Superscaffold12	16436222	17152566	-0.043808	-0.006966	-0.005293	-0.028266
Superscaffold12	17153369	17683987	0.419507	0.114256	0.084667	0.314555
Superscaffold12	17684028	18471877	0.107061	0.017520	0.013356	0.060778
Superscaffold12	18471925	19320710	-0.015243	-0.003312	-0.002395	-0.008158
Superscaffold12	19320878	19924517	0.121108	0.022397	0.017008	0.077623
Superscaffold12	19924546	20426930	-0.024638	-0.004493	-0.003255	-0.014397
Superscaffold12	20427019	20825586	0.106862	0.035333	0.022231	0.053086
Superscaffold12	20826310	21261776	-0.310408	-0.121242	-0.074986	-0.210768
Superscaffold12	21261792	21645484	-0.067815	-0.040956	-0.022205	-0.038593
Superscaffold12	21645534	21862617	-0.132979	-0.082082	-0.051611	-0.073411
Superscaffold12	21862638	22098549	0.032914	0.022431	0.012145	0.013853
Superscaffold12	22098596	22436052	0.130205	0.112457	0.055807	0.056709
Superscaffold12	22436187	22695130	0.396142	0.381371	0.182761	0.263849
Superscaffold12	22695168	22974687	0.004042	0.002891	0.001338	0.001948
Superscaffold12	22974874	23402285	0.162251	0.095452	0.053673	0.091008
Superscaffold12	23402287	23653647	0.238362	0.125005	0.077188	0.139537
Superscaffold12	23653767	23965298	0.094220	0.043346	0.024350	0.055322
Superscaffold12	23966517	24504067	-0.072952	-0.022701	-0.014297	-0.039017
Superscaffold12	24504303	24884430	0.094071	0.037743	0.025089	0.044051
Superscaffold12	24884431	25323153	-0.103251	-0.028118	-0.020576	-0.059487
Superscaffold12	25323205	25681880	0.029983	0.016985	0.010301	0.014723
Superscaffold12	25681960	25988813	-0.099730	-0.043719	-0.028060	-0.065313
Superscaffold12	25988835	26327493	0.374090	0.173473	0.116471	0.283435
Superscaffold12	26327594	26950820	-0.234206	-0.100356	-0.063584	-0.124204
Superscaffold12	26950834	27443732	-0.056814	-0.029958	-0.020325	-0.029388
Superscaffold12	27443862	27722129	-0.146266	-0.071641	-0.048204	-0.077771
Superscaffold12	27722442	27944170	-0.267751	-0.136537	-0.085136	-0.148884
Superscaffold12	27944176	28286653	-0.133515	-0.082670	-0.042127	-0.069961
Superscaffold12	28286674	28673220	-0.004825	-0.002121	-0.001441	-0.002373
Superscaffold12	28673221	28940473	-0.260566	-0.169289	-0.107005	-0.150562
Superscaffold12	28940503	29246549	0.248932	0.121790	0.080893	0.165584
Superscaffold12	29246554	29605040	0.044796	0.020828	0.013038	0.022388
Superscaffold12	29605051	29969746	-0.044106	-0.018601	-0.012144	-0.025563
Superscaffold12	29969936	30399231	-0.103771	-0.020451	-0.015865	-0.060422
Superscaffold12	30399358	30603538	-0.044298	-0.027586	-0.014285	-0.017596
Superscaffold12	30603655	31081876	-0.081536	-0.019323	-0.014215	-0.041245
Superscaffold12	31081999	31895824	-0.196276	-0.097253	-0.059575	-0.101764
Superscaffold12	31895869	32168067	-0.197744	-0.107145	-0.072256	-0.089831
Superscaffold12	32168074	32310701	-0.096407	-0.070312	-0.045369	-0.049029
Superscaffold12	32310798	32500334	0.180362	0.100035	0.058278	0.092588
Superscaffold12	32500445	32793437	-0.093496	-0.060769	-0.033588	-0.047706
Superscaffold12	32793444	33067046	-0.525069	-0.290074	-0.168421	-0.377228
Superscaffold12	33067053	33358071	-0.514444	-0.413905	-0.204792	-0.357937
Superscaffold12	33358084	33822715	0.107728	0.049049	0.030154	0.068233
Superscaffold12	33822752	34137300	-0.012119	-0.004345	-0.003118	-0.003272
Superscaffold12	34137376	34435810	0.099073	0.036907	0.024412	0.034501
Superscaffold12	34435952	34717505	-0.130238	-0.065456	-0.038199	-0.044074
Superscaffold12	34717545	35009266	0.005489	0.001822	0.001306	0.001967
Superscaffold12	35009279	35235807	0.016566	0.012720	0.006955	0.002871
Superscaffold12	35235876	35657696	0.016640	0.007006	0.004692	0.008228
Superscaffold12	35657735	35969156	-0.156513	-0.081013	-0.051190	-0.083978
Superscaffold12	35969168	36256815	0.065161	0.034874	0.022686	0.036539
Superscaffold12	36256816	36539536	0.052727	0.021454	0.013390	0.021504
Superscaffold12	36539934	36756199	-0.043066	-0.030300	-0.018528	-0.023414
Superscaffold12	36756211	37001534	-0.118960	-0.054899	-0.036603	-0.055435
Superscaffold12	37001555	37583357	-0.157179	-0.106428	-0.059506	-0.084438
Superscaffold12	37583435	37785770	-0.273026	-0.158839	-0.100248	-0.169927
Superscaffold12	37785787	37989659	-0.182987	-0.084155	-0.057141	-0.073304
Superscaffold12	37989682	38192055	-0.067394	-0.056678	-0.033976	-0.030299
Superscaffold12	38192073	38319573	-0.061365	-0.062493	-0.034556	-0.036464
Superscaffold12	38319589	38493813	0.120552	0.087473	0.056213	0.063535
Superscaffold12	38493869	38684184	-0.162775	-0.085930	-0.045952	-0.078079
Superscaffold12	38684260	38948970	0.038841	0.029341	0.017066	0.016402
Superscaffold12	38948979	39220940	-0.143827	-0.101417	-0.066248	-0.068004
Superscaffold12	39220995	39542241	-0.113595	-0.052379	-0.038095	-0.064690
Superscaffold12	39542262	39772452	-0.159908	-0.078379	-0.052035	-0.071454
Superscaffold12	39772523	40030075	-0.171472	-0.152814	-0.077485	-0.098037
Superscaffold12	40030077	40288392	-0.305126	-0.208145	-0.106377	-0.146419
Superscaffold12	40288597	40504669	0.100852	0.081868	0.040962	0.055820
Superscaffold12	40504684	40711373	-0.076825	-0.054407	-0.033975	-0.045554
Superscaffold12	40711397	41288914	0.075915	0.054354	0.029533	0.043780
Superscaffold12	41288988	41526015	-0.187275	-0.114323	-0.064805	-0.091325
Superscaffold12	41526019	42209749	0.080747	0.024821	0.015454	0.040681
unanchor63	9926	40236	0.034189	0.030727	0.018520	0.015413
unanchor224	8056	613919	-0.026728	-0.016891	-0.010063	-0.012842
unanchor236	78596	460395	0.152400	0.158540	0.102591	0.082713
unanchor243	39035	497705	0.090842	0.080355	0.041444	0.040728
unanchor250	32814	533070	-0.239102	-0.163775	-0.081286	-0.133149
unanchor251	254464	879078	0.117869	0.053366	0.037077	0.058646
unanchor255	96870	436529	-0.076819	-0.055583	-0.032291	-0.044851
unanchor255	436542	1096068	0.101293	0.063047	0.043817	0.047043
unanchor272	109504	223131	-0.069799	-0.074025	-0.037814	-0.038436
unanchor272	223143	522297	0.361242	0.252613	0.138469	0.217724
unanchor274	10611	298765	0.208339	0.177112	0.103944	0.106013
unanchor278	203835	388248	0.085452	0.073429	0.040306	0.043087
unanchor278	388258	940052	0.006910	0.005116	0.002911	0.008935
unanchor283	57730	347333	-0.164501	-0.083637	-0.051295	-0.096932
unanchor290	93773	164018	-0.047894	-0.027214	-0.017038	-0.023750
unanchor292	164048	222933	0.122526	0.053738	0.037612	0.058411
unanchor293	222937	888437	-0.136810	-0.079293	-0.043812	-0.076951
unanchor309	30627	169668	-0.072692	-0.055434	-0.026758	-0.039962
unanchor311	169706	181614	-0.003491	-0.003368	-0.001713	-0.002976
unanchor315	19606	318525	0.114687	0.061640	0.037848	0.064077
unanchor317	318541	560338	0.019454	0.009640	0.006042	0.002060
