chr	windowStart	windowEnd	D	f_d	f_dM	d_f
Superscaffold1	524099	669385	0.189979	0.146918	0.107900	0.082542
Superscaffold1	669508	827842	-0.028706	-0.018732	-0.013042	-0.014167
Superscaffold1	827854	1148829	0.077331	0.061149	0.037599	0.039502
Superscaffold1	1148890	1382441	0.029093	0.020138	0.012906	0.011568
Superscaffold1	1382482	1646055	0.205364	0.147333	0.097225	0.114191
Superscaffold1	1646331	1969376	-0.271811	-0.155373	-0.092752	-0.140791
Superscaffold1	1972728	2281566	-0.028257	-0.012783	-0.007581	-0.011871
Superscaffold1	2281632	2452309	-0.089048	-0.072348	-0.044732	-0.046717
Superscaffold1	2452327	2677912	-0.155543	-0.123144	-0.074256	-0.091900
Superscaffold1	2677921	2819406	0.083746	0.107646	0.053451	0.038882
Superscaffold1	2819412	3040612	-0.178888	-0.197733	-0.083893	-0.093462
Superscaffold1	3040625	3249644	0.047827	0.045682	0.025299	0.026109
Superscaffold1	3249656	3561961	0.047093	0.026761	0.017441	0.023201
Superscaffold1	3562078	3830432	0.022197	0.016415	0.009257	0.008784
Superscaffold1	3831039	4133778	-0.049798	-0.031910	-0.018582	-0.021360
Superscaffold1	4134002	4411080	0.043208	0.033337	0.018960	0.032512
Superscaffold1	4411194	4645951	0.001384	0.000978	0.000573	0.000112
Superscaffold1	4646046	4855268	-0.048525	-0.046575	-0.026543	-0.022580
Superscaffold1	4855391	5166657	-0.129959	-0.081239	-0.048949	-0.069058
Superscaffold1	5166697	5409262	-0.178559	-0.146317	-0.080737	-0.099626
Superscaffold1	5409283	5660808	-0.277292	-0.251270	-0.133392	-0.155943
Superscaffold1	5660816	5876366	-0.133423	-0.083120	-0.055007	-0.078289
Superscaffold1	5876368	6172765	-0.080754	-0.061973	-0.035923	-0.045262
Superscaffold1	6173371	6382805	0.061903	0.041824	0.026013	0.027756
Superscaffold1	6383556	6658833	-0.081356	-0.051095	-0.032073	-0.044388
Superscaffold1	6658844	6898875	-0.184624	-0.098638	-0.064498	-0.081749
Superscaffold1	6898876	7258800	-0.285400	-0.158202	-0.098130	-0.153303
Superscaffold1	7258910	7582602	-0.121494	-0.068235	-0.043468	-0.065023
Superscaffold1	7582662	7976028	-0.019130	-0.017596	-0.009445	-0.008134
Superscaffold1	7976030	8567729	0.011927	0.007387	0.004717	0.004129
Superscaffold1	8567901	9575550	-0.007763	-0.004369	-0.002793	-0.008707
Superscaffold1	9575584	10381859	0.044041	0.030499	0.018330	0.019600
Superscaffold1	10382175	10723089	-0.068027	-0.053635	-0.032662	-0.032167
Superscaffold1	10723105	10978864	-0.034353	-0.024758	-0.013565	-0.020218
Superscaffold1	10979084	11240504	-0.068419	-0.032538	-0.023874	-0.031209
Superscaffold1	11240685	11493316	-0.045240	-0.023062	-0.017386	-0.019303
Superscaffold1	11493379	11787332	-0.156382	-0.067446	-0.043238	-0.053586
Superscaffold1	11787408	11995196	-0.236910	-0.174586	-0.109565	-0.124216
Superscaffold1	11995232	12308540	0.012300	0.008715	0.005274	0.007040
Superscaffold1	12308601	12555929	0.199801	0.188401	0.105950	0.113879
Superscaffold1	12555945	12907510	-0.005044	-0.002032	-0.001401	-0.002102
Superscaffold1	12907565	13460819	-0.250310	-0.068779	-0.050029	-0.160044
Superscaffold1	13460851	13977239	-0.183812	-0.070333	-0.047460	-0.090056
Superscaffold1	13977327	14521616	-0.070548	-0.036518	-0.022391	-0.037253
Superscaffold1	14521629	14815216	0.056409	0.031727	0.018584	0.028631
Superscaffold1	14815323	15070911	0.061749	0.043549	0.026301	0.037857
Superscaffold1	15070960	15330134	0.544302	0.358396	0.208201	0.425964
Superscaffold1	15330223	15567922	0.105312	0.074775	0.041850	0.058761
Superscaffold1	15567950	15830107	-0.213874	-0.098480	-0.057380	-0.112785
Superscaffold1	15830200	16093930	-0.167266	-0.108508	-0.055161	-0.091409
Superscaffold1	16096347	16387524	-0.348250	-0.185268	-0.099241	-0.186777
Superscaffold1	16387638	16703657	-0.088205	-0.060899	-0.035873	-0.042492
Superscaffold1	16703659	16955105	-0.042178	-0.036288	-0.023602	-0.018927
Superscaffold1	16955110	17257635	0.093750	0.079816	0.046483	0.046301
Superscaffold1	17257709	17701397	-0.078369	-0.034995	-0.023984	-0.036892
Superscaffold1	17701883	18313005	-0.076974	-0.056649	-0.029630	-0.034591
Superscaffold1	18313021	18544775	-0.051448	-0.038530	-0.022080	-0.026716
Superscaffold1	18544897	18965865	-0.177173	-0.095484	-0.058343	-0.081333
Superscaffold1	18965986	19139531	0.106766	0.091725	0.063377	0.060261
Superscaffold1	19139646	19579883	-0.130970	-0.066371	-0.045298	-0.065733
Superscaffold1	19579907	19845713	-0.280384	-0.100668	-0.078445	-0.153704
Superscaffold1	19845850	20061430	-0.118770	-0.073576	-0.048360	-0.065946
Superscaffold1	20061501	20378126	0.004815	0.002942	0.001769	0.002858
Superscaffold1	20378133	21084826	0.010861	0.005471	0.002894	0.007537
Superscaffold1	21084842	21366719	-0.118907	-0.051898	-0.032454	-0.078274
Superscaffold1	21366736	21638558	0.147322	0.099536	0.054534	0.078093
Superscaffold1	21638814	22039697	0.058397	0.030925	0.020815	0.028552
Superscaffold1	22040075	22449435	0.084258	0.035635	0.022721	0.042410
Superscaffold1	22449449	23122178	0.101063	0.021139	0.015636	0.054936
Superscaffold1	23122245	23625290	0.208984	0.059258	0.040124	0.105689
Superscaffold1	23625446	23924242	-0.072368	-0.045012	-0.027044	-0.029847
Superscaffold1	23924926	24190033	-0.508856	-0.561859	-0.249662	-0.300043
Superscaffold1	24190040	24471701	-0.019679	-0.019277	-0.010724	-0.012291
Superscaffold1	24471756	24758471	-0.118078	-0.043648	-0.030444	-0.048116
Superscaffold1	24758478	25067871	0.101936	0.068814	0.039603	0.045719
Superscaffold1	25068777	25401162	-0.390261	-0.229998	-0.122049	-0.176820
Superscaffold1	25401169	25621955	0.064270	0.035850	0.025102	0.026188
Superscaffold1	25622587	25859355	-0.147284	-0.094763	-0.064314	-0.064125
Superscaffold1	25859438	26092304	-0.115527	-0.120523	-0.067324	-0.058342
Superscaffold1	26092306	26311537	-0.228797	-0.149449	-0.077768	-0.111286
Superscaffold1	26311556	26638336	-0.311847	-0.186431	-0.109272	-0.187408
Superscaffold1	26638512	26908496	-0.658772	-0.748488	-0.295716	-0.507444
Superscaffold1	26908528	27198390	-0.296384	-0.140494	-0.068562	-0.211761
Superscaffold1	27198515	27356574	-0.329382	-0.529071	-0.139948	-0.162418
Superscaffold1	27356841	27656721	0.011124	0.006131	0.003497	0.001625
Superscaffold1	27656850	27913547	-0.077859	-0.070963	-0.038972	-0.035979
Superscaffold1	27913560	28082765	-0.092534	-0.084318	-0.043262	-0.035960
Superscaffold1	28082792	28256583	0.197406	0.232671	0.115298	0.119822
Superscaffold1	28256665	28511615	-0.139045	-0.134848	-0.075293	-0.071768
Superscaffold1	28511616	28707766	-0.294169	-0.440993	-0.227609	-0.176010
Superscaffold1	28707773	29065523	-0.178868	-0.091206	-0.048313	-0.102984
Superscaffold1	29065677	29377748	-0.319695	-0.170015	-0.108363	-0.169749
Superscaffold1	29377767	29643115	0.019479	0.012677	0.007345	0.012160
Superscaffold1	29643187	29962417	-0.122267	-0.054708	-0.029370	-0.062175
Superscaffold1	29962636	30282290	-0.009084	-0.008822	-0.005755	-0.006226
Superscaffold1	30282415	30781143	-0.180794	-0.113240	-0.059264	-0.089697
Superscaffold1	30781177	31000620	-0.596409	-0.840054	-0.270109	-0.394182
Superscaffold1	31000646	31244867	0.070692	0.027360	0.017769	0.036857
Superscaffold1	31244869	31662752	-0.297859	-0.111973	-0.076298	-0.159376
Superscaffold1	31663042	32158565	-0.227371	-0.205369	-0.104184	-0.142342
Superscaffold1	32159199	32403622	-0.261718	-0.149062	-0.098113	-0.126989
Superscaffold1	32403635	32759777	0.422852	0.229860	0.154547	0.258990
Superscaffold1	32759914	33135658	-0.131641	-0.068474	-0.044081	-0.079194
Superscaffold1	33135758	33450044	0.021694	0.009274	0.006767	0.007565
Superscaffold1	33450061	33549159	0.234889	0.179931	0.111027	0.146593
Superscaffold1	33549177	33805427	-0.031328	-0.028896	-0.016978	-0.013505
Superscaffold1	33805428	33967339	-0.171106	-0.154314	-0.093437	-0.109295
Superscaffold1	33967432	34179736	-0.160188	-0.082255	-0.051772	-0.092220
Superscaffold1	34179749	34452899	-0.035201	-0.020587	-0.013391	-0.018817
Superscaffold1	34452922	34892068	0.127437	0.054760	0.036932	0.061041
Superscaffold1	34892201	35264211	-0.472345	-0.264484	-0.162770	-0.261828
Superscaffold1	35264221	35951892	-0.144004	-0.072162	-0.044276	-0.080089
Superscaffold1	35952045	36742149	-0.150131	-0.079077	-0.046729	-0.078588
Superscaffold1	36742805	37059210	-0.371973	-0.223010	-0.138325	-0.223502
Superscaffold1	37059251	37359665	-0.201999	-0.096642	-0.067456	-0.091256
Superscaffold1	37359838	37589223	0.168381	0.092827	0.055084	0.106508
Superscaffold1	37589266	37996942	-0.155228	-0.125457	-0.066825	-0.081235
Superscaffold1	37997020	38344248	0.013015	0.005098	0.003482	0.007563
Superscaffold1	38344269	38566063	-0.300252	-0.122387	-0.088336	-0.118299
Superscaffold1	38566358	38873180	-0.275624	-0.118036	-0.082751	-0.153066
Superscaffold1	38873298	39052424	0.061018	0.027449	0.021372	0.023508
Superscaffold1	39052531	39282738	0.180247	0.077685	0.051229	0.080548
Superscaffold1	39282836	39652063	-0.096212	-0.033615	-0.021192	-0.049814
Superscaffold1	39652144	39911673	-0.463604	-0.171714	-0.122039	-0.313924
Superscaffold1	39912444	40146320	-0.107301	-0.053189	-0.037789	-0.058257
Superscaffold1	40146554	40450143	-0.000048	-0.000018	-0.000014	0.000867
Superscaffold1	40450210	40797333	0.187196	0.118147	0.080950	0.105888
Superscaffold1	40797395	41240453	-0.640185	-0.331501	-0.182036	-0.480750
Superscaffold1	41240477	41605905	-0.037809	-0.017349	-0.011392	-0.018141
Superscaffold1	41605909	42005931	0.481907	0.163205	0.099443	0.383353
Superscaffold1	42005980	42436821	-0.481708	-0.291667	-0.159314	-0.344841
Superscaffold1	42437228	43008907	0.032402	0.010465	0.006925	0.019444
Superscaffold1	43008967	43784431	-0.339268	-0.063187	-0.045467	-0.225319
Superscaffold1	43784526	44570812	0.001525	0.000255	0.000184	0.000170
Superscaffold1	44571500	45066546	-0.016149	-0.008378	-0.004951	-0.007438
Superscaffold1	45066576	45626179	0.103917	0.052161	0.038189	0.056867
Superscaffold1	45626192	46201960	-0.261772	-0.113288	-0.074430	-0.124854
Superscaffold1	46201971	47253607	-0.014161	-0.004261	-0.003238	-0.006949
Superscaffold1	47253629	48021302	0.013846	0.003831	0.003091	0.004311
Superscaffold1	48021385	48594856	-0.135695	-0.025745	-0.018987	-0.083505
Superscaffold1	48594869	49131873	-0.093837	-0.040369	-0.026213	-0.050199
Superscaffold1	49131924	49720251	0.047771	0.018261	0.013919	0.024759
Superscaffold1	49724884	50157960	0.411907	0.094612	0.066374	0.234865
Superscaffold1	50157961	50368474	-0.093629	-0.087076	-0.040803	-0.057402
Superscaffold1	50368510	50695536	-0.073391	-0.063412	-0.038519	-0.048202
Superscaffold1	50695599	51030085	-0.031872	-0.034665	-0.021083	-0.018873
Superscaffold1	51030423	51476078	0.059010	0.048600	0.031113	0.025182
Superscaffold2	235033	481372	-0.247802	-0.254639	-0.135361	-0.128153
Superscaffold2	481387	707872	-0.441347	-0.336466	-0.175586	-0.191966
Superscaffold2	707873	966306	0.001638	0.000932	0.000571	-0.000668
Superscaffold2	966311	1218919	-0.535176	-0.313694	-0.196615	-0.301468
Superscaffold2	1219058	1459475	-0.503890	-0.337363	-0.199771	-0.336122
Superscaffold2	1459523	1802604	-0.533834	-0.335936	-0.179366	-0.380432
Superscaffold2	1802647	2063960	0.198297	0.090474	0.060672	0.080264
Superscaffold2	2064133	2379999	0.116231	0.057331	0.038358	0.054871
Superscaffold2	2380218	2876816	-0.014544	-0.008176	-0.004907	-0.010359
Superscaffold2	2876836	3541862	-0.002612	-0.001435	-0.000855	-0.002036
Superscaffold2	3541932	3932524	0.061415	0.025139	0.015436	0.035144
Superscaffold2	3933090	4401815	-0.147566	-0.069580	-0.042179	-0.083037
Superscaffold2	4401843	4832794	-0.144810	-0.052176	-0.033857	-0.081176
Superscaffold2	4832861	5060928	0.178475	0.124727	0.068824	0.098278
Superscaffold2	5060929	5370583	-0.074217	-0.054179	-0.032755	-0.034008
Superscaffold2	5370597	5782591	-0.103524	-0.061460	-0.035986	-0.050649
Superscaffold2	5782596	6341145	-0.246811	-0.071544	-0.049220	-0.130064
Superscaffold2	6341442	6892939	-0.039949	-0.012882	-0.008920	-0.018731
Superscaffold2	6893140	7495241	-0.018814	-0.006487	-0.004479	-0.011624
Superscaffold2	7495242	7776333	0.094136	0.037582	0.026516	0.055938
Superscaffold2	7776547	8108954	-0.091802	-0.040571	-0.026328	-0.042401
Superscaffold2	8109159	8471426	-0.115620	-0.050457	-0.034768	-0.051500
Superscaffold2	8471456	9061956	-0.023767	-0.015291	-0.009373	-0.013222
Superscaffold2	9062305	9462123	-0.213711	-0.098223	-0.064719	-0.106032
Superscaffold2	9462191	9940889	-0.087463	-0.036955	-0.022988	-0.046944
Superscaffold2	9940918	10239300	-0.217704	-0.149285	-0.082137	-0.116371
Superscaffold2	10239606	10609390	-0.127445	-0.065734	-0.042313	-0.062266
Superscaffold2	10609427	10895048	-0.219792	-0.148040	-0.080838	-0.123935
Superscaffold2	10895049	11386399	-0.085335	-0.036472	-0.022383	-0.048055
Superscaffold2	11386891	11873750	0.010023	0.004029	0.002599	0.005098
Superscaffold2	11873764	12904817	-0.026138	-0.012071	-0.007874	-0.014096
Superscaffold2	12904855	13404367	-0.051548	-0.018353	-0.012695	-0.027738
Superscaffold2	13404373	13823125	0.112781	0.047546	0.028069	0.066716
Superscaffold2	13823405	14340750	-0.069650	-0.024525	-0.016743	-0.030930
Superscaffold2	14340762	14830945	-0.197628	-0.073891	-0.046658	-0.112803
Superscaffold2	14830952	15188265	-0.303009	-0.138832	-0.089191	-0.160777
Superscaffold2	15188327	16150653	-0.187166	-0.181689	-0.074539	-0.098418
Superscaffold2	16150661	16609598	-0.101305	-0.074766	-0.038958	-0.052951
Superscaffold2	16609599	16816884	-0.130472	-0.141963	-0.073105	-0.080772
Superscaffold2	16817457	17132813	-0.297112	-0.222675	-0.118492	-0.159637
Superscaffold2	17132844	17658266	0.079544	0.036819	0.023388	0.041516
Superscaffold2	17659017	18210009	-0.136635	-0.043226	-0.029143	-0.068232
Superscaffold2	18210114	18801886	0.087109	0.020461	0.014666	0.043039
Superscaffold2	18801916	19293783	-0.053957	-0.019436	-0.012647	-0.027038
Superscaffold2	19293784	19644897	-0.093623	-0.068294	-0.038362	-0.028844
Superscaffold2	19644900	19881933	-0.136892	-0.201321	-0.069511	-0.052185
Superscaffold2	19881997	20215147	-0.227939	-0.104889	-0.067526	-0.123770
Superscaffold2	20215169	20654346	-0.045222	-0.013868	-0.009732	-0.023009
Superscaffold2	20654553	21045567	0.098543	0.082512	0.053661	0.056466
Superscaffold2	21045693	21591064	0.158215	0.034528	0.025572	0.093587
Superscaffold2	21591220	22168353	-0.273808	-0.065132	-0.047782	-0.171720
Superscaffold2	22168405	22550694	-0.114781	-0.059518	-0.033407	-0.060475
Superscaffold2	22550766	22853267	0.026500	0.017792	0.010852	0.011567
Superscaffold2	22853270	23374257	-0.030258	-0.007645	-0.006219	-0.017345
Superscaffold2	23374287	23787161	-0.191698	-0.080498	-0.050845	-0.110381
Superscaffold2	23787179	24248032	0.086320	0.031339	0.018109	0.053606
Superscaffold2	24248038	24502780	-0.149026	-0.064724	-0.040850	-0.085986
Superscaffold2	24503037	25020190	-0.227408	-0.067423	-0.044596	-0.144545
Superscaffold2	25020195	25491431	0.281154	0.125734	0.072478	0.169764
Superscaffold2	25491444	25870431	-0.275064	-0.124400	-0.077409	-0.164539
Superscaffold2	25870522	26382902	-0.032095	-0.008300	-0.005680	-0.014773
Superscaffold2	26382979	26810676	-0.090525	-0.031194	-0.021177	-0.052584
Superscaffold2	26810838	27178252	-0.247244	-0.083160	-0.057607	-0.135466
Superscaffold2	27178254	27505438	0.341842	0.193980	0.120904	0.182733
Superscaffold2	27505493	27695343	0.177832	0.125685	0.087515	0.080204
Superscaffold2	27695378	28827082	0.022707	0.010778	0.006747	0.010938
Superscaffold2	28827088	29110459	0.022947	0.008731	0.005736	0.013725
Superscaffold2	29110543	29469539	-0.021078	-0.008378	-0.005807	-0.009995
Superscaffold2	29469615	29827810	-0.424387	-0.207863	-0.130688	-0.251358
Superscaffold2	29827847	30358230	-0.114379	-0.038171	-0.024438	-0.072405
Superscaffold2	30358388	30891463	-0.132095	-0.050094	-0.031663	-0.077893
Superscaffold2	30891497	31279825	0.019815	0.007724	0.005073	0.012787
Superscaffold2	31279840	31743789	-0.165831	-0.051308	-0.035905	-0.103773
Superscaffold2	31743814	32425990	-0.055519	-0.021135	-0.013821	-0.030801
Superscaffold2	32426047	32847270	-0.074822	-0.023937	-0.016844	-0.040264
Superscaffold2	32847412	33156017	-0.275635	-0.156266	-0.090990	-0.127077
Superscaffold2	33156051	33699132	-0.173502	-0.057206	-0.035042	-0.106932
Superscaffold2	33699220	34195025	-0.172612	-0.075185	-0.047851	-0.104841
Superscaffold2	34195036	34701127	-0.185275	-0.048533	-0.034019	-0.102692
Superscaffold2	34701256	35328242	0.053645	0.011177	0.007804	0.035075
Superscaffold2	35328243	36107880	-0.033916	-0.009108	-0.006356	-0.016985
Superscaffold2	36107881	36642407	0.065237	0.016716	0.012715	0.033756
Superscaffold2	36642466	36948977	-0.278574	-0.149035	-0.092446	-0.160725
Superscaffold2	36948978	37164500	-0.173751	-0.111528	-0.065867	-0.096715
Superscaffold2	37164505	37553571	-0.121269	-0.045825	-0.030778	-0.076522
Superscaffold2	37553621	38018268	0.232329	0.092429	0.057655	0.132143
Superscaffold2	38018304	38675710	0.421509	0.160720	0.106347	0.277864
Superscaffold2	38675792	38934314	0.824490	0.514527	0.333127	0.745043
Superscaffold2	38934333	39450667	-0.072081	-0.019106	-0.012657	-0.038489
Superscaffold2	39450674	39829692	-0.021725	-0.010741	-0.006902	-0.010887
Superscaffold2	39829698	40188962	-0.072668	-0.026612	-0.017278	-0.030994
Superscaffold2	40188990	40494600	-0.317256	-0.136346	-0.071144	-0.140207
Superscaffold2	40494637	40820973	-0.303077	-0.101366	-0.063427	-0.196734
Superscaffold2	40821052	41084520	0.513899	0.228177	0.162862	0.371793
Superscaffold2	41084547	41284532	-0.113686	-0.058710	-0.035810	-0.076388
Superscaffold2	41284628	41770496	-0.106170	-0.025950	-0.018961	-0.066295
Superscaffold2	41770511	42261473	0.171606	0.048823	0.030216	0.139470
Superscaffold2	42261491	42619851	-0.078432	-0.029521	-0.018006	-0.044915
Superscaffold2	42619877	42981155	0.328499	0.104018	0.076657	0.192866
Superscaffold2	42981216	43132543	0.535111	0.268481	0.203243	0.332612
Superscaffold2	43132552	43659354	0.299196	0.090494	0.064952	0.173779
Superscaffold2	43659393	44660092	0.064380	0.007242	0.005951	0.035440
Superscaffold2	44660115	46265141	-0.014376	-0.001095	-0.000977	-0.009891
Superscaffold2	46265444	47521633	0.007041	0.000513	0.000417	0.004308
Superscaffold2	47521634	48430003	0.005884	0.000906	0.000694	0.003454
Superscaffold2	48430016	48918715	-0.347278	-0.083536	-0.064824	-0.252317
Superscaffold2	48918767	49401949	-0.100685	-0.030566	-0.019419	-0.055991
Superscaffold2	49401965	49859348	-0.056382	-0.020651	-0.011558	-0.026257
Superscaffold2	49859572	50359062	-0.017288	-0.006327	-0.003710	-0.011010
Superscaffold2	50359072	50734655	-0.224907	-0.097613	-0.055965	-0.140911
Superscaffold2	50734695	51314883	0.041421	0.011622	0.008068	0.023101
Superscaffold2	51315143	51793973	0.057839	0.012897	0.010004	0.033535
Superscaffold2	51794016	52155595	-0.285480	-0.069485	-0.054220	-0.189180
Superscaffold2	52155672	52487586	-0.115143	-0.043907	-0.021743	-0.065979
Superscaffold2	52487602	52696347	-0.000503	-0.000396	-0.000253	0.000023
Superscaffold2	52696670	52934880	-0.179312	-0.149229	-0.079378	-0.076051
Superscaffold2	52934889	53322997	-0.060236	-0.037596	-0.021873	-0.041775
Superscaffold2	53323150	53871607	-0.378472	-0.225420	-0.133207	-0.251161
Superscaffold2	53871772	54157523	0.035211	0.020130	0.011086	0.019592
Superscaffold2	54157550	54519255	-0.328278	-0.279165	-0.140382	-0.194777
Superscaffold2	54519270	55016174	-0.320000	-0.274368	-0.145075	-0.200616
Superscaffold2	55016182	55246564	-0.066641	-0.051917	-0.028521	-0.034743
Superscaffold2	55246698	55537227	-0.268283	-0.211803	-0.120000	-0.148351
Superscaffold2	55537229	55863955	-0.400660	-0.227780	-0.140262	-0.265265
Superscaffold2	55864206	56276027	-0.340622	-0.140480	-0.087703	-0.200836
Superscaffold2	56276134	56736907	0.032676	0.013604	0.008018	0.013576
Superscaffold2	56736911	57302145	-0.042092	-0.012907	-0.009070	-0.023409
Superscaffold2	57302350	57708590	0.096479	0.046095	0.028520	0.058440
Superscaffold2	57708613	58301560	-0.356911	-0.253183	-0.127124	-0.240214
Superscaffold2	58301657	58726908	-0.067906	-0.016324	-0.011933	-0.042842
Superscaffold2	58727084	59262674	-0.018641	-0.004288	-0.003144	-0.008584
Superscaffold2	59262743	59869718	0.092170	0.023603	0.016430	0.056807
Superscaffold2	59869772	60194809	0.226159	0.092074	0.056461	0.108892
Superscaffold2	60194825	60487447	-0.229372	-0.122842	-0.065021	-0.148769
Superscaffold2	60487526	60785417	0.062119	0.027519	0.017450	0.040342
Superscaffold2	60785442	61163555	-0.174592	-0.134552	-0.073990	-0.095433
Superscaffold2	61163625	61750111	-0.086970	-0.050554	-0.029570	-0.052151
Superscaffold2	61750249	62542244	-0.084483	-0.050367	-0.030040	-0.049164
Superscaffold2	62542404	62948192	0.079752	0.029035	0.019374	0.047951
Superscaffold2	62950093	63243850	0.111037	0.049720	0.032470	0.075007
Superscaffold2	63244767	63421039	0.215284	0.172339	0.097732	0.118879
Superscaffold2	63421077	63742225	0.126331	0.058285	0.037327	0.056906
Superscaffold2	63742226	64175011	0.060725	0.037734	0.025509	0.024159
Superscaffold2	64175087	64430645	-0.071070	-0.044369	-0.027497	-0.036878
Superscaffold2	64430677	64662043	-0.106855	-0.106323	-0.062019	-0.047423
Superscaffold2	64662044	65374821	-0.134921	-0.109758	-0.051925	-0.078957
Superscaffold2	65374941	65921169	0.088335	0.025864	0.017408	0.047757
Superscaffold2	65921249	66332229	0.042824	0.019270	0.012482	0.018570
Superscaffold2	66332234	66668698	0.095619	0.043602	0.026681	0.044761
Superscaffold2	66668709	67058689	-0.189419	-0.095726	-0.043465	-0.066631
Superscaffold2	67058814	67474864	-0.039674	-0.017834	-0.011747	-0.017702
Superscaffold2	67474946	67811077	-0.031913	-0.012054	-0.008446	-0.018627
Superscaffold2	67811108	68319122	0.075848	0.020522	0.014139	0.041285
Superscaffold2	68319143	68828032	-0.131213	-0.029965	-0.022100	-0.065536
Superscaffold2	68828346	69285573	0.061130	0.024105	0.015913	0.027661
Superscaffold2	69286590	69514715	0.027205	0.014832	0.010090	0.012076
Superscaffold2	69515060	69928594	0.224548	0.069557	0.054603	0.131529
Superscaffold2	69928865	70221507	0.002755	0.001175	0.000842	0.000052
Superscaffold2	70221524	70916237	0.075615	0.032567	0.022505	0.037415
Superscaffold2	70916944	71183480	0.055990	0.037714	0.026113	0.026037
Superscaffold2	71183681	71541196	-0.049380	-0.017078	-0.012034	-0.021949
Superscaffold2	71541600	71845744	0.200292	0.102637	0.067182	0.094596
Superscaffold2	71845783	72184649	0.133072	0.101711	0.055395	0.072197
Superscaffold2	72184708	72493031	0.128522	0.067893	0.041917	0.068601
Superscaffold2	72493103	72751538	0.061818	0.053341	0.029215	0.033355
Superscaffold2	72751600	73098173	-0.040242	-0.022703	-0.014513	-0.018463
Superscaffold2	73098218	73368814	-0.072924	-0.061364	-0.032724	-0.035185
Superscaffold2	73370165	73735209	-0.001761	-0.000903	-0.000573	-0.001986
Superscaffold2	73735331	73951584	-0.087167	-0.058217	-0.039253	-0.043665
Superscaffold2	73951617	74238927	0.157613	0.070882	0.046162	0.066778
Superscaffold2	74239011	74516975	-0.090628	-0.056867	-0.033503	-0.044725
Superscaffold2	74517104	74748061	-0.028773	-0.017137	-0.010821	-0.012667
Superscaffold2	74748105	75129298	0.125701	0.064984	0.038244	0.075030
Superscaffold2	75129328	75513498	0.045462	0.014289	0.009058	0.022506
Superscaffold2	75513522	75815747	-0.134953	-0.100030	-0.058037	-0.080220
Superscaffold2	75816096	76203764	-0.454034	-0.404553	-0.202006	-0.335986
Superscaffold2	76203767	76672599	-0.205252	-0.094405	-0.068291	-0.133452
Superscaffold2	76672681	77090614	-0.176035	-0.074388	-0.046017	-0.097396
Superscaffold2	77090704	77488913	-0.388446	-0.193203	-0.110591	-0.252095
Superscaffold2	77488940	77661741	-0.292064	-0.254070	-0.132429	-0.173687
Superscaffold2	77661801	77880189	-0.192538	-0.125873	-0.073698	-0.093497
Superscaffold2	77880192	78165540	-0.296301	-0.151643	-0.102785	-0.178685
Superscaffold2	78165617	78343691	-0.009296	-0.007733	-0.004959	-0.004257
Superscaffold2	78343741	78696022	-0.028432	-0.017889	-0.011008	-0.016108
Superscaffold2	78696029	79081822	-0.155456	-0.089535	-0.051231	-0.090544
Superscaffold2	79082255	79451634	-0.100276	-0.055509	-0.032903	-0.051969
Superscaffold2	79451676	80181467	-0.221426	-0.096175	-0.056329	-0.147414
Superscaffold2	80181579	80514258	-0.149386	-0.096924	-0.061274	-0.076953
Superscaffold2	80514276	80831935	-0.065924	-0.032172	-0.020964	-0.029261
Superscaffold2	80831956	81236929	0.007310	0.006006	0.002775	0.003636
Superscaffold2	81237168	81725968	-0.026040	-0.015287	-0.008392	-0.017792
Superscaffold2	81726093	82116786	0.046048	0.016567	0.011719	0.019416
Superscaffold2	82116829	82882212	-0.007630	-0.002825	-0.001730	-0.001223
Superscaffold2	82882225	83229948	-0.198488	-0.079264	-0.051435	-0.111661
Superscaffold2	83229961	83540436	-0.268507	-0.122508	-0.076117	-0.168376
Superscaffold2	83540442	83780786	-0.363468	-0.320566	-0.145806	-0.238038
Superscaffold2	83780787	84113498	-0.045163	-0.020023	-0.014200	-0.021185
Superscaffold2	84113802	84603280	0.327782	0.095660	0.069033	0.204891
Superscaffold2	84604076	84949439	0.040529	0.021050	0.014562	0.018534
Superscaffold2	84949461	85402215	0.105366	0.037113	0.025093	0.065162
Superscaffold2	85402269	86175577	0.051702	0.018751	0.012087	0.031734
Superscaffold2	86175985	87349443	-0.027250	-0.018249	-0.009433	-0.015027
Superscaffold2	87349796	87667907	0.124306	0.077211	0.044940	0.066828
Superscaffold2	87667919	87941628	0.092204	0.036170	0.024635	0.047996
Superscaffold2	87941700	88355314	-0.171362	-0.046448	-0.034477	-0.088888
Superscaffold2	88355335	88677475	-0.178616	-0.085815	-0.060075	-0.096953
Superscaffold2	88677506	88895703	-0.065529	-0.056500	-0.030670	-0.042675
Superscaffold2	88895787	89227774	-0.183905	-0.193508	-0.075352	-0.087142
Superscaffold2	89228057	89627540	0.013849	0.005226	0.003267	0.007266
Superscaffold2	89627580	89853685	0.199314	0.124318	0.067979	0.122015
Superscaffold2	89853707	90130424	-0.288052	-0.164838	-0.096726	-0.190871
Superscaffold2	90130465	90474244	-0.214482	-0.178618	-0.077565	-0.102401
Superscaffold2	90474258	90707792	0.110048	0.079059	0.050453	0.057816
Superscaffold2	90707970	90956416	-0.064427	-0.054578	-0.028367	-0.031223
Superscaffold2	90956447	91195604	-0.140542	-0.110508	-0.061084	-0.077386
Superscaffold2	91195737	92244468	-0.098686	-0.055988	-0.030046	-0.053820
Superscaffold2	92244538	92754828	0.120622	0.038974	0.024664	0.078055
Superscaffold2	92754938	93300165	-0.391468	-0.264801	-0.126769	-0.210923
Superscaffold2	93300392	93780203	-0.130718	-0.097928	-0.048221	-0.059386
Superscaffold2	93780209	94140109	-0.311089	-0.228336	-0.106614	-0.161850
Superscaffold2	94140374	94529112	0.233824	0.157330	0.096673	0.115895
Superscaffold2	94529164	94945973	-0.030403	-0.014519	-0.009036	-0.016228
Superscaffold2	94946495	95273478	0.011878	0.006912	0.004457	0.006297
Superscaffold2	95273567	95536100	-0.097198	-0.067025	-0.036992	-0.040545
Superscaffold2	95536103	95732944	-0.109862	-0.058707	-0.042000	-0.049503
Superscaffold2	95732976	96025669	-0.315811	-0.231453	-0.145209	-0.175848
Superscaffold2	96025887	96232009	-0.180798	-0.162994	-0.096296	-0.098448
Superscaffold2	96232040	96457783	-0.050498	-0.065262	-0.033100	-0.027404
Superscaffold2	96458016	96775943	-0.137895	-0.102873	-0.061351	-0.071127
Superscaffold2	96776070	97078602	-0.032240	-0.022157	-0.012270	-0.017669
Superscaffold2	97078814	97342435	-0.045318	-0.028831	-0.018600	-0.019589
Superscaffold2	97342469	97523769	-0.217114	-0.105466	-0.077346	-0.090244
Superscaffold2	97523887	97828462	-0.099732	-0.093696	-0.050998	-0.042354
Superscaffold2	97829949	98087678	0.053555	0.032257	0.021089	0.020361
Superscaffold2	98087847	98321935	-0.088053	-0.073464	-0.039570	-0.040280
Superscaffold2	98322267	98683298	0.297833	0.233174	0.149023	0.185689
Superscaffold2	98683316	99058549	-0.021297	-0.011374	-0.007861	-0.014752
Superscaffold2	99058563	99269411	0.099687	0.062656	0.042140	0.030619
Superscaffold2	99269416	99472671	-0.089048	-0.089684	-0.051389	-0.052131
Superscaffold2	99472921	99682116	-0.065449	-0.069678	-0.035169	-0.042657
Superscaffold2	99682198	99794491	0.085639	0.119367	0.072536	0.044024
Superscaffold2	99794500	100063279	-0.031043	-0.023973	-0.014731	-0.014093
Superscaffold2	100063291	100397261	-0.156546	-0.099509	-0.062774	-0.077612
Superscaffold2	100397289	100844712	-0.122714	-0.142896	-0.073930	-0.066160
Superscaffold2	100844727	101059804	0.056714	0.107448	0.034925	0.031115
Superscaffold2	101059809	101233787	-0.027498	-0.055307	-0.015336	-0.013825
Superscaffold3	81019	280662	-0.359146	-0.317128	-0.192177	-0.227121
Superscaffold3	280909	496850	-0.230754	-0.169785	-0.089698	-0.134973
Superscaffold3	497050	678028	0.050613	0.036101	0.023837	0.026231
Superscaffold3	678035	828586	0.014922	0.013729	0.008814	0.009453
Superscaffold3	828666	1111901	-0.089312	-0.083833	-0.049197	-0.049459
Superscaffold3	1112135	1381837	-0.013018	-0.014847	-0.007933	-0.011741
Superscaffold3	1381915	1574127	-0.255887	-0.364998	-0.179374	-0.134222
Superscaffold3	1574512	1846433	-0.118167	-0.154208	-0.086518	-0.062261
Superscaffold3	1846470	2222741	-0.125462	-0.109697	-0.059840	-0.069705
Superscaffold3	2222833	2429586	0.052990	0.055222	0.036375	0.026212
Superscaffold3	2429698	2598736	-0.016039	-0.019951	-0.012878	-0.008258
Superscaffold3	2598761	2709665	-0.065658	-0.103320	-0.051917	-0.033419
Superscaffold3	2709673	2852553	-0.124240	-0.104795	-0.062724	-0.050444
Superscaffold3	2852620	3066643	-0.066112	-0.067957	-0.037426	-0.029534
Superscaffold3	3066706	3430481	-0.077381	-0.052210	-0.036231	-0.039629
Superscaffold3	3430581	3669202	0.031679	0.018501	0.012193	0.011468
Superscaffold3	3669219	3885739	0.246865	0.191109	0.118332	0.125625
Superscaffold3	3885774	4337436	0.276927	0.171405	0.097647	0.149856
Superscaffold3	4337450	5125261	-0.085157	-0.065290	-0.036349	-0.044796
Superscaffold3	5125641	5394677	-0.043382	-0.039413	-0.023489	-0.025738
Superscaffold3	5394697	5543983	-0.029016	-0.024105	-0.014381	-0.022289
Superscaffold3	5544014	5746640	-0.160440	-0.158366	-0.079514	-0.092795
Superscaffold3	5746655	5904831	0.019271	0.017105	0.011159	0.008446
Superscaffold3	5904837	6086524	-0.098915	-0.083179	-0.053350	-0.044175
Superscaffold3	6086558	6313795	-0.105122	-0.097116	-0.059224	-0.056848
Superscaffold3	6313799	6550556	-0.127821	-0.106436	-0.060064	-0.068045
Superscaffold3	6550575	6719381	-0.008950	-0.011272	-0.006232	-0.006688
Superscaffold3	6719403	7001065	-0.035143	-0.029077	-0.017993	-0.019228
Superscaffold3	7001092	7703235	0.019107	0.008640	0.005005	0.008191
Superscaffold3	7703243	7953177	-0.268997	-0.253781	-0.132969	-0.156856
Superscaffold3	7953218	8269090	0.224954	0.146867	0.076957	0.134561
Superscaffold3	8269107	8626148	-0.350971	-0.269589	-0.127036	-0.200048
Superscaffold3	8626811	9545100	-0.062983	-0.043022	-0.023618	-0.033593
Superscaffold3	9545277	9697933	-0.156928	-0.110953	-0.068438	-0.079495
Superscaffold3	9697972	9819022	-0.092220	-0.129609	-0.063665	-0.041438
Superscaffold3	9819025	10114171	0.114570	0.092463	0.056986	0.051813
Superscaffold3	10114200	10658941	-0.012696	-0.013753	-0.008016	-0.006882
Superscaffold3	10658981	11192641	-0.056424	-0.059623	-0.033351	-0.029461
Superscaffold3	11192683	11328613	0.122654	0.148176	0.087644	0.063518
Superscaffold3	11328618	11481979	0.038722	0.050912	0.027491	0.020512
Superscaffold3	11482053	11802268	0.084706	0.077009	0.042807	0.050327
Superscaffold3	11802336	12018171	0.016814	0.014744	0.008948	0.009663
Superscaffold3	12018175	12166830	0.054013	0.059741	0.035076	0.031135
Superscaffold3	12168348	12400041	0.004202	0.004267	0.002233	-0.005113
Superscaffold3	12400092	12672929	0.038139	0.038652	0.021818	0.020333
Superscaffold3	12673001	12860787	0.162640	0.111096	0.071289	0.101901
Superscaffold3	12860866	13183124	0.160866	0.138305	0.073031	0.101375
Superscaffold3	13183126	13320577	-0.047403	-0.074931	-0.037429	-0.028733
Superscaffold3	13320608	13725597	-0.112664	-0.086029	-0.042837	-0.057036
Superscaffold3	13725817	14209573	0.020688	0.016922	0.009909	0.009692
Superscaffold3	14209642	14376615	0.038712	0.037182	0.022013	0.018886
Superscaffold3	14376673	14519011	0.101116	0.125740	0.073971	0.052711
Superscaffold3	14519128	14646479	0.038403	0.056398	0.031074	0.018983
Superscaffold3	14646482	14806558	-0.008062	-0.009325	-0.005020	-0.004204
Superscaffold3	14807258	14977412	0.093029	0.117263	0.066812	0.043140
Superscaffold3	14977524	15146889	0.062933	0.080646	0.046534	0.028775
Superscaffold3	15146934	15312011	-0.127153	-0.141190	-0.074564	-0.075488
Superscaffold3	15312028	15471992	0.018512	0.020527	0.011471	0.011046
Superscaffold3	15472072	15630975	0.001669	0.002062	0.001163	-0.001855
Superscaffold3	15631040	16015809	0.102396	0.075608	0.043405	0.052609
Superscaffold3	16015813	16509529	0.109128	0.094012	0.050369	0.055298
Superscaffold3	16509630	16763324	0.060560	0.058239	0.032781	0.036653
Superscaffold3	16763407	16963982	0.030666	0.033519	0.019459	0.017854
Superscaffold3	16963997	17273439	-0.047086	-0.042622	-0.026508	-0.023433
Superscaffold3	17273504	17440811	-0.048042	-0.046283	-0.026736	-0.026941
Superscaffold3	17441177	17759861	0.114951	0.099918	0.058111	0.073906
Superscaffold3	17759942	17935921	-0.113940	-0.113196	-0.061434	-0.063818
Superscaffold3	17935943	18100758	-0.076064	-0.093447	-0.038999	-0.030313
Superscaffold3	18100771	18539160	0.005884	0.004398	0.002442	-0.001410
Superscaffold3	18539352	19196503	0.099232	0.064461	0.038070	0.053882
Superscaffold3	19197248	19563162	-0.496558	-0.363086	-0.207886	-0.350621
Superscaffold3	19563181	19768654	-0.159975	-0.138680	-0.071309	-0.088839
Superscaffold3	19768661	19944946	-0.253575	-0.202710	-0.119382	-0.153755
Superscaffold3	19944965	20126283	0.081196	0.042584	0.030271	0.047860
Superscaffold3	20126286	20333948	0.178578	0.174111	0.096769	0.103448
Superscaffold3	20333955	20472841	0.000862	0.000913	0.000438	-0.002373
Superscaffold3	20472892	20719006	-0.061470	-0.053435	-0.029093	-0.041040
Superscaffold3	20719109	20876279	-0.145672	-0.179115	-0.082484	-0.093138
Superscaffold3	20876287	21039039	0.074906	0.064946	0.041328	0.035629
Superscaffold3	21039093	21603017	-0.374293	-0.450539	-0.178726	-0.219473
Superscaffold3	21603034	21950300	-0.196055	-0.205537	-0.110096	-0.120724
Superscaffold3	21950545	22097802	-0.055463	-0.052012	-0.031588	-0.031205
Superscaffold3	22097810	22233959	-0.008288	-0.007477	-0.004708	-0.004881
Superscaffold3	22234063	22517459	-0.166584	-0.104599	-0.072966	-0.084734
Superscaffold3	22517583	22733766	0.004875	0.004693	0.002820	0.001993
Superscaffold3	22735197	22922065	-0.107177	-0.102317	-0.062001	-0.052092
Superscaffold3	22922230	23129830	-0.046458	-0.029604	-0.018073	-0.023471
Superscaffold3	23129866	23365571	0.129226	0.114013	0.073897	0.066974
Superscaffold3	23365586	23512030	0.128233	0.105765	0.064740	0.062331
Superscaffold3	23512033	23814325	-0.058830	-0.049141	-0.028538	-0.033207
Superscaffold3	23814337	24008479	-0.025786	-0.017367	-0.010653	-0.008377
Superscaffold3	24008524	24197360	0.126642	0.100294	0.062559	0.061662
Superscaffold3	24197410	24700444	0.015185	0.012767	0.006690	0.007432
Superscaffold3	24700747	24985623	-0.073466	-0.073493	-0.043774	-0.037553
Superscaffold3	24985636	25323734	-0.069182	-0.036361	-0.023305	-0.035896
Superscaffold3	25323833	25435667	-0.086569	-0.096361	-0.057934	-0.046763
Superscaffold3	25435691	25856122	-0.116854	-0.082147	-0.050327	-0.065156
Superscaffold3	25856151	26291681	0.034539	0.022105	0.012557	0.022132
Superscaffold3	26291969	26522344	0.055757	0.041889	0.023222	0.028725
Superscaffold3	26522359	26690691	-0.161791	-0.088169	-0.054202	-0.083204
Superscaffold3	26690714	26881389	-0.248008	-0.153806	-0.092729	-0.067649
Superscaffold3	26881437	27104327	-0.001762	-0.001175	-0.000738	-0.000865
Superscaffold3	27104362	27316799	-0.026559	-0.014840	-0.008560	-0.014237
Superscaffold3	27316811	27747760	-0.196397	-0.172741	-0.086726	-0.103172
Superscaffold3	27747765	28110788	0.092397	0.071537	0.035172	0.049397
Superscaffold3	28110828	28354441	0.157921	0.094468	0.057487	0.070592
Superscaffold3	28354530	28637737	-0.017992	-0.009518	-0.004564	-0.009917
Superscaffold3	28637752	28845437	-0.206678	-0.111932	-0.067508	-0.132856
Superscaffold3	28845462	29045802	-0.244149	-0.181242	-0.105620	-0.146946
Superscaffold3	29045827	29457897	-0.013888	-0.004041	-0.003172	-0.008263
Superscaffold3	29457904	29616326	0.005720	0.002393	0.001658	0.001041
Superscaffold3	29616673	29871600	-0.149688	-0.075874	-0.049421	-0.090860
Superscaffold3	29871625	30010573	-0.163403	-0.113567	-0.058553	-0.094208
Superscaffold3	30010615	30765189	-0.075352	-0.029409	-0.018366	-0.039013
Superscaffold3	30765227	31307298	0.026481	0.007011	0.004994	0.012578
Superscaffold3	31307343	31732828	0.074220	0.014197	0.011110	0.029695
Superscaffold3	31732869	31997028	-0.171722	-0.090436	-0.049668	-0.099547
Superscaffold3	31997042	32135964	-0.084016	-0.060044	-0.039021	-0.045018
Superscaffold3	32135966	32415955	-0.033653	-0.019446	-0.010739	-0.014198
Superscaffold3	32416021	32858074	-0.115864	-0.051805	-0.029196	-0.053079
Superscaffold3	32858077	33214665	0.105006	0.059799	0.042041	0.054534
Superscaffold3	33214965	33500454	-0.048939	-0.032810	-0.021496	-0.025530
Superscaffold3	33500598	33720729	0.035730	0.032293	0.018691	0.018362
Superscaffold3	33720823	34021002	0.045757	0.030493	0.020263	0.028524
Superscaffold3	34021017	34232212	-0.438018	-0.342434	-0.178562	-0.279464
Superscaffold3	34232314	34445036	0.013305	0.007848	0.004751	0.007805
Superscaffold3	34445120	34786139	-0.031642	-0.026597	-0.016353	-0.015599
Superscaffold3	34786146	35222737	-0.276942	-0.086857	-0.064571	-0.144442
Superscaffold3	35222758	35384147	-0.305290	-0.253163	-0.133269	-0.160115
Superscaffold3	35384208	35562368	-0.165450	-0.115227	-0.060889	-0.113846
Superscaffold3	35562390	35692487	-0.547733	-0.452312	-0.223980	-0.527308
Superscaffold3	35692492	35981084	0.271537	0.211409	0.106168	0.217221
Superscaffold3	35981160	36233479	0.314060	0.167510	0.097522	0.186700
Superscaffold3	36233723	36789014	-0.165810	-0.055961	-0.031825	-0.088528
Superscaffold3	36789112	37218854	-0.161697	-0.127836	-0.068556	-0.105980
Superscaffold3	37219212	37445836	-0.209189	-0.164633	-0.091105	-0.149606
Superscaffold3	37445906	37647550	-0.402297	-0.214782	-0.121564	-0.279483
Superscaffold3	37647560	37791709	-0.260987	-0.205524	-0.104126	-0.197008
Superscaffold3	37791741	38096707	-0.373127	-0.118234	-0.082280	-0.230102
Superscaffold3	38096748	38266643	0.034733	0.020054	0.014422	0.017081
Superscaffold3	38266664	38501448	-0.169564	-0.073781	-0.048664	-0.092755
Superscaffold3	38501626	38812670	-0.520848	-0.296464	-0.174357	-0.387599
Superscaffold3	38812735	39346596	-0.093523	-0.020125	-0.013568	-0.072697
Superscaffold3	39346870	39891855	-0.374075	-0.127186	-0.069568	-0.262156
Superscaffold3	39891920	40511849	-0.100148	-0.025302	-0.017491	-0.067084
Superscaffold3	40512145	41061983	-0.009773	-0.003839	-0.002549	-0.004584
Superscaffold3	41062496	41639758	-0.034362	-0.009076	-0.005873	-0.022694
Superscaffold3	41640853	42257357	0.057327	0.011640	0.008626	0.033115
Superscaffold3	42257446	42879535	0.259098	0.078347	0.053378	0.181758
Superscaffold3	42879561	43205605	0.123225	0.050033	0.028705	0.091743
Superscaffold3	43205696	43580828	-0.582150	-0.253729	-0.149767	-0.372768
Superscaffold3	43580840	43999683	-0.294219	-0.153150	-0.087446	-0.186955
Superscaffold3	43999734	44385259	0.067050	0.033175	0.019050	0.041192
Superscaffold3	44385636	44653472	0.272751	0.107336	0.065979	0.178588
Superscaffold3	44653474	44889845	-0.424414	-0.239626	-0.126866	-0.284531
Superscaffold3	44889858	45107758	-0.169383	-0.091843	-0.056423	-0.099373
Superscaffold3	45107768	45500050	0.094910	0.041215	0.024290	0.053956
Superscaffold3	45500188	45863196	0.214438	0.150755	0.054448	0.114568
Superscaffold3	45863220	46117943	-0.339432	-0.318198	-0.145027	-0.232529
Superscaffold3	46117963	46248627	-0.158343	-0.126141	-0.067943	-0.089636
Superscaffold3	46248640	46433001	-0.102862	-0.082961	-0.044579	-0.063439
Superscaffold3	46433175	47092835	0.005012	0.002801	0.001645	0.004925
Superscaffold3	47092839	47310362	0.191607	0.117735	0.058783	0.086008
Superscaffold3	47310596	47469191	-0.530374	-0.720546	-0.250660	-0.402037
Superscaffold3	47469192	47797201	-0.060723	-0.025718	-0.016664	-0.023242
Superscaffold3	47797224	48196784	-0.246964	-0.174412	-0.070320	-0.153503
Superscaffold3	48196846	48654975	-0.097230	-0.034810	-0.021559	-0.049463
Superscaffold3	48655510	48933516	-0.007531	-0.003579	-0.002205	-0.001891
Superscaffold3	48933549	49163376	-0.071842	-0.039399	-0.022515	-0.032712
Superscaffold3	49163388	49395235	-0.099112	-0.049699	-0.030400	-0.050320
Superscaffold3	49395245	49651275	-0.192984	-0.112918	-0.066377	-0.097238
Superscaffold3	49651318	50017319	0.039341	0.016040	0.010540	0.020705
Superscaffold3	50017320	50281944	-0.332285	-0.242525	-0.149150	-0.183352
Superscaffold3	50281996	50528332	-0.284939	-0.166932	-0.107025	-0.164719
Superscaffold3	50528626	50882631	-0.388835	-0.183561	-0.120012	-0.240335
Superscaffold3	50883656	51150415	-0.275522	-0.171788	-0.082793	-0.170583
Superscaffold3	51150463	51431633	0.186552	0.119021	0.072243	0.106656
Superscaffold3	51431635	51724673	-0.154387	-0.073160	-0.043281	-0.101452
Superscaffold3	51724686	52055821	-0.089245	-0.043745	-0.026146	-0.035651
Superscaffold3	52055941	52339548	-0.065958	-0.028892	-0.020921	-0.033859
Superscaffold3	52339581	52737152	-0.168156	-0.075103	-0.046939	-0.095938
Superscaffold3	52737243	52948712	-0.331268	-0.196899	-0.111745	-0.178440
Superscaffold3	52948713	53154557	-0.004127	-0.002659	-0.001657	-0.001920
Superscaffold3	53154566	53320257	-0.375732	-0.262255	-0.142530	-0.211483
Superscaffold3	53320260	53638455	-0.152690	-0.124764	-0.070815	-0.099252
Superscaffold3	53638510	53797584	-0.004458	-0.003648	-0.002083	-0.002900
Superscaffold3	53797683	54038898	-0.109488	-0.099312	-0.055781	-0.056154
Superscaffold3	54038924	54311326	0.025749	0.016203	0.010310	0.011062
Superscaffold3	54311400	54623649	-0.273863	-0.148078	-0.091158	-0.167718
Superscaffold3	54623734	54825464	0.119376	0.099141	0.059238	0.055505
Superscaffold3	54825482	55050551	-0.195474	-0.158799	-0.090301	-0.102037
Superscaffold3	55050570	55727688	-0.080740	-0.072053	-0.038891	-0.040802
Superscaffold3	55727729	56096702	-0.210486	-0.105753	-0.067542	-0.118684
Superscaffold3	56096715	56357264	-0.075954	-0.045822	-0.030671	-0.039171
Superscaffold3	56357364	56620440	-0.273536	-0.132464	-0.089838	-0.174830
Superscaffold3	56620495	56775756	-0.291497	-0.261436	-0.153673	-0.184452
Superscaffold3	56775766	56993751	-0.123506	-0.057425	-0.042091	-0.061216
Superscaffold3	56994031	57376503	-0.117597	-0.080345	-0.042232	-0.055984
Superscaffold3	57376532	57629798	0.012016	0.005759	0.003478	0.007306
Superscaffold3	57629816	58011521	-0.168965	-0.082494	-0.052436	-0.099106
Superscaffold3	58011617	58407464	0.213337	0.087338	0.057266	0.121278
Superscaffold3	58407625	58838685	-0.198158	-0.100525	-0.046973	-0.088523
Superscaffold3	58838738	59137588	-0.202563	-0.084564	-0.052299	-0.111993
Superscaffold3	59137660	59300345	-0.212327	-0.231976	-0.105203	-0.127863
Superscaffold3	59300374	59466897	-0.013985	-0.009491	-0.005735	-0.007579
Superscaffold3	59466908	59666054	-0.215172	-0.179696	-0.098877	-0.121713
Superscaffold3	59666449	60053005	0.035219	0.018901	0.011183	0.023975
Superscaffold3	60053090	60531453	-0.035886	-0.023310	-0.013124	-0.020056
Superscaffold3	60531937	60753169	-0.065330	-0.047751	-0.027356	-0.036601
Superscaffold3	60753170	61206388	-0.121585	-0.055457	-0.035417	-0.078035
Superscaffold3	61206443	61485625	-0.435093	-0.202385	-0.126181	-0.294140
Superscaffold3	61485667	61767574	-0.412746	-0.261218	-0.141429	-0.255227
Superscaffold3	61767749	62145339	-0.138386	-0.118584	-0.060286	-0.073627
Superscaffold3	62145417	62432080	-0.131165	-0.071534	-0.048276	-0.054762
Superscaffold3	62432270	62676473	-0.215277	-0.191138	-0.108170	-0.116604
Superscaffold3	62676602	63144932	0.074198	0.043522	0.024829	0.042073
Superscaffold3	63144933	63910385	-0.232926	-0.186557	-0.091006	-0.118888
Superscaffold3	63910701	64448729	-0.120166	-0.080694	-0.042381	-0.052929
Superscaffold3	64448783	64691575	0.119431	0.078844	0.039500	0.062029
Superscaffold3	64691599	64927165	0.085706	0.068454	0.034454	0.041881
Superscaffold3	64927189	65216014	-0.064677	-0.083647	-0.039435	-0.033464
Superscaffold3	65216055	65404979	-0.050527	-0.067776	-0.036000	-0.031771
Superscaffold3	65404995	65639011	-0.119308	-0.157065	-0.083203	-0.066292
Superscaffold3	65639158	65809241	-0.079833	-0.089622	-0.052602	-0.041481
Superscaffold3	65809258	65967011	-0.214612	-0.329804	-0.149439	-0.118425
Superscaffold3	65967029	66342843	0.027152	0.024096	0.011569	0.005964
Superscaffold3	66342873	66612822	-0.277956	-0.100624	-0.065262	-0.139087
Superscaffold3	66612977	66845073	-0.150740	-0.113073	-0.066421	-0.055296
Superscaffold3	66845108	67091887	-0.211150	-0.146493	-0.090446	-0.109109
Superscaffold4	21012	322132	-0.155248	-0.286112	-0.131754	-0.092286
Superscaffold4	322140	651634	-0.050547	-0.061386	-0.034110	-0.021705
Superscaffold4	651644	892790	-0.068679	-0.073221	-0.039389	-0.033426
Superscaffold4	892793	1139796	-0.078949	-0.094368	-0.046486	-0.040310
Superscaffold4	1139817	1272452	-0.024702	-0.036988	-0.019050	-0.013592
Superscaffold4	1272505	1847004	-0.008795	-0.008781	-0.004982	-0.008098
Superscaffold4	1847677	2276655	0.162730	0.147783	0.092678	0.083629
Superscaffold4	2276772	2882665	-0.061133	-0.040274	-0.024114	-0.039920
Superscaffold4	2882732	3064797	-0.320737	-0.388717	-0.185654	-0.208415
Superscaffold4	3064808	3241947	-0.305875	-0.311611	-0.162273	-0.161360
Superscaffold4	3242035	3502755	-0.092452	-0.081026	-0.042852	-0.049833
Superscaffold4	3502810	3883293	-0.079782	-0.078447	-0.045364	-0.046190
Superscaffold4	3883340	4067387	-0.118913	-0.099073	-0.055266	-0.047869
Superscaffold4	4068511	4534055	0.021425	0.015023	0.007690	0.010245
Superscaffold4	4534657	5228507	0.094111	0.067773	0.040525	0.049326
Superscaffold4	5228550	5451777	-0.098999	-0.127180	-0.066553	-0.051650
Superscaffold4	5452549	6168456	0.049475	0.029331	0.018071	0.025310
Superscaffold4	6168552	6481116	0.051901	0.051884	0.030328	0.027258
Superscaffold4	6481128	6655543	0.234529	0.218082	0.139264	0.118630
Superscaffold4	6655553	6973116	0.164243	0.145835	0.093125	0.091145
Superscaffold4	6973125	7169890	0.127349	0.133965	0.080667	0.063521
Superscaffold4	7169897	7337498	-0.085354	-0.079198	-0.044441	-0.042298
Superscaffold4	7337513	7654422	0.023911	0.024491	0.013025	0.008582
Superscaffold4	7654425	7856208	-0.093001	-0.097344	-0.055230	-0.059744
Superscaffold4	7856230	7982991	-0.058441	-0.067506	-0.034214	-0.031013
Superscaffold4	7983125	8639703	0.031041	0.022730	0.013195	0.027312
Superscaffold4	8639704	8810759	0.040230	0.036579	0.023860	0.018880
Superscaffold4	8810780	8968399	0.040099	0.040894	0.024725	0.015142
Superscaffold4	8968409	9098382	0.024625	0.034193	0.017841	0.010958
Superscaffold4	9098406	9346178	-0.113832	-0.139234	-0.063170	-0.056898
Superscaffold4	9346186	9685929	-0.093157	-0.074540	-0.041619	-0.056166
Superscaffold4	9685930	9828817	-0.020854	-0.025577	-0.014557	-0.011708
Superscaffold4	9828866	9993671	0.018418	0.020064	0.012150	0.010709
Superscaffold4	9993722	10161631	0.003018	0.003491	0.001897	0.001346
Superscaffold4	10161779	11006414	-0.125058	-0.062288	-0.037227	-0.082969
Superscaffold4	11006431	11358745	0.087292	0.081038	0.044864	0.057339
Superscaffold4	11358793	11554834	0.045065	0.039322	0.023950	0.021252
Superscaffold4	11554853	11762929	0.050178	0.050042	0.028281	0.017172
Superscaffold4	11762946	11966784	0.169851	0.116205	0.070465	0.072011
Superscaffold4	11966812	12183246	-0.027985	-0.019395	-0.012586	-0.016456
Superscaffold4	12183373	12413484	-0.030486	-0.017115	-0.011171	-0.014921
Superscaffold4	12413590	12731810	0.175432	0.148986	0.090803	0.097979
Superscaffold4	12731850	12924260	-0.090325	-0.086161	-0.050703	-0.047706
Superscaffold4	12924263	13117347	0.051261	0.036166	0.024971	0.018041
Superscaffold4	13117456	13285855	-0.040174	-0.035022	-0.022193	-0.021910
Superscaffold4	13285857	13451493	-0.006904	-0.005022	-0.003297	-0.003655
Superscaffold4	13451521	13711761	0.009456	0.008374	0.005077	0.003795
Superscaffold4	13712076	14050555	-0.023007	-0.018060	-0.008973	-0.012966
Superscaffold4	14050596	14375845	0.048085	0.033098	0.020631	0.025941
Superscaffold4	14375851	14597512	-0.060552	-0.057940	-0.032492	-0.033765
Superscaffold4	14597540	14835276	0.062157	0.041678	0.028345	0.027941
Superscaffold4	14835301	14993825	-0.088172	-0.096969	-0.056096	-0.044140
Superscaffold4	14993827	15251747	0.042631	0.037404	0.023559	0.018564
Superscaffold4	15251829	15959448	0.098626	0.104766	0.053650	0.055554
Superscaffold4	15959459	16176190	-0.056450	-0.063473	-0.033649	-0.026449
Superscaffold4	16176201	16399480	-0.111784	-0.108323	-0.057825	-0.066420
Superscaffold4	16399593	16728415	0.161333	0.125492	0.068178	0.090866
Superscaffold4	16728451	17073545	-0.006883	-0.005852	-0.003344	-0.008725
Superscaffold4	17073570	17395508	0.001185	0.000939	0.000554	-0.006885
Superscaffold4	17395539	17598303	-0.009717	-0.010079	-0.006222	-0.004737
Superscaffold4	17598344	17786436	-0.059781	-0.082638	-0.039275	-0.028810
Superscaffold4	17786452	17934280	0.147790	0.162338	0.099742	0.064238
Superscaffold4	17934298	18145711	0.040791	0.047152	0.025455	0.023474
Superscaffold4	18145760	18362210	0.101325	0.099170	0.057093	0.051939
Superscaffold4	18362220	18844526	-0.406844	-0.425964	-0.206540	-0.255967
Superscaffold4	18844741	19286120	-0.408681	-0.146928	-0.091598	-0.271331
Superscaffold4	19286291	19571988	0.205683	0.095312	0.053450	0.157547
Superscaffold4	19571991	19851110	-0.020921	-0.017493	-0.009712	-0.007618
Superscaffold4	19851385	20062555	0.106354	0.070580	0.048244	0.061138
Superscaffold4	20062651	20240072	-0.082411	-0.078049	-0.044644	-0.038123
Superscaffold4	20240119	20563588	0.116477	0.075644	0.046465	0.077531
Superscaffold4	20563637	20836210	0.047302	0.038040	0.023115	0.021744
Superscaffold4	20836385	21243127	-0.342136	-0.322775	-0.153704	-0.182988
Superscaffold4	21243143	21907942	0.062123	0.028396	0.019591	0.025158
Superscaffold4	21907992	22125816	0.068814	0.050354	0.030678	0.029749
Superscaffold4	22125859	22297512	-0.112071	-0.140301	-0.068425	-0.064741
Superscaffold4	22297545	22435054	0.033355	0.046183	0.026599	0.014253
Superscaffold4	22435127	22580518	-0.047050	-0.053580	-0.030000	-0.021867
Superscaffold4	22580563	22733950	0.021389	0.023595	0.013669	0.010290
Superscaffold4	22734053	22887994	-0.184797	-0.210712	-0.094912	-0.093991
Superscaffold4	22888014	23057682	-0.181217	-0.194635	-0.102417	-0.092410
Superscaffold4	23057764	23251364	-0.137042	-0.137853	-0.079622	-0.073712
Superscaffold4	23251377	23383650	-0.002161	-0.001744	-0.001087	-0.001587
Superscaffold4	23383663	23615261	-0.009828	-0.007994	-0.004680	-0.016150
Superscaffold4	23615262	23947685	-0.071904	-0.054458	-0.033975	-0.043627
Superscaffold4	23947727	24442546	-0.080426	-0.040187	-0.026618	-0.045427
Superscaffold4	24442561	24608496	-0.084615	-0.069283	-0.045549	-0.042138
Superscaffold4	24608503	25002124	-0.023436	-0.008664	-0.005660	-0.012377
Superscaffold4	25002234	25283373	-0.046162	-0.028496	-0.019822	-0.027218
Superscaffold4	25283427	25414184	-0.188047	-0.127725	-0.088954	-0.091254
Superscaffold4	25414197	25696239	0.027932	0.017390	0.012474	0.020795
Superscaffold4	25696339	25847907	-0.004880	-0.004114	-0.002432	0.000312
Superscaffold4	25847995	26286228	-0.042198	-0.039578	-0.021389	-0.023933
Superscaffold4	26286291	26537693	-0.048686	-0.029148	-0.018251	-0.021685
Superscaffold4	26537711	26692566	0.119320	0.095740	0.068008	0.051197
Superscaffold4	26697489	26864073	0.150572	0.218042	0.134512	0.082546
Superscaffold4	26864093	27023637	0.006822	0.004598	0.003276	0.002482
Superscaffold4	27023647	27342848	-0.042599	-0.027581	-0.015613	-0.023038
Superscaffold4	27342976	27589205	0.155230	0.065262	0.045460	0.097045
Superscaffold4	27589287	27880765	0.254420	0.123206	0.087002	0.139459
Superscaffold4	27880789	28177898	-0.039730	-0.034859	-0.020143	-0.024621
Superscaffold4	28177905	28442545	0.082813	0.074662	0.042646	0.041239
Superscaffold4	28442557	28766660	-0.018294	-0.017011	-0.009334	-0.012095
Superscaffold4	28766670	28945697	0.156575	0.145124	0.092085	0.077938
Superscaffold4	28945780	29120812	0.039358	0.032667	0.019336	0.024505
Superscaffold4	29120844	29302751	-0.085428	-0.081852	-0.049178	-0.040200
Superscaffold4	29302809	29520868	-0.042694	-0.048560	-0.028178	-0.024067
Superscaffold4	29520890	29765341	0.099297	0.067259	0.043402	0.051790
Superscaffold4	29765349	30022011	0.182869	0.168731	0.103168	0.106154
Superscaffold4	30022047	30204752	0.100350	0.102795	0.057487	0.052268
Superscaffold4	30204789	30439779	0.150912	0.106925	0.066844	0.088637
Superscaffold4	30439784	30594402	-0.024380	-0.022708	-0.014215	-0.010631
Superscaffold4	30594409	30824143	-0.107130	-0.079058	-0.045634	-0.053707
Superscaffold4	30824229	31910925	-0.072954	-0.049146	-0.025655	-0.034546
Superscaffold4	31910995	32146835	0.071272	0.056730	0.037059	0.030609
Superscaffold4	32146938	32345306	-0.096626	-0.080957	-0.039947	-0.034680
Superscaffold4	32348455	32649092	0.052153	0.039602	0.023909	0.025685
Superscaffold4	32649177	33079808	0.045276	0.022795	0.014778	0.025645
Superscaffold4	33079834	33466325	-0.213597	-0.224999	-0.126891	-0.116414
Superscaffold4	33466364	33703376	-0.133812	-0.162274	-0.063751	-0.054327
Superscaffold4	33703550	34028369	0.094997	0.069222	0.041127	0.053597
Superscaffold4	34028379	34460540	0.031344	0.011981	0.008699	0.012505
Superscaffold4	34460605	34861838	0.053356	0.023132	0.016335	0.021671
Superscaffold4	34861844	35090794	0.037374	0.024716	0.016890	0.019227
Superscaffold4	35090800	35476636	-0.104254	-0.083091	-0.051284	-0.055283
Superscaffold4	35477624	35872631	0.102986	0.072656	0.039063	0.038986
Superscaffold4	35872662	36145066	-0.029227	-0.027064	-0.017546	-0.013094
Superscaffold4	36145082	36400888	-0.054674	-0.040354	-0.024603	-0.025046
Superscaffold4	36400924	36596982	-0.123884	-0.084710	-0.051522	-0.062761
Superscaffold4	36596990	37149412	0.258529	0.179313	0.122937	0.171946
Superscaffold4	37149544	37427610	-0.187596	-0.136907	-0.077234	-0.109036
Superscaffold4	37427743	38157518	0.122901	0.059650	0.039889	0.075131
Superscaffold4	38157535	38886494	-0.002788	-0.001751	-0.001009	-0.002667
Superscaffold4	38886572	39736868	-0.339848	-0.223270	-0.119409	-0.228221
Superscaffold4	39736894	39883495	-0.263631	-0.219482	-0.131264	-0.141030
Superscaffold4	39883512	40343546	0.027559	0.017503	0.010946	0.012894
Superscaffold4	40343575	40658122	0.054033	0.042155	0.025806	0.021994
Superscaffold4	40658127	40877398	-0.012436	-0.014543	-0.007693	-0.005317
Superscaffold4	40877399	41086853	0.061401	0.048424	0.027177	0.026937
Superscaffold4	41086870	41546964	-0.032611	-0.033370	-0.020986	-0.017979
Superscaffold4	41546979	41952356	0.047145	0.038963	0.020073	0.024976
Superscaffold4	41952744	42403851	-0.038319	-0.025868	-0.016165	-0.021991
Superscaffold4	42403856	42569568	-0.168962	-0.187157	-0.098780	-0.075856
Superscaffold4	42569597	43099399	-0.386178	-0.287863	-0.150917	-0.249410
Superscaffold4	43099466	43600699	-0.332371	-0.257613	-0.142642	-0.228264
Superscaffold4	43600705	43900633	-0.088982	-0.055356	-0.033375	-0.060935
Superscaffold4	43900650	44102899	-0.180373	-0.187485	-0.095178	-0.104985
Superscaffold4	44102919	44342715	-0.179457	-0.142397	-0.077512	-0.104346
Superscaffold4	44342801	44823745	-0.055207	-0.027401	-0.017307	-0.019051
Superscaffold4	44823828	45196475	-0.021311	-0.009237	-0.006460	-0.010041
Superscaffold4	45196490	45523188	-0.095463	-0.044892	-0.029011	-0.040177
Superscaffold4	45523189	45768653	-0.040094	-0.036465	-0.020494	-0.014263
Superscaffold4	45768678	46070252	-0.085715	-0.108250	-0.055249	-0.042592
Superscaffold4	46070262	46197165	-0.108069	-0.128403	-0.079951	-0.051834
Superscaffold4	46197167	46353576	-0.133817	-0.067724	-0.049401	-0.058282
Superscaffold4	46353584	46549493	-0.124892	-0.074973	-0.053189	-0.056317
Superscaffold4	46549633	46733250	-0.219422	-0.264705	-0.156984	-0.119609
Superscaffold4	46733257	46995368	-0.081369	-0.098909	-0.060835	-0.041420
Superscaffold4	46995395	47505858	0.075171	0.051109	0.027332	0.034591
Superscaffold4	47505904	47727744	0.285297	0.143581	0.117365	0.215984
Superscaffold4	47727748	48000465	0.010241	0.007955	0.005023	0.005742
Superscaffold4	48000470	48406322	0.028400	0.021345	0.012928	0.008842
Superscaffold4	48406372	48855600	-0.065829	-0.022141	-0.017257	-0.041560
Superscaffold4	48856121	49407670	0.062787	0.017303	0.013053	0.030104
Superscaffold4	49408053	49685391	0.176474	0.104441	0.069844	0.101453
Superscaffold4	49685418	50050313	-0.045176	-0.021609	-0.015107	-0.024400
Superscaffold4	50050319	50474106	-0.033342	-0.009297	-0.007117	-0.015029
Superscaffold4	50474109	50767977	-0.513823	-0.339450	-0.165779	-0.387183
Superscaffold4	50768056	50989657	-0.132688	-0.072947	-0.049913	-0.063258
Superscaffold4	50989661	51349627	0.173431	0.109167	0.071071	0.101499
Superscaffold4	51349630	51538565	0.157561	0.122914	0.068092	0.089384
Superscaffold4	51538694	51875159	0.071570	0.040034	0.027089	0.042733
Superscaffold4	51875188	52482610	0.485345	0.264813	0.132137	0.334454
Superscaffold4	52482611	52789633	0.793389	0.544324	0.270559	0.659524
Superscaffold4	52789686	53901447	-0.195506	-0.041961	-0.027873	-0.121408
Superscaffold4	53901738	54258343	-0.013877	-0.005243	-0.003620	-0.006313
Superscaffold4	54258381	54733004	0.007373	0.001519	0.001141	0.002057
Superscaffold4	54733723	55259698	-0.041298	-0.010725	-0.006182	-0.021324
Superscaffold4	55259749	55566117	-0.067600	-0.034096	-0.019124	-0.037506
Superscaffold4	55566150	55815395	-0.126509	-0.104481	-0.056529	-0.073268
Superscaffold4	55815448	55972314	0.027302	0.025349	0.015428	0.006149
Superscaffold4	55972368	56248835	-0.394264	-0.400403	-0.182340	-0.180398
Superscaffold4	56248844	56394563	-0.041070	-0.037770	-0.021093	-0.017398
Superscaffold4	56394589	56564591	-0.194819	-0.232707	-0.106015	-0.106428
Superscaffold4	56564607	56830877	0.000287	0.000200	0.000124	-0.007831
Superscaffold4	56830885	57204205	-0.041714	-0.033037	-0.017602	-0.022245
Superscaffold4	57204272	57696743	-0.046189	-0.027329	-0.016676	-0.024290
Superscaffold4	57696824	58087995	0.082909	0.046895	0.029439	0.051873
Superscaffold4	58088024	58255393	0.112514	0.092607	0.068029	0.067155
Superscaffold4	58255432	58515375	0.036617	0.032587	0.020952	0.015458
Superscaffold4	58515442	58716012	0.157310	0.093091	0.064767	0.066621
Superscaffold4	58716023	58896313	0.140088	0.145609	0.084092	0.065887
Superscaffold4	58896392	59096497	0.040069	0.029756	0.018646	0.015196
Superscaffold4	59096501	59181724	0.082333	0.180454	0.082174	0.036602
Superscaffold4	59181844	59329702	0.120974	0.197785	0.090773	0.057256
Superscaffold4	59329706	59478457	0.040917	0.057666	0.030943	0.023351
Superscaffold4	59478733	59638547	0.218816	0.202386	0.133977	0.138319
Superscaffold4	59638595	59852468	0.138743	0.132374	0.072820	0.056345
Superscaffold4	59852469	60830140	-0.077885	-0.035343	-0.019685	-0.040696
Superscaffold4	60830154	61383033	0.185826	0.166659	0.097962	0.100151
Superscaffold4	61383043	61571002	0.107250	0.084717	0.049686	0.050816
Superscaffold4	61571024	61884902	-0.074665	-0.026335	-0.021631	-0.047229
Superscaffold4	61885298	62191772	-0.232878	-0.106193	-0.080315	-0.183548
Superscaffold4	62191790	62413354	-0.124298	-0.099383	-0.057267	-0.068250
Superscaffold4	62413360	62858821	-0.093860	-0.067722	-0.040664	-0.050298
Superscaffold4	62858851	63324425	0.049515	0.035071	0.020965	0.025898
Superscaffold4	63324477	63713554	0.152973	0.107944	0.066639	0.092599
Superscaffold4	63713564	63928057	0.027695	0.027559	0.015292	0.012477
Superscaffold4	63928075	64133917	-0.007444	-0.005409	-0.003470	-0.002066
Superscaffold4	64134018	64303866	0.004442	0.003023	0.001724	-0.000426
Superscaffold4	64303930	64454192	0.134008	0.101062	0.060500	0.070297
Superscaffold4	64454194	64705893	-0.010056	-0.006951	-0.004204	-0.006668
Superscaffold4	64705926	65157708	-0.124592	-0.097049	-0.048726	-0.075332
Superscaffold4	65157718	65332109	-0.369891	-0.437523	-0.194521	-0.232138
Superscaffold4	65332119	66237708	0.032522	0.018476	0.011608	0.017408
Superscaffold4	66237714	66707061	-0.005822	-0.002065	-0.001292	-0.003666
Superscaffold4	66707088	67034450	-0.421441	-0.174291	-0.114800	-0.288453
Superscaffold4	67036602	67284318	-0.580454	-0.520743	-0.256058	-0.435543
Superscaffold4	67284472	67621175	-0.051328	-0.037161	-0.022262	-0.028432
Superscaffold4	67621185	68009389	-0.072262	-0.072541	-0.036437	-0.039879
Superscaffold4	68009425	68176355	-0.441113	-0.860468	-0.323120	-0.306203
Superscaffold4	68176359	68326776	0.084735	0.102087	0.056303	0.046125
Superscaffold4	68326835	68500629	-0.047507	-0.036606	-0.016920	-0.024117
Superscaffold4	68500635	68680630	0.149618	0.119186	0.073135	0.086732
Superscaffold4	68680653	68878529	0.082081	0.070278	0.046962	0.048195
Superscaffold4	68878727	69202723	0.097794	0.052028	0.034922	0.042223
Superscaffold4	69202732	69548038	-0.041458	-0.039186	-0.019836	-0.027202
Superscaffold4	69548046	69780023	-0.000578	-0.000477	-0.000291	-0.002251
Superscaffold4	69780046	69945873	-0.158101	-0.215584	-0.106185	-0.092251
Superscaffold4	69945952	70409580	-0.018575	-0.015552	-0.009069	-0.010282
Superscaffold4	70409604	70734052	0.020252	0.020738	0.011946	0.009241
Superscaffold4	70734054	70942428	-0.063693	-0.072655	-0.037067	-0.041533
Superscaffold4	70942616	71593964	0.177260	0.093214	0.060840	0.098823
Superscaffold4	71594221	72250643	0.044427	0.021568	0.015264	0.020444
Superscaffold4	72250757	73013129	0.104856	0.044668	0.028282	0.056945
Superscaffold4	73013282	73349015	-0.081613	-0.045229	-0.029182	-0.048218
Superscaffold4	73349020	73461684	-0.043000	-0.056770	-0.024924	-0.027429
Superscaffold4	73461699	73906663	-0.052962	-0.033983	-0.020197	-0.037378
Superscaffold4	73906689	74313882	0.129735	0.106812	0.066367	0.071196
Superscaffold4	74313953	74477400	-0.050481	-0.029929	-0.021058	-0.022402
Superscaffold4	74478764	74724958	0.125778	0.092375	0.062337	0.078150
Superscaffold4	74724971	74896094	0.000136	0.000146	0.000087	-0.000902
Superscaffold4	74896165	75254343	0.259106	0.132785	0.088252	0.123401
Superscaffold4	75254356	75678539	0.115888	0.100015	0.062113	0.063051
Superscaffold4	75678612	75993193	0.657640	0.326557	0.208524	0.493916
Superscaffold4	75993201	76615966	-0.137893	-0.115748	-0.056723	-0.061930
Superscaffold4	76615973	76831763	-0.096490	-0.084427	-0.040110	-0.056474
Superscaffold4	76831777	77218394	-0.056510	-0.038180	-0.018972	-0.031539
Superscaffold4	77218561	77524710	-0.105825	-0.092673	-0.037812	-0.069713
Superscaffold4	77524869	77720179	-0.318337	-0.702491	-0.163500	-0.164851
Superscaffold4	77720208	78079996	-0.437220	-0.556474	-0.257843	-0.299281
Superscaffold4	78080009	78412072	0.030465	0.027636	0.016844	0.010817
Superscaffold4	78413466	78640967	0.039965	0.037327	0.021292	0.016229
Superscaffold4	78641173	78851000	0.025936	0.025366	0.012845	0.014612
Superscaffold4	78851042	79137243	0.115996	0.080795	0.052455	0.055891
Superscaffold4	79137244	79331429	0.211242	0.187078	0.134646	0.124410
Superscaffold4	79331476	80024069	-0.064746	-0.054119	-0.027628	-0.035751
Superscaffold4	80024240	80255802	-0.049073	-0.047523	-0.027128	-0.020624
Superscaffold4	80255830	80405222	-0.101036	-0.077838	-0.051500	-0.050280
Superscaffold4	80405224	80615717	-0.223116	-0.201711	-0.109811	-0.102816
Superscaffold4	80616399	80815796	-0.024139	-0.017297	-0.010414	-0.013296
Superscaffold4	80815924	81130321	0.072502	0.061697	0.034827	0.032228
Superscaffold4	81130411	81310191	0.121733	0.147067	0.082246	0.064432
Superscaffold4	81310204	81478963	0.096727	0.121442	0.077018	0.042553
Superscaffold4	81479971	81750320	0.231631	0.176276	0.112479	0.118185
Superscaffold4	81750328	82444799	0.113743	0.063811	0.033308	0.055027
Superscaffold4	82444928	82720139	-0.132113	-0.058823	-0.040486	-0.055290
Superscaffold4	82720185	82933822	-0.104652	-0.088769	-0.053574	-0.060839
Superscaffold4	82933959	83095662	-0.031456	-0.025876	-0.015567	-0.021150
Superscaffold4	83095664	83218362	-0.196515	-0.245505	-0.120162	-0.115326
Superscaffold4	83218530	83435620	-0.073138	-0.091985	-0.047369	-0.038739
Superscaffold4	83435623	83600692	-0.067097	-0.060363	-0.035832	-0.028166
Superscaffold4	83600754	83830663	-0.209089	-0.176084	-0.116379	-0.092861
Superscaffold4	83830688	84053138	0.009713	0.012569	0.007499	0.003751
Superscaffold4	84053169	84347126	-0.014416	-0.012787	-0.007922	-0.007050
Superscaffold4	84347142	84532744	-0.152584	-0.146375	-0.078115	-0.085392
Superscaffold4	84532777	84751105	0.039107	0.034391	0.019800	0.016891
Superscaffold4	84751164	84910301	0.131989	0.139781	0.087748	0.072487
Superscaffold4	84910350	85857791	-0.278659	-0.167786	-0.090105	-0.176661
Superscaffold4	85857805	86005165	0.029530	0.030113	0.018240	0.019123
Superscaffold4	86005176	86156109	-0.127785	-0.251338	-0.098136	-0.059770
Superscaffold4	86156123	86319950	0.092369	0.084541	0.057518	0.041372
Superscaffold4	86319995	86499703	0.015195	0.014369	0.007858	0.010050
Superscaffold5	23187	167057	-0.445375	-0.448485	-0.211056	-0.265504
Superscaffold5	167083	306502	-0.348292	-0.391368	-0.181398	-0.208660
Superscaffold5	306511	503806	-0.139198	-0.116509	-0.068823	-0.062316
Superscaffold5	503840	664769	0.054221	0.046902	0.029688	0.032261
Superscaffold5	664843	1017749	-0.049927	-0.028631	-0.018220	-0.024284
Superscaffold5	1017839	1248861	-0.238810	-0.175930	-0.109608	-0.119367
Superscaffold5	1248874	1499559	-0.301872	-0.249732	-0.128386	-0.161610
Superscaffold5	1499598	1822224	0.284739	0.244678	0.163438	0.161851
Superscaffold5	1822267	2005240	0.356575	0.377690	0.170556	0.250770
Superscaffold5	2005376	2178128	-0.255062	-0.358426	-0.103230	-0.111292
Superscaffold5	2178143	2357830	-0.154522	-0.138066	-0.061245	-0.092089
Superscaffold5	2359988	2729998	-0.278488	-0.196207	-0.115464	-0.150753
Superscaffold5	2730005	2988708	-0.122565	-0.071452	-0.046693	-0.063921
Superscaffold5	2988742	3177342	-0.429081	-0.628363	-0.259731	-0.289518
Superscaffold5	3177359	3523567	0.064163	0.029606	0.019432	0.027941
Superscaffold5	3523577	4002819	0.179551	0.062422	0.043387	0.089425
Superscaffold5	4002933	4625167	0.167227	0.081242	0.056657	0.073601
Superscaffold5	4625226	5160029	-0.349563	-0.336440	-0.150163	-0.191930
Superscaffold5	5160119	6214610	-0.052961	-0.013749	-0.009683	-0.032650
Superscaffold5	6214779	6652950	-0.044527	-0.016793	-0.009511	-0.025003
Superscaffold5	6653001	7241663	-0.307983	-0.250471	-0.114108	-0.177976
Superscaffold5	7241912	7479787	-0.188057	-0.121376	-0.068990	-0.104965
Superscaffold5	7479798	7814373	0.026738	0.012585	0.008246	0.012895
Superscaffold5	7814483	8197903	0.192121	0.136479	0.086696	0.100816
Superscaffold5	8197916	8571260	-0.051984	-0.029840	-0.019462	-0.022540
Superscaffold5	8571303	8804052	-0.240805	-0.300395	-0.140887	-0.136932
Superscaffold5	8804107	9036623	-0.161852	-0.145043	-0.072802	-0.088550
Superscaffold5	9036630	9223219	-0.090403	-0.094459	-0.045245	-0.045789
Superscaffold5	9223222	9392593	-0.211426	-0.313861	-0.134816	-0.125711
Superscaffold5	9392682	9651703	0.149844	0.059243	0.041814	0.075585
Superscaffold5	9651984	10594742	0.050157	0.036115	0.021691	0.022836
Superscaffold5	10594871	10761248	-0.269590	-0.259237	-0.132577	-0.177041
Superscaffold5	10761381	10975906	-0.139594	-0.119982	-0.065536	-0.069015
Superscaffold5	10975945	11270685	0.099197	0.059162	0.038680	0.065628
Superscaffold5	11270697	11555822	-0.272621	-0.206305	-0.085487	-0.138504
Superscaffold5	11555884	12506047	0.044734	0.034844	0.020534	0.029493
Superscaffold5	12506324	12878455	-0.135797	-0.104276	-0.055039	-0.089428
Superscaffold5	12878456	14077489	0.046047	0.024163	0.015404	0.022228
Superscaffold5	14077495	14260135	0.221511	0.225220	0.129144	0.135466
Superscaffold5	14260153	14466439	-0.124280	-0.147533	-0.074441	-0.062158
Superscaffold5	14466481	14777930	-0.313532	-0.375039	-0.160466	-0.187494
Superscaffold5	14777990	14957721	-0.013899	-0.011843	-0.006134	-0.010178
Superscaffold5	14958234	15251480	0.119103	0.069389	0.038780	0.055187
Superscaffold5	15251487	15491033	0.027853	0.025761	0.010392	0.017850
Superscaffold5	15491083	15754894	-0.048354	-0.057818	-0.029410	-0.029497
Superscaffold5	15754958	16177011	-0.085300	-0.044466	-0.028617	-0.057274
Superscaffold5	16177012	16474163	-0.064549	-0.047062	-0.029138	-0.029512
Superscaffold5	16474196	16696762	-0.082226	-0.069001	-0.042626	-0.042900
Superscaffold5	16697145	16978429	0.096274	0.063634	0.045387	0.053318
Superscaffold5	16978433	17397313	0.031996	0.019540	0.011032	0.018870
Superscaffold5	17397535	17643870	0.057722	0.065783	0.033860	0.024342
Superscaffold5	17643912	17951391	-0.043638	-0.037669	-0.021361	-0.020389
Superscaffold5	17951432	18100174	-0.156413	-0.123555	-0.075213	-0.078029
Superscaffold5	18100215	18260010	-0.096179	-0.103213	-0.051768	-0.054539
Superscaffold5	18260017	18553169	-0.195625	-0.132046	-0.087219	-0.112107
Superscaffold5	18553182	18785201	-0.161541	-0.092896	-0.055680	-0.067872
Superscaffold5	18785628	19132150	-0.079450	-0.079690	-0.043611	-0.037681
Superscaffold5	19132186	19353260	0.182404	0.158336	0.090677	0.094301
Superscaffold5	19353289	19626218	0.246719	0.168754	0.087389	0.122708
Superscaffold5	19626321	19834047	-0.034232	-0.019914	-0.012596	-0.015173
Superscaffold5	19834151	20140138	0.029337	0.019065	0.010956	0.013049
Superscaffold5	20140681	20381071	-0.161664	-0.127893	-0.062250	-0.077015
Superscaffold5	20381240	20863219	-0.208332	-0.139395	-0.079913	-0.114769
Superscaffold5	20863244	21162684	-0.096361	-0.061943	-0.039251	-0.049055
Superscaffold5	21162690	21441957	-0.170265	-0.185467	-0.082319	-0.087745
Superscaffold5	21441970	21596903	-0.128689	-0.095243	-0.050092	-0.064301
Superscaffold5	21596927	21878131	-0.096912	-0.064950	-0.038132	-0.050422
Superscaffold5	21878138	21997735	-0.083752	-0.086387	-0.045153	-0.037784
Superscaffold5	21997821	22250319	-0.312600	-0.323868	-0.139808	-0.196383
Superscaffold5	22250396	22635838	-0.074810	-0.047315	-0.027703	-0.045859
Superscaffold5	22635877	23048656	0.014271	0.013474	0.007828	0.009119
Superscaffold5	23048715	23234870	0.081190	0.072587	0.041450	0.039427
Superscaffold5	23235129	23401489	-0.000126	-0.000074	-0.000050	-0.000950
Superscaffold5	23401563	24255576	-0.014810	-0.012364	-0.005998	-0.010267
Superscaffold5	24255637	24504396	0.122001	0.080735	0.048616	0.063538
Superscaffold5	24504400	24819747	-0.086715	-0.031368	-0.021684	-0.042345
Superscaffold5	24819769	25334460	0.019393	0.005666	0.004091	0.006654
Superscaffold5	25334461	25557920	0.372565	0.214688	0.140537	0.204478
Superscaffold5	25557954	25980120	-0.012192	-0.005621	-0.003347	-0.006559
Superscaffold5	25980228	26631932	-0.008543	-0.004485	-0.002771	-0.004880
Superscaffold5	26631995	27431954	-0.113036	-0.068471	-0.036917	-0.051987
Superscaffold5	27431957	27611247	0.328580	0.258200	0.166210	0.176822
Superscaffold5	27611264	27948077	-0.401954	-0.330733	-0.157266	-0.229934
Superscaffold5	27948461	28298985	-0.575847	-0.980012	-0.363882	-0.384767
Superscaffold5	28298986	28473005	-0.302951	-0.501549	-0.206971	-0.178789
Superscaffold5	28473074	28663538	-0.147368	-0.127336	-0.067366	-0.060547
Superscaffold5	28663697	28913928	-0.261256	-0.169282	-0.088893	-0.139686
Superscaffold5	28913942	29140985	-0.158053	-0.087218	-0.048487	-0.092308
Superscaffold5	29140994	29375111	-0.390193	-0.248198	-0.127666	-0.252107
Superscaffold5	29376245	29738876	-0.009346	-0.002351	-0.001691	-0.004874
Superscaffold5	29738976	29916124	-0.103781	-0.079319	-0.045050	-0.065807
Superscaffold5	29916264	30047818	-0.113554	-0.110138	-0.060202	-0.059306
Superscaffold5	30047826	30214503	0.023079	0.026692	0.016066	0.012687
Superscaffold5	30214542	30396486	-0.008683	-0.006325	-0.004117	-0.003357
Superscaffold5	30396487	30892085	-0.256976	-0.089691	-0.058549	-0.123346
Superscaffold5	30892087	31176057	-0.204309	-0.131316	-0.067532	-0.126862
Superscaffold5	31176119	31406431	-0.271069	-0.121307	-0.071556	-0.121425
Superscaffold5	31406437	31643481	-0.421598	-0.265612	-0.177836	-0.260910
Superscaffold5	31643570	32057191	0.055209	0.034894	0.020857	0.024798
Superscaffold5	32057205	32290881	0.574533	0.304641	0.208110	0.375303
Superscaffold5	32291434	32855041	-0.395757	-0.261459	-0.117027	-0.234089
Superscaffold5	32855135	33025224	-0.168343	-0.119566	-0.066457	-0.104074
Superscaffold5	33025240	33238258	0.123408	0.097592	0.059358	0.082620
Superscaffold5	33238271	33771702	0.141373	0.045036	0.033162	0.086514
Superscaffold5	33773064	34083132	-0.422264	-0.055124	-0.048021	-0.260672
Superscaffold5	34083158	34479783	-0.269040	-0.046275	-0.037359	-0.140588
Superscaffold5	34479856	34803968	-0.130388	-0.057310	-0.034510	-0.058106
Superscaffold5	34804177	35128714	-0.109314	-0.047709	-0.029267	-0.052794
Superscaffold5	35128750	35497514	-0.010279	-0.003451	-0.002361	-0.004704
Superscaffold5	35497578	35735005	0.152431	0.097222	0.049619	0.071710
Superscaffold5	35735006	36161977	0.068867	0.017370	0.012142	0.035814
Superscaffold5	36162023	36569532	-0.147089	-0.062343	-0.034812	-0.087820
Superscaffold5	36569570	36785849	-0.035457	-0.020239	-0.011631	-0.013949
Superscaffold5	36785861	37138452	-0.164272	-0.109910	-0.063379	-0.083201
Superscaffold5	37138503	37365355	-0.330389	-0.360032	-0.158003	-0.180989
Superscaffold5	37365401	37558532	-0.020598	-0.010292	-0.006043	-0.014074
Superscaffold5	37558535	37910630	-0.021491	-0.007684	-0.005040	-0.010360
Superscaffold5	37910682	38228303	-0.033398	-0.015615	-0.010050	-0.017222
Superscaffold5	38228340	38532911	-0.058158	-0.026750	-0.017112	-0.026085
Superscaffold5	38532927	38818661	0.117802	0.075453	0.041938	0.052646
Superscaffold5	38818758	39414041	-0.015520	-0.009925	-0.006173	-0.014107
Superscaffold5	39414046	39825872	0.099584	0.078713	0.041419	0.058443
Superscaffold5	39825875	40215387	-0.321310	-0.216291	-0.122844	-0.171890
Superscaffold5	40220891	40869295	0.040890	0.020781	0.013784	0.015565
Superscaffold5	40869305	41558612	-0.244586	-0.147931	-0.090560	-0.126098
Superscaffold5	41558625	42015837	-0.422741	-0.277846	-0.150952	-0.272046
Superscaffold5	42016196	42457838	-0.237652	-0.075387	-0.051689	-0.146309
Superscaffold5	42457853	42878507	0.128974	0.065819	0.037235	0.058543
Superscaffold5	42878581	43117864	-0.286833	-0.175423	-0.108943	-0.143328
Superscaffold5	43117912	43339677	-0.086811	-0.051464	-0.035047	-0.045654
Superscaffold5	43339718	43636702	0.014599	0.007523	0.004828	0.000069
Superscaffold5	43636762	43834768	-0.176463	-0.132710	-0.064797	-0.088639
Superscaffold5	43834935	43992978	0.204025	0.153097	0.106352	0.112837
Superscaffold5	43993449	44350932	-0.042287	-0.036175	-0.021467	-0.021149
Superscaffold5	44351007	44563195	0.069468	0.046145	0.031137	0.032507
Superscaffold5	44563398	44772252	-0.191941	-0.087850	-0.060733	-0.067089
Superscaffold5	44772302	44991371	-0.058152	-0.035107	-0.022658	-0.027635
Superscaffold5	44991415	45434217	-0.095842	-0.083175	-0.043778	-0.061750
Superscaffold5	45434277	45649930	-0.045684	-0.034243	-0.019551	-0.026681
Superscaffold5	45650021	46035149	0.023250	0.013657	0.009224	0.010039
Superscaffold5	46039716	46411799	-0.145758	-0.133612	-0.066166	-0.068961
Superscaffold5	46411858	46671320	-0.033430	-0.028222	-0.014537	-0.018005
Superscaffold5	46671321	46919453	-0.079747	-0.063221	-0.034273	-0.036157
Superscaffold5	46919769	47372882	0.000546	0.000150	0.000117	-0.001012
Superscaffold5	47373159	47647823	-0.021777	-0.014819	-0.008067	-0.012747
Superscaffold5	47647826	47932313	-0.166801	-0.118978	-0.059784	-0.092288
Superscaffold5	47932319	48226278	0.246937	0.113641	0.067014	0.142812
Superscaffold5	48226406	48617168	-0.027322	-0.010370	-0.006509	-0.013439
Superscaffold5	48617216	49033675	-0.141730	-0.077318	-0.046295	-0.080829
Superscaffold5	49033801	49560805	-0.035120	-0.018251	-0.012340	-0.013591
Superscaffold5	49560856	49983688	-0.047617	-0.031655	-0.016973	-0.014020
Superscaffold5	49983712	50324030	-0.112236	-0.073467	-0.043815	-0.056191
Superscaffold5	50324083	50592172	-0.160060	-0.095954	-0.056222	-0.079721
Superscaffold5	50592176	50870354	0.659332	0.413474	0.207821	0.447892
Superscaffold5	50870404	51089492	0.296928	0.141155	0.086364	0.201067
Superscaffold5	51089495	51495958	-0.269255	-0.108866	-0.071549	-0.135904
Superscaffold5	51495973	51716901	-0.098352	-0.090569	-0.050328	-0.049009
Superscaffold5	51717118	52127255	0.034181	0.024558	0.012651	0.013759
Superscaffold5	52127258	52393055	0.030861	0.022282	0.013853	0.015215
Superscaffold5	52393176	52647753	0.105183	0.062183	0.037506	0.054616
Superscaffold5	52647791	52793001	-0.158067	-0.108688	-0.070142	-0.064829
Superscaffold5	52793143	52939062	-0.066095	-0.074184	-0.040301	-0.034075
Superscaffold5	52939183	53126190	-0.001143	-0.000749	-0.000476	-0.002042
Superscaffold5	53126247	53382516	0.066347	0.046702	0.027595	0.034740
Superscaffold5	53382665	53667178	-0.567525	-0.487091	-0.236093	-0.380714
Superscaffold5	53667183	53994188	-0.160900	-0.165586	-0.081308	-0.077585
Superscaffold5	53994326	54593791	-0.183797	-0.098886	-0.058169	-0.098199
Superscaffold5	54593880	55207455	0.173495	0.120557	0.077216	0.091434
Superscaffold5	55207477	55724966	-0.059692	-0.053521	-0.026654	-0.029832
Superscaffold5	55724979	55965279	-0.068109	-0.036101	-0.020967	-0.025124
Superscaffold5	55965383	56179150	0.009137	0.007719	0.004990	0.008054
Superscaffold5	56179157	56351414	0.129100	0.094220	0.062997	0.072189
Superscaffold5	56351448	56869975	0.042344	0.019204	0.011721	0.021171
Superscaffold5	56870078	57067389	-0.061898	-0.050548	-0.031539	-0.030880
Superscaffold5	57067582	57394922	-0.200251	-0.119097	-0.074154	-0.096492
Superscaffold5	57394968	57584598	-0.211178	-0.193559	-0.090509	-0.093717
Superscaffold5	57584620	57885068	-0.227497	-0.137352	-0.087658	-0.115851
Superscaffold5	57885103	58338848	0.132592	0.055582	0.039680	0.072604
Superscaffold5	58338915	58718640	0.022388	0.010337	0.006490	0.011706
Superscaffold5	58718697	59016563	-0.026733	-0.013568	-0.007255	-0.013148
Superscaffold5	59016576	59286442	0.109489	0.069063	0.037461	0.055472
Superscaffold5	59286587	59774562	-0.059602	-0.031515	-0.017269	-0.036614
Superscaffold5	59774656	60194908	-0.103287	-0.058210	-0.030031	-0.041864
Superscaffold5	60194923	60743315	0.101676	0.039210	0.026042	0.050582
Superscaffold5	60743317	61358835	-0.044228	-0.016726	-0.012459	-0.025202
Superscaffold5	61359031	61625098	-0.074430	-0.038744	-0.025949	-0.046508
Superscaffold5	61625099	62083918	0.001277	0.000550	0.000338	0.002665
Superscaffold5	62083927	62344378	-0.204492	-0.109741	-0.066567	-0.114025
Superscaffold5	62344515	62694772	-0.024863	-0.011052	-0.007927	-0.010960
Superscaffold5	62694775	63061786	-0.152132	-0.091243	-0.051645	-0.075649
Superscaffold5	63061874	63297095	-0.009346	-0.005663	-0.003860	-0.009665
Superscaffold5	63297234	63572298	-0.110112	-0.073128	-0.038860	-0.051883
Superscaffold5	63574053	63758395	-0.109085	-0.103436	-0.050570	-0.058983
Superscaffold5	63758420	63856095	0.337607	0.376924	0.224339	0.215351
Superscaffold5	63856096	64198374	0.147449	0.114298	0.052420	0.076906
Superscaffold5	64198401	64843663	0.056361	0.029980	0.018949	0.029412
Superscaffold5	64843742	65184084	0.097931	0.043213	0.023899	0.057667
Superscaffold5	65184090	65562444	-0.148188	-0.062775	-0.041311	-0.069695
Superscaffold5	65562572	65959859	-0.188126	-0.096241	-0.051831	-0.112035
Superscaffold5	65959961	66371301	0.263537	0.133504	0.073268	0.152847
Superscaffold5	66371413	66743967	-0.027660	-0.012499	-0.008457	-0.015222
Superscaffold5	66743983	67038259	-0.076266	-0.046002	-0.032086	-0.041006
Superscaffold5	67038291	67474563	-0.013425	-0.005915	-0.003794	-0.006327
Superscaffold5	67474596	68332534	0.027318	0.013880	0.008728	0.010575
Superscaffold5	68332552	68737803	-0.417303	-0.317250	-0.167191	-0.253428
Superscaffold5	68737806	69630248	-0.157079	-0.126358	-0.076186	-0.063743
Superscaffold5	69630317	69986801	-0.043800	-0.030786	-0.018854	-0.022599
Superscaffold5	69986826	70406829	0.050890	0.034882	0.021332	0.022263
Superscaffold5	70406842	70986006	0.079653	0.053049	0.030848	0.054653
Superscaffold5	70986007	71327228	-0.119454	-0.083671	-0.044099	-0.063670
Superscaffold5	71327329	71637478	-0.002715	-0.001883	-0.001128	0.000143
Superscaffold5	71637483	72179523	-0.064085	-0.045455	-0.028593	-0.032320
Superscaffold5	72179658	72413079	0.059507	0.046556	0.028340	0.031056
Superscaffold5	72413117	73010122	-0.084054	-0.042641	-0.026547	-0.043715
Superscaffold5	73010123	73194008	-0.110495	-0.098152	-0.047074	-0.055188
Superscaffold5	73194032	73382554	-0.080692	-0.059860	-0.035279	-0.048836
Superscaffold5	73382580	73742392	0.376358	0.254834	0.155857	0.251530
Superscaffold5	73742418	74156518	0.296813	0.124767	0.089792	0.155701
Superscaffold5	74156527	74458839	-0.119216	-0.060454	-0.039055	-0.064501
Superscaffold5	74459148	74796099	-0.121283	-0.060254	-0.036717	-0.064231
Superscaffold5	74796146	75304325	0.228016	0.150697	0.088008	0.130643
Superscaffold5	75304545	75598534	0.117200	0.099096	0.053489	0.076308
Superscaffold5	75598540	75883438	-0.057452	-0.050316	-0.029619	-0.031358
Superscaffold5	75883486	76090537	0.007620	0.006393	0.003793	0.001019
Superscaffold5	76090541	76267953	-0.309729	-0.368699	-0.192357	-0.186941
Superscaffold5	76268042	76393381	-0.100989	-0.113725	-0.059082	-0.051786
Superscaffold5	76393444	76661410	0.110944	0.079309	0.042100	0.040286
Superscaffold5	76661421	76811262	0.167443	0.129058	0.090141	0.075451
Superscaffold5	76811288	77116169	-0.091816	-0.090456	-0.042136	-0.042318
Superscaffold5	77116175	77263153	0.348127	0.339452	0.163604	0.231923
Superscaffold5	77263160	77513889	0.227064	0.240023	0.127022	0.143516
Superscaffold5	77513898	77743095	-0.035856	-0.027732	-0.016432	-0.013908
Superscaffold5	77743157	77935106	0.171211	0.166824	0.095399	0.095855
Superscaffold5	77935151	78117208	-0.110834	-0.101851	-0.048779	-0.060657
Superscaffold5	78117337	78289342	0.061761	0.049079	0.026889	0.026645
Superscaffold5	78289435	78615801	-0.234893	-0.152896	-0.083380	-0.106578
Superscaffold5	78615836	78894090	0.302837	0.124883	0.089379	0.150081
Superscaffold5	78894252	79151981	-0.188913	-0.122930	-0.064654	-0.101276
Superscaffold5	79152035	79417671	-0.121321	-0.119646	-0.063835	-0.075456
Superscaffold5	79417694	79709218	0.301710	0.212341	0.131055	0.174018
Superscaffold5	79709947	79989819	-0.103387	-0.106323	-0.055467	-0.053686
Superscaffold5	79989820	80159017	0.269000	0.245606	0.145220	0.175642
Superscaffold5	80159155	80321521	-0.027645	-0.039674	-0.020370	-0.016722
Superscaffold5	80321552	80545780	0.060190	0.054702	0.033798	0.035447
Superscaffold5	80545806	80856924	0.189875	0.111114	0.067200	0.127820
Superscaffold5	80856967	81040248	0.023115	0.027159	0.012956	0.013453
Superscaffold5	81040321	81442356	-0.098649	-0.081337	-0.044581	-0.054410
Superscaffold5	81442362	81680744	-0.062246	-0.086858	-0.039868	-0.028614
Superscaffold5	81680746	81861408	-0.061653	-0.075355	-0.040219	-0.034692
Superscaffold5	81861574	82180078	-0.060047	-0.044570	-0.025108	-0.031502
Superscaffold5	82180103	82378676	-0.170958	-0.174607	-0.080093	-0.097260
Superscaffold6	154443	371496	-0.102196	-0.101570	-0.060263	-0.053324
Superscaffold6	371540	578107	-0.405072	-0.438102	-0.202914	-0.214989
Superscaffold6	578166	835271	-0.140017	-0.116260	-0.063725	-0.067898
Superscaffold6	835456	1038406	-0.096785	-0.077165	-0.052673	-0.046554
Superscaffold6	1038462	1235553	0.146244	0.132812	0.085015	0.085827
Superscaffold6	1235624	1517446	-0.261216	-0.224714	-0.124571	-0.149931
Superscaffold6	1517453	1735957	-0.272435	-0.307236	-0.142255	-0.155783
Superscaffold6	1736014	2069218	0.065427	0.035636	0.023854	0.026935
Superscaffold6	2069227	2304599	-0.010447	-0.006893	-0.004268	-0.005324
Superscaffold6	2304600	2551842	-0.036717	-0.032023	-0.016040	-0.020203
Superscaffold6	2552374	2867585	-0.055332	-0.028534	-0.017225	-0.027307
Superscaffold6	2867824	3267432	0.035543	0.014924	0.009609	0.016545
Superscaffold6	3267438	3551325	-0.084126	-0.043881	-0.029085	-0.041427
Superscaffold6	3551351	3886124	-0.226260	-0.138915	-0.071734	-0.129341
Superscaffold6	3886125	4454359	-0.100771	-0.048681	-0.032340	-0.045723
Superscaffold6	4454373	4923868	-0.048111	-0.029004	-0.016985	-0.032952
Superscaffold6	4923874	5149472	-0.293899	-0.159925	-0.099087	-0.166689
Superscaffold6	5149711	5420564	-0.138494	-0.079030	-0.052572	-0.073860
Superscaffold6	5420580	5711933	-0.048994	-0.021670	-0.014954	-0.018586
Superscaffold6	5712015	6199431	0.180498	0.098918	0.056769	0.115225
Superscaffold6	6199438	6487750	0.004418	0.002217	0.001443	-0.002131
Superscaffold6	6487755	6696330	-0.200100	-0.109227	-0.066993	-0.143997
Superscaffold6	6696331	6927516	-0.247646	-0.146273	-0.096300	-0.150339
Superscaffold6	6927573	7182240	-0.279457	-0.223400	-0.144900	-0.205827
Superscaffold6	7182241	7565186	-0.210508	-0.097574	-0.067835	-0.115391
Superscaffold6	7565385	7835686	-0.163883	-0.092424	-0.055556	-0.098620
Superscaffold6	7835851	8112851	-0.139585	-0.063728	-0.042310	-0.070605
Superscaffold6	8112910	8300246	-0.033416	-0.015334	-0.011673	-0.012403
Superscaffold6	8302761	8469757	-0.166454	-0.146371	-0.085902	-0.084990
Superscaffold6	8469865	8802231	0.164746	0.125489	0.074805	0.084839
Superscaffold6	8802243	9192216	0.043162	0.034837	0.015501	0.024827
Superscaffold6	9192217	9488688	0.411978	0.316582	0.194370	0.313605
Superscaffold6	9488732	9846897	-0.153782	-0.058809	-0.039856	-0.082508
Superscaffold6	9846918	10212081	-0.415539	-0.178896	-0.108418	-0.262430
Superscaffold6	10212359	10553950	-0.183562	-0.083084	-0.048177	-0.094559
Superscaffold6	10554036	11113856	0.003351	0.002382	0.001360	-0.000581
Superscaffold6	11113861	11432690	-0.150711	-0.116068	-0.066672	-0.098243
Superscaffold6	11432695	11814658	-0.078533	-0.024681	-0.017645	-0.034670
Superscaffold6	11814876	12158973	-0.044903	-0.024638	-0.016909	-0.020642
Superscaffold6	12158974	12685655	-0.160111	-0.048821	-0.033211	-0.082642
Superscaffold6	12685710	13331592	0.014049	0.004567	0.003134	0.006147
Superscaffold6	13331627	13803251	-0.083497	-0.045016	-0.023078	-0.055333
Superscaffold6	13803285	14256782	-0.049470	-0.015197	-0.010921	-0.023892
Superscaffold6	14256895	14561692	0.162698	0.082188	0.046980	0.082748
Superscaffold6	14561793	14800806	0.250955	0.177831	0.114684	0.099990
Superscaffold6	14800884	15111280	-0.142928	-0.059901	-0.039899	-0.083802
Superscaffold6	15111320	15560885	-0.036170	-0.015673	-0.008041	-0.021921
Superscaffold6	15560890	15907479	-0.380060	-0.106523	-0.071013	-0.243284
Superscaffold6	15907484	16228432	-0.159313	-0.051335	-0.036982	-0.098798
Superscaffold6	16228521	16564856	0.158519	0.024187	0.019490	0.042717
Superscaffold6	16564858	17299927	0.016086	0.003892	0.002745	0.006210
Superscaffold6	17300140	17660068	0.371821	0.141830	0.091512	0.217180
Superscaffold6	17660072	18311450	-0.050320	-0.013801	-0.009562	-0.032826
Superscaffold6	18311455	18597137	-0.156907	-0.054298	-0.039578	-0.091282
Superscaffold6	18598195	18909576	0.286970	0.098784	0.074247	0.136124
Superscaffold6	18909603	19471230	-0.064831	-0.017565	-0.011087	-0.028388
Superscaffold6	19471436	19874987	-0.037100	-0.015193	-0.009080	-0.025991
Superscaffold6	19875119	20264620	-0.232548	-0.085883	-0.059301	-0.133331
Superscaffold6	20265105	20530001	-0.013472	-0.006511	-0.004273	-0.008974
Superscaffold6	20530192	20872144	-0.218415	-0.076850	-0.051900	-0.156136
Superscaffold6	20872160	21208288	-0.327729	-0.145245	-0.092966	-0.207635
Superscaffold6	21208372	21782386	-0.284884	-0.072829	-0.051644	-0.177486
Superscaffold6	21782447	22332373	-0.086836	-0.029523	-0.019881	-0.051733
Superscaffold6	22332400	22554300	0.233626	0.098139	0.047944	0.070502
Superscaffold6	22554331	23045768	0.211390	0.080983	0.047021	0.146117
Superscaffold6	23045785	23512629	-0.004393	-0.001595	-0.001029	-0.002023
Superscaffold6	23517098	24343140	-0.085770	-0.018306	-0.012115	-0.053221
Superscaffold6	24343160	24858354	-0.483547	-0.182585	-0.111836	-0.365694
Superscaffold6	24858357	25394417	-0.230479	-0.104948	-0.059059	-0.125608
Superscaffold6	25394432	25663989	-0.094706	-0.055259	-0.037855	-0.058151
Superscaffold6	25664092	26238614	-0.002572	-0.000672	-0.000447	0.000465
Superscaffold6	26238630	26627837	0.194091	0.063115	0.047642	0.105824
Superscaffold6	26628052	27038489	0.132833	0.036475	0.027495	0.083266
Superscaffold6	27038592	27357671	0.167064	0.079228	0.049529	0.093095
Superscaffold6	27357680	27944934	0.042745	0.008852	0.006440	0.023084
Superscaffold6	27945100	28328568	0.000629	0.000232	0.000172	0.001472
Superscaffold6	28328573	28761113	0.244474	0.064378	0.047751	0.160873
Superscaffold6	28761114	29117845	0.177639	0.062028	0.043919	0.080706
Superscaffold6	29118023	29581669	-0.109547	-0.043597	-0.028308	-0.057324
Superscaffold6	29584131	29950153	-0.325396	-0.211208	-0.115353	-0.211596
Superscaffold6	29950221	30725423	-0.003739	-0.001321	-0.000889	-0.004295
Superscaffold6	30725575	31110200	-0.324629	-0.160099	-0.101785	-0.161906
Superscaffold6	31110259	31338689	-0.376628	-0.234098	-0.134892	-0.205051
Superscaffold6	31338707	31547284	0.258953	0.146810	0.093328	0.145646
Superscaffold6	31547420	31795625	-0.149717	-0.107078	-0.063473	-0.088617
Superscaffold6	31795805	32049462	-0.137999	-0.058781	-0.037929	-0.070565
Superscaffold6	32049498	32223101	-0.646171	-0.331822	-0.203799	-0.452870
Superscaffold6	32223336	32516009	-0.420613	-0.138097	-0.094904	-0.242142
Superscaffold6	32516013	32812235	-0.138549	-0.051179	-0.035990	-0.061328
Superscaffold6	32812350	32985582	0.003629	0.002795	0.001541	-0.000902
Superscaffold6	32985675	33434048	0.094300	0.093111	0.042276	0.059185
Superscaffold6	33434067	33889611	0.053947	0.025511	0.016118	0.026224
Superscaffold6	33889660	34267911	-0.001244	-0.000742	-0.000411	-0.001735
Superscaffold6	34268023	34763064	-0.391358	-0.175509	-0.107562	-0.255338
Superscaffold6	34763086	35070720	-0.466037	-0.320130	-0.155593	-0.329455
Superscaffold6	35070751	35540676	-0.291609	-0.228950	-0.105250	-0.143071
Superscaffold6	35540912	35884280	0.044296	0.033396	0.015440	0.025458
Superscaffold6	35884399	36157440	-0.155218	-0.077451	-0.045990	-0.087863
Superscaffold6	36157524	36454057	-0.480653	-0.238773	-0.139252	-0.328463
Superscaffold6	36454104	36828211	-0.004698	-0.001652	-0.001051	-0.002155
Superscaffold6	36828227	37227883	-0.123577	-0.050147	-0.030438	-0.075718
Superscaffold6	37227904	37643081	0.121792	0.058181	0.033572	0.087930
Superscaffold6	37643213	38056748	0.045334	0.027304	0.014810	0.020315
Superscaffold6	38056809	38359440	-0.008536	-0.005857	-0.002813	-0.004698
Superscaffold6	38359889	38800917	-0.197536	-0.059675	-0.039124	-0.106572
Superscaffold6	38801084	39153479	-0.327146	-0.130922	-0.081448	-0.199168
Superscaffold6	39153489	39444945	-0.312286	-0.149780	-0.093296	-0.188036
Superscaffold6	39444978	39786729	0.014127	0.007019	0.004668	0.006595
Superscaffold6	39787095	40067123	-0.054513	-0.033206	-0.018174	-0.026460
Superscaffold6	40067125	40590735	0.031497	0.013098	0.009012	0.017770
Superscaffold6	40590790	40971931	-0.077452	-0.045958	-0.028436	-0.045034
Superscaffold6	40971960	41324709	0.081639	0.052623	0.035896	0.047024
Superscaffold6	41324898	41649379	-0.353401	-0.191445	-0.103995	-0.218914
Superscaffold6	41649388	42073432	-0.041982	-0.013544	-0.008568	-0.015927
Superscaffold6	42073482	42366589	0.122123	0.104706	0.064501	0.058284
Superscaffold6	42366613	42700001	-0.038490	-0.024178	-0.013693	-0.021665
Superscaffold6	42700745	42973319	-0.110607	-0.092290	-0.049750	-0.070980
Superscaffold6	42973332	43303458	-0.079827	-0.035126	-0.023887	-0.033333
Superscaffold6	43303880	43540502	-0.092571	-0.053057	-0.035137	-0.048077
Superscaffold6	43540512	43883779	-0.205240	-0.100179	-0.066091	-0.116367
Superscaffold6	43883893	44174967	-0.167813	-0.087436	-0.055034	-0.086809
Superscaffold6	44175021	44447755	-0.413984	-0.270386	-0.137430	-0.282869
Superscaffold6	44447828	44799909	-0.103555	-0.048025	-0.029790	-0.044238
Superscaffold6	44799911	45214692	-0.080613	-0.026349	-0.019417	-0.037715
Superscaffold6	45214730	45494357	-0.117579	-0.056203	-0.034393	-0.048405
Superscaffold6	45494413	45726936	0.031894	0.016025	0.010995	0.019106
Superscaffold6	45727081	45944778	0.012133	0.008438	0.005885	0.006441
Superscaffold6	45944805	46232030	-0.069732	-0.068545	-0.036853	-0.037640
Superscaffold6	46232050	46442393	0.085003	0.080653	0.047168	0.046081
Superscaffold6	46442440	46608694	-0.112402	-0.105961	-0.061793	-0.057094
Superscaffold6	46608739	47049990	-0.014059	-0.007763	-0.005129	-0.003499
Superscaffold6	47050038	47385875	0.053635	0.022829	0.016843	0.019668
Superscaffold6	47385914	47704328	-0.246316	-0.124638	-0.080266	-0.137734
Superscaffold6	47704695	48345774	-0.007459	-0.003514	-0.002054	-0.005709
Superscaffold6	48345954	48829412	0.022597	0.010238	0.006026	0.010430
Superscaffold6	48829436	49030829	-0.058919	-0.039509	-0.024960	-0.030216
Superscaffold6	49030879	49354636	-0.004002	-0.003087	-0.001562	-0.006101
Superscaffold6	49354637	49515796	-0.103806	-0.110487	-0.051978	-0.049275
Superscaffold6	49515797	49953060	-0.064659	-0.025005	-0.016050	-0.026399
Superscaffold6	49953061	50231107	-0.007396	-0.006602	-0.003466	-0.002086
Superscaffold6	50231117	50548926	0.007092	0.003747	0.002432	0.000778
Superscaffold6	50548950	50848949	-0.013220	-0.006226	-0.003905	-0.009022
Superscaffold6	50849112	51163988	0.103007	0.050928	0.031629	0.055245
Superscaffold6	51164066	51772335	-0.238378	-0.157531	-0.091836	-0.146208
Superscaffold6	51772408	52051828	-0.153359	-0.087021	-0.054934	-0.081940
Superscaffold6	52051917	52408132	-0.106023	-0.056473	-0.032447	-0.054659
Superscaffold6	52408155	52613194	-0.255363	-0.181673	-0.114021	-0.136917
Superscaffold6	52613204	52853172	-0.014997	-0.011575	-0.006810	-0.010858
Superscaffold6	52853360	53142191	-0.055429	-0.029263	-0.018346	-0.023513
Superscaffold6	53142235	53559951	-0.144815	-0.080060	-0.043998	-0.084949
Superscaffold7	161742	358174	0.077456	0.099574	0.059057	0.030021
Superscaffold7	358292	539177	-0.069268	-0.104635	-0.048252	-0.035065
Superscaffold7	539197	708807	-0.204709	-0.220949	-0.117847	-0.109690
Superscaffold7	708814	1014683	-0.076288	-0.128426	-0.058898	-0.038369
Superscaffold7	1014716	1143177	0.066933	0.092048	0.047819	0.031579
Superscaffold7	1143191	1288259	0.010456	0.011168	0.006291	0.005294
Superscaffold7	1288323	1504260	-0.051643	-0.044916	-0.026683	-0.028055
Superscaffold7	1504289	1646042	-0.009283	-0.010534	-0.006105	-0.007564
Superscaffold7	1646043	1811083	-0.028913	-0.022865	-0.014139	-0.015750
Superscaffold7	1811089	2049689	-0.104270	-0.155556	-0.063766	-0.053576
Superscaffold7	2049768	2352171	0.116290	0.085690	0.055871	0.066684
Superscaffold7	2352422	2922159	-0.155860	-0.158567	-0.083628	-0.104743
Superscaffold7	2922245	3104707	0.005295	0.003860	0.002214	-0.002560
Superscaffold7	3104841	3329766	-0.443355	-0.343746	-0.179737	-0.330078
Superscaffold7	3329768	3649848	0.054223	0.056391	0.029840	0.024259
Superscaffold7	3649879	3817709	0.072347	0.078453	0.051015	0.034913
Superscaffold7	3817712	4167202	0.420054	0.242548	0.173726	0.254636
Superscaffold7	4167296	4429615	0.128740	0.141625	0.085387	0.072384
Superscaffold7	4429624	4594134	-0.001344	-0.001787	-0.000793	0.000514
Superscaffold7	4594135	4777187	-0.147218	-0.152432	-0.091646	-0.074734
Superscaffold7	4777199	4937653	-0.005125	-0.006325	-0.003805	-0.005235
Superscaffold7	4937711	5171243	0.024242	0.025093	0.013831	0.012059
Superscaffold7	5171265	5304174	0.162890	0.214525	0.126910	0.090923
Superscaffold7	5304187	5475450	0.053610	0.070218	0.039974	0.027857
Superscaffold7	5475485	5629396	0.089704	0.127146	0.057864	0.046439
Superscaffold7	5629437	5753035	0.009256	0.014444	0.007323	0.004523
Superscaffold7	5753102	5943131	0.036364	0.048244	0.026083	0.021215
Superscaffold7	5943249	6052277	0.159749	0.210717	0.117726	0.095127
Superscaffold7	6052292	6176611	0.027649	0.045754	0.025335	0.013548
Superscaffold7	6176647	6339815	0.032886	0.041585	0.025037	0.016586
Superscaffold7	6339852	6858250	0.094255	0.059598	0.038634	0.049459
Superscaffold7	6859476	7361622	0.104039	0.068548	0.045121	0.058022
Superscaffold7	7361627	7519585	0.037153	0.041122	0.023806	0.021046
Superscaffold7	7519591	7803104	-0.172311	-0.108913	-0.065792	-0.094411
Superscaffold7	7803122	7962721	0.084203	0.079888	0.048800	0.042156
Superscaffold7	7962724	8271729	0.058770	0.032705	0.022354	0.035872
Superscaffold7	8271812	8483783	0.056462	0.034278	0.022484	0.029490
Superscaffold7	8483803	9138358	0.291057	0.110626	0.079496	0.149012
Superscaffold7	9138373	9385348	0.001750	0.001858	0.000967	-0.001234
Superscaffold7	9385542	9968950	-0.074043	-0.052716	-0.031860	-0.044650
Superscaffold7	9968994	10180522	-0.042973	-0.026428	-0.015287	-0.022472
Superscaffold7	10180529	10362955	0.245117	0.187105	0.108594	0.147949
Superscaffold7	10362960	10531743	0.123371	0.110135	0.064232	0.062916
Superscaffold7	10531866	10847994	-0.033653	-0.023516	-0.012911	-0.013602
Superscaffold7	10848002	11093839	0.024070	0.021059	0.012354	0.010604
Superscaffold7	11093857	11344789	0.062344	0.035137	0.021984	0.036149
Superscaffold7	11344899	11647965	-0.157346	-0.055098	-0.037701	-0.082745
Superscaffold7	11647992	11856746	-0.337824	-0.177371	-0.124322	-0.149437
Superscaffold7	11856756	12156862	0.115045	0.071730	0.047181	0.039561
Superscaffold7	12157019	12402666	0.000727	0.000588	0.000358	-0.000266
Superscaffold7	12402681	12641880	0.015205	0.011458	0.006600	0.005867
Superscaffold7	12641947	12877788	-0.133074	-0.063938	-0.038794	-0.049561
Superscaffold7	12877789	13218035	-0.194700	-0.106654	-0.061102	-0.064121
Superscaffold7	13218065	13958757	-0.309320	-0.132942	-0.094564	-0.137874
Superscaffold7	13958782	14351037	-0.045161	-0.071622	-0.037953	-0.021170
Superscaffold7	14351270	14629183	-0.042070	-0.023447	-0.016076	-0.017602
Superscaffold7	14629191	14820896	0.057575	0.037791	0.019472	0.027656
Superscaffold7	14821079	15161285	-0.077994	-0.045048	-0.024076	-0.029362
Superscaffold7	15161407	15841253	-0.093390	-0.031443	-0.020956	-0.033004
Superscaffold7	15841274	16185526	0.035676	0.017667	0.011659	0.012292
Superscaffold7	16185637	16369006	-0.247312	-0.156818	-0.090588	-0.158013
Superscaffold7	16369012	16674668	-0.164822	-0.097488	-0.063582	-0.088653
Superscaffold7	16674681	17016288	-0.312369	-0.184490	-0.127507	-0.157599
Superscaffold7	17016761	17268003	-0.501947	-0.204198	-0.136958	-0.342063
Superscaffold7	17268031	17594015	-0.311258	-0.082447	-0.060867	-0.171904
Superscaffold7	17594026	17879424	-0.200792	-0.116502	-0.069846	-0.159464
Superscaffold7	17879462	18139614	-0.171529	-0.050230	-0.035475	-0.059835
Superscaffold7	18139701	18557919	-0.135085	-0.035507	-0.025885	-0.042338
Superscaffold7	18557976	19005812	-0.309959	-0.066532	-0.050855	-0.126244
Superscaffold7	19005835	19260044	-0.064095	-0.037610	-0.020635	-0.028976
Superscaffold7	19260388	19508195	-0.274314	-0.139205	-0.087528	-0.128007
Superscaffold7	19508410	19736597	-0.233633	-0.149176	-0.084515	-0.120495
Superscaffold7	19736847	20101887	-0.286490	-0.083315	-0.062964	-0.134217
Superscaffold7	20101929	20336508	-0.550102	-0.251525	-0.167617	-0.287357
Superscaffold7	20336528	20627630	-0.304867	-0.071001	-0.054715	-0.134703
Superscaffold7	20627723	21129955	-0.125773	-0.030861	-0.019789	-0.063296
Superscaffold7	21130287	21442627	-0.036920	-0.011580	-0.008451	-0.017113
Superscaffold7	21442672	21751938	-0.042814	-0.012747	-0.008668	-0.023147
Superscaffold7	21751944	22302864	-0.233410	-0.117272	-0.071471	-0.137650
Superscaffold7	22302943	22886165	0.104223	0.031244	0.023965	0.055904
Superscaffold7	22886192	23169425	0.005568	0.002932	0.001922	0.003545
Superscaffold7	23169433	23420348	0.182905	0.106849	0.054345	0.119868
Superscaffold7	23420471	23739570	-0.034848	-0.021285	-0.012313	-0.022167
Superscaffold7	23739603	24074540	0.031056	0.017349	0.011142	0.015395
Superscaffold7	24074566	24322593	-0.166602	-0.110991	-0.068981	-0.090353
Superscaffold7	24322965	24598405	-0.260017	-0.128037	-0.080820	-0.121451
Superscaffold7	24598412	24775401	-0.241699	-0.111251	-0.065446	-0.171883
Superscaffold7	24775417	24992543	0.009668	0.008574	0.004921	0.004020
Superscaffold7	24992939	25285719	-0.367066	-0.280404	-0.154589	-0.226096
Superscaffold7	25285770	25480961	-0.030568	-0.016084	-0.011310	-0.010801
Superscaffold7	25481125	25708664	0.051460	0.026850	0.017079	0.019026
Superscaffold7	25708974	26027667	0.169884	0.067134	0.042101	0.077419
Superscaffold7	26027668	26636788	0.089153	0.040855	0.026443	0.038817
Superscaffold7	26636789	27001198	0.055039	0.022018	0.014019	0.023559
Superscaffold7	27001269	27179211	-0.047830	-0.050561	-0.025161	-0.018223
Superscaffold7	27179418	27383119	-0.117949	-0.080816	-0.051936	-0.046716
Superscaffold7	27383212	27554218	0.065561	0.078053	0.040649	0.028222
Superscaffold7	27554232	27828606	0.219202	0.150983	0.078484	0.082343
Superscaffold7	27828621	28064877	-0.155705	-0.122035	-0.056438	-0.075220
Superscaffold7	28065059	28290005	0.196153	0.126556	0.065114	0.101052
Superscaffold7	28290007	28581204	0.118719	0.064384	0.039270	0.064350
Superscaffold7	28581289	28855620	-0.078031	-0.039989	-0.028073	-0.042552
Superscaffold7	28855649	29309334	0.113990	0.049155	0.034011	0.047298
Superscaffold7	29309399	29608691	-0.078783	-0.058368	-0.030984	-0.038630
Superscaffold7	29608722	29796198	-0.154675	-0.112031	-0.058725	-0.060939
Superscaffold7	29796203	29973900	-0.105258	-0.072084	-0.040739	-0.046422
Superscaffold7	29974372	30248567	-0.149111	-0.076480	-0.051783	-0.062859
Superscaffold7	30248596	30470455	0.098757	0.086633	0.054526	0.059604
Superscaffold7	30470762	30814875	-0.195130	-0.065308	-0.048888	-0.079105
Superscaffold7	30814906	31135447	-0.089954	-0.038863	-0.025179	-0.045201
Superscaffold7	31135484	31751517	-0.212306	-0.118005	-0.073128	-0.121637
Superscaffold7	31751519	32050586	-0.022322	-0.010687	-0.006247	-0.012728
Superscaffold7	32050971	32375737	0.064122	0.027500	0.015995	0.033001
Superscaffold7	32375748	32751762	-0.125138	-0.052340	-0.031726	-0.062462
Superscaffold7	32751779	33088958	-0.199790	-0.075450	-0.050844	-0.096582
Superscaffold7	33089113	33342964	-0.150559	-0.101892	-0.055835	-0.083666
Superscaffold7	33343021	33497511	-0.087524	-0.097651	-0.043593	-0.053655
Superscaffold7	33497638	33722472	0.023491	0.022654	0.013287	0.016177
Superscaffold7	33722679	33951465	-0.031773	-0.018064	-0.012536	-0.015887
Superscaffold7	33951532	34327999	-0.413319	-0.207375	-0.127382	-0.235532
Superscaffold7	34328040	34581475	-0.327092	-0.224234	-0.128011	-0.185179
Superscaffold7	34581494	34764224	0.016237	0.012534	0.007700	0.008456
Superscaffold7	34764369	35033014	-0.113718	-0.067399	-0.043646	-0.061135
Superscaffold7	35033116	35507566	0.033184	0.020447	0.012320	0.021715
Superscaffold7	35507600	35832326	-0.309986	-0.129307	-0.084879	-0.209497
Superscaffold7	35832349	36148833	-0.158612	-0.059308	-0.039749	-0.077200
Superscaffold7	36148955	36418887	-0.105790	-0.059846	-0.039918	-0.055773
Superscaffold7	36418889	36728025	-0.221625	-0.133124	-0.078259	-0.152474
Superscaffold7	36728122	37040667	-0.005875	-0.003440	-0.002025	-0.002141
Superscaffold7	37040737	37340607	-0.103326	-0.090739	-0.047854	-0.053559
Superscaffold7	37340618	37595745	0.045232	0.030380	0.014317	0.017679
Superscaffold7	37595777	37975037	-0.274843	-0.070009	-0.050470	-0.151180
Superscaffold7	37975506	38319996	-0.133543	-0.044114	-0.032740	-0.063149
Superscaffold7	38320093	38570497	-0.226919	-0.089730	-0.059331	-0.111480
Superscaffold7	38570529	38876661	-0.207394	-0.112214	-0.073078	-0.105722
Superscaffold7	38876668	39044312	-0.056246	-0.041161	-0.027109	-0.029588
Superscaffold7	39044337	39248955	-0.070328	-0.047515	-0.028103	-0.032425
Superscaffold7	39248995	39468927	-0.005986	-0.003087	-0.001857	-0.005410
Superscaffold7	39468964	39725105	-0.239483	-0.183568	-0.092692	-0.109567
Superscaffold7	39725138	40234883	-0.127750	-0.097836	-0.055263	-0.062917
Superscaffold7	40234894	40529589	-0.259306	-0.130439	-0.076491	-0.138004
Superscaffold7	40529609	40896035	-0.057150	-0.020900	-0.012824	-0.031795
Superscaffold7	40896038	41548552	-0.120774	-0.069285	-0.041072	-0.071470
Superscaffold7	41548556	41753944	-0.140101	-0.103058	-0.062746	-0.080772
Superscaffold7	41753960	42008380	-0.194333	-0.115948	-0.073385	-0.102831
Superscaffold7	42008457	42168710	0.024901	0.019173	0.011074	0.012937
Superscaffold7	42168734	42379878	-0.083315	-0.065769	-0.042246	-0.053120
Superscaffold7	42379907	42592784	-0.074239	-0.052423	-0.034860	-0.040927
Superscaffold7	42592806	43063027	-0.285872	-0.161265	-0.098797	-0.161757
Superscaffold7	43063033	43271749	-0.124133	-0.098562	-0.056067	-0.077468
Superscaffold7	43271765	43646608	0.016546	0.011228	0.006829	0.007767
Superscaffold7	43646613	43870213	-0.125848	-0.103282	-0.059508	-0.065315
Superscaffold7	43870238	44038430	-0.183902	-0.145764	-0.089455	-0.108655
Superscaffold7	44038456	44230354	-0.174901	-0.133131	-0.080598	-0.103707
Superscaffold7	44230355	44442515	-0.022781	-0.020403	-0.011910	-0.013592
Superscaffold7	44442828	44659429	-0.274725	-0.170994	-0.109602	-0.136861
Superscaffold7	44659460	44916377	-0.257127	-0.180985	-0.114282	-0.154215
Superscaffold7	44916417	45098789	-0.071291	-0.066757	-0.036697	-0.042793
Superscaffold7	45098841	45285765	-0.093640	-0.092263	-0.050709	-0.053920
Superscaffold7	45285782	45505892	-0.273241	-0.237141	-0.152575	-0.159483
Superscaffold7	45505974	45707757	-0.191688	-0.145573	-0.090065	-0.099668
Superscaffold7	45707760	45898455	-0.246661	-0.225749	-0.135981	-0.130306
Superscaffold7	45898482	46112698	-0.181152	-0.153247	-0.086407	-0.087025
Superscaffold7	46112734	46270109	-0.277947	-0.223910	-0.129825	-0.177748
Superscaffold7	46270261	46398092	-0.129401	-0.145333	-0.083837	-0.075496
Superscaffold7	46398128	46652745	-0.168466	-0.122670	-0.071467	-0.074908
Superscaffold7	46654231	46989218	0.032548	0.028090	0.016769	0.013603
Superscaffold7	46989238	47457074	-0.230316	-0.186422	-0.107523	-0.124959
Superscaffold7	47457312	48006807	-0.335283	-0.217881	-0.123170	-0.224844
Superscaffold7	48006808	48219503	0.214471	0.139069	0.076541	0.098931
Superscaffold7	48219564	48400138	0.100065	0.066270	0.038319	0.036971
Superscaffold7	48401531	48866911	0.071744	0.029514	0.015335	0.036415
Superscaffold7	48867044	49147942	0.009002	0.004698	0.002697	0.005254
Superscaffold7	49147951	49459281	-0.142023	-0.077473	-0.048628	-0.100600
Superscaffold7	49459285	49755555	-0.109322	-0.075518	-0.045619	-0.046365
Superscaffold8	379697	782712	0.233180	0.199119	0.074221	0.131647
Superscaffold8	782777	932349	-0.079300	-0.085175	-0.042789	-0.045952
Superscaffold8	932386	1193769	-0.124614	-0.108633	-0.056836	-0.068759
Superscaffold8	1194080	1550806	0.271540	0.187911	0.089562	0.130273
Superscaffold8	1550817	1929762	-0.214590	-0.172381	-0.084679	-0.101191
Superscaffold8	1929886	2165368	-0.000984	-0.001027	-0.000607	-0.003416
Superscaffold8	2165382	2409808	-0.047695	-0.037900	-0.023561	-0.023881
Superscaffold8	2409824	2512412	-0.098412	-0.102370	-0.059792	-0.048866
Superscaffold8	2512414	2967037	0.317054	0.147058	0.111166	0.183059
Superscaffold8	2967038	3424596	-0.063258	-0.045473	-0.024934	-0.038457
Superscaffold8	3424662	3764540	0.079166	0.040317	0.026117	0.046710
Superscaffold8	3764606	3966300	-0.199469	-0.143568	-0.090667	-0.116663
Superscaffold8	3966301	4235732	0.054545	0.033104	0.021324	0.031763
Superscaffold8	4235735	4463437	-0.542315	-0.519270	-0.237269	-0.429151
Superscaffold8	4463486	4735252	-0.124986	-0.104483	-0.059255	-0.054323
Superscaffold8	4735279	5087815	-0.230149	-0.246287	-0.119032	-0.119196
Superscaffold8	5087922	5389615	-0.094565	-0.078468	-0.045091	-0.059633
Superscaffold8	5389629	5641102	-0.066592	-0.059809	-0.033517	-0.035390
Superscaffold8	5641185	5904377	-0.092467	-0.094943	-0.052766	-0.042631
Superscaffold8	5904398	6097330	0.021356	0.020617	0.012782	0.009296
Superscaffold8	6097335	6548663	0.221236	0.191772	0.122521	0.118220
Superscaffold8	6548787	6723641	-0.093760	-0.089967	-0.050194	-0.048505
Superscaffold8	6723647	6959121	-0.201534	-0.166831	-0.097352	-0.106655
Superscaffold8	6959159	7142549	-0.302799	-0.249437	-0.143834	-0.213273
Superscaffold8	7142565	7337277	0.167065	0.122137	0.077957	0.104248
Superscaffold8	7337481	7724864	-0.119245	-0.053196	-0.036712	-0.046222
Superscaffold8	7724895	7971700	-0.015693	-0.010818	-0.006153	-0.006036
Superscaffold8	7971721	8575979	-0.064237	-0.044973	-0.023712	-0.039129
Superscaffold8	8576384	8952457	-0.036972	-0.023683	-0.014082	-0.019844
Superscaffold8	8952529	9170820	0.002203	0.001540	0.000894	0.003249
Superscaffold8	9170845	9462406	-0.038837	-0.020530	-0.013584	-0.016568
Superscaffold8	9462417	9852872	-0.097985	-0.072633	-0.043433	-0.067910
Superscaffold8	9852902	10283525	-0.023904	-0.013848	-0.008719	-0.019096
Superscaffold8	10283533	10641960	-0.032065	-0.012604	-0.008325	-0.017913
Superscaffold8	10641998	10879000	-0.052832	-0.044683	-0.025651	-0.027998
Superscaffold8	10879024	11058610	-0.201056	-0.186892	-0.104995	-0.109128
Superscaffold8	11058813	11248705	0.072132	0.071560	0.042675	0.036124
Superscaffold8	11248766	11452872	0.122209	0.084085	0.051455	0.049508
Superscaffold8	11452873	11666770	-0.002785	-0.001941	-0.001221	-0.000349
Superscaffold8	11666785	11879293	-0.150797	-0.125393	-0.074475	-0.085630
Superscaffold8	11879333	12049299	-0.029258	-0.025730	-0.016427	-0.014179
Superscaffold8	12049300	12294995	-0.018983	-0.020947	-0.012077	-0.007196
Superscaffold8	12295045	12511779	0.097473	0.082493	0.048858	0.054830
Superscaffold8	12511846	12658330	0.043385	0.045034	0.025761	0.024206
Superscaffold8	12658489	12858617	0.097234	0.093910	0.048594	0.057270
Superscaffold8	12858782	13060974	0.077422	0.079063	0.036835	0.043848
Superscaffold8	13061040	13356076	-0.080611	-0.075910	-0.044397	-0.050062
Superscaffold8	13356127	13679548	0.230204	0.117508	0.076747	0.116314
Superscaffold8	13679549	13866807	0.326724	0.271721	0.159373	0.178782
Superscaffold8	13866836	14120648	0.086691	0.050888	0.030043	0.047312
Superscaffold8	14120707	14349217	-0.001676	-0.001098	-0.000693	-0.001602
Superscaffold8	14349278	14560446	-0.648214	-0.591980	-0.298091	-0.315098
Superscaffold8	14560544	15051967	0.105843	0.067407	0.037630	0.052830
Superscaffold8	15051981	15231769	0.080959	0.052094	0.030467	0.038646
Superscaffold8	15231913	15515912	-0.120041	-0.073899	-0.035627	-0.053950
Superscaffold8	15515976	15734484	-0.075169	-0.054966	-0.032416	-0.037014
Superscaffold8	15734504	16165155	-0.155638	-0.076383	-0.052123	-0.096940
Superscaffold8	16165212	16464725	0.092648	0.044677	0.029667	0.044278
Superscaffold8	16464826	16760462	-0.048417	-0.026357	-0.013381	-0.022030
Superscaffold8	16760490	16879799	0.188754	0.103789	0.075020	0.091650
Superscaffold8	16879823	17119342	-0.026616	-0.013319	-0.008176	-0.022205
Superscaffold8	17119347	17240250	-0.429678	-0.793373	-0.191806	-0.243183
Superscaffold8	17240296	17490808	0.106216	0.092966	0.052208	0.044393
Superscaffold8	17490862	17901591	0.121839	0.105324	0.056519	0.059368
Superscaffold8	17901649	18087584	-0.088353	-0.066151	-0.039111	-0.039182
Superscaffold8	18087587	18301474	-0.138833	-0.082844	-0.056205	-0.091475
Superscaffold8	18301483	18590644	0.003248	0.001820	0.001097	0.001805
Superscaffold8	18590764	18874699	-0.100656	-0.049145	-0.031451	-0.048984
Superscaffold8	18876552	19115590	-0.135708	-0.084811	-0.056957	-0.066051
Superscaffold8	19115616	19245536	-0.265553	-0.208578	-0.120058	-0.109366
Superscaffold8	19245545	19536275	-0.003874	-0.002265	-0.001277	0.001257
Superscaffold8	19536392	19693787	-0.236401	-0.278987	-0.144443	-0.144389
Superscaffold8	19693848	19950343	0.003090	0.002579	0.001568	0.002008
Superscaffold8	19950352	20067105	-0.098948	-0.076733	-0.045431	-0.076022
Superscaffold8	20067265	20284410	0.072740	0.039736	0.022031	0.032122
Superscaffold8	20284463	20613360	0.386642	0.213968	0.142002	0.203665
Superscaffold8	20613631	20787225	0.074077	0.057249	0.034653	0.034973
Superscaffold8	20787380	21063866	-0.256461	-0.120774	-0.073121	-0.131620
Superscaffold8	21063876	21484307	-0.258659	-0.095038	-0.064726	-0.153160
Superscaffold8	21484378	21914322	0.036528	0.006462	0.005146	0.015602
Superscaffold8	21914516	22288472	0.002932	0.000864	0.000590	0.002875
Superscaffold8	22288490	22608158	-0.347224	-0.132808	-0.068708	-0.147727
Superscaffold8	22608202	22994159	-0.334407	-0.143981	-0.085770	-0.196185
Superscaffold8	22994915	23692836	0.058868	0.013562	0.008050	0.039500
Superscaffold8	23692837	24471543	-0.007240	-0.002199	-0.001432	-0.003356
Superscaffold8	24471944	24766602	0.094788	0.061545	0.038144	0.054156
Superscaffold8	24766616	24952695	-0.166906	-0.133933	-0.071655	-0.068834
Superscaffold8	24952870	25320796	0.125036	0.043342	0.024692	0.080825
Superscaffold8	25320866	26019387	0.079662	0.029057	0.018460	0.048866
Superscaffold8	26019420	26399870	-0.230451	-0.095631	-0.058575	-0.123108
Superscaffold8	26399878	27053996	-0.149466	-0.040840	-0.029339	-0.079679
Superscaffold8	27054037	27432669	-0.036196	-0.015371	-0.009788	-0.021396
Superscaffold8	27432742	27793790	-0.155287	-0.060579	-0.043097	-0.073665
Superscaffold8	27793800	28130497	-0.264838	-0.121162	-0.073426	-0.144303
Superscaffold8	28133047	28910711	-0.235050	-0.075240	-0.049089	-0.151320
Superscaffold8	28911057	29332867	-0.282198	-0.109100	-0.068402	-0.191394
Superscaffold8	29332869	29526368	-0.097459	-0.061292	-0.037646	-0.056870
Superscaffold8	29526378	29758081	-0.707089	-0.750625	-0.309651	-0.539708
Superscaffold8	29758176	29895648	-0.625027	-0.726336	-0.301995	-0.486422
Superscaffold8	29895649	30138602	-0.084758	-0.047276	-0.031375	-0.049119
Superscaffold8	30138614	30348374	-0.115855	-0.089000	-0.054988	-0.066338
Superscaffold8	30348465	30740896	-0.227037	-0.058464	-0.042494	-0.150946
Superscaffold8	30740902	30893592	-0.257057	-0.255948	-0.106447	-0.156853
Superscaffold8	30893633	31401778	-0.086934	-0.036609	-0.022795	-0.041700
Superscaffold8	31402050	31785052	0.208042	0.062509	0.046035	0.094355
Superscaffold8	31785262	32093797	-0.278475	-0.204992	-0.115492	-0.157381
Superscaffold8	32093876	32322661	-0.249601	-0.215576	-0.107891	-0.178005
Superscaffold8	32322722	32648895	0.134332	0.070734	0.045381	0.084629
Superscaffold8	32648901	33366094	0.193278	0.120442	0.051187	0.125533
Superscaffold8	33366118	33595074	-0.128401	-0.105223	-0.062008	-0.081236
Superscaffold8	33595088	33744864	0.636953	0.577383	0.430727	0.500929
Superscaffold8	33744894	33940100	0.137302	0.144807	0.061017	0.088791
Superscaffold8	33940102	34141371	0.220549	0.120094	0.068275	0.102678
Superscaffold8	34141513	34357623	-0.035283	-0.032830	-0.018250	-0.019043
Superscaffold8	34357628	34575188	0.026205	0.018645	0.010817	0.010751
Superscaffold8	34575220	34755057	-0.026049	-0.018087	-0.010448	-0.011249
Superscaffold8	34755064	35017020	-0.058499	-0.035568	-0.019426	-0.037294
Superscaffold8	35017055	35269123	0.080301	0.038122	0.023187	0.051615
Superscaffold8	35269701	35567147	-0.214661	-0.130021	-0.075280	-0.120630
Superscaffold8	35567189	35906479	-0.135802	-0.069203	-0.041547	-0.053891
Superscaffold8	35906521	36127623	-0.215841	-0.114930	-0.080508	-0.096288
Superscaffold8	36127624	36508235	-0.108069	-0.070838	-0.043592	-0.060502
Superscaffold8	36508236	36742890	-0.367523	-0.204205	-0.138805	-0.214678
Superscaffold8	36742966	36979786	-0.345415	-0.228137	-0.148183	-0.186161
Superscaffold8	36980034	37489782	-0.294987	-0.212834	-0.130787	-0.147722
Superscaffold8	37489803	37711406	0.018887	0.011027	0.008227	0.008420
Superscaffold8	37711423	37928893	0.107308	0.079708	0.050958	0.052844
Superscaffold8	37928894	38186191	-0.606488	-0.405404	-0.236905	-0.443208
Superscaffold8	38186325	38435064	-0.178531	-0.103139	-0.070602	-0.091443
Superscaffold8	38435180	38562677	0.046714	0.040577	0.030348	0.024816
Superscaffold8	38562697	38859717	-0.229887	-0.137236	-0.089343	-0.113214
Superscaffold8	38859727	39127714	-0.180311	-0.103664	-0.067098	-0.089602
Superscaffold8	39127776	39440330	-0.290107	-0.220347	-0.117093	-0.165446
Superscaffold8	39440359	39772899	-0.218358	-0.153959	-0.095585	-0.123564
Superscaffold8	39772920	40066442	-0.560229	-0.361210	-0.221728	-0.364143
Superscaffold8	40066447	40363434	-0.288227	-0.106997	-0.077252	-0.122877
Superscaffold8	40363744	40601310	-0.090999	-0.059996	-0.040668	-0.044106
Superscaffold8	40601809	40912191	-0.018311	-0.006919	-0.004867	-0.008662
Superscaffold8	40912219	41136119	-0.033073	-0.029181	-0.016026	-0.016195
Superscaffold8	41136149	41454717	-0.173929	-0.142698	-0.087477	-0.106469
Superscaffold8	41455220	41598445	-0.009361	-0.006325	-0.003797	-0.007241
Superscaffold8	41598460	41728755	-0.048946	-0.051004	-0.028647	-0.027472
Superscaffold8	41728781	42510913	0.074673	0.039500	0.024113	0.042754
Superscaffold8	42510982	43123355	0.034490	0.018674	0.011298	0.015828
Superscaffold8	43123379	43368078	-0.213838	-0.116946	-0.074588	-0.098497
Superscaffold8	43368155	43713799	-0.201455	-0.171384	-0.100676	-0.106440
Superscaffold8	43713991	44028605	-0.134338	-0.073923	-0.046750	-0.063971
Superscaffold8	44028618	44501693	-0.027963	-0.016360	-0.010237	-0.013578
Superscaffold8	44501726	44791480	-0.024626	-0.021008	-0.010697	-0.011480
Superscaffold8	44791520	45495395	0.102296	0.037054	0.025014	0.049013
Superscaffold8	45495514	45893730	-0.397032	-0.136164	-0.087799	-0.284573
Superscaffold8	45893997	46337034	0.019754	0.007243	0.004494	0.013290
Superscaffold8	46337437	46646621	-0.337023	-0.180155	-0.107648	-0.228268
Superscaffold8	46646638	47104260	-0.610043	-0.495281	-0.240212	-0.385390
Superscaffold8	47104403	47815832	0.036858	0.019819	0.010787	0.014629
Superscaffold8	47816094	48376033	-0.010748	-0.002998	-0.002063	-0.006368
Superscaffold8	48376056	48799994	0.257991	0.156290	0.091891	0.145169
Superscaffold8	48800017	49129046	-0.140981	-0.054574	-0.035972	-0.085569
Superscaffold8	49129178	49581417	-0.141211	-0.034390	-0.025928	-0.056281
Superscaffold8	49581916	50030017	-0.143692	-0.068953	-0.043614	-0.078676
Superscaffold8	50030029	50334481	-0.699886	-0.371539	-0.216282	-0.454622
Superscaffold8	50334539	50888723	-0.096790	-0.045813	-0.031300	-0.038618
Superscaffold8	50889550	51215312	-0.259727	-0.120760	-0.073683	-0.132698
Superscaffold8	51215340	51611815	-0.061696	-0.020372	-0.013975	-0.040988
Superscaffold8	51611845	51922373	-0.268179	-0.125106	-0.076417	-0.154126
Superscaffold8	51922661	52221523	-0.140735	-0.063281	-0.041607	-0.060645
Superscaffold8	52221646	52506686	-0.076248	-0.045141	-0.030776	-0.030507
Superscaffold8	52506740	53012017	-0.089358	-0.071397	-0.036796	-0.041811
Superscaffold8	53012025	53525240	-0.075263	-0.041637	-0.028101	-0.032172
Superscaffold8	53525297	53772820	0.089485	0.065026	0.045319	0.043347
Superscaffold8	53772837	54002667	-0.047910	-0.055360	-0.020930	-0.024704
Superscaffold8	54002702	54460220	-0.144665	-0.072875	-0.038214	-0.065714
Superscaffold8	54460271	54816785	-0.206084	-0.135688	-0.085673	-0.112005
Superscaffold8	54817020	55270755	-0.030495	-0.012158	-0.008272	-0.016039
Superscaffold8	55270763	55680854	-0.242531	-0.134013	-0.074055	-0.141124
Superscaffold8	55680860	55923701	-0.592710	-0.654596	-0.244939	-0.444669
Superscaffold8	55923765	56321607	-0.216310	-0.103657	-0.065976	-0.123592
Superscaffold8	56321893	56713509	-0.301836	-0.185113	-0.101931	-0.187660
Superscaffold8	56713556	57442252	-0.129573	-0.046458	-0.029472	-0.066887
Superscaffold8	57442256	57853618	0.043896	0.021862	0.014794	0.023069
Superscaffold8	57853736	58328661	-0.175183	-0.093407	-0.060145	-0.086234
Superscaffold8	58328664	58817069	-0.029245	-0.012844	-0.009013	-0.015675
Superscaffold8	58817125	59140230	-0.116535	-0.055712	-0.038009	-0.052977
Superscaffold8	59140325	59492312	0.043301	0.019959	0.012530	0.021748
Superscaffold8	59492346	59695773	-0.157187	-0.274759	-0.103859	-0.083731
Superscaffold8	59695793	60027828	-0.158824	-0.118609	-0.053117	-0.070992
Superscaffold8	60027850	60390749	-0.116282	-0.078994	-0.048495	-0.068798
Superscaffold8	60390804	60650747	-0.343180	-0.310239	-0.150267	-0.203069
Superscaffold8	60650923	60916469	-0.133346	-0.077015	-0.045414	-0.070440
Superscaffold8	60916510	61309502	-0.089751	-0.058225	-0.032480	-0.048925
Superscaffold8	61309575	61595701	-0.234561	-0.150336	-0.095624	-0.121774
Superscaffold8	61595766	62023802	-0.250820	-0.135216	-0.086333	-0.145567
Superscaffold8	62023824	62238101	-0.093905	-0.080366	-0.043293	-0.041842
Superscaffold8	62238372	62481749	-0.197688	-0.124593	-0.077737	-0.095658
Superscaffold8	62481914	62804348	-0.293150	-0.184313	-0.109635	-0.162657
Superscaffold8	62804369	63065576	-0.153263	-0.091815	-0.052942	-0.078255
Superscaffold8	63065593	63417457	0.015617	0.007261	0.004647	0.010054
Superscaffold8	63417562	63828259	-0.272603	-0.168561	-0.104626	-0.143842
Superscaffold8	63828273	64272945	-0.194137	-0.079164	-0.050260	-0.117301
Superscaffold8	64272971	64901854	-0.039692	-0.024276	-0.013480	-0.018977
Superscaffold8	64902037	65270775	-0.221848	-0.148889	-0.078858	-0.127224
Superscaffold8	65270834	65732671	-0.087833	-0.028238	-0.017700	-0.051972
Superscaffold8	65732672	66389058	-0.098558	-0.047638	-0.025263	-0.057670
Superscaffold9	226663	390801	-0.203174	-0.246964	-0.117332	-0.123186
Superscaffold9	390808	731658	-0.089117	-0.064143	-0.037646	-0.049906
Superscaffold9	731690	1079254	0.006344	0.004149	0.002507	0.010962
Superscaffold9	1079341	1246006	-0.057529	-0.078105	-0.042156	-0.030106
Superscaffold9	1246025	1427223	-0.050464	-0.062262	-0.035454	-0.038241
Superscaffold9	1427225	1651370	-0.018843	-0.022883	-0.012519	-0.009487
Superscaffold9	1651415	2062692	-0.062098	-0.043980	-0.026514	-0.036581
Superscaffold9	2062700	2199640	0.191579	0.218943	0.141391	0.108778
Superscaffold9	2199742	2353488	-0.040833	-0.047304	-0.027647	-0.027940
Superscaffold9	2353494	2590110	0.046239	0.045396	0.027616	0.029506
Superscaffold9	2590123	2861881	0.086006	0.087724	0.044498	0.043862
Superscaffold9	2861886	3148863	0.091276	0.076323	0.043843	0.051004
Superscaffold9	3148894	3393002	0.044894	0.043306	0.025802	0.021279
Superscaffold9	3393019	4045576	-0.061518	-0.055685	-0.031733	-0.033492
Superscaffold9	4045580	4313348	-0.040876	-0.030151	-0.015047	-0.021376
Superscaffold9	4313371	4622776	-0.017668	-0.015059	-0.009465	-0.013760
Superscaffold9	4622789	4918723	0.028943	0.023015	0.012903	0.017284
Superscaffold9	4918788	5049254	-0.115423	-0.145393	-0.080058	-0.058092
Superscaffold9	5049261	5260740	0.104882	0.087891	0.046997	0.046510
Superscaffold9	5260799	5479675	-0.188578	-0.238256	-0.095266	-0.097395
Superscaffold9	5479692	5659064	-0.035626	-0.035624	-0.021671	-0.018028
Superscaffold9	5659232	5810529	-0.119938	-0.111036	-0.062262	-0.065785
Superscaffold9	5810564	6060236	0.118129	0.099024	0.060900	0.065116
Superscaffold9	6060295	6350152	0.016590	0.017519	0.010126	0.009559
Superscaffold9	6350195	6626318	-0.386775	-0.214459	-0.136525	-0.217061
Superscaffold9	6626345	6890090	-0.257592	-0.149276	-0.098132	-0.156120
Superscaffold9	6890101	7207505	-0.112354	-0.063361	-0.038356	-0.060862
Superscaffold9	7207531	7694609	-0.047978	-0.019419	-0.012782	-0.027101
Superscaffold9	7694612	7977173	-0.069042	-0.036050	-0.021516	-0.038921
Superscaffold9	7977215	8255808	-0.022844	-0.010810	-0.007127	-0.007905
Superscaffold9	8255918	8434784	-0.149510	-0.104539	-0.059370	-0.071171
Superscaffold9	8434834	8586368	-0.080951	-0.099735	-0.050512	-0.049797
Superscaffold9	8586403	8887847	-0.035596	-0.029536	-0.017536	-0.020194
Superscaffold9	8887932	9143161	0.050649	0.049130	0.028232	0.029034
Superscaffold9	9143172	9639846	-0.097350	-0.050128	-0.032634	-0.058233
Superscaffold9	9639966	9938498	-0.043213	-0.019765	-0.013300	-0.023194
Superscaffold9	9938539	10315081	-0.028648	-0.019344	-0.011617	-0.014905
Superscaffold9	10315089	11038396	-0.086246	-0.059460	-0.032431	-0.041839
Superscaffold9	11038477	11260194	-0.145566	-0.138197	-0.060651	-0.086517
Superscaffold9	11260274	11709605	0.060862	0.035690	0.021376	0.032921
Superscaffold9	11709639	12105438	-0.157989	-0.096072	-0.054786	-0.088796
Superscaffold9	12105486	12370951	-0.147463	-0.102595	-0.055443	-0.067084
Superscaffold9	12371034	12579544	-0.209057	-0.160714	-0.082312	-0.111913
Superscaffold9	12579775	13010688	-0.189558	-0.064752	-0.043353	-0.110895
Superscaffold9	13010856	13590499	-0.167352	-0.100465	-0.056602	-0.094203
Superscaffold9	13591231	14149174	-0.292616	-0.309567	-0.127316	-0.166746
Superscaffold9	14149322	14351557	0.169344	0.169704	0.122516	0.100915
Superscaffold9	14351611	14556481	-0.146154	-0.136139	-0.072611	-0.068664
Superscaffold9	14556547	14950391	-0.134120	-0.061992	-0.041108	-0.049515
Superscaffold9	14950525	15219672	-0.001483	-0.000785	-0.000582	-0.001421
Superscaffold9	15219694	15513310	-0.025368	-0.021141	-0.012521	-0.017507
Superscaffold9	15513338	15733121	-0.206403	-0.096548	-0.065276	-0.086077
Superscaffold9	15733126	15990122	-0.022980	-0.011761	-0.007612	-0.014149
Superscaffold9	15990180	16224345	-0.047234	-0.023760	-0.014256	-0.026322
Superscaffold9	16224406	16424353	0.355317	0.125528	0.082342	0.231301
Superscaffold9	16424463	16705839	0.131503	0.055479	0.031094	0.078418
Superscaffold9	16706002	16961919	-0.085588	-0.037262	-0.024968	-0.035125
Superscaffold9	16961937	17223706	-0.093078	-0.033491	-0.024031	-0.054118
Superscaffold9	17223744	17515751	0.087543	0.031754	0.022524	0.050241
Superscaffold9	17515763	17767350	0.059471	0.048896	0.024275	0.028512
Superscaffold9	17767355	17980100	-0.247555	-0.214913	-0.118413	-0.118502
Superscaffold9	17980106	18240553	-0.094653	-0.044792	-0.029862	-0.044070
Superscaffold9	18240559	19137069	-0.096903	-0.047966	-0.030612	-0.049449
Superscaffold9	19137071	20209495	-0.062700	-0.033787	-0.022149	-0.034901
Superscaffold9	20209547	20493596	-0.128460	-0.073859	-0.050702	-0.063642
Superscaffold9	20493752	20672182	-0.239960	-0.297586	-0.137437	-0.106228
Superscaffold9	20672320	20906673	-0.050979	-0.031255	-0.019252	-0.024360
Superscaffold9	20906689	21096354	-0.116051	-0.069730	-0.042348	-0.066040
Superscaffold9	21096358	21318258	-0.291792	-0.175658	-0.095212	-0.191887
Superscaffold9	21318375	21480288	-0.120663	-0.121205	-0.069407	-0.071568
Superscaffold9	21480339	21737329	-0.011515	-0.006410	-0.004354	-0.004222
Superscaffold9	21737335	22017897	-0.154163	-0.113202	-0.064889	-0.076481
Superscaffold9	22017981	22195569	0.184746	0.139033	0.078233	0.110231
Superscaffold9	22195609	22418423	0.362894	0.256885	0.142916	0.251425
Superscaffold9	22419951	23055836	0.115953	0.061947	0.027874	0.061449
Superscaffold9	23056403	23356804	0.069020	0.041497	0.019927	0.038544
Superscaffold9	23356907	23584549	-0.219265	-0.334954	-0.099137	-0.106998
Superscaffold9	23584563	23767683	-0.019904	-0.021755	-0.007488	-0.009167
Superscaffold9	23767712	23999167	0.107980	0.084714	0.045391	0.069971
Superscaffold9	23999178	24156843	0.021200	0.019451	0.011144	0.011368
Superscaffold9	24157028	24539715	0.237272	0.148253	0.091079	0.132618
Superscaffold9	24539761	24769545	-0.231734	-0.162173	-0.090940	-0.136718
Superscaffold9	24769552	25025995	0.041167	0.032738	0.019403	0.020233
Superscaffold9	25026249	25297702	-0.004061	-0.003626	-0.002290	-0.003138
Superscaffold9	25297712	25481982	-0.168422	-0.143143	-0.067063	-0.104001
Superscaffold9	25482076	26064760	-0.174470	-0.154049	-0.078431	-0.109517
Superscaffold9	26064773	26454685	0.078413	0.031914	0.021850	0.044619
Superscaffold9	26454802	26829602	-0.003561	-0.002187	-0.001298	-0.001474
Superscaffold9	26829612	27136759	0.313855	0.138109	0.110405	0.204310
Superscaffold9	27136905	27495335	-0.213226	-0.095715	-0.063271	-0.115739
Superscaffold9	27495372	27757759	0.058535	0.041622	0.028117	0.024306
Superscaffold9	27757766	28402288	-0.030082	-0.023934	-0.012566	-0.013348
Superscaffold9	28402310	28626043	0.129974	0.086206	0.057081	0.079535
Superscaffold9	28626092	28900878	0.059360	0.041743	0.027755	0.027580
Superscaffold9	28900975	29088499	-0.020833	-0.019435	-0.010581	-0.009168
Superscaffold9	29088540	29330462	-0.080261	-0.055767	-0.034284	-0.052400
Superscaffold9	29330608	29579221	-0.114722	-0.058022	-0.035476	-0.038049
Superscaffold9	29579360	29782832	-0.255529	-0.272268	-0.127184	-0.143836
Superscaffold9	29782894	30090918	-0.017141	-0.008939	-0.006314	-0.006873
Superscaffold9	30091190	30301230	-0.093119	-0.070638	-0.040023	-0.037195
Superscaffold9	30301231	30744299	0.092077	0.027833	0.019363	0.039903
Superscaffold9	30744562	31100834	-0.190072	-0.135559	-0.076969	-0.085974
Superscaffold9	31100957	31297691	-0.259777	-0.253417	-0.133277	-0.154414
Superscaffold9	31297719	31826255	0.213114	0.115739	0.082875	0.145673
Superscaffold9	31826406	32010082	0.122910	0.068065	0.039934	0.065705
Superscaffold9	32010117	32250400	0.309975	0.183742	0.119254	0.157319
Superscaffold9	32250402	32426518	0.007439	0.005796	0.002795	0.004077
Superscaffold9	32426534	32799630	0.077574	0.050596	0.030237	0.043992
Superscaffold9	32799998	32993945	0.490706	0.337436	0.231599	0.316549
Superscaffold9	32993957	33290915	0.162119	0.093733	0.061579	0.084380
Superscaffold9	33290954	33627820	-0.065370	-0.034018	-0.020684	-0.028076
Superscaffold9	33627826	34064665	0.033807	0.017354	0.011853	0.016322
Superscaffold9	34065001	34303085	-0.223386	-0.163166	-0.090748	-0.100637
Superscaffold9	34303103	34490457	-0.422005	-0.282173	-0.164202	-0.209796
Superscaffold9	34490463	34674560	-0.587815	-1.188662	-0.365593	-0.375770
Superscaffold9	34674581	34811556	-0.567405	-1.939232	-0.345493	-0.371332
Superscaffold9	34811596	35036903	-0.651473	-0.871002	-0.314898	-0.413349
Superscaffold9	35036906	35320714	0.215377	0.095662	0.062687	0.111416
Superscaffold9	35320723	36115204	-0.077228	-0.029511	-0.019678	-0.046453
Superscaffold9	36115758	36300712	-0.423420	-0.282097	-0.139541	-0.216449
Superscaffold9	36300715	36472061	0.005616	0.003340	0.002289	0.001586
Superscaffold9	36472079	36681027	-0.336440	-0.204058	-0.125784	-0.187390
Superscaffold9	36681084	36839352	0.389801	0.240843	0.137960	0.233622
Superscaffold9	36839506	37130013	0.063330	0.041412	0.022145	0.031975
Superscaffold9	37130047	37362724	0.091242	0.049820	0.026571	0.060161
Superscaffold9	37362807	37681863	-0.285529	-0.157089	-0.091298	-0.184391
Superscaffold9	37681933	37852471	0.199588	0.112671	0.079585	0.113436
Superscaffold9	37852675	38095673	-0.239792	-0.149271	-0.080271	-0.109753
Superscaffold9	38095676	38440078	0.040340	0.025549	0.016952	0.011247
Superscaffold9	38440148	38619314	0.053487	0.042676	0.023919	0.023763
Superscaffold9	38619474	39029945	0.104027	0.034651	0.023666	0.046530
Superscaffold9	39029996	39432436	-0.257943	-0.099716	-0.058718	-0.198545
Superscaffold9	39432545	39695244	-0.015870	-0.012665	-0.006270	-0.008998
Superscaffold9	39695251	39909023	-0.160365	-0.147921	-0.085040	-0.101500
Superscaffold9	39909035	40462649	-0.042104	-0.019154	-0.012368	-0.020513
Superscaffold9	40462711	40758636	-0.178761	-0.116011	-0.067275	-0.099460
Superscaffold9	40758705	41172159	0.009286	0.003931	0.002536	0.006525
Superscaffold9	41172257	41725780	-0.316322	-0.227611	-0.114647	-0.174611
Superscaffold9	41725798	42184492	-0.225021	-0.158882	-0.094916	-0.140583
Superscaffold9	42184640	42420403	-0.183804	-0.131767	-0.079389	-0.098851
Superscaffold9	42420419	42621981	-0.062698	-0.065123	-0.033833	-0.037605
Superscaffold9	42622207	42975727	0.001294	0.001115	0.000686	-0.000893
Superscaffold9	42975860	43220627	-0.184825	-0.136043	-0.084293	-0.111419
Superscaffold9	43220673	43527102	0.211779	0.139750	0.094264	0.079936
Superscaffold9	43528115	43856873	0.332686	0.241359	0.144169	0.203725
Superscaffold9	43858704	44026932	-0.077975	-0.070935	-0.043589	-0.046885
Superscaffold9	44026936	44210993	-0.265021	-0.236875	-0.140577	-0.157559
Superscaffold9	44211112	44473532	-0.042672	-0.033893	-0.019959	-0.026011
Superscaffold9	44473541	44875324	0.170729	0.124521	0.081311	0.090154
Superscaffold9	44875325	45017907	-0.053477	-0.048301	-0.030689	-0.028571
Superscaffold9	45017911	45216951	-0.268357	-0.236541	-0.135288	-0.140866
Superscaffold9	45216956	45445149	-0.276010	-0.194790	-0.122648	-0.153624
Superscaffold9	45445378	45701193	-0.058592	-0.035843	-0.023776	-0.026620
Superscaffold9	45701219	45979266	0.073360	0.061226	0.034748	0.034169
Superscaffold9	45979267	46853230	-0.020350	-0.011111	-0.006992	-0.010307
Superscaffold9	46853238	47076046	0.214703	0.184858	0.108075	0.101357
Superscaffold9	47076094	47207493	0.045534	0.072513	0.035269	0.024483
Superscaffold9	47207530	47577075	0.025445	0.015741	0.009259	0.017491
Superscaffold9	47577076	47925697	-0.067062	-0.060683	-0.031693	-0.040583
Superscaffold9	47925831	48144763	-0.001223	-0.001391	-0.000825	-0.001097
Superscaffold9	48144772	48322180	-0.041773	-0.050377	-0.026124	-0.019024
Superscaffold9	48322580	48674488	-0.104112	-0.072506	-0.047728	-0.050423
Superscaffold9	48674530	48829208	-0.083319	-0.106592	-0.056311	-0.037643
Superscaffold9	48829218	49004093	-0.027675	-0.039140	-0.018837	-0.013174
Superscaffold9	49004222	49294872	0.090964	0.084590	0.043737	0.035530
Superscaffold9	49294891	49447425	-0.015759	-0.010961	-0.007240	-0.009356
Superscaffold9	49447621	49602666	-0.095989	-0.097220	-0.057162	-0.050652
Superscaffold9	49602724	49770203	0.046512	0.045691	0.029477	0.027929
Superscaffold9	49770213	50133442	0.026124	0.019136	0.012392	0.014346
Superscaffold9	50135457	50508705	0.161380	0.102842	0.071126	0.106528
Superscaffold9	50508707	50770851	0.194380	0.116842	0.076410	0.101595
Superscaffold9	50771022	50945748	0.081537	0.065459	0.041678	0.036233
Superscaffold9	50945984	51100645	0.153787	0.173523	0.072786	0.073398
Superscaffold9	51100724	51339286	0.002039	0.001992	0.001005	0.000801
Superscaffold9	51339291	51569458	0.188121	0.138843	0.077328	0.100010
Superscaffold9	51569545	51726480	0.063667	0.067075	0.034816	0.040438
Superscaffold9	51726486	51938772	-0.008165	-0.005513	-0.003661	-0.005162
Superscaffold9	51939411	52138843	0.176134	0.170401	0.095647	0.094276
Superscaffold9	52138896	52293012	-0.008685	-0.006900	-0.004591	-0.003050
Superscaffold9	52293028	52588651	-0.119558	-0.079737	-0.052960	-0.073510
Superscaffold9	52590297	52777268	-0.063523	-0.043321	-0.025896	-0.029754
Superscaffold9	52777272	52969613	-0.200444	-0.185913	-0.099515	-0.116661
Superscaffold9	52969790	53140995	-0.043491	-0.043513	-0.023903	-0.023033
Superscaffold9	53141070	53370779	-0.081731	-0.093483	-0.040572	-0.043993
Superscaffold9	53370798	53581557	-0.042605	-0.038711	-0.022088	-0.021086
Superscaffold9	53581810	53718665	0.123380	0.144434	0.091716	0.064374
Superscaffold9	53718739	53840715	-0.172637	-0.287009	-0.122077	-0.099191
Superscaffold9	53840820	54080830	0.095238	0.063697	0.039694	0.051206
Superscaffold9	54080845	54390005	0.537901	0.337949	0.254954	0.367423
Superscaffold9	54390089	54625689	0.180113	0.135391	0.088273	0.100358
Superscaffold9	54625710	54886031	0.033917	0.028304	0.016790	0.010841
Superscaffold9	54886239	55018477	-0.044581	-0.047756	-0.028419	-0.022684
Superscaffold9	55018491	55245476	-0.148125	-0.189804	-0.098081	-0.084107
Superscaffold9	55245717	56006207	-0.183472	-0.163154	-0.085465	-0.110073
Superscaffold9	56006214	56172014	0.075434	0.080297	0.050375	0.036972
Superscaffold9	56172091	56471217	0.018020	0.013539	0.008897	0.006902
Superscaffold9	56471232	56907121	-0.054147	-0.023152	-0.015853	-0.031581
Superscaffold10	292679	490239	-0.087005	-0.087188	-0.048005	-0.051908
Superscaffold10	490249	821242	-0.142273	-0.064737	-0.039082	-0.078501
Superscaffold10	823069	1375195	-0.097827	-0.072065	-0.043618	-0.054106
Superscaffold10	1375225	1527193	0.093781	0.088913	0.047350	0.041229
Superscaffold10	1527235	1759136	-0.323456	-0.212895	-0.130464	-0.198894
Superscaffold10	1759137	2258198	-0.096730	-0.041310	-0.027789	-0.044766
Superscaffold10	2258207	2503410	0.092142	0.044842	0.027473	0.041186
Superscaffold10	2504049	2706671	0.172880	0.111132	0.060008	0.100340
Superscaffold10	2706707	3040656	-0.069686	-0.036868	-0.023269	-0.036985
Superscaffold10	3040888	3255988	0.044628	0.044893	0.022850	0.025239
Superscaffold10	3256110	3468577	0.115968	0.070466	0.043574	0.058601
Superscaffold10	3468665	4163980	0.065215	0.033341	0.018788	0.028644
Superscaffold10	4164142	5164164	-0.013393	-0.007111	-0.004179	-0.008808
Superscaffold10	5164375	5823464	-0.036227	-0.023711	-0.014858	-0.018862
Superscaffold10	5823467	6124741	-0.264154	-0.186449	-0.094709	-0.132367
Superscaffold10	6124752	6355626	-0.039703	-0.040144	-0.020587	-0.017816
Superscaffold10	6355688	6778611	-0.052730	-0.043409	-0.022520	-0.025429
Superscaffold10	6778642	7286114	-0.049964	-0.022528	-0.014484	-0.028644
Superscaffold10	7286146	7603087	-0.070344	-0.039563	-0.025937	-0.029947
Superscaffold10	7603096	7960813	0.028606	0.020693	0.013537	0.014324
Superscaffold10	7960852	8222461	-0.039074	-0.018448	-0.011724	-0.018662
Superscaffold10	8222487	8520162	-0.165901	-0.092604	-0.058985	-0.076579
Superscaffold10	8520177	8967472	-0.434163	-0.242257	-0.130015	-0.270734
Superscaffold10	8967790	9545933	-0.126511	-0.063305	-0.038710	-0.065539
Superscaffold10	9545979	9955049	-0.030896	-0.018879	-0.011853	-0.016166
Superscaffold10	9955764	10174730	0.037713	0.027949	0.016285	0.015877
Superscaffold10	10174844	10388983	0.079811	0.055488	0.028445	0.030940
Superscaffold10	10389097	10588124	-0.237476	-0.124823	-0.080958	-0.132550
Superscaffold10	10588567	11313410	-0.150823	-0.069160	-0.042509	-0.078674
Superscaffold10	11313525	11713338	-0.047987	-0.013967	-0.008972	-0.030118
Superscaffold10	11713386	12010349	-0.054449	-0.025646	-0.015740	-0.027386
Superscaffold10	12010377	12175790	0.034555	0.026819	0.016061	0.015003
Superscaffold10	12175854	12312629	0.076385	0.081114	0.042958	0.039141
Superscaffold10	12312630	12769656	0.051217	0.023070	0.016191	0.019900
Superscaffold10	12769669	13005744	-0.179941	-0.099216	-0.058361	-0.075326
Superscaffold10	13006011	13263356	0.271715	0.154443	0.090668	0.137706
Superscaffold10	13263477	13557390	-0.190378	-0.096377	-0.061530	-0.099359
Superscaffold10	13557439	13876309	0.063807	0.037091	0.025487	0.027391
Superscaffold10	13876381	14185684	-0.266729	-0.161490	-0.097460	-0.153508
Superscaffold10	14185718	14641856	-0.032127	-0.013143	-0.008154	-0.024165
Superscaffold10	14641859	14993752	0.038271	0.022393	0.014928	0.017127
Superscaffold10	14993765	15435619	0.014857	0.008138	0.004909	0.011314
Superscaffold10	15435646	15691958	-0.210318	-0.142849	-0.087441	-0.103280
Superscaffold10	15691968	16083585	0.170967	0.067443	0.043621	0.101856
Superscaffold10	16083587	16654087	-0.091336	-0.036150	-0.021700	-0.049788
Superscaffold10	16654135	17132336	-0.018387	-0.006774	-0.004490	-0.009077
Superscaffold10	17132856	17674576	-0.055079	-0.022880	-0.014733	-0.034036
Superscaffold10	17674670	18062818	-0.061030	-0.033767	-0.019239	-0.028239
Superscaffold10	18062856	18280464	-0.041315	-0.023816	-0.015276	-0.016010
Superscaffold10	18280625	18464409	-0.317369	-0.179689	-0.108696	-0.135753
Superscaffold10	18464411	18748326	-0.488323	-0.363672	-0.161370	-0.306930
Superscaffold10	18748695	19001125	-0.305456	-0.305625	-0.129376	-0.143027
Superscaffold10	19001293	19323469	-0.077923	-0.076329	-0.031207	-0.037873
Superscaffold10	19323811	19663845	0.016731	0.013564	0.007311	0.005167
Superscaffold10	19663897	19926617	0.099235	0.052662	0.032637	0.047629
Superscaffold10	19926632	20236706	-0.290857	-0.117903	-0.074257	-0.152076
Superscaffold10	20236709	20541555	0.015711	0.008916	0.005356	0.002082
Superscaffold10	20541616	20872939	0.010389	0.002568	0.001960	0.004813
Superscaffold10	20872984	21118781	-0.048545	-0.028695	-0.015164	-0.028259
Superscaffold10	21119040	21367228	-0.027944	-0.013752	-0.008710	-0.011245
Superscaffold10	21367257	21592516	0.055789	0.040854	0.021194	0.027380
Superscaffold10	21592531	21883630	0.052229	0.028870	0.019455	0.025725
Superscaffold10	21883674	22061309	-0.258240	-0.198741	-0.110545	-0.146269
Superscaffold10	22061342	22388811	-0.069954	-0.030412	-0.020174	-0.035769
Superscaffold10	22388908	22677495	-0.131193	-0.084307	-0.048633	-0.089625
Superscaffold10	22678071	22997617	-0.035385	-0.014452	-0.009244	-0.018754
Superscaffold10	22997920	23474939	-0.017720	-0.004942	-0.003580	-0.010439
Superscaffold10	23475050	23852558	0.044794	0.016820	0.012847	0.020753
Superscaffold10	23852571	24349857	-0.270866	-0.220162	-0.120306	-0.151247
Superscaffold10	24350457	24779661	-0.127000	-0.035256	-0.025052	-0.081492
Superscaffold10	24779688	25109804	0.037006	0.018314	0.012957	0.021989
Superscaffold10	25110065	25306699	-0.043807	-0.018115	-0.012223	-0.021199
Superscaffold10	25306732	25630432	-0.114774	-0.074257	-0.046574	-0.065281
Superscaffold10	25630512	25836591	-0.043640	-0.027884	-0.017702	-0.022045
Superscaffold10	25836601	26028464	0.003272	0.002152	0.001395	-0.003341
Superscaffold10	26028644	26256090	-0.034094	-0.016555	-0.011278	-0.019148
Superscaffold10	26256188	26405694	-0.131070	-0.079132	-0.050925	-0.066798
Superscaffold10	26405695	26564119	-0.209448	-0.180065	-0.111510	-0.133872
Superscaffold10	26564120	26813644	0.218791	0.146664	0.091311	0.099962
Superscaffold10	26813661	27010920	0.009832	0.009752	0.005178	0.008745
Superscaffold10	27010944	27405621	-0.140166	-0.096292	-0.048232	-0.065952
Superscaffold10	27405729	27694231	-0.226880	-0.089655	-0.052610	-0.138177
Superscaffold10	27694472	27952907	0.111504	0.062753	0.040694	0.052389
Superscaffold10	27953000	28423850	-0.032144	-0.018121	-0.011868	-0.014254
Superscaffold10	28423923	28720725	-0.225536	-0.147718	-0.088576	-0.151870
Superscaffold10	28720735	28907907	-0.226946	-0.215047	-0.102084	-0.118223
Superscaffold10	28907911	29126833	0.107441	0.086642	0.050937	0.050044
Superscaffold10	29126868	29592389	0.049219	0.018749	0.012924	0.020534
Superscaffold10	29592397	29807471	-0.008830	-0.004263	-0.002852	-0.005910
Superscaffold10	29808536	30110716	-0.085503	-0.051116	-0.029347	-0.040108
Superscaffold10	30110785	30381091	-0.069757	-0.054545	-0.028590	-0.028935
Superscaffold10	30381221	30554245	-0.460923	-0.491152	-0.206229	-0.276702
Superscaffold10	30554248	30776002	0.012800	0.006890	0.004166	0.005647
Superscaffold10	30776010	31124858	-0.364753	-0.180930	-0.110097	-0.282064
Superscaffold10	31124872	31312412	-0.086767	-0.056551	-0.035482	-0.040782
Superscaffold10	31312455	31573366	-0.617030	-0.433046	-0.233770	-0.490443
Superscaffold10	31573397	31865697	0.103574	0.046784	0.033879	0.066985
Superscaffold10	31865753	32140103	-0.058163	-0.037089	-0.021059	-0.038818
Superscaffold10	32140446	32606988	-0.011746	-0.007437	-0.003591	-0.004751
Superscaffold10	32607102	32911989	0.069854	0.045249	0.029869	0.037838
Superscaffold10	32912002	33023927	-0.214110	-0.182669	-0.102995	-0.099512
Superscaffold10	33024107	33285568	-0.409246	-0.218924	-0.133621	-0.220352
Superscaffold10	33285630	33489616	-0.302984	-0.276159	-0.174940	-0.207070
Superscaffold10	33489654	33964173	-0.337939	-0.092272	-0.076715	-0.239742
Superscaffold10	33964188	34349105	-0.783336	-0.149001	-0.123256	-0.572997
Superscaffold10	34349185	34759941	-0.578281	-0.128836	-0.102511	-0.367821
Superscaffold10	34759985	35176586	0.049987	0.019176	0.012351	0.029368
Superscaffold10	35176594	35613194	-0.199185	-0.065797	-0.038480	-0.097941
Superscaffold10	35613272	35943973	-0.250666	-0.135618	-0.074675	-0.131008
Superscaffold10	35944484	36290807	-0.098336	-0.040838	-0.022467	-0.056462
Superscaffold10	36290908	36626851	0.036275	0.025373	0.013724	0.020611
Superscaffold10	36626859	36927842	-0.068745	-0.034365	-0.022193	-0.030732
Superscaffold10	36927863	37210420	-0.028164	-0.022839	-0.014104	-0.009674
Superscaffold10	37210424	37395082	-0.384471	-0.350344	-0.158322	-0.179843
Superscaffold10	37395329	37624502	0.026307	0.013178	0.009137	0.009112
Superscaffold10	37624582	37853071	-0.131280	-0.114726	-0.061403	-0.064414
Superscaffold10	37853116	38017272	-0.019596	-0.022288	-0.011193	-0.010884
Superscaffold10	38017315	38168875	0.022428	0.023635	0.012855	0.012223
Superscaffold10	38168904	38332667	-0.094842	-0.087812	-0.051746	-0.042598
Superscaffold10	38332688	38506758	-0.105876	-0.059844	-0.042441	-0.056472
Superscaffold10	38506817	38680097	-0.069260	-0.092475	-0.043595	-0.031241
Superscaffold10	38680124	39276817	0.005904	0.003134	0.002057	0.001622
Superscaffold10	39276923	40060183	-0.059469	-0.044485	-0.025565	-0.030399
Superscaffold10	40060280	40369554	0.303128	0.235545	0.135549	0.161473
Superscaffold10	40369720	40643002	0.184249	0.091252	0.065385	0.091694
Superscaffold10	40643038	40773579	0.046729	0.063189	0.031031	0.023780
Superscaffold10	40773594	40908864	0.316911	0.276704	0.164957	0.179516
Superscaffold10	40908889	41222913	-0.265621	-0.138847	-0.082578	-0.146642
Superscaffold10	41223045	41602379	0.026612	0.008405	0.005445	0.010716
Superscaffold10	41602413	41813010	0.272921	0.233980	0.159618	0.126155
Superscaffold10	41813018	42084637	0.402559	0.323550	0.230928	0.198427
Superscaffold10	42085241	42296802	0.170403	0.236665	0.141709	0.072805
Superscaffold10	42296825	42444404	-0.068731	-0.097674	-0.050847	-0.030667
Superscaffold10	42444467	42629898	-0.258786	-0.259036	-0.118001	-0.151603
Superscaffold10	42629909	42952850	0.036376	0.027392	0.015515	0.014685
Superscaffold10	42953592	43178313	0.086522	0.076101	0.043425	0.048198
Superscaffold10	43178334	43478055	0.024228	0.012138	0.007985	0.009896
Superscaffold10	43478089	43760296	-0.046759	-0.028226	-0.016049	-0.020353
Superscaffold10	43760304	44211064	-0.062982	-0.046460	-0.028596	-0.037100
Superscaffold10	44211066	44387567	-0.379869	-0.245530	-0.140337	-0.226477
Superscaffold10	44392133	44913197	-0.124103	-0.070785	-0.046877	-0.068083
Superscaffold10	44913227	45089119	0.003167	0.002881	0.001785	0.003577
Superscaffold10	45089176	45390337	0.033463	0.027667	0.016068	0.020919
Superscaffold10	45390469	45641512	0.003332	0.002702	0.001557	-0.001406
Superscaffold10	45642623	45782542	-0.004837	-0.006805	-0.003574	-0.000448
Superscaffold10	45782549	45932667	0.005209	0.007173	0.003881	0.002970
Superscaffold10	45932681	46101185	-0.005612	-0.006334	-0.003286	-0.005969
Superscaffold10	46101206	46314578	-0.013492	-0.015864	-0.008683	-0.007564
Superscaffold10	46314593	46524394	-0.128612	-0.121969	-0.076062	-0.068759
Superscaffold10	46524533	47453092	-0.041705	-0.036941	-0.021497	-0.028149
Superscaffold10	47453167	47596005	0.049605	0.058626	0.035179	0.025038
Superscaffold10	47596010	47758113	-0.242434	-0.269282	-0.123792	-0.141776
Superscaffold10	47758133	47881240	0.113536	0.142571	0.081806	0.059158
Superscaffold10	47881262	48066946	0.043297	0.070622	0.034949	0.023577
Superscaffold10	48066949	48265787	-0.181177	-0.507274	-0.126617	-0.087847
Superscaffold10	48265808	48456810	0.209480	0.191308	0.113511	0.095444
Superscaffold10	48456886	48656930	0.091910	0.126154	0.060213	0.046163
Superscaffold10	48656932	48812239	0.019874	0.025021	0.013380	0.007793
Superscaffold10	48812243	49169731	0.029102	0.018018	0.009764	0.014891
Superscaffold10	49169735	49394619	0.032593	0.032124	0.017542	0.021203
Superscaffold10	49394637	49744258	0.010024	0.011328	0.006061	0.005715
Superscaffold10	49744277	49955234	-0.075619	-0.095350	-0.056845	-0.039745
Superscaffold10	49955240	50085307	-0.084260	-0.058067	-0.038134	-0.052562
Superscaffold10	50085313	50276190	-0.304880	-0.160121	-0.104817	-0.188613
Superscaffold10	50276242	50830493	0.065417	0.048397	0.026987	0.038895
Superscaffold10	50830910	51078073	-0.074178	-0.057136	-0.033844	-0.044719
Superscaffold10	51078265	51252049	0.049936	0.049249	0.026591	0.027841
Superscaffold10	51252344	51522233	0.092795	0.100440	0.061290	0.045870
Superscaffold10	51522274	51875930	0.045426	0.030054	0.019786	0.023563
Superscaffold10	51875996	52011739	0.032771	0.039736	0.022777	0.015862
Superscaffold10	52011754	52158287	0.008159	0.011920	0.006230	0.004709
Superscaffold10	52158294	52324216	-0.069440	-0.114209	-0.044625	-0.033536
Superscaffold10	52324256	52483668	-0.117451	-0.141965	-0.076027	-0.047150
Superscaffold10	52483670	52663762	-0.056309	-0.035566	-0.024384	-0.020644
Superscaffold10	52663764	52805551	0.085747	0.108448	0.063154	0.042134
Superscaffold10	52805578	53016729	0.074234	0.083344	0.048481	0.040072
Superscaffold10	53016739	53185563	-0.217964	-0.263494	-0.120463	-0.123416
Superscaffold10	53185779	53364326	-0.097029	-0.139861	-0.065989	-0.055717
Superscaffold10	53364358	53520041	0.043264	0.055663	0.030064	0.021052
Superscaffold10	53520102	53682450	0.018545	0.019192	0.011076	0.003585
Superscaffold10	53682486	53819400	0.031100	0.046741	0.026101	0.019703
Superscaffold10	53819439	54323606	-0.007675	-0.007153	-0.003892	-0.002963
Superscaffold10	54323661	54811194	0.008412	0.005474	0.002865	0.003698
Superscaffold10	54811221	54946997	0.028976	0.033516	0.018735	0.017782
Superscaffold10	54947020	55114493	0.078553	0.087299	0.045847	0.041789
Superscaffold10	55114496	55311329	-0.056013	-0.063644	-0.033738	-0.025918
Superscaffold10	55311342	55426776	0.014919	0.021407	0.013329	0.009071
Superscaffold11	105534	295763	-0.272530	-0.229371	-0.135553	-0.162643
Superscaffold11	295770	473631	0.008746	0.007380	0.005158	0.002355
Superscaffold11	473717	672222	-0.441427	-0.380192	-0.203516	-0.215395
Superscaffold11	672498	829819	0.256414	0.211231	0.123548	0.152154
Superscaffold11	829831	1122882	-0.335762	-0.234670	-0.141751	-0.229572
Superscaffold11	1123005	1450480	0.061796	0.062022	0.028377	0.034340
Superscaffold11	1450542	1686677	0.005725	0.003848	0.002373	-0.003334
Superscaffold11	1686685	2126632	0.322246	0.256176	0.150728	0.181003
Superscaffold11	2126661	2907675	-0.115386	-0.074933	-0.040436	-0.056218
Superscaffold11	2907783	3367320	-0.057022	-0.039793	-0.023684	-0.027799
Superscaffold11	3367459	4391353	-0.032747	-0.019770	-0.012929	-0.019960
Superscaffold11	4391860	4891618	-0.054373	-0.051371	-0.028307	-0.030058
Superscaffold11	4891731	5169581	-0.324052	-0.287906	-0.151437	-0.140062
Superscaffold11	5169687	5404129	-0.166477	-0.106022	-0.067719	-0.086629
Superscaffold11	5404143	5688009	-0.222839	-0.200967	-0.117850	-0.128919
Superscaffold11	5688018	6295964	0.083220	0.064119	0.041416	0.051941
Superscaffold11	6296035	6619655	-0.092165	-0.093576	-0.046591	-0.046487
Superscaffold11	6619717	7085030	-0.133769	-0.111864	-0.060919	-0.070924
Superscaffold11	7085130	7343604	0.062216	0.058019	0.035448	0.030829
Superscaffold11	7343636	7735869	-0.150454	-0.078182	-0.053277	-0.082330
Superscaffold11	7735921	8026823	-0.034521	-0.027855	-0.017722	-0.016262
Superscaffold11	8026842	8314715	-0.088340	-0.065846	-0.042813	-0.046042
Superscaffold11	8314733	8801550	-0.023366	-0.017343	-0.011501	-0.013993
Superscaffold11	8801552	9011264	-0.233105	-0.240486	-0.139515	-0.133544
Superscaffold11	9011279	9240378	0.073317	0.048381	0.032313	0.030104
Superscaffold11	9240407	9476335	-0.062353	-0.032608	-0.020648	-0.027241
Superscaffold11	9476372	9730255	-0.089058	-0.112462	-0.056295	-0.043762
Superscaffold11	9730261	9965865	0.167554	0.102944	0.070124	0.079571
Superscaffold11	9965918	10119568	0.053254	0.056845	0.031948	0.028133
Superscaffold11	10119571	10263233	-0.049142	-0.037785	-0.024114	-0.025393
Superscaffold11	10263303	10753111	-0.039788	-0.034720	-0.019071	-0.028948
Superscaffold11	10753146	11066184	0.092246	0.060039	0.036497	0.048128
Superscaffold11	11068828	11342002	-0.023410	-0.018842	-0.008222	-0.016809
Superscaffold11	11342009	11596380	-0.243238	-0.174001	-0.100996	-0.143127
Superscaffold11	11596627	11977978	-0.166177	-0.090496	-0.059511	-0.094730
Superscaffold11	11978012	12564548	-0.185715	-0.085641	-0.055395	-0.084660
Superscaffold11	12564555	12925825	-0.237012	-0.150057	-0.076510	-0.129222
Superscaffold11	12925869	13225615	-0.049987	-0.025977	-0.013714	-0.022370
Superscaffold11	13225711	13416507	0.057475	0.035064	0.021808	0.021991
Superscaffold11	13416523	13648094	-0.096048	-0.037064	-0.027257	-0.048178
Superscaffold11	13648157	13864768	-0.283640	-0.168237	-0.102647	-0.142501
Superscaffold11	13864815	14281094	-0.153968	-0.130290	-0.076342	-0.088044
Superscaffold11	14281465	14569872	-0.017414	-0.013036	-0.008044	-0.012459
Superscaffold11	14569876	14699058	0.109004	0.099486	0.060023	0.060774
Superscaffold11	14699075	14845049	0.078726	0.088957	0.051745	0.041546
Superscaffold11	14845058	15154168	-0.014902	-0.011802	-0.007778	-0.005196
Superscaffold11	15154297	15609800	-0.025111	-0.018062	-0.009946	-0.013944
Superscaffold11	15610718	16202532	0.171160	0.103300	0.069482	0.092670
Superscaffold11	16202577	16516871	-0.006397	-0.005553	-0.002919	-0.002360
Superscaffold11	16516915	16760708	0.036183	0.020085	0.014733	0.012829
Superscaffold11	16760715	16956788	0.073156	0.070760	0.033580	0.034871
Superscaffold11	16956835	17098610	0.203235	0.175273	0.101128	0.100016
Superscaffold11	17098627	17726244	0.169277	0.060171	0.045526	0.105536
Superscaffold11	17726577	18221857	-0.289061	-0.125993	-0.089759	-0.186213
Superscaffold11	18221879	18717637	-0.059593	-0.036392	-0.021809	-0.035239
Superscaffold11	18717954	18916306	-0.016393	-0.018363	-0.010995	-0.011116
Superscaffold11	18916344	19538649	-0.015450	-0.010291	-0.005743	-0.012414
Superscaffold11	19538698	19696653	-0.102156	-0.122996	-0.068730	-0.051144
Superscaffold11	19696733	19874654	-0.002741	-0.003553	-0.001745	-0.002739
Superscaffold11	19874680	20356980	0.039855	0.033788	0.019057	0.018792
Superscaffold11	20356984	20750899	-0.091351	-0.069061	-0.034564	-0.042988
Superscaffold11	20750944	20883264	0.037903	0.045027	0.017477	0.015832
Superscaffold11	20883266	21035177	0.070321	0.065336	0.039172	0.038305
Superscaffold11	21035216	21308260	0.041175	0.027856	0.016981	0.020478
Superscaffold11	21308264	21605086	-0.247416	-0.198682	-0.105391	-0.123843
Superscaffold11	21605335	21810366	-0.023717	-0.013295	-0.009126	-0.016849
Superscaffold11	21810375	22066368	-0.092747	-0.047481	-0.029798	-0.039879
Superscaffold11	22066473	22261830	-0.028913	-0.018096	-0.011558	-0.012086
Superscaffold11	22261832	22445886	-0.040463	-0.052220	-0.027835	-0.019478
Superscaffold11	22445995	22603722	0.115522	0.085300	0.055414	0.072581
Superscaffold11	22603733	22777906	-0.064997	-0.070499	-0.040098	-0.035561
Superscaffold11	22777951	23023781	-0.256677	-0.150345	-0.095271	-0.128884
Superscaffold11	23023996	23437344	-0.027951	-0.016085	-0.009419	-0.018585
Superscaffold11	23437348	23754003	0.074819	0.044136	0.023984	0.040563
Superscaffold11	23754021	24010406	0.036945	0.023122	0.013184	0.015908
Superscaffold11	24010454	24222796	-0.098902	-0.060127	-0.040409	-0.058598
Superscaffold11	24222813	24409817	-0.404768	-0.374777	-0.208421	-0.275692
Superscaffold11	24410112	24797754	-0.013370	-0.007060	-0.003954	-0.011577
Superscaffold11	24797778	25027767	-0.355635	-0.285749	-0.147418	-0.145434
Superscaffold11	25035088	25238805	0.433905	0.230306	0.171140	0.296241
Superscaffold11	25238975	25465582	-0.060442	-0.076447	-0.031330	-0.026016
Superscaffold11	25465602	25666334	-0.036195	-0.026521	-0.014926	-0.013440
Superscaffold11	25666440	25881563	0.046684	0.034184	0.021123	0.021823
Superscaffold11	25881639	26256157	0.119863	0.092303	0.057919	0.059269
Superscaffold11	26256237	26573835	0.099968	0.064711	0.039104	0.040144
Superscaffold11	26573990	26970442	-0.037671	-0.017752	-0.011991	-0.015288
Superscaffold11	26970569	27379836	-0.555761	-0.538818	-0.236810	-0.391318
Superscaffold11	27380307	27652213	-0.154677	-0.100288	-0.059741	-0.087086
Superscaffold11	27652235	27891178	-0.113004	-0.068614	-0.044819	-0.067024
Superscaffold11	27891191	28152430	-0.205317	-0.129170	-0.066835	-0.117847
Superscaffold11	28152507	28417016	-0.163867	-0.095173	-0.045587	-0.095327
Superscaffold11	28417097	28735284	0.140642	0.062145	0.042995	0.068920
Superscaffold11	28735373	28951305	0.031168	0.027258	0.017260	0.019524
Superscaffold11	28951348	29115323	0.049973	0.034885	0.025444	0.025205
Superscaffold11	29115337	29284002	0.036995	0.029451	0.017479	0.016092
Superscaffold11	29284090	29948489	-0.165405	-0.142123	-0.079991	-0.097056
Superscaffold11	29948520	30405790	0.046605	0.036894	0.022803	0.020295
Superscaffold11	30405812	30655288	-0.041254	-0.024331	-0.015926	-0.021072
Superscaffold11	30655297	31054752	0.108666	0.049224	0.035147	0.047883
Superscaffold11	31054789	31321775	-0.041040	-0.042496	-0.021192	-0.021115
Superscaffold11	31321818	31528938	-0.093255	-0.060782	-0.039815	-0.057081
Superscaffold11	31528959	31652833	0.092788	0.063937	0.039451	0.042899
Superscaffold11	31652873	31876121	0.134615	0.094264	0.058961	0.068931
Superscaffold11	31876183	32176321	-0.308555	-0.130562	-0.090764	-0.155600
Superscaffold11	32176389	32418850	-0.235741	-0.142467	-0.081254	-0.126897
Superscaffold11	32418973	32688151	0.015044	0.012039	0.004973	0.011519
Superscaffold11	32688332	33298371	-0.083393	-0.023189	-0.018110	-0.044316
Superscaffold11	33298375	33706363	0.441237	0.163588	0.094111	0.270419
Superscaffold11	33706414	34027285	0.665613	0.406710	0.232632	0.520239
Superscaffold11	34027363	34180911	0.593151	0.504690	0.227032	0.373407
Superscaffold11	34180924	34564933	0.460532	0.246573	0.137600	0.326486
Superscaffold11	34565016	35030318	-0.354460	-0.144099	-0.086925	-0.256449
Superscaffold11	35030401	35336586	-0.280538	-0.154222	-0.085248	-0.139511
Superscaffold11	35336923	35532128	-0.065385	-0.056956	-0.035527	-0.036259
Superscaffold11	35532173	35807030	0.092864	0.062131	0.042003	0.040087
Superscaffold11	35807051	36036956	-0.009592	-0.011128	-0.006713	-0.006736
Superscaffold11	36037282	36297590	0.047507	0.021625	0.015651	0.019516
Superscaffold11	36297592	36500150	-0.183271	-0.154038	-0.091814	-0.103630
Superscaffold11	36500152	36797677	-0.132738	-0.075631	-0.046071	-0.057644
Superscaffold11	36797799	37023080	-0.032737	-0.021008	-0.013091	-0.016705
Superscaffold11	37023081	37450441	-0.190848	-0.137654	-0.080950	-0.097813
Superscaffold11	37450443	37638678	-0.093123	-0.076048	-0.048217	-0.052900
Superscaffold11	37638723	38294487	-0.320289	-0.287261	-0.148318	-0.178946
Superscaffold11	38295549	38949102	-0.254902	-0.128323	-0.079506	-0.130142
Superscaffold11	38949137	39126383	-0.050175	-0.036125	-0.023837	-0.029281
Superscaffold11	39126429	39583105	-0.016208	-0.015215	-0.008539	-0.007248
Superscaffold11	39584671	39998890	0.112911	0.097533	0.063466	0.052231
Superscaffold11	39999031	40282075	-0.136729	-0.054577	-0.036444	-0.073527
Superscaffold11	40282098	40656059	0.026905	0.017597	0.009894	0.016181
Superscaffold11	40656083	40877844	-0.150123	-0.213302	-0.077130	-0.058824
Superscaffold11	40878129	41205306	-0.150978	-0.107708	-0.046139	-0.051850
Superscaffold11	41205307	41502392	-0.103595	-0.069144	-0.038713	-0.042214
Superscaffold11	41502408	41702317	-0.136607	-0.177276	-0.074488	-0.077593
Superscaffold11	41702334	41877408	0.087636	0.074835	0.034731	0.061511
Superscaffold11	41877476	42051610	-0.089211	-0.079393	-0.042056	-0.044050
Superscaffold11	42051721	42215459	-0.167317	-0.156449	-0.093856	-0.092258
Superscaffold11	42215563	42469918	0.021645	0.021255	0.011689	0.009562
Superscaffold11	42469927	42760251	-0.024144	-0.023286	-0.010843	-0.011586
Superscaffold11	42760736	42913191	-0.155240	-0.225934	-0.084151	-0.086279
Superscaffold11	42913194	43292897	-0.063741	-0.045100	-0.025231	-0.036414
Superscaffold11	43292961	43777131	0.259984	0.170769	0.112270	0.159625
Superscaffold11	43777141	44192805	0.067809	0.044885	0.023393	0.043694
Superscaffold11	44192867	44374673	0.019007	0.021135	0.011424	0.012684
Superscaffold11	44374935	44646810	-0.163626	-0.167440	-0.086078	-0.090823
Superscaffold11	44646813	44858993	-0.016429	-0.014723	-0.007782	-0.004998
Superscaffold11	44859050	45113615	0.132673	0.082519	0.052143	0.058213
Superscaffold11	45113896	45357321	0.064400	0.034312	0.024957	0.026954
Superscaffold11	45357322	45807613	-0.163348	-0.101984	-0.060771	-0.079454
Superscaffold11	45807618	46272752	-0.196112	-0.148020	-0.082249	-0.102333
Superscaffold11	46272780	46676611	0.029269	0.012229	0.008376	0.013841
Superscaffold11	46676695	47205623	-0.082451	-0.055328	-0.034976	-0.040866
Superscaffold11	47206293	47446493	-0.043523	-0.022861	-0.015773	-0.023763
Superscaffold11	47447348	47760853	0.027273	0.017337	0.010722	0.009753
Superscaffold11	47761108	47995448	0.107275	0.090520	0.054894	0.054132
Superscaffold11	47995483	48239210	0.090002	0.060296	0.036301	0.038394
Superscaffold11	48239216	48503884	0.063991	0.038122	0.025776	0.029263
Superscaffold11	48504023	48796853	0.010002	0.008023	0.003813	0.004028
Superscaffold11	48796854	49264498	-0.029988	-0.021143	-0.012605	-0.017516
Superscaffold11	49264720	50093045	0.095757	0.058331	0.036645	0.050852
Superscaffold11	50093179	50668421	0.006286	0.004965	0.002832	0.001991
Superscaffold11	50668428	51245814	-0.099641	-0.053266	-0.030791	-0.058369
Superscaffold11	51245974	51576366	0.020778	0.015569	0.009539	0.006415
Superscaffold11	51576544	52043029	0.021339	0.009829	0.006101	0.011772
Superscaffold11	52043035	52323029	-0.238347	-0.152776	-0.096473	-0.150010
Superscaffold11	52323044	52634361	-0.038186	-0.020023	-0.013967	-0.016202
Superscaffold11	52634420	52895895	0.044627	0.029616	0.020108	0.028114
Superscaffold11	52895901	53222289	-0.024610	-0.021739	-0.013153	-0.015244
Superscaffold11	53222500	53802290	-0.108435	-0.085757	-0.047877	-0.055438
Superscaffold11	53802298	54033478	-0.007317	-0.006524	-0.003866	-0.003127
Superscaffold11	54033512	54187502	0.036777	0.032098	0.018873	0.017402
Superscaffold11	54187537	54607919	-0.297367	-0.212300	-0.119714	-0.174247
Superscaffold11	54607920	54802397	0.319878	0.239345	0.158470	0.182248
Superscaffold11	54802439	55109431	-0.042443	-0.025364	-0.017057	-0.021460
Superscaffold11	55109469	55436260	-0.241331	-0.085152	-0.056690	-0.137479
Superscaffold11	55441011	55998054	0.078805	0.021736	0.016237	0.043981
Superscaffold11	55998082	56185560	-0.102304	-0.096250	-0.040701	-0.044469
Superscaffold11	56185562	56558315	-0.236613	-0.245711	-0.102754	-0.134578
Superscaffold11	56558338	56809023	-0.464144	-0.474877	-0.232277	-0.323859
Superscaffold11	56809051	57212353	-0.024515	-0.011253	-0.007604	-0.016075
Superscaffold11	57212760	57498340	-0.197131	-0.107508	-0.064334	-0.098186
Superscaffold11	57498463	57848210	-0.052509	-0.039970	-0.021835	-0.022123
Superscaffold11	57848433	58185124	0.057613	0.054758	0.031717	0.025673
Superscaffold11	58185157	58517133	-0.005998	-0.003116	-0.001671	-0.006788
Superscaffold11	58517138	58796007	0.065557	0.044444	0.024988	0.028598
Superscaffold11	58796035	59039270	0.232680	0.199159	0.140243	0.119970
Superscaffold12	203282	420763	-0.374709	-0.349509	-0.179339	-0.218810
Superscaffold12	420764	787904	-0.273281	-0.159667	-0.088930	-0.120144
Superscaffold12	787906	1253044	0.020685	0.014889	0.009007	0.009889
Superscaffold12	1253137	1817352	-0.044211	-0.021036	-0.014478	-0.021871
Superscaffold12	1817540	2052598	-0.041180	-0.025702	-0.014647	-0.015554
Superscaffold12	2052909	2408408	-0.068388	-0.031956	-0.020941	-0.037246
Superscaffold12	2409021	2764507	0.019603	0.006618	0.004685	0.007933
Superscaffold12	2764511	3099154	0.192173	0.075114	0.051857	0.057116
Superscaffold12	3099244	3528497	0.014382	0.004962	0.003509	0.004946
Superscaffold12	3528636	3996291	-0.008539	-0.002458	-0.001716	-0.007920
Superscaffold12	3996358	4551200	0.038009	0.010804	0.006786	0.021491
Superscaffold12	4551407	4941370	-0.160568	-0.079490	-0.047997	-0.094386
Superscaffold12	4941375	5374296	-0.235453	-0.107457	-0.062729	-0.125057
Superscaffold12	5374374	5550924	-0.090674	-0.072135	-0.041125	-0.052055
Superscaffold12	5550954	5768217	0.023404	0.022724	0.013213	0.012188
Superscaffold12	5768237	5946864	-0.124053	-0.137452	-0.064345	-0.064392
Superscaffold12	5946888	6310805	-0.171876	-0.109765	-0.068950	-0.092394
Superscaffold12	6310808	6542888	-0.298071	-0.149762	-0.101236	-0.157267
Superscaffold12	6543243	6865707	0.047304	0.033776	0.021640	0.032544
Superscaffold12	6865823	7030267	-0.064163	-0.097044	-0.052081	-0.033072
Superscaffold12	7030277	7191186	-0.008249	-0.007175	-0.004432	-0.008587
Superscaffold12	7206451	7533094	-0.257313	-0.157525	-0.093927	-0.158416
Superscaffold12	7533150	7894042	-0.027996	-0.011535	-0.007033	-0.012597
Superscaffold12	7894076	8237132	0.230199	0.124616	0.075372	0.134048
Superscaffold12	8237169	8391314	0.030598	0.023239	0.013761	0.015943
Superscaffold12	8391318	8697181	-0.447686	-0.446107	-0.178582	-0.284045
Superscaffold12	8697228	9001796	0.155552	0.079441	0.046708	0.097797
Superscaffold12	9001846	9329544	-0.212746	-0.079316	-0.055573	-0.099085
Superscaffold12	9329617	9673366	-0.538560	-0.206316	-0.137477	-0.346719
Superscaffold12	9673378	10024221	0.001274	0.000506	0.000342	0.001566
Superscaffold12	10024247	10399976	-0.148233	-0.048830	-0.032074	-0.080211
Superscaffold12	10399987	10924331	0.025205	0.007480	0.005365	0.014419
Superscaffold12	10924432	11435069	-0.188186	-0.047881	-0.033439	-0.111673
Superscaffold12	11435089	11835212	-0.252421	-0.097634	-0.057952	-0.141188
Superscaffold12	11835280	12891315	-0.069656	-0.033497	-0.019999	-0.038869
Superscaffold12	12892931	13704966	0.026455	0.008221	0.005108	0.007066
Superscaffold12	13705055	14054249	-0.022537	-0.008517	-0.006152	-0.012443
Superscaffold12	14054285	14669489	-0.141276	-0.038664	-0.025372	-0.074495
Superscaffold12	14670484	14992658	-0.703259	-0.445999	-0.235012	-0.550053
Superscaffold12	14993280	15355793	0.036984	0.015366	0.010575	0.023687
Superscaffold12	15355811	16299647	0.084674	0.011499	0.008658	0.045197
Superscaffold12	16299698	17105842	-0.048645	-0.009150	-0.006510	-0.027840
Superscaffold12	17106002	17675266	0.352144	0.112337	0.077122	0.251638
Superscaffold12	17675354	18608472	0.232160	0.045781	0.033779	0.133580
Superscaffold12	18608556	19448175	0.115719	0.028734	0.019285	0.062924
Superscaffold12	19448216	20057918	-0.043907	-0.009050	-0.006693	-0.027358
Superscaffold12	20058476	20510517	0.007945	0.001790	0.001215	0.005456
Superscaffold12	20510531	21049710	-0.179808	-0.059206	-0.037415	-0.104964
Superscaffold12	21050115	21552838	-0.148351	-0.076298	-0.041291	-0.093141
Superscaffold12	21552839	21819975	-0.183970	-0.113556	-0.067955	-0.103951
Superscaffold12	21820034	22089308	0.006827	0.004031	0.002402	0.002434
Superscaffold12	22089329	22464339	0.147242	0.118025	0.060267	0.070256
Superscaffold12	22464708	22810418	0.306830	0.292572	0.125039	0.176373
Superscaffold12	22810534	23232022	0.051824	0.031084	0.015775	0.030097
Superscaffold12	23232266	23545709	-0.034903	-0.018638	-0.010800	-0.017163
Superscaffold12	23545719	23913513	0.213254	0.085368	0.050378	0.135384
Superscaffold12	23913596	24475204	-0.032598	-0.010897	-0.006865	-0.017655
Superscaffold12	24475213	24883140	-0.005621	-0.002428	-0.001507	-0.007028
Superscaffold12	24883227	25252599	-0.157463	-0.060142	-0.040256	-0.090651
Superscaffold12	25252610	25654532	0.059064	0.028683	0.018938	0.025916
Superscaffold12	25654567	25981003	-0.131359	-0.060767	-0.037168	-0.084421
Superscaffold12	25981005	26333391	0.362435	0.166766	0.110568	0.264103
Superscaffold12	26334245	27104645	-0.248473	-0.108008	-0.067965	-0.139735
Superscaffold12	27104660	27561098	-0.118867	-0.071572	-0.045287	-0.061120
Superscaffold12	27561363	27829401	-0.195614	-0.087495	-0.058183	-0.119431
Superscaffold12	27829560	28212080	-0.112169	-0.058157	-0.030368	-0.059019
Superscaffold12	28212143	28627096	0.082927	0.035140	0.024285	0.038867
Superscaffold12	28627111	28921353	-0.241653	-0.161596	-0.099847	-0.143155
Superscaffold12	28921579	29316311	0.199708	0.098355	0.064524	0.137491
Superscaffold12	29316605	29660755	-0.075662	-0.042379	-0.023871	-0.034916
Superscaffold12	29661384	30006322	-0.054212	-0.032626	-0.017243	-0.027739
Superscaffold12	30007012	30390407	-0.123490	-0.033557	-0.023787	-0.057003
Superscaffold12	30390413	30617846	-0.083053	-0.056214	-0.029035	-0.038182
Superscaffold12	30617995	31173990	-0.083203	-0.020175	-0.014639	-0.044070
Superscaffold12	31174281	32067113	-0.188276	-0.095393	-0.055162	-0.097290
Superscaffold12	32068131	32223247	-0.133523	-0.097661	-0.065108	-0.061784
Superscaffold12	32223292	32408861	-0.140233	-0.085472	-0.048923	-0.087413
Superscaffold12	32408894	32666027	-0.088426	-0.065400	-0.035543	-0.039861
Superscaffold12	32666118	32932429	-0.413153	-0.289459	-0.144985	-0.272330
Superscaffold12	32932453	33241538	-0.593395	-0.413503	-0.220794	-0.440399
Superscaffold12	33241542	33692873	-0.115426	-0.057830	-0.032057	-0.065582
Superscaffold12	33692875	34028992	-0.035425	-0.018000	-0.011745	-0.015675
Superscaffold12	34029022	34436657	0.090276	0.033079	0.021890	0.047813
Superscaffold12	34437277	34843252	-0.179632	-0.068798	-0.043811	-0.083863
Superscaffold12	34843374	35113732	-0.135721	-0.075855	-0.047176	-0.085240
Superscaffold12	35113748	35544219	0.044406	0.019552	0.011967	0.019845
Superscaffold12	35544266	35923217	-0.061411	-0.036840	-0.022178	-0.030989
Superscaffold12	35923269	36224801	0.042785	0.023991	0.014212	0.018347
Superscaffold12	36224814	36523150	0.010420	0.004667	0.002899	0.003934
Superscaffold12	36523224	36755288	-0.088352	-0.063398	-0.037745	-0.047459
Superscaffold12	36755313	37020273	-0.177374	-0.085956	-0.056278	-0.089818
Superscaffold12	37020352	37628557	-0.134946	-0.087956	-0.048923	-0.069829
Superscaffold12	37628578	37858411	-0.140088	-0.075068	-0.048443	-0.078028
Superscaffold12	37858567	38094443	-0.261981	-0.131623	-0.086254	-0.119698
Superscaffold12	38094445	38287456	0.023100	0.022271	0.013257	0.013002
Superscaffold12	38287473	38440936	0.026303	0.021118	0.012806	0.013995
Superscaffold12	38440955	38675480	-0.094186	-0.045490	-0.026371	-0.050985
Superscaffold12	38675625	38958539	-0.084190	-0.055515	-0.032454	-0.036869
Superscaffold12	38958660	39270507	-0.160259	-0.088564	-0.061439	-0.086343
Superscaffold12	39270613	39583479	-0.101499	-0.054121	-0.037511	-0.053479
Superscaffold12	39583488	39852492	-0.103619	-0.057364	-0.036657	-0.054768
Superscaffold12	39852610	40114364	-0.359714	-0.338413	-0.139581	-0.162265
Superscaffold12	40114371	40412954	-0.307401	-0.236693	-0.123513	-0.153074
Superscaffold12	40422279	40633079	0.030098	0.029587	0.014462	0.017945
Superscaffold12	40633093	41092484	-0.047781	-0.037118	-0.020435	-0.027595
Superscaffold12	41092485	41400669	-0.084369	-0.095398	-0.046873	-0.038821
Superscaffold12	41400671	42061786	-0.196753	-0.062504	-0.038578	-0.120390
unanchor109	19938	22680	-0.094208	-0.060073	-0.036586	-0.044505
unanchor224	22727	73872	-0.031137	-0.024302	-0.013283	-0.016058
unanchor226	73880	393565	-0.127763	-0.071380	-0.041519	-0.069570
unanchor236	25944	460098	0.103823	0.109987	0.068269	0.057024
unanchor243	22557	702756	-0.040979	-0.028356	-0.015065	-0.022018
unanchor251	170055	216955	-0.041433	-0.021759	-0.014094	-0.028220
unanchor251	217102	922924	0.051649	0.023334	0.015785	0.021130
unanchor255	205105	781275	-0.062983	-0.036346	-0.022441	-0.032169
unanchor269	126159	227526	-0.063112	-0.047874	-0.024115	-0.034888
unanchor272	111467	481331	0.028214	0.017872	0.009851	0.008500
unanchor274	29236	615738	0.033332	0.022945	0.013516	0.013966
unanchor278	335061	1151489	0.017461	0.010047	0.006227	0.012830
unanchor285	6506	266608	-0.053456	-0.022693	-0.013886	-0.024841
unanchor295	97996	113349	-0.058181	-0.029257	-0.017975	-0.032046
unanchor300	113371	136876	-0.121612	-0.088714	-0.046049	-0.067473
unanchor305	138267	161906	0.146697	0.088194	0.056059	0.087309
unanchor311	7329	358168	-0.109415	-0.097538	-0.052504	-0.057716
unanchor317	90094	601610	-0.033126	-0.015334	-0.009769	-0.020857
