chr	windowStart	windowEnd	D	f_d	f_dM	d_f
Superscaffold1	557293	714346	-0.050855	-0.048812	-0.029031	-0.029514
Superscaffold1	714385	882423	0.099783	0.059684	0.033254	0.059707
Superscaffold1	882545	1180527	-0.042047	-0.022214	-0.013093	-0.017746
Superscaffold1	1180540	1423963	-0.127984	-0.049273	-0.031879	-0.073325
Superscaffold1	1424005	1732462	-0.103650	-0.037530	-0.024289	-0.059475
Superscaffold1	1732463	2052826	-0.254006	-0.107492	-0.056310	-0.184121
Superscaffold1	2052844	2319004	-0.054922	-0.023754	-0.014644	-0.039136
Superscaffold1	2319084	2520340	-0.164745	-0.115260	-0.068028	-0.106467
Superscaffold1	2520358	2707119	0.013838	0.010441	0.006055	0.009902
Superscaffold1	2707298	2835870	-0.139255	-0.163075	-0.074709	-0.080352
Superscaffold1	2835892	3059538	-0.187530	-0.213552	-0.091245	-0.108469
Superscaffold1	3059682	3332263	0.011843	0.005585	0.003425	0.006432
Superscaffold1	3332320	3691301	-0.094265	-0.035007	-0.021222	-0.055388
Superscaffold1	3691389	4086398	-0.271088	-0.101541	-0.058595	-0.175205
Superscaffold1	4086420	4467305	-0.015095	-0.005508	-0.003568	-0.002024
Superscaffold1	4467332	4826852	-0.286253	-0.159345	-0.099594	-0.181527
Superscaffold1	4827470	5254514	-0.089294	-0.028152	-0.019001	-0.058363
Superscaffold1	5254519	5673614	-0.147851	-0.038964	-0.027902	-0.089318
Superscaffold1	5673653	6023421	0.244188	0.085964	0.059574	0.147469
Superscaffold1	6023436	6442061	0.135281	0.038017	0.026775	0.096594
Superscaffold1	6442092	6798335	-0.155504	-0.061929	-0.040746	-0.095996
Superscaffold1	6798438	7248733	-0.371420	-0.130904	-0.080503	-0.233460
Superscaffold1	7248895	7595249	-0.246378	-0.103585	-0.065168	-0.176671
Superscaffold1	7595324	8222017	-0.279893	-0.121277	-0.071213	-0.175625
Superscaffold1	8222086	8642651	-0.072410	-0.035572	-0.019987	-0.040161
Superscaffold1	8642658	9716287	0.033103	0.010852	0.007282	0.023929
Superscaffold1	9716288	10635779	-0.048646	-0.019522	-0.012621	-0.026165
Superscaffold1	10636028	10924537	-0.200446	-0.087134	-0.054097	-0.129352
Superscaffold1	10924538	11254922	-0.080798	-0.028889	-0.018998	-0.058326
Superscaffold1	11254965	11589211	-0.440102	-0.207888	-0.127435	-0.329343
Superscaffold1	11589522	11989336	-0.056082	-0.018205	-0.011903	-0.042013
Superscaffold1	11989448	12275313	0.098519	0.052882	0.030528	0.061231
Superscaffold1	12275417	12550155	0.103988	0.057909	0.036886	0.051653
Superscaffold1	12550213	12880119	-0.202796	-0.076947	-0.045818	-0.147316
Superscaffold1	12880249	13268100	0.072273	0.024268	0.014095	0.049997
Superscaffold1	13268107	14016873	0.008312	0.001369	0.000947	0.007877
Superscaffold1	14017100	14653887	-0.013511	-0.003244	-0.002168	-0.007612
Superscaffold1	14653902	14917945	0.155799	0.066384	0.041253	0.099430
Superscaffold1	14918075	15367365	-0.133609	-0.029524	-0.020931	-0.108275
Superscaffold1	15367595	15735376	-0.173883	-0.041755	-0.028009	-0.114485
Superscaffold1	15736404	16056852	-0.115383	-0.037301	-0.023444	-0.082020
Superscaffold1	16057312	16426048	-0.207181	-0.062592	-0.039202	-0.132609
Superscaffold1	16426188	16734235	-0.035137	-0.014262	-0.009091	-0.019055
Superscaffold1	16734250	17109244	0.016398	0.006070	0.003415	0.009517
Superscaffold1	17109684	17577001	-0.157020	-0.050457	-0.032185	-0.113823
Superscaffold1	17577025	18259694	-0.060533	-0.030671	-0.016279	-0.036399
Superscaffold1	18259987	18573748	0.038770	0.013536	0.008295	0.025031
Superscaffold1	18573754	19081097	-0.268287	-0.079314	-0.051794	-0.171859
Superscaffold1	19081178	19258865	-0.260709	-0.141559	-0.087201	-0.150925
Superscaffold1	19258947	19657393	-0.461275	-0.260547	-0.169444	-0.330009
Superscaffold1	19657499	19988815	-0.158023	-0.053258	-0.034495	-0.100910
Superscaffold1	19988914	20364122	0.112162	0.033478	0.022391	0.066274
Superscaffold1	20364123	21117756	-0.077816	-0.018250	-0.011158	-0.045780
Superscaffold1	21117774	21448126	-0.146137	-0.055648	-0.033541	-0.105478
Superscaffold1	21448217	21791323	-0.080483	-0.030703	-0.017556	-0.051691
Superscaffold1	21791740	22244088	-0.071199	-0.017452	-0.012514	-0.045311
Superscaffold1	22244268	22940093	-0.137131	-0.023988	-0.016036	-0.102675
Superscaffold1	22940094	23397793	-0.032963	-0.008176	-0.004918	-0.027321
Superscaffold1	23397814	23826898	-0.234260	-0.062971	-0.039255	-0.174370
Superscaffold1	23832005	24249776	-0.150912	-0.042188	-0.028810	-0.093289
Superscaffold1	24249780	24640620	0.039567	0.016229	0.009763	0.024995
Superscaffold1	24640631	24897662	-0.059274	-0.025676	-0.016155	-0.042656
Superscaffold1	24897696	25390770	-0.117289	-0.031823	-0.018962	-0.077879
Superscaffold1	25390772	25775410	0.180796	0.047796	0.032833	0.114673
Superscaffold1	25775492	26096597	-0.236567	-0.114745	-0.074445	-0.153466
Superscaffold1	26096778	26410070	-0.232246	-0.077997	-0.047598	-0.148646
Superscaffold1	26410077	26949482	0.221874	0.044343	0.031032	0.168024
Superscaffold1	26949494	27465814	0.041121	0.009476	0.005585	0.033441
Superscaffold1	27466416	27821859	-0.219160	-0.076053	-0.046708	-0.132602
Superscaffold1	27821884	28022690	-0.178273	-0.112375	-0.057439	-0.086169
Superscaffold1	28022726	28314265	0.064504	0.024361	0.015949	0.044112
Superscaffold1	28314289	28761718	-0.129416	-0.040623	-0.030122	-0.076288
Superscaffold1	28761737	29154547	-0.246176	-0.076147	-0.051313	-0.180078
Superscaffold1	29154814	29490636	-0.001951	-0.000650	-0.000417	-0.005619
Superscaffold1	29490655	29855494	-0.526615	-0.263767	-0.136390	-0.387208
Superscaffold1	29855563	30266438	-0.336962	-0.128035	-0.086505	-0.232489
Superscaffold1	30266511	31018700	-0.011643	-0.002658	-0.001807	-0.005444
Superscaffold1	31018973	31480283	0.054382	0.013093	0.008625	0.042019
Superscaffold1	31480412	32223576	-0.075563	-0.014999	-0.010242	-0.049132
Superscaffold1	32223807	32609631	0.245685	0.081125	0.051896	0.155783
Superscaffold1	32609704	32977961	-0.115415	-0.033363	-0.021861	-0.077514
Superscaffold1	32977980	33442907	-0.036202	-0.012921	-0.008132	-0.019814
Superscaffold1	33442971	33626546	-0.013994	-0.006212	-0.004150	-0.012486
Superscaffold1	33626685	33907576	0.051143	0.024946	0.016334	0.025289
Superscaffold1	33907577	34142829	-0.405150	-0.166652	-0.098041	-0.279977
Superscaffold1	34143236	34395269	0.097180	0.028562	0.018893	0.056315
Superscaffold1	34395495	34929543	-0.050223	-0.009234	-0.006772	-0.039018
Superscaffold1	34929573	35581403	-0.118867	-0.036833	-0.023585	-0.070280
Superscaffold1	35581417	36514025	0.057596	0.018137	0.011623	0.034432
Superscaffold1	36514074	37115680	-0.237468	-0.050394	-0.036034	-0.174108
Superscaffold1	37116084	37445228	-0.201916	-0.075438	-0.048080	-0.131619
Superscaffold1	37445327	37703665	0.035639	0.013085	0.008174	0.025649
Superscaffold1	37703695	38309681	-0.035371	-0.012625	-0.008522	-0.026924
Superscaffold1	38310084	38697393	0.104927	0.023829	0.016573	0.074376
Superscaffold1	38697478	39015343	-0.137679	-0.039615	-0.028177	-0.109850
Superscaffold1	39015380	39327217	-0.153652	-0.043542	-0.027364	-0.116857
Superscaffold1	39327260	39812515	-0.151713	-0.036844	-0.025661	-0.117071
Superscaffold1	39812664	40110700	-0.028223	-0.009075	-0.005948	-0.018650
Superscaffold1	40110708	40631777	0.115089	0.025131	0.016855	0.077513
Superscaffold1	40631925	41190932	0.217616	0.044949	0.029299	0.138502
Superscaffold1	41191617	41707716	0.006983	0.001567	0.000984	0.005539
Superscaffold1	41707950	42350353	-0.072883	-0.008004	-0.006035	-0.064077
Superscaffold1	42350354	43090717	0.213255	0.023362	0.016890	0.146818
Superscaffold1	43090909	43718281	0.069637	0.009948	0.006387	0.057971
Superscaffold1	43719522	44193444	-0.035355	-0.008503	-0.005419	-0.046068
Superscaffold1	44193512	44963451	-0.160310	-0.019022	-0.012805	-0.118473
Superscaffold1	44963462	45686894	0.104804	0.012886	0.009213	0.075001
Superscaffold1	45686982	46067912	-0.364604	-0.085931	-0.052488	-0.269190
Superscaffold1	46068211	47089330	0.215388	0.035300	0.018510	0.169211
Superscaffold1	47090607	47912105	0.270452	0.035865	0.022725	0.221757
Superscaffold1	47912163	48429486	0.288144	0.052483	0.035353	0.228965
Superscaffold1	48429640	48789394	0.537539	0.145864	0.087268	0.446112
Superscaffold1	48789550	49216392	0.074636	0.014447	0.008855	0.035705
Superscaffold1	49216582	49683929	-0.042034	-0.005352	-0.003691	-0.019880
Superscaffold1	49683941	50031480	-0.493299	-0.203887	-0.094551	-0.360717
Superscaffold1	50031511	50316231	-0.425795	-0.212107	-0.115591	-0.361926
Superscaffold1	50316243	50946035	0.191431	0.033741	0.027233	0.115681
Superscaffold1	50946065	51463042	0.206471	0.108770	0.069210	0.110987
Superscaffold2	358564	706589	0.009166	0.003460	0.002155	0.004559
Superscaffold2	706814	1128107	0.021254	0.005315	0.003777	0.014878
Superscaffold2	1128258	1557153	0.025924	0.007887	0.005333	0.010162
Superscaffold2	1557203	1973034	-0.239677	-0.055213	-0.039792	-0.174935
Superscaffold2	1973074	2366080	-0.022689	-0.008051	-0.004994	-0.016724
Superscaffold2	2366083	2912361	0.198935	0.089822	0.051958	0.113518
Superscaffold2	2912393	3549550	-0.225789	-0.111650	-0.063514	-0.143736
Superscaffold2	3549567	3908345	-0.334444	-0.142929	-0.079204	-0.239590
Superscaffold2	3908556	4368877	0.046516	0.016751	0.009873	0.033534
Superscaffold2	4368898	4790043	-0.127065	-0.035593	-0.021424	-0.095330
Superscaffold2	4790111	5076777	-0.332420	-0.151424	-0.097305	-0.242144
Superscaffold2	5076984	5438232	0.272434	0.112122	0.073916	0.194645
Superscaffold2	5438327	5876641	-0.226805	-0.085660	-0.043647	-0.168300
Superscaffold2	5876652	6328229	0.274124	0.086998	0.059551	0.199791
Superscaffold2	6328398	6884971	-0.210535	-0.055268	-0.034149	-0.162317
Superscaffold2	6885241	7611340	-0.025303	-0.004442	-0.002871	-0.018523
Superscaffold2	7612180	8099045	-0.061353	-0.014306	-0.009412	-0.043830
Superscaffold2	8099231	8924577	0.023324	0.003766	0.002704	0.014333
Superscaffold2	8924774	9549237	-0.146292	-0.033442	-0.022527	-0.108706
Superscaffold2	9549264	10005642	-0.020292	-0.005203	-0.003243	-0.012721
Superscaffold2	10005746	10563738	0.094450	0.025138	0.016049	0.062323
Superscaffold2	10563797	10882471	-0.021887	-0.007429	-0.004769	-0.010716
Superscaffold2	10882576	11464356	-0.249064	-0.050479	-0.033738	-0.182049
Superscaffold2	11464383	12295914	-0.001479	-0.000413	-0.000246	0.000241
Superscaffold2	12295933	12974458	-0.195822	-0.091011	-0.049399	-0.146630
Superscaffold2	12974474	13446833	-0.156328	-0.041434	-0.027063	-0.109336
Superscaffold2	13446838	13897839	-0.020351	-0.006569	-0.004157	-0.017630
Superscaffold2	13897883	14339026	0.063868	0.018524	0.011576	0.044178
Superscaffold2	14339041	14906387	0.155473	0.036101	0.024891	0.100465
Superscaffold2	14906418	15629794	-0.074615	-0.021945	-0.013526	-0.053185
Superscaffold2	15629966	16534610	0.151769	0.054025	0.033732	0.092675
Superscaffold2	16534831	16840279	0.003651	0.001333	0.000856	0.002027
Superscaffold2	16840364	17599574	-0.217659	-0.040060	-0.027448	-0.152181
Superscaffold2	17599630	18035413	-0.023893	-0.006618	-0.003826	-0.018183
Superscaffold2	18035519	18523282	-0.195306	-0.046928	-0.028442	-0.152936
Superscaffold2	18523454	19083936	-0.228313	-0.050858	-0.031109	-0.174731
Superscaffold2	19084032	19413924	0.231260	0.083787	0.050633	0.172296
Superscaffold2	19413930	19839364	-0.388189	-0.276374	-0.147423	-0.303817
Superscaffold2	19839384	20117774	0.011030	0.003994	0.002281	0.011100
Superscaffold2	20120367	20614213	-0.270220	-0.060225	-0.034487	-0.188994
Superscaffold2	20614221	21124079	0.182627	0.048871	0.034293	0.125634
Superscaffold2	21124148	21562201	-0.064412	-0.016355	-0.010209	-0.053477
Superscaffold2	21562204	22068610	-0.343283	-0.083050	-0.052622	-0.270584
Superscaffold2	22069143	22498866	0.004834	0.001696	0.000998	0.001813
Superscaffold2	22498930	22751485	-0.188882	-0.092242	-0.046148	-0.097226
Superscaffold2	22751764	23079886	-0.364223	-0.200412	-0.114583	-0.205000
Superscaffold2	23079992	23445607	-0.307752	-0.100337	-0.060321	-0.242107
Superscaffold2	23445673	23902222	-0.122607	-0.027454	-0.017464	-0.082528
Superscaffold2	23902312	24273998	-0.079656	-0.025377	-0.014202	-0.060688
Superscaffold2	24274034	24625138	0.096418	0.030247	0.017951	0.071788
Superscaffold2	24625210	25176563	0.270412	0.080696	0.051076	0.209918
Superscaffold2	25176661	25605521	0.211868	0.057184	0.036212	0.164033
Superscaffold2	25605756	25956993	0.332937	0.137330	0.081424	0.220616
Superscaffold2	25957060	26345817	0.080518	0.020727	0.013236	0.066153
Superscaffold2	26345930	26816008	-0.262849	-0.065213	-0.043451	-0.204527
Superscaffold2	26816103	27204596	-0.291792	-0.101398	-0.063733	-0.224982
Superscaffold2	27207087	27570076	-0.212792	-0.061887	-0.040865	-0.149019
Superscaffold2	27570142	28474978	0.152668	0.039186	0.028402	0.103699
Superscaffold2	28475043	29043057	0.054590	0.013056	0.007332	0.034087
Superscaffold2	29043072	29378063	0.245340	0.076263	0.047111	0.172033
Superscaffold2	29378125	29591133	0.129427	0.056312	0.036880	0.098148
Superscaffold2	29591143	30132410	0.017470	0.004391	0.002878	0.013345
Superscaffold2	30132861	30643397	-0.012565	-0.002499	-0.001591	-0.008707
Superscaffold2	30643400	31093575	0.014738	0.003176	0.002136	0.012305
Superscaffold2	31093588	31481391	-0.159800	-0.049766	-0.031192	-0.115474
Superscaffold2	31481430	31848263	-0.162621	-0.053662	-0.031516	-0.123220
Superscaffold2	31848295	32696250	-0.020524	-0.003587	-0.002412	-0.011573
Superscaffold2	32698747	33170242	0.015512	0.002800	0.001881	0.007747
Superscaffold2	33170993	33825092	-0.192478	-0.031645	-0.021460	-0.136081
Superscaffold2	33825132	34260962	-0.060434	-0.018765	-0.012118	-0.047776
Superscaffold2	34260964	34683017	0.079792	0.019337	0.012835	0.064672
Superscaffold2	34683110	35181306	-0.228980	-0.047989	-0.030220	-0.183544
Superscaffold2	35181592	35628015	-0.315783	-0.091253	-0.053024	-0.244106
Superscaffold2	35628051	36379942	-0.249562	-0.056991	-0.037030	-0.182940
Superscaffold2	36379950	36713979	0.066096	0.018059	0.011816	0.047803
Superscaffold2	36714183	37030402	-0.296453	-0.128010	-0.079079	-0.188898
Superscaffold2	37030579	37462971	-0.075194	-0.017830	-0.011514	-0.049588
Superscaffold2	37463022	37852582	0.111821	0.027421	0.017461	0.071450
Superscaffold2	37852651	38599597	-0.190215	-0.046539	-0.028607	-0.145267
Superscaffold2	38599784	38826462	0.410349	0.161874	0.099194	0.279820
Superscaffold2	38826685	39109368	-0.172631	-0.077119	-0.042458	-0.119580
Superscaffold2	39109433	39478380	-0.089784	-0.027224	-0.015776	-0.065296
Superscaffold2	39478513	39838454	-0.035726	-0.011807	-0.007714	-0.020904
Superscaffold2	39838490	40149455	-0.373746	-0.178638	-0.098533	-0.214771
Superscaffold2	40149476	40611277	-0.110404	-0.017317	-0.011892	-0.076530
Superscaffold2	40611283	40993207	-0.067099	-0.018192	-0.011266	-0.049649
Superscaffold2	40993252	41119771	0.788788	0.475677	0.328492	0.718125
Superscaffold2	41119809	41406836	0.014983	0.005791	0.003564	0.005200
Superscaffold2	41406910	41780273	0.401527	0.111143	0.076843	0.328542
Superscaffold2	41780315	42276107	-0.242499	-0.038985	-0.025773	-0.169411
Superscaffold2	42276118	42826903	-0.050255	-0.006683	-0.004624	-0.041816
Superscaffold2	42826958	43070186	0.527291	0.146306	0.109431	0.362703
Superscaffold2	43070289	43411276	0.243117	0.061256	0.038783	0.165428
Superscaffold2	43411468	43933913	0.103175	0.016653	0.011277	0.073237
Superscaffold2	43935771	44446100	0.708912	0.220832	0.118000	0.652663
Superscaffold2	44446125	45108642	0.348142	0.075393	0.044435	0.319546
Superscaffold2	45108686	45719814	-0.156866	-0.037401	-0.021723	-0.140353
Superscaffold2	45719841	46462945	0.042147	0.005684	0.003676	0.036506
Superscaffold2	46462980	47034880	0.098457	0.016576	0.010414	0.083720
Superscaffold2	47034929	47882769	0.110133	0.012147	0.008546	0.090290
Superscaffold2	47882892	48441962	-0.244306	-0.045549	-0.028351	-0.205927
Superscaffold2	48441997	49004836	0.039906	0.004999	0.003483	0.028388
Superscaffold2	49004967	49555045	-0.091491	-0.015991	-0.010328	-0.061842
Superscaffold2	49555066	50076560	-0.106114	-0.020721	-0.011942	-0.070705
Superscaffold2	50076563	50472079	-0.269903	-0.094058	-0.055994	-0.206017
Superscaffold2	50472109	50937476	-0.276915	-0.083873	-0.048007	-0.200520
Superscaffold2	50938774	51247539	-0.504733	-0.245185	-0.132489	-0.398914
Superscaffold2	51247845	51741929	-0.146371	-0.025239	-0.016646	-0.113899
Superscaffold2	51741963	51982013	-0.120517	-0.036550	-0.023969	-0.104173
Superscaffold2	51982160	52204027	-0.274466	-0.125285	-0.078541	-0.209595
Superscaffold2	52204044	52504865	-0.633019	-0.219262	-0.128574	-0.523080
Superscaffold2	52504875	52694163	-0.118554	-0.057776	-0.036110	-0.070322
Superscaffold2	52694220	52880826	0.190702	0.148731	0.076321	0.128373
Superscaffold2	52880834	53117510	-0.027370	-0.012280	-0.007125	-0.010907
Superscaffold2	53117560	53902819	-0.078454	-0.017721	-0.012706	-0.042245
Superscaffold2	53903006	54222559	-0.502171	-0.232952	-0.123128	-0.382007
Superscaffold2	54222649	55044384	0.099972	0.020207	0.014301	0.057055
Superscaffold2	55045336	55324071	-0.290415	-0.122161	-0.081118	-0.187235
Superscaffold2	55324180	55743681	-0.228674	-0.079672	-0.059521	-0.136480
Superscaffold2	55743687	56098732	-0.528316	-0.242216	-0.133168	-0.420632
Superscaffold2	56098765	56552800	0.073291	0.016030	0.010321	0.049814
Superscaffold2	56553498	56871695	-0.085053	-0.030088	-0.018589	-0.056705
Superscaffold2	56871712	57276479	-0.380016	-0.169026	-0.093746	-0.324520
Superscaffold2	57276522	57589015	-0.577919	-0.309452	-0.153418	-0.414415
Superscaffold2	57589122	58331970	0.010611	0.002246	0.001553	0.003129
Superscaffold2	58332017	58767003	-0.175122	-0.039316	-0.027269	-0.144821
Superscaffold2	58768069	59261158	0.364428	0.076109	0.054504	0.312610
Superscaffold2	59261306	59720584	-0.391420	-0.105142	-0.062770	-0.303286
Superscaffold2	59720606	60178665	-0.352020	-0.081033	-0.052214	-0.272029
Superscaffold2	60178666	60524734	0.184760	0.065111	0.039950	0.143726
Superscaffold2	60524745	60837543	-0.005624	-0.001583	-0.001028	-0.002686
Superscaffold2	60837569	61174820	-0.233916	-0.185076	-0.099338	-0.146146
Superscaffold2	61174891	61997762	-0.031497	-0.010842	-0.006728	-0.021505
Superscaffold2	61998137	62814856	-0.215831	-0.061190	-0.039288	-0.139507
Superscaffold2	62814990	63103848	0.456788	0.139012	0.090135	0.316914
Superscaffold2	63104422	63453255	-0.044560	-0.012481	-0.008257	-0.032901
Superscaffold2	63453293	63882442	-0.067622	-0.029335	-0.016573	-0.048524
Superscaffold2	63882558	64262992	0.104808	0.041982	0.024872	0.077803
Superscaffold2	64263051	64469188	-0.121080	-0.056623	-0.034996	-0.067051
Superscaffold2	64469212	64849248	-0.357297	-0.351963	-0.178166	-0.231714
Superscaffold2	64849318	65598043	-0.002879	-0.000858	-0.000527	0.000425
Superscaffold2	65598044	66133480	-0.333002	-0.087625	-0.052882	-0.267901
Superscaffold2	66133537	66468016	-0.001286	-0.000531	-0.000329	0.003770
Superscaffold2	66468162	66925453	0.418501	0.098249	0.056028	0.355979
Superscaffold2	66925537	67362137	-0.085035	-0.027279	-0.014952	-0.060366
Superscaffold2	67362166	67730740	-0.191395	-0.056626	-0.038309	-0.114963
Superscaffold2	67731216	68153902	-0.109231	-0.029848	-0.017955	-0.089000
Superscaffold2	68155683	68522905	0.516381	0.186410	0.109005	0.430011
Superscaffold2	68523484	68912265	0.174601	0.052978	0.034358	0.140005
Superscaffold2	68912300	69442942	-0.217846	-0.051992	-0.034048	-0.158216
Superscaffold2	69443112	69695366	0.075279	0.029476	0.019388	0.052251
Superscaffold2	69695388	70017265	0.535424	0.255817	0.181888	0.409906
Superscaffold2	70017280	70431827	-0.269628	-0.090422	-0.055788	-0.187601
Superscaffold2	70431845	71116404	-0.008908	-0.002584	-0.001678	-0.007156
Superscaffold2	71116435	71479944	-0.021888	-0.006210	-0.003916	-0.015736
Superscaffold2	71479988	71917686	-0.224870	-0.056232	-0.037843	-0.170026
Superscaffold2	71917687	72230564	-0.304394	-0.104175	-0.071562	-0.199203
Superscaffold2	72230761	72531272	0.319227	0.143879	0.087298	0.248375
Superscaffold2	72531319	72786834	0.088315	0.043080	0.026871	0.056104
Superscaffold2	72786839	73012779	0.124780	0.068207	0.041843	0.064687
Superscaffold2	73012826	73387663	-0.096984	-0.031442	-0.021695	-0.059751
Superscaffold2	73387692	73688146	0.373010	0.161144	0.096105	0.249139
Superscaffold2	73688462	73966235	-0.227741	-0.116423	-0.073721	-0.156228
Superscaffold2	73966250	74347894	-0.186926	-0.050665	-0.031882	-0.130606
Superscaffold2	74349481	74628107	-0.165320	-0.060486	-0.038914	-0.095367
Superscaffold2	74628145	75103635	0.163755	0.044163	0.028285	0.113327
Superscaffold2	75103827	75337999	-0.335657	-0.224168	-0.103692	-0.215701
Superscaffold2	75338036	75581859	-0.158921	-0.105757	-0.047657	-0.107298
Superscaffold2	75581973	76089093	-0.112185	-0.030468	-0.021375	-0.063040
Superscaffold2	76089311	76762690	-0.121280	-0.024337	-0.017253	-0.077253
Superscaffold2	76762732	77106523	0.194851	0.068284	0.044923	0.139974
Superscaffold2	77106770	77590227	-0.184529	-0.040514	-0.027922	-0.122893
Superscaffold2	77590240	77835667	-0.253975	-0.136339	-0.082251	-0.172810
Superscaffold2	77835687	78181039	-0.012884	-0.004109	-0.002976	-0.008342
Superscaffold2	78181063	78362694	-0.054322	-0.029175	-0.019550	-0.031065
Superscaffold2	78362730	78736530	-0.128748	-0.048010	-0.030378	-0.082393
Superscaffold2	78736532	79228994	0.022593	0.005698	0.003588	0.015714
Superscaffold2	79229160	79913817	0.071192	0.032152	0.017369	0.048464
Superscaffold2	79913862	80526621	0.032692	0.010655	0.006918	0.020447
Superscaffold2	80526698	80921389	-0.168559	-0.048805	-0.032713	-0.114045
Superscaffold2	80921600	81644347	-0.075508	-0.020886	-0.013930	-0.046009
Superscaffold2	81644430	82023203	-0.088663	-0.029107	-0.017682	-0.062856
Superscaffold2	82023216	82709648	-0.255937	-0.069304	-0.041981	-0.182253
Superscaffold2	82710080	83234233	-0.240068	-0.068371	-0.043341	-0.175158
Superscaffold2	83234421	83580146	-0.222849	-0.067768	-0.044597	-0.141831
Superscaffold2	83580212	84032261	0.130542	0.028214	0.019635	0.096014
Superscaffold2	84032307	84472170	0.369349	0.101903	0.069222	0.313573
Superscaffold2	84472342	84841966	-0.268657	-0.087191	-0.052914	-0.205004
Superscaffold2	84842090	85182169	-0.052458	-0.010674	-0.007556	-0.039147
Superscaffold2	85182185	85564770	0.305979	0.086498	0.060690	0.261881
Superscaffold2	85564779	86489798	-0.323488	-0.077194	-0.050667	-0.222980
Superscaffold2	86489831	87554801	-0.000261	-0.000080	-0.000050	0.001264
Superscaffold2	87555313	87887311	-0.022200	-0.007756	-0.004597	-0.016149
Superscaffold2	87887440	88178557	-0.080740	-0.032723	-0.019572	-0.055539
Superscaffold2	88178558	88536255	0.466702	0.161390	0.124757	0.359226
Superscaffold2	88536326	88812622	-0.100236	-0.049474	-0.029424	-0.055179
Superscaffold2	88812670	89144525	0.010297	0.004314	0.002420	0.010852
Superscaffold2	89144558	89512431	0.143882	0.047142	0.029284	0.096274
Superscaffold2	89512480	89821904	-0.344556	-0.158362	-0.086861	-0.265540
Superscaffold2	89821975	90161112	0.179015	0.054385	0.035177	0.116113
Superscaffold2	90161136	90505098	-0.301172	-0.114102	-0.064435	-0.176147
Superscaffold2	90505107	90807315	-0.068316	-0.027769	-0.016281	-0.036666
Superscaffold2	90807841	91193753	0.085622	0.029239	0.019670	0.061102
Superscaffold2	91193798	92283387	-0.127200	-0.042925	-0.025343	-0.079617
Superscaffold2	92283397	92749660	-0.291572	-0.083957	-0.051650	-0.237028
Superscaffold2	92750924	93543744	0.017137	0.004591	0.002768	0.008015
Superscaffold2	93543774	93773351	0.191155	0.181504	0.080121	0.093646
Superscaffold2	93773400	94241567	-0.143225	-0.054367	-0.029142	-0.098826
Superscaffold2	94242177	94651710	0.151553	0.080309	0.046505	0.093253
Superscaffold2	94651727	95006858	0.045486	0.014594	0.009208	0.035476
Superscaffold2	95007142	95350470	-0.239054	-0.091824	-0.056802	-0.164573
Superscaffold2	95350516	95703793	0.025754	0.009727	0.006379	0.024929
Superscaffold2	95703882	96061726	-0.085435	-0.031022	-0.022137	-0.049370
Superscaffold2	96061727	96339956	-0.163545	-0.075690	-0.049360	-0.085456
Superscaffold2	96340000	96776037	-0.027437	-0.008417	-0.005678	-0.014384
Superscaffold2	96776070	97039964	-0.064905	-0.036681	-0.018744	-0.042926
Superscaffold2	97040108	97339790	0.105070	0.059553	0.032510	0.058264
Superscaffold2	97339792	97511827	-0.285646	-0.188299	-0.109081	-0.189677
Superscaffold2	97511890	97944541	0.088624	0.035083	0.021425	0.058603
Superscaffold2	97944662	98197185	0.027386	0.013069	0.007557	0.015692
Superscaffold2	98197213	98504831	0.126964	0.068285	0.041950	0.093183
Superscaffold2	98504838	98913006	0.080376	0.052045	0.034193	0.051065
Superscaffold2	98913030	99204215	-0.432275	-0.356362	-0.178474	-0.264736
Superscaffold2	99204348	99392252	-0.280599	-0.300574	-0.134589	-0.150644
Superscaffold2	99392277	99632963	-0.149667	-0.131341	-0.067563	-0.083017
Superscaffold2	99632973	99768419	0.081842	0.098590	0.056297	0.047721
Superscaffold2	99768425	99969610	0.015710	0.014775	0.008606	0.008870
Superscaffold2	99969689	100268548	-0.189090	-0.143879	-0.078229	-0.095586
Superscaffold2	100268554	100765485	-0.128740	-0.065000	-0.038866	-0.066433
Superscaffold2	100765504	101066978	0.279397	0.198401	0.098480	0.180747
Superscaffold3	5969	251421	-0.010142	-0.004896	-0.003348	-0.003712
Superscaffold3	252760	559104	-0.189310	-0.071255	-0.049338	-0.115689
Superscaffold3	559203	825772	0.061835	0.031073	0.020904	0.036353
Superscaffold3	825893	1277182	0.010724	0.004817	0.003348	0.009573
Superscaffold3	1277387	1695754	0.071686	0.032854	0.021995	0.036685
Superscaffold3	1695763	1987157	-0.064547	-0.034268	-0.021883	-0.034287
Superscaffold3	1987191	2349701	-0.071585	-0.043179	-0.028111	-0.040173
Superscaffold3	2349751	2502555	0.053440	0.059032	0.036146	0.028176
Superscaffold3	2502675	2698225	0.006255	0.004366	0.002917	0.002949
Superscaffold3	2698437	2859070	-0.141841	-0.108367	-0.063777	-0.077681
Superscaffold3	2859215	3183481	0.280412	0.136690	0.101172	0.152897
Superscaffold3	3183494	3547521	-0.314461	-0.223114	-0.121291	-0.194195
Superscaffold3	3547647	3797016	-0.014841	-0.007826	-0.004805	-0.010166
Superscaffold3	3797018	4159669	-0.036880	-0.021696	-0.012865	-0.020142
Superscaffold3	4159694	5111754	-0.194010	-0.092543	-0.052227	-0.112029
Superscaffold3	5111755	5374500	-0.003264	-0.002538	-0.001613	0.005095
Superscaffold3	5374538	5536841	-0.158105	-0.149705	-0.079412	-0.094751
Superscaffold3	5536885	5741814	-0.169369	-0.123817	-0.073429	-0.089445
Superscaffold3	5741836	5976146	0.022926	0.007110	0.005146	0.018561
Superscaffold3	5976147	6301193	-0.178303	-0.062840	-0.044782	-0.097778
Superscaffold3	6301649	6594873	-0.156509	-0.086692	-0.052142	-0.083765
Superscaffold3	6594878	6839524	-0.169454	-0.136555	-0.075109	-0.096395
Superscaffold3	6839598	7105268	0.020146	0.012568	0.007648	0.012179
Superscaffold3	7105311	7870721	0.234827	0.089910	0.055734	0.159286
Superscaffold3	7870727	8480507	0.122319	0.025092	0.016339	0.082590
Superscaffold3	8480598	9491089	-0.063710	-0.031930	-0.019634	-0.041315
Superscaffold3	9491212	9723856	-0.036598	-0.022483	-0.013689	-0.019310
Superscaffold3	9723869	9871388	-0.167228	-0.126505	-0.079433	-0.096175
Superscaffold3	9871594	10198937	0.021791	0.017122	0.009997	0.016874
Superscaffold3	10198947	11113454	-0.092412	-0.078208	-0.041616	-0.047688
Superscaffold3	11113537	11286875	-0.013950	-0.016331	-0.009870	-0.009073
Superscaffold3	11286916	11460838	0.005311	0.004420	0.002668	0.003160
Superscaffold3	11461378	11813700	0.012041	0.008775	0.005097	0.011702
Superscaffold3	11816464	12019370	0.188314	0.158369	0.096297	0.106216
Superscaffold3	12019374	12145060	0.049444	0.046220	0.027461	0.024781
Superscaffold3	12145069	12407101	0.043630	0.034120	0.020567	0.026722
Superscaffold3	12407106	12707083	-0.138813	-0.092292	-0.058607	-0.080749
Superscaffold3	12707096	13116997	-0.104950	-0.073599	-0.038679	-0.062201
Superscaffold3	13117118	13263598	0.061447	0.050295	0.030587	0.041236
Superscaffold3	13263610	13474116	0.352552	0.306114	0.194495	0.184218
Superscaffold3	13474122	14093204	0.278731	0.164153	0.107974	0.170842
Superscaffold3	14093269	14271414	0.138442	0.115936	0.067917	0.070593
Superscaffold3	14271466	14414273	0.045427	0.041992	0.023771	0.023361
Superscaffold3	14414314	14543753	0.134216	0.152838	0.090046	0.069185
Superscaffold3	14543794	14683190	0.007220	0.007227	0.004299	0.006696
Superscaffold3	14683255	14835741	0.012780	0.014400	0.007753	0.007845
Superscaffold3	14835749	15022758	-0.138068	-0.184646	-0.092446	-0.081548
Superscaffold3	15022912	15207935	-0.024138	-0.026545	-0.013317	-0.014491
Superscaffold3	15208017	15417639	0.098718	0.088633	0.048592	0.044846
Superscaffold3	15417650	15556216	0.059760	0.064927	0.036757	0.033726
Superscaffold3	15556252	15818687	0.107118	0.081662	0.045413	0.058790
Superscaffold3	15818692	16431656	0.035703	0.026834	0.015241	0.023282
Superscaffold3	16431664	16749707	0.085516	0.062281	0.034265	0.049438
Superscaffold3	16749711	16939218	0.074507	0.072607	0.041968	0.042522
Superscaffold3	16939276	17280142	-0.103832	-0.066486	-0.043424	-0.059867
Superscaffold3	17280237	17573494	0.095787	0.063913	0.037983	0.056853
Superscaffold3	17573527	17838852	-0.070845	-0.048843	-0.029179	-0.043370
Superscaffold3	17838884	17985389	0.150204	0.179456	0.090204	0.079853
Superscaffold3	17985426	18366362	-0.149264	-0.075176	-0.040215	-0.074713
Superscaffold3	18366375	19087270	0.025875	0.015296	0.008642	0.016211
Superscaffold3	19087299	19546633	-0.010296	-0.006647	-0.003900	-0.012112
Superscaffold3	19546646	19759873	-0.111157	-0.083094	-0.041343	-0.061913
Superscaffold3	19760272	19947895	0.150428	0.137551	0.089044	0.100703
Superscaffold3	19948006	20125960	0.004059	0.003059	0.001941	0.009544
Superscaffold3	20125971	20371473	0.085993	0.060963	0.036303	0.052212
Superscaffold3	20371474	20519485	0.126316	0.104638	0.058305	0.072305
Superscaffold3	20519520	20747333	0.070854	0.066928	0.035131	0.035025
Superscaffold3	20747383	20881708	-0.093159	-0.160888	-0.057081	-0.047167
Superscaffold3	20881710	21059244	-0.136968	-0.139634	-0.071577	-0.086473
Superscaffold3	21059246	21682219	0.052155	0.030011	0.017074	0.028034
Superscaffold3	21682281	21967268	0.166832	0.163521	0.093037	0.095293
Superscaffold3	21967312	22102135	0.059458	0.061236	0.033517	0.028401
Superscaffold3	22102141	22222950	-0.152899	-0.118222	-0.077423	-0.075875
Superscaffold3	22222952	22511453	-0.017341	-0.007338	-0.004952	-0.011764
Superscaffold3	22511506	22811629	-0.372841	-0.170542	-0.099992	-0.238112
Superscaffold3	22811632	23104496	0.072502	0.021185	0.014066	0.046974
Superscaffold3	23104504	23325845	-0.045125	-0.027698	-0.017057	-0.021529
Superscaffold3	23325854	23504049	0.059669	0.064431	0.037052	0.031182
Superscaffold3	23504146	23806753	0.012939	0.010366	0.005706	0.007055
Superscaffold3	23806844	24020052	-0.178152	-0.131949	-0.068876	-0.116302
Superscaffold3	24020075	24597845	0.078784	0.032219	0.020579	0.056315
Superscaffold3	24597880	24984864	-0.055981	-0.020729	-0.013140	-0.029274
Superscaffold3	24984903	25338919	-0.079862	-0.037643	-0.024500	-0.041967
Superscaffold3	25338923	25436656	0.062987	0.061675	0.038382	0.037084
Superscaffold3	25436694	25557931	-0.004689	-0.004452	-0.002592	0.002842
Superscaffold3	25558079	26280101	-0.092322	-0.053267	-0.029350	-0.050690
Superscaffold3	26280332	26531508	-0.165173	-0.089734	-0.052493	-0.106297
Superscaffold3	26531516	26692845	0.015295	0.009186	0.005085	0.001609
Superscaffold3	26692927	26939489	-0.218083	-0.155187	-0.080601	-0.162456
Superscaffold3	26939504	27241904	-0.055610	-0.019285	-0.012329	-0.035257
Superscaffold3	27241926	27721741	0.428251	0.219269	0.136158	0.316107
Superscaffold3	27721770	28110869	-0.236847	-0.098465	-0.052004	-0.146048
Superscaffold3	28110897	28414393	0.042523	0.017472	0.010445	0.029534
Superscaffold3	28414398	28630705	-0.077292	-0.041721	-0.017437	-0.045626
Superscaffold3	28630772	28800989	-0.257177	-0.108704	-0.061912	-0.132789
Superscaffold3	28801027	29011143	-0.281999	-0.125846	-0.071486	-0.167196
Superscaffold3	29011234	29226788	-0.170129	-0.060377	-0.036101	-0.100301
Superscaffold3	29226860	29478536	-0.062973	-0.035185	-0.021257	-0.040670
Superscaffold3	29478552	29716738	-0.015641	-0.004797	-0.003205	-0.010596
Superscaffold3	29716740	29954902	0.085920	0.042976	0.026412	0.049775
Superscaffold3	29954909	30590243	-0.023672	-0.008670	-0.004723	-0.012051
Superscaffold3	30590604	31172798	-0.009024	-0.003379	-0.001987	0.002246
Superscaffold3	31172914	31545717	-0.131721	-0.040269	-0.023549	-0.097060
Superscaffold3	31546779	31998167	-0.427998	-0.139506	-0.076697	-0.314801
Superscaffold3	31998175	32283890	-0.145938	-0.062689	-0.036861	-0.084841
Superscaffold3	32283906	32580388	0.121819	0.036948	0.021732	0.084805
Superscaffold3	32580501	33084007	-0.036426	-0.015804	-0.009386	-0.024573
Superscaffold3	33084885	33392503	-0.271985	-0.095026	-0.059903	-0.189420
Superscaffold3	33392515	33920732	0.004130	0.000831	0.000633	0.003125
Superscaffold3	33920747	34305805	-0.064407	-0.013296	-0.009249	-0.040557
Superscaffold3	34305968	34712328	0.078625	0.019403	0.012752	0.051207
Superscaffold3	34712335	35139445	0.126690	0.031180	0.020136	0.099554
Superscaffold3	35139499	35491759	0.079355	0.018638	0.012222	0.047902
Superscaffold3	35491774	35677327	0.552774	0.253641	0.142422	0.374366
Superscaffold3	35677380	36149604	0.100960	0.022237	0.013140	0.050842
Superscaffold3	36149614	36551710	-0.357086	-0.102836	-0.063823	-0.258075
Superscaffold3	36551770	37253455	0.186347	0.036252	0.025471	0.118232
Superscaffold3	37253466	37601886	-0.000479	-0.000138	-0.000088	0.000982
Superscaffold3	37601889	38116068	0.032959	0.007172	0.004597	0.024802
Superscaffold3	38116244	38346666	0.269050	0.121169	0.086093	0.148166
Superscaffold3	38346667	38888765	0.039413	0.005974	0.004358	0.025112
Superscaffold3	38889345	39578968	-0.044535	-0.006086	-0.003795	-0.044686
Superscaffold3	39582174	40132196	0.367902	0.087253	0.054684	0.302172
Superscaffold3	40132319	40613227	-0.454977	-0.123468	-0.071665	-0.357464
Superscaffold3	40613338	41209196	0.005364	0.001177	0.000753	0.006945
Superscaffold3	41209205	41838535	0.068733	0.014599	0.009393	0.055823
Superscaffold3	41838598	42252890	-0.010664	-0.002730	-0.001773	-0.004718
Superscaffold3	42252899	42895560	0.075961	0.015908	0.010291	0.053947
Superscaffold3	42895947	43280505	0.005205	0.001145	0.000754	0.005510
Superscaffold3	43280535	43763372	-0.071281	-0.019623	-0.013271	-0.046901
Superscaffold3	43763381	44442825	0.072426	0.017543	0.010462	0.050055
Superscaffold3	44442834	44794179	0.078673	0.019859	0.012078	0.052110
Superscaffold3	44794302	45112824	-0.097035	-0.025414	-0.016519	-0.068882
Superscaffold3	45112874	45528451	0.166544	0.063567	0.034506	0.124266
Superscaffold3	45528525	45849468	-0.586470	-0.622185	-0.234704	-0.474594
Superscaffold3	45849483	46132725	-0.282389	-0.203376	-0.098512	-0.190435
Superscaffold3	46132738	46271719	-0.148501	-0.155134	-0.080114	-0.085666
Superscaffold3	46271730	46588547	-0.038522	-0.027380	-0.015731	-0.022496
Superscaffold3	46589400	47259650	0.001159	0.000359	0.000218	0.003971
Superscaffold3	47259675	47534107	-0.290004	-0.242611	-0.121206	-0.210055
Superscaffold3	47534114	47769968	-0.084142	-0.057136	-0.025960	-0.055199
Superscaffold3	47769996	48180786	-0.283317	-0.144692	-0.075211	-0.206829
Superscaffold3	48180818	48519451	-0.629864	-0.469864	-0.226579	-0.518039
Superscaffold3	48519456	48981013	0.033846	0.010901	0.007035	0.028784
Superscaffold3	48981075	49341910	-0.127005	-0.033162	-0.021403	-0.085046
Superscaffold3	49341942	49715989	0.005969	0.001819	0.001119	0.002002
Superscaffold3	49716032	50086258	-0.253122	-0.126137	-0.069292	-0.174199
Superscaffold3	50086305	50516978	-0.186918	-0.052621	-0.035250	-0.106604
Superscaffold3	50517045	50916818	-0.219564	-0.064159	-0.041676	-0.158565
Superscaffold3	50916900	51305421	0.043659	0.014339	0.008779	0.025353
Superscaffold3	51305474	51708127	-0.141131	-0.043595	-0.027256	-0.082665
Superscaffold3	51708315	52052158	-0.027191	-0.011985	-0.006850	-0.015234
Superscaffold3	52052159	52413977	-0.155518	-0.050721	-0.030124	-0.097613
Superscaffold3	52414327	52818816	-0.103704	-0.030276	-0.018450	-0.072153
Superscaffold3	52818838	53087855	0.066326	0.022720	0.014836	0.040823
Superscaffold3	53087856	53386993	-0.186882	-0.052296	-0.036365	-0.119143
Superscaffold3	53387045	53681055	-0.083787	-0.050035	-0.029023	-0.052743
Superscaffold3	53681056	53951761	-0.171083	-0.104841	-0.060414	-0.095771
Superscaffold3	53951894	54265898	0.015219	0.006676	0.004253	0.009837
Superscaffold3	54266100	54744740	-0.066737	-0.017311	-0.012134	-0.037082
Superscaffold3	54744766	54955056	-0.128377	-0.110014	-0.060568	-0.074644
Superscaffold3	54955103	55757981	-0.164759	-0.073122	-0.047361	-0.089886
Superscaffold3	55758122	56183058	-0.043517	-0.016404	-0.011061	-0.034624
Superscaffold3	56183071	56574488	0.020108	0.006236	0.004173	0.012845
Superscaffold3	56574563	56757856	-0.181407	-0.088046	-0.062032	-0.112222
Superscaffold3	56757866	56930336	-0.027250	-0.011566	-0.007992	-0.008686
Superscaffold3	56930787	57373855	0.035760	0.014231	0.008542	0.025423
Superscaffold3	57373922	57809902	-0.159379	-0.041854	-0.026586	-0.119419
Superscaffold3	57812159	58355259	0.017601	0.004595	0.002918	0.009757
Superscaffold3	58355283	58763908	-0.126172	-0.063605	-0.031219	-0.070259
Superscaffold3	58763989	59143931	-0.211152	-0.059330	-0.037299	-0.139573
Superscaffold3	59143933	59409490	-0.055633	-0.026402	-0.016687	-0.029709
Superscaffold3	59409553	59639801	0.041536	0.028694	0.017154	0.024974
Superscaffold3	59639897	59912842	0.123249	0.058710	0.035596	0.082822
Superscaffold3	59912927	60444459	-0.017951	-0.010695	-0.005751	-0.009087
Superscaffold3	60444493	60748491	0.062828	0.030931	0.019581	0.033521
Superscaffold3	60748514	61300661	-0.042907	-0.013907	-0.008978	-0.029699
Superscaffold3	61300748	61701431	-0.077840	-0.031366	-0.019773	-0.058639
Superscaffold3	61701433	62041686	-0.149186	-0.081820	-0.047486	-0.091080
Superscaffold3	62041733	62597225	-0.077975	-0.027926	-0.018335	-0.051440
Superscaffold3	62597323	62901860	-0.038910	-0.029734	-0.015883	-0.016649
Superscaffold3	62901869	63791160	0.017441	0.008915	0.005319	0.012463
Superscaffold3	63791229	64469470	-0.182402	-0.061150	-0.036808	-0.111468
Superscaffold3	64469540	64825698	0.140723	0.051569	0.031604	0.087717
Superscaffold3	64825719	65201011	-0.128605	-0.081439	-0.048648	-0.064440
Superscaffold3	65201071	65360233	0.116206	0.139608	0.081419	0.058843
Superscaffold3	65360316	65607819	0.122480	0.106725	0.062117	0.054717
Superscaffold3	65607833	65762977	-0.116263	-0.118106	-0.068497	-0.046864
Superscaffold3	65763552	66235444	-0.118579	-0.027056	-0.020240	-0.066476
Superscaffold3	66235767	66625567	-0.169783	-0.045335	-0.028505	-0.093758
Superscaffold3	66625662	66894041	-0.223965	-0.094791	-0.059726	-0.135636
Superscaffold4	173744	544262	-0.403462	-0.209385	-0.141334	-0.263454
Superscaffold4	544413	876645	-0.159702	-0.113898	-0.064004	-0.091824
Superscaffold4	876922	1105884	-0.189148	-0.188296	-0.087883	-0.108912
Superscaffold4	1105902	1269788	-0.084136	-0.099725	-0.051425	-0.045841
Superscaffold4	1269850	1972286	-0.012288	-0.007725	-0.004611	-0.004938
Superscaffold4	1972367	2438837	0.038585	0.035541	0.021424	0.021562
Superscaffold4	2438874	2901721	0.041423	0.023362	0.014048	0.022641
Superscaffold4	2901723	3171645	-0.006637	-0.004047	-0.002667	-0.005751
Superscaffold4	3172261	3363383	-0.098303	-0.081021	-0.045756	-0.057539
Superscaffold4	3363451	3832525	-0.110842	-0.081806	-0.046834	-0.064843
Superscaffold4	3832559	3966043	-0.197365	-0.214209	-0.111895	-0.119113
Superscaffold4	3966044	4552142	0.066662	0.024022	0.014817	0.031773
Superscaffold4	4552174	5230175	-0.064568	-0.042759	-0.027018	-0.040440
Superscaffold4	5230176	5443347	0.018794	0.019631	0.012582	0.005922
Superscaffold4	5443370	6174361	-0.011666	-0.006762	-0.004196	-0.008329
Superscaffold4	6174788	6493413	0.084066	0.069356	0.043874	0.044419
Superscaffold4	6493477	6656749	0.218435	0.120687	0.083470	0.117301
Superscaffold4	6656764	7017902	-0.131890	-0.059535	-0.041964	-0.072877
Superscaffold4	7018738	7211273	-0.125192	-0.066065	-0.044605	-0.060012
Superscaffold4	7211419	7368347	-0.169620	-0.161189	-0.084539	-0.095534
Superscaffold4	7368365	7711534	-0.039219	-0.035649	-0.020669	-0.028140
Superscaffold4	7711564	7889185	0.003819	0.003651	0.001977	-0.002879
Superscaffold4	7889189	8090791	-0.007308	-0.006656	-0.003271	-0.002808
Superscaffold4	8090802	8681784	-0.162327	-0.142431	-0.078856	-0.087184
Superscaffold4	8681815	8865468	0.170641	0.159860	0.100650	0.091089
Superscaffold4	8865492	9004656	-0.009028	-0.009116	-0.005177	-0.003180
Superscaffold4	9004716	9175533	0.094172	0.089832	0.054414	0.045690
Superscaffold4	9175550	9505224	-0.094780	-0.062792	-0.033332	-0.052771
Superscaffold4	9505245	9761372	-0.113446	-0.078342	-0.048324	-0.058886
Superscaffold4	9761419	9991807	-0.000691	-0.000420	-0.000288	0.002314
Superscaffold4	9991812	10148626	-0.001507	-0.001573	-0.000903	-0.001017
Superscaffold4	10148704	10859414	0.012366	0.006419	0.003965	0.009516
Superscaffold4	10859466	11350310	0.045282	0.025025	0.015749	0.024234
Superscaffold4	11350380	11576981	-0.101663	-0.084900	-0.049120	-0.058902
Superscaffold4	11577005	11817211	-0.472532	-0.344932	-0.192967	-0.345697
Superscaffold4	11817250	12079446	-0.045228	-0.018915	-0.012726	-0.026486
Superscaffold4	12079659	12325773	-0.102883	-0.076709	-0.041698	-0.068261
Superscaffold4	12325896	12527045	0.020488	0.017580	0.009654	0.012822
Superscaffold4	12527243	12805893	-0.055923	-0.047949	-0.028543	-0.026427
Superscaffold4	12805917	12986500	0.031262	0.021943	0.013956	0.021431
Superscaffold4	12986517	13157456	-0.116651	-0.078751	-0.045783	-0.067878
Superscaffold4	13157477	13322743	-0.018555	-0.016272	-0.009050	-0.003805
Superscaffold4	13322744	13655483	-0.260685	-0.142632	-0.089107	-0.173520
Superscaffold4	13655494	13882008	0.042249	0.032809	0.017191	0.022112
Superscaffold4	13882012	14258817	-0.123703	-0.092311	-0.038082	-0.074470
Superscaffold4	14258941	14520695	0.041851	0.031775	0.018802	0.024364
Superscaffold4	14520711	14674856	0.156660	0.131508	0.075755	0.099395
Superscaffold4	14674868	14939226	-0.187396	-0.090748	-0.056071	-0.115954
Superscaffold4	14939227	15221322	-0.012577	-0.010068	-0.006247	-0.007898
Superscaffold4	15221373	15932084	0.121404	0.100992	0.056683	0.075710
Superscaffold4	15932112	16146614	-0.099591	-0.086696	-0.051172	-0.060139
Superscaffold4	16146636	16331514	0.026556	0.024310	0.013846	0.015370
Superscaffold4	16331524	16676942	-0.186544	-0.160299	-0.087567	-0.108183
Superscaffold4	16676965	16973714	0.050313	0.038925	0.023223	0.029497
Superscaffold4	16973824	17359121	-0.063603	-0.057156	-0.031018	-0.046291
Superscaffold4	17359164	17618075	-0.108393	-0.088746	-0.054467	-0.069231
Superscaffold4	17618148	17824033	-0.068325	-0.059530	-0.034920	-0.035510
Superscaffold4	17824675	17983751	0.032423	0.029406	0.018669	0.020184
Superscaffold4	17983763	18304063	-0.048284	-0.031109	-0.019163	-0.027046
Superscaffold4	18304296	18885917	-0.061079	-0.015524	-0.011228	-0.038176
Superscaffold4	18891474	19292359	-0.476540	-0.125595	-0.085702	-0.378298
Superscaffold4	19292703	19556101	-0.467445	-0.203414	-0.115941	-0.355272
Superscaffold4	19556173	19813015	-0.363752	-0.164585	-0.104210	-0.165482
Superscaffold4	19813066	20048045	-0.522704	-0.450960	-0.229962	-0.387600
Superscaffold4	20048110	20232060	-0.153661	-0.128116	-0.074659	-0.090020
Superscaffold4	20232095	20588919	0.070832	0.038436	0.025990	0.039390
Superscaffold4	20589015	20908013	-0.037469	-0.017085	-0.010976	-0.022360
Superscaffold4	20910330	21429656	-0.442752	-0.203067	-0.120142	-0.278947
Superscaffold4	21429773	22033975	-0.274387	-0.121665	-0.072215	-0.202850
Superscaffold4	22034157	22274296	-0.136232	-0.069160	-0.045977	-0.072149
Superscaffold4	22274305	22403644	-0.027965	-0.036023	-0.018601	-0.015984
Superscaffold4	22403651	22601971	-0.000482	-0.000237	-0.000162	0.003283
Superscaffold4	22602073	22798453	-0.300743	-0.181398	-0.105659	-0.174106
Superscaffold4	22798514	22936663	-0.197765	-0.156900	-0.080094	-0.093882
Superscaffold4	22936736	23209362	0.120444	0.062548	0.041325	0.066615
Superscaffold4	23209468	23416490	0.037928	0.013709	0.009948	0.018270
Superscaffold4	23416667	23669935	-0.188729	-0.152658	-0.082594	-0.106417
Superscaffold4	23669936	24056333	0.210604	0.099188	0.073703	0.146606
Superscaffold4	24056585	24539809	-0.240890	-0.072489	-0.047469	-0.157157
Superscaffold4	24539827	24840168	-0.055544	-0.021322	-0.012659	-0.043306
Superscaffold4	24840182	25170710	0.152251	0.059479	0.033076	0.099785
Superscaffold4	25170813	25368895	-0.039581	-0.025845	-0.016091	-0.025664
Superscaffold4	25368904	25632603	-0.004494	-0.002433	-0.001623	0.001727
Superscaffold4	25632645	25821658	0.171724	0.082474	0.056566	0.109717
Superscaffold4	25821677	26206468	-0.005279	-0.003582	-0.001966	0.000307
Superscaffold4	26206594	26528607	-0.151543	-0.085537	-0.047629	-0.089720
Superscaffold4	26528663	26679374	0.048801	0.037308	0.020653	0.026743
Superscaffold4	26679449	26862501	0.449898	0.390327	0.286067	0.249689
Superscaffold4	26862503	27114225	-0.018067	-0.010229	-0.006610	-0.014319
Superscaffold4	27114427	27403878	-0.120806	-0.050203	-0.031862	-0.081565
Superscaffold4	27403897	27610422	-0.136406	-0.048717	-0.031216	-0.106265
Superscaffold4	27610666	27842610	0.140633	0.061992	0.036875	0.097232
Superscaffold4	27842694	28247814	0.055798	0.024368	0.016326	0.029710
Superscaffold4	28247834	28486100	-0.144036	-0.144259	-0.071140	-0.084985
Superscaffold4	28486128	28783188	-0.050397	-0.038880	-0.023528	-0.035620
Superscaffold4	28783192	29063516	-0.077859	-0.023081	-0.016637	-0.052151
Superscaffold4	29064235	29323987	-0.109944	-0.040393	-0.027814	-0.059453
Superscaffold4	29324002	29541648	0.012603	0.015384	0.007152	0.010881
Superscaffold4	29541660	29893649	0.287946	0.231696	0.143549	0.190900
Superscaffold4	29893772	30130246	0.143286	0.141230	0.080718	0.081938
Superscaffold4	30130272	30335066	0.107812	0.074123	0.046003	0.064792
Superscaffold4	30335072	30510221	0.025440	0.023300	0.013534	0.014535
Superscaffold4	30510228	30645942	-0.054625	-0.045737	-0.029241	-0.028343
Superscaffold4	30645977	30969513	-0.200191	-0.165379	-0.082071	-0.106831
Superscaffold4	30970130	31917088	-0.135445	-0.050989	-0.035221	-0.081590
Superscaffold4	31917128	32182901	-0.038966	-0.015766	-0.010251	-0.021499
Superscaffold4	32182927	32526477	-0.219562	-0.058324	-0.038304	-0.138340
Superscaffold4	32528889	33018496	0.316240	0.090910	0.056399	0.193451
Superscaffold4	33018624	33504393	0.267094	0.094236	0.064537	0.149342
Superscaffold4	33504427	33724780	0.000945	0.000753	0.000361	0.003260
Superscaffold4	33724808	33990482	-0.181046	-0.120751	-0.064214	-0.113395
Superscaffold4	33991066	34398288	-0.349444	-0.166673	-0.091710	-0.258313
Superscaffold4	34398528	34853737	-0.060253	-0.014119	-0.009622	-0.041056
Superscaffold4	34853852	35093273	0.323054	0.117661	0.082639	0.179026
Superscaffold4	35093294	35570743	-0.008265	-0.003327	-0.002069	-0.005218
Superscaffold4	35570786	35998511	-0.147910	-0.076367	-0.042118	-0.085676
Superscaffold4	35998543	36269732	-0.250314	-0.164573	-0.100674	-0.141183
Superscaffold4	36269815	36557370	0.047364	0.020985	0.013069	0.034581
Superscaffold4	36557401	37147178	0.259622	0.120049	0.086245	0.127324
Superscaffold4	37147217	37454269	-0.049493	-0.038213	-0.022159	-0.024206
Superscaffold4	37454363	38535603	-0.128998	-0.068830	-0.043220	-0.087067
Superscaffold4	38535676	39428767	-0.209472	-0.132064	-0.073032	-0.128320
Superscaffold4	39429473	39800648	-0.193670	-0.115552	-0.066037	-0.102785
Superscaffold4	39800653	40182513	-0.124276	-0.072268	-0.043486	-0.066863
Superscaffold4	40183748	40485188	0.048238	0.033471	0.018072	0.034358
Superscaffold4	40485520	40811451	-0.133075	-0.084989	-0.050993	-0.079012
Superscaffold4	40811457	40984377	0.187498	0.116236	0.070214	0.095963
Superscaffold4	40984396	41319027	-0.083818	-0.028235	-0.018776	-0.046013
Superscaffold4	41319064	41823091	0.392819	0.103788	0.072293	0.236233
Superscaffold4	41823128	42352732	0.119688	0.049693	0.029974	0.073524
Superscaffold4	42353187	42546801	0.217927	0.105874	0.067935	0.124652
Superscaffold4	42546805	43117304	0.090340	0.028464	0.020376	0.043029
Superscaffold4	43117366	43723901	-0.053668	-0.029328	-0.018071	-0.034468
Superscaffold4	43723902	43914625	-0.281318	-0.273001	-0.121685	-0.158417
Superscaffold4	43914641	44100713	0.286735	0.177115	0.113988	0.151091
Superscaffold4	44100714	44368758	0.334022	0.128540	0.088300	0.237652
Superscaffold4	44368805	44843690	-0.161164	-0.073253	-0.039825	-0.089685
Superscaffold4	44843703	45195343	0.441833	0.183818	0.106087	0.294418
Superscaffold4	45195351	45530358	0.051120	0.016035	0.010461	0.032407
Superscaffold4	45530386	46034863	0.085676	0.024963	0.016239	0.052024
Superscaffold4	46034897	46206707	-0.135401	-0.050336	-0.034349	-0.076091
Superscaffold4	46206709	46514633	0.119658	0.035234	0.024005	0.091497
Superscaffold4	46514680	46900062	-0.261045	-0.087567	-0.061235	-0.176290
Superscaffold4	46900078	47283709	-0.046795	-0.016163	-0.011005	-0.035780
Superscaffold4	47284019	47636889	0.289077	0.114075	0.077886	0.208448
Superscaffold4	47636943	47938267	0.010328	0.004612	0.002838	0.007709
Superscaffold4	47938569	48378392	-0.039330	-0.016576	-0.010122	-0.020913
Superscaffold4	48378432	48873584	-0.202613	-0.048896	-0.034633	-0.147355
Superscaffold4	48873730	49363729	0.139906	0.025196	0.017257	0.097705
Superscaffold4	49364099	49751558	-0.126549	-0.037510	-0.025665	-0.088866
Superscaffold4	49751570	50069157	-0.068494	-0.030328	-0.016960	-0.051640
Superscaffold4	50069238	50401035	-0.318380	-0.117360	-0.067833	-0.242565
Superscaffold4	50401043	50718994	-0.173877	-0.043260	-0.030973	-0.109836
Superscaffold4	50719059	50969530	-0.039466	-0.016489	-0.010510	-0.027619
Superscaffold4	50969570	51339299	0.177362	0.060354	0.038379	0.109665
Superscaffold4	51339333	51540229	0.236867	0.075580	0.049917	0.123380
Superscaffold4	51540294	51850409	0.447592	0.121148	0.083597	0.348197
Superscaffold4	51850451	52710705	0.150841	0.021084	0.013296	0.109500
Superscaffold4	52710726	53358165	0.419814	0.116933	0.075968	0.358190
Superscaffold4	53358212	54051681	0.026094	0.003462	0.002482	0.024308
Superscaffold4	54051714	54524507	0.013543	0.002551	0.001687	0.006415
Superscaffold4	54524509	55008805	0.187137	0.034297	0.022810	0.154646
Superscaffold4	55009348	55516770	-0.106678	-0.018400	-0.010690	-0.069065
Superscaffold4	55516787	55816949	0.091176	0.046330	0.025776	0.052451
Superscaffold4	55817036	56122079	-0.154487	-0.077068	-0.048504	-0.106851
Superscaffold4	56122106	56352883	0.137983	0.063794	0.035516	0.085924
Superscaffold4	56353015	56629319	-0.052092	-0.026211	-0.015377	-0.025901
Superscaffold4	56629358	56892110	-0.077238	-0.039440	-0.024887	-0.040134
Superscaffold4	56892134	57372061	-0.028614	-0.017410	-0.010206	-0.019516
Superscaffold4	57372084	57842698	-0.089049	-0.064811	-0.040361	-0.051293
Superscaffold4	57842729	58198717	-0.226638	-0.109934	-0.066082	-0.136934
Superscaffold4	58198847	58447139	0.246494	0.119081	0.085126	0.146621
Superscaffold4	58447142	58620973	-0.167088	-0.159899	-0.069848	-0.081964
Superscaffold4	58621002	58813148	-0.149526	-0.117759	-0.054352	-0.089311
Superscaffold4	58813156	59029825	-0.107191	-0.047117	-0.033548	-0.066594
Superscaffold4	59029864	59174615	0.014533	0.007160	0.004311	0.006250
Superscaffold4	59174662	59406753	0.549330	0.232538	0.161439	0.341248
Superscaffold4	59406778	59675698	0.184605	0.062732	0.043921	0.103352
Superscaffold4	59676017	59996327	-0.077492	-0.065907	-0.037903	-0.044345
Superscaffold4	59996342	60722244	-0.566903	-0.507548	-0.209079	-0.409193
Superscaffold4	60722348	61296908	-0.236377	-0.190190	-0.092932	-0.141201
Superscaffold4	61297203	61534995	-0.155182	-0.093169	-0.058692	-0.106335
Superscaffold4	61535009	61765335	-0.472715	-0.254893	-0.158066	-0.349950
Superscaffold4	61765361	62065339	-0.552929	-0.242996	-0.158800	-0.389570
Superscaffold4	62065392	62415598	-0.280284	-0.081923	-0.056313	-0.168163
Superscaffold4	62415687	62911796	0.025401	0.012619	0.008360	0.015599
Superscaffold4	62911797	63331521	-0.048288	-0.032755	-0.018002	-0.027262
Superscaffold4	63331749	63710203	0.115529	0.077940	0.049004	0.072389
Superscaffold4	63710207	63926401	0.061143	0.053936	0.032484	0.032863
Superscaffold4	63926472	64130057	-0.146659	-0.090348	-0.060304	-0.079823
Superscaffold4	64130062	64347519	-0.479337	-0.253038	-0.157941	-0.339952
Superscaffold4	64347529	64593763	-0.038097	-0.015661	-0.009922	-0.020493
Superscaffold4	64593785	65004455	0.287607	0.200970	0.118648	0.205181
Superscaffold4	65004565	65332231	0.026730	0.006511	0.004606	0.009314
Superscaffold4	65332278	66347058	-0.105508	-0.037251	-0.022785	-0.063475
Superscaffold4	66347134	66814093	-0.368516	-0.121616	-0.062624	-0.301232
Superscaffold4	66814296	67209192	0.078864	0.026135	0.017847	0.049275
Superscaffold4	67209193	67621682	0.016734	0.006904	0.004572	0.015188
Superscaffold4	67621706	68185832	0.005672	0.001726	0.001151	0.004016
Superscaffold4	68185862	68398638	-0.084816	-0.058246	-0.034645	-0.052572
Superscaffold4	68398986	68621100	-0.127105	-0.074327	-0.042396	-0.061546
Superscaffold4	68621186	68889308	-0.006225	-0.003232	-0.002253	0.000373
Superscaffold4	68889854	69194804	-0.125254	-0.076628	-0.044203	-0.063730
Superscaffold4	69194822	69501270	0.024501	0.019369	0.011100	0.021272
Superscaffold4	69501320	69741362	-0.036628	-0.029678	-0.017637	-0.021530
Superscaffold4	69741384	69934157	-0.052892	-0.050696	-0.028667	-0.033158
Superscaffold4	69934159	70412989	-0.089940	-0.059831	-0.034117	-0.054096
Superscaffold4	70413016	70744304	0.033970	0.027651	0.016974	0.019263
Superscaffold4	70744608	71149494	0.000898	0.000408	0.000265	0.001312
Superscaffold4	71149703	71817767	0.016945	0.003123	0.002436	0.016883
Superscaffold4	71817781	72688075	-0.265190	-0.091046	-0.052139	-0.202450
Superscaffold4	72688101	73127255	-0.322259	-0.124349	-0.065129	-0.236549
Superscaffold4	73127475	73422276	0.070198	0.023754	0.015887	0.037074
Superscaffold4	73422411	73731699	0.147897	0.068496	0.041022	0.069158
Superscaffold4	73731756	74233248	0.161550	0.099668	0.060941	0.078365
Superscaffold4	74233315	74446937	-0.060621	-0.054059	-0.036988	-0.043630
Superscaffold4	74447066	74681356	0.213451	0.111159	0.083206	0.129175
Superscaffold4	74681382	74889874	-0.160118	-0.088905	-0.058524	-0.089729
Superscaffold4	74889876	75251865	0.276417	0.103728	0.065735	0.184308
Superscaffold4	75251903	75536498	0.207284	0.192681	0.121057	0.115224
Superscaffold4	75536526	75929457	0.570739	0.246660	0.170769	0.436753
Superscaffold4	75929508	76537623	0.046319	0.041134	0.018538	0.025319
Superscaffold4	76537714	76769648	-0.149583	-0.086301	-0.048112	-0.090464
Superscaffold4	76770088	77062319	0.251897	0.134877	0.083418	0.147119
Superscaffold4	77062652	77534230	0.114093	0.040391	0.022241	0.074112
Superscaffold4	77534299	77918260	-0.093619	-0.022310	-0.016027	-0.057344
Superscaffold4	77918306	78367354	0.042648	0.030266	0.018192	0.024865
Superscaffold4	78367369	78527480	0.080355	0.072674	0.043103	0.043737
Superscaffold4	78527481	78770629	-0.039640	-0.024898	-0.014285	-0.019776
Superscaffold4	78770644	79070564	-0.075563	-0.034628	-0.022448	-0.052425
Superscaffold4	79070579	79166298	-0.022053	-0.030032	-0.018488	-0.013503
Superscaffold4	79166305	79932379	0.040053	0.016238	0.011260	0.019864
Superscaffold4	79932418	80191418	-0.157034	-0.154975	-0.076976	-0.088967
Superscaffold4	80191470	80400234	-0.166295	-0.076010	-0.049492	-0.093342
Superscaffold4	80400362	80615978	-0.020961	-0.011825	-0.007052	-0.009243
Superscaffold4	80616119	80777783	-0.164056	-0.111329	-0.066413	-0.081451
Superscaffold4	80777867	81052477	-0.015647	-0.012344	-0.006695	-0.011742
Superscaffold4	81052588	81307967	-0.058786	-0.044646	-0.026375	-0.039010
Superscaffold4	81308025	81490357	0.066371	0.036966	0.021048	0.025720
Superscaffold4	81490519	81789846	-0.207649	-0.131732	-0.078858	-0.132990
Superscaffold4	81789880	82164324	-0.850925	-1.557145	-0.512070	-0.766119
Superscaffold4	82164410	82526978	-0.025178	-0.021148	-0.011220	-0.018057
Superscaffold4	82526998	82770426	0.408135	0.207386	0.121989	0.263172
Superscaffold4	82770490	83015536	-0.126391	-0.059035	-0.040742	-0.071368
Superscaffold4	83015538	83150317	-0.058001	-0.048267	-0.024894	-0.021393
Superscaffold4	83150329	83363087	0.012178	0.009768	0.006013	0.003829
Superscaffold4	83363098	83542128	-0.054483	-0.051980	-0.028229	-0.030136
Superscaffold4	83542136	83902850	-0.154824	-0.043500	-0.032291	-0.085409
Superscaffold4	83902932	84304502	0.000750	0.000346	0.000241	0.000426
Superscaffold4	84304747	84528823	-0.093718	-0.050983	-0.033480	-0.053228
Superscaffold4	84528831	84782119	-0.036851	-0.021547	-0.013744	-0.022696
Superscaffold4	84782405	85061370	0.072781	0.058276	0.035764	0.049199
Superscaffold4	85061550	85958001	-0.157728	-0.087750	-0.051801	-0.087724
Superscaffold4	85958005	86137853	-0.202390	-0.099294	-0.073735	-0.110186
Superscaffold4	86137893	86322879	-0.023972	-0.018171	-0.011841	-0.014813
Superscaffold4	86323041	86513149	0.006593	0.005590	0.003231	0.010303
Superscaffold5	56230	224301	-0.143539	-0.096137	-0.045324	-0.092575
Superscaffold5	224308	423429	-0.063517	-0.057118	-0.028978	-0.034055
Superscaffold5	423472	606743	0.094829	0.061169	0.038359	0.057910
Superscaffold5	606759	953561	-0.052844	-0.024916	-0.015773	-0.027494
Superscaffold5	953562	1390304	0.055735	0.018235	0.011341	0.030830
Superscaffold5	1390653	1793476	-0.023874	-0.011449	-0.007575	-0.018657
Superscaffold5	1793824	2088202	-0.619969	-0.355695	-0.188243	-0.483784
Superscaffold5	2088274	2290222	-0.250347	-0.161837	-0.089093	-0.170917
Superscaffold5	2290283	2799601	-0.108987	-0.060999	-0.037489	-0.066526
Superscaffold5	2799742	3072954	-0.019984	-0.009861	-0.006559	-0.010340
Superscaffold5	3072986	3370106	0.199703	0.112254	0.069604	0.096596
Superscaffold5	3370179	3583797	-0.409588	-0.234869	-0.127975	-0.285669
Superscaffold5	3583934	4037963	0.005641	0.001681	0.001034	0.006568
Superscaffold5	4037994	4631459	-0.125254	-0.110183	-0.063393	-0.077798
Superscaffold5	4631730	5275842	-0.103731	-0.065509	-0.036665	-0.062432
Superscaffold5	5275844	5917857	-0.570432	-0.260908	-0.156726	-0.460540
Superscaffold5	5917918	6479302	-0.026019	-0.006311	-0.003782	-0.016083
Superscaffold5	6479303	7102346	-0.295764	-0.201005	-0.100672	-0.186077
Superscaffold5	7102347	7432944	-0.260747	-0.130718	-0.074484	-0.174047
Superscaffold5	7433332	7754307	0.002394	0.000921	0.000575	-0.003276
Superscaffold5	7754308	8169344	-0.036942	-0.028622	-0.015845	-0.020781
Superscaffold5	8169352	8514190	0.000818	0.000573	0.000331	0.007138
Superscaffold5	8514221	8746646	-0.176680	-0.193541	-0.093749	-0.087694
Superscaffold5	8746676	8956493	-0.086520	-0.058055	-0.030954	-0.042525
Superscaffold5	8956509	9178917	0.005820	0.004091	0.002096	0.002291
Superscaffold5	9182667	9424533	0.026854	0.015529	0.009823	0.015622
Superscaffold5	9424632	9656190	0.257021	0.094136	0.064974	0.197213
Superscaffold5	9656205	10577747	0.064100	0.028651	0.018637	0.038372
Superscaffold5	10577797	10808938	0.445655	0.183401	0.128368	0.319804
Superscaffold5	10808958	11157637	-0.049448	-0.019808	-0.012869	-0.038365
Superscaffold5	11157890	11539538	-0.087822	-0.040102	-0.021922	-0.047315
Superscaffold5	11539687	12478406	-0.098231	-0.052334	-0.031478	-0.051545
Superscaffold5	12478413	12905343	0.204522	0.083671	0.055459	0.112155
Superscaffold5	12905383	14089680	0.220895	0.054176	0.044382	0.135134
Superscaffold5	14089722	14236719	-0.114270	-0.120274	-0.063399	-0.078280
Superscaffold5	14236738	14456546	-0.048108	-0.027053	-0.016131	-0.024236
Superscaffold5	14456655	14828376	0.002884	0.001624	0.000875	0.004038
Superscaffold5	14828388	14998795	-0.269396	-0.175483	-0.101078	-0.168809
Superscaffold5	14998799	15301337	-0.127293	-0.061605	-0.031868	-0.083609
Superscaffold5	15301514	15749011	0.185278	0.059287	0.039510	0.108257
Superscaffold5	15749013	16079198	-0.171303	-0.084925	-0.048877	-0.110908
Superscaffold5	16079779	16329691	-0.127018	-0.090550	-0.046766	-0.081733
Superscaffold5	16329717	16595771	-0.297607	-0.191788	-0.114514	-0.190603
Superscaffold5	16595842	16806351	-0.024383	-0.014764	-0.008802	-0.007930
Superscaffold5	16806371	17082422	-0.134174	-0.085075	-0.053721	-0.069042
Superscaffold5	17082450	17377792	-0.168678	-0.133074	-0.063903	-0.114429
Superscaffold5	17377793	17626978	-0.151089	-0.146391	-0.069975	-0.081636
Superscaffold5	17626990	17892373	-0.260736	-0.316249	-0.125238	-0.143626
Superscaffold5	17892415	18049210	-0.214712	-0.153036	-0.092164	-0.123730
Superscaffold5	18049250	18189320	-0.021623	-0.021017	-0.011054	-0.016426
Superscaffold5	18189324	18338959	-0.098043	-0.122003	-0.054602	-0.051115
Superscaffold5	18338984	18634631	-0.356720	-0.180611	-0.108307	-0.208695
Superscaffold5	18634634	18997269	-0.129844	-0.057635	-0.035372	-0.079211
Superscaffold5	18998358	19256257	-0.132374	-0.064350	-0.040259	-0.083891
Superscaffold5	19256379	19516602	-0.277802	-0.129917	-0.073630	-0.185980
Superscaffold5	19516732	19808783	-0.163729	-0.069944	-0.040562	-0.120285
Superscaffold5	19808809	20112762	-0.162181	-0.079092	-0.043679	-0.090940
Superscaffold5	20112783	20372272	0.039940	0.018754	0.011091	0.024956
Superscaffold5	20372415	20909437	0.122427	0.053142	0.034947	0.076400
Superscaffold5	20909448	21180274	0.005232	0.002753	0.001800	0.001558
Superscaffold5	21180286	21468943	-0.226336	-0.186178	-0.088289	-0.133483
Superscaffold5	21468944	21598407	0.161116	0.163044	0.081800	0.112395
Superscaffold5	21598422	21894556	0.103216	0.064534	0.035913	0.054627
Superscaffold5	21894561	22087513	0.052418	0.029679	0.019782	0.026916
Superscaffold5	22087577	22377256	-0.174295	-0.158344	-0.064650	-0.118494
Superscaffold5	22377267	22953545	0.143157	0.046345	0.033298	0.082907
Superscaffold5	22953549	23318574	-0.009066	-0.004100	-0.002570	-0.009241
Superscaffold5	23318588	24224444	-0.016588	-0.006928	-0.004864	-0.011664
Superscaffold5	24224531	24504227	0.124197	0.038881	0.024108	0.073553
Superscaffold5	24504331	24928125	-0.234782	-0.065745	-0.041700	-0.164369
Superscaffold5	24928320	25352479	0.116658	0.038484	0.024012	0.084014
Superscaffold5	25352625	25694290	0.624716	0.404434	0.248212	0.466645
Superscaffold5	25694374	26119078	0.089283	0.020631	0.013050	0.052210
Superscaffold5	26119258	27086627	0.022882	0.007785	0.004733	0.013424
Superscaffold5	27092095	27562212	0.235072	0.084503	0.056237	0.137876
Superscaffold5	27562227	27960443	-0.085434	-0.029526	-0.017601	-0.043534
Superscaffold5	27960548	28471618	-0.010988	-0.002909	-0.002225	-0.000470
Superscaffold5	28471629	28692624	-0.045270	-0.021204	-0.012096	-0.021954
Superscaffold5	28692687	29098254	-0.014544	-0.003903	-0.002489	-0.009621
Superscaffold5	29098298	29402545	0.484761	0.188935	0.116577	0.378085
Superscaffold5	29402582	29588487	0.807730	0.521202	0.343758	0.686127
Superscaffold5	29588536	29765208	0.659193	0.503103	0.274077	0.512913
Superscaffold5	29765222	29949943	0.019737	0.013300	0.007889	0.010327
Superscaffold5	29950023	30087761	0.292499	0.152405	0.103518	0.159459
Superscaffold5	30087782	30277745	-0.130875	-0.088672	-0.051579	-0.071405
Superscaffold5	30277792	30696627	-0.010582	-0.002887	-0.001912	-0.010188
Superscaffold5	30696628	31188776	-0.333285	-0.081716	-0.053041	-0.247683
Superscaffold5	31189688	31532578	0.295583	0.082677	0.055008	0.204721
Superscaffold5	31532579	31727359	-0.129967	-0.089604	-0.042928	-0.079701
Superscaffold5	31727365	32119342	-0.387186	-0.181729	-0.106888	-0.308675
Superscaffold5	32119343	32802193	-0.057606	-0.018584	-0.010204	-0.039705
Superscaffold5	32802292	33080105	0.070587	0.029013	0.019117	0.042594
Superscaffold5	33080448	33286364	0.133013	0.124486	0.074146	0.082131
Superscaffold5	33286442	33764200	-0.184229	-0.033915	-0.023127	-0.129194
Superscaffold5	33764651	34306475	-0.189192	-0.025063	-0.017954	-0.159437
Superscaffold5	34306482	34690153	-0.052215	-0.009899	-0.006790	-0.036249
Superscaffold5	34690237	35047129	0.014140	0.004134	0.002591	0.009082
Superscaffold5	35047244	35388605	0.021258	0.006572	0.004090	0.018182
Superscaffold5	35388611	35697950	-0.024277	-0.011921	-0.006080	-0.017912
Superscaffold5	35697985	36117096	-0.084543	-0.019082	-0.012640	-0.067669
Superscaffold5	36117097	36534369	0.291996	0.080391	0.045752	0.237829
Superscaffold5	36534390	36769017	0.266373	0.109579	0.070583	0.194382
Superscaffold5	36769044	37328610	-0.147044	-0.064197	-0.036337	-0.091365
Superscaffold5	37328687	37526065	0.004070	0.002051	0.001143	0.000263
Superscaffold5	37526132	37777452	0.099917	0.036156	0.020857	0.069547
Superscaffold5	37777469	38027563	-0.260810	-0.119232	-0.068544	-0.170407
Superscaffold5	38027606	38328661	-0.105569	-0.024806	-0.018108	-0.072237
Superscaffold5	38328677	38645874	0.256008	0.097560	0.060101	0.160405
Superscaffold5	38645959	39155708	0.090700	0.043260	0.027263	0.049624
Superscaffold5	39156346	39560889	0.095616	0.058249	0.037796	0.058730
Superscaffold5	39560908	40048669	0.152441	0.078227	0.044604	0.098415
Superscaffold5	40048773	40832783	-0.006581	-0.002183	-0.001423	-0.007397
Superscaffold5	40832818	41485188	-0.013683	-0.006603	-0.004028	-0.007516
Superscaffold5	41485195	42060765	-0.126770	-0.034714	-0.021823	-0.074792
Superscaffold5	42060772	42631339	-0.089869	-0.019890	-0.012269	-0.063143
Superscaffold5	42631471	43140910	0.069580	0.025349	0.016349	0.041171
Superscaffold5	43141030	43504609	-0.234225	-0.065974	-0.046221	-0.162593
Superscaffold5	43504627	43771257	0.060191	0.023163	0.014897	0.026304
Superscaffold5	43771258	43974126	-0.100443	-0.049697	-0.031751	-0.058225
Superscaffold5	43974164	44343396	-0.011577	-0.007130	-0.004399	-0.003365
Superscaffold5	44343409	44581147	0.224652	0.095957	0.067006	0.125273
Superscaffold5	44581496	44823516	0.194182	0.045313	0.032893	0.084982
Superscaffold5	44823549	45106900	-0.094591	-0.049401	-0.031489	-0.063897
Superscaffold5	45106938	45623143	0.254617	0.139830	0.078764	0.159929
Superscaffold5	45623147	45854746	-0.037467	-0.024456	-0.016640	-0.025789
Superscaffold5	45854792	46201323	-0.115816	-0.061891	-0.038890	-0.084331
Superscaffold5	46201330	46562740	-0.023628	-0.013221	-0.006634	-0.007099
Superscaffold5	46562773	46839426	-0.027499	-0.010941	-0.006730	-0.013231
Superscaffold5	46839429	47138591	-0.085532	-0.038901	-0.023851	-0.064152
Superscaffold5	47138605	47504688	0.062252	0.027756	0.014883	0.039763
Superscaffold5	47504759	47851568	-0.145501	-0.051666	-0.031961	-0.084175
Superscaffold5	47851710	48201891	0.181189	0.054873	0.033201	0.127370
Superscaffold5	48201991	48590239	0.196015	0.067324	0.039884	0.143890
Superscaffold5	48590269	49031559	-0.030284	-0.009898	-0.006081	-0.017914
Superscaffold5	49031651	49635021	-0.063530	-0.025947	-0.017460	-0.043359
Superscaffold5	49635023	50054977	-0.112260	-0.040594	-0.024876	-0.066490
Superscaffold5	50055036	50457765	-0.011495	-0.005100	-0.002843	-0.007737
Superscaffold5	50457850	50802348	0.008259	0.002363	0.001474	0.005637
Superscaffold5	50802404	51257239	-0.077854	-0.016474	-0.010546	-0.054076
Superscaffold5	51257373	51577273	-0.147964	-0.068838	-0.040134	-0.092875
Superscaffold5	51577337	51937868	0.008064	0.004069	0.002086	-0.002858
Superscaffold5	51938074	52219108	-0.052698	-0.037407	-0.018688	-0.030325
Superscaffold5	52219303	52503352	-0.141686	-0.058879	-0.036599	-0.090355
Superscaffold5	52503394	52744292	0.153619	0.063685	0.038320	0.087512
Superscaffold5	52744312	52942521	0.006100	0.002474	0.001784	0.001733
Superscaffold5	52942913	53212850	0.275406	0.106895	0.075612	0.193918
Superscaffold5	53213077	53715223	-0.005971	-0.001640	-0.001093	-0.001627
Superscaffold5	53715254	54323747	0.039817	0.011831	0.007649	0.024824
Superscaffold5	54323759	55117304	-0.225225	-0.092714	-0.060808	-0.121579
Superscaffold5	55119766	55729152	-0.135022	-0.068614	-0.039823	-0.075985
Superscaffold5	55729153	56008168	-0.311837	-0.144248	-0.077864	-0.210554
Superscaffold5	56008232	56230737	0.095231	0.060355	0.038121	0.062669
Superscaffold5	56230805	56498700	-0.233691	-0.183993	-0.099574	-0.158597
Superscaffold5	56498715	56782398	-0.595383	-0.496690	-0.225427	-0.504982
Superscaffold5	56782401	57137617	-0.052533	-0.025456	-0.014870	-0.027750
Superscaffold5	57137632	57426804	-0.199194	-0.175672	-0.079937	-0.133822
Superscaffold5	57426851	57750829	0.069907	0.026685	0.016060	0.042261
Superscaffold5	57750910	58148772	0.061901	0.021576	0.012760	0.038849
Superscaffold5	58148777	58715674	-0.108950	-0.025213	-0.017077	-0.078478
Superscaffold5	58715705	59049056	0.075870	0.024867	0.015168	0.056995
Superscaffold5	59049071	59486345	-0.147015	-0.038904	-0.023576	-0.109841
Superscaffold5	59486356	60080673	0.272408	0.071601	0.048134	0.185369
Superscaffold5	60080680	60646179	-0.020147	-0.005870	-0.003708	-0.017229
Superscaffold5	60646199	61325049	0.232251	0.050967	0.035774	0.180674
Superscaffold5	61325057	61638492	0.277067	0.112352	0.070134	0.175944
Superscaffold5	61639147	62078371	0.086442	0.028865	0.019177	0.058058
Superscaffold5	62078388	62413428	0.122916	0.037534	0.025924	0.089559
Superscaffold5	62413459	62826928	0.307399	0.088777	0.061325	0.198700
Superscaffold5	62826994	63259091	0.059431	0.016189	0.011048	0.036754
Superscaffold5	63259258	63605322	0.068460	0.022695	0.014306	0.042387
Superscaffold5	63605352	63822836	-0.054858	-0.030518	-0.018336	-0.035770
Superscaffold5	63822929	64170396	0.106039	0.070655	0.031039	0.061817
Superscaffold5	64170847	64767613	-0.262217	-0.107247	-0.062072	-0.175826
Superscaffold5	64767628	65104065	0.098658	0.041064	0.021180	0.066920
Superscaffold5	65104155	65576979	0.011164	0.003761	0.002293	0.014231
Superscaffold5	65577067	65998069	0.081159	0.032817	0.018250	0.065385
Superscaffold5	65998125	66347551	0.170119	0.055487	0.032224	0.115916
Superscaffold5	66347715	66768967	0.144803	0.036344	0.024155	0.088575
Superscaffold5	66769066	67186979	0.030825	0.009299	0.005899	0.019181
Superscaffold5	67187378	68091463	0.159659	0.057683	0.036199	0.092007
Superscaffold5	68093669	68717511	-0.186469	-0.071272	-0.044117	-0.110026
Superscaffold5	68720546	69742758	-0.078502	-0.026229	-0.017847	-0.041544
Superscaffold5	69742812	70065086	-0.128268	-0.081709	-0.047770	-0.070395
Superscaffold5	70065126	70710807	0.048006	0.030398	0.016914	0.022816
Superscaffold5	70710854	71266956	-0.117315	-0.050816	-0.031232	-0.071955
Superscaffold5	71267018	71546272	-0.245105	-0.144945	-0.081442	-0.156574
Superscaffold5	71546281	72263062	0.198543	0.078990	0.052321	0.128028
Superscaffold5	72263072	72617728	-0.285137	-0.209516	-0.112684	-0.192378
Superscaffold5	72626559	73047746	-0.047935	-0.031383	-0.015142	-0.028666
Superscaffold5	73047831	73277213	-0.122207	-0.070567	-0.041594	-0.077349
Superscaffold5	73277216	73594178	-0.132087	-0.080696	-0.043556	-0.072253
Superscaffold5	73594180	73831037	-0.078951	-0.047131	-0.029061	-0.054868
Superscaffold5	73831081	74148605	0.462324	0.241187	0.168401	0.288853
Superscaffold5	74148655	74546098	-0.180118	-0.066069	-0.039461	-0.124567
Superscaffold5	74547872	74945420	0.042512	0.014488	0.009190	0.026143
Superscaffold5	74945444	75477461	-0.468258	-0.245851	-0.142334	-0.332122
Superscaffold5	75477536	75723355	0.136157	0.114373	0.068589	0.095540
Superscaffold5	75723357	76054402	0.009912	0.003351	0.002332	0.003783
Superscaffold5	76054438	76275194	0.072992	0.030736	0.023094	0.040742
Superscaffold5	76275252	76587218	-0.028747	-0.014741	-0.008210	-0.014494
Superscaffold5	76587556	76756827	0.018518	0.011792	0.007640	0.010350
Superscaffold5	76756859	77092914	-0.088991	-0.062454	-0.033689	-0.054640
Superscaffold5	77093009	77271882	0.384611	0.224435	0.133639	0.235201
Superscaffold5	77271895	77641289	0.089952	0.039256	0.024730	0.051912
Superscaffold5	77641561	77906031	-0.045669	-0.020461	-0.012127	-0.027830
Superscaffold5	77906032	78120954	0.109158	0.057353	0.034257	0.081114
Superscaffold5	78120981	78319120	0.073396	0.039808	0.023345	0.042629
Superscaffold5	78319282	78693527	-0.126325	-0.050528	-0.030588	-0.099519
Superscaffold5	78693554	78966075	-0.030585	-0.010481	-0.007107	-0.024852
Superscaffold5	78966200	79207527	-0.315789	-0.254172	-0.121592	-0.208212
Superscaffold5	79207538	79472190	0.012358	0.009266	0.005632	0.005657
Superscaffold5	79472195	79855602	0.118797	0.086643	0.049552	0.064145
Superscaffold5	79855606	80051919	-0.100950	-0.108404	-0.055178	-0.056034
Superscaffold5	80051960	80294544	0.109645	0.052082	0.033501	0.058498
Superscaffold5	80294715	80587974	-0.211607	-0.138091	-0.082905	-0.125954
Superscaffold5	80598528	80928614	0.074204	0.049551	0.025548	0.038558
Superscaffold5	80928647	81242938	-0.041316	-0.034104	-0.017991	-0.023949
Superscaffold5	81242966	81528692	-0.073827	-0.076808	-0.037499	-0.035980
Superscaffold5	81528706	81782591	-0.017009	-0.016603	-0.009094	-0.012782
Superscaffold5	81782667	81964463	0.005871	0.006040	0.003260	0.005982
Superscaffold5	81964484	82308173	0.147635	0.097890	0.048645	0.075597
Superscaffold5	82308174	82457791	-0.089556	-0.054445	-0.036775	-0.038574
Superscaffold6	405858	757653	0.154495	0.048955	0.032091	0.081807
Superscaffold6	757769	1045370	-0.237212	-0.109035	-0.081797	-0.145150
Superscaffold6	1045371	1235910	0.109254	0.101614	0.061494	0.062296
Superscaffold6	1235965	1549611	-0.034301	-0.020602	-0.012628	-0.020628
Superscaffold6	1549640	1970437	0.090231	0.035576	0.021448	0.054908
Superscaffold6	1970441	2264600	-0.030155	-0.012200	-0.007907	-0.023473
Superscaffold6	2264817	2479646	0.305817	0.195909	0.121382	0.212631
Superscaffold6	2479934	2842017	0.066797	0.026487	0.016813	0.046657
Superscaffold6	2842580	3238502	0.168660	0.048414	0.029800	0.126005
Superscaffold6	3238869	3680226	-0.042241	-0.014054	-0.009124	-0.023985
Superscaffold6	3681249	4106580	-0.108615	-0.024503	-0.017475	-0.063807
Superscaffold6	4106631	4895519	-0.055011	-0.024727	-0.015076	-0.031743
Superscaffold6	4895645	5180116	0.005979	0.002332	0.001542	0.001834
Superscaffold6	5180145	5499335	-0.189153	-0.076196	-0.048390	-0.135007
Superscaffold6	5499490	5984099	-0.002455	-0.000853	-0.000522	0.002358
Superscaffold6	5984158	6461288	-0.010891	-0.003442	-0.002180	-0.006481
Superscaffold6	6461787	6801031	-0.049336	-0.014519	-0.009651	-0.032598
Superscaffold6	6801475	7038448	-0.371666	-0.152014	-0.104493	-0.233917
Superscaffold6	7038481	7492535	-0.253566	-0.071318	-0.049634	-0.162422
Superscaffold6	7492584	7980249	-0.015731	-0.004330	-0.002846	-0.010697
Superscaffold6	7980263	8258185	0.109866	0.046837	0.030252	0.058400
Superscaffold6	8258372	8555130	-0.052865	-0.019369	-0.013370	-0.025583
Superscaffold6	8556421	9059777	-0.060182	-0.017644	-0.011835	-0.040558
Superscaffold6	9059853	9394882	0.096179	0.056270	0.031548	0.064626
Superscaffold6	9395008	9728983	-0.003529	-0.001321	-0.000776	-0.000420
Superscaffold6	9729149	10038970	0.293371	0.082582	0.057008	0.188119
Superscaffold6	10038997	10539920	-0.264417	-0.058481	-0.037786	-0.187269
Superscaffold6	10542713	11352873	0.012692	0.003729	0.002453	0.010514
Superscaffold6	11353099	11822207	-0.203868	-0.050233	-0.032314	-0.148006
Superscaffold6	11822271	12397987	-0.035621	-0.007068	-0.004703	-0.020698
Superscaffold6	12398160	13132582	0.070051	0.012737	0.008591	0.047243
Superscaffold6	13132667	13746899	0.037344	0.010219	0.006025	0.031526
Superscaffold6	13747287	14218122	-0.080203	-0.020168	-0.013399	-0.050579
Superscaffold6	14220177	14567163	-0.118313	-0.044844	-0.023611	-0.068486
Superscaffold6	14567200	14957939	-0.188314	-0.051852	-0.031006	-0.128144
Superscaffold6	14958057	15504552	0.055715	0.012007	0.007973	0.034977
Superscaffold6	15504604	15869797	-0.210019	-0.055813	-0.032919	-0.152621
Superscaffold6	15869818	16194985	0.101598	0.037675	0.024634	0.078421
Superscaffold6	16194987	16500360	0.081813	0.025174	0.016017	0.065836
Superscaffold6	16500382	17036810	-0.425688	-0.118054	-0.067357	-0.362196
Superscaffold6	17036904	17469512	0.017687	0.004888	0.002952	0.010472
Superscaffold6	17469585	17867903	-0.173928	-0.038157	-0.023867	-0.140897
Superscaffold6	17867914	18412245	0.116286	0.038319	0.025199	0.086644
Superscaffold6	18412439	18703965	0.078699	0.022131	0.015162	0.057855
Superscaffold6	18704009	19102843	0.163107	0.057425	0.035050	0.129340
Superscaffold6	19102874	19476670	0.284140	0.090561	0.051318	0.226484
Superscaffold6	19476737	19860276	-0.032115	-0.011004	-0.006346	-0.021817
Superscaffold6	19860286	20296480	-0.404934	-0.155030	-0.087418	-0.309072
Superscaffold6	20296589	20659531	0.095481	0.024626	0.017487	0.067021
Superscaffold6	20659657	21074439	-0.206448	-0.049662	-0.033374	-0.146084
Superscaffold6	21074443	21716719	-0.057272	-0.007875	-0.005018	-0.038878
Superscaffold6	21716739	22348520	0.053069	0.009893	0.006765	0.042203
Superscaffold6	22348564	22745434	0.333699	0.065034	0.040788	0.285777
Superscaffold6	22745480	23266483	0.024884	0.006046	0.003831	0.015409
Superscaffold6	23266511	23674236	-0.103256	-0.051218	-0.027518	-0.062571
Superscaffold6	23674237	24216555	0.426520	0.192711	0.105698	0.326616
Superscaffold6	24216580	24576110	0.432604	0.209597	0.130876	0.316276
Superscaffold6	24576221	25285097	-0.474908	-0.109755	-0.069152	-0.365500
Superscaffold6	25286297	25535315	0.254620	0.115278	0.074663	0.156284
Superscaffold6	25535366	26037904	0.129419	0.024122	0.016390	0.104898
Superscaffold6	26037916	26514167	0.168573	0.029262	0.021789	0.129506
Superscaffold6	26514188	26893515	0.173143	0.042219	0.030444	0.126262
Superscaffold6	26893745	27313362	0.180851	0.038469	0.026290	0.129899
Superscaffold6	27313395	27828615	0.064903	0.011580	0.007627	0.048003
Superscaffold6	27828620	28341699	-0.248337	-0.085022	-0.047843	-0.192490
Superscaffold6	28342622	28765066	-0.069885	-0.013902	-0.009318	-0.047571
Superscaffold6	28765254	29199663	-0.204069	-0.051132	-0.032668	-0.144593
Superscaffold6	29199673	29808967	-0.120540	-0.025568	-0.017096	-0.083394
Superscaffold6	29809138	30430150	0.049654	0.014199	0.008604	0.036403
Superscaffold6	30430242	31205126	0.122222	0.023821	0.016445	0.072985
Superscaffold6	31205239	31553618	0.093057	0.023766	0.016101	0.060283
Superscaffold6	31553790	31919311	0.027150	0.010241	0.006530	0.017139
Superscaffold6	31919316	32219229	0.107765	0.028625	0.020547	0.077974
Superscaffold6	32219252	32641476	-0.375032	-0.090520	-0.061218	-0.307417
Superscaffold6	32641482	32917288	-0.091270	-0.041462	-0.025211	-0.062109
Superscaffold6	32917327	33684399	0.319961	0.081243	0.050514	0.143874
Superscaffold6	33684441	34252206	-0.328612	-0.061612	-0.042365	-0.251948
Superscaffold6	34252445	34851913	-0.012993	-0.004538	-0.002554	-0.005614
Superscaffold6	34852046	35437564	-0.057154	-0.013940	-0.009099	-0.031234
Superscaffold6	35437694	35842061	0.356690	0.140075	0.082392	0.228786
Superscaffold6	35842129	36144492	-0.085904	-0.022031	-0.013411	-0.050587
Superscaffold6	36144655	36552026	-0.080759	-0.020484	-0.012950	-0.056052
Superscaffold6	36552046	36923434	-0.108799	-0.030654	-0.018539	-0.079419
Superscaffold6	36923453	37378590	-0.157160	-0.042162	-0.025215	-0.112111
Superscaffold6	37378643	37854032	0.496644	0.156963	0.115282	0.389386
Superscaffold6	37854162	38218768	0.086985	0.034848	0.018198	0.060355
Superscaffold6	38218777	38624170	0.013061	0.003885	0.002519	0.010958
Superscaffold6	38624532	39082628	-0.197411	-0.043234	-0.027972	-0.152246
Superscaffold6	39082644	39514863	-0.134909	-0.032473	-0.022131	-0.083958
Superscaffold6	39514884	39831910	-0.060782	-0.019689	-0.011895	-0.038591
Superscaffold6	39831912	40259442	0.079001	0.017942	0.012247	0.055635
Superscaffold6	40259789	40844406	-0.103125	-0.031261	-0.019677	-0.072270
Superscaffold6	40844486	41214067	-0.011374	-0.005277	-0.003331	-0.009124
Superscaffold6	41214754	41613876	-0.066789	-0.015277	-0.010248	-0.044846
Superscaffold6	41614031	41996250	-0.485185	-0.173245	-0.099558	-0.390915
Superscaffold6	41996310	42307267	0.040763	0.027089	0.016047	0.021885
Superscaffold6	42307317	42670788	0.069508	0.030803	0.018104	0.039440
Superscaffold6	42670821	42888632	0.309556	0.169559	0.108135	0.203014
Superscaffold6	42889512	43317709	0.142330	0.046783	0.031065	0.083667
Superscaffold6	43317826	43766408	-0.075363	-0.017989	-0.012680	-0.048434
Superscaffold6	43767632	44150932	-0.253834	-0.077611	-0.046626	-0.188549
Superscaffold6	44150962	44507090	0.013436	0.004944	0.002894	0.004739
Superscaffold6	44507502	44933521	-0.224326	-0.062156	-0.041042	-0.163769
Superscaffold6	44933550	45459766	-0.055969	-0.011136	-0.007785	-0.040779
Superscaffold6	45459782	45780134	-0.131774	-0.042127	-0.028549	-0.078481
Superscaffold6	45780144	45994106	0.065034	0.034068	0.022268	0.040885
Superscaffold6	45994136	46311892	-0.113189	-0.068061	-0.040990	-0.062857
Superscaffold6	46312058	46508087	-0.040417	-0.027729	-0.017927	-0.021605
Superscaffold6	46508110	46974048	0.073320	0.024337	0.016424	0.042049
Superscaffold6	46974243	47369213	-0.316649	-0.137766	-0.081209	-0.207786
Superscaffold6	47372739	47977235	0.020765	0.005157	0.003558	0.012067
Superscaffold6	47977251	48811604	-0.122330	-0.034734	-0.021270	-0.068913
Superscaffold6	48811654	49041753	0.135666	0.062434	0.039620	0.090098
Superscaffold6	49041943	49349809	-0.252226	-0.137279	-0.072469	-0.172193
Superscaffold6	49349876	49522934	0.051475	0.032178	0.018143	0.024492
Superscaffold6	49523051	49933043	0.068753	0.021313	0.012502	0.045719
Superscaffold6	49933576	50271630	-0.006661	-0.002155	-0.001390	0.001355
Superscaffold6	50271814	50625911	-0.131679	-0.047923	-0.029320	-0.083433
Superscaffold6	50625916	50974429	0.130848	0.050415	0.031492	0.085855
Superscaffold6	50974468	51309014	0.086230	0.042187	0.025871	0.053724
Superscaffold6	51309022	51947978	0.006058	0.002607	0.001571	-0.002278
Superscaffold6	51948014	52267805	0.018491	0.007016	0.004577	0.015509
Superscaffold6	52267836	52579898	-0.118015	-0.069433	-0.045385	-0.073807
Superscaffold6	52579926	52840655	-0.075484	-0.058065	-0.033152	-0.042353
Superscaffold6	52840685	53175409	-0.116165	-0.046369	-0.029536	-0.069613
Superscaffold7	21720	369576	-0.108069	-0.071094	-0.046101	-0.057828
Superscaffold7	369766	606275	-0.154759	-0.112330	-0.062552	-0.073441
Superscaffold7	606309	948763	-0.055490	-0.058437	-0.030909	-0.030600
Superscaffold7	948781	1107424	0.044039	0.053697	0.032375	0.023923
Superscaffold7	1107443	1284497	0.112248	0.085682	0.052644	0.071248
Superscaffold7	1284519	1485455	0.049786	0.045263	0.024802	0.025985
Superscaffold7	1485659	1644109	0.048754	0.048421	0.030348	0.024232
Superscaffold7	1644111	1835564	-0.159925	-0.127088	-0.073964	-0.100184
Superscaffold7	1835571	2202501	0.014719	0.010488	0.006031	0.009543
Superscaffold7	2203040	2751067	0.173843	0.124500	0.081667	0.085504
Superscaffold7	2751134	2994456	0.125479	0.070298	0.050345	0.073668
Superscaffold7	2994492	3450866	-0.130298	-0.046041	-0.030701	-0.074732
Superscaffold7	3451025	3744256	0.022383	0.013978	0.008992	0.011342
Superscaffold7	3744266	4100926	0.079926	0.039570	0.027237	0.031657
Superscaffold7	4101033	4403527	-0.046604	-0.037553	-0.023264	-0.023469
Superscaffold7	4403675	4587930	-0.025491	-0.021634	-0.011296	-0.010291
Superscaffold7	4587941	4838353	0.036677	0.019706	0.012991	0.020865
Superscaffold7	4838363	5078787	-0.038947	-0.022612	-0.015723	-0.018575
Superscaffold7	5078823	5250325	0.025231	0.026961	0.015576	0.014862
Superscaffold7	5250327	5376613	-0.053549	-0.071868	-0.038292	-0.026216
Superscaffold7	5376628	5582711	0.024112	0.025614	0.013175	0.014335
Superscaffold7	5582729	5721684	0.107914	0.102932	0.057335	0.065878
Superscaffold7	5721709	5942361	0.005776	0.004218	0.002847	0.000094
Superscaffold7	5942404	6061657	-0.046567	-0.028463	-0.020164	-0.023774
Superscaffold7	6061752	6198425	0.030681	0.034620	0.018688	0.016433
Superscaffold7	6198627	6526434	0.084230	0.062821	0.040016	0.045707
Superscaffold7	6526492	7134092	0.170097	0.111726	0.072360	0.094586
Superscaffold7	7134219	7400127	0.022907	0.014841	0.009789	0.011113
Superscaffold7	7400152	7550967	-0.083152	-0.080879	-0.044916	-0.045695
Superscaffold7	7551097	7801307	0.256071	0.187350	0.117390	0.141564
Superscaffold7	7801355	7963329	-0.000700	-0.000633	-0.000354	-0.000321
Superscaffold7	7963359	8223245	0.050199	0.035773	0.021527	0.035367
Superscaffold7	8223279	8377580	0.221454	0.180769	0.109843	0.172139
Superscaffold7	8377606	8601783	0.183651	0.092144	0.063574	0.124404
Superscaffold7	8601835	9084978	0.391924	0.126563	0.095904	0.298351
Superscaffold7	9085003	9362541	-0.049041	-0.020739	-0.012585	-0.023758
Superscaffold7	9362586	10096535	-0.029663	-0.006377	-0.004696	-0.018979
Superscaffold7	10096688	10316908	0.218843	0.072067	0.050442	0.140655
Superscaffold7	10316920	10518427	0.019867	0.007547	0.005115	0.014034
Superscaffold7	10518465	10839769	-0.194153	-0.140365	-0.072240	-0.115888
Superscaffold7	10839800	11123551	-0.072782	-0.038216	-0.022336	-0.035476
Superscaffold7	11123555	11409740	-0.006899	-0.002788	-0.001776	0.007317
Superscaffold7	11409935	11740031	-0.314918	-0.097945	-0.063479	-0.229003
Superscaffold7	11740049	11925207	-0.030335	-0.019314	-0.011373	-0.019491
Superscaffold7	11925219	12273336	0.034565	0.013572	0.008220	0.019515
Superscaffold7	12273962	12668163	-0.076036	-0.022937	-0.015584	-0.043870
Superscaffold7	12668237	13186986	0.039874	0.010268	0.006740	0.025441
Superscaffold7	13187012	13906313	-0.089897	-0.033842	-0.022700	-0.062949
Superscaffold7	13906326	14358450	0.007968	0.003007	0.002006	0.003976
Superscaffold7	14358980	14725358	0.095669	0.034031	0.020260	0.063171
Superscaffold7	14725538	15017559	-0.424842	-0.194165	-0.110426	-0.331035
Superscaffold7	15017644	15588365	-0.187881	-0.057832	-0.031870	-0.145646
Superscaffold7	15588369	16132085	-0.034816	-0.014254	-0.008304	-0.020389
Superscaffold7	16132196	16582116	0.311328	0.084034	0.061960	0.198761
Superscaffold7	16582226	17099311	-0.091057	-0.023220	-0.015817	-0.062433
Superscaffold7	17099312	17508586	-0.221640	-0.044288	-0.029960	-0.182957
Superscaffold7	17508623	18111415	0.119524	0.014251	0.010571	0.090445
Superscaffold7	18111435	18883176	-0.324433	-0.048261	-0.030513	-0.245823
Superscaffold7	18883215	19520381	-0.085481	-0.008672	-0.006626	-0.066502
Superscaffold7	19520382	20104488	0.107818	0.014799	0.010724	0.089708
Superscaffold7	20104520	20499717	0.225156	0.040238	0.030666	0.181738
Superscaffold7	20499726	21041420	0.211688	0.040074	0.025839	0.154291
Superscaffold7	21041532	21461285	-0.069310	-0.013011	-0.008213	-0.044427
Superscaffold7	21461411	21734646	-0.267614	-0.083392	-0.047432	-0.204298
Superscaffold7	21734697	22259685	-0.263889	-0.090057	-0.052569	-0.189536
Superscaffold7	22259781	22797177	-0.042907	-0.014092	-0.008618	-0.029522
Superscaffold7	22797211	23078874	0.251615	0.072788	0.044662	0.170285
Superscaffold7	23078896	23506643	0.011500	0.002497	0.001449	0.006811
Superscaffold7	23506764	23848426	-0.164261	-0.044202	-0.030140	-0.110347
Superscaffold7	23848579	24211574	-0.343368	-0.138533	-0.082475	-0.224190
Superscaffold7	24211597	24453721	-0.029986	-0.013301	-0.008309	-0.020199
Superscaffold7	24453749	24722227	0.030700	0.008969	0.005774	0.022436
Superscaffold7	24722333	24867660	0.018949	0.018455	0.008779	0.012146
Superscaffold7	24867693	25205390	-0.054157	-0.045781	-0.024837	-0.022214
Superscaffold7	25205567	25460949	-0.114846	-0.067796	-0.037130	-0.070465
Superscaffold7	25460968	25682998	-0.186377	-0.111773	-0.062069	-0.134251
Superscaffold7	25683080	26019149	-0.176720	-0.056934	-0.035745	-0.128652
Superscaffold7	26019207	26655918	-0.236261	-0.106954	-0.061640	-0.170331
Superscaffold7	26655980	26970180	0.109402	0.039765	0.021817	0.075472
Superscaffold7	26970385	27241620	-0.088705	-0.048686	-0.025917	-0.051317
Superscaffold7	27241728	27433246	-0.025998	-0.014525	-0.009221	-0.015317
Superscaffold7	27433284	27767316	-0.156915	-0.065914	-0.037431	-0.101367
Superscaffold7	27767327	28086616	-0.029017	-0.009304	-0.005840	-0.017515
Superscaffold7	28086619	28347701	-0.035905	-0.010121	-0.006471	-0.022258
Superscaffold7	28347718	28704192	-0.023197	-0.005998	-0.004111	-0.018038
Superscaffold7	28704222	29052881	0.039307	0.016254	0.010044	0.029192
Superscaffold7	29052942	29427966	-0.267703	-0.099145	-0.059169	-0.185502
Superscaffold7	29427971	29728242	-0.355862	-0.208764	-0.107226	-0.226108
Superscaffold7	29728473	29939333	-0.349853	-0.216739	-0.125687	-0.213569
Superscaffold7	29939433	30256992	-0.269101	-0.098875	-0.062282	-0.187449
Superscaffold7	30256996	30592893	-0.087297	-0.039762	-0.025479	-0.054753
Superscaffold7	30593496	30934053	-0.092749	-0.036649	-0.020676	-0.062112
Superscaffold7	30934131	31579333	-0.195151	-0.057715	-0.036995	-0.138998
Superscaffold7	31579359	31920006	0.216327	0.087826	0.048698	0.113989
Superscaffold7	31920046	32163858	-0.284251	-0.130337	-0.067731	-0.214954
Superscaffold7	32163896	32597153	0.138993	0.030261	0.018019	0.088711
Superscaffold7	32598421	33000916	-0.048933	-0.015991	-0.009005	-0.028246
Superscaffold7	33000978	33346607	0.135489	0.037845	0.024907	0.090084
Superscaffold7	33346738	33619198	-0.139525	-0.083060	-0.048552	-0.076261
Superscaffold7	33619340	33864031	-0.090841	-0.057242	-0.036560	-0.052262
Superscaffold7	33864448	34224438	0.050311	0.018757	0.011276	0.028244
Superscaffold7	34224443	34583043	0.074028	0.026097	0.018024	0.046045
Superscaffold7	34583073	34773301	-0.006441	-0.004022	-0.002321	-0.002559
Superscaffold7	34773495	35102456	0.017212	0.006675	0.004482	0.011577
Superscaffold7	35102481	35561839	-0.358525	-0.190140	-0.116921	-0.241337
Superscaffold7	35561900	35904852	-0.250395	-0.075545	-0.047864	-0.190862
Superscaffold7	35904930	36185938	0.365494	0.137091	0.086502	0.281676
Superscaffold7	36186008	36620859	0.101490	0.024900	0.017262	0.071620
Superscaffold7	36620916	37164254	-0.048237	-0.010283	-0.007292	-0.026371
Superscaffold7	37164259	37457899	-0.082554	-0.032689	-0.021493	-0.061076
Superscaffold7	37457943	37768702	-0.096935	-0.035560	-0.020449	-0.080601
Superscaffold7	37768726	38211698	-0.170175	-0.055044	-0.033850	-0.135911
Superscaffold7	38211700	38621562	-0.052328	-0.014962	-0.010139	-0.036559
Superscaffold7	38622623	38981376	0.131539	0.041319	0.027961	0.089542
Superscaffold7	38981411	39228288	-0.064726	-0.030980	-0.020359	-0.025762
Superscaffold7	39228300	39641215	-0.254341	-0.072038	-0.049078	-0.182099
Superscaffold7	39641278	40151964	-0.064321	-0.026114	-0.016564	-0.032332
Superscaffold7	40152127	40623103	-0.064969	-0.013861	-0.008916	-0.040222
Superscaffold7	40623114	41268078	-0.112054	-0.035686	-0.021201	-0.075555
Superscaffold7	41268091	41669608	-0.084970	-0.028908	-0.019313	-0.046417
Superscaffold7	41669609	41954723	-0.311570	-0.148340	-0.087368	-0.194919
Superscaffold7	41954737	42274303	-0.062096	-0.018067	-0.012632	-0.035860
Superscaffold7	42274305	42488226	0.173910	0.092024	0.061355	0.093424
Superscaffold7	42489145	42978564	-0.195153	-0.076559	-0.049457	-0.097212
Superscaffold7	42978585	43320868	0.016824	0.007418	0.004813	0.010276
Superscaffold7	43321014	43813131	-0.120669	-0.043922	-0.028402	-0.066537
Superscaffold7	43813321	44080405	-0.246973	-0.107683	-0.071169	-0.168318
Superscaffold7	44080409	44324607	-0.143154	-0.068959	-0.047533	-0.088725
Superscaffold7	44324608	44578946	-0.269059	-0.093948	-0.067685	-0.156140
Superscaffold7	44578959	44931154	0.017693	0.006008	0.004447	0.009218
Superscaffold7	44931156	45130636	-0.073627	-0.061400	-0.032241	-0.039779
Superscaffold7	45130642	45353520	-0.008626	-0.005679	-0.003606	-0.003894
Superscaffold7	45353528	45664104	0.123378	0.059147	0.040410	0.072931
Superscaffold7	45664149	45950761	0.282968	0.127410	0.091976	0.174109
Superscaffold7	45950764	46276745	-0.054771	-0.019953	-0.014565	-0.040278
Superscaffold7	46276747	46545265	-0.230819	-0.070503	-0.048798	-0.131547
Superscaffold7	46545390	47018912	-0.008258	-0.004596	-0.002913	-0.003930
Superscaffold7	47018943	47977232	-0.004294	-0.001314	-0.000911	-0.006762
Superscaffold7	47977367	48229257	-0.178502	-0.085002	-0.050270	-0.119433
Superscaffold7	48229258	48426641	-0.223914	-0.139595	-0.076627	-0.152502
Superscaffold7	48426787	48921586	-0.086166	-0.028905	-0.015931	-0.065397
Superscaffold7	48921601	49368658	-0.200034	-0.048041	-0.032135	-0.135434
Superscaffold8	67055	444933	-0.150258	-0.045092	-0.029444	-0.106257
Superscaffold8	444943	846826	-0.586165	-0.462982	-0.214377	-0.461928
Superscaffold8	846866	1053136	-0.052745	-0.035441	-0.019026	-0.023011
Superscaffold8	1053209	1317856	-0.189062	-0.118707	-0.063329	-0.112786
Superscaffold8	1317872	1733649	-0.619774	-0.703932	-0.314811	-0.482489
Superscaffold8	1734207	2057323	-0.473833	-0.632349	-0.258494	-0.327449
Superscaffold8	2057345	2233911	-0.109619	-0.106753	-0.057033	-0.066959
Superscaffold8	2233966	2439760	-0.156730	-0.132080	-0.078679	-0.089570
Superscaffold8	2439769	2599568	-0.039714	-0.031928	-0.019699	-0.029237
Superscaffold8	2599570	3142869	-0.001542	-0.001134	-0.000619	0.000692
Superscaffold8	3143048	3422663	-0.012690	-0.012441	-0.006843	-0.006728
Superscaffold8	3422709	3724292	0.060640	0.042453	0.023457	0.038848
Superscaffold8	3724294	3967016	-0.025283	-0.010823	-0.007436	-0.012534
Superscaffold8	3967018	4247445	-0.166979	-0.078491	-0.047410	-0.088102
Superscaffold8	4247450	4703479	-0.100304	-0.034518	-0.021634	-0.061004
Superscaffold8	4703483	5071584	0.019363	0.013649	0.008025	0.010204
Superscaffold8	5071647	5407422	-0.157713	-0.086436	-0.054993	-0.078556
Superscaffold8	5407512	5801446	0.052196	0.022636	0.016010	0.029067
Superscaffold8	5801460	6078256	0.190049	0.161558	0.097035	0.101727
Superscaffold8	6078443	6526450	0.187939	0.150380	0.098167	0.142572
Superscaffold8	6526453	6714950	-0.077235	-0.064445	-0.038145	-0.047293
Superscaffold8	6716283	7022110	0.048054	0.021182	0.014893	0.025884
Superscaffold8	7022116	7193917	-0.169701	-0.179523	-0.091550	-0.092538
Superscaffold8	7194036	7577795	0.073711	0.033253	0.021603	0.039519
Superscaffold8	7578008	7964352	0.070730	0.024372	0.015383	0.044770
Superscaffold8	7964375	8704416	-0.008075	-0.003088	-0.001860	-0.003491
Superscaffold8	8704537	9074031	-0.052010	-0.016668	-0.010915	-0.032300
Superscaffold8	9074060	9361967	-0.407201	-0.270905	-0.119961	-0.268782
Superscaffold8	9362343	9838337	-0.080093	-0.037450	-0.023626	-0.067150
Superscaffold8	9838418	10302830	0.211275	0.089636	0.056900	0.130131
Superscaffold8	10302858	10664101	-0.241181	-0.064794	-0.038909	-0.159693
Superscaffold8	10664126	10929130	-0.112310	-0.056686	-0.034499	-0.068130
Superscaffold8	10929250	11097919	0.070474	0.062973	0.035878	0.037134
Superscaffold8	11097996	11284900	-0.065090	-0.067301	-0.033498	-0.035060
Superscaffold8	11284933	11479045	-0.382839	-0.380535	-0.165164	-0.241283
Superscaffold8	11479082	11773158	-0.028177	-0.015672	-0.010277	-0.012582
Superscaffold8	11773205	11987869	-0.114078	-0.047295	-0.031918	-0.047438
Superscaffold8	11987921	12288888	0.031021	0.020687	0.012829	0.015337
Superscaffold8	12288930	12477270	-0.029732	-0.026502	-0.015184	-0.020054
Superscaffold8	12477280	12673681	0.006897	0.005936	0.003511	0.003526
Superscaffold8	12673682	12908157	0.188495	0.123872	0.066481	0.109611
Superscaffold8	12908185	13285877	-0.199022	-0.125074	-0.072384	-0.122582
Superscaffold8	13285970	13577543	-0.014345	-0.007014	-0.003715	-0.005069
Superscaffold8	13577741	13829256	0.344061	0.118627	0.078373	0.229682
Superscaffold8	13829324	14081510	-0.492427	-0.228183	-0.137772	-0.366490
Superscaffold8	14081527	14388709	0.469340	0.155467	0.115114	0.370991
Superscaffold8	14388716	14870621	0.245925	0.116648	0.063853	0.149257
Superscaffold8	14870640	15167270	0.228513	0.097811	0.065255	0.169432
Superscaffold8	15167386	15387179	0.128214	0.062309	0.034093	0.101034
Superscaffold8	15387181	15631952	-0.079753	-0.056901	-0.028241	-0.048343
Superscaffold8	15632010	15978130	-0.048910	-0.035607	-0.021109	-0.028740
Superscaffold8	15978197	16366347	0.092442	0.043977	0.028234	0.063643
Superscaffold8	16366349	16764660	-0.284957	-0.081551	-0.047375	-0.199641
Superscaffold8	16764814	16936105	0.141362	0.068691	0.043044	0.107261
Superscaffold8	16936186	17123773	-0.234697	-0.098200	-0.058037	-0.187010
Superscaffold8	17123782	17281149	-0.125286	-0.103256	-0.042840	-0.129200
Superscaffold8	17281167	17537485	-0.065179	-0.049433	-0.026178	-0.036717
Superscaffold8	17537501	17917538	0.099375	0.072997	0.044454	0.062629
Superscaffold8	17917542	18087493	-0.286807	-0.163179	-0.090867	-0.161619
Superscaffold8	18087545	18377417	0.209292	0.065957	0.046799	0.113852
Superscaffold8	18377426	18746874	0.258774	0.090918	0.058993	0.167773
Superscaffold8	18746920	19086565	-0.317673	-0.121668	-0.068322	-0.237447
Superscaffold8	19086595	19279746	-0.054141	-0.030131	-0.018114	-0.029812
Superscaffold8	19279754	19669173	0.100089	0.037860	0.022317	0.061058
Superscaffold8	19669175	19926172	0.169196	0.115192	0.065764	0.108467
Superscaffold8	19926186	20206473	0.204987	0.081033	0.048057	0.148313
Superscaffold8	20206858	20495247	0.321524	0.123427	0.079926	0.212995
Superscaffold8	20495407	20811206	0.259030	0.075117	0.051399	0.159863
Superscaffold8	20811214	21270280	0.036208	0.008556	0.005680	0.017833
Superscaffold8	21270335	21597098	-0.109845	-0.026628	-0.017531	-0.076332
Superscaffold8	21597185	21927258	-0.281368	-0.063090	-0.040597	-0.241066
Superscaffold8	21927291	22286476	0.144099	0.031612	0.020179	0.109868
Superscaffold8	22286486	22737304	-0.145809	-0.026686	-0.017123	-0.124049
Superscaffold8	22737437	23245565	0.282087	0.048394	0.032210	0.230141
Superscaffold8	23245704	23746596	0.001246	0.000207	0.000130	0.001278
Superscaffold8	23746618	24725503	0.082045	0.010880	0.007639	0.060544
Superscaffold8	24725590	24895516	-0.133026	-0.061524	-0.036997	-0.070505
Superscaffold8	24895524	25483613	-0.019394	-0.003973	-0.002444	-0.017431
Superscaffold8	25483628	26041464	-0.403342	-0.147916	-0.088998	-0.330023
Superscaffold8	26042625	26350005	-0.186831	-0.066475	-0.041750	-0.133013
Superscaffold8	26350052	26884534	0.146073	0.027962	0.019921	0.099241
Superscaffold8	26884558	27387585	0.117050	0.028100	0.018520	0.090797
Superscaffold8	27387590	27730207	0.233344	0.067749	0.044179	0.145455
Superscaffold8	27730342	28122491	-0.021682	-0.004797	-0.003088	-0.014072
Superscaffold8	28122689	28906735	0.233202	0.047890	0.033429	0.175407
Superscaffold8	28907189	29305028	-0.440492	-0.118171	-0.070165	-0.324230
Superscaffold8	29305138	29821332	-0.237697	-0.045278	-0.030421	-0.123312
Superscaffold8	29821344	30141732	0.253611	0.064025	0.047327	0.176734
Superscaffold8	30141733	30444758	-0.200329	-0.065995	-0.044885	-0.142187
Superscaffold8	30444816	30777937	-0.506473	-0.159916	-0.096765	-0.401488
Superscaffold8	30779928	31224256	-0.172431	-0.036613	-0.023315	-0.108746
Superscaffold8	31224460	31623453	0.163007	0.039567	0.024847	0.119097
Superscaffold8	31623837	32112393	0.007904	0.002595	0.001634	0.004695
Superscaffold8	32112481	32387273	-0.000756	-0.000286	-0.000206	-0.001010
Superscaffold8	32387303	32865316	-0.280574	-0.157401	-0.095315	-0.207746
Superscaffold8	32865340	33240549	-0.873547	-1.883832	-0.501825	-0.784227
Superscaffold8	33240572	33577556	-0.440949	-0.284407	-0.157058	-0.282278
Superscaffold8	33577620	33773308	-0.554297	-0.176046	-0.128255	-0.307206
Superscaffold8	33773345	34132170	0.044804	0.013192	0.008815	0.036353
Superscaffold8	34132455	34430550	-0.051948	-0.017131	-0.012255	-0.031563
Superscaffold8	34431728	34735844	0.115719	0.036719	0.023863	0.082676
Superscaffold8	34735849	35191070	-0.026700	-0.006807	-0.004440	-0.020928
Superscaffold8	35191125	35584420	0.167243	0.056620	0.035783	0.118542
Superscaffold8	35584600	36081710	0.001521	0.000436	0.000266	-0.001653
Superscaffold8	36081715	36557367	-0.062998	-0.024221	-0.016719	-0.039604
Superscaffold8	36557639	36902463	-0.224022	-0.068816	-0.045014	-0.134140
Superscaffold8	36902464	37646870	-0.011329	-0.002476	-0.001945	-0.003111
Superscaffold8	37646895	37969529	-0.159039	-0.061658	-0.040796	-0.091999
Superscaffold8	37969566	38309659	-0.157291	-0.072914	-0.048512	-0.110196
Superscaffold8	38309931	38614581	-0.006984	-0.002104	-0.001613	0.001038
Superscaffold8	38614692	39053758	-0.166928	-0.059567	-0.037968	-0.100256
Superscaffold8	39053842	39332202	-0.011814	-0.006807	-0.003807	-0.009865
Superscaffold8	39333134	39877908	-0.031016	-0.011959	-0.007461	-0.015563
Superscaffold8	39878014	40312640	0.048907	0.016507	0.010488	0.033106
Superscaffold8	40312715	40617009	-0.188347	-0.056664	-0.039635	-0.125221
Superscaffold8	40617022	40923390	0.199483	0.101631	0.053618	0.137765
Superscaffold8	40923393	41156278	-0.033608	-0.027804	-0.015068	-0.020095
Superscaffold8	41156319	41502982	0.390453	0.163205	0.105877	0.230698
Superscaffold8	41502991	41696484	0.182648	0.090813	0.061499	0.127248
Superscaffold8	41696494	42370141	0.210643	0.103283	0.059114	0.137191
Superscaffold8	42371201	43038885	0.081531	0.042285	0.024722	0.055793
Superscaffold8	43039041	43300165	-0.052342	-0.031268	-0.016609	-0.031619
Superscaffold8	43300203	43714115	-0.100235	-0.047758	-0.029870	-0.063721
Superscaffold8	43714145	43991607	-0.031976	-0.014397	-0.009441	-0.022369
Superscaffold8	43991726	44408426	0.050113	0.024977	0.014828	0.025441
Superscaffold8	44408525	44858376	-0.260836	-0.106658	-0.060364	-0.137579
Superscaffold8	44858838	45623292	-0.209758	-0.054371	-0.034040	-0.155659
Superscaffold8	45623349	46087025	0.066627	0.014041	0.009146	0.040991
Superscaffold8	46087158	46563569	0.175862	0.039674	0.027208	0.138617
Superscaffold8	46563630	47172130	0.065888	0.017021	0.010559	0.045773
Superscaffold8	47173187	47947796	-0.266064	-0.062549	-0.041214	-0.187524
Superscaffold8	47947974	48380383	-0.180493	-0.053454	-0.031204	-0.129858
Superscaffold8	48380390	48846193	-0.325791	-0.112391	-0.071353	-0.251910
Superscaffold8	48846253	49224856	-0.085008	-0.023092	-0.015022	-0.056437
Superscaffold8	49225097	49645482	-0.087993	-0.021485	-0.015551	-0.055148
Superscaffold8	49645483	50275597	-0.024746	-0.005914	-0.003901	-0.017777
Superscaffold8	50276660	50764457	-0.225928	-0.080184	-0.047497	-0.147198
Superscaffold8	50765268	51262787	-0.159150	-0.041863	-0.026727	-0.102438
Superscaffold8	51262992	51620675	-0.365991	-0.106637	-0.063892	-0.257123
Superscaffold8	51622584	51944116	-0.137481	-0.027436	-0.019030	-0.085240
Superscaffold8	51944287	52271940	-0.172881	-0.059328	-0.034092	-0.109376
Superscaffold8	52272060	52597737	-0.242346	-0.081120	-0.052207	-0.143467
Superscaffold8	52597782	53327347	-0.112752	-0.040713	-0.024793	-0.071968
Superscaffold8	53332002	53792003	0.026233	0.009116	0.006173	0.015707
Superscaffold8	53792037	54249240	-0.082223	-0.031822	-0.015896	-0.056140
Superscaffold8	54249289	54560344	0.114555	0.046173	0.026081	0.063599
Superscaffold8	54560360	54991425	-0.106962	-0.026220	-0.017531	-0.053657
Superscaffold8	54991649	55524774	-0.135789	-0.046313	-0.027235	-0.094777
Superscaffold8	55524809	55946500	-0.033334	-0.008903	-0.005389	-0.013810
Superscaffold8	55946602	56426744	0.179809	0.056320	0.035715	0.107529
Superscaffold8	56426851	57269683	-0.063873	-0.017021	-0.010700	-0.035796
Superscaffold8	57270131	57715586	0.095395	0.022306	0.014288	0.062564
Superscaffold8	57715602	58277780	-0.183890	-0.075105	-0.046156	-0.127546
Superscaffold8	58277823	58934088	-0.029343	-0.007863	-0.005480	-0.019254
Superscaffold8	58934097	59341733	0.230580	0.067130	0.043475	0.170174
Superscaffold8	59341740	59636565	0.223970	0.121441	0.074168	0.140375
Superscaffold8	59636727	60016983	-0.027533	-0.011047	-0.005961	-0.017856
Superscaffold8	60017032	60539652	-0.062860	-0.017884	-0.011745	-0.032248
Superscaffold8	60539679	60805004	0.046756	0.028044	0.015932	0.027059
Superscaffold8	60805021	61051495	-0.124472	-0.055759	-0.032792	-0.051504
Superscaffold8	61051748	61531640	0.075340	0.027965	0.017726	0.044313
Superscaffold8	61531647	62022458	0.220071	0.070256	0.047068	0.138407
Superscaffold8	62022475	62348939	-0.210756	-0.074054	-0.046405	-0.117144
Superscaffold8	62349020	62724411	-0.084449	-0.028221	-0.018113	-0.061844
Superscaffold8	62724617	63033224	-0.070164	-0.031269	-0.018605	-0.041705
Superscaffold8	63033264	63430136	-0.232200	-0.089264	-0.054451	-0.163287
Superscaffold8	63430630	63891258	-0.233235	-0.087870	-0.059000	-0.154048
Superscaffold8	63893327	64341417	-0.077734	-0.019070	-0.012190	-0.058991
Superscaffold8	64341688	65087761	-0.055603	-0.017346	-0.010646	-0.031881
Superscaffold8	65089087	65561820	-0.288468	-0.086723	-0.054148	-0.220332
Superscaffold8	65561926	66246551	-0.143948	-0.039327	-0.025814	-0.102485
Superscaffold9	147197	354516	-0.042667	-0.017251	-0.012793	-0.020366
Superscaffold9	354551	658090	-0.229908	-0.153313	-0.091868	-0.110688
Superscaffold9	658162	1039667	-0.056419	-0.040631	-0.023031	-0.025631
Superscaffold9	1039671	1224181	0.017988	0.019385	0.011625	0.009362
Superscaffold9	1224205	1414706	0.018511	0.017489	0.010433	0.005977
Superscaffold9	1414749	1616584	-0.078552	-0.086007	-0.051650	-0.041711
Superscaffold9	1622257	2064160	-0.034639	-0.024607	-0.014945	-0.020756
Superscaffold9	2064208	2222832	0.114155	0.103492	0.066576	0.055153
Superscaffold9	2223151	2378988	0.093105	0.103603	0.061500	0.048208
Superscaffold9	2379010	2630953	0.141781	0.105132	0.069095	0.083407
Superscaffold9	2631027	2973140	-0.118053	-0.112095	-0.057504	-0.064272
Superscaffold9	2973186	3223224	-0.064955	-0.050211	-0.029288	-0.030760
Superscaffold9	3223614	3503553	0.003767	0.003256	0.002060	-0.000740
Superscaffold9	3503559	4221334	-0.086275	-0.053969	-0.030155	-0.048049
Superscaffold9	4221408	4477473	-0.305262	-0.202368	-0.130545	-0.209164
Superscaffold9	4477476	4831814	-0.222058	-0.148587	-0.078361	-0.132275
Superscaffold9	4832117	5000803	0.060525	0.039822	0.024580	0.030123
Superscaffold9	5001143	5179528	0.157396	0.112975	0.064404	0.084146
Superscaffold9	5179582	5493774	-0.055783	-0.025813	-0.015392	-0.032836
Superscaffold9	5493785	5687585	-0.076522	-0.053451	-0.033949	-0.043981
Superscaffold9	5687601	6014570	0.086971	0.027438	0.018493	0.047958
Superscaffold9	6015037	6365822	0.043428	0.026443	0.017984	0.028842
Superscaffold9	6365871	6651288	-0.038919	-0.018872	-0.010708	-0.013759
Superscaffold9	6651327	7127465	-0.183364	-0.042779	-0.029939	-0.126466
Superscaffold9	7127543	7609850	-0.295831	-0.076601	-0.049310	-0.207650
Superscaffold9	7609854	7967673	-0.135459	-0.048686	-0.031343	-0.089623
Superscaffold9	7967742	8290886	0.037051	0.013366	0.008886	0.027165
Superscaffold9	8291342	8528009	-0.051901	-0.025736	-0.017039	-0.042184
Superscaffold9	8528127	8807536	-0.242552	-0.249116	-0.124567	-0.152142
Superscaffold9	8807561	9098684	0.024645	0.019992	0.011405	0.014142
Superscaffold9	9098704	9432067	0.023575	0.015974	0.010614	0.012391
Superscaffold9	9435749	9949214	-0.063045	-0.016887	-0.011606	-0.050001
Superscaffold9	9949302	10462059	0.013689	0.003980	0.002726	0.008812
Superscaffold9	10462060	11193016	-0.081382	-0.037754	-0.021820	-0.051608
Superscaffold9	11193062	11409229	-0.162080	-0.102149	-0.057747	-0.086606
Superscaffold9	11409523	12150856	-0.152221	-0.065463	-0.039533	-0.107355
Superscaffold9	12151882	12457169	0.085171	0.044913	0.024698	0.047981
Superscaffold9	12457258	12806486	0.100405	0.033135	0.021521	0.073966
Superscaffold9	12806499	13179204	-0.308699	-0.107649	-0.066477	-0.232187
Superscaffold9	13179226	14147774	0.008032	0.003224	0.002095	0.001607
Superscaffold9	14147806	14471143	-0.174660	-0.059384	-0.040022	-0.099836
Superscaffold9	14471263	15062779	-0.226233	-0.052735	-0.035663	-0.171216
Superscaffold9	15062784	15395958	-0.053321	-0.025063	-0.016281	-0.036467
Superscaffold9	15396083	15716470	-0.010214	-0.004266	-0.002674	-0.002982
Superscaffold9	15716475	16139510	-0.137811	-0.036555	-0.024375	-0.092721
Superscaffold9	16139593	16385123	0.104460	0.026154	0.016586	0.084179
Superscaffold9	16385157	16697847	0.318634	0.117848	0.065264	0.261463
Superscaffold9	16697862	17102721	0.044807	0.009430	0.006595	0.030148
Superscaffold9	17102725	17499069	-0.118511	-0.029023	-0.019302	-0.078995
Superscaffold9	17499323	17774578	-0.181360	-0.085570	-0.048186	-0.117055
Superscaffold9	17774582	18125886	-0.035219	-0.013037	-0.008438	-0.025971
Superscaffold9	18125888	18461762	-0.237455	-0.150357	-0.075332	-0.148145
Superscaffold9	18461799	19350048	-0.119788	-0.057281	-0.035074	-0.070331
Superscaffold9	19350540	20349827	-0.065911	-0.023307	-0.015324	-0.039275
Superscaffold9	20349958	20609680	0.294330	0.131916	0.080214	0.208640
Superscaffold9	20609850	20910566	-0.172218	-0.057237	-0.039795	-0.092083
Superscaffold9	20910829	21221734	0.014676	0.005906	0.003571	0.005366
Superscaffold9	21221759	21430943	-0.040973	-0.017722	-0.011336	-0.021061
Superscaffold9	21431010	21642788	0.056270	0.033681	0.022278	0.030441
Superscaffold9	21642793	21989619	-0.031595	-0.009109	-0.006221	-0.014956
Superscaffold9	21989687	22323772	-0.056702	-0.032346	-0.018436	-0.046488
Superscaffold9	22323871	22737971	0.093525	0.058076	0.027442	0.068967
Superscaffold9	22738004	23251960	0.115437	0.032175	0.018256	0.080026
Superscaffold9	23251961	23615526	0.186385	0.088456	0.042728	0.117309
Superscaffold9	23616166	23786511	-0.336965	-0.345841	-0.150177	-0.204198
Superscaffold9	23786519	24057371	-0.026466	-0.018788	-0.010183	-0.011296
Superscaffold9	24057438	24290784	0.033950	0.022553	0.013325	0.021314
Superscaffold9	24290787	24738702	-0.100575	-0.028704	-0.021179	-0.071797
Superscaffold9	24738848	25164651	-0.061214	-0.018665	-0.012599	-0.042286
Superscaffold9	25165271	25428748	-0.022164	-0.010033	-0.005901	-0.014593
Superscaffold9	25428854	26034555	-0.066055	-0.025531	-0.017616	-0.034738
Superscaffold9	26034556	26346764	0.080008	0.027710	0.017032	0.052082
Superscaffold9	26346768	26786544	-0.036401	-0.014620	-0.008793	-0.024743
Superscaffold9	26793284	27132662	0.348319	0.157134	0.104280	0.165811
Superscaffold9	27132700	27528960	-0.453445	-0.182750	-0.113066	-0.306689
Superscaffold9	27529532	27904862	0.088993	0.045344	0.024084	0.052325
Superscaffold9	27905558	28511910	0.052131	0.022523	0.012909	0.027946
Superscaffold9	28511998	28734423	-0.003123	-0.001066	-0.000702	-0.001696
Superscaffold9	28734594	29083582	-0.123471	-0.051787	-0.029623	-0.071738
Superscaffold9	29083888	29386097	0.101056	0.049971	0.029888	0.068578
Superscaffold9	29386159	29709864	-0.105951	-0.037833	-0.023470	-0.054384
Superscaffold9	29709938	29957766	0.143718	0.094587	0.061459	0.075513
Superscaffold9	29957790	30249172	-0.186342	-0.085174	-0.052743	-0.102449
Superscaffold9	30249176	30634086	-0.051089	-0.014905	-0.008891	-0.045583
Superscaffold9	30634100	31041602	-0.117151	-0.075620	-0.036425	-0.066209
Superscaffold9	31041649	31605933	-0.093851	-0.032927	-0.021090	-0.059391
Superscaffold9	31606140	31866186	0.516898	0.271438	0.187070	0.367316
Superscaffold9	31866208	32030212	0.382460	0.287361	0.131063	0.256507
Superscaffold9	32030284	32284283	0.332600	0.193777	0.114420	0.223531
Superscaffold9	32284316	32494018	-0.194420	-0.116355	-0.060990	-0.121187
Superscaffold9	32494034	32926503	-0.086879	-0.047652	-0.027350	-0.056736
Superscaffold9	32926581	33120401	-0.059880	-0.028952	-0.018988	-0.030122
Superscaffold9	33120423	33538781	-0.178704	-0.041653	-0.028526	-0.108150
Superscaffold9	33538809	33870985	0.145294	0.077084	0.050190	0.081139
Superscaffold9	33871000	34195033	0.483339	0.263899	0.163843	0.326244
Superscaffold9	34195048	34487610	-0.078613	-0.025232	-0.016882	-0.046219
Superscaffold9	34487692	34803600	0.021078	0.009683	0.004333	0.007819
Superscaffold9	34803638	35240725	0.395971	0.115254	0.067413	0.268720
Superscaffold9	35240765	35709937	-0.166828	-0.058818	-0.036525	-0.119665
Superscaffold9	35710058	36246048	-0.434615	-0.315115	-0.152841	-0.295137
Superscaffold9	36246065	36437650	-0.138555	-0.056006	-0.038757	-0.061652
Superscaffold9	36437657	36696783	-0.064103	-0.023251	-0.016391	-0.038132
Superscaffold9	36696793	36992320	-0.206753	-0.082792	-0.048847	-0.145588
Superscaffold9	36992682	37376397	-0.227740	-0.060366	-0.039464	-0.141573
Superscaffold9	37376415	37745439	0.009759	0.003875	0.002602	0.006125
Superscaffold9	37745467	38260399	-0.078415	-0.018747	-0.013613	-0.063226
Superscaffold9	38260403	38663311	-0.000468	-0.000120	-0.000085	-0.002643
Superscaffold9	38663602	39089391	0.100818	0.019909	0.013240	0.075896
Superscaffold9	39089393	39476707	0.357506	0.071817	0.049318	0.250679
Superscaffold9	39476771	39843613	-0.069453	-0.023824	-0.015180	-0.044130
Superscaffold9	39843614	40428230	0.079535	0.032859	0.019857	0.054730
Superscaffold9	40428317	40727708	0.047703	0.021125	0.012360	0.026892
Superscaffold9	40727754	41023988	0.089527	0.040751	0.026505	0.063344
Superscaffold9	41023993	41435638	-0.142733	-0.056897	-0.031152	-0.095465
Superscaffold9	41435679	42165867	0.156596	0.042422	0.030588	0.081710
Superscaffold9	42165900	42473056	0.125859	0.039551	0.027147	0.064959
Superscaffold9	42473653	42998368	0.387975	0.155855	0.113046	0.251397
Superscaffold9	43000201	43353393	0.066666	0.021478	0.015525	0.042557
Superscaffold9	43353463	43862034	-0.263871	-0.088893	-0.062642	-0.181743
Superscaffold9	43862036	44082716	-0.044551	-0.022322	-0.015279	-0.020739
Superscaffold9	44082725	44303417	-0.208384	-0.163402	-0.100424	-0.133402
Superscaffold9	44303529	44765728	0.113845	0.075491	0.046924	0.068762
Superscaffold9	44765755	44951891	-0.006904	-0.005283	-0.003402	-0.005849
Superscaffold9	44952028	45379556	0.004132	0.001031	0.000778	0.000958
Superscaffold9	45379557	45711787	-0.253376	-0.079939	-0.051260	-0.144012
Superscaffold9	45711811	46055294	-0.091493	-0.045217	-0.026577	-0.042906
Superscaffold9	46055330	46567101	0.767222	0.333166	0.292796	0.612737
Superscaffold9	46567117	46913878	0.598743	0.284925	0.230993	0.491221
Superscaffold9	46913910	47160144	0.038296	0.025446	0.016497	0.025012
Superscaffold9	47160176	47415778	0.011867	0.011853	0.006424	0.009680
Superscaffold9	47415783	47852842	-0.162069	-0.126995	-0.064574	-0.092618
Superscaffold9	47852984	48181906	-0.021985	-0.006805	-0.005083	-0.012286
Superscaffold9	48182000	48509532	-0.128235	-0.053332	-0.034884	-0.081101
Superscaffold9	48509629	48832402	0.102303	0.075384	0.045033	0.057370
Superscaffold9	48832409	49116014	0.105921	0.069525	0.043716	0.066991
Superscaffold9	49116015	49377240	-0.183707	-0.096097	-0.062477	-0.104163
Superscaffold9	49377295	49555180	-0.033810	-0.019913	-0.013847	-0.014490
Superscaffold9	49555216	49726225	0.250079	0.179079	0.119992	0.137420
Superscaffold9	49726253	49991129	-0.051879	-0.034394	-0.023221	-0.023839
Superscaffold9	49991206	50494830	-0.180654	-0.087677	-0.058855	-0.105304
Superscaffold9	50494833	50730402	0.232882	0.145206	0.092073	0.147585
Superscaffold9	50730441	50981553	-0.209663	-0.099562	-0.053545	-0.104859
Superscaffold9	50981561	51197684	-0.014607	-0.006566	-0.003671	-0.006912
Superscaffold9	51197695	51557139	-0.002221	-0.000664	-0.000449	-0.010705
Superscaffold9	51557176	51768685	-0.030675	-0.018193	-0.011614	-0.013025
Superscaffold9	51768842	52066443	0.064216	0.030000	0.019836	0.037753
Superscaffold9	52066449	52443626	0.118004	0.040281	0.027028	0.066454
Superscaffold9	52443689	52678278	-0.060810	-0.040365	-0.024448	-0.042277
Superscaffold9	52678292	52859114	-0.275145	-0.298906	-0.148663	-0.179324
Superscaffold9	52859118	53098066	0.074371	0.038829	0.025634	0.039935
Superscaffold9	53098072	53275163	0.108056	0.092504	0.049199	0.056815
Superscaffold9	53275186	53509278	0.018123	0.013873	0.007870	0.012261
Superscaffold9	53509384	53685249	-0.252876	-0.295720	-0.161363	-0.150183
Superscaffold9	53685250	53821644	-0.142291	-0.166744	-0.087953	-0.076136
Superscaffold9	53821721	53989996	-0.042612	-0.031484	-0.017757	-0.025568
Superscaffold9	53990014	54384768	0.358930	0.202733	0.144517	0.211772
Superscaffold9	54385152	54633004	0.166268	0.131213	0.081056	0.093007
Superscaffold9	54633367	54908820	0.023583	0.015128	0.009424	0.016205
Superscaffold9	54908821	55081771	-0.206259	-0.219105	-0.123074	-0.139405
Superscaffold9	55081821	55932383	-0.031648	-0.018791	-0.011767	-0.016416
Superscaffold9	55932504	56189884	0.205388	0.086500	0.062580	0.130049
Superscaffold9	56189893	56521236	0.269603	0.102479	0.077310	0.178538
Superscaffold9	56521265	57007418	0.333644	0.113189	0.077427	0.264469
Superscaffold10	402561	707533	-0.184618	-0.065119	-0.040790	-0.120856
Superscaffold10	707542	1388392	-0.169255	-0.063098	-0.041950	-0.102781
Superscaffold10	1388580	1621412	-0.076607	-0.049147	-0.027628	-0.035275
Superscaffold10	1621442	2014262	-0.112241	-0.032172	-0.021920	-0.071262
Superscaffold10	2014293	2522287	-0.039798	-0.009911	-0.006538	-0.025303
Superscaffold10	2522289	2892104	0.234187	0.072161	0.044904	0.164659
Superscaffold10	2892113	3186009	-0.006640	-0.003860	-0.002108	-0.002877
Superscaffold10	3186021	3376219	0.087462	0.054823	0.032768	0.055045
Superscaffold10	3376292	3698775	-0.054315	-0.036623	-0.018232	-0.033336
Superscaffold10	3698794	4294558	0.079969	0.047338	0.022354	0.054956
Superscaffold10	4295122	5359396	-0.131543	-0.057261	-0.033851	-0.082556
Superscaffold10	5359445	5888628	-0.148115	-0.065142	-0.039362	-0.085357
Superscaffold10	5888759	6185216	0.039583	0.019499	0.011273	0.018686
Superscaffold10	6185312	6511839	-0.028895	-0.013253	-0.007043	-0.017202
Superscaffold10	6511860	7014862	0.006931	0.002604	0.001502	0.002701
Superscaffold10	7014967	7401027	-0.095808	-0.046924	-0.028636	-0.058717
Superscaffold10	7401057	7786157	-0.043977	-0.022554	-0.014514	-0.019099
Superscaffold10	7786162	8148433	0.047570	0.020316	0.012682	0.031415
Superscaffold10	8148642	8501006	-0.096791	-0.027406	-0.018422	-0.059073
Superscaffold10	8501012	9039843	0.024123	0.006491	0.004072	0.013951
Superscaffold10	9039868	9614524	0.015726	0.006754	0.004154	0.012837
Superscaffold10	9614542	10011557	-0.181139	-0.111257	-0.060854	-0.106384
Superscaffold10	10011590	10181821	0.086660	0.090999	0.035833	0.033841
Superscaffold10	10181923	10401338	0.233585	0.141621	0.081461	0.175881
Superscaffold10	10401358	10638575	-0.247222	-0.114352	-0.070221	-0.159745
Superscaffold10	10638603	11358046	-0.121424	-0.046561	-0.029391	-0.093383
Superscaffold10	11358059	11762219	-0.073088	-0.022042	-0.013724	-0.054808
Superscaffold10	11762383	12065123	-0.180543	-0.052330	-0.034392	-0.128379
Superscaffold10	12065136	12198768	0.075996	0.054866	0.032531	0.040612
Superscaffold10	12198779	12393687	0.014092	0.011447	0.006713	0.007041
Superscaffold10	12394723	12880766	0.053130	0.020472	0.013772	0.032783
Superscaffold10	12880831	13215581	-0.026505	-0.009186	-0.005675	-0.016118
Superscaffold10	13215621	13464816	0.219364	0.102107	0.055532	0.138486
Superscaffold10	13464837	13856105	0.045682	0.016661	0.010506	0.024720
Superscaffold10	13856219	14226757	-0.143780	-0.075333	-0.044431	-0.087269
Superscaffold10	14226758	14742846	-0.253756	-0.097792	-0.056969	-0.174015
Superscaffold10	14742884	15321743	0.070858	0.016760	0.011988	0.036948
Superscaffold10	15321803	15715955	0.050744	0.016688	0.010971	0.034564
Superscaffold10	15715971	16143682	-0.152993	-0.051283	-0.031501	-0.118788
Superscaffold10	16144455	16848379	0.044817	0.011795	0.007468	0.028980
Superscaffold10	16848387	17321914	-0.070453	-0.016907	-0.009723	-0.049049
Superscaffold10	17322363	17773575	0.180169	0.069425	0.041236	0.126625
Superscaffold10	17773604	18221765	0.187034	0.059436	0.038991	0.130336
Superscaffold10	18221817	18550769	-0.114314	-0.046094	-0.026943	-0.081906
Superscaffold10	18550828	18849838	0.303670	0.127319	0.080724	0.212886
Superscaffold10	18849916	19361279	-0.114212	-0.059368	-0.030840	-0.065905
Superscaffold10	19361324	19691955	-0.085948	-0.053360	-0.028987	-0.046604
Superscaffold10	19691964	20001663	0.125177	0.043319	0.028122	0.077466
Superscaffold10	20001794	20467598	-0.010103	-0.002012	-0.001409	-0.014164
Superscaffold10	20467655	20737179	-0.242384	-0.064784	-0.042104	-0.184157
Superscaffold10	20737491	21125202	-0.203469	-0.060285	-0.037162	-0.151957
Superscaffold10	21125204	21436630	-0.616564	-0.307371	-0.167202	-0.487922
Superscaffold10	21436649	21668955	-0.100870	-0.045423	-0.028119	-0.075335
Superscaffold10	21668976	21955139	0.182869	0.070226	0.048147	0.096474
Superscaffold10	21955153	22270786	-0.062832	-0.020167	-0.013566	-0.039025
Superscaffold10	22270891	22619278	0.061880	0.024483	0.015888	0.038872
Superscaffold10	22619362	22978124	0.032475	0.009085	0.005442	0.022276
Superscaffold10	22978190	23351905	-0.308991	-0.090107	-0.056875	-0.240053
Superscaffold10	23351913	23673582	-0.162511	-0.056498	-0.036993	-0.115331
Superscaffold10	23673584	24134638	-0.330155	-0.232516	-0.136616	-0.237189
Superscaffold10	24134664	24544012	0.041481	0.013305	0.008691	0.027096
Superscaffold10	24544070	24948191	-0.141942	-0.039064	-0.024762	-0.107804
Superscaffold10	24948371	25235397	-0.260629	-0.083707	-0.056640	-0.186815
Superscaffold10	25235463	25579991	-0.151807	-0.078091	-0.044595	-0.103532
Superscaffold10	25580101	25762654	0.134005	0.091251	0.060032	0.083267
Superscaffold10	25762794	26055976	-0.066124	-0.022904	-0.014338	-0.041572
Superscaffold10	26056110	26249708	-0.595621	-0.447109	-0.238558	-0.451329
Superscaffold10	26249774	26378015	-0.069589	-0.058184	-0.033963	-0.037999
Superscaffold10	26378038	26505734	-0.084923	-0.051671	-0.036303	-0.051043
Superscaffold10	26505735	26818138	0.280078	0.124290	0.077661	0.168416
Superscaffold10	26823265	27177963	-0.434863	-0.275797	-0.160553	-0.299986
Superscaffold10	27177976	27619191	0.004890	0.001253	0.000772	0.003599
Superscaffold10	27619253	27985438	-0.109076	-0.029737	-0.019858	-0.070672
Superscaffold10	27985904	28512031	-0.163881	-0.045799	-0.030120	-0.111145
Superscaffold10	28512055	28723820	0.037004	0.013852	0.008992	0.025130
Superscaffold10	28724866	28959570	0.254100	0.096461	0.064914	0.167051
Superscaffold10	28959693	29321135	-0.103046	-0.038412	-0.020762	-0.060714
Superscaffold10	29322022	29665599	-0.476822	-0.160090	-0.103898	-0.381993
Superscaffold10	29665625	29943216	-0.114266	-0.037202	-0.024992	-0.077769
Superscaffold10	29943219	30251401	-0.229787	-0.144520	-0.055561	-0.118624
Superscaffold10	30251428	30556607	0.166897	0.049649	0.033921	0.110848
Superscaffold10	30556768	30833272	0.390923	0.118974	0.078441	0.265205
Superscaffold10	30833309	31179936	-0.206325	-0.054973	-0.036351	-0.136156
Superscaffold10	31180062	31476050	0.323179	0.099186	0.068016	0.224902
Superscaffold10	31476270	31864492	0.389593	0.073390	0.054968	0.257091
Superscaffold10	31864727	32139170	-0.112583	-0.047445	-0.027871	-0.063524
Superscaffold10	32139293	32680592	-0.008452	-0.003097	-0.001657	-0.002373
Superscaffold10	32680624	32972920	-0.008237	-0.004314	-0.002658	-0.004783
Superscaffold10	32972921	33274118	-0.165275	-0.056833	-0.039829	-0.117650
Superscaffold10	33274963	33546329	0.186905	0.060019	0.043618	0.093109
Superscaffold10	33546441	33987184	0.206004	0.046123	0.030526	0.177041
Superscaffold10	33987221	34351065	0.515957	0.171214	0.116511	0.456415
Superscaffold10	34351234	34986768	0.302939	0.079994	0.048850	0.279072
Superscaffold10	34988751	35461556	0.056219	0.016422	0.009318	0.048733
Superscaffold10	35462242	35831664	-0.085994	-0.024162	-0.014442	-0.060851
Superscaffold10	35831744	36044965	0.181930	0.065796	0.039637	0.116786
Superscaffold10	36045006	36353318	0.068612	0.022774	0.013833	0.041659
Superscaffold10	36353405	36751088	-0.030152	-0.009133	-0.005785	-0.019949
Superscaffold10	36751447	37126164	0.114895	0.031544	0.022082	0.080835
Superscaffold10	37126200	37508602	0.054341	0.016561	0.010399	0.037267
Superscaffold10	37508603	37716885	-0.434249	-0.211773	-0.127226	-0.297704
Superscaffold10	37716988	37980605	-0.097015	-0.050180	-0.028775	-0.060438
Superscaffold10	37980614	38133174	-0.009772	-0.008087	-0.004615	-0.000690
Superscaffold10	38133180	38293302	-0.138393	-0.099504	-0.049834	-0.086867
Superscaffold10	38293699	38454046	-0.097255	-0.039886	-0.027719	-0.063207
Superscaffold10	38454049	38621538	-0.020793	-0.015272	-0.008522	-0.010385
Superscaffold10	38621591	39308705	-0.142513	-0.075096	-0.039673	-0.080252
Superscaffold10	39308775	40090033	-0.057292	-0.030661	-0.018887	-0.036958
Superscaffold10	40090042	40441446	0.151539	0.054652	0.034763	0.092365
Superscaffold10	40441764	40684104	-0.103676	-0.033940	-0.021935	-0.060122
Superscaffold10	40684120	40830870	0.068001	0.058330	0.031082	0.040053
Superscaffold10	40830907	41100176	0.134175	0.065134	0.038761	0.074212
Superscaffold10	41100178	41362633	-0.340358	-0.106177	-0.060631	-0.242421
Superscaffold10	41362729	41652754	0.137030	0.056439	0.034887	0.090406
Superscaffold10	41652824	42166588	-0.101041	-0.037192	-0.022967	-0.045303
Superscaffold10	42166763	42394335	0.230264	0.140798	0.071338	0.119526
Superscaffold10	42394407	42620562	-0.060344	-0.035783	-0.020140	-0.032319
Superscaffold10	42620703	43017542	-0.152123	-0.085375	-0.044093	-0.098933
Superscaffold10	43017556	43287857	-0.217030	-0.103581	-0.056969	-0.106802
Superscaffold10	43287946	43698909	-0.300512	-0.107604	-0.063476	-0.208864
Superscaffold10	43698914	44377767	0.202779	0.054119	0.038634	0.117088
Superscaffold10	44377784	44980452	0.170245	0.054124	0.037401	0.122760
Superscaffold10	44980459	45319110	0.022099	0.008546	0.005827	0.015294
Superscaffold10	45319136	45586868	-0.011603	-0.007741	-0.004364	-0.000873
Superscaffold10	45586887	45779454	-0.076726	-0.053306	-0.033328	-0.046997
Superscaffold10	45779481	45985292	0.059452	0.038379	0.025304	0.034085
Superscaffold10	45985356	46175965	-0.196897	-0.107330	-0.068609	-0.113899
Superscaffold10	46175997	46463213	-0.233709	-0.138318	-0.090359	-0.141081
Superscaffold10	46463258	47420077	0.052200	0.019698	0.014522	0.024291
Superscaffold10	47420116	47583499	-0.070332	-0.058008	-0.035546	-0.041700
Superscaffold10	47583501	47742113	-0.146632	-0.119480	-0.064468	-0.080607
Superscaffold10	47742136	47885889	0.084145	0.071395	0.041343	0.046021
Superscaffold10	47885905	48086108	-0.029979	-0.036455	-0.017582	-0.011376
Superscaffold10	48086112	48298177	0.043113	0.040562	0.018665	0.017565
Superscaffold10	48298208	48479909	-0.267784	-0.259665	-0.124321	-0.192119
Superscaffold10	48479960	48671020	-0.138596	-0.120354	-0.061472	-0.073975
Superscaffold10	48671021	49015488	0.058941	0.044394	0.026651	0.028150
Superscaffold10	49018800	49185928	-0.043867	-0.042293	-0.018395	-0.022278
Superscaffold10	49185974	49413388	-0.047439	-0.032692	-0.020285	-0.027822
Superscaffold10	49413486	49863152	-0.214789	-0.109492	-0.073940	-0.128516
Superscaffold10	49863167	50003496	-0.265970	-0.228364	-0.128657	-0.142987
Superscaffold10	50003501	50147691	-0.231100	-0.104705	-0.073059	-0.151552
Superscaffold10	50147882	50625086	-0.089232	-0.049954	-0.031090	-0.058693
Superscaffold10	50625087	50948531	-0.030603	-0.022955	-0.013498	-0.015159
Superscaffold10	50948632	51156520	-0.025004	-0.015315	-0.009097	-0.016406
Superscaffold10	51156538	51470260	0.014654	0.013769	0.007889	0.007993
Superscaffold10	51470298	51843990	-0.029161	-0.020261	-0.012680	-0.012929
Superscaffold10	51844009	51977638	0.069855	0.073418	0.043416	0.040942
Superscaffold10	51978285	52133066	0.117409	0.139329	0.078841	0.057789
Superscaffold10	52133202	52327000	0.070684	0.065248	0.033151	0.041605
Superscaffold10	52327002	52483385	0.012279	0.020415	0.008419	0.003769
Superscaffold10	52483440	52615669	-0.206558	-0.269506	-0.131309	-0.126619
Superscaffold10	52615750	52770031	-0.035875	-0.032865	-0.018406	-0.017510
Superscaffold10	52770184	52985093	-0.044408	-0.047774	-0.027912	-0.024663
Superscaffold10	52985132	53172811	-0.025206	-0.024326	-0.013832	-0.011928
Superscaffold10	53173445	53363106	0.000873	0.000897	0.000524	0.002266
Superscaffold10	53363288	53557830	0.060685	0.057714	0.034365	0.037716
Superscaffold10	53557919	53701129	0.168764	0.148715	0.091507	0.091085
Superscaffold10	53701158	53872178	-0.071119	-0.064061	-0.039610	-0.036623
Superscaffold10	53872181	54369065	0.004138	0.002658	0.001649	0.001974
Superscaffold10	54369164	54816865	-0.463653	-0.396249	-0.189413	-0.322487
Superscaffold10	54816966	54966450	0.085189	0.073501	0.044994	0.044647
Superscaffold10	54966489	55143127	0.070944	0.052493	0.031174	0.038729
Superscaffold10	55143359	55356045	-0.275513	-0.226444	-0.136947	-0.180744
Superscaffold10	55356158	55519569	-0.240021	-0.176861	-0.107819	-0.122714
Superscaffold11	263251	552647	-0.049454	-0.022121	-0.016054	-0.039322
Superscaffold11	552987	872912	0.250686	0.102911	0.072195	0.172446
Superscaffold11	873753	1281059	0.053944	0.021241	0.014872	0.032846
Superscaffold11	1281080	1831477	-0.017374	-0.006374	-0.004048	-0.010966
Superscaffold11	1831490	2770808	0.033476	0.018030	0.010814	0.011786
Superscaffold11	2770811	3346008	-0.217699	-0.083621	-0.054006	-0.120996
Superscaffold11	3346050	4448200	0.070534	0.038213	0.023457	0.032743
Superscaffold11	4448293	4902620	0.039264	0.031326	0.018808	0.021111
Superscaffold11	4902632	5288582	-0.263378	-0.142974	-0.089438	-0.150843
Superscaffold11	5288612	5678520	-0.004855	-0.002163	-0.001383	-0.000710
Superscaffold11	5678695	6379145	-0.045078	-0.024108	-0.015479	-0.020425
Superscaffold11	6379148	6884212	-0.118399	-0.090614	-0.045920	-0.056937
Superscaffold11	6884214	7185366	-0.201808	-0.188761	-0.099533	-0.129957
Superscaffold11	7185732	7691577	-0.104845	-0.060993	-0.037133	-0.059435
Superscaffold11	7691617	7932317	-0.115605	-0.083030	-0.051406	-0.068873
Superscaffold11	7932331	8154513	0.037202	0.027227	0.016995	0.022203
Superscaffold11	8154531	8802200	-0.126630	-0.081502	-0.053269	-0.090712
Superscaffold11	8802309	9100289	-0.166564	-0.079725	-0.051801	-0.101212
Superscaffold11	9100291	9349429	0.149040	0.065218	0.039948	0.091200
Superscaffold11	9349440	9625554	-0.193410	-0.100875	-0.055250	-0.123170
Superscaffold11	9625557	9869903	0.076408	0.050124	0.030464	0.049647
Superscaffold11	9869929	10085142	-0.021905	-0.014070	-0.007928	-0.011504
Superscaffold11	10085223	10208504	-0.172143	-0.202150	-0.099405	-0.095505
Superscaffold11	10208656	10367500	-0.159178	-0.149073	-0.076597	-0.095820
Superscaffold11	10367543	11030088	-0.455256	-0.236116	-0.121148	-0.317763
Superscaffold11	11030148	11300259	-0.214791	-0.173386	-0.084284	-0.126818
Superscaffold11	11300260	11523305	0.023179	0.014437	0.008167	0.012569
Superscaffold11	11523373	11981700	-0.378586	-0.149993	-0.099787	-0.265302
Superscaffold11	11982122	12558627	0.099332	0.027975	0.018542	0.066792
Superscaffold11	12558726	12928599	-0.103406	-0.051779	-0.026956	-0.073327
Superscaffold11	12928627	13230059	-0.095838	-0.035060	-0.020073	-0.065972
Superscaffold11	13230174	13415468	-0.164536	-0.086164	-0.055772	-0.099808
Superscaffold11	13415484	13645145	-0.348048	-0.137300	-0.092051	-0.205341
Superscaffold11	13645151	13966167	-0.071582	-0.025824	-0.016783	-0.034957
Superscaffold11	13966243	14483230	-0.233024	-0.143177	-0.080019	-0.137197
Superscaffold11	14483267	14574074	-0.117157	-0.142694	-0.073866	-0.077675
Superscaffold11	14574087	14732813	0.001371	0.001508	0.000794	0.002524
Superscaffold11	14733574	14863203	0.054934	0.059770	0.038062	0.027510
Superscaffold11	14863221	15166576	-0.079180	-0.079135	-0.043709	-0.042010
Superscaffold11	15166577	15557346	-0.048985	-0.047120	-0.021832	-0.023839
Superscaffold11	15557688	15901208	0.061746	0.030093	0.013932	0.021546
Superscaffold11	15901360	16320351	0.009296	0.003523	0.001969	0.003681
Superscaffold11	16320425	16637415	-0.042067	-0.033853	-0.015223	-0.016969
Superscaffold11	16637463	16898652	-0.145254	-0.071878	-0.040041	-0.083122
Superscaffold11	16898780	17211124	-0.109698	-0.042923	-0.028154	-0.069409
Superscaffold11	17211819	17714548	0.521622	0.152918	0.130387	0.430865
Superscaffold11	17714574	18173352	0.083806	0.067997	0.040157	0.045896
Superscaffold11	18173858	18461810	0.205392	0.154360	0.096787	0.157319
Superscaffold11	18461853	18890697	-0.273431	-0.185142	-0.119153	-0.174198
Superscaffold11	18890849	19394853	0.320637	0.174904	0.119397	0.229601
Superscaffold11	19394871	19698946	-0.152450	-0.085006	-0.050706	-0.091066
Superscaffold11	19698962	19903567	0.025264	0.014533	0.008748	0.011040
Superscaffold11	19903629	20615867	0.091354	0.052719	0.027705	0.060014
Superscaffold11	20615868	20845007	-0.164665	-0.136727	-0.065670	-0.102947
Superscaffold11	20845009	21015834	-0.048563	-0.031111	-0.018666	-0.031582
Superscaffold11	21015866	21341411	-0.170857	-0.066295	-0.043517	-0.113096
Superscaffold11	21341468	21669855	0.253553	0.099962	0.072000	0.156523
Superscaffold11	21669856	21944835	-0.086308	-0.029139	-0.019585	-0.052673
Superscaffold11	21944862	22237542	0.140703	0.051684	0.034640	0.098022
Superscaffold11	22237579	22478963	-0.054642	-0.024810	-0.016918	-0.037819
Superscaffold11	22478985	22657461	-0.234585	-0.160832	-0.089914	-0.144077
Superscaffold11	22657559	22832073	-0.085612	-0.040148	-0.024154	-0.043630
Superscaffold11	22832074	23253584	0.054938	0.021255	0.013269	0.032815
Superscaffold11	23253587	23595802	0.099472	0.041222	0.025770	0.065281
Superscaffold11	23596400	23905307	-0.126042	-0.064453	-0.035001	-0.074327
Superscaffold11	23905317	24217995	-0.005716	-0.001644	-0.001168	-0.003765
Superscaffold11	24218035	24606702	0.025884	0.006967	0.005421	0.011361
Superscaffold11	24606707	24980855	-0.265524	-0.098893	-0.052161	-0.177800
Superscaffold11	24980870	25318785	0.027747	0.009941	0.006453	0.013047
Superscaffold11	25319325	25632288	-0.068473	-0.026589	-0.015023	-0.037231
Superscaffold11	25632447	25850980	-0.087376	-0.043930	-0.030014	-0.047955
Superscaffold11	25851041	26279554	0.421327	0.138580	0.099626	0.300383
Superscaffold11	26280424	26683211	-0.036722	-0.009036	-0.006017	-0.031857
Superscaffold11	26683288	27017529	-0.106479	-0.034857	-0.018962	-0.049493
Superscaffold11	27017634	27596779	0.345149	0.087675	0.063680	0.185593
Superscaffold11	27596849	27925208	0.157234	0.050493	0.034797	0.092718
Superscaffold11	27925212	28236876	0.201292	0.067099	0.038133	0.151829
Superscaffold11	28236913	28458559	0.003391	0.001708	0.000999	0.002940
Superscaffold11	28458570	28783673	-0.030833	-0.016522	-0.010418	-0.018767
Superscaffold11	28783715	29031814	-0.085037	-0.048260	-0.032003	-0.046273
Superscaffold11	29031832	29247583	-0.420100	-0.303980	-0.159559	-0.283044
Superscaffold11	29247620	30216863	-0.079632	-0.022384	-0.016603	-0.046085
Superscaffold11	30220783	30433619	-0.024262	-0.013984	-0.007397	-0.028266
Superscaffold11	30433938	30765410	-0.057558	-0.022673	-0.014049	-0.033765
Superscaffold11	30765782	31128438	-0.097377	-0.043875	-0.027347	-0.072893
Superscaffold11	31128593	31507149	0.212232	0.086394	0.058923	0.109953
Superscaffold11	31507199	31637615	0.004368	0.002688	0.001618	0.002230
Superscaffold11	31637779	32107406	0.150054	0.044706	0.028390	0.094460
Superscaffold11	32108044	32568677	0.190434	0.059277	0.035655	0.147260
Superscaffold11	32568695	33322806	0.035382	0.005432	0.003840	0.020469
Superscaffold11	33324132	33951240	0.191928	0.028817	0.020350	0.155077
Superscaffold11	33951275	34355416	-0.227266	-0.059476	-0.039887	-0.182676
Superscaffold11	34355425	35065590	0.040613	0.007708	0.005389	0.028959
Superscaffold11	35065610	35383261	0.112530	0.038555	0.022204	0.074729
Superscaffold11	35383391	35580642	0.095098	0.032477	0.020548	0.064162
Superscaffold11	35580675	35906513	-0.119481	-0.063598	-0.039588	-0.065254
Superscaffold11	35906515	36286753	-0.258274	-0.069181	-0.048963	-0.182025
Superscaffold11	36287149	36502047	-0.051716	-0.030048	-0.017636	-0.030466
Superscaffold11	36502110	36832753	0.160113	0.051474	0.032351	0.097801
Superscaffold11	36832756	37267250	-0.181117	-0.083684	-0.050685	-0.097860
Superscaffold11	37267309	37530000	-0.368992	-0.191422	-0.113583	-0.223782
Superscaffold11	37530289	38109166	-0.051007	-0.022106	-0.015006	-0.028381
Superscaffold11	38109177	38977024	0.049384	0.014107	0.009244	0.025752
Superscaffold11	38977073	39273834	0.082917	0.035737	0.023128	0.042081
Superscaffold11	39273909	39797954	-0.035349	-0.020798	-0.012853	-0.020783
Superscaffold11	39797959	40127587	-0.233783	-0.136510	-0.082621	-0.174524
Superscaffold11	40127588	40373820	0.201407	0.057607	0.039261	0.154888
Superscaffold11	40374111	41061868	0.282831	0.059004	0.047961	0.171540
Superscaffold11	41061894	41573545	0.045758	0.013187	0.007991	0.027891
Superscaffold11	41574170	41832085	-0.106843	-0.049192	-0.029615	-0.053228
Superscaffold11	41832111	42047295	-0.161416	-0.097074	-0.059717	-0.102123
Superscaffold11	42047327	42383686	-0.306399	-0.122976	-0.085755	-0.205655
Superscaffold11	42383734	42594956	-0.234449	-0.154110	-0.087748	-0.143330
Superscaffold11	42594978	42930720	-0.163860	-0.073853	-0.046116	-0.084877
Superscaffold11	42930761	43335640	-0.049097	-0.039369	-0.022129	-0.030902
Superscaffold11	43335659	43929560	0.075786	0.051199	0.027540	0.045989
Superscaffold11	43929579	44248976	0.002671	0.001779	0.001053	-0.001556
Superscaffold11	44248979	44591382	-0.002129	-0.001118	-0.000746	-0.006136
Superscaffold11	44591441	44769985	0.195910	0.122745	0.071065	0.107063
Superscaffold11	44770042	45050050	-0.096862	-0.064213	-0.035988	-0.062471
Superscaffold11	45050357	45320524	-0.250438	-0.127372	-0.082521	-0.167392
Superscaffold11	45320572	45709154	-0.211859	-0.116284	-0.069472	-0.137139
Superscaffold11	45709298	46397467	0.060623	0.022169	0.013269	0.034550
Superscaffold11	46397860	46842733	-0.066477	-0.020947	-0.012892	-0.041868
Superscaffold11	46843650	47319090	-0.153822	-0.049223	-0.032470	-0.086928
Superscaffold11	47319144	47663003	-0.239219	-0.120615	-0.065238	-0.157328
Superscaffold11	47663014	47981395	-0.183006	-0.075675	-0.046558	-0.122455
Superscaffold11	47981424	48303709	-0.126883	-0.045039	-0.030781	-0.077546
Superscaffold11	48303743	48694476	-0.309122	-0.137476	-0.081358	-0.226917
Superscaffold11	48694971	49254877	-0.020803	-0.008600	-0.005255	-0.013142
Superscaffold11	49254956	50079929	0.138760	0.075377	0.046422	0.083574
Superscaffold11	50079946	50672822	0.054226	0.032646	0.019165	0.030549
Superscaffold11	50674104	51273827	0.279742	0.142971	0.082704	0.193991
Superscaffold11	51273828	51605024	0.082611	0.045839	0.028299	0.045294
Superscaffold11	51605043	52060846	0.139820	0.061604	0.029789	0.105932
Superscaffold11	52061161	52405403	-0.046773	-0.017352	-0.011429	-0.027443
Superscaffold11	52405644	52765214	-0.018626	-0.005527	-0.003690	-0.008104
Superscaffold11	52765276	53170849	-0.086820	-0.039495	-0.026473	-0.043717
Superscaffold11	53170851	53810877	0.060375	0.022535	0.015109	0.040690
Superscaffold11	53810998	54097626	-0.099443	-0.050707	-0.032914	-0.068815
Superscaffold11	54097636	54422614	0.155685	0.122488	0.072330	0.093970
Superscaffold11	54423383	54798860	0.128090	0.062903	0.042236	0.081100
Superscaffold11	54798913	55148604	-0.135138	-0.054473	-0.036219	-0.082315
Superscaffold11	55148620	55476013	0.427968	0.148120	0.094981	0.336366
Superscaffold11	55476074	55906058	0.019695	0.008949	0.005659	0.013149
Superscaffold11	55906216	56122928	-0.274866	-0.164061	-0.083541	-0.174143
Superscaffold11	56122968	56517479	0.106359	0.057102	0.032958	0.071084
Superscaffold11	56517647	57003734	-0.163721	-0.047337	-0.032259	-0.090030
Superscaffold11	57003802	57291850	-0.060435	-0.031107	-0.017857	-0.039863
Superscaffold11	57291914	57590659	-0.226362	-0.108081	-0.065506	-0.151927
Superscaffold11	57593314	57910054	-0.109477	-0.087613	-0.043803	-0.071503
Superscaffold11	57910093	58287951	0.048133	0.024241	0.013733	0.036764
Superscaffold11	58288038	58608093	0.049075	0.018690	0.009998	0.031219
Superscaffold11	58608130	58905135	-0.248319	-0.136184	-0.078801	-0.167910
Superscaffold12	13001	216666	0.388235	0.324618	0.181000	0.274830
Superscaffold12	216701	533955	0.210734	0.074996	0.048692	0.139642
Superscaffold12	534350	965304	0.034749	0.009971	0.006281	0.021377
Superscaffold12	965320	1743755	-0.150098	-0.070419	-0.041503	-0.082236
Superscaffold12	1743791	1982691	-0.057753	-0.042757	-0.021820	-0.030650
Superscaffold12	1982694	2286108	-0.054929	-0.022510	-0.013639	-0.042387
Superscaffold12	2288452	2541969	0.379350	0.189187	0.101318	0.287525
Superscaffold12	2542035	2832559	-0.229049	-0.092349	-0.052959	-0.177207
Superscaffold12	2833234	3160715	-0.117641	-0.053219	-0.029201	-0.084363
Superscaffold12	3160787	3364764	-0.113339	-0.069059	-0.034725	-0.070325
Superscaffold12	3364770	3582185	0.169498	0.082918	0.043105	0.098106
Superscaffold12	3582206	3818098	0.390444	0.152431	0.088351	0.286773
Superscaffold12	3818143	4129431	-0.224438	-0.092383	-0.050000	-0.149244
Superscaffold12	4129550	4402727	-0.027031	-0.007873	-0.004554	-0.021934
Superscaffold12	4402762	4705122	-0.004011	-0.001350	-0.000801	-0.007354
Superscaffold12	4705223	5028066	0.010828	0.003196	0.001965	0.008319
Superscaffold12	5028149	5443302	-0.100882	-0.033143	-0.020185	-0.066426
Superscaffold12	5443308	5721156	-0.094609	-0.058467	-0.035057	-0.048471
Superscaffold12	5721380	5888508	-0.047952	-0.052257	-0.025981	-0.031698
Superscaffold12	5888536	6202181	-0.086555	-0.069230	-0.037149	-0.055851
Superscaffold12	6202218	6443212	-0.078542	-0.040724	-0.025216	-0.048680
Superscaffold12	6443406	6743974	-0.063173	-0.045481	-0.027637	-0.032905
Superscaffold12	6743997	6976178	0.007755	0.006663	0.004159	0.002960
Superscaffold12	6976250	7133351	-0.124337	-0.105718	-0.063503	-0.073403
Superscaffold12	7133372	7509817	-0.037445	-0.012055	-0.007896	-0.021009
Superscaffold12	7509972	7895572	-0.293019	-0.115315	-0.066872	-0.199625
Superscaffold12	7895713	8252028	-0.036198	-0.013095	-0.007829	-0.023641
Superscaffold12	8252138	8385155	-0.365307	-0.298817	-0.167034	-0.223387
Superscaffold12	8385222	8736902	0.043542	0.018832	0.011996	0.013316
Superscaffold12	8736927	9018246	-0.197653	-0.086203	-0.049217	-0.138905
Superscaffold12	9018332	9344594	-0.056278	-0.014823	-0.009247	-0.035320
Superscaffold12	9344602	9726106	-0.258621	-0.075544	-0.047337	-0.186654
Superscaffold12	9726206	10127279	-0.157286	-0.049237	-0.027762	-0.112842
Superscaffold12	10127288	10547765	-0.062165	-0.014087	-0.008676	-0.041184
Superscaffold12	10550782	11065895	-0.237010	-0.058023	-0.036093	-0.171731
Superscaffold12	11066220	11494352	-0.048285	-0.011451	-0.006922	-0.030556
Superscaffold12	11494385	12527681	-0.085844	-0.030528	-0.016290	-0.055632
Superscaffold12	12532765	13640184	-0.082738	-0.021571	-0.012029	-0.054205
Superscaffold12	13640189	14001045	0.256921	0.074848	0.046439	0.203703
Superscaffold12	14001060	14548602	-0.023699	-0.004819	-0.002939	-0.014233
Superscaffold12	14548759	15111587	0.018313	0.003294	0.002251	0.016806
Superscaffold12	15111694	15690205	-0.318796	-0.074734	-0.043662	-0.252221
Superscaffold12	15690306	16242064	0.167648	0.036310	0.019622	0.138664
Superscaffold12	16242073	17104910	0.053682	0.006300	0.004071	0.047007
Superscaffold12	17104920	17907920	0.260271	0.025766	0.018909	0.194038
Superscaffold12	17908154	18763266	-0.071812	-0.010627	-0.006932	-0.056904
Superscaffold12	18765990	19548695	-0.078888	-0.012536	-0.008571	-0.061816
Superscaffold12	19548731	20063768	-0.107771	-0.017995	-0.011997	-0.079977
Superscaffold12	20063885	20475432	0.005161	0.001340	0.000869	0.008515
Superscaffold12	20475538	21050922	0.025129	0.005217	0.003285	0.021832
Superscaffold12	21051625	21716763	-0.480979	-0.163994	-0.102547	-0.368068
Superscaffold12	21717181	21961885	0.001825	0.001121	0.000693	0.001807
Superscaffold12	21962002	22342432	-0.079764	-0.064070	-0.030124	-0.047538
Superscaffold12	22342442	22823667	-0.140639	-0.070920	-0.035724	-0.077174
Superscaffold12	22823811	23450910	-0.204432	-0.054275	-0.034119	-0.140286
Superscaffold12	23450977	23791325	-0.018520	-0.004755	-0.002886	-0.018876
Superscaffold12	23791388	24266232	0.232880	0.074431	0.047956	0.182430
Superscaffold12	24266234	24671582	0.316496	0.075717	0.048042	0.232948
Superscaffold12	24671592	25081811	-0.118739	-0.030984	-0.021165	-0.083149
Superscaffold12	25082377	25618108	-0.115307	-0.025968	-0.016725	-0.075417
Superscaffold12	25618187	25946183	0.028501	0.007880	0.004753	0.012295
Superscaffold12	25946248	26338008	0.112748	0.030124	0.020421	0.079711
Superscaffold12	26338065	27266709	0.027402	0.010047	0.005984	0.018592
Superscaffold12	27268941	27715382	-0.066470	-0.016147	-0.010721	-0.036768
Superscaffold12	27715462	28249474	-0.022567	-0.005896	-0.003780	-0.016740
Superscaffold12	28249477	28773250	-0.001607	-0.000340	-0.000225	-0.003625
Superscaffold12	28773538	29113884	-0.321350	-0.102307	-0.072043	-0.212456
Superscaffold12	29113918	29594777	0.066206	0.012879	0.008648	0.041913
Superscaffold12	29594874	30049111	0.133742	0.031712	0.019812	0.098384
Superscaffold12	30049204	30332498	0.551417	0.189761	0.120569	0.469942
Superscaffold12	30332544	30640159	0.036699	0.011565	0.006897	0.024171
Superscaffold12	30640231	31178837	-0.222860	-0.054365	-0.034236	-0.177201
Superscaffold12	31179387	32123115	0.128641	0.048597	0.027864	0.078765
Superscaffold12	32123242	32296695	0.148502	0.082740	0.052701	0.077397
Superscaffold12	32296965	32495213	-0.103711	-0.067404	-0.034294	-0.057805
Superscaffold12	32495509	32772121	-0.040178	-0.018637	-0.010672	-0.020276
Superscaffold12	32772123	33230416	0.083788	0.019170	0.013147	0.049052
Superscaffold12	33230422	33651297	-0.077209	-0.024047	-0.014539	-0.051696
Superscaffold12	33651433	34116846	-0.206433	-0.055668	-0.037779	-0.153547
Superscaffold12	34116863	34550080	-0.089057	-0.023348	-0.014783	-0.072671
Superscaffold12	34550128	34952043	-0.070725	-0.017209	-0.010652	-0.054183
Superscaffold12	34952072	35239871	-0.029795	-0.015571	-0.009238	-0.025182
Superscaffold12	35239911	35641064	0.158986	0.059542	0.034902	0.110938
Superscaffold12	35641081	36098172	-0.198370	-0.057019	-0.036859	-0.134636
Superscaffold12	36098203	36381609	-0.108713	-0.041210	-0.024953	-0.089853
Superscaffold12	36381646	36740813	0.178914	0.053074	0.035798	0.144295
Superscaffold12	36740837	37196728	-0.105412	-0.032011	-0.021074	-0.068406
Superscaffold12	37196749	37806351	-0.103722	-0.026443	-0.017559	-0.067469
Superscaffold12	37806387	38124275	-0.097745	-0.034296	-0.022432	-0.055137
Superscaffold12	38124320	38407222	0.040785	0.015095	0.010558	0.028595
Superscaffold12	38407675	38724587	0.124719	0.040243	0.025551	0.070626
Superscaffold12	38724600	39235573	-0.010236	-0.002601	-0.001839	-0.004730
Superscaffold12	39235595	39589075	0.024793	0.007223	0.005018	0.017916
Superscaffold12	39589104	39948657	-0.120550	-0.043315	-0.028796	-0.096690
Superscaffold12	39948724	40434218	-0.064403	-0.015293	-0.010079	-0.037159
Superscaffold12	40434223	40794968	0.104302	0.067142	0.038793	0.062897
Superscaffold12	40794970	41332326	-0.081045	-0.065462	-0.032486	-0.047584
Superscaffold12	41332375	41785297	0.076544	0.025472	0.015809	0.070561
unanchor226	4058	97180	0.079848	0.032052	0.019278	0.045015
unanchor228	97199	240046	-0.182102	-0.087260	-0.053214	-0.107184
unanchor229	240173	253603	0.131874	0.080632	0.053065	0.086232
unanchor233	253666	424943	-0.026453	-0.012461	-0.007183	-0.012385
unanchor243	62691	937850	-0.072380	-0.027776	-0.017421	-0.044430
unanchor251	45177	719260	-0.167451	-0.054290	-0.036602	-0.095894
unanchor255	127145	759283	-0.286890	-0.138121	-0.081660	-0.184378
unanchor269	213539	273581	-0.285450	-0.171210	-0.087319	-0.183336
unanchor272	203071	456658	0.029692	0.016103	0.009894	0.010749
unanchor275	25124	51337	0.138685	0.073024	0.046438	0.086569
unanchor278	51344	401293	-0.091288	-0.048053	-0.029937	-0.051281
unanchor278	401317	1039872	-0.020025	-0.014271	-0.008381	-0.007933
unanchor287	92268	167991	-0.076289	-0.031559	-0.017691	-0.032017
unanchor290	168820	434636	-0.069757	-0.044057	-0.023841	-0.035089
unanchor293	434641	764038	0.053906	0.023306	0.014116	0.038600
unanchor309	282319	304786	-0.048745	-0.022738	-0.013869	-0.028762
unanchor311	304802	423048	0.095167	0.044002	0.027536	0.059613
unanchor317	7007	184130	-0.033256	-0.011256	-0.006763	-0.015836
unanchor319	184142	234362	0.046761	0.022757	0.013178	0.026251
