,Group.1,alb.x,bic.x,lob.x,lyr.x,mac.x,mic.x,mon.x,mue.x,pri.x,sin.x,ste.x,stemar.x,mar.x,alb.y,bic.y,lob.y,lyr.y,mac.y,mic.y,mon.y,mue.y,pri.y,sin.y,mar.y,ste.y,stemar.y,colnum,species,state,site,lat,long,sp,hyb,,
46,SYST-MOR-0006745,1.00E-05,1.00E-05,1.00E-05,1.00E-05,1.00E-05,1.00E-05,1.00E-05,1.00E-05,1.00E-05,0,0,1.00E-05,0,1.00E-05,1.00E-05,1.00E-05,2.00E-05,1.60E-05,1.00E-05,1.00E-05,0.999884,0.99989,0,0,0,1.00E-05,MO_SH_013_All,Quercus muehlenbergii Engelm.,Missouri,Shaw Nature Preserve ,38.462961,-90.817895,hyb,hyb,1.00E-05,BC1?
55,SYST-MOR-0006754,1.00E-05,0.052681,1.00E-05,0.935267,1.00E-05,1.00E-05,1.00E-05,1.00E-05,1.00E-05,1.00E-05,0,1.00E-05,0,2.00E-05,0.140415,2.00E-05,0.9999,2.10E-05,1.90E-05,2.00E-05,2.20E-05,1.00E-05,1.80E-05,1.00E-05,1.00E-05,2.00E-05,IL_OB_022_All,Quercus lyrata Walt.,Illinois,"Oakwood Bottoms, Shawnee National Forest",37.67671977,-89.41348579,hyb,hyb,9.35E-01,>0.74
58,SYST-MOR-0006757,1.00E-05,0.145216,1.00E-05,0.85032,1.00E-05,1.00E-05,1.00E-05,1.00E-05,1.00E-05,1.00E-05,0,1.00E-05,0,2.00E-05,0.373897,2.00E-05,0.9999,2.00E-05,1.00E-05,1.00E-05,2.00E-05,1.40E-05,1.80E-05,1.00E-05,1.00E-05,2.00E-05,IL_OB_025_All,Quercus lyrata Walt.,Illinois,"Oakwood Bottoms, Shawnee National Forest",37.68078153,-89.41336776,hyb,hyb,8.50E-01,>0.74
61,SYST-MOR-0006760,1.00E-05,0.214472,1.00E-05,0.783282,1.00E-05,1.00E-05,1.00E-05,1.00E-05,1.00E-05,1.00E-05,0,1.00E-05,0,2.00E-05,0.408205,2.00E-05,0.999897,2.60E-05,1.90E-05,2.00E-05,2.00E-05,2.00E-05,1.00E-05,1.60E-05,1.00E-05,2.60E-05,IL_OB_028_All,Quercus lyrata Walt.,Illinois,"Oakwood Bottoms, Shawnee National Forest",37.68524873,-89.41207203,hyb,hyb,7.83E-01,>0.74
63,SYST-MOR-0006762,1.00E-05,0.046732,1.00E-05,0.434479,0.486566,1.00E-05,1.00E-05,1.00E-05,1.00E-05,1.00E-05,0,1.00E-05,0,2.00E-05,0.250161,2.00E-05,0.507896,0.565874,1.60E-05,1.00E-05,2.00E-05,1.10E-05,1.20E-05,1.00E-05,1.40E-05,2.40E-05,IL_OB_030_All,Quercus lyrata Walt.,Illinois,"Oakwood Bottoms, Shawnee National Forest",37.68116988,-89.41301867,hyb,hyb,4.87E-01,F1
70,SYST-MOR-0006769,1.30E-05,2.00E-05,1.00E-05,0.026974,0.972922,1.00E-05,1.00E-05,1.00E-05,1.00E-05,1.20E-05,0,1.00E-05,0,1.30E-05,2.00E-05,1.00E-05,0.026974,0.972922,1.00E-05,1.00E-05,1.00E-05,1.00E-05,1.20E-05,0,0,1.00E-05,MO_BOT_037_All,Quercus macrocarpa Michx.,Missouri,Big Oak Tree State Park ,36.64505,-89.294533,hyb,hyb,9.73E-01,>0.74
75,SYST-MOR-0006774,1.00E-05,1.00E-05,1.00E-05,1.00E-05,0.110092,0.889818,1.00E-05,1.00E-05,1.00E-05,1.00E-05,0,1.00E-05,0,2.10E-05,2.00E-05,2.00E-05,2.00E-05,0.141614,0.911689,1.90E-05,2.90E-05,1.00E-05,1.60E-05,1.00E-05,1.90E-05,2.90E-05,MO_BOT_042_All,Quercus michauxii Nutt.,Missouri,Big Oak Tree State Park ,36.64349071,-89.28700738,hyb,hyb,8.90E-01,>0.74
78,SYST-MOR-0006777,1.90E-05,1.00E-05,1.00E-05,2.00E-05,0.853383,0.146508,1.00E-05,1.00E-05,1.00E-05,0,0,1.00E-05,0,1.90E-05,1.00E-05,1.00E-05,2.00E-05,0.853383,0.146508,1.00E-05,1.00E-05,1.00E-05,0,0,0,1.00E-05,MO_BOT_045_All,Quercus macrocarpa Michx.,Missouri,Big Oak Tree State Park ,36.64145662,-89.29029231,hyb,hyb,8.53E-01,>0.74
88,SYST-MOR-0006787,1.00E-05,1.00E-05,1.00E-05,1.00E-05,1.00E-05,1.00E-05,1.00E-05,0.99989,1.00E-05,1.00E-05,0,1.00E-05,0,2.00E-05,2.00E-05,2.00E-05,2.00E-05,2.00E-05,1.00E-05,1.00E-05,0.9999,0.527586,2.00E-05,1.20E-05,1.00E-05,2.20E-05,IA_LNW_055_MG,Quercus muehlenbergii Engelm.,Iowa,Lindsay Wilderness,40.708616,-91.787231,hyb,hyb,1.00E+00,>0.74
90,SYST-MOR-0006789,1.00E-05,1.00E-05,1.00E-05,1.00E-05,1.00E-05,1.00E-05,1.00E-05,0.656197,1.00E-05,1.00E-05,0,1.00E-05,0,1.00E-05,1.00E-05,1.00E-05,1.00E-05,2.30E-05,1.00E-05,1.00E-05,0.99989,0.3437,1.00E-05,1.00E-05,1.00E-05,2.00E-05,IA_LNW_057_MG,Quercus muehlenbergii Engelm.,Iowa,Lindsay Wilderness,40.707006,-91.789441,hyb,hyb,6.56E-01,BC1?
100,SYST-MOR-0006800,1.00E-05,0.960318,1.00E-05,1.00E-05,0.021439,1.00E-05,1.00E-05,1.00E-05,1.00E-05,1.00E-05,0,1.00E-05,0,2.00E-05,0.9999,2.00E-05,2.00E-05,0.081726,1.80E-05,1.00E-05,2.20E-05,1.00E-05,1.00E-05,1.00E-05,1.00E-05,2.00E-05,IA_CHP_068_MG,Quercus bicolor Willd.,Iowa,Cherokee Park ,41.97333445,-91.724764,hyb,hyb,9.60E-01,>0.74
107,SYST-MOR-0006807,1.50E-05,1.00E-05,1.00E-05,1.00E-05,1.00E-05,1.00E-05,1.00E-05,0.599571,0.40032,1.00E-05,0,1.00E-05,0,2.00E-05,2.90E-05,1.00E-05,1.00E-05,2.00E-05,1.00E-05,1.00E-05,0.99989,0.440041,1.00E-05,1.00E-05,0,1.00E-05,MO_TRC_075_MG,Quercus muehlenbergii Engelm.,Missouri,Tyson Research Center,38.512209,-90.576047,hyb,hyb,6.00E-01,BC1?
133,SYST-MOR-0006834,1.00E-05,1.00E-05,1.00E-05,1.00E-05,1.00E-05,1.00E-05,1.00E-05,0.99989,1.00E-05,1.00E-05,0,1.00E-05,0,2.00E-05,2.00E-05,2.00E-05,2.00E-05,2.00E-05,1.10E-05,1.70E-05,0.9999,0.99989,1.90E-05,1.00E-05,1.00E-05,2.00E-05,MO_PSP_MG922_MG,Quercus prinoides Willd.,Missouri,Prairie State Park ,37.53175559,-94.5747844,hyb,hyb,1.00E+00,>0.74
134,SYST-MOR-0006835,1.00E-05,1.00E-05,1.00E-05,1.00E-05,1.00E-05,1.00E-05,1.00E-05,0.99989,1.00E-05,1.00E-05,0,1.00E-05,0,2.90E-05,2.00E-05,2.00E-05,2.00E-05,2.00E-05,1.60E-05,1.00E-05,0.9999,0.99989,1.00E-05,1.00E-05,1.00E-05,2.00E-05,MO_PSP_MG923_MG,Quercus prinoides Willd.,Missouri,Prairie State Park ,37.53218285,-94.57512656,hyb,hyb,1.00E+00,>0.74
136,SYST-MOR-0006837,1.00E-05,1.00E-05,1.00E-05,1.00E-05,1.00E-05,1.00E-05,1.00E-05,0.99989,1.00E-05,1.00E-05,0,1.00E-05,0,2.00E-05,2.00E-05,2.00E-05,2.00E-05,2.00E-05,1.00E-05,1.00E-05,0.9999,0.482511,1.30E-05,1.00E-05,1.00E-05,2.00E-05,MO_PSP_MG925_MG,Quercus prinoides Willd.,Missouri,Prairie State Park ,37.53259251,-94.57469489,hyb,hyb,1.00E+00,>0.74
138,SYST-MOR-0006839,1.00E-05,1.00E-05,1.00E-05,1.00E-05,1.00E-05,1.00E-05,1.00E-05,0.99989,1.00E-05,1.00E-05,0,1.00E-05,0,2.00E-05,2.00E-05,2.00E-05,2.00E-05,2.00E-05,1.00E-05,1.30E-05,0.9999,0.495986,1.00E-05,1.00E-05,1.00E-05,2.00E-05,MO_PSP_MG927_MG,Quercus prinoides Willd.,Missouri,Prairie State Park ,37.5350275,-94.57977919,hyb,hyb,1.00E+00,>0.74
139,SYST-MOR-0006840,2.00E-05,1.00E-05,1.00E-05,1.00E-05,1.00E-05,1.00E-05,1.00E-05,0.869016,0.130884,1.00E-05,0,1.00E-05,0,2.00E-05,1.00E-05,1.00E-05,1.00E-05,2.00E-05,1.00E-05,1.00E-05,0.99989,0.191118,1.80E-05,1.00E-05,1.00E-05,2.00E-05,OK_RRC_106_MG,Quercus muehlenbergii Engelm.,Oklahoma,Red Rock Canyon Adventure Park ,35.435994,-98.355639,hyb,hyb,8.69E-01,>0.74
141,SYST-MOR-0006842,1.00E-05,1.00E-05,1.00E-05,1.00E-05,1.00E-05,1.00E-05,1.00E-05,1.00E-05,1.00E-05,1.00E-05,0,0.999889,0,2.00E-05,2.00E-05,2.00E-05,2.00E-05,2.00E-05,1.90E-05,1.00E-05,2.60E-05,1.10E-05,0.055619,0.99989,1.00E-05,0.9999,MG_928,Quercus margaretiae Ashe ex Small,Oklahoma,Red Rock Canyon Adventure Park ,35.436273,-98.3555939,hyb,hyb,1.00E+00,>0.74
142,SYST-MOR-0006843,1.00E-05,1.00E-05,1.00E-05,1.00E-05,1.00E-05,1.00E-05,1.00E-05,0.532204,1.00E-05,1.00E-05,0,1.00E-05,0,2.00E-05,2.00E-05,1.00E-05,1.90E-05,0.012464,1.00E-05,1.60E-05,0.999884,0.99989,1.00E-05,1.00E-05,1.00E-05,2.00E-05,OK_RRC_108_MG,Quercus muehlenbergii Engelm.,Oklahoma,Red Rock Canyon Adventure Park ,35.435383,-98.354131,hyb,hyb,5.32E-01,F1
147,SYST-MOR-0006848,1.00E-05,1.00E-05,0.091888,1.00E-05,1.00E-05,1.00E-05,1.00E-05,1.00E-05,1.00E-05,1.00E-05,0,0.787316,0,0.045804,2.00E-05,0.205091,2.00E-05,0.001079,0.060229,0.056185,2.00E-05,0.120341,0.259342,0.919571,1.00E-05,0.919581,OK_RRC_113_MG,Quercus margaretiae Ashe ex Small,Oklahoma,Red Rock Canyon Adventure Park ,35.436552,-98.353515,hyb,hyb,7.87E-01,>0.74
148,SYST-MOR-0006849,1.00E-05,1.00E-05,1.00E-05,1.00E-05,1.00E-05,1.00E-05,1.00E-05,0.99989,1.00E-05,1.00E-05,0,1.00E-05,0,1.00E-05,1.00E-05,1.00E-05,2.00E-05,2.00E-05,1.00E-05,1.00E-05,0.9999,0.56339,1.00E-05,1.00E-05,1.00E-05,2.00E-05,OK_RRC_114_MG,Quercus muehlenbergii Engelm.,Oklahoma,Red Rock Canyon Adventure Park ,35.436538,-98.353515,hyb,hyb,1.00E+00,>0.74
149,SYST-MOR-0006850,1.00E-05,0,1.00E-05,0,2.00E-05,0,0,1.00E-05,0.566783,1.00E-05,0,1.00E-05,0,2.00E-05,1.00E-05,1.00E-05,1.00E-05,2.00E-05,1.00E-05,1.00E-05,0.433117,0.99989,1.00E-05,1.00E-05,1.00E-05,2.00E-05,OK_RRC_115_MG,Quercus muehlenbergii Engelm.,Oklahoma,Red Rock Canyon Adventure Park ,35.436037,-98.353944,hyb,hyb,5.67E-01,F1
150,SYST-MOR-0006851,1.00E-05,1.00E-05,1.00E-05,1.00E-05,1.00E-05,1.00E-05,1.00E-05,0.893332,1.00E-05,0,0,1.00E-05,0,1.00E-05,1.00E-05,2.00E-05,2.00E-05,2.10E-05,1.20E-05,1.00E-05,0.99989,0.151451,1.00E-05,1.00E-05,1.00E-05,2.00E-05,OK_RRC_116_MG,Quercus muehlenbergii Engelm.,Oklahoma,Red Rock Canyon Adventure Park ,35.445521,-98.353315,hyb,hyb,8.93E-01,>0.74
154,SYST-MOR-0006855,1.00E-05,1.00E-05,1.00E-05,1.00E-05,0.544361,1.00E-05,1.00E-05,0,0,0,0,1.00E-05,0,1.00E-05,1.00E-05,1.00E-05,1.00E-05,0.544361,1.00E-05,1.00E-05,0,0,0,0,0,1.00E-05,OK_RRC_120_MG,Quercus macrocarpa Michx.,Oklahoma,Red Rock Canyon Adventure Park ,35.457323,-98.35242,hyb,hyb,5.44E-01,F1
162,SYST-MOR-0006863,1.00E-05,0,1.00E-05,0,1.00E-05,1.00E-05,1.00E-05,0.95643,1.00E-05,1.00E-05,0,1.00E-05,0,1.00E-05,2.00E-05,1.00E-05,1.00E-05,2.00E-05,1.00E-05,1.00E-05,0.99989,0.04347,1.00E-05,1.00E-05,1.00E-05,2.00E-05,OK_TGP_128_MG,Quercus muehlenbergii Engelm.,Oklahoma,Tallgrass Prairie Preserve ,36.846613,-96.429364,hyb,hyb,9.56E-01,>0.74
164,SYST-MOR-0006865,1.00E-05,1.00E-05,1.00E-05,1.00E-05,1.00E-05,1.00E-05,1.00E-05,1.00E-05,1.00E-05,1.00E-05,0,0.99989,0,2.30E-05,2.00E-05,2.00E-05,2.00E-05,2.30E-05,1.70E-05,1.20E-05,2.80E-05,1.30E-05,1.00E-05,0.395576,0.99989,0.9999,OK_TGP_130_MG,Quercus stellata Wangenh.,Oklahoma,Tallgrass Prairie Preserve ,36.844153,-96.427088,hyb,hyb,1.00E+00,>0.74
195,SYST-MOR-0006896,1.00E-05,1.00E-05,1.00E-05,1.00E-05,1.00E-05,1.00E-05,1.00E-05,0.999888,1.00E-05,1.00E-05,0,1.00E-05,0,1.00E-05,1.00E-05,2.00E-05,1.00E-05,2.20E-05,1.00E-05,1.00E-05,0.99989,0.348896,1.00E-05,1.00E-05,1.00E-05,2.00E-05,KY_CSW_174_MG,Quercus muehlenbergii Engelm.,Kentucky,Castlewood State Park ,38.05463,-84.47566,hyb,hyb,1.00E+00,>0.74
199,SYST-MOR-0006900,1.00E-05,1.00E-05,1.00E-05,1.00E-05,1.00E-05,1.00E-05,1.00E-05,0.99989,1.00E-05,1.00E-05,0,1.00E-05,0,2.00E-05,1.00E-05,1.00E-05,2.00E-05,2.00E-05,1.10E-05,1.20E-05,0.999898,0.399356,1.00E-05,1.00E-05,1.00E-05,0.000447,KY_BBF_178_MG,Quercus muehlenbergii Engelm.,Kentucky,Briarbrook Farm ,38.277378,-84.201969,hyb,hyb,1.00E+00,>0.74
204,SYST-MOR-0006905,1.00E-05,1.00E-05,1.00E-05,1.00E-05,1.00E-05,1.00E-05,1.00E-05,0.99989,1.00E-05,0,0,1.00E-05,0,2.00E-05,1.00E-05,1.00E-05,1.00E-05,1.00E-05,1.00E-05,1.00E-05,0.9999,0.448793,1.00E-05,1.00E-05,1.00E-05,2.00E-05,KY_BBF_183_MG,Quercus muehlenbergii Engelm.,Kentucky,Briarbrook Farm ,38.273643,-84.208109,hyb,hyb,1.00E+00,>0.74
209,SYST-MOR-0006910,1.00E-05,1.00E-05,1.00E-05,1.00E-05,1.20E-05,1.00E-05,1.00E-05,0.598445,0.383251,1.00E-05,0,1.00E-05,0,2.00E-05,2.00E-05,2.20E-05,1.00E-05,2.00E-05,1.00E-05,1.00E-05,0.858676,0.471699,1.00E-05,0,0,1.00E-05,KY_ASF_188_MG,Quercus muehlenbergii Engelm.,Kentucky,Airdrie Stud Farm est. 1780,38.137672,-84.735528,hyb,hyb,5.98E-01,BC1?
213,SYST-MOR-0006914,1.00E-05,1.00E-05,1.00E-05,1.00E-05,1.00E-05,1.00E-05,1.00E-05,0.99989,1.00E-05,0,0,1.00E-05,1.00E-05,1.00E-05,1.00E-05,2.00E-05,2.00E-05,2.00E-05,1.00E-05,1.00E-05,0.9999,0.467922,1.00E-05,1.00E-05,1.00E-05,2.00E-05,KY_ASF_192_MG,Quercus muehlenbergii Engelm.,Kentucky,Airdrie Stud Farm est. 1780,38.135332,-84.733105,hyb,hyb,1.00E+00,>0.74
214,SYST-MOR-0006915,1.00E-05,1.00E-05,1.00E-05,1.00E-05,1.00E-05,1.00E-05,1.00E-05,0.411733,1.00E-05,1.00E-05,0,1.00E-05,0,2.00E-05,2.00E-05,1.00E-05,1.00E-05,1.00E-05,1.00E-05,1.00E-05,0.99989,0.588167,1.00E-05,0,0,1.00E-05,KY_ASF_193_MG,Quercus muehlenbergii Engelm.,Kentucky,Airdrie Stud Farm est. 1780,38.137235,-84.733179,hyb,hyb,4.12E-01,F1
217,SYST-MOR-0006918,1.00E-05,1.00E-05,1.00E-05,0.99989,1.00E-05,1.00E-05,1.00E-05,1.00E-05,1.00E-05,1.00E-05,0,1.00E-05,0,2.00E-05,0.04639,2.00E-05,0.9999,2.00E-05,1.50E-05,1.40E-05,2.00E-05,1.10E-05,1.10E-05,1.00E-05,1.00E-05,2.00E-05,KY_JJA_196_MG,Quercus lyrata Walt.,Kentucky,John James Audubon State Park ,37.892357,-87.5395,hyb,hyb,1.00E+00,>0.74
218,SYST-MOR-0006919,1.00E-05,0.063269,1.00E-05,0.360572,1.00E-05,0.570144,1.00E-05,1.00E-05,1.00E-05,1.00E-05,0,1.00E-05,0,0.027297,0.122968,2.00E-05,0.472111,2.00E-05,0.59965,1.90E-05,2.50E-05,1.70E-05,1.60E-05,1.00E-05,1.10E-05,2.10E-05,KY_JJA_197_MG,Quercus michauxii Nutt.,Kentucky,John James Audubon State Park ,37.894175,-87.538856,hyb,hyb,5.70E-01,F1
225,SYST-MOR-0006927,1.00E-05,0.215201,1.00E-05,0.780388,1.00E-05,1.00E-05,1.00E-05,1.00E-05,1.00E-05,1.00E-05,0,1.00E-05,0,2.20E-05,0.361888,2.00E-05,0.821128,3.00E-05,1.20E-05,1.30E-05,2.00E-05,1.90E-05,1.50E-05,1.00E-05,1.00E-05,2.00E-05,KY_JJA_205_MG,Quercus lyrata Walt.,Kentucky,John James Audubon State Park ,37.894907,-87.540391,hyb,hyb,7.80E-01,>0.74
247,SYST-MOR-0006949,0.494439,1.00E-05,1.00E-05,1.00E-05,0.505471,1.00E-05,1.00E-05,1.00E-05,1.00E-05,1.00E-05,0,1.00E-05,1.00E-05,0.567078,2.00E-05,1.00E-05,1.00E-05,0.51996,1.00E-05,1.00E-05,1.30E-05,1.00E-05,1.00E-05,1.00E-05,1.00E-05,2.00E-05,MN_PMN_227_MG,Quercus alba L.,Minnesota,Prairie Moon Nursery ,43.896108,-91.631757,hyb,hyb,5.05E-01,F1
249,SYST-MOR-0006951,0,1.00E-05,1.00E-05,1.00E-05,0.529116,0,1.00E-05,2.00E-05,1.00E-05,1.00E-05,0,1.10E-05,0,0.554388,1.00E-05,1.00E-05,2.00E-05,0.534983,1.00E-05,1.00E-05,2.00E-05,1.00E-05,1.00E-05,1.00E-05,1.00E-05,2.00E-05,WI_PKL_229_MG,Quercus alba L.,Wisconsin,Pickerel Lake,46.332048,-91.507301,hyb,hyb,5.29E-01,F1
250,SYST-MOR-0006952,0,1.10E-05,1.00E-05,1.00E-05,0.531792,0,1.00E-05,2.00E-05,1.00E-05,1.00E-05,1.00E-05,2.00E-05,1.00E-05,0,1.10E-05,1.00E-05,1.00E-05,0.531792,0,1.00E-05,2.00E-05,1.00E-05,1.00E-05,1.00E-05,1.00E-05,2.00E-05,WI_PKL_230_MG,Quercus alba L.,Wisconsin,Pickerel Lake,46.332273,-91.507437,hyb,hyb,5.32E-01,F1
251,SYST-MOR-0006953,0.999888,1.00E-05,1.00E-05,1.00E-05,1.00E-05,1.00E-05,1.00E-05,1.00E-05,1.00E-05,1.00E-05,0,1.00E-05,0,0.99989,2.00E-05,2.00E-05,1.00E-05,0.019983,1.00E-05,1.00E-05,1.00E-05,1.20E-05,1.00E-05,1.00E-05,1.00E-05,2.00E-05,WI_PKL_231_MG,Quercus alba L.,Wisconsin,Pickerel Lake,46.332523,-91.507719,hyb,hyb,1.00E+00,>0.74
252,SYST-MOR-0006954,0.132554,1.00E-05,1.00E-05,1.00E-05,0.867356,1.00E-05,1.00E-05,0,0,0,0,1.00E-05,0,0.132554,1.00E-05,1.00E-05,1.00E-05,0.867356,1.00E-05,1.00E-05,0,0,0,0,0,1.00E-05,WI_PKL_232_MG,Quercus macrocarpa Michx.,Wisconsin,Pickerel Lake,46.331697,-91.507324,hyb,hyb,8.67E-01,>0.74
280,SYST-MOR-0006983,1.00E-05,1.00E-05,1.00E-05,1.00E-05,1.00E-05,1.00E-05,1.00E-05,0.999889,1.00E-05,0,0,1.00E-05,0,2.00E-05,1.00E-05,2.10E-05,1.00E-05,2.00E-05,1.00E-05,1.00E-05,0.9999,0.498533,1.00E-05,1.00E-05,0,1.00E-05,OH_GLW_263_MG,Quercus muehlenbergii Engelm.,Ohio,Goll Woods,41.551443,-84.357894,hyb,hyb,1.00E+00,>0.74
287,SYST-MOR-0006990,1.00E-05,1.00E-05,1.00E-05,1.00E-05,1.00E-05,1.00E-05,1.00E-05,1.00E-05,0.99989,1.00E-05,0,1.00E-05,0,2.00E-05,2.00E-05,2.00E-05,2.00E-05,2.00E-05,1.00E-05,1.00E-05,0.031524,0.99989,1.20E-05,1.20E-05,1.00E-05,2.20E-05,MI_PRA_270_MG,Quercus prinoides Willd.,Michigan,Pinckney Recreation Area,42.411672,-83.985433,hyb,hyb,1.00E+00,>0.74
295,SYST-MOR-0006998,0.480137,1.00E-05,1.00E-05,1.00E-05,0.519773,1.00E-05,1.00E-05,0,0,0,0,1.00E-05,0,0.480137,1.00E-05,1.00E-05,1.00E-05,0.519773,1.00E-05,1.00E-05,0,0,0,0,0,1.00E-05,MI_PRA_278_MG,Quercus macrocarpa Michx.,Michigan,Pinckney Recreation Area,42.407538,-83.986305,hyb,hyb,5.20E-01,F1
303,SYST-MOR-0007006,1.00E-05,0.99989,1.00E-05,1.00E-05,1.00E-05,1.00E-05,1.00E-05,1.00E-05,1.00E-05,1.00E-05,0,1.00E-05,0,2.00E-05,0.9999,2.00E-05,0.004219,0.034409,1.20E-05,1.00E-05,2.00E-05,1.00E-05,1.00E-05,1.00E-05,1.00E-05,2.00E-05,MI_LLP_286_MG,Quercus bicolor Willd.,Michigan,Lake Lansing Park,42.767558,-84.384492,hyb,hyb,1.00E+00,>0.74
307,SYST-MOR-0007010,1.00E-05,0.948194,1.00E-05,1.00E-05,0.046189,1.00E-05,1.00E-05,1.00E-05,1.00E-05,1.00E-05,0,1.00E-05,0,2.40E-05,0.9999,1.00E-05,1.00E-05,0.079565,1.00E-05,1.00E-05,2.00E-05,1.00E-05,1.00E-05,1.00E-05,1.00E-05,2.00E-05,MI_LLP_290_MG,Quercus bicolor Willd.,Michigan,Lake Lansing Park,42.765814,-84.381325,hyb,hyb,9.48E-01,>0.74
312,SYST-MOR-0007015,1.00E-05,1.00E-05,1.00E-05,1.00E-05,1.00E-05,1.00E-05,1.00E-05,0.99989,1.00E-05,1.00E-05,0,1.00E-05,0,2.00E-05,2.00E-05,2.90E-05,2.00E-05,2.00E-05,1.10E-05,1.10E-05,0.9999,0.415377,1.00E-05,2.00E-05,1.00E-05,3.00E-05,KS_SMP_295_MG,Quercus muehlenbergii Engelm.,Kansas,Shawnee Mission Park,38.980762,-94.789191,hyb,hyb,1.00E+00,>0.74
314,SYST-MOR-0007017,0,1.00E-05,1.00E-05,1.00E-05,1.00E-05,0,1.00E-05,0.98609,1.00E-05,1.00E-05,0,1.00E-05,0,1.00E-05,2.00E-05,1.00E-05,1.00E-05,2.00E-05,1.00E-05,1.00E-05,0.9999,0.01381,1.00E-05,0,0,1.00E-05,KS_SMP_297_MG,Quercus muehlenbergii Engelm.,Kansas,Shawnee Mission Park,38.981131,-94.790356,hyb,hyb,9.86E-01,>0.74
320,SYST-MOR-0007023,2.00E-05,1.00E-05,1.00E-05,1.00E-05,2.00E-05,1.00E-05,1.00E-05,0.557186,0.442714,0,0,1.00E-05,0,2.00E-05,1.00E-05,1.00E-05,1.20E-05,2.00E-05,1.00E-05,1.00E-05,0.99989,0.539362,1.00E-05,1.00E-05,0,1.00E-05,KS_SMP_303_MG,Quercus muehlenbergii Engelm.,Kansas,Shawnee Mission Park,38.981893,-94.793894,hyb,hyb,5.57E-01,F1
322,SYST-MOR-0007025,1.00E-05,1.00E-05,1.00E-05,1.00E-05,2.00E-05,1.00E-05,1.00E-05,0.999888,1.00E-05,1.00E-05,0,1.00E-05,0,1.20E-05,1.30E-05,2.00E-05,1.00E-05,2.00E-05,1.00E-05,2.00E-05,0.99989,0.463634,1.00E-05,1.00E-05,1.00E-05,2.00E-05,KS_SMP_305_MG,Quercus muehlenbergii Engelm.,Kansas,Shawnee Mission Park,38.982533,-94.795299,hyb,hyb,1.00E+00,>0.74
324,SYST-MOR-0007027,1.00E-05,1.00E-05,1.00E-05,1.00E-05,1.00E-05,1.00E-05,1.00E-05,1.00E-05,1.00E-05,1.00E-05,0,0.99989,0,2.00E-05,2.00E-05,2.00E-05,1.90E-05,2.50E-05,1.00E-05,1.60E-05,2.00E-05,1.00E-05,1.60E-05,0.358823,0.99989,0.9999,KS_SMP_307_MG,Quercus stellata Wangenh.,Kansas,Shawnee Mission Park,38.980615,-94.791199,hyb,hyb,1.00E+00,>0.74
333,SYST-MOR-0007036,1.00E-05,1.00E-05,1.00E-05,1.00E-05,1.00E-05,1.00E-05,1.00E-05,0.999879,1.00E-05,1.00E-05,0,1.00E-05,0,2.40E-05,2.00E-05,2.40E-05,2.00E-05,2.00E-05,1.20E-05,1.50E-05,0.9999,0.567676,1.00E-05,1.00E-05,1.00E-05,2.00E-05,KS_KCP_316_MG,Quercus prinoides Willd.,Kansas,Kill Creek Park,38.917033,-94.973637,hyb,hyb,1.00E+00,>0.74
336,SYST-MOR-0007039,1.00E-05,1.00E-05,1.00E-05,1.00E-05,1.00E-05,1.00E-05,1.00E-05,0.522256,1.00E-05,0,0,1.00E-05,0,2.00E-05,1.00E-05,1.00E-05,1.00E-05,2.00E-05,1.00E-05,1.00E-05,0.99989,0.537258,1.00E-05,1.00E-05,1.00E-05,2.00E-05,KS_KZP_319_MG,Quercus muehlenbergii Engelm.,Kansas,Konza Prairie Biological Station,39.107929,-96.605811,hyb,hyb,5.22E-01,F1
338,SYST-MOR-0007041,1.00E-05,1.00E-05,1.00E-05,1.00E-05,1.00E-05,0,0,0.309156,1.00E-05,0,0,1.00E-05,0,2.00E-05,1.00E-05,1.00E-05,1.00E-05,2.00E-05,1.80E-05,1.00E-05,0.99989,1.00E-05,1.00E-05,0,0,1.00E-05,KS_KZP_321_MG,Quercus muehlenbergii Engelm.,Kansas,Konza Prairie Biological Station,39.107902,-96.604707,hyb,hyb,3.09E-01,F1
343,SYST-MOR-0007046,1.00E-05,1.00E-05,1.00E-05,1.00E-05,1.00E-05,1.00E-05,1.00E-05,0.99989,1.00E-05,1.00E-05,0,1.00E-05,0,2.00E-05,2.00E-05,2.00E-05,2.00E-05,2.30E-05,1.00E-05,1.00E-05,0.9999,0.425003,1.00E-05,1.00E-05,1.00E-05,2.00E-05,KS_KZP_326_MG,Quercus muehlenbergii Engelm.,Kansas,Konza Prairie Biological Station,39.106907,-96.603869,hyb,hyb,1.00E+00,>0.74
344,SYST-MOR-0007047,1.00E-05,0.711069,1.00E-05,1.00E-05,0.288831,1.00E-05,1.00E-05,1.00E-05,1.00E-05,1.00E-05,1.00E-05,2.00E-05,1.00E-05,1.00E-05,0.711069,1.00E-05,1.00E-05,0.288831,1.00E-05,1.00E-05,1.00E-05,1.00E-05,1.00E-05,1.00E-05,1.00E-05,2.00E-05,NY_BIP_327_MG,Quercus macrocarpa Michx.,New York,Buckhorn Island State Park ,43.057823,-78.971293,hyb,hyb,7.11E-01,BC1?
345,SYST-MOR-0007048,2.00E-05,0.059139,1.00E-05,1.00E-05,0.940771,1.00E-05,1.00E-05,0,0,1.00E-05,0,1.00E-05,0,2.00E-05,0.059139,1.00E-05,1.00E-05,0.940771,1.00E-05,1.00E-05,0,0,1.00E-05,0,0,1.00E-05,NY_BIP_328_MG,Quercus macrocarpa Michx.,New York,Buckhorn Island State Park ,43.059487,-78.972202,hyb,hyb,9.41E-01,>0.74
347,SYST-MOR-0007050,1.10E-05,0.60448,1.00E-05,1.00E-05,0.395429,1.00E-05,1.00E-05,1.00E-05,1.00E-05,1.00E-05,0,1.00E-05,0,1.10E-05,0.60448,1.00E-05,1.00E-05,0.395429,1.00E-05,1.00E-05,1.00E-05,1.00E-05,1.00E-05,0,0,1.00E-05,NY_BIP_330_MG,Quercus macrocarpa Michx.,New York,Buckhorn Island State Park ,43.061137,-78.973082,hyb,hyb,6.04E-01,BC1?
349,SYST-MOR-0007052,0.225733,0.770025,1.00E-05,1.00E-05,2.00E-05,1.00E-05,1.00E-05,1.00E-05,1.00E-05,1.00E-05,0,1.00E-05,0,0.254806,0.809479,2.00E-05,2.00E-05,0.057164,1.00E-05,1.10E-05,2.00E-05,1.00E-05,1.00E-05,1.50E-05,1.00E-05,2.50E-05,NY_BIP_332_MG,Quercus bicolor Willd.,New York,Buckhorn Island State Park ,43.057171,-78.985856,hyb,hyb,7.70E-01,>0.74
352,SYST-MOR-0007055,1.00E-05,0.808792,1.00E-05,1.00E-05,0.183206,1.00E-05,1.00E-05,1.00E-05,1.00E-05,1.00E-05,0,1.00E-05,0,2.00E-05,0.888734,2.00E-05,2.00E-05,0.233129,1.40E-05,1.00E-05,2.00E-05,1.50E-05,1.40E-05,1.00E-05,1.00E-05,2.00E-05,NY_BIP_335_MG,Quercus bicolor Willd.,New York,Buckhorn Island State Park ,43.056548,-78.983166,hyb,hyb,8.09E-01,>0.74
353,SYST-MOR-0007056,1.00E-05,0.529717,1.00E-05,2.00E-05,0.470173,1.00E-05,1.00E-05,1.00E-05,1.00E-05,0,0,1.00E-05,0,1.00E-05,0.529717,1.00E-05,2.00E-05,0.470173,1.00E-05,1.00E-05,1.00E-05,1.00E-05,0,0,0,1.00E-05,NY_BIP_336_MG,Quercus macrocarpa Michx.,New York,Buckhorn Island State Park ,43.056674,-78.981437,hyb,hyb,5.30E-01,F1
354,SYST-MOR-0007057,1.00E-05,0.996249,1.00E-05,1.00E-05,1.00E-05,1.00E-05,1.00E-05,1.00E-05,1.00E-05,1.00E-05,0,1.00E-05,0,2.00E-05,0.9999,2.00E-05,0.003661,0.049746,1.00E-05,1.40E-05,2.00E-05,1.00E-05,1.00E-05,1.00E-05,1.00E-05,2.00E-05,NY_BIP_337_MG,Quercus bicolor Willd.,New York,Buckhorn Island State Park ,43.056245,-78.978698,hyb,hyb,9.96E-01,>0.74
356,SYST-MOR-0007060,1.00E-05,0.968027,1.00E-05,1.00E-05,0.02798,1.00E-05,1.00E-05,1.00E-05,1.00E-05,1.00E-05,0,1.00E-05,0,2.00E-05,0.9999,2.00E-05,2.00E-05,0.111711,1.00E-05,1.00E-05,2.00E-05,1.00E-05,1.00E-05,1.00E-05,1.00E-05,2.00E-05,NY_BIP_340_MG,Quercus bicolor Willd.,New York,Buckhorn Island State Park ,43.055681,-78.974019,hyb,hyb,9.68E-01,>0.74
362,SYST-MOR-0007067,2.00E-05,0.108834,1.00E-05,1.00E-05,0.698262,1.00E-05,1.00E-05,0.192809,1.00E-05,0,0,1.00E-05,0,2.00E-05,0.108834,1.00E-05,1.00E-05,0.698262,1.00E-05,1.00E-05,0.192809,1.00E-05,0,0,0,1.00E-05,NY_SSP_347_MG,Quercus macrocarpa Michx.,New York,Sampson State Park ,42.740713,-76.904985,hyb,hyb,6.98E-01,BC1?
363,SYST-MOR-0007068,0,0.805458,1.00E-05,1.00E-05,0.194442,0,1.00E-05,2.00E-05,1.00E-05,1.00E-05,1.00E-05,2.00E-05,1.00E-05,0,0.805458,1.00E-05,1.00E-05,0.194442,0,1.00E-05,2.00E-05,1.00E-05,1.00E-05,1.00E-05,1.00E-05,2.00E-05,NY_SSP_348_MG,Quercus macrocarpa Michx.,New York,Sampson State Park ,42.741551,-76.901053,hyb,hyb,8.05E-01,>0.74
369,SYST-MOR-0007074,1.00E-05,0.038052,1.00E-05,1.00E-05,0.961858,1.00E-05,1.00E-05,1.00E-05,1.00E-05,1.00E-05,0,1.00E-05,0,1.00E-05,0.038052,1.00E-05,1.00E-05,0.961858,1.00E-05,1.00E-05,1.00E-05,1.00E-05,1.00E-05,0,0,1.00E-05,NY_CMB_354_MG,Quercus macrocarpa Michx.,New York,Chaumont Barrens Nature Preserve ,44.098673,-76.078697,hyb,hyb,9.62E-01,>0.74
372,SYST-MOR-0007077,0.4946,1.00E-05,1.00E-05,1.00E-05,0.446026,1.00E-05,1.00E-05,0,0,1.00E-05,0,1.00E-05,0,0.57793,1.00E-05,2.00E-05,1.00E-05,0.541082,1.00E-05,1.00E-05,2.00E-05,1.00E-05,1.00E-05,1.00E-05,0,2.00E-05,NY_CMB_357_MG,Quercus alba L.,New York,Chaumont Barrens Nature Preserve ,44.0979,-76.080361,hyb,hyb,4.95E-01,F1
373,SYST-MOR-0007078,0.884012,1.00E-05,1.00E-05,1.00E-05,0.088168,1.00E-05,1.00E-05,0,0,1.00E-05,0,1.60E-05,0,0.915229,2.00E-05,1.00E-05,1.00E-05,0.127365,1.00E-05,1.00E-05,1.00E-05,1.00E-05,1.00E-05,1.00E-05,1.00E-05,2.00E-05,NY_CMB_358_MG,Quercus alba L.,New York,Chaumont Barrens Nature Preserve ,44.099964,-76.07571,hyb,hyb,8.84E-01,>0.74
377,SYST-MOR-0007082,0.155204,1.00E-05,1.00E-05,1.00E-05,0.844696,1.00E-05,1.00E-05,1.00E-05,1.00E-05,1.00E-05,1.00E-05,2.00E-05,1.00E-05,0.155204,1.00E-05,1.00E-05,1.00E-05,0.844696,1.00E-05,1.00E-05,1.00E-05,1.00E-05,1.00E-05,1.00E-05,1.00E-05,2.00E-05,VT_DHT_362_MG,Quercus macrocarpa Michx.,Vermont,Delaware Hudson Rail Trail,43.601897,-73.181963,hyb,hyb,8.45E-01,>0.74
378,SYST-MOR-0007083,0.145526,0.146614,1.00E-05,1.00E-05,0.70779,0,0,1.00E-05,1.00E-05,1.00E-05,0,1.00E-05,0,0.145526,0.146614,1.00E-05,1.00E-05,0.70779,0,0,1.00E-05,1.00E-05,1.00E-05,0,0,1.00E-05,VT_DHT_363_MG,Quercus macrocarpa Michx.,Vermont,Delaware Hudson Rail Trail,43.600835,-73.182905,hyb,hyb,7.08E-01,BC1?
383,SYST-MOR-0007088,1.00E-05,0.043313,1.00E-05,1.00E-05,0.956587,1.00E-05,1.00E-05,2.00E-05,1.00E-05,0,0,1.00E-05,0,1.00E-05,0.043313,1.00E-05,1.00E-05,0.956587,1.00E-05,1.00E-05,2.00E-05,1.00E-05,0,0,0,1.00E-05,VT_DHT_368_MG,Quercus macrocarpa Michx.,Vermont,Delaware Hudson Rail Trail,43.598003,-73.186823,hyb,hyb,9.57E-01,>0.74
394,SYST-MOR-0007099,1.00E-05,1.00E-05,1.00E-05,1.00E-05,1.00E-05,1.00E-05,1.00E-05,1.00E-05,0.999889,1.00E-05,0,1.00E-05,0,2.00E-05,2.00E-05,0.00024,2.00E-05,2.00E-05,1.00E-05,1.50E-05,0.010091,0.99989,1.30E-05,1.30E-05,1.00E-05,2.30E-05,NY_APB_379_MG,Quercus prinoides Willd.,New York,Albany Pine Bush Preserve,42.718048,-73.855642,hyb,hyb,1.00E+00,>0.74
395,SYST-MOR-0007100,1.00E-05,1.00E-05,1.00E-05,1.00E-05,1.00E-05,1.00E-05,1.00E-05,1.00E-05,0.99989,1.00E-05,0,1.00E-05,0,2.00E-05,2.00E-05,2.00E-05,2.00E-05,2.50E-05,1.00E-05,1.30E-05,0.013419,0.99989,1.00E-05,1.00E-05,1.00E-05,2.00E-05,NY_APB_380_MG,Quercus prinoides Willd.,New York,Albany Pine Bush Preserve,42.717212,-73.855943,hyb,hyb,1.00E+00,>0.74
398,SYST-MOR-0007104,1.00E-05,1.00E-05,1.00E-05,1.00E-05,1.00E-05,1.00E-05,1.00E-05,1.00E-05,0.99989,1.00E-05,0,1.00E-05,0,2.00E-05,2.00E-05,2.20E-05,2.00E-05,2.00E-05,1.00E-05,1.00E-05,0.01582,0.99989,1.50E-05,1.00E-05,1.00E-05,2.00E-05,NY_APB_384_MG,Quercus prinoides Willd.,New York,Albany Pine Bush Preserve,42.716001,-73.853819,hyb,hyb,1.00E+00,>0.74
401,SYST-MOR-0007107,1.00E-05,1.00E-05,1.00E-05,1.00E-05,1.00E-05,1.00E-05,1.00E-05,0.428862,0.293263,1.00E-05,0,1.00E-05,0,2.00E-05,2.00E-05,2.20E-05,1.30E-05,1.00E-05,1.00E-05,1.00E-05,0.99989,0.577354,1.00E-05,1.00E-05,1.00E-05,2.00E-05,MA_BTC_387_MG,Quercus muehlenbergii Engelm.,Massachusetts,Bartholomew's Cobble,42.056035,-73.350217,hyb,hyb,4.29E-01,F1
402,SYST-MOR-0007108,2.00E-05,1.00E-05,1.00E-05,1.00E-05,1.90E-05,0,0,0.679482,0.320418,1.00E-05,0,1.00E-05,0,2.00E-05,1.00E-05,2.00E-05,1.00E-05,2.10E-05,1.00E-05,1.00E-05,0.753917,0.999871,1.00E-05,2.00E-05,1.00E-05,3.00E-05,MA_BTC_388_MG,Quercus muehlenbergii Engelm.,Massachusetts,Bartholomew's Cobble,42.055943,-73.350234,hyb,hyb,6.79E-01,BC1?
404,SYST-MOR-0007110,1.00E-05,1.00E-05,1.00E-05,1.00E-05,1.00E-05,0,1.00E-05,0.791984,0.207926,1.00E-05,0,1.00E-05,0,2.00E-05,1.00E-05,1.00E-05,1.00E-05,2.00E-05,1.00E-05,1.00E-05,0.9999,0.251578,1.00E-05,1.00E-05,1.00E-05,2.00E-05,MA_BTC_390_MG,Quercus muehlenbergii Engelm.,Massachusetts,Bartholomew's Cobble,42.055817,-73.350211,hyb,hyb,7.92E-01,>0.74
405,SYST-MOR-0007111,1.00E-05,1.00E-05,1.00E-05,1.00E-05,1.00E-05,1.00E-05,1.00E-05,1.00E-05,0.999889,1.00E-05,0,1.00E-05,0,1.00E-05,2.00E-05,2.00E-05,1.00E-05,1.00E-05,1.00E-05,1.00E-05,0.9999,0.99989,1.00E-05,1.10E-05,1.00E-05,2.10E-05,MA_BTC_391_MG,Quercus muehlenbergii Engelm.,Massachusetts,Bartholomew's Cobble,42.056042,-73.350957,hyb,hyb,1.00E+00,>0.74
407,SYST-MOR-0007114,0.06653,1.00E-05,2.00E-05,1.00E-05,0.93337,1.00E-05,1.00E-05,1.00E-05,1.00E-05,1.00E-05,0,1.00E-05,0,0.06653,1.00E-05,2.00E-05,1.00E-05,0.93337,1.00E-05,1.00E-05,1.00E-05,1.00E-05,1.00E-05,0,0,1.00E-05,MA_NMK_394_MG,Quercus macrocarpa Michx.,Massachusetts,Naumkaeg,42.287503,-73.315912,hyb,hyb,9.33E-01,>0.74
412,SYST-MOR-0007119,0,0.039574,1.00E-05,1.00E-05,0.960334,0,1.00E-05,2.00E-05,1.00E-05,1.00E-05,0,1.20E-05,0,0,0.039574,1.00E-05,1.00E-05,0.960334,0,1.00E-05,2.00E-05,1.00E-05,1.00E-05,0,0,1.20E-05,MA_LKN_399_MG,Quercus macrocarpa Michx.,Massachusetts,Mass Audubon Lime Kiln Farm ,42.08412,-73.367427,hyb,hyb,9.60E-01,>0.74
417,SYST-MOR-0007124,1.00E-05,0.220851,2.00E-05,1.00E-05,0.779049,0,0,1.00E-05,1.00E-05,1.00E-05,1.00E-05,2.00E-05,1.00E-05,1.00E-05,0.220851,2.00E-05,1.00E-05,0.779049,0,0,1.00E-05,1.00E-05,1.00E-05,1.00E-05,1.00E-05,2.00E-05,MA_SBF_404_MG,Quercus macrocarpa Michx.,Massachusetts,Schenob Brook Fen,42.084218,-73.385464,hyb,hyb,7.79E-01,>0.74
420,SYST-MOR-0007127,1.00E-05,0,1.00E-05,0,0.914686,1.00E-05,1.00E-05,1.00E-05,1.00E-05,1.00E-05,1.00E-05,2.00E-05,1.00E-05,1.00E-05,0,1.00E-05,0,0.914686,1.00E-05,1.00E-05,1.00E-05,1.00E-05,1.00E-05,1.00E-05,1.00E-05,2.00E-05,MA_SBF_407_MG,Quercus macrocarpa Michx.,Massachusetts,Schenob Brook Fen,42.084996,-73.385541,hyb,hyb,9.15E-01,>0.74
451,SYST-MOR-0007158,1.00E-05,1.00E-05,1.00E-05,1.00E-05,1.00E-05,1.00E-05,1.00E-05,1.00E-05,1.00E-05,1.00E-05,0,0.99989,0,2.00E-05,2.00E-05,2.00E-05,2.00E-05,2.10E-05,1.00E-05,1.80E-05,2.00E-05,1.00E-05,0.01897,0.99989,1.00E-05,0.9999,TX_PLM_438_MG,Quercus margaretiae Ashe ex Small,Texas,Palmetto State Park,29.597151,-97.584878,hyb,hyb,1.00E+00,>0.74
462,SYST-MOR-0007169,1.00E-05,1.00E-05,1.00E-05,1.00E-05,1.00E-05,1.00E-05,1.00E-05,1.00E-05,1.00E-05,1.00E-05,0,0.99989,0,2.00E-05,2.00E-05,2.00E-05,1.00E-05,1.00E-05,1.50E-05,1.00E-05,1.00E-05,1.40E-05,1.00E-05,0.619419,0.380476,0.999895,TX_CHP_449_MG,Quercus stellata Wangenh.,Texas,Cedar Hill State Park ,32.637725,-96.977414,hyb,hyb,1.00E+00,>0.74
463,SYST-MOR-0007170,1.00E-05,1.00E-05,1.00E-05,1.00E-05,1.00E-05,1.00E-05,1.00E-05,1.00E-05,1.00E-05,1.00E-05,0,0.99989,0,2.00E-05,2.00E-05,2.00E-05,2.00E-05,2.00E-05,1.00E-05,1.00E-05,2.00E-05,1.00E-05,0.246455,0.896142,0.99989,0.9999,TX_CHP_450_MG,Quercus stellata Wangenh.,Texas,Cedar Hill State Park ,32.638171,-96.97767,hyb,hyb,1.00E+00,>0.74
465,SYST-MOR-0007172,1.00E-05,1.00E-05,1.00E-05,1.00E-05,1.10E-05,1.00E-05,1.00E-05,1.00E-05,1.00E-05,1.00E-05,0,0.999889,0,2.00E-05,1.50E-05,2.00E-05,2.00E-05,2.00E-05,0.000719,1.00E-05,2.00E-05,1.00E-05,1.10E-05,0.99989,0.99989,0.9999,TX_CHP_452_MG,Quercus stellata Wangenh.,Texas,Cedar Hill State Park ,32.637915,-96.978443,hyb,hyb,1.00E+00,>0.74
466,SYST-MOR-0007173,1.00E-05,1.00E-05,1.00E-05,1.00E-05,1.00E-05,1.00E-05,1.00E-05,1.00E-05,1.00E-05,1.00E-05,0,0.99989,0,2.00E-05,2.00E-05,2.00E-05,2.00E-05,2.00E-05,1.00E-05,0.002602,2.00E-05,1.80E-05,1.30E-05,0.704707,0.99988,0.9999,TX_CHP_453_MG,Quercus stellata Wangenh.,Texas,Cedar Hill State Park ,32.638394,-96.979086,hyb,hyb,1.00E+00,>0.74
468,SYST-MOR-0007175,1.00E-05,1.00E-05,1.00E-05,1.00E-05,1.00E-05,1.00E-05,1.00E-05,1.00E-05,1.00E-05,0,0,0.99989,0,2.00E-05,2.00E-05,1.00E-05,1.00E-05,2.50E-05,1.00E-05,1.00E-05,2.00E-05,1.00E-05,1.00E-05,0.771227,0.228668,0.999895,TX_CHP_455_MG,Quercus stellata Wangenh.,Texas,Cedar Hill State Park ,32.634978,-96.979733,hyb,hyb,1.00E+00,>0.74
484,SYST-MOR-0007191,1.00E-05,0.52092,1.00E-05,1.00E-05,0.458864,1.00E-05,1.00E-05,1.00E-05,1.00E-05,1.00E-05,0,1.00E-05,0,2.00E-05,0.574522,2.00E-05,1.00E-05,0.58396,1.60E-05,1.50E-05,2.00E-05,1.00E-05,1.40E-05,1.00E-05,1.10E-05,2.10E-05,IL_RCA_471_MG,Quercus bicolor Willd.,Illinois,Ryerson Conservation Area,42.180086,-87.906421,hyb,hyb,5.21E-01,F1
494,SYST-MOR-0007202,1.00E-05,1.00E-05,1.00E-05,1.00E-05,1.00E-05,1.00E-05,1.00E-05,0.999881,1.00E-05,0,0,1.00E-05,0,2.00E-05,2.00E-05,1.20E-05,2.00E-05,2.90E-05,1.00E-05,1.00E-05,0.9999,0.017612,1.90E-05,1.00E-05,0,1.00E-05,IN_MWT_482_MG,Quercus muehlenbergii Engelm.,Indiana,McCormick Woods Trail ,40.438383,-86.930811,hyb,hyb,1.00E+00,>0.74
497,SYST-MOR-0007205,1.00E-05,1.00E-05,1.00E-05,1.00E-05,1.00E-05,1.00E-05,1.00E-05,0.99989,1.00E-05,1.00E-05,0,1.00E-05,0,2.00E-05,2.00E-05,2.00E-05,0.000395,2.00E-05,1.90E-05,1.00E-05,0.9999,0.015991,1.30E-05,1.00E-05,1.00E-05,2.00E-05,IN_TYL_485_MG,Quercus muehlenbergii Engelm.,Indiana,Taylor Wilderness,40.457291,-85.509987,hyb,hyb,1.00E+00,>0.74
506,SYST-MOR-0007215,1.00E-05,1.00E-05,1.00E-05,1.00E-05,1.00E-05,1.00E-05,1.00E-05,0.99989,1.00E-05,1.00E-05,0,1.00E-05,0,2.00E-05,2.30E-05,2.00E-05,2.00E-05,2.50E-05,1.80E-05,1.00E-05,0.9999,0.019013,1.00E-05,1.00E-05,1.90E-05,2.90E-05,IN_TYL_495_MG,Quercus muehlenbergii Engelm.,Indiana,Taylor Wilderness,40.457023,-85.508851,hyb,hyb,1.00E+00,>0.74
509,SYST-MOR-0007218,0.568376,1.00E-05,1.00E-05,1.00E-05,1.00E-05,1.00E-05,1.00E-05,0.407612,1.00E-05,1.00E-05,0,1.00E-05,0,0.592281,2.60E-05,1.00E-05,1.00E-05,2.00E-05,1.00E-05,1.10E-05,0.431524,1.70E-05,1.00E-05,1.00E-05,1.00E-05,2.00E-05,IN_TYL_498_MG,Quercus muehlenbergii Engelm.,Indiana,Taylor Wilderness,40.45697,-85.508489,hyb,hyb,5.68E-01,F1
516,SYST-MOR-0007225,1.00E-05,1.00E-05,1.00E-05,1.00E-05,1.20E-05,1.00E-05,1.00E-05,0.999888,1.00E-05,1.00E-05,0,1.00E-05,0,2.00E-05,2.00E-05,2.00E-05,1.00E-05,2.00E-05,1.00E-05,1.40E-05,0.99989,0.015979,1.00E-05,1.00E-05,1.00E-05,2.00E-05,IN_LCP_505_MG,Quercus muehlenbergii Engelm.,Indiana,Lower Cascades Park ,39.196261,-86.53707,hyb,hyb,1.00E+00,>0.74
526,SYST-MOR-0007235,1.00E-05,1.00E-05,1.00E-05,1.00E-05,1.00E-05,1.00E-05,1.00E-05,0.560883,1.00E-05,0,0,1.00E-05,0,1.00E-05,1.00E-05,1.00E-05,2.00E-05,1.00E-05,1.00E-05,1.60E-05,0.999884,0.439017,0,0,0,1.00E-05,OH_STR_515_MG,Quercus muehlenbergii Engelm.,Ohio,Strouds Run State Park,39.346829,-82.036902,hyb,hyb,5.61E-01,F1
629,SYST-MOR-0007435,0,0.156171,1.00E-05,1.50E-05,0.843726,0,1.00E-05,2.00E-05,1.00E-05,1.00E-05,0,1.00E-05,0,0,0.156171,1.00E-05,1.50E-05,0.843726,0,1.00E-05,2.00E-05,1.00E-05,1.00E-05,0,0,1.00E-05,MI-MG662,Quercus macrocarpa Michx.,Michigan,"Pinconning Park, Campground",43.85351,-83.92468,hyb,hyb,8.44E-01,>0.74
630,SYST-MOR-0007436,1.00E-05,0.420414,2.00E-05,1.00E-05,0.579478,0,0,1.00E-05,1.00E-05,1.30E-05,1.00E-05,2.00E-05,1.00E-05,1.00E-05,0.420414,2.00E-05,1.00E-05,0.579478,0,0,1.00E-05,1.00E-05,1.30E-05,1.00E-05,1.00E-05,2.00E-05,MI-MG663,Quercus macrocarpa Michx.,Michigan,"Pinconning Park, Campground",43.85323,-83.923,hyb,hyb,5.79E-01,F1
632,SYST-MOR-0007438,1.00E-05,0.040128,1.00E-05,1.00E-05,0.959772,1.00E-05,1.00E-05,0,0,1.00E-05,1.00E-05,2.00E-05,1.00E-05,1.00E-05,0.040128,1.00E-05,1.00E-05,0.959772,1.00E-05,1.00E-05,0,0,1.00E-05,1.00E-05,1.00E-05,2.00E-05,MI-MG665,Quercus macrocarpa Michx.,Michigan,"Pinconning Park, Ed Donnelly Trail entrance",43.85258,-83.92463,hyb,hyb,9.60E-01,>0.74
633,SYST-MOR-0007439,0,0.463136,1.00E-05,1.00E-05,0.536763,0,1.00E-05,3.00E-05,1.00E-05,1.10E-05,0,1.00E-05,0,0,0.463136,1.00E-05,1.00E-05,0.536763,0,1.00E-05,3.00E-05,1.00E-05,1.10E-05,0,0,1.00E-05,MI-MG666,Quercus macrocarpa Michx.,Michigan,"Pinconning Park, Ed Donnelly Trail",43.85009,-83.92375,hyb,hyb,5.37E-01,F1
636,SYST-MOR-0007442,2.00E-05,0.308704,1.00E-05,1.00E-05,0.691196,1.00E-05,1.00E-05,1.00E-05,1.00E-05,1.00E-05,0,1.00E-05,0,2.00E-05,0.308704,1.00E-05,1.00E-05,0.691196,1.00E-05,1.00E-05,1.00E-05,1.00E-05,1.00E-05,0,0,1.00E-05,MI-MG669,Quercus macrocarpa Michx.,Michigan,"Pinconning Park, Campground",43.85426,-83.92468,hyb,hyb,6.91E-01,BC1?
637,SYST-MOR-0007443,2.00E-05,0.235051,1.00E-05,1.00E-05,0.764853,1.00E-05,1.00E-05,0,0,1.00E-05,0,1.00E-05,0,2.00E-05,0.235051,1.00E-05,1.00E-05,0.764853,1.00E-05,1.00E-05,0,0,1.00E-05,0,0,1.00E-05,MI-MG670,Quercus macrocarpa Michx.,Michigan,"Pinconning Park, By cabins",43.85505,-83.92502,hyb,hyb,7.65E-01,>0.74
639,SYST-MOR-0007445,0,0.023424,1.00E-05,1.00E-05,0.974836,0,1.00E-05,0.00166,1.00E-05,1.00E-05,1.00E-05,2.00E-05,1.00E-05,0,0.023424,1.00E-05,1.00E-05,0.974836,0,1.00E-05,0.00166,1.00E-05,1.00E-05,1.00E-05,1.00E-05,2.00E-05,MI-MG672,Quercus macrocarpa Michx.,Michigan,"Pinconning Park, Campground",43.85714,-83.92524,hyb,hyb,9.75E-01,>0.74
691,SYST-MOR-0007497,2.00E-05,1.00E-05,0.056531,1.00E-05,0.943369,1.00E-05,1.00E-05,1.00E-05,1.00E-05,1.00E-05,0,1.00E-05,0,2.00E-05,1.00E-05,0.056531,1.00E-05,0.943369,1.00E-05,1.00E-05,1.00E-05,1.00E-05,1.00E-05,0,0,1.00E-05,JCB-SD-SPF-1012,Quercus macrocarpa Michx.,South Dakota,heading towards Spearfish,44.49133,-103.80895,hyb,hyb,9.43E-01,>0.74
692,SYST-MOR-0007498,1.00E-05,1.00E-05,0.040459,1.00E-05,0.959451,1.00E-05,1.00E-05,0,0,1.00E-05,0,2.00E-05,1.00E-05,1.00E-05,1.00E-05,0.040459,1.00E-05,0.959451,1.00E-05,1.00E-05,0,0,1.00E-05,1.00E-05,0,2.00E-05,JCB-SD-SPF-1013,Quercus macrocarpa Michx.,South Dakota,heading towards Spearfish,44.48498,-103.82365,hyb,hyb,9.59E-01,>0.74
693,SYST-MOR-0007499,0,1.00E-05,0.047602,1.00E-05,0.952298,0,1.00E-05,2.00E-05,1.00E-05,1.00E-05,1.00E-05,2.00E-05,1.00E-05,0,1.00E-05,0.047602,1.00E-05,0.952298,0,1.00E-05,2.00E-05,1.00E-05,1.00E-05,1.00E-05,1.00E-05,2.00E-05,JCB-SD-SPF-1014,Quercus macrocarpa Michx.,South Dakota,heading towards Spearfish,44.4799,-103.83084,hyb,hyb,9.52E-01,>0.74
695,SYST-MOR-0007501,1.00E-05,1.00E-05,0.026287,1.00E-05,0.973613,1.00E-05,1.00E-05,0,0,1.00E-05,1.00E-05,2.00E-05,1.00E-05,1.00E-05,1.00E-05,0.026287,1.00E-05,0.973613,1.00E-05,1.00E-05,0,0,1.00E-05,1.00E-05,1.00E-05,2.00E-05,JCB-SD-SPF-1016,Quercus macrocarpa Michx.,South Dakota,heading towards Spearfish,44.46733,-103.84975,hyb,hyb,9.74E-01,>0.74
696,SYST-MOR-0007502,1.00E-05,1.00E-05,0.047842,1.00E-05,0.952058,1.00E-05,1.00E-05,2.00E-05,1.00E-05,0,0,1.00E-05,0,1.00E-05,1.00E-05,0.047842,1.00E-05,0.952058,1.00E-05,1.00E-05,2.00E-05,1.00E-05,0,0,0,1.00E-05,JCB-SD-SPF-1017,Quercus macrocarpa Michx.,South Dakota,In the Black Hills State Park - Spearfish,44.46308,-103.85467,hyb,hyb,9.52E-01,>0.74
697,SYST-MOR-0007503,1.00E-05,1.00E-05,0.062167,1.00E-05,0.937731,1.00E-05,1.00E-05,1.00E-05,1.00E-05,0,0,1.00E-05,0,1.00E-05,1.00E-05,0.062167,1.00E-05,0.937731,1.00E-05,1.00E-05,1.00E-05,1.00E-05,0,0,0,1.00E-05,JCB-SD-SPF-1018,Quercus macrocarpa Michx.,South Dakota,In the Black Hills State Park - Spearfish,44.45616,-103.86291,hyb,hyb,9.38E-01,>0.74
698,SYST-MOR-0007504,2.00E-05,1.00E-05,0.056876,1.00E-05,0.923864,1.00E-05,0.01917,1.00E-05,1.00E-05,1.00E-05,0,1.00E-05,0,2.00E-05,1.00E-05,0.056876,1.00E-05,0.923864,1.00E-05,0.01917,1.00E-05,1.00E-05,1.00E-05,0,0,1.00E-05,JCB-SD-SPF-1019,Quercus macrocarpa Michx.,South Dakota,In the Black Hills State Park - Spearfish,44.45053,-103.86419,hyb,hyb,9.24E-01,>0.74
699,SYST-MOR-0007505,1.00E-05,1.00E-05,0.030252,1.00E-05,0.969648,1.00E-05,1.00E-05,1.00E-05,1.00E-05,0,0,1.00E-05,0,1.00E-05,1.00E-05,0.030252,1.00E-05,0.969648,1.00E-05,1.00E-05,1.00E-05,1.00E-05,0,0,0,1.00E-05,JCB-SD-SPF-1020,Quercus macrocarpa Michx.,South Dakota,In the Black Hills State Park - Spearfish,44.4337,-103.87411,hyb,hyb,9.70E-01,>0.74
1,SRR14632920,1.00E-05,1.00E-05,0.99989,1.00E-05,1.00E-05,1.00E-05,1.00E-05,1.00E-05,1.00E-05,1.00E-05,0,1.00E-05,0,2.00E-05,2.00E-05,0.9999,2.00E-05,2.00E-05,1.20E-05,1.70E-05,2.00E-05,1.30E-05,1.40E-05,1.00E-05,1.20E-05,2.20E-05,,Quercus lobata  Nee.,,,NA,NA,lob,pure,1.00E+00,pure
2,SRR14632922,1.00E-05,1.00E-05,0.99989,1.00E-05,1.00E-05,1.00E-05,1.00E-05,1.00E-05,1.00E-05,1.00E-05,0,1.00E-05,0,2.00E-05,2.00E-05,0.999899,2.00E-05,2.00E-05,1.00E-05,1.40E-05,2.40E-05,1.00E-05,1.00E-05,1.30E-05,1.00E-05,2.30E-05,,Quercus lobata  Nee.,,,NA,NA,lob,pure,1.00E+00,pure
3,SRR14632924,1.00E-05,1.00E-05,0.99989,1.00E-05,1.00E-05,1.00E-05,1.00E-05,1.00E-05,1.00E-05,1.00E-05,0,1.00E-05,0,2.30E-05,2.70E-05,0.999891,2.00E-05,2.30E-05,1.50E-05,1.30E-05,2.20E-05,1.60E-05,1.90E-05,1.90E-05,1.20E-05,2.90E-05,,Quercus lobata  Nee.,,,NA,NA,lob,pure,1.00E+00,pure
4,SRR14632927,1.00E-05,1.00E-05,0.99989,1.00E-05,1.00E-05,1.00E-05,1.00E-05,1.00E-05,1.00E-05,1.00E-05,0,1.00E-05,0,2.00E-05,2.00E-05,0.9999,2.00E-05,2.10E-05,1.40E-05,1.60E-05,2.30E-05,1.80E-05,1.00E-05,1.70E-05,1.00E-05,2.70E-05,,Quercus lobata  Nee.,,,NA,NA,lob,pure,1.00E+00,pure
5,SRR14632928,1.00E-05,1.00E-05,0.99989,1.00E-05,1.00E-05,1.00E-05,1.00E-05,1.00E-05,1.00E-05,1.00E-05,0,1.00E-05,0,2.40E-05,2.00E-05,0.999897,2.00E-05,2.80E-05,1.00E-05,1.80E-05,2.10E-05,1.00E-05,1.20E-05,1.90E-05,1.90E-05,3.80E-05,,Quercus lobata  Nee.,,,NA,NA,lob,pure,1.00E+00,pure
6,SRR14632929,1.00E-05,1.00E-05,0.99989,1.00E-05,1.00E-05,1.00E-05,1.00E-05,1.00E-05,1.00E-05,1.00E-05,0,1.00E-05,0,2.00E-05,2.00E-05,0.9999,2.00E-05,2.00E-05,1.00E-05,1.40E-05,2.00E-05,1.60E-05,1.00E-05,1.00E-05,1.50E-05,2.50E-05,,Quercus lobata  Nee.,,,NA,NA,lob,pure,1.00E+00,pure
7,SRR14632932,1.00E-05,1.00E-05,0.999888,1.00E-05,1.00E-05,1.00E-05,1.00E-05,1.00E-05,1.00E-05,1.00E-05,0,1.00E-05,0,2.00E-05,2.00E-05,0.999893,2.00E-05,2.10E-05,1.80E-05,1.00E-05,2.10E-05,1.80E-05,1.60E-05,1.60E-05,1.40E-05,3.00E-05,,Quercus lobata  Nee.,,,NA,NA,lob,pure,1.00E+00,pure
8,SRR14632934,1.00E-05,1.00E-05,0.99989,1.00E-05,1.00E-05,1.00E-05,1.00E-05,1.00E-05,1.00E-05,1.00E-05,0,1.00E-05,0,2.00E-05,2.00E-05,0.9999,2.00E-05,2.40E-05,1.90E-05,1.00E-05,2.30E-05,1.40E-05,1.20E-05,1.00E-05,1.10E-05,2.10E-05,,Quercus lobata  Nee.,,,NA,NA,lob,pure,1.00E+00,pure
9,SRR14632950,1.00E-05,1.00E-05,0.99989,1.00E-05,1.00E-05,1.00E-05,1.00E-05,1.00E-05,1.00E-05,1.00E-05,0,1.00E-05,0,2.20E-05,2.00E-05,0.9999,2.00E-05,2.80E-05,1.10E-05,1.10E-05,2.00E-05,1.40E-05,2.00E-05,1.00E-05,1.00E-05,2.00E-05,,Quercus lobata  Nee.,,,NA,NA,lob,pure,1.00E+00,pure
10,SRR14632955,1.00E-05,1.00E-05,0.99989,1.00E-05,1.00E-05,1.00E-05,1.00E-05,1.00E-05,1.00E-05,1.00E-05,0,1.00E-05,0,2.00E-05,2.00E-05,0.9999,2.00E-05,2.40E-05,1.20E-05,1.00E-05,2.00E-05,1.30E-05,1.00E-05,1.00E-05,1.00E-05,2.00E-05,,Quercus lobata  Nee.,,,NA,NA,lob,pure,1.00E+00,pure
11,SRR14632961,1.00E-05,1.00E-05,0.99989,1.00E-05,1.00E-05,1.00E-05,1.00E-05,1.00E-05,1.00E-05,1.00E-05,0,1.00E-05,0,2.00E-05,2.00E-05,0.9999,2.00E-05,2.80E-05,1.40E-05,1.90E-05,2.00E-05,1.40E-05,1.30E-05,1.00E-05,1.00E-05,2.00E-05,,Quercus lobata  Nee.,,,NA,NA,lob,pure,1.00E+00,pure
12,SRR14632964,1.00E-05,1.00E-05,0.99989,1.00E-05,1.00E-05,1.00E-05,1.00E-05,1.00E-05,1.00E-05,1.00E-05,0,1.00E-05,0,2.00E-05,2.00E-05,0.9999,2.00E-05,2.00E-05,1.30E-05,1.00E-05,0.000654,1.20E-05,1.00E-05,1.00E-05,1.30E-05,2.30E-05,,Quercus lobata  Nee.,,,NA,NA,lob,pure,1.00E+00,pure
13,SRR14632967,1.00E-05,1.00E-05,0.99989,1.00E-05,1.00E-05,1.00E-05,1.00E-05,1.00E-05,1.00E-05,1.00E-05,0,1.00E-05,0,2.00E-05,2.00E-05,0.9999,2.00E-05,2.00E-05,2.00E-05,1.70E-05,2.00E-05,1.00E-05,1.80E-05,1.00E-05,1.00E-05,2.00E-05,,Quercus lobata  Nee.,,,NA,NA,lob,pure,1.00E+00,pure
14,SRR14632968,1.00E-05,1.00E-05,0.99989,1.00E-05,1.00E-05,1.00E-05,1.00E-05,1.00E-05,1.00E-05,1.00E-05,0,1.00E-05,0,2.00E-05,2.00E-05,0.9999,2.00E-05,2.30E-05,1.00E-05,1.60E-05,2.00E-05,1.10E-05,1.30E-05,1.00E-05,1.00E-05,2.00E-05,,Quercus lobata  Nee.,,,NA,NA,lob,pure,1.00E+00,pure
15,SRR14632969,1.00E-05,1.00E-05,0.99989,1.00E-05,1.00E-05,1.00E-05,1.00E-05,1.00E-05,1.00E-05,1.00E-05,0,1.00E-05,0,2.00E-05,2.00E-05,0.9999,2.00E-05,2.20E-05,1.30E-05,1.30E-05,2.00E-05,1.00E-05,1.00E-05,1.00E-05,1.00E-05,2.00E-05,,Quercus lobata  Nee.,,,NA,NA,lob,pure,1.00E+00,pure
16,SRR14632970,1.00E-05,1.00E-05,0.99989,1.00E-05,1.00E-05,1.00E-05,1.00E-05,1.00E-05,1.00E-05,1.00E-05,0,1.00E-05,0,2.00E-05,2.00E-05,0.9999,2.00E-05,2.00E-05,1.30E-05,1.70E-05,2.00E-05,1.00E-05,1.20E-05,1.00E-05,1.00E-05,2.00E-05,,Quercus lobata  Nee.,,,NA,NA,lob,pure,1.00E+00,pure
17,SRR3244044,1.00E-05,1.00E-05,0.99989,1.00E-05,1.00E-05,1.00E-05,1.00E-05,1.00E-05,1.00E-05,1.00E-05,0,1.00E-05,0,2.00E-05,2.00E-05,0.9999,2.00E-05,2.80E-05,1.10E-05,1.50E-05,2.60E-05,1.00E-05,1.40E-05,1.40E-05,1.20E-05,2.20E-05,,Quercus lobata  Nee.,,,NA,NA,lob,pure,1.00E+00,pure
18,SYST-MOR-0006717,1.00E-05,1.00E-05,1.00E-05,1.00E-05,1.00E-05,0.999886,1.00E-05,1.00E-05,1.00E-05,1.00E-05,0,1.00E-05,0,2.00E-05,2.40E-05,2.00E-05,2.20E-05,2.10E-05,0.99989,1.20E-05,2.00E-05,1.20E-05,1.80E-05,2.00E-05,1.00E-05,3.00E-05,IL_HP_MG919_MG,Quercus michauxii Nutt.,Illinois,Heron Pond - Little Black Slough Nature Preserve ,37.359717,-88.91752,mic,pure,1.00E+00,pure
19,SYST-MOR-0006718,1.00E-05,1.00E-05,1.00E-05,1.00E-05,1.00E-05,0.999886,1.00E-05,1.00E-05,1.00E-05,1.00E-05,0,1.00E-05,0,2.00E-05,2.00E-05,2.00E-05,2.00E-05,2.60E-05,0.99989,1.60E-05,2.00E-05,1.10E-05,2.00E-05,1.00E-05,1.00E-05,2.00E-05,IL_HP_MG920_MG,Quercus michauxii Nutt.,Illinois,Heron Pond - Little Black Slough Nature Preserve ,37.358862,-88.917535,mic,pure,1.00E+00,pure
20,SYST-MOR-0006719,1.00E-05,1.00E-05,1.00E-05,1.00E-05,1.00E-05,0.99989,1.00E-05,1.00E-05,1.00E-05,1.00E-05,0,1.00E-05,0,2.00E-05,2.00E-05,2.00E-05,2.00E-05,2.00E-05,0.99989,1.30E-05,2.00E-05,1.10E-05,1.00E-05,2.00E-05,1.20E-05,3.00E-05,IL_HP_MG921_MG,Quercus michauxii Nutt.,Illinois,Heron Pond - Little Black Slough Nature Preserve ,37.357105,-88.91694,mic,pure,1.00E+00,pure
21,SYST-MOR-0006720,1.00E-05,1.00E-05,1.00E-05,1.00E-05,1.00E-05,1.00E-05,1.00E-05,1.00E-05,1.00E-05,1.00E-05,0,0.99989,0,2.00E-05,2.00E-05,2.00E-05,1.10E-05,2.40E-05,2.00E-05,1.50E-05,2.00E-05,1.00E-05,1.00E-05,1.00E-05,0.99989,0.9999,MO_SH_001_MG,Quercus stellata Wangenh.,Missouri,Shaw Nature Preserve ,38.467143,-90.820221,ste,pure,1.00E+00,pure
22,SYST-MOR-0006721,1.00E-05,1.00E-05,1.00E-05,2.00E-05,0.999881,1.00E-05,1.00E-05,1.00E-05,1.00E-05,0,0,1.90E-05,0,1.00E-05,1.00E-05,1.00E-05,2.00E-05,0.999881,1.00E-05,1.00E-05,1.00E-05,1.00E-05,0,0,0,1.90E-05,MO_SH_002_All,Quercus macrocarpa Michx.,Missouri,Shaw Nature Preserve ,38.461996,-90.814959,mac,pure,1.00E+00,pure
23,SYST-MOR-0006722,2.00E-05,1.00E-05,1.00E-05,1.00E-05,0.9999,0,0,1.00E-05,1.00E-05,1.00E-05,0,1.00E-05,0,2.00E-05,1.00E-05,1.00E-05,1.00E-05,0.9999,0,0,1.00E-05,1.00E-05,1.00E-05,0,0,1.00E-05,MO_SH_003_All,Quercus macrocarpa Michx.,Missouri,Shaw Nature Preserve ,38.461909,-90.814652,mac,pure,1.00E+00,pure
24,SYST-MOR-0006723,1.00E-05,1.00E-05,1.00E-05,1.00E-05,0.99989,1.00E-05,1.00E-05,1.00E-05,1.00E-05,0,0,1.00E-05,0,1.00E-05,1.00E-05,1.00E-05,1.00E-05,0.99989,1.00E-05,1.00E-05,1.00E-05,1.00E-05,0,0,0,1.00E-05,MO_SH_004_All,Quercus macrocarpa Michx.,Missouri,Shaw Nature Preserve ,38.461961,-90.81437,mac,pure,1.00E+00,pure
25,SYST-MOR-0006724,1.00E-05,1.00E-05,1.00E-05,1.00E-05,0.999885,1.00E-05,1.00E-05,1.00E-05,1.00E-05,1.00E-05,1.00E-05,2.50E-05,1.50E-05,1.00E-05,1.00E-05,1.00E-05,1.00E-05,0.999885,1.00E-05,1.00E-05,1.00E-05,1.00E-05,1.00E-05,1.50E-05,1.00E-05,2.50E-05,MO_SH_005_All,Quercus macrocarpa Michx.,Missouri,Shaw Nature Preserve ,38.462113,-90.814155,mac,pure,1.00E+00,pure
26,SYST-MOR-0006725,1.00E-05,2.00E-05,1.00E-05,1.00E-05,0.99989,1.00E-05,1.00E-05,1.00E-05,1.00E-05,1.00E-05,0,1.00E-05,0,1.00E-05,2.00E-05,1.00E-05,1.00E-05,0.99989,1.00E-05,1.00E-05,1.00E-05,1.00E-05,1.00E-05,0,0,1.00E-05,MO_SH_006_All,Quercus macrocarpa Michx.,Missouri,Shaw Nature Preserve ,38.462273,-90.813528,mac,pure,1.00E+00,pure
27,SYST-MOR-0006726,1.00E-05,1.00E-05,1.00E-05,1.00E-05,1.00E-05,0,0,0.99989,1.00E-05,1.00E-05,0,1.00E-05,0,2.00E-05,1.00E-05,1.00E-05,1.00E-05,2.00E-05,1.00E-05,1.00E-05,0.99989,1.00E-05,1.00E-05,1.00E-05,1.00E-05,2.00E-05,MO_SH_007_All,Quercus muehlenbergii Engelm.,Missouri,Shaw Nature Preserve ,38.461575,-90.818703,mue,pure,1.00E+00,pure
28,SYST-MOR-0006727,1.00E-05,1.00E-05,1.00E-05,1.00E-05,1.00E-05,0,0,0.99989,1.00E-05,1.00E-05,1.00E-05,2.00E-05,1.00E-05,1.00E-05,1.00E-05,2.00E-05,1.00E-05,1.00E-05,1.00E-05,1.00E-05,0.99989,1.00E-05,1.00E-05,1.00E-05,1.00E-05,2.00E-05,MO_SH_008_All,Quercus muehlenbergii Engelm.,Missouri,Shaw Nature Preserve ,38.461624,-90.818267,mue,pure,1.00E+00,pure
29,SYST-MOR-0006728,1.00E-05,1.00E-05,1.00E-05,1.00E-05,1.00E-05,1.00E-05,1.00E-05,0.99989,1.00E-05,1.00E-05,0,1.00E-05,0,2.00E-05,1.00E-05,1.00E-05,2.00E-05,1.00E-05,1.00E-05,1.00E-05,0.9999,1.00E-05,1.00E-05,1.00E-05,1.00E-05,2.00E-05,MO_SH_009_All,Quercus muehlenbergii Engelm.,Missouri,Shaw Nature Preserve ,38.462029,-90.818313,mue,pure,1.00E+00,pure
30,SYST-MOR-0006729,2.00E-05,1.00E-05,1.00E-05,1.00E-05,0.999888,1.00E-05,1.00E-05,1.00E-05,1.00E-05,1.20E-05,0,1.00E-05,0,2.00E-05,1.00E-05,1.00E-05,1.00E-05,0.999888,1.00E-05,1.00E-05,1.00E-05,1.00E-05,1.20E-05,0,0,1.00E-05,IL_MOR_135_MG,Quercus macrocarpa Michx.,Illinois,The Morton Arboretum ,41.81383,-88.062933,mac,pure,1.00E+00,pure
31,SYST-MOR-0006730,0.9999,1.00E-05,1.00E-05,1.00E-05,1.00E-05,1.00E-05,1.00E-05,1.00E-05,1.00E-05,0,0,1.00E-05,0,0.9999,1.00E-05,1.00E-05,1.00E-05,1.00E-05,1.00E-05,1.00E-05,2.00E-05,1.00E-05,1.00E-05,0,0,1.00E-05,IL_MOR_138_MG,Quercus alba L.,Illinois,The Morton Arboretum ,41.813922,-88.062902,alb,pure,1.00E+00,pure
32,SYST-MOR-0006731,2.00E-05,2.00E-05,1.00E-05,1.00E-05,0.99989,1.00E-05,1.00E-05,0,0,1.00E-05,0,1.00E-05,0,2.00E-05,2.00E-05,1.00E-05,1.00E-05,0.99989,1.00E-05,1.00E-05,0,0,1.00E-05,0,0,1.00E-05,IL_MOR_137_MG,Quercus macrocarpa Michx.,Illinois,The Morton Arboretum ,41.813961,-88.063804,mac,pure,1.00E+00,pure
33,SYST-MOR-0006732,0.99987,1.00E-05,1.00E-05,1.00E-05,2.00E-05,1.00E-05,1.50E-05,0,0,0,0,1.00E-05,0,0.999884,1.00E-05,1.70E-05,1.00E-05,2.00E-05,1.00E-05,1.60E-05,1.80E-05,1.00E-05,1.00E-05,0,0,1.00E-05,IL_MOR_136_MG,Quercus alba L.,Illinois,The Morton Arboretum ,41.813846,-88.063775,alb,pure,1.00E+00,pure
34,SYST-MOR-0006733,1.00E-05,0.99989,1.00E-05,1.00E-05,1.00E-05,1.00E-05,1.00E-05,1.00E-05,1.00E-05,1.00E-05,0,1.00E-05,0,2.00E-05,0.9999,2.00E-05,2.00E-05,0.00587,1.00E-05,1.00E-05,2.00E-05,1.00E-05,1.00E-05,1.00E-05,1.00E-05,2.00E-05,IL_MOR_139_MG,Quercus bicolor Willd.,Illinois,The Morton Arboretum ,41.815709,-88.06144,bic,pure,1.00E+00,pure
35,SYST-MOR-0006734,0.9999,2.00E-05,1.00E-05,1.00E-05,1.00E-05,1.00E-05,1.00E-05,0,0,1.00E-05,0,1.00E-05,0,0.9999,2.00E-05,1.00E-05,1.00E-05,1.00E-05,1.00E-05,1.00E-05,0,0,1.00E-05,0,0,1.00E-05,IL_MOR_140_MG,Quercus alba L.,Illinois,The Morton Arboretum ,41.815707,-88.0612,alb,pure,1.00E+00,pure
36,SYST-MOR-0006735,1.00E-05,1.00E-05,2.00E-05,1.00E-05,0.99989,0,0,1.00E-05,1.00E-05,1.00E-05,1.00E-05,2.00E-05,1.00E-05,1.00E-05,1.00E-05,2.00E-05,1.00E-05,0.99989,0,0,1.00E-05,1.00E-05,1.00E-05,1.00E-05,1.00E-05,2.00E-05,IL_MOR_142_MG,Quercus macrocarpa Michx.,Illinois,The Morton Arboretum ,41.815863,-88.06017,mac,pure,1.00E+00,pure
37,SYST-MOR-0006736,0.999883,0,1.00E-05,0,1.00E-05,1.00E-05,1.00E-05,1.00E-05,1.00E-05,0,0,1.00E-05,0,0.99989,1.00E-05,1.00E-05,2.00E-05,2.10E-05,1.00E-05,1.40E-05,1.20E-05,1.00E-05,1.00E-05,1.00E-05,1.00E-05,2.00E-05,IL_MOR_141_MG,Quercus alba L.,Illinois,The Morton Arboretum ,41.815892,-88.060242,alb,pure,1.00E+00,pure
38,SYST-MOR-0006737,1.00E-05,1.00E-05,1.00E-05,1.00E-05,0.99989,1.00E-05,1.00E-05,1.00E-05,1.00E-05,0,0,1.00E-05,0,1.00E-05,1.00E-05,1.00E-05,1.00E-05,0.99989,1.00E-05,1.00E-05,1.00E-05,1.00E-05,0,0,0,1.00E-05,IL_MOR_143_MG,Quercus macrocarpa Michx.,Illinois,The Morton Arboretum ,41.814978,-88.061147,mac,pure,1.00E+00,pure
39,SYST-MOR-0006738,1.00E-05,1.00E-05,1.00E-05,1.00E-05,0.9999,1.00E-05,1.00E-05,0,0,1.00E-05,0,2.00E-05,1.00E-05,1.00E-05,1.00E-05,1.00E-05,1.00E-05,0.9999,1.00E-05,1.00E-05,0,0,1.00E-05,1.00E-05,0,2.00E-05,IL_MOR_145_MG,Quercus macrocarpa Michx.,Illinois,The Morton Arboretum ,41.819275,-88.050902,mac,pure,1.00E+00,pure
40,SYST-MOR-0006739,0.99989,1.00E-05,1.00E-05,1.00E-05,1.00E-05,1.00E-05,1.00E-05,0,0,1.00E-05,0,1.00E-05,0,0.9999,2.00E-05,1.00E-05,1.00E-05,2.00E-05,1.00E-05,1.00E-05,1.00E-05,1.00E-05,1.00E-05,0,0,1.00E-05,IL_MOR_144_MG,Quercus alba L.,Illinois,The Morton Arboretum ,41.819198,-88.051046,alb,pure,1.00E+00,pure
41,SYST-MOR-0006740,1.00E-05,1.00E-05,1.00E-05,1.00E-05,0.99989,1.00E-05,1.00E-05,1.00E-05,1.00E-05,1.00E-05,1.00E-05,2.00E-05,1.00E-05,1.00E-05,1.00E-05,1.00E-05,1.00E-05,0.99989,1.00E-05,1.00E-05,1.00E-05,1.00E-05,1.00E-05,1.00E-05,1.00E-05,2.00E-05,IL_MOR_146_MG,Quercus macrocarpa Michx.,Illinois,The Morton Arboretum ,41.820968,-88.052361,mac,pure,1.00E+00,pure
42,SYST-MOR-0006741,0.9999,1.00E-05,1.00E-05,1.00E-05,1.00E-05,1.00E-05,1.00E-05,0,0,0,0,1.00E-05,0,0.9999,1.00E-05,1.00E-05,1.00E-05,2.00E-05,1.00E-05,1.00E-05,1.00E-05,1.00E-05,1.00E-05,0,0,1.00E-05,IL_MOR_147_MG,Quercus alba L.,Illinois,The Morton Arboretum ,41.820901,-88.052707,alb,pure,1.00E+00,pure
43,SYST-MOR-0006742,1.00E-05,1.00E-05,1.00E-05,1.00E-05,1.00E-05,1.00E-05,1.00E-05,1.00E-05,1.00E-05,1.00E-05,0,0.99989,0,2.00E-05,2.00E-05,2.00E-05,2.00E-05,2.00E-05,1.80E-05,1.20E-05,2.00E-05,1.70E-05,0.001201,1.00E-05,0.99989,0.9999,MO_SH_010_All,Quercus stellata Wangenh.,Missouri,Shaw Nature Preserve ,38.46199,-90.818418,ste,pure,1.00E+00,pure
44,SYST-MOR-0006743,0.999888,1.00E-05,1.00E-05,1.00E-05,1.00E-05,1.00E-05,1.00E-05,0,0,1.00E-05,0,1.00E-05,0,0.99989,2.20E-05,1.00E-05,1.00E-05,2.00E-05,1.00E-05,1.00E-05,1.00E-05,1.00E-05,1.00E-05,1.00E-05,0,2.00E-05,MO_SH_011_All,Quercus alba L.,Missouri,Shaw Nature Preserve ,38.462391,-90.817857,alb,pure,1.00E+00,pure
45,SYST-MOR-0006744,1.00E-05,1.00E-05,2.00E-05,1.00E-05,1.00E-05,1.00E-05,1.00E-05,0.99989,1.00E-05,1.00E-05,0,1.00E-05,0,1.00E-05,1.00E-05,2.00E-05,1.00E-05,1.00E-05,1.00E-05,1.00E-05,0.99989,1.00E-05,1.00E-05,0,0,1.00E-05,MO_SH_012_All,Quercus muehlenbergii Engelm.,Missouri,Shaw Nature Preserve ,38.46295,-90.817616,mue,pure,1.00E+00,pure
47,SYST-MOR-0006746,0.999876,1.40E-05,1.00E-05,1.00E-05,2.00E-05,1.00E-05,1.00E-05,1.00E-05,1.40E-05,0,0,1.00E-05,1.00E-05,0.999876,1.40E-05,1.00E-05,1.00E-05,2.00E-05,1.00E-05,1.00E-05,1.00E-05,1.40E-05,0,1.00E-05,0,1.00E-05,MO_SH_014_All,Quercus alba L.,Missouri,Shaw Nature Preserve ,38.462749,-90.81804,alb,pure,1.00E+00,pure
48,SYST-MOR-0006747,1.00E-05,1.00E-05,1.00E-05,1.00E-05,1.00E-05,1.00E-05,1.00E-05,1.00E-05,1.00E-05,1.00E-05,0,0.99989,0,2.50E-05,2.00E-05,2.90E-05,2.10E-05,2.00E-05,1.00E-05,1.00E-05,2.00E-05,1.00E-05,1.00E-05,1.00E-05,0.99989,0.9999,MO_SH_015_All,Quercus stellata Wangenh.,Missouri,Shaw Nature Preserve ,38.462662,-90.818129,ste,pure,1.00E+00,pure
49,SYST-MOR-0006748,1.00E-05,1.00E-05,1.00E-05,1.00E-05,1.00E-05,1.00E-05,1.00E-05,1.00E-05,1.00E-05,1.00E-05,0,0.99989,0,2.00E-05,2.00E-05,1.10E-05,2.00E-05,2.00E-05,1.00E-05,1.00E-05,2.00E-05,1.00E-05,1.50E-05,1.00E-05,0.99989,0.9999,MO_SH_016_All,Quercus stellata Wangenh.,Missouri,Shaw Nature Preserve ,38.462483,-90.818432,ste,pure,1.00E+00,pure
50,SYST-MOR-0006749,1.00E-05,1.00E-05,1.00E-05,1.00E-05,1.00E-05,1.00E-05,1.00E-05,1.00E-05,1.00E-05,1.00E-05,0,0.99989,0,2.00E-05,2.00E-05,2.00E-05,2.00E-05,2.60E-05,1.00E-05,1.00E-05,2.00E-05,1.30E-05,1.00E-05,0.005049,0.99989,0.9999,MO_SH_017_All,Quercus stellata Wangenh.,Missouri,Shaw Nature Preserve ,38.462703,-90.818742,ste,pure,1.00E+00,pure
51,SYST-MOR-0006750,0.999887,1.00E-05,1.00E-05,1.00E-05,1.60E-05,1.00E-05,1.00E-05,0,0,0,0,1.30E-05,0,0.99989,1.00E-05,2.00E-05,1.00E-05,2.00E-05,1.00E-05,1.00E-05,1.30E-05,1.00E-05,1.00E-05,1.20E-05,1.00E-05,2.00E-05,MO_SH_018_All,Quercus alba L.,Missouri,Shaw Nature Preserve ,38.46296,-90.818493,alb,pure,1.00E+00,pure
52,SYST-MOR-0006751,0.999889,1.00E-05,1.00E-05,1.00E-05,1.00E-05,1.00E-05,1.00E-05,1.00E-05,1.00E-05,1.00E-05,0,1.00E-05,0,0.9999,2.00E-05,2.70E-05,2.00E-05,2.00E-05,1.90E-05,1.40E-05,2.00E-05,1.90E-05,1.00E-05,0.000223,1.00E-05,0.000233,MO_SH_019_All,Quercus alba L.,Missouri,Shaw Nature Preserve ,38.46381,-90.818731,alb,pure,1.00E+00,pure
53,SYST-MOR-0006752,0.99989,1.00E-05,1.00E-05,1.00E-05,1.00E-05,1.00E-05,1.00E-05,0,0,1.00E-05,0,1.00E-05,0,0.9999,2.50E-05,1.00E-05,1.40E-05,2.10E-05,1.00E-05,1.00E-05,1.00E-05,1.00E-05,1.00E-05,1.00E-05,1.00E-05,2.00E-05,MO_SH_020_All,Quercus alba L.,Missouri,Shaw Nature Preserve ,38.464166,-90.818686,alb,pure,1.00E+00,pure
54,SYST-MOR-0006753,0,1.00E-05,1.00E-05,1.00E-05,0.9999,0,1.00E-05,2.00E-05,1.00E-05,1.00E-05,0,1.00E-05,0,0,1.00E-05,1.00E-05,1.00E-05,0.9999,0,1.00E-05,2.00E-05,1.00E-05,1.00E-05,0,0,1.00E-05,IL_OB_021_All,Quercus macrocarpa Michx.,Illinois,"Oakwood Bottoms, Shawnee National Forest",37.67609424,-89.4135025,mac,pure,1.00E+00,pure
56,SYST-MOR-0006755,1.00E-05,1.00E-05,1.00E-05,1.00E-05,0.9999,1.00E-05,1.00E-05,1.00E-05,1.00E-05,0,0,1.00E-05,1.00E-05,1.00E-05,1.00E-05,1.00E-05,1.00E-05,0.9999,1.00E-05,1.00E-05,1.00E-05,1.00E-05,0,1.00E-05,0,1.00E-05,IL_OB_023_All,Quercus macrocarpa Michx.,Illinois,"Oakwood Bottoms, Shawnee National Forest",37.6760035,-89.41296532,mac,pure,1.00E+00,pure
57,SYST-MOR-0006756,1.00E-05,1.00E-05,1.00E-05,0.99989,1.00E-05,1.00E-05,1.00E-05,1.00E-05,1.00E-05,1.00E-05,0,1.00E-05,0,2.00E-05,2.00E-05,2.00E-05,0.9999,3.00E-05,1.00E-05,1.00E-05,2.00E-05,1.40E-05,1.00E-05,1.00E-05,1.00E-05,2.00E-05,IL_OB_024_All,Quercus lyrata Walt.,Illinois,"Oakwood Bottoms, Shawnee National Forest",37.67681828,-89.41282223,lyr,pure,1.00E+00,pure
59,SYST-MOR-0006758,1.00E-05,1.00E-05,1.00E-05,1.00E-05,0.9999,1.00E-05,1.00E-05,0,0,1.00E-05,0,2.00E-05,1.00E-05,1.00E-05,1.00E-05,1.00E-05,1.00E-05,0.9999,1.00E-05,1.00E-05,0,0,1.00E-05,1.00E-05,0,2.00E-05,IL_OB_026_All,Quercus macrocarpa Michx.,Illinois,"Oakwood Bottoms, Shawnee National Forest",37.6805839,-89.41312869,mac,pure,1.00E+00,pure
60,SYST-MOR-0006759,1.00E-05,1.00E-05,1.00E-05,1.00E-05,0.9999,1.00E-05,1.00E-05,1.00E-05,1.00E-05,1.00E-05,0,1.00E-05,0,1.00E-05,1.00E-05,1.00E-05,1.00E-05,0.9999,1.00E-05,1.00E-05,1.00E-05,1.00E-05,1.00E-05,0,0,1.00E-05,IL_OB_027_All,Quercus macrocarpa Michx.,Illinois,"Oakwood Bottoms, Shawnee National Forest",37.68548051,-89.41114404,mac,pure,1.00E+00,pure
62,SYST-MOR-0006761,1.00E-05,1.00E-05,1.00E-05,1.00E-05,0.999889,1.00E-05,1.10E-05,1.00E-05,1.00E-05,1.00E-05,1.00E-05,2.00E-05,1.00E-05,1.00E-05,1.00E-05,1.00E-05,1.00E-05,0.999889,1.00E-05,1.10E-05,1.00E-05,1.00E-05,1.00E-05,1.00E-05,1.00E-05,2.00E-05,IL_OB_029_All,Quercus macrocarpa Michx.,Illinois,"Oakwood Bottoms, Shawnee National Forest",37.6817841,-89.41275925,mac,pure,1.00E+00,pure
64,SYST-MOR-0006763,1.00E-05,1.00E-05,1.00E-05,1.00E-05,0.9999,1.00E-05,1.00E-05,1.00E-05,1.00E-05,1.00E-05,0,1.00E-05,0,1.00E-05,1.00E-05,1.00E-05,1.00E-05,0.9999,1.00E-05,1.00E-05,1.00E-05,1.00E-05,1.00E-05,0,0,1.00E-05,MO_BOT_031_MG,Quercus macrocarpa Michx.,Missouri,Big Oak Tree State Park ,36.644025,-89.2909,mac,pure,1.00E+00,pure
65,SYST-MOR-0006764,1.00E-05,1.90E-05,2.00E-05,1.00E-05,0.999877,1.00E-05,1.00E-05,1.20E-05,1.00E-05,1.00E-05,0,1.20E-05,0,1.00E-05,1.90E-05,2.00E-05,1.00E-05,0.999877,1.00E-05,1.00E-05,1.20E-05,1.00E-05,1.00E-05,0,0,1.20E-05,MO_BOT_032_MG,Quercus macrocarpa Michx.,Missouri,Big Oak Tree State Park ,36.643929,-89.290992,mac,pure,1.00E+00,pure
66,SYST-MOR-0006765,1.00E-05,2.00E-05,1.00E-05,1.00E-05,0.99989,1.00E-05,1.00E-05,1.00E-05,1.00E-05,1.00E-05,0,1.00E-05,0,1.00E-05,2.00E-05,1.00E-05,1.00E-05,0.99989,1.00E-05,1.00E-05,1.00E-05,1.00E-05,1.00E-05,0,0,1.00E-05,MO_BOT_033_MG,Quercus macrocarpa Michx.,Missouri,Big Oak Tree State Park ,36.644689,-89.290721,mac,pure,1.00E+00,pure
67,SYST-MOR-0006766,1.00E-05,1.00E-05,1.00E-05,0.99989,1.00E-05,1.00E-05,1.00E-05,1.00E-05,1.00E-05,1.00E-05,0,1.00E-05,0,2.00E-05,2.00E-05,2.00E-05,0.999895,2.00E-05,1.50E-05,1.60E-05,2.00E-05,1.40E-05,1.00E-05,1.10E-05,1.30E-05,2.30E-05,MO_BOT_034_All,Quercus lyrata Walt.,Missouri,Big Oak Tree State Park ,36.644928,-89.292856,lyr,pure,1.00E+00,pure
68,SYST-MOR-0006767,1.00E-05,1.00E-05,1.00E-05,1.00E-05,0.999882,1.00E-05,1.00E-05,0,0,0,0,1.00E-05,0,1.00E-05,1.00E-05,1.00E-05,1.00E-05,0.9999,1.00E-05,1.00E-05,1.00E-05,1.00E-05,1.00E-05,1.80E-05,1.00E-05,2.80E-05,MO_BOT_035_All,Quercus macrocarpa Michx.,Missouri,Big Oak Tree State Park ,36.644965,-89.292919,mac,pure,1.00E+00,pure
69,SYST-MOR-0006768,1.00E-05,1.00E-05,1.00E-05,0.99989,1.00E-05,1.00E-05,1.00E-05,1.00E-05,1.00E-05,1.00E-05,0,1.00E-05,0,2.00E-05,2.00E-05,2.20E-05,0.9999,2.40E-05,1.50E-05,1.00E-05,2.00E-05,1.00E-05,1.50E-05,1.40E-05,1.00E-05,2.00E-05,MO_BOT_036_All,Quercus lyrata Walt.,Missouri,Big Oak Tree State Park ,36.644699,-89.294887,lyr,pure,1.00E+00,pure
71,SYST-MOR-0006770,1.00E-05,1.00E-05,1.00E-05,1.00E-05,0.999885,1.00E-05,1.10E-05,2.10E-05,1.10E-05,0,0,1.30E-05,0,1.00E-05,1.00E-05,1.00E-05,1.00E-05,0.999885,1.00E-05,1.10E-05,2.10E-05,1.10E-05,0,0,0,1.30E-05,MO_BOT_038_All,Quercus macrocarpa Michx.,Missouri,Big Oak Tree State Park ,36.64308589,-89.28758916,mac,pure,1.00E+00,pure
72,SYST-MOR-0006771,1.00E-05,1.00E-05,1.00E-05,1.00E-05,1.00E-05,0.99989,1.00E-05,1.00E-05,1.00E-05,1.00E-05,0,1.00E-05,0,2.00E-05,2.00E-05,2.00E-05,2.60E-05,2.00E-05,0.99989,1.70E-05,2.00E-05,1.00E-05,1.10E-05,1.70E-05,1.00E-05,2.70E-05,MO_BOT_039_All,Quercus michauxii Nutt.,Missouri,Big Oak Tree State Park ,36.64287291,-89.28744984,mic,pure,1.00E+00,pure
73,SYST-MOR-0006772,1.00E-05,1.00E-05,1.00E-05,2.00E-05,0.99989,1.00E-05,1.00E-05,1.00E-05,1.00E-05,0,0,1.00E-05,0,1.00E-05,1.00E-05,1.00E-05,2.00E-05,0.99989,1.00E-05,1.00E-05,1.00E-05,1.00E-05,0,0,0,1.00E-05,MO_BOT_040_All,Quercus macrocarpa Michx.,Missouri,Big Oak Tree State Park ,36.64427285,-89.28656344,mac,pure,1.00E+00,pure
74,SYST-MOR-0006773,1.00E-05,1.00E-05,1.00E-05,1.00E-05,1.00E-05,0.99989,1.00E-05,1.00E-05,1.00E-05,1.00E-05,0,1.00E-05,0,2.00E-05,2.40E-05,2.00E-05,2.00E-05,2.00E-05,0.99989,1.80E-05,2.00E-05,1.20E-05,1.00E-05,2.00E-05,1.00E-05,3.00E-05,MO_BOT_041_All,Quercus michauxii Nutt.,Missouri,Big Oak Tree State Park ,36.64423073,-89.28680646,mic,pure,1.00E+00,pure
76,SYST-MOR-0006775,1.00E-05,1.00E-05,1.00E-05,1.00E-05,0.99989,1.00E-05,1.00E-05,1.00E-05,1.00E-05,1.00E-05,1.00E-05,2.00E-05,1.00E-05,1.00E-05,1.00E-05,1.00E-05,1.00E-05,0.99989,1.00E-05,1.00E-05,1.00E-05,1.00E-05,1.00E-05,1.00E-05,1.00E-05,2.00E-05,MO_BOT_043_All,Quercus macrocarpa Michx.,Missouri,Big Oak Tree State Park ,36.64101675,-89.2904011,mac,pure,1.00E+00,pure
77,SYST-MOR-0006776,1.00E-05,1.00E-05,1.00E-05,0.99989,1.00E-05,1.00E-05,1.00E-05,1.00E-05,1.00E-05,1.00E-05,0,1.00E-05,0,2.00E-05,2.00E-05,2.60E-05,0.9999,2.00E-05,1.00E-05,1.00E-05,2.00E-05,1.30E-05,1.00E-05,1.00E-05,1.00E-05,2.00E-05,MO_BOT_044_All,Quercus lyrata Walt.,Missouri,Big Oak Tree State Park ,36.64089787,-89.2904101,lyr,pure,1.00E+00,pure
79,SYST-MOR-0006778,2.00E-05,2.00E-05,1.00E-05,1.00E-05,0.99989,1.00E-05,1.00E-05,0,0,1.00E-05,0,1.00E-05,0,2.00E-05,2.00E-05,1.00E-05,1.00E-05,0.99989,1.00E-05,1.00E-05,0,0,1.00E-05,0,0,1.00E-05,IA_BSP_046_MG,Quercus macrocarpa Michx.,Iowa,Brookside Park ,42.03107238,-93.63017301,mac,pure,1.00E+00,pure
80,SYST-MOR-0006779,1.00E-05,1.00E-05,2.00E-05,1.00E-05,0.999886,1.00E-05,1.00E-05,1.00E-05,1.00E-05,1.00E-05,0,1.40E-05,0,1.00E-05,1.00E-05,2.00E-05,1.00E-05,0.999886,1.00E-05,1.00E-05,1.00E-05,1.00E-05,1.00E-05,0,0,1.40E-05,IA_BSP_047_MG,Quercus macrocarpa Michx.,Iowa,Brookside Park ,42.03371379,-93.63040998,mac,pure,1.00E+00,pure
81,SYST-MOR-0006780,1.00E-05,1.00E-05,2.00E-05,1.00E-05,0.99989,0,0,1.00E-05,1.00E-05,1.00E-05,1.00E-05,2.00E-05,1.00E-05,1.00E-05,1.00E-05,2.00E-05,1.00E-05,0.99989,0,0,1.00E-05,1.00E-05,1.00E-05,1.00E-05,1.00E-05,2.00E-05,IA_BSP_048_MG,Quercus macrocarpa Michx.,Iowa,Brookside Park ,42.03431925,-93.63024501,mac,pure,1.00E+00,pure
82,SYST-MOR-0006781,1.00E-05,1.00E-05,2.00E-05,1.00E-05,0.99989,1.00E-05,1.00E-05,1.00E-05,1.00E-05,1.00E-05,0,1.00E-05,0,1.00E-05,1.00E-05,2.00E-05,1.00E-05,0.99989,1.00E-05,1.00E-05,1.00E-05,1.00E-05,1.00E-05,0,0,1.00E-05,IA_BSP_049_MG,Quercus macrocarpa Michx.,Iowa,Brookside Park ,42.02939736,-93.62820226,mac,pure,1.00E+00,pure
83,SYST-MOR-0006782,1.00E-05,1.00E-05,1.00E-05,2.00E-05,0.99989,1.00E-05,1.00E-05,1.00E-05,1.00E-05,0,0,1.00E-05,0,1.00E-05,1.00E-05,1.00E-05,2.00E-05,0.99989,1.00E-05,1.00E-05,1.00E-05,1.00E-05,0,0,0,1.00E-05,IA_BSP_050_MG,Quercus macrocarpa Michx.,Iowa,Brookside Park ,42.02873078,-93.62824477,mac,pure,1.00E+00,pure
84,SYST-MOR-0006783,0.999885,1.00E-05,1.00E-05,1.00E-05,1.00E-05,1.00E-05,1.00E-05,0,0,0,0,1.00E-05,1.00E-05,0.99989,1.00E-05,1.30E-05,1.00E-05,2.30E-05,1.00E-05,1.50E-05,1.00E-05,1.70E-05,1.00E-05,1.00E-05,1.00E-05,2.00E-05,IA_LNW_051_MG,Quercus alba L.,Iowa,Lindsay Wilderness,40.710377,-91.79738944,alb,pure,1.00E+00,pure
85,SYST-MOR-0006784,0.99989,0,1.00E-05,0,1.00E-05,1.00E-05,1.00E-05,0,0,1.00E-05,1.00E-05,2.00E-05,1.00E-05,0.99989,1.00E-05,1.00E-05,1.00E-05,2.00E-05,1.00E-05,1.00E-05,1.00E-05,1.00E-05,1.00E-05,1.00E-05,1.00E-05,2.00E-05,IA_LNW_052_MG,Quercus alba L.,Iowa,Lindsay Wilderness,40.709859,-91.796245,alb,pure,1.00E+00,pure
86,SYST-MOR-0006785,0.9999,1.00E-05,1.00E-05,1.00E-05,2.00E-05,1.00E-05,1.00E-05,1.00E-05,1.00E-05,1.00E-05,0,1.00E-05,0,0.9999,1.00E-05,1.00E-05,1.00E-05,2.00E-05,1.00E-05,1.60E-05,1.00E-05,1.00E-05,1.00E-05,1.00E-05,0,2.00E-05,IA_LNW_053_MG,Quercus alba L.,Iowa,Lindsay Wilderness,40.710201,-91.794682,alb,pure,1.00E+00,pure
87,SYST-MOR-0006786,0.999883,1.00E-05,1.00E-05,1.00E-05,1.00E-05,1.00E-05,1.00E-05,0,0,0,0,1.00E-05,0,0.99989,1.30E-05,2.00E-05,1.40E-05,2.00E-05,1.00E-05,1.00E-05,2.00E-05,1.00E-05,1.00E-05,1.00E-05,1.00E-05,2.00E-05,IA_LNW_054_MG,Quercus alba L.,Iowa,Lindsay Wilderness,40.710553,-91.792546,alb,pure,1.00E+00,pure
89,SYST-MOR-0006788,1.00E-05,1.00E-05,1.00E-05,1.00E-05,1.10E-05,1.00E-05,1.00E-05,0.9999,1.00E-05,1.00E-05,0,1.00E-05,0,1.20E-05,1.00E-05,2.00E-05,1.10E-05,2.00E-05,1.40E-05,1.00E-05,0.9999,1.00E-05,1.00E-05,0,0,1.00E-05,IA_LNW_056_MG,Quercus muehlenbergii Engelm.,Iowa,Lindsay Wilderness,40.707865,-91.788325,mue,pure,1.00E+00,pure
91,SYST-MOR-0006790,1.00E-05,1.00E-05,1.00E-05,1.00E-05,1.00E-05,1.00E-05,1.00E-05,0.999875,1.00E-05,1.00E-05,0,1.00E-05,0,1.00E-05,1.00E-05,2.00E-05,1.00E-05,2.00E-05,1.80E-05,1.00E-05,0.99989,1.70E-05,1.00E-05,0,0,1.00E-05,IA_LNW_058_MG,Quercus muehlenbergii Engelm.,Iowa,Lindsay Wilderness,40.706792,-91.79075,mue,pure,1.00E+00,pure
92,SYST-MOR-0006791,1.00E-05,1.00E-05,1.00E-05,1.00E-05,0.99989,1.00E-05,1.00E-05,1.00E-05,1.00E-05,1.00E-05,1.00E-05,2.00E-05,1.00E-05,1.00E-05,1.00E-05,1.00E-05,1.00E-05,0.99989,1.00E-05,1.00E-05,1.00E-05,1.00E-05,1.00E-05,1.00E-05,1.00E-05,2.00E-05,IA_LNW_059_MG,Quercus macrocarpa Michx.,Iowa,Lindsay Wilderness,40.707564,-91.792402,mac,pure,1.00E+00,pure
93,SYST-MOR-0006792,1.00E-05,1.00E-05,1.00E-05,1.00E-05,0.99989,1.00E-05,1.00E-05,1.00E-05,1.00E-05,0,0,1.00E-05,0,1.00E-05,1.00E-05,1.00E-05,1.00E-05,0.99989,1.00E-05,1.00E-05,1.00E-05,1.00E-05,0,0,0,1.00E-05,IA_LNW_060_MG,Quercus macrocarpa Michx.,Iowa,Lindsay Wilderness,40.70735,-91.793153,mac,pure,1.00E+00,pure
94,SYST-MOR-0006793,0.99989,1.00E-05,1.00E-05,1.00E-05,1.00E-05,1.00E-05,1.00E-05,1.00E-05,1.00E-05,1.00E-05,0,1.00E-05,0,0.9999,2.00E-05,1.00E-05,2.00E-05,2.00E-05,1.00E-05,1.00E-05,2.00E-05,1.00E-05,1.00E-05,1.00E-05,1.00E-05,2.00E-05,IA_LNW_061_MG,Quercus alba L.,Iowa,Lindsay Wilderness,40.706728,-91.793218,alb,pure,1.00E+00,pure
95,SYST-MOR-0006794,1.00E-05,1.00E-05,1.00E-05,1.00E-05,1.00E-05,0,1.00E-05,0.99989,1.00E-05,1.00E-05,0,1.00E-05,0,1.00E-05,2.00E-05,2.00E-05,1.00E-05,2.00E-05,1.00E-05,1.00E-05,0.9999,1.00E-05,1.00E-05,1.00E-05,1.00E-05,2.00E-05,IA_LNW_062_MG,Quercus muehlenbergii Engelm.,Iowa,Lindsay Wilderness,40.706856,-91.79369,mue,pure,1.00E+00,pure
96,SYST-MOR-0006796,1.00E-05,0.99989,1.00E-05,1.00E-05,1.00E-05,1.00E-05,1.00E-05,1.00E-05,1.00E-05,1.00E-05,0,1.00E-05,0,2.00E-05,0.9999,2.10E-05,1.00E-05,2.50E-05,1.00E-05,1.00E-05,2.00E-05,1.00E-05,1.00E-05,1.00E-05,1.00E-05,2.00E-05,IA_LNW_064_MG,Quercus bicolor Willd.,Iowa,Lindsay Wilderness,40.703988,-91.796584,bic,pure,1.00E+00,pure
97,SYST-MOR-0006797,1.00E-05,0.99989,1.00E-05,1.00E-05,1.00E-05,1.00E-05,1.00E-05,1.00E-05,1.00E-05,1.00E-05,0,1.00E-05,0,2.00E-05,0.9999,2.00E-05,2.00E-05,2.20E-05,1.00E-05,1.00E-05,2.00E-05,1.50E-05,1.00E-05,1.00E-05,1.00E-05,2.00E-05,IA_LNW_065_MG,Quercus bicolor Willd.,Iowa,Lindsay Wilderness,40.703502,-91.796851,bic,pure,1.00E+00,pure
98,SYST-MOR-0006798,2.00E-05,1.00E-05,1.00E-05,1.00E-05,0.9999,1.00E-05,1.00E-05,0,0,1.00E-05,0,1.00E-05,0,2.00E-05,1.00E-05,1.00E-05,1.00E-05,0.9999,1.00E-05,1.00E-05,0,0,1.00E-05,0,0,1.00E-05,IA_CHP_066_MG,Quercus macrocarpa Michx.,Iowa,Cherokee Park ,41.97471713,-91.7216927,mac,pure,1.00E+00,pure
99,SYST-MOR-0006799,1.00E-05,0,1.00E-05,0,0.9999,1.00E-05,1.00E-05,1.00E-05,1.00E-05,1.00E-05,1.00E-05,2.00E-05,1.00E-05,1.00E-05,0,1.00E-05,0,0.9999,1.00E-05,1.00E-05,1.00E-05,1.00E-05,1.00E-05,1.00E-05,1.00E-05,2.00E-05,IA_CHP_067_MG,Quercus macrocarpa Michx.,Iowa,Cherokee Park ,41.97330457,-91.72514806,mac,pure,1.00E+00,pure
101,SYST-MOR-0006801,1.00E-05,1.00E-05,1.00E-05,1.00E-05,0.99989,1.00E-05,1.00E-05,1.00E-05,1.00E-05,1.00E-05,1.00E-05,2.00E-05,1.00E-05,1.00E-05,1.00E-05,1.00E-05,1.00E-05,0.99989,1.00E-05,1.00E-05,1.00E-05,1.00E-05,1.00E-05,1.00E-05,1.00E-05,2.00E-05,IA_CHP_069_MG,Quercus macrocarpa Michx.,Iowa,Cherokee Park ,41.973906,-91.722929,mac,pure,1.00E+00,pure
102,SYST-MOR-0006802,1.00E-05,1.00E-05,1.00E-05,1.00E-05,0.999884,1.00E-05,1.60E-05,2.00E-05,1.00E-05,0,0,1.00E-05,0,1.00E-05,1.00E-05,1.00E-05,1.00E-05,0.999884,1.00E-05,1.60E-05,2.00E-05,1.00E-05,0,0,0,1.00E-05,IA_CHP_070_MG,Quercus macrocarpa Michx.,Iowa,Cherokee Park ,41.983481,-91.797435,mac,pure,1.00E+00,pure
103,SYST-MOR-0006803,1.00E-05,2.00E-05,1.00E-05,1.00E-05,0.99989,1.00E-05,1.00E-05,1.00E-05,1.00E-05,1.00E-05,0,1.00E-05,0,1.00E-05,2.00E-05,1.00E-05,1.00E-05,0.99989,1.00E-05,1.00E-05,1.00E-05,1.00E-05,1.00E-05,0,0,1.00E-05,MO_CSW_071_MGLS,Quercus macrocarpa Michx.,Missouri,Castlewood State Park ,38.545697,-90.535657,mac,pure,1.00E+00,pure
104,SYST-MOR-0006804,2.00E-05,1.00E-05,1.00E-05,1.00E-05,0.99989,1.00E-05,1.00E-05,1.00E-05,1.00E-05,0,0,1.00E-05,0,2.00E-05,1.00E-05,1.00E-05,1.00E-05,0.99989,1.00E-05,1.00E-05,1.00E-05,1.00E-05,0,0,0,1.00E-05,MO_CSW_072_MGLS,Quercus macrocarpa Michx.,Missouri,Castlewood State Park ,38.546835,-90.537024,mac,pure,1.00E+00,pure
105,SYST-MOR-0006805,1.00E-05,1.00E-05,2.00E-05,1.00E-05,0.99989,1.00E-05,1.00E-05,1.00E-05,1.00E-05,1.00E-05,0,1.00E-05,0,1.00E-05,1.00E-05,2.00E-05,1.00E-05,0.99989,1.00E-05,1.00E-05,1.00E-05,1.00E-05,1.00E-05,0,0,1.00E-05,MO_CSW_073_MGLS,Quercus macrocarpa Michx.,Missouri,Castlewood State Park ,38.547166,-90.536986,mac,pure,1.00E+00,pure
106,SYST-MOR-0006806,1.00E-05,1.00E-05,1.00E-05,1.00E-05,1.00E-05,1.00E-05,1.00E-05,1.00E-05,1.00E-05,0,0,0.99989,0,2.00E-05,2.00E-05,1.30E-05,2.10E-05,2.00E-05,1.00E-05,1.00E-05,1.40E-05,1.30E-05,1.30E-05,0,0,0.99989,MO_TRC_074_MG,Quercus stellata Wangenh.,Missouri,Tyson Research Center,38.512088,-90.575698,ste,pure,1.00E+00,pure
108,SYST-MOR-0006808,0.99989,2.00E-05,1.00E-05,1.00E-05,1.00E-05,1.00E-05,1.00E-05,1.00E-05,1.00E-05,1.00E-05,0,1.00E-05,0,0.99989,2.00E-05,1.00E-05,1.00E-05,1.00E-05,1.00E-05,1.00E-05,1.00E-05,1.00E-05,1.00E-05,0,0,1.00E-05,MO_TRC_076_MG,Quercus alba L.,Missouri,Tyson Research Center,38.512384,-90.575894,alb,pure,1.00E+00,pure
109,SYST-MOR-0006809,1.00E-05,1.00E-05,1.00E-05,1.00E-05,1.00E-05,1.00E-05,1.00E-05,0.99989,1.00E-05,1.00E-05,0,1.40E-05,0,1.00E-05,2.00E-05,1.30E-05,2.00E-05,1.00E-05,1.00E-05,1.00E-05,0.9999,1.00E-05,1.00E-05,1.00E-05,1.00E-05,2.00E-05,MO_TRC_077_MG,Quercus muehlenbergii Engelm.,Missouri,Tyson Research Center,38.512355,-90.576186,mue,pure,1.00E+00,pure
110,SYST-MOR-0006810,0.99989,1.00E-05,1.00E-05,1.00E-05,1.00E-05,1.00E-05,1.00E-05,1.00E-05,1.00E-05,0,0,1.00E-05,0,0.999894,1.00E-05,1.20E-05,1.00E-05,1.00E-05,1.00E-05,1.40E-05,1.00E-05,1.00E-05,0,0,0,1.00E-05,MO_TRC_078_MG,Quercus alba L.,Missouri,Tyson Research Center,38.512345,-90.576354,alb,pure,1.00E+00,pure
111,SYST-MOR-0006811,1.00E-05,1.00E-05,1.00E-05,1.00E-05,1.00E-05,1.00E-05,1.00E-05,1.00E-05,1.00E-05,1.00E-05,0,0.99989,0,2.00E-05,2.40E-05,2.00E-05,2.40E-05,2.20E-05,1.70E-05,1.00E-05,2.10E-05,1.00E-05,1.70E-05,1.00E-05,0.99989,0.9999,MO_TRC_079_MG,Quercus stellata Wangenh.,Missouri,Tyson Research Center,38.512487,-90.576479,ste,pure,1.00E+00,pure
112,SYST-MOR-0006813,1.00E-05,1.00E-05,1.00E-05,1.00E-05,1.00E-05,1.00E-05,1.00E-05,0.999889,1.00E-05,1.00E-05,0,1.00E-05,0,2.00E-05,1.10E-05,2.00E-05,1.00E-05,1.00E-05,1.00E-05,1.50E-05,0.99989,1.00E-05,1.00E-05,1.00E-05,1.00E-05,2.00E-05,MO_TRC_081_MG,Quercus muehlenbergii Engelm.,Missouri,Tyson Research Center,38.511584,-90.57496,mue,pure,1.00E+00,pure
113,SYST-MOR-0006814,1.00E-05,1.00E-05,1.00E-05,1.00E-05,1.00E-05,1.00E-05,1.00E-05,1.00E-05,1.00E-05,1.00E-05,0,0.99989,0,2.00E-05,2.00E-05,1.00E-05,1.40E-05,2.00E-05,1.70E-05,1.00E-05,1.60E-05,1.00E-05,1.00E-05,1.00E-05,0.99989,0.9999,MO_TRC_082_MG,Quercus stellata Wangenh.,Missouri,Tyson Research Center,38.513753,-90.557106,ste,pure,1.00E+00,pure
114,SYST-MOR-0006815,1.00E-05,1.00E-05,1.00E-05,1.00E-05,1.00E-05,1.00E-05,1.00E-05,1.00E-05,1.00E-05,1.00E-05,0,0.999886,0,2.40E-05,2.00E-05,2.00E-05,2.00E-05,2.90E-05,1.20E-05,1.00E-05,2.20E-05,1.20E-05,1.00E-05,1.90E-05,0.999889,0.9999,MO_TRC_083_MG,Quercus stellata Wangenh.,Missouri,Tyson Research Center,38.514397,-90.555689,ste,pure,1.00E+00,pure
115,SYST-MOR-0006816,1.00E-05,1.00E-05,2.00E-05,1.00E-05,1.00E-05,0,0,0.999882,1.00E-05,1.00E-05,1.00E-05,2.80E-05,1.80E-05,1.00E-05,1.00E-05,2.00E-05,1.00E-05,1.00E-05,0,0,0.999882,1.00E-05,1.00E-05,1.80E-05,1.00E-05,2.80E-05,MO_TRC_084_MG,Quercus muehlenbergii Engelm.,Missouri,Tyson Research Center,38.514483,-90.555689,mue,pure,1.00E+00,pure
116,SYST-MOR-0006817,0.999888,1.00E-05,1.00E-05,1.00E-05,2.00E-05,1.00E-05,1.00E-05,0,0,1.00E-05,0,1.00E-05,0,0.9999,1.00E-05,1.00E-05,1.00E-05,2.00E-05,1.20E-05,1.00E-05,0,0,1.00E-05,1.00E-05,0,2.00E-05,MO_TRC_085_MG,Quercus alba L.,Missouri,Tyson Research Center,38.51341,-90.557621,alb,pure,1.00E+00,pure
117,SYST-MOR-0006818,1.00E-05,1.00E-05,1.00E-05,1.00E-05,2.00E-05,1.00E-05,1.00E-05,1.00E-05,1.00E-05,1.00E-05,0,0.99989,0,2.00E-05,2.00E-05,1.00E-05,1.00E-05,2.60E-05,1.00E-05,1.10E-05,2.00E-05,1.60E-05,1.60E-05,1.00E-05,0.999884,0.9999,MO_TRC_086_MG,Quercus stellata Wangenh.,Missouri,Tyson Research Center,38.512874,-90.557406,ste,pure,1.00E+00,pure
118,SYST-MOR-0006819,0.99988,1.00E-05,1.00E-05,1.00E-05,2.00E-05,1.00E-05,1.00E-05,0,0,0,0,1.00E-05,1.00E-05,0.99989,1.00E-05,1.00E-05,1.00E-05,3.00E-05,1.00E-05,1.00E-05,1.00E-05,1.00E-05,1.00E-05,1.00E-05,0,2.00E-05,MO_TRC_087_MG,Quercus alba L.,Missouri,Tyson Research Center,38.512509,-90.557449,alb,pure,1.00E+00,pure
119,SYST-MOR-0006820,0.999884,1.00E-05,1.00E-05,1.00E-05,1.70E-05,1.00E-05,1.00E-05,1.00E-05,1.00E-05,1.00E-05,0,1.00E-05,0,0.99989,2.00E-05,2.20E-05,1.60E-05,2.00E-05,1.00E-05,1.00E-05,1.00E-05,1.00E-05,1.00E-05,1.00E-05,1.00E-05,2.00E-05,MO_TRC_088_MG,Quercus alba L.,Missouri,Tyson Research Center,38.511951,-90.558586,alb,pure,1.00E+00,pure
120,SYST-MOR-0006821,1.00E-05,1.00E-05,1.00E-05,1.00E-05,0.9999,1.00E-05,1.00E-05,0,0,0,0,1.00E-05,0,1.00E-05,1.00E-05,1.00E-05,1.00E-05,0.9999,1.00E-05,1.00E-05,1.00E-05,1.00E-05,0,1.00E-05,0,1.00E-05,MO_HHT_089_MG,Quercus macrocarpa Michx.,Missouri,Ha Ha Tonka State Park ,37.990282,-92.774439,mac,pure,1.00E+00,pure
121,SYST-MOR-0006822,0.999888,1.00E-05,1.00E-05,1.00E-05,1.00E-05,1.00E-05,1.00E-05,1.00E-05,1.00E-05,1.00E-05,0,1.20E-05,0,0.99989,2.00E-05,1.00E-05,2.00E-05,1.00E-05,1.00E-05,1.00E-05,1.30E-05,1.00E-05,1.00E-05,1.00E-05,1.00E-05,2.00E-05,MO_HHT_090_MG,Quercus alba L.,Missouri,Ha Ha Tonka State Park ,37.97832,-92.768426,alb,pure,1.00E+00,pure
122,SYST-MOR-0006823,1.00E-05,1.00E-05,1.00E-05,1.00E-05,1.00E-05,1.00E-05,1.00E-05,1.00E-05,1.00E-05,1.00E-05,0,0.99989,0,2.00E-05,2.00E-05,1.00E-05,1.40E-05,2.00E-05,1.00E-05,1.00E-05,2.00E-05,1.60E-05,1.00E-05,1.00E-05,0.99989,0.9999,MO_HHT_091_MG,Quercus stellata Wangenh.,Missouri,Ha Ha Tonka State Park ,37.97832,-92.768447,ste,pure,1.00E+00,pure
123,SYST-MOR-0006824,0.99989,1.00E-05,1.00E-05,1.00E-05,1.00E-05,0,0,1.00E-05,1.00E-05,1.00E-05,0,1.00E-05,0,0.99989,2.00E-05,2.00E-05,1.00E-05,1.00E-05,1.00E-05,1.00E-05,1.00E-05,1.00E-05,1.00E-05,1.00E-05,1.00E-05,2.00E-05,MO_HHT_092_MG,Quercus alba L.,Missouri,Ha Ha Tonka State Park ,37.980251,-92.768297,alb,pure,1.00E+00,pure
124,SYST-MOR-0006825,1.00E-05,1.00E-05,1.00E-05,1.00E-05,1.00E-05,1.00E-05,1.00E-05,1.00E-05,1.00E-05,1.00E-05,0,0.99989,0,2.00E-05,2.00E-05,2.00E-05,1.00E-05,2.00E-05,1.00E-05,1.60E-05,2.00E-05,1.00E-05,1.00E-05,1.00E-05,0.99989,0.9999,MO_HHT_093_MG,Quercus stellata Wangenh.,Missouri,Ha Ha Tonka State Park ,37.980396,-92.768258,ste,pure,1.00E+00,pure
125,SYST-MOR-0006826,1.00E-05,1.00E-05,1.00E-05,1.00E-05,1.00E-05,1.00E-05,1.00E-05,1.00E-05,1.00E-05,1.00E-05,0,0.99989,0,2.00E-05,2.00E-05,2.00E-05,1.00E-05,2.60E-05,1.00E-05,1.90E-05,1.00E-05,1.00E-05,1.00E-05,1.00E-05,0.99989,0.9999,MO_HHT_094_MG,Quercus stellata Wangenh.,Missouri,Ha Ha Tonka State Park ,37.980251,-92.769241,ste,pure,1.00E+00,pure
126,SYST-MOR-0006827,1.00E-05,1.00E-05,1.00E-05,1.00E-05,1.00E-05,1.00E-05,1.00E-05,0.99989,1.00E-05,1.00E-05,0,1.00E-05,0,2.00E-05,1.00E-05,2.00E-05,2.00E-05,2.00E-05,1.00E-05,1.00E-05,0.99989,1.00E-05,1.00E-05,1.00E-05,1.00E-05,2.00E-05,MO_HHT_095_MG,Quercus muehlenbergii Engelm.,Missouri,Ha Ha Tonka State Park ,37.980144,-92.770185,mue,pure,1.00E+00,pure
127,SYST-MOR-0006828,1.00E-05,1.00E-05,1.00E-05,1.00E-05,1.00E-05,1.00E-05,1.00E-05,0.99989,1.00E-05,1.00E-05,0,1.00E-05,0,2.70E-05,2.00E-05,1.00E-05,1.00E-05,2.00E-05,1.00E-05,1.10E-05,0.99989,1.00E-05,1.00E-05,1.00E-05,1.00E-05,2.00E-05,MO_HHT_096_MG,Quercus muehlenbergii Engelm.,Missouri,Ha Ha Tonka State Park ,37.979586,-92.770872,mue,pure,1.00E+00,pure
128,SYST-MOR-0006829,1.00E-05,1.00E-05,1.00E-05,1.00E-05,1.00E-05,1.00E-05,1.00E-05,0.999869,1.00E-05,1.00E-05,0,1.00E-05,0,1.00E-05,2.00E-05,2.00E-05,1.00E-05,1.90E-05,1.90E-05,1.00E-05,0.99989,1.00E-05,1.00E-05,0,0,1.30E-05,MO_HHT_097_MG,Quercus muehlenbergii Engelm.,Missouri,Ha Ha Tonka State Park ,37.980251,-92.771752,mue,pure,1.00E+00,pure
129,SYST-MOR-0006830,1.00E-05,1.00E-05,1.00E-05,1.00E-05,2.00E-05,1.00E-05,1.00E-05,0.99989,1.00E-05,1.00E-05,0,1.00E-05,0,1.00E-05,1.00E-05,1.00E-05,1.00E-05,2.00E-05,1.00E-05,1.00E-05,0.99989,1.00E-05,1.00E-05,0,0,1.00E-05,MO_HHT_098_MG,Quercus muehlenbergii Engelm.,Missouri,Ha Ha Tonka State Park ,37.980058,-92.772782,mue,pure,1.00E+00,pure
130,SYST-MOR-0006831,0.999884,0,1.00E-05,0,2.00E-05,1.00E-05,1.00E-05,1.00E-05,1.00E-05,1.00E-05,0,1.00E-05,0,0.99989,1.00E-05,1.00E-05,1.00E-05,2.40E-05,1.10E-05,1.00E-05,1.00E-05,1.00E-05,1.00E-05,1.00E-05,1.00E-05,2.00E-05,MO_HHT_099_MG,Quercus alba L.,Missouri,Ha Ha Tonka State Park ,37.977505,-92.773662,alb,pure,1.00E+00,pure
131,SYST-MOR-0006832,0.99989,1.20E-05,1.00E-05,1.00E-05,1.00E-05,1.00E-05,1.00E-05,1.00E-05,1.00E-05,1.00E-05,0,1.20E-05,0,0.99989,2.00E-05,2.20E-05,1.10E-05,1.30E-05,1.00E-05,1.00E-05,1.80E-05,1.00E-05,1.00E-05,1.00E-05,1.00E-05,2.00E-05,MO_HHT_100_MG,Quercus alba L.,Missouri,Ha Ha Tonka State Park ,37.977033,-92.768855,alb,pure,1.00E+00,pure
132,SYST-MOR-0006833,1.00E-05,1.00E-05,1.00E-05,1.00E-05,1.00E-05,1.00E-05,1.00E-05,1.00E-05,1.00E-05,1.00E-05,0,0.99989,0,2.00E-05,2.00E-05,2.00E-05,1.30E-05,2.00E-05,1.00E-05,1.00E-05,2.00E-05,1.00E-05,1.00E-05,1.00E-05,0.99989,0.9999,MO_HHT_101_MG,Quercus stellata Wangenh.,Missouri,Ha Ha Tonka State Park ,37.977054,-92.768555,ste,pure,1.00E+00,pure
135,SYST-MOR-0006836,1.00E-05,1.00E-05,1.00E-05,1.00E-05,2.00E-05,1.00E-05,1.00E-05,1.00E-05,1.00E-05,1.00E-05,0,0.99989,0,2.00E-05,2.00E-05,1.00E-05,1.00E-05,2.00E-05,1.30E-05,1.60E-05,2.00E-05,2.00E-05,1.00E-05,1.00E-05,0.99989,0.9999,MO_PSP_MG924_MG,Quercus stellata Wangenh.,Missouri,Prairie State Park ,37.53224684,-94.57492438,ste,pure,1.00E+00,pure
137,SYST-MOR-0006838,1.00E-05,1.00E-05,1.00E-05,1.00E-05,1.00E-05,1.00E-05,1.00E-05,1.00E-05,1.00E-05,1.00E-05,0,0.999886,0,2.00E-05,2.00E-05,2.00E-05,2.10E-05,2.00E-05,1.80E-05,1.00E-05,2.00E-05,1.10E-05,1.00E-05,1.00E-05,0.99989,0.9999,MO_PSP_MG926_MG,Quercus stellata Wangenh.,Missouri,Prairie State Park ,37.5327569,-94.57466924,ste,pure,1.00E+00,pure
140,SYST-MOR-0006841,1.00E-05,1.00E-05,1.00E-05,1.00E-05,1.20E-05,1.00E-05,1.00E-05,1.00E-05,1.00E-05,1.00E-05,0,0.99989,0,2.00E-05,2.00E-05,2.00E-05,2.00E-05,2.00E-05,1.90E-05,1.70E-05,2.40E-05,1.40E-05,0.002709,0.99989,1.00E-05,0.9999,OK_RRC_107_MG,Quercus margaretiae Ashe ex Small,Oklahoma,Red Rock Canyon Adventure Park ,35.435972,-98.355532,mar,pure,1.00E+00,pure
143,SYST-MOR-0006844,0,1.00E-05,1.00E-05,1.00E-05,0.99989,0,1.00E-05,2.00E-05,1.00E-05,1.00E-05,1.00E-05,2.00E-05,1.00E-05,0,1.00E-05,1.00E-05,1.00E-05,0.99989,0,1.00E-05,2.00E-05,1.00E-05,1.00E-05,1.00E-05,1.00E-05,2.00E-05,OK_RRC_109_MG,Quercus macrocarpa Michx.,Oklahoma,Red Rock Canyon Adventure Park ,35.435378,-98.354117,mac,pure,1.00E+00,pure
144,SYST-MOR-0006845,1.00E-05,1.00E-05,1.00E-05,1.00E-05,1.00E-05,1.00E-05,1.00E-05,1.00E-05,1.00E-05,1.00E-05,0,0.99989,0,2.00E-05,2.00E-05,2.00E-05,2.00E-05,2.90E-05,1.00E-05,2.00E-05,2.00E-05,1.50E-05,1.20E-05,0.99989,1.00E-05,0.9999,OK_RRC_110_MG,Quercus margaretiae Ashe ex Small,Oklahoma,Red Rock Canyon Adventure Park ,35.4352,-98.353772,mar,pure,1.00E+00,pure
145,SYST-MOR-0006846,1.00E-05,1.00E-05,1.00E-05,1.00E-05,1.00E-05,1.00E-05,1.00E-05,1.00E-05,1.00E-05,1.00E-05,0,0.99989,0,2.00E-05,2.00E-05,2.00E-05,2.00E-05,2.00E-05,1.70E-05,1.80E-05,2.00E-05,1.00E-05,0.009776,0.99989,1.00E-05,0.9999,OK_RRC_111_MG,Quercus margaretiae Ashe ex Small,Oklahoma,Red Rock Canyon Adventure Park ,35.435951,-98.353643,mar,pure,1.00E+00,pure
146,SYST-MOR-0006847,1.00E-05,1.00E-05,1.00E-05,1.00E-05,1.00E-05,1.00E-05,1.00E-05,1.00E-05,1.00E-05,1.00E-05,0,0.99989,0,2.00E-05,2.00E-05,2.80E-05,2.00E-05,3.00E-05,1.00E-05,0.001923,2.00E-05,1.30E-05,1.10E-05,0.99989,1.00E-05,0.9999,OK_RRC_112_MG,Quercus margaretiae Ashe ex Small,Oklahoma,Red Rock Canyon Adventure Park ,35.43638,-98.353536,mar,pure,1.00E+00,pure
151,SYST-MOR-0006852,1.00E-05,1.20E-05,1.00E-05,2.00E-05,0.999876,1.00E-05,1.70E-05,1.00E-05,1.00E-05,0,0,1.00E-05,0,1.00E-05,1.20E-05,1.00E-05,2.00E-05,0.999876,1.00E-05,1.70E-05,1.00E-05,1.00E-05,0,0,0,1.00E-05,OK_RRC_117_MG,Quercus macrocarpa Michx.,Oklahoma,Red Rock Canyon Adventure Park ,35.450242,-98.352764,mac,pure,1.00E+00,pure
152,SYST-MOR-0006853,1.00E-05,2.00E-05,1.00E-05,1.00E-05,0.99989,1.00E-05,1.00E-05,1.00E-05,1.00E-05,0,0,1.00E-05,1.00E-05,1.00E-05,2.00E-05,1.00E-05,1.00E-05,0.99989,1.00E-05,1.00E-05,1.00E-05,1.00E-05,0,1.00E-05,0,1.00E-05,OK_RRC_118_MG,Quercus macrocarpa Michx.,Oklahoma,Red Rock Canyon Adventure Park ,35.456636,-98.35433,mac,pure,1.00E+00,pure
153,SYST-MOR-0006854,1.00E-05,1.00E-05,1.00E-05,1.00E-05,0.99989,1.00E-05,1.00E-05,1.00E-05,1.00E-05,1.00E-05,1.00E-05,2.00E-05,1.00E-05,1.00E-05,1.00E-05,1.00E-05,1.00E-05,0.99989,1.00E-05,1.00E-05,1.00E-05,1.00E-05,1.00E-05,1.00E-05,1.00E-05,2.00E-05,OK_RRC_119_MG,Quercus macrocarpa Michx.,Oklahoma,Red Rock Canyon Adventure Park ,35.457221,-98.353656,mac,pure,1.00E+00,pure
155,SYST-MOR-0006856,1.00E-05,1.00E-05,1.00E-05,1.00E-05,1.00E-05,1.00E-05,1.00E-05,1.00E-05,1.00E-05,1.00E-05,0,0.99989,0,2.00E-05,2.00E-05,2.00E-05,2.00E-05,2.50E-05,1.60E-05,1.00E-05,2.00E-05,0.002778,0.002195,0.99989,1.80E-05,0.9999,OK_RRC_121_MG,Quercus margaretiae Ashe ex Small,Oklahoma,Red Rock Canyon Adventure Park ,35.436058,-98.355746,mar,pure,1.00E+00,pure
156,SYST-MOR-0006857,0,1.00E-05,1.00E-05,1.00E-05,0.99989,0,1.00E-05,0,0,0,0,1.00E-05,0,1.00E-05,1.00E-05,1.00E-05,1.00E-05,0.9999,1.00E-05,1.00E-05,2.00E-05,1.00E-05,1.00E-05,1.00E-05,1.00E-05,2.00E-05,OK_TGP_122_MG,Quercus macrocarpa Michx.,Oklahoma,Tallgrass Prairie Preserve ,36.845101,-96.426448,mac,pure,1.00E+00,pure
157,SYST-MOR-0006858,1.30E-05,1.00E-05,1.00E-05,2.00E-05,0.999887,1.00E-05,1.00E-05,1.00E-05,1.00E-05,0,0,1.00E-05,0,1.30E-05,1.00E-05,1.00E-05,2.00E-05,0.999887,1.00E-05,1.00E-05,1.00E-05,1.00E-05,0,0,0,1.00E-05,OK_TGP_123_MG,Quercus macrocarpa Michx.,Oklahoma,Tallgrass Prairie Preserve ,36.845784,-96.426594,mac,pure,1.00E+00,pure
158,SYST-MOR-0006859,1.00E-05,1.00E-05,1.00E-05,1.00E-05,1.00E-05,1.00E-05,1.00E-05,1.00E-05,1.00E-05,1.00E-05,0,0.99989,0,2.00E-05,1.40E-05,2.00E-05,1.20E-05,2.00E-05,1.00E-05,1.00E-05,2.00E-05,1.80E-05,1.00E-05,1.00E-05,0.99989,0.9999,OK_TGP_124_MG,Quercus stellata Wangenh.,Oklahoma,Tallgrass Prairie Preserve ,36.845564,-96.428413,ste,pure,1.00E+00,pure
159,SYST-MOR-0006860,1.00E-05,1.00E-05,2.50E-05,1.00E-05,1.20E-05,1.00E-05,1.00E-05,0.999883,1.00E-05,1.00E-05,0,1.00E-05,0,1.00E-05,1.00E-05,2.50E-05,1.00E-05,1.20E-05,1.00E-05,1.00E-05,0.999883,1.00E-05,1.00E-05,0,0,1.00E-05,OK_TGP_125_MG,Quercus muehlenbergii Engelm.,Oklahoma,Tallgrass Prairie Preserve ,36.845779,-96.428592,mue,pure,1.00E+00,pure
160,SYST-MOR-0006861,1.00E-05,1.00E-05,1.00E-05,1.00E-05,0.9999,1.00E-05,1.00E-05,0,0,1.00E-05,0,2.00E-05,1.00E-05,1.00E-05,1.00E-05,1.00E-05,1.00E-05,0.9999,1.00E-05,1.00E-05,0,0,1.00E-05,1.00E-05,0,2.00E-05,OK_TGP_126_MG,Quercus macrocarpa Michx.,Oklahoma,Tallgrass Prairie Preserve ,36.846022,-96.428747,mac,pure,1.00E+00,pure
161,SYST-MOR-0006862,0,1.00E-05,1.00E-05,1.00E-05,0.999,0,1.00E-05,0.00092,1.00E-05,1.00E-05,0,1.00E-05,0,0,1.00E-05,1.00E-05,1.00E-05,0.999,0,1.00E-05,0.00092,1.00E-05,1.00E-05,0,0,1.00E-05,OK_TGP_127_MG,Quercus macrocarpa Michx.,Oklahoma,Tallgrass Prairie Preserve ,36.846654,-96.429275,mac,pure,9.99E-01,pure
163,SYST-MOR-0006864,1.00E-05,1.00E-05,1.00E-05,1.00E-05,1.00E-05,1.00E-05,1.00E-05,1.00E-05,1.00E-05,1.00E-05,0,0.99989,0,2.00E-05,2.00E-05,1.00E-05,2.00E-05,2.00E-05,1.60E-05,1.00E-05,2.00E-05,1.00E-05,1.40E-05,1.00E-05,0.99989,0.9999,OK_TGP_129_MG,Quercus stellata Wangenh.,Oklahoma,Tallgrass Prairie Preserve ,36.846825,-96.429918,ste,pure,1.00E+00,pure
165,SYST-MOR-0006866,1.00E-05,1.00E-05,1.00E-05,1.00E-05,0.99989,1.00E-05,1.00E-05,2.00E-05,1.00E-05,0,0,1.00E-05,0,1.00E-05,1.00E-05,1.00E-05,1.00E-05,0.99989,1.00E-05,1.00E-05,2.00E-05,1.00E-05,0,0,0,1.00E-05,OK_TGP_131_MG,Quercus macrocarpa Michx.,Oklahoma,Tallgrass Prairie Preserve ,36.844363,-96.426753,mac,pure,1.00E+00,pure
166,SYST-MOR-0006867,1.40E-05,1.00E-05,1.00E-05,1.00E-05,1.00E-05,1.00E-05,1.00E-05,1.00E-05,1.00E-05,0,0,0.999886,0,2.00E-05,2.00E-05,2.00E-05,1.00E-05,2.00E-05,2.00E-05,1.00E-05,2.00E-05,1.00E-05,1.00E-05,0.370963,0,0.9999,OK_TGP_132_MG,Quercus stellata Wangenh.,Oklahoma,Tallgrass Prairie Preserve ,36.855211,-96.423107,mar,pure,1.00E+00,pure
167,SYST-MOR-0006868,1.00E-05,1.00E-05,1.00E-05,1.00E-05,1.00E-05,1.00E-05,1.00E-05,1.00E-05,1.00E-05,1.00E-05,0,0.99989,0,2.00E-05,2.00E-05,3.00E-05,2.00E-05,2.00E-05,1.30E-05,1.00E-05,2.00E-05,1.00E-05,1.10E-05,1.00E-05,0.99989,0.9999,OK_TGP_133_MG,Quercus stellata Wangenh.,Oklahoma,Tallgrass Prairie Preserve ,36.84763,-96.422002,ste,pure,1.00E+00,pure
168,SYST-MOR-0006869,1.00E-05,1.00E-05,1.00E-05,1.00E-05,1.00E-05,1.00E-05,1.00E-05,0.99989,1.00E-05,1.00E-05,0,1.00E-05,0,1.00E-05,2.00E-05,1.00E-05,1.00E-05,2.00E-05,1.00E-05,1.00E-05,0.99989,1.00E-05,1.00E-05,1.00E-05,1.00E-05,2.00E-05,OK_TGP_134_MG,Quercus muehlenbergii Engelm.,Oklahoma,Tallgrass Prairie Preserve ,36.846,-96.428886,mue,pure,1.00E+00,pure
169,SYST-MOR-0006870,1.00E-05,2.00E-05,1.00E-05,1.00E-05,0.99989,1.00E-05,1.00E-05,1.00E-05,1.00E-05,1.00E-05,0,1.00E-05,0,1.00E-05,2.00E-05,1.00E-05,1.00E-05,0.99989,1.00E-05,1.00E-05,1.00E-05,1.00E-05,1.00E-05,0,0,1.00E-05,TN_BCP_148_MG,Quercus macrocarpa Michx.,Tennessee,Bledsoe Creek State Park ,36.375797,-86.357923,mac,pure,1.00E+00,pure
170,SYST-MOR-0006871,1.00E-05,1.00E-05,1.00E-05,1.00E-05,1.00E-05,1.00E-05,1.00E-05,0.99989,1.00E-05,0,0,1.00E-05,0,1.00E-05,2.00E-05,1.00E-05,2.00E-05,2.00E-05,1.00E-05,1.00E-05,0.99989,1.00E-05,1.00E-05,1.00E-05,0,1.00E-05,TN_BCP_149_MG,Quercus muehlenbergii Engelm.,Tennessee,Bledsoe Creek State Park ,36.375636,-86.357897,mue,pure,1.00E+00,pure
171,SYST-MOR-0006872,1.90E-05,1.00E-05,1.00E-05,1.00E-05,0.999879,1.00E-05,1.00E-05,0,0,1.00E-05,1.20E-05,2.20E-05,1.00E-05,1.90E-05,1.00E-05,1.00E-05,1.00E-05,0.999879,1.00E-05,1.00E-05,0,0,1.00E-05,1.00E-05,1.20E-05,2.20E-05,TN_BCP_150_MG,Quercus macrocarpa Michx.,Tennessee,Bledsoe Creek State Park ,36.375555,-86.357897,mac,pure,1.00E+00,pure
172,SYST-MOR-0006873,1.00E-05,1.00E-05,1.00E-05,1.00E-05,0.99989,1.00E-05,1.00E-05,1.00E-05,1.00E-05,1.00E-05,0,1.00E-05,0,2.00E-05,2.70E-05,2.80E-05,2.00E-05,0.9999,1.00E-05,1.00E-05,2.00E-05,1.00E-05,1.30E-05,1.00E-05,1.00E-05,2.00E-05,TN_BCP_151_MG,Quercus macrocarpa Michx.,Tennessee,Bledsoe Creek State Park ,36.376501,-86.352131,mac,pure,1.00E+00,pure
173,SYST-MOR-0006874,1.00E-05,1.00E-05,1.00E-05,1.00E-05,1.00E-05,0,0,0.999889,1.00E-05,0,0,1.00E-05,0,1.00E-05,1.00E-05,2.00E-05,1.00E-05,1.00E-05,1.00E-05,1.00E-05,0.9999,1.00E-05,1.00E-05,1.00E-05,1.00E-05,2.00E-05,TN_BCP_152_MG,Quercus muehlenbergii Engelm.,Tennessee,Bledsoe Creek State Park ,36.376675,-86.352078,mue,pure,1.00E+00,pure
174,SYST-MOR-0006875,1.00E-05,1.00E-05,1.00E-05,2.00E-05,0.999885,1.00E-05,1.00E-05,1.00E-05,1.20E-05,0,0,1.30E-05,0,1.00E-05,1.00E-05,1.00E-05,2.00E-05,0.999885,1.00E-05,1.00E-05,1.00E-05,1.20E-05,0,0,0,1.30E-05,TN_BCP_153_MG,Quercus macrocarpa Michx.,Tennessee,Bledsoe Creek State Park ,36.376798,-86.35191,mac,pure,1.00E+00,pure
175,SYST-MOR-0006876,1.70E-05,1.00E-05,1.00E-05,1.00E-05,2.00E-05,0,1.00E-05,0.99989,1.00E-05,1.00E-05,0,1.00E-05,0,2.00E-05,1.00E-05,1.00E-05,2.00E-05,2.00E-05,1.00E-05,1.00E-05,0.9999,1.00E-05,1.00E-05,0,0,1.00E-05,TN_BCP_154_MG,Quercus muehlenbergii Engelm.,Tennessee,Bledsoe Creek State Park ,36.376933,-86.351784,mue,pure,1.00E+00,pure
176,SYST-MOR-0006877,0.99989,1.00E-05,1.00E-05,1.00E-05,1.00E-05,1.00E-05,1.00E-05,1.00E-05,1.00E-05,1.00E-05,0,1.00E-05,0,0.9999,1.00E-05,2.00E-05,1.00E-05,2.10E-05,1.00E-05,1.00E-05,1.00E-05,1.00E-05,1.00E-05,1.00E-05,1.00E-05,2.00E-05,TN_BCP_155_MG,Quercus alba L.,Tennessee,Bledsoe Creek State Park ,36.377459,-86.35126,alb,pure,1.00E+00,pure
177,SYST-MOR-0006878,1.00E-05,2.00E-05,1.00E-05,1.00E-05,0.99989,1.00E-05,1.00E-05,1.00E-05,1.00E-05,1.00E-05,0,1.00E-05,0,1.00E-05,2.00E-05,1.00E-05,1.00E-05,0.99989,1.00E-05,1.00E-05,1.00E-05,1.00E-05,1.00E-05,0,0,1.00E-05,TN_BCP_156_MG,Quercus macrocarpa Michx.,Tennessee,Bledsoe Creek State Park ,36.377782,-86.351108,mac,pure,1.00E+00,pure
178,SYST-MOR-0006879,0.9999,1.00E-05,1.00E-05,1.00E-05,2.00E-05,1.00E-05,1.00E-05,0,0,1.00E-05,0,1.00E-05,0,0.9999,1.00E-05,1.00E-05,1.00E-05,2.00E-05,1.00E-05,1.00E-05,0,0,1.00E-05,0,0,1.00E-05,TN_BCP_157_MG,Quercus alba L.,Tennessee,Bledsoe Creek State Park ,36.377798,-86.35111,alb,pure,1.00E+00,pure
179,SYST-MOR-0006880,1.00E-05,1.00E-05,1.00E-05,1.00E-05,2.00E-05,1.00E-05,1.00E-05,0.99989,1.00E-05,1.00E-05,0,1.00E-05,0,1.00E-05,2.00E-05,1.00E-05,1.00E-05,2.00E-05,1.00E-05,1.00E-05,0.9999,1.00E-05,1.00E-05,1.00E-05,0,1.00E-05,TN_BCP_158_MG,Quercus muehlenbergii Engelm.,Tennessee,Bledsoe Creek State Park ,36.37774,-86.351055,mue,pure,1.00E+00,pure
180,SYST-MOR-0006881,0.9999,1.00E-05,1.00E-05,1.00E-05,1.00E-05,1.00E-05,1.00E-05,1.00E-05,1.00E-05,1.00E-05,0,1.00E-05,0,0.9999,1.00E-05,1.00E-05,1.00E-05,1.00E-05,1.00E-05,1.00E-05,1.00E-05,1.00E-05,1.00E-05,0,0,1.00E-05,TN_BCP_159_MG,Quercus alba L.,Tennessee,Bledsoe Creek State Park ,36.378009,-86.350874,alb,pure,1.00E+00,pure
181,SYST-MOR-0006882,1.00E-05,1.00E-05,1.00E-05,1.00E-05,1.00E-05,1.00E-05,1.00E-05,0.99989,1.00E-05,1.00E-05,0,1.00E-05,0,2.00E-05,2.00E-05,2.00E-05,1.00E-05,1.00E-05,1.00E-05,1.20E-05,0.9999,1.00E-05,1.40E-05,1.00E-05,1.00E-05,2.00E-05,TN_BCP_160_MG,Quercus muehlenbergii Engelm.,Tennessee,Bledsoe Creek State Park ,36.378015,-86.3509,mue,pure,1.00E+00,pure
182,SYST-MOR-0006883,0.99989,1.00E-05,1.00E-05,1.00E-05,2.00E-05,1.00E-05,1.00E-05,0,0,1.00E-05,0,2.00E-05,1.00E-05,0.99989,1.00E-05,1.10E-05,1.00E-05,2.00E-05,1.00E-05,1.00E-05,1.00E-05,1.00E-05,1.00E-05,1.00E-05,1.00E-05,2.00E-05,TN_BCP_161_MG,Quercus alba L.,Tennessee,Bledsoe Creek State Park ,36.378266,-86.350747,alb,pure,1.00E+00,pure
183,SYST-MOR-0006884,0.999888,1.00E-05,1.00E-05,1.00E-05,2.00E-05,1.00E-05,1.00E-05,0,0,0,0,1.00E-05,0,0.99989,1.00E-05,1.20E-05,1.00E-05,2.00E-05,1.00E-05,1.00E-05,1.00E-05,1.00E-05,1.00E-05,0,0,1.00E-05,TN_BCP_162_MG,Quercus alba L.,Tennessee,Bledsoe Creek State Park ,36.376907,-86.358224,alb,pure,1.00E+00,pure
184,SYST-MOR-0006885,1.00E-05,1.00E-05,1.00E-05,1.00E-05,1.00E-05,1.00E-05,1.00E-05,0.99989,1.00E-05,0,0,1.00E-05,0,2.00E-05,1.00E-05,1.00E-05,1.00E-05,2.00E-05,1.60E-05,1.00E-05,0.99989,1.00E-05,1.00E-05,1.60E-05,1.00E-05,2.60E-05,TN_CLP_163_MG,Quercus muehlenbergii Engelm.,Tennessee,Cedars of Lebanon State Park ,36.07297,-86.3138,mue,pure,1.00E+00,pure
185,SYST-MOR-0006886,1.00E-05,1.00E-05,1.00E-05,1.00E-05,1.00E-05,1.00E-05,1.00E-05,1.00E-05,1.00E-05,1.00E-05,0,0.99989,0,2.30E-05,2.00E-05,2.00E-05,2.00E-05,2.00E-05,1.00E-05,1.20E-05,2.00E-05,1.00E-05,1.00E-05,0.002673,0.99989,0.9999,TN_CLP_164_MG,Quercus stellata Wangenh.,Tennessee,Cedars of Lebanon State Park ,36.073057,-86.313585,ste,pure,1.00E+00,pure
186,SYST-MOR-0006887,1.00E-05,1.00E-05,1.00E-05,1.00E-05,1.00E-05,1.00E-05,1.00E-05,0.99989,1.00E-05,1.00E-05,1.00E-05,2.00E-05,1.00E-05,1.00E-05,1.00E-05,1.00E-05,1.00E-05,1.00E-05,1.00E-05,1.00E-05,0.99989,1.00E-05,1.00E-05,1.00E-05,1.00E-05,2.00E-05,TN_CLP_165_MG,Quercus muehlenbergii Engelm.,Tennessee,Cedars of Lebanon State Park ,36.074588,-86.314467,mue,pure,1.00E+00,pure
187,SYST-MOR-0006888,1.00E-05,1.00E-05,1.00E-05,1.00E-05,1.00E-05,1.00E-05,1.00E-05,1.00E-05,1.00E-05,1.00E-05,0,0.99989,0,2.00E-05,2.00E-05,2.00E-05,2.00E-05,2.80E-05,1.40E-05,1.00E-05,2.00E-05,1.00E-05,1.00E-05,1.00E-05,0.99989,0.9999,TN_CLP_166_MG,Quercus stellata Wangenh.,Tennessee,Cedars of Lebanon State Park ,36.074626,-86.314306,ste,pure,1.00E+00,pure
188,SYST-MOR-0006889,0.999884,1.00E-05,1.00E-05,1.00E-05,1.10E-05,1.00E-05,1.00E-05,1.00E-05,1.00E-05,1.00E-05,0,1.00E-05,0,0.9999,1.00E-05,1.00E-05,1.00E-05,2.00E-05,1.00E-05,1.00E-05,1.90E-05,1.60E-05,1.90E-05,0,0,1.00E-05,TN_CLP_167_MG,Quercus alba L.,Tennessee,Cedars of Lebanon State Park ,36.075606,-86.313964,alb,pure,1.00E+00,pure
189,SYST-MOR-0006890,1.00E-05,1.00E-05,2.00E-05,1.00E-05,0.99989,0,0,1.00E-05,1.00E-05,1.00E-05,1.00E-05,2.00E-05,1.00E-05,1.00E-05,1.00E-05,2.00E-05,1.00E-05,0.99989,0,0,1.00E-05,1.00E-05,1.00E-05,1.00E-05,1.00E-05,2.00E-05,KY_LXC_168_MG,Quercus macrocarpa Michx.,Kentucky,Lexington Cemetery ,38.059359,-86.51346,mac,pure,1.00E+00,pure
190,SYST-MOR-0006891,0,1.00E-05,1.00E-05,1.00E-05,0.99989,0,1.00E-05,2.00E-05,1.00E-05,1.00E-05,1.00E-05,2.00E-05,1.00E-05,0,1.00E-05,1.00E-05,1.00E-05,0.99989,0,1.00E-05,2.00E-05,1.00E-05,1.00E-05,1.00E-05,1.00E-05,2.00E-05,KY_LXC_169_MG,Quercus macrocarpa Michx.,Kentucky,Lexington Cemetery ,38.061765,-84.506476,mac,pure,1.00E+00,pure
191,SYST-MOR-0006892,1.00E-05,1.00E-05,2.00E-05,1.00E-05,0.99989,0,0,1.00E-05,1.00E-05,1.00E-05,1.00E-05,2.00E-05,1.00E-05,1.00E-05,1.00E-05,2.00E-05,1.00E-05,0.99989,0,0,1.00E-05,1.00E-05,1.00E-05,1.00E-05,1.00E-05,2.00E-05,KY_LXC_170_MG,Quercus macrocarpa Michx.,Kentucky,Lexington Cemetery ,38.061055,-84.507112,mac,pure,1.00E+00,pure
192,SYST-MOR-0006893,1.00E-05,1.00E-05,2.00E-05,1.00E-05,0.99989,0,0,1.00E-05,1.00E-05,1.00E-05,1.00E-05,2.00E-05,1.00E-05,1.00E-05,1.00E-05,2.00E-05,1.00E-05,0.99989,0,0,1.00E-05,1.00E-05,1.00E-05,1.00E-05,1.00E-05,2.00E-05,KY_LXC_171_MG,Quercus macrocarpa Michx.,Kentucky,Lexington Cemetery ,38.058274,-84.508551,mac,pure,1.00E+00,pure
193,SYST-MOR-0006894,1.00E-05,1.00E-05,1.00E-05,1.00E-05,0.9999,1.00E-05,1.00E-05,0,0,0,0,1.00E-05,0,1.00E-05,1.00E-05,1.00E-05,1.00E-05,0.9999,1.00E-05,1.00E-05,0,0,0,0,0,1.00E-05,KY_CSW_172_MG,Quercus macrocarpa Michx.,Kentucky,Castlewood State Park ,38.055834,-84.476246,mac,pure,1.00E+00,pure
194,SYST-MOR-0006895,1.00E-05,1.00E-05,1.00E-05,1.00E-05,2.00E-05,1.00E-05,1.00E-05,0.99989,1.00E-05,1.00E-05,0,1.00E-05,0,1.00E-05,2.00E-05,1.00E-05,1.00E-05,2.00E-05,1.00E-05,1.00E-05,0.999897,1.00E-05,1.00E-05,0,0,1.00E-05,KY_CSW_173_MG,Quercus muehlenbergii Engelm.,Kentucky,Castlewood State Park ,38.055772,-84.476893,mue,pure,1.00E+00,pure
196,SYST-MOR-0006897,1.00E-05,0,1.00E-05,0,0.999899,1.00E-05,1.00E-05,1.00E-05,1.00E-05,1.00E-05,1.00E-05,2.10E-05,1.10E-05,1.00E-05,0,1.00E-05,0,0.999899,1.00E-05,1.00E-05,1.00E-05,1.00E-05,1.00E-05,1.10E-05,1.00E-05,2.10E-05,KY_BBF_175_MG,Quercus macrocarpa Michx.,Kentucky,Briarbrook Farm ,38.278214,-84.203992,mac,pure,1.00E+00,pure
197,SYST-MOR-0006898,1.00E-05,1.00E-05,1.00E-05,1.00E-05,1.00E-05,0,1.00E-05,0.99989,1.00E-05,1.00E-05,1.00E-05,2.00E-05,1.00E-05,2.00E-05,1.00E-05,1.00E-05,1.00E-05,2.00E-05,1.00E-05,1.00E-05,0.9999,1.10E-05,1.00E-05,1.00E-05,1.00E-05,2.00E-05,KY_BBF_176_MG,Quercus muehlenbergii Engelm.,Kentucky,Briarbrook Farm ,38.218246,-84.203368,mue,pure,1.00E+00,pure
198,SYST-MOR-0006899,2.00E-05,1.00E-05,1.00E-05,1.00E-05,0.9999,1.00E-05,1.00E-05,0,0,1.00E-05,0,1.00E-05,0,2.00E-05,1.00E-05,1.00E-05,1.00E-05,0.9999,1.00E-05,1.00E-05,0,0,1.00E-05,0,0,1.00E-05,KY_BBF_177_MG,Quercus macrocarpa Michx.,Kentucky,Briarbrook Farm ,38.278441,-84.203368,mac,pure,1.00E+00,pure
200,SYST-MOR-0006901,0,1.00E-05,1.00E-05,1.00E-05,1.00E-05,0,1.00E-05,0.99989,1.00E-05,1.00E-05,0,1.00E-05,0,1.00E-05,1.00E-05,2.00E-05,1.00E-05,2.00E-05,1.00E-05,1.00E-05,0.9999,1.00E-05,1.00E-05,1.00E-05,1.00E-05,2.00E-05,KY_BBF_179_MG,Quercus muehlenbergii Engelm.,Kentucky,Briarbrook Farm ,38.27157,-84.207532,mue,pure,1.00E+00,pure
201,SYST-MOR-0006902,0,1.00E-05,1.00E-05,1.00E-05,2.00E-05,0,1.00E-05,0.99989,1.00E-05,1.00E-05,0,1.00E-05,0,1.00E-05,1.00E-05,1.00E-05,1.00E-05,2.30E-05,1.00E-05,1.00E-05,0.9999,1.00E-05,1.00E-05,1.00E-05,1.00E-05,2.00E-05,KY_BBF_180_MG,Quercus muehlenbergii Engelm.,Kentucky,Briarbrook Farm ,38.272507,-84.208583,mue,pure,1.00E+00,pure
202,SYST-MOR-0006903,1.00E-05,1.00E-05,1.00E-05,1.00E-05,0.999876,1.60E-05,1.00E-05,0,0,1.00E-05,1.80E-05,2.80E-05,1.00E-05,1.00E-05,1.00E-05,1.00E-05,1.00E-05,0.999876,1.60E-05,1.00E-05,0,0,1.00E-05,1.00E-05,1.80E-05,2.80E-05,KY_BBF_181_MG,Quercus macrocarpa Michx.,Kentucky,Briarbrook Farm ,38.272667,-84.209079,mac,pure,1.00E+00,pure
203,SYST-MOR-0006904,1.00E-05,1.00E-05,1.00E-05,1.00E-05,0.99989,1.00E-05,1.00E-05,1.00E-05,1.00E-05,0,0,1.00E-05,0,1.00E-05,1.00E-05,1.00E-05,1.00E-05,0.99989,1.00E-05,1.00E-05,1.00E-05,1.00E-05,0,0,0,1.00E-05,KY_BBF_182_MG,Quercus macrocarpa Michx.,Kentucky,Briarbrook Farm ,38.273397,-84.208158,mac,pure,1.00E+00,pure
205,SYST-MOR-0006906,1.00E-05,1.00E-05,2.00E-05,1.00E-05,0.99989,1.00E-05,1.00E-05,1.00E-05,1.00E-05,1.00E-05,0,1.00E-05,0,1.00E-05,1.00E-05,2.00E-05,1.00E-05,0.99989,1.00E-05,1.00E-05,1.00E-05,1.00E-05,1.00E-05,0,0,1.00E-05,KY_BBF_184_MG,Quercus macrocarpa Michx.,Kentucky,Briarbrook Farm ,38.274021,-84.209338,mac,pure,1.00E+00,pure
206,SYST-MOR-0006907,1.00E-05,2.00E-05,1.00E-05,1.00E-05,0.99989,1.00E-05,1.00E-05,1.00E-05,1.00E-05,1.00E-05,0,1.00E-05,0,1.00E-05,2.00E-05,1.00E-05,1.00E-05,0.99989,1.00E-05,1.00E-05,1.00E-05,1.00E-05,1.00E-05,0,0,1.00E-05,KY_ASF_185_MG,Quercus macrocarpa Michx.,Kentucky,Airdrie Stud Farm est. 1780,38.13961,-84.759088,mac,pure,1.00E+00,pure
207,SYST-MOR-0006908,1.00E-05,0,1.00E-05,0,0.999899,1.00E-05,1.00E-05,1.00E-05,1.00E-05,1.00E-05,1.00E-05,2.00E-05,1.00E-05,1.00E-05,0,1.00E-05,0,0.999899,1.00E-05,1.00E-05,1.00E-05,1.00E-05,1.00E-05,1.00E-05,1.00E-05,2.00E-05,KY_ASF_186_MG,Quercus macrocarpa Michx.,Kentucky,Airdrie Stud Farm est. 1780,38.139913,-84.759963,mac,pure,1.00E+00,pure
208,SYST-MOR-0006909,1.00E-05,2.00E-05,1.00E-05,1.00E-05,0.99989,1.00E-05,1.00E-05,1.00E-05,1.00E-05,1.00E-05,0,1.00E-05,0,1.00E-05,2.00E-05,1.00E-05,1.00E-05,0.99989,1.00E-05,1.00E-05,1.00E-05,1.00E-05,1.00E-05,0,0,1.00E-05,KY_ASF_187_MG,Quercus macrocarpa Michx.,Kentucky,Airdrie Stud Farm est. 1780,38.139006,-84.760327,mac,pure,1.00E+00,pure
210,SYST-MOR-0006911,2.00E-05,2.00E-05,1.00E-05,1.00E-05,0.999886,1.00E-05,1.00E-05,0,0,1.40E-05,0,1.00E-05,0,2.00E-05,2.00E-05,1.00E-05,1.00E-05,0.999886,1.00E-05,1.00E-05,0,0,1.40E-05,0,0,1.00E-05,KY_ASF_189_MG,Quercus macrocarpa Michx.,Kentucky,Airdrie Stud Farm est. 1780,38.137895,-84.73549,mac,pure,1.00E+00,pure
211,SYST-MOR-0006912,0,1.00E-05,1.00E-05,1.00E-05,0.99989,0,1.00E-05,2.00E-05,1.00E-05,1.00E-05,1.00E-05,2.00E-05,1.00E-05,0,1.00E-05,1.00E-05,1.00E-05,0.99989,0,1.00E-05,2.00E-05,1.00E-05,1.00E-05,1.00E-05,1.00E-05,2.00E-05,KY_ASF_190_MG,Quercus macrocarpa Michx.,Kentucky,Airdrie Stud Farm est. 1780,38.138075,-84.734805,mac,pure,1.00E+00,pure
212,SYST-MOR-0006913,1.00E-05,1.00E-05,1.00E-05,1.00E-05,1.00E-05,1.00E-05,1.00E-05,0.999883,1.00E-05,1.70E-05,1.00E-05,2.00E-05,1.00E-05,1.00E-05,1.00E-05,1.00E-05,1.00E-05,1.00E-05,1.00E-05,1.00E-05,0.999883,1.00E-05,1.70E-05,1.00E-05,1.00E-05,2.00E-05,KY_ASF_191_MG,Quercus muehlenbergii Engelm.,Kentucky,Airdrie Stud Farm est. 1780,38.136885,-84.734226,mue,pure,1.00E+00,pure
215,SYST-MOR-0006916,1.00E-05,1.00E-05,1.00E-05,1.00E-05,1.00E-05,0,1.00E-05,0.99988,1.00E-05,0,0,1.00E-05,1.00E-05,1.10E-05,1.00E-05,2.00E-05,1.00E-05,2.00E-05,1.30E-05,1.00E-05,0.99989,0.000673,1.00E-05,1.90E-05,1.00E-05,2.90E-05,KY_ASF_194_MG,Quercus muehlenbergii Engelm.,Kentucky,Airdrie Stud Farm est. 1780,38.136532,-84.735519,mue,pure,1.00E+00,pure
216,SYST-MOR-0006917,1.00E-05,1.00E-05,1.00E-05,1.00E-05,1.00E-05,0.99989,1.00E-05,1.00E-05,1.00E-05,1.00E-05,0,1.00E-05,0,2.00E-05,2.30E-05,2.00E-05,2.80E-05,2.00E-05,0.99989,1.20E-05,2.00E-05,1.60E-05,1.80E-05,1.80E-05,1.40E-05,3.20E-05,KY_JJA_195_MG,Quercus michauxii Nutt.,Kentucky,John James Audubon State Park ,37.890421,-87.539696,mic,pure,1.00E+00,pure
219,SYST-MOR-0006920,1.00E-05,1.00E-05,1.00E-05,1.00E-05,1.00E-05,0.99989,1.00E-05,1.00E-05,1.00E-05,1.00E-05,0,1.00E-05,0,2.00E-05,2.00E-05,2.40E-05,2.00E-05,2.00E-05,0.99989,1.30E-05,2.00E-05,1.90E-05,1.00E-05,1.00E-05,1.00E-05,2.00E-05,KY_JJA_198_MG,Quercus michauxii Nutt.,Kentucky,John James Audubon State Park ,37.894158,-87.538288,mic,pure,1.00E+00,pure
220,SYST-MOR-0006921,1.00E-05,1.00E-05,1.00E-05,0.99989,1.00E-05,1.00E-05,1.00E-05,1.00E-05,1.00E-05,1.00E-05,0,1.00E-05,0,2.00E-05,2.20E-05,2.60E-05,0.9999,2.00E-05,1.00E-05,1.10E-05,2.00E-05,1.00E-05,1.10E-05,1.00E-05,1.00E-05,2.00E-05,KY_JJA_199_MG,Quercus lyrata Walt.,Kentucky,John James Audubon State Park ,37.894136,-87.538228,lyr,pure,1.00E+00,pure
221,SYST-MOR-0006922,0.9999,2.00E-05,1.00E-05,1.00E-05,1.00E-05,1.00E-05,1.00E-05,0,0,1.00E-05,0,1.00E-05,0,0.9999,2.00E-05,1.00E-05,1.00E-05,1.00E-05,1.00E-05,1.00E-05,0,0,1.00E-05,0,0,1.00E-05,KY_JJA_200_MG,Quercus alba L.,Kentucky,John James Audubon State Park ,37.894245,-87.537823,alb,pure,1.00E+00,pure
222,SYST-MOR-0006924,1.00E-05,1.00E-05,1.00E-05,1.00E-05,1.00E-05,0.999889,1.00E-05,1.00E-05,1.00E-05,1.00E-05,0,1.00E-05,0,2.00E-05,2.00E-05,2.00E-05,2.00E-05,2.00E-05,0.99989,1.00E-05,2.00E-05,1.40E-05,1.30E-05,1.80E-05,1.60E-05,3.40E-05,KY_JJA_202_MG,Quercus michauxii Nutt.,Kentucky,John James Audubon State Park ,37.894291,-87.537803,mic,pure,1.00E+00,pure
223,SYST-MOR-0006925,1.00E-05,1.00E-05,1.00E-05,0.99989,1.00E-05,1.00E-05,1.00E-05,1.00E-05,1.00E-05,1.00E-05,0,1.00E-05,0,2.00E-05,2.00E-05,2.00E-05,0.99989,2.80E-05,2.00E-05,1.40E-05,2.30E-05,1.10E-05,1.00E-05,1.00E-05,1.00E-05,2.00E-05,KY_JJA_203_MG,Quercus lyrata Walt.,Kentucky,John James Audubon State Park ,37.894409,-87.537691,lyr,pure,1.00E+00,pure
224,SYST-MOR-0006926,0.99989,1.00E-05,1.00E-05,1.00E-05,1.00E-05,1.00E-05,1.00E-05,1.00E-05,1.00E-05,0,0,1.00E-05,0,0.99989,2.00E-05,2.00E-05,1.00E-05,1.00E-05,1.00E-05,1.00E-05,2.00E-05,1.00E-05,1.00E-05,1.00E-05,1.00E-05,2.00E-05,KY_JJA_204_MG,Quercus alba L.,Kentucky,John James Audubon State Park ,37.894531,-87.537704,alb,pure,1.00E+00,pure
226,SYST-MOR-0006928,0.99989,1.00E-05,1.00E-05,1.00E-05,1.00E-05,1.00E-05,1.00E-05,1.00E-05,1.00E-05,1.00E-05,1.00E-05,2.00E-05,1.00E-05,0.99989,1.00E-05,2.00E-05,1.00E-05,2.00E-05,1.00E-05,1.00E-05,1.50E-05,1.00E-05,1.00E-05,1.00E-05,1.00E-05,2.00E-05,KY_JJA_206_MG,Quercus alba L.,Kentucky,John James Audubon State Park ,37.894607,-87.543357,alb,pure,1.00E+00,pure
227,SYST-MOR-0006929,1.00E-05,1.00E-05,1.00E-05,1.00E-05,1.00E-05,1.00E-05,1.00E-05,0.99989,1.00E-05,1.00E-05,0,1.00E-05,0,1.00E-05,2.00E-05,1.00E-05,1.00E-05,2.00E-05,1.00E-05,1.00E-05,0.9999,0.004228,1.00E-05,1.00E-05,1.00E-05,2.00E-05,KY_JJA_207_MG,Quercus muehlenbergii Engelm.,Kentucky,John James Audubon State Park ,37.883276,-87.553537,mue,pure,1.00E+00,pure
228,SYST-MOR-0006930,1.00E-05,1.00E-05,1.00E-05,1.00E-05,1.00E-05,1.00E-05,1.00E-05,0.99989,1.00E-05,0,0,1.00E-05,0,2.00E-05,1.00E-05,1.00E-05,1.00E-05,1.00E-05,1.00E-05,1.00E-05,0.9999,1.00E-05,1.00E-05,0,0,1.00E-05,KY_JJA_208_MG,Quercus muehlenbergii Engelm.,Kentucky,John James Audubon State Park ,37.885952,-87.553352,mue,pure,1.00E+00,pure
229,SYST-MOR-0006931,0,1.00E-05,1.60E-05,1.00E-05,1.00E-05,0,1.00E-05,0.999884,1.00E-05,0,0,1.00E-05,0,2.00E-05,1.00E-05,2.00E-05,1.00E-05,2.00E-05,1.00E-05,1.00E-05,0.99989,1.00E-05,1.00E-05,0,0,1.00E-05,KY_JJA_209_MG,Quercus muehlenbergii Engelm.,Kentucky,John James Audubon State Park ,37.881841,-87.557666,mue,pure,1.00E+00,pure
230,SYST-MOR-0006932,1.00E-05,1.00E-05,1.00E-05,1.00E-05,0.9999,1.00E-05,1.00E-05,0,0,1.00E-05,0,2.00E-05,1.00E-05,1.00E-05,1.00E-05,1.00E-05,1.00E-05,0.9999,1.00E-05,1.00E-05,0,0,1.00E-05,1.00E-05,0,2.00E-05,KY_GRF_210_MG,Quercus macrocarpa Michx.,Kentucky,Green River State Forest ,37.899307,-87.506533,mac,pure,1.00E+00,pure
231,SYST-MOR-0006933,1.00E-05,1.00E-05,1.00E-05,1.00E-05,0.9999,1.00E-05,1.00E-05,1.00E-05,1.00E-05,0,0,1.00E-05,1.00E-05,1.00E-05,1.00E-05,1.00E-05,1.00E-05,0.9999,1.00E-05,1.00E-05,1.00E-05,1.00E-05,0,1.00E-05,0,1.00E-05,KY_GRF_211_MG,Quercus macrocarpa Michx.,Kentucky,Green River State Forest ,37.898916,-87.504164,mac,pure,1.00E+00,pure
232,SYST-MOR-0006934,1.00E-05,2.00E-05,1.00E-05,1.00E-05,0.99989,1.00E-05,1.00E-05,1.00E-05,1.00E-05,1.00E-05,0,1.00E-05,0,1.00E-05,2.00E-05,1.00E-05,1.00E-05,0.99989,1.00E-05,1.00E-05,1.00E-05,1.00E-05,1.00E-05,0,0,1.00E-05,KY_GRF_212_MG,Quercus macrocarpa Michx.,Kentucky,Green River State Forest ,37.898798,-87.50292,mac,pure,1.00E+00,pure
233,SYST-MOR-0006935,1.00E-05,1.00E-05,1.00E-05,2.00E-05,0.99989,1.00E-05,1.00E-05,1.00E-05,1.00E-05,0,0,1.00E-05,0,1.00E-05,1.00E-05,1.00E-05,2.00E-05,0.99989,1.00E-05,1.00E-05,1.00E-05,1.00E-05,0,0,0,1.00E-05,KY_GRF_213_MG,Quercus macrocarpa Michx.,Kentucky,Green River State Forest ,37.502158,-87.502158,mac,pure,1.00E+00,pure
234,SYST-MOR-0006936,2.00E-05,1.00E-05,1.00E-05,1.00E-05,0.999895,1.00E-05,1.00E-05,0,0,1.50E-05,0,1.00E-05,0,2.00E-05,1.00E-05,1.00E-05,1.00E-05,0.999895,1.00E-05,1.00E-05,0,0,1.50E-05,0,0,1.00E-05,KY_GRF_214_MG,Quercus macrocarpa Michx.,Kentucky,Green River State Forest ,37.898645,-87.501429,mac,pure,1.00E+00,pure
235,SYST-MOR-0006937,1.00E-05,0,1.00E-05,0,0.9999,1.00E-05,1.00E-05,1.00E-05,1.00E-05,1.00E-05,1.00E-05,2.00E-05,1.00E-05,1.00E-05,0,1.00E-05,0,0.9999,1.00E-05,1.00E-05,1.00E-05,1.00E-05,1.00E-05,1.00E-05,1.00E-05,2.00E-05,WI_THB_215_MG,Quercus macrocarpa Michx.,Wisconsin,Tower Hill Bottoms SNA,43.148664,-90.043608,mac,pure,1.00E+00,pure
236,SYST-MOR-0006938,0.999884,1.00E-05,1.00E-05,1.00E-05,1.00E-05,1.00E-05,1.00E-05,0,0,0,0,1.00E-05,0,0.99989,2.00E-05,1.00E-05,1.00E-05,2.00E-05,1.00E-05,1.60E-05,1.00E-05,1.00E-05,1.00E-05,0,0,1.00E-05,WI_THB_216_MG,Quercus alba L.,Wisconsin,Tower Hill Bottoms SNA,43.148147,-90.04126,alb,pure,1.00E+00,pure
237,SYST-MOR-0006939,0.99989,1.00E-05,1.00E-05,1.00E-05,1.00E-05,1.00E-05,1.00E-05,2.00E-05,1.00E-05,0,0,1.00E-05,0,0.99989,1.00E-05,1.00E-05,1.00E-05,1.00E-05,1.00E-05,1.00E-05,2.00E-05,1.00E-05,0,0,0,1.00E-05,WI_THB_217_MG,Quercus alba L.,Wisconsin,Tower Hill Bottoms SNA,43.148617,-90.041293,alb,pure,1.00E+00,pure
238,SYST-MOR-0006940,0.99989,1.00E-05,1.00E-05,1.00E-05,2.00E-05,1.00E-05,1.00E-05,1.00E-05,1.00E-05,0,0,1.00E-05,1.00E-05,0.9999,1.00E-05,1.00E-05,1.00E-05,2.00E-05,1.00E-05,1.00E-05,1.00E-05,1.00E-05,1.00E-05,1.00E-05,0,2.00E-05,WI_THB_218_MG,Quercus alba L.,Wisconsin,Tower Hill Bottoms SNA,43.150036,-90.041293,alb,pure,1.00E+00,pure
239,SYST-MOR-0006941,0.99988,0,1.00E-05,0,1.00E-05,0,0,1.00E-05,1.00E-05,1.00E-05,1.00E-05,2.00E-05,1.00E-05,0.99989,1.00E-05,2.00E-05,1.30E-05,2.00E-05,1.00E-05,1.00E-05,1.00E-05,1.00E-05,1.00E-05,1.00E-05,1.70E-05,2.70E-05,WI_THB_219_MG,Quercus alba L.,Wisconsin,Tower Hill Bottoms SNA,43.150426,-90.045289,alb,pure,1.00E+00,pure
240,SYST-MOR-0006942,1.70E-05,1.90E-05,2.10E-05,1.00E-05,0.999866,1.30E-05,1.00E-05,1.50E-05,1.00E-05,1.00E-05,0,1.00E-05,0,1.70E-05,1.90E-05,2.10E-05,1.00E-05,0.999866,1.30E-05,1.00E-05,1.50E-05,1.00E-05,1.00E-05,0,0,1.00E-05,WI_THB_220_MG,Quercus macrocarpa Michx.,Wisconsin,Tower Hill Bottoms SNA,43.148781,-90.043418,mac,pure,1.00E+00,pure
241,SYST-MOR-0006943,2.00E-05,1.00E-05,1.00E-05,1.00E-05,0.99989,1.00E-05,1.00E-05,1.00E-05,1.00E-05,1.00E-05,0,1.00E-05,0,2.00E-05,1.00E-05,1.00E-05,1.00E-05,0.99989,1.00E-05,1.00E-05,1.00E-05,1.00E-05,1.00E-05,0,0,1.00E-05,MN_PMN_221_MG,Quercus macrocarpa Michx.,Minnesota,Prairie Moon Nursery ,43.902219,-91.638919,mac,pure,1.00E+00,pure
242,SYST-MOR-0006944,2.00E-05,1.00E-05,1.30E-05,1.00E-05,0.999887,1.00E-05,1.00E-05,1.00E-05,1.00E-05,0,0,1.00E-05,0,2.00E-05,1.00E-05,1.30E-05,1.00E-05,0.999887,1.00E-05,1.00E-05,1.00E-05,1.00E-05,0,0,0,1.00E-05,MN_PMN_222_MG,Quercus macrocarpa Michx.,Minnesota,Prairie Moon Nursery ,43.903267,-91.640004,mac,pure,1.00E+00,pure
243,SYST-MOR-0006945,2.00E-05,1.00E-05,1.00E-05,1.00E-05,0.99989,1.00E-05,1.00E-05,1.00E-05,1.00E-05,1.00E-05,0,1.00E-05,0,2.00E-05,1.00E-05,1.00E-05,1.00E-05,0.99989,1.00E-05,1.00E-05,1.00E-05,1.00E-05,1.00E-05,0,0,1.00E-05,MN_PMN_223_MG,Quercus macrocarpa Michx.,Minnesota,Prairie Moon Nursery ,43.904382,-91.639274,mac,pure,1.00E+00,pure
244,SYST-MOR-0006946,0.99989,1.00E-05,1.00E-05,1.00E-05,1.00E-05,1.00E-05,1.00E-05,1.00E-05,1.00E-05,1.00E-05,0,1.00E-05,0,0.9999,1.00E-05,1.00E-05,1.00E-05,2.00E-05,1.00E-05,1.00E-05,1.00E-05,1.00E-05,1.00E-05,0,0,1.00E-05,MN_PMN_224_MG,Quercus alba L.,Minnesota,Prairie Moon Nursery ,43.904418,-91.63926,alb,pure,1.00E+00,pure
245,SYST-MOR-0006947,1.00E-05,1.00E-05,1.00E-05,1.00E-05,0.99989,1.00E-05,1.00E-05,1.00E-05,1.00E-05,1.00E-05,1.00E-05,2.00E-05,1.00E-05,1.00E-05,1.00E-05,1.00E-05,1.00E-05,0.99989,1.00E-05,1.00E-05,1.00E-05,1.00E-05,1.00E-05,1.00E-05,1.00E-05,2.00E-05,MN_PMN_225_MG,Quercus macrocarpa Michx.,Minnesota,Prairie Moon Nursery ,43.904261,-91.63926,mac,pure,1.00E+00,pure
246,SYST-MOR-0006948,2.00E-05,1.00E-05,1.00E-05,1.60E-05,0.999883,1.00E-05,1.10E-05,1.00E-05,1.00E-05,0,0,1.00E-05,0,2.00E-05,1.00E-05,1.00E-05,1.60E-05,0.999883,1.00E-05,1.10E-05,1.00E-05,1.00E-05,0,0,0,1.00E-05,MN_PMN_226_MG,Quercus macrocarpa Michx.,Minnesota,Prairie Moon Nursery ,43.892258,-91.642792,mac,pure,1.00E+00,pure
248,SYST-MOR-0006950,0.99989,1.00E-05,1.00E-05,1.00E-05,1.00E-05,1.00E-05,1.00E-05,1.00E-05,1.00E-05,0,0,1.00E-05,0,0.9999,2.00E-05,1.30E-05,2.00E-05,1.00E-05,1.00E-05,1.00E-05,2.00E-05,1.00E-05,1.00E-05,1.00E-05,1.00E-05,2.00E-05,MN_PMN_228_MG,Quercus alba L.,Minnesota,Prairie Moon Nursery ,43.892115,-91.632148,alb,pure,1.00E+00,pure
253,SYST-MOR-0006955,1.00E-05,1.00E-05,1.00E-05,1.00E-05,0.9999,1.00E-05,1.00E-05,1.00E-05,1.00E-05,0,0,1.00E-05,1.00E-05,1.00E-05,1.00E-05,1.00E-05,1.00E-05,0.9999,1.00E-05,1.00E-05,1.00E-05,1.00E-05,0,1.00E-05,0,1.00E-05,WI_PKL_233_MG,Quercus macrocarpa Michx.,Wisconsin,Pickerel Lake,46.331711,-91.507253,mac,pure,1.00E+00,pure
254,SYST-MOR-0006956,2.00E-05,1.00E-05,1.00E-05,1.00E-05,0.99989,1.00E-05,1.00E-05,1.00E-05,1.00E-05,1.00E-05,0,1.00E-05,0,2.00E-05,1.00E-05,1.00E-05,1.00E-05,0.99989,1.00E-05,1.00E-05,1.00E-05,1.00E-05,1.00E-05,0,0,1.00E-05,WI_PKL_234_MG,Quercus macrocarpa Michx.,Wisconsin,Pickerel Lake,46.330844,-91.506894,mac,pure,1.00E+00,pure
255,SYST-MOR-0006957,1.00E-05,1.00E-05,1.00E-05,1.00E-05,0.9999,1.00E-05,1.00E-05,0,0,1.00E-05,0,2.00E-05,1.00E-05,1.00E-05,1.00E-05,1.00E-05,1.00E-05,0.9999,1.00E-05,1.00E-05,0,0,1.00E-05,1.00E-05,0,2.00E-05,WI_PKL_235_MG,Quercus macrocarpa Michx.,Wisconsin,Pickerel Lake,46.331659,-91.506574,mac,pure,1.00E+00,pure
256,SYST-MOR-0006958,0,1.00E-05,1.00E-05,1.00E-05,0.99989,0,1.00E-05,2.00E-05,1.00E-05,1.00E-05,1.00E-05,2.00E-05,1.00E-05,0,1.00E-05,1.00E-05,1.00E-05,0.99989,0,1.00E-05,2.00E-05,1.00E-05,1.00E-05,1.00E-05,1.00E-05,2.00E-05,WI_PKL_236_MG,Quercus macrocarpa Michx.,Wisconsin,Pickerel Lake,46.330622,-91.506962,mac,pure,1.00E+00,pure
257,SYST-MOR-0006959,1.00E-05,1.00E-05,1.00E-05,1.00E-05,0.99989,1.00E-05,1.00E-05,1.00E-05,1.00E-05,1.00E-05,1.00E-05,2.00E-05,1.00E-05,1.00E-05,1.00E-05,1.00E-05,1.00E-05,0.99989,1.00E-05,1.00E-05,1.00E-05,1.00E-05,1.00E-05,1.00E-05,1.00E-05,2.00E-05,WI_PKL_237_MG,Quercus macrocarpa Michx.,Wisconsin,Pickerel Lake,46.330665,-91.507786,mac,pure,1.00E+00,pure
258,SYST-MOR-0006960,1.00E-05,2.00E-05,1.00E-05,1.00E-05,0.99989,1.00E-05,1.00E-05,1.00E-05,1.00E-05,1.00E-05,0,1.00E-05,0,1.00E-05,2.00E-05,1.00E-05,1.00E-05,0.99989,1.00E-05,1.00E-05,1.00E-05,1.00E-05,1.00E-05,0,0,1.00E-05,WI_WFS_238_MG,Quercus macrocarpa Michx.,Wisconsin,UW Waukesha Field Station ,43.016383,-88.43851,mac,pure,1.00E+00,pure
259,SYST-MOR-0006961,2.00E-05,1.00E-05,1.00E-05,1.00E-05,0.9999,1.00E-05,1.00E-05,0,0,1.00E-05,0,1.00E-05,0,2.00E-05,1.00E-05,1.00E-05,1.00E-05,0.9999,1.00E-05,1.00E-05,0,0,1.00E-05,0,0,1.00E-05,WI_WFS_239_MG,Quercus macrocarpa Michx.,Wisconsin,UW Waukesha Field Station ,43.016533,-88.434153,mac,pure,1.00E+00,pure
260,SYST-MOR-0006962,1.00E-05,0,1.00E-05,0,0.9999,1.00E-05,1.00E-05,1.00E-05,1.00E-05,1.00E-05,1.00E-05,2.00E-05,1.00E-05,1.00E-05,0,1.00E-05,0,0.9999,1.00E-05,1.00E-05,1.00E-05,1.00E-05,1.00E-05,1.00E-05,1.00E-05,2.00E-05,WI_WFS_240_MG,Quercus macrocarpa Michx.,Wisconsin,UW Waukesha Field Station ,43.016871,-88.435539,mac,pure,1.00E+00,pure
261,SYST-MOR-0006963,1.00E-05,1.00E-05,1.00E-05,1.00E-05,0.99989,1.00E-05,1.00E-05,1.00E-05,1.00E-05,1.00E-05,1.00E-05,2.00E-05,1.00E-05,1.00E-05,1.00E-05,1.00E-05,1.00E-05,0.99989,1.00E-05,1.00E-05,1.00E-05,1.00E-05,1.00E-05,1.00E-05,1.00E-05,2.00E-05,WI_WFS_241_MG,Quercus macrocarpa Michx.,Wisconsin,UW Waukesha Field Station ,43.017411,-88.436648,mac,pure,1.00E+00,pure
262,SYST-MOR-0006964,0.99989,0,1.00E-05,0,2.00E-05,1.00E-05,1.00E-05,1.00E-05,1.00E-05,1.00E-05,0,1.00E-05,0,0.99989,1.00E-05,1.00E-05,1.00E-05,2.00E-05,1.00E-05,1.00E-05,1.00E-05,1.00E-05,1.00E-05,1.00E-05,1.00E-05,2.00E-05,WI_WFS_242_MG,Quercus alba L.,Wisconsin,UW Waukesha Field Station ,43.017993,-88.43768,alb,pure,1.00E+00,pure
263,SYST-MOR-0006965,0.999879,1.00E-05,1.00E-05,2.00E-05,1.00E-05,1.00E-05,1.50E-05,1.60E-05,1.00E-05,0,0,1.00E-05,0,0.999879,1.00E-05,1.00E-05,2.00E-05,1.00E-05,1.00E-05,1.50E-05,1.60E-05,1.00E-05,0,0,0,1.00E-05,WI_WFS_243_MG,Quercus alba L.,Wisconsin,UW Waukesha Field Station ,43.017925,-88.438305,alb,pure,1.00E+00,pure
264,SYST-MOR-0006966,0.99989,1.00E-05,1.00E-05,1.00E-05,1.00E-05,1.00E-05,1.00E-05,1.00E-05,1.00E-05,1.00E-05,0,1.00E-05,0,0.9999,1.00E-05,1.00E-05,1.00E-05,1.00E-05,1.00E-05,1.00E-05,1.00E-05,1.00E-05,1.00E-05,1.00E-05,1.00E-05,2.00E-05,WI_WFS_244_MG,Quercus alba L.,Wisconsin,UW Waukesha Field Station ,43.018248,-88.43941,alb,pure,1.00E+00,pure
265,SYST-MOR-0006967,0.99989,1.00E-05,1.00E-05,1.00E-05,2.00E-05,1.00E-05,1.00E-05,1.00E-05,1.00E-05,1.00E-05,0,1.00E-05,1.00E-05,0.9999,1.00E-05,1.00E-05,1.00E-05,2.00E-05,1.00E-05,1.00E-05,1.00E-05,1.00E-05,1.00E-05,1.00E-05,1.00E-05,2.00E-05,WI_WFS_247_MG,Quercus alba L.,Wisconsin,UW Waukesha Field Station ,43.017824,-88.440448,alb,pure,1.00E+00,pure
266,SYST-MOR-0006968,1.00E-05,2.00E-05,1.00E-05,1.00E-05,0.99989,1.00E-05,1.00E-05,1.00E-05,1.00E-05,1.00E-05,0,1.00E-05,0,1.00E-05,2.00E-05,1.00E-05,1.00E-05,0.99989,1.00E-05,1.00E-05,1.00E-05,1.00E-05,1.00E-05,0,0,1.00E-05,WI_WFS_248_MG,Quercus macrocarpa Michx.,Wisconsin,UW Waukesha Field Station ,43.017807,-88.440778,mac,pure,1.00E+00,pure
267,SYST-MOR-0006970,1.00E-05,0.99989,1.00E-05,1.00E-05,1.00E-05,1.00E-05,1.00E-05,1.00E-05,1.00E-05,1.00E-05,0,1.00E-05,0,2.00E-05,0.9999,2.20E-05,2.00E-05,2.10E-05,1.10E-05,1.10E-05,2.00E-05,1.00E-05,1.00E-05,1.00E-05,1.00E-05,2.00E-05,OH_GLW_250_MG,Quercus bicolor Willd.,Ohio,Goll Woods,41.553217,-84.361215,bic,pure,1.00E+00,pure
268,SYST-MOR-0006971,1.00E-05,0.99989,1.00E-05,1.00E-05,1.00E-05,1.00E-05,1.00E-05,1.00E-05,1.00E-05,1.00E-05,0,1.00E-05,0,2.00E-05,0.9999,2.00E-05,1.00E-05,2.00E-05,1.80E-05,1.60E-05,2.00E-05,1.20E-05,1.50E-05,1.00E-05,1.00E-05,2.00E-05,OH_GLW_251_MG,Quercus bicolor Willd.,Ohio,Goll Woods,41.553038,-84.361065,bic,pure,1.00E+00,pure
269,SYST-MOR-0006972,1.00E-05,1.00E-05,1.00E-05,1.00E-05,1.00E-05,1.00E-05,1.00E-05,0.99989,1.00E-05,1.00E-05,0,1.00E-05,0,2.00E-05,2.00E-05,1.00E-05,2.00E-05,2.00E-05,1.00E-05,1.00E-05,0.9999,1.00E-05,1.00E-05,1.00E-05,1.00E-05,2.00E-05,OH_GLW_252_MG,Quercus muehlenbergii Engelm.,Ohio,Goll Woods,41.55111,-84.358405,mue,pure,1.00E+00,pure
270,SYST-MOR-0006973,1.00E-05,1.00E-05,1.00E-05,1.00E-05,0.99989,1.00E-05,1.00E-05,0,0,1.00E-05,1.00E-05,2.00E-05,1.00E-05,1.00E-05,1.00E-05,1.00E-05,1.00E-05,0.99989,1.00E-05,1.00E-05,0,0,1.00E-05,1.00E-05,1.00E-05,2.00E-05,OH_GLW_253_MG,Quercus macrocarpa Michx.,Ohio,Goll Woods,41.550873,-84.356968,mac,pure,1.00E+00,pure
271,SYST-MOR-0006974,0,1.00E-05,1.00E-05,1.00E-05,1.00E-05,0,1.00E-05,0.99989,1.00E-05,1.00E-05,0,1.00E-05,0,1.00E-05,2.00E-05,2.00E-05,1.00E-05,2.00E-05,1.00E-05,1.00E-05,0.9999,1.00E-05,1.00E-05,1.00E-05,1.00E-05,2.00E-05,OH_GLW_254_MG,Quercus muehlenbergii Engelm.,Ohio,Goll Woods,41.550806,-84.356953,mue,pure,1.00E+00,pure
272,SYST-MOR-0006975,2.00E-05,1.00E-05,1.00E-05,1.00E-05,0.9999,0,0,1.00E-05,1.00E-05,1.00E-05,0,1.00E-05,0,2.00E-05,1.00E-05,1.00E-05,1.00E-05,0.9999,0,0,1.00E-05,1.00E-05,1.00E-05,0,0,1.00E-05,OH_GLW_255_MG,Quercus macrocarpa Michx.,Ohio,Goll Woods,41.551419,-84.355617,mac,pure,1.00E+00,pure
273,SYST-MOR-0006976,0.999878,1.00E-05,1.00E-05,2.00E-05,1.80E-05,1.00E-05,1.00E-05,1.40E-05,1.00E-05,0,0,1.00E-05,0,0.999878,1.00E-05,1.00E-05,2.00E-05,1.80E-05,1.00E-05,1.00E-05,1.40E-05,1.00E-05,0,0,0,1.00E-05,OH_GLW_256_MG,Quercus alba L.,Ohio,Goll Woods,41.551787,-84.355145,alb,pure,1.00E+00,pure
274,SYST-MOR-0006977,1.00E-05,1.00E-05,1.00E-05,1.00E-05,0.99989,1.00E-05,1.00E-05,2.00E-05,1.00E-05,0,0,1.00E-05,0,1.00E-05,1.00E-05,1.00E-05,1.00E-05,0.99989,1.00E-05,1.00E-05,2.00E-05,1.00E-05,0,0,0,1.00E-05,OH_GLW_257_MG,Quercus macrocarpa Michx.,Ohio,Goll Woods,41.551719,-84.354976,mac,pure,1.00E+00,pure
275,SYST-MOR-0006978,0.99989,1.00E-05,1.00E-05,1.00E-05,1.00E-05,1.00E-05,1.00E-05,1.00E-05,1.00E-05,1.00E-05,0,1.00E-05,0,0.9999,1.00E-05,1.00E-05,1.00E-05,2.00E-05,1.00E-05,1.00E-05,1.00E-05,1.00E-05,1.00E-05,0,0,1.00E-05,OH_GLW_258_MG,Quercus alba L.,Ohio,Goll Woods,41.551887,-84.354708,alb,pure,1.00E+00,pure
276,SYST-MOR-0006979,1.90E-05,1.50E-05,2.00E-05,1.00E-05,0.999875,1.10E-05,1.00E-05,1.00E-05,1.00E-05,1.00E-05,0,1.00E-05,0,1.90E-05,1.50E-05,2.00E-05,1.00E-05,0.999875,1.10E-05,1.00E-05,1.00E-05,1.00E-05,1.00E-05,0,0,1.00E-05,OH_GLW_259_MG,Quercus macrocarpa Michx.,Ohio,Goll Woods,41.551874,-84.354208,mac,pure,1.00E+00,pure
277,SYST-MOR-0006980,2.00E-05,1.00E-05,1.00E-05,1.00E-05,0.99989,1.00E-05,1.00E-05,1.00E-05,1.00E-05,1.00E-05,0,1.00E-05,0,2.00E-05,1.00E-05,1.00E-05,1.00E-05,0.99989,1.00E-05,1.00E-05,1.00E-05,1.00E-05,1.00E-05,0,0,1.00E-05,OH_GLW_260_MG,Quercus macrocarpa Michx.,Ohio,Goll Woods,41.552622,-84.353673,mac,pure,1.00E+00,pure
278,SYST-MOR-0006981,1.00E-05,1.00E-05,1.00E-05,1.00E-05,1.00E-05,1.00E-05,1.00E-05,0.99989,1.00E-05,1.00E-05,0,1.00E-05,0,1.00E-05,2.00E-05,1.00E-05,2.00E-05,2.00E-05,1.00E-05,1.00E-05,0.9999,1.00E-05,1.00E-05,0,0,1.00E-05,OH_GLW_261_MG,Quercus muehlenbergii Engelm.,Ohio,Goll Woods,41.553659,-84.35327,mue,pure,1.00E+00,pure
279,SYST-MOR-0006982,0.9999,1.00E-05,1.00E-05,1.00E-05,2.00E-05,0,0,1.00E-05,1.00E-05,1.00E-05,0,1.00E-05,0,0.9999,1.00E-05,1.00E-05,1.00E-05,2.00E-05,0,0,1.00E-05,1.00E-05,1.00E-05,0,0,1.00E-05,OH_GLW_262_MG,Quercus alba L.,Ohio,Goll Woods,41.554232,-84.356245,alb,pure,1.00E+00,pure
281,SYST-MOR-0006984,0.99989,1.00E-05,1.00E-05,1.00E-05,1.00E-05,1.00E-05,1.00E-05,1.00E-05,1.00E-05,1.00E-05,0,1.00E-05,0,0.9999,2.20E-05,2.00E-05,2.00E-05,2.50E-05,1.00E-05,1.80E-05,2.00E-05,1.40E-05,1.60E-05,1.00E-05,1.00E-05,2.00E-05,OH_GLW_264_MG,Quercus alba L.,Ohio,Goll Woods,41.553426,-84.358202,alb,pure,1.00E+00,pure
282,SYST-MOR-0006985,1.00E-05,1.00E-05,1.00E-05,1.00E-05,1.00E-05,1.00E-05,1.00E-05,1.00E-05,0.99989,1.00E-05,0,1.00E-05,0,2.00E-05,2.00E-05,2.00E-05,2.00E-05,2.00E-05,1.00E-05,1.00E-05,2.00E-05,0.99989,1.00E-05,1.00E-05,1.00E-05,2.00E-05,MI_PRA_265_MG,Quercus prinoides Willd.,Michigan,Pinckney Recreation Area,42.413184,-83.988669,pri,pure,1.00E+00,pure
283,SYST-MOR-0006986,1.00E-05,1.00E-05,1.00E-05,1.00E-05,1.00E-05,1.00E-05,1.00E-05,1.00E-05,0.99989,1.00E-05,0,1.00E-05,0,2.00E-05,2.00E-05,2.00E-05,2.00E-05,2.00E-05,1.00E-05,1.00E-05,2.00E-05,0.99989,1.00E-05,1.00E-05,1.00E-05,2.00E-05,MI_PRA_266_MG,Quercus prinoides Willd.,Michigan,Pinckney Recreation Area,42.412661,-83.98834,pri,pure,1.00E+00,pure
284,SYST-MOR-0006987,1.00E-05,1.00E-05,1.00E-05,1.00E-05,1.00E-05,1.00E-05,1.00E-05,1.00E-05,0.99989,1.00E-05,0,1.00E-05,0,2.30E-05,2.00E-05,2.00E-05,2.00E-05,2.00E-05,1.30E-05,1.00E-05,2.00E-05,0.99989,1.00E-05,1.00E-05,1.00E-05,2.00E-05,MI_PRA_267_MG,Quercus prinoides Willd.,Michigan,Pinckney Recreation Area,42.412246,-83.988105,pri,pure,1.00E+00,pure
285,SYST-MOR-0006988,1.00E-05,1.00E-05,1.00E-05,1.00E-05,1.00E-05,1.00E-05,1.00E-05,1.00E-05,0.99989,1.00E-05,0,1.00E-05,0,2.00E-05,2.00E-05,2.10E-05,2.00E-05,2.00E-05,1.90E-05,1.80E-05,2.00E-05,0.99989,1.10E-05,1.00E-05,1.00E-05,2.00E-05,MI_PRA_268_MG,Quercus prinoides Willd.,Michigan,Pinckney Recreation Area,42.41193,-83.987283,pri,pure,1.00E+00,pure
286,SYST-MOR-0006989,0.99989,1.00E-05,1.00E-05,1.00E-05,1.00E-05,1.00E-05,1.00E-05,0,0,0,0,1.00E-05,0,0.99989,1.00E-05,1.00E-05,1.00E-05,2.00E-05,1.00E-05,1.00E-05,2.00E-05,1.00E-05,0,0,0,1.00E-05,MI_PRA_269_MG,Quercus alba L.,Michigan,Pinckney Recreation Area,42.41162,-83.985317,alb,pure,1.00E+00,pure
288,SYST-MOR-0006991,0.99989,1.00E-05,1.00E-05,1.00E-05,1.00E-05,1.00E-05,1.00E-05,1.00E-05,1.00E-05,1.00E-05,1.00E-05,2.00E-05,1.00E-05,0.99989,1.00E-05,2.00E-05,1.00E-05,1.00E-05,1.60E-05,1.00E-05,1.00E-05,1.00E-05,1.00E-05,1.00E-05,1.00E-05,2.00E-05,MI_PRA_271_MG,Quercus alba L.,Michigan,Pinckney Recreation Area,42.411777,-83.984635,alb,pure,1.00E+00,pure
289,SYST-MOR-0006992,0.99988,1.00E-05,1.00E-05,1.00E-05,1.00E-05,1.00E-05,1.00E-05,0,0,1.00E-05,1.00E-05,2.00E-05,1.00E-05,0.99989,1.00E-05,2.00E-05,1.00E-05,1.00E-05,1.00E-05,1.00E-05,1.00E-05,1.00E-05,1.00E-05,1.00E-05,1.00E-05,2.00E-05,MI_PRA_272_MG,Quercus alba L.,Michigan,Pinckney Recreation Area,42.411445,-83.983795,alb,pure,1.00E+00,pure
290,SYST-MOR-0006993,0.999894,1.00E-05,1.00E-05,1.00E-05,1.00E-05,1.00E-05,1.00E-05,0,0,1.00E-05,0,1.00E-05,0,0.9999,2.00E-05,1.00E-05,1.60E-05,2.00E-05,1.00E-05,1.00E-05,0,0,1.00E-05,0,0,1.00E-05,MI_PRA_273_MG,Quercus alba L.,Michigan,Pinckney Recreation Area,42.411289,-83.982501,alb,pure,1.00E+00,pure
291,SYST-MOR-0006994,1.00E-05,0.99989,1.00E-05,1.00E-05,1.00E-05,1.00E-05,1.00E-05,1.00E-05,1.00E-05,1.00E-05,0,1.00E-05,0,2.50E-05,0.9999,2.00E-05,2.00E-05,2.50E-05,1.90E-05,1.20E-05,2.00E-05,1.30E-05,1.40E-05,1.00E-05,1.00E-05,2.00E-05,MI_PRA_274_MG,Quercus bicolor Willd.,Michigan,Pinckney Recreation Area,42.416812,-83.997924,bic,pure,1.00E+00,pure
292,SYST-MOR-0006995,1.00E-05,0.99989,1.00E-05,1.00E-05,1.00E-05,1.00E-05,1.00E-05,1.00E-05,1.00E-05,1.00E-05,0,1.00E-05,0,2.00E-05,0.99989,2.20E-05,2.00E-05,2.00E-05,1.80E-05,2.00E-05,2.00E-05,1.30E-05,1.00E-05,1.00E-05,1.00E-05,2.00E-05,MI_PRA_275_MG,Quercus bicolor Willd.,Michigan,Pinckney Recreation Area,42.41744,-83.999619,bic,pure,1.00E+00,pure
293,SYST-MOR-0006996,1.00E-05,0.99989,1.00E-05,1.00E-05,1.00E-05,1.00E-05,1.00E-05,1.00E-05,1.00E-05,1.00E-05,0,1.00E-05,0,2.00E-05,0.9999,2.00E-05,1.00E-05,2.00E-05,1.00E-05,1.00E-05,2.00E-05,1.00E-05,1.00E-05,1.00E-05,1.00E-05,2.00E-05,MI_PRA_276_MG,Quercus bicolor Willd.,Michigan,Pinckney Recreation Area,42.416401,-83.4003907,bic,pure,1.00E+00,pure
294,SYST-MOR-0006997,1.00E-05,0.99989,1.00E-05,1.00E-05,1.00E-05,1.00E-05,1.00E-05,1.00E-05,1.00E-05,1.00E-05,0,1.00E-05,0,2.00E-05,0.9999,2.00E-05,2.00E-05,2.20E-05,2.00E-05,1.80E-05,2.00E-05,1.00E-05,1.00E-05,1.00E-05,1.00E-05,2.00E-05,MI_PRA_277_MG,Quercus bicolor Willd.,Michigan,Pinckney Recreation Area,42.418191,-84.002222,bic,pure,1.00E+00,pure
296,SYST-MOR-0006999,1.00E-05,1.00E-05,1.00E-05,1.00E-05,0.9999,1.00E-05,1.00E-05,0,0,0,0,1.00E-05,0,1.00E-05,1.00E-05,1.00E-05,1.00E-05,0.9999,1.00E-05,1.00E-05,0,0,0,0,0,1.00E-05,MI_PRA_279_MG,Quercus macrocarpa Michx.,Michigan,Pinckney Recreation Area,42.4465,-84.00232,mac,pure,1.00E+00,pure
297,SYST-MOR-0007000,0.99989,1.00E-05,1.00E-05,1.00E-05,1.00E-05,1.00E-05,1.00E-05,1.00E-05,1.00E-05,0,0,1.00E-05,0,0.99989,1.00E-05,1.00E-05,1.00E-05,1.00E-05,1.00E-05,1.00E-05,1.00E-05,1.00E-05,1.00E-05,1.00E-05,1.00E-05,2.00E-05,MI_PRA_280_MG,Quercus alba L.,Michigan,Pinckney Recreation Area,42.446421,-84.001964,alb,pure,1.00E+00,pure
298,SYST-MOR-0007001,1.00E-05,1.00E-05,1.00E-05,1.00E-05,0.9999,1.00E-05,1.00E-05,0,0,0,0,1.00E-05,0,1.00E-05,1.00E-05,1.00E-05,1.00E-05,0.9999,1.00E-05,1.00E-05,0,0,0,0,0,1.00E-05,MI_PRA_281_MG,Quercus macrocarpa Michx.,Michigan,Pinckney Recreation Area,42.44626,-83.999114,mac,pure,1.00E+00,pure
299,SYST-MOR-0007002,2.10E-05,1.40E-05,1.00E-05,1.00E-05,0.999874,1.40E-05,1.00E-05,1.00E-05,1.00E-05,1.00E-05,0,1.70E-05,0,2.10E-05,1.40E-05,1.00E-05,1.00E-05,0.999874,1.40E-05,1.00E-05,1.00E-05,1.00E-05,1.00E-05,0,0,1.70E-05,MI_PRA_282_MG,Quercus macrocarpa Michx.,Michigan,Pinckney Recreation Area,42.446265,-83.998517,mac,pure,1.00E+00,pure
300,SYST-MOR-0007003,1.20E-05,0,0.000725,0,0.999183,1.00E-05,1.00E-05,1.00E-05,1.00E-05,1.00E-05,1.00E-05,2.00E-05,1.00E-05,1.20E-05,0,0.000725,0,0.999183,1.00E-05,1.00E-05,1.00E-05,1.00E-05,1.00E-05,1.00E-05,1.00E-05,2.00E-05,MI_PRA_283_MG,Quercus macrocarpa Michx.,Michigan,Pinckney Recreation Area,42.446328,-83.997734,mac,pure,9.99E-01,pure
301,SYST-MOR-0007004,1.00E-05,0.99989,1.00E-05,1.00E-05,1.00E-05,1.00E-05,1.00E-05,1.00E-05,1.00E-05,1.00E-05,0,1.00E-05,0,2.00E-05,0.9999,2.00E-05,1.00E-05,2.50E-05,1.00E-05,1.00E-05,2.00E-05,1.00E-05,1.00E-05,1.00E-05,1.00E-05,2.00E-05,MI_LLP_284_MG,Quercus bicolor Willd.,Michigan,Lake Lansing Park,42.766749,-84.385411,bic,pure,1.00E+00,pure
302,SYST-MOR-0007005,0.999889,1.00E-05,1.00E-05,1.00E-05,1.00E-05,1.00E-05,1.00E-05,0,0,0,0,1.00E-05,0,0.9999,2.00E-05,1.00E-05,1.00E-05,2.00E-05,1.30E-05,1.00E-05,1.00E-05,1.00E-05,1.00E-05,1.10E-05,0,1.10E-05,MI_LLP_285_MG,Quercus alba L.,Michigan,Lake Lansing Park,42.766619,-84.385326,alb,pure,1.00E+00,pure
304,SYST-MOR-0007007,0.999881,1.00E-05,1.00E-05,1.00E-05,1.00E-05,1.00E-05,1.00E-05,1.00E-05,1.00E-05,1.00E-05,0,1.00E-05,0,0.99989,2.00E-05,1.00E-05,1.00E-05,2.00E-05,1.00E-05,1.00E-05,1.90E-05,1.00E-05,1.00E-05,0,0,1.00E-05,MI_LLP_287_MG,Quercus alba L.,Michigan,Lake Lansing Park,42.767026,-84.384641,alb,pure,1.00E+00,pure
305,SYST-MOR-0007008,1.00E-05,0.99989,1.00E-05,1.00E-05,1.00E-05,1.00E-05,1.00E-05,1.00E-05,1.00E-05,1.00E-05,0,1.00E-05,0,2.00E-05,0.9999,2.00E-05,2.00E-05,2.70E-05,1.50E-05,1.40E-05,2.00E-05,1.50E-05,1.90E-05,1.30E-05,1.10E-05,2.40E-05,MI_LLP_288_MG,Quercus bicolor Willd.,Michigan,Lake Lansing Park,42.766161,-84.382459,bic,pure,1.00E+00,pure
306,SYST-MOR-0007009,0.99989,1.00E-05,1.00E-05,1.00E-05,1.00E-05,1.00E-05,1.00E-05,0,0,1.00E-05,0,1.00E-05,0,0.9999,2.00E-05,2.00E-05,1.00E-05,2.00E-05,1.70E-05,1.00E-05,1.00E-05,1.00E-05,1.00E-05,0,0,1.00E-05,MI_LLP_289_MG,Quercus alba L.,Michigan,Lake Lansing Park,42.766255,-84.382335,alb,pure,1.00E+00,pure
308,SYST-MOR-0007011,0.9999,1.00E-05,1.00E-05,1.00E-05,2.00E-05,0,0,1.00E-05,1.00E-05,1.00E-05,0,1.00E-05,0,0.9999,1.00E-05,1.00E-05,1.00E-05,2.00E-05,0,0,1.00E-05,1.00E-05,1.00E-05,0,0,1.00E-05,MI_LLP_291_MG,Quercus alba L.,Michigan,Lake Lansing Park,42.765598,-84.37805,alb,pure,1.00E+00,pure
309,SYST-MOR-0007012,1.00E-05,0.99989,1.00E-05,1.00E-05,1.00E-05,1.00E-05,1.00E-05,1.00E-05,1.00E-05,1.00E-05,0,1.00E-05,0,2.00E-05,0.9999,2.00E-05,2.00E-05,2.40E-05,1.00E-05,1.00E-05,2.00E-05,1.00E-05,1.00E-05,1.00E-05,1.00E-05,2.00E-05,MI_LLP_292_MG,Quercus bicolor Willd.,Michigan,Lake Lansing Park,42.765287,-84.382497,bic,pure,1.00E+00,pure
310,SYST-MOR-0007013,0.999889,1.00E-05,1.00E-05,1.00E-05,1.00E-05,1.00E-05,1.00E-05,1.00E-05,1.00E-05,1.00E-05,0,1.00E-05,0,0.9999,2.00E-05,1.00E-05,1.00E-05,2.00E-05,1.00E-05,1.00E-05,1.00E-05,1.50E-05,1.00E-05,1.00E-05,1.00E-05,2.00E-05,MI_LLP_293_MG,Quercus alba L.,Michigan,Lake Lansing Park,42.76512,-84.382422,alb,pure,1.00E+00,pure
311,SYST-MOR-0007014,1.00E-05,1.00E-05,1.00E-05,1.00E-05,0.999897,1.00E-05,1.00E-05,0,0,0,0,1.40E-05,0,1.00E-05,1.00E-05,1.00E-05,1.00E-05,0.999897,1.00E-05,1.00E-05,0,0,0,0,0,1.40E-05,MI_LLP_294_MG,Quercus macrocarpa Michx.,Michigan,Lake Lansing Park,42.765066,-84.389009,mac,pure,1.00E+00,pure
313,SYST-MOR-0007016,1.70E-05,0,1.00E-05,0,0.999886,1.00E-05,1.00E-05,1.20E-05,1.10E-05,1.00E-05,1.00E-05,2.00E-05,1.00E-05,1.70E-05,0,1.00E-05,0,0.999886,1.00E-05,1.00E-05,1.20E-05,1.10E-05,1.00E-05,1.00E-05,1.00E-05,2.00E-05,KS_SMP_296_MG,Quercus macrocarpa Michx.,Kansas,Shawnee Mission Park ,38.980804,-94.789402,mac,pure,1.00E+00,pure
315,SYST-MOR-0007018,1.00E-05,1.00E-05,1.00E-05,1.00E-05,0.99989,1.00E-05,1.00E-05,1.00E-05,1.00E-05,1.00E-05,1.00E-05,2.00E-05,1.00E-05,1.00E-05,1.00E-05,1.00E-05,1.00E-05,0.99989,1.00E-05,1.00E-05,1.00E-05,1.00E-05,1.00E-05,1.00E-05,1.00E-05,2.00E-05,KS_SMP_298_MG,Quercus macrocarpa Michx.,Kansas,Shawnee Mission Park ,38.981181,-94.790359,mac,pure,1.00E+00,pure
316,SYST-MOR-0007019,1.00E-05,1.00E-05,1.00E-05,1.00E-05,1.00E-05,1.00E-05,1.00E-05,1.00E-05,1.00E-05,1.00E-05,0,0.99989,0,2.00E-05,2.00E-05,1.10E-05,1.00E-05,2.00E-05,1.00E-05,1.00E-05,2.00E-05,0.002162,1.00E-05,1.00E-05,0.99989,0.9999,KS_SMP_299_MG,Quercus stellata Wangenh.,Kansas,Shawnee Mission Park,38.981382,-94.791558,ste,pure,1.00E+00,pure
317,SYST-MOR-0007020,1.00E-05,1.00E-05,2.00E-05,1.00E-05,0.99989,0,0,1.00E-05,1.00E-05,1.00E-05,1.00E-05,2.00E-05,1.00E-05,1.00E-05,1.00E-05,2.00E-05,1.00E-05,0.99989,0,0,1.00E-05,1.00E-05,1.00E-05,1.00E-05,1.00E-05,2.00E-05,KS_SMP_300_MG,Quercus macrocarpa Michx.,Kansas,Shawnee Mission Park ,38.981467,-94.791896,mac,pure,1.00E+00,pure
318,SYST-MOR-0007021,1.00E-05,1.00E-05,1.00E-05,1.00E-05,1.00E-05,1.00E-05,1.00E-05,0.99989,1.00E-05,1.00E-05,1.00E-05,2.00E-05,1.00E-05,2.00E-05,1.00E-05,1.00E-05,1.00E-05,1.00E-05,1.00E-05,1.00E-05,0.9999,1.00E-05,1.00E-05,1.00E-05,1.00E-05,2.00E-05,KS_SMP_301_MG,Quercus muehlenbergii Engelm.,Kansas,Shawnee Mission Park,38.981539,-94.792305,mue,pure,1.00E+00,pure
319,SYST-MOR-0007022,1.00E-05,1.00E-05,1.00E-05,1.00E-05,0.999886,1.00E-05,1.40E-05,1.00E-05,1.00E-05,1.00E-05,1.00E-05,2.00E-05,1.00E-05,1.00E-05,1.00E-05,1.00E-05,1.00E-05,0.999886,1.00E-05,1.40E-05,1.00E-05,1.00E-05,1.00E-05,1.00E-05,1.00E-05,2.00E-05,KS_SMP_302_MG,Quercus macrocarpa Michx.,Kansas,Shawnee Mission Park ,38.981904,-94.793731,mac,pure,1.00E+00,pure
321,SYST-MOR-0007024,1.00E-05,1.00E-05,2.00E-05,1.00E-05,0.99989,0,0,1.00E-05,1.00E-05,1.00E-05,1.00E-05,2.00E-05,1.00E-05,1.00E-05,1.00E-05,2.00E-05,1.00E-05,0.99989,0,0,1.00E-05,1.00E-05,1.00E-05,1.00E-05,1.00E-05,2.00E-05,KS_SMP_304_MG,Quercus macrocarpa Michx.,Kansas,Shawnee Mission Park ,38.981944,-94.794164,mac,pure,1.00E+00,pure
323,SYST-MOR-0007026,1.00E-05,1.00E-05,1.00E-05,1.00E-05,1.00E-05,1.00E-05,1.00E-05,1.00E-05,1.00E-05,1.00E-05,0,0.99989,0,2.00E-05,2.00E-05,1.40E-05,1.30E-05,2.70E-05,1.00E-05,1.00E-05,2.00E-05,1.40E-05,1.00E-05,1.00E-05,0.99989,0.9999,KS_SMP_306_MG,Quercus stellata Wangenh.,Kansas,Shawnee Mission Park ,38.980548,-94.789849,ste,pure,1.00E+00,pure
325,SYST-MOR-0007028,1.00E-05,1.00E-05,1.00E-05,1.00E-05,1.00E-05,1.00E-05,1.00E-05,1.00E-05,1.00E-05,1.00E-05,0,0.99989,0,2.00E-05,2.00E-05,2.00E-05,2.00E-05,2.90E-05,1.60E-05,1.20E-05,2.00E-05,1.00E-05,1.20E-05,1.00E-05,0.99989,0.9999,KS_SMP_308_MG,Quercus stellata Wangenh.,Kansas,Shawnee Mission Park ,38.98826,-94.801263,ste,pure,1.00E+00,pure
326,SYST-MOR-0007029,1.00E-05,1.00E-05,1.00E-05,1.00E-05,1.00E-05,1.00E-05,1.00E-05,1.00E-05,1.00E-05,1.00E-05,0,0.99989,0,1.00E-05,2.00E-05,1.00E-05,2.00E-05,2.00E-05,1.00E-05,1.00E-05,1.00E-05,1.00E-05,1.00E-05,1.00E-05,0.99989,0.9999,KS_SMP_309_MG,Quercus stellata Wangenh.,Kansas,Shawnee Mission Park,38.988772,-94.801448,ste,pure,1.00E+00,pure
327,SYST-MOR-0007030,0.9999,1.00E-05,1.00E-05,1.00E-05,1.00E-05,1.00E-05,1.00E-05,0,0,1.00E-05,0,1.00E-05,0,0.9999,2.00E-05,1.00E-05,1.00E-05,1.30E-05,2.00E-05,1.00E-05,1.00E-05,1.00E-05,1.00E-05,1.40E-05,1.00E-05,2.40E-05,KS_SMP_310_MG,Quercus alba L.,Kansas,Shawnee Mission Park,38.980013,-94.808196,alb,pure,1.00E+00,pure
328,SYST-MOR-0007031,0.99989,2.00E-05,1.00E-05,1.00E-05,1.00E-05,1.00E-05,1.00E-05,0,0,1.00E-05,0,1.00E-05,0,0.9999,2.00E-05,1.00E-05,1.00E-05,1.00E-05,1.00E-05,1.00E-05,1.00E-05,1.00E-05,1.00E-05,0,0,1.00E-05,KS_SMP_311_MG,Quercus alba L.,Kansas,Shawnee Mission Park ,38.979953,-94.808065,alb,pure,1.00E+00,pure
329,SYST-MOR-0007032,0.999883,1.00E-05,1.00E-05,1.00E-05,2.00E-05,1.00E-05,1.00E-05,0,0,0,0,1.00E-05,0,0.99989,1.00E-05,1.00E-05,1.00E-05,2.00E-05,1.00E-05,1.00E-05,1.00E-05,1.70E-05,0,1.00E-05,0,1.00E-05,KS_SMP_312_MG,Quercus alba L.,Kansas,Shawnee Mission Park,38.97957,-94.806827,alb,pure,1.00E+00,pure
330,SYST-MOR-0007033,0.999882,1.00E-05,1.00E-05,1.00E-05,2.00E-05,1.00E-05,1.00E-05,1.00E-05,1.00E-05,1.00E-05,1.00E-05,2.00E-05,1.00E-05,0.99989,1.00E-05,2.00E-05,1.00E-05,3.00E-05,1.00E-05,1.40E-05,1.00E-05,1.00E-05,1.00E-05,1.50E-05,1.00E-05,2.50E-05,KS_SMP_313_MG,Quercus alba L.,Kansas,Shawnee Mission Park ,38.979519,-94.80808,alb,pure,1.00E+00,pure
331,SYST-MOR-0007034,0.999889,1.00E-05,1.00E-05,1.00E-05,1.00E-05,1.00E-05,1.00E-05,1.00E-05,1.00E-05,0,0,1.00E-05,0,0.99989,2.00E-05,2.00E-05,1.40E-05,2.00E-05,1.10E-05,1.00E-05,2.00E-05,1.00E-05,1.00E-05,1.00E-05,1.00E-05,2.00E-05,KS_SMP_314_MG,Quercus alba L.,Kansas,Shawnee Mission Park,38.979835,-94.807522,alb,pure,1.00E+00,pure
332,SYST-MOR-0007035,1.00E-05,1.00E-05,1.00E-05,1.00E-05,1.00E-05,1.00E-05,1.00E-05,0.99989,1.00E-05,1.00E-05,0,1.00E-05,0,2.00E-05,2.00E-05,2.00E-05,2.00E-05,2.10E-05,1.00E-05,1.90E-05,0.9999,1.10E-05,1.10E-05,1.00E-05,1.00E-05,2.00E-05,KS_KCP_315_MG,Quercus prinoides Willd.,Kansas,Kill Creek Park,38.917272,-94.973531,mue,pure,1.00E+00,pure
334,SYST-MOR-0007037,1.00E-05,2.40E-05,1.00E-05,1.00E-05,0.999886,1.00E-05,1.00E-05,1.00E-05,1.00E-05,1.00E-05,0,1.00E-05,0,1.00E-05,2.40E-05,1.00E-05,1.00E-05,0.999886,1.00E-05,1.00E-05,1.00E-05,1.00E-05,1.00E-05,0,0,1.00E-05,KS_KZP_317_MG,Quercus macrocarpa Michx.,Kansas,Konza Prairie Biological Station,39.106899,-96.607647,mac,pure,1.00E+00,pure
335,SYST-MOR-0007038,1.00E-05,1.00E-05,1.00E-05,1.00E-05,0.99989,1.00E-05,1.00E-05,1.00E-05,1.00E-05,1.00E-05,1.00E-05,2.00E-05,1.00E-05,1.00E-05,1.00E-05,1.00E-05,1.00E-05,0.99989,1.00E-05,1.00E-05,1.00E-05,1.00E-05,1.00E-05,1.00E-05,1.00E-05,2.00E-05,KS_KZP_318_MG,Quercus macrocarpa Michx.,Kansas,Konza Prairie Biological Station,39.107656,-96.606832,mac,pure,1.00E+00,pure
337,SYST-MOR-0007040,2.00E-05,1.00E-05,1.00E-05,1.00E-05,0.9999,0,0,1.00E-05,1.00E-05,1.00E-05,0,1.00E-05,0,2.00E-05,1.00E-05,1.00E-05,1.00E-05,0.9999,0,0,1.00E-05,1.00E-05,1.00E-05,0,0,1.00E-05,KS_KZP_320_MG,Quercus macrocarpa Michx.,Kansas,Konza Prairie Biological Station,39.107911,-96.604942,mac,pure,1.00E+00,pure
339,SYST-MOR-0007042,1.00E-05,1.00E-05,2.00E-05,1.00E-05,0.999887,1.00E-05,1.30E-05,1.00E-05,1.00E-05,1.00E-05,0,1.00E-05,0,1.00E-05,1.00E-05,2.00E-05,1.00E-05,0.999887,1.00E-05,1.30E-05,1.00E-05,1.00E-05,1.00E-05,0,0,1.00E-05,KS_KZP_322_MG,Quercus macrocarpa Michx.,Kansas,Konza Prairie Biological Station,39.107839,-96.604185,mac,pure,1.00E+00,pure
340,SYST-MOR-0007043,1.00E-05,1.00E-05,2.00E-05,1.00E-05,1.00E-05,0,0,0.99989,1.00E-05,1.00E-05,1.00E-05,2.00E-05,1.00E-05,1.00E-05,1.00E-05,2.00E-05,1.00E-05,1.00E-05,0,0,0.99989,1.00E-05,1.00E-05,1.00E-05,1.00E-05,2.00E-05,KS_KZP_323_MG,Quercus muehlenbergii Engelm.,Kansas,Konza Prairie Biological Station,39.107811,-96.603104,mue,pure,1.00E+00,pure
341,SYST-MOR-0007044,0,1.00E-05,1.00E-05,1.00E-05,1.00E-05,0,1.00E-05,0.99989,1.00E-05,1.00E-05,0,1.00E-05,0,1.00E-05,1.00E-05,2.00E-05,1.00E-05,2.00E-05,1.00E-05,1.00E-05,0.9999,1.00E-05,1.00E-05,1.00E-05,1.00E-05,2.00E-05,KS_KZP_324_MG,Quercus muehlenbergii Engelm.,Kansas,Konza Prairie Biological Station,39.107946,-96.602302,mue,pure,1.00E+00,pure
342,SYST-MOR-0007045,1.00E-05,1.00E-05,1.00E-05,1.00E-05,0.99989,1.00E-05,1.00E-05,2.00E-05,1.00E-05,0,0,1.00E-05,0,1.00E-05,1.00E-05,1.00E-05,1.00E-05,0.99989,1.00E-05,1.00E-05,2.00E-05,1.00E-05,0,0,0,1.00E-05,KS_KZP_325_MG,Quercus macrocarpa Michx.,Kansas,Konza Prairie Biological Station,39.108092,-96.602194,mac,pure,1.00E+00,pure
346,SYST-MOR-0007049,2.00E-05,1.00E-05,1.00E-05,1.00E-05,0.9999,0,0,1.00E-05,1.00E-05,1.00E-05,0,1.00E-05,0,2.00E-05,1.00E-05,1.00E-05,1.00E-05,0.9999,0,0,1.00E-05,1.00E-05,1.00E-05,0,0,1.00E-05,NY_BIP_329_MG,Quercus macrocarpa Michx.,New York,Buckhorn Island State Park ,43.060034,-78.972551,mac,pure,1.00E+00,pure
348,SYST-MOR-0007051,0.999875,1.00E-05,1.00E-05,1.00E-05,2.00E-05,1.00E-05,1.00E-05,0,0,0,0,1.80E-05,0,0.99989,1.00E-05,1.00E-05,1.00E-05,2.00E-05,1.10E-05,1.00E-05,0,0,1.00E-05,1.00E-05,0,2.00E-05,NY_BIP_331_MG,Quercus alba L.,New York,Buckhorn Island State Park ,43.057209,-78.986107,alb,pure,1.00E+00,pure
350,SYST-MOR-0007053,0.99989,1.00E-05,1.00E-05,1.00E-05,1.00E-05,1.00E-05,1.00E-05,1.00E-05,1.00E-05,0,0,1.00E-05,0,0.99989,1.00E-05,1.00E-05,1.00E-05,1.00E-05,1.00E-05,1.00E-05,1.00E-05,1.00E-05,0,0,0,1.00E-05,NY_BIP_333_MG,Quercus alba L.,New York,Buckhorn Island State Park ,43.05678,-78.985107,alb,pure,1.00E+00,pure
351,SYST-MOR-0007054,0.99989,1.00E-05,1.00E-05,1.00E-05,1.00E-05,1.00E-05,1.00E-05,1.00E-05,1.00E-05,0,0,1.00E-05,0,0.99989,2.00E-05,1.00E-05,1.00E-05,1.00E-05,1.00E-05,1.00E-05,1.00E-05,1.00E-05,1.00E-05,0,0,1.00E-05,NY_BIP_334_MG,Quercus alba L.,New York,Buckhorn Island State Park ,43.056681,-78.984002,alb,pure,1.00E+00,pure
355,SYST-MOR-0007059,1.00E-05,0.999889,1.00E-05,1.00E-05,1.00E-05,1.00E-05,1.00E-05,1.00E-05,1.00E-05,1.00E-05,0,1.00E-05,0,2.00E-05,0.99989,1.00E-05,2.00E-05,2.40E-05,1.00E-05,1.00E-05,2.00E-05,1.00E-05,1.00E-05,1.00E-05,1.00E-05,2.00E-05,NY_BIP_339_MG,Quercus bicolor Willd.,New York,Buckhorn Island State Park ,43.055626,-78.974953,bic,pure,1.00E+00,pure
357,SYST-MOR-0007061,0.99989,1.00E-05,1.00E-05,1.00E-05,1.00E-05,1.00E-05,1.00E-05,1.00E-05,1.00E-05,1.00E-05,0,1.00E-05,0,0.9999,2.10E-05,2.00E-05,2.00E-05,2.80E-05,1.90E-05,1.70E-05,2.00E-05,1.40E-05,1.70E-05,1.10E-05,1.30E-05,2.30E-05,NY_SSP_341_MG,Quercus alba L.,New York,Sampson State Park ,42.706592,-76.900946,alb,pure,1.00E+00,pure
358,SYST-MOR-0007062,0.99989,1.00E-05,1.00E-05,1.00E-05,1.00E-05,1.00E-05,1.00E-05,1.00E-05,1.00E-05,1.00E-05,0,1.00E-05,0,0.9999,2.00E-05,1.00E-05,1.00E-05,1.00E-05,1.00E-05,1.00E-05,1.00E-05,1.00E-05,1.00E-05,1.00E-05,1.00E-05,2.00E-05,NY_SSP_342_MG,Quercus alba L.,New York,Sampson State Park ,42.700906,-76.897109,alb,pure,1.00E+00,pure
359,SYST-MOR-0007064,0.999888,1.00E-05,1.00E-05,1.00E-05,1.20E-05,1.00E-05,1.00E-05,1.00E-05,1.00E-05,0,0,1.00E-05,0,0.99989,1.40E-05,2.00E-05,2.00E-05,2.00E-05,1.00E-05,1.40E-05,1.20E-05,1.00E-05,1.00E-05,0,0,1.00E-05,NY_SSP_344_MG,Quercus alba L.,New York,Sampson State Park ,42.699741,-76.895966,alb,pure,1.00E+00,pure
360,SYST-MOR-0007065,0.99989,1.00E-05,1.00E-05,1.00E-05,2.00E-05,0,0,1.00E-05,1.00E-05,1.00E-05,0,1.00E-05,0,0.9999,1.00E-05,1.00E-05,1.00E-05,2.00E-05,1.00E-05,1.00E-05,1.00E-05,1.00E-05,1.00E-05,0,0,1.00E-05,NY_SSP_345_MG,Quercus alba L.,New York,Sampson State Park ,42.698392,-76.895201,alb,pure,1.00E+00,pure
361,SYST-MOR-0007066,2.00E-05,1.00E-05,1.00E-05,1.00E-05,0.9999,1.00E-05,1.00E-05,0,0,1.00E-05,0,1.00E-05,0,2.00E-05,1.00E-05,1.00E-05,1.00E-05,0.9999,1.00E-05,1.00E-05,0,0,1.00E-05,0,0,1.00E-05,NY_SSP_346_MG,Quercus macrocarpa Michx.,New York,Sampson State Park ,42.740505,-76.905845,mac,pure,1.00E+00,pure
364,SYST-MOR-0007069,2.00E-05,1.00E-05,1.00E-05,1.00E-05,0.9999,1.00E-05,1.00E-05,0,0,1.00E-05,0,1.00E-05,0,2.00E-05,1.00E-05,1.00E-05,1.00E-05,0.9999,1.00E-05,1.00E-05,0,0,1.00E-05,0,0,1.00E-05,NY_SSP_349_MG,Quercus macrocarpa Michx.,New York,Sampson State Park ,42.734695,-76.903081,mac,pure,1.00E+00,pure
365,SYST-MOR-0007070,2.00E-05,1.00E-05,1.00E-05,1.00E-05,0.99989,1.00E-05,1.00E-05,1.00E-05,1.00E-05,0,0,1.00E-05,0,2.00E-05,1.00E-05,1.00E-05,1.00E-05,0.99989,1.00E-05,1.00E-05,1.00E-05,1.00E-05,0,0,0,1.00E-05,NY_SSP_350_MG,Quercus macrocarpa Michx.,New York,Sampson State Park ,42.733991,-76.902518,mac,pure,1.00E+00,pure
366,SYST-MOR-0007071,0,1.00E-05,1.20E-05,1.00E-05,0.999898,0,1.00E-05,2.00E-05,1.00E-05,1.00E-05,0,1.00E-05,0,0,1.00E-05,1.20E-05,1.00E-05,0.999898,0,1.00E-05,2.00E-05,1.00E-05,1.00E-05,0,0,1.00E-05,NY_CMB_351_MG,Quercus macrocarpa Michx.,New York,Chaumont Barrens Nature Preserve ,44.101259,-76.074805,mac,pure,1.00E+00,pure
367,SYST-MOR-0007072,1.00E-05,1.00E-05,1.00E-05,1.00E-05,0.99989,1.00E-05,1.00E-05,1.00E-05,1.00E-05,1.00E-05,1.00E-05,2.00E-05,1.00E-05,1.00E-05,1.00E-05,1.00E-05,1.00E-05,0.99989,1.00E-05,1.00E-05,1.00E-05,1.00E-05,1.00E-05,1.00E-05,1.00E-05,2.00E-05,NY_CMB_352_MG,Quercus macrocarpa Michx.,New York,Chaumont Barrens Nature Preserve ,44.099712,-76.075818,mac,pure,1.00E+00,pure
368,SYST-MOR-0007073,2.00E-05,1.00E-05,1.00E-05,1.00E-05,0.99989,1.00E-05,1.00E-05,1.00E-05,1.00E-05,0,0,1.00E-05,0,2.00E-05,1.00E-05,1.00E-05,1.00E-05,0.99989,1.00E-05,1.00E-05,1.00E-05,1.00E-05,0,0,0,1.00E-05,NY_CMB_353_MG,Quercus macrocarpa Michx.,New York,Chaumont Barrens Nature Preserve ,44.098864,-76.076791,mac,pure,1.00E+00,pure
370,SYST-MOR-0007075,0.99989,1.00E-05,1.00E-05,1.00E-05,1.00E-05,1.00E-05,1.00E-05,0,0,1.00E-05,1.00E-05,2.00E-05,1.00E-05,0.99989,1.00E-05,1.00E-05,1.00E-05,2.00E-05,1.00E-05,1.00E-05,1.00E-05,1.00E-05,1.00E-05,1.00E-05,1.00E-05,2.00E-05,NY_CMB_355_MG,Quercus alba L.,New York,Chaumont Barrens Nature Preserve ,44.098024,-76.079464,alb,pure,1.00E+00,pure
371,SYST-MOR-0007076,2.00E-05,1.00E-05,1.00E-05,1.00E-05,0.9999,0,0,1.00E-05,1.00E-05,1.00E-05,0,1.00E-05,0,2.00E-05,1.00E-05,1.00E-05,1.00E-05,0.9999,0,0,1.00E-05,1.00E-05,1.00E-05,0,0,1.00E-05,NY_CMB_356_MG,Quercus macrocarpa Michx.,New York,Chaumont Barrens Nature Preserve ,44.097947,-76.079857,mac,pure,1.00E+00,pure
374,SYST-MOR-0007079,0.999885,1.00E-05,1.00E-05,1.00E-05,1.00E-05,1.00E-05,1.00E-05,0,0,1.00E-05,0,1.00E-05,0,0.9999,2.00E-05,1.00E-05,1.30E-05,2.00E-05,1.00E-05,1.60E-05,1.00E-05,1.00E-05,1.60E-05,1.00E-05,1.00E-05,2.00E-05,NY_CMB_359_MG,Quercus alba L.,New York,Chaumont Barrens Nature Preserve ,44.100976,-76.076863,alb,pure,1.00E+00,pure
375,SYST-MOR-0007080,0.99989,1.00E-05,1.00E-05,1.00E-05,1.00E-05,1.00E-05,1.00E-05,1.00E-05,1.00E-05,1.00E-05,0,1.00E-05,0,0.9999,2.00E-05,2.00E-05,2.00E-05,2.00E-05,1.00E-05,1.00E-05,2.70E-05,1.70E-05,1.00E-05,1.00E-05,1.00E-05,2.00E-05,NY_CMB_360_MG,Quercus alba L.,New York,Chaumont Barrens Nature Preserve ,44.102083,-76.078217,alb,pure,1.00E+00,pure
376,SYST-MOR-0007081,0.99989,1.00E-05,1.00E-05,1.00E-05,1.00E-05,1.00E-05,1.00E-05,0,0,0,0,1.00E-05,0,0.9999,1.00E-05,1.70E-05,2.00E-05,2.00E-05,1.00E-05,1.00E-05,1.00E-05,1.00E-05,1.00E-05,1.20E-05,1.00E-05,2.20E-05,VT_DHT_361_MG,Quercus alba L.,Vermont,Delaware Hudson Rail Trail,43.604566,-73.180251,alb,pure,1.00E+00,pure
379,SYST-MOR-0007084,0.99989,1.00E-05,1.00E-05,1.00E-05,1.00E-05,0,0,1.00E-05,1.00E-05,1.00E-05,0,1.00E-05,0,0.9999,1.00E-05,2.00E-05,1.00E-05,2.00E-05,1.00E-05,1.00E-05,1.00E-05,1.00E-05,1.00E-05,1.00E-05,1.00E-05,2.00E-05,VT_DHT_364_MG,Quercus alba L.,Vermont,Delaware Hudson Rail Trail,43.600448,-73.18337,alb,pure,1.00E+00,pure
380,SYST-MOR-0007085,1.00E-05,1.00E-05,1.00E-05,1.00E-05,0.9999,1.00E-05,1.00E-05,0,0,1.00E-05,0,2.00E-05,1.00E-05,1.00E-05,1.00E-05,1.00E-05,1.00E-05,0.9999,1.00E-05,1.00E-05,0,0,1.00E-05,1.00E-05,0,2.00E-05,VT_DHT_365_MG,Quercus macrocarpa Michx.,Vermont,Delaware Hudson Rail Trail,43.6,-73.183676,mac,pure,1.00E+00,pure
381,SYST-MOR-0007086,1.00E-05,1.00E-05,1.00E-05,1.00E-05,0.9999,1.00E-05,1.00E-05,0,0,0,0,1.00E-05,0,1.00E-05,1.00E-05,1.00E-05,1.00E-05,0.9999,1.00E-05,1.00E-05,0,0,0,0,0,1.00E-05,VT_DHT_366_MG,Quercus macrocarpa Michx.,Vermont,Delaware Hudson Rail Trail,43.599099,-73.184667,mac,pure,1.00E+00,pure
382,SYST-MOR-0007087,0.99989,1.00E-05,1.00E-05,1.00E-05,1.00E-05,0,0,0,0,1.00E-05,1.00E-05,2.00E-05,1.00E-05,0.99989,1.00E-05,2.00E-05,1.00E-05,1.00E-05,1.00E-05,1.00E-05,1.00E-05,1.00E-05,1.00E-05,1.00E-05,1.00E-05,2.00E-05,VT_DHT_367_MG,Quercus alba L.,Vermont,Delaware Hudson Rail Trail,43.598789,-73.185413,alb,pure,1.00E+00,pure
384,SYST-MOR-0007089,0.999885,1.00E-05,1.00E-05,1.00E-05,2.50E-05,1.00E-05,1.00E-05,1.00E-05,1.00E-05,0,0,1.00E-05,1.00E-05,0.999885,1.00E-05,1.00E-05,1.00E-05,2.50E-05,1.00E-05,1.00E-05,1.00E-05,1.00E-05,0,1.00E-05,0,1.00E-05,VT_DHT_369_MG,Quercus alba L.,Vermont,Delaware Hudson Rail Trail,43.600133,-73.183418,alb,pure,1.00E+00,pure
385,SYST-MOR-0007090,1.00E-05,1.00E-05,1.00E-05,1.00E-05,1.00E-05,1.00E-05,0.99989,1.00E-05,1.00E-05,1.00E-05,0,1.00E-05,0,2.00E-05,2.00E-05,2.70E-05,2.00E-05,2.80E-05,1.20E-05,0.99989,2.70E-05,1.60E-05,1.20E-05,1.00E-05,1.00E-05,2.00E-05,NY_BKF_370_MG,Quercus montana Willd.,New York,Batten Kill State Forest,43.081232,-73.301638,mon,pure,1.00E+00,pure
386,SYST-MOR-0007091,0.999881,1.00E-05,1.00E-05,1.00E-05,1.00E-05,1.00E-05,1.00E-05,1.00E-05,1.00E-05,1.00E-05,0,1.00E-05,0,0.99989,1.00E-05,2.00E-05,1.00E-05,1.00E-05,1.90E-05,1.00E-05,1.00E-05,1.00E-05,1.00E-05,1.00E-05,1.00E-05,2.00E-05,NY_BKF_371_MG,Quercus alba L.,New York,Batten Kill State Forest ,43.081314,-73.296727,alb,pure,1.00E+00,pure
387,SYST-MOR-0007092,1.00E-05,1.00E-05,1.00E-05,1.00E-05,1.00E-05,1.00E-05,0.99989,1.00E-05,1.00E-05,1.00E-05,0,1.00E-05,0,2.00E-05,2.00E-05,2.00E-05,2.00E-05,2.30E-05,1.40E-05,0.99989,2.00E-05,1.60E-05,1.00E-05,1.00E-05,1.00E-05,2.00E-05,NY_BKF_372_MG,Quercus montana Willd.,New York,Batten Kill State Forest,43.081209,-73.296002,mon,pure,1.00E+00,pure
388,SYST-MOR-0007093,1.00E-05,1.00E-05,1.00E-05,1.00E-05,1.00E-05,1.00E-05,0.99989,1.00E-05,1.00E-05,1.00E-05,0,1.00E-05,0,2.20E-05,2.00E-05,2.00E-05,2.00E-05,4.00E-05,1.00E-05,0.99989,2.00E-05,1.00E-05,1.30E-05,1.00E-05,1.00E-05,2.00E-05,NY_BKF_373_MG,Quercus montana Willd.,New York,Batten Kill State Forest ,43.081346,-73.294873,mon,pure,1.00E+00,pure
389,SYST-MOR-0007094,1.00E-05,1.00E-05,1.00E-05,1.00E-05,1.00E-05,1.00E-05,0.99989,1.00E-05,1.00E-05,1.00E-05,0,1.00E-05,0,2.00E-05,2.00E-05,2.00E-05,2.20E-05,2.10E-05,1.50E-05,0.99989,2.00E-05,1.10E-05,1.60E-05,1.00E-05,1.80E-05,2.80E-05,NY_BKF_374_MG,Quercus montana Willd.,New York,Batten Kill State Forest,43.08144,-73.293408,mon,pure,1.00E+00,pure
390,SYST-MOR-0007095,1.00E-05,1.00E-05,1.00E-05,1.00E-05,1.00E-05,1.00E-05,0.99989,1.00E-05,1.00E-05,1.00E-05,0,1.00E-05,0,2.00E-05,2.00E-05,2.00E-05,2.00E-05,2.50E-05,1.00E-05,0.99989,0.000508,1.90E-05,1.00E-05,1.00E-05,1.00E-05,2.00E-05,NY_BKF_375_MG,Quercus montana Willd.,New York,Batten Kill State Forest ,43.081874,-73.292845,mon,pure,1.00E+00,pure
391,SYST-MOR-0007096,1.00E-05,1.00E-05,1.00E-05,1.00E-05,1.00E-05,1.00E-05,1.00E-05,1.00E-05,0.99989,1.00E-05,0,1.00E-05,0,2.00E-05,2.00E-05,2.00E-05,2.00E-05,2.80E-05,1.00E-05,1.10E-05,0.005057,0.99989,1.10E-05,1.00E-05,1.00E-05,2.00E-05,NY_APB_377_MG,Quercus prinoides Willd.,New York,Albany Pine Bush Preserve,42.719489,-73.860055,pri,pure,1.00E+00,pure
392,SYST-MOR-0007097,0.99989,1.00E-05,1.00E-05,1.00E-05,1.00E-05,1.00E-05,1.00E-05,0,0,0,0,1.00E-05,0,0.999899,1.00E-05,1.00E-05,2.00E-05,2.10E-05,1.00E-05,1.40E-05,1.00E-05,1.00E-05,1.00E-05,1.00E-05,1.00E-05,2.00E-05,NY_APB_376_MG,Quercus alba L.,New York,Albany Pine Bush Preserve,42.720314,-73.858948,alb,pure,1.00E+00,pure
393,SYST-MOR-0007098,1.00E-05,1.00E-05,1.00E-05,1.00E-05,1.00E-05,1.00E-05,1.00E-05,1.00E-05,0.99989,1.00E-05,0,1.00E-05,0,2.00E-05,2.00E-05,2.30E-05,2.00E-05,2.00E-05,1.10E-05,1.70E-05,2.00E-05,0.99989,1.00E-05,1.00E-05,1.40E-05,2.40E-05,NY_APB_378_MG,Quercus prinoides Willd.,New York,Albany Pine Bush Preserve,42.720207,-73.858751,pri,pure,1.00E+00,pure
396,SYST-MOR-0007102,0.99989,1.00E-05,1.00E-05,1.00E-05,1.00E-05,1.00E-05,1.00E-05,1.00E-05,1.00E-05,1.00E-05,0,1.00E-05,0,0.9999,1.00E-05,1.00E-05,1.00E-05,2.00E-05,1.00E-05,1.00E-05,1.00E-05,1.00E-05,1.00E-05,1.00E-05,1.00E-05,2.00E-05,NY_APB_382_MG,Quercus alba L.,New York,Albany Pine Bush Preserve,42.716618,-73.854881,alb,pure,1.00E+00,pure
397,SYST-MOR-0007103,0.99988,1.00E-05,1.00E-05,1.00E-05,1.00E-05,1.00E-05,1.00E-05,0,0,1.00E-05,0,1.20E-05,0,0.99989,1.10E-05,2.00E-05,1.50E-05,3.00E-05,1.00E-05,1.00E-05,1.00E-05,1.00E-05,1.00E-05,1.00E-05,1.50E-05,2.50E-05,NY_APB_383_MG,Quercus alba L.,New York,Albany Pine Bush Preserve,42.715934,-73.853838,alb,pure,1.00E+00,pure
399,SYST-MOR-0007105,0.999882,1.00E-05,1.00E-05,1.00E-05,2.80E-05,1.00E-05,1.00E-05,0,0,0,0,1.00E-05,0,0.999882,1.00E-05,1.00E-05,1.00E-05,2.80E-05,1.00E-05,1.00E-05,0,0,0,0,0,1.00E-05,NY_BKF_385_MG,Quercus alba L.,New York,Batten Kill State Forest ,43.075902,-73.295101,alb,pure,1.00E+00,pure
400,SYST-MOR-0007106,1.00E-05,0,1.00E-05,0,1.00E-05,1.00E-05,1.00E-05,1.00E-05,0.99989,1.00E-05,0,1.00E-05,0,1.00E-05,2.00E-05,1.00E-05,1.00E-05,2.00E-05,1.00E-05,1.00E-05,1.00E-05,0.99989,1.00E-05,1.00E-05,1.00E-05,2.00E-05,MA_BTC_386_MG,Quercus muehlenbergii Engelm.,Massachusetts,Bartholomew's Cobble,42.056112,-73.350116,pri,pure,1.00E+00,pure
403,SYST-MOR-0007109,0.999881,1.00E-05,1.00E-05,1.00E-05,1.00E-05,1.00E-05,1.00E-05,1.10E-05,1.00E-05,0,0,1.00E-05,0,0.999881,1.00E-05,1.00E-05,1.00E-05,1.00E-05,1.00E-05,1.00E-05,1.10E-05,1.00E-05,0,0,0,1.00E-05,MA_BTC_389_MG,Quercus alba L.,Massachusetts,Bartholomew's Cobble,42.055847,-73.350441,alb,pure,1.00E+00,pure
406,SYST-MOR-0007112,1.00E-05,1.00E-05,1.00E-05,1.00E-05,0.9999,1.00E-05,1.00E-05,1.00E-05,1.00E-05,1.00E-05,0,1.00E-05,0,1.00E-05,1.00E-05,1.00E-05,1.00E-05,0.9999,1.00E-05,1.00E-05,1.00E-05,1.00E-05,1.00E-05,0,0,1.00E-05,MA_BTC_392_MG,Quercus macrocarpa Michx.,Massachusetts,Bartholomew's Cobble,42.05793,-73.350321,mac,pure,1.00E+00,pure
408,SYST-MOR-0007115,2.00E-05,2.30E-05,1.00E-05,1.00E-05,0.999887,1.00E-05,1.00E-05,0,0,1.00E-05,0,1.00E-05,0,2.00E-05,2.30E-05,1.00E-05,1.00E-05,0.999887,1.00E-05,1.00E-05,0,0,1.00E-05,0,0,1.00E-05,MA_NMK_395_MG,Quercus macrocarpa Michx.,Massachusetts,Naumkaeg,42.286953,-73.315492,mac,pure,1.00E+00,pure
409,SYST-MOR-0007116,1.00E-05,1.00E-05,1.00E-05,1.00E-05,0.9999,1.00E-05,1.00E-05,0,0,0,0,1.00E-05,0,1.00E-05,1.00E-05,1.00E-05,1.00E-05,0.9999,1.00E-05,1.00E-05,1.00E-05,1.00E-05,1.00E-05,0,0,1.00E-05,MA_NMK_396_MG,Quercus macrocarpa Michx.,Massachusetts,Naumkaeg,42.286675,-73.317187,mac,pure,1.00E+00,pure
410,SYST-MOR-0007117,1.00E-05,1.00E-05,1.00E-05,1.00E-05,0.99989,1.00E-05,1.00E-05,1.00E-05,1.00E-05,1.00E-05,1.00E-05,2.00E-05,1.00E-05,1.00E-05,1.00E-05,1.00E-05,1.00E-05,0.99989,1.00E-05,1.00E-05,1.00E-05,1.00E-05,1.00E-05,1.00E-05,1.00E-05,2.00E-05,MA_NMK_397_MG,Quercus macrocarpa Michx.,Massachusetts,Naumkaeg,42.289945,-73.317931,mac,pure,1.00E+00,pure
411,SYST-MOR-0007118,2.00E-05,2.00E-05,1.00E-05,1.00E-05,0.99989,1.00E-05,1.00E-05,0,0,1.00E-05,0,1.00E-05,0,2.00E-05,2.00E-05,1.00E-05,1.00E-05,0.99989,1.00E-05,1.00E-05,0,0,1.00E-05,0,0,1.00E-05,MA_NMK_398_MG,Quercus macrocarpa Michx.,Massachusetts,Naumkaeg,42.290072,-73.319391,mac,pure,1.00E+00,pure
413,SYST-MOR-0007120,0.999889,1.00E-05,1.00E-05,1.00E-05,1.00E-05,1.00E-05,1.00E-05,1.00E-05,1.00E-05,1.00E-05,0,1.00E-05,0,0.9999,2.00E-05,2.60E-05,2.00E-05,3.00E-05,1.40E-05,1.30E-05,2.90E-05,1.40E-05,1.30E-05,1.90E-05,1.00E-05,2.90E-05,MA_LKN_400_MG,Quercus alba L.,Massachusetts,Mass Audubon Lime Kiln Farm ,42.083771,-73.368754,alb,pure,1.00E+00,pure
414,SYST-MOR-0007121,0.999887,1.00E-05,2.00E-05,1.00E-05,1.30E-05,0,0,1.00E-05,1.00E-05,1.00E-05,1.00E-05,2.00E-05,1.00E-05,0.999887,1.00E-05,2.00E-05,1.00E-05,1.30E-05,0,0,1.00E-05,1.00E-05,1.00E-05,1.00E-05,1.00E-05,2.00E-05,MA_LKN_401_MG,Quercus alba L.,Massachusetts,Mass Audubon Lime Kiln Farm ,42.080844,-73.370312,alb,pure,1.00E+00,pure
415,SYST-MOR-0007122,0.99989,1.00E-05,1.00E-05,1.00E-05,1.00E-05,1.00E-05,1.00E-05,1.00E-05,1.00E-05,1.00E-05,0,2.00E-05,1.00E-05,0.99989,1.00E-05,2.00E-05,1.00E-05,2.00E-05,1.00E-05,1.00E-05,1.00E-05,1.00E-05,1.60E-05,1.00E-05,1.00E-05,2.00E-05,MA_LKN_402_MG,Quercus alba L.,Massachusetts,Mass Audubon Lime Kiln Farm ,42.079132,-73.371131,alb,pure,1.00E+00,pure
416,SYST-MOR-0007123,2.00E-05,1.00E-05,1.00E-05,1.00E-05,0.9999,1.00E-05,1.00E-05,0,0,1.00E-05,0,1.00E-05,0,2.00E-05,1.00E-05,1.00E-05,1.00E-05,0.9999,1.00E-05,1.00E-05,0,0,1.00E-05,0,0,1.00E-05,MA_SBF_403_MG,Quercus macrocarpa Michx.,Massachusetts,Schenob Brook Fen,42.084548,-73.385045,mac,pure,1.00E+00,pure
418,SYST-MOR-0007125,0.999868,1.00E-05,1.00E-05,1.20E-05,1.00E-05,1.00E-05,1.00E-05,1.00E-05,1.00E-05,0,0,1.00E-05,0,0.999882,1.30E-05,2.00E-05,2.00E-05,1.60E-05,1.00E-05,1.90E-05,1.00E-05,1.90E-05,1.00E-05,0,0,1.00E-05,MA_SBF_405_MG,Quercus alba L.,Massachusetts,Schenob Brook Fen,42.084738,-73.385193,alb,pure,1.00E+00,pure
419,SYST-MOR-0007126,2.00E-05,1.00E-05,1.00E-05,1.00E-05,0.9999,1.00E-05,1.00E-05,0,0,1.00E-05,0,1.00E-05,0,2.00E-05,1.00E-05,1.00E-05,1.00E-05,0.9999,1.00E-05,1.00E-05,0,0,1.00E-05,0,0,1.00E-05,MA_SBF_406_MG,Quercus macrocarpa Michx.,Massachusetts,Schenob Brook Fen,42.084745,-73.385533,mac,pure,1.00E+00,pure
421,SYST-MOR-0007128,0.999865,1.00E-05,1.00E-05,1.00E-05,1.00E-05,1.00E-05,1.00E-05,1.00E-05,1.00E-05,1.00E-05,0,1.00E-05,0,0.999888,2.20E-05,2.30E-05,1.90E-05,1.00E-05,1.10E-05,1.00E-05,1.60E-05,1.00E-05,1.00E-05,0,0,1.70E-05,MA_SBF_408_MG,Quercus alba L.,Massachusetts,Schenob Brook Fen,42.08252,-73.384531,alb,pure,1.00E+00,pure
422,SYST-MOR-0007129,1.00E-05,1.00E-05,1.00E-05,0.99989,1.00E-05,1.00E-05,1.00E-05,1.00E-05,1.00E-05,1.00E-05,0,1.00E-05,0,2.00E-05,2.00E-05,2.00E-05,0.99989,2.00E-05,1.00E-05,1.10E-05,2.00E-05,1.90E-05,1.00E-05,1.00E-05,1.00E-05,2.00E-05,AR_BRP_409_MG,Quercus lyrata Walt.,Arkansas,"Burns Park, Little Rock",34.804528,-92.326498,lyr,pure,1.00E+00,pure
423,SYST-MOR-0007130,1.00E-05,1.00E-05,1.00E-05,1.00E-05,0.99989,1.00E-05,1.00E-05,0,0,1.00E-05,1.00E-05,2.00E-05,1.00E-05,1.00E-05,1.00E-05,1.00E-05,1.00E-05,0.99989,1.00E-05,1.00E-05,0,0,1.00E-05,1.00E-05,1.00E-05,2.00E-05,AR_BRP_410_MG,Quercus macrocarpa Michx.,Arkansas,"Burns Park, Little Rock",34.804342,-92.326645,mac,pure,1.00E+00,pure
424,SYST-MOR-0007131,1.00E-05,1.00E-05,1.00E-05,1.00E-05,1.00E-05,1.00E-05,1.00E-05,1.00E-05,1.00E-05,1.00E-05,0,0.99989,0,2.00E-05,1.50E-05,2.00E-05,1.00E-05,2.00E-05,1.80E-05,1.00E-05,2.20E-05,1.50E-05,1.20E-05,1.00E-05,0.99989,0.9999,AR_BRP_411_MG,Quercus stellata Wangenh.,Arkansas,"Burns Park, Little Rock",34.804413,-92.326312,ste,pure,1.00E+00,pure
425,SYST-MOR-0007132,1.00E-05,1.00E-05,1.00E-05,1.00E-05,0.9999,1.00E-05,1.00E-05,0,0,0,0,1.00E-05,0,1.00E-05,1.00E-05,1.00E-05,1.00E-05,0.9999,1.00E-05,1.00E-05,0,0,0,0,0,1.00E-05,AR_BRP_412_MG,Quercus macrocarpa Michx.,Arkansas,"Burns Park, Little Rock",34.805006,-92.327103,mac,pure,1.00E+00,pure
426,SYST-MOR-0007133,1.00E-05,1.00E-05,1.00E-05,1.00E-05,1.00E-05,1.00E-05,1.00E-05,1.00E-05,1.00E-05,1.00E-05,0,0.99989,0,2.00E-05,2.00E-05,1.20E-05,1.70E-05,2.00E-05,1.00E-05,1.60E-05,2.00E-05,1.00E-05,1.30E-05,1.00E-05,0.99989,0.9999,AR_BRP_413_MG,Quercus stellata Wangenh.,Arkansas,"Burns Park, Little Rock",34.805382,-92.327057,ste,pure,1.00E+00,pure
427,SYST-MOR-0007134,1.00E-05,1.00E-05,1.00E-05,0.99989,1.00E-05,1.00E-05,1.00E-05,1.00E-05,1.00E-05,1.00E-05,0,1.00E-05,0,2.00E-05,2.00E-05,2.00E-05,0.99989,2.00E-05,1.00E-05,1.90E-05,2.00E-05,1.80E-05,1.00E-05,1.00E-05,1.00E-05,2.60E-05,AR_BRP_414_MG,Quercus lyrata Walt.,Arkansas,"Burns Park, Little Rock",34.805731,-92.327413,lyr,pure,1.00E+00,pure
428,SYST-MOR-0007135,0.99989,1.00E-05,1.00E-05,1.00E-05,1.00E-05,1.00E-05,1.00E-05,1.00E-05,1.00E-05,1.00E-05,1.00E-05,2.00E-05,1.00E-05,0.99989,1.00E-05,1.00E-05,1.00E-05,2.00E-05,1.00E-05,1.00E-05,1.00E-05,1.00E-05,1.10E-05,1.00E-05,1.00E-05,2.00E-05,AR_BRP_415_MG,Quercus alba L.,Arkansas,"Burns Park, Little Rock",34.80591,-92.327568,alb,pure,1.00E+00,pure
429,SYST-MOR-0007136,1.00E-05,1.00E-05,1.00E-05,1.00E-05,1.00E-05,1.00E-05,1.00E-05,1.00E-05,1.00E-05,1.00E-05,0,0.999884,0,2.00E-05,2.00E-05,2.00E-05,1.00E-05,2.10E-05,1.00E-05,1.50E-05,2.30E-05,1.00E-05,1.30E-05,1.00E-05,0.999886,0.999899,AR_BRP_416_MG,Quercus stellata Wangenh.,Arkansas,"Burns Park, Little Rock",34.806737,-92.328943,ste,pure,1.00E+00,pure
430,SYST-MOR-0007137,1.00E-05,2.00E-05,1.00E-05,1.00E-05,0.99989,1.00E-05,1.00E-05,1.00E-05,1.00E-05,1.00E-05,0,1.00E-05,0,1.00E-05,2.00E-05,1.00E-05,1.00E-05,0.99989,1.00E-05,1.00E-05,1.00E-05,1.00E-05,1.00E-05,0,0,1.00E-05,AR_BRP_417_MG,Quercus macrocarpa Michx.,Arkansas,"Burns Park, Little Rock",34.806243,-92.33009,mac,pure,1.00E+00,pure
431,SYST-MOR-0007138,1.00E-05,1.00E-05,1.00E-05,0.99989,1.00E-05,1.00E-05,1.00E-05,1.00E-05,1.00E-05,1.00E-05,0,1.00E-05,0,2.00E-05,2.00E-05,2.00E-05,0.9999,2.40E-05,1.50E-05,1.40E-05,2.00E-05,1.00E-05,1.00E-05,1.00E-05,1.00E-05,2.00E-05,AR_BRP_418_MG,Quercus lyrata Walt.,Arkansas,"Burns Park, Little Rock",34.806528,-92.330323,lyr,pure,1.00E+00,pure
432,SYST-MOR-0007139,1.00E-05,1.00E-05,1.00E-05,1.00E-05,1.00E-05,1.00E-05,1.00E-05,1.00E-05,1.00E-05,1.00E-05,0,0.99989,0,2.00E-05,2.00E-05,2.70E-05,1.00E-05,2.00E-05,1.50E-05,1.80E-05,1.00E-05,1.00E-05,1.00E-05,1.00E-05,0.99989,0.9999,AR_BRP_419_MG,Quercus stellata Wangenh.,Arkansas,"Burns Park, Little Rock",34.806536,-92.330338,ste,pure,1.00E+00,pure
433,SYST-MOR-0007140,0.99989,1.00E-05,1.00E-05,1.00E-05,1.00E-05,1.00E-05,1.00E-05,0,0,1.00E-05,0,1.00E-05,0,0.999899,2.00E-05,2.00E-05,1.00E-05,2.50E-05,1.00E-05,1.00E-05,1.00E-05,1.00E-05,1.00E-05,1.00E-05,1.00E-05,2.00E-05,AR_BRP_420_MG,Quercus alba L.,Arkansas,"Burns Park, Little Rock",34.803473,-92.329471,alb,pure,1.00E+00,pure
434,SYST-MOR-0007141,1.00E-05,1.00E-05,1.00E-05,1.00E-05,1.00E-05,1.00E-05,1.00E-05,0.99989,1.00E-05,0,0,1.00E-05,1.00E-05,1.00E-05,1.00E-05,1.00E-05,1.00E-05,2.00E-05,1.00E-05,1.00E-05,0.9999,1.00E-05,1.00E-05,1.00E-05,1.00E-05,2.00E-05,AR_BRP_421_MG,Quercus muehlenbergii Engelm.,Arkansas,"Burns Park, Little Rock",34.801995,-92.328255,mue,pure,1.00E+00,pure
435,SYST-MOR-0007142,1.00E-05,1.00E-05,1.00E-05,1.00E-05,1.00E-05,1.00E-05,1.00E-05,0.99989,1.00E-05,0,0,1.00E-05,0,1.00E-05,2.00E-05,1.00E-05,1.00E-05,2.00E-05,1.00E-05,1.00E-05,0.99989,1.00E-05,1.00E-05,1.00E-05,0,1.00E-05,AR_BRP_422_MG,Quercus muehlenbergii Engelm.,Arkansas,"Burns Park, Little Rock",34.801789,-92.328063,mue,pure,1.00E+00,pure
436,SYST-MOR-0007143,1.00E-05,1.00E-05,1.00E-05,1.00E-05,0.9999,1.00E-05,1.00E-05,0,0,0,0,1.00E-05,0,1.00E-05,1.00E-05,1.00E-05,1.00E-05,0.9999,1.00E-05,1.00E-05,0,0,0,0,0,1.00E-05,AR_BRP_423_MG,Quercus macrocarpa Michx.,Arkansas,"Burns Park, Little Rock",34.802582,-92.327239,mac,pure,1.00E+00,pure
437,SYST-MOR-0007144,0.9999,1.00E-05,1.00E-05,1.00E-05,1.00E-05,1.00E-05,1.00E-05,1.00E-05,1.00E-05,0,0,1.00E-05,0,0.9999,1.00E-05,1.00E-05,1.00E-05,1.00E-05,1.00E-05,1.00E-05,1.00E-05,1.00E-05,0,0,0,1.00E-05,AR_BRP_424_MG,Quercus alba L.,Arkansas,"Burns Park, Little Rock",34.803696,-92.327312,alb,pure,1.00E+00,pure
438,SYST-MOR-0007145,1.00E-05,1.00E-05,1.00E-05,1.00E-05,1.00E-05,1.00E-05,1.00E-05,1.00E-05,1.00E-05,1.00E-05,0,0.999886,0,2.70E-05,2.00E-05,2.00E-05,2.00E-05,2.00E-05,1.00E-05,1.20E-05,2.00E-05,1.00E-05,1.00E-05,1.00E-05,0.99989,0.9999,AR_BRP_425_MG,Quercus stellata Wangenh.,Arkansas,"Burns Park, Little Rock",34.805414,-92.324096,ste,pure,1.00E+00,pure
439,SYST-MOR-0007146,0,1.00E-05,1.00E-05,1.00E-05,0.9999,0,1.00E-05,2.00E-05,1.00E-05,1.00E-05,0,1.00E-05,0,0,1.00E-05,1.00E-05,1.00E-05,0.9999,0,1.00E-05,2.00E-05,1.00E-05,1.00E-05,0,0,1.00E-05,AR_BRP_426_MG,Quercus macrocarpa Michx.,Arkansas,"Burns Park, Little Rock",34.80609,-92.323036,mac,pure,1.00E+00,pure
440,SYST-MOR-0007147,1.00E-05,1.00E-05,1.00E-05,0.99989,1.00E-05,1.00E-05,1.00E-05,1.00E-05,1.00E-05,1.00E-05,0,1.00E-05,0,2.00E-05,2.00E-05,2.00E-05,0.9999,2.10E-05,2.00E-05,1.70E-05,2.00E-05,1.00E-05,1.00E-05,1.40E-05,1.60E-05,3.00E-05,AR_BRP_427_MG,Quercus lyrata Walt.,Arkansas,"Burns Park, Little Rock",34.806755,-92.322328,lyr,pure,1.00E+00,pure
441,SYST-MOR-0007148,0.999893,1.00E-05,1.00E-05,1.00E-05,1.00E-05,1.00E-05,1.00E-05,0,0,1.00E-05,0,1.00E-05,0,0.9999,2.10E-05,2.00E-05,1.00E-05,2.00E-05,1.00E-05,1.00E-05,1.00E-05,1.00E-05,1.00E-05,1.00E-05,1.00E-05,2.00E-05,AR_BRP_428_MG,Quercus alba L.,Arkansas,"Burns Park, Little Rock",34.808944,-92.326111,alb,pure,1.00E+00,pure
442,SYST-MOR-0007149,0.99987,1.00E-05,1.00E-05,1.00E-05,1.00E-05,1.00E-05,1.00E-05,1.00E-05,1.00E-05,1.00E-05,0,1.00E-05,0,0.9999,1.40E-05,2.00E-05,1.70E-05,1.00E-05,1.00E-05,1.60E-05,1.20E-05,1.00E-05,1.00E-05,0,0,1.00E-05,AR_BRP_429_MG,Quercus alba L.,Arkansas,"Burns Park, Little Rock",34.809268,-92.327699,alb,pure,1.00E+00,pure
443,SYST-MOR-0007150,1.00E-05,1.00E-05,1.00E-05,1.00E-05,0.9999,1.00E-05,1.00E-05,1.00E-05,1.00E-05,0,0,1.00E-05,1.00E-05,1.00E-05,1.00E-05,1.00E-05,1.00E-05,0.9999,1.00E-05,1.00E-05,1.00E-05,1.00E-05,0,1.00E-05,0,1.00E-05,TX_BRZ_430_MG,Quercus macrocarpa Michx.,Texas,Brazos Bend State Park,29.37387,-95.580349,mac,pure,1.00E+00,pure
444,SYST-MOR-0007151,1.00E-05,1.00E-05,1.00E-05,1.00E-05,0.9999,1.00E-05,1.00E-05,0,0,0,0,1.00E-05,0,1.00E-05,1.00E-05,1.00E-05,1.00E-05,0.9999,1.00E-05,1.00E-05,0,0,0,0,0,1.00E-05,TX_BRZ_431_MG,Quercus macrocarpa Michx.,Texas,Brazos Bend State Park,29.373914,-95.57906,mac,pure,1.00E+00,pure
445,SYST-MOR-0007152,1.00E-05,1.00E-05,1.00E-05,1.00E-05,0.99989,1.00E-05,1.00E-05,1.00E-05,1.00E-05,1.00E-05,0,1.00E-05,0,2.00E-05,2.00E-05,2.00E-05,2.00E-05,0.9999,1.10E-05,1.10E-05,2.00E-05,1.00E-05,1.00E-05,1.00E-05,1.10E-05,2.10E-05,TX_BRZ_432_MG,Quercus macrocarpa Michx.,Texas,Brazos Bend State Park,29.374411,-95.576747,mac,pure,1.00E+00,pure
446,SYST-MOR-0007153,1.00E-05,1.00E-05,1.00E-05,1.00E-05,0.99989,1.00E-05,1.00E-05,1.00E-05,1.00E-05,1.00E-05,0,1.00E-05,0,2.00E-05,2.00E-05,2.00E-05,2.00E-05,0.9999,1.80E-05,1.00E-05,2.20E-05,1.50E-05,1.10E-05,1.20E-05,1.00E-05,2.20E-05,TX_BRZ_433_MG,Quercus macrocarpa Michx.,Texas,Brazos Bend State Park,29.375258,-95.576691,mac,pure,1.00E+00,pure
447,SYST-MOR-0007154,1.00E-05,1.00E-05,1.00E-05,1.00E-05,1.00E-05,0.99989,1.00E-05,1.00E-05,1.00E-05,1.00E-05,0,1.00E-05,0,2.00E-05,2.00E-05,3.00E-05,2.00E-05,2.00E-05,0.99989,1.50E-05,2.00E-05,1.30E-05,1.10E-05,1.00E-05,1.00E-05,2.00E-05,TX_BRZ_434_MG,Quercus michauxii Nutt.,Texas,Brazos Bend State Park,29.375263,-95.585273,mic,pure,1.00E+00,pure
448,SYST-MOR-0007155,1.00E-05,1.00E-05,1.00E-05,1.00E-05,1.00E-05,0.99989,1.00E-05,1.00E-05,1.00E-05,1.00E-05,0,1.00E-05,0,2.00E-05,2.60E-05,3.00E-05,2.00E-05,2.70E-05,0.99989,1.40E-05,2.00E-05,1.00E-05,1.00E-05,1.00E-05,1.30E-05,2.30E-05,TX_BRZ_435_MG,Quercus michauxii Nutt.,Texas,Brazos Bend State Park,29.374983,-95.586538,mic,pure,1.00E+00,pure
449,SYST-MOR-0007156,1.00E-05,2.00E-05,1.00E-05,1.00E-05,0.99989,1.00E-05,1.00E-05,1.00E-05,1.00E-05,1.00E-05,0,1.00E-05,0,1.00E-05,2.00E-05,1.00E-05,1.00E-05,0.99989,1.00E-05,1.00E-05,1.00E-05,1.00E-05,1.00E-05,0,0,1.00E-05,TX_BRZ_436_MG,Quercus macrocarpa Michx.,Texas,Brazos Bend State Park,29.378315,-95.586521,mac,pure,1.00E+00,pure
450,SYST-MOR-0007157,1.00E-05,1.00E-05,1.00E-05,0.99989,1.00E-05,1.00E-05,1.00E-05,1.00E-05,1.00E-05,1.00E-05,0,1.00E-05,0,2.00E-05,2.60E-05,2.20E-05,0.99989,2.70E-05,1.50E-05,1.00E-05,2.00E-05,1.10E-05,1.80E-05,1.00E-05,1.90E-05,2.90E-05,TX_BRZ_437_MG,Quercus lyrata Walt.,Texas,Brazos Bend State Park,29.373102,-95.608038,lyr,pure,1.00E+00,pure
452,SYST-MOR-0007159,1.00E-05,1.00E-05,2.00E-05,1.00E-05,0.999883,1.70E-05,1.00E-05,1.00E-05,1.00E-05,1.00E-05,0,1.00E-05,0,1.00E-05,1.00E-05,2.00E-05,1.00E-05,0.999883,1.70E-05,1.00E-05,1.00E-05,1.00E-05,1.00E-05,0,0,1.00E-05,TX_PLM_439_MG,Quercus macrocarpa Michx.,Texas,Palmetto State Park,29.588172,-97.583332,mac,pure,1.00E+00,pure
453,SYST-MOR-0007160,1.00E-05,1.00E-05,1.00E-05,1.00E-05,1.00E-05,1.00E-05,1.00E-05,1.00E-05,1.00E-05,0.99989,0,1.00E-05,0,2.00E-05,2.00E-05,2.00E-05,1.90E-05,2.40E-05,1.40E-05,1.90E-05,2.00E-05,1.20E-05,0.99989,1.30E-05,1.10E-05,2.30E-05,TX_PLM_440_MG,Quercus sinuata Walt.,Texas,Palmetto State Park,29.588159,-97.583341,sin,pure,1.00E+00,pure
454,SYST-MOR-0007161,1.00E-05,1.00E-05,1.00E-05,1.00E-05,0.99989,1.00E-05,1.00E-05,1.00E-05,1.00E-05,0,0,1.00E-05,0,1.00E-05,1.00E-05,1.00E-05,1.00E-05,0.99989,1.00E-05,1.00E-05,1.00E-05,1.00E-05,0,0,0,1.00E-05,TX_PLM_441_MG,Quercus macrocarpa Michx.,Texas,Palmetto State Park,29.587411,-97.582912,mac,pure,1.00E+00,pure
455,SYST-MOR-0007162,1.00E-05,1.00E-05,1.00E-05,1.00E-05,1.00E-05,1.00E-05,1.00E-05,1.00E-05,1.00E-05,0.99989,0,1.00E-05,0,2.00E-05,2.00E-05,2.00E-05,1.60E-05,2.60E-05,1.00E-05,1.30E-05,2.00E-05,1.00E-05,0.99989,1.80E-05,1.60E-05,2.80E-05,TX_PLM_442_MG,Quercus sinuata Walt.,Texas,Palmetto State Park,29.587609,-97.583072,sin,pure,1.00E+00,pure
456,SYST-MOR-0007163,1.00E-05,1.00E-05,1.00E-05,1.00E-05,0.9999,1.00E-05,1.00E-05,0,0,1.00E-05,0,2.00E-05,1.00E-05,1.00E-05,1.00E-05,1.00E-05,1.00E-05,0.9999,1.00E-05,1.00E-05,0,0,1.00E-05,1.00E-05,0,2.00E-05,TX_PLM_443_MG,Quercus macrocarpa Michx.,Texas,Palmetto State Park,29.586588,-97.584186,mac,pure,1.00E+00,pure
457,SYST-MOR-0007164,2.00E-05,1.20E-05,1.00E-05,1.00E-05,0.999898,0,0,1.00E-05,1.00E-05,1.00E-05,0,1.00E-05,0,2.00E-05,1.20E-05,1.00E-05,1.00E-05,0.999898,0,0,1.00E-05,1.00E-05,1.00E-05,0,0,1.00E-05,TX_PLM_444_MG,Quercus macrocarpa Michx.,Texas,Palmetto State Park,29.587539,-97.584161,mac,pure,1.00E+00,pure
458,SYST-MOR-0007165,1.00E-05,1.00E-05,1.00E-05,1.00E-05,1.00E-05,1.00E-05,1.00E-05,1.00E-05,1.00E-05,0.99989,0,1.00E-05,0,2.30E-05,2.00E-05,2.00E-05,1.00E-05,2.00E-05,1.30E-05,1.00E-05,2.10E-05,1.00E-05,0.99989,1.00E-05,1.00E-05,2.00E-05,TX_PLM_445_MG,Quercus sinuata Walt.,Texas,Palmetto State Park,29.587637,-97.583996,sin,pure,1.00E+00,pure
459,SYST-MOR-0007166,1.00E-05,1.00E-05,1.00E-05,1.00E-05,1.00E-05,1.00E-05,1.00E-05,1.00E-05,1.00E-05,0.99989,0,1.30E-05,0,2.60E-05,2.00E-05,2.00E-05,1.70E-05,2.00E-05,1.10E-05,1.00E-05,2.00E-05,1.10E-05,0.99989,1.00E-05,1.00E-05,2.00E-05,TX_PLM_446_MG,Quercus sinuata Walt.,Texas,Palmetto State Park,29.588523,-97.583477,sin,pure,1.00E+00,pure
460,SYST-MOR-0007167,1.00E-05,1.00E-05,1.00E-05,1.00E-05,1.00E-05,1.00E-05,1.00E-05,1.00E-05,1.00E-05,0.999889,0,1.00E-05,0,2.00E-05,2.50E-05,2.00E-05,1.00E-05,2.00E-05,1.00E-05,1.90E-05,2.00E-05,1.00E-05,0.99989,1.00E-05,1.40E-05,2.40E-05,TX_PLM_447_MG,Quercus sinuata Walt.,Texas,Palmetto State Park,29.589384,-97.582703,sin,pure,1.00E+00,pure
461,SYST-MOR-0007168,2.00E-05,1.00E-05,1.00E-05,1.00E-05,0.99989,1.00E-05,1.00E-05,1.00E-05,1.00E-05,1.00E-05,0,1.00E-05,0,2.00E-05,1.00E-05,1.00E-05,1.00E-05,0.99989,1.00E-05,1.00E-05,1.00E-05,1.00E-05,1.00E-05,0,0,1.00E-05,TX_PLM_448_MG,Quercus macrocarpa Michx.,Texas,Palmetto State Park,29.588876,-97.583517,mac,pure,1.00E+00,pure
464,SYST-MOR-0007171,1.00E-05,1.00E-05,1.00E-05,1.00E-05,0.9999,1.00E-05,1.00E-05,0,0,1.00E-05,0,2.00E-05,1.00E-05,1.00E-05,1.00E-05,1.00E-05,1.00E-05,0.9999,1.00E-05,1.00E-05,0,0,1.00E-05,1.00E-05,0,2.00E-05,TX_CHP_451_MG,Quercus macrocarpa Michx.,Texas,Cedar Hill State Park ,32.638187,-96.975786,mac,pure,1.00E+00,pure
467,SYST-MOR-0007174,0,1.00E-05,1.00E-05,1.00E-05,0.999898,0,1.00E-05,2.00E-05,1.00E-05,1.10E-05,0,1.10E-05,0,0,1.00E-05,1.00E-05,1.00E-05,0.999898,0,1.00E-05,2.00E-05,1.00E-05,1.10E-05,0,0,1.10E-05,TX_CHP_454_MG,Quercus macrocarpa Michx.,Texas,Cedar Hill State Park ,32.635409,-96.974027,mac,pure,1.00E+00,pure
469,SYST-MOR-0007176,1.00E-05,1.50E-05,1.00E-05,1.00E-05,0.999875,1.00E-05,1.00E-05,0,0,2.00E-05,1.00E-05,2.00E-05,1.00E-05,1.00E-05,1.50E-05,1.00E-05,1.00E-05,0.999875,1.00E-05,1.00E-05,0,0,2.00E-05,1.00E-05,1.00E-05,2.00E-05,TX_CHP_456_MG,Quercus macrocarpa Michx.,Texas,Cedar Hill State Park ,32.632035,-96.975904,mac,pure,1.00E+00,pure
470,SYST-MOR-0007177,2.00E-05,2.00E-05,1.00E-05,1.00E-05,0.99989,1.00E-05,1.00E-05,0,0,1.00E-05,0,1.00E-05,0,2.00E-05,2.00E-05,1.00E-05,1.00E-05,0.99989,1.00E-05,1.00E-05,0,0,1.00E-05,0,0,1.00E-05,TX_CHP_457_MG,Quercus macrocarpa Michx.,Texas,Cedar Hill State Park ,32.622964,-96.979469,mac,pure,1.00E+00,pure
471,SYST-MOR-0007178,1.00E-05,1.00E-05,1.00E-05,1.00E-05,1.00E-05,1.00E-05,1.00E-05,1.00E-05,1.00E-05,0.99989,0,1.00E-05,0,2.00E-05,2.00E-05,2.00E-05,1.00E-05,2.20E-05,1.00E-05,1.00E-05,2.00E-05,1.00E-05,0.99989,1.00E-05,1.00E-05,2.00E-05,TX_CHP_458_MG,Quercus sinuata Walt.,Texas,Cedar Hill State Park ,32.614039,-96.996683,sin,pure,1.00E+00,pure
472,SYST-MOR-0007179,2.00E-05,1.00E-05,1.00E-05,1.00E-05,0.999889,1.00E-05,1.00E-05,1.10E-05,1.00E-05,0,0,1.00E-05,0,2.00E-05,1.00E-05,1.00E-05,1.00E-05,0.999889,1.00E-05,1.00E-05,1.10E-05,1.00E-05,0,0,0,1.00E-05,TX_CHP_459_MG,Quercus macrocarpa Michx.,Texas,Cedar Hill State Park ,32.610727,-96.991123,mac,pure,1.00E+00,pure
473,SYST-MOR-0007180,0.99989,1.00E-05,1.00E-05,1.00E-05,1.00E-05,1.00E-05,1.00E-05,1.00E-05,1.00E-05,1.00E-05,0,1.00E-05,0,0.9999,2.00E-05,1.00E-05,1.00E-05,2.00E-05,1.00E-05,1.00E-05,2.00E-05,1.00E-05,1.00E-05,1.00E-05,1.00E-05,2.00E-05,IL_RCA_460_MG,Quercus alba L.,Illinois,Ryerson Conservation Area,42.182388,-87.911775,alb,pure,1.00E+00,pure
474,SYST-MOR-0007181,1.00E-05,1.00E-05,1.00E-05,1.00E-05,0.99989,1.00E-05,1.00E-05,1.00E-05,1.00E-05,0,0,1.00E-05,0,1.00E-05,1.00E-05,1.00E-05,1.00E-05,0.99989,1.00E-05,1.00E-05,1.00E-05,1.00E-05,0,0,0,1.00E-05,IL_RCA_461_MG,Quercus macrocarpa Michx.,Illinois,Ryerson Conservation Area,42.182007,-87.911914,mac,pure,1.00E+00,pure
475,SYST-MOR-0007182,1.00E-05,0.99989,1.00E-05,1.00E-05,1.00E-05,1.00E-05,1.00E-05,1.00E-05,1.00E-05,1.00E-05,0,1.00E-05,1.00E-05,2.00E-05,0.9999,2.00E-05,1.00E-05,2.60E-05,1.60E-05,1.00E-05,2.00E-05,1.50E-05,1.00E-05,1.00E-05,1.60E-05,2.60E-05,IL_RCA_462_MG,Quercus bicolor Willd.,Illinois,Ryerson Conservation Area,42.182293,-87.911027,bic,pure,1.00E+00,pure
476,SYST-MOR-0007183,1.00E-05,2.00E-05,1.00E-05,1.00E-05,0.99989,1.00E-05,1.00E-05,1.00E-05,1.00E-05,1.00E-05,0,1.00E-05,0,1.00E-05,2.00E-05,1.00E-05,1.00E-05,0.99989,1.00E-05,1.00E-05,1.00E-05,1.00E-05,1.00E-05,0,0,1.00E-05,IL_RCA_463_MG,Quercus macrocarpa Michx.,Illinois,Ryerson Conservation Area,42.1819,-87.910276,mac,pure,1.00E+00,pure
477,SYST-MOR-0007184,0.99989,1.00E-05,1.00E-05,1.00E-05,1.40E-05,1.00E-05,1.00E-05,1.00E-05,1.00E-05,1.00E-05,0,1.00E-05,0,0.999896,2.00E-05,1.00E-05,1.00E-05,2.00E-05,1.00E-05,1.00E-05,1.00E-05,1.00E-05,1.00E-05,1.00E-05,1.00E-05,2.00E-05,IL_RCA_464_MG,Quercus alba L.,Illinois,Ryerson Conservation Area,42.181997,-87.909654,alb,pure,1.00E+00,pure
478,SYST-MOR-0007185,1.00E-05,0.99989,1.00E-05,1.00E-05,1.00E-05,1.00E-05,1.00E-05,1.00E-05,1.00E-05,1.00E-05,0,1.00E-05,0,2.00E-05,0.9999,2.00E-05,2.20E-05,2.90E-05,1.10E-05,1.00E-05,2.00E-05,1.00E-05,1.00E-05,1.00E-05,1.00E-05,2.00E-05,IL_RCA_465_MG,Quercus bicolor Willd.,Illinois,Ryerson Conservation Area,42.181709,-87.90906,bic,pure,1.00E+00,pure
479,SYST-MOR-0007186,0.99989,1.00E-05,1.00E-05,1.00E-05,1.00E-05,0,0,1.00E-05,1.00E-05,0,0,1.00E-05,0,0.9999,1.00E-05,1.00E-05,1.00E-05,2.00E-05,1.00E-05,1.00E-05,2.00E-05,1.00E-05,1.00E-05,0,0,1.00E-05,IL_RCA_466_MG,Quercus alba L.,Illinois,Ryerson Conservation Area,42.181798,-87.908279,alb,pure,1.00E+00,pure
480,SYST-MOR-0007187,1.00E-05,0.99989,1.00E-05,1.00E-05,1.00E-05,1.00E-05,1.00E-05,1.00E-05,1.00E-05,1.00E-05,0,1.00E-05,0,2.00E-05,0.9999,2.00E-05,2.00E-05,2.20E-05,1.30E-05,1.00E-05,2.00E-05,1.00E-05,1.00E-05,1.00E-05,1.00E-05,2.00E-05,IL_RCA_467_MG,Quercus bicolor Willd.,Illinois,Ryerson Conservation Area,42.181579,-87.908004,bic,pure,1.00E+00,pure
481,SYST-MOR-0007188,1.00E-05,2.00E-05,1.00E-05,1.80E-05,0.999882,1.00E-05,1.00E-05,1.00E-05,1.00E-05,1.00E-05,0,1.00E-05,0,1.00E-05,2.00E-05,1.00E-05,1.80E-05,0.999882,1.00E-05,1.00E-05,1.00E-05,1.00E-05,1.00E-05,0,0,1.00E-05,IL_RCA_468_MG,Quercus macrocarpa Michx.,Illinois,Ryerson Conservation Area,42.181494,-87.907514,mac,pure,1.00E+00,pure
482,SYST-MOR-0007189,0.99989,1.00E-05,1.00E-05,1.00E-05,1.00E-05,1.00E-05,1.00E-05,1.00E-05,1.00E-05,0,0,1.00E-05,0,0.99989,2.00E-05,1.00E-05,2.20E-05,1.00E-05,1.00E-05,1.00E-05,1.00E-05,1.00E-05,1.00E-05,0,0,1.00E-05,IL_RCA_469_MG,Quercus alba L.,Illinois,Ryerson Conservation Area,42.18128,-87.906869,alb,pure,1.00E+00,pure
483,SYST-MOR-0007190,1.00E-05,1.00E-05,1.00E-05,1.00E-05,0.999887,1.00E-05,1.00E-05,1.30E-05,1.00E-05,0,0,1.00E-05,0,1.00E-05,1.00E-05,1.00E-05,1.00E-05,0.999887,1.00E-05,1.00E-05,1.30E-05,1.00E-05,0,0,0,1.00E-05,IL_RCA_470_MG,Quercus macrocarpa Michx.,Illinois,Ryerson Conservation Area,42.181116,-87.907092,mac,pure,1.00E+00,pure
485,SYST-MOR-0007193,2.00E-05,2.00E-05,1.00E-05,1.00E-05,0.99989,1.00E-05,1.00E-05,0,0,1.00E-05,0,1.00E-05,0,2.00E-05,2.00E-05,1.00E-05,1.00E-05,0.99989,1.00E-05,1.00E-05,0,0,1.00E-05,0,0,1.00E-05,IL_RCA_473_MG,Quercus macrocarpa Michx.,Illinois,Ryerson Conservation Area,42.179961,-87.906599,mac,pure,1.00E+00,pure
486,SYST-MOR-0007194,1.00E-05,0.99989,1.00E-05,1.00E-05,1.00E-05,1.00E-05,1.00E-05,1.00E-05,1.00E-05,1.00E-05,0,1.00E-05,0,2.00E-05,0.9999,2.00E-05,2.00E-05,2.00E-05,1.80E-05,1.00E-05,2.00E-05,1.00E-05,1.10E-05,1.00E-05,1.00E-05,2.00E-05,IL_RCA_474_MG,Quercus bicolor Willd.,Illinois,Ryerson Conservation Area,42.179339,-87.906488,bic,pure,1.00E+00,pure
487,SYST-MOR-0007195,0.999882,1.00E-05,1.00E-05,1.00E-05,1.80E-05,1.00E-05,1.00E-05,1.00E-05,1.00E-05,0,0,1.00E-05,0,0.99989,1.00E-05,1.00E-05,1.00E-05,2.00E-05,1.00E-05,1.00E-05,1.00E-05,1.00E-05,1.00E-05,0,0,1.00E-05,IN_MWT_475_MG,Quercus alba L.,Indiana,McCormick Woods Trail ,40.438584,-86.932947,alb,pure,1.00E+00,pure
488,SYST-MOR-0007196,1.00E-05,0.99989,1.00E-05,1.00E-05,1.00E-05,1.00E-05,1.00E-05,1.00E-05,1.00E-05,1.00E-05,0,1.00E-05,0,2.10E-05,0.9999,2.00E-05,2.00E-05,2.00E-05,1.10E-05,1.00E-05,2.00E-05,1.70E-05,1.00E-05,1.90E-05,1.20E-05,2.90E-05,IN_MWT_476_MG,Quercus bicolor Willd.,Indiana,McCormick Woods Trail ,40.437622,-86.932542,bic,pure,1.00E+00,pure
489,SYST-MOR-0007197,0.999879,1.00E-05,1.00E-05,1.00E-05,1.00E-05,1.00E-05,1.00E-05,1.10E-05,1.00E-05,0,0,1.00E-05,0,0.99989,1.00E-05,1.00E-05,2.00E-05,1.00E-05,1.00E-05,1.00E-05,2.00E-05,1.10E-05,0,0,0,1.00E-05,IN_MWT_477_MG,Quercus alba L.,Indiana,McCormick Woods Trail ,40.437243,-86.932675,alb,pure,1.00E+00,pure
490,SYST-MOR-0007198,0.99988,0,1.00E-05,0,1.00E-05,1.00E-05,1.00E-05,1.00E-05,1.00E-05,1.00E-05,0,1.00E-05,0,0.9999,1.00E-05,1.00E-05,1.00E-05,2.00E-05,1.00E-05,1.10E-05,1.00E-05,1.00E-05,1.20E-05,1.40E-05,1.00E-05,2.40E-05,IN_MWT_478_MG,Quercus alba L.,Indiana,McCormick Woods Trail ,40.43511,-86.933236,alb,pure,1.00E+00,pure
491,SYST-MOR-0007199,1.00E-05,0.99989,1.00E-05,1.00E-05,1.00E-05,1.00E-05,1.00E-05,1.00E-05,1.00E-05,1.00E-05,0,1.00E-05,0,2.80E-05,0.9999,2.00E-05,1.00E-05,2.80E-05,1.40E-05,1.40E-05,2.00E-05,1.00E-05,1.80E-05,1.20E-05,1.00E-05,2.30E-05,IN_MWT_479_MG,Quercus bicolor Willd.,Indiana,McCormick Woods Trail ,40.436804,-86.933732,bic,pure,1.00E+00,pure
492,SYST-MOR-0007200,2.00E-05,2.00E-05,1.00E-05,1.00E-05,0.99989,1.00E-05,1.00E-05,0,0,1.00E-05,0,1.00E-05,0,2.00E-05,2.00E-05,1.00E-05,1.00E-05,0.99989,1.00E-05,1.00E-05,0,0,1.00E-05,0,0,1.00E-05,IN_MWT_480_MG,Quercus macrocarpa Michx.,Indiana,McCormick Woods Trail ,40.437839,-86.933767,mac,pure,1.00E+00,pure
493,SYST-MOR-0007201,0.999885,1.00E-05,1.00E-05,1.00E-05,1.00E-05,0,0,1.00E-05,1.00E-05,0,0,1.00E-05,0,0.9999,1.00E-05,1.00E-05,2.00E-05,2.00E-05,1.00E-05,1.00E-05,1.00E-05,1.20E-05,1.00E-05,0,0,1.00E-05,IN_MWT_481_MG,Quercus alba L.,Indiana,McCormick Woods Trail ,40.438492,-86.930974,alb,pure,1.00E+00,pure
495,SYST-MOR-0007203,2.00E-05,1.00E-05,1.00E-05,1.00E-05,1.00E-05,0,0,0.99989,1.00E-05,0,0,1.00E-05,0,2.00E-05,1.00E-05,1.00E-05,1.00E-05,2.00E-05,1.00E-05,1.00E-05,0.99989,1.00E-05,1.00E-05,0,0,1.00E-05,IN_MWT_483_MG,Quercus muehlenbergii Engelm.,Indiana,McCormick Woods Trail ,40.436971,-86.929077,mue,pure,1.00E+00,pure
496,SYST-MOR-0007204,1.00E-05,1.00E-05,1.00E-05,1.00E-05,1.00E-05,1.00E-05,1.00E-05,0.999882,1.00E-05,0,0,1.00E-05,0,2.00E-05,1.00E-05,1.00E-05,1.00E-05,2.00E-05,1.50E-05,1.00E-05,0.999885,1.00E-05,1.00E-05,0,0,1.80E-05,IN_MWT_484_MG,Quercus muehlenbergii Engelm.,Indiana,McCormick Woods Trail ,40.437053,-86.929563,mue,pure,1.00E+00,pure
498,SYST-MOR-0007206,1.00E-05,1.40E-05,1.00E-05,1.00E-05,0.999889,1.00E-05,1.00E-05,0,0,0,0,1.00E-05,0,1.00E-05,1.40E-05,1.00E-05,1.00E-05,0.999889,1.00E-05,1.00E-05,0,0,0,0,0,1.00E-05,IN_TYL_486_MG,Quercus macrocarpa Michx.,Indiana,Taylor Wilderness,40.457367,-85.511078,mac,pure,1.00E+00,pure
499,SYST-MOR-0007207,1.00E-05,1.00E-05,1.00E-05,1.00E-05,0.9999,1.00E-05,1.00E-05,1.00E-05,1.00E-05,0,0,1.00E-05,1.00E-05,1.00E-05,1.00E-05,1.00E-05,1.00E-05,0.9999,1.00E-05,1.00E-05,1.00E-05,1.00E-05,0,1.00E-05,0,1.00E-05,IN_TYL_487_MG,Quercus macrocarpa Michx.,Indiana,Taylor Wilderness,40.457882,-85.511742,mac,pure,1.00E+00,pure
500,SYST-MOR-0007208,2.00E-05,1.00E-05,1.00E-05,1.00E-05,0.99989,1.00E-05,1.00E-05,1.00E-05,1.00E-05,0,0,1.00E-05,0,2.00E-05,1.00E-05,1.00E-05,1.00E-05,0.99989,1.00E-05,1.00E-05,1.00E-05,1.00E-05,0,0,0,1.00E-05,IN_TYL_488_MG,Quercus macrocarpa Michx.,Indiana,Taylor Wilderness,40.458125,-85.511151,mac,pure,1.00E+00,pure
501,SYST-MOR-0007209,1.00E-05,1.00E-05,1.00E-05,1.00E-05,2.00E-05,1.00E-05,1.00E-05,0.99989,1.00E-05,1.00E-05,0,1.00E-05,0,1.00E-05,1.00E-05,1.00E-05,1.00E-05,2.00E-05,1.00E-05,1.00E-05,0.99989,1.00E-05,1.00E-05,0,0,1.00E-05,IN_TYL_489_MG,Quercus muehlenbergii Engelm.,Indiana,Taylor Wilderness,40.458257,-85.510916,mue,pure,1.00E+00,pure
502,SYST-MOR-0007210,1.00E-05,1.00E-05,1.00E-05,1.00E-05,1.00E-05,1.00E-05,1.00E-05,0.99989,1.00E-05,1.00E-05,0,1.00E-05,0,2.00E-05,2.00E-05,1.00E-05,1.00E-05,2.00E-05,1.00E-05,1.20E-05,0.9999,1.00E-05,1.00E-05,0,0,1.00E-05,IN_TYL_490_MG,Quercus muehlenbergii Engelm.,Indiana,Taylor Wilderness,40.456562,-85.511442,mue,pure,1.00E+00,pure
503,SYST-MOR-0007212,1.00E-05,0.99989,1.00E-05,1.00E-05,1.00E-05,1.00E-05,1.00E-05,1.00E-05,1.00E-05,1.00E-05,0,1.00E-05,0,2.00E-05,0.9999,2.00E-05,2.00E-05,2.70E-05,1.20E-05,1.30E-05,2.00E-05,1.30E-05,1.60E-05,1.00E-05,1.00E-05,2.00E-05,IN_TYL_492_MG,Quercus bicolor Willd.,Indiana,Taylor Wilderness,40.455345,-85.510241,bic,pure,1.00E+00,pure
504,SYST-MOR-0007213,1.00E-05,0.99989,1.00E-05,1.00E-05,1.00E-05,1.00E-05,1.00E-05,1.00E-05,1.00E-05,1.00E-05,0,1.00E-05,0,2.00E-05,0.9999,2.00E-05,1.00E-05,2.00E-05,1.00E-05,1.00E-05,2.00E-05,1.00E-05,1.00E-05,1.00E-05,1.00E-05,2.00E-05,IN_TYL_493_MG,Quercus bicolor Willd.,Indiana,Taylor Wilderness,40.45537,-85.510389,bic,pure,1.00E+00,pure
505,SYST-MOR-0007214,1.00E-05,0.99989,1.00E-05,1.00E-05,1.00E-05,1.00E-05,1.00E-05,1.00E-05,1.00E-05,1.00E-05,0,1.00E-05,0,2.00E-05,0.999893,2.00E-05,2.00E-05,3.00E-05,1.40E-05,1.00E-05,2.10E-05,1.70E-05,1.20E-05,1.00E-05,1.00E-05,2.00E-05,IN_TYL_494_MG,Quercus bicolor Willd.,Indiana,Taylor Wilderness,40.45544,-85.510653,bic,pure,1.00E+00,pure
507,SYST-MOR-0007216,0.9999,1.00E-05,1.00E-05,1.00E-05,2.00E-05,1.00E-05,1.00E-05,0,0,1.00E-05,0,1.00E-05,0,0.9999,1.00E-05,1.00E-05,1.00E-05,2.00E-05,1.00E-05,1.00E-05,0,0,1.00E-05,0,0,1.00E-05,IN_TYL_496_MG,Quercus alba L.,Indiana,Taylor Wilderness,40.456997,-85.507454,alb,pure,1.00E+00,pure
508,SYST-MOR-0007217,0.99989,1.00E-05,1.00E-05,1.00E-05,1.00E-05,1.00E-05,1.00E-05,1.00E-05,1.00E-05,0,0,1.00E-05,0,0.99989,1.90E-05,1.00E-05,2.00E-05,2.00E-05,1.00E-05,1.00E-05,1.00E-05,1.00E-05,1.00E-05,1.00E-05,1.00E-05,2.00E-05,IN_TYL_497_MG,Quercus alba L.,Indiana,Taylor Wilderness,40.456903,-85.508927,alb,pure,1.00E+00,pure
510,SYST-MOR-0007219,1.00E-05,1.00E-05,1.00E-05,1.00E-05,0.99989,1.00E-05,1.00E-05,2.00E-05,1.00E-05,0,0,1.00E-05,0,1.00E-05,1.00E-05,1.00E-05,1.00E-05,0.99989,1.00E-05,1.00E-05,2.00E-05,1.00E-05,0,0,0,1.00E-05,IN_BLR_499_MG,Quercus macrocarpa Michx.,Indiana,Bayles Road Research and Teaching Preserve,39.220007,-86.542604,mac,pure,1.00E+00,pure
511,SYST-MOR-0007220,1.00E-05,1.00E-05,1.00E-05,1.00E-05,0.9999,1.00E-05,1.00E-05,1.00E-05,1.00E-05,1.00E-05,0,1.00E-05,0,1.00E-05,1.00E-05,1.00E-05,1.00E-05,0.9999,1.00E-05,1.00E-05,1.00E-05,1.00E-05,1.00E-05,0,0,1.00E-05,IN_BLR_500_MG,Quercus macrocarpa Michx.,Indiana,Bayles Road Research and Teaching Preserve,39.221723,-86.542771,mac,pure,1.00E+00,pure
512,SYST-MOR-0007221,1.00E-05,1.00E-05,1.00E-05,1.00E-05,0.9999,1.00E-05,1.00E-05,0,0,1.00E-05,0,2.00E-05,1.00E-05,1.00E-05,1.00E-05,1.00E-05,1.00E-05,0.9999,1.00E-05,1.00E-05,0,0,1.00E-05,1.00E-05,0,2.00E-05,IN_LCP_501_MG,Quercus macrocarpa Michx.,Indiana,Lower Cascades Park ,39.197561,-86.53788,mac,pure,1.00E+00,pure
513,SYST-MOR-0007222,1.00E-05,1.00E-05,1.00E-05,1.00E-05,0.999893,1.00E-05,1.00E-05,1.50E-05,1.00E-05,0,0,1.00E-05,1.00E-05,1.00E-05,1.00E-05,1.00E-05,1.00E-05,0.999893,1.00E-05,1.00E-05,1.50E-05,1.00E-05,0,1.00E-05,0,1.00E-05,IN_LCP_502_MG,Quercus macrocarpa Michx.,Indiana,Lower Cascades Park ,39.197401,-86.539025,mac,pure,1.00E+00,pure
514,SYST-MOR-0007223,0,1.00E-05,1.00E-05,1.00E-05,2.00E-05,0,1.00E-05,0.99989,1.00E-05,0,0,1.00E-05,0,1.00E-05,1.00E-05,1.00E-05,1.00E-05,2.00E-05,1.00E-05,1.00E-05,0.999899,1.00E-05,1.00E-05,1.00E-05,0,1.10E-05,IN_LCP_503_MG,Quercus muehlenbergii Engelm.,Indiana,Lower Cascades Park ,39.196965,-86.538254,mue,pure,1.00E+00,pure
515,SYST-MOR-0007224,1.00E-05,1.00E-05,2.00E-05,1.00E-05,1.00E-05,1.00E-05,1.00E-05,0.99989,1.00E-05,1.00E-05,1.00E-05,2.00E-05,1.00E-05,1.00E-05,1.00E-05,2.00E-05,1.00E-05,1.00E-05,1.00E-05,1.00E-05,0.99989,1.00E-05,1.00E-05,1.00E-05,1.00E-05,2.00E-05,IN_LCP_504_MG,Quercus muehlenbergii Engelm.,Indiana,Lower Cascades Park ,39.196455,-86.537746,mue,pure,1.00E+00,pure
517,SYST-MOR-0007226,1.00E-05,1.00E-05,1.00E-05,1.00E-05,1.00E-05,1.00E-05,1.00E-05,0.9999,1.00E-05,0,0,1.00E-05,0,1.00E-05,1.00E-05,1.00E-05,1.00E-05,1.00E-05,1.00E-05,1.00E-05,0.9999,1.00E-05,0,0,0,1.00E-05,IN_LCP_506_MG,Quercus muehlenbergii Engelm.,Indiana,Lower Cascades Park ,39.198096,-86.539098,mue,pure,1.00E+00,pure
518,SYST-MOR-0007227,1.00E-05,1.00E-05,1.00E-05,1.00E-05,1.00E-05,1.00E-05,1.00E-05,0.999869,1.00E-05,1.00E-05,0,1.00E-05,0,1.40E-05,1.20E-05,2.00E-05,1.80E-05,2.80E-05,1.00E-05,1.60E-05,0.99989,1.10E-05,1.60E-05,1.10E-05,1.00E-05,2.10E-05,IN_LCP_507_MG,Quercus muehlenbergii Engelm.,Indiana,Lower Cascades Park ,39.198966,-86.538785,mue,pure,1.00E+00,pure
519,SYST-MOR-0007228,0.999886,1.00E-05,1.00E-05,1.00E-05,1.00E-05,1.00E-05,1.00E-05,1.00E-05,1.00E-05,0,0,1.00E-05,0,0.9999,2.00E-05,2.00E-05,1.00E-05,2.00E-05,1.40E-05,2.00E-05,2.00E-05,1.70E-05,1.00E-05,0,0,1.00E-05,IN_GRL_508_MG,Quercus alba L.,Indiana,Griffy Lake Research and Teaching Preserve,39.189735,-86.501864,alb,pure,1.00E+00,pure
520,SYST-MOR-0007229,0.999887,1.00E-05,1.00E-05,1.00E-05,1.00E-05,1.00E-05,1.00E-05,1.00E-05,1.00E-05,0,0,1.00E-05,0,0.99989,1.00E-05,2.30E-05,1.00E-05,1.30E-05,1.10E-05,1.00E-05,2.90E-05,1.00E-05,1.00E-05,1.00E-05,1.00E-05,2.00E-05,IN_GRL_509_MG,Quercus alba L.,Indiana,Griffy Lake Research and Teaching Preserve,39.18995,-86.501028,alb,pure,1.00E+00,pure
521,SYST-MOR-0007230,0.999884,1.00E-05,1.00E-05,1.00E-05,2.00E-05,1.00E-05,1.00E-05,0,0,1.00E-05,0,1.00E-05,0,0.9999,1.80E-05,1.00E-05,1.00E-05,2.00E-05,1.00E-05,1.00E-05,1.00E-05,1.20E-05,1.20E-05,1.00E-05,1.00E-05,2.00E-05,IN_GRL_510_MG,Quercus alba L.,Indiana,Griffy Lake Research and Teaching Preserve,39.189925,-86.499604,alb,pure,1.00E+00,pure
522,SYST-MOR-0007231,0.999886,1.00E-05,1.00E-05,1.00E-05,2.00E-05,1.00E-05,1.00E-05,0,0,0,0,1.00E-05,0,0.999899,1.00E-05,2.00E-05,1.50E-05,2.00E-05,1.00E-05,1.50E-05,1.00E-05,1.00E-05,1.00E-05,1.00E-05,0,2.00E-05,IN_GRL_511_MG,Quercus alba L.,Indiana,Griffy Lake Research and Teaching Preserve,39.188891,-86.499559,alb,pure,1.00E+00,pure
523,SYST-MOR-0007232,0.99989,2.00E-05,1.00E-05,1.00E-05,1.00E-05,1.00E-05,1.00E-05,1.00E-05,1.00E-05,1.00E-05,0,1.00E-05,0,0.99989,2.00E-05,1.00E-05,1.00E-05,1.00E-05,1.00E-05,1.00E-05,1.00E-05,1.00E-05,1.00E-05,0,0,1.00E-05,IN_GRL_512_MG,Quercus alba L.,Indiana,Griffy Lake Research and Teaching Preserve,39.187251,-86.500821,alb,pure,1.00E+00,pure
524,SYST-MOR-0007233,1.00E-05,1.00E-05,1.00E-05,1.00E-05,0.9999,1.00E-05,1.00E-05,1.00E-05,1.00E-05,1.00E-05,0,1.00E-05,0,1.00E-05,1.00E-05,1.00E-05,1.00E-05,0.9999,1.00E-05,1.00E-05,1.00E-05,1.00E-05,1.00E-05,0,0,1.00E-05,IN_IUC_513_MG,Quercus macrocarpa Michx.,Indiana,Indiana University Campus,39.168305,-86.524118,mac,pure,1.00E+00,pure
525,SYST-MOR-0007234,1.00E-05,1.00E-05,1.00E-05,1.00E-05,1.00E-05,1.00E-05,1.00E-05,0.99989,1.00E-05,0,0,1.00E-05,0,1.00E-05,2.00E-05,1.00E-05,2.00E-05,2.00E-05,1.00E-05,1.00E-05,0.9999,1.00E-05,1.00E-05,1.00E-05,1.00E-05,2.00E-05,OH_STR_514_MG,Quercus muehlenbergii Engelm.,Ohio,Strouds Run State Park,39.345528,-82.034702,mue,pure,1.00E+00,pure
527,SYST-MOR-0007236,0.999889,1.00E-05,1.00E-05,1.00E-05,1.00E-05,1.00E-05,1.00E-05,0,0,0,0,1.00E-05,0,0.99989,2.00E-05,1.10E-05,1.00E-05,2.00E-05,1.00E-05,1.00E-05,1.00E-05,1.00E-05,1.00E-05,0,0,1.00E-05,OH_STR_516_MG,Quercus alba L.,Ohio,Strouds Run State Park,39.346951,-82.037267,alb,pure,1.00E+00,pure
528,SYST-MOR-0007237,0.99989,1.00E-05,1.00E-05,1.00E-05,1.00E-05,1.00E-05,1.00E-05,1.00E-05,1.00E-05,0,0,1.00E-05,0,0.999894,1.00E-05,1.00E-05,1.00E-05,1.00E-05,1.00E-05,1.60E-05,1.00E-05,1.00E-05,1.00E-05,1.00E-05,1.00E-05,2.00E-05,OH_STR_517_MG,Quercus alba L.,Ohio,Strouds Run State Park,39.34861,-82.03972,alb,pure,1.00E+00,pure
529,SYST-MOR-0007238,1.00E-05,1.00E-05,1.00E-05,1.00E-05,1.00E-05,1.00E-05,0.99989,1.00E-05,1.00E-05,1.00E-05,0,1.00E-05,0,2.00E-05,2.30E-05,2.00E-05,2.00E-05,2.10E-05,1.00E-05,0.99989,2.00E-05,1.70E-05,1.30E-05,1.10E-05,1.40E-05,2.50E-05,OH_STR_518_MG,Quercus montana Willd.,Ohio,Strouds Run State Park,39.349272,-82.047354,mon,pure,1.00E+00,pure
530,SYST-MOR-0007239,1.00E-05,1.00E-05,1.00E-05,1.00E-05,1.00E-05,1.00E-05,0.99989,1.00E-05,1.00E-05,1.00E-05,0,1.00E-05,0,3.00E-05,2.00E-05,0.000907,2.00E-05,2.90E-05,1.00E-05,0.99989,2.30E-05,1.40E-05,1.00E-05,1.80E-05,1.00E-05,2.80E-05,OH_STR_519_MG,Quercus montana Willd.,Ohio,Strouds Run State Park,39.349482,-82.046768,mon,pure,1.00E+00,pure
531,SYST-MOR-0007240,1.00E-05,1.00E-05,1.00E-05,1.00E-05,1.00E-05,1.00E-05,0.99989,1.00E-05,1.00E-05,1.00E-05,0,1.00E-05,0,2.70E-05,2.00E-05,2.30E-05,2.00E-05,2.90E-05,1.00E-05,0.99989,2.00E-05,1.70E-05,1.00E-05,1.30E-05,1.00E-05,2.30E-05,OH_STR_520_MG,Quercus montana Willd.,Ohio,Strouds Run State Park,39.336371,-82.015625,mon,pure,1.00E+00,pure
532,SYST-MOR-0007241,1.00E-05,2.00E-05,1.00E-05,1.00E-05,0.99989,1.00E-05,1.00E-05,1.00E-05,1.00E-05,1.00E-05,0,1.00E-05,0,1.00E-05,2.00E-05,1.00E-05,1.00E-05,0.99989,1.00E-05,1.00E-05,1.00E-05,1.00E-05,1.00E-05,0,0,1.00E-05,IL_CHB_521_MG,Quercus macrocarpa Michx.,Illinois,Chickenbristle,39.839267,-88.367814,mac,pure,1.00E+00,pure
533,SYST-MOR-0007242,2.00E-05,1.00E-05,1.00E-05,1.00E-05,0.9999,1.00E-05,1.00E-05,0,0,1.00E-05,0,1.00E-05,0,2.00E-05,1.00E-05,1.00E-05,1.00E-05,0.9999,1.00E-05,1.00E-05,0,0,1.00E-05,0,0,1.00E-05,IL_CHB_522_MG,Quercus macrocarpa Michx.,Illinois,Chickenbristle,39.839403,-88.367954,mac,pure,1.00E+00,pure
534,SYST-MOR-0007243,1.00E-05,1.00E-05,1.00E-05,1.00E-05,0.99989,1.00E-05,1.00E-05,1.00E-05,1.00E-05,1.00E-05,1.00E-05,2.00E-05,1.00E-05,1.00E-05,1.00E-05,1.00E-05,1.00E-05,0.99989,1.00E-05,1.00E-05,1.00E-05,1.00E-05,1.00E-05,1.00E-05,1.00E-05,2.00E-05,IL_CHB_523_MG,Quercus macrocarpa Michx.,Illinois,Chickenbristle,39.839037,-88.368016,mac,pure,1.00E+00,pure
535,SYST-MOR-0007244,0.99989,1.00E-05,1.00E-05,1.00E-05,1.00E-05,1.00E-05,1.00E-05,1.00E-05,1.00E-05,0,0,1.70E-05,1.00E-05,0.99989,1.00E-05,1.00E-05,1.00E-05,2.00E-05,1.00E-05,1.00E-05,1.00E-05,1.60E-05,1.00E-05,1.00E-05,1.00E-05,2.00E-05,IL_CHB_524_MG,Quercus alba L.,Illinois,Chickenbristle,39.839322,-88.368376,alb,pure,1.00E+00,pure
536,SYST-MOR-0007245,0.999885,1.00E-05,1.00E-05,1.00E-05,1.00E-05,1.70E-05,1.80E-05,1.00E-05,1.00E-05,0,0,1.00E-05,0,0.999885,1.00E-05,1.00E-05,1.00E-05,1.00E-05,1.70E-05,1.80E-05,1.00E-05,1.00E-05,0,0,0,1.00E-05,IL_CHB_525_MG,Quercus alba L.,Illinois,Chickenbristle,39.839318,-88.36863,alb,pure,1.00E+00,pure
537,SYST-MOR-0007246,2.00E-05,1.00E-05,2.00E-05,1.00E-05,0.999871,1.00E-05,1.00E-05,1.20E-05,1.00E-05,1.00E-05,0,1.70E-05,0,2.00E-05,1.00E-05,2.00E-05,1.00E-05,0.999871,1.00E-05,1.00E-05,1.20E-05,1.00E-05,1.00E-05,0,0,1.70E-05,IL_CHB_526_MG,Quercus macrocarpa Michx.,Illinois,Chickenbristle,39.839492,-88.368621,mac,pure,1.00E+00,pure
538,SYST-MOR-0007247,1.00E-05,1.00E-05,1.00E-05,1.00E-05,0.999883,1.00E-05,1.00E-05,0,0,1.70E-05,1.00E-05,2.00E-05,1.00E-05,1.00E-05,1.00E-05,1.00E-05,1.00E-05,0.999883,1.00E-05,1.00E-05,0,0,1.70E-05,1.00E-05,1.00E-05,2.00E-05,IL_CHB_527_MG,Quercus macrocarpa Michx.,Illinois,Chickenbristle,39.839765,-88.369114,mac,pure,1.00E+00,pure
539,SYST-MOR-0007248,0.99989,1.00E-05,1.00E-05,1.00E-05,1.00E-05,1.00E-05,1.00E-05,1.00E-05,1.00E-05,0,0,1.00E-05,0,0.99989,1.00E-05,2.00E-05,1.00E-05,2.00E-05,1.00E-05,1.00E-05,1.00E-05,1.10E-05,1.00E-05,1.00E-05,1.00E-05,2.00E-05,IL_CHB_528_MG,Quercus alba L.,Illinois,Chickenbristle,39.839716,-88.36911,alb,pure,1.00E+00,pure
540,SYST-MOR-0007249,0.99989,1.00E-05,1.00E-05,1.00E-05,1.00E-05,1.00E-05,1.00E-05,1.00E-05,1.00E-05,1.00E-05,0,1.00E-05,0,0.9999,2.00E-05,1.00E-05,1.00E-05,2.00E-05,1.00E-05,1.00E-05,2.00E-05,1.00E-05,1.00E-05,0,0,1.00E-05,IL_CHB_529_MG,Quercus alba L.,Illinois,Chickenbristle,39.839183,-88.369716,alb,pure,1.00E+00,pure
541,SYST-MOR-0007250,0.99989,1.00E-05,1.00E-05,1.00E-05,1.00E-05,1.00E-05,1.00E-05,1.00E-05,1.00E-05,0,0,1.00E-05,0,0.9999,2.00E-05,1.00E-05,1.00E-05,2.00E-05,1.00E-05,1.00E-05,1.10E-05,1.00E-05,1.00E-05,0,0,1.00E-05,IL_CHB_530_MG,Quercus alba L.,Illinois,Chickenbristle,39.839107,-88.369207,alb,pure,1.00E+00,pure
542,SYST-MOR-0007251,1.00E-05,1.00E-05,1.00E-05,1.00E-05,0.99989,1.00E-05,1.00E-05,1.00E-05,1.00E-05,0,0,1.00E-05,0,1.00E-05,1.00E-05,1.00E-05,1.00E-05,0.99989,1.00E-05,1.00E-05,1.00E-05,1.00E-05,0,0,0,1.00E-05,MN_CDR_215_BF,Quercus macrocarpa Michx.,Minnesota,Cedar Creek Research Station,45.398058,-93.182769,mac,pure,1.00E+00,pure
543,SYST-MOR-0007252,1.00E-05,1.00E-05,1.00E-05,1.00E-05,0.99989,1.00E-05,1.00E-05,2.00E-05,1.00E-05,0,0,1.00E-05,0,1.00E-05,1.00E-05,1.00E-05,1.00E-05,0.99989,1.00E-05,1.00E-05,2.00E-05,1.00E-05,0,0,0,1.00E-05,MN_CDR_216_BF,Quercus macrocarpa Michx.,Minnesota,Cedar Creek Research Station,45.397713,-93.182551,mac,pure,1.00E+00,pure
544,SYST-MOR-0007253,2.00E-05,1.00E-05,1.00E-05,1.00E-05,0.9999,0,0,1.00E-05,1.00E-05,1.00E-05,0,1.00E-05,0,2.00E-05,1.00E-05,1.00E-05,1.00E-05,0.9999,0,0,1.00E-05,1.00E-05,1.00E-05,0,0,1.00E-05,MN_CDR_217_BF,Quercus macrocarpa Michx.,Minnesota,Cedar Creek Research Station,45.398911,-93.183118,mac,pure,1.00E+00,pure
545,SYST-MOR-0007254,1.00E-05,1.00E-05,1.00E-05,1.00E-05,0.9999,1.00E-05,1.00E-05,1.00E-05,1.00E-05,1.00E-05,0,1.00E-05,0,1.00E-05,1.00E-05,1.00E-05,1.00E-05,0.9999,1.00E-05,1.00E-05,1.00E-05,1.00E-05,1.00E-05,0,0,1.00E-05,MN_CDR_218_BF,Quercus macrocarpa Michx.,Minnesota,Cedar Creek Research Station,45.40102,-93.183355,mac,pure,1.00E+00,pure
546,SYST-MOR-0007255,1.00E-05,1.00E-05,1.00E-05,1.00E-05,0.99989,1.00E-05,1.00E-05,1.00E-05,1.00E-05,1.00E-05,0,1.00E-05,0,2.00E-05,2.20E-05,2.00E-05,2.00E-05,0.9999,1.00E-05,1.40E-05,2.30E-05,1.20E-05,1.00E-05,1.50E-05,1.00E-05,2.50E-05,MN_CDR_219_BF,Quercus macrocarpa Michx.,Minnesota,Cedar Creek Research Station,45.400162,-93.183261,mac,pure,1.00E+00,pure
547,SYST-MOR-0007256,0.9999,2.00E-05,1.00E-05,1.00E-05,1.00E-05,1.00E-05,1.00E-05,0,0,1.00E-05,0,1.00E-05,0,0.9999,2.00E-05,1.00E-05,1.00E-05,1.00E-05,1.00E-05,1.00E-05,0,0,1.00E-05,0,0,1.00E-05,MN_CDR_531_BF,Quercus alba L.,Minnesota,Cedar Creek Research Station,45.400886,-93.200292,alb,pure,1.00E+00,pure
548,SYST-MOR-0007258,0.99989,1.00E-05,1.00E-05,1.00E-05,2.00E-05,1.00E-05,1.00E-05,0,0,1.00E-05,0,1.00E-05,0,0.999898,1.00E-05,1.00E-05,1.00E-05,2.70E-05,1.00E-05,1.00E-05,1.00E-05,1.00E-05,1.20E-05,1.00E-05,1.00E-05,2.00E-05,MN_CDR_221_BF,Quercus alba L.,Minnesota,Cedar Creek Research Station,45.424388,-93.200192,alb,pure,1.00E+00,pure
549,SYST-MOR-0007259,0.9999,1.00E-05,1.00E-05,1.00E-05,2.00E-05,0,0,1.00E-05,1.00E-05,1.00E-05,0,1.00E-05,0,0.9999,1.00E-05,1.00E-05,1.00E-05,2.00E-05,0,0,1.00E-05,1.00E-05,1.00E-05,0,0,1.00E-05,MN_CDR_222_BF,Quercus alba L.,Minnesota,Cedar Creek Research Station,45.424659,-93.200742,alb,pure,1.00E+00,pure
550,SYST-MOR-0007260,0.99989,1.00E-05,1.00E-05,1.00E-05,2.00E-05,0,0,0,0,0,0,1.00E-05,0,0.9999,1.00E-05,1.00E-05,1.00E-05,2.00E-05,1.00E-05,1.00E-05,1.00E-05,1.00E-05,1.00E-05,0,0,1.00E-05,MN_CDR_223_BF,Quercus alba L.,Minnesota,Cedar Creek Research Station,45.424821,-93.201047,alb,pure,1.00E+00,pure
551,SYST-MOR-0007357,2.00E-05,2.00E-05,1.00E-05,1.00E-05,0.99989,1.00E-05,1.00E-05,0,0,1.00E-05,0,1.00E-05,0,2.00E-05,2.00E-05,1.00E-05,1.00E-05,0.99989,1.00E-05,1.00E-05,0,0,1.00E-05,0,0,1.00E-05,MB-MG506,Quercus macrocarpa Michx.,Manitoba,Whiteshell Provincial Park,49.71359,-95.24349,mac,pure,1.00E+00,pure
552,SYST-MOR-0007358,1.00E-05,1.00E-05,1.00E-05,1.00E-05,0.9999,1.00E-05,1.00E-05,1.00E-05,1.00E-05,0,0,1.00E-05,1.00E-05,1.00E-05,1.00E-05,1.00E-05,1.00E-05,0.9999,1.00E-05,1.00E-05,1.00E-05,1.00E-05,0,1.00E-05,0,1.00E-05,MB-MG507,Quercus macrocarpa Michx.,Manitoba,Whiteshell Provincial Park,49.71376,-95.24385,mac,pure,1.00E+00,pure
553,SYST-MOR-0007359,1.00E-05,1.00E-05,1.00E-05,1.00E-05,0.99989,1.00E-05,1.00E-05,1.00E-05,1.00E-05,1.00E-05,1.00E-05,2.00E-05,1.00E-05,1.00E-05,1.00E-05,1.00E-05,1.00E-05,0.99989,1.00E-05,1.00E-05,1.00E-05,1.00E-05,1.00E-05,1.00E-05,1.00E-05,2.00E-05,MB-MG508,Quercus macrocarpa Michx.,Manitoba,Whiteshell Provincial Park,49.71278,-95.24432,mac,pure,1.00E+00,pure
554,SYST-MOR-0007360,1.00E-05,1.00E-05,2.10E-05,1.00E-05,0.999885,0,0,1.00E-05,1.40E-05,1.00E-05,1.00E-05,2.00E-05,1.00E-05,1.00E-05,1.00E-05,2.10E-05,1.00E-05,0.999885,0,0,1.00E-05,1.40E-05,1.00E-05,1.00E-05,1.00E-05,2.00E-05,MB-MG509,Quercus macrocarpa Michx.,Manitoba,Whiteshell Provincial Park,49.71278,-95.2445,mac,pure,1.00E+00,pure
555,SYST-MOR-0007361,2.00E-05,1.00E-05,1.00E-05,1.00E-05,0.9999,0,0,1.00E-05,1.00E-05,1.00E-05,0,1.00E-05,0,2.00E-05,1.00E-05,1.00E-05,1.00E-05,0.9999,0,0,1.00E-05,1.00E-05,1.00E-05,0,0,1.00E-05,MB-MG510,Quercus macrocarpa Michx.,Manitoba,Whiteshell Provincial Park,49.71216,-95.24463,mac,pure,1.00E+00,pure
556,SYST-MOR-0007362,1.00E-05,1.00E-05,1.00E-05,2.00E-05,0.999883,1.00E-05,1.00E-05,1.00E-05,1.00E-05,0,0,1.00E-05,0,1.00E-05,1.00E-05,1.00E-05,2.00E-05,0.999883,1.00E-05,1.00E-05,1.00E-05,1.00E-05,0,0,0,1.00E-05,MB-MG511,Quercus macrocarpa Michx.,Manitoba,Whiteshell Provincial Park,49.71204,-95.2448,mac,pure,1.00E+00,pure
557,SYST-MOR-0007363,1.00E-05,1.00E-05,1.00E-05,1.00E-05,0.9999,1.00E-05,1.00E-05,0,0,0,0,1.00E-05,0,1.00E-05,1.00E-05,1.00E-05,1.00E-05,0.9999,1.00E-05,1.00E-05,0,0,1.00E-05,1.00E-05,0,2.00E-05,MB-MG512,Quercus macrocarpa Michx.,Manitoba,Whiteshell Provincial Park,49.71195,-95.24492,mac,pure,1.00E+00,pure
558,SYST-MOR-0007364,1.00E-05,1.00E-05,2.00E-05,1.00E-05,0.99989,0,0,1.00E-05,1.00E-05,1.00E-05,1.00E-05,2.00E-05,1.00E-05,1.00E-05,1.00E-05,2.00E-05,1.00E-05,0.99989,0,0,1.00E-05,1.00E-05,1.00E-05,1.00E-05,1.00E-05,2.00E-05,MB-MG513,Quercus macrocarpa Michx.,Manitoba,Whiteshell Provincial Park,49.71209,-95.24496,mac,pure,1.00E+00,pure
559,SYST-MOR-0007365,1.00E-05,0,1.00E-05,0,0.9999,1.00E-05,1.00E-05,1.00E-05,1.00E-05,1.00E-05,1.00E-05,2.00E-05,1.00E-05,1.00E-05,0,1.00E-05,0,0.9999,1.00E-05,1.00E-05,1.00E-05,1.00E-05,1.00E-05,1.00E-05,1.00E-05,2.00E-05,MB-MG514,Quercus macrocarpa Michx.,Manitoba,Whiteshell Provincial Park,49.71187,-95.24472,mac,pure,1.00E+00,pure
560,SYST-MOR-0007366,1.00E-05,1.00E-05,1.00E-05,1.00E-05,0.99989,1.00E-05,1.00E-05,0,0,0,0,1.00E-05,0,2.00E-05,2.00E-05,1.00E-05,1.00E-05,0.999896,1.00E-05,1.00E-05,0,0,1.00E-05,0,0,1.00E-05,MB-MG515,Quercus macrocarpa Michx.,Manitoba,Whiteshell Provincial Park,49.71187,-95.24456,mac,pure,1.00E+00,pure
561,SYST-MOR-0007367,0,2.00E-05,1.00E-05,1.00E-05,0.999877,0,1.00E-05,2.30E-05,1.00E-05,1.00E-05,1.00E-05,2.00E-05,1.00E-05,0,2.00E-05,1.00E-05,1.00E-05,0.999877,0,1.00E-05,2.30E-05,1.00E-05,1.00E-05,1.00E-05,1.00E-05,2.00E-05,MB-MG516,Quercus macrocarpa Michx.,Manitoba,Spruce Woods Provincial Park,49.76104,-99.15971,mac,pure,1.00E+00,pure
562,SYST-MOR-0007368,1.00E-05,2.00E-05,1.00E-05,1.00E-05,0.999889,1.00E-05,1.00E-05,1.00E-05,1.10E-05,1.00E-05,0,1.00E-05,0,1.00E-05,2.00E-05,1.00E-05,1.00E-05,0.999889,1.00E-05,1.00E-05,1.00E-05,1.10E-05,1.00E-05,0,0,1.00E-05,MB-MG517,Quercus macrocarpa Michx.,Manitoba,Spruce Woods Provincial Park,49.76095,-99.15983,mac,pure,1.00E+00,pure
563,SYST-MOR-0007369,1.00E-05,1.00E-05,1.00E-05,2.00E-05,0.99989,1.00E-05,1.00E-05,1.00E-05,1.00E-05,0,0,1.00E-05,0,1.00E-05,1.00E-05,1.00E-05,2.00E-05,0.99989,1.00E-05,1.00E-05,1.00E-05,1.00E-05,0,0,0,1.00E-05,MB-MG518,Quercus macrocarpa Michx.,Manitoba,Spruce Woods Provincial Park,49.76061,-99.15928,mac,pure,1.00E+00,pure
564,SYST-MOR-0007370,1.00E-05,1.00E-05,1.40E-05,2.00E-05,0.999876,1.20E-05,1.00E-05,1.00E-05,1.80E-05,0,0,1.00E-05,0,1.00E-05,1.00E-05,1.40E-05,2.00E-05,0.999876,1.20E-05,1.00E-05,1.00E-05,1.80E-05,0,0,0,1.00E-05,MB-MG519,Quercus macrocarpa Michx.,Manitoba,Spruce Woods Provincial Park,49.76137,-99.1604,mac,pure,1.00E+00,pure
565,SYST-MOR-0007371,1.00E-05,1.00E-05,1.00E-05,1.00E-05,0.99989,1.00E-05,1.00E-05,2.00E-05,1.00E-05,0,0,1.00E-05,0,1.00E-05,1.00E-05,1.00E-05,1.00E-05,0.99989,1.00E-05,1.00E-05,2.00E-05,1.00E-05,0,0,0,1.00E-05,MB-MG520,Quercus macrocarpa Michx.,Manitoba,Spruce Woods Provincial Park,49.76117,-99.16142,mac,pure,1.00E+00,pure
566,SYST-MOR-0007372,1.00E-05,0,1.40E-05,0,0.999896,1.00E-05,1.00E-05,1.00E-05,1.00E-05,1.00E-05,1.00E-05,2.00E-05,1.00E-05,1.00E-05,0,1.40E-05,0,0.999896,1.00E-05,1.00E-05,1.00E-05,1.00E-05,1.00E-05,1.00E-05,1.00E-05,2.00E-05,MB-MG521,Quercus macrocarpa Michx.,Manitoba,Spruce Woods Provincial Park,49.76147,-99.15886,mac,pure,1.00E+00,pure
567,SYST-MOR-0007373,2.20E-05,1.00E-05,1.90E-05,1.00E-05,0.999879,1.00E-05,1.00E-05,1.00E-05,1.00E-05,0,0,1.00E-05,0,2.20E-05,1.00E-05,1.90E-05,1.00E-05,0.999879,1.00E-05,1.00E-05,1.00E-05,1.00E-05,0,0,0,1.00E-05,MB-MG522,Quercus macrocarpa Michx.,Manitoba,Spruce Woods Provincial Park,49.76103,-99.15848,mac,pure,1.00E+00,pure
568,SYST-MOR-0007374,2.00E-05,1.00E-05,1.00E-05,1.00E-05,0.99989,1.00E-05,1.00E-05,1.00E-05,1.00E-05,1.00E-05,0,1.00E-05,0,2.00E-05,1.00E-05,1.00E-05,1.00E-05,0.99989,1.00E-05,1.00E-05,1.00E-05,1.00E-05,1.00E-05,0,0,1.00E-05,MB-MG523,Quercus macrocarpa Michx.,Manitoba,Spruce Woods Provincial Park,49.76043,-99.15858,mac,pure,1.00E+00,pure
569,SYST-MOR-0007375,1.00E-05,1.00E-05,1.00E-05,1.00E-05,0.9999,1.00E-05,1.00E-05,0,0,0,0,1.00E-05,0,1.00E-05,1.00E-05,1.00E-05,1.00E-05,0.9999,1.00E-05,1.00E-05,0,0,0,0,0,1.00E-05,MB-MG524,Quercus macrocarpa Michx.,Manitoba,Spruce Woods Provincial Park,49.76006,-99.15826,mac,pure,1.00E+00,pure
570,SYST-MOR-0007376,2.00E-05,1.00E-05,1.00E-05,1.00E-05,0.9999,1.00E-05,1.00E-05,0,0,1.00E-05,0,1.00E-05,0,2.00E-05,1.00E-05,1.00E-05,1.00E-05,0.9999,1.00E-05,1.00E-05,0,0,1.00E-05,0,0,1.00E-05,MB-MG525,Quercus macrocarpa Michx.,Manitoba,Spruce Woods Provincial Park,49.76055,-99.15844,mac,pure,1.00E+00,pure
571,SYST-MOR-0007377,1.00E-05,1.00E-05,1.00E-05,1.00E-05,0.999896,1.00E-05,1.00E-05,0,0,0,0,1.00E-05,0,1.00E-05,1.00E-05,1.00E-05,1.40E-05,0.9999,1.00E-05,1.00E-05,0,0,0,0,0,1.00E-05,MB-MG526,Quercus macrocarpa Michx.,Manitoba,"Assiniboine Forest, near parking lot/entrance to trail",49.85783,-97.24911,mac,pure,1.00E+00,pure
572,SYST-MOR-0007378,1.00E-05,1.00E-05,1.00E-05,1.00E-05,0.9999,1.00E-05,1.00E-05,1.00E-05,1.00E-05,0,0,1.00E-05,1.00E-05,1.00E-05,1.00E-05,1.00E-05,1.00E-05,0.9999,1.00E-05,1.00E-05,1.00E-05,1.00E-05,0,1.00E-05,0,1.00E-05,MB-MG527,Quercus macrocarpa Michx.,Manitoba,"Assiniboine Forest, near trail",49.85783,-97.24911,mac,pure,1.00E+00,pure
573,SYST-MOR-0007379,1.00E-05,2.00E-05,1.00E-05,1.00E-05,0.99989,1.00E-05,1.00E-05,1.00E-05,1.00E-05,1.00E-05,0,1.00E-05,0,1.00E-05,2.00E-05,1.00E-05,1.00E-05,0.99989,1.00E-05,1.00E-05,1.00E-05,1.00E-05,1.00E-05,0,0,1.00E-05,MB-MG528,Quercus macrocarpa Michx.,Manitoba,"Assiniboine Forest, off trail in woody area",49.85778,-97.24848,mac,pure,1.00E+00,pure
574,SYST-MOR-0007380,1.00E-05,1.00E-05,1.00E-05,1.00E-05,0.99989,1.00E-05,1.00E-05,2.00E-05,1.00E-05,0,0,1.00E-05,0,1.00E-05,1.00E-05,1.00E-05,1.00E-05,0.99989,1.00E-05,1.00E-05,2.00E-05,1.00E-05,0,0,0,1.00E-05,MB-MG529,Quercus macrocarpa Michx.,Manitoba,Assiniboine Forest,49.85423,-97.2482,mac,pure,1.00E+00,pure
575,SYST-MOR-0007381,1.00E-05,1.00E-05,1.00E-05,1.00E-05,0.999462,1.00E-05,1.00E-05,1.00E-05,1.00E-05,1.00E-05,0.000438,0.000448,1.00E-05,1.00E-05,1.00E-05,1.00E-05,1.00E-05,0.999462,1.00E-05,1.00E-05,1.00E-05,1.00E-05,1.00E-05,1.00E-05,0.000438,0.000448,MB-MG530,Quercus macrocarpa Michx.,Manitoba,Assiniboine Forest,49.85392,-97.24828,mac,pure,9.99E-01,pure
576,SYST-MOR-0007382,0,1.00E-05,1.00E-05,1.00E-05,0.999891,0,1.00E-05,2.00E-05,1.00E-05,1.00E-05,0,1.00E-05,0,0,1.00E-05,1.00E-05,1.00E-05,0.999891,0,1.00E-05,2.00E-05,1.00E-05,1.00E-05,0,0,1.00E-05,MB-MG531,Quercus macrocarpa Michx.,Manitoba,"Assiniboine Forest, near trail",49.85399,-97.24744,mac,pure,1.00E+00,pure
577,SYST-MOR-0007383,1.00E-05,1.00E-05,1.00E-05,1.00E-05,0.99989,1.00E-05,1.00E-05,1.00E-05,1.00E-05,1.00E-05,1.00E-05,2.00E-05,1.00E-05,1.00E-05,1.00E-05,1.00E-05,1.00E-05,0.99989,1.00E-05,1.00E-05,1.00E-05,1.00E-05,1.00E-05,1.00E-05,1.00E-05,2.00E-05,MB-MG532,Quercus macrocarpa Michx.,Manitoba,"Assiniboine Forest, near trail",49.85417,-97.24689,mac,pure,1.00E+00,pure
578,SYST-MOR-0007384,1.00E-05,1.00E-05,1.00E-05,1.00E-05,0.9999,1.00E-05,1.00E-05,1.00E-05,1.00E-05,1.00E-05,0,1.00E-05,0,1.00E-05,1.00E-05,1.00E-05,1.00E-05,0.9999,1.00E-05,1.00E-05,1.00E-05,1.00E-05,1.00E-05,0,0,1.00E-05,MB-MG533,Quercus macrocarpa Michx.,Manitoba,"Assiniboine Forest, near trail",49.85421,-97.24621,mac,pure,1.00E+00,pure
579,SYST-MOR-0007385,1.00E-05,1.00E-05,1.00E-05,1.00E-05,0.99989,1.00E-05,1.00E-05,1.00E-05,1.00E-05,1.00E-05,0,1.00E-05,0,2.00E-05,2.00E-05,2.00E-05,2.00E-05,0.9999,1.20E-05,1.00E-05,2.00E-05,1.00E-05,1.00E-05,1.00E-05,1.00E-05,2.00E-05,MB-MG534,Quercus macrocarpa Michx.,Manitoba,"Assiniboine Forest, near trail",49.85374,-97.24739,mac,pure,1.00E+00,pure
580,SYST-MOR-0007386,1.00E-05,1.00E-05,1.00E-05,1.00E-05,0.99989,1.00E-05,1.00E-05,1.00E-05,1.00E-05,1.00E-05,1.00E-05,2.00E-05,1.00E-05,1.00E-05,1.00E-05,1.00E-05,1.00E-05,0.99989,1.00E-05,1.00E-05,1.00E-05,1.00E-05,1.00E-05,1.00E-05,1.00E-05,2.00E-05,MB-MG535,Quercus macrocarpa Michx.,Manitoba,"Assiniboine Forest, near trail",49.85344,-97.24661,mac,pure,1.00E+00,pure
581,SYST-MOR-0007387,1.00E-05,1.00E-05,1.00E-05,1.00E-05,0.99989,1.00E-05,1.00E-05,1.00E-05,1.00E-05,1.00E-05,0,1.00E-05,0,2.00E-05,2.00E-05,2.00E-05,2.00E-05,0.9999,1.20E-05,0.001286,0.001182,1.00E-05,1.00E-05,1.00E-05,1.00E-05,2.00E-05,WI-MG536,Quercus macrocarpa Michx.,Wisconsin,"Round Lake, Chequamegon-Nicolet National Forest",46.02383,-91.14557,mac,pure,1.00E+00,pure
582,SYST-MOR-0007388,1.00E-05,1.00E-05,1.00E-05,1.00E-05,0.9999,1.00E-05,1.00E-05,1.00E-05,1.00E-05,0,0,1.00E-05,1.00E-05,1.00E-05,1.00E-05,1.00E-05,1.00E-05,0.9999,1.00E-05,1.00E-05,1.00E-05,1.00E-05,0,1.00E-05,0,1.00E-05,WI-MG537,Quercus macrocarpa Michx.,Wisconsin,"Round Lake, Chequamegon-Nicolet National Forest",46.02195,-91.14559,mac,pure,1.00E+00,pure
583,SYST-MOR-0007389,1.00E-05,1.00E-05,1.00E-05,1.00E-05,0.9999,1.00E-05,1.00E-05,0,0,1.00E-05,0,2.00E-05,1.00E-05,1.00E-05,1.00E-05,1.00E-05,1.00E-05,0.9999,1.00E-05,1.00E-05,0,0,1.00E-05,1.00E-05,0,2.00E-05,WI-MG538,Quercus macrocarpa Michx.,Wisconsin,"Round Lake, Chequamegon-Nicolet National Forest",46.0259,-91.14288,mac,pure,1.00E+00,pure
584,SYST-MOR-0007390,1.00E-05,1.00E-05,1.00E-05,1.00E-05,0.99989,1.00E-05,1.00E-05,1.00E-05,1.00E-05,0,0,1.00E-05,0,1.00E-05,1.00E-05,1.00E-05,1.00E-05,0.99989,1.00E-05,1.00E-05,1.00E-05,1.00E-05,0,0,0,1.00E-05,WI-MG539,Quercus macrocarpa Michx.,Wisconsin,"Round Lake, Chequamegon-Nicolet National Forest",46.02631,-91.14168,mac,pure,1.00E+00,pure
585,SYST-MOR-0007391,2.00E-05,1.00E-05,1.00E-05,1.00E-05,0.99989,1.00E-05,1.00E-05,1.00E-05,1.00E-05,0,0,1.00E-05,0,2.00E-05,1.00E-05,1.00E-05,1.00E-05,0.99989,1.00E-05,1.00E-05,1.00E-05,1.00E-05,0,0,0,1.00E-05,WI-MG540,Quercus macrocarpa Michx.,Wisconsin,"Round Lake, Chequamegon-Nicolet National Forest",46.02451,-91.12828,mac,pure,1.00E+00,pure
586,SYST-MOR-0007392,1.00E-05,1.00E-05,2.00E-05,1.00E-05,0.999879,1.90E-05,1.00E-05,1.00E-05,1.00E-05,1.00E-05,0,1.20E-05,0,1.00E-05,1.00E-05,2.00E-05,1.00E-05,0.999879,1.90E-05,1.00E-05,1.00E-05,1.00E-05,1.00E-05,0,0,1.20E-05,WI-MG541,Quercus macrocarpa Michx.,Wisconsin,"Round Lake, Chequamegon-Nicolet National Forest",46.0244,-91.12945,mac,pure,1.00E+00,pure
587,SYST-MOR-0007393,1.00E-05,1.00E-05,1.00E-05,1.00E-05,0.999895,1.00E-05,1.50E-05,0,0,0,0,1.00E-05,0,1.00E-05,1.00E-05,1.00E-05,1.00E-05,0.999895,1.00E-05,1.50E-05,0,0,0,0,0,1.00E-05,Minooka 1,Quercus macrocarpa Michx.,Kansas,Minooka Park Recreation Area,38.963586,-98.58906,mac,pure,1.00E+00,pure
588,SYST-MOR-0007394,1.00E-05,1.00E-05,1.00E-05,1.00E-05,0.99989,1.00E-05,1.00E-05,0,0,1.00E-05,1.00E-05,2.00E-05,1.00E-05,1.00E-05,1.00E-05,1.00E-05,1.00E-05,0.99989,1.00E-05,1.00E-05,0,0,1.00E-05,1.00E-05,1.00E-05,2.00E-05,Minooka 2,Quercus macrocarpa Michx.,Kansas,Minooka Park Recreation Area,38.963586,-98.58906,mac,pure,1.00E+00,pure
589,SYST-MOR-0007395,1.00E-05,1.00E-05,1.00E-05,1.00E-05,0.9999,1.00E-05,1.00E-05,0,0,0,0,1.00E-05,0,1.00E-05,1.00E-05,1.00E-05,1.00E-05,0.9999,1.00E-05,1.00E-05,0,0,0,0,0,1.00E-05,Minooka 3,Quercus macrocarpa Michx.,Kansas,Minooka Park Recreation Area,38.963586,-98.58906,mac,pure,1.00E+00,pure
590,SYST-MOR-0007396,1.00E-05,1.00E-05,1.00E-05,1.00E-05,0.99989,1.00E-05,1.00E-05,2.00E-05,1.00E-05,0,0,1.00E-05,0,1.00E-05,1.00E-05,1.00E-05,1.00E-05,0.99989,1.00E-05,1.00E-05,2.00E-05,1.00E-05,0,0,0,1.00E-05,Minooka 4,Quercus macrocarpa Michx.,Kansas,Minooka Park Recreation Area,38.963586,-98.58906,mac,pure,1.00E+00,pure
591,SYST-MOR-0007397,0,1.00E-05,1.00E-05,1.00E-05,0.999894,0,1.00E-05,2.60E-05,1.00E-05,1.00E-05,0,1.00E-05,0,0,1.00E-05,1.00E-05,1.00E-05,0.999894,0,1.00E-05,2.60E-05,1.00E-05,1.00E-05,0,0,1.00E-05,Minooka 5,Quercus macrocarpa Michx.,Kansas,Minooka Park Recreation Area,38.963586,-98.58906,mac,pure,1.00E+00,pure
592,SYST-MOR-0007398,1.00E-05,1.00E-05,1.00E-05,1.00E-05,0.999896,1.00E-05,1.40E-05,1.00E-05,1.00E-05,1.00E-05,0,1.00E-05,0,1.00E-05,1.00E-05,1.00E-05,1.00E-05,0.999896,1.00E-05,1.40E-05,1.00E-05,1.00E-05,1.00E-05,0,0,1.00E-05,Minooka 6,Quercus macrocarpa Michx.,Kansas,Minooka Park Recreation Area,38.963586,-98.58906,mac,pure,1.00E+00,pure
593,SYST-MOR-0007399,1.00E-05,1.00E-05,1.00E-05,1.00E-05,0.9999,1.00E-05,1.00E-05,0,0,1.00E-05,0,2.00E-05,1.00E-05,1.00E-05,1.00E-05,1.00E-05,1.00E-05,0.9999,1.00E-05,1.00E-05,0,0,1.00E-05,1.00E-05,0,2.00E-05,Minooka 7,Quercus macrocarpa Michx.,Kansas,Minooka Park Recreation Area,38.963586,-98.58906,mac,pure,1.00E+00,pure
594,SYST-MOR-0007400,1.00E-05,2.00E-05,1.00E-05,1.00E-05,0.99989,1.00E-05,1.00E-05,1.00E-05,1.00E-05,1.00E-05,0,1.00E-05,0,1.00E-05,2.00E-05,1.00E-05,1.00E-05,0.99989,1.00E-05,1.00E-05,1.00E-05,1.00E-05,1.00E-05,0,0,1.00E-05,Minooka 8,Quercus macrocarpa Michx.,Kansas,Minooka Park Recreation Area,38.963586,-98.58906,mac,pure,1.00E+00,pure
595,SYST-MOR-0007401,2.00E-05,1.00E-05,1.00E-05,1.00E-05,0.99989,1.00E-05,1.00E-05,1.00E-05,1.00E-05,1.00E-05,0,1.00E-05,0,2.00E-05,1.00E-05,1.00E-05,1.00E-05,0.99989,1.00E-05,1.00E-05,1.00E-05,1.00E-05,1.00E-05,0,0,1.00E-05,Minooka 9,Quercus macrocarpa Michx.,Kansas,Minooka Park Recreation Area,38.963586,-98.58906,mac,pure,1.00E+00,pure
596,SYST-MOR-0007402,1.30E-05,1.00E-05,2.00E-05,1.00E-05,0.999887,1.00E-05,1.00E-05,1.00E-05,1.00E-05,1.00E-05,0,1.00E-05,0,1.30E-05,1.00E-05,2.00E-05,1.00E-05,0.999887,1.00E-05,1.00E-05,1.00E-05,1.00E-05,1.00E-05,0,0,1.00E-05,Minooka 10,Quercus macrocarpa Michx.,Kansas,Minooka Park Recreation Area,38.963586,-98.58906,mac,pure,1.00E+00,pure
597,SYST-MOR-0007403,2.00E-05,1.00E-05,1.00E-05,1.00E-05,0.99989,1.00E-05,1.00E-05,1.00E-05,1.00E-05,0,0,1.00E-05,0,2.00E-05,1.00E-05,1.00E-05,1.00E-05,0.99989,1.00E-05,1.00E-05,1.00E-05,1.00E-05,0,0,0,1.00E-05,Salina 1,Quercus macrocarpa Michx.,Kansas,Lakewood Park,38.842944,-97.588909,mac,pure,1.00E+00,pure
598,SYST-MOR-0007404,0,1.00E-05,1.00E-05,1.00E-05,0.999893,0,1.00E-05,2.70E-05,1.00E-05,1.00E-05,0,1.00E-05,0,0,1.00E-05,1.00E-05,1.00E-05,0.999893,0,1.00E-05,2.70E-05,1.00E-05,1.00E-05,0,0,1.00E-05,Salina 2,Quercus macrocarpa Michx.,Kansas,Lakewood Park,38.842944,-97.588909,mac,pure,1.00E+00,pure
599,SYST-MOR-0007405,2.00E-05,1.00E-05,1.00E-05,1.00E-05,0.9999,0,0,1.00E-05,1.00E-05,1.00E-05,0,1.00E-05,0,2.00E-05,1.00E-05,1.00E-05,1.00E-05,0.9999,0,0,1.00E-05,1.00E-05,1.00E-05,0,0,1.00E-05,Salina 3,Quercus macrocarpa Michx.,Kansas,Lakewood Park,38.842944,-97.588909,mac,pure,1.00E+00,pure
600,SYST-MOR-0007406,1.50E-05,1.00E-05,1.00E-05,1.00E-05,0.999884,1.00E-05,1.00E-05,1.00E-05,1.00E-05,1.00E-05,1.00E-05,2.00E-05,1.00E-05,1.50E-05,1.00E-05,1.00E-05,1.00E-05,0.999884,1.00E-05,1.00E-05,1.00E-05,1.00E-05,1.00E-05,1.00E-05,1.00E-05,2.00E-05,Salina 4,Quercus macrocarpa Michx.,Kansas,Lakewood Park,38.842944,-97.588909,mac,pure,1.00E+00,pure
601,SYST-MOR-0007407,1.00E-05,1.00E-05,1.00E-05,1.00E-05,0.9999,1.00E-05,1.00E-05,1.00E-05,1.00E-05,1.00E-05,0,1.00E-05,0,1.00E-05,1.00E-05,1.00E-05,1.00E-05,0.9999,1.00E-05,1.00E-05,1.00E-05,1.00E-05,1.00E-05,0,0,1.00E-05,Salina 5,Quercus macrocarpa Michx.,Kansas,Lakewood Park,38.842944,-97.588909,mac,pure,1.00E+00,pure
602,SYST-MOR-0007408,1.00E-05,0,1.10E-05,0,0.999899,1.00E-05,1.00E-05,1.00E-05,1.00E-05,1.00E-05,1.00E-05,2.00E-05,1.00E-05,1.00E-05,0,1.10E-05,0,0.999899,1.00E-05,1.00E-05,1.00E-05,1.00E-05,1.00E-05,1.00E-05,1.00E-05,2.00E-05,Salina 6,Quercus macrocarpa Michx.,Kansas,Lakewood Park,38.842944,-97.588909,mac,pure,1.00E+00,pure
603,SYST-MOR-0007409,2.00E-05,1.00E-05,1.00E-05,1.00E-05,0.999888,1.00E-05,1.00E-05,1.00E-05,1.20E-05,0,0,1.00E-05,0,2.00E-05,1.00E-05,1.00E-05,1.00E-05,0.999888,1.00E-05,1.00E-05,1.00E-05,1.20E-05,0,0,0,1.00E-05,OK-MG372,Quercus macrocarpa Michx.,Oklahoma,"Norman, Oliver's Woods, University of Oklahoma campus",35.17703,-97.45019,mac,pure,1.00E+00,pure
604,SYST-MOR-0007410,2.00E-05,1.00E-05,1.00E-05,1.00E-05,0.999888,1.00E-05,1.00E-05,1.20E-05,1.00E-05,1.00E-05,0,1.00E-05,0,2.00E-05,1.00E-05,1.00E-05,1.00E-05,0.999888,1.00E-05,1.00E-05,1.20E-05,1.00E-05,1.00E-05,0,0,1.00E-05,OK-MG373,Quercus macrocarpa Michx.,Oklahoma,"Norman, Oliver's Woods, University of Oklahoma campus",35.17705,-97.44921,mac,pure,1.00E+00,pure
605,SYST-MOR-0007411,1.00E-05,1.00E-05,1.00E-05,1.00E-05,0.99989,1.00E-05,1.00E-05,1.00E-05,1.00E-05,1.00E-05,0,1.00E-05,0,2.00E-05,2.20E-05,2.00E-05,2.00E-05,0.9999,1.00E-05,1.60E-05,2.00E-05,1.00E-05,1.00E-05,1.00E-05,1.00E-05,2.00E-05,OK-MG374,Quercus macrocarpa Michx.,Oklahoma,"Norman, Oliver's Woods, University of Oklahoma campus",35.17722,-97.44967,mac,pure,1.00E+00,pure
606,SYST-MOR-0007412,1.00E-05,1.00E-05,1.00E-05,1.00E-05,0.9999,1.00E-05,1.00E-05,0,0,0,0,1.00E-05,0,1.00E-05,1.00E-05,1.00E-05,1.00E-05,0.9999,1.00E-05,1.00E-05,0,0,0,0,0,1.00E-05,OK-MG375,Quercus macrocarpa Michx.,Oklahoma,"Norman, Oliver's Woods, University of Oklahoma campus",35.17704,-97.44977,mac,pure,1.00E+00,pure
607,SYST-MOR-0007413,1.00E-05,1.00E-05,1.00E-05,1.00E-05,0.99989,1.00E-05,1.00E-05,1.00E-05,1.00E-05,1.00E-05,0,1.00E-05,0,2.60E-05,2.00E-05,2.00E-05,2.00E-05,0.9999,1.80E-05,1.00E-05,2.00E-05,1.40E-05,1.30E-05,1.80E-05,1.00E-05,2.80E-05,OK-MG376,Quercus macrocarpa Michx.,Oklahoma,"Norman, Oliver's Woods, University of Oklahoma campus",35.17688,-97.4497,mac,pure,1.00E+00,pure
608,SYST-MOR-0007414,1.00E-05,1.00E-05,1.00E-05,1.00E-05,0.9999,1.00E-05,1.00E-05,1.00E-05,1.00E-05,1.00E-05,0,1.00E-05,0,1.00E-05,1.00E-05,1.00E-05,1.00E-05,0.9999,1.00E-05,1.00E-05,1.00E-05,1.00E-05,1.00E-05,0,0,1.00E-05,OK-MG377,Quercus macrocarpa Michx.,Oklahoma,"Norman, Oliver's Woods, University of Oklahoma campus",35.17669,-97.44988,mac,pure,1.00E+00,pure
609,SYST-MOR-0007415,1.00E-05,2.00E-05,1.00E-05,1.00E-05,0.99989,1.00E-05,1.00E-05,1.00E-05,1.00E-05,1.00E-05,0,1.00E-05,0,1.00E-05,2.00E-05,1.00E-05,1.00E-05,0.99989,1.00E-05,1.00E-05,1.00E-05,1.00E-05,1.00E-05,0,0,1.00E-05,OK-MG378,Quercus macrocarpa Michx.,Oklahoma,"Norman, Oliver's Woods, University of Oklahoma campus",35.17635,-97.45009,mac,pure,1.00E+00,pure
610,SYST-MOR-0007416,2.00E-05,1.00E-05,1.00E-05,1.00E-05,0.9999,0,0,1.00E-05,1.00E-05,1.00E-05,0,1.00E-05,0,2.00E-05,1.00E-05,1.00E-05,1.00E-05,0.9999,0,0,1.00E-05,1.00E-05,1.00E-05,0,0,1.00E-05,OK-MG379,Quercus macrocarpa Michx.,Oklahoma,"Norman, Oliver's Woods, University of Oklahoma campus",35.17695,-97.44996,mac,pure,1.00E+00,pure
611,SYST-MOR-0007417,1.00E-05,1.00E-05,2.00E-05,1.00E-05,0.99989,0,0,1.00E-05,1.00E-05,1.00E-05,1.00E-05,2.00E-05,1.00E-05,1.00E-05,1.00E-05,2.00E-05,1.00E-05,0.99989,0,0,1.00E-05,1.00E-05,1.00E-05,1.00E-05,1.00E-05,2.00E-05,OK-MG380,Quercus macrocarpa Michx.,Oklahoma,"Norman, Oliver's Woods, University of Oklahoma campus",35.17714,-97.45005,mac,pure,1.00E+00,pure
612,SYST-MOR-0007418,2.00E-05,2.00E-05,1.00E-05,1.00E-05,0.99989,1.00E-05,1.00E-05,0,0,1.00E-05,0,1.00E-05,0,2.00E-05,2.00E-05,1.00E-05,1.00E-05,0.99989,1.00E-05,1.00E-05,0,0,1.00E-05,0,0,1.00E-05,OK-MG381,Quercus macrocarpa Michx.,Oklahoma,"Norman, Oliver's Woods, University of Oklahoma campus",35.17722,-97.45003,mac,pure,1.00E+00,pure
613,SYST-MOR-0007419,1.00E-05,1.00E-05,1.00E-05,1.00E-05,0.999896,1.00E-05,1.30E-05,0,0,0,0,1.00E-05,0,1.00E-05,1.00E-05,1.00E-05,1.00E-05,0.999896,1.00E-05,1.30E-05,0,0,0,0,0,1.00E-05,MO-MG398,Quercus macrocarpa Michx.,Missouri,"Eminence, Buttin Rock Access, near river",37.15767,-91.36474,mac,pure,1.00E+00,pure
614,SYST-MOR-0007420,2.00E-05,1.00E-05,1.00E-05,1.00E-05,0.99989,1.00E-05,1.00E-05,1.00E-05,1.00E-05,1.00E-05,0,1.00E-05,0,2.00E-05,1.00E-05,1.00E-05,1.00E-05,0.99989,1.00E-05,1.00E-05,1.00E-05,1.00E-05,1.00E-05,0,0,1.00E-05,MO-MG400,Quercus macrocarpa Michx.,Missouri,"Eminence, Buttin Rock Access, near river",37.15767,-91.36474,mac,pure,1.00E+00,pure
615,SYST-MOR-0007421,1.00E-05,1.00E-05,1.00E-05,2.00E-05,0.999879,1.00E-05,1.00E-05,1.00E-05,1.00E-05,0,0,1.90E-05,0,1.00E-05,1.00E-05,1.00E-05,2.00E-05,0.999879,1.00E-05,1.00E-05,1.00E-05,1.00E-05,0,0,0,1.90E-05,MO-MG402,Quercus macrocarpa Michx.,Missouri,"Eminence, Buttin Rock Access, near river",37.15687,-91.36471,mac,pure,1.00E+00,pure
616,SYST-MOR-0007422,1.00E-05,1.00E-05,1.00E-05,1.00E-05,0.9999,1.00E-05,1.00E-05,1.00E-05,1.00E-05,0,0,1.00E-05,1.00E-05,1.00E-05,1.00E-05,1.00E-05,1.00E-05,0.9999,1.00E-05,1.00E-05,1.00E-05,1.00E-05,0,1.00E-05,0,1.00E-05,MO-MG403,Quercus macrocarpa Michx.,Missouri,"Eminence, Buttin Rock Access, near trailer park",37.15686,-91.36501,mac,pure,1.00E+00,pure
617,SYST-MOR-0007423,1.00E-05,1.00E-05,1.00E-05,1.00E-05,0.99989,1.00E-05,1.00E-05,1.00E-05,1.00E-05,0,0,1.00E-05,0,1.00E-05,1.00E-05,1.00E-05,1.00E-05,0.99989,1.00E-05,1.00E-05,1.00E-05,1.00E-05,0,0,0,1.00E-05,MO-MG404,Quercus macrocarpa Michx.,Missouri,"Eminence, Buttin Rock Access, near trailer park",37.15726,-91.36518,mac,pure,1.00E+00,pure
618,SYST-MOR-0007424,1.00E-05,1.00E-05,1.00E-05,1.00E-05,0.99989,1.00E-05,1.00E-05,1.00E-05,1.00E-05,0,0,1.00E-05,0,1.00E-05,1.00E-05,1.00E-05,1.00E-05,0.99989,1.00E-05,1.00E-05,1.00E-05,1.00E-05,0,0,0,1.00E-05,MO-MG405,Quercus macrocarpa Michx.,Missouri,"Eminence, Buttin Rock Access, near river",37.15758,-91.36513,mac,pure,1.00E+00,pure
619,SYST-MOR-0007425,0,1.00E-05,1.00E-05,1.00E-05,0.99989,0,1.00E-05,2.00E-05,1.00E-05,1.00E-05,1.00E-05,2.00E-05,1.00E-05,0,1.00E-05,1.00E-05,1.00E-05,0.99989,0,1.00E-05,2.00E-05,1.00E-05,1.00E-05,1.00E-05,1.00E-05,2.00E-05,IN-MG631,Quercus macrocarpa Michx.,Indiana,"Burr Oak Woods, Hobart",41.53273,-87.2948,mac,pure,1.00E+00,pure
620,SYST-MOR-0007426,2.00E-05,1.00E-05,1.00E-05,1.00E-05,0.9999,1.00E-05,1.00E-05,0,0,1.00E-05,0,1.00E-05,0,2.00E-05,1.00E-05,1.00E-05,1.00E-05,0.9999,1.00E-05,1.00E-05,0,0,1.00E-05,0,0,1.00E-05,IN-MG632,Quercus macrocarpa Michx.,Indiana,"Burr Oak Woods, Hobart",41.53281,-87.29377,mac,pure,1.00E+00,pure
621,SYST-MOR-0007427,1.00E-05,0,1.00E-05,0,0.9999,1.00E-05,1.00E-05,1.00E-05,1.00E-05,1.00E-05,1.00E-05,2.00E-05,1.00E-05,1.00E-05,0,1.00E-05,0,0.9999,1.00E-05,1.00E-05,1.00E-05,1.00E-05,1.00E-05,1.00E-05,1.00E-05,2.00E-05,IN-MG633,Quercus macrocarpa Michx.,Indiana,"Burr Oak Woods, Hobart",41.53321,-87.29336,mac,pure,1.00E+00,pure
622,SYST-MOR-0007428,1.00E-05,1.00E-05,1.00E-05,1.00E-05,0.9999,1.00E-05,1.00E-05,1.00E-05,1.00E-05,1.00E-05,0,1.00E-05,0,1.00E-05,1.00E-05,1.00E-05,1.00E-05,0.9999,1.00E-05,1.00E-05,1.00E-05,1.00E-05,1.00E-05,0,0,1.00E-05,IN-MG634,Quercus macrocarpa Michx.,Indiana,"Burr Oak Woods, Hobart",41.53348,-87.29231,mac,pure,1.00E+00,pure
623,SYST-MOR-0007429,2.00E-05,1.00E-05,1.00E-05,1.00E-05,0.9999,0,0,1.00E-05,1.00E-05,1.00E-05,0,1.00E-05,0,2.00E-05,1.00E-05,1.00E-05,1.00E-05,0.9999,0,0,1.00E-05,1.00E-05,1.00E-05,0,0,1.00E-05,IN-MG635,Quercus macrocarpa Michx.,Indiana,"Burr Oak Woods, Hobart",41.53403,-87.29146,mac,pure,1.00E+00,pure
624,SYST-MOR-0007430,1.00E-05,1.00E-05,1.00E-05,1.00E-05,0.9999,1.00E-05,1.00E-05,1.00E-05,1.00E-05,1.00E-05,0,1.00E-05,0,1.00E-05,1.00E-05,1.00E-05,1.00E-05,0.9999,1.00E-05,1.00E-05,1.00E-05,1.00E-05,1.00E-05,0,0,1.00E-05,IN-MG636,Quercus macrocarpa Michx.,Indiana,"Burr Oak Woods, Hobart",41.5345,-87.29279,mac,pure,1.00E+00,pure
625,SYST-MOR-0007431,1.00E-05,1.10E-05,1.00E-05,1.00E-05,0.999879,1.60E-05,1.00E-05,1.30E-05,1.00E-05,1.20E-05,1.00E-05,2.00E-05,1.00E-05,1.00E-05,1.10E-05,1.00E-05,1.00E-05,0.999879,1.60E-05,1.00E-05,1.30E-05,1.00E-05,1.20E-05,1.00E-05,1.00E-05,2.00E-05,IN-MG637,Quercus macrocarpa Michx.,Indiana,"Burr Oak Woods, Hobart",41.53457,-87.29403,mac,pure,1.00E+00,pure
626,SYST-MOR-0007432,1.00E-05,1.00E-05,1.00E-05,1.00E-05,0.99989,1.00E-05,1.00E-05,1.00E-05,1.00E-05,1.00E-05,1.00E-05,2.00E-05,1.00E-05,1.00E-05,1.00E-05,1.00E-05,1.00E-05,0.99989,1.00E-05,1.00E-05,1.00E-05,1.00E-05,1.00E-05,1.00E-05,1.00E-05,2.00E-05,IN-MG638,Quercus macrocarpa Michx.,Indiana,"Burr Oak Woods, Hobart",41.53253,-87.29661,mac,pure,1.00E+00,pure
627,SYST-MOR-0007433,1.00E-05,1.00E-05,1.00E-05,1.00E-05,0.999897,1.30E-05,1.00E-05,0,0,1.00E-05,0,2.00E-05,1.00E-05,1.00E-05,1.00E-05,1.00E-05,1.00E-05,0.999897,1.30E-05,1.00E-05,0,0,1.00E-05,1.00E-05,0,2.00E-05,IN-MG639,Quercus macrocarpa Michx.,Indiana,"Burr Oak Woods, Hobart",41.53246,-87.29684,mac,pure,1.00E+00,pure
628,SYST-MOR-0007434,1.00E-05,1.00E-05,1.00E-05,1.00E-05,0.99989,1.00E-05,1.00E-05,0,0,1.00E-05,1.00E-05,2.00E-05,1.00E-05,1.00E-05,1.00E-05,1.00E-05,1.00E-05,0.99989,1.00E-05,1.00E-05,0,0,1.00E-05,1.00E-05,1.00E-05,2.00E-05,IN-MG640,Quercus macrocarpa Michx.,Indiana,"Burr Oak Woods, Hobart",41.53239,-87.29708,mac,pure,1.00E+00,pure
631,SYST-MOR-0007437,2.00E-05,1.00E-05,1.00E-05,1.00E-05,0.9999,0,0,1.00E-05,1.00E-05,1.00E-05,0,1.00E-05,0,2.00E-05,1.00E-05,1.00E-05,1.00E-05,0.9999,0,0,1.00E-05,1.00E-05,1.00E-05,0,0,1.00E-05,MI-MG664,Quercus macrocarpa Michx.,Michigan,"Pinconning Park, Campground",43.85326,-83.92494,mac,pure,1.00E+00,pure
634,SYST-MOR-0007440,0,1.00E-05,1.90E-05,1.00E-05,0.999875,0,1.00E-05,2.80E-05,1.00E-05,1.80E-05,0,1.00E-05,0,0,1.00E-05,1.90E-05,1.00E-05,0.999875,0,1.00E-05,2.80E-05,1.00E-05,1.80E-05,0,0,1.00E-05,MI-MG667,Quercus macrocarpa Michx.,Michigan,"Pinconning Park, Ed Donnelly Trail",43.84961,-83.92347,mac,pure,1.00E+00,pure
635,SYST-MOR-0007441,1.00E-05,1.00E-05,1.00E-05,1.00E-05,0.9999,1.00E-05,1.00E-05,0,0,0,0,1.00E-05,0,1.00E-05,1.00E-05,1.00E-05,1.00E-05,0.9999,1.00E-05,1.00E-05,0,0,0,0,0,1.00E-05,MI-MG668,Quercus macrocarpa Michx.,Michigan,"Pinconning Park, Ed Donnelly Trail",43.84822,-83.92385,mac,pure,1.00E+00,pure
638,SYST-MOR-0007444,1.00E-05,1.00E-05,1.00E-05,1.00E-05,0.9999,1.00E-05,1.00E-05,1.00E-05,1.00E-05,0,0,1.00E-05,1.00E-05,1.00E-05,1.00E-05,1.00E-05,1.00E-05,0.9999,1.00E-05,1.00E-05,1.00E-05,1.00E-05,0,1.00E-05,0,1.00E-05,MI-MG671,Quercus macrocarpa Michx.,Michigan,"Pinconning Park, Campground",43.85603,-83.92487,mac,pure,1.00E+00,pure
640,SYST-MOR-0007446,0,1.00E-05,1.00E-05,1.00E-05,0.99989,0,1.00E-05,2.00E-05,1.00E-05,1.00E-05,1.00E-05,2.00E-05,1.00E-05,0,1.00E-05,1.00E-05,1.00E-05,0.99989,0,1.00E-05,2.00E-05,1.00E-05,1.00E-05,1.00E-05,1.00E-05,2.00E-05,MN-MG761,Quercus macrocarpa Michx.,Minnesota,Ottawa Bluffs,44.36388,-93.93543,mac,pure,1.00E+00,pure
641,SYST-MOR-0007447,2.00E-05,1.00E-05,1.00E-05,1.00E-05,0.9999,1.00E-05,1.00E-05,0,0,1.00E-05,0,1.00E-05,0,2.00E-05,1.00E-05,1.00E-05,1.00E-05,0.9999,1.00E-05,1.00E-05,0,0,1.00E-05,0,0,1.00E-05,MN-MG762,Quercus macrocarpa Michx.,Minnesota,Ottawa Bluffs,44.36388,-93.93543,mac,pure,1.00E+00,pure
642,SYST-MOR-0007448,2.00E-05,1.00E-05,1.00E-05,1.00E-05,0.99989,1.00E-05,1.00E-05,1.00E-05,1.00E-05,1.00E-05,0,1.00E-05,0,2.00E-05,1.00E-05,1.00E-05,1.00E-05,0.99989,1.00E-05,1.00E-05,1.00E-05,1.00E-05,1.00E-05,0,0,1.00E-05,MN-MG763,Quercus macrocarpa Michx.,Minnesota,Ottawa Bluffs,44.36388,-93.93543,mac,pure,1.00E+00,pure
643,SYST-MOR-0007449,1.00E-05,0,1.00E-05,0,0.998632,1.00E-05,1.00E-05,0.001278,1.00E-05,1.00E-05,1.00E-05,2.00E-05,1.00E-05,1.00E-05,0,1.00E-05,0,0.998632,1.00E-05,1.00E-05,0.001278,1.00E-05,1.00E-05,1.00E-05,1.00E-05,2.00E-05,MN-MG764,Quercus macrocarpa Michx.,Minnesota,Ottawa Bluffs,44.36388,-93.93543,mac,pure,9.99E-01,pure
644,SYST-MOR-0007450,2.00E-05,1.00E-05,1.00E-05,1.00E-05,0.99989,1.00E-05,1.00E-05,1.00E-05,1.00E-05,0,0,1.00E-05,0,2.00E-05,1.00E-05,1.00E-05,1.00E-05,0.99989,1.00E-05,1.00E-05,1.00E-05,1.00E-05,0,0,0,1.00E-05,MN-MG765,Quercus macrocarpa Michx.,Minnesota,Ottawa Bluffs,44.36413,-93.93551,mac,pure,1.00E+00,pure
645,SYST-MOR-0007451,0,1.00E-05,1.00E-05,1.00E-05,0.99989,0,1.00E-05,2.00E-05,1.00E-05,1.00E-05,1.00E-05,2.00E-05,1.00E-05,0,1.00E-05,1.00E-05,1.00E-05,0.99989,0,1.00E-05,2.00E-05,1.00E-05,1.00E-05,1.00E-05,1.00E-05,2.00E-05,MN-MG766,Quercus macrocarpa Michx.,Minnesota,Ottawa Bluffs,44.36413,-93.93551,mac,pure,1.00E+00,pure
646,SYST-MOR-0007452,1.00E-05,1.00E-05,1.00E-05,1.00E-05,0.99989,1.00E-05,1.00E-05,2.00E-05,1.00E-05,0,0,1.00E-05,0,1.00E-05,1.00E-05,1.00E-05,1.00E-05,0.99989,1.00E-05,1.00E-05,2.00E-05,1.00E-05,0,0,0,1.00E-05,MN-MG767,Quercus macrocarpa Michx.,Minnesota,Ottawa Bluffs,44.36413,-93.93551,mac,pure,1.00E+00,pure
647,SYST-MOR-0007453,2.00E-05,2.00E-05,1.30E-05,1.00E-05,0.999887,1.00E-05,1.00E-05,0,0,1.00E-05,0,1.00E-05,0,2.00E-05,2.00E-05,1.30E-05,1.00E-05,0.999887,1.00E-05,1.00E-05,0,0,1.00E-05,0,0,1.00E-05,MN-MG768,Quercus macrocarpa Michx.,Minnesota,Ottawa Bluffs,44.36413,-93.93551,mac,pure,1.00E+00,pure
648,SYST-MOR-0007454,1.00E-05,1.00E-05,2.00E-05,1.00E-05,0.99989,0,0,1.00E-05,1.00E-05,1.00E-05,1.00E-05,2.00E-05,1.00E-05,1.00E-05,1.00E-05,2.00E-05,1.00E-05,0.99989,0,0,1.00E-05,1.00E-05,1.00E-05,1.00E-05,1.00E-05,2.00E-05,MN-MG769,Quercus macrocarpa Michx.,Minnesota,Ottawa Bluffs,44.36389,-93.93539,mac,pure,1.00E+00,pure
649,SYST-MOR-0007455,0,1.00E-05,1.00E-05,1.00E-05,0.99989,0,1.00E-05,2.00E-05,1.00E-05,1.00E-05,1.00E-05,2.00E-05,1.00E-05,0,1.00E-05,1.00E-05,1.00E-05,0.99989,0,1.00E-05,2.00E-05,1.00E-05,1.00E-05,1.00E-05,1.00E-05,2.00E-05,MN-MG770,Quercus macrocarpa Michx.,Minnesota,"Quarry Park State Natural Area, Waite Park",45.53,-94.23291,mac,pure,1.00E+00,pure
650,SYST-MOR-0007456,1.10E-05,1.00E-05,2.00E-05,1.00E-05,0.999889,1.00E-05,1.00E-05,1.00E-05,1.00E-05,1.00E-05,0,1.00E-05,0,1.10E-05,1.00E-05,2.00E-05,1.00E-05,0.999889,1.00E-05,1.00E-05,1.00E-05,1.00E-05,1.00E-05,0,0,1.00E-05,MN-MG771,Quercus macrocarpa Michx.,Minnesota,"Quarry Park State Natural Area, Waite Park",45.52989,-94.23407,mac,pure,1.00E+00,pure
651,SYST-MOR-0007457,1.00E-05,1.00E-05,2.00E-05,1.00E-05,0.99989,0,0,1.00E-05,1.00E-05,1.00E-05,1.00E-05,2.00E-05,1.00E-05,1.00E-05,1.00E-05,2.00E-05,1.00E-05,0.99989,0,0,1.00E-05,1.00E-05,1.00E-05,1.00E-05,1.00E-05,2.00E-05,MN-MG772,Quercus macrocarpa Michx.,Minnesota,"Quarry Park State Natural Area, Waite Park",45.53001,-94.23533,mac,pure,1.00E+00,pure
652,SYST-MOR-0007458,2.00E-05,1.00E-05,1.00E-05,1.00E-05,0.9999,0,0,1.00E-05,1.00E-05,1.00E-05,0,1.00E-05,0,2.00E-05,1.00E-05,1.00E-05,1.00E-05,0.9999,0,0,1.00E-05,1.00E-05,1.00E-05,0,0,1.00E-05,MN-MG773,Quercus macrocarpa Michx.,Minnesota,"Quarry Park State Natural Area, Waite Park",45.52997,-94.23644,mac,pure,1.00E+00,pure
653,SYST-MOR-0007459,1.00E-05,1.00E-05,1.00E-05,1.00E-05,0.99989,1.00E-05,1.00E-05,1.00E-05,1.00E-05,1.00E-05,0,1.00E-05,0,2.00E-05,2.00E-05,2.00E-05,2.50E-05,0.9999,1.00E-05,1.00E-05,2.80E-05,1.10E-05,1.00E-05,1.00E-05,1.00E-05,2.00E-05,MN-MG774,Quercus macrocarpa Michx.,Minnesota,"Quarry Park State Natural Area, Waite Park",45.53011,-94.23817,mac,pure,1.00E+00,pure
654,SYST-MOR-0007460,1.00E-05,2.00E-05,1.00E-05,1.00E-05,0.99989,1.00E-05,1.00E-05,1.00E-05,1.00E-05,1.00E-05,0,1.00E-05,0,1.00E-05,2.00E-05,1.00E-05,1.00E-05,0.99989,1.00E-05,1.00E-05,1.00E-05,1.00E-05,1.00E-05,0,0,1.00E-05,MN-MG775,Quercus macrocarpa Michx.,Minnesota,"Quarry Park State Natural Area, Waite Park",45.52999,-94.23932,mac,pure,1.00E+00,pure
655,SYST-MOR-0007461,1.00E-05,0,1.00E-05,0,0.9999,1.00E-05,1.00E-05,1.00E-05,1.00E-05,1.00E-05,1.00E-05,2.00E-05,1.00E-05,1.00E-05,0,1.00E-05,0,0.9999,1.00E-05,1.00E-05,1.00E-05,1.00E-05,1.00E-05,1.00E-05,1.00E-05,2.00E-05,MN-MG776,Quercus macrocarpa Michx.,Minnesota,"Quarry Park State Natural Area, Waite Park",45.5299,-94.24018,mac,pure,1.00E+00,pure
656,SYST-MOR-0007462,1.00E-05,1.00E-05,1.00E-05,1.00E-05,0.999886,1.00E-05,1.00E-05,2.00E-05,1.40E-05,0,0,1.00E-05,0,1.00E-05,1.00E-05,1.00E-05,1.00E-05,0.999886,1.00E-05,1.00E-05,2.00E-05,1.40E-05,0,0,0,1.00E-05,MN-MG777,Quercus macrocarpa Michx.,Minnesota,"Quarry Park State Natural Area, Waite Park",45.5299,-94.24018,mac,pure,1.00E+00,pure
657,SYST-MOR-0007463,2.00E-05,1.00E-05,1.00E-05,1.00E-05,0.9999,1.00E-05,1.00E-05,0,0,1.00E-05,0,1.00E-05,0,2.00E-05,1.00E-05,1.00E-05,1.00E-05,0.9999,1.00E-05,1.00E-05,0,0,1.00E-05,0,0,1.00E-05,MN-MG778,Quercus macrocarpa Michx.,Minnesota,"Quarry Park State Natural Area, Waite Park",45.52907,-94.24121,mac,pure,1.00E+00,pure
658,SYST-MOR-0007464,1.00E-05,1.00E-05,1.00E-05,1.00E-05,0.99989,1.00E-05,1.00E-05,1.00E-05,1.00E-05,1.00E-05,0,1.00E-05,0,2.00E-05,2.00E-05,2.00E-05,2.00E-05,0.9999,1.00E-05,1.90E-05,2.30E-05,2.00E-05,1.90E-05,1.00E-05,1.00E-05,2.00E-05,MN-MG779,Quercus macrocarpa Michx.,Minnesota,"Quarry Park State Natural Area, Waite Park",45.52887,-94.24085,mac,pure,1.00E+00,pure
659,SYST-MOR-0007465,1.00E-05,1.00E-05,1.00E-05,1.00E-05,0.9999,1.00E-05,1.00E-05,1.00E-05,1.00E-05,0,0,1.00E-05,1.00E-05,1.00E-05,1.00E-05,1.00E-05,1.00E-05,0.9999,1.00E-05,1.00E-05,1.00E-05,1.00E-05,0,1.00E-05,0,1.00E-05,MN-MG780,Quercus macrocarpa Michx.,Minnesota,"Quarry Park State Natural Area, Waite Park",45.53088,-94.23989,mac,pure,1.00E+00,pure
660,SYST-MOR-0007466,1.00E-05,2.00E-05,1.00E-05,1.00E-05,0.99989,1.00E-05,1.00E-05,1.00E-05,1.00E-05,1.00E-05,0,1.00E-05,0,1.00E-05,2.00E-05,1.00E-05,1.00E-05,0.99989,1.00E-05,1.00E-05,1.00E-05,1.00E-05,1.00E-05,0,0,1.00E-05,OH-MG797,Quercus macrocarpa Michx.,Ohio,Pearl King Savanna,40.0436,-83.47987,mac,pure,1.00E+00,pure
661,SYST-MOR-0007467,1.00E-05,2.00E-05,1.00E-05,1.00E-05,0.999885,1.00E-05,1.00E-05,1.00E-05,1.50E-05,1.00E-05,0,1.00E-05,0,1.00E-05,2.00E-05,1.00E-05,1.00E-05,0.999885,1.00E-05,1.00E-05,1.00E-05,1.50E-05,1.00E-05,0,0,1.00E-05,OH-MG798,Quercus macrocarpa Michx.,Ohio,Pearl King Savanna,40.04397,-83.48038,mac,pure,1.00E+00,pure
662,SYST-MOR-0007468,1.00E-05,1.00E-05,1.00E-05,1.00E-05,0.99989,1.00E-05,1.00E-05,1.00E-05,1.00E-05,1.00E-05,1.00E-05,2.00E-05,1.00E-05,1.00E-05,1.00E-05,1.00E-05,1.00E-05,0.99989,1.00E-05,1.00E-05,1.00E-05,1.00E-05,1.00E-05,1.00E-05,1.00E-05,2.00E-05,OH-MG799,Quercus macrocarpa Michx.,Ohio,Pearl King Savanna,40.04433,-83.48064,mac,pure,1.00E+00,pure
663,SYST-MOR-0007469,2.00E-05,2.00E-05,1.00E-05,1.00E-05,0.99989,1.00E-05,1.00E-05,0,0,1.00E-05,0,1.00E-05,0,2.00E-05,2.00E-05,1.00E-05,1.00E-05,0.99989,1.00E-05,1.00E-05,0,0,1.00E-05,0,0,1.00E-05,OH-MG800,Quercus macrocarpa Michx.,Ohio,Pearl King Savanna,40.04521,-83.47924,mac,pure,1.00E+00,pure
664,SYST-MOR-0007470,1.00E-05,1.00E-05,1.00E-05,1.00E-05,0.99989,1.00E-05,1.00E-05,0,0,1.00E-05,1.00E-05,2.00E-05,1.00E-05,1.00E-05,1.00E-05,1.00E-05,1.00E-05,0.99989,1.00E-05,1.00E-05,0,0,1.00E-05,1.00E-05,1.00E-05,2.00E-05,OH-MG801,Quercus macrocarpa Michx.,Ohio,Pearl King Savanna,40.04568,-83.47935,mac,pure,1.00E+00,pure
665,SYST-MOR-0007471,1.00E-05,1.00E-05,1.00E-05,1.00E-05,1.00E-05,1.00E-05,1.00E-05,1.00E-05,1.00E-05,1.00E-05,0,0.99989,0,1.00E-05,2.00E-05,2.00E-05,2.30E-05,3.00E-05,1.00E-05,1.00E-05,2.00E-05,2.00E-05,1.00E-05,1.00E-05,0.99989,0.9999,OH-MG802,Quercus stellata Wangenh.,Ohio,Pearl King Savanna,40.04604,-83.47885,ste,pure,1.00E+00,pure
666,SYST-MOR-0007472,1.00E-05,1.00E-05,1.00E-05,1.00E-05,0.9999,1.00E-05,1.00E-05,0,0,0,0,1.00E-05,0,1.00E-05,1.00E-05,1.00E-05,1.00E-05,0.9999,1.00E-05,1.00E-05,0,0,0,0,0,1.00E-05,OH-MG803,Quercus macrocarpa Michx.,Ohio,Pearl King Savanna,40.04499,-83.47735,mac,pure,1.00E+00,pure
667,SYST-MOR-0007473,1.00E-05,0,1.00E-05,0,0.999899,1.00E-05,1.00E-05,1.00E-05,1.00E-05,1.00E-05,1.00E-05,2.00E-05,1.00E-05,1.00E-05,0,1.00E-05,0,0.999899,1.00E-05,1.00E-05,1.00E-05,1.00E-05,1.00E-05,1.00E-05,1.00E-05,2.00E-05,OH-MG804,Quercus macrocarpa Michx.,Ohio,Pearl King Savanna,40.04436,-83.47891,mac,pure,1.00E+00,pure
668,SYST-MOR-0007474,1.00E-05,1.00E-05,2.80E-05,1.00E-05,0.999879,1.00E-05,1.00E-05,1.00E-05,1.30E-05,1.00E-05,0,1.00E-05,0,1.00E-05,1.00E-05,2.80E-05,1.00E-05,0.999879,1.00E-05,1.00E-05,1.00E-05,1.30E-05,1.00E-05,0,0,1.00E-05,OH-MG805,Quercus macrocarpa Michx.,Ohio,Pearl King Savanna,40.04413,-83.47883,mac,pure,1.00E+00,pure
669,SYST-MOR-0007475,1.00E-05,2.00E-05,1.00E-05,1.00E-05,0.99989,1.00E-05,1.00E-05,1.00E-05,1.00E-05,1.00E-05,0,1.00E-05,0,1.00E-05,2.00E-05,1.00E-05,1.00E-05,0.99989,1.00E-05,1.00E-05,1.00E-05,1.00E-05,1.00E-05,0,0,1.00E-05,OH-MG806,Quercus macrocarpa Michx.,Ohio,Pearl King Savanna,40.04367,-83.47956,mac,pure,1.00E+00,pure
670,SYST-MOR-0007476,2.10E-05,1.00E-05,1.00E-05,1.00E-05,0.999889,1.00E-05,1.00E-05,1.00E-05,1.00E-05,0,0,1.00E-05,0,2.10E-05,1.00E-05,1.00E-05,1.00E-05,0.999889,1.00E-05,1.00E-05,1.00E-05,1.00E-05,0,0,0,1.00E-05,OH-MG807,Quercus macrocarpa Michx.,Ohio,Daughmer Prairie Savannah State Nature Preserve,40.73097,-83.09257,mac,pure,1.00E+00,pure
671,SYST-MOR-0007477,1.00E-05,1.00E-05,1.00E-05,1.00E-05,0.999887,1.00E-05,1.00E-05,2.30E-05,1.00E-05,0,0,1.00E-05,0,1.00E-05,1.00E-05,1.00E-05,1.00E-05,0.999887,1.00E-05,1.00E-05,2.30E-05,1.00E-05,0,0,0,1.00E-05,OH-MG808,Quercus macrocarpa Michx.,Ohio,Daughmer Prairie Savannah State Nature Preserve,40.73122,-83.09328,mac,pure,1.00E+00,pure
672,SYST-MOR-0007478,1.00E-05,1.00E-05,2.00E-05,1.00E-05,0.99989,0,0,1.00E-05,1.00E-05,1.00E-05,1.00E-05,2.00E-05,1.00E-05,1.00E-05,1.00E-05,2.00E-05,1.00E-05,0.99989,0,0,1.00E-05,1.00E-05,1.00E-05,1.00E-05,1.00E-05,2.00E-05,OH-MG809,Quercus macrocarpa Michx.,Ohio,Daughmer Prairie Savannah State Nature Preserve,40.73143,-83.094,mac,pure,1.00E+00,pure
673,SYST-MOR-0007479,0,1.00E-05,1.00E-05,1.00E-05,0.9999,0,1.00E-05,2.00E-05,1.00E-05,1.00E-05,0,1.00E-05,0,0,1.00E-05,1.00E-05,1.00E-05,0.9999,0,1.00E-05,2.00E-05,1.00E-05,1.00E-05,0,0,1.00E-05,OH-MG810,Quercus macrocarpa Michx.,Ohio,Daughmer Prairie Savannah State Nature Preserve,40.73155,-83.09454,mac,pure,1.00E+00,pure
674,SYST-MOR-0007480,1.00E-05,1.00E-05,1.00E-05,1.00E-05,0.999889,1.00E-05,1.00E-05,1.00E-05,1.10E-05,1.00E-05,1.00E-05,2.00E-05,1.00E-05,1.00E-05,1.00E-05,1.00E-05,1.00E-05,0.999889,1.00E-05,1.00E-05,1.00E-05,1.10E-05,1.00E-05,1.00E-05,1.00E-05,2.00E-05,OH-MG811,Quercus macrocarpa Michx.,Ohio,Daughmer Prairie Savannah State Nature Preserve,40.73036,-83.09472,mac,pure,1.00E+00,pure
675,SYST-MOR-0007481,0,1.00E-05,1.00E-05,1.00E-05,0.99989,0,1.00E-05,2.00E-05,1.00E-05,1.00E-05,1.00E-05,2.00E-05,1.00E-05,0,1.00E-05,1.00E-05,1.00E-05,0.99989,0,1.00E-05,2.00E-05,1.00E-05,1.00E-05,1.00E-05,1.00E-05,2.00E-05,OH-MG812,Quercus macrocarpa Michx.,Ohio,Daughmer Prairie Savannah State Nature Preserve,40.72946,-83.09711,mac,pure,1.00E+00,pure
676,SYST-MOR-0007482,0,1.00E-05,1.00E-05,1.00E-05,0.9999,0,1.00E-05,2.00E-05,1.00E-05,1.00E-05,0,1.00E-05,0,0,1.00E-05,1.00E-05,1.00E-05,0.9999,0,1.00E-05,2.00E-05,1.00E-05,1.00E-05,0,0,1.00E-05,OH-MG813,Quercus macrocarpa Michx.,Ohio,Daughmer Prairie Savannah State Nature Preserve,40.72834,-83.09625,mac,pure,1.00E+00,pure
677,SYST-MOR-0007483,1.00E-05,2.00E-05,1.00E-05,1.00E-05,0.99989,1.00E-05,1.00E-05,1.00E-05,1.00E-05,1.00E-05,0,1.00E-05,0,1.00E-05,2.00E-05,1.00E-05,1.00E-05,0.99989,1.00E-05,1.00E-05,1.00E-05,1.00E-05,1.00E-05,0,0,1.00E-05,OH-MG814,Quercus macrocarpa Michx.,Ohio,Daughmer Prairie Savannah State Nature Preserve,40.72835,-83.09536,mac,pure,1.00E+00,pure
678,SYST-MOR-0007484,2.00E-05,1.00E-05,1.20E-05,1.00E-05,0.999898,1.00E-05,1.00E-05,0,0,1.00E-05,0,1.00E-05,0,2.00E-05,1.00E-05,1.20E-05,1.00E-05,0.999898,1.00E-05,1.00E-05,0,0,1.00E-05,0,0,1.00E-05,OH-MG815,Quercus macrocarpa Michx.,Ohio,Daughmer Prairie Savannah State Nature Preserve,40.72819,-83.09294,mac,pure,1.00E+00,pure
679,SYST-MOR-0007485,1.00E-05,1.00E-05,1.00E-05,1.00E-05,0.999887,1.00E-05,1.00E-05,0,0,0,0,1.00E-05,0,1.00E-05,1.00E-05,1.00E-05,2.20E-05,0.9999,1.00E-05,1.00E-05,1.10E-05,1.00E-05,0,0,0,1.00E-05,OH-MG816,Quercus macrocarpa Michx.,Ohio,Daughmer Prairie Savannah State Nature Preserve,40.72944,-83.09261,mac,pure,1.00E+00,pure
680,SYST-MOR-0007486,1.00E-05,1.00E-05,1.00E-05,1.00E-05,0.99989,1.00E-05,1.00E-05,1.00E-05,1.00E-05,1.00E-05,1.00E-05,2.00E-05,1.00E-05,1.00E-05,1.00E-05,1.00E-05,1.00E-05,0.99989,1.00E-05,1.00E-05,1.00E-05,1.00E-05,1.00E-05,1.00E-05,1.00E-05,2.00E-05,JCB-SD-CSP-1001,Quercus macrocarpa Michx.,South Dakota,Custer State Park driving eastward towards Hermosa on US16 Alt-W,43.76049,-103.47675,mac,pure,1.00E+00,pure
681,SYST-MOR-0007487,1.00E-05,1.00E-05,1.00E-05,1.00E-05,0.99989,1.00E-05,1.00E-05,1.00E-05,1.00E-05,0,0,1.00E-05,0,1.00E-05,1.00E-05,1.00E-05,1.00E-05,0.99989,1.00E-05,1.00E-05,1.00E-05,1.00E-05,0,0,0,1.00E-05,JCB-SD-CSP-1002,Quercus macrocarpa Michx.,South Dakota,Custer State Park driving eastward towards Hermosa on US16 Alt-W,43.76195,-103.47226,mac,pure,1.00E+00,pure
682,SYST-MOR-0007488,1.00E-05,1.00E-05,1.00E-05,1.00E-05,0.99989,1.00E-05,1.00E-05,1.00E-05,1.00E-05,1.00E-05,0,1.00E-05,0,1.00E-05,2.00E-05,2.00E-05,1.00E-05,0.999893,1.00E-05,1.30E-05,1.00E-05,1.00E-05,1.00E-05,1.00E-05,1.50E-05,2.50E-05,JCB-SD-CSP-1003,Quercus macrocarpa Michx.,South Dakota,Custer State Park driving eastward towards Hermosa on US16 Alt-W,43.76207,-103.46704,mac,pure,1.00E+00,pure
683,SYST-MOR-0007489,1.00E-05,1.00E-05,1.00E-05,1.00E-05,0.9999,1.00E-05,1.00E-05,0,0,1.00E-05,0,2.00E-05,1.00E-05,1.00E-05,1.00E-05,1.00E-05,1.00E-05,0.9999,1.00E-05,1.00E-05,0,0,1.00E-05,1.00E-05,0,2.00E-05,JCB-SD-CSP-1004,Quercus macrocarpa Michx.,South Dakota,Custer State Park driving eastward towards Hermosa on US16 Alt-W,43.76737,-103.45567,mac,pure,1.00E+00,pure
684,SYST-MOR-0007490,1.00E-05,1.00E-05,1.00E-05,1.00E-05,0.99989,1.00E-05,1.00E-05,0,0,1.00E-05,1.00E-05,2.00E-05,1.00E-05,1.00E-05,1.00E-05,1.00E-05,1.00E-05,0.99989,1.00E-05,1.00E-05,0,0,1.00E-05,1.00E-05,1.00E-05,2.00E-05,JCB-SD-CSP-1005,Quercus macrocarpa Michx.,South Dakota,Custer State Park driving eastward towards Hermosa on US16 Alt-W,43.7746,-103.43264,mac,pure,1.00E+00,pure
685,SYST-MOR-0007491,1.00E-05,2.00E-05,1.00E-05,1.00E-05,0.99989,1.00E-05,1.00E-05,1.00E-05,1.00E-05,1.00E-05,0,1.00E-05,0,1.00E-05,2.00E-05,1.00E-05,1.00E-05,0.99989,1.00E-05,1.00E-05,1.00E-05,1.00E-05,1.00E-05,0,0,1.00E-05,JCB-SD-CSP-1006,Quercus macrocarpa Michx.,South Dakota,Custer State Park driving eastward towards Hermosa on US16 Alt-W,43.77624,-103.41792,mac,pure,1.00E+00,pure
686,SYST-MOR-0007492,1.00E-05,1.00E-05,1.00E-05,1.00E-05,0.99989,1.00E-05,1.00E-05,0,0,1.00E-05,1.00E-05,2.00E-05,1.00E-05,1.00E-05,1.00E-05,1.00E-05,1.00E-05,0.99989,1.00E-05,1.00E-05,0,0,1.00E-05,1.00E-05,1.00E-05,2.00E-05,JCB-SD-CSP-1007,Quercus macrocarpa Michx.,South Dakota,Custer State Park driving eastward towards Hermosa on US16 Alt-W,43.77816,-103.40278,mac,pure,1.00E+00,pure
687,SYST-MOR-0007493,1.00E-05,1.00E-05,1.00E-05,2.00E-05,0.99989,1.00E-05,1.00E-05,1.00E-05,1.00E-05,0,0,1.00E-05,0,1.00E-05,1.00E-05,1.00E-05,2.00E-05,0.99989,1.00E-05,1.00E-05,1.00E-05,1.00E-05,0,0,0,1.00E-05,JCB-SD-CSP-1008,Quercus macrocarpa Michx.,South Dakota,Custer State Park driving eastward towards Hermosa on US16 Alt-W,43.76564,-103.3884,mac,pure,1.00E+00,pure
688,SYST-MOR-0007494,0,1.00E-05,1.00E-05,1.00E-05,0.99989,0,1.00E-05,2.00E-05,1.00E-05,1.00E-05,1.00E-05,2.00E-05,1.00E-05,0,1.00E-05,1.00E-05,1.00E-05,0.99989,0,1.00E-05,2.00E-05,1.00E-05,1.00E-05,1.00E-05,1.00E-05,2.00E-05,JCB-SD-CSP-1009,Quercus macrocarpa Michx.,South Dakota,Just east of Custer State Park driving eastward towards Hermosa on US16 Alt-W,43.77278,-103.33803,mac,pure,1.00E+00,pure
689,SYST-MOR-0007495,1.00E-05,1.00E-05,1.00E-05,1.40E-05,0.999896,1.00E-05,1.00E-05,0,0,0,0,1.00E-05,0,1.00E-05,1.00E-05,1.00E-05,1.40E-05,0.999896,1.00E-05,1.00E-05,0,0,0,0,0,1.00E-05,JCB-SD-US16-1010,Quercus macrocarpa Michx.,South Dakota,East of Custer State Park driving eastward towards Hermosa on US16 Alt-W,43.81684,-103.25005,mac,pure,1.00E+00,pure
690,SYST-MOR-0007496,0,1.00E-05,1.00E-05,1.00E-05,0.9999,0,1.00E-05,2.00E-05,1.00E-05,1.00E-05,0,1.00E-05,0,0,1.00E-05,1.00E-05,1.00E-05,0.9999,0,1.00E-05,2.00E-05,1.00E-05,1.00E-05,0,0,1.00E-05,JCB-SD-SPF-1011,Quercus macrocarpa Michx.,South Dakota,5 miles south of Spearfish HWY 85 and Colorado Blvd,44.47413,-103.73782,mac,pure,1.00E+00,pure
694,SYST-MOR-0007500,2.00E-05,1.00E-05,1.00E-05,1.00E-05,0.9999,0,0,1.00E-05,1.00E-05,1.00E-05,0,1.00E-05,0,2.00E-05,1.00E-05,1.00E-05,1.00E-05,0.9999,0,0,1.00E-05,1.00E-05,1.00E-05,0,0,1.00E-05,JCB-SD-SPF-1015,Quercus macrocarpa Michx.,South Dakota,heading towards Spearfish,44.4765,-103.84972,mac,pure,1.00E+00,pure
,,,,,,,,,,,,,,,,,,,,,,,,,,,,,,,,,,,,,
