chr	windowStart	windowEnd	D	f_d	f_dM	d_f
Chr01	247366	594074	-0.268738	-0.129663	-0.082415	-0.197872
Chr01	422316	854573	-0.284193	-0.145886	-0.088328	-0.232662
Chr01	594391	1075851	-0.036859	-0.014650	-0.009617	-0.036622
Chr01	854585	1203492	-0.191442	-0.070201	-0.045600	-0.149298
Chr01	1075922	1449484	-0.348629	-0.165381	-0.093861	-0.272582
Chr01	1203585	1543993	-0.230888	-0.121584	-0.069763	-0.183762
Chr01	1449557	1686811	-0.035784	-0.016950	-0.010335	-0.029400
Chr01	1544099	1879788	-0.075997	-0.031759	-0.016406	-0.051472
Chr01	1686843	2091585	-0.170168	-0.065856	-0.032635	-0.120298
Chr01	1879884	2249454	-0.039061	-0.015060	-0.008555	-0.032393
Chr01	2091595	2438363	0.035270	0.015872	0.010050	0.022989
Chr01	2249551	2595409	0.142452	0.077614	0.052533	0.097434
Chr01	2438762	2687614	0.207795	0.118834	0.084072	0.156386
Chr01	2595411	2775725	0.170575	0.097533	0.061617	0.123899
Chr01	2687781	2917408	0.014727	0.009339	0.005227	0.010455
Chr01	2775730	3097240	-0.031702	-0.015454	-0.009920	-0.020214
Chr01	2917446	3286766	0.012011	0.004497	0.002961	0.007205
Chr01	3097262	3463536	0.011110	0.003788	0.002357	0.007140
Chr01	3286790	3698017	-0.004981	-0.001683	-0.001029	-0.002984
Chr01	3463620	3899310	-0.032135	-0.012776	-0.007347	-0.024750
Chr01	3698061	4114089	0.004140	0.001822	0.001040	0.002092
Chr01	3899473	4275056	0.006847	0.003169	0.001797	0.005140
Chr01	4114419	4431656	0.053044	0.030773	0.015743	0.033806
Chr01	4275079	4559961	0.117102	0.062672	0.037645	0.068318
Chr01	4431732	4724651	0.140712	0.063631	0.041005	0.089845
Chr01	4560441	4985882	-0.001443	-0.000499	-0.000321	-0.001171
Chr01	4724875	5197338	-0.264879	-0.091348	-0.057731	-0.201901
Chr01	4985965	5518000	-0.300680	-0.123751	-0.076336	-0.228559
Chr01	5197585	5703057	-0.082875	-0.037026	-0.023289	-0.051599
Chr01	5518051	5856165	-0.063014	-0.031522	-0.019066	-0.035489
Chr01	5703355	6006117	-0.177582	-0.097723	-0.055046	-0.115440
Chr01	5856187	6173333	0.115677	0.051627	0.031518	0.087755
Chr01	6006142	6366116	0.362893	0.142180	0.094260	0.286949
Chr01	6173399	6688554	0.050534	0.020352	0.013191	0.038760
Chr01	6366367	7051844	0.073994	0.017684	0.013234	0.055541
Chr01	6688596	7318719	0.078488	0.017384	0.013415	0.062272
Chr01	7051937	7483604	-0.019180	-0.007411	-0.004927	-0.010598
Chr01	7318748	7748836	0.159128	0.057945	0.035120	0.127419
Chr01	7483605	7894934	0.005931	0.002060	0.001226	0.003844
Chr01	7748858	7998933	-0.190342	-0.095887	-0.053443	-0.138181
Chr01	7894988	8120150	-0.082167	-0.051814	-0.027840	-0.056398
Chr01	7998946	8252767	0.325660	0.180910	0.106033	0.225401
Chr01	8120156	8367308	0.484234	0.219781	0.132896	0.293723
Chr01	8252805	8488347	0.298508	0.144170	0.079763	0.163734
Chr01	8367311	8606926	0.200068	0.119554	0.055993	0.132623
Chr01	8488381	8799941	0.001081	0.000563	0.000299	0.004344
Chr01	8607021	9263793	-0.126637	-0.046620	-0.030250	-0.077672
Chr01	8799991	9458721	-0.024567	-0.008342	-0.005077	-0.011485
Chr01	9264010	9653448	-0.088538	-0.040354	-0.023054	-0.074219
Chr01	9458811	9841701	-0.255771	-0.136805	-0.085447	-0.199862
Chr01	9653449	9973188	-0.137291	-0.061648	-0.040659	-0.099707
Chr01	9841737	10082815	0.151839	0.072816	0.047387	0.104017
Chr01	9973318	10261153	0.024052	0.013556	0.007856	0.010181
Chr01	10082855	10413555	-0.015176	-0.007904	-0.004554	-0.016644
Chr01	10261278	10926675	0.043995	0.018665	0.011162	0.035472
Chr01	10413568	11117859	-0.158103	-0.065423	-0.038813	-0.120371
Chr01	10926745	11268956	-0.262879	-0.133250	-0.072981	-0.206169
Chr01	11117872	11442162	-0.080937	-0.039619	-0.022899	-0.056405
Chr01	11269024	11628735	0.100194	0.035447	0.024765	0.079558
Chr01	11442199	11808735	0.150485	0.055979	0.037341	0.117837
Chr01	11628900	12147639	0.241939	0.103448	0.064340	0.171487
Chr01	11808973	12303051	-0.086924	-0.046121	-0.022743	-0.059613
Chr01	12147648	12431989	-0.293405	-0.195740	-0.083271	-0.210597
Chr01	12303116	12528667	-0.020066	-0.012748	-0.005654	-0.007978
Chr01	12432275	12707106	0.317218	0.180888	0.086324	0.265684
Chr01	12528740	12877383	0.146591	0.076841	0.031263	0.101742
Chr01	12707210	13157231	-0.234711	-0.104202	-0.040155	-0.147404
Chr01	12877596	13404332	-0.212885	-0.079169	-0.038160	-0.142051
Chr01	13157260	13664962	-0.249276	-0.088174	-0.047940	-0.191106
Chr01	13404568	13850264	-0.393204	-0.171292	-0.090694	-0.321756
Chr01	13664971	14036439	-0.184188	-0.092780	-0.048547	-0.134361
Chr01	13850278	14152671	0.016166	0.008087	0.004485	0.011078
Chr01	14036446	14299066	-0.043326	-0.021600	-0.012092	-0.023054
Chr01	14152672	14444132	0.186933	0.069228	0.044644	0.146245
Chr01	14299148	14638474	0.147691	0.064583	0.035724	0.131520
Chr01	14444294	14771013	0.057186	0.028468	0.014637	0.051047
Chr01	14638482	14903582	0.172770	0.078093	0.044766	0.119347
Chr01	14771075	15050229	0.083658	0.040811	0.021328	0.060576
Chr01	14903587	15169595	-0.123688	-0.064833	-0.033007	-0.083524
Chr01	15050244	15329577	-0.360873	-0.223094	-0.096895	-0.252779
Chr01	15169675	15470746	-0.403734	-0.195881	-0.089859	-0.315382
Chr01	15329586	15669962	-0.239752	-0.097619	-0.051527	-0.189583
Chr01	15470760	16093671	-0.062851	-0.023675	-0.014982	-0.043227
Chr01	15669974	16316104	-0.133230	-0.050935	-0.032289	-0.086416
Chr01	16093975	16496351	-0.129230	-0.053290	-0.030912	-0.085864
Chr01	16316129	16706831	-0.005088	-0.001956	-0.001132	-0.005141
Chr01	16496383	16939054	0.085421	0.033778	0.020087	0.066070
Chr01	16707130	17138638	0.110404	0.044051	0.026626	0.094043
Chr01	16939303	17341103	-0.152287	-0.057578	-0.031608	-0.130662
Chr01	17138677	17534623	-0.088889	-0.033872	-0.018569	-0.065614
Chr01	17341112	17729016	0.064573	0.025838	0.014950	0.048382
Chr01	17535007	17972975	-0.208204	-0.085776	-0.048269	-0.141930
Chr01	17729111	18243354	-0.300715	-0.126659	-0.070266	-0.214911
Chr01	17973193	18427821	-0.180880	-0.085878	-0.046174	-0.142249
Chr01	18243375	18633239	0.001698	0.000836	0.000453	0.003666
Chr01	18427836	18818544	0.261930	0.097168	0.062132	0.217444
Chr01	18633242	19008094	0.186260	0.059414	0.040096	0.133627
Chr01	18818587	19251146	-0.275379	-0.090136	-0.053943	-0.197495
Chr01	19008142	19472671	-0.158228	-0.044058	-0.026632	-0.121772
Chr01	19251215	19732726	-0.142515	-0.039874	-0.022216	-0.121099
Chr01	19472875	19937712	-0.203143	-0.063473	-0.035877	-0.180726
Chr01	19732773	20125834	-0.064385	-0.022656	-0.013537	-0.050257
Chr01	19937723	20355606	0.071002	0.026293	0.014185	0.055344
Chr01	20125925	20512158	-0.015873	-0.006009	-0.003499	-0.013382
Chr01	20355936	20661608	-0.182706	-0.080900	-0.048122	-0.135032
Chr01	20512258	20871615	0.007626	0.002717	0.001588	0.010125
Chr01	20661632	21119812	0.011415	0.003281	0.002079	0.014061
Chr01	20871712	21245586	-0.404071	-0.166968	-0.100422	-0.333044
Chr01	21119964	21350662	-0.818139	-1.100053	-0.396715	-0.732989
Chr01	21245613	21447429	-0.914920	-2.086426	-0.518708	-0.868993
Chr01	21350789	21635028	-0.629465	-0.531090	-0.227045	-0.575658
Chr01	21447439	21779133	-0.063797	-0.022423	-0.012822	-0.054241
Chr01	21635071	22014673	0.046879	0.014122	0.008085	0.045431
Chr01	21779158	22172339	-0.059736	-0.021050	-0.011575	-0.044488
Chr01	22014760	22410119	-0.087846	-0.028800	-0.017729	-0.073700
Chr01	22172411	22750025	-0.260059	-0.054561	-0.036471	-0.209790
Chr01	22410135	23032305	-0.342040	-0.069558	-0.044040	-0.261206
Chr01	22750064	23169735	-0.220264	-0.081048	-0.043253	-0.182569
Chr01	23032316	23403142	-0.230091	-0.108700	-0.055583	-0.189741
Chr01	23169829	23614793	-0.418943	-0.169420	-0.092295	-0.348139
Chr01	23403674	23801478	-0.532143	-0.222738	-0.122962	-0.447917
Chr01	23614843	23954568	-0.342321	-0.132859	-0.081765	-0.263487
Chr01	23801801	24190274	-0.302931	-0.129462	-0.072516	-0.241806
Chr01	23954912	24410951	-0.321411	-0.126403	-0.073182	-0.268548
Chr01	24190290	24548973	-0.198815	-0.072390	-0.044244	-0.161589
Chr01	24411012	24754243	-0.159919	-0.063511	-0.035566	-0.133137
Chr01	24549081	24987205	-0.225037	-0.093178	-0.050620	-0.184473
Chr01	24754281	25188136	-0.197015	-0.065133	-0.038338	-0.145743
Chr01	24987335	25332897	-0.185712	-0.068692	-0.039854	-0.134103
Chr01	25188183	25629208	0.072796	0.027839	0.018320	0.055958
Chr01	25333574	25839285	-0.136865	-0.039729	-0.022206	-0.120198
Chr01	25629378	26103392	-0.519641	-0.166406	-0.080898	-0.420067
Chr01	25839443	26331482	-0.328799	-0.115245	-0.062296	-0.205478
Chr01	26103412	26487043	-0.035271	-0.014685	-0.007884	-0.023068
Chr01	26331558	26679403	-0.041134	-0.013860	-0.008222	-0.030919
Chr01	26487049	26750984	-0.177777	-0.067538	-0.039951	-0.114290
Chr01	26679457	26847468	-0.265268	-0.204337	-0.098342	-0.175783
Chr01	26751108	27030463	-0.244354	-0.131815	-0.068244	-0.171441
Chr01	26847500	27169037	0.077021	0.029723	0.019747	0.052704
Chr01	27030919	27414739	0.035183	0.010511	0.007455	0.026916
Chr01	27169051	27769540	-0.169500	-0.041050	-0.027504	-0.125437
Chr01	27414745	27948308	-0.413252	-0.107814	-0.066448	-0.323440
Chr01	27769579	28149136	-0.469799	-0.150278	-0.088098	-0.379556
Chr01	27948316	28333817	-0.366392	-0.134047	-0.080077	-0.304924
Chr01	28149304	28586518	-0.547681	-0.241581	-0.116462	-0.472382
Chr01	28333930	28786589	-0.604266	-0.299753	-0.127395	-0.502340
Chr01	28586523	29015678	-0.350951	-0.115806	-0.072810	-0.284357
Chr01	28786685	29160198	-0.023626	-0.007060	-0.005180	-0.017729
Chr01	29015995	29341503	-0.126683	-0.056592	-0.030690	-0.098875
Chr01	29160205	29545100	-0.191279	-0.073862	-0.043463	-0.145640
Chr01	29341504	29719227	-0.225672	-0.077292	-0.050701	-0.180334
Chr01	29545123	29864456	-0.257936	-0.100652	-0.057854	-0.220536
Chr01	29719362	30059464	-0.359641	-0.130648	-0.075449	-0.310666
Chr01	29864476	30284944	-0.314083	-0.096615	-0.059897	-0.266133
Chr01	30060398	30454351	0.075981	0.022878	0.015231	0.060559
Chr01	30285038	30635835	0.036393	0.014098	0.009271	0.028617
Chr01	30454359	30814779	-0.042356	-0.019351	-0.011249	-0.031741
Chr01	30636235	31014211	0.005489	0.002249	0.001226	0.006139
Chr01	30814899	31219890	-0.143597	-0.048068	-0.028154	-0.109086
Chr01	31014416	31373506	-0.191087	-0.063278	-0.040133	-0.133159
Chr01	31219992	31493088	-0.248032	-0.095430	-0.065845	-0.156625
Chr01	31373520	31585833	-0.268685	-0.129462	-0.085503	-0.167529
Chr01	31493092	31695619	-0.132421	-0.084741	-0.050787	-0.079473
Chr01	31585869	31847054	-0.093488	-0.038758	-0.026860	-0.063216
Chr01	31695641	31990034	0.137571	0.056766	0.033776	0.108528
Chr01	31847258	32164539	0.199366	0.074545	0.044326	0.149447
Chr01	31990071	32266562	-0.069405	-0.025518	-0.014878	-0.041227
Chr01	32164866	32596653	-0.368790	-0.199272	-0.092554	-0.256410
Chr01	32266566	32808153	-0.530223	-0.282433	-0.140578	-0.437486
Chr01	32596656	32987834	-0.500643	-0.133210	-0.088474	-0.370968
Chr01	32808179	33166393	-0.133692	-0.030430	-0.020741	-0.087517
Chr01	32988154	33331015	0.075894	0.036747	0.018999	0.071573
Chr01	33166406	33503290	0.134884	0.070168	0.036345	0.118635
Chr01	33331027	33667323	0.033833	0.019313	0.009492	0.036651
Chr01	33503365	33852420	0.069970	0.035522	0.017983	0.065233
Chr01	33667444	34085874	0.008855	0.003091	0.001842	0.012132
Chr01	33852878	34317478	-0.104023	-0.029249	-0.017950	-0.070855
Chr01	34085891	34438431	0.151638	0.050610	0.030624	0.112728
Chr01	34317565	34590235	0.376008	0.166279	0.099344	0.291667
Chr01	34438447	34774850	0.082529	0.032194	0.018351	0.064803
Chr01	34590244	34853808	-0.312106	-0.152568	-0.087195	-0.257471
Chr01	34774914	35040165	-0.334475	-0.181159	-0.106136	-0.295710
Chr01	34853814	35172700	-0.215833	-0.103882	-0.064569	-0.185581
Chr01	35041189	35355074	-0.142240	-0.062910	-0.040600	-0.114521
Chr01	35172741	35574885	-0.106838	-0.035345	-0.022701	-0.085497
Chr01	35355296	35691312	0.202386	0.072406	0.046905	0.158530
Chr01	35574886	35832832	0.262550	0.114839	0.073916	0.180999
Chr01	35691347	35905364	0.234485	0.111376	0.074742	0.149396
Chr01	35832854	36114514	-0.134635	-0.077961	-0.043978	-0.086055
Chr01	35905375	36313833	-0.324221	-0.143172	-0.081541	-0.257996
Chr01	36114588	36399923	-0.219744	-0.077695	-0.047060	-0.164189
Chr01	36313994	36599179	-0.340874	-0.143294	-0.082012	-0.262316
Chr01	36399975	36729922	-0.382394	-0.154938	-0.097360	-0.340101
Chr01	36599257	36860507	-0.297098	-0.117088	-0.070587	-0.263082
Chr01	36730289	37095099	-0.066527	-0.021842	-0.011885	-0.055191
Chr01	36860508	37278939	0.095959	0.028781	0.016351	0.085836
Chr01	37095191	37419312	-0.030751	-0.010280	-0.006146	-0.018421
Chr01	37278967	37611801	0.106145	0.039682	0.019764	0.110246
Chr01	37419325	37743665	0.003345	0.001381	0.000721	0.014329
Chr01	37611886	37902617	-0.146840	-0.044476	-0.031285	-0.118827
Chr01	37743701	38105223	-0.169872	-0.047500	-0.029134	-0.129119
Chr01	37902639	38258094	-0.363139	-0.115349	-0.066677	-0.298504
Chr01	38105261	38507526	-0.207757	-0.056471	-0.036610	-0.158257
Chr01	38258147	38778344	-0.270683	-0.064181	-0.038428	-0.213106
Chr01	38508552	39035264	-0.318098	-0.077222	-0.041166	-0.277045
Chr01	38778500	39221969	-0.266296	-0.089909	-0.048153	-0.234789
Chr01	39035285	39370547	-0.351720	-0.135563	-0.076357	-0.314889
Chr01	39222082	39514491	-0.420017	-0.225940	-0.104629	-0.396875
Chr01	39370649	39762880	-0.620386	-0.348986	-0.163563	-0.600145
Chr01	39514494	40044114	-0.706096	-0.203546	-0.108685	-0.644479
Chr01	39762990	40361181	-0.247888	-0.044849	-0.026459	-0.223167
Chr01	40044210	40693256	-0.156686	-0.033024	-0.019689	-0.147960
Chr01	40361328	40836910	-0.583651	-0.248164	-0.112723	-0.538204
Chr01	40693381	41018028	-0.682265	-0.401454	-0.149327	-0.647015
Chr01	40837079	41233986	-0.568889	-0.264854	-0.114773	-0.545296
Chr01	41018345	41440725	-0.492584	-0.203367	-0.102713	-0.458220
Chr01	41234594	41576072	-0.506514	-0.206502	-0.108094	-0.441408
Chr01	41440799	41687195	-0.611822	-0.311512	-0.133562	-0.542251
Chr01	41576197	41939733	-0.655008	-0.374212	-0.130653	-0.617421
Chr01	41687337	42249187	-0.506111	-0.220757	-0.093683	-0.479373
Chr01	41940595	42340052	-0.282167	-0.110371	-0.056187	-0.253659
Chr01	42249322	42734334	-0.279650	-0.070742	-0.041505	-0.230387
Chr01	42340086	43703790	-0.133708	-0.024173	-0.015646	-0.103129
Chr01	42734659	43943308	-0.188500	-0.030691	-0.019889	-0.141300
Chr01	43703829	44155371	-0.454757	-0.059372	-0.039536	-0.338822
Chr01	43943334	44696401	-0.548640	-0.071462	-0.048009	-0.392087
Chr01	44155415	45014165	-0.540760	-0.081427	-0.052918	-0.374093
Chr01	44696478	45259415	-0.599678	-0.099050	-0.062826	-0.409593
Chr01	45015657	46153611	-0.456421	-0.069741	-0.041474	-0.316977
Chr01	45259723	46483958	-0.245651	-0.035972	-0.019980	-0.173328
Chr01	46153631	46695529	-0.323970	-0.083303	-0.043048	-0.263788
Chr01	46484546	46794458	-0.544957	-0.243765	-0.124067	-0.477923
Chr01	46695557	46904621	-0.772953	-0.490156	-0.249227	-0.630971
Chr01	46794590	47247789	-0.668008	-0.115820	-0.081844	-0.513740
Chr01	46904677	47508066	-0.327119	-0.049822	-0.030387	-0.257969
Chr01	47248014	47734687	0.088727	0.026134	0.010168	0.110418
Chr01	47508081	47963801	-0.017082	-0.004555	-0.002095	0.006285
Chr01	47734771	48149410	-0.149122	-0.021951	-0.015663	-0.108549
Chr01	47963837	48479762	-0.130851	-0.014315	-0.011254	-0.106724
Chr01	48149444	48736504	-0.174348	-0.018447	-0.014756	-0.139287
Chr01	48480192	48904066	-0.076978	-0.010470	-0.007699	-0.062066
Chr01	48737240	49162729	-0.132734	-0.028699	-0.016755	-0.106033
Chr01	48904107	49347307	0.152636	0.050913	0.023405	0.152776
Chr01	49162827	49425803	-0.334323	-0.237702	-0.090314	-0.288700
Chr01	49347631	49544860	-0.787140	-0.457779	-0.250104	-0.717757
Chr01	49425831	49794061	-0.557172	-0.111347	-0.081536	-0.463177
Chr01	49544915	50013550	-0.275992	-0.044769	-0.033487	-0.207850
Chr01	49794106	50168735	-0.034194	-0.007561	-0.005510	-0.021477
Chr01	50013558	50378869	-0.140020	-0.032842	-0.025771	-0.109970
Chr01	50172579	50648344	-0.107732	-0.022486	-0.018543	-0.096336
Chr01	50378937	50929877	0.086419	0.013847	0.012257	0.074285
Chr01	50648381	51112872	0.453641	0.092013	0.082923	0.350375
Chr01	50930137	51477522	0.537642	0.207594	0.166419	0.407439
Chr01	51112885	51938045	0.194888	0.077582	0.051676	0.139956
Chr01	51477601	52640341	0.018817	0.006027	0.003767	0.012695
Chr02	224480	742337	-0.371999	-0.112348	-0.072090	-0.316950
Chr02	550132	953138	-0.119753	-0.034750	-0.022463	-0.099281
Chr02	742462	1249056	-0.180906	-0.052405	-0.036091	-0.157975
Chr02	953385	1424771	-0.127445	-0.038150	-0.027328	-0.100133
Chr02	1249271	1662249	0.131142	0.041048	0.029776	0.094446
Chr02	1425144	1883599	-0.005500	-0.001833	-0.001145	-0.006935
Chr02	1662258	2137156	-0.183114	-0.055543	-0.032904	-0.143006
Chr02	1883656	2321686	0.122954	0.040044	0.025894	0.102611
Chr02	2137176	2490413	0.324911	0.124407	0.082881	0.276556
Chr02	2321886	2708518	0.136194	0.057759	0.035191	0.101257
Chr02	2490471	2955249	-0.217268	-0.092852	-0.055772	-0.158839
Chr02	2708567	3184434	-0.278259	-0.104431	-0.062274	-0.198342
Chr02	2955437	3411747	-0.322971	-0.126864	-0.072128	-0.227177
Chr02	3184659	3569102	-0.207687	-0.096003	-0.055146	-0.161607
Chr02	3411760	3778000	-0.135405	-0.069472	-0.035308	-0.102514
Chr02	3569371	4037352	-0.264733	-0.107523	-0.057863	-0.220904
Chr02	3778040	4253154	-0.250502	-0.087102	-0.049502	-0.215780
Chr02	4037364	4522906	-0.225962	-0.084326	-0.044612	-0.189168
Chr02	4253314	4682621	-0.050394	-0.017732	-0.010600	-0.043245
Chr02	4524011	4942746	-0.010778	-0.003268	-0.002314	-0.009666
Chr02	4682635	5185725	-0.132425	-0.037220	-0.025235	-0.095296
Chr02	4942758	5372879	-0.000771	-0.000236	-0.000142	0.012680
Chr02	5185743	5533498	-0.201767	-0.071657	-0.041877	-0.155335
Chr02	5373176	5755994	-0.335937	-0.103475	-0.067730	-0.279983
Chr02	5533511	5990855	-0.374666	-0.125948	-0.073934	-0.319327
Chr02	5756005	6396229	-0.363533	-0.145459	-0.068640	-0.330013
Chr02	5990889	6667187	-0.158892	-0.052800	-0.025527	-0.134240
Chr02	6396569	6853233	-0.053855	-0.018860	-0.009793	-0.035050
Chr02	6667544	7099381	-0.184175	-0.068415	-0.037381	-0.137488
Chr02	6853452	7269949	-0.177104	-0.061179	-0.034637	-0.126581
Chr02	7099391	7445750	-0.124149	-0.040039	-0.024422	-0.086081
Chr02	7269976	7814025	-0.203087	-0.049572	-0.032269	-0.153876
Chr02	7445817	8169809	-0.293640	-0.067917	-0.043894	-0.243016
Chr02	7814123	8397739	0.024952	0.006816	0.004410	0.024015
Chr02	8169909	8677739	0.268328	0.089663	0.055776	0.232033
Chr02	8397985	8848887	-0.020378	-0.007680	-0.004319	-0.011050
Chr02	8677851	9019647	0.008012	0.002777	0.001756	0.010345
Chr02	8848914	9259654	0.190678	0.055422	0.037187	0.134952
Chr02	9019740	9598838	-0.023184	-0.007931	-0.004893	-0.013028
Chr02	9259659	9737135	0.067211	0.028626	0.018823	0.046868
Chr02	9598863	9923302	-0.147353	-0.070984	-0.039649	-0.103961
Chr02	9737294	10183430	-0.342913	-0.128443	-0.069592	-0.273488
Chr02	9923304	10417140	-0.332749	-0.112748	-0.065394	-0.280038
Chr02	10183445	10615337	-0.240280	-0.090233	-0.052883	-0.203217
Chr02	10417179	10820833	-0.189083	-0.066415	-0.036340	-0.152202
Chr02	10615354	11035876	-0.212884	-0.063411	-0.037758	-0.168208
Chr02	10820902	11177512	0.084472	0.026038	0.016513	0.069721
Chr02	11035955	11400888	-0.051608	-0.021544	-0.011403	-0.042359
Chr02	11177514	11651955	-0.162018	-0.065472	-0.034927	-0.134352
Chr02	11400932	11884005	-0.056343	-0.020750	-0.010988	-0.044208
Chr02	11652052	12122973	-0.071853	-0.028773	-0.014430	-0.059338
Chr02	11884036	12344235	-0.195059	-0.080650	-0.043437	-0.152847
Chr02	12123036	12583354	-0.226798	-0.073267	-0.044262	-0.184148
Chr02	12345142	12879182	-0.254742	-0.067960	-0.043182	-0.226453
Chr02	12583479	13162050	-0.352846	-0.079066	-0.052935	-0.296724
Chr02	12880324	13339908	-0.101882	-0.028436	-0.017809	-0.076239
Chr02	13162073	13596941	-0.067093	-0.024220	-0.012872	-0.050505
Chr02	13340070	13810002	-0.241480	-0.067406	-0.039239	-0.194356
Chr02	13596958	14010012	-0.256840	-0.081617	-0.050440	-0.202202
Chr02	13810348	14259829	-0.091027	-0.028990	-0.018407	-0.067883
Chr02	14011120	14384008	-0.117495	-0.040867	-0.025225	-0.073258
Chr02	14259830	14590049	-0.204227	-0.110086	-0.061023	-0.131042
Chr02	14384288	14846041	-0.078333	-0.026743	-0.017117	-0.056929
Chr02	14590430	15015396	0.219035	0.071086	0.048521	0.173185
Chr02	14846103	15291817	0.225568	0.071309	0.043642	0.199696
Chr02	15015678	15485853	-0.180888	-0.057451	-0.032306	-0.145541
Chr02	15291819	15685936	-0.401978	-0.176480	-0.085493	-0.334006
Chr02	15485854	15931403	-0.211471	-0.093562	-0.043025	-0.179691
Chr02	15685939	16144756	-0.233167	-0.109275	-0.046784	-0.199706
Chr02	15931410	16488161	-0.256256	-0.097670	-0.045389	-0.216501
Chr02	16145094	16651857	-0.157722	-0.057617	-0.029056	-0.126621
Chr02	16488666	16831146	-0.237736	-0.133955	-0.062427	-0.189040
Chr02	16652061	17016939	-0.266607	-0.129400	-0.066025	-0.217628
Chr02	16832844	17184600	-0.360327	-0.153430	-0.075138	-0.251558
Chr02	17017012	17420250	-0.345996	-0.157160	-0.071702	-0.208630
Chr02	17184629	17506277	-0.217223	-0.130762	-0.062071	-0.133974
Chr02	17420271	17651839	-0.286969	-0.144789	-0.074939	-0.203027
Chr02	17506291	17815380	-0.168509	-0.067900	-0.037412	-0.142687
Chr02	17651871	17919972	-0.440240	-0.245856	-0.095613	-0.388689
Chr02	17815390	18120955	-0.489880	-0.328670	-0.103965	-0.401702
Chr02	17920025	18427260	0.180249	0.064954	0.035750	0.138424
Chr02	18120989	18625494	0.284412	0.095348	0.058685	0.220868
Chr02	18427282	18789810	-0.332022	-0.172660	-0.085837	-0.272938
Chr02	18625519	19037288	-0.264307	-0.131492	-0.059890	-0.235365
Chr02	18789844	19254173	0.308068	0.134038	0.067538	0.293083
Chr02	19037291	19447461	0.172893	0.082708	0.036414	0.164735
Chr02	19254179	19646795	-0.153254	-0.062851	-0.027554	-0.124999
Chr02	19447939	19866456	-0.077805	-0.030227	-0.016069	-0.045272
Chr02	19646864	20030647	-0.142315	-0.061971	-0.033281	-0.070299
Chr02	19866485	20178487	-0.312022	-0.131656	-0.073468	-0.224263
Chr02	20030781	20457199	-0.217622	-0.084449	-0.039998	-0.181246
Chr02	20178618	20645561	-0.199631	-0.074459	-0.035586	-0.172440
Chr02	20457211	20856270	-0.321583	-0.113907	-0.062281	-0.279037
Chr02	20645711	21126112	-0.421227	-0.162972	-0.084461	-0.372766
Chr02	20856520	21337995	-0.251695	-0.106931	-0.053118	-0.226708
Chr02	21126450	21469665	-0.094950	-0.041792	-0.022179	-0.079698
Chr02	21338066	21689735	0.049760	0.026093	0.013270	0.044625
Chr02	21469851	21817892	-0.008608	-0.004816	-0.002345	0.001106
Chr02	21689928	21990784	-0.382385	-0.189018	-0.094345	-0.304626
Chr02	21817909	22156319	-0.517052	-0.237666	-0.116317	-0.458759
Chr02	21990822	22427101	-0.304061	-0.132479	-0.061654	-0.270104
Chr02	22156368	22602628	-0.110148	-0.047438	-0.021869	-0.090183
Chr02	22427143	22799016	-0.300260	-0.143910	-0.065220	-0.253324
Chr02	22602631	22926953	-0.691288	-0.638541	-0.233516	-0.657284
Chr02	22799036	23173183	-0.821205	-0.973958	-0.335535	-0.789444
Chr02	22926966	23466347	-0.457957	-0.253960	-0.124057	-0.412504
Chr02	23173320	23692504	-0.200081	-0.073438	-0.036927	-0.167002
Chr02	23466438	23904591	-0.158957	-0.056825	-0.026912	-0.129909
Chr02	23692686	24136242	-0.314959	-0.130037	-0.062123	-0.275591
Chr02	23904616	24260520	-0.413601	-0.169362	-0.090106	-0.363853
Chr02	24136264	24429717	-0.302869	-0.122282	-0.071497	-0.250158
Chr02	24260741	24571345	-0.214870	-0.088588	-0.052224	-0.159758
Chr02	24429747	24676902	-0.214883	-0.128346	-0.066655	-0.157093
Chr02	24571368	24876968	-0.026451	-0.012470	-0.007110	-0.017446
Chr02	24677981	25046676	-0.188764	-0.076814	-0.043632	-0.154828
Chr02	24877064	25245102	-0.368833	-0.155294	-0.086450	-0.315748
Chr02	25046777	25516860	-0.456190	-0.159508	-0.100983	-0.383271
Chr02	25245317	25695551	-0.475762	-0.153210	-0.096510	-0.386399
Chr02	25516949	25857430	-0.266442	-0.087197	-0.047662	-0.181868
Chr02	25695569	26003856	-0.224928	-0.063655	-0.034651	-0.134310
Chr02	25857880	26088298	-0.418220	-0.146958	-0.078282	-0.303014
Chr02	26003868	26247903	-0.213869	-0.090434	-0.048622	-0.172567
Chr02	26088307	26413147	-0.012007	-0.004199	-0.002610	-0.008806
Chr02	26247977	26576887	-0.129145	-0.044797	-0.027211	-0.094069
Chr02	26413151	26853361	-0.045704	-0.012784	-0.008399	-0.030027
Chr02	26576976	27077162	0.411446	0.122901	0.075707	0.344533
Chr02	26853372	27246115	0.324501	0.125392	0.066976	0.302505
Chr02	27077168	27545643	-0.265818	-0.123253	-0.054297	-0.233332
Chr02	27246133	27776691	-0.194614	-0.075366	-0.036073	-0.171660
Chr02	27545644	27989608	0.160031	0.056365	0.030472	0.140472
Chr02	27776697	28344365	-0.086017	-0.030623	-0.015319	-0.074112
Chr02	27989712	28563271	-0.254931	-0.082569	-0.041739	-0.223613
Chr02	28344400	28697270	0.060495	0.021948	0.012124	0.053093
Chr02	28563525	28965087	0.245126	0.084172	0.049735	0.203390
Chr02	28697544	29185980	-0.052983	-0.016504	-0.009181	-0.038500
Chr02	28965100	29298485	0.078767	0.033800	0.019202	0.057862
Chr02	29185987	29504871	0.164670	0.067704	0.039660	0.140194
Chr02	29298500	29714215	-0.011420	-0.003827	-0.002246	-0.007605
Chr02	29504908	30022759	-0.058030	-0.016531	-0.010228	-0.044651
Chr02	29716073	30243171	0.024591	0.007392	0.004340	0.029257
Chr02	30022772	30419973	-0.042748	-0.013533	-0.008168	-0.027148
Chr02	30246567	30592071	-0.117146	-0.036127	-0.023016	-0.096990
Chr02	30420018	30830519	0.182879	0.063823	0.037742	0.153008
Chr02	30592074	31060501	0.036588	0.012028	0.006870	0.029724
Chr02	30830664	31316422	-0.202811	-0.060208	-0.032956	-0.171330
Chr02	31060550	31504297	-0.202689	-0.059051	-0.030516	-0.150666
Chr02	31316681	31657366	0.180830	0.057845	0.030193	0.143346
Chr02	31506997	31897517	0.118367	0.037168	0.021245	0.114740
Chr02	31657415	32040819	-0.450602	-0.176851	-0.090575	-0.391405
Chr02	31897944	32325449	-0.677431	-0.320450	-0.151249	-0.595641
Chr02	32040972	32521535	-0.128534	-0.051039	-0.027551	-0.111253
Chr02	32325456	32746332	0.261250	0.087350	0.047665	0.244934
Chr02	32521536	32954288	-0.039307	-0.012169	-0.006889	-0.031998
Chr02	32746366	33167520	-0.269748	-0.101424	-0.059274	-0.214564
Chr02	32954394	33374110	-0.357493	-0.142606	-0.076362	-0.282014
Chr02	33167532	33590501	-0.326689	-0.129892	-0.066147	-0.268336
Chr02	33374111	33714632	-0.135280	-0.049925	-0.026976	-0.104041
Chr02	33590512	33990446	-0.231439	-0.073290	-0.040111	-0.169166
Chr02	33714648	34108763	-0.179942	-0.062894	-0.032837	-0.150438
Chr02	33990467	34298611	0.079475	0.035099	0.016581	0.076554
Chr02	34108900	34457167	-0.255948	-0.135737	-0.054310	-0.227858
Chr02	34298797	34606788	-0.433315	-0.183456	-0.091994	-0.374014
Chr02	34457194	34757482	-0.392331	-0.117299	-0.075581	-0.350671
Chr02	34606801	34931823	-0.403642	-0.126997	-0.076804	-0.356658
Chr02	34757557	35111731	-0.361227	-0.145505	-0.068998	-0.288873
Chr02	34931894	35276789	0.163239	0.075532	0.038746	0.153424
Chr02	35111835	35570238	0.234840	0.082329	0.049201	0.218152
Chr02	35276859	35817144	-0.079958	-0.024383	-0.014061	-0.056310
Chr02	35570294	36028547	0.065750	0.022137	0.013259	0.048672
Chr02	35817339	36177342	-0.299694	-0.107937	-0.060343	-0.224272
Chr02	36028672	36405807	-0.184139	-0.069288	-0.038345	-0.156096
Chr02	36177600	36479112	0.431767	0.113458	0.083779	0.304629
Chr02	36405825	36691692	0.226723	0.054119	0.039280	0.176675
Chr02	36479133	36860788	-0.128916	-0.034977	-0.022442	-0.111546
Chr02	36691752	36973434	-0.464778	-0.209560	-0.109175	-0.389079
Chr02	36860874	37038901	-0.582687	-0.426389	-0.182835	-0.471407
Chr02	36973455	37117782	-0.494985	-0.322998	-0.170488	-0.405656
Chr02	37039068	37293978	-0.277472	-0.114425	-0.066656	-0.223877
Chr02	37117803	37382627	-0.144822	-0.059940	-0.033122	-0.115521
Chr02	37294016	37625314	-0.376494	-0.161666	-0.090497	-0.331011
Chr02	37382686	37779834	-0.331990	-0.121577	-0.069563	-0.315310
Chr02	37625337	38053722	-0.324725	-0.127501	-0.059729	-0.294982
Chr02	37779874	38260992	-0.314117	-0.130084	-0.056099	-0.279050
Chr02	38053732	38406505	0.002137	0.001006	0.000508	0.001144
Chr02	38261554	38680876	-0.079207	-0.020664	-0.013556	-0.074038
Chr02	38406519	38928154	-0.361928	-0.070129	-0.045324	-0.314731
Chr02	38681121	39045723	-0.205218	-0.056733	-0.034789	-0.164698
Chr02	38928206	39344574	0.156068	0.050937	0.030444	0.119520
Chr02	39045745	39634637	0.115240	0.035081	0.018865	0.104594
Chr02	39344789	40006696	0.166698	0.050502	0.025469	0.161542
Chr02	39634669	40518396	0.203221	0.038334	0.019751	0.192327
Chr02	40007736	41466062	0.287519	0.042826	0.021288	0.285990
Chr02	40518400	41813945	0.349854	0.065038	0.028770	0.357486
Chr02	41466063	42957091	0.165835	0.041063	0.017806	0.173231
Chr02	41814066	43410063	0.144190	0.035799	0.016189	0.157012
Chr02	42957314	43699195	-0.082097	-0.020330	-0.009774	-0.055404
Chr02	43410139	43966441	0.105143	0.032392	0.015519	0.121153
Chr02	43700257	44184181	0.021539	0.008082	0.003627	0.036839
Chr02	43970138	44761113	-0.252133	-0.061356	-0.031990	-0.226452
Chr02	44184202	45054994	0.337354	0.071080	0.037410	0.313730
Chr02	44761232	45147173	0.569198	0.212542	0.107197	0.531267
Chr02	45055317	45302021	0.229194	0.103733	0.056611	0.168644
Chr02	45147195	45562542	0.271014	0.086213	0.035856	0.191778
Chr02	45302054	45836243	0.433004	0.120110	0.049116	0.294450
Chr02	45562754	46042845	0.170371	0.047789	0.023774	0.126561
Chr02	45836325	46216652	0.118244	0.049551	0.024417	0.112196
Chr02	46042855	46458308	-0.255258	-0.150330	-0.061521	-0.217834
Chr02	46216661	46574510	-0.559297	-0.356158	-0.132641	-0.465221
Chr02	46458543	46793635	-0.672182	-0.394223	-0.152376	-0.571546
Chr02	46574876	47135139	-0.549792	-0.241353	-0.106088	-0.448434
Chr02	46793636	47306147	-0.094685	-0.032478	-0.018250	-0.071580
Chr02	47137932	47482630	-0.229424	-0.087531	-0.049462	-0.158933
Chr02	47306149	47591651	-0.451851	-0.229366	-0.106969	-0.352611
Chr02	47482821	47776695	-0.577752	-0.345960	-0.148326	-0.503279
Chr02	47591899	47886068	-0.330676	-0.181074	-0.085651	-0.257156
Chr02	47776878	48048596	0.333928	0.164639	0.077794	0.289101
Chr02	47886088	48250275	0.094647	0.040834	0.018280	0.098196
Chr02	48051360	48381384	-0.247040	-0.113425	-0.050506	-0.222975
Chr02	48250467	48531235	-0.412149	-0.179099	-0.090675	-0.396799
Chr02	48381419	48668644	-0.252175	-0.114437	-0.055089	-0.228524
Chr02	48531335	48839965	0.121391	0.076606	0.033886	0.126885
Chr02	48668654	49047014	-0.132330	-0.057742	-0.029522	-0.107783
Chr02	48840049	49224711	-0.457372	-0.178147	-0.083206	-0.397928
Chr02	49047138	49386890	-0.345095	-0.154362	-0.071646	-0.284138
Chr02	49225212	49555354	0.051991	0.023855	0.013177	0.037141
Chr02	49386894	49727644	-0.020204	-0.009360	-0.005090	-0.010867
Chr02	49555438	49920860	-0.139865	-0.063271	-0.035243	-0.100554
Chr02	49727682	50094730	-0.210282	-0.085703	-0.052049	-0.164703
Chr02	49920893	50403370	-0.230618	-0.077335	-0.051156	-0.177550
Chr02	50094946	50549638	-0.300820	-0.112623	-0.067791	-0.240303
Chr02	50403613	50812902	-0.337859	-0.146337	-0.081176	-0.282357
Chr02	50549766	51105087	-0.053150	-0.014653	-0.010334	-0.049533
Chr02	50812957	51351502	-0.078326	-0.018016	-0.013673	-0.067570
Chr02	51105088	51540326	-0.134339	-0.042059	-0.028483	-0.111217
Chr02	51351557	51612000	0.150614	0.067735	0.048875	0.133490
Chr02	51540417	51681725	0.229265	0.131826	0.112858	0.207099
Chr02	51612073	51966839	0.162482	0.038640	0.033981	0.142247
Chr02	51681762	52175195	0.212828	0.036103	0.030457	0.188056
Chr02	51966862	52365281	0.014887	0.003726	0.002517	0.013504
Chr02	52175225	52639430	-0.031387	-0.010091	-0.005050	-0.014209
Chr02	52365282	52833941	0.068427	0.024711	0.011489	0.066010
Chr02	52639598	53048474	0.065963	0.020145	0.010843	0.053723
Chr02	52834144	53187668	0.223138	0.073977	0.044177	0.187168
Chr02	53048613	53396589	0.229746	0.125758	0.060270	0.201286
Chr02	53187669	53514694	0.066078	0.038931	0.016397	0.059522
Chr02	53396613	53643455	-0.378611	-0.209740	-0.103090	-0.300951
Chr02	53514702	53847570	-0.310167	-0.142258	-0.079882	-0.233242
Chr02	53643515	54036027	-0.058021	-0.022078	-0.012658	-0.041249
Chr02	53847575	54130075	-0.105939	-0.045823	-0.025917	-0.081450
Chr02	54036486	54357287	-0.021906	-0.009774	-0.005848	-0.010285
Chr02	54130431	54486729	-0.156040	-0.085807	-0.040189	-0.102552
Chr02	54357296	54619427	-0.731825	-0.592503	-0.204227	-0.629188
Chr02	54486788	54764134	-0.851302	-0.764217	-0.258193	-0.803759
Chr02	54619447	54951143	-0.356298	-0.209964	-0.094850	-0.324504
Chr02	54764256	55185158	0.037738	0.016450	0.007807	0.040743
Chr02	54951211	55390116	-0.020277	-0.009922	-0.004493	-0.011962
Chr02	55185247	55578959	-0.150525	-0.054867	-0.030561	-0.137692
Chr02	55390150	55833538	-0.263746	-0.075748	-0.047415	-0.231879
Chr02	55579118	56109385	-0.023488	-0.006253	-0.003946	-0.013169
Chr02	55833821	56298986	-0.053654	-0.014492	-0.008968	-0.040848
Chr02	56109428	56475222	-0.116397	-0.042892	-0.024391	-0.098409
Chr02	56299150	56637419	-0.078311	-0.031246	-0.017843	-0.060896
Chr02	56475293	56898153	-0.178640	-0.087810	-0.055490	-0.114014
Chr02	56637485	57113601	-0.088320	-0.039018	-0.024481	-0.060527
Chr02	56898219	57262308	-0.012688	-0.004849	-0.003094	-0.014817
Chr02	57114880	57516025	-0.043382	-0.012323	-0.008667	-0.037553
Chr02	57262340	57687109	-0.210537	-0.059874	-0.039376	-0.165229
Chr02	57516045	57905893	-0.029837	-0.011302	-0.006504	-0.015156
Chr02	57687138	58088446	0.125432	0.044374	0.026818	0.111638
Chr02	57905915	58174100	0.129723	0.052756	0.030118	0.104589
Chr02	58088451	58353284	0.293573	0.135637	0.072703	0.239750
Chr02	58174419	58466658	0.296701	0.143008	0.090062	0.239644
Chr02	58353288	58618438	0.271156	0.132230	0.091580	0.193537
Chr02	58466786	58773539	0.110122	0.044406	0.026967	0.081895
Chr02	58618473	58971503	-0.208465	-0.084497	-0.048694	-0.164600
Chr02	58773775	59238981	-0.164905	-0.058690	-0.035112	-0.119437
Chr02	58971518	59427376	0.005568	0.002032	0.001148	0.015568
Chr02	59239055	59571881	-0.062170	-0.025758	-0.014489	-0.040040
Chr02	59427680	59675217	0.045108	0.019973	0.013468	0.031397
Chr02	59572121	59827476	0.325813	0.167726	0.120463	0.214111
Chr02	59681146	60052725	0.383173	0.135382	0.104212	0.263164
Chr02	59827518	60300217	0.167333	0.051336	0.039369	0.112330
Chr02	60052740	60465607	-0.291490	-0.148305	-0.096332	-0.207495
Chr02	60300384	60586133	-0.013049	-0.008521	-0.005451	-0.006261
Chr02	60465686	60976330	0.281559	0.134899	0.101765	0.177721
Chr02	60586219	61155139	0.110659	0.037112	0.024563	0.076709
Chr02	60976352	61410481	0.235078	0.071057	0.040102	0.204815
Chr02	61155807	61632609	0.175326	0.062509	0.032644	0.167339
Chr02	61410522	61829176	0.045686	0.016456	0.009512	0.048059
Chr02	61633124	62096977	0.064604	0.023140	0.014482	0.063333
Chr02	61829221	62241699	-0.214859	-0.099808	-0.054665	-0.156969
Chr02	62097080	62398440	-0.108876	-0.059313	-0.023692	-0.076588
Chr02	62241737	62525988	-0.237652	-0.180473	-0.061355	-0.175825
Chr02	62398483	62736603	-0.516615	-0.305650	-0.145332	-0.413328
Chr02	62526082	62891485	-0.339238	-0.141049	-0.078233	-0.261638
Chr02	62736629	63036588	-0.044781	-0.017772	-0.010555	-0.034860
Chr02	62892186	63237997	-0.137631	-0.057423	-0.034181	-0.110686
Chr02	63036762	63436555	-0.205545	-0.071226	-0.042895	-0.167829
Chr02	63237998	63759442	-0.089182	-0.026720	-0.015473	-0.067989
Chr02	63436909	64038393	0.054805	0.015593	0.008265	0.054264
Chr02	63759541	64180446	0.408956	0.123965	0.068526	0.387586
Chr02	64038401	64467377	0.081281	0.022369	0.013531	0.075621
Chr02	64180546	64740332	-0.304303	-0.073966	-0.045421	-0.257932
Chr02	64467679	65026869	-0.021313	-0.005866	-0.003789	-0.011561
Chr02	64740334	65226170	0.075813	0.021774	0.015799	0.064475
Chr02	65027013	65447338	-0.035055	-0.008508	-0.006364	-0.032817
Chr02	65226204	65633110	-0.448723	-0.130603	-0.090847	-0.377043
Chr02	65447451	65792448	-0.714406	-0.315640	-0.191785	-0.655052
Chr02	65635111	65995330	-0.393510	-0.167078	-0.099073	-0.332928
Chr02	65792514	66226279	0.195812	0.072193	0.041978	0.146997
Chr02	65995512	66459019	0.012308	0.004589	0.002522	0.010137
Chr02	66226305	66607540	-0.208277	-0.074474	-0.045211	-0.152738
Chr02	66459020	66736801	-0.431612	-0.220789	-0.119100	-0.361812
Chr02	66607696	66919093	-0.541718	-0.391331	-0.161654	-0.466226
Chr02	66736803	67059013	-0.185539	-0.096002	-0.049411	-0.142506
Chr02	66919160	67282155	0.041668	0.018165	0.009913	0.039996
Chr02	67059022	67406428	0.016302	0.006313	0.003802	0.018827
Chr02	67282302	67549779	-0.008154	-0.002703	-0.001968	-0.009293
Chr02	67406535	67648825	0.221381	0.072881	0.052906	0.177921
Chr02	67549780	67795328	0.144610	0.054965	0.039561	0.120083
Chr02	67648875	67979659	-0.359920	-0.162668	-0.094297	-0.290933
Chr02	67795568	68143065	-0.409849	-0.181564	-0.100137	-0.308576
Chr02	67979764	68332004	0.011071	0.004746	0.002963	0.007506
Chr02	68143095	68547044	-0.076327	-0.033942	-0.021422	-0.058909
Chr02	68332147	68804837	-0.331511	-0.140550	-0.083607	-0.255871
Chr02	68547067	69000866	-0.346002	-0.127323	-0.069835	-0.277718
Chr02	68804982	69241371	-0.344661	-0.146731	-0.076660	-0.281687
Chr02	69001009	69400182	-0.445221	-0.251337	-0.130940	-0.375254
Chr02	69241491	69588875	-0.245063	-0.133059	-0.068489	-0.200425
Chr02	69400197	69729699	-0.248827	-0.125895	-0.062991	-0.194697
Chr02	69588888	69960052	-0.381471	-0.170389	-0.089602	-0.289505
Chr02	69729974	70074697	-0.239890	-0.100248	-0.058562	-0.163101
Chr02	69960077	70254519	-0.176480	-0.083058	-0.048507	-0.121531
Chr02	70074722	70485988	-0.515444	-0.318355	-0.152546	-0.427707
Chr02	70254656	70677929	-0.734669	-0.606027	-0.244072	-0.685631
Chr02	70486053	70765290	-0.561793	-0.433471	-0.188619	-0.431587
Chr02	70677944	70937393	-0.040745	-0.015284	-0.010197	-0.019095
Chr02	70765296	71043113	-0.026665	-0.007281	-0.005416	-0.019541
Chr02	70937403	71394507	0.065351	0.019113	0.013665	0.048496
Chr02	71043126	71681264	0.152706	0.047741	0.032413	0.097579
Chr02	71394797	71932829	0.183715	0.052481	0.036822	0.112306
Chr02	71681841	72295291	0.116980	0.028853	0.020259	0.078864
Chr02	71932994	72526485	-0.170844	-0.050210	-0.031869	-0.129156
Chr02	72295677	72767215	-0.269731	-0.092578	-0.055035	-0.225161
Chr02	72526518	73096390	-0.173146	-0.057466	-0.031585	-0.140739
Chr02	72777284	73304169	0.078700	0.026025	0.014650	0.073531
Chr02	73096416	73418466	0.172046	0.055293	0.036221	0.119905
Chr02	73304175	73678084	0.063504	0.019747	0.013431	0.040315
Chr02	73419236	73894097	-0.040129	-0.011408	-0.007619	-0.025312
Chr02	73678137	74013993	-0.096937	-0.036528	-0.023406	-0.053766
Chr02	73894116	74195167	-0.065472	-0.036554	-0.020329	-0.040331
Chr02	74014143	74422096	-0.085002	-0.040323	-0.021303	-0.062141
Chr02	74195316	74607878	-0.245721	-0.126279	-0.063071	-0.204318
Chr02	74422108	74914647	-0.465124	-0.220084	-0.110831	-0.414733
Chr02	74609525	75061681	-0.500569	-0.239731	-0.122035	-0.430528
Chr02	74914688	75930307	-0.395429	-0.259836	-0.128399	-0.300715
Chr02	75061703	76162494	-0.257925	-0.162869	-0.090355	-0.177707
Chr02	75930313	76352434	-0.132707	-0.061349	-0.036742	-0.092229
Chr02	76162536	76686194	-0.020092	-0.006599	-0.004180	-0.012745
Chr02	76352846	76832656	0.053352	0.016012	0.010339	0.039241
Chr02	76686539	77012689	0.078180	0.032349	0.019590	0.065580
Chr02	76832803	77227547	-0.110748	-0.049769	-0.028008	-0.090625
Chr02	77012732	77426242	-0.393360	-0.152438	-0.082880	-0.313605
Chr02	77227620	77640614	-0.211580	-0.070455	-0.041366	-0.176834
Chr02	77426370	77829407	-0.257920	-0.082398	-0.049054	-0.223319
Chr02	77640744	78072478	-0.434059	-0.144219	-0.084005	-0.388442
Chr02	77829450	78307383	-0.283094	-0.088749	-0.049387	-0.252133
Chr02	78072480	78507271	-0.029524	-0.011437	-0.005949	-0.025512
Chr02	78307442	78652047	0.063942	0.030929	0.017894	0.056035
Chr02	78507272	78846393	0.037655	0.017476	0.009794	0.035335
Chr02	78652049	79026462	0.080681	0.034296	0.019711	0.066705
Chr02	78846513	79231602	0.022863	0.007077	0.004602	0.018242
Chr02	79026590	79417548	-0.049134	-0.014996	-0.009816	-0.040952
Chr02	79232440	79604751	0.076642	0.031707	0.019917	0.059861
Chr02	79417657	79995884	0.022071	0.009349	0.004657	0.024773
Chr02	79604755	80193480	-0.136574	-0.054591	-0.026678	-0.110886
Chr02	79995890	80432835	-0.071218	-0.025580	-0.013159	-0.053330
Chr02	80193516	80535569	0.023773	0.010052	0.005516	0.024111
Chr02	80432837	80729222	-0.104957	-0.047810	-0.024637	-0.081625
Chr02	80535660	80920017	-0.035820	-0.011172	-0.006045	-0.022865
Chr02	80729377	81179069	0.230355	0.070382	0.041264	0.212357
Chr02	80920143	81397890	0.267045	0.100170	0.054351	0.248272
Chr02	81179311	81604736	-0.076902	-0.028124	-0.015317	-0.062514
Chr02	81397939	81815897	-0.406231	-0.178680	-0.090233	-0.332799
Chr02	81604790	81978571	-0.328825	-0.156995	-0.080475	-0.271911
Chr02	81815920	82079849	-0.136213	-0.058959	-0.033147	-0.094431
Chr02	81978678	82278021	-0.302902	-0.139417	-0.077009	-0.223255
Chr02	82080076	82425119	-0.345935	-0.141992	-0.077746	-0.259558
Chr02	82278351	82584410	-0.243285	-0.106072	-0.056576	-0.184000
Chr02	82425134	82734354	-0.096936	-0.037474	-0.022126	-0.077487
Chr02	82584478	82874923	0.000802	0.000291	0.000176	0.002444
Chr02	82734364	83125752	-0.127273	-0.048349	-0.028495	-0.102018
Chr02	82874943	83320529	-0.000362	-0.000116	-0.000076	-0.000668
Chr02	83126028	83499531	0.008449	0.002648	0.001729	0.001353
Chr02	83320575	83634460	-0.085106	-0.034534	-0.019089	-0.059463
Chr02	83499540	83906947	-0.267203	-0.099270	-0.051218	-0.213314
Chr02	83634547	84155124	-0.320277	-0.100575	-0.056597	-0.274175
Chr02	83907007	84338818	-0.045434	-0.014021	-0.008069	-0.037020
Chr02	84155235	84529278	0.045386	0.015276	0.009211	0.036441
Chr02	84339021	84730791	-0.185489	-0.068109	-0.041594	-0.146545
Chr02	84529836	85033360	-0.093527	-0.024475	-0.015750	-0.067577
Chr02	84730800	85219507	0.157808	0.037163	0.025277	0.117602
Chr02	85033991	85452263	0.164889	0.047405	0.033017	0.127584
Chr02	85219708	85616467	0.008658	0.003006	0.002094	0.007555
Chr02	85452276	85861037	-0.160201	-0.069852	-0.043151	-0.107099
Chr02	85616478	86120028	0.012397	0.004066	0.002691	0.008167
Chr02	85861422	86355699	-0.021158	-0.007605	-0.004655	-0.015342
Chr02	86120036	86643153	-0.278857	-0.113655	-0.055929	-0.227055
Chr02	86355744	86798223	-0.359365	-0.162007	-0.073793	-0.300300
Chr02	86643275	87110787	-0.496029	-0.277596	-0.122422	-0.416584
Chr02	86798259	87291932	-0.479786	-0.247705	-0.105332	-0.341304
Chr02	87111158	87442357	-0.128501	-0.060158	-0.025389	-0.075008
Chr02	87291986	87708509	0.072462	0.018815	0.012234	0.050029
Chr02	87442902	87960643	0.048668	0.012177	0.007920	0.039530
Chr02	87708522	88247800	0.254511	0.094354	0.056616	0.207281
Chr02	87960686	88410614	0.264039	0.102922	0.070955	0.196759
Chr02	88247846	88593534	-0.283736	-0.106525	-0.066153	-0.220617
Chr02	88410951	88755175	-0.256721	-0.096901	-0.055127	-0.184612
Chr02	88594120	88947314	-0.088423	-0.029320	-0.017925	-0.061333
Chr02	88755209	89097265	-0.226742	-0.081552	-0.048186	-0.174871
Chr02	88947529	89279697	-0.334612	-0.136003	-0.075902	-0.251537
Chr02	89097334	89450740	-0.232567	-0.092771	-0.056621	-0.172823
Chr02	89279943	89608644	-0.116049	-0.052012	-0.034039	-0.086366
Chr02	89450835	89754472	0.021136	0.009954	0.006794	0.013611
Chr02	89610060	89883400	0.058062	0.023330	0.015926	0.031190
Chr02	89754488	90023177	-0.028085	-0.010808	-0.007054	-0.013184
Chr02	89883455	90237100	0.110228	0.045882	0.027882	0.081354
Chr02	90023198	90423389	0.139717	0.051068	0.031891	0.094404
Chr02	90237123	90597449	-0.014399	-0.005282	-0.003242	-0.007490
Chr02	90423526	90746446	-0.092089	-0.036174	-0.020818	-0.062137
Chr02	90597491	90989907	-0.125516	-0.052960	-0.029743	-0.093941
Chr02	90746470	91195231	0.001923	0.000885	0.000495	0.003474
Chr02	90989921	91440798	0.050016	0.022812	0.013219	0.030092
Chr02	91195240	91566445	-0.022074	-0.013479	-0.007045	-0.011435
Chr02	91440828	91711605	0.187853	0.078601	0.052468	0.108713
Chr02	91566918	91871598	0.294402	0.113038	0.076681	0.168956
Chr02	91711621	91971640	0.033478	0.020196	0.011224	0.020590
Chr02	91871837	92149801	-0.173270	-0.094002	-0.049693	-0.116125
Chr02	91971723	92292478	-0.192288	-0.087326	-0.050408	-0.128076
Chr02	92149815	92534019	-0.098581	-0.047398	-0.029802	-0.068606
Chr02	92294881	92644136	0.034281	0.019025	0.010738	0.023296
Chr02	92534075	92825787	0.070284	0.034158	0.019988	0.038025
Chr02	92644137	92947228	0.106802	0.036995	0.026219	0.046178
Chr02	92825871	93077935	-0.056176	-0.026495	-0.017162	-0.029023
Chr02	92947543	93171828	-0.083929	-0.058981	-0.032379	-0.053776
Chr02	93077941	93243874	0.005537	0.003980	0.002448	0.000262
Chr02	93171908	93305520	0.023814	0.018956	0.012551	0.008299
Chr02	93243947	93417671	0.075309	0.047428	0.031482	0.040403
Chr02	93305522	93690050	0.065501	0.034553	0.022425	0.040167
Chr02	93417797	94009473	-0.095766	-0.054975	-0.031371	-0.057399
Chr02	93690073	94123026	-0.095583	-0.058437	-0.031918	-0.054109
Chr02	94009656	94437460	-0.024771	-0.009523	-0.005611	-0.007914
Chr02	94123050	94580385	0.016123	0.005876	0.003702	0.018450
Chr03	106175	452154	0.011100	0.005161	0.003355	0.007427
Chr03	280343	558731	0.108915	0.061534	0.034937	0.078482
Chr03	452272	744807	-0.118907	-0.071086	-0.038603	-0.091188
Chr03	558851	798934	-0.637312	-0.568268	-0.255957	-0.549511
Chr03	744819	915568	-0.494943	-0.476010	-0.199917	-0.427395
Chr03	798944	1128652	-0.497117	-0.263665	-0.130228	-0.434468
Chr03	915573	1305767	-0.648932	-0.239221	-0.131193	-0.535490
Chr03	1128902	1510879	-0.304642	-0.113981	-0.067252	-0.202209
Chr03	1305805	1677475	-0.093696	-0.039814	-0.027425	-0.063093
Chr03	1510886	1780988	-0.062282	-0.022560	-0.017412	-0.039285
Chr03	1677520	1903789	-0.223896	-0.133460	-0.089945	-0.118705
Chr03	1781998	1972864	-0.145700	-0.121972	-0.072093	-0.081060
Chr03	1903863	2040700	-0.073066	-0.071942	-0.043428	-0.038993
Chr03	1972888	2153133	-0.067182	-0.059139	-0.037531	-0.038044
Chr03	2040734	2279760	0.020474	0.010737	0.007356	0.010026
Chr03	2153200	2399606	-0.023353	-0.012613	-0.008272	-0.009677
Chr03	2279833	2592369	0.190673	0.133611	0.082018	0.132656
Chr03	2399612	2840663	0.333481	0.183681	0.105054	0.245478
Chr03	2592384	3014303	0.019395	0.008192	0.004695	0.016990
Chr03	2840975	3200219	-0.075175	-0.027219	-0.016590	-0.050903
Chr03	3014386	3367390	0.000226	0.000077	0.000048	0.001657
Chr03	3200338	3572221	-0.085327	-0.033790	-0.021130	-0.049792
Chr03	3367580	3752858	-0.052126	-0.026285	-0.015572	-0.025708
Chr03	3572304	3902611	-0.014374	-0.008725	-0.005375	-0.004043
Chr03	3752937	4073203	0.054362	0.029293	0.018689	0.032701
Chr03	3902759	4282493	0.025020	0.010189	0.006624	0.019450
Chr03	4073269	4446585	-0.204730	-0.076263	-0.047107	-0.111593
Chr03	4282538	4764000	-0.151838	-0.054916	-0.032213	-0.091429
Chr03	4446980	4939426	-0.116897	-0.045382	-0.026091	-0.084901
Chr03	4764104	5205295	-0.229096	-0.111168	-0.058337	-0.170107
Chr03	4939440	5332539	-0.201084	-0.122071	-0.059909	-0.123620
Chr03	5205310	5509258	-0.056698	-0.034180	-0.020368	-0.026585
Chr03	5332620	5584558	0.112196	0.070185	0.047610	0.074624
Chr03	5509261	5658590	0.193573	0.139474	0.086262	0.121806
Chr03	5584563	5790387	0.042878	0.029854	0.016904	0.037111
Chr03	5658728	5908072	0.092619	0.063582	0.039159	0.067526
Chr03	5790401	6044118	0.131014	0.066686	0.047359	0.097463
Chr03	5908077	6171359	0.033099	0.014456	0.009896	0.023928
Chr03	6044122	6300970	0.026059	0.011961	0.007494	0.018447
Chr03	6171491	6511077	-0.086286	-0.037665	-0.021777	-0.055536
Chr03	6301044	6698962	0.040474	0.018754	0.009505	0.040963
Chr03	6521209	6796606	0.141617	0.079035	0.037022	0.103517
Chr03	6699041	6896254	-0.223315	-0.172737	-0.065757	-0.139628
Chr03	6797091	7001936	-0.476230	-0.561957	-0.147640	-0.238159
Chr03	6896368	7162896	-0.390192	-0.304562	-0.105727	-0.202923
Chr03	7001939	7392422	-0.269905	-0.120358	-0.060225	-0.178711
Chr03	7163196	7621080	-0.259341	-0.081649	-0.045435	-0.177831
Chr03	7392450	7755048	-0.010224	-0.003778	-0.002116	-0.005656
Chr03	7621127	7924944	0.156984	0.072040	0.042921	0.118067
Chr03	7755137	8129764	-0.037216	-0.013905	-0.008514	-0.028536
Chr03	7925086	8315650	0.110039	0.041083	0.023888	0.069535
Chr03	8129847	8446750	0.118010	0.045371	0.028220	0.081937
Chr03	8315737	8587630	-0.067131	-0.027273	-0.018137	-0.041231
Chr03	8446927	8723319	0.182831	0.083342	0.055105	0.119875
Chr03	8587633	8858041	0.083416	0.040627	0.026924	0.061676
Chr03	8723417	9077520	-0.034605	-0.019289	-0.011056	-0.018487
Chr03	8858364	9231729	0.002689	0.001633	0.000872	0.005458
Chr03	9077659	9475081	-0.175242	-0.079193	-0.045040	-0.128981
Chr03	9231869	9629942	-0.157806	-0.075480	-0.044407	-0.108901
Chr03	9475131	9769511	-0.136031	-0.094297	-0.052637	-0.084742
Chr03	9630864	9925949	-0.106653	-0.053586	-0.031443	-0.073780
Chr03	9769756	10179220	-0.011669	-0.005152	-0.003349	-0.009105
Chr03	9925961	11536410	-0.041172	-0.019842	-0.011748	-0.021788
Chr03	10179500	11715233	-0.127464	-0.058613	-0.033416	-0.083973
Chr03	11536886	11896144	-0.155922	-0.059835	-0.037699	-0.107670
Chr03	11715557	12038223	0.028020	0.011125	0.007531	0.020454
Chr03	11896147	12174037	0.126746	0.063339	0.043521	0.083202
Chr03	12038229	12310053	0.040198	0.024385	0.015961	0.028104
Chr03	12174072	12376168	0.165439	0.120604	0.078631	0.113208
Chr03	12310067	12534342	0.327866	0.196604	0.135452	0.217954
Chr03	12376308	12669793	0.167416	0.082745	0.053191	0.107198
Chr03	12534343	12755945	-0.028880	-0.013562	-0.007888	-0.015178
Chr03	12669829	12877541	-0.356267	-0.187948	-0.102807	-0.274200
Chr03	12755966	13081151	-0.254530	-0.121960	-0.071957	-0.203890
Chr03	12877690	13480880	-0.068101	-0.022190	-0.014317	-0.049984
Chr03	13081191	13752330	-0.386139	-0.143894	-0.079571	-0.310345
Chr03	13480925	13909486	-0.266802	-0.126160	-0.062412	-0.212304
Chr03	13752361	14031199	-0.080059	-0.047491	-0.021639	-0.054961
Chr03	13910102	14238833	-0.074486	-0.043799	-0.020369	-0.047911
Chr03	14031515	14408886	0.016641	0.007472	0.004258	0.015680
Chr03	14238990	14610906	-0.034000	-0.015975	-0.008277	-0.019127
Chr03	14408931	14800034	-0.074318	-0.033330	-0.016915	-0.054397
Chr03	14611086	15156068	-0.227265	-0.088301	-0.047649	-0.176296
Chr03	14800065	15316789	-0.267855	-0.100669	-0.055002	-0.218793
Chr03	15156080	15560969	-0.307452	-0.107700	-0.059233	-0.266242
Chr03	15317067	15741344	-0.389010	-0.141316	-0.076590	-0.313608
Chr03	15560974	15899705	-0.560805	-0.293762	-0.157876	-0.430903
Chr03	15741409	16052333	-0.559850	-0.216037	-0.140875	-0.420512
Chr03	15899733	16170765	-0.027645	-0.010058	-0.006668	-0.012115
Chr03	16052367	16472215	-0.085840	-0.042001	-0.022088	-0.058950
Chr03	16172895	16721350	-0.255180	-0.096136	-0.047894	-0.210234
Chr03	16472415	16836660	-0.220612	-0.080641	-0.041191	-0.154041
Chr03	16721356	16906978	0.126547	0.066991	0.039704	0.084338
Chr03	16836672	17033092	0.317751	0.176308	0.107245	0.238152
Chr03	16910116	17188304	-0.104253	-0.043812	-0.026153	-0.080273
Chr03	17033713	17354697	-0.191079	-0.069700	-0.042795	-0.149210
Chr03	17188350	17484060	0.035577	0.014113	0.008657	0.031897
Chr03	17355851	17734301	-0.069645	-0.031694	-0.016077	-0.050266
Chr03	17484072	17954018	-0.180958	-0.074866	-0.036733	-0.140935
Chr03	17734345	18736182	-0.207636	-0.068847	-0.035301	-0.172362
Chr03	17954050	18941832	-0.149777	-0.053538	-0.027302	-0.137394
Chr03	18739609	19340089	-0.358564	-0.127099	-0.069674	-0.322222
Chr03	18941882	19493120	-0.461250	-0.142854	-0.084284	-0.388443
Chr03	19340351	19710417	-0.126568	-0.043109	-0.025743	-0.093846
Chr03	19493205	19913872	-0.071706	-0.018664	-0.011929	-0.050563
Chr03	19710432	20026960	-0.222693	-0.063734	-0.041467	-0.170047
Chr03	19913914	20223362	-0.175606	-0.075311	-0.045136	-0.122299
Chr03	20027036	20312778	0.057190	0.023649	0.015663	0.039604
Chr03	20223391	20448573	-0.074857	-0.036576	-0.024217	-0.051989
Chr03	20312785	20558379	-0.060937	-0.027783	-0.018779	-0.047540
Chr03	20448610	20651161	-0.081117	-0.038013	-0.024854	-0.050136
Chr03	20558508	20785878	-0.095492	-0.049320	-0.031173	-0.056918
Chr03	20651380	20927789	0.197163	0.080892	0.057648	0.148478
Chr03	20785915	21136964	0.077369	0.028652	0.016997	0.064056
Chr03	20927808	21345014	-0.166291	-0.072867	-0.030177	-0.117603
Chr03	21136978	21572584	-0.151055	-0.054218	-0.023095	-0.099319
Chr03	21345435	21694564	-0.043021	-0.013791	-0.007193	-0.026388
Chr03	21572654	21867799	-0.119680	-0.041145	-0.023780	-0.094631
Chr03	21694573	22013398	-0.417401	-0.141471	-0.085445	-0.374344
Chr03	21867887	22256963	-0.446523	-0.137051	-0.083292	-0.407442
Chr03	22013409	22457336	-0.340168	-0.099550	-0.057351	-0.305567
Chr03	22257155	22606973	-0.029114	-0.010354	-0.005869	-0.019379
Chr03	22457366	22834258	0.316066	0.098185	0.063183	0.264101
Chr03	22606977	23091111	0.237128	0.056537	0.038471	0.182918
Chr03	22834261	23296125	0.000249	0.000061	0.000038	0.006106
Chr03	23091507	23491802	-0.245829	-0.067886	-0.037848	-0.197597
Chr03	23296153	23650051	-0.334832	-0.134634	-0.066664	-0.304020
Chr03	23491927	23752418	-0.560752	-0.260271	-0.120088	-0.517312
Chr03	23650078	24004268	-0.499887	-0.183706	-0.095929	-0.446883
Chr03	23752519	24203621	0.021778	0.008610	0.003846	0.036238
Chr03	24006516	24365745	0.184563	0.076302	0.034127	0.179261
Chr03	24203625	24596417	0.016722	0.006012	0.003155	0.018771
Chr03	24366401	24802344	-0.278730	-0.096162	-0.047627	-0.245903
Chr03	24596673	24943560	-0.488225	-0.199025	-0.096675	-0.439770
Chr03	24802345	25072476	-0.352876	-0.151713	-0.074584	-0.291001
Chr03	24943905	25265126	-0.372090	-0.122705	-0.063617	-0.289825
Chr03	25072498	25529949	-0.337826	-0.112290	-0.056820	-0.279764
Chr03	25265301	25672029	-0.548681	-0.267314	-0.120985	-0.478059
Chr03	25529957	25986335	-0.461385	-0.195984	-0.100315	-0.402087
Chr03	25672030	26215148	-0.235728	-0.071238	-0.039466	-0.210191
Chr03	25989711	26431315	-0.279893	-0.092245	-0.050428	-0.254624
Chr03	26215152	29919964	-0.449773	-0.186212	-0.092058	-0.405283
Chr03	26431782	30095995	-0.602378	-0.216731	-0.103434	-0.533541
Chr03	29920344	30273497	-0.164750	-0.040037	-0.022417	-0.145797
Chr03	30096036	30558014	0.097745	0.021907	0.014967	0.082597
Chr03	30274204	30812257	0.021676	0.004890	0.003578	0.014751
Chr03	30558426	31041239	-0.279456	-0.091255	-0.056670	-0.206417
Chr03	30812292	31133936	-0.378178	-0.253538	-0.134558	-0.268886
Chr03	31041356	31271533	-0.598627	-0.705715	-0.304879	-0.507673
Chr03	31133987	31479183	-0.699805	-0.400306	-0.231660	-0.636855
Chr03	31271551	31681938	-0.684566	-0.310514	-0.183992	-0.597612
Chr03	31480128	31844189	-0.552814	-0.362918	-0.170081	-0.473530
Chr03	31682120	32074643	-0.493939	-0.235062	-0.131084	-0.417854
Chr03	31844192	32239586	-0.271496	-0.095134	-0.054000	-0.220587
Chr03	32074648	32391102	-0.114559	-0.044788	-0.020978	-0.079481
Chr03	32239758	32563131	-0.162098	-0.063346	-0.033160	-0.121775
Chr03	32391118	32753541	-0.202283	-0.050785	-0.032981	-0.165480
Chr03	32563273	32871467	0.256382	0.065476	0.046700	0.208949
Chr03	32753545	33123081	-0.000603	-0.000297	-0.000163	-0.001215
Chr03	32873017	33257790	-0.671947	-0.424441	-0.174444	-0.607022
Chr03	33123095	33360313	-0.545674	-0.431676	-0.185883	-0.450815
Chr03	33257820	33546140	-0.592040	-0.400339	-0.177038	-0.463616
Chr03	33360372	33773221	-0.790171	-0.445846	-0.195433	-0.706017
Chr03	33546159	33946266	-0.159477	-0.087248	-0.037168	-0.138298
Chr03	33773325	34127432	0.329037	0.139059	0.066690	0.302937
Chr03	33946294	34243902	0.258354	0.108848	0.070391	0.215979
Chr03	34127443	34382089	0.061190	0.037382	0.022488	0.050214
Chr03	34243920	34501764	-0.525556	-0.340264	-0.142996	-0.451333
Chr03	34382098	34722815	-0.123581	-0.038995	-0.023646	-0.105889
Chr03	34501792	34964040	-0.002213	-0.000469	-0.000329	0.000028
Chr03	34723402	35171425	-0.321032	-0.095935	-0.060187	-0.231922
Chr03	34964511	35314636	-0.275169	-0.117779	-0.070846	-0.204840
Chr03	35171941	35481683	-0.149902	-0.056935	-0.034840	-0.114389
Chr03	35314640	35655909	-0.186495	-0.056214	-0.038195	-0.139766
Chr03	35481781	36012590	-0.241080	-0.074214	-0.050883	-0.183074
Chr03	35655928	36279403	-0.184094	-0.053759	-0.035939	-0.138359
Chr03	36012680	36454897	-0.200309	-0.070914	-0.043388	-0.162375
Chr03	36279552	36581540	-0.202405	-0.084679	-0.049774	-0.153796
Chr03	36455232	36698812	-0.346095	-0.139243	-0.086174	-0.250011
Chr03	36581553	36859373	-0.351807	-0.151034	-0.092996	-0.221108
Chr03	36698936	37027539	0.382435	0.144872	0.086045	0.271123
Chr03	36859396	37152228	0.591359	0.197621	0.122390	0.519038
Chr03	37027686	37348393	0.465644	0.137460	0.083004	0.387967
Chr03	37152269	37487782	0.081657	0.033499	0.016533	0.073304
Chr03	37349393	37629737	-0.144201	-0.069703	-0.034519	-0.095318
Chr03	37487847	37800257	0.147669	0.053293	0.030592	0.107512
Chr03	37630063	38178326	0.217132	0.082409	0.046561	0.151180
Chr03	37800264	38433267	0.148534	0.037702	0.025438	0.105964
Chr03	38178334	38643231	0.274484	0.084870	0.050192	0.234674
Chr03	38433547	38841551	0.041101	0.017714	0.008606	0.050901
Chr03	38643633	39031215	-0.091565	-0.035964	-0.018307	-0.069100
Chr03	38841581	39141779	0.037573	0.016992	0.009070	0.041683
Chr03	39031247	39318662	-0.149136	-0.054491	-0.030341	-0.106070
Chr03	39141879	39500960	-0.215656	-0.067162	-0.039397	-0.170491
Chr03	39318707	39678158	-0.216979	-0.097968	-0.061578	-0.183709
Chr03	39501009	39782828	-0.093180	-0.050126	-0.032505	-0.075906
Chr03	39678661	39928344	-0.084674	-0.039209	-0.025358	-0.065195
Chr03	39783150	40024534	-0.237066	-0.120431	-0.081312	-0.191170
Chr03	39928513	40137577	0.093504	0.053757	0.037616	0.077581
Chr03	40024548	40492835	0.134820	0.047990	0.028917	0.104945
Chr03	40137617	40732378	-0.256830	-0.074643	-0.046428	-0.197093
Chr03	40493466	40921592	-0.388571	-0.156656	-0.106653	-0.311049
Chr03	40732409	41077547	-0.321310	-0.142968	-0.083007	-0.209003
Chr03	40921636	41183742	-0.342862	-0.147506	-0.076744	-0.235141
Chr03	41077560	41307296	-0.203040	-0.096270	-0.049618	-0.150427
Chr03	41183765	41444950	0.075563	0.029721	0.018331	0.055107
Chr03	41307303	41573010	-0.057830	-0.019364	-0.012184	-0.043625
Chr03	41445125	41718745	-0.417764	-0.157048	-0.090508	-0.361614
Chr03	41573152	41926980	-0.380053	-0.170388	-0.086390	-0.303535
Chr03	41718786	42125539	-0.343503	-0.170951	-0.077382	-0.272152
Chr03	41927213	42276308	-0.413446	-0.173688	-0.084094	-0.306793
Chr03	42125567	42431859	0.013803	0.005038	0.002688	0.009351
Chr03	42276452	42642497	0.070830	0.026173	0.015837	0.044049
Chr03	42431933	42808058	-0.367257	-0.165769	-0.086651	-0.222463
Chr03	42642561	42943045	-0.334271	-0.181054	-0.085526	-0.258081
Chr03	42808222	43131022	-0.086303	-0.041111	-0.023151	-0.068935
Chr03	42943059	43317347	0.204036	0.091723	0.057684	0.165576
Chr03	43131059	43468539	0.283593	0.123531	0.084357	0.223001
Chr03	43317358	43617226	0.187987	0.075609	0.050269	0.137885
Chr03	43468702	43824911	0.108736	0.050530	0.029571	0.079470
Chr03	43617328	43991261	0.042976	0.025400	0.013267	0.044007
Chr03	43825549	44172676	0.315594	0.194191	0.093359	0.234848
Chr03	43991483	44293669	0.247071	0.145760	0.065204	0.175259
Chr03	44172708	44481072	0.023313	0.013037	0.006585	0.011318
Chr03	44293766	44588812	0.107270	0.059628	0.039096	0.063696
Chr03	44481091	44657735	0.095171	0.064703	0.042066	0.064269
Chr03	44588823	44815161	0.089142	0.077608	0.043327	0.064735
Chr03	44657771	44905638	0.082736	0.056183	0.034430	0.063599
Chr03	44815180	45030143	-0.006691	-0.003015	-0.002251	-0.003259
Chr03	44905671	45165163	-0.234947	-0.117691	-0.082112	-0.158580
Chr03	45030182	45500683	-0.376396	-0.217845	-0.132448	-0.262235
Chr03	45165218	45627666	-0.297232	-0.158371	-0.083377	-0.199306
Chr03	45500853	45803360	-0.178211	-0.083995	-0.045846	-0.097348
Chr03	45628227	45992520	0.038316	0.014899	0.008822	0.032962
Chr03	45803435	46163028	0.087149	0.030681	0.018857	0.058920
Chr03	45992522	46261197	0.100984	0.042366	0.027924	0.052855
Chr03	46163154	46386131	-0.027988	-0.019230	-0.011221	-0.020370
Chr03	46261207	46492639	-0.150668	-0.096011	-0.058643	-0.090719
Chr03	46386171	46628586	-0.147612	-0.085770	-0.050534	-0.084888
Chr03	46492641	46746192	-0.104582	-0.064621	-0.033766	-0.067767
Chr03	46628681	46850889	0.118559	0.072237	0.037429	0.079399
Chr03	46746315	47053956	0.107660	0.035311	0.024005	0.066129
Chr03	46851071	47167711	-0.107398	-0.032130	-0.023242	-0.066781
Chr03	47054047	47319305	-0.114899	-0.048178	-0.031015	-0.071098
Chr03	47167712	47414626	-0.077308	-0.031638	-0.020506	-0.046720
Chr03	47320388	47594835	-0.019218	-0.008936	-0.005593	-0.010975
Chr03	47414657	47884157	0.048476	0.020972	0.013504	0.028281
Chr03	47595912	48072835	-0.042356	-0.018921	-0.012583	-0.028947
Chr03	47884213	48275491	-0.241448	-0.132841	-0.076449	-0.156523
Chr03	48072899	48438655	-0.155414	-0.090084	-0.048682	-0.083592
Chr03	48275558	48538892	-0.047159	-0.032496	-0.017278	-0.019460
Chr03	48438737	48718372	-0.373059	-0.315570	-0.136192	-0.231495
Chr03	48538905	48945082	-0.280038	-0.190320	-0.095061	-0.167719
Chr03	48718386	49051840	-0.012992	-0.006767	-0.004173	-0.015483
Chr03	48945121	49157981	-0.209418	-0.124439	-0.062486	-0.091000
Chr03	49051881	49301542	-0.031026	-0.018858	-0.010105	-0.014816
Chr03	49158013	49531341	0.156310	0.080709	0.053443	0.092747
Chr03	49301898	49905754	-0.058996	-0.028104	-0.017629	-0.034023
Chr03	49531372	50103568	-0.057803	-0.030576	-0.018866	-0.032131
Chr03	49906776	50227848	0.057925	0.033890	0.020985	0.038808
Chr03	50103588	50364615	0.039021	0.014451	0.009733	0.025012
Chr03	50227880	50484426	-0.093692	-0.031686	-0.022436	-0.060478
Chr03	50364685	50596328	-0.077849	-0.032468	-0.023367	-0.048358
Chr03	50484477	50677333	0.154205	0.068901	0.048955	0.108351
Chr03	50596411	50865450	0.035758	0.016250	0.010702	0.037977
Chr03	50677346	51069035	-0.108111	-0.048114	-0.029434	-0.067372
Chr03	50865539	51240029	0.219068	0.093789	0.062406	0.147289
Chr03	51069291	51497478	0.248546	0.095829	0.066274	0.168003
Chr03	51240293	51659826	-0.068743	-0.028710	-0.018461	-0.037642
Chr03	51497629	51797737	0.042202	0.022380	0.013820	0.020043
Chr03	51660099	51918307	-0.068861	-0.038342	-0.021424	-0.038786
Chr03	51797826	52086091	0.028775	0.011534	0.006657	0.021188
Chr03	51919061	52171440	0.224228	0.089240	0.054637	0.161444
Chr03	52086152	52260050	0.097723	0.062290	0.037916	0.066050
Chr03	52171445	52331290	0.010125	0.007445	0.004445	0.008091
Chr03	52260053	52434188	0.023345	0.015588	0.009782	0.016900
Chr03	52331344	52514052	-0.052407	-0.040408	-0.024019	-0.029324
Chr03	52434304	52662046	-0.118146	-0.081167	-0.048961	-0.073323
Chr03	52514380	52784276	-0.110433	-0.076289	-0.043982	-0.060247
Chr03	52662114	52849544	-0.257637	-0.232176	-0.117732	-0.141982
Chr03	52784371	52929542	-0.124407	-0.094211	-0.056481	-0.063130
Chr03	52849644	53170079	-0.053004	-0.035618	-0.020699	-0.028787
Chr03	52929679	53331708	0.234410	0.136692	0.090594	0.149854
Chr03	53170148	53572958	0.488000	0.287399	0.203285	0.362389
Chr03	53331710	53691838	0.258288	0.143068	0.094014	0.189712
Chr03	53572987	53806673	-0.035492	-0.022301	-0.012471	-0.014401
Chr03	53692904	53927382	-0.114132	-0.105768	-0.048341	-0.055063
Chr03	53806947	54034697	-0.090225	-0.071797	-0.037851	-0.045443
Chr03	53927383	54112228	-0.034627	-0.027468	-0.014996	-0.021481
Chr03	54034804	54195958	0.052997	0.040846	0.025163	0.024098
Chr03	54112247	54273064	0.066172	0.049788	0.032239	0.033112
Chr03	54196031	54448121	-0.008126	-0.004597	-0.002919	-0.002507
Chr03	54273100	54621110	-0.049607	-0.024557	-0.015368	-0.030134
Chr03	54448210	54701879	0.080412	0.048017	0.029310	0.046079
Chr03	54621155	54831915	0.140051	0.082835	0.046210	0.080209
Chr03	54701894	54948245	0.025042	0.014159	0.008196	0.015404
Chr03	54831948	55048034	-0.067276	-0.055815	-0.029825	-0.034521
Chr03	54948290	55128861	-0.177996	-0.199206	-0.085572	-0.095221
Chr03	55048039	55196117	-0.108641	-0.099743	-0.054103	-0.059703
Chr03	55128919	55278482	-0.071876	-0.061616	-0.035236	-0.040833
Chr03	55196118	55348773	-0.167597	-0.122062	-0.073217	-0.083456
Chr03	55278495	55433981	-0.150826	-0.114529	-0.068772	-0.069436
Chr03	55348800	55496607	-0.034872	-0.035227	-0.019302	-0.018951
Chr03	55434084	55635747	0.005340	0.003972	0.002348	0.000303
Chr03	55496613	55694496	0.008928	0.006589	0.003865	0.003737
Chr03	55635768	55791689	0.045155	0.033557	0.020969	0.028001
Chr03	55694545	55999225	0.006249	0.004087	0.002537	0.012641
Chr03	55791710	56608581	0.020860	0.009608	0.006249	0.024176
Chr03	55999311	56831365	-0.029557	-0.011995	-0.007921	-0.014561
Chr03	56608638	56909333	0.087954	0.045313	0.030696	0.048186
Chr03	56831438	56987054	0.248606	0.165147	0.109148	0.132904
Chr03	56909336	57116327	0.187564	0.122255	0.070405	0.120179
Chr03	56987094	57256466	0.149287	0.091586	0.056595	0.095796
Chr03	57116587	57319508	0.068115	0.041170	0.028546	0.031367
Chr03	57256478	57465067	0.182177	0.090120	0.067347	0.088258
Chr03	57319625	57576331	0.178908	0.098669	0.068634	0.096299
Chr03	57465201	57634310	0.085393	0.079015	0.046150	0.045187
Chr03	57576347	57727640	0.062697	0.052933	0.030832	0.034198
Chr03	57634336	57834962	0.105487	0.073737	0.043909	0.059676
Chr03	57727712	57896925	0.093793	0.072994	0.043471	0.047709
Chr03	57835218	58015615	-0.062362	-0.057613	-0.031836	-0.038908
Chr03	57897336	58174121	-0.047571	-0.043084	-0.022475	-0.023220
Chr03	58015701	58249837	-0.057500	-0.056945	-0.030149	-0.029145
Chr03	58174147	58421653	-0.070032	-0.047759	-0.030867	-0.041015
Chr03	58251348	58553490	-0.054918	-0.033480	-0.021655	-0.026586
Chr03	58421869	58652006	-0.067367	-0.044121	-0.027409	-0.025408
Chr03	58553507	58982931	-0.008944	-0.005576	-0.002859	-0.001286
Chr03	58652010	59091969	0.019974	0.011455	0.006295	0.014352
Chr03	58982937	59499462	0.020018	0.008347	0.005311	0.014577
Chr03	59092019	59822856	-0.001786	-0.000670	-0.000423	0.001373
Chr03	59499534	59957917	0.025227	0.011522	0.007365	0.012592
Chr03	59822872	60111409	0.133955	0.076978	0.044892	0.076929
Chr03	59957918	60386322	0.042435	0.025033	0.014982	0.023891
Chr03	60111537	60541014	-0.174695	-0.088824	-0.050053	-0.103868
Chr03	60386344	60757674	-0.174429	-0.066861	-0.033751	-0.123551
Chr03	60541053	61081261	-0.201962	-0.062319	-0.032929	-0.164109
Chr03	60757725	61322699	-0.144303	-0.046281	-0.026974	-0.101023
Chr03	61081298	61589160	-0.190351	-0.096368	-0.057718	-0.122201
Chr03	61322700	61881032	-0.224853	-0.113724	-0.068525	-0.160148
Chr03	61589170	62032551	-0.101755	-0.042584	-0.027725	-0.062972
Chr03	61881144	62423753	-0.228363	-0.087286	-0.056840	-0.140601
Chr03	62032612	62533787	-0.179057	-0.082168	-0.053836	-0.103203
Chr03	62423813	62672240	0.019905	0.015059	0.009101	0.008355
Chr03	62533849	62838689	0.006497	0.004404	0.002557	0.005097
Chr03	62672290	63029889	-0.117856	-0.063857	-0.038750	-0.068115
Chr03	62838690	63191661	-0.156999	-0.067502	-0.042655	-0.097714
Chr03	63029893	63318349	0.095862	0.037237	0.026079	0.067235
Chr03	63191711	63522177	0.288629	0.124948	0.092015	0.192456
Chr03	63318354	63824462	0.051428	0.021181	0.013712	0.036032
Chr03	63522262	63981879	0.097268	0.040307	0.026386	0.062749
Chr03	63824471	64100963	0.091060	0.049426	0.034349	0.051252
Chr03	63981881	64245733	-0.050530	-0.034667	-0.022800	-0.029995
Chr03	64101008	64629979	-0.041060	-0.021923	-0.014296	-0.022300
Chr03	64245896	64749745	-0.179107	-0.092137	-0.054981	-0.104906
Chr03	64630009	65036981	-0.262439	-0.148238	-0.071057	-0.156849
Chr03	64749760	65098882	-0.110013	-0.063561	-0.033250	-0.069996
Chr03	65037049	65282776	-0.054184	-0.022048	-0.014677	-0.037862
Chr03	65098885	65539294	-0.103999	-0.035882	-0.023069	-0.075858
Chr03	65282782	65769267	-0.114092	-0.044791	-0.029208	-0.086068
Chr03	65539402	66112524	-0.070810	-0.021293	-0.015125	-0.047986
Chr03	65769359	66920262	0.079826	0.021120	0.015322	0.048150
Chr03	66112571	67087198	0.151543	0.051513	0.036941	0.092298
Chr03	66920307	67234431	0.113443	0.048219	0.034137	0.063245
Chr03	67087575	67445614	0.041789	0.014288	0.010658	0.019914
Chr03	67234472	67669760	-0.052547	-0.017724	-0.012988	-0.037110
Chr03	67446770	67955718	-0.163026	-0.056139	-0.037299	-0.101496
Chr03	67669960	68173133	-0.072177	-0.025862	-0.016955	-0.042130
Chr03	67955749	68539317	-0.034498	-0.013539	-0.009051	-0.019895
Chr03	68173453	68719750	-0.020247	-0.008505	-0.005359	-0.009303
Chr03	68543917	69015890	-0.012866	-0.006299	-0.003957	-0.006759
Chr03	68719769	69182312	-0.008189	-0.003994	-0.002702	-0.005860
Chr03	69016002	69371637	0.036978	0.020079	0.013792	0.022299
Chr03	69182474	69506103	-0.111237	-0.068340	-0.039917	-0.070850
Chr03	69371650	69649471	-0.176840	-0.114107	-0.064200	-0.122747
Chr03	69506138	69838612	-0.066055	-0.032458	-0.021165	-0.045536
Chr03	69649475	70019911	0.080194	0.033939	0.024252	0.065629
Chr03	69838661	70141073	0.034554	0.015603	0.011907	0.028250
Chr04	377176	610555	-0.056386	-0.050371	-0.026598	-0.030294
Chr04	436844	724219	-0.015706	-0.013211	-0.007372	-0.015164
Chr04	610593	814635	-0.036356	-0.027866	-0.016949	-0.026436
Chr04	724311	977381	-0.100081	-0.055154	-0.038450	-0.055074
Chr04	814662	1092330	-0.158485	-0.089476	-0.067118	-0.097037
Chr04	977470	1202420	-0.118165	-0.080542	-0.058716	-0.078155
Chr04	1092340	1398810	0.027943	0.016927	0.011723	0.021040
Chr04	1202426	1632190	0.136041	0.069791	0.043958	0.077262
Chr04	1398870	1817760	0.035624	0.017332	0.009876	0.022425
Chr04	1633130	2008102	-0.146149	-0.061190	-0.036709	-0.085748
Chr04	1817769	2127001	-0.064276	-0.027850	-0.017681	-0.040438
Chr04	2008431	2256678	0.014000	0.006128	0.004407	0.006806
Chr04	2127048	2544545	-0.075957	-0.024276	-0.018147	-0.047371
Chr04	2256707	2814311	-0.258108	-0.085119	-0.060566	-0.202493
Chr04	2544888	2916400	-0.270451	-0.116343	-0.079099	-0.201058
Chr04	2814384	3033435	-0.045658	-0.023015	-0.014950	-0.023954
Chr04	2916429	3182967	0.137645	0.075494	0.047162	0.078271
Chr04	3033730	3594923	0.085492	0.046289	0.028795	0.051289
Chr04	3183407	3757624	0.060365	0.032291	0.020082	0.029428
Chr04	3594973	3841870	0.010386	0.006541	0.004041	0.003861
Chr04	3757727	3909056	0.053247	0.032798	0.021037	0.023556
Chr04	3842009	4103371	0.032857	0.018162	0.012161	0.014779
Chr04	3909060	4214637	-0.025599	-0.013427	-0.009276	-0.016460
Chr04	4103919	4362226	0.209129	0.099903	0.073050	0.149165
Chr04	4214829	4589924	0.298120	0.132998	0.087641	0.204983
Chr04	4362243	4640346	0.318948	0.163741	0.091499	0.214256
Chr04	4589928	4742214	0.452137	0.237104	0.146132	0.302233
Chr04	4640409	5145949	-0.100025	-0.043035	-0.022434	-0.071544
Chr04	4742222	5931209	-0.496479	-0.192309	-0.087667	-0.352178
Chr04	5146053	6026759	-0.176881	-0.080311	-0.043940	-0.110363
Chr04	5931251	6162355	0.015683	0.009639	0.006155	0.005567
Chr04	6026760	6254216	-0.013871	-0.008533	-0.005338	-0.014914
Chr04	6162614	6447397	-0.235554	-0.104939	-0.068874	-0.158469
Chr04	6254300	6639184	-0.382788	-0.149992	-0.096427	-0.256666
Chr04	6447410	6739195	-0.081488	-0.029938	-0.021676	-0.062704
Chr04	6639189	6854337	-0.067372	-0.029742	-0.021589	-0.051766
Chr04	6739196	6961341	-0.119726	-0.083512	-0.050553	-0.066577
Chr04	6854381	7108135	0.016349	0.008904	0.005710	0.009955
Chr04	6961633	7320870	0.079144	0.032482	0.022366	0.045291
Chr04	7108271	7490274	0.108455	0.046261	0.031539	0.067190
Chr04	7321836	7640716	0.173785	0.088952	0.053576	0.119805
Chr04	7490379	7794180	-0.024953	-0.011727	-0.007130	-0.009491
Chr04	7640934	8000833	-0.084191	-0.030155	-0.018437	-0.049527
Chr04	7794213	8182348	-0.036664	-0.012905	-0.007443	-0.017079
Chr04	8001006	8247316	-0.275856	-0.156575	-0.091838	-0.195343
Chr04	8182387	8341741	-0.334332	-0.195686	-0.131644	-0.175806
Chr04	8247592	8479095	0.084920	0.040320	0.026034	0.048391
Chr04	8341761	8600082	0.065338	0.037123	0.019792	0.041712
Chr04	8479101	8766729	-0.019505	-0.011632	-0.005602	-0.011658
Chr04	8600083	9466215	-0.041340	-0.017325	-0.011072	-0.029550
Chr04	8766865	9632674	-0.250941	-0.108816	-0.076476	-0.181295
Chr04	9466290	9729499	-0.196944	-0.110833	-0.074615	-0.124730
Chr04	9632727	9893757	-0.150655	-0.095101	-0.058002	-0.088177
Chr04	9729512	10095808	-0.210290	-0.107289	-0.071434	-0.129175
Chr04	9893986	10705414	-0.117868	-0.010797	-0.009466	-0.066850
Chr04	10095811	10936795	-0.320410	-0.038003	-0.030043	-0.210569
Chr04	10705522	11279940	-0.004783	-0.002376	-0.001146	-0.000271
Chr04	10938008	11494296	0.197560	0.091733	0.052372	0.178284
Chr04	11280082	11651714	0.057265	0.024610	0.016836	0.042726
Chr04	11494404	11863066	-0.062696	-0.034766	-0.019364	-0.050933
Chr04	11651764	12126050	0.143567	0.051533	0.034164	0.116293
Chr04	11863072	12564598	0.350819	0.103557	0.073690	0.279915
Chr04	12126218	13093216	0.016864	0.006429	0.003917	0.010218
Chr04	12564604	13294735	0.006723	0.002577	0.001513	0.004213
Chr04	13093303	13501602	0.131993	0.051237	0.030441	0.102733
Chr04	13294739	13593500	0.103655	0.049438	0.028916	0.078779
Chr04	13501610	13743075	-0.023651	-0.019185	-0.009804	-0.011712
Chr04	13593581	13857893	-0.256563	-0.185606	-0.094175	-0.155413
Chr04	13743101	14023051	-0.244745	-0.102625	-0.063085	-0.150853
Chr04	13857974	14150634	-0.140102	-0.065999	-0.042620	-0.085218
Chr04	14023052	14288712	-0.079059	-0.046013	-0.031328	-0.048283
Chr04	14150663	14662507	-0.275548	-0.160763	-0.090618	-0.203470
Chr04	14288721	14983107	-0.156637	-0.071172	-0.038861	-0.127779
Chr04	14662649	15234786	0.100946	0.042761	0.021342	0.113160
Chr04	14983120	15534004	0.045639	0.020355	0.010231	0.061455
Chr04	15234804	15699443	-0.047557	-0.018851	-0.011331	-0.031598
Chr04	15534456	15897892	-0.103876	-0.039504	-0.022065	-0.074061
Chr04	15699446	16105077	0.040453	0.014150	0.007240	0.040146
Chr04	15897921	16304159	0.094652	0.033063	0.018862	0.081764
Chr04	16105182	16478811	-0.122756	-0.042447	-0.027032	-0.090104
Chr04	16304173	16662404	-0.399100	-0.116937	-0.073974	-0.274923
Chr04	16479038	17013527	-0.294056	-0.095119	-0.059729	-0.178846
Chr04	16662470	17237623	0.066856	0.032679	0.018904	0.044062
Chr04	17013565	17382187	0.323916	0.158761	0.101212	0.233242
Chr04	17237730	17518772	0.158634	0.076866	0.050195	0.106461
Chr04	17382776	17865709	-0.200482	-0.092179	-0.058072	-0.124165
Chr04	17518811	18023199	-0.063719	-0.028881	-0.017849	-0.031658
Chr04	17868246	18279551	0.012192	0.006577	0.004242	0.005829
Chr04	18023305	18434542	0.006339	0.004077	0.002532	0.000911
Chr04	18279620	18527303	0.019189	0.013834	0.008634	0.009326
Chr04	18434543	18724118	0.016349	0.010982	0.007076	0.010479
Chr04	18527501	19167160	-0.009206	-0.004374	-0.002809	-0.000116
Chr04	18725891	19489481	-0.026851	-0.012611	-0.007443	-0.011917
Chr04	19167180	19605167	-0.060974	-0.039330	-0.021879	-0.035723
Chr04	19489542	19727652	-0.055842	-0.033533	-0.021598	-0.037559
Chr04	19605369	19798152	0.124186	0.071200	0.050397	0.081610
Chr04	19727705	19930174	-0.020475	-0.012585	-0.008044	-0.009669
Chr04	19798159	20065598	0.039334	0.020588	0.013403	0.029971
Chr04	19930450	20319502	0.239792	0.122355	0.077822	0.174944
Chr04	20065603	20399996	0.059948	0.038179	0.020971	0.037775
Chr04	20319649	20543487	-0.044443	-0.023759	-0.015447	-0.028913
Chr04	20400065	20644847	-0.074419	-0.035443	-0.024337	-0.057483
Chr04	20543709	20768530	-0.321399	-0.198478	-0.112573	-0.258295
Chr04	20644854	20878816	-0.575311	-0.496555	-0.233695	-0.491628
Chr04	20768789	21066330	-0.402392	-0.216569	-0.126838	-0.314657
Chr04	20878854	21741032	-0.360975	-0.072712	-0.048451	-0.267299
Chr04	21066353	21870960	-0.713263	-0.205946	-0.122187	-0.614736
Chr04	21741244	22075252	-0.598949	-0.383393	-0.170111	-0.540306
Chr04	21870968	22180129	-0.180370	-0.090759	-0.043616	-0.152606
Chr04	22075323	22380808	-0.063287	-0.024857	-0.014043	-0.048508
Chr04	22180143	22531255	0.082844	0.035858	0.019752	0.080802
Chr04	22380859	22778118	0.226678	0.114535	0.065792	0.196261
Chr04	22531425	22947462	0.132055	0.055929	0.039858	0.086255
Chr04	22778460	23105360	0.080666	0.022835	0.017337	0.048208
Chr04	22947468	23282327	-0.050652	-0.016977	-0.011773	-0.034760
Chr04	23105399	23363467	-0.021698	-0.010011	-0.006590	-0.011716
Chr04	23282400	23425223	0.058512	0.032572	0.021105	0.050144
Chr04	23363471	23505501	-0.077336	-0.056892	-0.027861	-0.049311
Chr04	23425296	23573766	-0.011681	-0.009605	-0.004623	-0.004662
Chr04	23505503	23699594	-0.163633	-0.097985	-0.052150	-0.113802
Chr04	23574043	23864392	-0.543619	-0.249984	-0.149770	-0.473682
Chr04	23699602	24085388	-0.641185	-0.279948	-0.185114	-0.559573
Chr04	23864447	24185433	-0.384033	-0.200062	-0.132829	-0.276030
Chr04	24085509	24401730	-0.169454	-0.081167	-0.054906	-0.113566
Chr04	24186871	24528162	-0.088828	-0.045136	-0.029557	-0.056725
Chr04	24401774	24633661	-0.100042	-0.079820	-0.045562	-0.058935
Chr04	24528175	24699654	-0.082072	-0.063960	-0.037672	-0.046334
Chr04	24633665	24943532	0.103827	0.051507	0.034054	0.067318
Chr04	24701232	25060974	0.037649	0.018516	0.012460	0.019258
Chr04	24943552	25245680	-0.180141	-0.106532	-0.063346	-0.132240
Chr04	25061196	25506607	-0.263776	-0.145391	-0.068096	-0.207274
Chr04	25246201	25773059	-0.359806	-0.130884	-0.070298	-0.297432
Chr04	25506958	25919605	-0.373384	-0.129514	-0.079962	-0.303552
Chr04	25773233	26040676	-0.227826	-0.140807	-0.080322	-0.165376
Chr04	25919637	26116850	-0.170704	-0.147624	-0.074903	-0.113830
Chr04	26040834	26248057	-0.177345	-0.160023	-0.090795	-0.101316
Chr04	26116926	26496214	-0.111889	-0.048009	-0.030007	-0.055030
Chr04	26248146	26673297	-0.205391	-0.074021	-0.045153	-0.107657
Chr04	26496236	26796355	-0.204131	-0.098830	-0.063990	-0.134424
Chr04	26673300	26976188	-0.113763	-0.061030	-0.039161	-0.073694
Chr04	26796359	27070308	0.028912	0.017693	0.010476	0.020710
Chr04	26986250	27238987	0.289576	0.156472	0.108319	0.180069
Chr04	27070365	27375612	-0.055376	-0.030236	-0.016790	-0.036344
Chr04	27239480	27538417	-0.409326	-0.267700	-0.114683	-0.326579
Chr04	27375638	27683643	-0.063775	-0.032996	-0.018984	-0.045526
Chr04	27538978	27768760	0.415821	0.182228	0.154175	0.337790
Chr04	27683820	27874466	0.215259	0.109160	0.077041	0.135768
Chr04	27768788	27987616	-0.239119	-0.149393	-0.071578	-0.124892
Chr04	27874937	28101986	-0.293338	-0.161654	-0.093126	-0.196547
Chr04	27987693	28618404	-0.185845	-0.074876	-0.041737	-0.136499
Chr04	28102001	28771212	0.050742	0.017718	0.010199	0.038855
Chr04	28618433	28879540	0.086884	0.031197	0.022700	0.056353
Chr04	28771347	29007281	-0.182502	-0.056340	-0.040051	-0.093811
Chr04	28879561	29106341	-0.320677	-0.119343	-0.080081	-0.196241
Chr04	29007374	29321507	-0.237039	-0.099020	-0.064372	-0.174530
Chr04	29106424	29425799	-0.205459	-0.087587	-0.055779	-0.144698
Chr04	29321515	29568399	-0.117191	-0.062482	-0.040993	-0.081687
Chr04	29425850	29687755	0.129576	0.062702	0.041030	0.081782
Chr04	29568782	29791330	0.224925	0.131276	0.081850	0.140697
Chr04	29687794	29884279	-0.075440	-0.060170	-0.034236	-0.044936
Chr04	29791370	29958291	-0.175129	-0.132899	-0.071449	-0.103369
Chr04	29884295	30041514	0.036850	0.023236	0.014435	0.014250
Chr04	29958296	30209897	0.188512	0.063746	0.046623	0.122294
Chr04	30041599	30329529	-0.334236	-0.142703	-0.089298	-0.249284
Chr04	30209992	30472110	-0.413027	-0.227144	-0.129715	-0.322424
Chr04	30330090	30636469	-0.034313	-0.013873	-0.008977	-0.023868
Chr04	30472160	30785468	-0.333639	-0.199550	-0.109471	-0.241035
Chr04	30637131	30881779	-0.525334	-0.484234	-0.221802	-0.392644
Chr04	30785495	31140471	-0.138758	-0.092133	-0.032257	-0.096304
Chr04	30881812	31384005	-0.061734	-0.026538	-0.010204	-0.039122
Chr04	31140624	31540421	-0.436018	-0.173131	-0.079892	-0.402315
Chr04	31384023	31782691	-0.385968	-0.117390	-0.061295	-0.337809
Chr04	31540445	31978752	0.216565	0.062547	0.033886	0.195441
Chr04	31782699	32198230	0.090557	0.040325	0.019718	0.076212
Chr04	31979166	32395782	-0.111688	-0.044404	-0.019280	-0.056895
Chr04	32198533	32622758	0.349721	0.155540	0.064607	0.263135
Chr04	32395795	33110241	-0.050134	-0.024673	-0.010768	-0.042870
Chr04	32623039	35083581	-0.584346	-0.211680	-0.092279	-0.528493
Chr04	33110378	35436194	-0.356781	-0.117800	-0.040124	-0.312714
Chr04	35084271	35677136	-0.349097	-0.167730	-0.053080	-0.317363
Chr04	35436662	35942860	-0.722944	-0.406817	-0.157482	-0.703959
Chr04	35677159	36243017	-0.675751	-0.311649	-0.123041	-0.642313
Chr04	35943001	36417928	-0.127029	-0.046947	-0.021204	-0.117490
Chr04	36243158	36532019	-0.174167	-0.068639	-0.038575	-0.165627
Chr04	36417938	36622142	-0.260491	-0.111759	-0.064756	-0.218150
Chr04	36532216	36722324	-0.093042	-0.046033	-0.026400	-0.074425
Chr04	36622180	36849004	-0.115320	-0.046703	-0.027999	-0.094657
Chr04	36722336	37272289	-0.021063	-0.007658	-0.004765	-0.016057
Chr04	36849019	37394412	0.096272	0.043548	0.023894	0.080071
Chr04	37272562	37501895	-0.080124	-0.040493	-0.019550	-0.058046
Chr04	37394445	37626014	-0.681838	-0.609669	-0.199015	-0.565563
Chr04	37501985	37726714	-0.836969	-0.967508	-0.323580	-0.738688
Chr04	37626321	37832800	-0.546049	-0.399750	-0.218759	-0.443592
Chr04	37726735	37977952	-0.314574	-0.159518	-0.085698	-0.257476
Chr04	37833044	38171729	0.085152	0.036391	0.018418	0.077734
Chr04	37978026	38350153	0.110330	0.045028	0.023662	0.103666
Chr04	38171827	38554542	-0.515158	-0.212808	-0.108144	-0.458016
Chr04	38350184	38804214	-0.456705	-0.210836	-0.105756	-0.370007
Chr04	38555142	38931682	0.271804	0.139177	0.080213	0.205536
Chr04	38804241	39108560	0.439420	0.207447	0.113217	0.364313
Chr04	38931721	39396068	-0.010088	-0.003985	-0.001691	0.004796
Chr04	39108632	39612586	-0.535972	-0.248346	-0.092233	-0.466773
Chr04	39396105	39918224	-0.534915	-0.257196	-0.120590	-0.445542
Chr04	39612587	40085103	0.028703	0.013126	0.007780	0.024409
Chr04	39918331	40226550	0.029283	0.015929	0.008290	0.024017
Chr04	40085124	40409627	0.176158	0.084143	0.049623	0.141114
Chr04	40226608	40628273	0.465201	0.195340	0.113875	0.308392
Chr04	40409789	40728373	0.089813	0.038727	0.022537	0.046902
Chr04	40628608	40974369	-0.029847	-0.015219	-0.009880	-0.016778
Chr04	40728620	41146755	0.024232	0.011515	0.007239	0.018330
Chr04	40974609	41264493	-0.219216	-0.106585	-0.065815	-0.181085
Chr04	41146827	41375037	-0.418155	-0.213453	-0.132327	-0.339307
Chr04	41264505	41468623	-0.302743	-0.162777	-0.103485	-0.233369
Chr04	41375150	41632211	-0.006375	-0.002808	-0.001980	-0.000387
Chr04	41468660	41944847	0.140211	0.047277	0.035458	0.098743
Chr04	41632231	42094169	0.023929	0.007225	0.005578	0.015334
Chr04	41944901	42253206	-0.110687	-0.047296	-0.031300	-0.070336
Chr04	42094272	42375506	-0.140190	-0.084764	-0.046599	-0.090347
Chr04	42253620	42452056	-0.125506	-0.101729	-0.050887	-0.075232
Chr04	42375528	42606432	0.013837	0.008672	0.004856	0.008334
Chr04	42452137	42766293	0.106876	0.036405	0.023672	0.055185
Chr04	42606466	42933100	-0.126645	-0.061020	-0.030117	-0.090614
Chr04	42766308	43022688	-0.143924	-0.109023	-0.042498	-0.100696
Chr04	42933144	43138918	-0.203626	-0.160128	-0.065514	-0.131849
Chr04	43022756	43329679	-0.044313	-0.026850	-0.012179	-0.034635
Chr04	43138936	43462763	0.094737	0.052909	0.026421	0.079132
Chr04	43330439	43633782	-0.150576	-0.095908	-0.044952	-0.105984
Chr04	43462773	43715580	-0.145620	-0.091627	-0.048984	-0.092643
Chr04	43633876	43871175	-0.059424	-0.031647	-0.018923	-0.032932
Chr04	43715707	44323579	-0.133574	-0.064751	-0.037283	-0.067026
Chr04	43871177	44551912	-0.075450	-0.034170	-0.020585	-0.039934
Chr04	44323955	44675184	0.005249	0.002241	0.001398	0.004801
Chr04	44552209	44813755	-0.034329	-0.015084	-0.008556	-0.017673
Chr04	44675185	44935443	-0.055610	-0.025607	-0.013639	-0.037285
Chr04	44813816	45176298	-0.285738	-0.126543	-0.069630	-0.216919
Chr04	44935449	45586376	-0.404037	-0.083447	-0.058078	-0.320139
Chr04	45176563	45859433	-0.134619	-0.023937	-0.018103	-0.097462
Chr04	45586397	45996171	-0.187529	-0.068486	-0.045445	-0.125507
Chr04	45859471	46236298	-0.369433	-0.174623	-0.095009	-0.260962
Chr04	45996184	46420434	-0.432215	-0.206485	-0.103570	-0.315534
Chr04	46236594	46545587	-0.590643	-0.348784	-0.159152	-0.471458
Chr04	46420437	46935401	-0.190593	-0.074767	-0.044537	-0.149878
Chr04	46545800	47083440	0.206539	0.068650	0.047218	0.140604
Chr04	46935520	47272111	-0.050466	-0.023183	-0.015163	-0.037461
Chr04	47083466	47485440	-0.059906	-0.028007	-0.018454	-0.036282
Chr04	47274405	47991052	-0.159153	-0.069189	-0.044004	-0.096335
Chr04	47485469	48151222	-0.104562	-0.037936	-0.026183	-0.070770
Chr04	47991055	48220784	-0.105285	-0.046265	-0.032038	-0.064217
Chr04	48151349	48288545	-0.064188	-0.041422	-0.028417	-0.039385
Chr04	48220814	48536193	0.102434	0.039451	0.030101	0.054277
Chr04	48288756	48690876	0.065840	0.025853	0.018503	0.037129
Chr04	48536211	48930723	0.029182	0.014493	0.008774	0.024940
Chr04	48691554	49072158	-0.065336	-0.034321	-0.020701	-0.038490
Chr04	48930739	49185278	-0.113425	-0.061647	-0.042322	-0.068144
Chr04	49072281	49484437	-0.308525	-0.164740	-0.100970	-0.194000
Chr04	49185345	49716952	-0.314109	-0.162406	-0.079076	-0.214946
Chr04	49484485	50013493	-0.069406	-0.021548	-0.012575	-0.047014
Chr04	49717031	50234984	0.017390	0.004063	0.002948	0.015028
Chr04	50013538	50388522	-0.157668	-0.047983	-0.034125	-0.115764
Chr04	50235063	50577117	-0.194174	-0.072155	-0.044155	-0.153707
Chr04	50388603	50843143	-0.016829	-0.005642	-0.003177	-0.010751
Chr04	50577130	51006551	-0.003688	-0.001472	-0.000743	-0.000892
Chr04	50843153	51178577	0.037632	0.016393	0.008690	0.027461
Chr04	51006568	51313512	0.099425	0.038280	0.022061	0.070912
Chr04	51178580	51523682	-0.078562	-0.036728	-0.019383	-0.056830
Chr04	51313967	51622565	-0.022412	-0.012329	-0.006638	-0.020111
Chr04	51523707	51935264	-0.101193	-0.043770	-0.024320	-0.072983
Chr04	51622623	52120478	-0.284497	-0.099824	-0.052776	-0.181582
Chr04	51935344	52330577	-0.148562	-0.070503	-0.035148	-0.090084
Chr04	52120660	52458774	-0.345604	-0.231847	-0.109359	-0.273126
Chr04	52330604	52609786	-0.360539	-0.212914	-0.108246	-0.306222
Chr04	52458784	52757552	0.047440	0.019952	0.012135	0.034230
Chr04	52609813	52921551	-0.054964	-0.024280	-0.012538	-0.035659
Chr04	52757558	53110489	-0.127909	-0.059674	-0.030996	-0.092893
Chr04	52921682	53459532	0.048551	0.019535	0.012264	0.031964
Chr04	53110679	53546656	-0.054271	-0.021901	-0.014040	-0.028154
Chr04	53459546	53660267	0.009345	0.004782	0.003177	0.008889
Chr04	53546696	53871033	-0.003531	-0.001871	-0.001090	0.001977
Chr04	53660274	53989415	-0.062618	-0.031403	-0.019381	-0.041947
Chr04	53871071	54109395	0.098481	0.054621	0.037447	0.063311
Chr04	53989480	54205621	0.168570	0.101290	0.068990	0.103267
Chr04	54109409	54299220	0.059572	0.029829	0.020926	0.031660
Chr04	54205628	54401078	0.090071	0.052314	0.034930	0.054263
Chr04	54299226	54494123	0.153838	0.109803	0.073250	0.100497
Chr04	54401115	54565719	0.162013	0.100048	0.072770	0.089393
Chr04	54494159	54893047	0.067367	0.036499	0.023976	0.034156
Chr04	54565732	55006770	-0.011087	-0.006433	-0.003996	-0.005408
Chr04	54893070	55068673	0.064272	0.048444	0.031926	0.035902
Chr04	55006808	55222514	0.062877	0.028091	0.019336	0.035803
Chr04	55069082	55336546	-0.022152	-0.008748	-0.005875	-0.014351
Chr04	55222529	55445067	-0.149533	-0.076792	-0.041362	-0.098293
Chr04	55336647	55604384	-0.128897	-0.070028	-0.034965	-0.077496
Chr04	55445128	55767832	-0.045003	-0.025327	-0.014490	-0.027369
Chr04	55604466	55876582	-0.059875	-0.042016	-0.023924	-0.037066
Chr04	55767835	56041485	0.001103	0.000744	0.000475	-0.001634
Chr04	55876712	56106858	-0.105735	-0.074681	-0.045778	-0.053411
Chr04	56041502	56237389	-0.063890	-0.037482	-0.022704	-0.032955
Chr04	56106939	56370972	0.182677	0.093187	0.054507	0.121182
Chr04	56237451	56548550	0.040652	0.022735	0.011123	0.039126
Chr04	56371228	56728562	-0.057199	-0.035635	-0.016557	-0.036694
Chr04	56548559	56802235	0.174140	0.116338	0.065505	0.113163
Chr04	56728583	56933160	0.017725	0.010574	0.006545	0.013274
Chr04	56802245	57003842	-0.394739	-0.293322	-0.158088	-0.321855
Chr04	56933175	57141259	-0.417881	-0.212422	-0.134056	-0.311315
Chr04	57003852	57298324	-0.258620	-0.092001	-0.067400	-0.188977
Chr04	57141260	57479242	-0.114863	-0.056682	-0.042709	-0.086046
Chr04	57298771	57700906	-0.047966	-0.024929	-0.018767	-0.035134
Chr04	57479710	57784328	-0.312292	-0.174945	-0.119164	-0.226309
Chr04	57700994	57923719	-0.188722	-0.102309	-0.066448	-0.125856
Chr04	57784593	58109362	-0.025763	-0.011161	-0.006376	-0.019486
Chr04	57923848	58415451	-0.134525	-0.064572	-0.030076	-0.077015
Chr04	58109365	58567160	-0.301272	-0.156905	-0.078553	-0.182656
Chr04	58415575	58678168	-0.267644	-0.167707	-0.089120	-0.163491
Chr04	58567176	58775534	0.133575	0.067219	0.039113	0.091815
Chr04	58678335	58995239	0.488949	0.170129	0.123334	0.349571
Chr04	58775692	59116016	0.327872	0.118750	0.090615	0.235200
Chr04	58995674	59328409	0.002822	0.001194	0.000779	0.010489
Chr04	59116064	59542339	0.114472	0.050351	0.028169	0.092832
Chr04	59328889	59662425	0.135512	0.076468	0.037843	0.115513
Chr04	59542409	59904691	-0.090114	-0.058846	-0.026858	-0.067496
Chr04	59662476	60010762	-0.051318	-0.027527	-0.013113	-0.034691
Chr04	59904753	60149061	0.168375	0.075383	0.043939	0.116304
Chr04	60010995	60323100	-0.162344	-0.080261	-0.044573	-0.116459
Chr04	60149070	60423204	-0.340967	-0.209845	-0.104918	-0.240242
Chr04	60323135	60511878	-0.155830	-0.094265	-0.058447	-0.096274
Chr04	60423211	60726904	-0.111698	-0.063359	-0.039120	-0.056508
Chr04	60511916	60814499	-0.108455	-0.083792	-0.042871	-0.049850
Chr04	60727656	60899411	-0.168506	-0.199974	-0.079696	-0.093692
Chr04	60814556	61003522	-0.192949	-0.182307	-0.083654	-0.107324
Chr04	60899502	61105074	-0.106124	-0.074351	-0.042701	-0.053014
Chr04	61003556	61207697	-0.092308	-0.059432	-0.036397	-0.052913
Chr04	61105080	61412881	-0.130682	-0.081375	-0.049594	-0.091406
Chr04	61207772	61569223	-0.314496	-0.194101	-0.117465	-0.245058
Chr04	61412884	61929534	-0.407348	-0.232009	-0.139615	-0.317238
Chr04	61569226	62259184	-0.499332	-0.277493	-0.145544	-0.369823
Chr04	61929545	62723180	-0.369313	-0.162396	-0.092013	-0.229179
Chr04	62259304	62922919	0.014731	0.005534	0.003694	0.015627
Chr04	62723182	63060741	0.069780	0.036545	0.022631	0.045779
Chr04	62923705	63154144	0.053411	0.032316	0.019601	0.035977
Chr04	63060779	63263907	0.031644	0.018219	0.011273	0.017872
Chr04	63154296	63393756	-0.020957	-0.012991	-0.007969	-0.015426
Chr04	63264096	63551001	-0.111141	-0.070877	-0.044130	-0.064721
Chr04	63393815	63681617	-0.037483	-0.021389	-0.014256	-0.019463
Chr04	63551004	63781494	0.082770	0.046231	0.031581	0.040938
Chr04	63681704	63874884	0.008646	0.005614	0.003091	0.010755
Chr04	63781512	64018547	-0.203396	-0.161075	-0.054027	-0.118894
Chr04	63875010	64142460	-0.168356	-0.127925	-0.042386	-0.100809
Chr04	64019480	64228765	0.256432	0.131694	0.067579	0.153342
Chr04	64142495	64418045	0.351115	0.153060	0.084642	0.191401
Chr04	64228845	64566073	-0.014614	-0.005866	-0.003229	-0.005257
Chr04	64418085	64866552	0.021604	0.007679	0.004630	0.014627
Chr04	64566818	64963681	0.069599	0.030933	0.019215	0.037693
Chr04	64866562	65093808	-0.065664	-0.042191	-0.022860	-0.037643
Chr04	64963748	65233434	-0.034459	-0.026797	-0.012897	-0.019451
Chr04	65093822	65423018	-0.027917	-0.019189	-0.009757	-0.015391
Chr04	65233539	65556548	-0.357085	-0.310851	-0.137148	-0.260771
Chr04	65423046	65825093	-0.445036	-0.308090	-0.143281	-0.363798
Chr04	65556549	66098188	-0.481755	-0.292803	-0.132779	-0.396167
Chr04	65825262	66241157	-0.374763	-0.271690	-0.117707	-0.309493
Chr04	66098190	66432522	-0.129390	-0.076954	-0.034956	-0.100044
Chr04	66241165	67049313	-0.017055	-0.008124	-0.002892	0.002688
Chr04	66432658	67223303	0.003701	0.001733	0.000615	0.014234
Chr04	67049830	67362568	-0.034424	-0.019794	-0.011669	-0.020619
Chr04	67223391	67489201	0.113743	0.072111	0.045475	0.060300
Chr04	67362586	67630835	0.105621	0.066797	0.041587	0.060213
Chr04	67489310	67720506	-0.018849	-0.014431	-0.008527	-0.010103
Chr04	67630895	67794663	-0.023924	-0.023012	-0.014239	-0.010279
Chr04	67720547	67949225	0.056304	0.044183	0.029108	0.027291
Chr04	67794665	68043407	0.116485	0.083989	0.057520	0.063635
Chr04	67949386	68643119	0.063652	0.029804	0.020345	0.039856
Chr04	68043423	69340818	-0.008336	-0.003274	-0.002083	-0.002091
Chr04	68643384	69435125	0.066108	0.032236	0.020131	0.039845
Chr04	69341056	69555661	0.192248	0.117115	0.076357	0.101365
Chr04	69435185	69647102	-0.090611	-0.059066	-0.036332	-0.054901
Chr04	69555761	69874582	-0.110875	-0.057956	-0.039224	-0.064614
Chr04	69647142	70015701	0.120115	0.062393	0.041223	0.076363
Chr04	69874666	70189437	0.082087	0.049505	0.030564	0.047583
Chr04	70015795	70296155	0.006222	0.003557	0.002395	0.004134
Chr04	70189540	70413897	-0.132019	-0.091116	-0.049985	-0.072244
Chr04	70296478	70487141	-0.147496	-0.097029	-0.052848	-0.083355
Chr04	70413930	70702862	-0.100194	-0.051641	-0.030356	-0.055061
Chr04	70487283	70874441	-0.021784	-0.010884	-0.006519	-0.013715
Chr04	70703261	71012752	0.045243	0.023078	0.013797	0.029316
Chr04	70874897	71489287	-0.001541	-0.000748	-0.000411	0.006722
Chr04	71012767	71613223	-0.109087	-0.051079	-0.030007	-0.051611
Chr04	71489332	71754275	-0.081459	-0.040931	-0.026577	-0.039857
Chr04	71613243	71892084	0.117692	0.046168	0.029970	0.069313
Chr04	71754297	72094933	0.240990	0.096097	0.061704	0.148997
Chr04	71892168	72364162	0.190501	0.098229	0.059641	0.116498
Chr04	72095298	72633299	0.087789	0.047578	0.028090	0.049530
Chr04	72364165	72729971	-0.069779	-0.047241	-0.026414	-0.043924
Chr04	72633438	72834653	-0.050192	-0.035489	-0.020676	-0.031009
Chr04	72730056	73052449	0.087479	0.051775	0.026016	0.056181
Chr04	72834664	73264608	0.022011	0.011421	0.005992	0.017267
Chr04	73052472	73421336	0.040930	0.020143	0.013217	0.022383
Chr04	73264716	73541276	0.047704	0.028701	0.017947	0.022860
Chr04	73421345	73618324	-0.154723	-0.112247	-0.062341	-0.097378
Chr04	73541277	73750687	-0.069932	-0.048348	-0.028927	-0.045288
Chr04	73618403	73850222	0.024309	0.016974	0.010834	0.014361
Chr04	73750714	74154468	-0.123480	-0.068609	-0.040578	-0.074017
Chr04	73850362	74295128	-0.063540	-0.029436	-0.018481	-0.035428
Chr04	74155756	74613542	0.064044	0.029044	0.019075	0.039955
Chr04	74295151	74721791	0.134356	0.074870	0.042460	0.076708
Chr04	74613570	74823743	0.082902	0.062907	0.032930	0.044395
Chr04	74721836	75005885	-0.023039	-0.013199	-0.008602	-0.019611
Chr04	74823766	75111770	0.144491	0.078289	0.050749	0.103273
Chr04	75005886	75281920	0.225642	0.133522	0.073078	0.171553
Chr04	75111805	75387092	-0.049327	-0.029569	-0.014710	-0.017640
Chr04	75281926	75509682	-0.148846	-0.085165	-0.047816	-0.092636
Chr04	75387128	75639639	-0.113215	-0.070335	-0.044886	-0.065693
Chr04	75510301	75754038	-0.107319	-0.073093	-0.045835	-0.055455
Chr04	75639652	75905038	-0.066846	-0.038693	-0.025059	-0.031339
Chr04	75754102	75979361	-0.063448	-0.044569	-0.028869	-0.030210
Chr04	75905043	76073453	-0.092740	-0.087817	-0.055838	-0.051903
Chr04	75979367	76225052	-0.070306	-0.049279	-0.034704	-0.042081
Chr04	76073606	76319095	-0.001942	-0.000949	-0.000758	0.001862
Chr04	76225053	76448143	-0.048310	-0.025320	-0.018988	-0.029908
Chr04	76319099	76892065	-0.047473	-0.025026	-0.015840	-0.024117
Chr04	76448146	77205262	-0.101816	-0.045908	-0.029718	-0.061558
Chr04	76892185	77318229	-0.149222	-0.076639	-0.052693	-0.090998
Chr04	77205302	77401558	-0.109587	-0.088782	-0.052264	-0.055202
Chr04	77318269	77512297	-0.103200	-0.081327	-0.045564	-0.047154
Chr04	77401574	77610554	0.079499	0.047190	0.031015	0.041861
Chr04	77512321	77943880	0.033220	0.015187	0.010411	0.017448
Chr04	77610557	78021087	-0.057495	-0.028135	-0.019355	-0.035576
Chr04	77943897	78517031	0.012614	0.005512	0.003737	0.016611
Chr04	78021145	78794111	0.159637	0.063765	0.041919	0.110379
Chr04	78517040	78964801	0.134517	0.068299	0.041251	0.089805
Chr04	78794121	79033864	0.011726	0.008595	0.004846	0.012965
Chr04	78964809	79097918	0.104538	0.087837	0.057253	0.053501
Chr04	79033884	79177206	0.038137	0.025608	0.017499	0.016414
Chr04	79097932	79325465	-0.149016	-0.082402	-0.055016	-0.080697
Chr04	79177252	79417773	-0.058055	-0.032295	-0.020243	-0.029123
Chr04	79325486	79511989	0.093632	0.062078	0.035997	0.040217
Chr04	79417942	79615479	-0.161244	-0.097103	-0.061061	-0.078718
Chr04	79512031	79753388	-0.305263	-0.145890	-0.098515	-0.174492
Chr04	79615518	79882123	-0.172616	-0.079965	-0.054334	-0.092856
Chr04	79753458	80077224	-0.080294	-0.037221	-0.025432	-0.051558
Chr04	79882124	80277987	-0.101927	-0.047867	-0.031146	-0.061539
Chr04	80077341	80381463	-0.092575	-0.048091	-0.031409	-0.048857
Chr04	80278052	80480234	-0.074871	-0.038918	-0.027912	-0.043448
Chr04	80381507	80721379	-0.049318	-0.026810	-0.017952	-0.027864
Chr04	80480365	80887278	-0.026581	-0.017394	-0.010518	-0.015697
Chr04	80721593	81006508	-0.099373	-0.103593	-0.057911	-0.057658
Chr04	80887299	81112896	-0.154483	-0.207689	-0.109889	-0.090925
Chr04	81006538	81257361	-0.047210	-0.036467	-0.022758	-0.026537
Chr04	81112925	81359588	-0.032541	-0.019550	-0.012726	-0.016735
Chr04	81257501	81621788	0.042623	0.022860	0.013552	0.025577
Chr04	81359767	81812935	0.331682	0.152567	0.094699	0.237518
Chr04	81624178	81898655	0.334309	0.173790	0.110670	0.216127
Chr04	81813011	82122773	0.028599	0.019353	0.011405	0.015764
Chr04	81898715	82456654	-0.094891	-0.056535	-0.032449	-0.056712
Chr04	82122862	82649372	-0.038938	-0.025442	-0.014382	-0.029345
Chr04	82456657	82763154	0.043218	0.026381	0.016211	0.022493
Chr04	82649512	82825291	-0.093232	-0.061761	-0.037256	-0.044224
Chr04	82763197	82915860	-0.147014	-0.139738	-0.070978	-0.075948
Chr04	82825305	83058637	-0.148606	-0.115037	-0.062811	-0.083551
Chr04	82915902	83224088	-0.164390	-0.088198	-0.055967	-0.089278
Chr04	83058643	83334440	-0.153996	-0.081661	-0.053176	-0.079546
Chr04	83224146	83412013	0.032835	0.024039	0.015020	0.020241
Chr04	83334469	83632932	-0.026847	-0.018733	-0.011135	-0.020200
Chr04	83412022	83730775	-0.002754	-0.001720	-0.001040	-0.006484
Chr04	83632977	83828222	0.157298	0.107108	0.068485	0.086196
Chr04	83731001	84143072	0.031450	0.019211	0.011951	0.017692
Chr04	83828320	84628911	-0.090623	-0.041230	-0.025564	-0.056519
Chr04	84143093	84690097	-0.063209	-0.033872	-0.021516	-0.038763
Chr04	84628918	84773624	0.052234	0.044401	0.030730	0.023548
Chr04	84690128	85005534	0.094531	0.037503	0.027782	0.054253
Chr05	6872	260549	-0.239548	-0.103968	-0.071948	-0.165382
Chr05	119698	472432	-0.227905	-0.099754	-0.060603	-0.149147
Chr05	260608	581725	-0.137711	-0.077720	-0.043998	-0.096400
Chr05	472601	672872	0.056497	0.037207	0.024988	0.032134
Chr05	581738	770189	-0.011703	-0.007980	-0.005193	-0.003988
Chr05	672999	1148153	-0.101763	-0.066921	-0.040575	-0.057372
Chr05	770202	2923847	-0.058782	-0.035963	-0.020988	-0.033201
Chr05	1148154	2988245	-0.077462	-0.054857	-0.030744	-0.039266
Chr05	2923863	3106953	0.071122	0.042100	0.027022	0.036946
Chr05	2988422	3292286	-0.090247	-0.039774	-0.026476	-0.075709
Chr05	3107638	3597549	-0.303088	-0.096312	-0.063584	-0.193121
Chr05	3292315	3745276	-0.257407	-0.090681	-0.056656	-0.137164
Chr05	3597714	3894705	-0.162584	-0.093920	-0.056018	-0.087437
Chr05	3745292	4088276	0.127908	0.065283	0.043032	0.076463
Chr05	3895163	4360180	0.392717	0.195931	0.136621	0.250555
Chr05	4088332	4503322	0.257382	0.141221	0.096421	0.155946
Chr05	4360311	4594609	-0.098754	-0.061349	-0.038355	-0.061365
Chr05	4503335	4807979	-0.177308	-0.099219	-0.063389	-0.126960
Chr05	4594616	5011307	-0.288946	-0.092670	-0.065868	-0.230338
Chr05	4808035	5246740	0.053933	0.014054	0.010835	0.031340
Chr05	5011387	5369948	0.010033	0.003190	0.002331	0.006255
Chr05	5246741	5501726	-0.309692	-0.128136	-0.083148	-0.255611
Chr05	5369954	5743061	-0.166749	-0.071131	-0.045334	-0.125098
Chr05	5501884	5967732	-0.179259	-0.095534	-0.051061	-0.116022
Chr05	5743065	6084005	-0.257672	-0.158811	-0.074909	-0.178102
Chr05	5967812	6233953	-0.195621	-0.117572	-0.055757	-0.123115
Chr05	6084026	6424642	-0.123287	-0.044742	-0.029197	-0.082417
Chr05	6233970	6653913	-0.172062	-0.047929	-0.033849	-0.133394
Chr05	6424870	6800861	0.179049	0.055438	0.038359	0.131452
Chr05	6654031	6912308	0.278057	0.123258	0.083118	0.193160
Chr05	6800937	7160376	0.130982	0.067597	0.040376	0.079156
Chr05	6912316	7259186	0.135035	0.070568	0.042191	0.080824
Chr05	7160384	7403587	0.011967	0.006689	0.004254	0.004361
Chr05	7259330	7570471	0.128326	0.050127	0.029944	0.080640
Chr05	7403899	7749470	0.113285	0.033012	0.020889	0.080780
Chr05	7571032	7879182	0.052976	0.018708	0.012992	0.038296
Chr05	7749492	8048239	0.058228	0.028671	0.018824	0.038363
Chr05	7879349	8181302	0.051363	0.027884	0.017617	0.034879
Chr05	8048247	8362643	0.049110	0.028074	0.018530	0.033023
Chr05	8181303	8563636	-0.101777	-0.046540	-0.028758	-0.068041
Chr05	8362656	8738927	-0.100080	-0.035955	-0.022323	-0.075335
Chr05	8563692	8976516	-0.093141	-0.032373	-0.019787	-0.067375
Chr05	8738970	9243421	-0.004780	-0.001411	-0.000953	-0.004484
Chr05	8976552	9447485	0.120784	0.041153	0.028309	0.086606
Chr05	9243958	9542390	-0.022860	-0.014342	-0.007396	-0.001677
Chr05	9447489	9705720	-0.322652	-0.257357	-0.111543	-0.215887
Chr05	9542422	9828451	-0.126547	-0.075803	-0.037741	-0.075497
Chr05	9705803	9940197	0.111137	0.057609	0.032588	0.073069
Chr05	9828558	10119180	0.096959	0.048688	0.031093	0.062628
Chr05	9940308	10308772	0.306741	0.153500	0.103800	0.222256
Chr05	10119349	10640262	0.172175	0.087020	0.051489	0.109016
Chr05	10308773	11016907	-0.157697	-0.052161	-0.031399	-0.094348
Chr05	10640314	11132005	-0.265861	-0.103844	-0.062975	-0.182435
Chr05	11016919	11288900	-0.147294	-0.058631	-0.033856	-0.102072
Chr05	11132019	11476435	-0.137110	-0.046462	-0.028125	-0.093904
Chr05	11289011	11638316	-0.144846	-0.052673	-0.034687	-0.106859
Chr05	11476539	11729793	0.080412	0.026057	0.018429	0.054947
Chr05	11638369	11965915	0.026368	0.007368	0.005132	0.018145
Chr05	11729800	12137121	-0.057816	-0.016994	-0.011456	-0.041044
Chr05	11966015	12302821	0.257538	0.106461	0.074370	0.185738
Chr05	12137128	12366570	0.590838	0.353634	0.264045	0.414952
Chr05	12302848	12503186	0.409763	0.250281	0.158671	0.248804
Chr05	12366683	12722358	-0.107503	-0.049402	-0.028673	-0.061786
Chr05	12503604	12908292	-0.249672	-0.110049	-0.069841	-0.150496
Chr05	12722415	13014440	-0.288996	-0.161990	-0.102490	-0.178767
Chr05	12908358	13226524	-0.227565	-0.104155	-0.066177	-0.143758
Chr05	13015458	13367363	-0.212558	-0.091436	-0.057124	-0.143161
Chr05	13226635	13513197	0.014426	0.006989	0.004304	0.014248
Chr05	13367414	13790057	0.191410	0.071256	0.044922	0.135365
Chr05	13513252	14248836	0.128806	0.051977	0.030950	0.085551
Chr05	13790094	14338690	0.021365	0.013117	0.007009	0.016326
Chr05	14248865	14503492	0.157045	0.087330	0.052491	0.115284
Chr05	14338698	14660936	0.195306	0.078986	0.053801	0.153099
Chr05	14503498	14915879	-0.044118	-0.011925	-0.008170	-0.028646
Chr05	14660945	15138050	-0.085922	-0.022343	-0.014204	-0.057775
Chr05	14915922	15286715	-0.194309	-0.070001	-0.037359	-0.147687
Chr05	15138155	15550270	-0.097058	-0.036663	-0.019618	-0.083508
Chr05	15286785	15714617	-0.053953	-0.022183	-0.012401	-0.045420
Chr05	15550507	15909964	-0.292222	-0.154227	-0.080143	-0.249541
Chr05	15714647	16037231	-0.247157	-0.123745	-0.069712	-0.197921
Chr05	15910072	16233605	0.009855	0.004017	0.002433	0.008469
Chr05	16037282	16414575	-0.068598	-0.029603	-0.014565	-0.051498
Chr05	16233611	16589179	-0.138494	-0.062332	-0.031030	-0.104866
Chr05	16414697	16690732	-0.130295	-0.065310	-0.037812	-0.091542
Chr05	16589190	16827523	-0.206224	-0.125701	-0.060676	-0.131489
Chr05	16690749	16982067	-0.277365	-0.135823	-0.070146	-0.169600
Chr05	16827649	17170639	-0.195616	-0.104397	-0.056463	-0.106114
Chr05	16982100	17263979	0.085759	0.035433	0.022570	0.064793
Chr05	17170718	17362046	0.139253	0.052119	0.036592	0.093018
Chr05	17264052	17435789	-0.250172	-0.192843	-0.089862	-0.156001
Chr05	17362125	17649773	-0.032938	-0.021088	-0.009602	-0.023096
Chr05	17435820	17830982	0.080856	0.034739	0.020443	0.065177
Chr05	17649774	17991381	-0.212513	-0.095447	-0.060542	-0.155765
Chr05	17830991	18188290	-0.307928	-0.143725	-0.081124	-0.237099
Chr05	17991399	18337118	-0.078843	-0.032696	-0.017510	-0.066620
Chr05	18188342	18494345	0.096699	0.030254	0.019485	0.071381
Chr05	18337156	18642994	-0.154229	-0.052276	-0.036341	-0.125057
Chr05	18494352	18841754	-0.232321	-0.101483	-0.061491	-0.182468
Chr05	18643035	19023585	-0.226703	-0.106363	-0.056469	-0.168824
Chr05	18841782	19206357	-0.287587	-0.154631	-0.075780	-0.203355
Chr05	19023613	19455613	-0.187352	-0.078997	-0.044354	-0.120334
Chr05	19229109	19639878	0.013799	0.004316	0.002757	0.017615
Chr05	19455829	19820708	-0.102801	-0.040691	-0.021730	-0.079714
Chr05	19639932	19985828	-0.316160	-0.146396	-0.068736	-0.227851
Chr05	19820764	20257168	-0.390611	-0.133197	-0.072500	-0.276106
Chr05	19985888	20501762	-0.184544	-0.067024	-0.034389	-0.142877
Chr05	20257262	20678595	-0.010789	-0.004261	-0.002193	-0.003752
Chr05	20501829	20878360	-0.071262	-0.027472	-0.015435	-0.054032
Chr05	20678695	21041633	0.015379	0.005808	0.003415	0.013884
Chr05	20878456	21354899	-0.378470	-0.175464	-0.086363	-0.268327
Chr05	21041668	21620758	-0.320166	-0.161477	-0.081579	-0.266885
Chr05	21355036	21843896	0.182236	0.071713	0.045050	0.161903
Chr05	21620800	21969708	0.117100	0.042275	0.027606	0.078922
Chr05	21844019	22190499	-0.215205	-0.077263	-0.047826	-0.134115
Chr05	21969868	22312617	-0.114261	-0.036833	-0.023203	-0.079877
Chr05	22190503	22582268	0.010480	0.003907	0.002453	0.008687
Chr05	22312686	22700701	-0.031172	-0.015631	-0.008707	-0.021570
Chr05	22582297	22809324	0.070385	0.035998	0.021594	0.048082
Chr05	22700732	22933216	-0.036150	-0.018545	-0.010691	-0.019522
Chr05	22809423	23108639	-0.065701	-0.030319	-0.016669	-0.045899
Chr05	22933219	23292630	0.084981	0.034355	0.020162	0.060876
Chr05	23109394	23468617	-0.104009	-0.039627	-0.025896	-0.073306
Chr05	23292642	23650417	-0.329184	-0.161183	-0.090010	-0.233160
Chr05	23473186	23784234	-0.239809	-0.144100	-0.066963	-0.147187
Chr05	23650424	23899582	-0.102171	-0.047148	-0.027952	-0.064638
Chr05	23784267	24063423	-0.193211	-0.094989	-0.054244	-0.140746
Chr05	23899935	24284406	-0.329566	-0.138046	-0.067159	-0.264580
Chr05	24064834	24515567	-0.227111	-0.070138	-0.041113	-0.192767
Chr05	24284528	24815464	-0.132545	-0.043124	-0.025215	-0.104084
Chr05	24515700	25036586	0.090630	0.032414	0.018050	0.094023
Chr05	24816294	25210433	0.328488	0.120059	0.070255	0.285053
Chr05	25036637	25434965	-0.028009	-0.012291	-0.006506	-0.013315
Chr05	25210447	25584894	-0.353320	-0.176717	-0.094742	-0.282038
Chr05	25435055	25701447	-0.324156	-0.180672	-0.101088	-0.236215
Chr05	25585171	25894115	-0.182687	-0.072269	-0.042568	-0.109212
Chr05	25701461	26006808	-0.165362	-0.071260	-0.038806	-0.101058
Chr05	25894140	26169676	-0.035043	-0.016198	-0.009222	-0.012354
Chr05	26006937	26270111	-0.116479	-0.051175	-0.030445	-0.061624
Chr05	26169732	26438139	-0.101953	-0.045366	-0.025115	-0.065177
Chr05	26270143	26625053	0.021459	0.008215	0.004804	0.019927
Chr05	26438233	27099333	-0.021692	-0.005348	-0.003699	-0.008471
Chr05	26625132	27393190	-0.144090	-0.035763	-0.023406	-0.069945
Chr05	27099533	27588074	0.010502	0.003702	0.002338	0.010218
Chr05	27393225	27697738	0.191123	0.071261	0.048947	0.140532
Chr05	27588079	27874185	0.139331	0.058198	0.040992	0.085326
Chr05	27697739	27964469	0.008916	0.004114	0.002853	0.006674
Chr05	27874199	28090340	-0.324594	-0.206077	-0.110351	-0.207203
Chr05	27964537	28200863	-0.482163	-0.275435	-0.140225	-0.360705
Chr05	28090656	28507276	-0.280156	-0.090733	-0.061413	-0.194755
Chr05	28201229	28775210	-0.378575	-0.090888	-0.068223	-0.265146
Chr05	28507474	29047031	-0.551377	-0.185595	-0.115807	-0.422226
Chr05	28775221	29195109	-0.481394	-0.294171	-0.135348	-0.309539
Chr05	29047117	29320514	-0.198844	-0.147743	-0.065662	-0.106098
Chr05	29195206	29434752	-0.074798	-0.050072	-0.023512	-0.037228
Chr05	29321128	29588464	-0.360237	-0.244933	-0.101800	-0.212929
Chr05	29434755	29708871	-0.311331	-0.204779	-0.081950	-0.212736
Chr05	29588465	29817808	-0.414529	-0.260479	-0.098615	-0.310250
Chr05	29708887	30000517	-0.402436	-0.260732	-0.084360	-0.301439
Chr05	29817904	30164172	-0.329268	-0.240660	-0.070064	-0.228869
Chr05	30000560	30283317	-0.373317	-0.234783	-0.091965	-0.249954
Chr05	30164228	30409472	-0.351541	-0.201504	-0.088926	-0.242893
Chr05	30283318	30538934	-0.249367	-0.164351	-0.066633	-0.169078
Chr05	30409553	30674609	-0.231849	-0.118257	-0.061382	-0.142282
Chr05	30538961	30784128	-0.316727	-0.161662	-0.080221	-0.169145
Chr05	30674724	30877034	0.024545	0.012989	0.005567	0.014302
Chr05	30784176	31055655	-0.216250	-0.112725	-0.049555	-0.141582
Chr05	30877122	31178084	-0.447726	-0.258178	-0.124931	-0.300125
Chr05	31055730	31345521	-0.279857	-0.143043	-0.082399	-0.164657
Chr05	31178144	31713953	-0.130341	-0.072876	-0.037955	-0.068409
Chr05	31345526	31858181	0.018196	0.010667	0.004797	0.012615
Chr05	31713975	31993580	0.134902	0.088658	0.033706	0.108570
Chr05	31858196	32141144	-0.065924	-0.047683	-0.017654	-0.037065
Chr05	31993896	32370851	-0.450999	-0.292250	-0.124138	-0.333683
Chr05	32141158	32581894	-0.308468	-0.168267	-0.075768	-0.235934
Chr05	32371880	32852962	-0.233494	-0.122523	-0.052000	-0.183136
Chr05	32581941	33099145	-0.330396	-0.153558	-0.066356	-0.231110
Chr05	32853234	33283476	-0.288866	-0.122055	-0.064637	-0.218503
Chr05	33099169	33489994	-0.121422	-0.050802	-0.027234	-0.094946
Chr05	33283556	33693638	0.034982	0.014669	0.008188	0.030595
Chr05	33490010	33867507	0.032988	0.015808	0.009342	0.030384
Chr05	33693667	34248635	-0.025608	-0.010474	-0.006339	-0.016234
Chr05	33867581	34492175	0.027408	0.010849	0.006707	0.024221
Chr05	34248679	34649187	0.161528	0.086764	0.050836	0.116434
Chr05	34492191	34932497	-0.026080	-0.014894	-0.008283	-0.013269
Chr05	34649288	35123368	-0.009179	-0.004320	-0.002482	-0.002079
Chr05	34932768	35662692	-0.032196	-0.011654	-0.007037	-0.022725
Chr05	35123512	36647066	-0.073652	-0.023277	-0.014729	-0.047810
Chr05	35662824	36939627	-0.020322	-0.007213	-0.004699	-0.012764
Chr05	36647099	37129455	0.104268	0.040884	0.025053	0.072062
Chr05	36939642	37433511	-0.288461	-0.139279	-0.078515	-0.220919
Chr05	37129502	37566112	-0.547561	-0.346196	-0.193681	-0.400778
Chr05	37433515	37737531	-0.460878	-0.366431	-0.203826	-0.333015
Chr05	37566134	37873849	-0.551685	-0.366147	-0.207043	-0.438788
Chr05	37737638	38106181	-0.340769	-0.137815	-0.084653	-0.257655
Chr05	37873934	38401924	-0.098215	-0.033000	-0.020673	-0.071726
Chr05	38110619	38540026	-0.085299	-0.035009	-0.021655	-0.062283
Chr05	38402020	38712986	-0.194561	-0.105273	-0.060648	-0.133788
Chr05	38543454	38819388	-0.135574	-0.068082	-0.039219	-0.091915
Chr05	38713041	38964318	-0.191024	-0.091764	-0.054564	-0.148132
Chr05	38819613	39061268	-0.378006	-0.205414	-0.126661	-0.303049
Chr05	38964352	39190917	-0.329890	-0.190419	-0.117751	-0.256458
Chr05	39061518	39379393	-0.022500	-0.010465	-0.005958	-0.015985
Chr05	39190925	39587931	-0.059971	-0.020568	-0.011094	-0.048608
Chr05	39379397	39769962	-0.182074	-0.060798	-0.033407	-0.146275
Chr05	39588235	40051123	-0.291116	-0.095819	-0.055381	-0.238446
Chr05	39770079	40203449	-0.095505	-0.024422	-0.016104	-0.083220
Chr05	40051262	40341743	0.124081	0.033235	0.022762	0.093962
Chr05	40203575	40600623	0.035779	0.010775	0.006755	0.028899
Chr05	40341850	40818154	-0.005249	-0.001290	-0.000882	0.002812
Chr05	40600702	41231879	-0.379357	-0.079770	-0.052242	-0.243770
Chr05	40818260	41523846	-0.248190	-0.054719	-0.036046	-0.163001
Chr05	41232458	41655430	-0.203882	-0.075013	-0.046825	-0.132750
Chr05	41523857	41783066	-0.468506	-0.338397	-0.168176	-0.341239
Chr05	41655517	42090376	-0.420880	-0.241440	-0.130337	-0.348999
Chr05	41783119	42460399	-0.291643	-0.126611	-0.060878	-0.217202
Chr05	42090431	42686370	-0.163529	-0.075004	-0.036830	-0.110284
Chr05	42460777	42792764	-0.104999	-0.050911	-0.031996	-0.066984
Chr05	42686375	42963497	-0.036949	-0.016801	-0.010020	-0.027055
Chr05	42792824	43118568	-0.118309	-0.047978	-0.025897	-0.087262
Chr05	42963825	43353492	-0.442673	-0.117958	-0.068705	-0.334776
Chr05	43118854	43463578	-0.552864	-0.173886	-0.102361	-0.454304
Chr05	43353532	43672790	-0.448228	-0.175172	-0.106690	-0.350193
Chr05	43463595	43807612	-0.362200	-0.118126	-0.073920	-0.281665
Chr05	43672795	43927511	-0.306630	-0.131716	-0.070493	-0.259722
Chr05	43807698	43992218	-0.152572	-0.078629	-0.038637	-0.121801
Chr05	43927515	44095384	-0.168475	-0.103036	-0.051628	-0.118332
Chr05	43992348	44248031	-0.072114	-0.041906	-0.023427	-0.042939
Chr05	44095504	44377681	0.006333	0.003846	0.002305	0.002351
Chr05	44248044	44532224	-0.091098	-0.048297	-0.028669	-0.056582
Chr05	44377694	44704355	-0.120727	-0.057688	-0.034020	-0.084535
Chr05	44532249	44832070	-0.161551	-0.077637	-0.043042	-0.124366
Chr05	44704393	45015122	-0.202481	-0.089765	-0.042892	-0.163387
Chr05	44832075	45169347	-0.415355	-0.200407	-0.087733	-0.338870
Chr05	45015171	45330389	-0.383269	-0.147556	-0.080899	-0.335894
Chr05	45169386	45488782	-0.482128	-0.189569	-0.097554	-0.441219
Chr05	45330500	45674544	-0.402345	-0.158054	-0.082784	-0.352008
Chr05	45488826	45833064	-0.238591	-0.079350	-0.050703	-0.199479
Chr05	45674570	46010721	-0.545811	-0.222023	-0.123449	-0.471062
Chr05	45833104	46161041	-0.463473	-0.230841	-0.116567	-0.410481
Chr05	46010725	46328647	-0.148038	-0.071619	-0.035286	-0.129119
Chr05	46161058	46440025	-0.364630	-0.156960	-0.077788	-0.322416
Chr05	46330156	46562008	-0.576981	-0.284314	-0.140597	-0.483928
Chr05	46440045	46688175	-0.445193	-0.280719	-0.118190	-0.357926
Chr05	46562248	46809122	-0.359350	-0.200364	-0.094733	-0.297418
Chr05	46688182	46978039	-0.231796	-0.097698	-0.052666	-0.157060
Chr05	46809148	47143559	-0.129746	-0.055145	-0.027970	-0.086781
Chr05	46978252	47288616	-0.362360	-0.155401	-0.081008	-0.312297
Chr05	47143686	47462935	-0.618536	-0.247783	-0.126826	-0.548428
Chr05	47288633	47784012	-0.558017	-0.136309	-0.077131	-0.447462
Chr05	47463416	48001033	-0.438514	-0.097828	-0.055997	-0.338677
Chr05	47784837	48219124	-0.495242	-0.227457	-0.096812	-0.428510
Chr05	48001041	49831733	-0.618967	-0.262180	-0.107282	-0.574260
Chr05	48219410	50194987	-0.532408	-0.181535	-0.082195	-0.500332
Chr05	49831799	51712665	-0.466692	-0.144165	-0.062230	-0.438012
Chr05	50195068	51837812	-0.682254	-0.308039	-0.127792	-0.655401
Chr05	51712743	51947355	-0.850940	-1.036333	-0.356922	-0.824751
Chr05	51837813	52163956	-0.790056	-0.734799	-0.216651	-0.742978
Chr05	51947377	52271156	-0.659707	-0.422392	-0.137929	-0.585045
Chr05	52164053	52532008	-0.593045	-0.278828	-0.128502	-0.512137
Chr05	52273347	52749264	-0.391845	-0.153602	-0.079924	-0.323855
Chr05	52532243	52897756	-0.066228	-0.019075	-0.012804	-0.051082
Chr05	52749622	53106033	-0.235703	-0.069564	-0.042586	-0.192332
Chr05	52897774	53252997	-0.403785	-0.177675	-0.070798	-0.273898
Chr05	53106427	53436920	0.137301	0.038601	0.021231	0.095983
Chr05	53253015	53624766	0.363366	0.078074	0.053602	0.297856
Chr05	53436927	53820994	-0.097487	-0.031237	-0.018256	-0.075524
Chr05	53625974	54030199	-0.431316	-0.189530	-0.094208	-0.326049
Chr05	53821243	54197568	-0.265250	-0.096108	-0.053255	-0.212844
Chr05	54030302	54336647	-0.060567	-0.023556	-0.013981	-0.054179
Chr05	54197601	54485440	0.519269	0.254485	0.175383	0.459219
Chr05	54336807	54766798	0.537389	0.297748	0.176908	0.459166
Chr05	54485488	54971821	0.086838	0.041715	0.021571	0.066142
Chr05	54766919	55122090	0.044733	0.023457	0.012555	0.033847
Chr05	54971841	55236125	-0.141185	-0.083977	-0.036774	-0.109943
Chr05	55122118	55333928	-0.252208	-0.158713	-0.059131	-0.160840
Chr05	55236425	55472686	-0.097696	-0.059341	-0.023696	-0.052079
Chr05	55333961	55667135	0.290302	0.130482	0.068556	0.225421
Chr05	55472745	55795839	0.273128	0.116445	0.067683	0.215287
Chr05	55667172	55948270	0.005387	0.002682	0.001567	0.001686
Chr05	55795851	56110924	0.008097	0.004369	0.002350	0.011083
Chr05	55948458	56248326	-0.176908	-0.092567	-0.054504	-0.125296
Chr05	56110949	56327705	-0.160613	-0.091971	-0.062176	-0.103615
Chr05	56248341	56495895	0.040735	0.025497	0.016135	0.020687
Chr05	56327706	56696349	-0.000631	-0.000329	-0.000206	-0.002825
Chr05	56495950	56817368	0.030781	0.016781	0.011095	0.017625
Chr05	56696361	56962768	0.082210	0.047843	0.031713	0.047726
Chr05	56817370	57035470	0.106915	0.045184	0.033400	0.063694
Chr05	56962912	57281253	0.031995	0.011944	0.009275	0.021916
Chr05	57035487	57405016	-0.109149	-0.047463	-0.032325	-0.063535
Chr05	57281259	57543779	-0.612510	-0.411775	-0.216193	-0.482135
Chr05	57405620	57629709	-0.897008	-1.099329	-0.416707	-0.853807
Chr05	57543833	57792033	-0.898029	-1.466353	-0.430888	-0.873296
Chr05	57629729	57962895	-0.389297	-0.354521	-0.128768	-0.362798
Chr05	57792190	58173854	0.237342	0.097664	0.052135	0.193775
Chr05	57963222	58329376	0.131506	0.047565	0.029848	0.111088
Chr05	58173970	58511992	0.085804	0.035761	0.020484	0.072225
Chr05	58332533	58657341	-0.189261	-0.093314	-0.050253	-0.140001
Chr05	58512112	58754302	-0.233293	-0.132364	-0.076663	-0.181315
Chr05	58657388	59193837	-0.184848	-0.045428	-0.034056	-0.127141
Chr05	58754631	59393738	0.143868	0.027001	0.020126	0.085051
Chr05	59194501	59533311	-0.108809	-0.035392	-0.023201	-0.093144
Chr05	59393839	59704551	-0.188192	-0.063053	-0.041790	-0.171020
Chr05	59533438	59947400	-0.049246	-0.015648	-0.009914	-0.044055
Chr05	59704579	60298063	-0.006465	-0.001773	-0.001146	-0.004497
Chr05	59947549	60476629	-0.007530	-0.002134	-0.001442	-0.005768
Chr05	60298174	60715013	-0.137055	-0.049949	-0.029768	-0.100346
Chr05	60476762	60885501	-0.147233	-0.064051	-0.034137	-0.104833
Chr05	60717673	61057103	-0.215047	-0.101602	-0.049674	-0.165106
Chr05	60885513	61243668	-0.537180	-0.325967	-0.142972	-0.453273
Chr05	61057581	61330570	-0.821691	-0.760298	-0.304392	-0.744640
Chr05	61243760	61502303	-0.815014	-0.767433	-0.313511	-0.719091
Chr05	61330573	61810282	-0.602126	-0.315188	-0.131203	-0.479869
Chr05	61502315	61972727	-0.413236	-0.207785	-0.092825	-0.347436
Chr05	61810332	62117064	-0.216644	-0.119622	-0.058446	-0.165899
Chr05	61972804	62364621	-0.269446	-0.128248	-0.063397	-0.193179
Chr05	62117077	62482549	-0.364490	-0.175414	-0.090195	-0.285492
Chr05	62364829	62756875	-0.270740	-0.101180	-0.065778	-0.208915
Chr05	62482750	62940174	-0.054938	-0.012940	-0.010006	-0.034911
Chr05	62756893	63088902	-0.082381	-0.021850	-0.015666	-0.046420
Chr05	62940366	63281930	0.053058	0.021477	0.012825	0.036431
Chr05	63088906	63438920	-0.016684	-0.007990	-0.004453	-0.008188
Chr05	63281951	63535009	0.000727	0.000394	0.000234	-0.000845
Chr05	63438933	63656939	0.325808	0.205475	0.144051	0.189742
Chr05	63535029	63802557	0.217468	0.118930	0.080633	0.132705
Chr05	63656940	63861473	-0.038824	-0.025348	-0.014695	-0.011918
Chr05	63802577	63949633	0.069558	0.050645	0.030157	0.037611
Chr05	63861541	64093845	0.088471	0.048717	0.030242	0.044647
Chr05	63949643	64243271	-0.106350	-0.057453	-0.032928	-0.068357
Chr05	64093884	64625464	-0.356403	-0.175885	-0.102599	-0.246885
Chr05	64243296	65015947	-0.135853	-0.045673	-0.028049	-0.084370
Chr05	64626065	65155386	0.149423	0.048731	0.030419	0.106263
Chr05	65015958	65350024	-0.037280	-0.013479	-0.009346	-0.019986
Chr05	65155395	65504451	0.030052	0.011946	0.007789	0.023116
Chr05	65352836	65634965	0.184217	0.080923	0.047800	0.106189
Chr05	65504575	65769420	-0.035876	-0.016835	-0.009234	-0.020826
Chr05	65635010	65961145	-0.127866	-0.055428	-0.032747	-0.088646
Chr05	65769458	66153038	-0.077435	-0.026183	-0.016157	-0.054620
Chr05	65961180	66357411	-0.076333	-0.028004	-0.014273	-0.054011
Chr05	66153269	66494958	-0.241127	-0.105845	-0.051926	-0.184312
Chr05	66357427	66706536	-0.257410	-0.110707	-0.063465	-0.196552
Chr05	66495005	66885531	0.023171	0.009477	0.005320	0.020981
Chr05	66706574	67050761	0.026460	0.013272	0.006486	0.030267
Chr05	66885601	67153906	-0.164384	-0.087391	-0.045925	-0.117259
Chr05	67050795	67259652	-0.317483	-0.179308	-0.100198	-0.213395
Chr05	67153939	67359503	-0.193482	-0.143677	-0.080747	-0.125373
Chr05	67259811	67695224	-0.089669	-0.052555	-0.033048	-0.057100
Chr05	67359642	67791791	-0.031979	-0.016649	-0.010500	-0.022070
Chr05	67695326	67874643	-0.004755	-0.002786	-0.001885	-0.000707
Chr05	67791895	68028823	-0.165767	-0.102299	-0.059531	-0.095184
Chr05	67874661	68149596	-0.184331	-0.128855	-0.067914	-0.115335
Chr05	68028827	68256070	-0.030610	-0.022542	-0.012058	-0.017715
Chr05	68149601	68459276	0.057368	0.033700	0.020571	0.028907
Chr05	68256130	68603523	0.040423	0.023216	0.015162	0.020205
Chr05	68459298	68654553	0.036543	0.026207	0.016921	0.021128
Chr05	68603525	68745480	0.217393	0.106438	0.083701	0.136141
Chr05	68654858	68948257	0.129190	0.064785	0.045653	0.084654
Chr05	68745518	69007238	0.099077	0.071256	0.043383	0.066107
Chr05	68948287	69085479	0.154775	0.128431	0.083077	0.100115
Chr05	69007264	69132824	-0.083878	-0.079603	-0.047563	-0.044992
Chr05	69085515	69417150	-0.018976	-0.007803	-0.004529	-0.010831
Chr05	69132828	69695065	-0.020889	-0.007769	-0.004715	-0.010851
Chr05	69417171	69788059	-0.062535	-0.034771	-0.022496	-0.037222
Chr05	69695154	69939404	0.056459	0.036360	0.022672	0.034321
Chr05	69788067	70092889	0.213046	0.122001	0.069937	0.113065
Chr05	69939423	70283029	-0.129343	-0.080459	-0.046079	-0.081881
Chr05	70092916	70419092	-0.272639	-0.190846	-0.100633	-0.184138
Chr05	70283204	71063159	-0.001424	-0.000794	-0.000417	-0.001163
Chr05	70419110	71168714	-0.101386	-0.059077	-0.033346	-0.080833
Chr05	71063166	71324103	-0.185198	-0.094568	-0.056252	-0.139616
Chr05	71168757	71453511	0.070992	0.028926	0.017450	0.046370
Chr05	71324190	71593277	0.154403	0.077318	0.041379	0.094872
Chr05	71453538	71728069	0.029188	0.016280	0.007762	0.020472
Chr05	71593323	71844833	-0.128436	-0.070568	-0.033562	-0.074478
Chr05	71728092	72016939	-0.226761	-0.113844	-0.057986	-0.128877
Chr05	71844922	72142482	-0.063145	-0.036100	-0.020136	-0.041225
Chr05	72017002	72304007	0.046923	0.028263	0.017192	0.031076
Chr05	72142500	72477984	-0.036301	-0.022441	-0.013209	-0.016078
Chr05	72304053	72601208	-0.020251	-0.012448	-0.007292	-0.009247
Chr05	72478098	72761865	0.059813	0.032198	0.018978	0.029854
Chr05	72601281	74000677	0.108188	0.025694	0.019218	0.066751
Chr05	72761894	74314401	0.074268	0.017982	0.013338	0.052553
Chr05	74000686	75172875	0.060016	0.019356	0.012820	0.034993
Chr05	74314532	75315909	-0.005718	-0.002063	-0.001277	-0.006810
Chr05	75172898	75479960	0.019698	0.009228	0.004702	0.011438
Chr05	75315936	75754048	0.209784	0.098868	0.044716	0.140190
Chr05	75479975	75972164	0.224037	0.113745	0.058828	0.169923
Chr05	75754066	76102819	-0.020792	-0.010840	-0.006398	-0.011241
Chr05	75972267	76187219	-0.414131	-0.317566	-0.154580	-0.292822
Chr05	76102922	76554558	-0.358039	-0.180985	-0.101770	-0.239974
Chr05	76187224	76870804	0.169080	0.045297	0.031721	0.099748
Chr05	76555244	77457188	0.196763	0.058663	0.040511	0.128196
Chr05	76870851	77719570	0.112285	0.036591	0.024697	0.085868
Chr05	77457250	77869150	-0.007591	-0.002474	-0.001685	-0.006047
Chr05	77719571	78019072	-0.054721	-0.023678	-0.015077	-0.031041
Chr05	77869206	78109923	0.037386	0.021794	0.013473	0.025465
Chr05	78019227	78204766	-0.007257	-0.004270	-0.002315	-0.007493
Chr05	78109957	78323179	0.012775	0.009664	0.004676	0.004435
Chr05	78204772	78478808	-0.121919	-0.092107	-0.048482	-0.070260
Chr05	78323334	78612721	-0.072922	-0.044173	-0.025912	-0.035019
Chr05	78481056	79148223	0.067942	0.034007	0.019859	0.037196
Chr05	78612757	79259282	-0.001382	-0.000738	-0.000418	0.004856
Chr05	79148257	79715493	-0.096532	-0.045260	-0.023712	-0.052516
Chr05	79259668	79894379	-0.086195	-0.036124	-0.019565	-0.051745
Chr05	79715546	80041927	-0.105212	-0.051498	-0.028844	-0.075835
Chr05	79895165	80225860	0.283697	0.120058	0.072855	0.202278
Chr05	80041953	80576821	0.444634	0.167283	0.111309	0.362114
Chr05	80225874	80717037	0.201599	0.088260	0.054301	0.147654
Chr05	80577197	80846202	0.080875	0.042563	0.023036	0.048199
Chr05	80717096	80965157	-0.283285	-0.174669	-0.086890	-0.161949
Chr05	80846236	81135950	-0.423808	-0.176934	-0.092616	-0.272393
Chr05	80965616	81584272	-0.410434	-0.158170	-0.061396	-0.325200
Chr05	81135972	81877767	-0.461780	-0.231814	-0.070827	-0.392982
Chr05	81584403	81989902	-0.505212	-0.300481	-0.102593	-0.405575
Chr05	81878012	82435960	-0.037645	-0.018625	-0.010470	-0.035229
Chr05	81989924	82526142	0.556901	0.254493	0.174921	0.467662
Chr05	82436051	82733603	0.487615	0.248446	0.174090	0.387428
Chr05	82526143	82935952	-0.199953	-0.064877	-0.038468	-0.154782
Chr05	82733609	83050400	-0.334304	-0.108899	-0.062729	-0.252713
Chr05	82936217	83238494	-0.088370	-0.048754	-0.023038	-0.072770
Chr05	83050460	83374997	-0.017433	-0.009530	-0.004453	-0.015449
Chr05	83238500	83510280	0.023888	0.012568	0.006331	0.023873
Chr05	83375000	83944063	-0.061189	-0.027725	-0.016613	-0.043301
Chr05	83510529	84100566	-0.054547	-0.015525	-0.011953	-0.033413
Chr05	83944071	84263251	-0.066305	-0.019757	-0.014878	-0.040060
Chr05	84100580	84529184	-0.060233	-0.025694	-0.016202	-0.039565
Chr05	84263403	84833722	-0.019776	-0.007193	-0.004640	-0.017386
Chr05	84529207	85017421	-0.079296	-0.033867	-0.020646	-0.053428
Chr05	84833949	85289246	0.038828	0.020661	0.008726	0.031526
Chr05	85018166	85459866	-0.326583	-0.224370	-0.086012	-0.238564
Chr05	85289293	85855726	-0.534309	-0.231344	-0.125449	-0.388726
Chr05	85459937	86058802	-0.144604	-0.042162	-0.025913	-0.101585
Chr05	85855727	86422972	-0.019993	-0.008477	-0.005010	-0.008589
Chr05	86058805	86612746	-0.120460	-0.067854	-0.037566	-0.074632
Chr05	86423057	86764847	-0.105574	-0.055184	-0.033111	-0.070049
Chr05	86612780	86957494	-0.116243	-0.060591	-0.036732	-0.076051
Chr05	86764997	87038096	-0.033070	-0.017996	-0.011210	-0.017299
Chr05	86957770	87228094	0.007321	0.004267	0.002852	0.006396
Chr05	87038098	87320482	0.114370	0.071258	0.039284	0.073880
Chr05	87228191	87432968	0.175515	0.115825	0.060606	0.109033
Chr05	87320491	87527200	0.014736	0.007559	0.004704	0.004758
Chr05	87432970	87627355	0.043605	0.016040	0.011302	0.020404
Chr05	87527245	87700833	-0.039053	-0.018010	-0.011686	-0.020752
Chr06	197771	740610	0.156210	0.045978	0.032725	0.099601
Chr06	477717	882313	0.059104	0.030639	0.018099	0.040815
Chr06	740777	1002982	-0.040265	-0.025414	-0.012366	-0.017693
Chr06	882338	1129155	-0.157589	-0.115869	-0.061276	-0.093367
Chr06	1002987	1309401	-0.312675	-0.251401	-0.139255	-0.206015
Chr06	1129157	1419175	-0.299801	-0.161767	-0.099042	-0.193779
Chr06	1309501	1514895	-0.051784	-0.030906	-0.020073	-0.030553
Chr06	1419292	1653370	-0.050134	-0.033744	-0.020271	-0.029576
Chr06	1514988	1875205	-0.433233	-0.260177	-0.139227	-0.275156
Chr06	1654345	2099924	-0.367454	-0.219744	-0.104109	-0.274511
Chr06	1875224	2244014	-0.154677	-0.069935	-0.038243	-0.110987
Chr06	2100288	2446225	-0.077064	-0.027032	-0.017916	-0.058799
Chr06	2244034	2578936	-0.042065	-0.016534	-0.010583	-0.032780
Chr06	2446425	2852282	-0.113817	-0.050777	-0.031554	-0.076898
Chr06	2579062	3158100	-0.245404	-0.107348	-0.057448	-0.181322
Chr06	2852328	3416230	-0.319469	-0.122752	-0.062995	-0.249015
Chr06	3158132	3604704	-0.291275	-0.102854	-0.057536	-0.230118
Chr06	3416253	3810849	-0.122952	-0.042615	-0.025419	-0.086465
Chr06	3605205	4007116	0.089085	0.030807	0.020932	0.066100
Chr06	3810861	4183262	-0.040540	-0.015633	-0.009561	-0.026560
Chr06	4007184	4323368	-0.373496	-0.221747	-0.113861	-0.246659
Chr06	4183291	4487096	-0.223346	-0.123235	-0.073061	-0.153120
Chr06	4323391	4665737	-0.080005	-0.037680	-0.021947	-0.043766
Chr06	4488614	4827392	-0.198837	-0.076590	-0.048470	-0.137027
Chr06	4665777	5030207	-0.209743	-0.075019	-0.049302	-0.156328
Chr06	4827417	5204057	-0.123690	-0.046536	-0.027695	-0.089666
Chr06	5030259	5366953	0.047737	0.018348	0.010897	0.033978
Chr06	5204769	5573625	-0.004602	-0.001947	-0.001059	0.002098
Chr06	5367000	5754201	-0.000311	-0.000123	-0.000063	0.009977
Chr06	5573742	5981929	0.098950	0.038298	0.020018	0.078911
Chr06	5754415	6188177	0.005471	0.002158	0.001152	0.006599
Chr06	5981980	6490508	-0.073383	-0.026318	-0.014627	-0.056819
Chr06	6188538	6731539	-0.143975	-0.043492	-0.026076	-0.115535
Chr06	6490526	6892569	-0.112694	-0.036952	-0.023069	-0.083417
Chr06	6731544	7096423	0.034662	0.011050	0.007192	0.032339
Chr06	6892639	7341622	0.025445	0.006342	0.004396	0.026569
Chr06	7097575	7513098	-0.499714	-0.206408	-0.123658	-0.393256
Chr06	7341632	8197350	-0.563597	-0.244662	-0.146606	-0.462004
Chr06	7513386	8439129	-0.199457	-0.065280	-0.042830	-0.159924
Chr06	8197373	8630077	-0.130707	-0.049936	-0.032020	-0.103031
Chr06	8439149	8792943	-0.136516	-0.059483	-0.038451	-0.097945
Chr06	8630234	8981929	-0.118094	-0.047206	-0.029396	-0.089745
Chr06	8793033	9213709	-0.101446	-0.034831	-0.022054	-0.081564
Chr06	8982179	9450803	-0.260603	-0.100097	-0.057817	-0.227436
Chr06	9213713	9675350	-0.305849	-0.121329	-0.069266	-0.269428
Chr06	9450813	9793809	0.023201	0.009258	0.005654	0.025730
Chr06	9675377	10013815	0.156279	0.060609	0.034493	0.140371
Chr06	9793833	10501194	0.076621	0.020108	0.011979	0.066631
Chr06	10013896	10681179	0.043743	0.012400	0.007942	0.034795
Chr06	10501249	11179158	-0.013692	-0.004791	-0.003100	-0.004973
Chr06	10681672	11305519	-0.203448	-0.083544	-0.051935	-0.151774
Chr06	11179528	11421780	-0.267172	-0.141506	-0.095433	-0.180573
Chr06	11305886	11628044	0.088944	0.026716	0.018715	0.062787
Chr06	11421898	11762304	-0.048906	-0.014739	-0.009844	-0.030913
Chr06	11628107	11954872	-0.079405	-0.030198	-0.019462	-0.055494
Chr06	11762559	12168487	0.010550	0.004346	0.002534	0.016686
Chr06	11954901	12421883	0.049333	0.019924	0.011340	0.045089
Chr06	12168753	12713687	0.048685	0.013858	0.008694	0.041775
Chr06	12421936	13031145	-0.095244	-0.025438	-0.014843	-0.064538
Chr06	12713930	13299550	-0.084688	-0.024573	-0.014241	-0.057295
Chr06	13031150	13509325	-0.091746	-0.031472	-0.017817	-0.078850
Chr06	13300140	13694158	-0.068542	-0.026950	-0.014325	-0.062003
Chr06	13509327	13861480	-0.106033	-0.041942	-0.022771	-0.080143
Chr06	13694185	14014297	-0.030109	-0.012645	-0.007017	-0.021202
Chr06	13861551	14154440	0.163701	0.074773	0.042085	0.128097
Chr06	14014527	14371676	-0.325948	-0.156525	-0.081386	-0.258145
Chr06	14154482	14527244	-0.399272	-0.166476	-0.089645	-0.319564
Chr06	14371737	14790318	-0.193651	-0.071338	-0.038978	-0.137418
Chr06	14527353	15025193	-0.241333	-0.078824	-0.042573	-0.175898
Chr06	14790635	15311206	-0.163785	-0.047953	-0.027044	-0.124064
Chr06	15025252	15712728	-0.264011	-0.077064	-0.038886	-0.229503
Chr06	15311250	15898565	-0.355960	-0.114934	-0.055169	-0.313433
Chr06	15712760	16045395	-0.361038	-0.140340	-0.074556	-0.293389
Chr06	15898572	16220603	-0.265572	-0.105602	-0.060990	-0.204879
Chr06	16045428	16313012	-0.383205	-0.194087	-0.103682	-0.311368
Chr06	16220659	16398725	-0.624076	-0.431545	-0.194704	-0.517252
Chr06	16313020	16493133	-0.434545	-0.319429	-0.135382	-0.308940
Chr06	16398728	16597974	-0.070997	-0.048366	-0.020593	-0.033212
Chr06	16493183	16708087	-0.035715	-0.022415	-0.009492	-0.012194
Chr06	16597994	16860650	-0.032350	-0.019941	-0.006897	-0.014713
Chr06	16708088	17081581	0.457213	0.166627	0.082161	0.335881
Chr06	16861087	17264212	0.386155	0.124719	0.067605	0.335902
Chr06	17081653	17425683	-0.085482	-0.033269	-0.017567	-0.069022
Chr06	17264253	17596690	-0.070991	-0.030383	-0.016561	-0.050502
Chr06	17425808	17800935	-0.295901	-0.114690	-0.056788	-0.245021
Chr06	17596738	18006448	-0.529968	-0.213254	-0.101594	-0.497677
Chr06	17800971	18184147	-0.518567	-0.252570	-0.111232	-0.470122
Chr06	18006475	18436123	-0.296475	-0.133890	-0.065282	-0.214922
Chr06	18184199	18579359	0.009834	0.003723	0.002358	0.004030
Chr06	18436302	18748234	0.244437	0.112002	0.068743	0.191324
Chr06	18579360	18894631	0.632214	0.354835	0.213140	0.542364
Chr06	18748279	19092761	0.253316	0.128640	0.070826	0.229554
Chr06	18894802	19354108	-0.154897	-0.050440	-0.028153	-0.122784
Chr06	19092794	19557846	0.124690	0.032301	0.019063	0.102435
Chr06	19354241	19721650	0.073052	0.024271	0.013480	0.064228
Chr06	19557877	19885228	-0.160316	-0.068379	-0.034253	-0.124653
Chr06	19721694	20053640	-0.317240	-0.128695	-0.066479	-0.255794
Chr06	19885357	20254768	-0.093145	-0.047619	-0.023308	-0.070281
Chr06	20053763	20421683	-0.146856	-0.087423	-0.037076	-0.124647
Chr06	20256096	20588999	-0.338683	-0.178387	-0.080022	-0.272170
Chr06	20421734	20699800	-0.240676	-0.134874	-0.069638	-0.173017
Chr06	20589035	20835207	-0.292247	-0.170878	-0.095787	-0.211644
Chr06	20699841	21043125	-0.333921	-0.142972	-0.080559	-0.247768
Chr06	20835254	21245735	-0.266462	-0.098909	-0.057750	-0.205593
Chr06	21043164	21442069	-0.235037	-0.101765	-0.056906	-0.183251
Chr06	21246809	21653519	-0.264861	-0.111793	-0.054814	-0.204511
Chr06	21442127	21860116	-0.425223	-0.148752	-0.079505	-0.362563
Chr06	21653568	22025391	-0.236662	-0.087144	-0.046742	-0.212858
Chr06	21860269	22267749	0.171068	0.071765	0.038351	0.159199
Chr06	22025415	22490983	0.144616	0.059093	0.034413	0.133598
Chr06	22267835	22664670	-0.038493	-0.017209	-0.008339	-0.025589
Chr06	22491394	22745092	-0.045640	-0.029813	-0.009884	-0.032506
Chr06	22664771	22920662	-0.364236	-0.176623	-0.070757	-0.284457
Chr06	22745265	23427175	-0.515507	-0.115844	-0.059223	-0.451114
Chr06	22920950	25196369	-0.345571	-0.070563	-0.031077	-0.308115
Chr06	23427405	26426777	-0.093114	-0.024538	-0.009820	-0.070089
Chr06	25196633	26973733	-0.011085	-0.002696	-0.001284	0.006927
Chr06	26427261	27222140	-0.136721	-0.032805	-0.017654	-0.078491
Chr06	26973803	27377597	-0.319228	-0.144439	-0.064739	-0.235016
Chr06	27222182	27565561	-0.236084	-0.069265	-0.038292	-0.174951
Chr06	27377650	27790504	-0.154596	-0.040188	-0.025545	-0.113250
Chr06	27565572	27991584	-0.440528	-0.227464	-0.099816	-0.377238
Chr06	27790539	28165183	-0.536975	-0.287783	-0.123254	-0.471319
Chr06	27991706	28385071	-0.421882	-0.205094	-0.097984	-0.369645
Chr06	28165267	28544551	-0.165319	-0.052745	-0.033476	-0.148631
Chr06	28385078	28666123	0.002838	0.000982	0.000606	0.004691
Chr06	28544750	28842654	-0.015946	-0.007078	-0.003719	-0.005891
Chr06	28666174	28985531	-0.280617	-0.146883	-0.079614	-0.168206
Chr06	28842755	29178467	-0.500830	-0.342657	-0.170518	-0.428708
Chr06	28985566	29434072	-0.323260	-0.152244	-0.079547	-0.292139
Chr06	29178558	29635744	0.051307	0.015879	0.009551	0.045161
Chr06	29434164	29795090	-0.063340	-0.028287	-0.014524	-0.056813
Chr06	29635781	30018176	-0.055723	-0.024607	-0.011511	-0.045047
Chr06	29795118	30269252	-0.335507	-0.122194	-0.064986	-0.290707
Chr06	30018442	30459712	-0.611715	-0.260747	-0.134715	-0.511704
Chr06	30269330	30628930	-0.445760	-0.240306	-0.103773	-0.351976
Chr06	30459877	30721128	-0.400705	-0.287976	-0.110003	-0.333457
Chr06	30629115	30887022	-0.447021	-0.316780	-0.128992	-0.384453
Chr06	30721279	31014291	-0.556325	-0.352473	-0.158477	-0.492024
Chr06	30887028	31187612	-0.330601	-0.147157	-0.085641	-0.283941
Chr06	31014315	31441314	0.056570	0.016362	0.010414	0.044500
Chr06	31188082	31637367	-0.136094	-0.042507	-0.025658	-0.116852
Chr06	31441323	31904931	-0.130184	-0.040037	-0.025245	-0.111611
Chr06	31637425	32072285	-0.236770	-0.092026	-0.052993	-0.204565
Chr06	31904953	32285237	-0.283058	-0.134442	-0.066073	-0.240409
Chr06	32072342	32497064	0.014654	0.005326	0.003199	0.012628
Chr06	32285292	32658953	0.175437	0.063308	0.042393	0.146549
Chr06	32497073	32890772	-0.071335	-0.023181	-0.015106	-0.064353
Chr06	32659006	32992306	-0.349112	-0.118448	-0.078474	-0.302575
Chr06	32890802	33156169	-0.451620	-0.216342	-0.130677	-0.386926
Chr06	32992350	33409591	-0.281894	-0.118527	-0.073469	-0.234786
Chr06	33156176	33616475	-0.102074	-0.033637	-0.022156	-0.078888
Chr06	33409622	33765736	-0.144245	-0.053464	-0.032452	-0.114265
Chr06	33616649	33903229	-0.275476	-0.119993	-0.071561	-0.230221
Chr06	33765822	34073403	-0.094952	-0.041441	-0.024592	-0.082865
Chr06	33903266	34358759	0.431925	0.187128	0.124581	0.394300
Chr06	34074204	34521955	0.420162	0.186824	0.122346	0.379282
Chr06	34359396	34726155	0.112539	0.046387	0.026849	0.104908
Chr06	34521993	34896980	-0.001395	-0.000574	-0.000343	0.006629
Chr06	34726175	35026667	0.146939	0.052893	0.038244	0.090372
Chr06	34897009	35185609	0.238898	0.088960	0.066384	0.195881
Chr06	35026748	35349095	0.166680	0.078501	0.048895	0.143302
Chr06	35185617	35662173	-0.116431	-0.035754	-0.021827	-0.089248
Chr06	35349128	35800378	-0.477625	-0.198173	-0.108630	-0.416213
Chr06	35662252	36011846	-0.220614	-0.127016	-0.061001	-0.205468
Chr06	35800398	36204194	0.229600	0.077230	0.049490	0.197538
Chr06	36012028	36406578	0.115562	0.034752	0.022889	0.090881
Chr06	36204262	36769465	-0.369916	-0.161680	-0.079943	-0.270126
Chr06	36406829	37257888	-0.257579	-0.104700	-0.050001	-0.217273
Chr06	36769735	37442565	0.057328	0.019874	0.010615	0.054821
Chr06	37257928	37613147	0.076922	0.028836	0.016613	0.061718
Chr06	37442566	37774246	-0.229227	-0.084929	-0.049296	-0.186074
Chr06	37613977	37954245	-0.400824	-0.149379	-0.082930	-0.324505
Chr06	37774280	38140686	-0.415580	-0.165385	-0.084689	-0.322492
Chr06	37954278	38290320	-0.489175	-0.229640	-0.111372	-0.399271
Chr06	38140788	38486750	-0.322923	-0.139325	-0.067989	-0.282305
Chr06	38290763	38783168	-0.253993	-0.083592	-0.044333	-0.224314
Chr06	38486841	39007317	-0.292288	-0.101773	-0.053789	-0.243513
Chr06	38783174	39224957	-0.039861	-0.013086	-0.008337	-0.028176
Chr06	39007356	39379587	-0.024449	-0.007796	-0.005543	-0.021640
Chr06	39225244	39543992	-0.028463	-0.010431	-0.006606	-0.020341
Chr06	39380791	39726503	0.103028	0.036796	0.023146	0.088019
Chr06	39544067	39908462	-0.107814	-0.040982	-0.024492	-0.084204
Chr06	39726591	40092058	0.109026	0.038506	0.022156	0.089144
Chr06	39909391	40244408	0.199332	0.062918	0.038332	0.153907
Chr06	40092103	40473977	-0.137834	-0.042174	-0.025575	-0.106716
Chr06	40244546	40649287	-0.241937	-0.085133	-0.048981	-0.206704
Chr06	40474000	40815564	-0.200691	-0.080111	-0.048739	-0.153503
Chr06	40651655	41014945	-0.039316	-0.015426	-0.008862	-0.033883
Chr06	40815619	41206094	-0.169827	-0.064742	-0.036685	-0.144463
Chr06	41015031	41477592	-0.126766	-0.033746	-0.022403	-0.101430
Chr06	41206112	41675245	-0.130243	-0.034257	-0.021866	-0.094414
Chr06	41477598	41811608	-0.374751	-0.160259	-0.086779	-0.239865
Chr06	41675263	42016658	-0.323913	-0.119493	-0.071362	-0.213442
Chr06	41811668	42178884	-0.239766	-0.077162	-0.049117	-0.185581
Chr06	42016917	42459087	-0.233289	-0.080980	-0.048522	-0.183423
Chr06	42178914	42681668	-0.027480	-0.008158	-0.005075	-0.015560
Chr06	42459261	42842294	-0.059392	-0.020472	-0.011665	-0.050049
Chr06	42681675	42917201	-0.305320	-0.177262	-0.078409	-0.231962
Chr06	42842352	43088779	0.176035	0.088525	0.042109	0.142963
Chr06	42917518	43242053	0.300035	0.121678	0.065787	0.227161
Chr06	43088838	43476188	-0.152974	-0.058418	-0.040210	-0.103911
Chr06	43242243	43679539	0.018250	0.006055	0.003983	0.012367
Chr06	43477565	43850178	-0.036410	-0.013420	-0.008127	-0.025197
Chr06	43679564	43987186	-0.276952	-0.114816	-0.065505	-0.194305
Chr06	43850244	44254540	-0.282452	-0.079845	-0.049076	-0.208294
Chr06	43987206	44460800	-0.241189	-0.073122	-0.046230	-0.185846
Chr06	44256555	44640610	-0.176379	-0.067451	-0.040330	-0.136866
Chr06	44460972	44821369	-0.128863	-0.041649	-0.026572	-0.107530
Chr06	44640705	44993576	-0.089675	-0.027115	-0.017827	-0.064102
Chr06	44821383	45237971	-0.182735	-0.063572	-0.038587	-0.130193
Chr06	44995032	45385666	-0.371254	-0.141224	-0.082817	-0.307518
Chr06	45238169	45663256	-0.286403	-0.075202	-0.050172	-0.238669
Chr06	45385710	45907202	-0.016499	-0.004322	-0.002866	-0.013500
Chr06	45663448	46116694	-0.109263	-0.037295	-0.021773	-0.090895
Chr06	45907223	46325554	-0.322028	-0.103346	-0.062395	-0.256543
Chr06	46117156	46494253	-0.216381	-0.073419	-0.047852	-0.181261
Chr06	46325566	46662071	-0.110588	-0.037389	-0.025516	-0.087397
Chr06	46494278	46806311	-0.093114	-0.034741	-0.023117	-0.067566
Chr06	46662177	46940382	0.015004	0.007206	0.004775	0.005677
Chr06	46806314	47098066	0.059567	0.030374	0.020752	0.032279
Chr06	46940392	47241198	-0.047542	-0.025326	-0.018211	-0.030764
Chr06	47098098	47390891	-0.022838	-0.012539	-0.008402	-0.015473
Chr06	47241219	47558599	0.047094	0.021184	0.013331	0.031012
Chr06	47390961	47670295	-0.076522	-0.041727	-0.024421	-0.045405
Chr06	47558616	47879016	-0.170578	-0.088357	-0.050012	-0.129174
Chr06	47670331	48106504	-0.296796	-0.118500	-0.069073	-0.237311
Chr06	47879037	48318098	-0.090227	-0.031672	-0.019461	-0.068297
Chr06	48106530	48510921	0.150518	0.053335	0.033522	0.103810
Chr06	48318448	48715480	-0.120713	-0.058908	-0.031131	-0.075597
Chr06	48511144	48870205	-0.189083	-0.096804	-0.045455	-0.131080
Chr06	48715612	49150752	-0.050577	-0.019391	-0.010163	-0.038919
Chr06	48870276	49236554	-0.074455	-0.025204	-0.016048	-0.050477
Chr06	49150893	49462893	-0.122701	-0.038379	-0.026064	-0.079306
Chr06	49236571	49697542	-0.094291	-0.036545	-0.020983	-0.060715
Chr06	49462903	49879836	-0.125479	-0.054666	-0.030664	-0.091437
Chr06	49697853	49951781	-0.091705	-0.040804	-0.024668	-0.056449
Chr06	49879882	50080998	-0.146135	-0.083027	-0.042919	-0.084797
Chr06	49951798	50336929	-0.126376	-0.051226	-0.026947	-0.098673
Chr06	50081052	50545008	-0.233104	-0.092852	-0.049078	-0.195145
Chr06	50336967	50714907	-0.314419	-0.134710	-0.076946	-0.243573
Chr06	50545011	50921684	-0.221848	-0.093358	-0.054516	-0.166267
Chr06	50715318	51093803	0.029861	0.012261	0.007159	0.022434
Chr06	50921704	51300871	0.013463	0.005294	0.003153	0.011950
Chr06	51093804	51480455	-0.259227	-0.092655	-0.055775	-0.209201
Chr06	51300883	51807797	-0.240529	-0.076434	-0.051213	-0.187168
Chr06	51480600	51946595	-0.199272	-0.066328	-0.044134	-0.132400
Chr06	51807825	52338241	0.041817	0.013400	0.008419	0.031122
Chr06	51946735	52635099	0.155315	0.044915	0.026990	0.110366
Chr06	52338639	52838709	-0.002070	-0.000743	-0.000451	0.003191
Chr06	52635100	52976106	-0.106930	-0.050078	-0.032974	-0.064590
Chr06	52838989	53092566	-0.075210	-0.033069	-0.022190	-0.041202
Chr06	52976138	53304098	-0.064304	-0.021463	-0.014059	-0.039034
Chr06	53092675	53450570	-0.172763	-0.063427	-0.038909	-0.114329
Chr06	53304231	53687895	-0.200170	-0.088297	-0.044674	-0.143426
Chr07	27910	399517	-0.343757	-0.126124	-0.082798	-0.259816
Chr07	217685	664237	-0.234853	-0.082400	-0.051557	-0.168909
Chr07	399608	837610	-0.188063	-0.079062	-0.042794	-0.131679
Chr07	664328	1022979	-0.138043	-0.061038	-0.030698	-0.105033
Chr07	837708	1143936	-0.201756	-0.093473	-0.048077	-0.164050
Chr07	1023000	1301957	-0.354787	-0.207465	-0.093870	-0.271507
Chr07	1144035	1425049	-0.260248	-0.133906	-0.068442	-0.177678
Chr07	1302008	1612970	-0.290575	-0.123275	-0.080004	-0.209313
Chr07	1425069	1712601	-0.144462	-0.064541	-0.039486	-0.099521
Chr07	1613075	1876686	-0.042095	-0.019559	-0.010773	-0.022328
Chr07	1712620	2132918	-0.120907	-0.051850	-0.031486	-0.084950
Chr07	1876731	2264448	-0.167558	-0.072752	-0.048136	-0.131150
Chr07	2132929	2392361	-0.129436	-0.056831	-0.038604	-0.089029
Chr07	2264546	2568967	-0.045447	-0.021480	-0.014324	-0.024870
Chr07	2392526	2754416	0.111397	0.045483	0.029462	0.074465
Chr07	2569028	2910510	0.086104	0.034201	0.022430	0.056130
Chr07	2754425	3093844	-0.106090	-0.037314	-0.026582	-0.076130
Chr07	2910578	3372672	-0.138843	-0.050050	-0.036628	-0.100126
Chr07	3093897	3519864	-0.147328	-0.066424	-0.045895	-0.099865
Chr07	3372673	3644010	-0.270678	-0.161758	-0.097180	-0.161103
Chr07	3519865	3913425	-0.087918	-0.042792	-0.028111	-0.048664
Chr07	3644090	4044704	0.105778	0.039978	0.029887	0.069660
Chr07	3913535	4120104	0.002635	0.001503	0.001057	0.003387
Chr07	4044710	4230657	-0.066774	-0.046878	-0.029064	-0.037594
Chr07	4120241	4351711	-0.056433	-0.032663	-0.022077	-0.031572
Chr07	4230912	4522801	-0.092749	-0.041373	-0.029935	-0.054498
Chr07	4352185	4679352	-0.141764	-0.056715	-0.040225	-0.082983
Chr07	4522807	4787451	-0.036026	-0.016038	-0.010957	-0.020571
Chr07	4679386	4989573	0.077840	0.031318	0.021997	0.044941
Chr07	4787479	5156819	0.052717	0.018084	0.013375	0.035559
Chr07	4989582	5299359	-0.020009	-0.007628	-0.005592	-0.006725
Chr07	5156822	5446901	-0.059167	-0.025306	-0.017594	-0.036505
Chr07	5299399	5575874	-0.004915	-0.002214	-0.001486	-0.005071
Chr07	5447065	5699547	-0.002133	-0.001098	-0.000690	-0.001475
Chr07	5576037	5833741	-0.125693	-0.065867	-0.037349	-0.069891
Chr07	5699998	5942797	-0.033260	-0.019454	-0.010193	-0.022336
Chr07	5833774	6086691	-0.058856	-0.037740	-0.019892	-0.036880
Chr07	5942993	6220243	0.016543	0.007810	0.004993	0.014161
Chr07	6086730	6357987	0.122600	0.041312	0.028844	0.082648
Chr07	6220306	6527157	0.087806	0.032753	0.021104	0.054676
Chr07	6358213	6674339	0.192953	0.076323	0.048305	0.112356
Chr07	6527165	6826883	0.237153	0.094996	0.064677	0.143958
Chr07	6674378	6975879	0.024489	0.011630	0.006934	0.016223
Chr07	6826907	7204541	-0.130481	-0.061938	-0.036139	-0.094850
Chr07	6975905	7460933	0.039660	0.017681	0.010716	0.030604
Chr07	7204587	7603982	-0.066522	-0.027769	-0.015989	-0.048113
Chr07	7460934	7771813	0.003737	0.001458	0.000817	0.005480
Chr07	7604013	7984413	0.150365	0.056745	0.028954	0.132777
Chr07	7771964	8189731	-0.053489	-0.022053	-0.011251	-0.039627
Chr07	7984439	8420548	-0.063221	-0.026714	-0.016252	-0.049056
Chr07	8189914	8596797	0.114612	0.042697	0.029327	0.085654
Chr07	8420677	8801733	0.091403	0.028026	0.020275	0.065188
Chr07	8596856	8981471	0.037283	0.014276	0.009252	0.027897
Chr07	8801750	9100510	0.215478	0.124632	0.067470	0.172249
Chr07	8981595	9332549	0.204336	0.119496	0.068365	0.145084
Chr07	9100513	9461787	0.043744	0.023847	0.015157	0.024642
Chr07	9334955	9603143	0.149278	0.072686	0.046975	0.094311
Chr07	9461847	9751723	-0.378854	-0.253431	-0.132361	-0.279631
Chr07	9603537	9903891	-0.363643	-0.270945	-0.129628	-0.290853
Chr07	9751862	10070523	-0.138785	-0.069185	-0.038051	-0.108771
Chr07	9904026	10238829	-0.147018	-0.063059	-0.037433	-0.115072
Chr07	10070531	10590568	0.427524	0.197298	0.094473	0.377179
Chr07	10238842	10763543	0.384501	0.190688	0.085723	0.350295
Chr07	10590896	10924178	0.015106	0.006052	0.003529	0.016359
Chr07	10763577	11091533	-0.044810	-0.018709	-0.011002	-0.028602
Chr07	10924513	11277083	-0.019192	-0.008663	-0.004826	-0.012901
Chr07	11091639	11461187	0.014969	0.005430	0.003218	0.008112
Chr07	11277145	11735264	-0.211165	-0.081429	-0.044949	-0.174130
Chr07	11461197	11899775	-0.153366	-0.060531	-0.033733	-0.115698
Chr07	11735274	12013607	0.153521	0.076503	0.044920	0.108191
Chr07	11899875	12162357	-0.019040	-0.011453	-0.006058	-0.019235
Chr07	12013634	12340655	-0.053047	-0.021244	-0.012627	-0.046738
Chr07	12162393	12495382	0.028343	0.009012	0.005667	0.026810
Chr07	12341072	12660789	0.062149	0.022685	0.013137	0.054176
Chr07	12495412	13162982	0.139473	0.050048	0.031437	0.099996
Chr07	12660829	13273383	-0.129047	-0.047108	-0.032045	-0.080134
Chr07	13163061	13386117	-0.120292	-0.052091	-0.029658	-0.073758
Chr07	13273405	13518637	-0.101786	-0.052087	-0.028172	-0.065125
Chr07	13386185	13635731	-0.053448	-0.029830	-0.016993	-0.031747
Chr07	13518641	13773402	-0.039889	-0.017782	-0.010458	-0.018440
Chr07	13635734	13940293	-0.113564	-0.049115	-0.029181	-0.067745
Chr07	13773550	14051369	-0.152465	-0.076155	-0.038173	-0.097383
Chr07	13940308	14190710	-0.199262	-0.107375	-0.053280	-0.127275
Chr07	14052980	14320134	-0.084702	-0.039259	-0.026724	-0.056467
Chr07	14190714	14697865	-0.030019	-0.014976	-0.008780	-0.020978
Chr07	14320144	14916741	0.083440	0.037400	0.022926	0.056542
Chr07	14697915	15146310	0.089826	0.037429	0.025389	0.057331
Chr07	14916801	15352430	-0.152960	-0.052666	-0.032714	-0.097700
Chr07	15146336	15542284	-0.265615	-0.086180	-0.053642	-0.198231
Chr07	15352544	15728493	-0.107096	-0.033448	-0.021382	-0.088350
Chr07	15542285	15961317	-0.221754	-0.084426	-0.045895	-0.175868
Chr07	15728518	16104511	-0.375505	-0.195244	-0.092867	-0.282541
Chr07	15961342	16310139	-0.254656	-0.096314	-0.049511	-0.160488
Chr07	16104522	16475770	0.110832	0.039577	0.018517	0.081428
Chr07	16310280	16607124	0.130255	0.057740	0.025130	0.094977
Chr07	16475814	16786104	-0.025883	-0.009688	-0.005423	-0.017654
Chr07	16607167	16945705	0.009871	0.003520	0.002218	0.005591
Chr07	16786170	17173044	-0.165769	-0.056539	-0.031647	-0.133019
Chr07	16945729	17378253	-0.155457	-0.046623	-0.026047	-0.119825
Chr07	17173058	17526744	-0.139668	-0.054835	-0.029504	-0.102384
Chr07	17378608	17681151	-0.136979	-0.066634	-0.034588	-0.099930
Chr07	17526746	17834939	-0.079521	-0.031426	-0.019423	-0.056519
Chr07	17681171	18056667	-0.110734	-0.037824	-0.024609	-0.083575
Chr07	17834963	18289639	-0.054915	-0.019432	-0.011780	-0.044795
Chr07	18056835	18441074	0.058518	0.016901	0.011207	0.042922
Chr07	18289812	18602704	0.093577	0.025708	0.018403	0.071790
Chr07	18441243	18773492	-0.033490	-0.013078	-0.008743	-0.025700
Chr07	18602736	18976423	-0.321621	-0.180073	-0.094344	-0.221169
Chr07	18773510	19229046	-0.218903	-0.104221	-0.050705	-0.160764
Chr07	18976543	19379792	-0.140321	-0.067456	-0.031901	-0.100051
Chr07	19229528	19525422	-0.233206	-0.094452	-0.054136	-0.173976
Chr07	19379818	19697799	-0.270349	-0.094413	-0.055999	-0.225362
Chr07	19525444	19853864	-0.412349	-0.190182	-0.089130	-0.321087
Chr07	19697858	19965445	-0.558427	-0.317367	-0.126352	-0.410412
Chr07	19853878	20151361	-0.281999	-0.113001	-0.053419	-0.216319
Chr07	19965466	20338896	0.063539	0.021170	0.011126	0.047227
Chr07	20151384	20499841	-0.150583	-0.057362	-0.030615	-0.110471
Chr07	20338957	20642286	-0.299040	-0.116889	-0.066658	-0.224415
Chr07	20499875	20816078	-0.094144	-0.039231	-0.024962	-0.064877
Chr07	20642329	20943656	-0.117397	-0.067318	-0.038062	-0.089170
Chr07	20816079	21107078	-0.259154	-0.145311	-0.078861	-0.215154
Chr07	20943660	21286845	-0.060359	-0.020575	-0.013351	-0.052896
Chr07	21107238	21453169	0.007300	0.002328	0.001321	0.003023
Chr07	21286895	21602782	-0.072108	-0.032882	-0.015010	-0.058181
Chr07	21453247	21882230	0.025418	0.009905	0.005446	0.021491
Chr07	21602783	22065827	0.145574	0.044920	0.025217	0.127438
Chr07	21882395	22225247	0.075901	0.027898	0.014761	0.066426
Chr07	22065961	22359011	-0.227626	-0.128529	-0.068958	-0.171050
Chr07	22225507	22610561	-0.154500	-0.044021	-0.032301	-0.116753
Chr07	22359078	22769162	0.182075	0.042321	0.031018	0.129874
Chr07	22610735	22903593	0.154608	0.063511	0.040940	0.094786
Chr07	22769164	23456058	0.080173	0.033478	0.023010	0.042570
Chr07	22903597	23556578	0.092596	0.044733	0.029191	0.049569
Chr07	23456071	23685774	0.294495	0.141335	0.083156	0.202822
Chr07	23556579	23801704	0.085333	0.036644	0.018375	0.072878
Chr07	23685775	23926400	-0.130362	-0.049084	-0.025555	-0.088784
Chr07	23801718	24084980	-0.093259	-0.035433	-0.020429	-0.059391
Chr07	23926447	24219408	-0.246508	-0.118467	-0.063885	-0.164502
Chr07	24085007	24370816	-0.350046	-0.170543	-0.083902	-0.259707
Chr07	24219495	24464794	-0.099423	-0.054310	-0.026111	-0.071367
Chr07	24371165	24644382	0.197237	0.092316	0.056237	0.120522
Chr07	24464834	24772514	0.203695	0.084895	0.048374	0.144651
Chr07	24644958	24927972	0.072457	0.043462	0.020140	0.063201
Chr07	24773064	25083706	-0.268488	-0.119015	-0.060220	-0.198674
Chr07	24928029	25217677	-0.370891	-0.136209	-0.075998	-0.273076
Chr07	25083842	25363642	-0.323777	-0.124438	-0.064683	-0.234594
Chr07	25217863	25480837	-0.444377	-0.195433	-0.086158	-0.323709
Chr07	25363836	25593850	-0.703459	-0.533868	-0.215999	-0.566503
Chr07	25480921	25656516	-0.737789	-1.118730	-0.317294	-0.584815
Chr07	25594175	25783019	-0.699430	-0.744079	-0.241823	-0.527949
Chr07	25656609	25854245	-0.788925	-0.671110	-0.256810	-0.692559
Chr07	25783037	25994681	-0.741571	-0.707866	-0.203935	-0.692106
Chr07	25854557	26134131	-0.487856	-0.295469	-0.102310	-0.427574
Chr07	25994698	26272661	-0.083977	-0.031328	-0.017032	-0.063834
Chr07	26134146	26398089	-0.010343	-0.003711	-0.002487	-0.011171
Chr07	26272703	26514566	-0.467607	-0.228375	-0.114238	-0.386235
Chr07	26398203	26637201	-0.243522	-0.126384	-0.060166	-0.198692
Chr07	26514764	26806363	0.154046	0.059092	0.033604	0.126012
Chr07	26637225	26910672	0.031502	0.011592	0.006678	0.027381
Chr07	26806516	27012728	-0.186463	-0.081244	-0.042332	-0.135726
Chr07	26910715	27173937	-0.348555	-0.166783	-0.076137	-0.270535
Chr07	27012735	27312841	-0.367617	-0.199279	-0.086764	-0.280605
Chr07	27174142	27576334	-0.211179	-0.101471	-0.047639	-0.159060
Chr07	27312911	27698825	0.039470	0.020146	0.008520	0.037028
Chr07	27576338	27815077	0.100904	0.049876	0.021475	0.071998
Chr07	27698851	28019810	-0.142144	-0.059147	-0.026982	-0.088557
Chr07	27815152	28134448	-0.453554	-0.221917	-0.100843	-0.330282
Chr07	28019843	28291707	-0.247064	-0.084308	-0.053166	-0.189005
Chr07	28134483	28937190	-0.197564	-0.060994	-0.038861	-0.162095
Chr07	28291876	29102360	-0.422780	-0.155259	-0.085220	-0.291485
Chr07	28937209	29200870	-0.305074	-0.139854	-0.073352	-0.168828
Chr07	29102383	29278202	-0.270204	-0.188104	-0.102791	-0.169355
Chr07	29200871	29395128	-0.163565	-0.089588	-0.054004	-0.108718
Chr07	29278276	29498536	-0.265836	-0.114752	-0.066118	-0.191871
Chr07	29395169	29688256	-0.137310	-0.036428	-0.023154	-0.101315
Chr07	29499624	29869922	-0.003609	-0.000776	-0.000500	-0.003681
Chr07	29688350	30469885	-0.305426	-0.079859	-0.045993	-0.251796
Chr07	29869989	30670819	-0.197712	-0.051094	-0.027946	-0.146928
Chr07	30470031	30822177	-0.017035	-0.005800	-0.002892	-0.004089
Chr07	30671006	31038163	-0.110499	-0.056696	-0.022329	-0.075531
Chr07	30822216	31175403	-0.105116	-0.046410	-0.018617	-0.061178
Chr07	31038187	31397455	0.039411	0.016753	0.007314	0.035994
Chr07	31176573	31541520	-0.262775	-0.119757	-0.054462	-0.234571
Chr07	31397621	31726399	-0.485297	-0.153333	-0.081631	-0.379188
Chr07	31541546	31852814	-0.192991	-0.054477	-0.031514	-0.126349
Chr07	31726417	32049734	-0.189363	-0.073846	-0.045439	-0.140210
Chr07	31853250	32188517	-0.409660	-0.169275	-0.095074	-0.339464
Chr07	32049898	32357960	-0.382919	-0.216751	-0.101574	-0.323299
Chr07	32188801	32541513	-0.329663	-0.173722	-0.091952	-0.249166
Chr07	32358038	32677766	-0.296710	-0.151722	-0.082602	-0.218324
Chr07	32541655	32844051	-0.443906	-0.331801	-0.154133	-0.348542
Chr07	32677838	32977135	-0.426219	-0.268683	-0.131850	-0.328064
Chr07	32844057	33127290	-0.084683	-0.033811	-0.019157	-0.064773
Chr07	32977615	33286369	-0.002369	-0.000935	-0.000494	-0.002802
Chr07	33127465	33594988	-0.067863	-0.018298	-0.011078	-0.049602
Chr07	33286490	33759271	-0.246930	-0.066806	-0.041321	-0.178658
Chr07	33595182	33912889	-0.442550	-0.181070	-0.091818	-0.330378
Chr07	33759272	34105679	-0.212244	-0.087868	-0.046949	-0.167512
Chr07	33912947	34277758	-0.184246	-0.079285	-0.043299	-0.144794
Chr07	34105976	34570892	-0.199033	-0.077015	-0.042682	-0.158977
Chr07	34277784	34717979	0.189212	0.086690	0.049369	0.139504
Chr07	34570912	34996775	0.218566	0.107480	0.061744	0.141191
Chr07	34718119	35265751	0.174209	0.054923	0.034049	0.115713
Chr07	34996798	35465602	0.120863	0.036651	0.022458	0.089459
Chr07	35272154	35598553	-0.224202	-0.101754	-0.054828	-0.159312
Chr07	35465606	35738434	-0.373962	-0.214206	-0.108275	-0.249488
Chr07	35598678	36025688	-0.126018	-0.038057	-0.022612	-0.076115
Chr07	35738499	36177480	0.002285	0.000670	0.000402	0.004173
Chr07	36025941	36468585	0.054524	0.023665	0.014366	0.033897
Chr07	36177674	36637102	0.067955	0.036615	0.020895	0.043561
Chr07	36468591	36704565	0.010907	0.007822	0.003417	0.014287
Chr07	36637150	36873605	-0.222897	-0.165060	-0.073378	-0.133168
Chr07	36704593	36992488	-0.325321	-0.184213	-0.078916	-0.240354
Chr07	36873621	37114031	-0.289762	-0.172230	-0.071253	-0.222143
Chr07	36996766	37282216	-0.138672	-0.090785	-0.047293	-0.105578
Chr07	37114045	37394206	0.003522	0.001799	0.001098	0.003960
Chr07	37282254	37538444	-0.019888	-0.008841	-0.005604	-0.008094
Chr07	37394215	37693479	-0.030838	-0.014400	-0.009442	-0.013328
Chr07	37538603	37897741	0.242093	0.131732	0.084305	0.151157
Chr07	37693523	37995370	0.136339	0.084403	0.048665	0.083659
Chr07	37897773	38169693	-0.082762	-0.033813	-0.021653	-0.044234
Chr07	37995639	38444052	-0.013250	-0.003538	-0.002470	-0.002799
Chr07	38169818	38639607	-0.056250	-0.012471	-0.009488	-0.043273
Chr07	38444099	38748442	0.116398	0.033283	0.025507	0.085282
Chr07	38640262	38880023	0.250715	0.111367	0.072309	0.166054
Chr07	38748782	39037614	-0.087469	-0.040562	-0.022393	-0.061583
Chr07	38880029	39180694	-0.380104	-0.199758	-0.101712	-0.259462
Chr07	39037834	39332241	-0.321439	-0.160531	-0.086462	-0.228715
Chr07	39180702	39456609	-0.188769	-0.096882	-0.048687	-0.121295
Chr07	39332314	39534368	-0.100627	-0.069386	-0.031619	-0.054535
Chr07	39456720	39642383	-0.124381	-0.069766	-0.037880	-0.068313
Chr07	39534369	39747586	-0.303901	-0.218550	-0.101150	-0.196718
Chr07	39642407	39848793	-0.502563	-0.560557	-0.205665	-0.377611
Chr07	39747634	39963479	-0.350964	-0.298807	-0.143190	-0.235576
Chr07	39848799	40029851	0.025303	0.016737	0.009882	0.018043
Chr07	39963705	40191701	-0.092475	-0.058320	-0.034485	-0.053333
Chr07	40029958	40310191	-0.249488	-0.159363	-0.091622	-0.142998
Chr07	40191703	40403651	-0.118345	-0.085176	-0.047565	-0.066342
Chr07	40310199	40499254	0.011420	0.008103	0.004768	0.008515
Chr07	40403935	40698361	-0.000606	-0.000271	-0.000193	-0.003988
Chr07	40499306	40825720	-0.041158	-0.018865	-0.013182	-0.032725
Chr07	40698425	40956044	-0.074753	-0.049494	-0.031616	-0.046095
Chr07	40825723	41054222	-0.077949	-0.053112	-0.035507	-0.042600
Chr07	40956048	41140231	-0.007715	-0.005539	-0.003814	-0.001855
Chr07	41054302	41198363	0.179243	0.157597	0.113403	0.108835
Chr07	41140243	41277648	0.048409	0.049856	0.031280	0.032168
Chr07	41198371	41379609	-0.099706	-0.089316	-0.052578	-0.055243
Chr07	41277706	41492978	-0.003089	-0.002641	-0.001566	0.004566
Chr07	41380532	41571348	0.078652	0.066203	0.040158	0.044910
Chr07	41492979	41645149	0.124442	0.104902	0.060079	0.073396
Chr07	41571377	41748457	0.120153	0.100129	0.055980	0.066503
Chr07	41645150	41823338	0.000938	0.000701	0.000452	-0.001551
Chr07	41748463	42028966	-0.020757	-0.013006	-0.007969	-0.011791
Chr07	41823363	42308747	0.009977	0.005436	0.003261	0.011346
Chr07	42028995	42621113	-0.129741	-0.068540	-0.042091	-0.061307
Chr07	42309047	42881271	-0.100189	-0.035789	-0.025544	-0.055509
Chr07	42621394	43138506	-0.081558	-0.022879	-0.016578	-0.059312
Chr07	42881275	43306426	-0.105086	-0.039822	-0.026796	-0.077954
Chr07	43138974	43403106	-0.022149	-0.018053	-0.011313	-0.013246
Chr07	43306453	43546227	0.041982	0.036071	0.022706	0.033905
Chr07	43403131	43676164	0.122298	0.080897	0.050922	0.086901
Chr07	43546235	43791885	0.140980	0.086958	0.057893	0.097226
Chr07	43676194	43958449	0.030906	0.022135	0.013248	0.021943
Chr07	43791982	44105856	0.022531	0.008233	0.006109	0.016395
Chr07	43958601	44373632	0.022051	0.004722	0.003994	0.009842
Chr07	44105866	44524319	-0.070169	-0.021643	-0.017229	-0.054281
Chr07	44373664	44748515	-0.457438	-0.224059	-0.145231	-0.370139
Chr07	44524570	44952789	-0.465760	-0.172702	-0.114275	-0.363821
Chr07	44748982	45110277	-0.103191	-0.031109	-0.022172	-0.058525
Chr07	44952883	45249422	-0.101928	-0.050839	-0.033657	-0.059593
Chr07	45110282	45463497	-0.108777	-0.068472	-0.042204	-0.070442
Chr07	45249508	45591434	-0.092320	-0.059907	-0.035540	-0.053803
Chr07	45463675	45756149	-0.066312	-0.035238	-0.022011	-0.032901
Chr07	45591447	45923751	-0.032329	-0.017085	-0.011329	-0.018004
Chr07	45756150	46112715	0.013138	0.007259	0.004945	0.006419
Chr07	45923915	46252130	0.016969	0.009137	0.005750	0.008011
Chr07	46112764	46408736	-0.219440	-0.160654	-0.086132	-0.120244
Chr07	46252132	46547955	-0.447189	-0.359549	-0.180705	-0.278567
Chr07	46408853	46731734	-0.377620	-0.305185	-0.160802	-0.231660
Chr08	72963	538601	-0.345539	-0.154583	-0.075261	-0.259830
Chr08	281698	734279	-0.014212	-0.006497	-0.003339	-0.008018
Chr08	538602	986156	0.024285	0.008787	0.004694	0.024727
Chr08	734364	1188694	-0.212734	-0.086978	-0.040847	-0.175836
Chr08	986175	1436775	-0.373418	-0.172479	-0.080233	-0.300505
Chr08	1189109	1641868	-0.270704	-0.105918	-0.057087	-0.202028
Chr08	1436877	1816574	-0.146528	-0.059099	-0.032917	-0.100990
Chr08	1641888	2046751	-0.169344	-0.060968	-0.034484	-0.123410
Chr08	1816577	2206586	-0.252451	-0.100054	-0.052838	-0.203781
Chr08	2047028	2476490	-0.178980	-0.077385	-0.043525	-0.129519
Chr08	2206588	2782773	-0.191166	-0.073348	-0.044408	-0.135391
Chr08	2476513	2922531	-0.361365	-0.138050	-0.083184	-0.266827
Chr08	2783026	3060731	-0.296942	-0.127903	-0.076665	-0.199166
Chr08	2922621	3252500	-0.018882	-0.008046	-0.004444	-0.011482
Chr08	3060886	3457283	0.016715	0.005587	0.003313	0.009052
Chr08	3252505	3658851	0.053306	0.018037	0.010970	0.031457
Chr08	3457354	3814201	0.139135	0.055989	0.034657	0.095797
Chr08	3658859	3967624	-0.048900	-0.019480	-0.012419	-0.036665
Chr08	3814216	4318093	-0.132336	-0.046301	-0.029390	-0.098962
Chr08	3967743	4436219	-0.040756	-0.015155	-0.010081	-0.025451
Chr08	4318167	4717223	-0.118917	-0.042951	-0.029019	-0.083333
Chr08	4436241	4989722	-0.342171	-0.130805	-0.074714	-0.266314
Chr08	4717285	5125743	-0.487700	-0.303059	-0.133417	-0.398234
Chr08	4990038	5325917	-0.355198	-0.242220	-0.116006	-0.248839
Chr08	5125773	5498795	-0.115318	-0.046945	-0.031384	-0.074832
Chr08	5325951	5671568	-0.045118	-0.018222	-0.011984	-0.030505
Chr08	5498871	5822548	0.012184	0.006099	0.003279	0.012444
Chr08	5671569	6053096	-0.038020	-0.020660	-0.009797	-0.021543
Chr08	5822556	6200509	-0.271269	-0.153310	-0.074389	-0.169353
Chr08	6053398	6378293	-0.226159	-0.119214	-0.052675	-0.157607
Chr08	6200539	6535145	-0.267339	-0.152297	-0.065831	-0.206967
Chr08	6378303	6675498	-0.315618	-0.165830	-0.080914	-0.224088
Chr08	6535185	6834318	-0.030574	-0.014399	-0.007436	-0.018947
Chr08	6675502	7064121	-0.028816	-0.015485	-0.008350	-0.017804
Chr08	6834368	7293288	0.071649	0.038840	0.021404	0.043592
Chr08	7064140	7520257	-0.102033	-0.056100	-0.028100	-0.059207
Chr08	7293317	7719545	-0.234907	-0.104142	-0.057300	-0.170496
Chr08	7520915	7905437	-0.053949	-0.022799	-0.013265	-0.048584
Chr08	7719687	8079635	0.095272	0.038403	0.021977	0.069034
Chr08	7905460	8214310	0.031979	0.014641	0.007654	0.024449
Chr08	8079687	8364784	-0.073104	-0.043212	-0.020275	-0.051437
Chr08	8214428	8574903	-0.109820	-0.049862	-0.025841	-0.080879
Chr08	8364800	8809448	-0.171980	-0.063001	-0.035665	-0.135355
Chr08	8574941	8987397	-0.342657	-0.142942	-0.077693	-0.287816
Chr08	8809449	9111090	-0.304908	-0.203842	-0.091901	-0.254196
Chr08	8987793	9312289	-0.162275	-0.096068	-0.046520	-0.121603
Chr08	9111427	9515009	-0.323339	-0.109912	-0.063773	-0.228689
Chr08	9312313	9681052	-0.064204	-0.015916	-0.010987	-0.044285
Chr08	9515049	9882099	0.179132	0.044119	0.030609	0.131058
Chr08	9681082	10136541	-0.039846	-0.013747	-0.007486	-0.036105
Chr08	9882112	10353759	-0.046301	-0.014354	-0.008324	-0.037432
Chr08	10136707	10545587	-0.062796	-0.015751	-0.011096	-0.045140
Chr08	10353766	10738672	-0.123379	-0.042394	-0.027781	-0.087786
Chr08	10545600	10965967	0.143682	0.074339	0.037292	0.114999
Chr08	10738862	11356615	-0.016027	-0.006810	-0.003472	-0.003678
Chr08	10966003	11555226	-0.148181	-0.050065	-0.029077	-0.105867
Chr08	11356617	11754880	0.040439	0.014392	0.008918	0.027124
Chr08	11555638	11923812	0.031369	0.010860	0.006906	0.023322
Chr08	11754915	12106461	-0.174813	-0.049928	-0.032615	-0.129195
Chr08	11923976	12327084	-0.229769	-0.073387	-0.045775	-0.185413
Chr08	12106529	12528498	-0.164158	-0.058783	-0.034680	-0.122040
Chr08	12327367	12720463	-0.240413	-0.093840	-0.052672	-0.167681
Chr08	12528503	12891722	0.129599	0.048940	0.028037	0.100115
Chr08	12720500	13100225	0.101149	0.034167	0.019227	0.092011
Chr08	12894290	13232243	-0.230656	-0.091353	-0.047643	-0.184925
Chr08	13100361	13479568	-0.022412	-0.011196	-0.005845	-0.010343
Chr08	13232257	13730147	0.025740	0.008473	0.005117	0.029951
Chr08	13479782	13902772	-0.118387	-0.037119	-0.021368	-0.098543
Chr08	13730302	14068205	-0.140690	-0.063384	-0.031334	-0.117142
Chr08	13902809	14228185	-0.067981	-0.032316	-0.018857	-0.058251
Chr08	14068297	14400483	-0.085962	-0.042022	-0.023757	-0.071659
Chr08	14228192	14526882	-0.150739	-0.074134	-0.037058	-0.116726
Chr08	14400533	14765163	-0.027938	-0.011758	-0.006382	-0.021930
Chr08	14526947	15033280	-0.114536	-0.031625	-0.018296	-0.087874
Chr08	14765197	15158614	-0.273049	-0.077493	-0.044715	-0.174386
Chr08	15033376	15323481	0.033473	0.021126	0.011037	0.020776
Chr08	15158627	15559089	0.140979	0.061954	0.035814	0.102967
Chr08	15323511	15732615	0.340969	0.127219	0.075328	0.290315
Chr08	15559161	15893009	0.520449	0.216901	0.130061	0.451738
Chr08	15732677	16064972	0.198653	0.084156	0.045568	0.166752
Chr08	15893032	16258272	-0.070678	-0.027153	-0.014800	-0.056343
Chr08	16065005	16419060	-0.149394	-0.054309	-0.031727	-0.113427
Chr08	16258281	16692332	-0.119065	-0.036658	-0.021652	-0.092128
Chr08	16419099	16839953	-0.074966	-0.026619	-0.013807	-0.056762
Chr08	16692338	17059155	0.122035	0.057301	0.024962	0.110190
Chr08	16839992	17185413	-0.049447	-0.030894	-0.011841	-0.033545
Chr08	17059230	17417864	-0.297322	-0.112839	-0.057832	-0.230314
Chr08	17185454	17641451	0.054542	0.013715	0.008632	0.042965
Chr08	17418087	17843843	0.117417	0.036095	0.021696	0.104906
Chr08	17641727	18082183	0.039689	0.012649	0.007243	0.044492
Chr08	17843844	18272862	0.108696	0.032423	0.018799	0.101436
Chr08	18082245	18453142	-0.002403	-0.000672	-0.000414	0.004012
Chr08	18272901	18665167	-0.073733	-0.020016	-0.012487	-0.054905
Chr08	18453253	18902989	-0.226973	-0.073321	-0.041841	-0.190840
Chr08	18665178	19147542	-0.297288	-0.098056	-0.055353	-0.249363
Chr08	18903229	19284479	0.091217	0.027763	0.017034	0.070059
Chr08	19147576	19512339	-0.155352	-0.056950	-0.033802	-0.119071
Chr08	19284514	19923673	-0.226615	-0.073996	-0.042199	-0.162451
Chr08	19512353	20096289	-0.193505	-0.063380	-0.036817	-0.143714
Chr08	19923785	20423130	-0.265938	-0.101389	-0.060469	-0.194208
Chr08	20096292	20642853	-0.272246	-0.100690	-0.056556	-0.206375
Chr08	20423177	20758558	-0.260825	-0.110892	-0.061680	-0.203594
Chr08	20642883	20948390	-0.056919	-0.021281	-0.013414	-0.033840
Chr08	20758559	21157004	-0.090262	-0.034899	-0.020569	-0.055410
Chr08	20948399	21307983	-0.129325	-0.068226	-0.039794	-0.085941
Chr08	21157085	21512664	-0.271699	-0.108224	-0.060591	-0.212085
Chr08	21308006	21631046	-0.287140	-0.117757	-0.066740	-0.227877
Chr08	21512770	21800607	-0.201078	-0.088355	-0.056149	-0.143822
Chr08	21631141	21898321	-0.079813	-0.031316	-0.020914	-0.050960
Chr08	21800902	22032196	0.035686	0.014736	0.009853	0.027665
Chr08	21898331	22200963	-0.005470	-0.002643	-0.001555	-0.003376
Chr08	22032238	22474164	0.215695	0.109418	0.066964	0.131785
Chr08	22201037	22814051	0.223778	0.103869	0.067927	0.139540
Chr08	22493415	22939090	-0.014343	-0.007686	-0.004438	-0.005424
Chr08	22814248	23079542	0.019672	0.009873	0.005628	0.014407
Chr08	22939490	23194706	0.142921	0.071369	0.041889	0.091269
Chr08	23079563	23438155	-0.068907	-0.024758	-0.015716	-0.050541
Chr08	23194708	23557739	-0.131992	-0.043395	-0.027570	-0.087642
Chr08	23438786	23705158	0.102140	0.043585	0.028001	0.062065
Chr08	23557743	23922503	-0.080883	-0.036433	-0.023535	-0.057425
Chr08	23705611	24121395	-0.200818	-0.086444	-0.056363	-0.161861
Chr08	23922605	24290113	-0.094554	-0.043270	-0.026347	-0.068312
Chr08	24121421	24427444	-0.019827	-0.010900	-0.006295	-0.013961
Chr08	24290137	24609639	-0.057831	-0.031483	-0.018240	-0.039189
Chr08	24427470	24719283	-0.023404	-0.011579	-0.007214	-0.018032
Chr08	24609750	24862094	-0.272063	-0.129081	-0.082203	-0.248183
Chr08	24719401	25007121	-0.350935	-0.155826	-0.094363	-0.289383
Chr08	24862119	25169381	-0.081537	-0.034256	-0.021566	-0.054994
Chr08	25007138	25381898	-0.076710	-0.028913	-0.019420	-0.046986
Chr08	25169557	25598436	-0.012251	-0.004140	-0.002805	-0.005439
Chr08	25382025	25872612	-0.243918	-0.089344	-0.057681	-0.194957
Chr08	25598583	26151504	-0.398078	-0.147507	-0.095837	-0.301981
Chr08	25872780	26274846	0.010964	0.003652	0.002611	0.010238
Chr08	26151545	26411110	0.129485	0.043831	0.030315	0.104779
Chr08	26274904	26571483	0.136276	0.050786	0.035753	0.104721
Chr08	26411139	26750517	0.196646	0.077663	0.057012	0.143206
Chr08	26571836	26919824	-0.057705	-0.024886	-0.015088	-0.037643
Chr08	26750518	27130884	0.016735	0.006501	0.003849	0.012423
Chr08	26919837	27295579	0.169318	0.059558	0.036736	0.138313
Chr08	27131212	27438888	-0.163547	-0.064000	-0.037491	-0.129402
Chr08	27296784	27600906	-0.340951	-0.144240	-0.078302	-0.274484
Chr08	27438904	27819739	-0.226021	-0.091080	-0.047417	-0.182847
Chr08	27601010	27973079	-0.297548	-0.129592	-0.071449	-0.216548
Chr08	27819764	28094026	-0.119963	-0.056220	-0.036976	-0.088780
Chr08	27973107	28246518	-0.077838	-0.037529	-0.020881	-0.056515
Chr08	28094266	28335919	-0.271207	-0.154574	-0.071085	-0.148727
Chr08	28246808	28605218	-0.170887	-0.089017	-0.046525	-0.090102
Chr08	28335924	28768800	0.084946	0.028086	0.015946	0.046658
Chr08	28606172	28950435	0.247960	0.056586	0.037253	0.130226
Chr08	28768899	29049608	0.332630	0.087502	0.065584	0.248359
Chr08	28950443	29194921	0.175471	0.060097	0.041599	0.134198
Chr08	29049675	29297684	-0.266732	-0.123669	-0.070265	-0.181309
Chr08	29194946	29686281	-0.226201	-0.097408	-0.060302	-0.149517
Chr08	29297769	29859909	-0.222365	-0.090282	-0.052417	-0.141948
Chr08	29686397	30015069	-0.113486	-0.047276	-0.028392	-0.073546
Chr08	29859997	30193661	0.092983	0.028640	0.021254	0.066885
Chr08	30015137	30421482	-0.055642	-0.014348	-0.010336	-0.039897
Chr08	30193706	30585108	-0.003542	-0.001126	-0.000701	-0.000366
Chr08	30421719	30764184	-0.091680	-0.039538	-0.019229	-0.067767
Chr08	30585132	30990575	-0.287972	-0.103205	-0.054638	-0.204023
Chr08	30764287	31167413	-0.225855	-0.075416	-0.044765	-0.170882
Chr08	30990997	31340388	-0.358065	-0.145024	-0.077401	-0.288515
Chr08	31167423	31438973	-0.597837	-0.393814	-0.188261	-0.457349
Chr08	31340440	31632637	-0.421463	-0.220498	-0.113133	-0.318803
Chr08	31442186	31818599	-0.166177	-0.049137	-0.027456	-0.142727
Chr08	31632678	32020439	-0.175401	-0.044988	-0.026704	-0.156832
Chr08	31818627	32284343	-0.431713	-0.090674	-0.060011	-0.360987
Chr08	32021340	32469253	-0.637442	-0.161908	-0.105154	-0.506448
Chr08	32285272	32656797	-0.343095	-0.183879	-0.103885	-0.249427
Chr08	32469265	32841610	0.157977	0.089283	0.054657	0.132838
Chr08	32656880	32978934	0.186567	0.076568	0.051397	0.144399
Chr08	32841624	33276028	-0.046365	-0.011423	-0.007462	-0.031745
Chr08	32978970	33526934	-0.193962	-0.048972	-0.028078	-0.156364
Chr08	33276037	33750655	-0.262672	-0.082274	-0.044894	-0.202018
Chr08	33526964	33857033	-0.043686	-0.015367	-0.008807	-0.032404
Chr08	33750746	34188396	-0.074469	-0.026213	-0.014955	-0.060495
Chr08	33857270	34297393	-0.364535	-0.139243	-0.079161	-0.325864
Chr08	34188809	34393651	-0.543202	-0.233115	-0.126357	-0.484158
Chr08	34297575	34561970	-0.149207	-0.051334	-0.030595	-0.129984
Chr08	34393667	34718725	-0.111577	-0.038938	-0.023823	-0.087862
Chr08	34562418	34870156	-0.480213	-0.223962	-0.121164	-0.377741
Chr08	34718787	35001501	-0.540224	-0.276027	-0.128113	-0.437754
Chr08	34870157	35125880	-0.118738	-0.060445	-0.028339	-0.095719
Chr08	35001507	35353977	0.206327	0.087330	0.052538	0.177488
Chr08	35125882	35596109	-0.062888	-0.020551	-0.013182	-0.056037
Chr08	35354093	35834839	-0.101227	-0.030676	-0.018343	-0.081290
Chr08	35601223	35930046	-0.092033	-0.030262	-0.017617	-0.069998
Chr08	35834843	36103102	-0.279459	-0.095966	-0.050894	-0.241795
Chr08	35930173	36288794	-0.291984	-0.118732	-0.056360	-0.257762
Chr08	36103117	36375441	-0.608597	-0.370399	-0.155790	-0.564226
Chr08	36288924	36552129	-0.741053	-0.448951	-0.184500	-0.694840
Chr08	36380171	36751530	-0.692632	-0.388158	-0.161550	-0.648346
Chr08	36552227	36901451	-0.739710	-0.457942	-0.186359	-0.690647
Chr08	36751860	37061253	-0.188921	-0.111309	-0.050697	-0.175637
Chr08	36901786	37257529	0.102351	0.033970	0.021006	0.082815
Chr08	37061644	37486093	-0.230341	-0.033617	-0.024726	-0.181915
Chr08	37257696	37691011	-0.372406	-0.072822	-0.047720	-0.314486
Chr08	37486156	37944783	-0.311893	-0.112548	-0.051746	-0.276055
Chr08	37691045	38138687	0.008891	0.003643	0.001400	0.033583
Chr08	37944799	38309451	-0.084740	-0.043816	-0.016011	-0.065390
Chr08	38138717	38559036	-0.308573	-0.125138	-0.055929	-0.290063
Chr08	38309510	39036628	-0.527519	-0.192130	-0.083797	-0.506163
Chr08	38559255	39904537	-0.799569	-0.403320	-0.140714	-0.770654
Chr08	39036689	41573207	-0.856037	-0.521982	-0.159800	-0.831553
Chr08	39904592	41920937	-0.868570	-0.471139	-0.164480	-0.840217
Chr08	41573213	42142169	-0.817165	-0.277064	-0.133977	-0.775199
Chr08	41921184	42284593	-0.522246	-0.132528	-0.076578	-0.483453
Chr08	42142704	42438697	-0.299266	-0.112623	-0.054623	-0.265843
Chr08	42284655	42611471	-0.221649	-0.092884	-0.044118	-0.189464
Chr08	42438745	42800507	0.049373	0.019492	0.010215	0.047742
Chr08	42611611	42966574	-0.128573	-0.041513	-0.022382	-0.107401
Chr08	42800716	43110915	-0.322859	-0.082709	-0.048701	-0.284419
Chr08	42967321	43297822	0.056917	0.016857	0.009182	0.055738
Chr08	43110943	43495929	0.446319	0.171141	0.081190	0.417545
Chr08	43297842	43690995	0.289186	0.128477	0.062581	0.276235
Chr08	43495967	43940233	-0.142729	-0.048430	-0.028422	-0.114207
Chr08	43691629	44240444	-0.098485	-0.024830	-0.015098	-0.076468
Chr08	43940319	44360191	0.187903	0.058990	0.034289	0.149861
Chr08	44240501	44496986	0.249517	0.124820	0.071820	0.168215
Chr08	44360320	44582815	-0.045352	-0.023285	-0.014612	-0.034098
Chr08	44497607	44800362	-0.089549	-0.032451	-0.022644	-0.065221
Chr08	44582819	45011585	0.133981	0.038600	0.026740	0.084436
Chr08	44800412	45148669	-0.277417	-0.107180	-0.063805	-0.223833
Chr08	45011606	45354373	-0.509230	-0.249318	-0.129824	-0.403462
Chr08	45148682	45488547	-0.360667	-0.158200	-0.091336	-0.249271
Chr08	45354420	45854764	-0.187226	-0.076713	-0.049996	-0.127407
Chr08	45488704	45992078	-0.044079	-0.023140	-0.012469	-0.027945
Chr08	45856138	46559888	-0.053273	-0.023395	-0.012548	-0.035436
Chr08	45992079	46706988	-0.067854	-0.028028	-0.017094	-0.044916
Chr08	46560027	46883978	-0.028884	-0.012073	-0.007396	-0.020207
Chr08	46707255	47045279	0.024642	0.009282	0.005768	0.024305
Chr08	46883983	47381172	0.045670	0.017301	0.010696	0.037614
Chr08	47045287	47557678	0.250914	0.077047	0.049689	0.187291
Chr08	47381224	47690159	0.230194	0.065034	0.042606	0.149963
Chr08	47557702	47809483	0.055590	0.020261	0.012338	0.030317
Chr08	47690249	47933105	0.086040	0.034953	0.021885	0.055005
Chr08	47809510	48027008	0.033642	0.015580	0.009892	0.026397
Chr08	47933191	48243987	0.050995	0.017381	0.013053	0.032489
Chr08	48027053	48405255	0.030498	0.010127	0.007143	0.014527
Chr08	48244094	48491273	0.140774	0.078443	0.043053	0.084379
Chr08	48405382	48634104	0.102767	0.046977	0.028984	0.071095
Chr08	48491285	48725571	0.116592	0.048658	0.030401	0.085902
Chr08	48634183	48802211	-0.037079	-0.020228	-0.011155	0.004320
Chr08	48725606	48941227	-0.421450	-0.189393	-0.114626	-0.289103
Chr08	48802251	49099651	-0.481940	-0.174402	-0.116518	-0.390874
Chr08	48941259	49268987	-0.088264	-0.036862	-0.023565	-0.067693
Chr08	49099653	49444163	0.043034	0.017007	0.010004	0.038864
Chr08	49268998	49563351	-0.219399	-0.088496	-0.050599	-0.172678
Chr08	49444237	50056823	-0.220930	-0.084909	-0.053031	-0.146908
Chr08	49563371	50434257	-0.091166	-0.033328	-0.022166	-0.058537
Chr08	50056927	50588387	-0.015623	-0.006793	-0.004590	-0.006873
Chr08	50434403	50718204	-0.066639	-0.027956	-0.017321	-0.036634
Chr08	50588399	50906804	0.061568	0.019789	0.012317	0.045463
Chr08	50718341	50990558	-0.040752	-0.016212	-0.009536	-0.016219
Chr08	50908350	51148785	-0.141214	-0.113234	-0.050323	-0.082870
Chr08	50990562	51261086	0.118819	0.085929	0.041848	0.083210
Chr08	51148797	51389824	0.236224	0.106485	0.065190	0.172996
Chr08	51261228	51495989	0.373623	0.147405	0.100469	0.250927
Chr08	51389846	51664795	0.215248	0.095064	0.057413	0.152964
Chr08	51495998	51841588	-0.199004	-0.091615	-0.047349	-0.161820
Chr08	51664831	51968932	-0.198006	-0.104631	-0.052354	-0.168496
Chr08	51841786	52287578	0.045790	0.017333	0.009467	0.040925
Chr08	51969454	52434109	-0.052533	-0.012934	-0.008214	-0.030965
Chr08	52287722	52608304	-0.043311	-0.013920	-0.008568	-0.030537
Chr08	52434148	52811767	0.043255	0.018037	0.010340	0.033381
Chr08	52608307	53120378	0.081899	0.032565	0.020220	0.058672
Chr08	52811803	53244951	0.172195	0.070168	0.041600	0.124647
Chr08	53120600	53376695	0.076525	0.036877	0.022770	0.053179
Chr08	53244967	53483313	-0.073695	-0.041478	-0.026841	-0.041782
Chr08	53377044	53613019	-0.017397	-0.009092	-0.006024	-0.011194
Chr08	53483347	53858967	-0.010804	-0.003321	-0.002534	-0.006549
Chr08	53613039	54033481	-0.085766	-0.023664	-0.018494	-0.056872
Chr08	53859076	54206338	-0.051778	-0.014551	-0.011074	-0.033300
Chr08	54033488	54368013	-0.060786	-0.019628	-0.013490	-0.040676
Chr08	54206353	54507447	0.096664	0.041650	0.024962	0.065121
Chr08	54368188	54787047	0.148703	0.060712	0.037234	0.093660
Chr08	54508222	55067971	-0.102831	-0.040143	-0.025835	-0.057564
Chr08	54787257	55137492	-0.128416	-0.067559	-0.042648	-0.069180
Chr08	55067980	55481762	0.258086	0.124570	0.082536	0.177428
Chr08	55138811	55616632	0.255642	0.118205	0.079840	0.176264
Chr08	55481828	55708927	-0.118836	-0.078334	-0.049671	-0.069118
Chr08	55616651	55902908	-0.068250	-0.033418	-0.021772	-0.041791
Chr08	55709067	56116977	-0.327059	-0.140090	-0.090116	-0.242242
Chr08	55902929	56298310	-0.537113	-0.275014	-0.144119	-0.454337
Chr08	56117103	56470582	-0.338560	-0.162807	-0.074041	-0.285963
Chr08	56298363	56621936	-0.145370	-0.062408	-0.029958	-0.104693
Chr08	56470585	56737809	-0.076110	-0.039410	-0.022943	-0.049952
Chr08	56622074	56891081	0.066622	0.035502	0.022781	0.040314
Chr08	56737846	57147495	0.157010	0.063932	0.043625	0.088543
Chr08	56891082	57243982	0.038973	0.018116	0.011942	0.020126
Chr08	57147508	57462521	-0.050227	-0.022613	-0.011295	-0.032624
Chr08	57244005	57765529	-0.220802	-0.096580	-0.048609	-0.153789
Chr08	57462541	57890416	-0.297663	-0.166556	-0.089595	-0.208780
Chr08	57765612	58064375	-0.215427	-0.109145	-0.058860	-0.143970
Chr08	57890435	58260404	0.045769	0.025355	0.012874	0.035086
Chr08	58064396	58400401	0.117184	0.055688	0.031223	0.075045
Chr08	58260410	58562200	-0.315826	-0.126139	-0.067148	-0.178555
Chr08	58400411	58735499	-0.258500	-0.108109	-0.056920	-0.161003
Chr08	58562794	58861742	0.008944	0.003845	0.002234	0.008018
Chr08	58735544	59026285	0.008094	0.003862	0.002176	0.006465
Chr08	58861841	59227635	0.115608	0.051001	0.032047	0.091237
Chr08	59026607	59426503	0.279123	0.115276	0.080365	0.184639
Chr08	59227725	59592092	0.108291	0.049431	0.032973	0.054265
Chr08	59426513	59806884	-0.065284	-0.029758	-0.020128	-0.039965
Chr08	59593015	60291080	0.188756	0.076108	0.056213	0.125072
Chr08	59806887	60734801	0.226762	0.084183	0.061766	0.155375
Chr08	60291122	60941504	0.014743	0.005979	0.003854	0.008423
Chr08	60734855	61060405	-0.027558	-0.014282	-0.008343	-0.016614
Chr08	60941510	61230512	0.024830	0.014258	0.008501	0.014628
Chr08	61060426	61352363	0.082808	0.046268	0.029696	0.050571
Chr08	61230514	61542714	0.015401	0.009097	0.006038	0.009612
Chr08	61352450	61664291	-0.045857	-0.030808	-0.018425	-0.027017
Chr08	61542716	61820988	-0.058005	-0.038510	-0.023110	-0.034716
Chr08	61664308	62046552	0.004552	0.002404	0.001444	0.007684
Chr08	61821065	62224953	0.060509	0.027422	0.016661	0.044556
Chr08	62047414	62424061	0.002387	0.001143	0.000670	0.002322
Chr08	62224957	62573750	-0.184399	-0.106631	-0.053944	-0.107985
Chr08	62424562	62735002	-0.114602	-0.059943	-0.031617	-0.080163
Chr08	62573760	62847069	0.043040	0.020362	0.012214	0.024896
Chr08	62735039	63002301	-0.187588	-0.089456	-0.057834	-0.127014
Chr08	62847160	63127884	-0.316500	-0.162406	-0.100724	-0.218301
Chr08	63002317	63316738	-0.166463	-0.092024	-0.055624	-0.099743
Chr08	63127915	63485552	-0.001668	-0.000751	-0.000497	0.003950
Chr08	63316756	63641813	0.067964	0.034249	0.022790	0.040231
Chr08	63487650	63732207	0.098027	0.068018	0.044460	0.058255
Chr08	63641875	63862482	0.007631	0.004658	0.003266	0.004556
Chr08	63733946	64180341	-0.021208	-0.010177	-0.006657	-0.011811
Chr08	63863359	64481731	-0.095691	-0.034322	-0.022292	-0.058804
Chr08	64183679	64728163	-0.226138	-0.069277	-0.047544	-0.141082
Chr08	64481816	65022809	-0.587087	-0.402660	-0.198749	-0.450582
Chr08	64728251	65118983	-0.902705	-2.047307	-0.496078	-0.855063
Chr08	65022999	65260611	-0.874426	-1.564189	-0.468539	-0.803646
Chr08	65119093	65397281	-0.425317	-0.315030	-0.154499	-0.298797
Chr08	65260811	65562415	-0.159477	-0.083465	-0.049113	-0.099871
Chr08	65397438	65717179	0.245819	0.131759	0.090692	0.181245
Chr08	65562940	66029146	-0.056210	-0.036404	-0.020566	-0.042088
Chr08	65717249	66173656	-0.454735	-0.226118	-0.113322	-0.302054
Chr08	66029149	66356834	-0.134961	-0.051237	-0.028818	-0.080975
Chr08	66173659	66537650	-0.359891	-0.188482	-0.100134	-0.283116
Chr08	66356903	66858700	-0.542834	-0.184085	-0.113120	-0.451727
Chr09	295775	524754	0.157182	0.090669	0.047043	0.108188
Chr09	403074	635531	0.314101	0.170183	0.118755	0.244534
Chr09	524770	708691	0.131983	0.058499	0.044816	0.103782
Chr09	635537	834167	0.066775	0.029927	0.022643	0.046776
Chr09	709737	963396	-0.033142	-0.013826	-0.009809	-0.016655
Chr09	834187	1074017	0.108253	0.052128	0.035834	0.060782
Chr09	963408	1262512	0.060566	0.032155	0.023120	0.037211
Chr09	1074030	1337130	-0.048210	-0.021853	-0.016112	-0.028855
Chr09	1262562	1486982	-0.033097	-0.014619	-0.010003	-0.017337
Chr09	1337152	1547235	-0.057616	-0.032773	-0.021338	-0.032713
Chr09	1486994	1676371	0.003221	0.001789	0.001262	-0.002034
Chr09	1547244	1859656	0.231731	0.110204	0.082471	0.140464
Chr09	1676472	2046849	0.216311	0.090877	0.066019	0.108794
Chr09	1859672	2214543	0.033100	0.012389	0.008408	0.015850
Chr09	2047013	2326262	-0.003979	-0.001780	-0.001105	0.002750
Chr09	2214895	2549663	0.028343	0.016309	0.009702	0.013548
Chr09	2326274	2686711	0.120329	0.080370	0.047819	0.061811
Chr09	2549786	2798119	0.008393	0.005650	0.003408	-0.000752
Chr09	2686829	2994357	-0.222066	-0.123451	-0.076796	-0.138115
Chr09	2798170	3169661	-0.153230	-0.065747	-0.041562	-0.088058
Chr09	2994372	3242227	-0.018643	-0.009300	-0.005733	-0.006893
Chr09	3169694	3411935	-0.096644	-0.069583	-0.041478	-0.052470
Chr09	3242250	3562916	-0.008715	-0.004688	-0.002920	0.002485
Chr09	3411949	3762512	-0.020628	-0.009285	-0.005664	0.001998
Chr09	3562945	3847220	-0.149244	-0.092696	-0.049647	-0.093816
Chr09	3762525	3957515	0.015102	0.009586	0.005482	0.009226
Chr09	3847230	4079822	0.183989	0.095252	0.068145	0.095180
Chr09	3957902	4188684	0.070902	0.040248	0.027395	0.040070
Chr09	4079849	4421262	0.067549	0.029248	0.019096	0.036096
Chr09	4188779	4581629	0.001806	0.000612	0.000389	0.001026
Chr09	4421322	4723153	-0.205415	-0.075393	-0.049283	-0.153477
Chr09	4581734	4863333	-0.242591	-0.100131	-0.063564	-0.189173
Chr09	4723182	5016492	-0.077892	-0.039045	-0.022826	-0.049203
Chr09	4863334	5202975	0.049470	0.032840	0.017835	0.027390
Chr09	5016511	5341311	-0.312795	-0.260067	-0.116991	-0.203080
Chr09	5202980	5496120	-0.317262	-0.193983	-0.105204	-0.221641
Chr09	5341384	5784963	0.052741	0.020082	0.013599	0.032093
Chr09	5496442	6375481	0.156204	0.058698	0.039546	0.092105
Chr09	5785100	6498581	0.162043	0.082961	0.052314	0.093545
Chr09	6375523	6618440	-0.000773	-0.000391	-0.000240	-0.000584
Chr09	6498587	6732998	-0.034966	-0.017434	-0.011173	-0.017471
Chr09	6618520	6818575	-0.154136	-0.129612	-0.078429	-0.086765
Chr09	6733027	7007267	-0.022325	-0.018578	-0.010991	0.001063
Chr09	6818644	7085156	0.108208	0.068473	0.042622	0.067414
Chr09	7007408	7223194	-0.025397	-0.013660	-0.009160	-0.011671
Chr09	7085435	7303764	-0.227117	-0.095021	-0.065387	-0.133259
Chr09	7223255	7616392	-0.218241	-0.088513	-0.058269	-0.141142
Chr09	7303816	7750808	0.224119	0.109244	0.069992	0.153004
Chr09	7616439	7885721	0.190837	0.097098	0.063308	0.121797
Chr09	7750880	8044410	-0.185112	-0.087300	-0.054988	-0.116833
Chr09	7885736	8259918	-0.105219	-0.050111	-0.030131	-0.067932
Chr09	8044518	8394391	0.098722	0.044975	0.030544	0.061211
Chr09	8259919	8618521	0.196900	0.082803	0.061142	0.137283
Chr09	8394529	8698648	0.185893	0.083615	0.060098	0.132812
Chr09	8618578	8795534	0.045779	0.023103	0.015714	0.031394
Chr09	8698682	8897544	-0.102856	-0.057576	-0.034864	-0.055187
Chr09	8795611	9041488	-0.100109	-0.050696	-0.033107	-0.062356
Chr09	8897866	9160801	-0.117591	-0.058652	-0.037666	-0.079607
Chr09	9041537	9279258	0.083180	0.037864	0.024385	0.052001
Chr09	9161605	9480823	0.083674	0.024476	0.017290	0.055583
Chr09	9279667	9630027	-0.038915	-0.011723	-0.007884	-0.024460
Chr09	9480844	9819310	0.051176	0.019448	0.012729	0.040763
Chr09	9630053	10099265	-0.084622	-0.023427	-0.017670	-0.070217
Chr09	9819642	10232030	-0.281990	-0.079629	-0.060481	-0.196275
Chr09	10099407	10304439	-0.177305	-0.110350	-0.065504	-0.096588
Chr09	10232065	10460927	-0.098166	-0.076533	-0.039515	-0.055833
Chr09	10304508	10574243	-0.109308	-0.061192	-0.036093	-0.055720
Chr09	10461068	10699686	-0.042863	-0.020395	-0.014244	-0.022653
Chr09	10574262	10830613	-0.009775	-0.004109	-0.003147	-0.005804
Chr09	10699691	10997080	0.057280	0.022621	0.017358	0.032368
Chr09	10830636	11175853	0.244093	0.093373	0.067135	0.157545
Chr09	10997213	11304019	0.464080	0.147058	0.115862	0.364319
Chr09	11175901	11446894	0.245664	0.082705	0.062083	0.188070
Chr09	11304058	11887792	0.015741	0.004993	0.003386	0.014776
Chr09	11447828	12259611	-0.024319	-0.007337	-0.004995	-0.010743
Chr09	11887805	12360486	-0.235175	-0.092874	-0.059211	-0.152312
Chr09	12259684	12602759	-0.298705	-0.112893	-0.068979	-0.206715
Chr09	12361419	12798570	-0.365967	-0.131604	-0.079236	-0.269957
Chr09	12602874	12970383	-0.330519	-0.136256	-0.081273	-0.210863
Chr09	12798628	13097700	0.042440	0.017661	0.011421	0.027489
Chr09	12970442	13283486	-0.127064	-0.053446	-0.029381	-0.095603
Chr09	13097808	13441466	-0.332696	-0.166124	-0.076517	-0.260862
Chr09	13283505	13638812	-0.154596	-0.070150	-0.037283	-0.108540
Chr09	13441536	13856631	-0.057760	-0.019073	-0.012623	-0.035070
Chr09	13638865	13994979	-0.079687	-0.028765	-0.018800	-0.052047
Chr09	13856667	14087946	-0.516550	-0.284576	-0.147918	-0.424347
Chr09	13995085	14248936	-0.565065	-0.308603	-0.158134	-0.475259
Chr09	14088112	14438115	-0.135945	-0.049217	-0.030134	-0.095703
Chr09	14248960	14597384	-0.030580	-0.011528	-0.007389	-0.016448
Chr09	14438200	14736136	0.128129	0.058887	0.037211	0.100572
Chr09	14597487	14888391	-0.040600	-0.018186	-0.009922	-0.040843
Chr09	14736162	15083288	-0.320468	-0.108638	-0.059282	-0.288303
Chr09	14888431	15283876	-0.534099	-0.169479	-0.094513	-0.476910
Chr09	15083513	15429835	-0.504091	-0.218378	-0.108871	-0.438621
Chr09	15283882	15508487	-0.192365	-0.105324	-0.051738	-0.137050
Chr09	15429879	15656713	-0.255095	-0.158986	-0.076264	-0.161473
Chr09	15509416	15786490	-0.208835	-0.110377	-0.052662	-0.135824
Chr09	15656722	15972253	-0.467983	-0.236865	-0.116936	-0.377167
Chr09	15786514	16204221	-0.611099	-0.289130	-0.143109	-0.544409
Chr09	15972278	16397599	0.097116	0.036854	0.023900	0.087210
Chr09	16205154	16585836	0.496334	0.162614	0.134416	0.437164
Chr09	16397765	17679822	0.092721	0.020541	0.017446	0.079263
Chr09	16586399	18012258	-0.358064	-0.063774	-0.052073	-0.302040
Chr09	17680871	18886486	-0.190544	-0.037756	-0.030868	-0.164170
Chr09	18012441	19058220	0.009247	0.002212	0.001815	0.007931
Chr09	18886705	19252218	-0.287428	-0.122322	-0.074439	-0.248403
Chr09	19058571	19512954	-0.527039	-0.181562	-0.106210	-0.430345
Chr09	19252371	19590196	-0.650582	-0.288775	-0.152570	-0.496148
Chr09	19512980	19712875	-0.743640	-0.699194	-0.267255	-0.641878
Chr09	19590876	19857167	-0.446302	-0.233002	-0.126358	-0.400124
Chr09	19713028	19950312	-0.309112	-0.134455	-0.084363	-0.234719
Chr09	19857197	20099908	-0.505535	-0.215628	-0.131617	-0.311207
Chr09	19950372	20191857	-0.070117	-0.030961	-0.017540	-0.037482
Chr09	20099912	20362932	0.074436	0.048540	0.025140	0.051419
Chr09	20191970	20470801	0.018926	0.010754	0.007109	0.015081
Chr09	20362964	20598334	-0.130951	-0.061088	-0.037611	-0.079254
Chr09	20470852	20780370	0.038513	0.016119	0.008057	0.037871
Chr09	20598366	20929653	0.161423	0.069385	0.034214	0.132097
Chr09	20780385	21005027	0.022615	0.012651	0.006044	0.018825
Chr09	20929693	21164394	-0.161098	-0.107600	-0.052779	-0.112676
Chr09	21005065	21299642	-0.312460	-0.170691	-0.090807	-0.218339
Chr09	21164960	21403633	-0.557467	-0.489571	-0.211725	-0.392379
Chr09	21299669	21538439	-0.638085	-0.728182	-0.279780	-0.471297
Chr09	21403639	21701457	-0.366820	-0.201868	-0.111642	-0.271693
Chr09	21538598	21936873	-0.195604	-0.077437	-0.043610	-0.144609
Chr09	21701512	22141939	-0.341453	-0.151816	-0.078396	-0.245133
Chr09	21936940	22251108	0.160109	0.073679	0.046799	0.124521
Chr09	22141957	22404903	0.439670	0.187700	0.130247	0.343690
Chr09	22251193	22737947	0.006646	0.002299	0.001411	0.005212
Chr09	22405148	22895511	-0.196435	-0.075681	-0.045888	-0.134587
Chr09	22739820	23079387	-0.197426	-0.110749	-0.062891	-0.127994
Chr09	22895574	23229106	-0.493135	-0.284226	-0.146776	-0.361880
Chr09	23079397	23357849	-0.557084	-0.335654	-0.170900	-0.476170
Chr09	23229110	23609224	-0.605456	-0.336347	-0.164010	-0.535490
Chr09	23357898	23805319	-0.522414	-0.248409	-0.129256	-0.416790
Chr09	23609229	24028760	-0.232246	-0.123782	-0.057445	-0.153276
Chr09	23805350	24090330	-0.211924	-0.161209	-0.060367	-0.157934
Chr09	24028767	24180688	-0.378534	-0.368123	-0.132317	-0.304190
Chr09	24090538	24342760	-0.349461	-0.251588	-0.115492	-0.242656
Chr09	24180690	24467424	0.078374	0.035438	0.024318	0.045185
Chr09	24342800	24655090	-0.048770	-0.019003	-0.012634	-0.028815
Chr09	24467437	24829725	-0.148160	-0.064728	-0.035432	-0.104481
Chr09	24655358	25026872	-0.069777	-0.034939	-0.017353	-0.046401
Chr09	24829804	25125684	-0.321441	-0.201757	-0.084723	-0.203927
Chr09	25027280	25247096	-0.634653	-0.498960	-0.178777	-0.480486
Chr09	25125686	25465007	-0.444332	-0.302132	-0.109305	-0.358199
Chr09	25247417	25587045	0.009122	0.004606	0.002075	0.019096
Chr09	25465363	25755058	-0.085525	-0.033578	-0.020497	-0.052251
Chr09	25587102	25917098	-0.351240	-0.128376	-0.074411	-0.221307
Chr09	25755083	26103297	-0.247136	-0.080949	-0.050778	-0.180214
Chr09	25917358	26331382	-0.053041	-0.016797	-0.010350	-0.040603
Chr09	26103327	26497529	-0.028958	-0.010440	-0.006109	-0.018459
Chr09	26331383	26656868	-0.128853	-0.058685	-0.035250	-0.095759
Chr09	26497589	26910967	-0.188809	-0.069757	-0.044470	-0.145535
Chr09	26656901	27040640	-0.249178	-0.080281	-0.054424	-0.194449
Chr09	26910984	27167760	-0.077782	-0.032029	-0.020901	-0.050618
Chr09	27040649	27278370	0.002216	0.001054	0.000628	-0.000437
Chr09	27167790	27570082	-0.026347	-0.009616	-0.006450	-0.019207
Chr09	27278387	27689283	0.053649	0.020815	0.013403	0.033730
Chr09	27570153	27947846	0.095170	0.046621	0.025202	0.068798
Chr09	27689343	28191789	0.006009	0.002458	0.001351	0.012325
Chr09	27950349	28574890	-0.056933	-0.015385	-0.009629	-0.032728
Chr09	28192642	28800287	-0.250984	-0.056126	-0.040001	-0.191896
Chr09	28574926	29003787	-0.301724	-0.089453	-0.063218	-0.234570
Chr09	28800324	29147957	-0.187943	-0.073210	-0.043305	-0.146320
Chr09	29003795	29296658	-0.493532	-0.220961	-0.109831	-0.432208
Chr09	29147969	29472862	-0.371122	-0.171948	-0.091445	-0.319968
Chr09	29296745	29631095	0.044310	0.017079	0.011080	0.038283
Chr09	29472990	29789149	-0.254721	-0.105346	-0.061055	-0.156259
Chr09	29631117	29964511	-0.026306	-0.009419	-0.006067	-0.021315
Chr09	29789151	30254506	0.116294	0.036691	0.025351	0.094485
Chr09	29964839	30455973	-0.188868	-0.069764	-0.044252	-0.144049
Chr09	30254712	30560540	0.176957	0.093880	0.051739	0.134267
Chr09	30455988	30803619	0.432244	0.198147	0.122875	0.313203
Chr09	30560581	30880839	0.132362	0.054908	0.037650	0.085168
Chr09	30803620	30993092	0.060765	0.038214	0.022202	0.041281
Chr09	30880933	31685664	0.086064	0.045862	0.022448	0.066420
Chr09	30993197	32096780	0.256338	0.118170	0.064546	0.192260
Chr09	31685825	32216595	0.309413	0.135572	0.090050	0.254856
Chr09	32096781	32329622	0.045509	0.020408	0.012841	0.033751
Chr09	32216656	32644824	-0.127354	-0.052060	-0.028815	-0.097741
Chr09	32329718	32884793	-0.181343	-0.078652	-0.040578	-0.126922
Chr09	32644902	33053911	-0.317821	-0.166329	-0.085503	-0.240924
Chr09	32884912	33293463	-0.359051	-0.141274	-0.081906	-0.292686
Chr09	33053923	33570154	-0.112135	-0.040578	-0.024594	-0.079470
Chr09	33293467	33711749	0.063908	0.026095	0.016225	0.041460
Chr09	33570193	33894247	-0.415854	-0.182334	-0.106559	-0.325679
Chr09	33711774	34013159	-0.460692	-0.216209	-0.123799	-0.332399
Chr09	33894350	34147045	-0.137656	-0.060073	-0.036224	-0.083450
Chr09	34013204	34297029	-0.047490	-0.014360	-0.010309	-0.032221
Chr09	34147063	34395195	0.158889	0.049645	0.038388	0.107077
Chr09	34297031	34515493	0.088062	0.041345	0.029507	0.057258
Chr09	34395253	34704328	-0.279890	-0.101738	-0.070002	-0.203585
Chr09	34515529	34867498	-0.259205	-0.076005	-0.051359	-0.217676
Chr09	34704342	35053251	-0.149876	-0.046094	-0.030540	-0.134909
Chr09	34867505	35208725	-0.144610	-0.043723	-0.030515	-0.118716
Chr09	35053554	35375003	-0.133008	-0.030449	-0.023647	-0.084380
Chr09	35208736	35503147	-0.079441	-0.025486	-0.017880	-0.052232
Chr09	35375034	35692319	0.045845	0.013110	0.009721	0.036708
Chr09	35503152	35989074	-0.006643	-0.001292	-0.001020	-0.005153
Chr09	35692534	36208877	-0.123057	-0.030763	-0.021011	-0.096323
Chr09	35989090	36405226	-0.034399	-0.010800	-0.006568	-0.024761
Chr09	36210030	36601695	0.138523	0.044464	0.026841	0.117482
Chr09	36405326	36716759	0.139208	0.050647	0.029835	0.105173
Chr09	36601912	36869878	0.226839	0.084478	0.055712	0.153151
Chr09	36716775	37048592	0.373531	0.109785	0.083913	0.276155
Chr09	36869887	37187403	0.349463	0.110833	0.083938	0.255152
Chr09	37048598	37425395	0.323437	0.107591	0.076959	0.237049
Chr09	37187416	37593005	0.480904	0.146228	0.113102	0.387896
Chr09	37425525	37774945	0.521448	0.148954	0.120713	0.441756
Chr09	37593084	37956409	0.494460	0.139219	0.107750	0.404098
Chr09	37775012	38130329	0.611082	0.156666	0.126485	0.476479
Chr09	37956466	38265589	0.527060	0.145079	0.117090	0.411930
Chr09	38130333	38503242	0.231263	0.060407	0.046075	0.198611
Chr09	38265642	38657981	-0.117779	-0.033843	-0.021302	-0.108333
Chr09	38503275	38747737	-0.684382	-0.437878	-0.194679	-0.655538
Chr09	38657985	38946018	-0.677611	-0.442639	-0.212286	-0.617389
Chr09	38747755	39161322	-0.319947	-0.124502	-0.068530	-0.258366
Chr09	38946043	39327153	-0.152369	-0.061931	-0.035806	-0.106415
Chr09	39161377	39487521	-0.036937	-0.016461	-0.009576	-0.019483
Chr09	39327176	39621952	-0.092938	-0.040294	-0.024452	-0.071825
Chr09	39487523	39719757	-0.033940	-0.016343	-0.010966	-0.025310
Chr09	39621998	39948613	-0.212674	-0.110367	-0.059246	-0.153315
Chr09	39719823	40222904	-0.362797	-0.125966	-0.067118	-0.280360
Chr09	39950550	40342163	-0.233930	-0.089278	-0.050027	-0.156050
Chr09	40222941	40523021	-0.276215	-0.117623	-0.076991	-0.196246
Chr09	40342378	40949212	-0.352159	-0.101215	-0.074717	-0.277408
Chr09	40523056	41145531	-0.157710	-0.052554	-0.036354	-0.131611
Chr09	40949350	41286651	-0.025696	-0.014751	-0.006748	-0.015760
Chr09	41145646	41413444	0.085784	0.058645	0.025175	0.070784
Chr09	41286702	41521774	0.102880	0.075181	0.030936	0.088471
Chr09	41413468	41739777	0.015731	0.008194	0.003630	0.021836
Chr09	41521799	41966136	0.045057	0.016552	0.009316	0.040983
Chr09	41739988	42084023	-0.133039	-0.055798	-0.033850	-0.098390
Chr09	41966219	42308794	-0.268548	-0.112340	-0.069208	-0.193231
Chr09	42084251	42454014	-0.176204	-0.063058	-0.041280	-0.107674
Chr09	42308888	42565934	0.014018	0.007443	0.004417	0.008855
Chr09	42454033	42696843	0.129983	0.077640	0.046426	0.088867
Chr09	42566043	42868780	-0.260646	-0.141785	-0.083046	-0.179129
Chr09	42696862	43044332	-0.354860	-0.157523	-0.088503	-0.256235
Chr09	42868795	43117980	-0.207503	-0.098461	-0.055873	-0.136512
Chr09	43044432	43306113	-0.309034	-0.106413	-0.065840	-0.198339
Chr09	43117991	43587535	-0.166753	-0.044164	-0.028485	-0.106407
Chr09	43307348	43770173	-0.046082	-0.016214	-0.010323	-0.025375
Chr09	43587584	43990421	-0.098049	-0.051126	-0.031491	-0.055573
Chr09	43770271	44088672	-0.011525	-0.006759	-0.004516	-0.001244
Chr09	43990425	44242990	0.044839	0.024414	0.015545	0.035070
Chr09	44088679	44396564	-0.061397	-0.027615	-0.016227	-0.040165
Chr09	44243055	44590682	-0.123248	-0.049057	-0.028561	-0.085674
Chr09	44396644	44753050	-0.175981	-0.078910	-0.043875	-0.112679
Chr09	44590852	44881732	-0.084739	-0.042074	-0.021792	-0.044752
Chr09	44753065	45061011	0.110996	0.044635	0.025313	0.079893
Chr09	44881780	45261707	0.208839	0.085657	0.047976	0.166825
Chr09	45061114	45440126	0.172283	0.062628	0.036568	0.139313
Chr09	45261772	45592534	-0.086348	-0.031823	-0.018302	-0.066628
Chr09	45440353	45803267	0.078252	0.029353	0.018496	0.053987
Chr09	45592539	45995084	0.215152	0.069268	0.047570	0.173246
Chr09	45803288	46165103	0.177744	0.065472	0.043608	0.131815
Chr09	45995215	46338158	0.036356	0.014856	0.010237	0.027164
Chr09	46165112	46574972	-0.175411	-0.072372	-0.045530	-0.107713
Chr09	46338170	46719288	-0.152711	-0.061927	-0.039026	-0.094880
Chr09	46574995	46903938	-0.037505	-0.015809	-0.010599	-0.026138
Chr09	46719450	47076397	-0.012248	-0.005279	-0.003529	-0.007475
Chr09	46904010	47191738	-0.098851	-0.052784	-0.030023	-0.054683
Chr09	47076399	47309033	-0.102219	-0.068542	-0.036546	-0.057861
Chr09	47191905	47425883	-0.026906	-0.015182	-0.009581	-0.016568
Chr09	47309063	47538064	0.012510	0.007387	0.004300	0.004778
Chr09	47425895	47664894	0.052785	0.032679	0.019018	0.027842
Chr09	47538100	47753136	-0.086440	-0.051670	-0.034297	-0.054078
Chr09	47664895	47878541	-0.132984	-0.096029	-0.059585	-0.078723
Chr09	47753175	47977008	0.021372	0.017310	0.010463	0.013854
Chr09	47878600	48054228	0.005182	0.004015	0.002498	0.003778
Chr09	47977153	48252284	-0.041112	-0.031330	-0.018764	-0.026825
Chr09	48054303	48482998	-0.027312	-0.016992	-0.010438	-0.014275
Chr09	48252473	48625736	-0.099601	-0.063755	-0.035474	-0.048217
Chr09	48483001	48735280	-0.088111	-0.072284	-0.038326	-0.042346
Chr09	48625923	48914555	-0.272747	-0.243245	-0.124366	-0.175857
Chr09	48735371	49018218	-0.260801	-0.239966	-0.120912	-0.184448
Chr09	48914567	49124959	-0.048130	-0.044290	-0.025549	-0.026230
Chr09	49018288	49199118	0.047211	0.043537	0.027300	0.025186
Chr09	49125338	49311646	0.089838	0.078210	0.046479	0.045745
Chr09	49199168	49724853	-0.024941	-0.016855	-0.009990	-0.014918
Chr09	49311730	49802332	-0.066445	-0.047393	-0.028872	-0.033700
Chr09	49725172	49856509	-0.051743	-0.055097	-0.031302	-0.034230
Chr09	49802380	49933099	0.065646	0.061915	0.038289	0.030172
Chr09	49856566	50018724	0.095338	0.082717	0.052502	0.049082
Chr09	49933157	50119743	-0.074271	-0.070635	-0.040448	-0.037421
Chr09	50018738	50408850	-0.100398	-0.058682	-0.033182	-0.051282
Chr09	50119772	50529122	-0.207131	-0.126374	-0.070054	-0.125665
Chr09	50408851	50722181	-0.178282	-0.125504	-0.074396	-0.106912
Chr09	50529267	50815979	-0.015991	-0.008797	-0.005978	-0.015155
Chr09	50722359	50974282	-0.089078	-0.041957	-0.030978	-0.053722
Chr09	50816399	51219509	0.058781	0.024693	0.017735	0.028655
Chr10	221990	616722	-0.189343	-0.080195	-0.051596	-0.151949
Chr10	420784	884856	-0.115016	-0.053721	-0.032348	-0.079694
Chr10	616726	1056116	0.022934	0.009189	0.005447	0.021556
Chr10	886349	1241384	-0.035490	-0.012966	-0.007466	-0.029600
Chr10	1056117	1403281	-0.000091	-0.000033	-0.000021	-0.001392
Chr10	1241416	1552220	-0.229590	-0.101718	-0.059259	-0.176999
Chr10	1403324	1709688	-0.238502	-0.097818	-0.059028	-0.149510
Chr10	1552234	1874272	0.057367	0.019929	0.013353	0.035199
Chr10	1709699	2137510	0.189612	0.065505	0.042216	0.140996
Chr10	1874452	2262301	0.108980	0.042573	0.026647	0.076292
Chr10	2137683	2449172	-0.302684	-0.144704	-0.071769	-0.220003
Chr10	2262752	2578875	-0.103272	-0.045634	-0.024522	-0.071301
Chr10	2449187	2805391	-0.043955	-0.017769	-0.010828	-0.022644
Chr10	2579115	2998727	-0.254599	-0.112837	-0.062287	-0.177896
Chr10	2805430	3147761	-0.065155	-0.034238	-0.020251	-0.040595
Chr10	2998731	3297189	0.007955	0.003685	0.002267	0.011557
Chr10	3147883	3608686	-0.155967	-0.071790	-0.031839	-0.101244
Chr10	3297258	3802432	-0.251550	-0.135315	-0.053820	-0.170396
Chr10	3609067	3945605	-0.180452	-0.102637	-0.050954	-0.103830
Chr10	3802434	4103192	0.030009	0.015844	0.009230	0.033691
Chr10	3945629	4405448	0.051928	0.022115	0.014580	0.043860
Chr10	4103210	4782318	0.011676	0.004715	0.002854	0.007597
Chr10	4405464	4991185	0.033276	0.017279	0.009524	0.024159
Chr10	4783135	5128756	0.014435	0.007096	0.004244	0.014075
Chr10	4991248	5253418	-0.132039	-0.064232	-0.034999	-0.095317
Chr10	5128806	5355297	-0.183007	-0.116776	-0.053911	-0.146205
Chr10	5253455	5552889	0.044261	0.021879	0.012257	0.036882
Chr10	5355328	5813228	0.100213	0.039064	0.025107	0.078774
Chr10	5552949	5989450	-0.137880	-0.056887	-0.035552	-0.094443
Chr10	5814301	6147244	-0.183256	-0.095085	-0.051133	-0.140923
Chr10	5989461	6449427	-0.104648	-0.054718	-0.027419	-0.084494
Chr10	6147385	6613505	0.078627	0.041699	0.022533	0.060613
Chr10	6449433	6744187	0.175265	0.099650	0.054108	0.134707
Chr10	6613567	6962834	-0.011012	-0.004916	-0.002728	-0.011008
Chr10	6744298	7276099	-0.151880	-0.075236	-0.032763	-0.112925
Chr10	6963188	7505891	-0.271924	-0.154832	-0.060479	-0.189183
Chr10	7277160	7750516	-0.226615	-0.098359	-0.051175	-0.152135
Chr10	7505962	7926420	0.033034	0.012420	0.007304	0.028540
Chr10	7750618	8359525	0.017400	0.006157	0.003263	0.015637
Chr10	7926472	8571194	-0.065456	-0.025521	-0.012956	-0.039313
Chr10	8359663	8683973	0.009074	0.004311	0.002252	0.006587
Chr10	8571201	9024364	-0.057755	-0.023449	-0.012943	-0.035012
Chr10	8684110	9164250	-0.059274	-0.025076	-0.014585	-0.033367
Chr10	9024373	9269326	0.127592	0.071914	0.041909	0.099032
Chr10	9164304	9405245	0.220348	0.132759	0.073899	0.170934
Chr10	9270055	9600479	-0.006172	-0.002896	-0.001609	-0.005697
Chr10	9405344	9722241	-0.191069	-0.099106	-0.047429	-0.154739
Chr10	9600591	9964176	-0.119076	-0.062630	-0.028044	-0.095991
Chr10	9722288	10147455	0.038689	0.016704	0.008921	0.035789
Chr10	9964336	10329190	-0.024249	-0.010644	-0.006015	-0.014252
Chr10	10147596	10448993	-0.126057	-0.054686	-0.031732	-0.077254
Chr10	10329227	10570937	-0.001785	-0.000779	-0.000493	0.000611
Chr10	10449017	10702985	0.059160	0.029453	0.019307	0.030170
Chr10	10570955	10903391	0.023234	0.012677	0.007104	0.009539
Chr10	10703007	11076562	-0.044600	-0.019010	-0.010448	-0.023365
Chr10	10903422	11248191	0.031057	0.013554	0.008025	0.025939
Chr10	11076575	11413212	-0.120727	-0.052527	-0.030235	-0.101632
Chr10	11248275	11620169	-0.206759	-0.074863	-0.043876	-0.162892
Chr10	11413264	11825886	-0.095911	-0.038843	-0.021696	-0.064649
Chr10	11620798	12001394	-0.105516	-0.050643	-0.026839	-0.064271
Chr10	11825898	12151800	-0.091850	-0.036667	-0.022137	-0.056115
Chr10	12001423	12360819	0.119411	0.046134	0.026733	0.094142
Chr10	12152360	12693037	0.358092	0.127182	0.071053	0.308514
Chr10	12360904	12829551	0.205365	0.068233	0.042183	0.161630
Chr10	12693149	13023604	-0.377066	-0.171298	-0.095544	-0.296278
Chr10	12829644	13232391	-0.300861	-0.156378	-0.079153	-0.233994
Chr10	13023660	13421188	0.086684	0.027173	0.018254	0.056963
Chr10	13232803	13535080	0.093927	0.029858	0.020840	0.056604
Chr10	13421263	13730731	-0.186405	-0.098253	-0.054569	-0.126067
Chr10	13535107	13873233	-0.293589	-0.158335	-0.086781	-0.246061
Chr10	13730834	14100894	-0.213406	-0.103248	-0.055114	-0.172684
Chr10	13873297	14327833	-0.128475	-0.048908	-0.023724	-0.106164
Chr10	14100992	14453100	-0.074530	-0.034116	-0.015580	-0.059024
Chr10	14327948	14640948	-0.086815	-0.043524	-0.020882	-0.063111
Chr10	14453150	14903433	-0.146016	-0.060015	-0.028436	-0.105483
Chr10	14640976	15139745	-0.203504	-0.082273	-0.039920	-0.156628
Chr10	14903478	15350523	-0.242565	-0.099348	-0.052933	-0.191116
Chr10	15139801	15466302	-0.231592	-0.111700	-0.059506	-0.169825
Chr10	15351036	15640162	-0.327039	-0.169996	-0.089013	-0.249559
Chr10	15466304	16090520	-0.241815	-0.124876	-0.067492	-0.161984
Chr10	15640196	16554923	0.120854	0.062937	0.037067	0.076605
Chr10	16090817	16707880	-0.007207	-0.003494	-0.001806	-0.007070
Chr10	16555077	16849545	-0.275629	-0.118157	-0.063317	-0.183931
Chr10	16707943	17033348	-0.111627	-0.044471	-0.027757	-0.083354
Chr10	16849587	17247421	0.037784	0.016385	0.010160	0.028612
Chr10	17033775	17402614	-0.048249	-0.027348	-0.015683	-0.032124
Chr10	17247514	17562988	0.042571	0.024722	0.013088	0.031786
Chr10	17402620	17765054	0.047212	0.017984	0.010605	0.040532
Chr10	17562998	17908505	-0.131814	-0.048090	-0.029190	-0.098398
Chr10	17765059	18099908	-0.353570	-0.167777	-0.086241	-0.296001
Chr10	17908560	18297897	-0.394627	-0.179963	-0.094629	-0.344103
Chr10	18099921	18398184	-0.543204	-0.328583	-0.165293	-0.460418
Chr10	18298015	18564328	-0.640172	-0.419385	-0.198149	-0.570319
Chr10	18398232	18746716	-0.389342	-0.200235	-0.100051	-0.332693
Chr10	18564366	18925598	-0.087946	-0.039909	-0.020948	-0.068824
Chr10	18747382	19154242	-0.002770	-0.001129	-0.000666	0.000832
Chr10	18925638	19266607	0.169364	0.080670	0.051486	0.132693
Chr10	19154581	19474477	0.028143	0.012944	0.007877	0.021676
Chr10	19266771	19714915	-0.205133	-0.051088	-0.033173	-0.173713
Chr10	19474506	19848377	-0.271774	-0.061741	-0.040188	-0.223345
Chr10	19715031	19942019	-0.052778	-0.017329	-0.010923	-0.045466
Chr10	19848394	20061199	0.117714	0.051993	0.035291	0.081897
Chr10	19942027	20203894	-0.061227	-0.027381	-0.016897	-0.043960
Chr10	20061294	20446049	0.281722	0.107867	0.069325	0.228797
Chr10	20203900	20579038	0.084862	0.036509	0.023591	0.071773
Chr10	20446242	20639496	-0.436929	-0.257662	-0.149898	-0.310326
Chr10	20579061	20737485	-0.203965	-0.143842	-0.080422	-0.135260
Chr10	20639518	20878241	0.096721	0.048458	0.026583	0.059193
Chr10	20737554	21009893	0.398363	0.141118	0.084313	0.280502
Chr10	20878303	21191105	0.298104	0.079965	0.054718	0.252015
Chr10	21009968	21340734	-0.028094	-0.008355	-0.005701	-0.022318
Chr10	21191290	21434565	-0.217976	-0.121253	-0.070885	-0.165823
Chr10	21340785	21525101	-0.234254	-0.137690	-0.087017	-0.167366
Chr10	21434595	21639424	0.078050	0.042621	0.030123	0.057445
Chr10	21525112	21732201	0.363506	0.259365	0.142261	0.259784
Chr10	21639427	21814133	0.267160	0.170521	0.092253	0.177846
Chr10	21732216	21954242	0.128163	0.056684	0.034774	0.092768
Chr10	21814142	22164545	0.086515	0.030808	0.018549	0.076420
Chr10	21954337	22365280	0.059682	0.019580	0.011556	0.056473
Chr10	22164700	22514682	0.003322	0.001135	0.000670	0.007479
Chr10	22365450	23019463	-0.071906	-0.018804	-0.011631	-0.039187
Chr10	22514745	23120370	-0.104358	-0.026047	-0.016640	-0.053727
Chr10	23019670	23244940	0.249408	0.075870	0.053900	0.176941
Chr10	23120467	23425560	-0.004605	-0.001594	-0.000981	0.006636
Chr10	23245342	23608956	-0.052489	-0.019224	-0.011109	-0.042592
Chr10	23425629	23798855	0.192692	0.067569	0.039893	0.174721
Chr10	23608997	24086057	0.261179	0.087998	0.050575	0.235509
Chr10	23798997	24241276	0.100432	0.030440	0.018079	0.086241
Chr10	24086221	24384587	-0.083868	-0.028427	-0.017215	-0.066400
Chr10	24241278	24563976	0.056147	0.020348	0.012432	0.045476
Chr10	24384600	24734874	0.004001	0.001466	0.000876	0.010056
Chr10	24564037	24843727	0.019553	0.009131	0.005488	0.019743
Chr10	24734890	25003813	0.187935	0.121217	0.073151	0.120650
Chr10	24843740	25200929	-0.014672	-0.006438	-0.003818	-0.013803
Chr10	25003880	25352387	-0.147078	-0.056426	-0.031367	-0.112662
Chr10	25200969	25575480	0.166144	0.059523	0.033976	0.153059
Chr10	25353308	25964167	0.131209	0.042080	0.026151	0.120694
Chr10	25575501	26081489	-0.447934	-0.164970	-0.101910	-0.364581
Chr10	25964300	26263444	-0.654545	-0.322209	-0.168834	-0.569668
Chr10	26081527	26354254	-0.337744	-0.177393	-0.085952	-0.233738
Chr10	26263466	26738189	0.219161	0.070496	0.051253	0.140228
Chr10	26354282	26889365	0.070291	0.027460	0.019570	0.063481
Chr10	26739624	27029992	-0.133999	-0.076922	-0.040766	-0.095827
Chr10	26889373	27220498	-0.208201	-0.098295	-0.051805	-0.158568
Chr10	27030061	27359498	0.076975	0.033792	0.019426	0.076118
Chr10	27220902	27454983	0.276177	0.122418	0.074786	0.252916
Chr10	27359558	27561928	-0.136852	-0.055681	-0.035232	-0.114085
Chr10	27455111	27651084	-0.478219	-0.240320	-0.147152	-0.390974
Chr10	27561937	27750199	-0.434497	-0.301495	-0.157203	-0.342926
Chr10	27651156	27945803	0.089408	0.041633	0.024469	0.061413
Chr10	27750223	28066101	0.091208	0.039873	0.025045	0.060580
Chr10	27945873	28234861	-0.330325	-0.172370	-0.090350	-0.268976
Chr10	28066143	28349270	-0.237072	-0.112618	-0.065297	-0.205254
Chr10	28234867	28438893	-0.358013	-0.184748	-0.107532	-0.310164
Chr10	28349292	28544191	-0.588365	-0.381242	-0.182262	-0.526451
Chr10	28439058	28699321	-0.514471	-0.335832	-0.155947	-0.466456
Chr10	28544206	28908460	-0.261914	-0.119475	-0.064114	-0.221571
Chr10	28699324	28985459	-0.143226	-0.069846	-0.039147	-0.113655
Chr10	28908593	29098581	-0.215429	-0.145498	-0.069438	-0.146080
Chr10	28985498	29248226	0.008357	0.004358	0.002206	0.008259
Chr10	29098599	29353542	0.220405	0.079860	0.049173	0.170383
Chr10	29248261	29507903	0.209433	0.066962	0.040021	0.167308
Chr10	29353569	29598046	-0.099639	-0.050009	-0.024656	-0.082183
Chr10	29508913	29706198	-0.365713	-0.349587	-0.111971	-0.190095
Chr10	29598188	29792381	-0.310359	-0.297947	-0.093850	-0.128376
Chr10	29706427	29918921	-0.559339	-0.440059	-0.201265	-0.446886
Chr10	29792387	29990868	-0.507940	-0.393499	-0.187740	-0.429472
Chr10	29918982	30081798	-0.010060	-0.005568	-0.003335	-0.011330
Chr10	29990878	30251527	-0.169382	-0.073020	-0.043175	-0.140806
Chr10	30081906	30349247	-0.521880	-0.294399	-0.130722	-0.365215
Chr10	30251545	30523733	-0.487666	-0.229899	-0.105691	-0.323002
Chr10	30349721	30670355	-0.420884	-0.160255	-0.085460	-0.290071
Chr10	30523768	30814258	-0.210864	-0.092087	-0.053029	-0.153892
Chr10	30670502	31007429	-0.088999	-0.040191	-0.025310	-0.078100
Chr10	30814304	31218969	-0.151593	-0.044720	-0.031044	-0.128414
Chr10	31007473	31423744	-0.348615	-0.072097	-0.051479	-0.267686
Chr10	31219306	31621551	-0.793925	-0.276705	-0.140679	-0.717502
Chr10	31423774	31856556	-0.869781	-0.293863	-0.156636	-0.833721
Chr10	31621575	31942265	-0.883704	-0.367130	-0.203541	-0.845242
Chr10	31856689	33462785	-0.726613	-0.389732	-0.180856	-0.691301
Chr10	31942349	33654718	-0.579538	-0.235166	-0.112556	-0.544482
Chr10	33462786	34628324	-0.776372	-0.396004	-0.183139	-0.729220
Chr10	33654768	34947251	-0.749895	-0.354586	-0.157598	-0.666538
Chr10	34628438	35227240	-0.359617	-0.149027	-0.062846	-0.284936
Chr10	34947296	35371597	-0.162046	-0.081287	-0.035305	-0.129977
Chr10	35228149	35553419	-0.554634	-0.303385	-0.134775	-0.495169
Chr10	35371713	35782659	-0.640085	-0.274217	-0.136021	-0.541129
Chr10	35553544	35950426	-0.417833	-0.167544	-0.085940	-0.314732
Chr10	35782687	36157267	-0.413273	-0.232762	-0.102642	-0.301600
Chr10	35950819	36243149	-0.290779	-0.182945	-0.083341	-0.223332
Chr10	36157729	36409172	-0.367533	-0.260417	-0.124538	-0.315054
Chr10	36243169	36634211	-0.115268	-0.058368	-0.030211	-0.093644
Chr10	36409246	36858030	0.091133	0.033317	0.019336	0.072912
Chr10	36634260	37091265	-0.328466	-0.123631	-0.072604	-0.257708
Chr10	36858041	37229525	-0.256866	-0.111058	-0.061343	-0.202885
Chr10	37091300	37379208	0.008100	0.003470	0.001939	0.001188
Chr10	37229531	37529605	-0.045059	-0.018022	-0.010224	-0.031562
Chr10	37379559	37663587	-0.185190	-0.107669	-0.043029	-0.112748
Chr10	37529649	37798778	-0.198068	-0.113512	-0.048482	-0.118525
Chr10	37663606	37933753	-0.045687	-0.020797	-0.012725	-0.029014
Chr10	37798902	38004754	-0.059963	-0.032287	-0.019804	-0.035223
Chr10	37934094	38169795	-0.052120	-0.023794	-0.016978	-0.035369
Chr10	38005941	38281871	-0.025511	-0.010568	-0.007428	-0.023089
Chr10	38169915	38355480	-0.027393	-0.014335	-0.009449	-0.019868
Chr10	38281941	38442247	-0.275387	-0.181852	-0.103418	-0.161141
Chr10	38355523	38577853	-0.251618	-0.157202	-0.089393	-0.148205
Chr10	38442277	38737115	-0.255189	-0.136584	-0.080339	-0.180837
Chr10	38578001	38906479	-0.461543	-0.177027	-0.108365	-0.368878
Chr10	38737322	39006496	-0.190224	-0.068827	-0.044962	-0.150758
Chr10	38906535	39118909	-0.131520	-0.056765	-0.038879	-0.099906
Chr10	39006513	39306083	-0.419223	-0.200603	-0.122565	-0.332703
Chr10	39119346	39507364	-0.299927	-0.144837	-0.082499	-0.211029
Chr10	39306286	39830140	-0.108492	-0.048003	-0.029858	-0.060212
Chr10	39507371	40081088	-0.244782	-0.129170	-0.071287	-0.148436
Chr10	39830156	40346642	-0.117303	-0.063962	-0.033212	-0.062428
Chr10	40081584	40474247	-0.012132	-0.006736	-0.003789	-0.001962
Chr10	40346653	40691800	-0.147337	-0.084270	-0.048451	-0.094144
Chr10	40474278	40849547	-0.259050	-0.125109	-0.080689	-0.193166
Chr10	40691887	41013310	-0.129073	-0.056052	-0.028369	-0.069609
Chr10	40849556	41198384	0.325889	0.130383	0.067334	0.198914
Chr10	41013325	41331296	0.313835	0.126812	0.079576	0.253498
Chr10	41198387	41455014	-0.024633	-0.011409	-0.006720	-0.015398
Chr10	41331312	41576547	-0.280038	-0.142208	-0.076004	-0.185333
Chr10	41455132	41684093	-0.233768	-0.127791	-0.067034	-0.168160
Chr10	41576636	41834339	-0.148417	-0.073735	-0.048015	-0.110918
Chr10	41684112	42044801	-0.293200	-0.106657	-0.058778	-0.239685
Chr10	41834350	42205625	-0.278212	-0.124149	-0.054833	-0.238869
Chr10	42044854	42342208	-0.109503	-0.068199	-0.027805	-0.080821
Chr10	42205838	42438709	-0.069471	-0.038711	-0.020438	-0.050897
Chr10	42342270	42548521	-0.185621	-0.100403	-0.057632	-0.126240
Chr10	42438714	42643247	-0.100466	-0.054737	-0.031371	-0.058460
Chr10	42548575	42817709	0.184842	0.073155	0.047440	0.113212
Chr10	42643406	43002294	0.217920	0.091198	0.063331	0.144361
Chr10	42817735	43123610	0.142342	0.060374	0.046556	0.108587
Chr10	43002325	43263486	0.033838	0.010776	0.008469	0.018758
Chr10	43123612	43395339	-0.277952	-0.113662	-0.073614	-0.171127
Chr10	43263556	43559112	-0.323744	-0.165163	-0.093803	-0.230165
Chr10	43395602	43706119	-0.248321	-0.111053	-0.059218	-0.164469
Chr10	43559170	43904097	-0.232976	-0.098018	-0.049630	-0.148514
Chr10	43706166	44083174	-0.114849	-0.050470	-0.028258	-0.072976
Chr10	43905404	44296961	-0.189876	-0.083324	-0.048811	-0.139415
Chr10	44083192	44414554	-0.239570	-0.108868	-0.058212	-0.161736
Chr10	44297011	44611296	-0.101069	-0.041721	-0.024893	-0.066641
Chr10	44415180	44995471	0.137062	0.047831	0.032168	0.104511
Chr10	44611383	45122709	0.171085	0.063774	0.039511	0.107780
Chr10	44995495	45263118	-0.142529	-0.067513	-0.034515	-0.069263
Chr10	45123465	45403060	-0.257654	-0.100965	-0.051573	-0.157094
Chr10	45263154	45554376	-0.001295	-0.000600	-0.000314	0.002444
Chr10	45403103	45694795	0.170998	0.095578	0.054890	0.109152
Chr10	45554414	46055647	0.283060	0.118086	0.080875	0.167884
Chr10	45694807	46354808	0.267703	0.110940	0.076928	0.152671
Chr10	46055688	46476616	-0.009922	-0.004840	-0.003214	-0.009572
Chr10	46354842	46611527	0.166575	0.098394	0.066379	0.098154
Chr10	46476633	46739968	0.215121	0.120096	0.081095	0.140419
Chr10	46611554	46846429	-0.024151	-0.013685	-0.008255	-0.013881
Chr10	46740007	46952656	-0.159896	-0.096691	-0.057227	-0.082761
Chr10	46846523	47102563	-0.247245	-0.161020	-0.095097	-0.123195
Chr10	46952681	47213030	-0.016344	-0.008870	-0.005722	-0.007584
Chr10	47102569	47669578	0.141602	0.069655	0.045981	0.091555
Chr10	47213059	47942140	-0.063920	-0.031097	-0.019592	-0.037655
Chr10	47669896	48043684	-0.120560	-0.062720	-0.041661	-0.065261
Chr10	47942585	48111246	-0.194046	-0.160728	-0.093447	-0.106397
Chr10	48043697	48315463	-0.158353	-0.121514	-0.067356	-0.092687
Chr10	48111258	48598102	-0.019589	-0.010565	-0.006752	-0.010323
Chr10	48315922	49017932	0.055062	0.026632	0.017355	0.043175
Chr10	48598152	49096164	0.059729	0.030002	0.019861	0.041801
Chr10	49017950	49183600	-0.130098	-0.098859	-0.058510	-0.072332
Chr10	49096227	49317896	-0.172870	-0.206780	-0.074314	-0.083747
Chr10	49183646	49472951	-0.026716	-0.015081	-0.007399	-0.011621
Chr10	49317899	49569336	0.283222	0.146643	0.088580	0.149183
Chr10	49472987	49706067	0.256633	0.119426	0.070646	0.157515
Chr10	49569382	49805808	-0.014761	-0.006691	-0.003890	-0.014724
Chr10	49706101	49878189	-0.137861	-0.106859	-0.058414	-0.087938
Chr10	49805832	49963930	-0.087772	-0.068834	-0.038072	-0.053064
Chr10	49878237	50150895	0.115673	0.075908	0.042899	0.064164
Chr10	49963933	50253548	-0.059979	-0.035508	-0.019136	-0.038942
Chr10	50151150	50345953	-0.240887	-0.140492	-0.072440	-0.120302
Chr10	50253636	50439984	-0.057149	-0.039845	-0.022314	-0.023216
Chr10	50345982	50560647	0.053588	0.043952	0.024946	0.029142
Chr10	50440023	50740581	-0.014748	-0.010412	-0.006153	-0.010417
Chr10	50560659	50839924	-0.127074	-0.074668	-0.047163	-0.076252
Chr10	50740590	50919254	0.229558	0.126813	0.089532	0.152019
Chr10	50839960	51027393	0.252525	0.154999	0.107455	0.162983
Chr10	50919291	51107048	0.023502	0.016289	0.010179	0.017005
Chr10	51027436	51194317	0.057185	0.039037	0.022992	0.042305
Chr10	51107088	51345981	-0.068055	-0.041378	-0.022981	-0.043396
Chr10	51194318	51571734	-0.207787	-0.107050	-0.060946	-0.135511
Chr10	51346015	51708805	-0.269791	-0.130837	-0.075992	-0.169676
Chr10	51571872	51956638	-0.153396	-0.088200	-0.052033	-0.089713
Chr10	51708809	52086655	-0.044123	-0.027946	-0.016163	-0.021447
Chr10	51956654	52360335	0.009041	0.004918	0.002990	0.005270
Chr10	52086656	52707455	0.075265	0.038144	0.024649	0.042826
Chr10	52360383	53044726	0.069398	0.036583	0.023380	0.040361
Chr10	52707516	53149031	0.028327	0.017688	0.010990	0.019007
Chr10	53044736	53311378	0.072533	0.051444	0.032022	0.042226
Chr10	53149060	53532545	0.057690	0.044617	0.025514	0.030028
Chr10	53312274	53665153	-0.007605	-0.006168	-0.003502	-0.005178
Chr10	53532594	53798624	0.113662	0.085512	0.046872	0.061010
Chr10	53665168	53906883	0.197654	0.130888	0.073178	0.102259
Chr10	53798682	54013307	0.128619	0.061817	0.041175	0.059575
Chr10	53907931	54197986	0.039718	0.020557	0.013480	0.017032
Chr10	54013491	54299312	-0.016649	-0.012651	-0.007491	-0.012124
Chr10	54197988	54380211	-0.089721	-0.065368	-0.039476	-0.044119
Chr10	54299455	54514748	-0.038091	-0.023631	-0.015619	-0.018834
Chr10	54380240	54626292	0.008352	0.005382	0.003409	0.001257
Chr10	54514771	55152678	0.109571	0.059694	0.040359	0.056745
Chr10	54626325	55534020	0.167071	0.077337	0.056808	0.095315
Chr10	55152687	55678174	0.190594	0.101264	0.074799	0.100692
Chr10	55534042	55762732	0.280662	0.198677	0.145009	0.144983
Chr10	55682340	56117967	0.129415	0.083144	0.054600	0.060009
Chr10	55762796	56626432	0.096103	0.056563	0.038608	0.046533
Chr10	56118089	56741653	0.074944	0.060259	0.041319	0.046153
Chr10	56626442	56841564	-0.134664	-0.138014	-0.076373	-0.073857
Chr10	56741756	57003949	-0.116693	-0.082425	-0.049969	-0.065739
Chr10	56841679	57249143	-0.017250	-0.009175	-0.005968	-0.004104
Chr10	57004264	57569799	-0.024080	-0.010924	-0.006583	-0.021450
Chr10	57249226	57773022	0.077206	0.036160	0.021050	0.035837
Chr10	57569845	57838424	0.114198	0.083191	0.047662	0.068868
Chr10	57773201	57958398	0.110404	0.095067	0.056558	0.058677
Chr10	57838616	58105043	0.113752	0.084404	0.052781	0.062494
Chr10	57958462	58196319	-0.024816	-0.021095	-0.011864	-0.011223
Chr10	58105129	58290971	-0.133123	-0.114992	-0.061490	-0.073127
Chr10	58196569	58365448	-0.304608	-0.205851	-0.119267	-0.216049
Chr10	58290991	58444152	-0.365874	-0.266587	-0.138513	-0.239825
Chr11	162381	477965	-0.137426	-0.067209	-0.046867	-0.092550
Chr11	297046	632846	-0.045575	-0.020490	-0.014135	-0.030601
Chr11	478057	785307	-0.055287	-0.020217	-0.014151	-0.034612
Chr11	633039	908376	-0.032051	-0.011539	-0.008362	-0.020627
Chr11	785332	1104865	-0.139262	-0.043857	-0.029566	-0.089756
Chr11	908510	1317705	-0.064937	-0.018501	-0.012151	-0.045913
Chr11	1104866	1494327	0.029987	0.010429	0.007013	0.018325
Chr11	1317712	1673817	-0.138433	-0.066600	-0.043609	-0.086625
Chr11	1494335	1966530	-0.229917	-0.110595	-0.069333	-0.153649
Chr11	1674066	2145277	-0.208557	-0.073779	-0.050496	-0.139469
Chr11	1966602	2294948	-0.433112	-0.155749	-0.108502	-0.294807
Chr11	2145510	2397412	-0.172195	-0.067204	-0.049229	-0.133343
Chr11	2294963	2543501	0.103947	0.048766	0.034305	0.070731
Chr11	2397417	2670262	-0.022359	-0.010761	-0.006892	-0.016437
Chr11	2543544	2821708	0.045076	0.019363	0.013806	0.027892
Chr11	2670369	2899322	0.179581	0.096007	0.070741	0.124297
Chr11	2821902	3031601	0.258235	0.120621	0.090834	0.180627
Chr11	2899323	3159799	0.105953	0.050449	0.037363	0.062251
Chr11	3031642	3379479	-0.048867	-0.025065	-0.016340	-0.025370
Chr11	3160876	3724057	-0.017725	-0.006905	-0.004388	-0.001991
Chr11	3379484	3815935	0.006105	0.003038	0.001904	0.011463
Chr11	3724075	3930048	-0.045588	-0.029522	-0.019724	-0.024574
Chr11	3816155	4039874	-0.007674	-0.004992	-0.003426	-0.006419
Chr11	3930104	4141259	-0.027551	-0.016945	-0.010772	-0.016954
Chr11	4039892	4221232	-0.138218	-0.085715	-0.050014	-0.080017
Chr11	4141391	4341359	-0.048712	-0.028888	-0.018553	-0.022678
Chr11	4221274	4474651	-0.041088	-0.021490	-0.014018	-0.020786
Chr11	4341416	4634375	-0.053402	-0.025742	-0.016271	-0.034319
Chr11	4474654	4789738	-0.031376	-0.014330	-0.009308	-0.023489
Chr11	4634386	4903343	-0.131968	-0.073800	-0.037163	-0.100667
Chr11	4789742	5089939	-0.112979	-0.059132	-0.027459	-0.079053
Chr11	4903351	5276105	-0.068176	-0.030389	-0.017160	-0.044055
Chr11	5090506	5391950	-0.125493	-0.068309	-0.040591	-0.075752
Chr11	5276158	5760652	-0.183766	-0.085848	-0.053107	-0.102118
Chr11	5392013	5902379	-0.182431	-0.065512	-0.040894	-0.106030
Chr11	5760661	6054321	-0.128325	-0.039925	-0.026777	-0.068986
Chr11	5902417	6314564	-0.077070	-0.024534	-0.016429	-0.048640
Chr11	6054386	6528547	-0.059236	-0.020488	-0.012204	-0.043702
Chr11	6314608	6724358	-0.181752	-0.062532	-0.036360	-0.125844
Chr11	6529312	6920237	0.208713	0.063357	0.044608	0.138043
Chr11	6724423	7261307	0.427868	0.121959	0.086889	0.316244
Chr11	6920269	7432911	0.155933	0.041628	0.029504	0.116507
Chr11	7261310	7570452	0.054582	0.014401	0.011061	0.030151
Chr11	7433048	7820295	-0.079928	-0.025580	-0.018106	-0.045628
Chr11	7570516	8253012	-0.007296	-0.001395	-0.001044	0.012397
Chr11	7820465	8406040	0.102086	0.020460	0.015167	0.087649
Chr11	8253019	8691226	-0.046701	-0.016918	-0.010424	-0.034118
Chr11	8406074	8884661	-0.175969	-0.063881	-0.038912	-0.132492
Chr11	8691235	9148360	-0.326503	-0.100755	-0.063023	-0.263459
Chr11	8884767	9302325	-0.248120	-0.079733	-0.051034	-0.192981
Chr11	9148805	9417431	0.023001	0.009337	0.006350	0.018787
Chr11	9302423	9592394	-0.156699	-0.058292	-0.039349	-0.119853
Chr11	9417572	9656188	-0.181973	-0.078323	-0.051760	-0.139140
Chr11	9592578	9859074	0.044084	0.024608	0.016581	0.026065
Chr11	9656193	9987812	-0.093316	-0.037769	-0.026041	-0.072672
Chr11	9859085	10181726	-0.303388	-0.108268	-0.068455	-0.241406
Chr11	9987901	10637771	-0.308999	-0.122777	-0.072498	-0.238643
Chr11	10181746	10734820	-0.313477	-0.175949	-0.095051	-0.230686
Chr11	10637798	10880560	-0.232736	-0.126056	-0.072767	-0.172173
Chr11	10734827	11074771	-0.079184	-0.033066	-0.020031	-0.060562
Chr11	10880578	11223914	-0.116857	-0.048461	-0.026896	-0.093360
Chr11	11074805	11403243	-0.058788	-0.026181	-0.015301	-0.045825
Chr11	11223968	11508787	-0.061770	-0.032903	-0.020857	-0.041600
Chr11	11403247	11620530	-0.122951	-0.083636	-0.044143	-0.069411
Chr11	11508867	11794149	-0.134817	-0.102719	-0.048174	-0.072085
Chr11	11620751	12008415	-0.155045	-0.105945	-0.050063	-0.080059
Chr11	11794155	12105340	-0.080680	-0.047700	-0.025785	-0.050691
Chr11	12008494	12388680	-0.081306	-0.035126	-0.022103	-0.046111
Chr11	12105350	12480276	0.005895	0.002639	0.001771	0.001860
Chr11	12388722	12650253	0.010397	0.005212	0.003422	0.005581
Chr11	12480357	12743392	-0.043007	-0.022859	-0.013569	-0.024974
Chr11	12650447	12835903	0.065801	0.037424	0.024198	0.036740
Chr11	12744322	13026437	0.176571	0.082447	0.053630	0.109937
Chr11	12835987	13326022	0.046072	0.018884	0.012161	0.028452
Chr11	13026457	13438690	-0.159546	-0.070063	-0.046924	-0.102013
Chr11	13326064	13577431	-0.022379	-0.010968	-0.007141	-0.011182
Chr11	13438727	13693001	0.079758	0.041331	0.024775	0.050995
Chr11	13577595	13838930	0.129264	0.070484	0.043633	0.077486
Chr11	13693005	13974763	0.091959	0.045571	0.031216	0.047291
Chr11	13838982	14329212	0.013812	0.006106	0.004243	0.003903
Chr11	13974814	14445755	0.084129	0.038193	0.023951	0.045476
Chr11	14329216	14596150	0.117689	0.049286	0.027581	0.060843
Chr11	14445759	14753564	0.055602	0.022514	0.013067	0.036339
Chr11	14596159	14871619	-0.007832	-0.004055	-0.002454	-0.005443
Chr11	14753594	15003661	-0.062419	-0.043102	-0.020450	-0.032271
Chr11	14871625	15154535	0.160522	0.092064	0.048939	0.094486
Chr11	15003669	15396363	0.233125	0.086768	0.061646	0.183344
Chr11	15154634	15585053	0.017500	0.005888	0.003762	0.017200
Chr11	15396375	15861073	-0.055194	-0.023318	-0.013095	-0.031818
Chr11	15585054	15980512	0.044746	0.022035	0.014670	0.028538
Chr11	15861718	16090860	0.124929	0.068896	0.049217	0.085571
Chr11	15980555	16227170	0.046069	0.027716	0.018231	0.033625
Chr11	16090914	16393157	-0.074017	-0.045044	-0.026748	-0.038323
Chr11	16227446	16529446	0.092633	0.044748	0.029341	0.066036
Chr11	16393159	16609765	0.154571	0.078566	0.052091	0.109168
Chr11	16529451	17012924	0.128044	0.057573	0.038474	0.079041
Chr11	16609787	17231697	0.201724	0.080798	0.054572	0.127050
Chr11	17013007	17359535	0.335274	0.183704	0.118278	0.234408
Chr11	17231872	17547060	0.189967	0.076803	0.051457	0.147581
Chr11	17359671	17813822	-0.027790	-0.010925	-0.007111	-0.013398
Chr11	17547118	17904928	-0.145820	-0.089620	-0.050788	-0.085701
Chr11	17813917	18024789	-0.400918	-0.192084	-0.114254	-0.277239
Chr11	17904935	18203393	-0.127446	-0.047793	-0.032665	-0.108722
Chr11	18024846	18400024	0.204492	0.081964	0.053488	0.158798
Chr11	18203412	18587125	0.010497	0.003861	0.002058	0.013147
Chr11	18400984	18761961	0.016368	0.006328	0.003212	0.016312
Chr11	18587171	19095587	-0.027881	-0.015591	-0.007773	-0.011940
Chr11	18761968	19338644	-0.075677	-0.034201	-0.017734	-0.044964
Chr11	19095597	19479305	-0.387567	-0.222740	-0.092297	-0.303897
Chr11	19338649	19635533	-0.714149	-0.586644	-0.198964	-0.579084
Chr11	19479392	19780123	-0.350892	-0.201850	-0.092642	-0.261762
Chr11	19635548	20024552	0.102630	0.049855	0.026902	0.075641
Chr11	19780160	20129226	0.075504	0.044811	0.015411	0.053205
Chr11	20024652	20450607	-0.266909	-0.163414	-0.041746	-0.149840
Chr11	20129250	20582928	-0.384733	-0.184493	-0.072752	-0.221609
Chr11	20450639	20693380	-0.176748	-0.084627	-0.050717	-0.109775
Chr11	20583002	20789055	0.023910	0.010897	0.006870	0.011526
Chr11	20693476	20955551	0.123839	0.053830	0.037060	0.087527
Chr11	20789088	21020564	0.042641	0.024079	0.015655	0.037802
Chr11	20955553	21331376	0.009972	0.006749	0.003984	0.007482
Chr11	21020610	21627331	0.000868	0.000486	0.000289	0.007857
Chr11	21331382	22010462	-0.096203	-0.039463	-0.022138	-0.051498
Chr11	21627361	22226534	-0.312168	-0.112339	-0.062012	-0.236689
Chr11	22010488	22396195	-0.266494	-0.084513	-0.051802	-0.210848
Chr11	22226588	22607215	-0.142830	-0.042382	-0.027564	-0.112589
Chr11	22396205	22837969	-0.258822	-0.094398	-0.047206	-0.225982
Chr11	22607218	23490004	-0.150755	-0.041599	-0.022303	-0.117994
Chr11	22837975	23724890	0.219029	0.043812	0.032889	0.196467
Chr11	23490152	23863682	0.303814	0.082087	0.066722	0.242656
Chr11	23725281	24069566	-0.049365	-0.019195	-0.012455	-0.035269
Chr11	23863685	24306380	-0.070775	-0.021192	-0.014456	-0.057213
Chr11	24069611	24503587	-0.063792	-0.017721	-0.012693	-0.049425
Chr11	24306382	24682347	-0.085211	-0.024803	-0.016484	-0.063903
Chr11	24503693	24978918	0.054869	0.012120	0.008213	0.044827
Chr11	24682525	25126358	-0.008181	-0.001816	-0.001159	-0.007301
Chr11	24979007	25276110	-0.152344	-0.052880	-0.030560	-0.109708
Chr11	25126441	25386375	0.172604	0.072466	0.047936	0.127178
Chr11	25276259	25501110	0.316541	0.157701	0.109832	0.244350
Chr11	25387120	25616837	0.243656	0.128062	0.093924	0.195673
Chr11	25501163	25698562	0.061458	0.032302	0.022456	0.054268
Chr11	25616908	25843997	0.144102	0.081305	0.048174	0.115291
Chr11	25698577	26118773	0.130182	0.056769	0.036461	0.109075
Chr11	25844046	26189389	-0.016708	-0.006280	-0.003606	-0.002183
Chr11	26118809	26763079	0.013973	0.003968	0.002289	0.003788
Chr11	26189391	26894513	-0.068595	-0.023000	-0.014457	-0.069178
Chr11	26763193	27071203	-0.240489	-0.133903	-0.067019	-0.166931
Chr11	26894566	27262890	-0.705837	-0.507929	-0.215032	-0.564673
Chr11	27071218	27448409	-0.827032	-0.796068	-0.275990	-0.736444
Chr11	27263043	27584426	-0.831983	-0.703206	-0.259141	-0.743550
Chr11	27448454	27801022	-0.767274	-0.416439	-0.219493	-0.704704
Chr11	27584607	27960974	-0.395668	-0.139085	-0.090192	-0.329920
Chr11	27801161	28179363	-0.126830	-0.040711	-0.027374	-0.094345
Chr11	27961252	28482104	0.174203	0.066997	0.041181	0.150185
Chr11	28179646	28682619	0.309372	0.141064	0.077133	0.284041
Chr11	28482194	28871123	0.435996	0.224801	0.112295	0.373654
Chr11	28682786	28998456	0.164259	0.106393	0.045316	0.137078
Chr11	28871174	29126856	-0.148683	-0.078023	-0.039885	-0.111921
Chr11	28998484	29278236	-0.190489	-0.065382	-0.039071	-0.161136
Chr11	29126905	29588417	0.136997	0.037206	0.024837	0.124136
Chr11	29278502	29826072	0.620486	0.166080	0.126248	0.585282
Chr11	29588446	30076662	-0.058224	-0.023753	-0.015121	-0.051452
Chr11	29826109	30202942	-0.891347	-0.671331	-0.293689	-0.877276
Chr11	30078030	32415879	-0.964809	-0.915347	-0.369356	-0.950286
Chr11	30202990	32612027	-0.968989	-1.211635	-0.433298	-0.955373
Chr11	32415907	32734864	-0.975376	-1.833473	-0.518521	-0.967084
Chr11	32612048	32851299	-0.972330	-1.950659	-0.552207	-0.961864
Chr11	32735712	32961570	-0.956903	-1.640899	-0.509553	-0.941121
Chr11	32851300	33362819	-0.783552	-0.354813	-0.187774	-0.745846
Chr11	32961658	33587630	-0.353136	-0.098575	-0.059285	-0.303334
Chr11	33363102	33715717	0.108081	0.043918	0.023373	0.080887
Chr11	33587675	33824322	0.503047	0.237122	0.138346	0.278339
Chr11	33715799	33943897	0.399935	0.187357	0.128443	0.251359
Chr11	33824324	34093104	0.005451	0.002930	0.001629	-0.001238
Chr11	33943996	34217447	-0.114379	-0.075205	-0.043425	-0.065827
Chr11	34093113	34382304	-0.041985	-0.017696	-0.011467	-0.019669
Chr11	34217493	34501712	0.191647	0.081199	0.045618	0.131508
Chr11	34382440	34643669	0.157632	0.112131	0.046084	0.118718
Chr11	34501730	34716250	0.010231	0.007308	0.003255	0.013237
Chr11	34643671	34796788	0.196240	0.113275	0.065630	0.127982
Chr11	34716267	34948366	0.005469	0.002841	0.001557	0.003778
Chr11	34796841	35062134	-0.235753	-0.149036	-0.062731	-0.154553
Chr11	34948463	35180188	-0.082053	-0.059728	-0.025675	-0.048069
Chr11	35062189	35319865	0.045065	0.029721	0.016580	0.027063
Chr11	35180206	35453517	-0.111341	-0.055062	-0.033286	-0.065145
Chr11	35319867	35557986	-0.267151	-0.151464	-0.093003	-0.170333
Chr11	35453541	35734798	-0.205874	-0.059602	-0.046721	-0.148465
Chr11	35558156	35892472	-0.062854	-0.016187	-0.011984	-0.049298
Chr11	35735035	36048359	0.135545	0.061360	0.036004	0.110157
Chr11	35892547	36175586	0.226108	0.112684	0.068688	0.169697
Chr11	36048367	36287910	-0.080287	-0.040169	-0.024900	-0.055953
Chr11	36175613	36404972	-0.292358	-0.174788	-0.084938	-0.212784
Chr11	36287989	36639737	-0.160192	-0.101206	-0.044231	-0.125766
Chr11	36404974	36988107	-0.163825	-0.090478	-0.043922	-0.128083
Chr11	36639815	37140535	-0.331135	-0.158732	-0.087722	-0.234112
Chr11	36988196	37308801	-0.139641	-0.058083	-0.034948	-0.094673
Chr11	37140556	37549693	-0.048261	-0.020466	-0.012278	-0.037532
Chr11	37308921	37762070	-0.053618	-0.022871	-0.014291	-0.044075
Chr11	37549710	37923369	0.189763	0.091408	0.059005	0.152117
Chr11	37762121	38008622	0.417268	0.223682	0.139842	0.325696
Chr11	37923371	38208489	0.181731	0.073410	0.046737	0.151434
Chr11	38008863	38487963	-0.155891	-0.062019	-0.031237	-0.094875
Chr11	38208491	39050977	-0.301842	-0.082681	-0.043646	-0.198037
Chr11	38488003	39240671	-0.339618	-0.102055	-0.057745	-0.278136
Chr11	39051224	39421873	-0.372880	-0.185933	-0.097518	-0.292743
Chr11	39240711	39631100	-0.184955	-0.082111	-0.052625	-0.134733
Chr11	39421883	39730475	0.010433	0.004729	0.003205	0.009393
Chr11	39631150	39868068	0.154484	0.080150	0.053642	0.113553
Chr11	39730627	39956989	-0.004291	-0.002256	-0.001319	-0.002825
Chr11	39868070	40054684	-0.203143	-0.107010	-0.057908	-0.124343
Chr11	39956997	40157964	-0.022697	-0.010666	-0.006962	-0.015226
Chr11	40054982	40324222	0.022144	0.010878	0.007177	0.012487
Chr11	40157993	40443759	0.023973	0.011029	0.007097	0.011066
Chr11	40324328	40681357	0.012926	0.005194	0.003283	0.005228
Chr11	40443816	40788436	0.098608	0.045302	0.029210	0.061751
Chr11	40681630	40872476	0.293297	0.157262	0.113050	0.185308
Chr11	40788446	41117882	0.220144	0.105427	0.072981	0.147169
Chr11	40872510	41284703	0.044211	0.021032	0.014062	0.028131
Chr11	41117884	42280552	-0.038517	-0.017851	-0.011900	-0.020924
Chr11	41284734	42409258	-0.088880	-0.046270	-0.029692	-0.053653
Chr11	42280621	42856717	-0.032987	-0.016413	-0.011143	-0.026011
Chr11	42409298	42931966	0.104887	0.058299	0.039805	0.061502
Chr11	42856745	43076970	0.123905	0.079794	0.045810	0.070955
Chr11	42932004	43234242	-0.025586	-0.012801	-0.006148	-0.011285
Chr11	43077005	43390018	-0.062568	-0.027088	-0.013758	-0.036271
Chr11	43234809	43488820	-0.170494	-0.094787	-0.043932	-0.095910
Chr11	43390197	43696384	-0.040467	-0.020770	-0.010886	-0.023191
Chr11	43488850	43870530	0.044577	0.019567	0.011755	0.031830
Chr11	43696425	44098062	-0.139476	-0.061122	-0.031959	-0.102287
Chr11	43870537	44273605	-0.216261	-0.084407	-0.049023	-0.161024
Chr11	44098079	44534953	-0.220343	-0.068138	-0.044732	-0.163654
Chr11	44273911	44716396	-0.216598	-0.068206	-0.041961	-0.167641
Chr11	44534960	45118925	-0.082818	-0.024160	-0.015084	-0.066393
Chr11	44716405	45409287	0.003528	0.000951	0.000624	0.004262
Chr11	45119029	45570583	0.015177	0.005323	0.003378	0.018273
Chr11	45409330	45916647	-0.110053	-0.047578	-0.027708	-0.068817
Chr11	45570712	46075431	-0.260973	-0.121639	-0.066114	-0.193688
Chr11	45916801	46231986	-0.015864	-0.008324	-0.004434	-0.007950
Chr11	46075502	46407208	0.136602	0.071775	0.035619	0.096023
Chr11	46232020	46539457	-0.050383	-0.023606	-0.012282	-0.031385
Chr11	46407240	46665024	0.044574	0.024116	0.014610	0.027069
Chr11	46539562	46842173	0.220642	0.122383	0.070786	0.175620
Chr11	46665026	47013274	0.049488	0.022498	0.013424	0.036945
Chr11	46842175	47180357	-0.097109	-0.036956	-0.022791	-0.063268
Chr11	47013347	47331712	0.140828	0.056388	0.034590	0.089464
Chr11	47180381	47546982	0.112501	0.045639	0.028901	0.069119
Chr11	47331761	47707317	-0.132070	-0.055992	-0.033857	-0.086473
Chr11	47547032	47866442	-0.077183	-0.035439	-0.021172	-0.050077
Chr11	47707343	48131322	0.044741	0.015870	0.010128	0.031089
Chr11	47872906	48309464	0.197986	0.076041	0.050015	0.134747
Chr11	48131431	48462429	0.265495	0.126570	0.075796	0.166485
Chr11	48309670	48523963	0.106971	0.058791	0.032104	0.059720
Chr11	48462580	48627874	0.010700	0.006113	0.003559	0.004346
Chr11	48524023	48772752	0.089335	0.047383	0.026925	0.056363
Chr11	48627942	48894616	0.139326	0.075680	0.044544	0.091167
Chr11	48772788	49182638	0.016022	0.006346	0.003707	0.016259
Chr11	48895715	49316612	-0.044135	-0.016867	-0.010426	-0.028820
Chr11	49182922	49558101	-0.045418	-0.023317	-0.013361	-0.028613
Chr11	49316747	49702877	-0.239347	-0.126219	-0.066416	-0.175381
Chr11	49558273	49869535	-0.194074	-0.097471	-0.055258	-0.142523
Chr11	49702878	49969835	-0.070522	-0.039595	-0.023448	-0.044708
Chr11	49869634	50205539	-0.113422	-0.054184	-0.035881	-0.062497
Chr11	49969940	50397919	-0.000830	-0.000337	-0.000222	0.007104
Chr11	50205548	50566282	-0.104061	-0.041877	-0.027055	-0.061822
Chr11	50398079	50832382	-0.142919	-0.067441	-0.042134	-0.086000
Chr11	50566488	51106771	-0.123764	-0.055727	-0.036430	-0.087137
Chr11	50832897	51389379	-0.160415	-0.057879	-0.039551	-0.112224
Chr11	51107109	51539416	-0.192540	-0.087117	-0.055609	-0.127437
Chr11	51389384	51678750	-0.159298	-0.100286	-0.056979	-0.097419
Chr11	51539523	51808207	-0.042946	-0.027374	-0.016482	-0.022679
Chr11	51679056	52031677	0.017937	0.009403	0.005846	0.018695
Chr11	51808301	52138050	0.019283	0.009263	0.005493	0.015868
Chr11	52031730	52221374	0.016193	0.009045	0.004702	0.007872
Chr11	52138078	52410399	-0.215071	-0.129182	-0.056645	-0.161423
Chr11	52221400	52728767	-0.370297	-0.162053	-0.077464	-0.314363
Chr11	52411142	52888864	-0.149311	-0.056032	-0.030622	-0.114227
Chr11	52729037	53092311	0.073599	0.028574	0.017721	0.056080
Chr11	52889190	53332537	-0.086388	-0.031398	-0.018951	-0.059610
Chr11	53092331	53508815	-0.105738	-0.047316	-0.024947	-0.069560
Chr11	53332635	53642389	0.041964	0.023610	0.012934	0.030760
Chr11	53508994	53802952	0.066893	0.033357	0.018808	0.076650
Chr11	53642506	53973779	0.093504	0.042209	0.024161	0.097006
Chr11	53803246	54117112	0.078311	0.033376	0.021224	0.055542
Chr11	53973866	54304489	-0.103736	-0.045916	-0.024971	-0.063542
Chr11	54117772	54552527	-0.204903	-0.080221	-0.045303	-0.161336
Chr11	54304768	54719878	-0.072649	-0.028213	-0.017552	-0.068249
Chr11	54552567	54999928	0.053768	0.023943	0.015886	0.039298
Chr11	54719895	55205627	-0.017208	-0.007342	-0.004525	-0.010062
Chr11	54999959	55519516	-0.052756	-0.021312	-0.012101	-0.032664
Chr11	55205875	55793656	-0.251136	-0.113950	-0.058213	-0.156701
Chr11	55519650	56014018	-0.345111	-0.157768	-0.077055	-0.242820
Chr11	55793704	56168747	-0.261749	-0.106890	-0.063928	-0.213285
Chr12	167244	749428	-0.063814	-0.023325	-0.011678	-0.049420
Chr12	503037	954469	-0.000539	-0.000183	-0.000102	0.003685
Chr12	749529	1064954	-0.168691	-0.064868	-0.039327	-0.100908
Chr12	955177	1694526	-0.071274	-0.037793	-0.022440	-0.030381
Chr12	1065088	1809490	-0.036645	-0.018340	-0.011248	-0.021196
Chr12	1695008	1931201	0.040297	0.020888	0.013372	0.025546
Chr12	1809556	2104870	0.240609	0.101138	0.072061	0.145836
Chr12	1931456	2246072	0.205530	0.080160	0.055224	0.143501
Chr12	2104947	2412116	-0.395682	-0.242534	-0.117771	-0.322916
Chr12	2246093	2628992	-0.547826	-0.309915	-0.151977	-0.447663
Chr12	2412361	2758316	-0.154853	-0.066420	-0.041260	-0.128694
Chr12	2629116	2913311	-0.101889	-0.047163	-0.027574	-0.080722
Chr12	2758323	3173114	-0.046608	-0.017242	-0.010100	-0.026057
Chr12	2913365	3453389	-0.046818	-0.016034	-0.009618	-0.023664
Chr12	3173289	3694389	-0.192913	-0.066417	-0.040817	-0.141990
Chr12	3453472	3903470	-0.298684	-0.102305	-0.061519	-0.224620
Chr12	3694896	4071023	-0.187721	-0.060243	-0.039003	-0.145005
Chr12	3905017	4211894	0.106597	0.037757	0.026512	0.079950
Chr12	4071040	4359701	0.100443	0.045159	0.029465	0.066012
Chr12	4212111	4604641	-0.152261	-0.060264	-0.036385	-0.092144
Chr12	4360058	4805381	-0.153817	-0.057160	-0.033623	-0.107267
Chr12	4604731	5087626	-0.290139	-0.087752	-0.052686	-0.233611
Chr12	4805439	5311177	-0.441280	-0.131910	-0.079783	-0.342265
Chr12	5087698	5473523	-0.475895	-0.246660	-0.134637	-0.374859
Chr12	5311311	5646520	-0.363942	-0.181778	-0.103085	-0.303405
Chr12	5473890	5821700	-0.034531	-0.012750	-0.008220	-0.028460
Chr12	5646650	5971706	-0.064516	-0.027474	-0.014975	-0.045711
Chr12	5821728	6109661	-0.214981	-0.086023	-0.047343	-0.158414
Chr12	5971723	6333496	-0.195874	-0.072617	-0.042350	-0.139316
Chr12	6109669	6514086	-0.217704	-0.088511	-0.046963	-0.153158
Chr12	6333497	6760881	-0.258293	-0.107274	-0.060800	-0.183830
Chr12	6514246	7091651	-0.162767	-0.051333	-0.031897	-0.113945
Chr12	6761837	7245157	0.014933	0.004574	0.002740	0.012285
Chr12	7091897	7401535	0.119420	0.048523	0.028267	0.078614
Chr12	7245220	7606858	-0.048563	-0.020624	-0.011160	-0.039587
Chr12	7401706	7862103	-0.123412	-0.046959	-0.025164	-0.113190
Chr12	7606982	8055622	-0.064309	-0.022244	-0.012116	-0.057521
Chr12	7862105	8295443	-0.017331	-0.006733	-0.003598	-0.012316
Chr12	8055629	8515239	-0.163122	-0.060524	-0.035638	-0.130966
Chr12	8295530	8655289	-0.132362	-0.051278	-0.030874	-0.099680
Chr12	8515246	8930220	0.130052	0.045999	0.027572	0.109720
Chr12	8655707	9089109	-0.005716	-0.001862	-0.001098	0.001242
Chr12	8930239	9389139	-0.311795	-0.103851	-0.061639	-0.237061
Chr12	9089124	9559955	-0.331364	-0.108872	-0.067713	-0.236755
Chr12	9389613	9754448	-0.165948	-0.060086	-0.034620	-0.120655
Chr12	9559970	9912552	-0.073609	-0.031953	-0.016895	-0.052941
Chr12	9754656	10094976	-0.100946	-0.051372	-0.027712	-0.069170
Chr12	9912614	10221873	-0.051473	-0.025298	-0.015103	-0.033602
Chr12	10095065	10339799	0.206943	0.115594	0.069767	0.135142
Chr12	10221875	10504046	0.382124	0.175914	0.117321	0.281035
Chr12	10339805	10623424	0.277181	0.122758	0.079804	0.210218
Chr12	10504063	10755415	-0.235459	-0.132431	-0.069569	-0.171540
Chr12	10623521	11042021	-0.292990	-0.132388	-0.069464	-0.239475
Chr12	10755483	11227844	0.004458	0.001744	0.000871	0.009082
Chr12	11042024	11358104	0.126614	0.060447	0.029556	0.106344
Chr12	11227846	11522138	0.064972	0.032268	0.017387	0.046713
Chr12	11358473	11670823	-0.139410	-0.062541	-0.034263	-0.100281
Chr12	11522577	11832336	-0.420750	-0.220197	-0.110008	-0.342010
Chr12	11670851	12020971	-0.404540	-0.205082	-0.103652	-0.363352
Chr12	11832382	12187927	0.003452	0.001304	0.000807	0.002866
Chr12	12021008	12348382	0.074520	0.028017	0.017456	0.054881
Chr12	12188003	12624035	-0.236694	-0.085034	-0.050543	-0.181688
Chr12	12348393	12876743	-0.249029	-0.074926	-0.045127	-0.202217
Chr12	12624140	13098022	-0.550333	-0.195580	-0.103404	-0.491879
Chr12	12876811	13341986	-0.612156	-0.221697	-0.124142	-0.548442
Chr12	13098226	13561244	-0.510394	-0.191217	-0.110773	-0.438521
Chr12	13341988	13749732	-0.416930	-0.185913	-0.095037	-0.338201
Chr12	13561249	13894487	-0.284164	-0.128468	-0.069731	-0.216350
Chr12	13749910	14090616	-0.434276	-0.171881	-0.096837	-0.351971
Chr12	13894751	14298945	-0.231937	-0.069746	-0.044974	-0.187449
Chr12	14090774	14510078	-0.028494	-0.007294	-0.005210	-0.020681
Chr12	14299005	14729243	-0.244363	-0.075118	-0.048964	-0.176279
Chr12	14510330	14960123	-0.305039	-0.111314	-0.067514	-0.248410
Chr12	14729425	15098905	-0.148924	-0.056522	-0.032314	-0.108439
Chr12	14960180	15244601	-0.295405	-0.121822	-0.063459	-0.205020
Chr12	15099243	15425068	-0.308678	-0.144097	-0.073322	-0.256513
Chr12	15244608	15668064	-0.310004	-0.136699	-0.074961	-0.239313
Chr12	15425549	15872574	-0.315399	-0.117547	-0.069437	-0.215802
Chr12	15668211	16061635	0.122509	0.047354	0.029237	0.092975
Chr12	15872690	16221791	0.015254	0.006205	0.003784	0.017825
Chr12	16061671	16366375	-0.246563	-0.113999	-0.060689	-0.197658
Chr12	16221894	16541722	-0.091203	-0.039427	-0.022046	-0.079378
Chr12	16366383	16733906	0.147221	0.056626	0.034703	0.118631
Chr12	16541740	17123309	0.130837	0.047570	0.026951	0.101117
Chr12	16734113	17252907	0.077911	0.024195	0.014235	0.062674
Chr12	17123348	17441298	0.061584	0.020185	0.011860	0.052452
Chr12	17252911	17602233	-0.129006	-0.049609	-0.027545	-0.106131
Chr12	17441338	17854901	-0.185303	-0.061844	-0.036514	-0.148958
Chr12	17602235	18037494	-0.117945	-0.037125	-0.021851	-0.096405
Chr12	17854912	18183963	-0.054519	-0.022235	-0.012967	-0.049974
Chr12	18037495	18396897	-0.141634	-0.055294	-0.034513	-0.126595
Chr12	18185015	18610581	-0.248507	-0.078342	-0.049361	-0.218418
Chr12	18396967	18861905	-0.258341	-0.079593	-0.047452	-0.196150
Chr12	18610744	19049090	-0.317656	-0.147662	-0.075917	-0.216252
Chr12	18861924	19115654	-0.196723	-0.145093	-0.071600	-0.126578
Chr12	19049139	19261397	-0.092851	-0.056843	-0.034909	-0.058238
Chr12	19116062	19406963	-0.323137	-0.149320	-0.090047	-0.220077
Chr12	19262939	19591497	-0.490807	-0.213500	-0.120223	-0.382794
Chr12	19406979	19791598	-0.562253	-0.246400	-0.123577	-0.463285
Chr12	19591501	20056477	-0.612874	-0.243646	-0.121694	-0.500032
Chr12	19791603	20275406	-0.468922	-0.194997	-0.093256	-0.364885
Chr12	20056509	20409740	-0.139947	-0.065875	-0.029483	-0.099432
Chr12	20275419	20619359	-0.297511	-0.154119	-0.070941	-0.262433
Chr12	20409901	20784351	-0.463870	-0.270317	-0.114478	-0.436523
Chr12	20619379	20966425	-0.545186	-0.338422	-0.135167	-0.521573
Chr12	20785071	21147346	-0.594269	-0.338570	-0.142604	-0.567036
Chr12	20967217	21344599	-0.477175	-0.234310	-0.100714	-0.445073
Chr12	21147531	21607068	-0.599907	-0.242944	-0.116586	-0.564607
Chr12	21344649	21776748	-0.728637	-0.285541	-0.145847	-0.692842
Chr12	21607072	22827632	-0.620981	-0.289542	-0.123318	-0.571002
Chr12	21776850	23002654	-0.691536	-0.304940	-0.132034	-0.641241
Chr12	22827687	23244535	-0.743524	-0.358430	-0.154164	-0.701418
Chr12	23002670	23572956	-0.720261	-0.313733	-0.129992	-0.671080
Chr12	23244763	23834725	-0.782530	-0.330322	-0.142091	-0.741022
Chr12	23573104	24116816	-0.839602	-0.342639	-0.160129	-0.803617
Chr12	23834759	24968282	-0.834392	-0.280859	-0.138679	-0.782967
Chr12	24116847	25355896	-0.692292	-0.156370	-0.080615	-0.608445
Chr12	24968316	25678356	-0.302226	-0.062715	-0.034302	-0.258786
Chr12	25355897	25962158	0.116871	0.035098	0.018317	0.116009
Chr12	25678462	26160075	0.333383	0.133065	0.061567	0.305617
Chr12	25962431	26292279	-0.114372	-0.071086	-0.027169	-0.084916
Chr12	26160080	26537591	-0.385854	-0.206789	-0.084037	-0.328247
Chr12	26292310	26739473	-0.076013	-0.029920	-0.014462	-0.063254
Chr12	26538016	26992185	0.063013	0.017644	0.010456	0.051095
Chr12	26740262	27342383	-0.019483	-0.005170	-0.003076	-0.014174
Chr12	26992232	27543341	-0.077688	-0.025393	-0.012859	-0.062257
Chr12	27342407	27818676	-0.215715	-0.062493	-0.032031	-0.185667
Chr12	27544546	27993438	-0.504913	-0.182294	-0.089243	-0.438643
Chr12	27818703	28170223	-0.452667	-0.235915	-0.110079	-0.373490
Chr12	27993519	28287468	-0.228429	-0.108259	-0.055086	-0.185739
Chr12	28170350	28420717	-0.349848	-0.161217	-0.072875	-0.306787
Chr12	28287782	28608121	-0.189144	-0.069284	-0.035984	-0.163301
Chr12	28420926	28729497	0.064918	0.022771	0.013406	0.048594
Chr12	28608255	28895473	0.220197	0.100961	0.050123	0.169190
Chr12	28729515	29055815	-0.001024	-0.000428	-0.000223	0.000523
Chr12	28895567	29153734	-0.110486	-0.038237	-0.022941	-0.082768
Chr12	29055878	29385277	-0.202568	-0.059831	-0.036875	-0.151726
Chr12	29154063	29564397	-0.209478	-0.064440	-0.038697	-0.163635
Chr12	29385334	29723095	-0.052364	-0.021938	-0.012509	-0.043202
Chr12	29564449	30017344	-0.032966	-0.012611	-0.006512	-0.021253
Chr12	29723152	30262832	0.121307	0.040059	0.021701	0.109574
Chr12	30017346	30445791	-0.209241	-0.078567	-0.041084	-0.186687
Chr12	30264199	30595705	-0.609901	-0.316774	-0.131030	-0.510124
Chr12	30445920	30793365	-0.446858	-0.189211	-0.089772	-0.337704
Chr12	30595769	30930013	-0.183613	-0.073905	-0.040062	-0.143731
Chr12	30793582	31059895	-0.195831	-0.092164	-0.048746	-0.156374
Chr12	30930260	31293117	-0.081827	-0.033326	-0.017938	-0.057434
Chr12	31059965	31436993	0.114910	0.048669	0.025939	0.094162
Chr12	31293152	31559753	0.117245	0.061242	0.031920	0.096902
Chr12	31437047	31724381	-0.048568	-0.018996	-0.011123	-0.037081
Chr12	31559780	31907411	-0.309872	-0.114052	-0.062816	-0.245803
Chr12	31724427	32032999	-0.307145	-0.144499	-0.071019	-0.224193
Chr12	31907569	32118827	-0.140041	-0.076108	-0.041509	-0.082982
Chr12	32033018	32208033	0.108330	0.075745	0.044625	0.071067
Chr12	32119358	32304660	-0.025063	-0.019316	-0.011447	-0.010479
Chr12	32208042	32416661	-0.171305	-0.108165	-0.059526	-0.112425
Chr12	32304872	32596747	-0.207687	-0.113827	-0.053637	-0.137215
Chr12	32416775	32826886	-0.248977	-0.134225	-0.057094	-0.168967
Chr12	32596954	33003617	-0.105047	-0.053712	-0.024380	-0.071997
Chr12	32826968	33189352	-0.196575	-0.088558	-0.046041	-0.127558
Chr12	33003664	33333616	-0.258661	-0.120446	-0.064126	-0.171551
Chr12	33189373	33536192	-0.187828	-0.099428	-0.055022	-0.137617
Chr12	33333900	33704061	-0.127876	-0.063743	-0.040137	-0.080471
Chr12	33536219	33826085	0.043897	0.024535	0.016228	0.019794
Chr12	33704095	34009718	-0.008862	-0.006040	-0.004116	-0.013767
Chr12	33826087	34194117	-0.090987	-0.045303	-0.032884	-0.064037
Chr12	34009729	34355185	-0.115870	-0.049712	-0.031832	-0.080496
Chr12	34194128	34532334	-0.055835	-0.019105	-0.012011	-0.031426
Chr12	34355283	34673442	0.054297	0.017083	0.011367	0.026995
Chr12	34532496	34899920	-0.169714	-0.069683	-0.033266	-0.119027
Chr12	34673449	35159896	-0.237699	-0.077185	-0.038182	-0.190181
Chr12	34900072	35325732	-0.136292	-0.043637	-0.024514	-0.109399
Chr12	35159903	35486428	-0.231081	-0.099364	-0.052207	-0.175399
Chr12	35325768	35718856	-0.213033	-0.080471	-0.043176	-0.156680
Chr12	35486484	35840116	-0.133203	-0.042766	-0.026255	-0.100579
Chr12	35718902	36004809	-0.062297	-0.023138	-0.014900	-0.037927
Chr12	35840137	36091785	0.136718	0.072639	0.048666	0.080140
Chr12	36004822	36212030	0.078793	0.050196	0.032160	0.049266
Chr12	36092568	36460356	-0.007549	-0.003096	-0.001627	0.003105
Chr12	36212045	36686496	-0.040026	-0.015905	-0.007890	-0.019955
Chr12	36460428	36881405	-0.200044	-0.097062	-0.046494	-0.166000
Chr12	36686532	37068076	-0.093868	-0.042895	-0.021434	-0.076843
Chr12	36881454	37274613	0.062507	0.024240	0.012626	0.055534
Chr12	37068223	37419685	0.166210	0.074465	0.038079	0.132336
Chr12	37274649	37624879	0.084850	0.035597	0.019628	0.059775
Chr12	37419880	37791312	-0.047792	-0.016069	-0.009677	-0.035053
Chr12	37624992	37995240	-0.051816	-0.019292	-0.010581	-0.040770
Chr12	37791318	38106756	-0.301050	-0.135250	-0.063871	-0.260800
Chr12	37995248	38276484	-0.170459	-0.083927	-0.041948	-0.143228
Chr12	38106923	38468819	-0.186254	-0.081274	-0.043870	-0.159333
Chr12	38276650	38626776	-0.090200	-0.043588	-0.021863	-0.072731
Chr12	38468869	38807333	0.215462	0.098714	0.052894	0.177988
Chr12	38626799	38985197	0.105434	0.040831	0.023309	0.070296
Chr12	38807435	39240116	-0.057931	-0.020682	-0.011263	-0.034508
Chr12	38985210	39410176	-0.160798	-0.054366	-0.032899	-0.099361
Chr12	39240124	39589102	-0.360917	-0.141801	-0.085274	-0.263939
Chr12	39410222	39797282	-0.161100	-0.062665	-0.036467	-0.133781
Chr12	39589178	39956762	0.008576	0.003425	0.001999	0.003285
Chr12	39797390	40497266	0.003304	0.001277	0.000780	-0.001313
Chr12	39956940	40743933	0.049193	0.016357	0.010571	0.027517
Chr12	40497721	40915443	-0.206916	-0.084957	-0.046027	-0.155497
Chr12	40743980	41070688	-0.214959	-0.073187	-0.041778	-0.163974
Chr12	40915459	41257243	0.014547	0.003853	0.002573	0.010059
Chr12	41070782	41542545	-0.019079	-0.005517	-0.003628	-0.009223
