chr	windowStart	windowEnd	D	f_d	f_dM	d_f
Chr01	210038	397403	-0.028166	-0.020156	-0.013436	-0.025132
Chr01	264983	490342	-0.110711	-0.057309	-0.039027	-0.065770
Chr01	397447	595248	0.099839	0.046100	0.028853	0.061014
Chr01	490546	685493	0.326182	0.148579	0.092473	0.174555
Chr01	595271	895592	-0.055508	-0.024847	-0.015460	-0.030547
Chr01	685588	1028171	-0.269975	-0.099661	-0.063385	-0.162471
Chr01	895630	1155485	-0.239328	-0.055900	-0.039234	-0.161133
Chr01	1028334	1301725	-0.139675	-0.029947	-0.020731	-0.098638
Chr01	1155507	1434816	-0.206218	-0.064749	-0.041773	-0.142886
Chr01	1301726	1517428	-0.021091	-0.008934	-0.005633	-0.017323
Chr01	1434859	1592039	-0.028765	-0.015555	-0.009299	-0.024876
Chr01	1517457	1690823	-0.346134	-0.205038	-0.113952	-0.252844
Chr01	1592329	1851862	-0.368234	-0.169180	-0.089810	-0.276663
Chr01	1690829	2008591	-0.395231	-0.177781	-0.088835	-0.295025
Chr01	1851901	2131429	-0.285975	-0.124567	-0.068349	-0.206313
Chr01	2008767	2230365	-0.123478	-0.052556	-0.034252	-0.084050
Chr01	2131525	2290439	-0.124452	-0.075836	-0.049283	-0.076746
Chr01	2230366	2428525	-0.109759	-0.101901	-0.055038	-0.066986
Chr01	2290450	2501333	-0.175995	-0.159061	-0.083626	-0.107185
Chr01	2428606	2614058	-0.185819	-0.175997	-0.085397	-0.104602
Chr01	2501356	2670877	-0.057473	-0.061468	-0.027747	-0.029748
Chr01	2614285	2720284	-0.061478	-0.069537	-0.030180	-0.033582
Chr01	2670911	2778473	-0.253923	-0.296327	-0.118344	-0.139844
Chr01	2720338	2872970	-0.279632	-0.275082	-0.135855	-0.169238
Chr01	2778486	2953294	-0.189404	-0.168082	-0.092668	-0.118198
Chr01	2872974	3074444	-0.075069	-0.050998	-0.030633	-0.044414
Chr01	2953342	3189743	-0.026313	-0.011980	-0.007775	-0.014406
Chr01	3075046	3345202	-0.063311	-0.022507	-0.014108	-0.035268
Chr01	3190042	3471807	-0.205731	-0.072543	-0.044109	-0.127666
Chr01	3345204	3596176	-0.073935	-0.027274	-0.017789	-0.048099
Chr01	3471867	3807751	-0.060081	-0.019667	-0.012820	-0.047572
Chr01	3596188	3958740	-0.407168	-0.177367	-0.096256	-0.295060
Chr01	3807766	4051381	-0.424261	-0.246875	-0.123919	-0.282307
Chr01	3959100	4188501	-0.231002	-0.074592	-0.048968	-0.135617
Chr01	4051382	4299242	-0.291379	-0.103983	-0.066358	-0.193931
Chr01	4188919	4410731	-0.385517	-0.238750	-0.135582	-0.262287
Chr01	4299262	4473146	-0.278883	-0.267260	-0.145737	-0.159206
Chr01	4410804	4569143	-0.038910	-0.020799	-0.014084	-0.020201
Chr01	4473206	4697127	-0.127535	-0.055396	-0.035532	-0.087760
Chr01	4569146	4860248	-0.311411	-0.124228	-0.074556	-0.229400
Chr01	4697219	5003580	-0.360211	-0.128222	-0.083167	-0.254229
Chr01	4860271	5198518	-0.312730	-0.087030	-0.059230	-0.203490
Chr01	5003657	5502636	-0.357450	-0.100005	-0.064061	-0.239692
Chr01	5198540	5693867	-0.205303	-0.076243	-0.047589	-0.142699
Chr01	5502688	5850649	-0.149985	-0.056851	-0.035622	-0.103558
Chr01	5693876	5941330	-0.147412	-0.062592	-0.038129	-0.085388
Chr01	5850669	6068000	0.021238	0.008505	0.005146	0.012967
Chr01	5941355	6242174	0.072190	0.023243	0.015512	0.052850
Chr01	6068194	6397382	-0.323904	-0.133596	-0.083545	-0.268402
Chr01	6242178	6774225	-0.391892	-0.132536	-0.081056	-0.282122
Chr01	6397451	6942325	-0.268259	-0.080193	-0.053212	-0.199753
Chr01	6774256	7167561	-0.266136	-0.080736	-0.060411	-0.220967
Chr01	6942370	7328115	-0.195340	-0.065725	-0.047580	-0.138224
Chr01	7167624	7435466	-0.360034	-0.233701	-0.125640	-0.252854
Chr01	7328147	7578386	-0.276685	-0.104979	-0.065029	-0.192786
Chr01	7435890	7721525	-0.561682	-0.242145	-0.133618	-0.413028
Chr01	7578491	7875812	-0.621366	-0.287296	-0.159881	-0.469994
Chr01	7721572	7985878	-0.358064	-0.155989	-0.091758	-0.251081
Chr01	7875863	8098172	-0.169771	-0.077817	-0.045668	-0.117599
Chr01	7985928	8234714	-0.120949	-0.043357	-0.026040	-0.081643
Chr01	8098222	8394526	-0.279372	-0.072142	-0.046697	-0.193670
Chr01	8234982	8505022	-0.505701	-0.159616	-0.102536	-0.366736
Chr01	8394543	8612621	-0.518589	-0.329720	-0.157137	-0.365910
Chr01	8505037	8692571	-0.329316	-0.191275	-0.097685	-0.215902
Chr01	8612814	8893980	-0.187271	-0.097668	-0.055088	-0.095323
Chr01	8692616	9140091	-0.131820	-0.076796	-0.042461	-0.049880
Chr01	8894448	9319448	-0.190528	-0.057700	-0.038914	-0.091708
Chr01	9140092	9469251	-0.474489	-0.150052	-0.093348	-0.345804
Chr01	9319504	9603391	-0.388473	-0.172162	-0.099644	-0.300370
Chr01	9469355	9820722	0.022158	0.010308	0.006456	0.010205
Chr01	9603397	9885427	0.060392	0.029003	0.018480	0.036011
Chr01	9820759	9983091	-0.000438	-0.000212	-0.000145	0.004073
Chr01	9885523	10091789	-0.078967	-0.031153	-0.020929	-0.051054
Chr01	9983092	10206876	-0.137143	-0.078582	-0.043062	-0.085379
Chr01	10091830	10335511	0.172890	0.077689	0.048049	0.094669
Chr01	10206877	10477462	-0.007616	-0.003024	-0.001898	-0.007313
Chr01	10335576	10954396	-0.275955	-0.130415	-0.078943	-0.215455
Chr01	10477469	11085284	-0.553762	-0.364676	-0.207726	-0.441831
Chr01	10954454	11236720	-0.589130	-0.435809	-0.205857	-0.463090
Chr01	11085289	11380264	-0.154288	-0.065312	-0.038816	-0.116464
Chr01	11237014	11520292	0.026721	0.009427	0.006582	0.024054
Chr01	11380525	11612823	-0.088290	-0.040039	-0.027070	-0.051218
Chr01	11520298	11755791	-0.038723	-0.016847	-0.010489	-0.018472
Chr01	11612876	11852089	0.054120	0.024331	0.014592	0.034012
Chr01	11755803	12071728	0.123607	0.079090	0.048169	0.068373
Chr01	11852233	12171317	-0.037583	-0.018269	-0.011772	-0.022996
Chr01	12071822	12329643	-0.564277	-0.272826	-0.144158	-0.424447
Chr01	12175503	12431129	-0.431274	-0.212405	-0.112028	-0.336932
Chr01	12329646	12538082	0.040460	0.021678	0.010273	0.041796
Chr01	12431168	12803576	-0.420394	-0.169253	-0.083525	-0.340845
Chr01	12538190	13027811	-0.792302	-0.211632	-0.128474	-0.711643
Chr01	12803617	13251815	-0.640682	-0.141402	-0.090671	-0.532563
Chr01	13029406	13520324	-0.336639	-0.078323	-0.048492	-0.237963
Chr01	13251870	13711527	-0.411388	-0.117555	-0.071739	-0.332383
Chr01	13522889	13853341	-0.300712	-0.095694	-0.055741	-0.234955
Chr01	13711570	14028829	-0.055376	-0.018949	-0.010811	-0.040440
Chr01	13853374	14148225	-0.020611	-0.008672	-0.004994	-0.011883
Chr01	14028850	14289948	-0.334836	-0.169480	-0.095212	-0.222655
Chr01	14148248	14443820	-0.271861	-0.092231	-0.056672	-0.208307
Chr01	14289966	14595177	-0.429816	-0.161737	-0.088746	-0.334485
Chr01	14443894	14716630	-0.498135	-0.206366	-0.115575	-0.409040
Chr01	14595204	14843442	-0.319915	-0.099220	-0.063887	-0.252156
Chr01	14716669	14975159	-0.485789	-0.192028	-0.110148	-0.378195
Chr01	14843594	15113701	-0.398231	-0.168062	-0.096464	-0.301165
Chr01	14977332	15201699	-0.043035	-0.016551	-0.009280	-0.026471
Chr01	15113710	15355917	-0.246884	-0.113949	-0.055095	-0.170659
Chr01	15201729	15545084	-0.497888	-0.199937	-0.100243	-0.369068
Chr01	15355929	15652943	-0.406362	-0.148766	-0.081484	-0.280515
Chr01	15545162	16004940	-0.205999	-0.088868	-0.051573	-0.110220
Chr01	15653017	16209618	0.003879	0.001481	0.000928	0.005339
Chr01	16004998	16362664	0.139561	0.042927	0.027986	0.080668
Chr01	16209640	16505039	-0.026177	-0.011410	-0.006633	-0.014181
Chr01	16363258	16626010	-0.593734	-0.483564	-0.224752	-0.465696
Chr01	16505382	16824492	-0.597766	-0.323301	-0.168820	-0.505395
Chr01	16626024	16950627	-0.137348	-0.046799	-0.028665	-0.103119
Chr01	16824496	17110668	-0.200846	-0.055505	-0.035874	-0.155645
Chr01	16951029	17283530	-0.174659	-0.046667	-0.028661	-0.144190
Chr01	17110764	17411497	-0.285041	-0.116521	-0.064977	-0.206352
Chr01	17283610	17488704	-0.476472	-0.376960	-0.174882	-0.267946
Chr01	17411573	17567587	0.020090	0.011855	0.006948	0.012976
Chr01	17488832	17782899	0.130032	0.045324	0.029270	0.091655
Chr01	17567608	17994583	-0.255301	-0.082955	-0.049891	-0.180806
Chr01	17782933	18126770	-0.403088	-0.171294	-0.101218	-0.281562
Chr01	17994647	18249706	-0.421500	-0.232289	-0.127646	-0.296374
Chr01	18126808	18338127	-0.457493	-0.296013	-0.157446	-0.319480
Chr01	18249729	18454236	-0.553081	-0.402929	-0.226152	-0.428948
Chr01	18338353	18562662	-0.608053	-0.440940	-0.252910	-0.484492
Chr01	18454326	18649480	-0.587146	-0.365771	-0.219677	-0.414701
Chr01	18562704	18818743	-0.397267	-0.174615	-0.107712	-0.289778
Chr01	18649514	18946404	-0.200529	-0.079740	-0.048572	-0.143211
Chr01	18818857	19103244	-0.237663	-0.079140	-0.047927	-0.154629
Chr01	18946854	19267538	-0.276461	-0.091606	-0.054022	-0.174826
Chr01	19103337	19370969	-0.065703	-0.027661	-0.015905	-0.041847
Chr01	19267550	19616389	-0.393316	-0.112423	-0.057695	-0.282399
Chr01	19371188	19797907	-0.441138	-0.111718	-0.058562	-0.334330
Chr01	19616408	19941377	-0.315849	-0.115650	-0.064121	-0.245787
Chr01	19798132	20045458	-0.343293	-0.172591	-0.091953	-0.272491
Chr01	19941393	20176578	-0.397822	-0.219075	-0.110556	-0.293074
Chr01	20045476	20319164	-0.406543	-0.196281	-0.104971	-0.306716
Chr01	20176803	20442830	-0.176401	-0.066544	-0.040109	-0.132661
Chr01	20319255	20554507	0.001521	0.000713	0.000418	-0.002840
Chr01	20442856	20660508	-0.089250	-0.044429	-0.024932	-0.055409
Chr01	20554689	20818951	-0.411616	-0.136033	-0.083445	-0.281006
Chr01	20660540	20964452	-0.301418	-0.093943	-0.059068	-0.226537
Chr01	20819574	21208033	-0.306116	-0.084744	-0.050986	-0.226403
Chr01	20964644	21275857	-0.456071	-0.152619	-0.086478	-0.339268
Chr01	21208035	21434998	-0.753784	-0.597207	-0.213328	-0.629226
Chr01	21275927	21591492	-0.775535	-0.420287	-0.178112	-0.662109
Chr01	21435063	21742805	-0.516102	-0.158981	-0.085572	-0.414914
Chr01	21591558	21899801	-0.146488	-0.040665	-0.023785	-0.118081
Chr01	21742813	22048505	-0.106094	-0.032056	-0.019509	-0.086446
Chr01	21899815	22171719	-0.352894	-0.117567	-0.067950	-0.260432
Chr01	22048524	22363369	-0.260879	-0.084643	-0.050913	-0.186387
Chr01	22171760	22496010	-0.387590	-0.143946	-0.084894	-0.295633
Chr01	22363392	22754419	-0.470845	-0.085078	-0.059993	-0.344857
Chr01	22496038	22903307	-0.262147	-0.040973	-0.029307	-0.182491
Chr01	22754423	23034581	-0.324643	-0.128776	-0.070124	-0.240338
Chr01	22905165	23083477	-0.488508	-0.266349	-0.130630	-0.396677
Chr01	23034703	23244999	-0.450235	-0.278325	-0.134759	-0.339643
Chr01	23083669	23403094	-0.377652	-0.198294	-0.096100	-0.276822
Chr01	23245001	23605396	-0.422806	-0.162993	-0.083177	-0.317881
Chr01	23403141	23770041	-0.214043	-0.064809	-0.036548	-0.143236
Chr01	23605404	23883133	-0.043712	-0.012517	-0.007960	-0.030789
Chr01	23770176	24063100	-0.044573	-0.011801	-0.008239	-0.030635
Chr01	23883179	24157215	-0.553230	-0.243903	-0.159499	-0.458244
Chr01	24063130	24325509	-0.577356	-0.340307	-0.209035	-0.463946
Chr01	24157231	24461860	-0.214025	-0.093504	-0.053184	-0.145752
Chr01	24325515	24626522	-0.377137	-0.162670	-0.083789	-0.282382
Chr01	24461968	24857254	-0.436448	-0.163040	-0.085627	-0.320510
Chr01	24626541	25019438	-0.373766	-0.124286	-0.068556	-0.283668
Chr01	24857293	25172434	-0.329870	-0.104319	-0.062310	-0.260286
Chr01	25019448	25298924	-0.308709	-0.083434	-0.052336	-0.220909
Chr01	25172525	25550991	0.281251	0.043169	0.035352	0.210160
Chr01	25299099	25670469	0.409025	0.057043	0.048854	0.318157
Chr01	25551205	25821575	-0.471607	-0.139475	-0.071937	-0.375206
Chr01	25670618	26101994	-0.545231	-0.185566	-0.079038	-0.392405
Chr01	25821632	26316084	-0.341182	-0.122630	-0.057294	-0.202156
Chr01	26102309	26460440	-0.294586	-0.135433	-0.070869	-0.202171
Chr01	26316143	26573610	-0.212026	-0.101495	-0.056881	-0.172326
Chr01	26460554	26686422	-0.124024	-0.065721	-0.035120	-0.089273
Chr01	26573618	26745539	-0.029263	-0.020960	-0.009810	-0.014891
Chr01	26686433	26806886	-0.110890	-0.103283	-0.049201	-0.061687
Chr01	26745598	26914047	-0.134121	-0.068865	-0.038381	-0.065539
Chr01	26806897	26996068	-0.251206	-0.133514	-0.072895	-0.126942
Chr01	26914183	27159901	-0.263291	-0.115383	-0.073270	-0.180975
Chr01	26996117	27300314	-0.177441	-0.054700	-0.035889	-0.127661
Chr01	27160021	27536973	-0.328572	-0.094677	-0.062106	-0.219767
Chr01	27300324	27688158	-0.567658	-0.166187	-0.108147	-0.305534
Chr01	27537012	27818990	-0.606073	-0.313463	-0.147809	-0.402454
Chr01	27688635	27946576	-0.493126	-0.185971	-0.107249	-0.382537
Chr01	27819030	28102175	-0.242056	-0.067132	-0.043204	-0.167672
Chr01	27946577	28235194	-0.135922	-0.048000	-0.027975	-0.095535
Chr01	28102189	28369967	-0.337086	-0.151219	-0.089952	-0.277825
Chr01	28235427	28522535	-0.517962	-0.288936	-0.155150	-0.443726
Chr01	28370022	28634711	-0.726357	-0.580899	-0.264264	-0.640394
Chr01	28522539	28745277	-0.732649	-0.611432	-0.287612	-0.573169
Chr01	28634859	28999203	-0.213001	-0.066449	-0.048017	-0.124201
Chr01	28745294	29089227	0.115957	0.029841	0.023077	0.068768
Chr01	28999233	29193573	-0.113781	-0.046823	-0.028850	-0.065890
Chr01	29089291	29338576	-0.541546	-0.322252	-0.146038	-0.344736
Chr01	29193615	29502487	-0.641477	-0.203517	-0.122789	-0.461305
Chr01	29338614	29698949	-0.643423	-0.153036	-0.104602	-0.509018
Chr01	29503530	29802068	-0.537344	-0.167524	-0.102634	-0.428690
Chr01	29698976	29936109	-0.174082	-0.065356	-0.038172	-0.135864
Chr01	29802082	30115041	-0.309912	-0.086971	-0.056194	-0.247059
Chr01	29936420	30255415	-0.505107	-0.122774	-0.081278	-0.393792
Chr01	30115048	30380591	-0.188900	-0.051450	-0.034023	-0.123205
Chr01	30255419	30538573	0.007596	0.002974	0.001891	0.000644
Chr01	30380592	30661281	-0.106322	-0.046547	-0.026483	-0.083552
Chr01	30538601	30776026	-0.314042	-0.153640	-0.077311	-0.206891
Chr01	30661313	30923806	-0.198218	-0.074741	-0.042345	-0.132397
Chr01	30776055	31065204	-0.322437	-0.123531	-0.071790	-0.226803
Chr01	30923836	31231741	-0.366045	-0.137634	-0.080859	-0.264190
Chr01	31065234	31333057	-0.232838	-0.087155	-0.051800	-0.135574
Chr01	31231796	31419398	-0.169175	-0.093196	-0.056711	-0.082232
Chr01	31333192	31499262	-0.233074	-0.089940	-0.061662	-0.124205
Chr01	31419428	31571561	-0.297820	-0.141172	-0.088776	-0.172374
Chr01	31499289	31644451	-0.281719	-0.252593	-0.119009	-0.170244
Chr01	31571563	31732867	-0.184154	-0.146738	-0.083239	-0.107373
Chr01	31644612	31829971	-0.095528	-0.040682	-0.028544	-0.054331
Chr01	31732885	31908564	-0.490040	-0.279695	-0.157801	-0.335814
Chr01	31830649	31999478	-0.645074	-0.615092	-0.247842	-0.526588
Chr01	31908569	32165307	-0.537349	-0.233530	-0.130880	-0.409767
Chr01	31999589	32242166	-0.402692	-0.131688	-0.081283	-0.259262
Chr01	32165387	32519402	-0.445683	-0.206011	-0.098008	-0.300499
Chr01	32242186	32757662	-0.504027	-0.198456	-0.095913	-0.362084
Chr01	32519519	32925774	-0.405648	-0.102668	-0.063039	-0.255916
Chr01	32757684	33125805	-0.350167	-0.088398	-0.055381	-0.220407
Chr01	32925928	33216219	-0.469821	-0.147631	-0.087314	-0.342478
Chr01	33125874	33308808	-0.306030	-0.116173	-0.069976	-0.218289
Chr01	33216224	33405358	-0.170822	-0.099595	-0.051350	-0.103301
Chr01	33308815	33543997	-0.449754	-0.195283	-0.118711	-0.316500
Chr01	33406589	33688822	-0.508635	-0.188132	-0.117645	-0.399182
Chr01	33544022	33804287	-0.252231	-0.105139	-0.060411	-0.175003
Chr01	33688859	34010120	-0.000477	-0.000188	-0.000113	0.003230
Chr01	33804290	34149424	-0.239630	-0.098907	-0.056235	-0.175099
Chr01	34010372	34341411	-0.394363	-0.113464	-0.069407	-0.308545
Chr01	34149455	34465714	-0.219040	-0.056014	-0.036419	-0.169824
Chr01	34341810	34638599	-0.168566	-0.061919	-0.034780	-0.114663
Chr01	34465918	34743814	-0.280090	-0.107470	-0.057529	-0.196627
Chr01	34638603	34831315	-0.314087	-0.145951	-0.081340	-0.245983
Chr01	34743879	34995961	-0.325672	-0.108983	-0.066684	-0.250680
Chr01	34831452	35133948	-0.506064	-0.138513	-0.087410	-0.398339
Chr01	34996865	35263568	-0.685705	-0.252982	-0.159878	-0.538371
Chr01	35134002	35394593	-0.589723	-0.269069	-0.163443	-0.445135
Chr01	35263574	35494488	-0.468175	-0.201902	-0.125844	-0.354571
Chr01	35394630	35581522	-0.433440	-0.247236	-0.139636	-0.341628
Chr01	35494507	35660072	-0.135074	-0.100936	-0.050383	-0.101976
Chr01	35581533	35785267	0.076221	0.035599	0.021928	0.051142
Chr01	35660086	35862467	-0.018399	-0.006606	-0.004546	-0.009214
Chr01	35785274	35930755	-0.027199	-0.013404	-0.009402	-0.011694
Chr01	35862584	36088309	-0.173680	-0.079558	-0.052509	-0.115858
Chr01	35930802	36230655	-0.286224	-0.112402	-0.064323	-0.211431
Chr01	36088413	36344124	-0.330464	-0.153374	-0.076935	-0.221242
Chr01	36230661	36461596	-0.195437	-0.071008	-0.041424	-0.114178
Chr01	36344188	36656595	-0.302745	-0.076599	-0.051352	-0.192400
Chr01	36461706	36737191	-0.573941	-0.173160	-0.116769	-0.448322
Chr01	36656660	36832093	-0.501050	-0.215356	-0.124619	-0.409195
Chr01	36737661	36980967	-0.472178	-0.206856	-0.110013	-0.376457
Chr01	36832094	37116677	-0.560747	-0.222666	-0.119026	-0.428376
Chr01	36981030	37245753	-0.399146	-0.120192	-0.071411	-0.311628
Chr01	37116707	37345228	-0.651855	-0.245103	-0.145750	-0.570952
Chr01	37246881	37465881	-0.862783	-0.480065	-0.223444	-0.770546
Chr01	37345263	37568445	-0.871403	-0.602365	-0.240789	-0.780371
Chr01	37465904	37677813	-0.736223	-0.485748	-0.212230	-0.654041
Chr01	37568526	37790099	-0.391628	-0.158374	-0.092132	-0.300532
Chr01	37677836	37984952	-0.123610	-0.035010	-0.023352	-0.089241
Chr01	37790187	38153834	-0.104559	-0.024485	-0.015342	-0.076510
Chr01	37985168	38258675	-0.176972	-0.046946	-0.028598	-0.125567
Chr01	38153860	38411059	-0.025444	-0.007982	-0.005057	-0.013695
Chr01	38258676	38563606	0.040685	0.010697	0.006974	0.027951
Chr01	38411072	38785090	-0.147718	-0.025381	-0.016341	-0.097934
Chr01	38563623	38954443	-0.543743	-0.126449	-0.068563	-0.376457
Chr01	38785096	39164823	-0.535229	-0.188351	-0.096315	-0.397839
Chr01	38954743	39265117	-0.486648	-0.147591	-0.086731	-0.388068
Chr01	39164840	39426660	-0.564565	-0.147647	-0.088951	-0.499956
Chr01	39265165	39560114	-0.756763	-0.206859	-0.124325	-0.715960
Chr01	39427000	39837285	-0.831580	-0.174432	-0.111565	-0.738378
Chr01	39560637	40017573	-0.795479	-0.124208	-0.081467	-0.672455
Chr01	39837573	40268470	-0.689096	-0.112500	-0.075461	-0.610240
Chr01	40017613	40704686	-0.458195	-0.067071	-0.039473	-0.329587
Chr01	40268554	40822029	-0.745771	-0.274337	-0.118723	-0.616144
Chr01	40704703	41016843	-0.811769	-0.330610	-0.154199	-0.741211
Chr01	40822192	41206007	-0.777091	-0.244743	-0.119767	-0.679870
Chr01	41016876	41361672	-0.796847	-0.331624	-0.155186	-0.729869
Chr01	41206063	41521247	-0.566354	-0.180458	-0.097175	-0.475512
Chr01	41361717	41625828	-0.366355	-0.098124	-0.054947	-0.301793
Chr01	41521270	41769106	-0.711015	-0.333836	-0.157631	-0.659146
Chr01	41625875	42116521	-0.746472	-0.288035	-0.123058	-0.679532
Chr01	41769187	42314694	-0.511990	-0.103664	-0.054259	-0.425491
Chr01	42116921	42495643	-0.262555	-0.034613	-0.025213	-0.223996
Chr01	42315592	42685520	-0.070611	-0.008511	-0.006747	-0.063776
Chr01	42495743	43635882	-0.472475	-0.059951	-0.044968	-0.416374
Chr01	42685568	43874978	-0.554872	-0.136437	-0.077534	-0.510031
Chr01	43635986	44107739	-0.691739	-0.359697	-0.149639	-0.670436
Chr01	43879031	44279877	-0.945967	-0.493475	-0.219906	-0.933061
Chr01	44107839	44952985	-0.897137	-0.423984	-0.176868	-0.871994
Chr01	44280006	45853592	-0.863324	-0.407092	-0.142476	-0.832225
Chr01	44953104	46079672	-0.912317	-0.522004	-0.183330	-0.893064
Chr01	45853624	46310915	-0.856104	-0.442044	-0.199489	-0.838513
Chr01	46079675	46544846	-0.748203	-0.297790	-0.142227	-0.725122
Chr01	46311407	46738530	-0.760256	-0.271529	-0.135348	-0.729239
Chr01	46545105	46903789	-0.813374	-0.304265	-0.150457	-0.769007
Chr01	46738659	47119033	-0.745894	-0.222304	-0.117429	-0.691359
Chr01	46903907	47325925	-0.361739	-0.053595	-0.038043	-0.307587
Chr01	47119051	47466422	0.078608	0.012834	0.008852	0.070072
Chr01	47325943	47622760	0.158370	0.044209	0.022642	0.143362
Chr01	47466496	47749589	0.172158	0.050160	0.024067	0.157582
Chr01	47622816	47924190	-0.259594	-0.072931	-0.037652	-0.195413
Chr01	47749702	48103354	-0.197949	-0.055637	-0.033812	-0.163904
Chr01	47924396	48194303	0.149451	0.046327	0.031351	0.117317
Chr01	48103360	48316943	0.081056	0.021747	0.014425	0.055453
Chr01	48195328	48406183	-0.033068	-0.006281	-0.004579	-0.026746
Chr01	48317161	48522795	-0.135347	-0.029195	-0.020005	-0.105542
Chr01	48406232	48615051	-0.165031	-0.035537	-0.022970	-0.110832
Chr01	48522824	48760380	-0.195949	-0.039246	-0.027756	-0.128414
Chr01	48615191	48858089	-0.546110	-0.171552	-0.102218	-0.393529
Chr01	48760401	48944275	-0.838024	-0.692113	-0.246419	-0.672918
Chr01	48858101	49034799	-0.749918	-0.616242	-0.226074	-0.628127
Chr01	48944324	49162531	-0.640276	-0.350477	-0.163601	-0.529333
Chr01	49036178	49231717	-0.871384	-0.954057	-0.331522	-0.777846
Chr01	49162586	49363050	-0.800389	-0.645530	-0.275610	-0.736814
Chr01	49231735	49468465	-0.369619	-0.156880	-0.085951	-0.330098
Chr01	49363201	49611781	-0.159384	-0.048661	-0.029896	-0.129649
Chr01	49468477	49786908	-0.472593	-0.089333	-0.063574	-0.327037
Chr01	49612207	49952363	-0.628632	-0.105863	-0.074642	-0.412217
Chr01	49786915	50056900	-0.533221	-0.138359	-0.093209	-0.405368
Chr01	49952429	50148067	-0.565406	-0.181426	-0.134093	-0.446094
Chr01	50056922	50282519	-0.557136	-0.148646	-0.114042	-0.397911
Chr01	50148189	50428102	-0.441001	-0.116326	-0.089099	-0.350690
Chr01	50282627	50618662	-0.580117	-0.180391	-0.126873	-0.533855
Chr01	50428691	50734399	-0.583923	-0.188254	-0.135193	-0.518193
Chr01	50618668	50930137	-0.265730	-0.055070	-0.046504	-0.158720
Chr01	50734435	51118089	0.351811	0.085397	0.074561	0.211677
Chr01	50930838	51639545	0.253433	0.080593	0.059708	0.208223
Chr01	51118091	52272228	-0.374610	-0.137403	-0.075103	-0.292582
Chr02	69986	614174	-0.229972	-0.050903	-0.035006	-0.155443
Chr02	378912	693527	-0.344933	-0.148174	-0.083312	-0.231062
Chr02	614277	830353	-0.391773	-0.211978	-0.115558	-0.319639
Chr02	693544	1065552	-0.265057	-0.068228	-0.047027	-0.214177
Chr02	830370	1283125	-0.097130	-0.020843	-0.014923	-0.070810
Chr02	1065556	1386185	-0.080766	-0.023866	-0.016622	-0.052361
Chr02	1283144	1482886	0.036296	0.013580	0.010477	0.020537
Chr02	1386215	1749154	-0.144440	-0.035451	-0.024862	-0.099328
Chr02	1482911	1933206	-0.273368	-0.064479	-0.040947	-0.190637
Chr02	1749158	2089368	-0.311003	-0.117788	-0.064375	-0.223855
Chr02	1933271	2262768	-0.411440	-0.145055	-0.085158	-0.302773
Chr02	2089386	2335893	-0.035457	-0.012218	-0.008411	-0.030243
Chr02	2262830	2450689	0.156709	0.078585	0.048154	0.106041
Chr02	2340746	2600436	-0.126774	-0.066721	-0.035912	-0.071088
Chr02	2450939	2753741	-0.140078	-0.065126	-0.039228	-0.073328
Chr02	2600517	2858645	-0.114205	-0.051309	-0.032593	-0.063590
Chr02	2753944	2997006	-0.452789	-0.262571	-0.142075	-0.308166
Chr02	2858658	3150889	-0.500359	-0.247685	-0.141132	-0.300058
Chr02	2997291	3308891	-0.423293	-0.190605	-0.113594	-0.225500
Chr02	3151193	3411680	-0.279383	-0.163053	-0.084341	-0.149228
Chr02	3308954	3522033	-0.023232	-0.015118	-0.007484	-0.012367
Chr02	3411692	3699038	-0.298557	-0.144276	-0.074406	-0.191131
Chr02	3522504	3860609	-0.480166	-0.261658	-0.121938	-0.367889
Chr02	3699057	4026692	-0.355778	-0.147459	-0.078192	-0.264273
Chr02	3860734	4159196	-0.323731	-0.102733	-0.060031	-0.232654
Chr02	4026730	4328608	-0.470232	-0.198446	-0.097189	-0.363122
Chr02	4159349	4539372	-0.331394	-0.116397	-0.061797	-0.251450
Chr02	4328641	4615197	-0.352237	-0.130188	-0.078957	-0.273984
Chr02	4539637	4758460	-0.352034	-0.163523	-0.114377	-0.272409
Chr02	4615420	4904149	-0.112922	-0.053530	-0.035072	-0.061781
Chr02	4758581	5055422	-0.158078	-0.083561	-0.045974	-0.081472
Chr02	4904154	5200605	-0.206592	-0.080113	-0.049169	-0.141306
Chr02	5055462	5333645	-0.053027	-0.017560	-0.010648	-0.035754
Chr02	5200607	5394710	-0.018941	-0.007801	-0.004304	-0.006010
Chr02	5333677	5505449	-0.342467	-0.147963	-0.081880	-0.223743
Chr02	5394747	5664758	-0.348614	-0.102025	-0.065535	-0.207129
Chr02	5505460	5804205	-0.282504	-0.091062	-0.056568	-0.173397
Chr02	5664782	5991928	-0.187133	-0.056658	-0.034069	-0.141042
Chr02	5804208	6187733	-0.488652	-0.167635	-0.090033	-0.405650
Chr02	5992537	6495806	-0.688172	-0.254322	-0.119244	-0.558192
Chr02	6187755	6733564	-0.535720	-0.146442	-0.076029	-0.377837
Chr02	6495908	6939884	-0.434249	-0.109917	-0.065043	-0.287744
Chr02	6733605	7104699	-0.381802	-0.118464	-0.069648	-0.258555
Chr02	6939932	7272584	-0.328796	-0.107664	-0.061284	-0.218334
Chr02	7104715	7478234	-0.150763	-0.041137	-0.025690	-0.098010
Chr02	7272585	7806191	-0.310844	-0.065216	-0.043214	-0.217225
Chr02	7478285	8122727	-0.353579	-0.061476	-0.042365	-0.264956
Chr02	7806633	8265092	-0.267686	-0.057612	-0.039645	-0.205377
Chr02	8122751	8529832	-0.413887	-0.112011	-0.072772	-0.328112
Chr02	8265119	8715368	-0.422888	-0.105786	-0.067193	-0.316438
Chr02	8530990	8858404	-0.500123	-0.160223	-0.090079	-0.360474
Chr02	8715690	9029847	-0.513997	-0.132559	-0.087159	-0.372978
Chr02	8858416	9222615	-0.269161	-0.050253	-0.036093	-0.180237
Chr02	9029849	9373290	-0.066162	-0.018783	-0.011982	-0.044934
Chr02	9222765	9584965	-0.069248	-0.035664	-0.023556	-0.042325
Chr02	9373291	9675588	-0.155753	-0.083079	-0.055016	-0.102136
Chr02	9584983	9810140	-0.123866	-0.058676	-0.036887	-0.084707
Chr02	9675765	10024704	-0.288006	-0.107948	-0.058154	-0.210648
Chr02	9810205	10287723	-0.430743	-0.118014	-0.067100	-0.335572
Chr02	10024996	10494691	-0.458400	-0.114811	-0.071710	-0.363760
Chr02	10287739	10646014	-0.369552	-0.115086	-0.069217	-0.284875
Chr02	10494803	10785906	-0.433234	-0.140302	-0.079958	-0.334251
Chr02	10646095	10940740	-0.363039	-0.119511	-0.067268	-0.292919
Chr02	10786182	11065373	-0.099476	-0.033532	-0.020610	-0.065640
Chr02	10941625	11167045	-0.208233	-0.094436	-0.055948	-0.137120
Chr02	11065410	11315771	-0.381674	-0.215194	-0.108654	-0.293321
Chr02	11167065	11527263	-0.474546	-0.196557	-0.106895	-0.362751
Chr02	11315779	11701903	-0.539649	-0.199840	-0.110776	-0.441909
Chr02	11527968	11829570	-0.708052	-0.362127	-0.178815	-0.644173
Chr02	11701906	12009405	-0.715430	-0.424885	-0.197669	-0.656847
Chr02	11829615	12212375	-0.360193	-0.143431	-0.081813	-0.311410
Chr02	12009410	12401248	-0.145884	-0.047476	-0.029345	-0.120711
Chr02	12212638	12530188	-0.193185	-0.071591	-0.037883	-0.145014
Chr02	12401868	12725131	-0.418084	-0.172371	-0.081623	-0.293590
Chr02	12530296	12983559	-0.511712	-0.174642	-0.090306	-0.389533
Chr02	12725138	13090940	-0.189017	-0.064633	-0.034822	-0.142591
Chr02	12983708	13226813	-0.194698	-0.092247	-0.050491	-0.139251
Chr02	13090944	13378091	-0.385770	-0.182546	-0.095874	-0.298127
Chr02	13227296	13598079	-0.265466	-0.085462	-0.046639	-0.213892
Chr02	13378102	13703895	-0.273639	-0.092606	-0.046889	-0.210053
Chr02	13598143	13902397	-0.266315	-0.099811	-0.052454	-0.189121
Chr02	13703935	14050571	-0.282879	-0.108214	-0.065711	-0.214537
Chr02	13902403	14209026	-0.413977	-0.194063	-0.103295	-0.321279
Chr02	14050610	14338241	-0.303968	-0.111311	-0.062835	-0.200216
Chr02	14210327	14398440	-0.058382	-0.027692	-0.017185	-0.032941
Chr02	14338244	14563331	0.004013	0.001700	0.001065	0.002973
Chr02	14398462	14841762	-0.102308	-0.022483	-0.014202	-0.061847
Chr02	14565613	15054819	-0.220027	-0.043844	-0.028304	-0.141634
Chr02	14841782	15288601	-0.363510	-0.085219	-0.054383	-0.280333
Chr02	15054864	15432691	-0.443819	-0.128272	-0.075507	-0.344783
Chr02	15288866	15585023	-0.175628	-0.065416	-0.035353	-0.130218
Chr02	15432730	15753051	-0.210475	-0.085510	-0.044343	-0.164148
Chr02	15585150	15937780	-0.467574	-0.165346	-0.085509	-0.369915
Chr02	15753059	16103800	-0.549144	-0.212372	-0.103334	-0.441718
Chr02	15937942	16327127	-0.544124	-0.243198	-0.112784	-0.443115
Chr02	16103813	16537690	-0.365427	-0.103704	-0.059563	-0.281472
Chr02	16328438	16742325	-0.284627	-0.067233	-0.041663	-0.203787
Chr02	16537723	16919080	-0.312390	-0.091720	-0.053068	-0.229087
Chr02	16742381	17028733	-0.181281	-0.062268	-0.034890	-0.115368
Chr02	16919336	17096067	0.018212	0.008332	0.003864	0.006421
Chr02	17028849	17223450	0.121415	0.092496	0.034111	0.049996
Chr02	17096181	17282970	-0.241984	-0.115014	-0.069894	-0.175681
Chr02	17223479	17416088	-0.419875	-0.172249	-0.115658	-0.316501
Chr02	17282985	17492900	-0.061267	-0.039185	-0.020749	-0.037174
Chr02	17416222	17582261	-0.101852	-0.058866	-0.030417	-0.060141
Chr02	17492952	17708245	-0.332081	-0.131166	-0.070519	-0.239038
Chr02	17582269	17828749	-0.372739	-0.122370	-0.068681	-0.282756
Chr02	17708302	17920753	-0.663553	-0.327071	-0.123754	-0.554357
Chr02	17828765	18082725	-0.604425	-0.315038	-0.109270	-0.474122
Chr02	17920756	18171296	-0.002461	-0.000835	-0.000453	0.006001
Chr02	18082756	18483129	-0.160990	-0.035404	-0.023940	-0.095762
Chr02	18171317	18644497	-0.271536	-0.051792	-0.035749	-0.180459
Chr02	18483482	18787615	-0.407364	-0.149176	-0.077427	-0.324518
Chr02	18644514	18980805	-0.669385	-0.315003	-0.149078	-0.612884
Chr02	18787618	19174488	-0.652472	-0.261982	-0.135134	-0.577792
Chr02	18980807	19296614	-0.645470	-0.295525	-0.152587	-0.557240
Chr02	19174526	19412874	-0.822272	-0.613992	-0.250229	-0.747697
Chr02	19296645	19560509	-0.734306	-0.458339	-0.187873	-0.606875
Chr02	19412899	19723580	-0.299106	-0.096426	-0.053165	-0.194912
Chr02	19560539	19847391	-0.250013	-0.110052	-0.060184	-0.150732
Chr02	19723589	19910604	-0.460857	-0.588049	-0.190163	-0.296192
Chr02	19847397	20031733	-0.463906	-0.323705	-0.144264	-0.311561
Chr02	19910618	20149189	-0.445740	-0.195826	-0.101768	-0.315820
Chr02	20031762	20217533	-0.624796	-0.432013	-0.179291	-0.456343
Chr02	20149260	20371171	-0.704812	-0.584433	-0.236817	-0.562384
Chr02	20220050	20473025	-0.786562	-0.720268	-0.282707	-0.720539
Chr02	20371256	20617498	-0.760199	-0.522221	-0.215262	-0.650552
Chr02	20473035	20727690	-0.475847	-0.191953	-0.096920	-0.331239
Chr02	20617572	20931009	-0.219052	-0.067048	-0.039938	-0.141712
Chr02	20727993	21108919	-0.270884	-0.062952	-0.038674	-0.188832
Chr02	20931197	21314663	-0.392383	-0.088136	-0.055277	-0.301820
Chr02	21110684	21439104	-0.285746	-0.084639	-0.050992	-0.212522
Chr02	21314748	21581853	-0.025500	-0.009141	-0.005447	-0.015080
Chr02	21439160	21733085	0.120574	0.041829	0.025605	0.078901
Chr02	21581855	21853181	-0.154654	-0.068730	-0.037826	-0.114445
Chr02	21733225	21986561	-0.377389	-0.180986	-0.094513	-0.306253
Chr02	21853336	22125593	-0.284130	-0.129625	-0.063352	-0.229725
Chr02	21986585	22340860	-0.196213	-0.074962	-0.038114	-0.172017
Chr02	22125680	22533909	-0.185226	-0.062251	-0.034643	-0.162555
Chr02	22340875	22674202	-0.165222	-0.063236	-0.033517	-0.129572
Chr02	22533932	22891998	-0.382014	-0.123090	-0.065040	-0.304751
Chr02	22674244	23027006	-0.334463	-0.096499	-0.051122	-0.233551
Chr02	22892013	23413880	-0.241972	-0.109116	-0.051617	-0.145275
Chr02	23027017	23556642	-0.260321	-0.104868	-0.059032	-0.183507
Chr02	23414556	23689274	-0.012967	-0.004693	-0.002572	-0.004881
Chr02	23556675	23874789	-0.061322	-0.023153	-0.011801	-0.047521
Chr02	23689276	24051342	-0.350332	-0.135636	-0.067920	-0.283168
Chr02	23874809	24188455	-0.446131	-0.171031	-0.090098	-0.353667
Chr02	24051383	24312092	-0.429204	-0.157882	-0.095540	-0.335283
Chr02	24189624	24472838	-0.424066	-0.158909	-0.100488	-0.331455
Chr02	24312111	24585830	-0.390593	-0.194087	-0.113970	-0.298096
Chr02	24472941	24692833	-0.157284	-0.101347	-0.056245	-0.123143
Chr02	24585873	24903331	-0.197966	-0.089631	-0.053094	-0.155002
Chr02	24692870	24999929	-0.514899	-0.249634	-0.136088	-0.407823
Chr02	24903333	25182759	-0.524784	-0.177079	-0.108237	-0.386398
Chr02	25000002	25325236	-0.120948	-0.026875	-0.020001	-0.082159
Chr02	25182825	25501058	0.377038	0.093802	0.074732	0.282999
Chr02	25325308	25600385	0.076683	0.024454	0.015963	0.059223
Chr02	25501212	25753820	-0.390809	-0.124486	-0.075181	-0.292931
Chr02	25600464	25941200	-0.096442	-0.021856	-0.012687	-0.049274
Chr02	25753892	26059996	0.064289	0.015946	0.008277	0.051604
Chr02	25941259	26181134	-0.092336	-0.029162	-0.016036	-0.060913
Chr02	26060070	26269590	-0.190702	-0.060832	-0.035174	-0.128055
Chr02	26181150	26410582	-0.035997	-0.010679	-0.006846	-0.024701
Chr02	26269818	26493103	-0.246879	-0.109462	-0.064035	-0.197458
Chr02	26410608	26563571	-0.287006	-0.141661	-0.086164	-0.199902
Chr02	26493108	26688426	0.028019	0.008655	0.005904	0.015861
Chr02	26563588	26910874	-0.323036	-0.112562	-0.064515	-0.206889
Chr02	26688431	27075498	-0.646273	-0.302220	-0.140936	-0.517504
Chr02	26911230	27214360	-0.507692	-0.221272	-0.103837	-0.432226
Chr02	27075887	27375000	-0.271042	-0.079755	-0.042664	-0.200280
Chr02	27214571	27597060	-0.397317	-0.103380	-0.054329	-0.279693
Chr02	27375008	27727187	-0.373547	-0.114735	-0.059457	-0.259764
Chr02	27597081	27895934	-0.249822	-0.086102	-0.046002	-0.167258
Chr02	27727218	28039097	-0.444524	-0.220205	-0.103917	-0.355074
Chr02	27896037	28271831	-0.704696	-0.325758	-0.157431	-0.630198
Chr02	28039198	28400460	-0.747278	-0.287334	-0.151291	-0.657423
Chr02	28271846	28573646	-0.658251	-0.339696	-0.159138	-0.548676
Chr02	28400595	28681496	-0.454635	-0.245190	-0.111518	-0.328352
Chr02	28573985	28899683	-0.142094	-0.042160	-0.024276	-0.094567
Chr02	28681506	29199705	-0.160959	-0.035966	-0.019363	-0.107097
Chr02	28899855	29297894	-0.200432	-0.053183	-0.027944	-0.136235
Chr02	29199825	29463492	-0.335420	-0.094858	-0.055017	-0.252518
Chr02	29297912	29612624	-0.175469	-0.047518	-0.027254	-0.131367
Chr02	29464671	29750236	-0.039752	-0.012386	-0.007315	-0.026621
Chr02	29612751	29920946	-0.132745	-0.039277	-0.023366	-0.094745
Chr02	29750247	30093480	-0.214835	-0.059836	-0.035090	-0.167051
Chr02	29920962	30348714	-0.451147	-0.123073	-0.067126	-0.356911
Chr02	30093513	30449948	-0.574746	-0.194671	-0.107037	-0.487871
Chr02	30348717	30594322	-0.593266	-0.255638	-0.144110	-0.527440
Chr02	30449979	30795551	-0.515212	-0.191490	-0.104539	-0.416989
Chr02	30594396	30949258	-0.501931	-0.159170	-0.089371	-0.409835
Chr02	30795652	31059997	-0.463185	-0.167312	-0.092066	-0.383864
Chr02	30949280	31195629	-0.357470	-0.139103	-0.077093	-0.296815
Chr02	31060028	31374219	-0.623358	-0.244706	-0.123283	-0.559466
Chr02	31195754	31554201	-0.854544	-0.345698	-0.168347	-0.789791
Chr02	31374248	31696863	-0.785412	-0.360033	-0.176173	-0.716731
Chr02	31554214	31890769	-0.503598	-0.213247	-0.106986	-0.428583
Chr02	31696922	32022763	-0.208569	-0.063225	-0.032881	-0.152344
Chr02	31891067	32205303	-0.227933	-0.051555	-0.029598	-0.140897
Chr02	32022812	32446810	-0.544369	-0.128098	-0.076606	-0.421177
Chr02	32205307	32554479	-0.581005	-0.196997	-0.108017	-0.498479
Chr02	32446826	32662724	-0.552541	-0.259752	-0.123615	-0.456471
Chr02	32554502	32793699	-0.557862	-0.263904	-0.123246	-0.469401
Chr02	32662767	32951948	-0.442933	-0.181041	-0.098302	-0.308065
Chr02	32793713	33116118	-0.334185	-0.113457	-0.073119	-0.222256
Chr02	32952317	33209350	-0.504556	-0.230232	-0.131931	-0.395444
Chr02	33116128	33373694	-0.423586	-0.183127	-0.096296	-0.302399
Chr02	33209709	33582250	-0.309178	-0.085724	-0.050115	-0.232485
Chr02	33374031	33689216	-0.204260	-0.051682	-0.032507	-0.154119
Chr02	33582251	33835211	-0.016567	-0.004389	-0.002612	-0.013875
Chr02	33689386	34038091	-0.335308	-0.095610	-0.048413	-0.240741
Chr02	33835280	34177714	-0.459902	-0.135166	-0.068493	-0.352095
Chr02	34038098	34288525	-0.238016	-0.075231	-0.043402	-0.196854
Chr02	34177726	34407553	-0.303242	-0.118156	-0.066841	-0.242014
Chr02	34288528	34521397	-0.555973	-0.266338	-0.129443	-0.427738
Chr02	34407632	34626616	-0.741039	-0.356670	-0.171528	-0.598100
Chr02	34521398	34720789	-0.922297	-0.500116	-0.229980	-0.785967
Chr02	34626944	34827864	-0.810699	-0.450789	-0.210699	-0.685313
Chr02	34720996	34944573	-0.589258	-0.281470	-0.133633	-0.402971
Chr02	34827870	35045053	-0.468180	-0.216481	-0.098884	-0.290556
Chr02	34944787	35195091	-0.256900	-0.099475	-0.052406	-0.198361
Chr02	35045072	35393311	-0.181424	-0.056115	-0.032833	-0.144084
Chr02	35195120	35496910	-0.283021	-0.100862	-0.056711	-0.217690
Chr02	35393320	35654365	-0.446809	-0.222176	-0.116596	-0.317461
Chr02	35496917	35833373	-0.605463	-0.279338	-0.144306	-0.429505
Chr02	35654421	35932701	-0.490239	-0.252102	-0.122216	-0.305728
Chr02	35833394	36076535	-0.512450	-0.394811	-0.173144	-0.344211
Chr02	35932725	36180005	-0.763949	-0.704150	-0.272022	-0.658752
Chr02	36076547	36408789	-0.520485	-0.217364	-0.115114	-0.430409
Chr02	36180021	36470337	0.189582	0.040586	0.027701	0.132883
Chr02	36408831	36604802	0.024270	0.004199	0.003267	0.019150
Chr02	36470384	36770747	-0.259397	-0.060206	-0.039371	-0.210594
Chr02	36604811	36883591	-0.419970	-0.179392	-0.091262	-0.366650
Chr02	36770786	36999276	-0.424436	-0.215781	-0.107596	-0.369371
Chr02	36883606	37087853	-0.008181	-0.003972	-0.002075	0.007541
Chr02	36999306	37213161	0.119013	0.056670	0.029943	0.111921
Chr02	37087855	37303317	-0.225458	-0.108144	-0.057435	-0.172317
Chr02	37213398	37434422	-0.422397	-0.184517	-0.086611	-0.302710
Chr02	37303383	37648892	-0.298104	-0.085590	-0.048610	-0.225076
Chr02	37434463	37754503	-0.247368	-0.078449	-0.045340	-0.207021
Chr02	37648903	37905214	-0.539755	-0.184725	-0.099352	-0.459998
Chr02	37754628	38079792	-0.708738	-0.183524	-0.099069	-0.556777
Chr02	37905461	38249340	-0.644854	-0.172997	-0.090159	-0.487171
Chr02	38079943	38408909	-0.526065	-0.144209	-0.078970	-0.404524
Chr02	38249341	38614256	-0.312115	-0.052898	-0.033557	-0.229884
Chr02	38408933	38851712	-0.431827	-0.053025	-0.035937	-0.334280
Chr02	38614412	38993502	-0.560787	-0.097134	-0.064626	-0.467725
Chr02	38851714	39082185	-0.197265	-0.062060	-0.042851	-0.147189
Chr02	38993541	39226715	-0.160133	-0.058980	-0.034688	-0.120367
Chr02	39082192	39428777	-0.705282	-0.279872	-0.130943	-0.591586
Chr02	39226716	39580976	-0.655699	-0.267251	-0.126782	-0.549612
Chr02	39428807	39741325	-0.581666	-0.206438	-0.109414	-0.498276
Chr02	39581136	40023217	-0.799731	-0.242789	-0.131711	-0.725174
Chr02	39741377	40319903	-0.815881	-0.196894	-0.112185	-0.757245
Chr02	40023291	40517666	-0.733656	-0.224208	-0.111874	-0.699249
Chr02	40319930	40812677	-0.703592	-0.302937	-0.129914	-0.683673
Chr02	40518047	41420291	-0.832536	-0.408569	-0.171029	-0.811311
Chr02	40812678	41550929	-0.917755	-0.610973	-0.224518	-0.900409
Chr02	41420304	41716784	-0.910894	-0.579027	-0.221280	-0.894251
Chr02	41550971	41845640	-0.904085	-0.607237	-0.229706	-0.879567
Chr02	41716879	42853318	-0.874814	-0.653889	-0.247256	-0.837106
Chr02	41845783	43058865	-0.872662	-0.533974	-0.218609	-0.842069
Chr02	42853388	43245216	-0.864019	-0.498983	-0.204207	-0.833792
Chr02	43058882	43395723	-0.854022	-0.564857	-0.231256	-0.824295
Chr02	43245312	43516945	-0.898237	-0.512885	-0.231180	-0.874430
Chr02	43395730	43689073	-0.801551	-0.361684	-0.165301	-0.752996
Chr02	43517138	43894723	-0.530827	-0.153245	-0.077959	-0.470492
Chr02	43690437	44052091	-0.602556	-0.167208	-0.090741	-0.554025
Chr02	43894838	44175459	-0.755867	-0.312055	-0.152891	-0.705771
Chr02	44052159	44374553	-0.768438	-0.256445	-0.134318	-0.706220
Chr02	44175796	44714583	-0.706125	-0.120739	-0.075438	-0.620867
Chr02	44374561	44966191	-0.688658	-0.115498	-0.070890	-0.601024
Chr02	44715377	45157140	-0.703710	-0.162542	-0.091476	-0.625398
Chr02	44966209	45393726	-0.629630	-0.165824	-0.090201	-0.560653
Chr02	45157366	45537574	-0.714048	-0.232295	-0.112250	-0.648630
Chr02	45393889	45662714	-0.831477	-0.269072	-0.137528	-0.753509
Chr02	45538528	45871835	-0.831938	-0.236185	-0.139894	-0.728130
Chr02	45663026	46037861	-0.667122	-0.176675	-0.096826	-0.531705
Chr02	45873172	46240141	-0.305061	-0.076211	-0.040814	-0.243941
Chr02	46038084	46435785	-0.454311	-0.101710	-0.062319	-0.382832
Chr02	46240214	46649966	-0.707948	-0.171623	-0.100601	-0.612234
Chr02	46435812	46840457	-0.733416	-0.208630	-0.108208	-0.630228
Chr02	46650120	47219694	-0.612672	-0.197196	-0.101289	-0.480036
Chr02	46842422	47329537	-0.467567	-0.202107	-0.106252	-0.357080
Chr02	47219709	47495278	-0.585776	-0.241030	-0.129135	-0.466814
Chr02	47329544	47566855	-0.603485	-0.337891	-0.151776	-0.464836
Chr02	47495292	47710711	-0.473384	-0.256761	-0.109328	-0.348711
Chr02	47566910	47797716	-0.454450	-0.233660	-0.107766	-0.354291
Chr02	47710740	47920763	-0.499494	-0.253527	-0.127056	-0.404454
Chr02	47797957	48086151	-0.628260	-0.275638	-0.143444	-0.539686
Chr02	47920771	48214342	-0.679204	-0.290560	-0.146955	-0.624485
Chr02	48086166	48396184	-0.571369	-0.143743	-0.082523	-0.507308
Chr02	48214377	48563754	-0.502188	-0.085190	-0.055338	-0.417971
Chr02	48396280	48669065	-0.655704	-0.179094	-0.106813	-0.576198
Chr02	48566176	48814889	-0.718474	-0.337707	-0.187595	-0.666852
Chr02	48669080	48940586	-0.613310	-0.226151	-0.136295	-0.531833
Chr02	48815876	49010867	-0.747441	-0.354807	-0.167590	-0.622738
Chr02	48940590	49077037	-0.908449	-1.115493	-0.351648	-0.825059
Chr02	49011020	49198748	-0.852593	-0.642728	-0.266278	-0.744701
Chr02	49077051	49319016	-0.625669	-0.250592	-0.139957	-0.481799
Chr02	49200473	49376157	-0.510674	-0.251996	-0.147100	-0.327249
Chr02	49319160	49495131	-0.541062	-0.451294	-0.169928	-0.347976
Chr02	49376234	49605337	-0.423781	-0.382288	-0.139382	-0.290774
Chr02	49495193	49701640	-0.327927	-0.202345	-0.099461	-0.210971
Chr02	49605351	49764555	-0.428181	-0.294016	-0.132365	-0.295045
Chr02	49701688	49958036	-0.392944	-0.115132	-0.069293	-0.245971
Chr02	49764576	50112324	-0.296983	-0.075413	-0.051050	-0.178850
Chr02	49958137	50341187	-0.297862	-0.128301	-0.081730	-0.183145
Chr02	50113508	50513987	-0.397664	-0.140344	-0.082505	-0.248256
Chr02	50341212	50689258	-0.340192	-0.101605	-0.057737	-0.185260
Chr02	50514014	50993383	0.014762	0.002883	0.001974	0.007908
Chr02	50689364	51158498	0.364645	0.077123	0.058656	0.272857
Chr02	50993384	51319034	0.098302	0.025056	0.018493	0.075171
Chr02	51158540	51491209	-0.307979	-0.074540	-0.050731	-0.219365
Chr02	51319090	51572988	-0.235603	-0.086517	-0.059388	-0.183483
Chr02	51491441	51641497	-0.171652	-0.089206	-0.070683	-0.153106
Chr02	51573244	51724820	-0.105271	-0.056199	-0.045035	-0.090851
Chr02	51641511	51898173	-0.240556	-0.075242	-0.061787	-0.202793
Chr02	51724870	52020130	-0.321260	-0.051802	-0.045410	-0.271442
Chr02	51898209	52123309	-0.193330	-0.038032	-0.032187	-0.166338
Chr02	52020166	52237126	-0.287952	-0.112686	-0.077176	-0.239625
Chr02	52123338	52359981	-0.536202	-0.317130	-0.164896	-0.442088
Chr02	52237175	52534626	-0.685247	-0.333492	-0.164025	-0.593771
Chr02	52360017	52678898	-0.591523	-0.214241	-0.114739	-0.498549
Chr02	52534637	52898054	-0.416860	-0.082687	-0.051164	-0.308281
Chr02	52678904	53062241	-0.361250	-0.076208	-0.044572	-0.271158
Chr02	52898055	53133681	-0.270864	-0.143647	-0.073924	-0.217514
Chr02	53062242	53296492	-0.566173	-0.409897	-0.200731	-0.487037
Chr02	53134415	53431545	-0.636435	-0.406370	-0.183933	-0.544969
Chr02	53296493	53542858	-0.553152	-0.333236	-0.152301	-0.426824
Chr02	53431656	53644790	-0.697312	-0.576099	-0.236395	-0.532783
Chr02	53542868	53831991	-0.601505	-0.285523	-0.158219	-0.446828
Chr02	53645088	54032687	-0.273343	-0.075160	-0.048513	-0.187636
Chr02	53832063	54133744	-0.209454	-0.064280	-0.038450	-0.136872
Chr02	54032703	54354222	-0.250522	-0.070688	-0.045380	-0.162051
Chr02	54133825	54538197	-0.385559	-0.120937	-0.064188	-0.293001
Chr02	54354370	54735620	-0.611038	-0.236548	-0.088855	-0.511187
Chr02	54538206	54865463	-0.563558	-0.238029	-0.097078	-0.483144
Chr02	54735641	55010168	-0.426157	-0.183309	-0.093532	-0.359064
Chr02	54865496	55197024	-0.490762	-0.180333	-0.091816	-0.372108
Chr02	55010266	55375304	-0.483383	-0.166885	-0.090353	-0.375136
Chr02	55197068	55517552	-0.602538	-0.257946	-0.138429	-0.521886
Chr02	55375352	55742033	-0.692744	-0.239129	-0.137031	-0.614173
Chr02	55518616	55885985	-0.765341	-0.249710	-0.146635	-0.704414
Chr02	55742103	56058762	-0.721527	-0.266823	-0.154197	-0.620675
Chr02	55885995	56188751	-0.426537	-0.124878	-0.079672	-0.322361
Chr02	56058767	56324560	-0.264507	-0.075974	-0.049754	-0.191874
Chr02	56189047	56455928	-0.356616	-0.107111	-0.062877	-0.267757
Chr02	56324569	56577139	-0.384145	-0.139484	-0.078107	-0.280433
Chr02	56455931	56737921	-0.210818	-0.113003	-0.071371	-0.139195
Chr02	56577152	56831915	0.073655	0.038485	0.029178	0.034436
Chr02	56737980	56999057	-0.124187	-0.058546	-0.039010	-0.070210
Chr02	56831932	57207026	-0.479098	-0.189388	-0.114981	-0.352635
Chr02	56999088	57409419	-0.301908	-0.073892	-0.049199	-0.209169
Chr02	57207040	57582449	-0.314532	-0.063745	-0.044789	-0.212765
Chr02	57409440	57716912	-0.547578	-0.157666	-0.102596	-0.420087
Chr02	57582457	57869927	-0.583819	-0.194075	-0.115300	-0.437785
Chr02	57717006	58046661	-0.365785	-0.111308	-0.069753	-0.275106
Chr02	57869958	58151349	-0.238473	-0.074813	-0.044914	-0.194094
Chr02	58046902	58248653	-0.175182	-0.061199	-0.033526	-0.127763
Chr02	58151433	58390511	-0.290809	-0.120718	-0.068316	-0.189804
Chr02	58248694	58607322	-0.180248	-0.052044	-0.035787	-0.127193
Chr02	58390568	58722050	-0.054673	-0.015998	-0.010426	-0.039503
Chr02	58607767	58847811	-0.344665	-0.159634	-0.083874	-0.271085
Chr02	58722394	59110767	-0.390669	-0.127996	-0.070856	-0.300511
Chr02	58847818	59254143	-0.314346	-0.077282	-0.046613	-0.195693
Chr02	59110853	59360018	-0.262377	-0.096024	-0.051468	-0.174073
Chr02	59254197	59466834	-0.290330	-0.139070	-0.066368	-0.208790
Chr02	59360041	59569798	-0.393675	-0.176318	-0.100076	-0.252487
Chr02	59466847	59618245	-0.235325	-0.123592	-0.076878	-0.137215
Chr02	59569804	59692018	-0.162503	-0.148520	-0.086155	-0.104038
Chr02	59618276	59780454	-0.330729	-0.283822	-0.165192	-0.222656
Chr02	59692039	59940925	-0.247593	-0.155147	-0.092083	-0.172078
Chr02	59780457	60046256	-0.181552	-0.087360	-0.054264	-0.121495
Chr02	59941375	60085787	-0.192078	-0.112960	-0.076348	-0.123575
Chr02	60046273	60302630	0.088492	0.054096	0.038045	0.049753
Chr02	60085791	60382109	0.232253	0.129923	0.082748	0.108108
Chr02	60302642	60524407	0.110659	0.092986	0.053335	0.054766
Chr02	60382133	60619725	-0.105218	-0.108179	-0.050966	-0.055495
Chr02	60524433	60996812	-0.122033	-0.095540	-0.046127	-0.050377
Chr02	60619768	61091757	-0.128192	-0.068439	-0.039270	-0.064145
Chr02	60996844	61220264	-0.540615	-0.247347	-0.121060	-0.391587
Chr02	61091811	61336373	-0.741132	-0.422593	-0.179112	-0.659361
Chr02	61220862	61556563	-0.703366	-0.371690	-0.172915	-0.624706
Chr02	61336391	61741563	-0.486403	-0.156735	-0.090014	-0.399638
Chr02	61556568	61927359	-0.347709	-0.113454	-0.066849	-0.255145
Chr02	61741580	62095299	-0.029957	-0.013630	-0.007944	-0.011294
Chr02	61927897	62199677	0.025250	0.012516	0.006600	0.021685
Chr02	62095343	62309256	-0.237309	-0.100358	-0.048000	-0.183120
Chr02	62199748	62522289	-0.373174	-0.142760	-0.067640	-0.322198
Chr02	62309281	62696362	-0.367007	-0.145168	-0.069918	-0.292577
Chr02	62522331	62811628	-0.187254	-0.079774	-0.040764	-0.124770
Chr02	62696392	62931166	-0.296970	-0.128129	-0.064709	-0.193814
Chr02	62811690	63027125	-0.332584	-0.143984	-0.074109	-0.201341
Chr02	62931350	63188598	-0.445417	-0.147387	-0.091752	-0.284161
Chr02	63027589	63307598	-0.434250	-0.139599	-0.090396	-0.322171
Chr02	63188599	63476559	-0.447860	-0.187641	-0.095613	-0.363267
Chr02	63307628	63803707	-0.472511	-0.185349	-0.086675	-0.389396
Chr02	63476846	63967832	-0.442266	-0.144180	-0.072400	-0.358685
Chr02	63804073	64064959	-0.181084	-0.068619	-0.035024	-0.156449
Chr02	63967893	64185647	0.081660	0.034752	0.018266	0.075995
Chr02	64064968	64386399	-0.170299	-0.071460	-0.035179	-0.150052
Chr02	64185660	64538746	-0.397496	-0.154423	-0.077360	-0.336214
Chr02	64386739	64710555	-0.348796	-0.138765	-0.074192	-0.271900
Chr02	64538811	64914975	-0.284240	-0.103658	-0.056061	-0.207618
Chr02	64710560	65124139	-0.372600	-0.104054	-0.063077	-0.281748
Chr02	64915005	65224842	-0.317377	-0.098324	-0.062898	-0.229740
Chr02	65124162	65313650	-0.288685	-0.123398	-0.071493	-0.165414
Chr02	65224848	65483838	-0.179148	-0.070811	-0.044337	-0.118697
Chr02	65313657	65642955	-0.094198	-0.038058	-0.024778	-0.072364
Chr02	65483952	65728981	-0.157452	-0.088389	-0.048831	-0.122194
Chr02	65643139	65905553	-0.161557	-0.080644	-0.044112	-0.115959
Chr02	65729132	66047469	-0.420166	-0.174066	-0.096211	-0.306021
Chr02	65906303	66222537	-0.561022	-0.240187	-0.129672	-0.416103
Chr02	66047648	66380384	-0.417265	-0.159434	-0.089278	-0.285229
Chr02	66222553	66503861	-0.279340	-0.106175	-0.057947	-0.183942
Chr02	66380439	66656602	-0.194719	-0.066375	-0.040164	-0.130215
Chr02	66503862	66720373	-0.349825	-0.164742	-0.088582	-0.240589
Chr02	66656760	66852771	-0.513061	-0.273504	-0.125033	-0.382176
Chr02	66720450	67015672	-0.313173	-0.113310	-0.063089	-0.229620
Chr02	66852797	67217346	-0.215954	-0.068540	-0.039967	-0.160774
Chr02	67016428	67320565	-0.287363	-0.088584	-0.055053	-0.210258
Chr02	67217413	67424768	-0.139279	-0.043436	-0.032403	-0.088945
Chr02	67320833	67546379	-0.008288	-0.003155	-0.002165	-0.004919
Chr02	67425018	67635770	0.056229	0.023622	0.016927	0.037790
Chr02	67546385	67729941	-0.054509	-0.022001	-0.016364	-0.042832
Chr02	67635965	67887768	-0.176777	-0.065373	-0.042059	-0.119197
Chr02	67730065	67992030	-0.181676	-0.060788	-0.036384	-0.122270
Chr02	67887816	68113072	-0.184757	-0.058198	-0.036182	-0.122013
Chr02	67992242	68241818	-0.163849	-0.071048	-0.043361	-0.104655
Chr02	68113079	68380127	-0.173139	-0.120240	-0.059699	-0.093768
Chr02	68241957	68476487	-0.137744	-0.095061	-0.047568	-0.066710
Chr02	68380637	68595187	-0.156714	-0.063989	-0.039405	-0.093397
Chr02	68476503	68806643	-0.129000	-0.042369	-0.028068	-0.082189
Chr02	68595470	68968096	0.008153	0.002490	0.001604	0.007564
Chr02	68806763	69041405	-0.157682	-0.060391	-0.033648	-0.113556
Chr02	68968442	69242049	-0.250553	-0.135913	-0.068221	-0.163720
Chr02	69041493	69370292	-0.267922	-0.147459	-0.082657	-0.170630
Chr02	69242173	69460037	-0.607441	-0.418040	-0.221490	-0.478847
Chr02	69370293	69612281	-0.481533	-0.266238	-0.152259	-0.393561
Chr02	69460043	69742612	-0.421013	-0.139710	-0.080577	-0.324764
Chr02	69612688	69909750	-0.519262	-0.147699	-0.084122	-0.420828
Chr02	69742632	70036949	-0.380260	-0.124049	-0.076009	-0.317098
Chr02	69909907	70116226	-0.322889	-0.139627	-0.086582	-0.213461
Chr02	70036950	70206958	-0.184403	-0.127143	-0.063403	-0.102979
Chr02	70116231	70327526	-0.197242	-0.093534	-0.048233	-0.111014
Chr02	70206974	70554187	-0.135972	-0.046805	-0.022960	-0.080099
Chr02	70327586	70680283	-0.219622	-0.102974	-0.044942	-0.155465
Chr02	70554210	70756595	-0.330924	-0.215676	-0.100389	-0.221943
Chr02	70680340	70913593	-0.011222	-0.005965	-0.003734	0.003675
Chr02	70756656	70990557	0.493490	0.199147	0.146841	0.359467
Chr02	70913594	71103168	0.293815	0.114332	0.082673	0.214361
Chr02	70990607	71320488	-0.003825	-0.001693	-0.001046	0.004978
Chr02	71103215	71561152	0.204472	0.086452	0.053715	0.147477
Chr02	71320494	71706455	0.027308	0.008358	0.006003	0.026275
Chr02	71561186	71889988	-0.206564	-0.059730	-0.042651	-0.125858
Chr02	71706607	72227735	-0.285014	-0.079472	-0.048224	-0.187004
Chr02	71889995	72413646	-0.509873	-0.140539	-0.084484	-0.402015
Chr02	72227882	72504449	-0.544454	-0.212291	-0.120914	-0.429220
Chr02	72413682	72631954	-0.385178	-0.273244	-0.108379	-0.252705
Chr02	72504451	72768176	-0.051745	-0.023884	-0.012661	-0.032094
Chr02	72632016	72937044	-0.094578	-0.036518	-0.021906	-0.075190
Chr02	72768179	73055398	-0.581598	-0.363418	-0.166958	-0.460907
Chr02	72937114	73262330	-0.576143	-0.218543	-0.122957	-0.445114
Chr02	73055553	73363246	-0.256741	-0.068306	-0.046032	-0.187227
Chr02	73262344	73458304	-0.216108	-0.116378	-0.071796	-0.155066
Chr02	73363263	73606159	-0.220125	-0.143951	-0.077609	-0.163603
Chr02	73458338	73680774	-0.106348	-0.069571	-0.037037	-0.071754
Chr02	73606184	73868647	-0.246722	-0.108215	-0.065644	-0.155321
Chr02	73681442	73935560	-0.389074	-0.181395	-0.111303	-0.272930
Chr02	73868679	74026378	-0.180895	-0.143969	-0.081362	-0.118056
Chr02	73935795	74145042	-0.001797	-0.001046	-0.000617	-0.000798
Chr02	74026481	74304671	-0.256804	-0.094851	-0.055326	-0.157732
Chr02	74145055	74400832	-0.300867	-0.131441	-0.073259	-0.201014
Chr02	74304681	74507385	-0.180964	-0.144233	-0.074631	-0.114052
Chr02	74400885	74600664	-0.305120	-0.202318	-0.085038	-0.189368
Chr02	74507442	74835054	-0.240670	-0.062857	-0.036627	-0.155586
Chr02	74600763	74996494	-0.260569	-0.065372	-0.041887	-0.205758
Chr02	74837584	75373481	-0.272272	-0.113896	-0.066676	-0.211807
Chr02	74996600	75963354	-0.200020	-0.095925	-0.058813	-0.141045
Chr02	75373483	76141478	-0.117518	-0.064982	-0.040427	-0.078876
Chr02	75963365	76293414	-0.221915	-0.079990	-0.051718	-0.141708
Chr02	76141500	76481466	-0.318709	-0.096371	-0.061436	-0.227617
Chr02	76293465	76740749	-0.176877	-0.052886	-0.034700	-0.122818
Chr02	76482129	76884507	-0.204148	-0.052848	-0.037210	-0.142015
Chr02	76740805	77061294	-0.305575	-0.073473	-0.049234	-0.216025
Chr02	76884514	77207535	-0.258786	-0.067637	-0.042201	-0.184534
Chr02	77061300	77377713	-0.369268	-0.118233	-0.068337	-0.289670
Chr02	77208131	77507829	-0.262037	-0.091990	-0.051501	-0.205030
Chr02	77378696	77644949	-0.285905	-0.113016	-0.065691	-0.224216
Chr02	77507877	77841845	-0.449230	-0.164195	-0.096347	-0.365641
Chr02	77644952	78004601	-0.512979	-0.162962	-0.096647	-0.427282
Chr02	77841888	78189897	-0.542559	-0.158936	-0.094280	-0.434140
Chr02	78004605	78334307	-0.539429	-0.182956	-0.102448	-0.419549
Chr02	78190120	78491415	-0.568729	-0.245002	-0.128178	-0.436772
Chr02	78334313	78671423	-0.394142	-0.122736	-0.073927	-0.280257
Chr02	78491572	78801412	-0.413760	-0.151170	-0.088776	-0.320681
Chr02	78671522	78953143	-0.340778	-0.197422	-0.105060	-0.257767
Chr02	78801468	79122846	-0.106823	-0.029162	-0.017800	-0.073738
Chr02	78953239	79274290	-0.235492	-0.054879	-0.034056	-0.163571
Chr02	79122954	79413659	-0.215765	-0.063825	-0.041109	-0.130970
Chr02	79274293	79555727	0.094083	0.051676	0.030085	0.066511
Chr02	79413662	79819716	-0.050996	-0.020584	-0.011918	-0.044537
Chr02	79555742	80040171	-0.335371	-0.110472	-0.059246	-0.283332
Chr02	79819721	80166623	-0.298412	-0.123337	-0.061873	-0.239768
Chr02	80040365	80331287	-0.403083	-0.169427	-0.091629	-0.317178
Chr02	80166666	80463984	-0.499409	-0.192040	-0.114094	-0.440240
Chr02	80331367	80582405	-0.392362	-0.151687	-0.092024	-0.325313
Chr02	80464071	80720272	-0.399761	-0.171992	-0.087729	-0.298780
Chr02	80582411	80840003	-0.393018	-0.168250	-0.083070	-0.297769
Chr02	80720483	80952572	0.023928	0.008416	0.005026	0.019311
Chr02	80840047	81137089	-0.238086	-0.084344	-0.047915	-0.183157
Chr02	80952825	81358596	-0.524794	-0.134611	-0.080825	-0.405162
Chr02	81137130	81525820	-0.547231	-0.155112	-0.091128	-0.434872
Chr02	81358608	81692491	-0.520580	-0.234146	-0.120277	-0.414542
Chr02	81525874	81873765	-0.430810	-0.159699	-0.089417	-0.323249
Chr02	81693020	82010009	-0.437635	-0.141730	-0.083321	-0.327511
Chr02	81873788	82169661	-0.296241	-0.090218	-0.055716	-0.208683
Chr02	82010026	82305781	-0.170457	-0.052411	-0.032981	-0.126208
Chr02	82169680	82416147	-0.046460	-0.016430	-0.010055	-0.028636
Chr02	82305829	82527168	-0.072906	-0.032078	-0.017629	-0.048298
Chr02	82416172	82639733	-0.513397	-0.291221	-0.144381	-0.429923
Chr02	82527178	82723920	-0.597692	-0.403307	-0.191962	-0.489750
Chr02	82639750	82872645	-0.373457	-0.181314	-0.094936	-0.285324
Chr02	82723932	83061397	-0.192522	-0.067810	-0.040320	-0.132042
Chr02	82872816	83186527	-0.159435	-0.066305	-0.041651	-0.102619
Chr02	83061434	83319012	-0.335761	-0.165941	-0.093538	-0.203644
Chr02	83186835	83425857	-0.288922	-0.141012	-0.078321	-0.171953
Chr02	83319066	83528157	-0.236381	-0.130288	-0.071881	-0.149668
Chr02	83425874	83678036	-0.157561	-0.063437	-0.035905	-0.097696
Chr02	83528222	83907013	-0.164603	-0.048058	-0.027086	-0.124243
Chr02	83678147	84102009	-0.228539	-0.066208	-0.037823	-0.175740
Chr02	83907053	84203828	-0.209929	-0.072830	-0.041198	-0.144937
Chr02	84102028	84345632	-0.455135	-0.200555	-0.112189	-0.359044
Chr02	84203926	84491999	-0.469487	-0.199671	-0.119770	-0.370922
Chr02	84345914	84605975	-0.060555	-0.023409	-0.014024	-0.045616
Chr02	84492098	84804105	-0.168178	-0.051306	-0.031056	-0.124328
Chr02	84605984	84908252	-0.398169	-0.129344	-0.079516	-0.270780
Chr02	84804207	85080846	-0.167911	-0.044323	-0.029259	-0.114872
Chr02	84908391	85177344	-0.019013	-0.004351	-0.003043	-0.014317
Chr02	85080918	85263672	-0.114259	-0.052400	-0.036254	-0.070082
Chr02	85177408	85393085	-0.021175	-0.008222	-0.005817	-0.014140
Chr02	85263726	85507027	-0.057625	-0.023109	-0.015336	-0.036706
Chr02	85393147	85680481	-0.004437	-0.001385	-0.000917	-0.003941
Chr02	85507235	85894696	0.020819	0.007029	0.004568	0.018139
Chr02	85681474	86083676	0.026182	0.009250	0.006305	0.016943
Chr02	85894706	86184614	-0.085972	-0.029235	-0.019169	-0.066931
Chr02	86083795	86396562	-0.419597	-0.167764	-0.091131	-0.288144
Chr02	86184767	86636780	-0.535613	-0.185058	-0.099569	-0.435418
Chr02	86397654	86775499	-0.682592	-0.299208	-0.146011	-0.601391
Chr02	86636801	86954537	-0.767704	-0.492890	-0.206952	-0.675079
Chr02	86775503	87211865	-0.508750	-0.246894	-0.122616	-0.414151
Chr02	86954570	87275013	0.041994	0.014792	0.007618	0.022215
Chr02	87211998	87365608	0.163234	0.074785	0.029147	0.062785
Chr02	87275054	87435578	-0.038569	-0.023209	-0.009836	-0.021805
Chr02	87365708	87539538	0.186555	0.148827	0.073333	0.121014
Chr02	87435581	87652734	0.484576	0.355633	0.211033	0.356246
Chr02	87539559	87789600	0.121970	0.054127	0.030290	0.085772
Chr02	87652922	87941564	-0.210852	-0.078926	-0.042904	-0.145784
Chr02	87789615	88135760	-0.033195	-0.014946	-0.008271	-0.027664
Chr02	87941580	88321495	0.118119	0.059617	0.037097	0.079266
Chr02	88135879	88421980	0.290489	0.150593	0.104657	0.169874
Chr02	88321501	88577467	-0.029695	-0.013748	-0.007672	-0.022384
Chr02	88422109	88719198	-0.099110	-0.037114	-0.021095	-0.065079
Chr02	88578408	88811008	-0.252161	-0.121651	-0.068411	-0.174395
Chr02	88719246	88944193	-0.551912	-0.372639	-0.182608	-0.437698
Chr02	88811038	89083117	-0.521165	-0.256947	-0.133230	-0.396438
Chr02	88944455	89189980	-0.429825	-0.208736	-0.109657	-0.298383
Chr02	89083229	89300633	-0.268874	-0.123702	-0.069024	-0.164449
Chr02	89189985	89446860	-0.233872	-0.096703	-0.057972	-0.148688
Chr02	89300637	89545499	-0.299393	-0.141376	-0.087006	-0.200061
Chr02	89446863	89722831	-0.272051	-0.098272	-0.071072	-0.175160
Chr02	89545534	89813863	-0.297248	-0.111707	-0.081760	-0.189085
Chr02	89722915	89923293	-0.520601	-0.366738	-0.197465	-0.379192
Chr02	89813871	90010866	-0.443668	-0.347383	-0.174591	-0.304142
Chr02	89923349	90161823	-0.112512	-0.048930	-0.031171	-0.071998
Chr02	90011119	90333605	-0.165260	-0.051173	-0.034261	-0.116595
Chr02	90162276	90451003	-0.189335	-0.063185	-0.041410	-0.123138
Chr02	90334236	90541947	-0.226195	-0.127200	-0.073335	-0.159864
Chr02	90451082	90643499	-0.235395	-0.145439	-0.080310	-0.159284
Chr02	90541979	90748197	-0.197413	-0.098504	-0.051508	-0.127162
Chr02	90643673	90893220	-0.150755	-0.087254	-0.041176	-0.088899
Chr02	90748277	91060254	-0.125768	-0.088945	-0.043210	-0.066280
Chr02	90893226	91187259	-0.288699	-0.236870	-0.117377	-0.162791
Chr02	91060304	91271090	-0.432834	-0.265376	-0.148181	-0.280963
Chr02	91187352	91472137	-0.366487	-0.167312	-0.107419	-0.245587
Chr02	91271112	91640020	-0.149119	-0.047506	-0.034402	-0.093254
Chr02	91472154	91793677	-0.113323	-0.037103	-0.024773	-0.070147
Chr02	91640067	91882780	-0.085549	-0.039993	-0.023301	-0.048463
Chr02	91793682	91967213	-0.079292	-0.040046	-0.023338	-0.038769
Chr02	91882841	92101927	-0.311752	-0.161379	-0.086477	-0.184533
Chr02	91967235	92191516	-0.148750	-0.097061	-0.050129	-0.113989
Chr02	92102543	92281853	-0.031900	-0.034806	-0.016368	-0.016862
Chr02	92191538	92395841	-0.237883	-0.235643	-0.124316	-0.144076
Chr02	92281863	92520387	-0.150726	-0.123898	-0.071991	-0.097733
Chr02	92396546	92588223	-0.156763	-0.130658	-0.072923	-0.099525
Chr02	92520428	92650233	-0.571441	-0.860472	-0.318595	-0.404725
Chr02	92588226	92774712	-0.596562	-0.755157	-0.290345	-0.419684
Chr02	92650259	92873195	-0.101405	-0.061148	-0.037474	-0.075433
Chr02	92774739	92906046	0.090988	0.063685	0.043532	0.036861
Chr02	92873251	92955179	0.156194	0.178871	0.110849	0.077626
Chr02	92906049	93066520	0.173822	0.141491	0.071792	0.094539
Chr02	92955228	93135401	0.240111	0.199351	0.092184	0.138485
Chr02	93066562	93204120	0.231897	0.261172	0.126314	0.133047
Chr02	93135412	93245315	0.073485	0.100571	0.058544	0.038389
Chr02	93204185	93299010	-0.036083	-0.042535	-0.026223	-0.019965
Chr02	93245415	93365555	-0.110446	-0.117365	-0.069599	-0.067273
Chr02	93299042	93430270	-0.075015	-0.087026	-0.047101	-0.044520
Chr02	93365561	93574903	-0.062866	-0.087916	-0.036104	-0.035091
Chr02	93430411	93873969	-0.068151	-0.056235	-0.026125	-0.038598
Chr02	93574953	94040888	-0.235310	-0.219916	-0.095575	-0.139328
Chr02	93874003	94107607	-0.322380	-0.361902	-0.155676	-0.176801
Chr02	94040905	94231664	-0.448291	-0.241260	-0.145380	-0.246993
Chr02	94107668	94375057	-0.562225	-0.224533	-0.140966	-0.323422
Chr02	94231794	94468777	-0.294250	-0.138685	-0.088557	-0.150295
Chr02	94375063	94687822	0.273250	0.188309	0.114970	0.168700
Chr02	94468792	94763579	0.511120	0.419770	0.186414	0.327952
Chr03	302539	665233	-0.511094	-0.131358	-0.093054	-0.371262
Chr03	496411	759212	-0.418242	-0.155160	-0.103016	-0.265835
Chr03	665291	822635	-0.315115	-0.245858	-0.117382	-0.143177
Chr03	759278	903829	-0.275041	-0.161376	-0.086888	-0.151562
Chr03	822704	1166575	-0.592057	-0.237338	-0.126103	-0.489301
Chr03	903848	1265663	-0.630039	-0.259089	-0.124437	-0.412067
Chr03	1166650	1348289	-0.127577	-0.074184	-0.037537	-0.057573
Chr03	1266259	1625343	-0.058539	-0.012374	-0.009777	-0.026131
Chr03	1348318	1694383	-0.073656	-0.012817	-0.010655	-0.037117
Chr03	1625535	1764917	0.083133	0.042214	0.032809	0.043955
Chr03	1694408	1864691	0.078222	0.075939	0.047353	0.041188
Chr03	1766556	1906840	0.027875	0.032721	0.018749	0.015563
Chr03	1864709	1956431	0.047366	0.063913	0.033671	0.023949
Chr03	1906856	2008171	-0.001733	-0.002614	-0.001306	-0.004248
Chr03	1956467	2054142	0.020239	0.032657	0.017937	0.009737
Chr03	2008179	2131725	0.021520	0.028358	0.016045	0.012085
Chr03	2054183	2171545	-0.078813	-0.107806	-0.055777	-0.039432
Chr03	2131738	2272903	0.052625	0.033428	0.022345	0.030529
Chr03	2171584	2348333	0.017301	0.009493	0.006067	0.010954
Chr03	2272904	2560987	-0.073394	-0.048463	-0.024974	-0.030405
Chr03	2348438	2800781	-0.126395	-0.055699	-0.030587	-0.067664
Chr03	2561037	2972513	-0.231033	-0.072909	-0.044905	-0.163457
Chr03	2800792	3130819	-0.297028	-0.099754	-0.064316	-0.203027
Chr03	2972663	3212980	-0.479249	-0.292636	-0.152322	-0.305561
Chr03	3130850	3309935	-0.497566	-0.469459	-0.186493	-0.310931
Chr03	3213201	3404136	-0.310277	-0.278409	-0.128935	-0.193339
Chr03	3309959	3522989	-0.236908	-0.194899	-0.096875	-0.143052
Chr03	3404195	3696973	-0.157083	-0.143326	-0.064764	-0.082135
Chr03	3523559	3766384	-0.127455	-0.119813	-0.060651	-0.068187
Chr03	3697052	3910041	-0.053182	-0.035534	-0.022457	-0.030932
Chr03	3766401	4079407	0.073607	0.024072	0.016896	0.045703
Chr03	3910050	4154055	0.043541	0.015609	0.010605	0.029259
Chr03	4079474	4323208	-0.022228	-0.014931	-0.007519	-0.009885
Chr03	4154065	4458269	-0.313122	-0.126281	-0.077576	-0.197892
Chr03	4323391	4732678	-0.415409	-0.143999	-0.103619	-0.313937
Chr03	4458291	4913072	-0.326366	-0.093627	-0.061645	-0.273717
Chr03	4732716	5112302	-0.252037	-0.072248	-0.044630	-0.195464
Chr03	4913118	5265928	-0.228415	-0.116178	-0.065330	-0.144918
Chr03	5112325	5364523	-0.264100	-0.190067	-0.093499	-0.160001
Chr03	5266030	5482864	-0.016680	-0.009223	-0.005531	-0.006297
Chr03	5364534	5547994	0.096505	0.063068	0.044537	0.048816
Chr03	5482901	5602401	0.102127	0.109833	0.063560	0.061423
Chr03	5548013	5661739	0.026287	0.025277	0.012562	0.024730
Chr03	5602432	5751547	0.019261	0.017511	0.008895	0.011946
Chr03	5661746	5846924	-0.018756	-0.015297	-0.009633	-0.013386
Chr03	5751599	5962169	-0.032356	-0.017489	-0.012566	-0.020047
Chr03	5846926	6035835	0.054411	0.029413	0.020160	0.032713
Chr03	5962208	6148631	0.090126	0.050946	0.032310	0.065816
Chr03	6035860	6256485	0.040572	0.020119	0.012708	0.031008
Chr03	6148643	6415604	-0.102649	-0.038184	-0.025591	-0.061532
Chr03	6256657	6579688	-0.455580	-0.151393	-0.089863	-0.344757
Chr03	6415610	6748530	-0.475569	-0.173300	-0.094866	-0.344450
Chr03	6579845	6856145	-0.359069	-0.170002	-0.076048	-0.230911
Chr03	6748581	7069907	-0.518229	-0.261627	-0.099410	-0.378046
Chr03	6856796	7252215	-0.420720	-0.153402	-0.075044	-0.299832
Chr03	7069926	7493623	-0.239137	-0.069431	-0.042025	-0.159255
Chr03	7252434	7645037	-0.485185	-0.164380	-0.093834	-0.365364
Chr03	7494659	7741234	-0.467030	-0.228914	-0.122414	-0.358496
Chr03	7645076	7927440	-0.225174	-0.083588	-0.051405	-0.157541
Chr03	7741448	8035493	-0.263196	-0.098296	-0.058116	-0.183579
Chr03	7927443	8281145	-0.466566	-0.248086	-0.112410	-0.319017
Chr03	8035574	8377698	-0.410656	-0.157797	-0.082449	-0.227397
Chr03	8281445	8437738	-0.219742	-0.110159	-0.069331	-0.112372
Chr03	8377748	8474931	-0.457144	-0.628710	-0.240843	-0.273813
Chr03	8437739	8588815	-0.466013	-0.306017	-0.186723	-0.313458
Chr03	8474957	8703419	-0.183573	-0.081181	-0.056763	-0.132046
Chr03	8588821	8824750	-0.044589	-0.015384	-0.010303	-0.025173
Chr03	8703458	9023971	-0.197007	-0.050449	-0.034391	-0.122047
Chr03	8825127	9180703	-0.163588	-0.045928	-0.031963	-0.102729
Chr03	9023980	9321108	-0.258807	-0.103040	-0.065577	-0.192622
Chr03	9180721	9478155	-0.161864	-0.067312	-0.041613	-0.117284
Chr03	9321213	9624080	0.093576	0.040997	0.027699	0.051926
Chr03	9479069	9706737	0.084923	0.040890	0.029735	0.043683
Chr03	9624084	9806006	-0.223641	-0.098922	-0.063351	-0.115747
Chr03	9706895	9916756	-0.284566	-0.134390	-0.083097	-0.166580
Chr03	9806017	10060634	-0.155163	-0.107520	-0.061672	-0.093093
Chr03	9917295	10809141	-0.117346	-0.096255	-0.049149	-0.065587
Chr03	10060669	11588255	-0.168937	-0.056043	-0.034877	-0.086130
Chr03	10832755	11733639	-0.145276	-0.035619	-0.023825	-0.074793
Chr03	11588257	11847353	-0.027248	-0.009723	-0.006627	-0.013435
Chr03	11733642	11941674	-0.109873	-0.063178	-0.038902	-0.063140
Chr03	11847357	12058867	-0.143476	-0.077879	-0.048447	-0.080452
Chr03	11941819	12158102	-0.036564	-0.021448	-0.013610	-0.017395
Chr03	12058879	12264686	0.028485	0.013472	0.009115	0.014423
Chr03	12158183	12332763	0.012280	0.005747	0.003743	0.007840
Chr03	12264702	12413164	0.095313	0.067536	0.039025	0.064175
Chr03	12332771	12581289	-0.067559	-0.028757	-0.019812	-0.029369
Chr03	12413182	12685637	-0.348242	-0.152897	-0.096585	-0.211069
Chr03	12581380	12758426	-0.274730	-0.128570	-0.077657	-0.165149
Chr03	12685681	12855748	-0.257448	-0.103582	-0.067385	-0.144398
Chr03	12758445	13003784	-0.340276	-0.096629	-0.066008	-0.204798
Chr03	12856488	13254853	-0.117989	-0.030673	-0.021708	-0.059934
Chr03	13003816	13481992	-0.116274	-0.064686	-0.033781	-0.056128
Chr03	13254932	13703122	-0.413687	-0.124758	-0.069088	-0.260092
Chr03	13482033	13806385	-0.410484	-0.118113	-0.068488	-0.286783
Chr03	13704742	13941039	-0.311570	-0.182503	-0.084293	-0.203776
Chr03	13806399	14039622	-0.465243	-0.235924	-0.116790	-0.338211
Chr03	13941063	14198794	-0.311814	-0.130709	-0.070661	-0.197735
Chr03	14039680	14308369	0.118599	0.050353	0.029315	0.061307
Chr03	14198827	14436855	-0.238160	-0.139316	-0.068198	-0.148460
Chr03	14308546	14580164	-0.298915	-0.168259	-0.075645	-0.196785
Chr03	14436929	14685278	-0.211098	-0.107336	-0.052317	-0.128176
Chr03	14580169	14849456	-0.456383	-0.213698	-0.101723	-0.305947
Chr03	14685347	15135103	-0.480868	-0.243765	-0.113022	-0.327194
Chr03	14849476	15247297	-0.252460	-0.120203	-0.063711	-0.159582
Chr03	15135160	15369974	-0.231457	-0.093835	-0.043440	-0.141622
Chr03	15247317	15537508	-0.551854	-0.168428	-0.088339	-0.397974
Chr03	15369976	15683899	-0.582645	-0.183761	-0.106692	-0.472910
Chr03	15537515	15828781	-0.653086	-0.351154	-0.176103	-0.516679
Chr03	15684018	16015253	-0.679867	-0.332541	-0.191220	-0.466529
Chr03	15828919	16143096	-0.351392	-0.120515	-0.078009	-0.204301
Chr03	16015345	16412571	-0.359211	-0.100353	-0.062246	-0.245808
Chr03	16143102	16529216	-0.486102	-0.146698	-0.084798	-0.373898
Chr03	16412601	16662527	-0.589409	-0.331766	-0.160701	-0.494367
Chr03	16529220	16788557	-0.710907	-0.533313	-0.240095	-0.594532
Chr03	16662566	16879978	-0.449416	-0.306125	-0.151587	-0.315647
Chr03	16788655	16976780	0.067641	0.032865	0.019812	0.047186
Chr03	16880000	17067471	0.028334	0.013086	0.007718	0.022745
Chr03	16976831	17194704	-0.259554	-0.110757	-0.062670	-0.195548
Chr03	17067654	17341322	-0.300478	-0.102840	-0.062666	-0.219621
Chr03	17194705	17470124	-0.196948	-0.068102	-0.042936	-0.141039
Chr03	17341371	17721136	-0.249709	-0.102052	-0.053695	-0.193493
Chr03	17470168	17870403	-0.387013	-0.204596	-0.095757	-0.313480
Chr03	17721313	17984572	-0.727491	-0.648477	-0.260363	-0.640874
Chr03	17870431	18644098	-0.869325	-1.226997	-0.384678	-0.811040
Chr03	17984705	18739802	-0.897437	-1.664593	-0.478189	-0.848668
Chr03	18644143	18917873	-0.649576	-0.650104	-0.284519	-0.612008
Chr03	18739804	19042507	-0.543158	-0.385290	-0.180135	-0.484214
Chr03	18917938	19270324	-0.548452	-0.366185	-0.162770	-0.417199
Chr03	19042562	19331952	-0.010447	-0.005902	-0.002879	-0.019470
Chr03	19270344	19387549	0.123299	0.071504	0.031230	0.062023
Chr03	19331960	19554038	0.108254	0.049507	0.026288	0.063295
Chr03	19387573	19684346	-0.419813	-0.341025	-0.166003	-0.272317
Chr03	19554065	19885353	-0.584022	-0.393981	-0.167964	-0.434179
Chr03	19684356	20008924	-0.396627	-0.137210	-0.074839	-0.291723
Chr03	19885465	20150585	-0.284877	-0.093216	-0.056667	-0.173597
Chr03	20008930	20247899	-0.194881	-0.078796	-0.046794	-0.105928
Chr03	20151398	20318454	-0.099047	-0.053489	-0.032990	-0.054650
Chr03	20247922	20437243	-0.080682	-0.040483	-0.026862	-0.051695
Chr03	20319338	20533820	-0.089815	-0.043492	-0.028898	-0.070686
Chr03	20437247	20580234	-0.041430	-0.027347	-0.017713	-0.031253
Chr03	20533828	20637421	-0.156312	-0.175707	-0.093563	-0.085012
Chr03	20580252	20687645	-0.130397	-0.167890	-0.083754	-0.070946
Chr03	20643672	20771773	-0.100654	-0.106985	-0.057224	-0.049828
Chr03	20687659	20837340	-0.209585	-0.163382	-0.090966	-0.113888
Chr03	20771804	20967659	-0.217327	-0.108169	-0.065958	-0.144771
Chr03	20837343	21108518	-0.640844	-0.457006	-0.228929	-0.546221
Chr03	20967694	21202519	-0.874443	-1.399896	-0.418354	-0.812025
Chr03	21108536	21323944	-0.873890	-1.455305	-0.341861	-0.801942
Chr03	21202650	21448510	-0.614280	-0.561902	-0.168388	-0.498015
Chr03	21323989	21601017	-0.371011	-0.167341	-0.073354	-0.268645
Chr03	21448520	21719018	-0.258783	-0.079736	-0.042939	-0.178756
Chr03	21601713	21843309	-0.095771	-0.026476	-0.015577	-0.056968
Chr03	21719023	21962377	-0.203721	-0.073956	-0.039358	-0.132204
Chr03	21843310	22078588	-0.228313	-0.099461	-0.053356	-0.166423
Chr03	21962425	22254264	-0.333397	-0.110384	-0.062752	-0.248465
Chr03	22078596	22351834	-0.572305	-0.193923	-0.101701	-0.428577
Chr03	22254297	22478335	-0.723620	-0.304813	-0.153349	-0.603461
Chr03	22351869	22592298	-0.539440	-0.204805	-0.107267	-0.426111
Chr03	22478368	22907745	-0.134117	-0.032836	-0.018340	-0.082474
Chr03	22592331	23083962	-0.124751	-0.029661	-0.018294	-0.082964
Chr03	22907790	23222652	-0.344694	-0.092879	-0.061930	-0.253308
Chr03	23084529	23285720	-0.809907	-0.565601	-0.267651	-0.704431
Chr03	23222682	23410733	-0.832496	-0.577487	-0.267736	-0.747264
Chr03	23285732	23538837	-0.289056	-0.078450	-0.047463	-0.210519
Chr03	23411186	23638167	-0.122051	-0.048509	-0.024565	-0.085656
Chr03	23538981	23691260	0.141013	0.097239	0.041200	0.110552
Chr03	23638234	23779959	0.148156	0.067504	0.036309	0.107576
Chr03	23691303	23951679	-0.443919	-0.152828	-0.082061	-0.312041
Chr03	23780147	24104420	-0.627989	-0.240022	-0.105957	-0.510703
Chr03	23951684	24232679	-0.406046	-0.167583	-0.076238	-0.362341
Chr03	24104439	24370778	-0.212609	-0.081323	-0.044212	-0.173498
Chr03	24232762	24531189	-0.568499	-0.216884	-0.115661	-0.482098
Chr03	24370848	24736149	-0.579732	-0.189142	-0.101762	-0.511752
Chr03	24531352	24854619	-0.455861	-0.134974	-0.074342	-0.394866
Chr03	24737082	24978201	-0.390253	-0.157702	-0.079337	-0.302670
Chr03	24854714	25093453	-0.466821	-0.214558	-0.097631	-0.350006
Chr03	24978206	25250322	-0.494382	-0.150299	-0.083852	-0.406373
Chr03	25093533	25434636	-0.480204	-0.136475	-0.074518	-0.389041
Chr03	25250803	25583294	-0.765984	-0.449278	-0.183730	-0.666182
Chr03	25434681	25783475	-0.731786	-0.420691	-0.182846	-0.604765
Chr03	25583301	26125996	-0.430330	-0.107558	-0.061094	-0.307943
Chr03	25783481	26322282	-0.171583	-0.043103	-0.025981	-0.150918
Chr03	26126066	26478729	-0.137827	-0.049418	-0.026157	-0.133055
Chr03	26322289	29998855	-0.381462	-0.166191	-0.071358	-0.353838
Chr03	26478766	30153654	-0.589488	-0.253216	-0.103852	-0.536797
Chr03	29999106	30319521	-0.411696	-0.120580	-0.063950	-0.376590
Chr03	30153994	30582321	-0.083148	-0.018539	-0.012748	-0.084498
Chr03	30319798	30814140	-0.268033	-0.043412	-0.032740	-0.213489
Chr03	30582348	31079571	-0.439622	-0.053496	-0.041440	-0.285123
Chr03	30814342	31188137	-0.067693	-0.015899	-0.011016	-0.040100
Chr03	31079578	31261284	-0.220788	-0.122266	-0.062354	-0.154338
Chr03	31188143	31436178	-0.568807	-0.369644	-0.191752	-0.423287
Chr03	31261384	31606366	-0.574454	-0.281307	-0.168772	-0.464494
Chr03	31436183	31770179	-0.640194	-0.314903	-0.184075	-0.562340
Chr03	31607549	31892038	-0.650387	-0.241101	-0.152582	-0.591367
Chr03	31770203	32091058	-0.181774	-0.042023	-0.030367	-0.164832
Chr03	31892061	32190028	-0.406849	-0.147124	-0.090668	-0.347355
Chr03	32091064	32276049	-0.691408	-0.396585	-0.182281	-0.463344
Chr03	32190052	32397970	-0.317874	-0.142739	-0.072855	-0.169371
Chr03	32276250	32540637	-0.095741	-0.039511	-0.022453	-0.054464
Chr03	32397997	32699827	-0.187828	-0.030833	-0.021364	-0.099862
Chr03	32540806	32909240	0.249133	0.039607	0.028805	0.175640
Chr03	32700631	33127876	-0.029320	-0.009551	-0.005946	-0.018792
Chr03	32909241	33250423	-0.683318	-0.329030	-0.162631	-0.564257
Chr03	33127935	33386885	-0.386912	-0.103918	-0.066590	-0.257006
Chr03	33250453	33509150	-0.118761	-0.029214	-0.018763	-0.070654
Chr03	33386993	33696975	-0.485306	-0.171887	-0.088620	-0.277719
Chr03	33509151	33805321	-0.568401	-0.161519	-0.090960	-0.186745
Chr03	33696999	33896804	-0.173932	-0.039353	-0.025249	-0.036350
Chr03	33805403	34031963	-0.112410	-0.025128	-0.015896	-0.038279
Chr03	33896811	34156601	-0.010249	-0.001650	-0.001164	-0.006178
Chr03	34032176	34328934	-0.097082	-0.019460	-0.013813	-0.065125
Chr03	34156620	34504686	-0.097419	-0.031716	-0.017446	-0.074617
Chr03	34329047	34717869	-0.006720	-0.001624	-0.001002	0.001287
Chr03	34504782	34815519	0.057209	0.012830	0.008839	0.039654
Chr03	34717975	35124391	-0.102867	-0.038436	-0.020903	-0.063513
Chr03	34815538	35204309	-0.080288	-0.032352	-0.019340	-0.051763
Chr03	35124418	35282602	0.343327	0.165665	0.107996	0.261244
Chr03	35204310	35381258	0.353259	0.131983	0.083553	0.280630
Chr03	35282656	35541988	-0.179469	-0.041770	-0.028287	-0.123814
Chr03	35381297	35735509	-0.317162	-0.066028	-0.046792	-0.211943
Chr03	35541995	36184935	-0.339978	-0.054594	-0.039744	-0.214832
Chr03	35735553	36396393	-0.328571	-0.053304	-0.039029	-0.210548
Chr03	36184949	36503495	-0.280669	-0.068612	-0.046305	-0.188935
Chr03	36396474	36594347	-0.233249	-0.072501	-0.046935	-0.164085
Chr03	36503547	36709610	-0.367783	-0.158819	-0.098441	-0.272184
Chr03	36594380	36817039	-0.462823	-0.264003	-0.154073	-0.325033
Chr03	36709615	36966906	-0.329052	-0.175571	-0.094977	-0.217697
Chr03	36817495	37065768	-0.335907	-0.123927	-0.064542	-0.242995
Chr03	36966921	37148962	-0.085714	-0.026492	-0.015884	-0.057936
Chr03	37065790	37290133	-0.321756	-0.099799	-0.064843	-0.250515
Chr03	37149000	37418963	-0.533814	-0.198346	-0.112802	-0.417980
Chr03	37290418	37567317	-0.419423	-0.145439	-0.077525	-0.297003
Chr03	37419027	37660584	-0.307132	-0.099707	-0.057489	-0.215633
Chr03	37567346	37770625	-0.058460	-0.031949	-0.016642	-0.031230
Chr03	37660628	37878588	0.183108	0.092682	0.050822	0.134005
Chr03	37770649	38183701	0.239760	0.096343	0.065740	0.165861
Chr03	37878647	38328797	0.140198	0.046842	0.031298	0.071653
Chr03	38183735	38560282	-0.265495	-0.097035	-0.046931	-0.140013
Chr03	38328811	38638587	-0.595131	-0.385822	-0.150246	-0.443143
Chr03	38560376	38741574	-0.559755	-0.409161	-0.160337	-0.443896
Chr03	38638590	38887878	-0.345195	-0.139952	-0.070814	-0.245934
Chr03	38741588	38976811	-0.387364	-0.182307	-0.094223	-0.292970
Chr03	38887885	39100704	-0.159309	-0.072507	-0.040072	-0.118956
Chr03	38976981	39226002	-0.047974	-0.017403	-0.010767	-0.029136
Chr03	39100715	39325710	-0.358628	-0.144108	-0.077086	-0.277930
Chr03	39226111	39469393	-0.423556	-0.155021	-0.080150	-0.328899
Chr03	39325951	39624372	-0.080814	-0.021029	-0.013591	-0.057408
Chr03	39469414	39735313	0.247175	0.058903	0.041265	0.144580
Chr03	39624405	39775303	0.000836	0.000385	0.000232	-0.002205
Chr03	39735314	39841428	-0.008650	-0.008666	-0.004069	-0.005117
Chr03	39775394	39978675	-0.202927	-0.108234	-0.066588	-0.121244
Chr03	39841429	40089348	-0.137771	-0.057123	-0.039027	-0.087401
Chr03	39979073	40209347	-0.066898	-0.020344	-0.014052	-0.042800
Chr03	40089356	40349189	-0.408199	-0.145573	-0.089399	-0.318243
Chr03	40209365	40490442	-0.330704	-0.153377	-0.089591	-0.275969
Chr03	40349226	40652524	0.010521	0.004515	0.003064	0.012932
Chr03	40490516	40719714	0.170206	0.065633	0.050447	0.135496
Chr03	40652525	40830201	0.126243	0.059107	0.039602	0.089151
Chr03	40719760	40972970	-0.210078	-0.142142	-0.074846	-0.133614
Chr03	40830408	41073946	-0.572505	-0.519368	-0.214455	-0.319458
Chr03	40972996	41133342	-0.562983	-0.509513	-0.176431	-0.336427
Chr03	41073960	41212907	-0.416189	-0.246153	-0.110722	-0.318087
Chr03	41133414	41290581	-0.568458	-0.323401	-0.163937	-0.401449
Chr03	41212932	41363807	-0.542380	-0.376307	-0.182036	-0.351780
Chr03	41290596	41431199	-0.201669	-0.091706	-0.058388	-0.108618
Chr03	41363839	41501963	-0.336471	-0.131403	-0.079044	-0.190308
Chr03	41431298	41559971	-0.486555	-0.260979	-0.125860	-0.312835
Chr03	41502025	41641944	-0.291997	-0.132273	-0.069351	-0.210488
Chr03	41560185	41743534	-0.316560	-0.144706	-0.080242	-0.264331
Chr03	41642052	41861510	-0.544638	-0.384729	-0.187763	-0.474919
Chr03	41743537	42115979	-0.622025	-0.326138	-0.154299	-0.552421
Chr03	41861748	42178673	-0.686264	-0.344729	-0.161535	-0.556030
Chr03	42115992	42320931	-0.562850	-0.311083	-0.135316	-0.397101
Chr03	42178928	42432411	-0.215668	-0.094212	-0.044632	-0.142648
Chr03	42322670	42512811	-0.188146	-0.124127	-0.064366	-0.132611
Chr03	42432467	42719985	-0.017299	-0.012470	-0.006616	-0.009696
Chr03	42512815	42837314	0.105711	0.063138	0.027731	0.088948
Chr03	42720023	42979317	-0.237835	-0.118953	-0.057939	-0.187690
Chr03	42837316	43121429	-0.372699	-0.148598	-0.089278	-0.276574
Chr03	42979339	43290367	-0.038576	-0.014277	-0.008960	-0.028056
Chr03	43121874	43443203	0.229362	0.083956	0.057524	0.182823
Chr03	43290446	43563575	0.195295	0.094038	0.062546	0.159050
Chr03	43443256	43645753	0.042259	0.031165	0.016665	0.031535
Chr03	43563588	43923276	-0.059439	-0.043527	-0.019939	-0.031310
Chr03	43645759	44037466	-0.049920	-0.029842	-0.014729	-0.026944
Chr03	43923347	44170160	-0.013626	-0.006457	-0.003776	-0.011139
Chr03	44037523	44273253	-0.408103	-0.231169	-0.125155	-0.321943
Chr03	44170163	44353628	-0.463543	-0.349073	-0.173818	-0.323318
Chr03	44273297	44445042	-0.155031	-0.191744	-0.091003	-0.077777
Chr03	44353670	44533794	-0.080790	-0.086095	-0.041407	-0.043450
Chr03	44445073	44592910	0.021085	0.021049	0.011090	0.014651
Chr03	44533842	44641635	-0.006884	-0.008181	-0.004352	-0.003770
Chr03	44592921	44688750	0.035130	0.041571	0.023279	0.020309
Chr03	44641658	44841005	0.048423	0.038718	0.021352	0.028533
Chr03	44688793	44886076	-0.026183	-0.024243	-0.012698	-0.013753
Chr03	44841011	44922769	-0.134119	-0.211348	-0.099101	-0.076274
Chr03	44886137	45008636	-0.141731	-0.093364	-0.059053	-0.071762
Chr03	44922772	45132777	-0.002348	-0.001258	-0.000776	0.002862
Chr03	45008656	45425476	-0.019327	-0.006110	-0.004244	-0.005876
Chr03	45132913	45546627	-0.092653	-0.026590	-0.019323	-0.051568
Chr03	45425535	45702256	-0.142469	-0.051000	-0.032868	-0.101359
Chr03	45546749	45800003	-0.155160	-0.060593	-0.037328	-0.098551
Chr03	45702350	45871347	-0.285693	-0.178713	-0.093712	-0.166147
Chr03	45800018	45967103	-0.304779	-0.232374	-0.106437	-0.175395
Chr03	45871367	46088064	-0.039236	-0.029707	-0.015500	-0.023566
Chr03	45967137	46148519	0.000121	0.000094	0.000054	-0.000562
Chr03	46088102	46213384	0.000633	0.000736	0.000388	0.002331
Chr03	46148672	46263825	0.002192	0.002968	0.001558	0.004277
Chr03	46213386	46343149	0.007123	0.008849	0.004691	0.007738
Chr03	46263826	46443552	-0.093384	-0.066318	-0.043907	-0.041977
Chr03	46343186	46503488	-0.163657	-0.113427	-0.074520	-0.081372
Chr03	46443665	46627883	-0.110656	-0.063932	-0.037204	-0.057378
Chr03	46503514	46739890	-0.180250	-0.081455	-0.046406	-0.116625
Chr03	46628018	46822967	-0.136332	-0.053808	-0.031141	-0.098378
Chr03	46740480	46964697	-0.028792	-0.007595	-0.005404	-0.022036
Chr03	46823040	47072347	0.019666	0.004042	0.003297	0.013589
Chr03	46964702	47214523	-0.072488	-0.018927	-0.013838	-0.047457
Chr03	47072412	47321817	-0.126432	-0.045075	-0.030375	-0.093530
Chr03	47214563	47381745	-0.213584	-0.094572	-0.062840	-0.147751
Chr03	47321829	47437023	-0.327266	-0.199456	-0.129116	-0.180723
Chr03	47381755	47491333	-0.358229	-0.251642	-0.159513	-0.175268
Chr03	47437038	47660063	-0.271149	-0.245916	-0.125409	-0.139361
Chr03	47491368	47876475	-0.093024	-0.077997	-0.037055	-0.051477
Chr03	47660489	48035257	-0.060030	-0.046657	-0.024037	-0.035279
Chr03	47876476	48102634	-0.033978	-0.035998	-0.016050	-0.022798
Chr03	48035293	48251803	-0.025081	-0.028473	-0.010988	-0.013116
Chr03	48102834	48382528	-0.174645	-0.136883	-0.068307	-0.106499
Chr03	48251879	48511780	-0.257288	-0.129830	-0.085877	-0.174301
Chr03	48382536	48615284	-0.382986	-0.208020	-0.125931	-0.266399
Chr03	48511917	48740798	-0.479987	-0.377186	-0.165624	-0.246441
Chr03	48615309	48941242	-0.276910	-0.158426	-0.089600	-0.149971
Chr03	48740908	49006879	-0.241691	-0.153113	-0.094963	-0.168213
Chr03	48941274	49061362	-0.187577	-0.219777	-0.107461	-0.118094
Chr03	49006908	49144963	-0.163342	-0.321705	-0.095402	-0.085223
Chr03	49061367	49203671	-0.070961	-0.155007	-0.044672	-0.032182
Chr03	49145001	49389298	0.038392	0.042689	0.020612	0.018735
Chr03	49204041	49524230	-0.129086	-0.116552	-0.057997	-0.065957
Chr03	49389312	49609593	-0.242978	-0.264786	-0.120646	-0.133721
Chr03	49524477	49953453	-0.095752	-0.087659	-0.042560	-0.054415
Chr03	49609626	50090985	0.054355	0.036663	0.021220	0.034334
Chr03	49953592	50140233	0.048506	0.038537	0.022868	0.029351
Chr03	50090993	50228539	-0.034829	-0.028247	-0.015824	-0.020863
Chr03	50140239	50265946	-0.049210	-0.046123	-0.026936	-0.030153
Chr03	50228573	50374257	-0.142870	-0.161058	-0.081403	-0.096221
Chr03	50265961	50467895	-0.120917	-0.077228	-0.045388	-0.080700
Chr03	50374271	50508954	-0.070280	-0.049480	-0.030507	-0.043633
Chr03	50467927	50593854	-0.248254	-0.243231	-0.129930	-0.136913
Chr03	50509093	50676072	-0.115352	-0.073372	-0.044944	-0.067123
Chr03	50593855	50734893	-0.014774	-0.011130	-0.006704	-0.006559
Chr03	50676094	50861462	0.087210	0.071594	0.038028	0.061338
Chr03	50734905	50959091	0.085170	0.056178	0.027959	0.050817
Chr03	50861471	51058732	0.020966	0.016715	0.007813	0.009148
Chr03	50959109	51149393	0.013832	0.014537	0.006844	0.006463
Chr03	51058745	51352202	0.028589	0.022426	0.011386	0.014036
Chr03	51149438	51466994	-0.031433	-0.024646	-0.011453	-0.017193
Chr03	51352226	51575952	-0.155415	-0.169792	-0.067095	-0.089655
Chr03	51467040	51638898	-0.006549	-0.006727	-0.003226	-0.004219
Chr03	51575954	51744931	0.039168	0.034715	0.019022	0.023754
Chr03	51639002	51826856	-0.071402	-0.056177	-0.029923	-0.041686
Chr03	51744934	51883054	-0.268198	-0.263242	-0.106174	-0.137972
Chr03	51826887	51986772	-0.316416	-0.220783	-0.105463	-0.164787
Chr03	51883068	52101483	-0.318730	-0.167672	-0.092000	-0.174410
Chr03	51986820	52144019	-0.245313	-0.198362	-0.094654	-0.132554
Chr03	52101491	52183647	0.004762	0.006633	0.002972	0.004437
Chr03	52144085	52259876	-0.012609	-0.014099	-0.006974	-0.004117
Chr03	52183648	52330594	-0.029026	-0.030526	-0.016451	-0.015423
Chr03	52259938	52417696	-0.137614	-0.108025	-0.064983	-0.065223
Chr03	52330703	52485056	0.027598	0.019577	0.012667	0.016243
Chr03	52417706	52587566	0.116366	0.089597	0.054505	0.067234
Chr03	52485088	52659306	-0.005340	-0.003905	-0.002328	-0.004331
Chr03	52587590	52750959	-0.037133	-0.032824	-0.018778	-0.018042
Chr03	52659418	52823845	-0.107074	-0.112615	-0.059172	-0.055923
Chr03	52750988	52859673	0.020477	0.022915	0.012707	0.009842
Chr03	52823857	52922691	0.141441	0.158546	0.090744	0.078861
Chr03	52859706	53066401	0.028021	0.026890	0.013814	0.014171
Chr03	52922827	53184777	-0.039983	-0.029035	-0.015128	-0.021382
Chr03	53066508	53292257	-0.112178	-0.094206	-0.051845	-0.063879
Chr03	53184830	53424033	0.332021	0.274204	0.180436	0.242726
Chr03	53292268	53538959	0.553745	0.398463	0.243058	0.430909
Chr03	53424452	53596581	0.210087	0.158233	0.087149	0.122970
Chr03	53539023	53672411	-0.130242	-0.107505	-0.058317	-0.070302
Chr03	53596662	53712646	-0.022567	-0.019823	-0.008836	-0.002432
Chr03	53672441	53795461	-0.114339	-0.113637	-0.043509	-0.056580
Chr03	53712650	53872684	-0.173442	-0.162312	-0.074688	-0.096606
Chr03	53795462	53952382	-0.205656	-0.206978	-0.101597	-0.120413
Chr03	53872752	54028826	-0.197297	-0.280080	-0.122829	-0.113767
Chr03	53952397	54094090	0.042337	0.050635	0.025175	0.022207
Chr03	54028832	54146506	-0.029165	-0.038614	-0.018729	-0.011049
Chr03	54094112	54211127	-0.005744	-0.006482	-0.003867	-0.001408
Chr03	54146516	54271514	0.039283	0.042447	0.025394	0.020815
Chr03	54211246	54404186	0.041987	0.055064	0.027408	0.022223
Chr03	54271533	54517532	0.017098	0.017195	0.007868	0.013682
Chr03	54404204	54628969	0.035333	0.031874	0.014981	0.023413
Chr03	54517607	54697586	0.057702	0.056460	0.028987	0.031411
Chr03	54629002	54744786	0.044896	0.051082	0.026923	0.026930
Chr03	54697605	54813720	-0.313745	-0.685321	-0.229054	-0.205807
Chr03	54744795	54893398	-0.301646	-0.543567	-0.206886	-0.223877
Chr03	54813760	54962087	0.060834	0.060323	0.036832	0.036021
Chr03	54893431	55038676	0.017456	0.021379	0.011331	0.008899
Chr03	54962088	55088229	-0.153466	-0.327927	-0.113336	-0.069328
Chr03	55038735	55144660	-0.105553	-0.205495	-0.084438	-0.045120
Chr03	55088316	55195702	0.088976	0.120834	0.070515	0.046211
Chr03	55144664	55258186	0.112982	0.145760	0.074442	0.057304
Chr03	55195723	55312158	0.074418	0.107912	0.051377	0.035699
Chr03	55258198	55358688	-0.004134	-0.006595	-0.003414	0.002357
Chr03	55312212	55426510	-0.048603	-0.094870	-0.039107	-0.020305
Chr03	55358692	55474311	0.034785	0.064165	0.027759	0.017567
Chr03	55426528	55541670	0.079801	0.115639	0.059284	0.041548
Chr03	55474566	55610130	0.026161	0.033819	0.015371	0.011777
Chr03	55541756	55659582	0.003657	0.004572	0.002181	0.001388
Chr03	55610149	55695617	0.000100	0.000145	0.000073	0.000035
Chr03	55659611	55761064	-0.012019	-0.012831	-0.007475	-0.006244
Chr03	55695672	55802003	0.002498	0.002749	0.001615	0.002941
Chr03	55761082	55934685	0.016220	0.021723	0.010948	0.012951
Chr03	55802021	56156128	0.088283	0.051436	0.032861	0.054256
Chr03	55934767	56567914	0.083522	0.040911	0.025786	0.049728
Chr03	56156214	56671348	0.050095	0.031518	0.017086	0.030275
Chr03	56568120	56825477	0.113962	0.090783	0.053025	0.069503
Chr03	56671354	56879138	0.052212	0.044980	0.030697	0.027700
Chr03	56825554	56926609	-0.088998	-0.118640	-0.068600	-0.040055
Chr03	56879141	56969208	0.020154	0.033610	0.016505	0.009920
Chr03	56926689	57094019	0.059774	0.047333	0.023442	0.034171
Chr03	56969251	57141623	0.101962	0.077282	0.041576	0.064422
Chr03	57094072	57256451	0.081183	0.087585	0.047776	0.053193
Chr03	57141702	57304620	0.032311	0.044789	0.023188	0.019229
Chr03	57256466	57392142	0.086759	0.118110	0.063512	0.044446
Chr03	57304664	57514863	0.038813	0.038279	0.022566	0.003188
Chr03	57392155	57568605	-0.019712	-0.020091	-0.011538	-0.034317
Chr03	57514880	57604281	0.039608	0.069491	0.030836	0.018975
Chr03	57568623	57641914	0.024159	0.045111	0.018849	0.004776
Chr03	57604326	57729807	0.004688	0.004997	0.002580	-0.001423
Chr03	57641936	57824648	0.051698	0.042639	0.023130	0.026734
Chr03	57729810	57869536	0.155498	0.161135	0.088001	0.075894
Chr03	57824750	57937166	0.138676	0.203547	0.107557	0.065893
Chr03	57869711	58017502	0.013005	0.018855	0.009172	0.007426
Chr03	57937205	58115536	0.043741	0.059053	0.030201	0.024039
Chr03	58017505	58194962	0.022911	0.032704	0.016143	0.014497
Chr03	58116786	58240790	0.006865	0.011370	0.005357	0.005981
Chr03	58194968	58343183	0.074571	0.084390	0.045242	0.041966
Chr03	58240798	58433098	0.082874	0.080635	0.046028	0.044247
Chr03	58343223	58561761	0.033326	0.035920	0.021213	0.016620
Chr03	58433127	58611561	-0.017745	-0.027621	-0.015952	-0.006293
Chr03	58561789	58789072	0.053013	0.063090	0.031304	0.032351
Chr03	58611613	58974077	-0.039492	-0.028074	-0.012060	-0.020660
Chr03	58789121	59016424	-0.096108	-0.088883	-0.037044	-0.055271
Chr03	58974091	59104759	-0.014251	-0.017951	-0.009582	-0.005526
Chr03	59016510	59427297	-0.068942	-0.052563	-0.028958	-0.038458
Chr03	59104769	59534616	-0.065370	-0.044085	-0.024208	-0.043047
Chr03	59427301	59750246	-0.028174	-0.015420	-0.009877	-0.014202
Chr03	59534648	59901671	-0.101008	-0.058888	-0.037548	-0.047887
Chr03	59750303	60009900	-0.062570	-0.052843	-0.028251	-0.034405
Chr03	59901880	60117642	-0.100307	-0.077288	-0.038906	-0.050909
Chr03	60009946	60349637	-0.139820	-0.101543	-0.053251	-0.065360
Chr03	60117673	60435096	0.018600	0.015734	0.008914	0.009893
Chr03	60349694	60534780	-0.130773	-0.090269	-0.050217	-0.077611
Chr03	60435130	60697361	-0.466969	-0.193213	-0.102412	-0.327603
Chr03	60534785	60848149	-0.539348	-0.164073	-0.087607	-0.400549
Chr03	60697748	61083130	-0.369534	-0.097634	-0.056229	-0.279473
Chr03	60848194	61326269	-0.129250	-0.035748	-0.022927	-0.095007
Chr03	61083340	61455717	0.226714	0.085508	0.052370	0.127810
Chr03	61326335	61611874	0.219025	0.110253	0.057433	0.120672
Chr03	61456271	61876678	-0.131113	-0.078917	-0.044453	-0.073698
Chr03	61611942	61980736	-0.194449	-0.127165	-0.072082	-0.103037
Chr03	61876772	62076859	-0.248649	-0.158060	-0.090048	-0.138497
Chr03	61980740	62331287	-0.272404	-0.168800	-0.103256	-0.164199
Chr03	62076872	62492021	-0.116036	-0.066204	-0.043726	-0.057544
Chr03	62331291	62573193	-0.091704	-0.069644	-0.038447	-0.040381
Chr03	62492061	62755121	-0.018735	-0.015623	-0.008160	-0.001290
Chr03	62573219	62938441	-0.096304	-0.058646	-0.034305	-0.051238
Chr03	62755131	63081441	-0.231374	-0.078123	-0.054959	-0.144788
Chr03	62938458	63172833	-0.164669	-0.061466	-0.041961	-0.100020
Chr03	63081465	63251893	-0.091624	-0.045031	-0.028494	-0.054930
Chr03	63172847	63373877	0.125140	0.036275	0.028566	0.088034
Chr03	63251897	63494774	0.051600	0.017584	0.013827	0.040565
Chr03	63373938	63589073	-0.229533	-0.180569	-0.110009	-0.124986
Chr03	63494797	63786180	-0.264712	-0.224581	-0.111687	-0.156098
Chr03	63589075	63913534	-0.230223	-0.197282	-0.099510	-0.149301
Chr03	63786220	63982823	-0.129873	-0.125842	-0.072887	-0.074572
Chr03	63913559	64039738	-0.135773	-0.125430	-0.077128	-0.075625
Chr03	63982864	64128781	-0.122092	-0.115775	-0.069053	-0.080795
Chr03	64039764	64249835	-0.094162	-0.105842	-0.059342	-0.063866
Chr03	64128834	64450990	-0.033994	-0.020501	-0.013943	-0.018144
Chr03	64249965	64668431	0.016320	0.007904	0.005488	0.007229
Chr03	64451005	64741694	-0.130810	-0.100142	-0.056753	-0.071216
Chr03	64668476	64870083	-0.229662	-0.204836	-0.094270	-0.128026
Chr03	64741695	64999679	-0.186655	-0.163188	-0.071485	-0.104726
Chr03	64870145	65064019	-0.068809	-0.060002	-0.027771	-0.033904
Chr03	64999832	65124747	-0.084822	-0.089713	-0.046871	-0.044025
Chr03	65064060	65223690	0.016303	0.011702	0.007349	0.008334
Chr03	65124788	65342975	0.149995	0.087655	0.049700	0.088096
Chr03	65223724	65415394	-0.002384	-0.001765	-0.000857	0.000171
Chr03	65342988	65542743	-0.326076	-0.305870	-0.156281	-0.221080
Chr03	65415897	65695215	-0.270476	-0.206449	-0.118205	-0.183131
Chr03	65542744	65842150	-0.139410	-0.065909	-0.039603	-0.087611
Chr03	65695458	66055933	-0.177186	-0.077693	-0.045278	-0.079914
Chr03	65842173	66138805	-0.122779	-0.089364	-0.052429	-0.048799
Chr03	66055989	66836272	-0.013696	-0.010064	-0.007239	-0.007685
Chr03	66138837	66920041	0.111896	0.067083	0.049741	0.071666
Chr03	66836328	66994391	0.165177	0.099724	0.072164	0.095120
Chr03	66920063	67088304	0.071419	0.048489	0.030851	0.034217
Chr03	66994392	67167277	-0.273534	-0.306627	-0.145346	-0.149464
Chr03	67088311	67241371	-0.276145	-0.395520	-0.181030	-0.156862
Chr03	67167302	67439250	-0.143226	-0.158240	-0.073809	-0.078989
Chr03	67241391	67529372	-0.193444	-0.214196	-0.102005	-0.107572
Chr03	67439266	67664891	-0.079567	-0.093812	-0.050661	-0.042421
Chr03	67529373	67741828	-0.136100	-0.107699	-0.064738	-0.082584
Chr03	67665016	67913886	-0.201927	-0.145368	-0.077243	-0.132867
Chr03	67741841	67996293	0.000536	0.000411	0.000214	0.002143
Chr03	67913888	68148598	-0.022452	-0.016608	-0.010471	-0.013024
Chr03	68000233	68295272	-0.116375	-0.064788	-0.043198	-0.073142
Chr03	68148630	68537317	-0.144016	-0.064296	-0.043616	-0.089554
Chr03	68295316	68651360	-0.278587	-0.138743	-0.092527	-0.185188
Chr03	68539221	68858832	-0.114223	-0.054010	-0.035189	-0.061793
Chr03	68651555	69032911	0.078820	0.037117	0.022151	0.040216
Chr03	68858864	69122068	0.023195	0.014799	0.008571	0.012151
Chr03	69032988	69222040	-0.013885	-0.008156	-0.005625	-0.005915
Chr03	69122197	69375230	-0.102917	-0.060046	-0.041266	-0.054903
Chr03	69222054	69471946	-0.302900	-0.290680	-0.143425	-0.169511
Chr03	69375234	69575415	-0.104676	-0.122060	-0.048722	-0.051031
Chr03	69471960	69666486	0.272288	0.242706	0.122711	0.159102
Chr03	69575419	69790449	-0.207240	-0.126446	-0.077883	-0.141527
Chr03	69666544	69908350	-0.461995	-0.209164	-0.139477	-0.296891
Chr03	69790612	70060588	-0.104771	-0.041828	-0.031637	-0.059258
Chr03	69908370	70145625	0.220490	0.115341	0.093998	0.137380
Chr04	288843	458506	-0.174752	-0.248946	-0.109847	-0.103173
Chr04	405879	584092	-0.202769	-0.286692	-0.125355	-0.115177
Chr04	458598	700242	-0.200190	-0.254793	-0.115309	-0.114550
Chr04	584128	756805	-0.124470	-0.145550	-0.075549	-0.069575
Chr04	700345	810397	-0.082467	-0.080287	-0.049907	-0.048188
Chr04	756879	900873	-0.065125	-0.040462	-0.030528	-0.042164
Chr04	810406	1049010	0.008167	0.004135	0.003179	0.006973
Chr04	901003	1089591	-0.094932	-0.065521	-0.048012	-0.051763
Chr04	1049022	1160313	-0.024929	-0.023717	-0.017551	-0.009386
Chr04	1089602	1227986	0.379192	0.328292	0.258870	0.236475
Chr04	1160329	1335613	0.323852	0.304579	0.217192	0.203139
Chr04	1228011	1540622	-0.013304	-0.011248	-0.006414	-0.006845
Chr04	1335733	1666749	-0.069607	-0.042443	-0.025773	-0.046087
Chr04	1540628	1761595	-0.113761	-0.082030	-0.046634	-0.068302
Chr04	1666801	1874080	-0.222219	-0.257756	-0.104978	-0.117876
Chr04	1761657	2044177	-0.314170	-0.284416	-0.118175	-0.177126
Chr04	1874106	2124638	-0.159718	-0.121787	-0.059661	-0.087896
Chr04	2044360	2204684	0.024612	0.013185	0.008934	0.008572
Chr04	2124700	2357769	0.051827	0.022343	0.016683	0.030216
Chr04	2205027	2531137	-0.147103	-0.048544	-0.036253	-0.089271
Chr04	2357786	2738702	-0.476504	-0.131799	-0.096097	-0.311596
Chr04	2531194	2852962	-0.492987	-0.190442	-0.133214	-0.365480
Chr04	2738727	2912701	-0.334518	-0.196704	-0.130958	-0.211672
Chr04	2853025	2975197	0.059537	0.046885	0.027743	0.031800
Chr04	2912751	3044213	-0.036028	-0.038224	-0.020149	-0.019069
Chr04	2975255	3171224	-0.156752	-0.209970	-0.096866	-0.088965
Chr04	3044225	3304901	-0.165216	-0.145349	-0.072263	-0.095444
Chr04	3171237	3609877	-0.094040	-0.073948	-0.039903	-0.059019
Chr04	3304949	3741939	0.003051	0.002523	0.001414	0.000459
Chr04	3609878	3787130	0.015067	0.015249	0.008250	0.010659
Chr04	3741941	3857378	-0.005462	-0.007288	-0.003531	-0.002507
Chr04	3787163	3900117	-0.031155	-0.037706	-0.018165	-0.018041
Chr04	3857411	3952998	-0.047688	-0.050926	-0.028636	-0.028211
Chr04	3900133	4155974	-0.089246	-0.078784	-0.044087	-0.055071
Chr04	3953013	4244939	-0.080314	-0.056508	-0.032200	-0.047626
Chr04	4155997	4341134	-0.200701	-0.101970	-0.071020	-0.117146
Chr04	4244940	4479446	-0.076560	-0.032091	-0.020654	-0.038711
Chr04	4341161	4613491	0.312384	0.139151	0.078062	0.175621
Chr04	4479459	4661497	0.663485	0.429582	0.258143	0.484921
Chr04	4613502	4714995	0.555470	0.447527	0.288862	0.405495
Chr04	4661507	4891708	-0.567496	-0.697355	-0.261822	-0.443707
Chr04	4715106	5142417	-0.852957	-1.403617	-0.393632	-0.766226
Chr04	4891909	5840114	-0.844198	-1.175727	-0.336406	-0.721615
Chr04	5142448	5956590	-0.476772	-0.398801	-0.172947	-0.374156
Chr04	5840243	6028029	-0.207797	-0.175235	-0.102101	-0.152922
Chr04	5956601	6103823	-0.206381	-0.222681	-0.115691	-0.117311
Chr04	6028073	6182155	-0.026449	-0.022179	-0.011700	-0.009765
Chr04	6103998	6263663	-0.100869	-0.082893	-0.044345	-0.050318
Chr04	6182168	6405840	-0.240148	-0.162264	-0.087684	-0.158293
Chr04	6263767	6490013	-0.078695	-0.049853	-0.026649	-0.047926
Chr04	6405892	6610360	0.056465	0.048559	0.022711	0.024365
Chr04	6490050	6658738	0.045941	0.041796	0.020231	0.020465
Chr04	6610372	6710069	0.270794	0.242443	0.118740	0.128083
Chr04	6658753	6816067	0.338915	0.236002	0.148225	0.215622
Chr04	6710070	6895370	0.162241	0.118724	0.076398	0.104689
Chr04	6816077	6957197	-0.050875	-0.063227	-0.028411	-0.021822
Chr04	6895415	7034281	0.018631	0.024873	0.011278	0.012841
Chr04	6957198	7108047	0.001513	0.002069	0.000938	-0.001470
Chr04	7034318	7192789	-0.183209	-0.157471	-0.086110	-0.090203
Chr04	7108073	7369291	-0.263675	-0.127476	-0.080685	-0.148808
Chr04	7192800	7469520	-0.160695	-0.069594	-0.044518	-0.084808
Chr04	7369348	7550853	-0.032429	-0.016681	-0.010811	-0.009061
Chr04	7469521	7645457	-0.126850	-0.069090	-0.044917	-0.068464
Chr04	7550982	7748547	-0.176768	-0.078052	-0.053294	-0.110463
Chr04	7645485	7819183	-0.232281	-0.145337	-0.074937	-0.146357
Chr04	7748584	7861946	-0.451214	-0.947543	-0.253249	-0.323520
Chr04	7819189	7925441	-0.692390	-2.462890	-0.537211	-0.501011
Chr04	7861947	8021237	-0.633205	-1.795936	-0.382858	-0.416311
Chr04	7925451	8171307	-0.147348	-0.185866	-0.060293	-0.076074
Chr04	8021380	8215950	-0.008631	-0.009210	-0.003975	-0.004427
Chr04	8171344	8256258	-0.091106	-0.098526	-0.058656	-0.051025
Chr04	8216001	8337917	-0.080494	-0.100688	-0.049731	-0.044625
Chr04	8256277	8403037	-0.287074	-0.532117	-0.160505	-0.159494
Chr04	8337925	8474277	-0.104021	-0.131315	-0.058390	-0.057205
Chr04	8403079	8542389	0.052472	0.056369	0.032456	0.032747
Chr04	8474336	8605427	-0.241999	-0.245765	-0.119440	-0.127310
Chr04	8542403	8655184	-0.453285	-0.378290	-0.177297	-0.198839
Chr04	8605428	8717787	-0.270564	-0.246944	-0.124899	-0.141385
Chr04	8655186	9212586	-0.136632	-0.125269	-0.059809	-0.066100
Chr04	8717826	9556573	-0.320901	-0.208122	-0.109045	-0.167892
Chr04	9212626	9645079	-0.335047	-0.225003	-0.128929	-0.186514
Chr04	9556596	9693474	-0.123739	-0.181327	-0.085880	-0.070207
Chr04	9645172	9778045	-0.047569	-0.074232	-0.036459	-0.024728
Chr04	9693582	9857624	-0.017458	-0.023701	-0.012518	-0.008000
Chr04	9778068	9983840	-0.048132	-0.062905	-0.031518	-0.022810
Chr04	9857662	10186508	-0.089621	-0.050038	-0.031282	-0.041829
Chr04	9983864	10337176	0.144456	0.024556	0.020015	0.076501
Chr04	10186527	10468589	0.476748	0.046787	0.041754	0.290095
Chr04	10337265	10619877	0.033497	0.005119	0.004156	0.011638
Chr04	10468606	10747625	-0.066075	-0.020879	-0.013366	-0.032791
Chr04	10619886	10858778	-0.208941	-0.095741	-0.043883	-0.130874
Chr04	10747659	11035689	-0.190389	-0.062758	-0.032232	-0.133256
Chr04	10858860	11122063	-0.263821	-0.121029	-0.063259	-0.212352
Chr04	11035789	11307467	-0.477494	-0.473196	-0.182414	-0.395471
Chr04	11122091	11457451	-0.340742	-0.164695	-0.106564	-0.248436
Chr04	11307540	11537801	0.075468	0.026803	0.018354	0.047204
Chr04	11457452	11629491	0.044512	0.025068	0.014041	0.026634
Chr04	11537881	11690811	-0.138631	-0.117540	-0.062051	-0.079794
Chr04	11629500	11847904	-0.426507	-0.452190	-0.172729	-0.285316
Chr04	11691719	11985004	-0.525108	-0.523190	-0.180023	-0.349202
Chr04	11847915	12084353	-0.103179	-0.114509	-0.036416	-0.053405
Chr04	11985200	12169090	0.360536	0.240956	0.140293	0.277702
Chr04	12084365	12290568	0.233018	0.167947	0.105921	0.185197
Chr04	12169139	12492835	-0.083059	-0.104079	-0.044352	-0.041866
Chr04	12290570	12612618	-0.054021	-0.061221	-0.027860	-0.033102
Chr04	12492842	12763619	-0.058609	-0.069367	-0.032626	-0.036921
Chr04	12612655	12896704	-0.322731	-0.313278	-0.148282	-0.181183
Chr04	12763851	13091579	-0.326724	-0.185678	-0.097498	-0.196736
Chr04	12896773	13229461	-0.096744	-0.028721	-0.017643	-0.060899
Chr04	13091714	13377628	-0.096625	-0.026084	-0.016100	-0.059033
Chr04	13229475	13514647	-0.089743	-0.032046	-0.018375	-0.059632
Chr04	13377996	13592123	-0.035137	-0.016435	-0.009282	-0.020876
Chr04	13514745	13763741	-0.215180	-0.167558	-0.085391	-0.147542
Chr04	13592155	13874397	-0.370560	-0.306738	-0.151903	-0.240016
Chr04	13763753	13973111	-0.164622	-0.090350	-0.053263	-0.083000
Chr04	13874398	14022909	0.166685	0.098409	0.065324	0.090269
Chr04	13973157	14107614	0.234189	0.225993	0.162020	0.167533
Chr04	14022928	14223090	0.244421	0.250599	0.177383	0.186220
Chr04	14107630	14296749	0.204079	0.201062	0.120937	0.125515
Chr04	14223097	14610317	-0.192262	-0.133942	-0.053252	-0.086830
Chr04	14296757	14734176	-0.134819	-0.084242	-0.037349	-0.071978
Chr04	14610337	15001356	-0.155853	-0.080640	-0.038490	-0.097046
Chr04	14734196	15215433	-0.504526	-0.274825	-0.112468	-0.376131
Chr04	15005042	15370245	-0.689733	-0.375651	-0.174020	-0.540182
Chr04	15215436	15556912	-0.549246	-0.256777	-0.137729	-0.402706
Chr04	15370265	15612424	-0.461404	-0.259543	-0.137115	-0.351581
Chr04	15556965	15778363	-0.445506	-0.159815	-0.100417	-0.332832
Chr04	15612558	15923276	-0.579721	-0.192538	-0.115147	-0.465702
Chr04	15778459	16098844	-0.535891	-0.236267	-0.122314	-0.467686
Chr04	15923490	16304382	-0.139289	-0.059666	-0.032684	-0.107206
Chr04	16098893	16431816	-0.003286	-0.001144	-0.000706	-0.000367
Chr04	16304430	16631055	-0.383358	-0.074183	-0.051028	-0.239640
Chr04	16431849	16956037	-0.321600	-0.065865	-0.044689	-0.196265
Chr04	16631075	17148880	0.068705	0.042422	0.021687	0.049474
Chr04	16956045	17231572	-0.052055	-0.033686	-0.019552	-0.034949
Chr04	17148884	17356767	-0.227381	-0.120134	-0.069550	-0.147584
Chr04	17231643	17436227	-0.243140	-0.118645	-0.073600	-0.154900
Chr04	17356773	17512923	-0.180039	-0.121260	-0.080408	-0.102375
Chr04	17436241	17718874	-0.049655	-0.035763	-0.018928	-0.024806
Chr04	17512971	17953841	-0.067340	-0.048435	-0.024380	-0.036092
Chr04	17718983	18030141	-0.080049	-0.089132	-0.043331	-0.042412
Chr04	17953866	18244603	-0.090923	-0.094481	-0.047014	-0.048010
Chr04	18030160	18410359	-0.057725	-0.054982	-0.027840	-0.032711
Chr04	18244790	18466169	-0.037661	-0.043638	-0.023086	-0.022310
Chr04	18410417	18535887	-0.070011	-0.083862	-0.043949	-0.038810
Chr04	18466196	18619333	-0.006487	-0.006901	-0.003677	-0.000309
Chr04	18535926	18835080	0.006275	0.006216	0.003287	0.002587
Chr04	18619359	19073976	-0.028232	-0.024397	-0.012855	-0.016752
Chr04	18835320	19214901	-0.071910	-0.066244	-0.033871	-0.041636
Chr04	19074059	19400544	-0.062798	-0.066285	-0.033238	-0.038870
Chr04	19214921	19547417	0.027514	0.022836	0.012313	0.017207
Chr04	19400572	19615282	-0.007755	-0.006601	-0.003555	-0.006212
Chr04	19547439	19697378	-0.026437	-0.020331	-0.011911	-0.019946
Chr04	19615305	19760808	0.008417	0.005797	0.003699	0.004407
Chr04	19697611	19830816	0.023090	0.019461	0.013175	0.014347
Chr04	19760844	19974427	-0.057373	-0.041405	-0.024060	-0.035214
Chr04	19830832	20057914	-0.261054	-0.173957	-0.095702	-0.156023
Chr04	19974438	20161553	-0.493853	-0.445739	-0.230994	-0.311743
Chr04	20057956	20356344	-0.534528	-0.466224	-0.196894	-0.323813
Chr04	20164167	20532122	-0.520771	-0.294464	-0.141639	-0.326632
Chr04	20356359	20643574	-0.438851	-0.181043	-0.105104	-0.275322
Chr04	20532647	20764948	-0.576951	-0.323160	-0.148591	-0.366638
Chr04	20643610	20852755	-0.839463	-1.059760	-0.335798	-0.712633
Chr04	20764980	21031071	-0.598580	-0.407964	-0.207383	-0.508580
Chr04	20852767	21199566	-0.165633	-0.068537	-0.042197	-0.109684
Chr04	21031183	21790799	-0.628043	-0.198713	-0.112978	-0.482797
Chr04	21202003	21938394	-0.681882	-0.210853	-0.112402	-0.564628
Chr04	21790865	22093213	-0.574669	-0.296709	-0.136433	-0.452327
Chr04	21938413	22180100	-0.703215	-0.551173	-0.217607	-0.570124
Chr04	22093221	22288981	-0.563540	-0.262818	-0.130519	-0.415973
Chr04	22180125	22400516	-0.216684	-0.076898	-0.044675	-0.130650
Chr04	22288985	22709212	0.011039	0.003603	0.002015	0.005719
Chr04	22400771	22781665	-0.280459	-0.114713	-0.062548	-0.188943
Chr04	22709219	22916013	-0.248344	-0.217349	-0.117417	-0.164383
Chr04	22781703	22971876	0.221303	0.089322	0.066553	0.124867
Chr04	22916109	23058304	0.329627	0.098282	0.073683	0.180514
Chr04	22971885	23180213	0.193873	0.048860	0.036995	0.106262
Chr04	23058361	23248631	-0.177372	-0.051898	-0.038176	-0.083519
Chr04	23180218	23332692	-0.309414	-0.188695	-0.112229	-0.158175
Chr04	23248650	23388985	-0.079924	-0.042173	-0.031253	-0.062360
Chr04	23332748	23446796	-0.054567	-0.029246	-0.022315	-0.038378
Chr04	23389012	23569991	-0.075260	-0.041247	-0.024359	-0.040746
Chr04	23446834	23652938	-0.436972	-0.331382	-0.158126	-0.315613
Chr04	23570004	23725665	-0.623019	-0.541729	-0.267493	-0.472190
Chr04	23653002	23857569	-0.313559	-0.178414	-0.111901	-0.162720
Chr04	23725667	23915647	-0.045065	-0.022825	-0.016268	-0.018127
Chr04	23857609	24023129	-0.113109	-0.077428	-0.051397	-0.061484
Chr04	23917018	24134021	-0.086565	-0.092668	-0.047172	-0.047818
Chr04	24023150	24181903	-0.083661	-0.111691	-0.052869	-0.042804
Chr04	24134042	24289328	-0.074172	-0.105403	-0.046022	-0.043164
Chr04	24181904	24421896	-0.104767	-0.114537	-0.053814	-0.062753
Chr04	24289341	24500887	-0.200436	-0.232428	-0.107509	-0.113995
Chr04	24421953	24576520	-0.277771	-0.333354	-0.161822	-0.163084
Chr04	24501008	24633123	-0.191284	-0.205765	-0.101531	-0.116177
Chr04	24576586	24680562	-0.064882	-0.046319	-0.027087	-0.039209
Chr04	24633144	24864304	-0.041092	-0.025320	-0.016244	-0.026003
Chr04	24680568	24970252	0.071866	0.053333	0.030081	0.035231
Chr04	24864357	25103442	-0.022454	-0.009512	-0.005867	-0.011257
Chr04	24970270	25268448	-0.311084	-0.127570	-0.076610	-0.168750
Chr04	25103486	25397697	-0.704112	-0.425625	-0.222341	-0.504835
Chr04	25268482	25517619	-0.912781	-0.824162	-0.361806	-0.802057
Chr04	25397720	25710966	-0.927895	-0.899023	-0.372236	-0.874396
Chr04	25517620	25776527	-0.899072	-0.765251	-0.347605	-0.766335
Chr04	25710969	25896857	-0.779040	-0.789434	-0.355658	-0.584206
Chr04	25776530	25974461	-0.232753	-0.166086	-0.097598	-0.167444
Chr04	25896871	26062665	0.032807	0.020754	0.013204	0.025344
Chr04	25974463	26119803	-0.140973	-0.124820	-0.063624	-0.080143
Chr04	26062707	26170390	-0.088154	-0.137764	-0.062956	-0.050639
Chr04	26119859	26268744	-0.104680	-0.186520	-0.089406	-0.059879
Chr04	26170509	26328281	-0.177147	-0.268968	-0.113315	-0.093845
Chr04	26268894	26424634	-0.288713	-0.473737	-0.132093	-0.132554
Chr04	26328307	26557873	-0.267053	-0.433654	-0.119263	-0.146948
Chr04	26424705	26643228	-0.254938	-0.296172	-0.132065	-0.154419
Chr04	26557922	26714602	-0.214580	-0.247314	-0.132801	-0.131854
Chr04	26643300	26841668	-0.221373	-0.383666	-0.146065	-0.139241
Chr04	26714645	26937257	-0.272258	-0.492593	-0.176700	-0.166476
Chr04	26841706	27030759	-0.159522	-0.214373	-0.098173	-0.085156
Chr04	26937263	27142359	0.021709	0.018578	0.010739	0.016951
Chr04	27030824	27269457	0.000205	0.000112	0.000072	0.002354
Chr04	27142569	27375422	-0.195448	-0.098733	-0.056593	-0.123689
Chr04	27269523	27435605	-0.382817	-0.261431	-0.114995	-0.310773
Chr04	27375469	27559288	-0.170241	-0.117751	-0.057500	-0.137157
Chr04	27435694	27657880	0.278201	0.153039	0.111359	0.210541
Chr04	27559333	27724264	0.491116	0.294691	0.255091	0.340352
Chr04	27657890	27792644	0.473919	0.297598	0.258869	0.341059
Chr04	27725018	27850768	0.162276	0.113710	0.075690	0.103121
Chr04	27792666	27931188	-0.422985	-0.363587	-0.163641	-0.269537
Chr04	27850801	28053542	-0.685793	-0.437676	-0.213570	-0.494097
Chr04	27931189	28285240	-0.588223	-0.414210	-0.208478	-0.444067
Chr04	28053617	28377068	-0.547515	-0.819070	-0.272208	-0.459707
Chr04	28285250	28581883	-0.537514	-0.687799	-0.247889	-0.450560
Chr04	28377074	28666672	-0.125473	-0.078477	-0.047713	-0.098435
Chr04	28581905	28786205	0.253150	0.120325	0.082248	0.189562
Chr04	28666695	28855651	0.129829	0.060672	0.040870	0.082508
Chr04	28786219	28943116	-0.284500	-0.205298	-0.115633	-0.177740
Chr04	28856102	29036596	-0.480058	-0.270041	-0.163511	-0.329156
Chr04	28943118	29084247	-0.625061	-0.365751	-0.224232	-0.482624
Chr04	29036674	29281255	-0.746460	-0.706299	-0.312643	-0.601564
Chr04	29084291	29338329	-0.639869	-0.490265	-0.240185	-0.486754
Chr04	29281332	29397073	-0.372578	-0.340238	-0.181238	-0.251399
Chr04	29338363	29468621	-0.202813	-0.207726	-0.103568	-0.123126
Chr04	29397081	29572139	-0.166372	-0.143712	-0.080490	-0.105247
Chr04	29468646	29632225	-0.070748	-0.068152	-0.042315	-0.052958
Chr04	29572230	29682795	-0.163301	-0.203040	-0.110184	-0.106401
Chr04	29632237	29781107	-0.242071	-0.178886	-0.102912	-0.143579
Chr04	29682822	29871323	-0.142944	-0.113069	-0.055285	-0.080610
Chr04	29781153	29941733	-0.223770	-0.233987	-0.096690	-0.127906
Chr04	29871338	30011515	-0.201739	-0.137670	-0.074825	-0.108717
Chr04	29941747	30080337	-0.088240	-0.052609	-0.031651	-0.050232
Chr04	30011566	30175608	0.149925	0.056113	0.040796	0.095725
Chr04	30080354	30286461	0.205674	0.071786	0.046328	0.145499
Chr04	30175626	30380115	-0.018386	-0.008840	-0.004716	-0.009189
Chr04	30286562	30496601	-0.203716	-0.103639	-0.058858	-0.122904
Chr04	30380118	30585793	-0.133969	-0.074234	-0.043723	-0.090619
Chr04	30496605	30764362	-0.187939	-0.096286	-0.053423	-0.116051
Chr04	30585821	30882751	-0.483626	-0.238643	-0.117127	-0.291140
Chr04	30764741	31146176	-0.551172	-0.219242	-0.086840	-0.355679
Chr04	30882790	31301200	-0.647652	-0.282068	-0.112968	-0.521966
Chr04	31146181	31431140	-0.716602	-0.304376	-0.148702	-0.645017
Chr04	31301424	31561715	-0.649514	-0.249492	-0.119748	-0.584699
Chr04	31431165	31687956	-0.587279	-0.239821	-0.110150	-0.484437
Chr04	31561721	31919018	-0.501121	-0.125543	-0.068220	-0.368042
Chr04	31688012	32345045	-0.385649	-0.084373	-0.039983	-0.277126
Chr04	31919151	32539660	-0.421619	-0.114675	-0.056333	-0.349863
Chr04	32345093	32788743	-0.519771	-0.086520	-0.057629	-0.464113
Chr04	32540056	34984491	-0.718292	-0.073033	-0.053681	-0.653333
Chr04	32788900	35291326	-0.753216	-0.100630	-0.071921	-0.719797
Chr04	34984701	35439798	-0.758492	-0.223083	-0.131200	-0.735388
Chr04	35291409	35677159	-0.764868	-0.382962	-0.169981	-0.743754
Chr04	35440131	35995672	-0.803651	-0.340841	-0.145787	-0.784103
Chr04	35677213	36255099	-0.809373	-0.238317	-0.116113	-0.769668
Chr04	35995855	36398817	-0.506141	-0.103478	-0.060976	-0.439650
Chr04	36255196	36506391	-0.185196	-0.044373	-0.026606	-0.151646
Chr04	36398963	36603429	0.208817	0.069673	0.044075	0.176487
Chr04	36506433	36721772	0.162992	0.057959	0.037446	0.123936
Chr04	36603431	36787566	-0.363849	-0.156732	-0.079152	-0.253176
Chr04	36721788	37120961	-0.345876	-0.229416	-0.117626	-0.218652
Chr04	36787585	37287452	-0.283490	-0.109708	-0.066095	-0.195966
Chr04	37120981	37368241	-0.295505	-0.112083	-0.063043	-0.227807
Chr04	37287567	37461205	-0.146094	-0.061233	-0.033428	-0.107210
Chr04	37368263	37664474	-0.132741	-0.047673	-0.023130	-0.094187
Chr04	37462691	37748048	-0.492614	-0.237430	-0.109930	-0.361584
Chr04	37664492	37849286	-0.429290	-0.289357	-0.164055	-0.307352
Chr04	37748141	37924839	-0.103273	-0.062107	-0.031468	-0.076686
Chr04	37849299	38036326	-0.219223	-0.110528	-0.053768	-0.168902
Chr04	37924843	38181628	-0.615178	-0.355675	-0.171229	-0.519638
Chr04	38036478	38331732	-0.681579	-0.322334	-0.172035	-0.596443
Chr04	38181713	38461901	-0.661490	-0.439159	-0.183766	-0.596043
Chr04	38331801	38666842	-0.595722	-0.397760	-0.171465	-0.555807
Chr04	38461908	38756839	-0.416381	-0.159593	-0.096964	-0.352664
Chr04	38666849	38917876	-0.395344	-0.196591	-0.112680	-0.302587
Chr04	38756849	39051793	-0.423866	-0.215762	-0.112208	-0.313489
Chr04	38918196	39189472	-0.289753	-0.105437	-0.055331	-0.205198
Chr04	39051903	39354625	-0.420361	-0.117009	-0.064055	-0.321262
Chr04	39189526	39580487	-0.795645	-0.273126	-0.134610	-0.709043
Chr04	39355261	39740410	-0.789027	-0.325923	-0.162227	-0.709682
Chr04	39580488	39941856	-0.571084	-0.258676	-0.165618	-0.465022
Chr04	39740537	40026476	-0.511341	-0.351510	-0.186265	-0.385158
Chr04	39942123	40121496	-0.472198	-0.468234	-0.178062	-0.309307
Chr04	40026549	40227573	-0.224656	-0.114659	-0.059820	-0.130566
Chr04	40121499	40307999	-0.254520	-0.109666	-0.066351	-0.167613
Chr04	40227576	40528911	-0.478978	-0.212953	-0.124658	-0.364116
Chr04	40308000	40610814	-0.673952	-0.316679	-0.179771	-0.568066
Chr04	40528948	40703220	-0.364872	-0.200424	-0.122930	-0.262205
Chr04	40610823	40783748	-0.002732	-0.002153	-0.001148	-0.002919
Chr04	40703223	40867442	-0.132689	-0.109635	-0.054275	-0.060874
Chr04	40783783	41046911	-0.394648	-0.245488	-0.142872	-0.227391
Chr04	40867525	41144741	-0.508989	-0.357497	-0.174370	-0.372662
Chr04	41046961	41270957	-0.241230	-0.105319	-0.060222	-0.178697
Chr04	41144742	41391874	-0.144196	-0.047885	-0.031771	-0.102712
Chr04	41270961	41454597	-0.095088	-0.039883	-0.025969	-0.060985
Chr04	41391957	41510612	0.161082	0.081205	0.060027	0.110853
Chr04	41454688	41598492	0.146695	0.067400	0.049453	0.089255
Chr04	41510748	41651157	0.038281	0.017271	0.011601	0.018854
Chr04	41598541	41974438	0.184449	0.053799	0.039962	0.112594
Chr04	41651238	42114787	-0.088181	-0.025758	-0.018685	-0.057267
Chr04	41974451	42307934	-0.256076	-0.073778	-0.052342	-0.179867
Chr04	42114799	42421282	-0.249529	-0.065851	-0.047191	-0.167467
Chr04	42308009	42536605	-0.123023	-0.041901	-0.030271	-0.075801
Chr04	42421303	42629539	0.225396	0.098372	0.067559	0.156209
Chr04	42536640	42730716	0.172686	0.091844	0.055453	0.125247
Chr04	42629560	42854014	0.000706	0.000325	0.000173	0.002101
Chr04	42730826	42986924	-0.094997	-0.046444	-0.021390	-0.063787
Chr04	42854015	43128766	-0.208007	-0.098339	-0.045425	-0.134396
Chr04	42986951	43290765	-0.383211	-0.168523	-0.083469	-0.239272
Chr04	43128779	43405976	-0.523640	-0.319063	-0.143396	-0.370914
Chr04	43290769	43506456	-0.366909	-0.194870	-0.096639	-0.247195
Chr04	43405984	43609020	-0.416569	-0.244239	-0.124631	-0.276347
Chr04	43506498	43666222	-0.454773	-0.425342	-0.191100	-0.293394
Chr04	43609078	43717042	-0.115647	-0.122302	-0.063448	-0.068639
Chr04	43666237	43842635	-0.129327	-0.096871	-0.052405	-0.064875
Chr04	43717069	44111398	-0.129816	-0.077406	-0.043090	-0.059773
Chr04	43842638	44368176	-0.035488	-0.024966	-0.013036	-0.016676
Chr04	44111401	44482140	0.219812	0.158208	0.088205	0.134313
Chr04	44369089	44536247	0.324869	0.216838	0.140143	0.214994
Chr04	44482161	44630600	0.204819	0.122200	0.074036	0.130142
Chr04	44536301	44712907	-0.057331	-0.030874	-0.018496	-0.032390
Chr04	44630679	44834531	-0.332667	-0.148595	-0.079284	-0.209980
Chr04	44712979	44946716	-0.285258	-0.120391	-0.062597	-0.195879
Chr04	44834862	45469036	-0.350406	-0.065363	-0.043927	-0.230451
Chr04	44946793	45699526	-0.434060	-0.067687	-0.049417	-0.300898
Chr04	45469071	45849713	-0.150471	-0.049657	-0.035558	-0.092136
Chr04	45699537	45984575	0.062525	0.034104	0.019997	0.033630
Chr04	45849764	46156210	-0.273323	-0.173328	-0.089379	-0.182157
Chr04	45984720	46219408	-0.505314	-0.396792	-0.187271	-0.361414
Chr04	46156242	46362359	-0.397310	-0.338924	-0.138715	-0.269738
Chr04	46219411	46466767	-0.594845	-0.608529	-0.224144	-0.456791
Chr04	46362379	46537112	-0.762565	-0.878878	-0.302012	-0.556296
Chr04	46466770	46639920	-0.222534	-0.148290	-0.074061	-0.140961
Chr04	46537113	46762435	0.451008	0.155986	0.119566	0.289578
Chr04	46639951	46921652	0.544244	0.124794	0.106222	0.347903
Chr04	46762538	47029871	0.029158	0.009916	0.007449	0.017678
Chr04	46921660	47087264	-0.255647	-0.194080	-0.113281	-0.165717
Chr04	47030029	47178807	-0.223021	-0.114693	-0.079408	-0.120402
Chr04	47087266	47347607	-0.252762	-0.139752	-0.088159	-0.129713
Chr04	47178811	47487987	-0.108547	-0.098016	-0.049805	-0.053512
Chr04	47347657	47736416	-0.041911	-0.027784	-0.015214	-0.026790
Chr04	47488001	48038293	-0.065987	-0.043522	-0.023105	-0.045694
Chr04	47736431	48090018	-0.189418	-0.167907	-0.083203	-0.116310
Chr04	48038299	48176324	-0.348529	-0.406790	-0.188302	-0.229839
Chr04	48090023	48225041	-0.388673	-0.470014	-0.232488	-0.265446
Chr04	48176334	48278442	-0.244031	-0.243491	-0.158124	-0.179394
Chr04	48225044	48386055	-0.050064	-0.044936	-0.031744	-0.034059
Chr04	48278500	48435967	-0.125955	-0.100666	-0.068028	-0.090316
Chr04	48386086	48570326	-0.181925	-0.119649	-0.072622	-0.131679
Chr04	48436021	48644717	-0.041312	-0.027144	-0.015676	-0.028992
Chr04	48570332	48728969	0.174385	0.127919	0.075187	0.109293
Chr04	48644731	48908330	0.061215	0.032211	0.019554	0.036913
Chr04	48728973	49002684	-0.218663	-0.123661	-0.072089	-0.117483
Chr04	48908335	49067559	-0.222419	-0.212270	-0.111619	-0.123871
Chr04	49002709	49148308	-0.067354	-0.051242	-0.033745	-0.040849
Chr04	49067984	49219419	-0.065230	-0.042948	-0.029875	-0.039346
Chr04	49149254	49525597	-0.195825	-0.133775	-0.073459	-0.118082
Chr04	49219465	49673623	-0.309576	-0.198237	-0.084429	-0.175535
Chr04	49526495	49918835	-0.415975	-0.164945	-0.081970	-0.252141
Chr04	49673629	50056817	-0.079705	-0.030134	-0.018768	-0.053428
Chr04	49918841	50163526	0.152490	0.087353	0.059710	0.109320
Chr04	50056834	50312932	-0.226069	-0.113244	-0.068354	-0.166916
Chr04	50163724	50414372	-0.226263	-0.092567	-0.056946	-0.149515
Chr04	50312972	50569358	-0.181890	-0.062729	-0.037094	-0.118381
Chr04	50414389	50710636	-0.187130	-0.059341	-0.035574	-0.124648
Chr04	50569375	50897920	-0.067511	-0.023420	-0.013351	-0.038395
Chr04	50710723	51002596	-0.246095	-0.100627	-0.053454	-0.167460
Chr04	50898090	51113724	-0.297672	-0.143940	-0.081195	-0.234285
Chr04	51002660	51185239	-0.285839	-0.170812	-0.097617	-0.207883
Chr04	51114808	51225631	-0.425564	-0.411592	-0.195459	-0.296672
Chr04	51185349	51357913	-0.399356	-0.286826	-0.139960	-0.280967
Chr04	51225697	51522898	-0.552148	-0.472506	-0.203594	-0.445256
Chr04	51357928	51604836	-0.397190	-0.421167	-0.176762	-0.332543
Chr04	51522899	51699939	0.192782	0.095510	0.055159	0.118430
Chr04	51604843	51826932	0.084717	0.026895	0.017879	0.041917
Chr04	51699947	52085680	0.160042	0.055168	0.029116	0.100415
Chr04	51826933	52215655	0.236150	0.100411	0.046163	0.142995
Chr04	52085764	52379008	0.112789	0.043470	0.024180	0.075547
Chr04	52215672	52521272	-0.151080	-0.058852	-0.030924	-0.104502
Chr04	52379258	52619897	-0.250183	-0.115162	-0.061844	-0.176676
Chr04	52521289	52722274	-0.122278	-0.054170	-0.034410	-0.086454
Chr04	52620036	52821961	-0.185057	-0.063941	-0.042319	-0.113424
Chr04	52722310	52926646	-0.469304	-0.127152	-0.075454	-0.292899
Chr04	52822150	53034073	-0.379622	-0.136528	-0.076397	-0.241732
Chr04	52926697	53280550	-0.085579	-0.055749	-0.029267	-0.051167
Chr04	53034191	53443781	-0.330356	-0.313957	-0.131518	-0.203440
Chr04	53280721	53514487	-0.387169	-0.618363	-0.221401	-0.212709
Chr04	53443787	53547626	-0.129398	-0.208900	-0.099755	-0.063163
Chr04	53514507	53645048	-0.192297	-0.231153	-0.108669	-0.106330
Chr04	53547639	53688713	-0.240464	-0.239482	-0.114660	-0.127093
Chr04	53645083	53760782	-0.238021	-0.282588	-0.129988	-0.126194
Chr04	53688973	53840888	-0.197630	-0.247966	-0.097551	-0.111962
Chr04	53760855	53909342	-0.083577	-0.094937	-0.042813	-0.047837
Chr04	53840891	53959826	-0.049516	-0.056055	-0.031729	-0.025881
Chr04	53909343	53996670	-0.016200	-0.017409	-0.010817	-0.005191
Chr04	53959862	54051177	-0.170654	-0.195283	-0.112400	-0.090919
Chr04	53996723	54139763	-0.140822	-0.166504	-0.084805	-0.063528
Chr04	54051198	54206335	0.060733	0.060451	0.031933	0.026709
Chr04	54139764	54258218	-0.004439	-0.004139	-0.002419	-0.004377
Chr04	54206421	54304298	0.026391	0.029656	0.016472	0.012498
Chr04	54258230	54366451	0.122818	0.151834	0.073145	0.065301
Chr04	54304342	54413936	0.123384	0.176599	0.084819	0.065292
Chr04	54366505	54492184	0.242636	0.246432	0.170655	0.148321
Chr04	54414090	54526343	0.210184	0.198376	0.136702	0.129486
Chr04	54492186	54573510	-0.022489	-0.032746	-0.018472	-0.014303
Chr04	54526504	54823778	0.018529	0.024539	0.010892	0.010033
Chr04	54573533	54930837	-0.004185	-0.005556	-0.002082	-0.000874
Chr04	54823853	54994602	-0.071081	-0.095247	-0.041302	-0.028035
Chr04	54930880	55028644	-0.038807	-0.053129	-0.028137	-0.017026
Chr04	54994615	55079040	-0.024876	-0.040721	-0.020919	-0.011310
Chr04	55028689	55188547	-0.138888	-0.069704	-0.045852	-0.076301
Chr04	55079060	55287694	-0.289968	-0.102389	-0.070472	-0.170494
Chr04	55188869	55373493	-0.161482	-0.064029	-0.043178	-0.103732
Chr04	55287782	55537886	-0.230192	-0.059217	-0.038325	-0.153189
Chr04	55373494	55630546	-0.360711	-0.099420	-0.063357	-0.220000
Chr04	55537896	55736529	-0.183083	-0.165106	-0.086885	-0.100298
Chr04	55630634	55815462	-0.079100	-0.108696	-0.051208	-0.043038
Chr04	55736557	55894965	0.070297	0.097418	0.054940	0.039946
Chr04	55815489	55992377	0.026774	0.019430	0.013002	0.014428
Chr04	55894976	56107475	-0.091433	-0.037614	-0.027152	-0.052226
Chr04	55992442	56219954	-0.059034	-0.022528	-0.015113	-0.027412
Chr04	56107509	56314521	-0.025669	-0.012136	-0.007294	-0.009522
Chr04	56219993	56446161	-0.333971	-0.196097	-0.092616	-0.229640
Chr04	56314577	56578025	-0.323445	-0.201511	-0.093496	-0.238443
Chr04	56446229	56740439	-0.073117	-0.045849	-0.026250	-0.046352
Chr04	56578055	56811149	-0.027598	-0.014733	-0.009721	-0.018004
Chr04	56740499	56930639	-0.207049	-0.126066	-0.076547	-0.156285
Chr04	56811155	56990764	-0.486185	-0.395974	-0.202986	-0.360163
Chr04	56930747	57100793	-0.498666	-0.308046	-0.185787	-0.397234
Chr04	56990767	57324166	-0.362131	-0.247064	-0.129370	-0.268129
Chr04	57100982	57520625	-0.157535	-0.165913	-0.070319	-0.095982
Chr04	57324186	57689197	-0.152028	-0.143568	-0.076332	-0.086530
Chr04	57520842	57735658	-0.121377	-0.149518	-0.074066	-0.058129
Chr04	57689232	57831968	-0.087290	-0.092666	-0.049337	-0.043181
Chr04	57735748	57923821	0.025832	0.017202	0.009995	0.016382
Chr04	57831980	57994889	-0.069031	-0.054056	-0.027252	-0.039801
Chr04	57923823	58084813	-0.296348	-0.380273	-0.139318	-0.180860
Chr04	57994926	58341332	-0.213030	-0.161837	-0.065969	-0.117240
Chr04	58084895	58474218	-0.237210	-0.170129	-0.071472	-0.117178
Chr04	58341532	58569105	-0.259887	-0.238536	-0.109413	-0.129621
Chr04	58474221	58631003	-0.148087	-0.153195	-0.063213	-0.073657
Chr04	58569108	58689495	0.093400	0.101713	0.045210	0.050191
Chr04	58631004	58749486	0.025590	0.026567	0.011637	0.016116
Chr04	58689509	58833127	-0.042993	-0.033731	-0.018247	-0.025517
Chr04	58749525	59014547	0.022772	0.013221	0.008997	0.016035
Chr04	58835233	59089720	0.105751	0.063689	0.042232	0.068025
Chr04	59014594	59168336	0.114822	0.077613	0.051030	0.059630
Chr04	59090021	59280693	-0.186178	-0.137070	-0.074431	-0.107536
Chr04	59168392	59500476	-0.250038	-0.114556	-0.066844	-0.168544
Chr04	59280728	59581357	0.087467	0.037659	0.022903	0.069871
Chr04	59500480	59681475	-0.037972	-0.027430	-0.012832	-0.028355
Chr04	59581362	59834899	-0.291583	-0.202963	-0.088241	-0.210089
Chr04	59681495	59961120	-0.274521	-0.142017	-0.073367	-0.191875
Chr04	59834923	60028689	-0.332043	-0.222071	-0.112849	-0.238708
Chr04	59961144	60117972	-0.242499	-0.147725	-0.087298	-0.161131
Chr04	60028735	60285465	-0.469702	-0.164817	-0.104018	-0.355699
Chr04	60117980	60376574	-0.524860	-0.214105	-0.124946	-0.389000
Chr04	60285607	60456490	-0.254708	-0.164352	-0.091769	-0.150200
Chr04	60376586	60528642	-0.151857	-0.096822	-0.059829	-0.079967
Chr04	60456552	60698310	-0.105407	-0.081271	-0.044870	-0.057175
Chr04	60528650	60757216	-0.198776	-0.151413	-0.085951	-0.118550
Chr04	60698313	60821085	-0.372682	-0.190962	-0.133223	-0.296691
Chr04	60757237	60872635	-0.491948	-0.312331	-0.200245	-0.409326
Chr04	60821176	60926954	-0.434358	-0.628694	-0.267429	-0.285657
Chr04	60872637	61028188	-0.264516	-0.252482	-0.129432	-0.147575
Chr04	60926955	61124477	-0.218302	-0.105124	-0.071368	-0.124613
Chr04	61028250	61228757	-0.159509	-0.060703	-0.043050	-0.091609
Chr04	61124600	61314922	-0.114452	-0.055158	-0.037552	-0.069819
Chr04	61228922	61442146	-0.028903	-0.019152	-0.013416	-0.017617
Chr04	61314923	61529149	-0.084953	-0.073044	-0.046770	-0.052063
Chr04	61442253	61586681	-0.278658	-0.413816	-0.145141	-0.153211
Chr04	61529150	61872991	-0.158010	-0.182446	-0.071218	-0.074619
Chr04	61586950	62100254	-0.095946	-0.078324	-0.037996	-0.051316
Chr04	61873017	62181985	-0.162438	-0.169249	-0.075904	-0.112172
Chr04	62100264	62339759	-0.164296	-0.151706	-0.082200	-0.113869
Chr04	62182461	62449630	-0.185165	-0.163051	-0.087758	-0.105041
Chr04	62339763	62805991	-0.038153	-0.030826	-0.015541	-0.014882
Chr04	62449638	62974506	-0.100190	-0.084521	-0.039825	-0.051609
Chr04	62805996	63049896	-0.079438	-0.065958	-0.035426	-0.041850
Chr04	62974529	63115139	-0.110442	-0.075726	-0.047842	-0.064322
Chr04	63049928	63189705	-0.186043	-0.123762	-0.076648	-0.107857
Chr04	63115229	63278944	-0.100896	-0.050491	-0.033482	-0.054681
Chr04	63189715	63387472	-0.025313	-0.012829	-0.008817	-0.012007
Chr04	63278978	63496425	-0.034182	-0.025136	-0.016205	-0.019442
Chr04	63387695	63569306	-0.109690	-0.107766	-0.062520	-0.059015
Chr04	63496431	63661735	-0.148791	-0.206756	-0.089327	-0.074454
Chr04	63569378	63724623	-0.080081	-0.100274	-0.046871	-0.042761
Chr04	63661754	63799638	-0.045014	-0.030110	-0.019435	-0.023877
Chr04	63724692	63890327	-0.308777	-0.154955	-0.090440	-0.188069
Chr04	63799651	64016982	-0.600142	-0.403818	-0.173084	-0.474397
Chr04	63890353	64120604	-0.756983	-0.832280	-0.278291	-0.668767
Chr04	64017018	64225642	-0.816894	-1.074610	-0.381021	-0.707659
Chr04	64120780	64426645	-0.602876	-0.408170	-0.199256	-0.438005
Chr04	64225645	64563371	-0.384219	-0.142735	-0.084858	-0.245624
Chr04	64426732	64741001	-0.348962	-0.110891	-0.071818	-0.211998
Chr04	64564837	64905771	-0.058302	-0.021697	-0.014145	-0.030197
Chr04	64741003	64976201	-0.046553	-0.036927	-0.021679	-0.022510
Chr04	64905781	65087531	-0.221369	-0.206954	-0.108094	-0.138361
Chr04	64976212	65149058	-0.323986	-0.332482	-0.166477	-0.204466
Chr04	65087571	65238026	-0.230259	-0.332397	-0.147723	-0.127984
Chr04	65149086	65362937	-0.031737	-0.035684	-0.017827	-0.016593
Chr04	65238039	65456149	-0.163879	-0.199086	-0.082055	-0.099519
Chr04	65363026	65515859	-0.273265	-0.360183	-0.145704	-0.194626
Chr04	65456163	65613063	-0.320103	-0.426239	-0.191714	-0.232981
Chr04	65515863	65825335	-0.403381	-0.399405	-0.165734	-0.290104
Chr04	65613149	66067606	-0.718163	-0.928223	-0.320274	-0.609674
Chr04	65825370	66151887	-0.779415	-1.007822	-0.340201	-0.700633
Chr04	66067632	66285925	-0.482033	-0.317092	-0.147391	-0.426598
Chr04	66151894	66445346	-0.623136	-0.379072	-0.181159	-0.559087
Chr04	66285932	66620584	-0.907286	-0.920110	-0.353256	-0.858967
Chr04	66445517	66914764	-0.905975	-0.491208	-0.255854	-0.865721
Chr04	66620591	67197788	-0.585668	-0.174053	-0.108034	-0.491268
Chr04	66914897	67277798	-0.114008	-0.054990	-0.030922	-0.072233
Chr04	67197797	67376295	-0.154583	-0.202672	-0.090796	-0.083323
Chr04	67277839	67480175	-0.051745	-0.056022	-0.028476	-0.028698
Chr04	67376467	67588276	0.038883	0.035914	0.020829	0.017151
Chr04	67480312	67650042	0.003682	0.003527	0.002081	0.000036
Chr04	67588318	67719959	-0.042822	-0.047917	-0.027099	-0.021232
Chr04	67650069	67771508	-0.016191	-0.019569	-0.011065	-0.007634
Chr04	67719966	67875741	-0.286976	-0.308398	-0.174201	-0.197519
Chr04	67771640	67961548	-0.330633	-0.323989	-0.187355	-0.211095
Chr04	67875774	68030873	-0.217324	-0.206290	-0.127756	-0.113325
Chr04	67961556	68092797	-0.098069	-0.089252	-0.058287	-0.054492
Chr04	68030874	68351814	0.070346	0.054194	0.031169	0.038049
Chr04	68092800	68826584	0.050267	0.034722	0.019241	0.033941
Chr04	68351839	69176536	0.046988	0.034537	0.018245	0.032338
Chr04	68827038	69396689	0.016768	0.014911	0.007325	0.011241
Chr04	69176578	69438352	-0.026603	-0.029879	-0.015000	-0.014610
Chr04	69396690	69494365	0.004246	0.006151	0.003446	0.001984
Chr04	69438363	69567205	0.119943	0.107532	0.070342	0.056134
Chr04	69494383	69618701	0.075741	0.071001	0.043600	0.034151
Chr04	69567213	69660753	-0.128143	-0.225222	-0.099697	-0.074408
Chr04	69618773	69808247	-0.085071	-0.102574	-0.055620	-0.045998
Chr04	69660759	69891701	-0.061111	-0.058162	-0.035256	-0.033701
Chr04	69808302	69989537	0.099179	0.094054	0.047435	0.056184
Chr04	69891707	70159615	0.045272	0.039334	0.020875	0.026111
Chr04	69989546	70232627	-0.125043	-0.133665	-0.072668	-0.076245
Chr04	70159650	70317478	-0.088452	-0.096524	-0.053034	-0.049885
Chr04	70232639	70400084	-0.101128	-0.103423	-0.047943	-0.059118
Chr04	70317489	70457453	-0.105748	-0.145144	-0.049309	-0.051888
Chr04	70400085	70636571	-0.163894	-0.186294	-0.078359	-0.093915
Chr04	70457454	70718314	-0.159456	-0.150034	-0.077940	-0.098320
Chr04	70636590	70816581	-0.049240	-0.028430	-0.018073	-0.026389
Chr04	70718333	70986489	-0.237314	-0.108121	-0.065884	-0.150930
Chr04	70816603	71040472	-0.258896	-0.162035	-0.089257	-0.160039
Chr04	70986656	71378569	-0.225164	-0.245230	-0.111700	-0.123172
Chr04	71040499	71531617	-0.274298	-0.278221	-0.133734	-0.162773
Chr04	71378572	71607730	-0.277510	-0.280985	-0.140590	-0.170179
Chr04	71531706	71709325	-0.270696	-0.188366	-0.118881	-0.189875
Chr04	71607742	71781033	-0.355286	-0.256419	-0.154262	-0.267372
Chr04	71709329	71877223	-0.336287	-0.247650	-0.130462	-0.249591
Chr04	71781091	71992303	-0.186026	-0.140102	-0.071881	-0.127898
Chr04	71877240	72183373	-0.161983	-0.158407	-0.071976	-0.097867
Chr04	71992959	72379467	-0.106101	-0.095645	-0.045606	-0.058954
Chr04	72183684	72544889	-0.111905	-0.099801	-0.050158	-0.065113
Chr04	72380573	72685062	-0.112376	-0.119436	-0.052352	-0.061145
Chr04	72544905	72738914	0.003942	0.004064	0.001775	-0.000312
Chr04	72685098	72823683	-0.074282	-0.055208	-0.032525	-0.043384
Chr04	72739066	72967933	-0.478408	-0.411828	-0.194921	-0.373129
Chr04	72823863	73062223	-0.490598	-0.361178	-0.178388	-0.379571
Chr04	72967953	73157318	-0.093542	-0.060680	-0.037246	-0.056487
Chr04	73062272	73266345	0.047016	0.058202	0.028788	0.023081
Chr04	73158543	73359602	-0.003910	-0.004994	-0.002446	-0.002393
Chr04	73266357	73439557	-0.007718	-0.007608	-0.004103	-0.003040
Chr04	73359609	73513789	-0.064469	-0.056189	-0.031977	-0.033383
Chr04	73439600	73603292	-0.134067	-0.106203	-0.057898	-0.080418
Chr04	73513793	73666335	-0.139381	-0.115368	-0.061032	-0.082821
Chr04	73603512	73753641	-0.020345	-0.019114	-0.011255	-0.009171
Chr04	73666403	73815037	0.051010	0.049905	0.031359	0.029888
Chr04	73753731	73886321	-0.012516	-0.016153	-0.008643	-0.007114
Chr04	73815160	73973140	-0.034438	-0.057024	-0.025459	-0.017972
Chr04	73886347	74161174	0.022734	0.022625	0.011114	0.015615
Chr04	73973169	74249350	0.053733	0.049172	0.026140	0.031898
Chr04	74161179	74395395	-0.068712	-0.077532	-0.040077	-0.039582
Chr04	74249353	74596189	-0.083676	-0.087864	-0.040877	-0.043571
Chr04	74395577	74641389	-0.043544	-0.051936	-0.022725	-0.023473
Chr04	74596192	74729755	0.007830	0.008030	0.003817	0.003311
Chr04	74641406	74793552	-0.035125	-0.035375	-0.016514	-0.023988
Chr04	74729769	74971670	0.103954	0.096067	0.055056	0.065973
Chr04	74793553	75041162	0.183065	0.140380	0.089513	0.114711
Chr04	74971810	75118009	0.183242	0.136326	0.071513	0.112016
Chr04	75041163	75247409	-0.060378	-0.029816	-0.016400	-0.037284
Chr04	75118032	75355304	-0.620971	-0.401322	-0.202800	-0.448311
Chr04	75247446	75411295	-0.636971	-0.786943	-0.335643	-0.489454
Chr04	75355322	75463919	-0.306452	-0.390338	-0.204196	-0.193988
Chr04	75411315	75575603	-0.040478	-0.048626	-0.026808	-0.023959
Chr04	75463993	75643174	-0.168710	-0.202658	-0.110054	-0.098080
Chr04	75575627	75707909	-0.116993	-0.124586	-0.073414	-0.070706
Chr04	75643196	75824905	-0.077044	-0.087321	-0.048783	-0.041116
Chr04	75707924	75896300	-0.117675	-0.160199	-0.081687	-0.059819
Chr04	75824983	75966629	-0.072578	-0.096800	-0.052512	-0.034523
Chr04	75896436	76034863	0.166801	0.207626	0.129715	0.087071
Chr04	75966658	76097579	0.205011	0.237139	0.149829	0.119748
Chr04	76034864	76214360	-0.019956	-0.016101	-0.010063	-0.004553
Chr04	76097671	76306241	0.077992	0.048751	0.037431	0.048545
Chr04	76214363	76413212	0.151665	0.112965	0.085726	0.094746
Chr04	76306693	76533308	0.107691	0.088713	0.051572	0.068143
Chr04	76413350	76830683	0.117886	0.072548	0.040303	0.082800
Chr04	76533519	76926482	0.062800	0.042426	0.023045	0.048267
Chr04	76830712	77137305	-0.040299	-0.035156	-0.019148	-0.017791
Chr04	76926513	77272353	-0.042738	-0.038443	-0.020463	-0.023642
Chr04	77138022	77323593	0.030787	0.031532	0.017857	0.015768
Chr04	77272373	77384082	0.057223	0.072718	0.043074	0.028835
Chr04	77323637	77443972	-0.007971	-0.011540	-0.005560	-0.002167
Chr04	77384149	77511890	-0.096175	-0.158481	-0.067400	-0.046958
Chr04	77443999	77571358	-0.056555	-0.090877	-0.039280	-0.029428
Chr04	77511938	77657568	0.024286	0.027806	0.014692	0.015576
Chr04	77571442	77906551	-0.025627	-0.024324	-0.012672	-0.015419
Chr04	77657679	77969037	-0.067695	-0.077369	-0.039041	-0.038846
Chr04	77906850	78021853	-0.049130	-0.072466	-0.037267	-0.023107
Chr04	77969038	78120958	-0.023050	-0.026321	-0.012151	-0.007899
Chr04	78021880	78508108	0.023139	0.017301	0.009449	0.025028
Chr04	78121019	78703565	0.066519	0.044557	0.025965	0.050823
Chr04	78508139	78806988	0.293228	0.216126	0.119565	0.162455
Chr04	78703763	78944300	0.147703	0.109257	0.058037	0.083567
Chr04	78807022	79010222	-0.179294	-0.191208	-0.090066	-0.095875
Chr04	78944469	79042341	-0.068460	-0.098201	-0.051270	-0.034883
Chr04	79010266	79089811	-0.074387	-0.083623	-0.045684	-0.037126
Chr04	79042343	79140800	-0.005680	-0.006469	-0.003639	-0.003919
Chr04	79089813	79215776	-0.004360	-0.005000	-0.003002	-0.003590
Chr04	79140822	79321062	-0.077882	-0.091012	-0.047757	-0.041951
Chr04	79218527	79365959	0.020472	0.025275	0.011960	0.011828
Chr04	79321110	79455746	-0.066916	-0.101590	-0.038305	-0.033798
Chr04	79365990	79507803	-0.087626	-0.133924	-0.056796	-0.046182
Chr04	79455805	79565196	-0.119871	-0.152646	-0.077327	-0.079041
Chr04	79507804	79634852	-0.307435	-0.329556	-0.170869	-0.207627
Chr04	79565228	79729714	-0.326612	-0.219741	-0.134717	-0.180724
Chr04	79634951	79826693	-0.218200	-0.109593	-0.071923	-0.124702
Chr04	79729721	79996147	-0.022634	-0.012958	-0.008567	-0.013881
Chr04	79826873	80114914	0.007319	0.006009	0.003746	0.007197
Chr04	79996149	80213179	-0.118231	-0.130591	-0.069649	-0.060793
Chr04	80114917	80322186	-0.101941	-0.127439	-0.060756	-0.047765
Chr04	80213461	80378670	-0.099634	-0.097087	-0.056896	-0.050898
Chr04	80322190	80432756	0.181189	0.152667	0.111718	0.103138
Chr04	80378700	80496294	0.214500	0.221539	0.144196	0.121569
Chr04	80432757	80623124	-0.027793	-0.036564	-0.017862	-0.008989
Chr04	80496314	80793710	-0.003050	-0.002609	-0.001541	0.002866
Chr04	80623162	80889432	0.030024	0.026389	0.015743	0.015312
Chr04	80793891	80979668	-0.005353	-0.008713	-0.004377	-0.003466
Chr04	80889441	81056596	-0.094313	-0.172522	-0.069629	-0.040161
Chr04	80979670	81126822	-0.042257	-0.070424	-0.030401	-0.019483
Chr04	81056645	81199156	-0.045771	-0.062275	-0.033417	-0.023414
Chr04	81126834	81278059	0.022459	0.026593	0.015007	0.012283
Chr04	81199224	81342603	-0.056216	-0.054622	-0.033255	-0.032103
Chr04	81278092	81506957	-0.193404	-0.117174	-0.071448	-0.122347
Chr04	81342628	81691948	-0.156008	-0.074092	-0.046550	-0.101126
Chr04	81507040	81753239	-0.026986	-0.013143	-0.008802	-0.014916
Chr04	81691953	81850540	-0.197469	-0.169798	-0.095624	-0.120442
Chr04	81753243	81902832	-0.248678	-0.289684	-0.143312	-0.156024
Chr04	81850600	82013119	-0.047782	-0.045515	-0.027493	-0.024585
Chr04	81902894	82178411	-0.084459	-0.086983	-0.047766	-0.040855
Chr04	82013185	82412990	-0.168570	-0.162465	-0.077074	-0.093694
Chr04	82178813	82530210	-0.184958	-0.176330	-0.085691	-0.107935
Chr04	82413019	82620138	-0.061841	-0.078708	-0.040205	-0.037384
Chr04	82530225	82691153	-0.074976	-0.092654	-0.048684	-0.044141
Chr04	82620152	82759612	-0.093787	-0.073409	-0.047281	-0.041610
Chr04	82691154	82799404	-0.119066	-0.100219	-0.065081	-0.056388
Chr04	82759637	82837085	-0.109301	-0.178945	-0.080456	-0.057588
Chr04	82799418	82893803	-0.011115	-0.016068	-0.007244	-0.006088
Chr04	82837088	83022274	0.032833	0.035094	0.017984	0.010834
Chr04	82893830	83115936	-0.019315	-0.018722	-0.010000	-0.016169
Chr04	83022471	83227708	-0.110892	-0.101601	-0.056763	-0.056659
Chr04	83115937	83326296	-0.094911	-0.091394	-0.050434	-0.053168
Chr04	83228242	83367409	-0.111797	-0.130091	-0.070587	-0.064199
Chr04	83326297	83503100	-0.059489	-0.070119	-0.036938	-0.038120
Chr04	83367426	83630069	-0.034820	-0.038537	-0.018905	-0.023418
Chr04	83503126	83692564	0.066414	0.078633	0.040128	0.046753
Chr04	83630084	83746267	0.067572	0.090576	0.048574	0.040556
Chr04	83692633	83801146	-0.084407	-0.137246	-0.065540	-0.040244
Chr04	83746268	83863644	-0.054373	-0.097987	-0.042952	-0.024241
Chr04	83801169	84142289	-0.082973	-0.093968	-0.041930	-0.037963
Chr04	83863647	84434039	-0.033384	-0.025751	-0.012839	-0.017021
Chr04	84142354	84641571	-0.039213	-0.028042	-0.015580	-0.022369
Chr04	84434051	84684199	-0.042577	-0.034796	-0.022493	-0.022335
Chr04	84641586	84741843	0.063371	0.071598	0.046114	0.031193
Chr04	84684218	84873279	0.048145	0.045342	0.025875	0.022798
Chr04	84741930	84975716	-0.063029	-0.064083	-0.035680	-0.034619
Chr04	84873304	85185907	-0.100744	-0.048251	-0.036310	-0.057423
Chr05	10161	121010	-0.489364	-0.390174	-0.211715	-0.318055
Chr05	56271	194019	-0.332556	-0.229447	-0.134802	-0.193348
Chr05	121104	305289	-0.272827	-0.203183	-0.103978	-0.149125
Chr05	194037	442370	-0.241978	-0.248344	-0.084655	-0.132688
Chr05	305380	522618	-0.208769	-0.285050	-0.085246	-0.112108
Chr05	442393	586964	-0.121888	-0.216472	-0.078551	-0.065857
Chr05	524250	657509	0.201255	0.262659	0.136666	0.110583
Chr05	587024	712984	0.187055	0.196424	0.129041	0.101543
Chr05	657586	777771	-0.022988	-0.035304	-0.015095	-0.005226
Chr05	712995	1137775	-0.057992	-0.073120	-0.030927	-0.029164
Chr05	777774	2867342	-0.112465	-0.100710	-0.046642	-0.068445
Chr05	1137890	2953157	-0.142891	-0.114418	-0.058761	-0.084122
Chr05	2867658	3012804	-0.090390	-0.076131	-0.044921	-0.052041
Chr05	2953243	3089303	0.252779	0.166673	0.109684	0.139777
Chr05	3013121	3175438	0.420570	0.247430	0.168539	0.234772
Chr05	3089319	3259403	0.124537	0.098424	0.054539	0.057008
Chr05	3175499	3339259	-0.134047	-0.101300	-0.054901	-0.068521
Chr05	3259502	3545541	-0.356250	-0.167325	-0.099371	-0.170478
Chr05	3339274	3682765	-0.398721	-0.189435	-0.104656	-0.228551
Chr05	3545696	3793820	-0.280125	-0.185815	-0.094832	-0.170747
Chr05	3682828	3886167	-0.171828	-0.177971	-0.089907	-0.087376
Chr05	3793918	3967275	-0.121092	-0.149622	-0.079572	-0.059012
Chr05	3886230	4044130	-0.130306	-0.144251	-0.072677	-0.064533
Chr05	3967286	4119711	0.194010	0.196560	0.122560	0.109100
Chr05	4044140	4373231	0.233994	0.175297	0.122313	0.141394
Chr05	4119738	4447290	0.015962	0.012700	0.007886	0.001565
Chr05	4373239	4524316	-0.109536	-0.139655	-0.062317	-0.062679
Chr05	4447332	4589332	-0.033703	-0.038328	-0.018245	-0.021937
Chr05	4524380	4675523	0.092673	0.080452	0.047908	0.038400
Chr05	4589342	4784110	0.078458	0.063397	0.037659	0.030373
Chr05	4675542	4867194	0.069489	0.071912	0.035863	0.031769
Chr05	4785064	4960721	0.127482	0.077469	0.043898	0.061051
Chr05	4867222	5057230	0.170059	0.090706	0.055539	0.084492
Chr05	4961454	5114616	0.135919	0.097024	0.059413	0.066436
Chr05	5057280	5257109	0.045804	0.024803	0.015605	0.017898
Chr05	5114643	5361646	-0.033056	-0.014187	-0.008871	-0.022200
Chr05	5257115	5455472	-0.187192	-0.067323	-0.044220	-0.114255
Chr05	5361656	5551260	-0.319980	-0.114568	-0.075811	-0.189899
Chr05	5455500	5682771	-0.010179	-0.005334	-0.003326	-0.004529
Chr05	5551292	5904674	0.263369	0.129280	0.084317	0.158618
Chr05	5682783	5960019	0.206206	0.103525	0.061186	0.132014
Chr05	5904691	6029571	-0.320273	-0.309295	-0.116748	-0.197666
Chr05	5960023	6103041	-0.460571	-0.567701	-0.187238	-0.279180
Chr05	6029605	6234794	-0.195391	-0.132751	-0.065899	-0.113400
Chr05	6103180	6373029	-0.094122	-0.038053	-0.023389	-0.053071
Chr05	6234837	6628108	-0.211457	-0.041860	-0.031013	-0.128754
Chr05	6373040	6773445	-0.238318	-0.037186	-0.028319	-0.146776
Chr05	6628169	6866939	-0.064725	-0.020750	-0.013857	-0.030040
Chr05	6773465	6983212	-0.218122	-0.118125	-0.072117	-0.116675
Chr05	6866982	7156385	-0.265626	-0.143524	-0.084058	-0.153843
Chr05	6983356	7216809	-0.124934	-0.104268	-0.053728	-0.080459
Chr05	7156392	7277925	0.093179	0.075302	0.048236	0.059006
Chr05	7216901	7384018	0.107958	0.068360	0.046797	0.059019
Chr05	7277969	7510587	-0.544635	-0.440425	-0.163413	-0.366725
Chr05	7384027	7603249	-0.692748	-0.654379	-0.232141	-0.535093
Chr05	7510594	7709814	-0.385755	-0.298074	-0.151916	-0.250179
Chr05	7603250	7801205	-0.160072	-0.090022	-0.053528	-0.088646
Chr05	7709829	7881354	-0.197063	-0.111413	-0.071482	-0.105105
Chr05	7801283	7990014	-0.063887	-0.035356	-0.020311	-0.026767
Chr05	7881382	8136666	0.088380	0.029526	0.019583	0.037971
Chr05	7990825	8251033	0.091700	0.040471	0.027339	0.048366
Chr05	8136686	8392781	0.020827	0.016563	0.009603	0.010662
Chr05	8251240	8544789	-0.267221	-0.127488	-0.073279	-0.167632
Chr05	8393056	8628279	-0.301346	-0.135472	-0.080073	-0.214546
Chr05	8545717	8746654	-0.165571	-0.070646	-0.043376	-0.121967
Chr05	8628305	8892082	-0.244491	-0.087470	-0.050654	-0.175817
Chr05	8746708	8994460	-0.367616	-0.178684	-0.094375	-0.245005
Chr05	8892104	9231937	-0.204000	-0.145937	-0.074583	-0.119319
Chr05	8994478	9393464	-0.132300	-0.080630	-0.041858	-0.085622
Chr05	9231965	9478003	-0.221819	-0.142098	-0.076512	-0.145903
Chr05	9393465	9532358	-0.201181	-0.187373	-0.089407	-0.110788
Chr05	9478371	9624439	-0.227361	-0.279644	-0.096670	-0.128499
Chr05	9532363	9737058	-0.116539	-0.128253	-0.043128	-0.060268
Chr05	9624709	9809585	-0.139555	-0.140181	-0.051418	-0.078513
Chr05	9737141	9904458	-0.293789	-0.256726	-0.115982	-0.186400
Chr05	9809650	9995373	-0.188850	-0.141899	-0.072385	-0.121306
Chr05	9904494	10128546	0.183575	0.096579	0.064174	0.107036
Chr05	9995385	10278889	0.343706	0.152187	0.118111	0.214836
Chr05	10128782	10463948	-0.182854	-0.142780	-0.073503	-0.148857
Chr05	10278890	10677637	-0.384945	-0.417740	-0.165330	-0.297026
Chr05	10463965	10866875	0.019535	0.010101	0.006561	0.004515
Chr05	10677639	11075954	0.043910	0.014533	0.010110	0.022556
Chr05	10866924	11137272	-0.141615	-0.058851	-0.036164	-0.073014
Chr05	11076048	11292056	-0.228813	-0.093495	-0.052469	-0.158415
Chr05	11137293	11506930	-0.545270	-0.248891	-0.131176	-0.418877
Chr05	11292077	11663785	-0.529460	-0.198965	-0.120328	-0.395632
Chr05	11506959	11750291	-0.384465	-0.110497	-0.071170	-0.274296
Chr05	11663823	11927704	-0.534445	-0.295487	-0.153214	-0.387027
Chr05	11750613	11992071	-0.582092	-0.534550	-0.228953	-0.415576
Chr05	11927711	12094827	-0.341032	-0.277815	-0.129051	-0.235149
Chr05	11992094	12226818	-0.152603	-0.092819	-0.049741	-0.100455
Chr05	12094855	12322220	-0.045858	-0.030065	-0.017761	-0.026233
Chr05	12226853	12370552	0.093322	0.069281	0.044053	0.058849
Chr05	12322274	12447827	-0.053422	-0.046853	-0.024546	-0.028719
Chr05	12370560	12509340	-0.262025	-0.305606	-0.140483	-0.157798
Chr05	12447835	12593220	-0.364973	-0.437089	-0.203242	-0.241020
Chr05	12509388	12775246	-0.181048	-0.124470	-0.070376	-0.105090
Chr05	12596986	12908843	-0.129128	-0.075933	-0.047403	-0.074884
Chr05	12775282	12978561	-0.274675	-0.199696	-0.109767	-0.164111
Chr05	12908868	13124480	-0.126614	-0.050977	-0.032113	-0.070374
Chr05	12978565	13310295	-0.068522	-0.021576	-0.013285	-0.037043
Chr05	13124499	13439416	-0.132182	-0.040099	-0.026675	-0.082693
Chr05	13310329	13563522	-0.376158	-0.127734	-0.081754	-0.267524
Chr05	13439446	14033366	-0.328142	-0.139984	-0.078201	-0.213166
Chr05	13563527	14247989	-0.057457	-0.024631	-0.014306	-0.029585
Chr05	14033503	14309185	-0.253261	-0.161715	-0.083061	-0.147671
Chr05	14248035	14505065	-0.108696	-0.043718	-0.025836	-0.062583
Chr05	14309191	14593758	0.072878	0.024836	0.015743	0.045969
Chr05	14505212	14689068	-0.160629	-0.094640	-0.053142	-0.088079
Chr05	14593831	14859908	-0.064969	-0.020932	-0.012881	-0.032727
Chr05	14689106	15013733	0.044954	0.011415	0.007196	0.034015
Chr05	14859911	15121303	-0.103795	-0.033998	-0.020100	-0.070645
Chr05	15013856	15232795	-0.120271	-0.047345	-0.026907	-0.087285
Chr05	15121304	15365204	-0.133283	-0.044569	-0.024012	-0.092621
Chr05	15233615	15543502	-0.237641	-0.088040	-0.045682	-0.184759
Chr05	15365236	15687045	-0.310347	-0.130932	-0.070956	-0.268278
Chr05	15543503	15829568	-0.084400	-0.033527	-0.018649	-0.062883
Chr05	15687210	15978234	-0.120302	-0.056433	-0.030574	-0.085647
Chr05	15829652	16152184	-0.332782	-0.138606	-0.082796	-0.252542
Chr05	15978238	16277124	-0.142329	-0.055547	-0.028590	-0.106978
Chr05	16152579	16417171	-0.154328	-0.078178	-0.031983	-0.107034
Chr05	16277175	16527014	-0.244781	-0.147889	-0.064000	-0.153609
Chr05	16417219	16618644	-0.026967	-0.018778	-0.009412	-0.015994
Chr05	16527094	16711537	0.012905	0.008096	0.004406	0.011387
Chr05	16618673	16853975	-0.164246	-0.057199	-0.032499	-0.099786
Chr05	16711542	16986238	-0.179952	-0.047349	-0.029134	-0.105095
Chr05	16854171	17116845	-0.091147	-0.033322	-0.021600	-0.046451
Chr05	16986597	17237449	-0.157091	-0.115287	-0.058798	-0.085354
Chr05	17116860	17354382	-0.332653	-0.378762	-0.146812	-0.190186
Chr05	17237459	17419659	-0.341869	-0.425237	-0.159801	-0.177595
Chr05	17354432	17627052	-0.252104	-0.095107	-0.053426	-0.142291
Chr05	17419660	17729407	-0.046274	-0.016536	-0.009570	-0.028264
Chr05	17627201	17865789	0.052767	0.023530	0.014766	0.029861
Chr05	17729500	17990220	-0.006558	-0.002498	-0.001676	-0.008196
Chr05	17865812	18162587	0.054433	0.018691	0.011821	0.030745
Chr05	17990245	18294383	-0.035584	-0.010693	-0.006430	-0.026954
Chr05	18162691	18447658	-0.250088	-0.078033	-0.044596	-0.174992
Chr05	18294894	18548593	-0.100808	-0.037988	-0.023664	-0.075326
Chr05	18448104	18701741	0.055244	0.020367	0.013994	0.043941
Chr05	18548691	18842424	-0.161793	-0.059539	-0.035498	-0.107033
Chr05	18701770	18956699	-0.209291	-0.116585	-0.050484	-0.137560
Chr05	18842438	19083354	-0.282225	-0.212109	-0.078844	-0.192401
Chr05	18956867	19367520	-0.349629	-0.191653	-0.088039	-0.216685
Chr05	19083380	19471080	-0.352617	-0.159027	-0.084964	-0.229545
Chr05	19367588	19560295	-0.431898	-0.197003	-0.113534	-0.324518
Chr05	19471083	19721517	-0.336342	-0.114001	-0.068404	-0.247238
Chr05	19560307	19824040	-0.202364	-0.078129	-0.041673	-0.121962
Chr05	19721550	19913444	-0.102409	-0.072015	-0.029664	-0.054794
Chr05	19824044	20026472	-0.219266	-0.174549	-0.083145	-0.166056
Chr05	19913476	20232193	-0.318146	-0.123814	-0.073971	-0.271196
Chr05	20026600	20428017	-0.262302	-0.057303	-0.036541	-0.203817
Chr05	20236215	20576034	-0.387258	-0.127317	-0.070764	-0.303809
Chr05	20428058	20719817	-0.273030	-0.126939	-0.065868	-0.210250
Chr05	20576077	20895370	-0.170069	-0.066086	-0.038039	-0.122949
Chr05	20719934	21037390	-0.190553	-0.058168	-0.035198	-0.114543
Chr05	20895437	21170129	-0.361276	-0.163215	-0.082808	-0.247481
Chr05	21037396	21436142	-0.574102	-0.211766	-0.120676	-0.486582
Chr05	21170168	21748870	-0.255352	-0.055841	-0.039937	-0.206007
Chr05	21436296	21864244	-0.124225	-0.032164	-0.021403	-0.081632
Chr05	21748907	21939075	-0.192755	-0.117232	-0.055243	-0.099947
Chr05	21864268	22031657	-0.062501	-0.046985	-0.024284	-0.032031
Chr05	21939082	22139022	-0.097216	-0.056709	-0.027027	-0.053908
Chr05	22032420	22235799	-0.300997	-0.143235	-0.074740	-0.215598
Chr05	22139032	22302580	-0.421706	-0.213782	-0.123509	-0.305484
Chr05	22235840	22398652	-0.195314	-0.111756	-0.070290	-0.124450
Chr05	22302707	22576867	-0.288235	-0.198597	-0.103217	-0.201334
Chr05	22398806	22656417	-0.299256	-0.312251	-0.110017	-0.179161
Chr05	22576944	22730849	-0.152210	-0.095192	-0.048699	-0.086700
Chr05	22656439	22808188	-0.119438	-0.057592	-0.037571	-0.075390
Chr05	22730897	22901070	-0.121774	-0.089686	-0.045716	-0.074661
Chr05	22808232	23009557	-0.186516	-0.127602	-0.058043	-0.123579
Chr05	22901093	23147776	-0.098601	-0.039934	-0.022415	-0.069039
Chr05	23009558	23267863	-0.136903	-0.053761	-0.032555	-0.083701
Chr05	23147826	23404067	-0.147960	-0.082503	-0.046051	-0.076295
Chr05	23268144	23559412	-0.051183	-0.027320	-0.014611	-0.025709
Chr05	23404826	23627861	-0.165152	-0.132785	-0.060733	-0.096766
Chr05	23559506	23689620	-0.363747	-0.557607	-0.129696	-0.178821
Chr05	23627915	23807813	-0.075156	-0.062786	-0.023680	-0.037184
Chr05	23689785	23899258	0.022764	0.010612	0.006901	0.014449
Chr05	23807843	24047108	-0.100143	-0.040530	-0.024760	-0.062657
Chr05	23899582	24165452	-0.443889	-0.271440	-0.127443	-0.351477
Chr05	24047131	24307679	-0.619391	-0.420451	-0.170634	-0.510132
Chr05	24165492	24490841	-0.359033	-0.151398	-0.082508	-0.290358
Chr05	24307691	24706719	-0.587600	-0.224593	-0.127075	-0.509890
Chr05	24490916	24880719	-0.554895	-0.206177	-0.111340	-0.460014
Chr05	24706778	25029792	0.179015	0.055309	0.035981	0.139738
Chr05	24880751	25160934	0.072343	0.029245	0.016915	0.064307
Chr05	25029944	25369944	-0.200448	-0.074823	-0.040141	-0.152709
Chr05	25160973	25530485	-0.346053	-0.119126	-0.067721	-0.259842
Chr05	25370104	25639251	-0.383201	-0.173306	-0.097179	-0.260172
Chr05	25530535	25701517	-0.007839	-0.005193	-0.003184	-0.003799
Chr05	25639255	25807811	0.007681	0.003911	0.002277	0.006853
Chr05	25701520	25946465	-0.183213	-0.070068	-0.039773	-0.128122
Chr05	25807967	26009904	-0.458056	-0.272142	-0.140445	-0.344729
Chr05	25946554	26140279	-0.286520	-0.169709	-0.094673	-0.204075
Chr05	26010166	26198807	-0.035895	-0.019138	-0.011580	-0.021811
Chr05	26140328	26284523	-0.106436	-0.068906	-0.037588	-0.061561
Chr05	26198813	26419155	-0.273614	-0.150405	-0.076139	-0.172201
Chr05	26284538	26516606	-0.298078	-0.123704	-0.066297	-0.193793
Chr05	26419172	26623542	-0.010452	-0.003521	-0.002168	-0.008037
Chr05	26516610	26959268	-0.165942	-0.087857	-0.039406	-0.070968
Chr05	26623600	27080002	-0.458123	-0.445736	-0.120380	-0.200177
Chr05	26959293	27257537	-0.467665	-0.344777	-0.134290	-0.268243
Chr05	27080052	27489456	-0.104575	-0.050069	-0.026395	-0.058356
Chr05	27257667	27603756	-0.002445	-0.001028	-0.000597	0.009401
Chr05	27489458	27715264	-0.082203	-0.027522	-0.018914	-0.048133
Chr05	27603776	27805913	0.016329	0.005730	0.004140	0.007653
Chr05	27715366	27884336	0.063123	0.052992	0.031715	0.028182
Chr05	27805921	27935721	0.003424	0.003993	0.001874	0.003452
Chr05	27884345	28016192	-0.202821	-0.142896	-0.069980	-0.122688
Chr05	27935751	28127205	-0.360666	-0.185442	-0.092537	-0.285786
Chr05	28016225	28228305	-0.417836	-0.191536	-0.100305	-0.322520
Chr05	28127416	28466394	-0.296378	-0.123238	-0.076502	-0.184146
Chr05	28228350	28614739	-0.202848	-0.082386	-0.053573	-0.125083
Chr05	28467159	28788655	-0.172890	-0.078192	-0.051035	-0.119572
Chr05	28615109	29018001	-0.293391	-0.188935	-0.098376	-0.205921
Chr05	28788656	29129450	-0.373009	-0.266187	-0.112209	-0.246198
Chr05	29018035	29247961	-0.257045	-0.178709	-0.079170	-0.151321
Chr05	29129490	29333413	-0.129788	-0.081942	-0.043516	-0.078073
Chr05	29247967	29451815	-0.320104	-0.194901	-0.101485	-0.222870
Chr05	29333455	29601743	-0.507827	-0.262338	-0.129951	-0.377373
Chr05	29451827	29747580	-0.301140	-0.122725	-0.062039	-0.223593
Chr05	29601800	29940312	-0.237417	-0.075548	-0.035756	-0.179839
Chr05	29747588	30097138	-0.475469	-0.170936	-0.081034	-0.370286
Chr05	29940416	30190692	-0.376780	-0.171094	-0.087259	-0.265907
Chr05	30097278	30298800	-0.044439	-0.016025	-0.009982	-0.033519
Chr05	30190709	30449124	-0.112649	-0.038132	-0.022993	-0.078604
Chr05	30298850	30576871	-0.248239	-0.104979	-0.052843	-0.185371
Chr05	30449132	30663515	-0.311089	-0.172375	-0.090685	-0.239124
Chr05	30576937	30751658	-0.434298	-0.284256	-0.161782	-0.339370
Chr05	30663547	30854106	-0.288218	-0.142245	-0.074099	-0.220582
Chr05	30751665	31014940	-0.273681	-0.113665	-0.057807	-0.201029
Chr05	30854116	31088804	-0.577850	-0.329250	-0.161746	-0.437923
Chr05	31014990	31180326	-0.643995	-0.439764	-0.229414	-0.523701
Chr05	31088809	31387558	-0.488860	-0.284179	-0.165746	-0.384736
Chr05	31180346	31756298	-0.371111	-0.180872	-0.099956	-0.266167
Chr05	31395542	31924138	-0.397534	-0.138260	-0.077382	-0.278548
Chr05	31756302	32004089	-0.401803	-0.170696	-0.085985	-0.295449
Chr05	31924141	32164724	-0.247546	-0.126645	-0.060045	-0.190536
Chr05	32004096	32348553	-0.167256	-0.071289	-0.035182	-0.112595
Chr05	32164833	32511983	-0.196509	-0.086043	-0.042301	-0.120959
Chr05	32348558	32667406	-0.161023	-0.066124	-0.034122	-0.110037
Chr05	32512339	32945748	-0.314496	-0.133331	-0.057146	-0.232829
Chr05	32667469	33088660	-0.450137	-0.211303	-0.089034	-0.291353
Chr05	32945804	33244395	-0.392433	-0.167884	-0.096213	-0.243316
Chr05	33088759	33305967	-0.458823	-0.248665	-0.128594	-0.316932
Chr05	33244420	33459178	-0.386398	-0.199606	-0.093701	-0.261341
Chr05	33306067	33559191	-0.465719	-0.236145	-0.117666	-0.363080
Chr05	33459192	33747930	-0.533817	-0.391447	-0.179667	-0.443817
Chr05	33559218	33945614	-0.318946	-0.199194	-0.098296	-0.245154
Chr05	33747986	34197773	-0.130118	-0.069362	-0.036264	-0.080129
Chr05	33945765	34304437	-0.325266	-0.248343	-0.104054	-0.165778
Chr05	34197798	34447011	-0.028697	-0.023707	-0.010281	-0.009655
Chr05	34304673	34520919	0.344878	0.204182	0.117689	0.194168
Chr05	34447066	34659382	-0.155501	-0.118069	-0.061721	-0.094066
Chr05	34520955	34852679	-0.500793	-0.365726	-0.189561	-0.362748
Chr05	34659579	34952321	-0.563441	-0.394118	-0.213072	-0.371231
Chr05	34852685	35076701	-0.320515	-0.210094	-0.108946	-0.196176
Chr05	34952327	35144490	0.022621	0.013811	0.007771	0.015611
Chr05	35076760	35566423	0.358792	0.221640	0.121102	0.244806
Chr05	35144504	35825194	0.171234	0.089217	0.046634	0.113240
Chr05	35566538	36582780	-0.076853	-0.042717	-0.022387	-0.053626
Chr05	35825258	36828340	-0.071772	-0.048889	-0.025518	-0.048433
Chr05	36582850	36909646	-0.049670	-0.035530	-0.019341	-0.031807
Chr05	36828343	37032058	-0.265575	-0.153016	-0.086438	-0.185561
Chr05	36909682	37130725	-0.321876	-0.148833	-0.086569	-0.221943
Chr05	37032116	37182488	0.063188	0.021652	0.014968	0.031371
Chr05	37130759	37409981	0.285494	0.078814	0.062280	0.149381
Chr05	37182716	37494686	0.092437	0.030609	0.022909	0.044404
Chr05	37410109	37596723	0.015781	0.008256	0.005918	0.009797
Chr05	37494696	37697899	0.126532	0.076149	0.056219	0.066946
Chr05	37596745	37827758	0.113129	0.079819	0.051284	0.062446
Chr05	37697946	37882883	0.042686	0.039886	0.022582	0.025102
Chr05	37827901	37918963	0.065946	0.058546	0.038418	0.039680
Chr05	37882957	38109284	-0.141366	-0.083610	-0.053067	-0.090341
Chr05	37918976	38368802	-0.360992	-0.142763	-0.082351	-0.212395
Chr05	38109293	38447160	-0.055812	-0.023866	-0.013748	-0.029117
Chr05	38368804	38600478	-0.002421	-0.001168	-0.000719	-0.001110
Chr05	38447246	38749562	-0.125053	-0.040486	-0.026506	-0.075318
Chr05	38600505	38861284	-0.148355	-0.042899	-0.028027	-0.092735
Chr05	38749742	39041432	-0.231658	-0.075748	-0.050210	-0.167835
Chr05	38861357	39137393	-0.246111	-0.081089	-0.061162	-0.209685
Chr05	39041441	39238233	-0.254261	-0.101800	-0.076652	-0.208886
Chr05	39137427	39406529	-0.226659	-0.094753	-0.055710	-0.167314
Chr05	39238291	39565004	-0.051797	-0.013897	-0.007435	-0.039042
Chr05	39406708	39743838	-0.222999	-0.064661	-0.034770	-0.169750
Chr05	39565577	39950990	-0.425605	-0.126452	-0.074470	-0.340844
Chr05	39743845	40093861	-0.509232	-0.161695	-0.091745	-0.393774
Chr05	39951088	40232845	-0.266491	-0.084060	-0.053740	-0.220973
Chr05	40094314	40323969	-0.048037	-0.013083	-0.009336	-0.047989
Chr05	40232927	40554308	-0.248438	-0.089953	-0.056567	-0.199267
Chr05	40324018	40691378	-0.242827	-0.091748	-0.058407	-0.184894
Chr05	40554320	40809605	-0.576994	-0.271248	-0.161154	-0.431834
Chr05	40691881	40943030	-0.634451	-0.216320	-0.133491	-0.463690
Chr05	40809647	41267025	-0.364500	-0.087044	-0.051911	-0.238864
Chr05	40943054	41487068	-0.387012	-0.145811	-0.077038	-0.264070
Chr05	41267417	41599583	-0.431207	-0.181548	-0.107990	-0.327735
Chr05	41487072	41725461	-0.309743	-0.093087	-0.061079	-0.215560
Chr05	41599586	41890319	-0.279558	-0.098467	-0.061849	-0.189310
Chr05	41728135	41999665	-0.241326	-0.121928	-0.071755	-0.168780
Chr05	41890354	42189509	-0.213974	-0.171738	-0.073041	-0.141386
Chr05	41999669	42319268	-0.305409	-0.278994	-0.103213	-0.205709
Chr05	42189522	42425737	-0.405037	-0.471826	-0.180047	-0.283471
Chr05	42319280	42614524	-0.586218	-0.720659	-0.271467	-0.457800
Chr05	42425916	42742878	-0.524223	-0.545820	-0.215381	-0.365860
Chr05	42614558	42806547	-0.060047	-0.041433	-0.020700	-0.025441
Chr05	42742901	42942455	0.240482	0.119663	0.066161	0.146074
Chr05	42806569	43072343	-0.189808	-0.105653	-0.046276	-0.140137
Chr05	42942686	43136569	-0.546226	-0.419817	-0.163438	-0.424154
Chr05	43072541	43362412	-0.676334	-0.288322	-0.136441	-0.489950
Chr05	43136634	43455649	-0.567151	-0.188560	-0.087697	-0.368032
Chr05	43362616	43598199	-0.297339	-0.161004	-0.072611	-0.176849
Chr05	43455656	43692589	-0.499274	-0.321272	-0.156792	-0.338132
Chr05	43598259	43783904	-0.488875	-0.281827	-0.142616	-0.355783
Chr05	43692621	43902775	-0.440850	-0.201822	-0.099901	-0.333691
Chr05	43783907	43943802	-0.217620	-0.111734	-0.052494	-0.162845
Chr05	43902897	44014221	0.136670	0.077083	0.038885	0.088351
Chr05	43943806	44097435	-0.377169	-0.202777	-0.109949	-0.269715
Chr05	44014235	44272981	-0.343631	-0.145366	-0.086254	-0.247567
Chr05	44097500	44511705	-0.177143	-0.064624	-0.038233	-0.111128
Chr05	44273056	44652259	-0.222171	-0.113784	-0.062490	-0.126590
Chr05	44511706	44756011	-0.229293	-0.120697	-0.063495	-0.120732
Chr05	44652265	44859214	-0.273857	-0.121512	-0.060478	-0.181534
Chr05	44756027	45057299	-0.337337	-0.111381	-0.054289	-0.261602
Chr05	44859267	45186420	-0.394836	-0.143402	-0.065141	-0.320408
Chr05	45057754	45348373	-0.375114	-0.126697	-0.068057	-0.319487
Chr05	45186429	45454607	-0.676952	-0.269069	-0.139244	-0.615043
Chr05	45348611	45637794	-0.671234	-0.351359	-0.151692	-0.571524
Chr05	45455156	45719033	-0.464560	-0.192995	-0.098421	-0.364031
Chr05	45637926	45883705	-0.267938	-0.110205	-0.062556	-0.221437
Chr05	45719080	46027478	-0.385658	-0.199699	-0.097146	-0.315338
Chr05	45883800	46146216	-0.604734	-0.353321	-0.158174	-0.447602
Chr05	46027681	46274892	-0.464798	-0.188799	-0.100154	-0.298020
Chr05	46146335	46371368	-0.404269	-0.190428	-0.087888	-0.292996
Chr05	46274996	46441052	-0.415633	-0.220868	-0.094635	-0.314192
Chr05	46371488	46542708	-0.483655	-0.254362	-0.118276	-0.348948
Chr05	46441059	46672548	-0.454718	-0.207362	-0.103059	-0.336619
Chr05	46542715	46757232	-0.514845	-0.215836	-0.110254	-0.398758
Chr05	46672551	46889394	-0.439593	-0.182904	-0.095968	-0.324551
Chr05	46757244	47002166	-0.426401	-0.173767	-0.088960	-0.288287
Chr05	46889530	47183004	-0.582944	-0.186703	-0.100735	-0.457893
Chr05	47002970	47435363	-0.542930	-0.127218	-0.071501	-0.445708
Chr05	47183420	47548617	-0.610479	-0.198338	-0.102619	-0.482548
Chr05	47435448	47642518	-0.726438	-0.430362	-0.181351	-0.528512
Chr05	47548729	47776453	-0.128523	-0.044801	-0.022413	-0.078834
Chr05	47642594	47880172	-0.048163	-0.022397	-0.011117	-0.043375
Chr05	47776479	47974812	-0.505774	-0.390696	-0.170173	-0.453722
Chr05	47880194	48080654	-0.723291	-0.504740	-0.220949	-0.616685
Chr05	47974880	48175434	-0.893220	-0.355752	-0.180632	-0.764010
Chr05	48080771	49459458	-0.934653	-0.308035	-0.168444	-0.878227
Chr05	48175506	49566032	-0.942058	-0.280633	-0.161132	-0.894334
Chr05	49459512	49664058	-0.928088	-0.236319	-0.146976	-0.879576
Chr05	49566122	49833707	-0.892110	-0.236770	-0.142214	-0.831115
Chr05	49664151	49939986	-0.909914	-0.281795	-0.160880	-0.845427
Chr05	49833910	50134862	-0.879900	-0.332680	-0.165155	-0.741217
Chr05	49940051	50249020	-0.874640	-0.336568	-0.157994	-0.738947
Chr05	50134892	51565789	-0.866772	-0.216444	-0.123385	-0.792854
Chr05	50249030	51733423	-0.784882	-0.170769	-0.103454	-0.718025
Chr05	51565841	51897719	-0.832604	-0.244751	-0.140857	-0.770672
Chr05	51733457	51978766	-0.893310	-0.372096	-0.195547	-0.843019
Chr05	51897727	52188122	-0.855462	-0.340723	-0.167075	-0.803505
Chr05	51978798	52343819	-0.725496	-0.208871	-0.109958	-0.618130
Chr05	52188135	52524314	-0.397481	-0.066652	-0.045577	-0.299554
Chr05	52344136	52728276	-0.239217	-0.026752	-0.021144	-0.169968
Chr05	52524427	52871107	-0.388724	-0.058415	-0.043873	-0.292233
Chr05	52728306	53012195	-0.374263	-0.073399	-0.045614	-0.245758
Chr05	52871238	53167340	-0.288390	-0.060016	-0.035546	-0.193262
Chr05	53012196	53326652	-0.196937	-0.042072	-0.025607	-0.147614
Chr05	53167387	53499916	0.283615	0.054891	0.038021	0.228713
Chr05	53327331	53662375	0.172025	0.037426	0.026718	0.140031
Chr05	53499948	53859269	-0.525425	-0.124296	-0.080740	-0.409125
Chr05	53662420	53983961	-0.709879	-0.281020	-0.160277	-0.563546
Chr05	53859296	54130455	-0.567360	-0.398598	-0.187440	-0.477095
Chr05	53983974	54293808	-0.304704	-0.139263	-0.077279	-0.266585
Chr05	54130670	54432334	-0.018371	-0.007237	-0.004446	-0.012689
Chr05	54293809	54691870	0.068772	0.032993	0.020999	0.045385
Chr05	54432365	54814925	-0.030947	-0.015981	-0.008546	-0.016642
Chr05	54691979	54986087	-0.187224	-0.113374	-0.060213	-0.150816
Chr05	54814943	55095822	-0.441444	-0.378277	-0.176502	-0.364827
Chr05	54986093	55228674	-0.478002	-0.391785	-0.133173	-0.340361
Chr05	55096204	55317342	-0.478985	-0.480638	-0.126379	-0.298597
Chr05	55228711	55440868	-0.510102	-0.390323	-0.149815	-0.361519
Chr05	55317409	55657295	-0.502502	-0.205622	-0.111644	-0.432085
Chr05	55440888	55743902	-0.440010	-0.194950	-0.109816	-0.352395
Chr05	55657296	55847673	-0.021151	-0.011959	-0.007231	-0.013244
Chr05	55744017	55950871	0.273712	0.125186	0.075586	0.142980
Chr05	55847757	56035841	0.057972	0.024004	0.013114	0.032768
Chr05	55950937	56147234	-0.387711	-0.163912	-0.090484	-0.231140
Chr05	56035885	56284827	-0.347784	-0.164776	-0.094173	-0.210163
Chr05	56147700	56322997	0.097881	0.063925	0.038902	0.066599
Chr05	56284870	56382010	0.109671	0.133136	0.069867	0.071214
Chr05	56323016	56495467	-0.016920	-0.016216	-0.007878	-0.005799
Chr05	56382060	56661255	0.067747	0.053182	0.027900	0.040617
Chr05	56495506	56763544	-0.022094	-0.023780	-0.011400	-0.011854
Chr05	56661281	56836717	-0.040885	-0.050838	-0.024947	-0.022121
Chr05	56763550	56935717	-0.005371	-0.005643	-0.003079	-0.003178
Chr05	56836720	57003525	0.095470	0.048163	0.034982	0.052321
Chr05	56935718	57088743	-0.127647	-0.060040	-0.040233	-0.053340
Chr05	57003602	57256308	-0.327243	-0.293622	-0.133671	-0.121879
Chr05	57088752	57292526	0.105136	0.112863	0.056529	0.055301
Chr05	57256326	57360720	0.258766	0.254381	0.143225	0.138601
Chr05	57292652	57417286	0.133645	0.106372	0.057867	0.057348
Chr05	57360829	57545163	0.222531	0.169819	0.068195	0.149284
Chr05	57417373	57639782	-0.027362	-0.035257	-0.006546	-0.000182
Chr05	57545171	57793825	-0.217209	-0.379193	-0.039117	-0.130748
Chr05	57639889	57891001	-0.210705	-0.120864	-0.038361	-0.157496
Chr05	57793831	58041701	-0.279972	-0.101015	-0.057088	-0.233109
Chr05	57891020	58201663	-0.281590	-0.105814	-0.061400	-0.202378
Chr05	58041703	58357355	-0.260353	-0.080504	-0.048473	-0.178967
Chr05	58201748	58495304	-0.223222	-0.065830	-0.039988	-0.147194
Chr05	58357404	58599413	-0.195358	-0.112421	-0.057871	-0.125224
Chr05	58495343	58699225	-0.218240	-0.139471	-0.069134	-0.150124
Chr05	58599585	58739089	-0.136176	-0.087285	-0.047396	-0.084306
Chr05	58699258	58964590	0.051906	0.021532	0.017058	0.032567
Chr05	58753320	59234256	-0.011961	-0.002376	-0.001814	-0.004655
Chr05	58964973	59408378	-0.114040	-0.023312	-0.015625	-0.052196
Chr05	59234260	59499471	-0.124913	-0.050799	-0.029350	-0.074000
Chr05	59408618	59560054	-0.088961	-0.036401	-0.022080	-0.070905
Chr05	59499499	59708650	-0.139161	-0.049010	-0.028551	-0.099864
Chr05	59560447	59917918	-0.265446	-0.090687	-0.050063	-0.174837
Chr05	59708680	60198368	-0.106869	-0.033076	-0.021093	-0.070475
Chr05	59918065	60317527	-0.033773	-0.011512	-0.007630	-0.014769
Chr05	60198373	60425712	-0.331701	-0.157004	-0.093557	-0.228566
Chr05	60317530	60569286	-0.261794	-0.150580	-0.083904	-0.170795
Chr05	60425884	60743525	-0.026314	-0.009937	-0.005484	-0.014682
Chr05	60569298	60874756	-0.246127	-0.097518	-0.051095	-0.155199
Chr05	60743625	61063764	-0.511471	-0.221759	-0.110107	-0.397494
Chr05	60874870	61191508	-0.589125	-0.213498	-0.112253	-0.493806
Chr05	61063823	61448551	-0.524870	-0.255943	-0.096764	-0.394316
Chr05	61191510	61593333	-0.404091	-0.244696	-0.075942	-0.280064
Chr05	61448559	61799885	-0.207903	-0.069645	-0.037497	-0.158513
Chr05	61593345	61968080	-0.195081	-0.055042	-0.033320	-0.166341
Chr05	61799979	62093304	-0.315450	-0.112210	-0.063675	-0.249976
Chr05	61968136	62218814	-0.539734	-0.215114	-0.121941	-0.396360
Chr05	62093334	62386383	-0.602057	-0.178807	-0.114727	-0.453673
Chr05	62219059	62482464	-0.393426	-0.132956	-0.074338	-0.265010
Chr05	62386395	62578925	-0.292616	-0.174345	-0.071123	-0.174598
Chr05	62482473	62651622	-0.412595	-0.427903	-0.170542	-0.269201
Chr05	62578954	62811475	-0.204658	-0.072238	-0.054049	-0.155911
Chr05	62651875	62939740	0.007054	0.002038	0.001588	0.006034
Chr05	62814283	63065293	-0.017007	-0.006947	-0.004580	-0.009036
Chr05	62939747	63216476	0.143362	0.045160	0.033080	0.098643
Chr05	63065307	63364806	0.158467	0.046519	0.034585	0.100018
Chr05	63216508	63471959	-0.068987	-0.021455	-0.014582	-0.043718
Chr05	63364877	63547119	-0.090955	-0.042204	-0.027593	-0.052382
Chr05	63471969	63681104	-0.049515	-0.060440	-0.029652	-0.025678
Chr05	63547142	63774506	0.052201	0.059275	0.027389	0.031896
Chr05	63681106	63833577	0.128370	0.156892	0.057050	0.053687
Chr05	63774541	63880993	0.109447	0.137667	0.050935	0.042272
Chr05	63833599	63947321	0.268653	0.227197	0.142746	0.160625
Chr05	63881045	64049447	0.095953	0.061049	0.034880	0.051569
Chr05	63947378	64169641	-0.164131	-0.107624	-0.054568	-0.093315
Chr05	64049467	64262539	-0.212811	-0.155179	-0.083102	-0.132639
Chr05	64169793	64505552	-0.291725	-0.198323	-0.107713	-0.189150
Chr05	64262683	64840465	-0.366915	-0.197827	-0.112020	-0.245408
Chr05	64505560	65006830	-0.292907	-0.150051	-0.076028	-0.177942
Chr05	64840500	65085591	-0.154081	-0.098802	-0.047044	-0.088565
Chr05	65006843	65161606	-0.068673	-0.053336	-0.027442	-0.039630
Chr05	65085659	65271220	-0.015730	-0.011118	-0.006119	-0.004461
Chr05	65161641	65406437	-0.177173	-0.077937	-0.049012	-0.085141
Chr05	65271231	65491616	-0.237027	-0.099010	-0.059562	-0.132329
Chr05	65406480	65568512	-0.381398	-0.235376	-0.116274	-0.277957
Chr05	65491689	65652099	-0.579538	-0.671430	-0.237514	-0.471678
Chr05	65568619	65750552	-0.513978	-0.562531	-0.212005	-0.380165
Chr05	65652177	65888719	-0.265239	-0.140420	-0.073827	-0.151906
Chr05	65750581	65986746	-0.069575	-0.034580	-0.020352	-0.036495
Chr05	65888855	66122261	-0.261765	-0.113092	-0.068069	-0.178744
Chr05	65986748	66187068	-0.606983	-0.427838	-0.184880	-0.460663
Chr05	66122389	66286458	-0.655681	-1.222868	-0.254951	-0.518916
Chr05	66188284	66398357	-0.528480	-0.487652	-0.176770	-0.397237
Chr05	66286509	66472102	-0.403504	-0.261979	-0.124818	-0.289188
Chr05	66398407	66627024	-0.253486	-0.093551	-0.053516	-0.186352
Chr05	66472217	66734314	-0.227315	-0.074843	-0.047183	-0.145021
Chr05	66628744	66857263	-0.363369	-0.202990	-0.114557	-0.217328
Chr05	66734346	66967864	-0.502994	-0.320496	-0.159092	-0.366218
Chr05	66857469	67048854	-0.448464	-0.332286	-0.154189	-0.338456
Chr05	66967892	67122668	-0.324467	-0.215316	-0.114051	-0.216395
Chr05	67048889	67197907	-0.498801	-0.332478	-0.181910	-0.319309
Chr05	67122678	67262966	-0.502011	-0.522390	-0.236943	-0.325782
Chr05	67197926	67315317	-0.187071	-0.328710	-0.124493	-0.101794
Chr05	67263135	67406485	0.027869	0.039819	0.018399	0.015413
Chr05	67315318	67670736	0.063605	0.052307	0.029856	0.031979
Chr05	67406535	67778043	0.080805	0.064401	0.033454	0.041559
Chr05	67670886	67828915	0.107386	0.091164	0.046706	0.049887
Chr05	67778116	67891065	-0.032622	-0.029511	-0.016593	-0.014073
Chr05	67828923	67951725	-0.313857	-0.247623	-0.139953	-0.194957
Chr05	67891278	68038863	-0.338808	-0.289354	-0.145357	-0.210759
Chr05	67951764	68137375	-0.092944	-0.086360	-0.041837	-0.043494
Chr05	68038865	68239148	-0.101114	-0.089392	-0.044660	-0.044688
Chr05	68137411	68336293	-0.131675	-0.131092	-0.062499	-0.076601
Chr05	68239171	68438670	-0.033647	-0.032184	-0.017755	-0.025836
Chr05	68336319	68587318	0.058411	0.053846	0.029785	0.031528
Chr05	68438732	68626775	0.018292	0.019079	0.009799	0.011225
Chr05	68587333	68672323	0.052606	0.070296	0.038289	0.024526
Chr05	68626790	68719585	0.280937	0.289808	0.193945	0.145723
Chr05	68672412	68836958	0.061853	0.052942	0.033590	0.032407
Chr05	68719659	68955509	-0.113330	-0.090637	-0.053106	-0.061788
Chr05	68837542	69003229	0.082580	0.078763	0.045213	0.045810
Chr05	68955550	69062614	0.145562	0.200269	0.105824	0.077475
Chr05	69003255	69098480	-0.097697	-0.112015	-0.063443	-0.044432
Chr05	69062637	69154438	-0.104097	-0.095670	-0.058219	-0.056059
Chr05	69098528	69377019	-0.132873	-0.108432	-0.041928	-0.077605
Chr05	69154530	69501354	-0.171069	-0.142853	-0.055771	-0.116248
Chr05	69377070	69703843	-0.082401	-0.066710	-0.036161	-0.051329
Chr05	69501391	69769265	-0.066033	-0.054236	-0.030729	-0.032904
Chr05	69703907	69897459	-0.108268	-0.079481	-0.046529	-0.044152
Chr05	69769269	69956234	-0.015180	-0.009980	-0.006201	-0.006598
Chr05	69897476	70038315	-0.094919	-0.057947	-0.032706	-0.059751
Chr05	69956248	70151497	-0.350456	-0.226753	-0.123544	-0.232551
Chr05	70038340	70294271	-0.406796	-0.347512	-0.175092	-0.299819
Chr05	70151977	70384485	-0.436639	-0.402964	-0.174056	-0.313598
Chr05	70294420	70969539	-0.334317	-0.210735	-0.102641	-0.232859
Chr05	70384528	71127609	-0.328731	-0.171338	-0.092275	-0.208337
Chr05	70969555	71282783	-0.177606	-0.064653	-0.040828	-0.107490
Chr05	71127634	71406862	-0.010445	-0.002709	-0.001879	-0.003895
Chr05	71282808	71534245	0.038323	0.014699	0.009451	0.027619
Chr05	71407907	71668162	0.093543	0.041623	0.024292	0.066429
Chr05	71534286	71737127	-0.310761	-0.168235	-0.087609	-0.222870
Chr05	71668246	71819845	-0.578287	-0.714535	-0.260177	-0.410169
Chr05	71737188	71872011	-0.704887	-1.330765	-0.368331	-0.512701
Chr05	71819873	71943961	-0.637600	-0.846809	-0.331680	-0.472515
Chr05	71872114	72055110	-0.327294	-0.191625	-0.108267	-0.214089
Chr05	71943995	72194265	-0.094613	-0.046169	-0.028292	-0.056707
Chr05	72055116	72301256	0.042775	0.022182	0.014364	0.025003
Chr05	72194341	72416323	-0.082723	-0.054304	-0.030824	-0.045656
Chr05	72301278	72494299	-0.075685	-0.055516	-0.030925	-0.022764
Chr05	72416357	72597320	-0.040801	-0.024405	-0.014164	-0.003495
Chr05	72494340	72657624	-0.192026	-0.149848	-0.075745	-0.085341
Chr05	72597322	72828299	-0.195391	-0.227654	-0.103810	-0.095512
Chr05	72657659	73920747	-0.005109	-0.000674	-0.000585	0.002891
Chr05	72828326	74119814	-0.036784	-0.005569	-0.004677	-0.023958
Chr05	73920817	74285796	-0.060202	-0.041281	-0.022344	-0.044683
Chr05	74119831	74444270	-0.096275	-0.070844	-0.036064	-0.058615
Chr05	74286055	75156987	-0.089771	-0.051858	-0.027798	-0.054780
Chr05	74444342	75253380	-0.026070	-0.016815	-0.007846	-0.015244
Chr05	75157069	75360039	-0.088682	-0.062340	-0.029026	-0.048708
Chr05	75253419	75501596	0.103735	0.029927	0.018833	0.061523
Chr05	75360126	75760017	0.246705	0.094023	0.047968	0.168832
Chr05	75501879	75963208	0.267739	0.122164	0.059990	0.193531
Chr05	75760191	76117014	0.220595	0.072627	0.046019	0.142571
Chr05	75963215	76232755	-0.015406	-0.005721	-0.003633	-0.008012
Chr05	76117066	77279489	-0.043428	-0.020469	-0.009978	-0.026966
Chr05	76232820	77659714	0.341187	0.106371	0.068992	0.258986
Chr05	77279490	77772959	0.249060	0.074786	0.051884	0.212517
Chr05	77659716	77884674	-0.100254	-0.042453	-0.025503	-0.067166
Chr05	77772980	77981357	-0.136963	-0.077267	-0.045819	-0.073382
Chr05	77884708	78070328	0.017058	0.010838	0.006628	0.017423
Chr05	77981402	78139077	0.056199	0.039953	0.022779	0.037096
Chr05	78070509	78198471	-0.159952	-0.194604	-0.074532	-0.081608
Chr05	78139089	78281062	-0.226156	-0.210881	-0.099689	-0.114231
Chr05	78198493	78411013	-0.223508	-0.130677	-0.077526	-0.117742
Chr05	78281442	78527217	-0.225492	-0.179295	-0.097798	-0.131774
Chr05	78411029	78590530	-0.054010	-0.060204	-0.033035	-0.028767
Chr05	78527253	78695266	-0.028586	-0.023820	-0.014747	-0.010283
Chr05	78590570	79096155	-0.429223	-0.357100	-0.163537	-0.267363
Chr05	78695273	79170946	-0.412294	-0.401580	-0.166964	-0.268578
Chr05	79096225	79311188	-0.205786	-0.210294	-0.097625	-0.119547
Chr05	79170977	79411990	-0.456417	-0.412183	-0.183255	-0.329834
Chr05	79311204	79508064	-0.543926	-0.672611	-0.232148	-0.403925
Chr05	79411996	79757064	-0.370532	-0.471606	-0.161792	-0.244728
Chr05	79508286	79919711	-0.224808	-0.205313	-0.092974	-0.137709
Chr05	79757083	80014460	-0.286351	-0.198977	-0.093516	-0.178087
Chr05	79919733	80174416	-0.260709	-0.126811	-0.065544	-0.161652
Chr05	80014480	80502861	-0.218035	-0.096296	-0.056915	-0.133054
Chr05	80175978	80645002	-0.286910	-0.144135	-0.087460	-0.198937
Chr05	80502906	80746904	-0.223947	-0.124938	-0.071980	-0.166218
Chr05	80645005	80842882	-0.135103	-0.088748	-0.045226	-0.075090
Chr05	80747001	80934767	-0.249115	-0.248897	-0.102692	-0.137442
Chr05	80842993	81029000	-0.196356	-0.144541	-0.078149	-0.119360
Chr05	80934775	81238719	-0.211856	-0.061954	-0.036386	-0.158985
Chr05	81029020	81552883	-0.581236	-0.190159	-0.096029	-0.519952
Chr05	81239415	81648268	-0.935150	-0.992824	-0.332594	-0.903007
Chr05	81552959	81796329	-0.976799	-2.330903	-0.557167	-0.962025
Chr05	81648335	81900236	-0.873294	-1.084399	-0.385219	-0.811268
Chr05	81796377	81962265	-0.645739	-0.492923	-0.230815	-0.522550
Chr05	81900737	82249952	-0.282298	-0.195255	-0.096345	-0.208027
Chr05	81962280	82382233	0.416000	0.207350	0.137804	0.303027
Chr05	82250024	82598699	0.407406	0.201605	0.135551	0.285591
Chr05	82382592	82758869	-0.432903	-0.504968	-0.195369	-0.308788
Chr05	82598735	82861224	-0.720575	-1.195744	-0.380259	-0.580259
Chr05	82759032	83011650	-0.469424	-0.441102	-0.194296	-0.370489
Chr05	82861278	83066106	-0.072260	-0.052409	-0.025949	-0.045174
Chr05	83011689	83219397	-0.396764	-0.211656	-0.099278	-0.280549
Chr05	83066172	83338460	-0.398194	-0.151813	-0.080206	-0.293239
Chr05	83219751	83442023	-0.347566	-0.144206	-0.083531	-0.249437
Chr05	83338465	83515391	-0.422010	-0.251169	-0.131534	-0.312583
Chr05	83442033	83634431	-0.290520	-0.192330	-0.093853	-0.167185
Chr05	83515548	83946987	0.075612	0.046837	0.027630	0.032204
Chr05	83634538	84041179	0.078034	0.037334	0.025751	0.031468
Chr05	83946997	84158834	0.005157	0.002137	0.001578	0.001036
Chr05	84041191	84248535	-0.102065	-0.056235	-0.039523	-0.062251
Chr05	84158893	84406248	-0.262215	-0.136520	-0.080811	-0.158178
Chr05	84248538	84712062	-0.219231	-0.088373	-0.054498	-0.135217
Chr05	84406368	84882303	-0.116717	-0.054468	-0.033598	-0.071389
Chr05	84712111	84972144	-0.015547	-0.013505	-0.006810	-0.013445
Chr05	84882364	85058285	-0.345131	-0.292095	-0.152029	-0.268112
Chr05	84972214	85197133	-0.543539	-0.277023	-0.156849	-0.450785
Chr05	85058289	85257018	-0.729724	-0.427612	-0.228878	-0.611197
Chr05	85197136	85412655	-0.821912	-0.951350	-0.414462	-0.709605
Chr05	85257314	85666639	-0.685063	-0.530268	-0.280404	-0.560413
Chr05	85412658	85881836	-0.582402	-0.359438	-0.200363	-0.469849
Chr05	85667711	86033136	-0.490228	-0.238942	-0.132302	-0.362320
Chr05	85881885	86425111	-0.215573	-0.074620	-0.042722	-0.131525
Chr05	86033148	86534055	-0.267894	-0.123415	-0.068451	-0.168242
Chr05	86425240	86669190	-0.200524	-0.100387	-0.060952	-0.119691
Chr05	86534073	86823799	-0.186053	-0.091334	-0.058834	-0.112994
Chr05	86669199	86942877	-0.283329	-0.152865	-0.090474	-0.177982
Chr05	86823826	87009850	-0.151887	-0.096361	-0.056419	-0.087307
Chr05	86943150	87080446	0.000498	0.000494	0.000275	0.004380
Chr05	87009881	87226223	-0.069126	-0.067108	-0.036653	-0.036731
Chr05	87080449	87311700	-0.151628	-0.064778	-0.038547	-0.091696
Chr05	87226234	87357352	-0.117236	-0.054514	-0.032296	-0.077662
Chr05	87311776	87441174	-0.171549	-0.173079	-0.092781	-0.109436
Chr05	87357354	87496612	-0.112526	-0.132982	-0.059918	-0.063199
Chr05	87441187	87549171	0.010411	0.007704	0.004064	0.004691
Chr05	87496831	87605645	0.074197	0.040757	0.028371	0.038844
Chr05	87549189	87649407	0.152365	0.082394	0.063269	0.085739
Chr05	87605660	87693530	0.119055	0.064043	0.049064	0.063528
Chr05	87649480	87863132	-0.034807	-0.010233	-0.007559	-0.016979
Chr06	324210	635211	-0.185031	-0.087968	-0.052671	-0.094614
Chr06	455999	835878	-0.062733	-0.021878	-0.015158	-0.030257
Chr06	635243	974763	0.327389	0.134204	0.081654	0.214943
Chr06	836023	1113831	0.320777	0.178922	0.101202	0.231785
Chr06	974828	1252225	-0.066677	-0.033073	-0.023536	-0.043996
Chr06	1113875	1331293	-0.104741	-0.057853	-0.039962	-0.062916
Chr06	1252315	1379038	-0.096163	-0.091811	-0.053778	-0.048582
Chr06	1331377	1428715	-0.060511	-0.087371	-0.039575	-0.033748
Chr06	1379061	1490022	-0.088944	-0.115112	-0.062663	-0.058477
Chr06	1428734	1563361	-0.102799	-0.118839	-0.067703	-0.062087
Chr06	1490057	1669747	-0.277397	-0.319052	-0.157609	-0.173906
Chr06	1563403	1873784	-0.258171	-0.170560	-0.090298	-0.173855
Chr06	1669813	2007195	-0.319487	-0.166305	-0.087726	-0.232644
Chr06	1873790	2173994	-0.275387	-0.130704	-0.072686	-0.202768
Chr06	2007478	2261413	-0.148836	-0.069786	-0.043024	-0.099229
Chr06	2174114	2370102	-0.131424	-0.066930	-0.042039	-0.086271
Chr06	2261500	2525808	-0.118711	-0.051307	-0.030899	-0.076322
Chr06	2370111	2627814	-0.055052	-0.026168	-0.016066	-0.037636
Chr06	2525995	2835991	0.043873	0.022072	0.014170	0.034509
Chr06	2628771	3085560	-0.291970	-0.163107	-0.079098	-0.211597
Chr06	2836003	3242113	-0.419051	-0.189802	-0.092268	-0.327473
Chr06	3085592	3371404	0.002247	0.000912	0.000535	-0.002165
Chr06	3242135	3522516	0.270208	0.131103	0.074899	0.223802
Chr06	3371510	3643178	0.055517	0.025614	0.014139	0.045887
Chr06	3522610	3734945	-0.238616	-0.113491	-0.062979	-0.174199
Chr06	3643199	3916813	-0.227463	-0.079938	-0.052205	-0.153819
Chr06	3734947	4109416	-0.136642	-0.036482	-0.025763	-0.091036
Chr06	3916816	4201372	-0.207738	-0.073555	-0.044643	-0.113546
Chr06	4109559	4315646	-0.514764	-0.348515	-0.163660	-0.312885
Chr06	4201861	4447890	-0.350629	-0.206616	-0.107917	-0.216493
Chr06	4315692	4608674	-0.035493	-0.018177	-0.010302	-0.008711
Chr06	4447891	4710420	-0.163893	-0.099132	-0.054149	-0.095377
Chr06	4609264	4808204	-0.144427	-0.066121	-0.040117	-0.088993
Chr06	4710431	5006843	-0.135848	-0.048853	-0.031090	-0.091680
Chr06	4808458	5112420	-0.184176	-0.061116	-0.038026	-0.128934
Chr06	5006850	5262549	-0.291995	-0.111036	-0.067195	-0.194014
Chr06	5112491	5353483	-0.268190	-0.139314	-0.079713	-0.167569
Chr06	5262566	5505051	-0.149089	-0.063602	-0.037891	-0.096749
Chr06	5353523	5649121	-0.284029	-0.106269	-0.054057	-0.201719
Chr06	5505093	5874198	-0.307964	-0.110533	-0.056572	-0.222163
Chr06	5649177	6016107	-0.248880	-0.082137	-0.047596	-0.182527
Chr06	5874345	6194604	-0.277708	-0.107351	-0.059805	-0.197501
Chr06	6016116	6368434	-0.327282	-0.155768	-0.082380	-0.229781
Chr06	6194620	6553029	-0.192113	-0.078133	-0.042184	-0.124812
Chr06	6368546	6720897	-0.123812	-0.032579	-0.021427	-0.082177
Chr06	6553184	6835404	-0.130775	-0.039923	-0.026543	-0.091385
Chr06	6720931	6995610	-0.187605	-0.065838	-0.041378	-0.126968
Chr06	6835463	7065604	-0.459793	-0.172032	-0.109157	-0.309086
Chr06	6995649	7184567	-0.735968	-0.514719	-0.278881	-0.575727
Chr06	7065684	7363789	-0.621861	-0.225674	-0.150256	-0.477886
Chr06	7184739	7504973	-0.507854	-0.186184	-0.115467	-0.343949
Chr06	7363836	8112891	-0.454606	-0.144880	-0.091221	-0.276784
Chr06	7504988	8250338	-0.242100	-0.058255	-0.040225	-0.138007
Chr06	8112992	8407882	-0.105075	-0.039345	-0.023807	-0.056220
Chr06	8250500	8528070	0.005529	0.002365	0.001411	0.007920
Chr06	8407930	8643441	0.083576	0.046161	0.028003	0.047150
Chr06	8528086	8785904	-0.013611	-0.007958	-0.004652	-0.011190
Chr06	8643543	8909552	-0.114631	-0.047813	-0.029096	-0.080296
Chr06	8785912	9054526	-0.327148	-0.117153	-0.068642	-0.252215
Chr06	8909625	9215947	-0.502211	-0.184695	-0.105094	-0.373738
Chr06	9054558	9438753	-0.560456	-0.192319	-0.113018	-0.472490
Chr06	9216004	9586298	-0.607107	-0.220366	-0.123322	-0.506892
Chr06	9438840	9748482	-0.372777	-0.136956	-0.075480	-0.268200
Chr06	9589740	9887567	-0.279361	-0.109901	-0.061878	-0.220388
Chr06	9748497	10028449	-0.456967	-0.253087	-0.117503	-0.383786
Chr06	9887636	10250481	-0.337648	-0.221943	-0.089859	-0.254882
Chr06	10028569	10480453	-0.191564	-0.112105	-0.048665	-0.112928
Chr06	10250890	10575166	-0.326451	-0.199104	-0.095975	-0.177672
Chr06	10480606	10806132	-0.300980	-0.093012	-0.065135	-0.197495
Chr06	10576491	11137352	-0.350704	-0.099323	-0.067077	-0.251674
Chr06	10806207	11263394	-0.213093	-0.099572	-0.061719	-0.147220
Chr06	11137395	11372144	-0.055901	-0.026169	-0.018701	-0.035282
Chr06	11263458	11466920	-0.048337	-0.018435	-0.013331	-0.031636
Chr06	11372165	11620572	-0.184510	-0.059288	-0.039238	-0.135452
Chr06	11466923	11761719	-0.309073	-0.100018	-0.066289	-0.236104
Chr06	11620599	11896239	-0.338569	-0.148453	-0.093481	-0.269222
Chr06	11761729	12071334	-0.401073	-0.143839	-0.085139	-0.321414
Chr06	11896343	12224734	-0.341603	-0.109637	-0.064194	-0.259003
Chr06	12071412	12467688	-0.270687	-0.070089	-0.043414	-0.186035
Chr06	12224740	12698805	-0.291261	-0.061570	-0.039653	-0.210235
Chr06	12468491	12947759	-0.283679	-0.070565	-0.040252	-0.219983
Chr06	12699195	13165009	-0.360687	-0.091249	-0.051052	-0.274887
Chr06	12947808	13407509	-0.508824	-0.148072	-0.084988	-0.385017
Chr06	13165040	13547156	-0.417478	-0.139654	-0.074503	-0.316677
Chr06	13407510	13718348	-0.215536	-0.071441	-0.041091	-0.171592
Chr06	13547198	13912443	-0.280977	-0.085738	-0.053903	-0.223623
Chr06	13718395	14083286	-0.316563	-0.090384	-0.056361	-0.243431
Chr06	13912705	14199086	-0.237067	-0.087265	-0.050150	-0.168035
Chr06	14083311	14317975	-0.337506	-0.199073	-0.085861	-0.213408
Chr06	14199114	14461318	-0.299978	-0.139208	-0.068048	-0.200807
Chr06	14318225	14600938	-0.253195	-0.118676	-0.059724	-0.172403
Chr06	14461355	14796548	-0.326950	-0.153353	-0.074241	-0.219129
Chr06	14600996	14937075	-0.343282	-0.094938	-0.055470	-0.234379
Chr06	14796568	15076879	-0.406362	-0.127838	-0.072262	-0.274147
Chr06	14937083	15301606	-0.403138	-0.138979	-0.076104	-0.295450
Chr06	15077094	15489442	-0.524679	-0.137189	-0.068583	-0.377049
Chr06	15301695	15757394	-0.666606	-0.146150	-0.075305	-0.482855
Chr06	15489453	15903178	-0.528795	-0.124707	-0.070534	-0.399299
Chr06	15757507	15989615	-0.403518	-0.151396	-0.078877	-0.300106
Chr06	15903395	16117343	-0.199116	-0.087892	-0.048975	-0.151852
Chr06	15989840	16249464	-0.090238	-0.033800	-0.021070	-0.069307
Chr06	16117356	16316345	-0.668031	-0.411087	-0.206131	-0.555165
Chr06	16249542	16453846	-0.715689	-0.374489	-0.191394	-0.654275
Chr06	16316346	16593548	-0.708815	-0.314053	-0.169714	-0.653298
Chr06	16454042	16793613	-0.841770	-0.406578	-0.204735	-0.762985
Chr06	16593672	16945102	-0.690439	-0.275133	-0.136403	-0.614148
Chr06	16793614	17107686	-0.498509	-0.146207	-0.083927	-0.353668
Chr06	16945115	17261894	-0.592433	-0.204785	-0.110285	-0.397248
Chr06	17107714	17452704	-0.498308	-0.193703	-0.094580	-0.411393
Chr06	17261960	17610269	-0.380245	-0.125348	-0.063535	-0.314693
Chr06	17452752	17810308	-0.570265	-0.173278	-0.088649	-0.487525
Chr06	17610356	17946277	-0.521716	-0.149749	-0.081757	-0.459750
Chr06	17810318	18143502	-0.532759	-0.238652	-0.107327	-0.464567
Chr06	17946437	18378268	-0.348523	-0.157333	-0.075458	-0.292788
Chr06	18143555	18466295	0.065389	0.025668	0.016304	0.047889
Chr06	18378271	18648239	-0.261857	-0.107446	-0.062454	-0.202505
Chr06	18466806	18782504	-0.227694	-0.089429	-0.051646	-0.176524
Chr06	18648275	18937775	-0.168040	-0.063055	-0.037009	-0.131371
Chr06	18782527	19088133	-0.520502	-0.196002	-0.106061	-0.429721
Chr06	18937926	19232560	-0.612951	-0.329064	-0.149893	-0.507895
Chr06	19088135	19390939	-0.352191	-0.172413	-0.075898	-0.267118
Chr06	19232579	19509763	-0.003785	-0.001329	-0.000685	0.000708
Chr06	19390982	19677750	-0.082192	-0.028884	-0.016225	-0.065248
Chr06	19509896	19798577	-0.309200	-0.117084	-0.065024	-0.245322
Chr06	19677793	19945068	-0.296990	-0.109423	-0.060259	-0.218471
Chr06	19799001	20116987	-0.269244	-0.095601	-0.048433	-0.177230
Chr06	19945075	20304393	-0.422268	-0.217577	-0.099204	-0.310430
Chr06	20117020	20426955	-0.471127	-0.235221	-0.114569	-0.369106
Chr06	20304394	20577452	-0.492776	-0.230816	-0.123647	-0.398406
Chr06	20426969	20725851	-0.376635	-0.137054	-0.090942	-0.287423
Chr06	20577512	20834782	0.048121	0.013538	0.009937	0.033005
Chr06	20727543	21045728	-0.108064	-0.025075	-0.017106	-0.076745
Chr06	20834790	21179628	-0.310681	-0.081271	-0.052095	-0.229664
Chr06	21045729	21425218	-0.292460	-0.099291	-0.056815	-0.207543
Chr06	21179677	21644686	-0.462210	-0.106394	-0.060447	-0.312542
Chr06	21425257	21887081	-0.481291	-0.102400	-0.054408	-0.323017
Chr06	21645071	21993947	-0.244827	-0.071878	-0.035907	-0.181382
Chr06	21887126	22219858	0.228457	0.074424	0.044937	0.196696
Chr06	21994115	22433141	0.169104	0.040718	0.027404	0.141490
Chr06	22219915	22647048	-0.354233	-0.075550	-0.047723	-0.281760
Chr06	22433431	22698700	0.054708	0.020351	0.009473	0.041211
Chr06	22647282	22869881	-0.127168	-0.049321	-0.022825	-0.101336
Chr06	22699203	23099858	-0.522107	-0.114388	-0.068855	-0.464735
Chr06	22872233	23387686	-0.780551	-0.217092	-0.123110	-0.727545
Chr06	23099909	23546523	-0.956722	-0.690469	-0.279701	-0.923989
Chr06	23387699	23697366	-0.956642	-1.412589	-0.413457	-0.931519
Chr06	23546617	24930568	-0.938041	-1.196653	-0.382750	-0.908961
Chr06	23697610	25186825	-0.939497	-1.020551	-0.340665	-0.905351
Chr06	24930679	25445440	-0.725348	-0.555091	-0.186530	-0.695824
Chr06	25186908	26358346	-0.615341	-0.335795	-0.136876	-0.584811
Chr06	25445458	26496447	-0.741625	-0.449678	-0.208336	-0.673927
Chr06	26358417	26923251	-0.675711	-0.274688	-0.134613	-0.582172
Chr06	26496545	27194536	-0.728183	-0.152826	-0.092582	-0.634662
Chr06	26924424	27338350	-0.776768	-0.228593	-0.130532	-0.679644
Chr06	27194552	27455579	-0.631888	-0.264678	-0.134375	-0.478598
Chr06	27338431	27654532	-0.085422	-0.018050	-0.011593	-0.043123
Chr06	27456139	27859557	-0.319136	-0.053030	-0.034377	-0.201800
Chr06	27654565	28045315	-0.614973	-0.151466	-0.089235	-0.506365
Chr06	27859584	28209924	-0.642778	-0.182101	-0.104285	-0.577136
Chr06	28045366	28411032	-0.370580	-0.077558	-0.050147	-0.274645
Chr06	28209939	28554201	-0.329852	-0.075067	-0.051065	-0.249838
Chr06	28411055	28698103	-0.277396	-0.085922	-0.052348	-0.239892
Chr06	28554230	28887318	-0.193558	-0.048866	-0.031967	-0.144384
Chr06	28698151	29121483	-0.545024	-0.141651	-0.089378	-0.393705
Chr06	28887328	29268892	-0.443309	-0.158572	-0.083465	-0.328172
Chr06	29121570	29446015	-0.241847	-0.077560	-0.041214	-0.149150
Chr06	29269038	29652189	-0.211536	-0.062069	-0.034779	-0.126233
Chr06	29446106	29823526	-0.303494	-0.086446	-0.045370	-0.217103
Chr06	29652192	30009383	-0.316657	-0.091475	-0.047984	-0.250965
Chr06	29823536	30224335	-0.500374	-0.190967	-0.102082	-0.442045
Chr06	30009630	30415443	-0.628189	-0.265315	-0.141458	-0.543888
Chr06	30224368	30593219	-0.431915	-0.147248	-0.076257	-0.331294
Chr06	30415613	30710902	-0.486721	-0.176945	-0.085768	-0.390151
Chr06	30593431	30834121	-0.621722	-0.244272	-0.124956	-0.533240
Chr06	30710932	30966537	-0.708384	-0.324383	-0.168555	-0.610832
Chr06	30834236	31101134	-0.576091	-0.239453	-0.137040	-0.452680
Chr06	30966568	31208927	-0.312307	-0.108360	-0.069183	-0.230304
Chr06	31101151	31439718	-0.369036	-0.106334	-0.066892	-0.278080
Chr06	31209002	31614896	-0.401867	-0.107360	-0.063612	-0.294558
Chr06	31439726	31826190	-0.352757	-0.083587	-0.051461	-0.244064
Chr06	31614966	31960519	-0.135240	-0.028866	-0.019253	-0.082834
Chr06	31826339	32143471	-0.232483	-0.068987	-0.042559	-0.159730
Chr06	31961035	32282715	-0.426847	-0.151108	-0.083281	-0.344090
Chr06	32143549	32482798	-0.413851	-0.131098	-0.076050	-0.302866
Chr06	32282970	32631318	-0.107653	-0.030894	-0.019993	-0.072691
Chr06	32482890	32890772	-0.120072	-0.022484	-0.016179	-0.094335
Chr06	32631361	33035717	-0.158465	-0.024818	-0.017578	-0.114442
Chr06	32890897	33195553	-0.317482	-0.085434	-0.052306	-0.225419
Chr06	33035737	33402632	-0.427520	-0.137664	-0.085713	-0.277053
Chr06	33195556	33568623	-0.338206	-0.094442	-0.063124	-0.209246
Chr06	33402652	33669713	-0.464033	-0.162232	-0.101701	-0.350046
Chr06	33568664	33784367	-0.427769	-0.188058	-0.106499	-0.329050
Chr06	33669748	33974038	-0.508075	-0.198781	-0.109344	-0.390571
Chr06	33784394	34354581	-0.660866	-0.227689	-0.129858	-0.534740
Chr06	33974040	34497933	-0.658961	-0.247938	-0.144855	-0.569964
Chr06	34354596	34667332	-0.548170	-0.243291	-0.140289	-0.441208
Chr06	34498203	34762116	-0.429421	-0.205656	-0.119840	-0.294935
Chr06	34667360	34898209	-0.279214	-0.133369	-0.080396	-0.174272
Chr06	34762712	35007726	0.112272	0.048050	0.031345	0.060157
Chr06	34898287	35145804	0.311133	0.066574	0.052216	0.174909
Chr06	35007806	35290389	0.080594	0.019122	0.013848	0.061221
Chr06	35145841	35477743	-0.150715	-0.041386	-0.026376	-0.106273
Chr06	35290445	35679674	-0.159745	-0.037167	-0.023275	-0.108963
Chr06	35477744	35821862	-0.251618	-0.055226	-0.037051	-0.172381
Chr06	35679695	35989443	-0.477331	-0.139299	-0.085835	-0.372021
Chr06	35822155	36145005	-0.107583	-0.036675	-0.021991	-0.079253
Chr06	35989485	36294250	0.097920	0.026762	0.018477	0.071608
Chr06	36145033	36462537	-0.420780	-0.164277	-0.084653	-0.298048
Chr06	36294251	36990489	-0.582241	-0.237798	-0.106300	-0.457268
Chr06	36462538	37250772	-0.590746	-0.220084	-0.110704	-0.514312
Chr06	36991000	37392675	-0.531403	-0.194464	-0.104600	-0.443633
Chr06	37251240	37503505	-0.471314	-0.155271	-0.089697	-0.318664
Chr06	37392680	37641635	-0.247843	-0.085316	-0.049515	-0.161370
Chr06	37503569	37774497	-0.112644	-0.035836	-0.021109	-0.076294
Chr06	37641757	37939235	-0.135072	-0.044146	-0.026860	-0.103123
Chr06	37774565	38068813	-0.259337	-0.083986	-0.048245	-0.203811
Chr06	37939239	38172794	-0.353092	-0.119111	-0.066544	-0.289906
Chr06	38068834	38305082	-0.353913	-0.140063	-0.076396	-0.293145
Chr06	38172839	38462543	-0.404933	-0.160541	-0.082117	-0.315539
Chr06	38305084	38664479	-0.404044	-0.134906	-0.071429	-0.314540
Chr06	38462552	38848370	-0.528557	-0.187174	-0.098827	-0.425004
Chr06	38664525	39016300	-0.580306	-0.178376	-0.102353	-0.459903
Chr06	38848419	39286828	-0.201495	-0.051290	-0.033315	-0.141999
Chr06	39016325	39404865	0.142377	0.050688	0.032436	0.090827
Chr06	39286849	39522192	0.138373	0.065484	0.038325	0.106304
Chr06	39404921	39649295	0.157887	0.071483	0.039629	0.119484
Chr06	39522202	39776535	0.088027	0.036609	0.021643	0.064694
Chr06	39649335	39905848	-0.129632	-0.053417	-0.032436	-0.085317
Chr06	39776545	40049933	-0.285300	-0.091542	-0.051095	-0.207803
Chr06	39905862	40170655	-0.263384	-0.074705	-0.041279	-0.178574
Chr06	40050033	40344649	-0.319580	-0.099144	-0.056859	-0.235353
Chr06	40170679	40501585	-0.376738	-0.100754	-0.061773	-0.301413
Chr06	40344814	40671952	-0.582945	-0.196973	-0.122963	-0.473212
Chr06	40501650	40749675	-0.501850	-0.274468	-0.158124	-0.340175
Chr06	40672116	40874793	-0.186403	-0.107497	-0.055072	-0.097403
Chr06	40749750	41022169	-0.385546	-0.158994	-0.082416	-0.271582
Chr06	40874914	41151135	-0.302028	-0.124381	-0.065081	-0.215887
Chr06	41022191	41355983	-0.405903	-0.122878	-0.073629	-0.276966
Chr06	41151139	41566498	-0.488640	-0.119288	-0.075754	-0.372737
Chr06	41355989	41717453	-0.476125	-0.109912	-0.068196	-0.355722
Chr06	41566521	41889712	-0.466972	-0.105737	-0.067358	-0.328063
Chr06	41717467	42012641	-0.474560	-0.161411	-0.101886	-0.360556
Chr06	41889841	42137989	-0.281328	-0.114406	-0.069901	-0.224604
Chr06	42012766	42256011	-0.086953	-0.033178	-0.021870	-0.066232
Chr06	42138108	42458062	-0.419895	-0.161061	-0.099482	-0.300958
Chr06	42256033	42622139	-0.372244	-0.111941	-0.068491	-0.275478
Chr06	42458069	42706506	-0.414177	-0.163192	-0.092177	-0.295398
Chr06	42622206	42818311	-0.497654	-0.320682	-0.157694	-0.383425
Chr06	42706543	42900021	-0.380688	-0.211714	-0.099553	-0.250682
Chr06	42818376	43022570	-0.487165	-0.200328	-0.100935	-0.340424
Chr06	42900498	43144140	-0.378957	-0.153520	-0.086938	-0.316168
Chr06	43022598	43218006	-0.041960	-0.023213	-0.014571	-0.027391
Chr06	43144152	43419855	0.103579	0.070608	0.048031	0.051006
Chr06	43218011	43518327	0.043495	0.023740	0.014622	0.022910
Chr06	43419905	43604816	-0.021900	-0.012442	-0.006634	-0.014280
Chr06	43519503	43695501	0.028427	0.019833	0.008655	0.018002
Chr06	43604819	43778251	0.137251	0.076060	0.040542	0.082511
Chr06	43695521	43868206	-0.119420	-0.071360	-0.041667	-0.079607
Chr06	43778271	43928691	-0.324168	-0.230463	-0.101831	-0.190266
Chr06	43868264	44078745	-0.229717	-0.074529	-0.043087	-0.127883
Chr06	43928696	44206575	-0.022310	-0.007276	-0.004640	-0.017964
Chr06	44079115	44381676	-0.158906	-0.067949	-0.041675	-0.119067
Chr06	44206601	44562988	-0.407737	-0.123703	-0.078083	-0.330410
Chr06	44381736	44707222	-0.408379	-0.116455	-0.073117	-0.327605
Chr06	44563092	44840857	-0.289391	-0.089499	-0.059484	-0.236031
Chr06	44707287	44962475	-0.115431	-0.033832	-0.023133	-0.085167
Chr06	44841742	45069936	-0.172129	-0.080602	-0.045843	-0.109976
Chr06	44962631	45284410	-0.532916	-0.323485	-0.150067	-0.404432
Chr06	45070107	45385837	-0.576619	-0.349385	-0.160833	-0.447256
Chr06	45284427	45489426	-0.522388	-0.311310	-0.151307	-0.388523
Chr06	45385875	45592971	-0.445153	-0.201753	-0.105855	-0.333865
Chr06	45489520	45763413	-0.387163	-0.139500	-0.081568	-0.303927
Chr06	45593231	45942460	-0.420862	-0.142529	-0.087553	-0.333077
Chr06	45763419	46123704	-0.388302	-0.109904	-0.068568	-0.284903
Chr06	45942550	46294986	-0.280108	-0.088458	-0.050195	-0.205103
Chr06	46123716	46402907	-0.187359	-0.082525	-0.044440	-0.129844
Chr06	46295004	46518137	-0.297116	-0.167581	-0.093314	-0.185375
Chr06	46402924	46605776	-0.277818	-0.147018	-0.088706	-0.174689
Chr06	46518164	46718770	-0.137251	-0.062160	-0.040928	-0.085099
Chr06	46605778	46784712	-0.190837	-0.129097	-0.074000	-0.125099
Chr06	46718772	46875785	-0.163622	-0.202744	-0.098460	-0.097911
Chr06	46784832	46961015	-0.037489	-0.044473	-0.021985	-0.018613
Chr06	46875815	47010352	-0.060846	-0.070303	-0.037685	-0.031373
Chr06	46961024	47120774	0.073441	0.062549	0.043384	0.041559
Chr06	47010402	47222395	0.130265	0.098532	0.070144	0.073786
Chr06	47120814	47315858	-0.064679	-0.045666	-0.027897	-0.031535
Chr06	47222449	47456715	-0.097049	-0.034632	-0.023295	-0.054255
Chr06	47315863	47628948	0.050588	0.013739	0.009303	0.024628
Chr06	47456735	47793200	0.082454	0.022633	0.015197	0.042804
Chr06	47629002	47903154	-0.600672	-0.352899	-0.189301	-0.485434
Chr06	47793211	48096887	-0.703621	-0.483053	-0.243523	-0.630815
Chr06	47903171	48286204	-0.421891	-0.135019	-0.086449	-0.335254
Chr06	48096895	48438922	-0.265587	-0.074177	-0.048972	-0.191453
Chr06	48286282	48623415	-0.180504	-0.067912	-0.042287	-0.122953
Chr06	48438928	48791546	-0.423476	-0.219477	-0.118379	-0.314736
Chr06	48623456	48963974	-0.555109	-0.297774	-0.134720	-0.470068
Chr06	48791605	49177004	-0.391925	-0.158217	-0.078980	-0.312606
Chr06	48964010	49262373	-0.026443	-0.007363	-0.005220	-0.015585
Chr06	49177035	49428908	-0.045495	-0.015652	-0.010397	-0.029286
Chr06	49262566	49577260	-0.257679	-0.130345	-0.067181	-0.180252
Chr06	49428963	49703678	-0.345915	-0.215519	-0.097726	-0.238669
Chr06	49577285	49842305	-0.141941	-0.063710	-0.034900	-0.082308
Chr06	49703810	49914734	0.027656	0.011519	0.007219	0.014050
Chr06	49842328	49965005	0.086583	0.068564	0.038048	0.042543
Chr06	49914741	50055586	-0.124449	-0.068516	-0.038041	-0.077976
Chr06	49965177	50230648	-0.270713	-0.107150	-0.057250	-0.198497
Chr06	50055756	50417947	-0.421731	-0.166228	-0.087452	-0.320071
Chr06	50230658	50569020	-0.461948	-0.167934	-0.094998	-0.347746
Chr06	50418029	50657503	-0.253244	-0.099416	-0.060389	-0.169197
Chr06	50569235	50770654	-0.046716	-0.025807	-0.015116	-0.030008
Chr06	50657521	50893115	-0.219532	-0.102272	-0.054719	-0.142101
Chr06	50770755	51038074	-0.256935	-0.119856	-0.066647	-0.172518
Chr06	50893717	51138082	-0.266773	-0.143715	-0.079088	-0.180378
Chr06	51038107	51317535	-0.322725	-0.131770	-0.069587	-0.209080
Chr06	51138116	51463337	-0.041053	-0.015026	-0.008517	-0.024559
Chr06	51317626	51596646	0.112761	0.050938	0.030615	0.078291
Chr06	51463469	51762434	0.171827	0.092136	0.057805	0.114877
Chr06	51597136	51893677	0.210665	0.101024	0.065840	0.137795
Chr06	51762460	52012149	0.047507	0.016939	0.010767	0.034838
Chr06	51893709	52269471	-0.046384	-0.018114	-0.010872	-0.032667
Chr06	52012241	52466812	0.001805	0.000629	0.000330	0.001394
Chr06	52269597	52568446	0.024505	0.010086	0.005523	0.022201
Chr06	52466992	52689103	-0.089491	-0.062212	-0.041472	-0.057093
Chr06	52568475	52854978	-0.147605	-0.070117	-0.049082	-0.091986
Chr06	52689159	52947512	-0.122382	-0.062672	-0.041050	-0.072923
Chr06	52854990	52995819	-0.171325	-0.201381	-0.097717	-0.097115
Chr06	52947573	53053890	-0.043494	-0.048880	-0.025091	-0.026907
Chr06	52995821	53158301	-0.106409	-0.074217	-0.042393	-0.067079
Chr06	53053972	53305875	-0.353952	-0.160122	-0.094394	-0.259455
Chr06	53158307	53411031	-0.469657	-0.266083	-0.134243	-0.348222
Chr06	53305903	53603817	-0.476985	-0.211475	-0.108218	-0.361574
Chr06	53411045	53813128	-0.198846	-0.055655	-0.033826	-0.159059
Chr07	152160	460289	-0.660213	-0.257694	-0.163272	-0.503427
Chr07	344787	695415	-0.299196	-0.070557	-0.049004	-0.195883
Chr07	460327	825140	-0.253927	-0.057886	-0.038244	-0.166326
Chr07	695854	967979	-0.380860	-0.133622	-0.078245	-0.286650
Chr07	825465	1092294	-0.229191	-0.072921	-0.042121	-0.174148
Chr07	968070	1207930	-0.431162	-0.194210	-0.088859	-0.343927
Chr07	1092388	1306381	-0.497305	-0.251027	-0.118346	-0.393261
Chr07	1207951	1373275	-0.279471	-0.146815	-0.086582	-0.180979
Chr07	1306502	1455112	-0.173045	-0.166211	-0.083492	-0.103676
Chr07	1373341	1570173	-0.111379	-0.104675	-0.056462	-0.067980
Chr07	1455164	1641164	-0.175176	-0.127342	-0.064634	-0.103830
Chr07	1570177	1739779	-0.011251	-0.006712	-0.003382	-0.003742
Chr07	1641317	1831061	-0.147373	-0.098523	-0.050874	-0.093019
Chr07	1739780	1981644	-0.247176	-0.104354	-0.068075	-0.168910
Chr07	1831064	2213081	-0.102487	-0.029067	-0.020682	-0.078113
Chr07	1981645	2303694	-0.089785	-0.029556	-0.019747	-0.057790
Chr07	2213089	2452413	-0.119609	-0.048777	-0.032242	-0.062179
Chr07	2303702	2561430	-0.139711	-0.063325	-0.041974	-0.080069
Chr07	2462718	2692432	-0.228009	-0.091758	-0.062620	-0.137198
Chr07	2561481	2819947	-0.449411	-0.139770	-0.093622	-0.294107
Chr07	2692478	2963345	-0.375396	-0.122097	-0.081981	-0.230183
Chr07	2819957	3062280	-0.230071	-0.090079	-0.064022	-0.137475
Chr07	2963673	3164084	-0.181174	-0.081150	-0.056465	-0.120382
Chr07	3062370	3374068	-0.014530	-0.007388	-0.005075	-0.007337
Chr07	3164332	3491138	0.057554	0.029279	0.019536	0.033961
Chr07	3374076	3616477	-0.084903	-0.040781	-0.026631	-0.048514
Chr07	3491188	3758788	-0.164715	-0.107194	-0.065225	-0.093444
Chr07	3616579	3911313	0.078975	0.036881	0.026287	0.052989
Chr07	3758823	4005556	0.168145	0.071398	0.054102	0.113980
Chr07	3911546	4056155	0.054996	0.037993	0.025333	0.030878
Chr07	4005575	4119950	-0.109119	-0.132252	-0.063782	-0.053190
Chr07	4056164	4193635	-0.162935	-0.190464	-0.084959	-0.084028
Chr07	4119996	4253241	-0.031895	-0.031920	-0.015838	-0.016392
Chr07	4193649	4340918	0.054253	0.049396	0.029378	0.021607
Chr07	4253258	4489934	-0.051668	-0.021126	-0.015992	-0.026349
Chr07	4340953	4573688	-0.160328	-0.054196	-0.042092	-0.081819
Chr07	4490012	4685685	-0.262979	-0.103837	-0.074746	-0.146527
Chr07	4573733	4761991	-0.316449	-0.132235	-0.091414	-0.184379
Chr07	4685759	4913401	-0.359543	-0.153977	-0.108465	-0.218432
Chr07	4762019	5021234	-0.264186	-0.100477	-0.075054	-0.155433
Chr07	4913434	5125439	0.001462	0.000737	0.000525	-0.000274
Chr07	5021327	5200238	0.056884	0.044339	0.027436	0.034806
Chr07	5125552	5325720	-0.297412	-0.155536	-0.104525	-0.184461
Chr07	5200254	5420065	-0.359311	-0.165108	-0.112533	-0.244651
Chr07	5325731	5515069	-0.197865	-0.079198	-0.055051	-0.124770
Chr07	5420843	5613641	-0.056122	-0.024702	-0.017284	-0.030873
Chr07	5515102	5714574	-0.187945	-0.104702	-0.067230	-0.104729
Chr07	5613679	5821446	-0.393037	-0.173890	-0.110406	-0.285514
Chr07	5714575	5898115	-0.378987	-0.188806	-0.112807	-0.227668
Chr07	5821646	6004139	-0.463228	-0.338489	-0.155700	-0.257760
Chr07	5898142	6155726	-0.379731	-0.187966	-0.106186	-0.240245
Chr07	6004217	6271228	-0.098138	-0.036483	-0.025594	-0.050580
Chr07	6155746	6358714	-0.131634	-0.071175	-0.039864	-0.067681
Chr07	6271258	6491865	-0.277880	-0.158987	-0.081848	-0.173725
Chr07	6358810	6557359	-0.307057	-0.146214	-0.088776	-0.219873
Chr07	6491944	6664190	-0.188457	-0.072126	-0.049250	-0.136438
Chr07	6557391	6817396	-0.184042	-0.065107	-0.044412	-0.125355
Chr07	6664198	6906238	-0.257351	-0.129910	-0.076084	-0.161388
Chr07	6817492	7005749	-0.244115	-0.151128	-0.081062	-0.131912
Chr07	6906428	7181992	-0.038403	-0.017490	-0.010974	-0.020422
Chr07	7005780	7317043	-0.109587	-0.045458	-0.029502	-0.069786
Chr07	7182827	7518597	-0.345991	-0.129936	-0.074119	-0.256901
Chr07	7317065	7605658	-0.181360	-0.071729	-0.040187	-0.128493
Chr07	7518598	7721633	0.042846	0.016368	0.009605	0.027920
Chr07	7605726	7878557	-0.408081	-0.140998	-0.078903	-0.320943
Chr07	7721647	8068381	-0.655132	-0.240001	-0.129586	-0.546891
Chr07	7878575	8203024	-0.501901	-0.172849	-0.100933	-0.427361
Chr07	8068430	8398198	-0.177875	-0.049654	-0.034088	-0.139969
Chr07	8203445	8514587	-0.137163	-0.045624	-0.030468	-0.082082
Chr07	8398216	8704405	0.076373	0.020645	0.015681	0.049111
Chr07	8514603	8844478	0.048042	0.012631	0.009436	0.032045
Chr07	8704406	8995118	-0.317657	-0.146216	-0.085342	-0.240412
Chr07	8844500	9099851	-0.363350	-0.169294	-0.098184	-0.269819
Chr07	8995346	9283185	-0.221265	-0.119631	-0.069570	-0.135828
Chr07	9099853	9393688	-0.049955	-0.026105	-0.017300	-0.026426
Chr07	9283190	9533468	-0.018456	-0.007440	-0.005071	-0.013028
Chr07	9393689	9674371	-0.096806	-0.039266	-0.025485	-0.063753
Chr07	9533636	9838880	-0.200116	-0.072851	-0.045567	-0.132220
Chr07	9674401	9977455	-0.374349	-0.135553	-0.080485	-0.276624
Chr07	9838885	10121832	-0.352060	-0.123066	-0.076564	-0.259208
Chr07	9977509	10255578	-0.297235	-0.114326	-0.073715	-0.223074
Chr07	10121850	10498614	-0.551059	-0.259034	-0.144867	-0.471861
Chr07	10255593	10644092	-0.656957	-0.320684	-0.168129	-0.602114
Chr07	10498641	10794294	-0.557284	-0.244637	-0.131346	-0.464951
Chr07	10644093	10879531	-0.145262	-0.058920	-0.031478	-0.110918
Chr07	10794373	11008758	-0.069530	-0.023208	-0.013735	-0.049862
Chr07	10879614	11158728	-0.490663	-0.164505	-0.103532	-0.372814
Chr07	11008823	11343452	-0.515333	-0.192131	-0.122757	-0.405047
Chr07	11158777	11462756	-0.135078	-0.046236	-0.029206	-0.098323
Chr07	11343476	11677848	-0.247290	-0.058950	-0.037844	-0.166985
Chr07	11462772	11856613	-0.460733	-0.106559	-0.070154	-0.352765
Chr07	11677854	11970156	-0.263610	-0.094568	-0.056248	-0.188804
Chr07	11856618	12086655	-0.054656	-0.027735	-0.015032	-0.034607
Chr07	11970163	12193883	0.169826	0.092104	0.047661	0.130154
Chr07	12086665	12337362	0.091447	0.040600	0.020971	0.070195
Chr07	12193897	12446432	-0.335828	-0.112320	-0.063372	-0.229655
Chr07	12337376	12537553	-0.420603	-0.173369	-0.095202	-0.309012
Chr07	12446556	12691783	-0.433499	-0.193943	-0.107969	-0.327669
Chr07	12537584	13074153	-0.388903	-0.159964	-0.100758	-0.274026
Chr07	12691786	13204611	-0.285420	-0.153482	-0.100830	-0.175758
Chr07	13074161	13290253	-0.249367	-0.146768	-0.082745	-0.169972
Chr07	13204613	13396721	-0.231908	-0.111321	-0.061422	-0.168371
Chr07	13290292	13515898	-0.117275	-0.058078	-0.031694	-0.077118
Chr07	13396891	13562572	-0.019247	-0.013147	-0.007123	-0.014414
Chr07	13515915	13661178	-0.149056	-0.094501	-0.052652	-0.085350
Chr07	13562611	13782993	-0.251815	-0.088174	-0.054812	-0.168964
Chr07	13661212	13953669	-0.228824	-0.062718	-0.041473	-0.151462
Chr07	13783083	14030694	-0.433107	-0.199117	-0.099835	-0.251378
Chr07	13953676	14156155	-0.431647	-0.257961	-0.118055	-0.272248
Chr07	14030719	14220140	-0.153825	-0.082198	-0.050439	-0.097893
Chr07	14156159	14293228	-0.041433	-0.030911	-0.019847	-0.024690
Chr07	14220177	14490930	-0.193099	-0.120014	-0.071340	-0.108796
Chr07	14293237	14694708	-0.374573	-0.314240	-0.135744	-0.215541
Chr07	14490944	14904458	-0.074086	-0.047784	-0.026240	-0.051137
Chr07	14694726	15059361	0.044456	0.025240	0.016254	0.021170
Chr07	14904492	15160924	-0.313147	-0.320733	-0.152505	-0.208342
Chr07	15059362	15308137	-0.222514	-0.123766	-0.071298	-0.143978
Chr07	15160938	15464636	-0.040208	-0.012007	-0.007761	-0.021919
Chr07	15308209	15557944	0.200106	0.074930	0.047532	0.146044
Chr07	15464637	15715770	0.111689	0.048527	0.029820	0.084570
Chr07	15558220	15956569	-0.292939	-0.097503	-0.055240	-0.211019
Chr07	15716167	16044341	-0.173100	-0.056177	-0.031917	-0.121859
Chr07	15956582	16304901	-0.198364	-0.051235	-0.028582	-0.138116
Chr07	16044350	16390109	-0.351496	-0.108636	-0.052297	-0.237897
Chr07	16305242	16510271	-0.483399	-0.257675	-0.115284	-0.363757
Chr07	16390136	16579659	-0.503878	-0.281460	-0.119117	-0.361984
Chr07	16510280	16690991	-0.021128	-0.014327	-0.005655	-0.012028
Chr07	16579675	16787330	0.310057	0.141496	0.084596	0.224753
Chr07	16691017	16857370	0.170839	0.063555	0.046729	0.111681
Chr07	16787356	17025449	-0.284626	-0.104858	-0.061296	-0.186050
Chr07	16857374	17169885	-0.465483	-0.193940	-0.103410	-0.359613
Chr07	17025482	17346122	-0.570884	-0.213751	-0.122505	-0.474785
Chr07	17170030	17454141	-0.624290	-0.267050	-0.141954	-0.532123
Chr07	17346283	17578818	-0.497696	-0.281490	-0.131350	-0.376203
Chr07	17454168	17711328	-0.283236	-0.136186	-0.071212	-0.197055
Chr07	17578989	17773467	-0.219365	-0.130971	-0.075546	-0.155936
Chr07	17711333	17849599	-0.386089	-0.330155	-0.192977	-0.255647
Chr07	17773573	18001960	-0.526975	-0.293495	-0.167958	-0.351817
Chr07	17849630	18191384	-0.328114	-0.122899	-0.074690	-0.232266
Chr07	18002052	18307269	-0.321400	-0.156671	-0.091842	-0.235951
Chr07	18191390	18374935	-0.519180	-0.500641	-0.223873	-0.372418
Chr07	18307281	18496605	-0.695085	-0.776763	-0.281302	-0.502556
Chr07	18375127	18595491	-0.318222	-0.187939	-0.099598	-0.220694
Chr07	18496707	18710338	-0.192761	-0.129138	-0.070304	-0.130646
Chr07	18595589	18882561	-0.533367	-0.351612	-0.182597	-0.377551
Chr07	18710372	19036304	-0.493920	-0.207656	-0.116574	-0.363409
Chr07	18882575	19216774	-0.618535	-0.372865	-0.165813	-0.492343
Chr07	19036340	19345949	-0.457409	-0.282871	-0.132438	-0.363518
Chr07	19216780	19427869	-0.337615	-0.176099	-0.094033	-0.255894
Chr07	19345980	19570413	-0.502354	-0.234509	-0.122148	-0.393087
Chr07	19427878	19694866	-0.371527	-0.127426	-0.075336	-0.308441
Chr07	19570454	19804775	-0.213182	-0.074183	-0.041436	-0.141049
Chr07	19694885	19931590	-0.473286	-0.210391	-0.090537	-0.314196
Chr07	19804837	20056852	-0.707553	-0.409265	-0.166622	-0.604295
Chr07	19931661	20132388	-0.602877	-0.386145	-0.166129	-0.503026
Chr07	20056858	20290325	-0.205704	-0.084942	-0.047378	-0.140321
Chr07	20132611	20386108	-0.155977	-0.053636	-0.028504	-0.101144
Chr07	20290339	20485995	-0.278611	-0.116935	-0.054458	-0.179692
Chr07	20386118	20564433	-0.279989	-0.172525	-0.073188	-0.165949
Chr07	20485996	20643331	-0.246954	-0.149878	-0.072215	-0.156082
Chr07	20565124	20774999	-0.277158	-0.183679	-0.103301	-0.189121
Chr07	20643351	20858338	-0.072964	-0.048343	-0.027942	-0.042180
Chr07	20775006	20940725	-0.305404	-0.227238	-0.105577	-0.203162
Chr07	20858371	21073101	-0.397052	-0.325864	-0.120422	-0.264302
Chr07	20940784	21204941	-0.092610	-0.046013	-0.021835	-0.051987
Chr07	21073115	21300778	-0.055797	-0.020770	-0.012787	-0.041616
Chr07	21204944	21428952	-0.004949	-0.001696	-0.000893	-0.005074
Chr07	21300790	21543634	-0.242469	-0.111558	-0.050010	-0.182192
Chr07	21429025	21672646	-0.442902	-0.255706	-0.120537	-0.344531
Chr07	21543669	21921294	-0.502398	-0.264571	-0.140185	-0.387227
Chr07	21682255	22048809	-0.634513	-0.353784	-0.177751	-0.529780
Chr07	21921469	22170317	-0.636167	-0.305674	-0.159901	-0.533623
Chr07	22048821	22236970	-0.521151	-0.278663	-0.140576	-0.370741
Chr07	22170335	22337844	-0.217029	-0.184325	-0.081400	-0.134813
Chr07	22236988	22603388	-0.281729	-0.141916	-0.084459	-0.192731
Chr07	22337856	22706545	-0.192218	-0.090929	-0.051473	-0.131092
Chr07	22603413	22794871	0.038202	0.022179	0.011544	0.021095
Chr07	22706549	22900816	0.052182	0.032859	0.019179	0.026304
Chr07	22794885	23082434	0.067187	0.051859	0.029460	0.032978
Chr07	22900858	23453422	-0.028940	-0.030671	-0.014598	-0.011371
Chr07	23082481	23498629	-0.137069	-0.212076	-0.087183	-0.071917
Chr07	23453448	23558049	-0.119004	-0.155700	-0.077433	-0.074687
Chr07	23498661	23615215	-0.060094	-0.052077	-0.023292	-0.040587
Chr07	23558139	23666603	0.129555	0.071218	0.036851	0.079487
Chr07	23615226	23794994	-0.052111	-0.018894	-0.009593	-0.031310
Chr07	23666724	23915179	-0.393592	-0.154506	-0.077222	-0.284208
Chr07	23795045	24047798	-0.415777	-0.196645	-0.105715	-0.310623
Chr07	23915184	24198829	-0.341409	-0.157519	-0.086986	-0.215602
Chr07	24047814	24319327	-0.410809	-0.174463	-0.092875	-0.276547
Chr07	24198839	24462268	-0.417758	-0.174493	-0.089371	-0.288719
Chr07	24319364	24591474	-0.353294	-0.147860	-0.081764	-0.190935
Chr07	24462287	24718579	-0.265914	-0.088194	-0.054449	-0.158802
Chr07	24591774	24831726	-0.352735	-0.150130	-0.085880	-0.256559
Chr07	24718873	24961363	-0.532301	-0.288934	-0.150870	-0.391007
Chr07	24831735	25084971	-0.556369	-0.258490	-0.127569	-0.416833
Chr07	24961403	25204100	-0.464070	-0.162752	-0.093359	-0.372006
Chr07	25085008	25309676	-0.298526	-0.083145	-0.053229	-0.210365
Chr07	25204143	25507132	-0.307435	-0.076528	-0.034822	-0.168501
Chr07	25309679	25607930	-0.423634	-0.156574	-0.063615	-0.247497
Chr07	25507145	25712082	-0.332792	-0.242352	-0.089425	-0.151524
Chr07	25607953	25795989	-0.128789	-0.051575	-0.024838	-0.059006
Chr07	25712407	25865887	-0.143404	-0.056316	-0.029204	-0.103439
Chr07	25796031	26013274	-0.406166	-0.196206	-0.076925	-0.313693
Chr07	25866005	26119105	-0.683130	-0.390843	-0.141021	-0.542750
Chr07	26013615	26226364	-0.674352	-0.347448	-0.167473	-0.533333
Chr07	26119232	26345617	-0.481892	-0.181187	-0.116053	-0.353515
Chr07	26226396	26431537	-0.346290	-0.132750	-0.081556	-0.244541
Chr07	26345749	26499449	-0.515570	-0.244726	-0.122958	-0.405166
Chr07	26431560	26615683	-0.616267	-0.305377	-0.150213	-0.511570
Chr07	26499828	26695023	-0.521921	-0.253789	-0.118873	-0.385224
Chr07	26615720	26838093	-0.512981	-0.266133	-0.126137	-0.379468
Chr07	26695043	26955009	-0.373622	-0.142429	-0.081859	-0.247483
Chr07	26838113	27111269	-0.392595	-0.114872	-0.058757	-0.266133
Chr07	26955037	27289157	-0.373479	-0.098168	-0.051785	-0.275747
Chr07	27111293	27576269	-0.371485	-0.082451	-0.049891	-0.285140
Chr07	27289356	27704909	-0.440780	-0.121303	-0.070028	-0.364778
Chr07	27576334	27890925	-0.314143	-0.091117	-0.052749	-0.263302
Chr07	27705018	28040864	-0.405128	-0.113564	-0.068962	-0.355029
Chr07	27890982	28239401	-0.480307	-0.113454	-0.076420	-0.443889
Chr07	28042196	29013035	-0.534027	-0.096586	-0.065240	-0.474321
Chr07	28239411	29211859	-0.649223	-0.125892	-0.083193	-0.550037
Chr07	29013142	29375057	-0.567234	-0.124048	-0.086534	-0.461021
Chr07	29211926	29563630	-0.525383	-0.101205	-0.068341	-0.405370
Chr07	29375391	29729193	-0.546027	-0.092155	-0.061071	-0.429104
Chr07	29563698	29937607	-0.615291	-0.119312	-0.075898	-0.521850
Chr07	29729337	30583263	-0.652918	-0.128534	-0.078565	-0.565042
Chr07	29937669	30873794	-0.577105	-0.095177	-0.059122	-0.472035
Chr07	30583479	31055666	-0.586033	-0.135786	-0.079334	-0.494819
Chr07	30873971	31300564	-0.636141	-0.174789	-0.097886	-0.568022
Chr07	31055667	31466448	-0.563107	-0.121721	-0.075830	-0.490883
Chr07	31300702	31563828	-0.632054	-0.193660	-0.113536	-0.549102
Chr07	31466465	31773084	-0.570956	-0.159848	-0.091957	-0.456253
Chr07	31563985	31881548	-0.521358	-0.127986	-0.083152	-0.392718
Chr07	31773244	32079029	-0.412317	-0.122559	-0.085046	-0.318925
Chr07	31881743	32156726	-0.037089	-0.010928	-0.007798	-0.021823
Chr07	32079031	32288398	-0.283230	-0.131387	-0.076328	-0.153509
Chr07	32156762	32458973	-0.300212	-0.138560	-0.085015	-0.192118
Chr07	32288401	32622530	0.043819	0.013403	0.009608	0.042091
Chr07	32458979	32769129	0.075764	0.023301	0.015257	0.056838
Chr07	32622596	32894974	-0.214108	-0.125267	-0.058452	-0.133606
Chr07	32769156	33024241	-0.357521	-0.160902	-0.089135	-0.259576
Chr07	32894975	33174901	-0.282212	-0.095402	-0.058360	-0.219244
Chr07	33024342	33264258	-0.256458	-0.111313	-0.059275	-0.199869
Chr07	33174914	33539488	-0.236503	-0.131764	-0.063596	-0.186572
Chr07	33264352	33756296	-0.187077	-0.076843	-0.038238	-0.144822
Chr07	33539526	33841210	-0.364175	-0.161949	-0.079046	-0.303494
Chr07	33756303	34018282	-0.698329	-0.596408	-0.255278	-0.626431
Chr07	33841262	34129504	-0.505991	-0.408134	-0.203882	-0.448763
Chr07	34018308	34273883	-0.233365	-0.104818	-0.059574	-0.188581
Chr07	34129505	34521773	-0.350656	-0.106603	-0.062057	-0.245437
Chr07	34274034	34685372	-0.135315	-0.043262	-0.027208	-0.093362
Chr07	34521784	34939427	-0.211683	-0.078940	-0.047593	-0.146910
Chr07	34685422	35091679	-0.418960	-0.186968	-0.102198	-0.286039
Chr07	34939456	35188595	-0.165607	-0.067353	-0.039804	-0.115835
Chr07	35091730	35349427	0.272990	0.055404	0.039375	0.203791
Chr07	35188637	35509991	-0.096938	-0.023034	-0.014131	-0.066276
Chr07	35349598	35642896	-0.243337	-0.107513	-0.056400	-0.165222
Chr07	35510027	35787743	-0.237508	-0.105013	-0.060073	-0.144514
Chr07	35643005	36015535	-0.267857	-0.081309	-0.045548	-0.140476
Chr07	35787859	36101740	-0.033671	-0.011751	-0.006545	-0.014721
Chr07	36015549	36259882	0.136743	0.051702	0.031584	0.079971
Chr07	36101790	36443110	0.099418	0.042161	0.026194	0.057461
Chr07	36259924	36576432	0.099482	0.069046	0.039037	0.060137
Chr07	36449971	36651678	-0.120192	-0.080710	-0.042034	-0.069883
Chr07	36577122	36704943	-0.672972	-0.585270	-0.286811	-0.583366
Chr07	36651695	36872878	-0.730934	-0.457809	-0.270217	-0.659172
Chr07	36704947	36950890	-0.385586	-0.177344	-0.096069	-0.261052
Chr07	36872916	37076600	-0.349784	-0.154430	-0.073096	-0.210280
Chr07	36950943	37130940	-0.462065	-0.193789	-0.107739	-0.317179
Chr07	37076625	37281105	0.063515	0.036749	0.023804	0.047550
Chr07	37131012	37349127	0.288455	0.137063	0.091913	0.188036
Chr07	37281188	37461493	0.163044	0.078700	0.047223	0.099744
Chr07	37349194	37534462	0.052666	0.029737	0.017083	0.040768
Chr07	37461508	37609942	-0.074553	-0.042796	-0.026323	-0.032810
Chr07	37534708	37707017	-0.074318	-0.051645	-0.031270	-0.036841
Chr07	37610010	37864614	0.116443	0.054847	0.034563	0.053741
Chr07	37707139	37928866	-0.037951	-0.016960	-0.010994	-0.030299
Chr07	37864649	38015876	-0.382807	-0.202666	-0.118818	-0.217842
Chr07	37928876	38134485	-0.107762	-0.045693	-0.029221	-0.070501
Chr07	38015902	38245778	0.130326	0.050925	0.035342	0.088232
Chr07	38134503	38393022	0.105619	0.032168	0.023121	0.062439
Chr07	38245800	38561148	-0.244954	-0.050137	-0.038673	-0.163934
Chr07	38393045	38703501	-0.398470	-0.084019	-0.065167	-0.289843
Chr07	38561582	38798081	-0.075912	-0.025623	-0.017674	-0.048150
Chr07	38703537	38857582	-0.046556	-0.032689	-0.016839	-0.028939
Chr07	38798134	38929429	-0.061886	-0.067623	-0.026358	-0.036472
Chr07	38857583	39034595	-0.067651	-0.044608	-0.021280	-0.038161
Chr07	38929493	39129406	-0.050989	-0.026332	-0.014138	-0.029503
Chr07	39034656	39248532	-0.178384	-0.072359	-0.042801	-0.091723
Chr07	39129575	39387919	-0.299571	-0.107123	-0.062037	-0.171545
Chr07	39248712	39489496	-0.227384	-0.093331	-0.052896	-0.145272
Chr07	39388044	39539043	-0.193293	-0.137257	-0.071137	-0.122869
Chr07	39489524	39595447	0.002656	0.003598	0.001556	0.009068
Chr07	39539135	39663400	0.055850	0.063918	0.031121	0.050392
Chr07	39595451	39752870	-0.108526	-0.134938	-0.049643	-0.068199
Chr07	39663405	39810536	-0.299568	-0.495053	-0.141657	-0.186784
Chr07	39752877	39898799	-0.190607	-0.274918	-0.108817	-0.111073
Chr07	39810540	39983906	-0.096614	-0.116607	-0.049541	-0.039840
Chr07	39898919	40028532	-0.188012	-0.295788	-0.107696	-0.075909
Chr07	39983976	40137784	-0.067153	-0.082036	-0.037528	-0.033677
Chr07	40028539	40235929	-0.047255	-0.039014	-0.021831	-0.024961
Chr07	40137844	40321675	-0.208091	-0.206858	-0.114009	-0.118720
Chr07	40236202	40373277	-0.228164	-0.327609	-0.152632	-0.138131
Chr07	40321676	40441261	-0.089177	-0.084542	-0.048591	-0.050897
Chr07	40373333	40505479	-0.100556	-0.088969	-0.050965	-0.057472
Chr07	40441283	40642553	-0.086727	-0.064344	-0.039261	-0.058383
Chr07	40505490	40691795	-0.036819	-0.027268	-0.017138	-0.031607
Chr07	40642650	40789453	-0.033754	-0.040905	-0.020208	-0.022225
Chr07	40691978	40866835	0.049743	0.054427	0.028598	0.025390
Chr07	40789502	40942212	0.090056	0.092580	0.054858	0.044741
Chr07	40866849	40989301	0.007144	0.007197	0.004500	0.004356
Chr07	40942215	41073133	-0.090300	-0.097618	-0.055176	-0.043243
Chr07	40989313	41141452	-0.133705	-0.147302	-0.082854	-0.064559
Chr07	41073247	41177284	-0.051733	-0.041878	-0.028864	-0.021724
Chr07	41141470	41232811	-0.060024	-0.034765	-0.025691	-0.022294
Chr07	41177313	41321437	-0.188777	-0.115968	-0.081009	-0.099681
Chr07	41232822	41400762	-0.121657	-0.089532	-0.059424	-0.075380
Chr07	41321633	41496725	-0.053882	-0.056395	-0.032146	-0.029668
Chr07	41400823	41547433	0.007449	0.008128	0.004521	0.007769
Chr07	41496764	41593526	0.121175	0.124250	0.071881	0.064594
Chr07	41547434	41641919	0.046616	0.056784	0.027231	0.020329
Chr07	41593544	41700109	0.032101	0.045564	0.020650	0.014955
Chr07	41641930	41756613	-0.001206	-0.001859	-0.000964	-0.001164
Chr07	41700118	41805122	-0.019197	-0.028916	-0.016051	-0.010208
Chr07	41756615	41842440	-0.046484	-0.085944	-0.040188	-0.022886
Chr07	41805125	41995737	-0.098400	-0.136281	-0.062960	-0.049599
Chr07	41842472	42110235	-0.046025	-0.045987	-0.024394	-0.022421
Chr07	41995828	42306555	0.026722	0.024154	0.013454	0.015554
Chr07	42115190	42538631	0.018081	0.017354	0.009482	0.010477
Chr07	42306583	42687457	0.022522	0.018348	0.011083	0.009388
Chr07	42538690	42798788	0.049384	0.038575	0.025400	0.023342
Chr07	42687475	42985029	0.019294	0.012683	0.008998	0.012657
Chr07	42800168	43080361	-0.121256	-0.063176	-0.043103	-0.068078
Chr07	42985161	43154468	-0.224306	-0.131757	-0.077791	-0.119728
Chr07	43080405	43291364	-0.290956	-0.212311	-0.125703	-0.181562
Chr07	43154507	43360672	-0.271168	-0.294129	-0.157435	-0.167732
Chr07	43291528	43418838	-0.036068	-0.054582	-0.026479	-0.023295
Chr07	43360716	43531555	0.076511	0.096095	0.052437	0.046336
Chr07	43418840	43609955	0.019151	0.021052	0.009791	0.014303
Chr07	43531559	43718336	-0.015365	-0.013772	-0.007134	-0.004876
Chr07	43610040	43793173	0.024483	0.019631	0.011477	0.011530
Chr07	43718354	43884500	0.028159	0.022747	0.014045	0.011719
Chr07	43793194	44035791	-0.029065	-0.020210	-0.012488	-0.017099
Chr07	43884527	44117550	0.266076	0.104296	0.080349	0.174658
Chr07	44036657	44285145	0.381762	0.124971	0.104773	0.262328
Chr07	44117740	44372369	-0.019124	-0.008481	-0.006287	-0.013324
Chr07	44285172	44475645	-0.081214	-0.050428	-0.036055	-0.053603
Chr07	44372372	44535791	-0.140745	-0.127378	-0.077578	-0.085933
Chr07	44475670	44636046	-0.245384	-0.280907	-0.115624	-0.131595
Chr07	44535846	44749769	-0.030784	-0.026422	-0.012864	-0.016227
Chr07	44636082	44833230	-0.115188	-0.117215	-0.049947	-0.056581
Chr07	44749892	44933103	-0.374118	-0.700142	-0.179213	-0.183428
Chr07	44833308	44988775	-0.226540	-0.327809	-0.127770	-0.125680
Chr07	44933128	45098983	0.014185	0.009747	0.006345	0.014621
Chr07	44988850	45176251	-0.049959	-0.035470	-0.022582	-0.021629
Chr07	45098984	45265135	-0.169853	-0.201911	-0.097455	-0.091801
Chr07	45176283	45416260	-0.069386	-0.074526	-0.035685	-0.040800
Chr07	45265148	45558458	-0.009830	-0.009585	-0.004975	-0.004152
Chr07	45416266	45628092	0.304412	0.265489	0.157650	0.215922
Chr07	45558476	45734581	0.171955	0.182447	0.100560	0.123740
Chr07	45628413	45779747	-0.151238	-0.143163	-0.078831	-0.089790
Chr07	45734717	45901576	-0.139233	-0.110630	-0.066209	-0.077296
Chr07	45779818	46025683	-0.359625	-0.442332	-0.205349	-0.242690
Chr07	45901682	46129432	-0.220445	-0.298532	-0.137267	-0.139607
Chr07	46025908	46237768	0.050281	0.040357	0.024277	0.027898
Chr07	46129470	46338468	-0.315485	-0.262596	-0.139863	-0.158966
Chr07	46238819	46450061	-0.481002	-0.422422	-0.207447	-0.315348
Chr07	46338473	46609837	-0.369653	-0.236827	-0.121868	-0.186597
Chr07	46450075	46736725	-0.254508	-0.162252	-0.094220	-0.148981
Chr08	40313	419163	-0.733196	-0.256815	-0.144592	-0.635293
Chr08	238971	669033	-0.542209	-0.192513	-0.108152	-0.418613
Chr08	419180	818803	-0.359824	-0.113560	-0.065364	-0.269984
Chr08	669086	962140	-0.462781	-0.168348	-0.094482	-0.345922
Chr08	818934	1103206	-0.709529	-0.322379	-0.162358	-0.588451
Chr08	962642	1324260	-0.562277	-0.220749	-0.119034	-0.458120
Chr08	1103221	1562385	-0.355439	-0.085446	-0.053888	-0.258719
Chr08	1324277	1692910	-0.514362	-0.154925	-0.089806	-0.381665
Chr08	1562405	1808082	-0.470329	-0.205004	-0.112130	-0.301224
Chr08	1692932	1977070	-0.439690	-0.163285	-0.091802	-0.283294
Chr08	1808108	2144131	-0.444999	-0.160165	-0.088587	-0.319846
Chr08	1977109	2311335	-0.323084	-0.084169	-0.051133	-0.220454
Chr08	2144140	2484401	-0.047748	-0.012403	-0.007909	-0.033900
Chr08	2311342	2593730	-0.028225	-0.019073	-0.010801	-0.019635
Chr08	2484410	2809893	-0.394249	-0.201641	-0.101704	-0.253200
Chr08	2593845	2919279	-0.387810	-0.200787	-0.106120	-0.265035
Chr08	2809898	3029147	-0.307436	-0.163109	-0.099217	-0.194795
Chr08	2919285	3168840	-0.302101	-0.134859	-0.074073	-0.191590
Chr08	3029153	3302295	-0.125751	-0.053177	-0.028955	-0.079660
Chr08	3168883	3475595	-0.148534	-0.050706	-0.030481	-0.098755
Chr08	3302338	3666221	-0.292128	-0.099079	-0.058914	-0.205660
Chr08	3475743	3773222	-0.407978	-0.147204	-0.088529	-0.252271
Chr08	3666281	3893718	-0.501125	-0.237660	-0.129285	-0.336414
Chr08	3773262	4013463	-0.378418	-0.154808	-0.088222	-0.276363
Chr08	3893719	4288256	-0.299216	-0.092195	-0.059985	-0.198939
Chr08	4013473	4398320	-0.192205	-0.074526	-0.047819	-0.119767
Chr08	4288270	4587958	-0.054983	-0.023145	-0.014419	-0.029647
Chr08	4398352	4780976	-0.192324	-0.055185	-0.035228	-0.112706
Chr08	4588010	4949383	-0.378616	-0.093113	-0.061675	-0.208271
Chr08	4781128	5054057	-0.519172	-0.215370	-0.122640	-0.328926
Chr08	4949389	5159413	-0.375405	-0.215903	-0.110610	-0.270803
Chr08	5054058	5298574	-0.098493	-0.054956	-0.032303	-0.058151
Chr08	5159416	5411186	0.019942	0.010025	0.006753	0.011123
Chr08	5298611	5543365	0.015567	0.004910	0.003657	0.010736
Chr08	5411213	5680890	-0.134869	-0.040673	-0.028717	-0.077138
Chr08	5543394	5799310	-0.286501	-0.102931	-0.060262	-0.172274
Chr08	5680973	6010700	-0.247777	-0.109920	-0.056459	-0.171464
Chr08	5799343	6141252	-0.204333	-0.129826	-0.046015	-0.106178
Chr08	6010782	6222523	-0.093798	-0.102702	-0.026978	-0.040488
Chr08	6141365	6400042	-0.060805	-0.030012	-0.012941	-0.037403
Chr08	6222525	6537259	-0.242864	-0.103689	-0.046409	-0.186181
Chr08	6400044	6680673	-0.223093	-0.084428	-0.046497	-0.166911
Chr08	6537306	6862171	-0.183438	-0.045490	-0.029912	-0.128269
Chr08	6680682	7004729	-0.217118	-0.061312	-0.041267	-0.145703
Chr08	6862199	7192674	-0.006027	-0.003542	-0.002196	-0.002980
Chr08	7004768	7356710	-0.072174	-0.042218	-0.023304	-0.043131
Chr08	7192679	7522165	-0.046636	-0.029956	-0.015275	-0.028082
Chr08	7356862	7689252	-0.074859	-0.034430	-0.018877	-0.051729
Chr08	7522179	7783128	-0.305441	-0.124518	-0.068067	-0.227724
Chr08	7689437	7956099	-0.293979	-0.129588	-0.070116	-0.231615
Chr08	7783129	8137961	-0.141544	-0.036343	-0.022495	-0.093586
Chr08	7956100	8308626	-0.272159	-0.080488	-0.046469	-0.187296
Chr08	8138005	8435059	-0.190791	-0.083107	-0.044083	-0.152830
Chr08	8308803	8577314	-0.018206	-0.007548	-0.004244	-0.012352
Chr08	8435099	8801154	-0.303154	-0.087850	-0.052506	-0.212439
Chr08	8577334	8969435	-0.476619	-0.114503	-0.071556	-0.363340
Chr08	8801199	9155080	-0.425980	-0.104889	-0.063721	-0.309080
Chr08	8970669	9287354	-0.411335	-0.146838	-0.081844	-0.279095
Chr08	9155087	9464003	-0.375446	-0.146711	-0.079256	-0.237921
Chr08	9287367	9604614	-0.148177	-0.031890	-0.020386	-0.086056
Chr08	9464260	9697223	0.207689	0.065864	0.049227	0.144784
Chr08	9604672	9847854	-0.093767	-0.036763	-0.023940	-0.080932
Chr08	9697566	10019915	-0.604013	-0.242831	-0.125226	-0.450021
Chr08	9848406	10168958	-0.498703	-0.268419	-0.119485	-0.351052
Chr08	10019972	10304341	-0.216003	-0.083767	-0.045586	-0.137049
Chr08	10171332	10478028	-0.136148	-0.030816	-0.021255	-0.071553
Chr08	10304418	10562638	-0.215804	-0.060926	-0.040843	-0.112078
Chr08	10478040	10689655	-0.260191	-0.138317	-0.078236	-0.150386
Chr08	10562645	10893670	-0.258718	-0.113797	-0.058823	-0.172257
Chr08	10689835	11188546	-0.318560	-0.140946	-0.069574	-0.246606
Chr08	10893978	11457758	-0.342579	-0.145170	-0.075295	-0.277546
Chr08	11188731	11558413	-0.084363	-0.029090	-0.017362	-0.068313
Chr08	11458084	11727935	0.108475	0.036704	0.023841	0.075645
Chr08	11558442	11860503	-0.242476	-0.099412	-0.061282	-0.175764
Chr08	11729629	11978846	-0.367517	-0.156095	-0.089425	-0.247158
Chr08	11860623	12147300	-0.250991	-0.066463	-0.041846	-0.174217
Chr08	11978946	12271134	-0.144632	-0.040224	-0.025070	-0.097012
Chr08	12147348	12414172	-0.028417	-0.010632	-0.006043	-0.015238
Chr08	12271234	12559019	-0.138376	-0.044341	-0.027185	-0.088488
Chr08	12414364	12667600	-0.505556	-0.253798	-0.132945	-0.349797
Chr08	12559129	12769643	-0.559502	-0.492956	-0.204680	-0.414028
Chr08	12668215	12896907	-0.350005	-0.163722	-0.090854	-0.276600
Chr08	12769670	13011424	-0.431743	-0.150747	-0.086846	-0.356761
Chr08	12897228	13149363	-0.475482	-0.148664	-0.086498	-0.352497
Chr08	13011477	13239098	-0.141371	-0.044579	-0.026111	-0.095849
Chr08	13149426	13474728	-0.112297	-0.035223	-0.021035	-0.071504
Chr08	13239129	13657404	-0.205708	-0.045051	-0.029654	-0.143702
Chr08	13474869	13810635	-0.534720	-0.155918	-0.095727	-0.439879
Chr08	13657436	13970788	-0.602461	-0.210663	-0.120393	-0.495965
Chr08	13810781	14168609	-0.297412	-0.082150	-0.049871	-0.216664
Chr08	13970800	14321040	-0.196786	-0.054658	-0.033175	-0.133125
Chr08	14169078	14470922	-0.285443	-0.088928	-0.052164	-0.203685
Chr08	14321159	14611071	-0.141818	-0.042501	-0.027731	-0.107776
Chr08	14470991	14772729	-0.285760	-0.102501	-0.062633	-0.219844
Chr08	14611405	14997309	-0.472415	-0.185383	-0.090334	-0.341087
Chr08	14772799	15167714	-0.405014	-0.188681	-0.081844	-0.294608
Chr08	14997414	15399914	-0.585021	-0.411193	-0.178567	-0.494973
Chr08	15167731	15557733	-0.628349	-0.299940	-0.167391	-0.528851
Chr08	15399958	15707322	-0.595731	-0.171144	-0.116908	-0.516672
Chr08	15557788	15857420	-0.358723	-0.109060	-0.073694	-0.317157
Chr08	15707372	15973146	-0.187007	-0.074421	-0.041092	-0.151624
Chr08	15857431	16161941	-0.438272	-0.162327	-0.087163	-0.342766
Chr08	15973174	16263127	-0.183744	-0.067246	-0.040925	-0.144209
Chr08	16162233	16354671	-0.027627	-0.014437	-0.009315	-0.022859
Chr08	16263142	16512362	-0.415697	-0.211436	-0.120272	-0.313018
Chr08	16354744	16681072	-0.395926	-0.152565	-0.084401	-0.294973
Chr08	16512633	16807526	-0.258537	-0.092634	-0.049785	-0.187081
Chr08	16681086	16906513	-0.692629	-0.424363	-0.178039	-0.572883
Chr08	16807564	17113663	-0.783285	-0.386592	-0.174523	-0.671880
Chr08	16906557	17219733	-0.422722	-0.155686	-0.077522	-0.298029
Chr08	17113676	17394536	-0.272294	-0.104686	-0.050597	-0.181721
Chr08	17219797	17590733	-0.146304	-0.050215	-0.026587	-0.104056
Chr08	17394587	17766046	-0.176786	-0.046718	-0.028521	-0.137935
Chr08	17591534	17917396	-0.316150	-0.073312	-0.048044	-0.254557
Chr08	17766064	18087301	-0.255375	-0.074621	-0.045634	-0.216543
Chr08	17917397	18307274	-0.320405	-0.078921	-0.047335	-0.265466
Chr08	18087408	18497627	-0.287238	-0.065805	-0.040999	-0.221194
Chr08	18307445	18620240	-0.063112	-0.019480	-0.012013	-0.048430
Chr08	18497650	18871405	-0.248904	-0.078266	-0.043574	-0.199735
Chr08	18620291	19011679	-0.454353	-0.144276	-0.078940	-0.363078
Chr08	18871541	19158570	-0.588948	-0.272137	-0.147343	-0.475025
Chr08	19011746	19276713	-0.541801	-0.246604	-0.139914	-0.380279
Chr08	19158655	19510203	-0.286475	-0.140282	-0.070370	-0.178632
Chr08	19276732	19817594	-0.339773	-0.213017	-0.083228	-0.231587
Chr08	19510406	19923184	-0.289085	-0.169317	-0.075525	-0.175333
Chr08	19817612	20012794	-0.271104	-0.154735	-0.078418	-0.163335
Chr08	19923214	20143022	-0.341987	-0.177432	-0.089891	-0.231004
Chr08	20012814	20404379	0.036593	0.019554	0.010638	0.021671
Chr08	20143031	20539911	0.090527	0.036326	0.022282	0.055949
Chr08	20404382	20661443	-0.144188	-0.050206	-0.032291	-0.104411
Chr08	20539948	20727458	0.154272	0.066172	0.046134	0.121058
Chr08	20661455	20877545	-0.171546	-0.073362	-0.045910	-0.108425
Chr08	20727498	20968496	-0.515562	-0.238451	-0.134267	-0.362388
Chr08	20877729	21067815	-0.362933	-0.298498	-0.140343	-0.233797
Chr08	20968531	21176259	-0.216975	-0.231801	-0.103881	-0.126849
Chr08	21067847	21269919	-0.048793	-0.044790	-0.023352	-0.026477
Chr08	21176270	21408396	-0.238457	-0.114465	-0.059795	-0.152563
Chr08	21269942	21533313	-0.328320	-0.125963	-0.070569	-0.238247
Chr08	21408412	21617175	-0.242144	-0.114731	-0.068934	-0.163467
Chr08	21533355	21731761	-0.197942	-0.152283	-0.080113	-0.125328
Chr08	21617178	21808833	-0.008802	-0.006142	-0.003472	-0.007635
Chr08	21731896	21900604	-0.026270	-0.012775	-0.008834	-0.019521
Chr08	21808870	22012132	-0.244297	-0.103807	-0.067937	-0.171442
Chr08	21900634	22133831	-0.043930	-0.019863	-0.012021	-0.026921
Chr08	22012175	22270734	0.034130	0.018197	0.010931	0.027313
Chr08	22133855	22373890	-0.057575	-0.033599	-0.021780	-0.036322
Chr08	22270752	22613266	0.058415	0.043011	0.025709	0.034716
Chr08	22373899	22791010	0.087139	0.071532	0.039140	0.053340
Chr08	22613285	22862285	0.140672	0.106988	0.064189	0.075376
Chr08	22791048	22951233	0.195935	0.117792	0.064309	0.112017
Chr08	22864011	23067770	0.171511	0.072884	0.044524	0.112540
Chr08	22951259	23160424	-0.068084	-0.031641	-0.020808	-0.046858
Chr08	23067803	23371502	-0.266346	-0.076802	-0.054132	-0.224455
Chr08	23160426	23515720	-0.342044	-0.084215	-0.057504	-0.254580
Chr08	23371609	23610058	-0.164805	-0.064273	-0.041771	-0.112424
Chr08	23516318	23744584	-0.066138	-0.025653	-0.018033	-0.049436
Chr08	23610334	23924331	-0.379049	-0.108706	-0.077948	-0.277733
Chr08	23745030	24058361	-0.244127	-0.074563	-0.054559	-0.174570
Chr08	23924335	24156073	0.118207	0.077048	0.048333	0.066143
Chr08	24058403	24257028	-0.043205	-0.030265	-0.016265	-0.023530
Chr08	24156157	24361536	-0.012462	-0.007058	-0.004111	-0.005708
Chr08	24257041	24442190	-0.128996	-0.076916	-0.049254	-0.073865
Chr08	24361654	24586803	-0.329230	-0.137321	-0.094333	-0.234336
Chr08	24442264	24709585	-0.429983	-0.135910	-0.091699	-0.323049
Chr08	24586828	24832131	-0.424903	-0.149736	-0.088126	-0.307017
Chr08	24709596	24972849	-0.214637	-0.083898	-0.047386	-0.137447
Chr08	24832213	25103962	-0.203958	-0.075090	-0.049896	-0.139565
Chr08	24972850	25224085	-0.387054	-0.160167	-0.106616	-0.277639
Chr08	25103984	25375779	-0.335080	-0.148971	-0.095276	-0.223975
Chr08	25224173	25511392	-0.104261	-0.039269	-0.027218	-0.074494
Chr08	25375788	25674379	-0.224865	-0.077506	-0.052587	-0.165087
Chr08	25511401	25971634	-0.326860	-0.083189	-0.057820	-0.227638
Chr08	25674682	26174203	-0.133822	-0.034578	-0.024518	-0.090049
Chr08	25973084	26276282	-0.360606	-0.130535	-0.086427	-0.256914
Chr08	26174756	26418347	-0.502219	-0.207452	-0.126860	-0.386429
Chr08	26276447	26508733	-0.264157	-0.136369	-0.086765	-0.205350
Chr08	26418360	26697247	-0.071754	-0.031777	-0.023140	-0.046413
Chr08	26508734	26837030	-0.067118	-0.023559	-0.015834	-0.036424
Chr08	26697253	26957061	-0.245928	-0.101849	-0.057805	-0.161578
Chr08	26837464	27132307	-0.266686	-0.093540	-0.054253	-0.181887
Chr08	26957069	27263071	-0.157479	-0.049764	-0.030291	-0.108271
Chr08	27132352	27414692	-0.412897	-0.137125	-0.082459	-0.317001
Chr08	27263219	27578400	-0.322612	-0.100631	-0.060741	-0.278321
Chr08	27414710	27787265	-0.338064	-0.104659	-0.060483	-0.277854
Chr08	27578458	27946122	-0.519816	-0.173912	-0.103563	-0.399525
Chr08	27787317	28025080	-0.061843	-0.027464	-0.018373	-0.044917
Chr08	27946146	28118889	0.256518	0.139474	0.095101	0.199638
Chr08	28025195	28247504	-0.179105	-0.070684	-0.043355	-0.142847
Chr08	28118907	28362653	-0.360395	-0.118726	-0.072115	-0.260704
Chr08	28247722	28510691	-0.301186	-0.149253	-0.088176	-0.174614
Chr08	28362660	28638203	0.069166	0.060014	0.027723	0.043961
Chr08	28510898	28720886	0.404474	0.301753	0.146030	0.327098
Chr08	28638211	28791457	0.172269	0.135708	0.067038	0.146339
Chr08	28720890	28900644	0.207501	0.125560	0.075296	0.180741
Chr08	28791459	28961469	0.537673	0.220742	0.153712	0.432724
Chr08	28900651	29038143	0.235194	0.103213	0.069174	0.170948
Chr08	28961556	29083792	0.125328	0.059734	0.043370	0.078480
Chr08	29038155	29175769	-0.111647	-0.056187	-0.034925	-0.071544
Chr08	29083810	29281584	-0.273282	-0.178818	-0.089487	-0.177425
Chr08	29175898	29484742	-0.323946	-0.182902	-0.107316	-0.198129
Chr08	29281588	29702801	-0.223392	-0.112023	-0.067620	-0.145335
Chr08	29484767	29794424	-0.030174	-0.019119	-0.010145	-0.013139
Chr08	29702810	29879630	-0.116732	-0.107208	-0.039293	-0.065598
Chr08	29794430	29943025	-0.073149	-0.062568	-0.026091	-0.044989
Chr08	29879643	30125375	0.029198	0.008250	0.006226	0.019991
Chr08	29943032	30232649	-0.360125	-0.130410	-0.087000	-0.283950
Chr08	30125381	30483599	-0.399520	-0.169486	-0.094381	-0.315053
Chr08	30232665	30585905	-0.193670	-0.063913	-0.037647	-0.149280
Chr08	30483656	30764780	-0.318271	-0.109852	-0.060788	-0.269135
Chr08	30585927	30932728	-0.336358	-0.102398	-0.060246	-0.267688
Chr08	30764852	31033249	-0.269905	-0.098891	-0.060750	-0.200936
Chr08	30932937	31326162	-0.302138	-0.056970	-0.038118	-0.210448
Chr08	31033285	31451334	-0.648179	-0.158709	-0.097452	-0.493808
Chr08	31326333	31619913	-0.704201	-0.339793	-0.165258	-0.546101
Chr08	31451393	31762655	-0.751240	-0.506073	-0.214230	-0.636369
Chr08	31619957	31907101	-0.849062	-0.825411	-0.300838	-0.791582
Chr08	31763051	31997374	-0.711344	-0.419387	-0.212663	-0.614549
Chr08	31907110	32195437	-0.448105	-0.166034	-0.104939	-0.347091
Chr08	31997434	32352614	-0.507992	-0.142750	-0.093423	-0.396189
Chr08	32195439	32511376	-0.482611	-0.147485	-0.090357	-0.364619
Chr08	32352698	32875839	-0.137424	-0.031627	-0.021910	-0.087815
Chr08	32514622	32979508	0.042319	0.007238	0.005508	0.022479
Chr08	32875894	33182280	-0.233728	-0.063171	-0.040211	-0.137290
Chr08	32979904	33367015	-0.471190	-0.169726	-0.091917	-0.326973
Chr08	33182353	33510338	-0.675861	-0.270006	-0.136057	-0.543094
Chr08	33367020	33687864	-0.609625	-0.191347	-0.108038	-0.473907
Chr08	33510353	33790353	-0.123094	-0.035644	-0.022356	-0.082161
Chr08	33687891	34014205	-0.377331	-0.149531	-0.077491	-0.290117
Chr08	33790400	34189334	-0.186772	-0.045511	-0.029664	-0.156936
Chr08	34014222	34290846	-0.089347	-0.020475	-0.014234	-0.074855
Chr08	34189338	34404882	-0.343140	-0.110060	-0.059749	-0.232133
Chr08	34290849	34514473	-0.223126	-0.068289	-0.037474	-0.133596
Chr08	34405682	34620384	-0.378057	-0.116102	-0.071169	-0.244580
Chr08	34514480	34725893	-0.262770	-0.095904	-0.052805	-0.156942
Chr08	34620552	34863603	-0.184310	-0.073431	-0.036852	-0.103733
Chr08	34725902	34995240	-0.488393	-0.189447	-0.094137	-0.340779
Chr08	34863626	35194242	-0.383798	-0.127232	-0.067464	-0.299024
Chr08	34995770	35364380	0.193486	0.048687	0.033504	0.167173
Chr08	35194384	35536970	0.154281	0.043302	0.030255	0.125059
Chr08	35364401	35724985	-0.296727	-0.083675	-0.049783	-0.198012
Chr08	35536983	35835425	-0.498090	-0.170820	-0.103201	-0.357621
Chr08	35725040	35917187	-0.627995	-0.348095	-0.182995	-0.491503
Chr08	35835428	35999959	-0.566389	-0.296455	-0.142621	-0.459091
Chr08	35917209	36173327	-0.475629	-0.149344	-0.081712	-0.390753
Chr08	35999983	36300618	-0.696974	-0.324693	-0.155601	-0.609803
Chr08	36173393	36373403	-0.855497	-0.869299	-0.318890	-0.805817
Chr08	36300636	36506417	-0.834100	-0.676357	-0.277062	-0.756913
Chr08	36373404	36682750	-0.671300	-0.316323	-0.148203	-0.573241
Chr08	36506461	36807671	-0.618550	-0.220000	-0.114125	-0.537085
Chr08	36682763	36948151	-0.688555	-0.241767	-0.129617	-0.609616
Chr08	36807698	37037191	-0.667411	-0.291462	-0.153972	-0.569092
Chr08	36948160	37091280	-0.499853	-0.287930	-0.152777	-0.332338
Chr08	37037233	37219308	-0.311269	-0.100079	-0.065909	-0.180664
Chr08	37091287	37427409	-0.336824	-0.042151	-0.031480	-0.236493
Chr08	37219408	37606958	-0.188059	-0.028345	-0.019656	-0.141595
Chr08	37427511	37790353	-0.316215	-0.079868	-0.044654	-0.243951
Chr08	37606983	37952756	-0.633657	-0.171866	-0.091889	-0.554050
Chr08	37790375	38109101	-0.733665	-0.248624	-0.127422	-0.673530
Chr08	37952811	38255073	-0.783564	-0.308373	-0.150645	-0.734876
Chr08	38109197	38470945	-0.466352	-0.144818	-0.074779	-0.428410
Chr08	38255271	38873526	-0.503079	-0.125510	-0.070807	-0.466127
Chr08	38471053	39594235	-0.913967	-0.377702	-0.188307	-0.894126
Chr08	38873601	41192235	-0.956207	-0.372826	-0.178686	-0.943857
Chr08	39594276	41472093	-0.935743	-0.249335	-0.135605	-0.920185
Chr08	41192818	41851250	-0.933494	-0.257341	-0.143294	-0.913578
Chr08	41472099	42162870	-0.879485	-0.234210	-0.128290	-0.855571
Chr08	41851275	42303074	-0.680901	-0.175990	-0.098591	-0.641380
Chr08	42162904	42426041	-0.512479	-0.144960	-0.079972	-0.443000
Chr08	42303196	42531860	-0.268682	-0.070503	-0.043037	-0.238966
Chr08	42426148	42692149	-0.267493	-0.073798	-0.047986	-0.226468
Chr08	42532025	42889946	-0.480330	-0.116089	-0.069517	-0.374510
Chr08	42692151	43048021	-0.361080	-0.066433	-0.039339	-0.275396
Chr08	42890021	43170681	-0.454707	-0.112408	-0.065506	-0.372582
Chr08	43048085	43310986	-0.394741	-0.106063	-0.062440	-0.331533
Chr08	43171125	43410247	-0.496233	-0.165410	-0.091112	-0.409864
Chr08	43311049	43594127	-0.695637	-0.336529	-0.159147	-0.582692
Chr08	43410273	43756341	-0.538993	-0.180400	-0.097153	-0.422067
Chr08	43594713	44045396	-0.329876	-0.080998	-0.050283	-0.248747
Chr08	43756452	44197876	-0.491028	-0.155463	-0.084910	-0.395362
Chr08	44045496	44317260	-0.434559	-0.198460	-0.097731	-0.355693
Chr08	44197967	44459929	-0.058827	-0.020717	-0.012380	-0.032753
Chr08	44317592	44557219	0.058908	0.016782	0.011127	0.045061
Chr08	44459937	44612662	0.108472	0.033854	0.023794	0.068489
Chr08	44557234	44705760	0.006087	0.002686	0.001794	0.002108
Chr08	44612747	44889518	-0.072456	-0.040653	-0.021033	-0.038205
Chr08	44705802	45046425	-0.183191	-0.082918	-0.043103	-0.117884
Chr08	44889585	45230890	-0.152615	-0.059698	-0.031713	-0.102851
Chr08	45046980	45310387	0.277347	0.099105	0.059974	0.217083
Chr08	45231021	45411162	0.103332	0.043662	0.029159	0.070773
Chr08	45311542	45768573	-0.230166	-0.084539	-0.054680	-0.163297
Chr08	45411622	45920532	-0.317898	-0.107615	-0.067996	-0.234922
Chr08	45768875	46217514	-0.359942	-0.177750	-0.092904	-0.281141
Chr08	45920618	46536939	-0.406257	-0.234609	-0.124761	-0.327426
Chr08	46217601	46599792	-0.484575	-0.306273	-0.164019	-0.345866
Chr08	46537021	46710080	-0.072576	-0.041879	-0.021943	-0.040879
Chr08	46599889	46884354	-0.154453	-0.055564	-0.032085	-0.084875
Chr08	46710193	47021104	-0.294006	-0.092300	-0.054206	-0.192686
Chr08	46884520	47334110	-0.170106	-0.064099	-0.036298	-0.106754
Chr08	47021129	47460327	-0.033735	-0.013324	-0.007633	-0.022012
Chr08	47334326	47567410	0.125891	0.049366	0.030321	0.099153
Chr08	47460330	47683042	0.174552	0.061364	0.038570	0.112376
Chr08	47567507	47825627	-0.103345	-0.026086	-0.017553	-0.058433
Chr08	47683044	47898312	-0.223595	-0.065680	-0.045222	-0.110209
Chr08	47825680	47950756	-0.051492	-0.031482	-0.016849	-0.022979
Chr08	47898341	48024963	0.096614	0.078925	0.038686	0.050041
Chr08	47950777	48180311	0.019941	0.015998	0.009211	0.010534
Chr08	48024971	48250705	-0.024513	-0.021265	-0.013041	-0.018214
Chr08	48180509	48345019	-0.207862	-0.239537	-0.109781	-0.129442
Chr08	48250716	48410492	-0.344567	-0.426407	-0.166848	-0.209063
Chr08	48345207	48433433	-0.094221	-0.108638	-0.045089	-0.051687
Chr08	48410506	48471544	0.000918	0.001567	0.000474	0.006153
Chr08	48433438	48589752	-0.216357	-0.234453	-0.086032	-0.128968
Chr08	48471652	48667752	-0.349668	-0.277811	-0.129084	-0.214411
Chr08	48589762	48716046	-0.105478	-0.082413	-0.039743	-0.047945
Chr08	48667944	48745687	0.404390	0.326752	0.158659	0.211844
Chr08	48716072	48807676	-0.022333	-0.022409	-0.009245	0.010038
Chr08	48745699	48905594	-0.443798	-0.232954	-0.125390	-0.295365
Chr08	48807791	49044658	-0.315257	-0.114108	-0.075763	-0.229242
Chr08	48905830	49086057	-0.216557	-0.126420	-0.078310	-0.160907
Chr08	49044662	49145189	-0.309629	-0.237061	-0.134189	-0.241840
Chr08	49086087	49323046	-0.263876	-0.100185	-0.062473	-0.184176
Chr08	49145221	49464602	-0.046722	-0.011503	-0.007217	-0.032072
Chr08	49323133	49641979	-0.063019	-0.018305	-0.011531	-0.045900
Chr08	49464630	50050724	-0.063550	-0.025559	-0.015782	-0.047068
Chr08	49642042	50395362	-0.040556	-0.022639	-0.013099	-0.027904
Chr08	50050732	50522007	-0.140021	-0.081447	-0.044440	-0.085582
Chr08	50395468	50615216	-0.156212	-0.094994	-0.051663	-0.096071
Chr08	50522241	50677196	-0.092576	-0.061286	-0.034617	-0.055504
Chr08	50615218	50785525	-0.333958	-0.225834	-0.114241	-0.221395
Chr08	50677200	50917008	-0.291658	-0.152662	-0.080369	-0.216786
Chr08	50785528	51076549	0.015527	0.007140	0.003321	0.025321
Chr08	50917102	51196756	0.097547	0.052596	0.020118	0.070393
Chr08	51076636	51283651	-0.282877	-0.281118	-0.089893	-0.165207
Chr08	51196809	51350129	-0.283057	-0.374226	-0.136646	-0.188766
Chr08	51283673	51414346	-0.163515	-0.177779	-0.069111	-0.093911
Chr08	51352645	51536630	0.002001	0.001241	0.000669	0.000498
Chr08	51414390	51667552	-0.014338	-0.004931	-0.003074	-0.017441
Chr08	51536650	51820377	-0.472002	-0.162308	-0.094599	-0.401853
Chr08	51667580	51925437	-0.604647	-0.269192	-0.152383	-0.532774
Chr08	51820387	51985005	-0.603704	-0.390658	-0.196844	-0.495551
Chr08	51925459	52267201	-0.231563	-0.090927	-0.051484	-0.171048
Chr08	51985031	52427363	0.030577	0.009852	0.006321	0.023085
Chr08	52267231	52527892	-0.072267	-0.026917	-0.017310	-0.052597
Chr08	52427365	52634185	-0.052279	-0.023496	-0.012555	-0.036395
Chr08	52528000	52741147	-0.066524	-0.043123	-0.020826	-0.037463
Chr08	52634205	52961838	-0.020880	-0.012903	-0.007578	-0.012431
Chr08	52741163	53058660	-0.153209	-0.102750	-0.060312	-0.095629
Chr08	52961984	53200879	-0.159719	-0.093769	-0.049937	-0.110909
Chr08	53058719	53244970	0.004149	0.002574	0.001340	0.002138
Chr08	53200908	53318963	-0.020144	-0.018739	-0.010756	-0.010945
Chr08	53245046	53379473	-0.159638	-0.163642	-0.092709	-0.088269
Chr08	53318971	53444886	-0.093035	-0.129071	-0.065324	-0.057350
Chr08	53379479	53519209	-0.032298	-0.027732	-0.016373	-0.018182
Chr08	53444955	53590501	0.030524	0.022651	0.014074	0.015450
Chr08	53519266	53617996	-0.058608	-0.067992	-0.036971	-0.035969
Chr08	53590508	53714128	0.002676	0.002222	0.001360	-0.002071
Chr08	53617998	53890927	0.186491	0.091418	0.062971	0.084154
Chr08	53714137	53998165	0.031601	0.017955	0.011088	0.012576
Chr08	53890936	54073083	-0.138383	-0.073380	-0.047098	-0.068348
Chr08	53998541	54161998	-0.250240	-0.087428	-0.060166	-0.126693
Chr08	54073123	54249685	-0.247794	-0.102010	-0.065396	-0.104098
Chr08	54162115	54340966	-0.184364	-0.126781	-0.064369	-0.078084
Chr08	54249698	54417198	-0.101209	-0.090973	-0.041986	-0.050518
Chr08	54340984	54490641	-0.240498	-0.349513	-0.127860	-0.148308
Chr08	54417206	54559983	-0.414538	-0.555144	-0.203477	-0.264943
Chr08	54490681	54652414	-0.271522	-0.242340	-0.119238	-0.163687
Chr08	54560001	55019286	-0.214126	-0.165036	-0.082323	-0.134779
Chr08	54652533	55067687	-0.203885	-0.209643	-0.095291	-0.126853
Chr08	55019308	55113731	-0.156417	-0.278492	-0.117027	-0.089211
Chr08	55067718	55308683	0.071496	0.055509	0.029859	0.050203
Chr08	55113734	55511183	0.060478	0.031571	0.018153	0.042332
Chr08	55308810	55597759	-0.032564	-0.018753	-0.011179	-0.018969
Chr08	55511192	55653225	0.001221	0.001199	0.000682	-0.001084
Chr08	55597763	55741775	-0.039011	-0.035627	-0.018467	-0.020040
Chr08	55653226	55924704	-0.204606	-0.121866	-0.066566	-0.108245
Chr08	55741806	56098497	-0.323079	-0.190016	-0.103237	-0.221702
Chr08	55924718	56238984	-0.431467	-0.197102	-0.113783	-0.310473
Chr08	56098541	56399256	-0.521816	-0.157645	-0.086794	-0.399835
Chr08	56239082	56547508	-0.384951	-0.110541	-0.059320	-0.302926
Chr08	56399264	56689293	0.030181	0.009090	0.005597	0.019036
Chr08	56547715	56820581	0.083810	0.028357	0.019237	0.046301
Chr08	56689350	56903170	0.073668	0.036095	0.025029	0.042257
Chr08	56821145	57146341	0.142749	0.070973	0.042718	0.097169
Chr08	56903185	57208399	0.035474	0.019105	0.010756	0.032459
Chr08	57146349	57379720	-0.029964	-0.014231	-0.008784	-0.016323
Chr08	57208413	57443568	-0.490009	-0.351781	-0.158736	-0.367592
Chr08	57379954	57677586	-0.612909	-0.488467	-0.224263	-0.471207
Chr08	57443608	57828266	-0.299916	-0.137356	-0.079678	-0.197378
Chr08	57677636	57942171	-0.288156	-0.140293	-0.075044	-0.190391
Chr08	57828290	58078655	-0.150023	-0.056928	-0.034795	-0.088449
Chr08	57942236	58254916	-0.017233	-0.007322	-0.004316	-0.008270
Chr08	58078701	58352729	-0.179045	-0.108902	-0.056549	-0.108523
Chr08	58254950	58468955	-0.457856	-0.232001	-0.133262	-0.288422
Chr08	58352769	58585077	-0.462937	-0.231331	-0.125201	-0.335984
Chr08	58468976	58791773	-0.235191	-0.101387	-0.051810	-0.165688
Chr08	58585541	58890714	-0.181589	-0.073485	-0.039860	-0.125614
Chr08	58791862	59010748	-0.375491	-0.203036	-0.108623	-0.279634
Chr08	58890722	59141283	-0.230589	-0.130385	-0.072629	-0.148970
Chr08	59012431	59273014	-0.068551	-0.033703	-0.021031	-0.035524
Chr08	59141380	59356643	-0.025797	-0.013979	-0.008953	-0.010140
Chr08	59273081	59463800	0.172529	0.121264	0.081452	0.094472
Chr08	59356652	59557781	0.045868	0.027298	0.017841	0.014853
Chr08	59463817	59709828	-0.059453	-0.025715	-0.018190	-0.036103
Chr08	59557932	59976083	-0.147109	-0.082528	-0.053108	-0.091773
Chr08	59709940	60384023	-0.201151	-0.174360	-0.085840	-0.118436
Chr08	59978214	60609179	0.123407	0.073632	0.047442	0.078096
Chr08	60384091	60854179	0.170593	0.099608	0.066248	0.090558
Chr08	60609199	60941340	0.234216	0.178931	0.109847	0.124097
Chr08	60854494	61053919	0.198304	0.186751	0.103998	0.127972
Chr08	60941368	61162095	-0.226783	-0.199761	-0.100699	-0.158805
Chr08	61054030	61268033	-0.314588	-0.186846	-0.114057	-0.221193
Chr08	61162124	61388325	-0.060183	-0.025868	-0.018888	-0.039854
Chr08	61268192	61503453	0.011788	0.005894	0.004237	0.007285
Chr08	61388329	61626726	-0.080259	-0.065560	-0.037963	-0.040368
Chr08	61503468	61705554	-0.187133	-0.138293	-0.077733	-0.110802
Chr08	61626741	61845235	-0.150453	-0.131002	-0.068632	-0.099175
Chr08	61705560	62004387	-0.132759	-0.141078	-0.065651	-0.071660
Chr08	61845503	62151252	-0.057153	-0.043929	-0.021848	-0.025295
Chr08	62004396	62348946	-0.028446	-0.014452	-0.008572	-0.014089
Chr08	62151309	62473264	-0.005550	-0.002183	-0.001390	-0.003790
Chr08	62348947	62634166	-0.187695	-0.083128	-0.042959	-0.104544
Chr08	62473404	62780829	-0.332259	-0.186247	-0.086344	-0.203177
Chr08	62634655	62924821	-0.285647	-0.113657	-0.069555	-0.176207
Chr08	62780901	63027492	-0.400885	-0.135653	-0.086682	-0.248894
Chr08	62926795	63114478	-0.376253	-0.182802	-0.105816	-0.208329
Chr08	63027494	63156713	-0.159117	-0.157194	-0.076780	-0.078994
Chr08	63114514	63279609	-0.087860	-0.107872	-0.052491	-0.045880
Chr08	63156714	63362586	-0.092524	-0.086362	-0.045444	-0.055601
Chr08	63279966	63428862	-0.081142	-0.088270	-0.044088	-0.044602
Chr08	63362666	63551342	-0.034598	-0.045336	-0.021601	-0.016732
Chr08	63428911	63627973	-0.055055	-0.073554	-0.034304	-0.031199
Chr08	63551412	63672373	-0.046990	-0.071361	-0.033573	-0.030248
Chr08	63627978	63727865	0.059301	0.082330	0.043049	0.026789
Chr08	63672382	63839292	-0.031197	-0.016966	-0.012270	-0.017306
Chr08	63727879	63930028	-0.140061	-0.068288	-0.048475	-0.083753
Chr08	63839441	64057752	-0.149118	-0.125571	-0.066309	-0.093587
Chr08	63930091	64273383	-0.106528	-0.093118	-0.046112	-0.058300
Chr08	64057806	64412231	-0.107015	-0.088768	-0.045107	-0.053552
Chr08	64273396	64510934	-0.184046	-0.157210	-0.081947	-0.095816
Chr08	64412639	64686728	-0.247752	-0.179423	-0.106969	-0.130050
Chr08	64510945	64816818	-0.457733	-0.574131	-0.244473	-0.306583
Chr08	64686787	65058808	-0.782730	-1.942570	-0.463680	-0.702206
Chr08	64816881	65153830	-0.938507	-3.171911	-0.627961	-0.917485
Chr08	65058871	65236010	-0.876604	-2.531749	-0.581848	-0.737479
Chr08	65153878	65324169	-0.280327	-0.192451	-0.100845	-0.156216
Chr08	65236041	65400017	-0.165404	-0.115512	-0.065502	-0.103294
Chr08	65324281	65495150	-0.150062	-0.167620	-0.075108	-0.095152
Chr08	65400020	65601129	-0.081565	-0.055518	-0.030695	-0.043992
Chr08	65495172	65756546	-0.035230	-0.015331	-0.010067	-0.016521
Chr08	65601233	66040216	-0.416494	-0.243819	-0.129710	-0.295784
Chr08	65756561	66092149	-0.604406	-0.535690	-0.211486	-0.390071
Chr08	66040258	66220191	-0.577032	-0.456750	-0.193714	-0.373896
Chr08	66092338	66351354	-0.419704	-0.273090	-0.138222	-0.302456
Chr08	66220246	66411138	-0.424702	-0.366203	-0.171405	-0.307205
Chr08	66351386	66654743	-0.559525	-0.246377	-0.134186	-0.454553
Chr08	66411156	66833135	-0.493846	-0.112158	-0.075099	-0.380848
Chr09	252171	444734	0.341735	0.152372	0.092518	0.293225
Chr09	357853	558580	0.246579	0.086272	0.064434	0.207301
Chr09	444769	601257	0.267156	0.085263	0.068538	0.179273
Chr09	558613	678344	-0.019419	-0.011541	-0.007893	-0.013299
Chr09	601287	784626	-0.102851	-0.040090	-0.030605	-0.069192
Chr09	678827	867991	-0.058310	-0.026305	-0.020064	-0.040247
Chr09	784718	951741	0.044791	0.028060	0.018942	0.035377
Chr09	868013	1062516	0.022129	0.016887	0.010030	0.016252
Chr09	951999	1229804	-0.028894	-0.025962	-0.016303	-0.013021
Chr09	1062542	1296036	-0.124530	-0.138514	-0.082998	-0.082206
Chr09	1229854	1339242	-0.096010	-0.124926	-0.066888	-0.058006
Chr09	1296047	1474632	0.065616	0.060379	0.033134	0.038517
Chr09	1339358	1524589	-0.049184	-0.048726	-0.025471	-0.027253
Chr09	1474649	1571054	-0.073141	-0.112929	-0.057947	-0.044333
Chr09	1524614	1645401	0.108698	0.114113	0.071455	0.056791
Chr09	1571087	1749523	0.262620	0.213734	0.142608	0.142764
Chr09	1645447	1855846	0.236124	0.199009	0.126114	0.128896
Chr09	1749547	1919477	0.206992	0.186405	0.114136	0.109975
Chr09	1855871	2044670	0.121457	0.104823	0.058300	0.061326
Chr09	1920118	2105732	-0.015635	-0.013001	-0.007144	-0.007159
Chr09	2044786	2177003	-0.121807	-0.131185	-0.060837	-0.056467
Chr09	2105857	2243676	-0.088193	-0.129771	-0.054318	-0.045310
Chr09	2177014	2287783	0.035716	0.050630	0.021526	0.017668
Chr09	2243679	2406584	-0.034939	-0.056206	-0.019846	-0.014895
Chr09	2287885	2549566	-0.148444	-0.203127	-0.089670	-0.079558
Chr09	2406592	2606961	-0.126685	-0.166576	-0.084982	-0.067901
Chr09	2549630	2692102	-0.290599	-0.434440	-0.208882	-0.163587
Chr09	2607047	2749380	-0.234605	-0.270024	-0.143767	-0.136790
Chr09	2692131	2830222	0.068205	0.064563	0.037536	0.027444
Chr09	2749479	2948703	0.266639	0.176662	0.121754	0.141118
Chr09	2830231	3104130	0.240627	0.140771	0.088897	0.126990
Chr09	2948818	3174029	0.084535	0.066873	0.035165	0.042777
Chr09	3104200	3211759	0.070146	0.085586	0.044649	0.035274
Chr09	3174071	3317336	-0.003885	-0.004375	-0.002283	-0.001117
Chr09	3211760	3437928	0.005376	0.004717	0.002506	-0.000098
Chr09	3317367	3502279	-0.005823	-0.004529	-0.002399	-0.001711
Chr09	3438020	3653985	0.187527	0.114226	0.072356	0.137491
Chr09	3502355	3748940	0.163109	0.096528	0.057920	0.110121
Chr09	3654015	3878329	-0.011632	-0.005797	-0.003204	-0.003760
Chr09	3748955	4078542	0.034460	0.012092	0.008084	0.024830
Chr09	3878453	4182128	-0.000631	-0.000246	-0.000171	0.002081
Chr09	4078544	4331337	-0.048445	-0.031261	-0.017483	-0.029591
Chr09	4182129	4451595	-0.045880	-0.031625	-0.017584	-0.029484
Chr09	4331451	4566962	-0.047063	-0.034359	-0.018132	-0.027930
Chr09	4451609	4661900	-0.042612	-0.027473	-0.014531	-0.020889
Chr09	4566964	4723077	-0.091766	-0.069835	-0.036531	-0.059833
Chr09	4661932	4851205	-0.082001	-0.028658	-0.018120	-0.054202
Chr09	4723084	5005630	-0.019583	-0.004544	-0.003266	-0.010384
Chr09	4851214	5194641	-0.114091	-0.042972	-0.028849	-0.067452
Chr09	5005631	5302021	-0.165307	-0.116193	-0.056871	-0.100659
Chr09	5194677	5431137	0.073197	0.043590	0.024068	0.045967
Chr09	5302028	5606101	0.160328	0.057089	0.038025	0.103072
Chr09	5431202	5809794	-0.060185	-0.021383	-0.013793	-0.030930
Chr09	5606181	6389780	-0.120331	-0.067929	-0.040476	-0.064144
Chr09	5809801	6473258	0.002419	0.001634	0.001037	-0.002764
Chr09	6389809	6522922	-0.014977	-0.013025	-0.006839	-0.005577
Chr09	6473282	6584714	-0.235091	-0.266638	-0.113630	-0.121590
Chr09	6522932	6663619	-0.282976	-0.216972	-0.123787	-0.166392
Chr09	6584731	6734332	-0.321413	-0.208205	-0.133817	-0.188396
Chr09	6663648	6795354	-0.425052	-0.447254	-0.251511	-0.278346
Chr09	6734516	6846056	-0.327313	-0.409917	-0.223704	-0.192792
Chr09	6795395	7017574	0.214527	0.221628	0.117277	0.128692
Chr09	6846058	7072159	0.165211	0.181328	0.088165	0.108256
Chr09	7017658	7150975	0.030604	0.031881	0.017642	0.017476
Chr09	7072175	7250151	-0.110985	-0.055590	-0.038093	-0.067222
Chr09	7150996	7355153	-0.254443	-0.089126	-0.062423	-0.177486
Chr09	7250156	7525470	-0.029390	-0.013409	-0.008714	-0.018887
Chr09	7355661	7591395	0.149322	0.115286	0.069767	0.082279
Chr09	7525488	7678104	0.027814	0.023466	0.014448	0.018715
Chr09	7591430	7782480	0.097429	0.072990	0.043097	0.058045
Chr09	7678648	7864168	0.078073	0.054802	0.033315	0.042438
Chr09	7782481	8000964	-0.149513	-0.073961	-0.046103	-0.074996
Chr09	7864235	8119134	-0.197697	-0.078953	-0.050671	-0.108324
Chr09	8001306	8258620	-0.252517	-0.171383	-0.094997	-0.132585
Chr09	8119187	8394542	-0.111916	-0.050273	-0.035019	-0.066679
Chr09	8258626	8582608	-0.011928	-0.003431	-0.002679	-0.007342
Chr09	8394555	8653240	0.010571	0.004415	0.003103	0.010790
Chr09	8582675	8688226	0.101142	0.098113	0.058148	0.060882
Chr09	8653266	8734430	-0.138230	-0.205747	-0.090088	-0.075585
Chr09	8688228	8758006	-0.088630	-0.124462	-0.056532	-0.054169
Chr09	8734435	8799680	0.098900	0.119316	0.069146	0.057063
Chr09	8758093	8866175	-0.013689	-0.013320	-0.007709	-0.009670
Chr09	8799753	8928777	-0.162579	-0.185028	-0.092437	-0.089034
Chr09	8866246	9010768	-0.177080	-0.138916	-0.092518	-0.117760
Chr09	8928844	9077088	-0.091641	-0.049529	-0.032680	-0.055905
Chr09	9010778	9167222	-0.000206	-0.000139	-0.000072	-0.000497
Chr09	9077175	9229912	0.127196	0.113392	0.060609	0.074774
Chr09	9167269	9323691	0.192322	0.111271	0.071924	0.101521
Chr09	9229945	9420255	-0.109689	-0.049441	-0.030563	-0.052414
Chr09	9323725	9526664	-0.291557	-0.166700	-0.088111	-0.161275
Chr09	9420268	9651178	-0.129245	-0.065513	-0.038300	-0.079035
Chr09	9528070	9783780	-0.211644	-0.103463	-0.059999	-0.132621
Chr09	9651546	9979061	-0.066266	-0.015274	-0.012070	-0.044560
Chr09	9784132	10149692	0.120811	0.021292	0.018077	0.078509
Chr09	9979276	10236456	-0.264532	-0.101282	-0.067219	-0.139739
Chr09	10149706	10286261	-0.357104	-0.489883	-0.194275	-0.193464
Chr09	10236515	10380616	-0.197000	-0.279293	-0.124168	-0.106121
Chr09	10286288	10456684	-0.048295	-0.052204	-0.025466	-0.025765
Chr09	10380669	10524774	-0.074943	-0.077226	-0.038268	-0.037177
Chr09	10456835	10585339	-0.298470	-0.290456	-0.161176	-0.173252
Chr09	10524847	10660136	-0.390570	-0.325397	-0.195327	-0.253578
Chr09	10585430	10756473	-0.329859	-0.213072	-0.149750	-0.243206
Chr09	10660137	10807216	-0.258769	-0.166220	-0.126202	-0.196687
Chr09	10756518	10951534	-0.153922	-0.080169	-0.058944	-0.096968
Chr09	10807256	11098077	-0.030909	-0.010362	-0.007224	-0.017612
Chr09	10951659	11194832	0.108471	0.041494	0.028625	0.067112
Chr09	11098129	11327479	0.223490	0.086520	0.064684	0.163773
Chr09	11194836	11452684	0.028211	0.010236	0.007297	0.015582
Chr09	11327480	11765395	0.080931	0.027287	0.019975	0.057586
Chr09	11453129	12199214	0.184389	0.055702	0.038586	0.135080
Chr09	11765473	12293178	-0.055737	-0.024304	-0.013675	-0.026358
Chr09	12199221	12398360	-0.228804	-0.129082	-0.073308	-0.127386
Chr09	12293179	12543167	-0.236383	-0.092965	-0.059322	-0.166205
Chr09	12398552	12683235	-0.084660	-0.022809	-0.016061	-0.056360
Chr09	12543490	12800351	-0.157574	-0.048599	-0.033153	-0.085998
Chr09	12683319	12961408	-0.209034	-0.063692	-0.042985	-0.096467
Chr09	12800473	13093798	0.074779	0.021135	0.014715	0.038722
Chr09	12961487	13226618	-0.075719	-0.025880	-0.015571	-0.050956
Chr09	13093811	13332720	-0.416278	-0.196247	-0.096353	-0.274434
Chr09	13226627	13441612	-0.357384	-0.186820	-0.089195	-0.245343
Chr09	13333225	13562807	-0.314755	-0.173384	-0.086782	-0.217109
Chr09	13441616	13657958	-0.292621	-0.218069	-0.109458	-0.178091
Chr09	13562814	13846829	-0.041042	-0.016494	-0.010571	-0.017890
Chr09	13657962	13959853	-0.070996	-0.024298	-0.015315	-0.034050
Chr09	13846870	14068731	-0.278757	-0.101536	-0.052579	-0.126483
Chr09	13960072	14178920	-0.387049	-0.158437	-0.067344	-0.138320
Chr09	14068761	14305342	-0.346904	-0.201929	-0.083826	-0.183919
Chr09	14178977	14421227	-0.214074	-0.095870	-0.052277	-0.139588
Chr09	14305354	14566645	-0.046846	-0.017862	-0.011509	-0.026569
Chr09	14421413	14746729	-0.133525	-0.041200	-0.026760	-0.091977
Chr09	14566790	14887915	-0.390114	-0.123253	-0.069789	-0.316587
Chr09	14746751	15088474	-0.284859	-0.063917	-0.039036	-0.225380
Chr09	14887971	15252989	-0.188313	-0.036880	-0.023017	-0.131054
Chr09	15088538	15392148	-0.452787	-0.130283	-0.073282	-0.346063
Chr09	15253073	15595014	-0.285809	-0.079953	-0.049756	-0.217868
Chr09	15392227	15687481	-0.305183	-0.117502	-0.070825	-0.249237
Chr09	15595035	15846188	-0.565248	-0.235988	-0.129611	-0.495431
Chr09	15687496	15991845	-0.512946	-0.158599	-0.092293	-0.413508
Chr09	15846219	16181329	-0.268711	-0.053713	-0.035273	-0.202612
Chr09	15991999	16370890	0.353419	0.085578	0.063733	0.315743
Chr09	16181425	16501554	0.653997	0.227220	0.186360	0.604130
Chr09	16370896	16610775	0.525879	0.186950	0.151760	0.441348
Chr09	16501570	17640167	-0.087372	-0.024788	-0.018658	-0.058946
Chr09	16610785	17786247	-0.376933	-0.106122	-0.076831	-0.267113
Chr09	17640185	17994542	-0.364305	-0.102918	-0.074077	-0.254406
Chr09	17786335	18842329	-0.418974	-0.104333	-0.075894	-0.281073
Chr09	17994549	19006546	-0.452176	-0.110323	-0.080019	-0.278528
Chr09	18842356	19083034	-0.406338	-0.111174	-0.080833	-0.236372
Chr09	19006562	19238667	-0.140338	-0.045101	-0.031153	-0.098291
Chr09	19083096	19404154	-0.104324	-0.031752	-0.020893	-0.081917
Chr09	19238672	19592088	-0.087048	-0.022645	-0.014558	-0.054390
Chr09	19404192	19713873	-0.220324	-0.062459	-0.039512	-0.153409
Chr09	19592110	19809710	0.037563	0.014933	0.009570	0.024720
Chr09	19713914	19914149	0.095391	0.043002	0.028645	0.076506
Chr09	19809749	19978675	-0.576277	-0.309564	-0.181645	-0.431319
Chr09	19914153	20100582	-0.626841	-0.350635	-0.195068	-0.349445
Chr09	19978735	20189647	-0.540347	-0.225375	-0.134152	-0.285824
Chr09	20100701	20326818	-0.345838	-0.199639	-0.115119	-0.195082
Chr09	20191205	20433189	-0.069285	-0.037050	-0.025542	-0.035109
Chr09	20326869	20542922	-0.111852	-0.043236	-0.027620	-0.055644
Chr09	20433346	20632246	-0.218615	-0.112039	-0.057812	-0.134969
Chr09	20542996	20800477	-0.610436	-0.459778	-0.196950	-0.505109
Chr09	20632292	20916699	-0.617413	-0.373720	-0.174940	-0.519980
Chr09	20800510	21063287	-0.182708	-0.057666	-0.035567	-0.136443
Chr09	20917055	21174984	-0.137574	-0.043998	-0.027128	-0.087913
Chr09	21063442	21297186	-0.067798	-0.025167	-0.016650	-0.036810
Chr09	21174997	21441913	0.080849	0.026807	0.020510	0.041676
Chr09	21297241	21540978	0.075471	0.028296	0.020848	0.039439
Chr09	21442003	21625617	0.085508	0.037525	0.024618	0.057203
Chr09	21541065	21723410	-0.053563	-0.029315	-0.015751	-0.034811
Chr09	21625925	21852529	-0.179659	-0.116492	-0.053669	-0.102786
Chr09	21723416	21966277	-0.338609	-0.350669	-0.114710	-0.204833
Chr09	21854310	22100167	-0.240065	-0.161018	-0.076167	-0.156648
Chr09	21966365	22196614	0.061164	0.032446	0.020131	0.038060
Chr09	22100185	22273548	0.176710	0.103238	0.066047	0.122061
Chr09	22196702	22415748	-0.023117	-0.008984	-0.006115	-0.015194
Chr09	22273569	22587824	-0.118451	-0.039952	-0.026793	-0.069726
Chr09	22415771	22730498	0.009746	0.003971	0.002476	0.014760
Chr09	22588020	22843276	-0.213691	-0.142092	-0.071778	-0.126968
Chr09	22730532	22897945	-0.177050	-0.158357	-0.076053	-0.102362
Chr09	22843329	23030156	-0.089005	-0.045158	-0.028493	-0.045196
Chr09	22897971	23098296	-0.012213	-0.005779	-0.004001	-0.004411
Chr09	23030203	23184721	0.191955	0.120697	0.085054	0.121695
Chr09	23098330	23272456	-0.161365	-0.154776	-0.072860	-0.125030
Chr09	23185019	23383136	-0.249780	-0.227165	-0.086048	-0.148644
Chr09	23272475	23583582	-0.277131	-0.165966	-0.072749	-0.169785
Chr09	23383568	23649749	-0.156419	-0.103249	-0.048639	-0.119118
Chr09	23583606	23701398	0.271180	0.214399	0.119429	0.180516
Chr09	23649820	23807600	0.347937	0.229472	0.161090	0.197683
Chr09	23701430	23864364	-0.038223	-0.035584	-0.018848	-0.022995
Chr09	23807610	23920261	-0.471383	-1.182103	-0.264330	-0.288561
Chr09	23864392	24078569	-0.529203	-0.916928	-0.268401	-0.344831
Chr09	23920506	24145609	-0.577252	-0.979819	-0.278322	-0.379452
Chr09	24078570	24183684	-0.444203	-1.168215	-0.225637	-0.278184
Chr09	24145611	24286508	-0.084851	-0.106922	-0.041374	-0.049417
Chr09	24183686	24404034	0.057931	0.048687	0.026765	0.034719
Chr09	24286522	24469864	-0.012858	-0.009974	-0.005641	-0.012257
Chr09	24404039	24653671	-0.180772	-0.068442	-0.041586	-0.091030
Chr09	24469874	24800536	-0.404641	-0.149583	-0.081236	-0.270808
Chr09	24653712	24956287	-0.322542	-0.165499	-0.078512	-0.212241
Chr09	24800858	25054891	-0.251177	-0.213800	-0.085492	-0.164844
Chr09	24956297	25140077	-0.502165	-0.484091	-0.157318	-0.383016
Chr09	25054911	25254487	-0.462147	-0.273548	-0.114873	-0.340906
Chr09	25140131	25440356	-0.387866	-0.150308	-0.080597	-0.286834
Chr09	25254558	25576321	-0.460049	-0.174786	-0.098192	-0.347687
Chr09	25440419	25688014	-0.351515	-0.158951	-0.087904	-0.220380
Chr09	25576363	25810107	-0.320439	-0.147940	-0.085427	-0.177137
Chr09	25688083	25911345	-0.231729	-0.103587	-0.058740	-0.120861
Chr09	25810111	26004131	-0.174708	-0.109327	-0.053196	-0.086912
Chr09	25911476	26145656	-0.315882	-0.124397	-0.071152	-0.190050
Chr09	26004138	26280595	-0.485110	-0.195630	-0.106807	-0.348468
Chr09	26145736	26432615	-0.479389	-0.228198	-0.122942	-0.351709
Chr09	26280596	26525043	-0.114501	-0.064007	-0.031280	-0.068172
Chr09	26432793	26635334	-0.005072	-0.003394	-0.001611	-0.000026
Chr09	26525062	26738072	-0.011098	-0.004924	-0.003228	-0.006461
Chr09	26636042	26827602	0.246778	0.087303	0.064212	0.187753
Chr09	26738202	26909254	-0.140623	-0.080243	-0.046933	-0.101327
Chr09	26827710	26995316	-0.422826	-0.505387	-0.171727	-0.295592
Chr09	26909261	27085547	-0.291932	-0.131109	-0.076531	-0.202358
Chr09	26995393	27193310	-0.460772	-0.165298	-0.105901	-0.304455
Chr09	27085922	27321018	-0.284586	-0.116279	-0.069982	-0.169408
Chr09	27193835	27517025	0.250797	0.107743	0.069123	0.150007
Chr09	27321065	27625880	0.260284	0.135977	0.088759	0.155400
Chr09	27517059	27810626	-0.065799	-0.040117	-0.019737	-0.041795
Chr09	27625916	28002987	-0.215712	-0.115256	-0.050808	-0.127510
Chr09	27811899	28133039	-0.314260	-0.184619	-0.084577	-0.201495
Chr09	28003076	28342601	-0.270303	-0.122785	-0.070923	-0.177237
Chr09	28133186	28539313	-0.173479	-0.054429	-0.034904	-0.104497
Chr09	28342618	28594093	-0.306191	-0.147528	-0.081795	-0.219115
Chr09	28539423	28731282	-0.252958	-0.171442	-0.091095	-0.165587
Chr09	28594126	28946390	-0.081805	-0.047094	-0.025240	-0.041058
Chr09	28731477	29036244	-0.165996	-0.095436	-0.048865	-0.097710
Chr09	28946403	29138430	-0.470785	-0.253331	-0.124655	-0.340727
Chr09	29036310	29330160	-0.692636	-0.345817	-0.141121	-0.563518
Chr09	29138518	29468060	-0.543036	-0.205502	-0.101363	-0.439357
Chr09	29330193	29531653	-0.212438	-0.083798	-0.056108	-0.142785
Chr09	29468094	29653691	-0.459853	-0.626394	-0.200882	-0.291605
Chr09	29531658	29712294	-0.381457	-0.538715	-0.177697	-0.233966
Chr09	29653741	29850057	-0.065905	-0.054196	-0.022809	-0.044561
Chr09	29712310	29958239	0.122174	0.069138	0.032464	0.073517
Chr09	29850309	30077329	0.194322	0.084808	0.053563	0.125073
Chr09	29958358	30368205	0.026883	0.009112	0.005908	0.017559
Chr09	30077384	30487301	0.059643	0.017333	0.010789	0.033917
Chr09	30368207	30736779	-0.104583	-0.035169	-0.021019	-0.068771
Chr09	30487306	30834757	-0.364013	-0.167289	-0.094426	-0.242803
Chr09	30736789	30885045	-0.303103	-0.202800	-0.109425	-0.198256
Chr09	30834828	30973260	-0.135520	-0.107042	-0.054258	-0.073413
Chr09	30885101	31172194	-0.027121	-0.017046	-0.006073	-0.006770
Chr09	30973280	31960427	0.115489	0.056321	0.023832	0.068350
Chr09	31172235	32075400	-0.025737	-0.013402	-0.007804	-0.012574
Chr09	31960479	32162474	-0.082170	-0.051775	-0.027764	-0.048545
Chr09	32075407	32225824	-0.093037	-0.079681	-0.039356	-0.057815
Chr09	32162487	32280110	-0.223271	-0.329096	-0.104940	-0.130410
Chr09	32225852	32365829	-0.470434	-0.632712	-0.192866	-0.301357
Chr09	32280149	32585063	-0.600237	-0.571876	-0.226343	-0.448843
Chr09	32365869	32868793	-0.470641	-0.320636	-0.136914	-0.338455
Chr09	32585117	32989254	-0.271605	-0.122598	-0.061579	-0.176155
Chr09	32868808	33186641	0.054008	0.016595	0.010748	0.049073
Chr09	32989264	33319433	-0.045076	-0.015719	-0.009336	-0.029588
Chr09	33186905	33489136	-0.216794	-0.120257	-0.058575	-0.137837
Chr09	33319452	33601390	-0.199648	-0.155301	-0.083395	-0.122752
Chr09	33489143	33710423	-0.295837	-0.205071	-0.113463	-0.208173
Chr09	33601429	33812139	-0.280014	-0.234247	-0.119784	-0.212564
Chr09	33710464	33890576	-0.350166	-0.284709	-0.152131	-0.295025
Chr09	33812285	33973194	-0.347712	-0.203154	-0.123391	-0.271498
Chr09	33890602	34108424	-0.042832	-0.014126	-0.009333	-0.020239
Chr09	33973202	34160746	-0.014090	-0.004716	-0.003117	-0.003641
Chr09	34108488	34226866	-0.239044	-0.154396	-0.100085	-0.151328
Chr09	34160820	34318816	-0.294079	-0.184310	-0.115110	-0.196046
Chr09	34226874	34386812	-0.278152	-0.192101	-0.112568	-0.173454
Chr09	34318858	34463378	-0.087548	-0.074740	-0.047126	-0.053070
Chr09	34386858	34555616	-0.086455	-0.048842	-0.031198	-0.051670
Chr09	34463430	34705852	-0.079389	-0.031765	-0.019581	-0.037474
Chr09	34555743	34801980	-0.305290	-0.141702	-0.077749	-0.179465
Chr09	34705891	34907950	-0.278653	-0.131784	-0.073577	-0.204448
Chr09	34801989	35028652	-0.055007	-0.022441	-0.013936	-0.036807
Chr09	34908068	35130475	-0.136181	-0.054179	-0.034829	-0.089641
Chr09	35028663	35241428	-0.087761	-0.040803	-0.027226	-0.049103
Chr09	35130491	35337465	0.196986	0.079906	0.055009	0.094656
Chr09	35241508	35438679	0.100536	0.035619	0.023642	0.060952
Chr09	35337918	35542837	-0.071505	-0.027015	-0.017312	-0.045674
Chr09	35438814	35683330	-0.094987	-0.029214	-0.021032	-0.062020
Chr09	35542876	35836510	-0.354937	-0.129230	-0.089692	-0.257557
Chr09	35683338	36026823	-0.664188	-0.355219	-0.190850	-0.532132
Chr09	35836512	36132773	-0.762685	-0.472005	-0.240337	-0.654472
Chr09	36026826	36277582	-0.545548	-0.278732	-0.153446	-0.447361
Chr09	36132808	36445466	-0.137338	-0.064661	-0.034519	-0.104361
Chr09	36277598	36561088	-0.212056	-0.102137	-0.054916	-0.169047
Chr09	36445475	36661014	-0.352890	-0.151040	-0.087575	-0.249439
Chr09	36561090	36716921	-0.295571	-0.207783	-0.099970	-0.178372
Chr09	36661047	36816712	-0.206922	-0.105852	-0.062712	-0.124763
Chr09	36716929	36919350	0.282207	0.102126	0.077499	0.213441
Chr09	36816740	37057567	0.414704	0.144056	0.109007	0.341021
Chr09	36919479	37182423	0.243782	0.098079	0.069701	0.189291
Chr09	37057670	37339006	0.154723	0.078247	0.047910	0.101643
Chr09	37182496	37487787	0.619593	0.186769	0.142110	0.469219
Chr09	37339049	37616082	0.554945	0.168285	0.134493	0.438120
Chr09	37488387	37802450	0.161903	0.041916	0.033022	0.115904
Chr09	37616083	38010980	0.096378	0.021188	0.017167	0.082139
Chr09	37802489	38189880	0.185793	0.045258	0.036191	0.165176
Chr09	38010993	38311156	0.385599	0.105549	0.082765	0.287104
Chr09	38189901	38505623	0.228019	0.060350	0.045999	0.178261
Chr09	38311203	38629779	0.242282	0.054138	0.039150	0.219508
Chr09	38505681	38760099	0.247553	0.052031	0.036975	0.183158
Chr09	38629813	38895822	-0.016953	-0.004877	-0.003113	-0.010966
Chr09	38760102	39062329	-0.278773	-0.099928	-0.057348	-0.204560
Chr09	38895978	39221491	-0.340052	-0.109676	-0.070884	-0.233992
Chr09	39062707	39332149	-0.333402	-0.132773	-0.079088	-0.224822
Chr09	39221529	39438559	-0.511651	-0.358938	-0.155665	-0.365989
Chr09	39332159	39572269	-0.296283	-0.132338	-0.077123	-0.216634
Chr09	39438569	39647811	-0.004256	-0.001667	-0.001145	-0.004218
Chr09	39572313	39711350	-0.014662	-0.009158	-0.005764	-0.004321
Chr09	39647958	39851931	-0.310683	-0.203553	-0.102920	-0.196530
Chr09	39711353	40092324	-0.515655	-0.231704	-0.118713	-0.417989
Chr09	39852291	40208282	-0.546410	-0.224866	-0.127019	-0.466790
Chr09	40092338	40333337	-0.184287	-0.081829	-0.052054	-0.136722
Chr09	40208604	40483102	0.146146	0.049335	0.033765	0.087122
Chr09	40333341	40637882	0.072765	0.025181	0.018049	0.027744
Chr09	40483197	40946667	-0.000280	-0.000107	-0.000081	-0.012938
Chr09	40638058	41085321	-0.077705	-0.032765	-0.021897	-0.055464
Chr09	40946694	41209686	-0.244551	-0.146289	-0.070046	-0.163268
Chr09	41085323	41332985	-0.414822	-0.200995	-0.096547	-0.276767
Chr09	41209688	41447000	-0.376932	-0.188086	-0.098456	-0.234474
Chr09	41333132	41566751	-0.619484	-0.437799	-0.197902	-0.484486
Chr09	41447066	41713397	-0.592560	-0.367972	-0.165796	-0.516982
Chr09	41566780	41868136	-0.119514	-0.047587	-0.028079	-0.091988
Chr09	41713415	41972409	0.085384	0.029088	0.018971	0.054093
Chr09	41868149	42064552	-0.016377	-0.007224	-0.003925	-0.009732
Chr09	41972636	42189655	-0.075146	-0.033538	-0.019423	-0.051523
Chr09	42064606	42347538	-0.176502	-0.058543	-0.038498	-0.114308
Chr09	42189910	42429430	-0.177325	-0.068083	-0.043015	-0.098316
Chr09	42347545	42474294	-0.164961	-0.178552	-0.081445	-0.086915
Chr09	42429455	42560922	-0.097988	-0.101219	-0.047920	-0.050595
Chr09	42474297	42642575	-0.074996	-0.058375	-0.031194	-0.042886
Chr09	42560961	42768249	0.175182	0.120297	0.072754	0.113576
Chr09	42642635	42875675	-0.022259	-0.012688	-0.007365	-0.014927
Chr09	42768345	43015129	-0.423510	-0.172586	-0.097191	-0.295940
Chr09	42875679	43088432	-0.368185	-0.173188	-0.093971	-0.217477
Chr09	43015148	43143210	-0.310611	-0.315837	-0.136128	-0.176734
Chr09	43088458	43275043	-0.543931	-0.306990	-0.147622	-0.427714
Chr09	43143285	43495310	-0.519946	-0.177884	-0.103036	-0.415309
Chr09	43275054	43659515	-0.507044	-0.180827	-0.108919	-0.343981
Chr09	43495311	43755373	-0.336840	-0.282517	-0.133220	-0.202341
Chr09	43659629	43817421	0.006684	0.007102	0.003830	0.006123
Chr09	43755384	43989304	-0.002460	-0.002206	-0.001244	0.003083
Chr09	43817473	44030662	-0.024986	-0.028950	-0.013382	-0.010023
Chr09	43989363	44090404	-0.069117	-0.075550	-0.045599	-0.038401
Chr09	44030681	44169621	-0.123700	-0.094703	-0.063975	-0.079695
Chr09	44090407	44280152	-0.221080	-0.114776	-0.069087	-0.165970
Chr09	44169622	44374677	-0.404540	-0.184619	-0.108133	-0.317060
Chr09	44280238	44520805	-0.381230	-0.148780	-0.090113	-0.277755
Chr09	44374746	44669055	-0.218749	-0.076608	-0.046742	-0.150960
Chr09	44520921	44763985	-0.289086	-0.152641	-0.088812	-0.211733
Chr09	44669106	44900668	-0.271165	-0.119851	-0.066208	-0.184362
Chr09	44764013	44947653	-0.204038	-0.079265	-0.046841	-0.114448
Chr09	44900721	45063984	-0.331532	-0.132508	-0.081579	-0.187060
Chr09	44948834	45247562	-0.401624	-0.115194	-0.068717	-0.269292
Chr09	45064169	45376461	-0.361440	-0.116231	-0.069081	-0.263652
Chr09	45247684	45500797	-0.281462	-0.101389	-0.062822	-0.210938
Chr09	45376705	45666904	-0.353239	-0.096838	-0.063286	-0.265537
Chr09	45501223	45817203	-0.310088	-0.082011	-0.057477	-0.217941
Chr09	45666945	45923653	-0.159747	-0.059631	-0.042845	-0.100752
Chr09	45817228	46015147	-0.176183	-0.083314	-0.050903	-0.099932
Chr09	45923792	46126353	0.015114	0.006338	0.004202	0.016321
Chr09	46015228	46181100	0.163995	0.089153	0.060254	0.093545
Chr09	46126477	46279007	0.066392	0.056009	0.035138	0.038429
Chr09	46181131	46361507	-0.118967	-0.084898	-0.052141	-0.087847
Chr09	46279047	46549619	-0.143090	-0.051956	-0.034906	-0.096603
Chr09	46361707	46666644	-0.155552	-0.046360	-0.032297	-0.088389
Chr09	46549630	46760456	-0.273612	-0.120858	-0.079849	-0.151724
Chr09	46666659	46909529	-0.131904	-0.076031	-0.048532	-0.077813
Chr09	46760529	47046078	-0.095226	-0.044401	-0.027853	-0.051708
Chr09	46909536	47127538	-0.103029	-0.053914	-0.028952	-0.045928
Chr09	47046082	47192728	-0.080037	-0.084623	-0.032270	-0.033664
Chr09	47127540	47254999	-0.087236	-0.074761	-0.036627	-0.032146
Chr09	47192733	47363512	0.007344	0.004479	0.002846	0.006429
Chr09	47255043	47420087	0.006473	0.003951	0.002571	0.001434
Chr09	47363519	47470268	-0.047391	-0.043020	-0.022887	-0.034509
Chr09	47420088	47527966	-0.254570	-0.337852	-0.150136	-0.164038
Chr09	47470285	47609250	-0.271215	-0.285329	-0.148487	-0.166501
Chr09	47527967	47703280	-0.259464	-0.174475	-0.109475	-0.162921
Chr09	47609665	47789375	-0.397054	-0.245345	-0.157818	-0.270204
Chr09	47703295	47892499	-0.290935	-0.233302	-0.140822	-0.165788
Chr09	47789391	47947895	-0.058329	-0.094236	-0.044533	-0.028176
Chr09	47892524	47996314	-0.068230	-0.139559	-0.058722	-0.037461
Chr09	47947942	48044001	-0.131125	-0.253476	-0.107556	-0.067322
Chr09	47996405	48110285	-0.073169	-0.102844	-0.053006	-0.036640
Chr09	48044005	48325988	-0.015112	-0.017522	-0.009021	-0.003024
Chr09	48110350	48483849	-0.066128	-0.081198	-0.036632	-0.026155
Chr09	48326092	48594510	-0.092507	-0.117146	-0.050875	-0.041345
Chr09	48483953	48683262	-0.047546	-0.061065	-0.028732	-0.014757
Chr09	48594783	48734272	-0.019479	-0.032070	-0.014885	-0.001763
Chr09	48683379	48854225	-0.180819	-0.342714	-0.138486	-0.105548
Chr09	48734285	48956503	-0.351541	-0.926564	-0.273371	-0.215404
Chr09	48854326	49014245	-0.232221	-0.486707	-0.185715	-0.132181
Chr09	48956551	49069390	0.059222	0.069760	0.043450	0.030132
Chr09	49014258	49157498	0.115892	0.132384	0.085745	0.057773
Chr09	49069424	49201658	0.081328	0.096031	0.057414	0.040871
Chr09	49157499	49263247	0.162990	0.159299	0.098309	0.089428
Chr09	49201702	49602943	0.067845	0.041099	0.025904	0.040840
Chr09	49263276	49723937	-0.071153	-0.044057	-0.027147	-0.043904
Chr09	49602944	49784850	-0.061865	-0.074998	-0.042761	-0.033407
Chr09	49723945	49822829	-0.074610	-0.124189	-0.063769	-0.043639
Chr09	49784886	49878065	-0.011230	-0.017410	-0.008899	-0.009078
Chr09	49822844	49923394	0.054844	0.074501	0.040708	0.027032
Chr09	49878338	49965145	0.013286	0.021426	0.011698	0.007540
Chr09	49923440	50030220	-0.052431	-0.072478	-0.039811	-0.025918
Chr09	49965212	50127620	-0.007237	-0.007722	-0.004314	0.002372
Chr09	50030298	50323221	-0.030451	-0.020762	-0.011246	-0.011232
Chr09	50127635	50477340	-0.093018	-0.062692	-0.031629	-0.045476
Chr09	50323230	50627741	-0.039707	-0.032755	-0.016963	-0.018635
Chr09	50477442	50729580	0.072247	0.053248	0.033350	0.036314
Chr09	50627828	50802440	0.070751	0.048315	0.035853	0.032885
Chr09	50729590	50872886	-0.008444	-0.004601	-0.003470	-0.001724
Chr09	50802454	50972803	0.038728	0.013756	0.010846	0.013686
Chr09	50872888	51142136	0.022371	0.005151	0.004366	0.005821
Chr10	130190	414384	-0.447280	-0.190754	-0.118890	-0.364800
Chr10	278255	592153	-0.371815	-0.162573	-0.100713	-0.278305
Chr10	414408	763853	-0.152206	-0.062297	-0.036379	-0.083946
Chr10	592273	943722	-0.014602	-0.005621	-0.003426	-0.004759
Chr10	763885	1085176	-0.139643	-0.043878	-0.027175	-0.088919
Chr10	943726	1212691	-0.255042	-0.090527	-0.054038	-0.173810
Chr10	1085599	1269789	-0.279920	-0.152665	-0.088288	-0.195744
Chr10	1212702	1351757	-0.114239	-0.069826	-0.046762	-0.074622
Chr10	1269898	1445370	-0.155281	-0.088341	-0.048344	-0.077827
Chr10	1351759	1551792	-0.531494	-0.648144	-0.221583	-0.289075
Chr10	1445450	1649814	-0.472465	-0.441165	-0.219127	-0.349434
Chr10	1551797	1763357	-0.339895	-0.134339	-0.088077	-0.241499
Chr10	1650000	2012808	-0.334174	-0.083546	-0.054715	-0.237495
Chr10	1763361	2162529	-0.428479	-0.133347	-0.083481	-0.321639
Chr10	2013424	2292782	-0.572391	-0.292140	-0.159248	-0.445779
Chr10	2162617	2423026	-0.503400	-0.217331	-0.105512	-0.365541
Chr10	2292851	2546184	-0.164848	-0.056513	-0.031244	-0.113296
Chr10	2423051	2703172	0.222998	0.065809	0.046022	0.171555
Chr10	2546219	2843294	0.000225	0.000073	0.000045	0.004742
Chr10	2703189	2987974	-0.207277	-0.103521	-0.053174	-0.132724
Chr10	2843301	3096787	-0.157435	-0.144286	-0.063267	-0.090235
Chr10	2987997	3145803	-0.069639	-0.065077	-0.035339	-0.043042
Chr10	3096788	3215327	0.118756	0.097765	0.060369	0.077455
Chr10	3145840	3322594	-0.224484	-0.172637	-0.080070	-0.145925
Chr10	3215427	3441167	-0.535311	-0.568298	-0.211783	-0.404907
Chr10	3322602	3701948	-0.509701	-0.657174	-0.143207	-0.370877
Chr10	3441219	3785687	-0.351982	-0.340954	-0.083367	-0.222950
Chr10	3701950	3887249	-0.190053	-0.157810	-0.070738	-0.105822
Chr10	3785688	3956004	-0.114594	-0.099101	-0.048087	-0.057739
Chr10	3887307	4066770	-0.139359	-0.111868	-0.054164	-0.067519
Chr10	3956184	4208834	-0.137428	-0.075039	-0.043527	-0.071027
Chr10	4066927	4501528	-0.150209	-0.070270	-0.044975	-0.093634
Chr10	4208852	4680040	-0.254486	-0.137603	-0.078444	-0.174489
Chr10	4501731	4854173	-0.230690	-0.149132	-0.074084	-0.169456
Chr10	4680064	4951518	-0.204890	-0.154096	-0.067433	-0.141421
Chr10	4854310	5041497	-0.212213	-0.113914	-0.063331	-0.114821
Chr10	4951603	5150072	-0.130767	-0.058433	-0.034049	-0.060362
Chr10	5041550	5283340	-0.146996	-0.060967	-0.032655	-0.076274
Chr10	5150140	5368366	-0.100661	-0.038255	-0.020778	-0.062147
Chr10	5283396	5548408	-0.074802	-0.025183	-0.015059	-0.044007
Chr10	5368445	5675579	-0.164407	-0.062791	-0.037948	-0.109291
Chr10	5548416	5810240	-0.279777	-0.203521	-0.095501	-0.191143
Chr10	5675596	5862446	-0.350878	-0.331817	-0.153735	-0.237844
Chr10	5810248	6033101	-0.482704	-0.269479	-0.142489	-0.331112
Chr10	5862755	6132586	-0.461505	-0.287203	-0.137330	-0.342209
Chr10	6033344	6249174	-0.392831	-0.375367	-0.155742	-0.282415
Chr10	6132664	6329458	-0.347331	-0.431979	-0.163751	-0.180991
Chr10	6249219	6427594	-0.272253	-0.385641	-0.141067	-0.123813
Chr10	6329511	6589381	-0.265601	-0.181549	-0.092793	-0.163150
Chr10	6427634	6715737	-0.265672	-0.109147	-0.063438	-0.187818
Chr10	6589404	6821441	-0.215457	-0.086858	-0.050202	-0.139295
Chr10	6715779	7007104	-0.268089	-0.090195	-0.054768	-0.164522
Chr10	6821443	7280610	-0.619214	-0.221487	-0.121594	-0.488298
Chr10	7007249	7484019	-0.677696	-0.327816	-0.160828	-0.572431
Chr10	7280792	7628446	-0.473405	-0.230423	-0.120921	-0.360598
Chr10	7484088	7777480	-0.302428	-0.135509	-0.074934	-0.208132
Chr10	7628474	7914464	-0.095759	-0.045760	-0.025778	-0.068202
Chr10	7777509	8014573	-0.232574	-0.162646	-0.081734	-0.179902
Chr10	7914546	8310749	-0.613193	-0.705439	-0.254741	-0.491161
Chr10	8014583	8373137	-0.531374	-0.517317	-0.192736	-0.379048
Chr10	8310759	8483353	-0.294951	-0.249836	-0.097806	-0.195588
Chr10	8373279	8571862	-0.149806	-0.118606	-0.048974	-0.091132
Chr10	8483447	8620418	-0.090246	-0.077391	-0.033547	-0.045112
Chr10	8571902	8674045	0.159732	0.123385	0.055773	0.086413
Chr10	8620450	8779808	-0.138307	-0.079938	-0.041072	-0.097844
Chr10	8674063	9027785	-0.188479	-0.100094	-0.052526	-0.134031
Chr10	8779810	9152489	-0.004699	-0.001941	-0.001103	-0.002142
Chr10	9027906	9260919	-0.122648	-0.052488	-0.031374	-0.070695
Chr10	9152559	9365492	-0.292502	-0.239660	-0.112609	-0.204557
Chr10	9260996	9524259	-0.279500	-0.130617	-0.073324	-0.208553
Chr10	9366030	9644562	-0.311381	-0.115492	-0.068239	-0.219045
Chr10	9524409	9728326	-0.562814	-0.385250	-0.182516	-0.445866
Chr10	9644569	9923361	-0.571240	-0.292083	-0.146581	-0.453056
Chr10	9728345	10026000	-0.378313	-0.155799	-0.082734	-0.285361
Chr10	9923400	10202905	-0.318724	-0.141586	-0.073645	-0.257051
Chr10	10026069	10345020	-0.330247	-0.119053	-0.068589	-0.264130
Chr10	10203341	10397097	-0.244785	-0.105335	-0.063322	-0.159716
Chr10	10345135	10449266	-0.094750	-0.108793	-0.050593	-0.047826
Chr10	10397138	10515618	0.076846	0.070917	0.035612	0.042574
Chr10	10449380	10599811	-0.057732	-0.047860	-0.023752	-0.037832
Chr10	10515642	10694095	-0.268368	-0.257578	-0.119656	-0.157596
Chr10	10599833	10796957	-0.598346	-0.654928	-0.282212	-0.429557
Chr10	10694111	10903391	-0.710162	-0.685793	-0.287827	-0.574532
Chr10	10797008	11011111	-0.422347	-0.214452	-0.118373	-0.287093
Chr10	10903422	11137360	-0.268590	-0.089757	-0.056147	-0.177040
Chr10	11012055	11249094	-0.329804	-0.140968	-0.079798	-0.227839
Chr10	11137374	11353339	-0.248707	-0.129770	-0.058178	-0.137150
Chr10	11249106	11450031	-0.008651	-0.003850	-0.001845	-0.004121
Chr10	11353458	11621315	0.010131	0.003650	0.002172	0.008977
Chr10	11450460	11754540	-0.290741	-0.128503	-0.066594	-0.199483
Chr10	11621364	11936827	-0.374532	-0.159644	-0.086350	-0.242309
Chr10	11754544	12034998	-0.199574	-0.077964	-0.050120	-0.113512
Chr10	11936854	12092946	-0.088932	-0.059187	-0.033992	-0.048650
Chr10	12035035	12196857	-0.003029	-0.001702	-0.000942	0.000748
Chr10	12092959	12363342	-0.255701	-0.108776	-0.060987	-0.190614
Chr10	12196863	12535762	-0.450845	-0.193809	-0.112209	-0.375417
Chr10	12363360	12715270	-0.309747	-0.147153	-0.090492	-0.243689
Chr10	12535773	12889087	-0.343011	-0.116180	-0.072920	-0.246781
Chr10	12715293	13089248	-0.390565	-0.116254	-0.065199	-0.265844
Chr10	12889160	13266316	-0.201291	-0.058025	-0.032829	-0.115374
Chr10	13089252	13436891	-0.134743	-0.032988	-0.022563	-0.074240
Chr10	13266317	13525943	-0.101781	-0.036579	-0.024657	-0.053559
Chr10	13437018	13703313	-0.343492	-0.149958	-0.087940	-0.220984
Chr10	13526003	13836934	-0.347362	-0.151772	-0.088246	-0.264178
Chr10	13703348	13986662	-0.374217	-0.211398	-0.109607	-0.290173
Chr10	13836942	14197247	-0.551689	-0.248858	-0.123673	-0.440031
Chr10	13986800	14332115	-0.647845	-0.279419	-0.138942	-0.550153
Chr10	14197248	14463525	-0.594638	-0.241173	-0.125240	-0.516416
Chr10	14332216	14586187	-0.425342	-0.146985	-0.079109	-0.306408
Chr10	14464248	14781791	-0.333594	-0.116122	-0.058777	-0.224677
Chr10	14586192	15062316	-0.267115	-0.090600	-0.047179	-0.204260
Chr10	14781796	15197147	-0.243733	-0.089168	-0.049642	-0.180893
Chr10	15062333	15367920	-0.264760	-0.105629	-0.060781	-0.188825
Chr10	15197587	15464326	-0.256711	-0.103443	-0.060699	-0.191703
Chr10	15368016	15608540	-0.157114	-0.052395	-0.033342	-0.113232
Chr10	15464338	15724887	-0.065692	-0.022149	-0.014108	-0.045209
Chr10	15608558	16472345	-0.039848	-0.018164	-0.011175	-0.025889
Chr10	15724898	16607698	-0.165899	-0.079381	-0.047496	-0.117650
Chr10	16472423	16751557	-0.215692	-0.092802	-0.048217	-0.140849
Chr10	16607784	16880792	-0.067401	-0.020542	-0.011560	-0.034916
Chr10	16751642	17076178	-0.099856	-0.031672	-0.021350	-0.064789
Chr10	16880959	17166948	-0.083836	-0.039703	-0.025356	-0.058607
Chr10	17076257	17248676	0.188061	0.148675	0.088139	0.102707
Chr10	17166960	17310964	0.089843	0.107953	0.052883	0.041618
Chr10	17248677	17408809	0.042572	0.042815	0.019701	0.019839
Chr10	17310971	17526266	-0.017865	-0.010676	-0.005478	-0.007956
Chr10	17408860	17730119	-0.098099	-0.033018	-0.019657	-0.057936
Chr10	17526379	17851913	-0.138986	-0.037524	-0.024244	-0.095668
Chr10	17730122	18024003	-0.333151	-0.091224	-0.054578	-0.268752
Chr10	17851928	18201138	-0.250973	-0.064758	-0.039529	-0.196531
Chr10	18024915	18343822	-0.111537	-0.027686	-0.018361	-0.077552
Chr10	18201142	18405996	-0.594201	-0.336189	-0.173127	-0.485811
Chr10	18343861	18597018	-0.671904	-0.501632	-0.207352	-0.523091
Chr10	18406004	18763031	-0.396828	-0.153973	-0.078148	-0.262342
Chr10	18598054	18908923	-0.207022	-0.072463	-0.038762	-0.137131
Chr10	18763120	19025640	-0.183143	-0.086064	-0.045924	-0.125207
Chr10	18908931	19175540	-0.081095	-0.031188	-0.021781	-0.061125
Chr10	19025682	19261570	0.030971	0.010835	0.007483	0.023714
Chr10	19175614	19421236	-0.272252	-0.110714	-0.062285	-0.168811
Chr10	19261572	19540712	-0.439086	-0.177754	-0.097050	-0.318565
Chr10	19421271	19668489	-0.232068	-0.068938	-0.042474	-0.182206
Chr10	19540717	19784786	-0.013097	-0.002774	-0.001771	-0.013335
Chr10	19668500	19887326	-0.102500	-0.035006	-0.021990	-0.070899
Chr10	19784828	20022262	-0.278642	-0.146451	-0.096021	-0.223944
Chr10	19887337	20095921	-0.385943	-0.235862	-0.138871	-0.286115
Chr10	20022369	20168751	-0.456473	-0.427156	-0.203183	-0.311500
Chr10	20095931	20269627	-0.221544	-0.190646	-0.082398	-0.135674
Chr10	20168887	20464488	-0.079248	-0.042144	-0.023051	-0.048171
Chr10	20269862	20554822	-0.464007	-0.269905	-0.162097	-0.320319
Chr10	20464502	20614305	-0.498101	-0.478386	-0.225695	-0.337594
Chr10	20555112	20653171	-0.371205	-0.368057	-0.170155	-0.206567
Chr10	20614399	20719479	-0.130362	-0.149079	-0.073479	-0.067704
Chr10	20653192	20763706	-0.189068	-0.334866	-0.128271	-0.113287
Chr10	20719501	20854142	-0.700496	-1.055313	-0.375663	-0.569772
Chr10	20763733	20939898	-0.867730	-1.142496	-0.424076	-0.800776
Chr10	20854172	21054606	-0.727856	-0.570353	-0.280594	-0.625180
Chr10	20939974	21162654	-0.150884	-0.055847	-0.035097	-0.111770
Chr10	21054706	21268682	-0.015370	-0.006020	-0.003617	-0.013868
Chr10	21162706	21340785	-0.011471	-0.006318	-0.003653	-0.006081
Chr10	21268684	21396937	-0.073655	-0.050087	-0.030974	-0.041193
Chr10	21340787	21465157	-0.101860	-0.073261	-0.046518	-0.067926
Chr10	21397130	21523751	0.120307	0.105267	0.062481	0.065910
Chr10	21465192	21619409	0.259784	0.186924	0.122099	0.147044
Chr10	21523829	21690368	-0.233644	-0.206802	-0.105883	-0.170115
Chr10	21619417	21763925	-0.454240	-0.385700	-0.191936	-0.343038
Chr10	21690373	21833664	-0.281263	-0.170972	-0.097765	-0.206137
Chr10	21763936	21937269	-0.423901	-0.221191	-0.127908	-0.333516
Chr10	21833677	22049862	-0.431540	-0.175791	-0.102552	-0.345737
Chr10	21937337	22174132	-0.300778	-0.119901	-0.066275	-0.210690
Chr10	22049920	22315892	-0.263344	-0.107592	-0.057437	-0.191478
Chr10	22174198	22444306	-0.372394	-0.149513	-0.079965	-0.299888
Chr10	22315963	22538040	-0.407678	-0.181140	-0.098113	-0.296324
Chr10	22444331	22846273	-0.185580	-0.063606	-0.040596	-0.120226
Chr10	22538046	22970110	0.055760	0.018693	0.013780	0.041968
Chr10	22846313	23061480	-0.222013	-0.125989	-0.082155	-0.188702
Chr10	22970144	23145153	-0.566606	-0.402389	-0.225440	-0.460019
Chr10	23061487	23237962	-0.381949	-0.201412	-0.122504	-0.276256
Chr10	23145158	23408894	-0.137163	-0.056248	-0.031405	-0.094836
Chr10	23238117	23526662	-0.516214	-0.307625	-0.149305	-0.436729
Chr10	23409366	23682029	-0.655312	-0.306866	-0.163680	-0.558346
Chr10	23527790	23812560	-0.587027	-0.223107	-0.118622	-0.482013
Chr10	23682091	24105911	-0.419552	-0.159446	-0.082387	-0.322343
Chr10	23812574	24214209	-0.343884	-0.109645	-0.056234	-0.228285
Chr10	24105919	24339814	-0.407670	-0.141866	-0.074888	-0.240389
Chr10	24214256	24432957	-0.257904	-0.110420	-0.065881	-0.154036
Chr10	24339845	24558791	-0.273582	-0.146849	-0.078177	-0.178455
Chr10	24433009	24679790	-0.274686	-0.114052	-0.065006	-0.195293
Chr10	24558900	24780509	-0.119778	-0.053927	-0.032001	-0.075672
Chr10	24679791	24903559	0.077913	0.035562	0.022995	0.049559
Chr10	24780526	24978738	-0.038043	-0.022116	-0.013438	-0.022160
Chr10	24903561	25096680	-0.128204	-0.140301	-0.061138	-0.079780
Chr10	24978850	25156814	-0.325442	-0.427758	-0.146769	-0.201297
Chr10	25096720	25268187	-0.327536	-0.234654	-0.102596	-0.238788
Chr10	25156838	25420042	-0.266695	-0.108075	-0.055588	-0.183095
Chr10	25268192	25538456	-0.305140	-0.119798	-0.066411	-0.208123
Chr10	25420139	25639508	-0.459977	-0.254334	-0.143986	-0.358591
Chr10	25538469	26005252	-0.414240	-0.138176	-0.093503	-0.320209
Chr10	25639515	26064828	-0.293673	-0.070348	-0.051581	-0.226019
Chr10	26005277	26153379	-0.557158	-0.247938	-0.127018	-0.448318
Chr10	26064852	26248780	-0.464849	-0.241391	-0.108258	-0.374270
Chr10	26153407	26342622	-0.297602	-0.123413	-0.068638	-0.212935
Chr10	26248798	26703660	-0.146551	-0.066751	-0.040677	-0.100646
Chr10	26342729	26827472	0.103552	0.053435	0.033211	0.060672
Chr10	26703663	26917902	0.030549	0.019008	0.010080	0.025434
Chr10	26827577	27029505	-0.231524	-0.128449	-0.066070	-0.147229
Chr10	26917907	27186361	-0.402788	-0.170766	-0.083098	-0.260045
Chr10	27029559	27312104	-0.423293	-0.161325	-0.089839	-0.326912
Chr10	27186390	27440727	-0.323561	-0.119696	-0.070966	-0.243986
Chr10	27312118	27524533	-0.218542	-0.080715	-0.045749	-0.150785
Chr10	27440945	27593593	-0.283017	-0.128348	-0.070076	-0.215663
Chr10	27524576	27680922	-0.213228	-0.105113	-0.059988	-0.155769
Chr10	27593621	27795656	-0.214529	-0.100280	-0.056660	-0.137881
Chr10	27680938	27924037	-0.080247	-0.038255	-0.020225	-0.045423
Chr10	27795673	28028426	-0.047836	-0.025284	-0.013481	-0.025585
Chr10	27924043	28144388	-0.141328	-0.061017	-0.035847	-0.088711
Chr10	28028645	28275132	-0.270392	-0.091909	-0.056003	-0.204421
Chr10	28144528	28412020	-0.394947	-0.113217	-0.062526	-0.258757
Chr10	28275225	28515880	-0.474068	-0.145572	-0.082328	-0.322660
Chr10	28412133	28639220	-0.550183	-0.240890	-0.134990	-0.425193
Chr10	28516026	28817478	-0.696211	-0.387611	-0.192699	-0.574626
Chr10	28639252	28943708	-0.645719	-0.262490	-0.152225	-0.529024
Chr10	28817541	29015194	-0.421720	-0.196692	-0.112204	-0.305214
Chr10	28943709	29113694	-0.256858	-0.159482	-0.078308	-0.189380
Chr10	29015209	29270009	0.001674	0.000510	0.000328	0.009496
Chr10	29113724	29445868	0.077907	0.012566	0.009328	0.073005
Chr10	29270232	29582254	0.014972	0.002818	0.001980	0.018217
Chr10	29445878	29677142	-0.325175	-0.141126	-0.071467	-0.209971
Chr10	29582262	29751945	-0.519849	-0.362643	-0.144060	-0.207597
Chr10	29677157	29855166	-0.360168	-0.205741	-0.102685	-0.171653
Chr10	29752055	29910311	-0.539718	-0.542546	-0.213434	-0.414530
Chr10	29855248	29997254	-0.436762	-0.256884	-0.132476	-0.332959
Chr10	29910315	30106442	-0.059547	-0.019030	-0.012073	-0.041681
Chr10	29997350	30198228	0.077294	0.029623	0.017594	0.056820
Chr10	30106556	30285621	-0.178271	-0.100348	-0.040772	-0.085252
Chr10	30198236	30375202	-0.399569	-0.243036	-0.085909	-0.178119
Chr10	30285670	30513234	-0.354801	-0.130051	-0.067149	-0.221864
Chr10	30375301	30624368	-0.409389	-0.150422	-0.083518	-0.295455
Chr10	30513307	30720577	-0.415536	-0.211808	-0.106156	-0.275578
Chr10	30624385	30779866	-0.539282	-0.365785	-0.187354	-0.340044
Chr10	30720614	30910537	-0.761632	-0.338979	-0.217611	-0.575734
Chr10	30780536	31104837	-0.589950	-0.168291	-0.110601	-0.454148
Chr10	30910654	31222135	-0.355568	-0.086723	-0.057046	-0.235042
Chr10	31105025	31345822	-0.436793	-0.090138	-0.066619	-0.274391
Chr10	31222150	31553329	-0.726919	-0.221132	-0.125912	-0.618409
Chr10	31345834	31696418	-0.871040	-0.428161	-0.182439	-0.834985
Chr10	31553854	31900569	-0.890268	-0.360968	-0.186838	-0.854500
Chr10	31696446	33346462	-0.786232	-0.283401	-0.166609	-0.746671
Chr10	31900691	33503770	-0.683368	-0.355462	-0.167864	-0.651323
Chr10	33346522	33740577	-0.340868	-0.161074	-0.071237	-0.312203
Chr10	33503864	34746236	-0.417508	-0.186480	-0.083583	-0.383124
Chr10	33740873	34943599	-0.761743	-0.272809	-0.145241	-0.680854
Chr10	34746238	35195090	-0.596082	-0.167381	-0.097658	-0.500928
Chr10	34943615	35343905	-0.527456	-0.173443	-0.095783	-0.440760
Chr10	35195094	35480324	-0.648315	-0.305614	-0.130231	-0.537580
Chr10	35343912	35608146	-0.517254	-0.222145	-0.104063	-0.364223
Chr10	35480342	35726712	-0.231945	-0.091625	-0.049269	-0.129887
Chr10	35608156	35905236	-0.527995	-0.266801	-0.122993	-0.375157
Chr10	35726806	36106600	-0.522520	-0.234623	-0.106586	-0.365198
Chr10	35905294	36286057	-0.383058	-0.132218	-0.056526	-0.222659
Chr10	36106632	36411857	-0.742246	-0.300459	-0.135801	-0.564479
Chr10	36286077	36607161	-0.575378	-0.247724	-0.124049	-0.480900
Chr10	36411892	36822559	-0.199374	-0.064518	-0.038130	-0.148484
Chr10	36607237	36984665	-0.215528	-0.067979	-0.043672	-0.157185
Chr10	36822667	37168035	-0.187404	-0.063811	-0.039302	-0.135136
Chr10	36984683	37324008	-0.269077	-0.096471	-0.055978	-0.198315
Chr10	37168103	37449315	-0.119316	-0.043879	-0.025567	-0.086091
Chr10	37324010	37554589	-0.224205	-0.106593	-0.059124	-0.166463
Chr10	37449322	37628658	-0.733676	-0.547505	-0.256570	-0.613698
Chr10	37554590	37705436	-0.635257	-0.500771	-0.236005	-0.422391
Chr10	37628755	37785717	-0.210822	-0.124170	-0.068026	-0.103859
Chr10	37706138	37883573	-0.243558	-0.129364	-0.072254	-0.142953
Chr10	37785733	37944348	-0.175865	-0.125700	-0.067487	-0.112572
Chr10	37883597	37983561	-0.155876	-0.196354	-0.102371	-0.099314
Chr10	37944357	38043869	-0.053380	-0.076323	-0.039663	-0.035838
Chr10	37983597	38131771	-0.004233	-0.004532	-0.002582	-0.004615
Chr10	38043870	38184412	-0.201896	-0.229708	-0.121847	-0.119978
Chr10	38131782	38256558	-0.164940	-0.188766	-0.088798	-0.104899
Chr10	38184443	38308841	-0.086223	-0.097657	-0.043780	-0.053501
Chr10	38256559	38356831	-0.130222	-0.109771	-0.063098	-0.081095
Chr10	38308855	38433443	-0.342402	-0.263697	-0.154961	-0.252412
Chr10	38356836	38520821	-0.333605	-0.270724	-0.154657	-0.251880
Chr10	38433500	38595610	-0.122524	-0.098655	-0.055480	-0.075927
Chr10	38520824	38690658	-0.132002	-0.132414	-0.062283	-0.071788
Chr10	38597297	38787667	-0.273994	-0.235653	-0.099787	-0.163913
Chr10	38690951	38866203	-0.357472	-0.240372	-0.116040	-0.232717
Chr10	38787683	38915795	-0.211657	-0.136608	-0.077658	-0.096285
Chr10	38866206	38981252	-0.246232	-0.225915	-0.123956	-0.125739
Chr10	38915863	39063267	-0.292379	-0.207875	-0.132240	-0.188838
Chr10	38981393	39130488	-0.192074	-0.108096	-0.076124	-0.116130
Chr10	39063293	39223766	-0.249814	-0.219441	-0.122690	-0.154857
Chr10	39130496	39307227	-0.217509	-0.255169	-0.130306	-0.142392
Chr10	39223770	39405394	-0.160200	-0.160885	-0.090387	-0.102274
Chr10	39307378	39489407	-0.222317	-0.220021	-0.112043	-0.136751
Chr10	39405468	39682249	-0.282178	-0.305833	-0.141756	-0.171778
Chr10	39489416	39832515	-0.210685	-0.226760	-0.108646	-0.116365
Chr10	39682313	39927331	0.063354	0.065104	0.034950	0.040229
Chr10	39832528	40071693	0.036005	0.041355	0.021596	0.025777
Chr10	39927395	40169281	-0.113297	-0.147291	-0.072280	-0.061509
Chr10	40071715	40256447	-0.229876	-0.404722	-0.125198	-0.110616
Chr10	40169345	40359409	-0.304155	-0.490064	-0.166225	-0.165014
Chr10	40256706	40429242	-0.098144	-0.083351	-0.042670	-0.053894
Chr10	40359546	40516185	-0.013417	-0.007293	-0.004160	-0.007668
Chr10	40429269	40703187	-0.117029	-0.067820	-0.037669	-0.067992
Chr10	40516258	40813385	-0.152427	-0.121542	-0.064339	-0.093475
Chr10	40703297	40918094	-0.312279	-0.229460	-0.119275	-0.189895
Chr10	40813402	40982483	-0.426254	-0.325774	-0.129192	-0.202557
Chr10	40918101	41097883	-0.166257	-0.091843	-0.038914	-0.072898
Chr10	40982558	41212989	0.349929	0.123460	0.074187	0.205771
Chr10	41097940	41317004	0.351259	0.132010	0.085555	0.217911
Chr10	41212992	41414463	-0.121657	-0.072221	-0.038122	-0.074506
Chr10	41317081	41466559	-0.205435	-0.181228	-0.090594	-0.122330
Chr10	41414633	41526030	0.010390	0.012272	0.006344	0.003769
Chr10	41466583	41585797	-0.050023	-0.070043	-0.020252	-0.030976
Chr10	41526055	41667622	0.046342	0.032484	0.014346	0.020954
Chr10	41585811	41751773	0.030436	0.019378	0.011641	0.017220
Chr10	41667623	41837449	-0.056929	-0.033913	-0.020464	-0.032057
Chr10	41751781	41951442	-0.061090	-0.020962	-0.013198	-0.040811
Chr10	41837491	42079132	-0.492234	-0.209163	-0.106706	-0.383365
Chr10	41951451	42160672	-0.760861	-0.564767	-0.205329	-0.621281
Chr10	42079142	42292444	-0.549725	-0.356610	-0.152375	-0.427868
Chr10	42160712	42384867	-0.158665	-0.077914	-0.041979	-0.108251
Chr10	42293234	42469610	-0.107627	-0.061879	-0.033846	-0.067388
Chr10	42384879	42568337	-0.132419	-0.076995	-0.041454	-0.080661
Chr10	42469740	42703921	0.123775	0.062596	0.029438	0.048139
Chr10	42568449	42817662	0.083426	0.034812	0.018552	0.029702
Chr10	42704496	42981363	-0.071362	-0.039654	-0.024404	-0.043302
Chr10	42817663	43051346	0.406085	0.281189	0.209271	0.304088
Chr10	42981424	43151551	0.555092	0.325073	0.240318	0.422688
Chr10	43051383	43242519	0.442590	0.231601	0.148514	0.313404
Chr10	43151564	43358056	0.149299	0.078115	0.046627	0.093571
Chr10	43242562	43487052	-0.137646	-0.067764	-0.037801	-0.081337
Chr10	43358121	43573047	0.037368	0.019302	0.010339	0.017942
Chr10	43487060	43625107	-0.257575	-0.232179	-0.098878	-0.157559
Chr10	43573079	43771668	-0.439344	-0.425940	-0.166877	-0.291926
Chr10	43625164	43837241	-0.325433	-0.273324	-0.117040	-0.209425
Chr10	43771720	43965056	-0.327887	-0.305491	-0.132299	-0.195364
Chr10	43837295	44078198	-0.202162	-0.110167	-0.059856	-0.093359
Chr10	43965131	44213451	-0.103462	-0.036724	-0.023188	-0.051051
Chr10	44078220	44331102	-0.153208	-0.063812	-0.036124	-0.090371
Chr10	44213461	44434185	-0.199839	-0.094277	-0.051110	-0.131305
Chr10	44331154	44605736	-0.102626	-0.040103	-0.026206	-0.074334
Chr10	44434272	45005315	-0.042988	-0.013785	-0.009256	-0.025067
Chr10	44605762	45095856	0.001979	0.000594	0.000387	0.003015
Chr10	45005521	45191179	0.252599	0.089099	0.055824	0.180227
Chr10	45096001	45339058	0.121625	0.038661	0.025395	0.089419
Chr10	45191199	45416423	-0.188061	-0.072325	-0.043707	-0.141861
Chr10	45339150	45549423	-0.055269	-0.028319	-0.016372	-0.048789
Chr10	45416433	45640699	-0.008733	-0.004696	-0.002991	-0.009395
Chr10	45549467	45815777	0.007570	0.004733	0.002767	-0.000059
Chr10	45640743	46059510	0.060480	0.035582	0.020721	0.031311
Chr10	45815791	46151737	-0.045098	-0.032318	-0.018125	-0.030221
Chr10	46059521	46348590	-0.078691	-0.064017	-0.037178	-0.057546
Chr10	46151761	46425628	-0.108541	-0.093411	-0.054747	-0.060625
Chr10	46348638	46485818	0.053064	0.048852	0.030133	0.025894
Chr10	46425666	46593094	0.125012	0.092571	0.061183	0.072202
Chr10	46485822	46706102	0.073862	0.053224	0.035370	0.050977
Chr10	46593155	46761234	0.043235	0.043356	0.023135	0.032090
Chr10	46706114	46845753	0.026022	0.026085	0.013346	0.015610
Chr10	46761334	46945187	-0.024322	-0.011738	-0.008430	-0.016262
Chr10	46845758	47085151	-0.162925	-0.082836	-0.052093	-0.089443
Chr10	46945296	47169237	-0.356273	-0.227307	-0.124676	-0.183870
Chr10	47086012	47256809	-0.258200	-0.160640	-0.099024	-0.133496
Chr10	47169262	47462099	0.066888	0.050689	0.028804	0.033574
Chr10	47256830	47824876	-0.013469	-0.009026	-0.005085	-0.012789
Chr10	47462100	47986194	-0.033312	-0.022079	-0.013299	-0.022336
Chr10	47824955	48049834	-0.016836	-0.012409	-0.008153	-0.009425
Chr10	47986220	48105225	-0.180929	-0.208921	-0.114896	-0.101975
Chr10	48049853	48219355	-0.148587	-0.208542	-0.103028	-0.085319
Chr10	48106069	48532199	-0.025357	-0.021784	-0.011708	-0.012835
Chr10	48219369	48647572	-0.026842	-0.022034	-0.011675	-0.011752
Chr10	48532505	49017991	0.136728	0.090787	0.052035	0.086283
Chr10	48647635	49049971	0.172225	0.121411	0.068553	0.108828
Chr10	49018227	49119092	0.047734	0.062102	0.031956	0.024404
Chr10	49050015	49180672	-0.009289	-0.013710	-0.007042	-0.004200
Chr10	49119127	49299994	0.041843	0.074847	0.021803	0.014880
Chr10	49180690	49385958	0.123000	0.125396	0.044950	0.037337
Chr10	49299999	49469352	-0.019600	-0.016504	-0.008245	-0.008043
Chr10	49386141	49501352	-0.083139	-0.110275	-0.046047	-0.040187
Chr10	49469357	49563427	-0.028705	-0.045727	-0.017605	-0.018946
Chr10	49501363	49628161	-0.111687	-0.131555	-0.054342	-0.085611
Chr10	49563480	49718288	-0.201476	-0.186100	-0.074455	-0.124813
Chr10	49628276	49793050	-0.170554	-0.148194	-0.061042	-0.093094
Chr10	49718341	49831423	-0.056498	-0.072129	-0.031510	-0.030230
Chr10	49793084	49886565	0.092463	0.141729	0.059884	0.047357
Chr10	49831463	49962336	0.076621	0.091246	0.044300	0.041014
Chr10	49886595	50010033	-0.044158	-0.062358	-0.029725	-0.025828
Chr10	49962341	50157623	-0.164148	-0.201012	-0.086558	-0.091901
Chr10	50010055	50217608	-0.103464	-0.095743	-0.040952	-0.058786
Chr10	50157648	50277219	-0.046906	-0.047881	-0.019402	-0.023511
Chr10	50217631	50332780	-0.107906	-0.138103	-0.049424	-0.045839
Chr10	50277237	50376152	-0.072382	-0.084680	-0.032150	-0.024982
Chr10	50332788	50469845	-0.009024	-0.010311	-0.004864	0.003892
Chr10	50376190	50562862	-0.009396	-0.009961	-0.005000	-0.002014
Chr10	50469878	50633259	-0.059068	-0.047551	-0.027630	-0.038042
Chr10	50562882	50805849	-0.069041	-0.047723	-0.030314	-0.040493
Chr10	50633267	50870611	-0.154222	-0.111481	-0.069906	-0.087933
Chr10	50805852	50931377	-0.235574	-0.186050	-0.114737	-0.134368
Chr10	50870635	50985950	-0.209347	-0.205806	-0.116914	-0.114094
Chr10	50931727	51050027	-0.151096	-0.139361	-0.083303	-0.088632
Chr10	50985964	51116765	-0.240937	-0.123875	-0.088439	-0.164703
Chr10	51050044	51233255	-0.379961	-0.193114	-0.130628	-0.274517
Chr10	51116766	51292289	-0.290642	-0.224982	-0.127871	-0.202423
Chr10	51233260	51500367	-0.006461	-0.003565	-0.002241	-0.009808
Chr10	51292377	51566352	0.019972	0.010099	0.006446	0.005339
Chr10	51500415	51644051	-0.137731	-0.136131	-0.067338	-0.078686
Chr10	51566361	51742846	-0.108368	-0.081077	-0.047405	-0.055718
Chr10	51644071	51933099	-0.055780	-0.042581	-0.024453	-0.024717
Chr10	51742863	52008149	-0.048976	-0.054784	-0.021479	-0.026657
Chr10	51933107	52091493	0.008436	0.011128	0.004258	0.002276
Chr10	52008163	52325892	0.014854	0.017521	0.009028	0.006175
Chr10	52091515	52481142	0.053878	0.055434	0.030852	0.030643
Chr10	52325918	52632028	0.133197	0.121758	0.068041	0.078862
Chr10	52481153	52964268	0.132680	0.108777	0.064019	0.072958
Chr10	52632117	53087578	0.091869	0.082446	0.044910	0.050739
Chr10	52964323	53145796	0.006368	0.007017	0.003538	0.004080
Chr10	53087583	53244448	-0.003240	-0.004265	-0.002291	-0.002065
Chr10	53145807	53373629	0.018913	0.021981	0.011555	0.007423
Chr10	53244468	53519498	0.001196	0.001436	0.000658	-0.002324
Chr10	53373675	53597047	0.093274	0.110239	0.055181	0.050857
Chr10	53519504	53674556	0.199307	0.201556	0.124515	0.110882
Chr10	53597103	53744012	0.174867	0.210512	0.118017	0.093881
Chr10	53674561	53822930	0.101761	0.128960	0.055160	0.050382
Chr10	53744027	53893273	0.106215	0.127017	0.051689	0.050825
Chr10	53822933	53943578	0.260060	0.403081	0.197605	0.143436
Chr10	53893334	54010962	0.165415	0.325513	0.142598	0.086768
Chr10	53943587	54048983	-0.032853	-0.081923	-0.030445	-0.017097
Chr10	54011056	54212908	0.036845	0.046495	0.024562	0.019957
Chr10	54048995	54293404	0.053681	0.049839	0.029309	0.029227
Chr10	54213045	54344675	-0.064626	-0.079575	-0.045481	-0.038259
Chr10	54293431	54398629	-0.158286	-0.222498	-0.122704	-0.093105
Chr10	54344727	54470835	-0.093051	-0.122069	-0.068741	-0.055431
Chr10	54398665	54571068	0.036577	0.044370	0.022198	0.018769
Chr10	54470950	54645006	0.185122	0.169046	0.096482	0.092453
Chr10	54571074	55425171	0.193086	0.119373	0.077360	0.105146
Chr10	54645012	55535734	0.223730	0.126244	0.090151	0.115289
Chr10	55425182	55636458	0.363823	0.260250	0.206419	0.188477
Chr10	55535750	55718387	0.233565	0.232413	0.163706	0.123573
Chr10	55636463	55821816	0.098844	0.126435	0.068142	0.051144
Chr10	55718391	56080576	0.130329	0.117759	0.068023	0.067875
Chr10	55821819	56594793	0.139652	0.101367	0.067106	0.072622
Chr10	56080608	56638229	0.226436	0.173075	0.125034	0.124499
Chr10	56594811	56740349	0.198076	0.201629	0.131961	0.104695
Chr10	56638331	56824708	-0.047170	-0.065204	-0.030528	-0.022366
Chr10	56740427	56883265	-0.087365	-0.113185	-0.054139	-0.043680
Chr10	56824767	57106112	-0.070151	-0.060960	-0.033815	-0.036914
Chr10	56883270	57251180	-0.010687	-0.008367	-0.004572	-0.000273
Chr10	57106120	57335456	0.143566	0.130100	0.076358	0.078845
Chr10	57251211	57572516	0.061553	0.049494	0.024120	0.029568
Chr10	57335615	57744548	0.120818	0.083738	0.041851	0.068357
Chr10	57572741	57806584	0.114873	0.103103	0.057274	0.069060
Chr10	57744556	57844441	-0.060853	-0.112946	-0.054415	-0.031122
Chr10	57806590	57936074	0.014495	0.018429	0.009775	0.013579
Chr10	57844447	58007670	0.010201	0.008430	0.004735	0.007382
Chr10	57936163	58141219	-0.034539	-0.024667	-0.016568	-0.023004
Chr10	58007699	58198088	-0.196262	-0.185186	-0.108861	-0.131707
Chr10	58141224	58252342	-0.307312	-0.434772	-0.181099	-0.180147
Chr10	58198145	58298356	-0.227175	-0.271028	-0.143419	-0.134218
Chr10	58252430	58369998	-0.319544	-0.422430	-0.215117	-0.213642
Chr10	58298364	58520525	-0.293664	-0.324156	-0.141225	-0.190360
Chr11	175993	372365	-0.592411	-0.358844	-0.222585	-0.433374
Chr11	263959	560909	-0.514074	-0.191443	-0.136054	-0.411981
Chr11	372491	716840	-0.224826	-0.071941	-0.052493	-0.169684
Chr11	561333	825504	-0.250775	-0.109002	-0.077314	-0.195144
Chr11	716865	960696	-0.206393	-0.073576	-0.054186	-0.147441
Chr11	825760	1092391	-0.238611	-0.082886	-0.057490	-0.148705
Chr11	960715	1191608	-0.164888	-0.072327	-0.045600	-0.108813
Chr11	1092456	1361482	-0.090883	-0.034726	-0.022845	-0.063579
Chr11	1191911	1467773	-0.100549	-0.032128	-0.023478	-0.066537
Chr11	1361514	1589811	-0.186155	-0.098610	-0.056627	-0.104107
Chr11	1467889	1787727	-0.128225	-0.125731	-0.053243	-0.065636
Chr11	1590032	1972528	-0.149392	-0.082345	-0.049937	-0.089038
Chr11	1787757	2095197	-0.332099	-0.142573	-0.091696	-0.214971
Chr11	1972591	2232301	-0.372131	-0.135822	-0.089297	-0.182815
Chr11	2095306	2323196	-0.288106	-0.116337	-0.075443	-0.139709
Chr11	2232307	2426792	-0.173901	-0.082102	-0.054808	-0.116564
Chr11	2323417	2532479	-0.001019	-0.000402	-0.000289	-0.004595
Chr11	2426859	2605712	-0.192789	-0.103150	-0.067239	-0.116759
Chr11	2532530	2693926	-0.357341	-0.341257	-0.176274	-0.226736
Chr11	2605718	2779770	-0.143495	-0.167530	-0.084238	-0.078494
Chr11	2694288	2842377	-0.087048	-0.088562	-0.050475	-0.042808
Chr11	2779823	2898728	-0.027085	-0.019224	-0.013017	-0.011987
Chr11	2842395	2998680	0.113096	0.066207	0.045178	0.057493
Chr11	2898779	3071756	-0.004678	-0.002892	-0.001872	-0.006235
Chr11	2998693	3161934	-0.138260	-0.109920	-0.069450	-0.081898
Chr11	3071760	3246928	-0.222299	-0.240993	-0.117446	-0.136552
Chr11	3161967	3498931	-0.236460	-0.289539	-0.113672	-0.133737
Chr11	3246934	3678911	0.043610	0.027793	0.016078	0.020293
Chr11	3499046	3739821	0.188565	0.103449	0.069932	0.113859
Chr11	3678971	3830202	0.094161	0.072511	0.047354	0.049725
Chr11	3739836	3917857	0.012202	0.009589	0.006285	0.006879
Chr11	3830213	3970650	0.044766	0.038576	0.024407	0.024094
Chr11	3917860	4039125	0.083208	0.082289	0.050224	0.040522
Chr11	3970754	4103981	-0.109090	-0.095160	-0.055959	-0.063001
Chr11	4039146	4147719	-0.149764	-0.183661	-0.087394	-0.091617
Chr11	4104005	4209819	-0.162937	-0.296650	-0.105759	-0.088880
Chr11	4147791	4315125	-0.116372	-0.073744	-0.048611	-0.070719
Chr11	4209858	4406383	-0.033659	-0.015309	-0.012034	-0.023005
Chr11	4315225	4490347	-0.157586	-0.106052	-0.076726	-0.109391
Chr11	4406416	4592755	-0.194798	-0.118539	-0.081775	-0.131392
Chr11	4490354	4678872	0.004499	0.002179	0.001391	0.003092
Chr11	4592835	4774416	0.154594	0.081910	0.048196	0.093715
Chr11	4678975	4866930	-0.286840	-0.171662	-0.086995	-0.199626
Chr11	4774433	4997983	-0.648452	-0.492223	-0.201503	-0.520518
Chr11	4866935	5108185	-0.566243	-0.455102	-0.188575	-0.387647
Chr11	4999993	5218468	-0.112150	-0.086724	-0.047625	-0.061356
Chr11	5108206	5295605	-0.251281	-0.210188	-0.103154	-0.157608
Chr11	5218476	5397711	-0.193960	-0.136765	-0.074366	-0.114504
Chr11	5295769	5663743	-0.066083	-0.032461	-0.022277	-0.037625
Chr11	5397713	5819743	-0.168751	-0.069546	-0.043442	-0.109835
Chr11	5663870	5955580	-0.126806	-0.058366	-0.034226	-0.082553
Chr11	5819805	6049702	-0.159034	-0.081430	-0.048574	-0.091675
Chr11	5955595	6185287	-0.179853	-0.097879	-0.050123	-0.122079
Chr11	6049853	6394682	-0.083875	-0.055436	-0.022263	-0.057625
Chr11	6185364	6555254	-0.091908	-0.056078	-0.023262	-0.052191
Chr11	6394684	6709354	-0.162244	-0.057109	-0.033131	-0.096164
Chr11	6555256	6858948	0.084618	0.021038	0.015649	0.058709
Chr11	6711367	7105079	0.028674	0.008379	0.005816	0.015663
Chr11	6859037	7241839	-0.141557	-0.061559	-0.035114	-0.113338
Chr11	7105149	7371803	-0.114809	-0.041004	-0.027476	-0.089838
Chr11	7241935	7450607	-0.289887	-0.095732	-0.069606	-0.215357
Chr11	7371812	7530085	-0.337001	-0.165242	-0.116557	-0.249174
Chr11	7450610	7690375	-0.263791	-0.128792	-0.088807	-0.161546
Chr11	7530110	7832806	-0.175334	-0.052745	-0.036887	-0.100780
Chr11	7690500	7976865	-0.123744	-0.039502	-0.025325	-0.076794
Chr11	7832819	8073037	0.379625	0.150108	0.108262	0.284951
Chr11	7976894	8331759	0.552086	0.184103	0.142214	0.411240
Chr11	8073048	8394075	-0.142306	-0.072996	-0.044327	-0.094212
Chr11	8331855	8512995	-0.380671	-0.322415	-0.155065	-0.261788
Chr11	8394108	8727477	-0.374529	-0.223715	-0.106409	-0.229912
Chr11	8513008	8840745	-0.234004	-0.106631	-0.054134	-0.137958
Chr11	8727530	8976131	-0.442114	-0.195532	-0.096324	-0.313257
Chr11	8840778	9150527	-0.543597	-0.285970	-0.132480	-0.397671
Chr11	8976160	9286611	-0.281963	-0.132472	-0.069891	-0.186253
Chr11	9150555	9359829	-0.252152	-0.123390	-0.071780	-0.171831
Chr11	9286674	9437061	-0.285126	-0.150779	-0.092836	-0.183809
Chr11	9359852	9531778	-0.320621	-0.128494	-0.080574	-0.180925
Chr11	9437087	9610996	-0.572899	-0.359445	-0.196233	-0.407167
Chr11	9531823	9651613	-0.574557	-0.651415	-0.295474	-0.419277
Chr11	9610997	9763636	-0.337459	-0.198925	-0.120228	-0.207486
Chr11	9651823	9893019	-0.246222	-0.121237	-0.079300	-0.170510
Chr11	9763650	9970017	-0.167727	-0.091350	-0.059153	-0.113232
Chr11	9893067	10160167	-0.305817	-0.095739	-0.060439	-0.213206
Chr11	9970073	10360108	-0.410609	-0.138489	-0.083265	-0.285161
Chr11	10160210	10659811	-0.250990	-0.144602	-0.073912	-0.132543
Chr11	10360113	10738082	-0.252512	-0.155788	-0.079519	-0.135965
Chr11	10659843	10804980	-0.276599	-0.142002	-0.084869	-0.159224
Chr11	10738151	10960191	-0.386030	-0.180462	-0.117075	-0.242408
Chr11	10805025	11071513	-0.329054	-0.165904	-0.095764	-0.234756
Chr11	10960283	11164422	-0.240836	-0.136039	-0.069293	-0.175010
Chr11	11071514	11260595	-0.293157	-0.144044	-0.079656	-0.204719
Chr11	11164447	11403891	-0.099538	-0.044497	-0.027833	-0.064584
Chr11	11260735	11484691	-0.007600	-0.004911	-0.002993	-0.004851
Chr11	11403896	11575827	-0.092856	-0.060569	-0.032646	-0.058036
Chr11	11484758	11651282	-0.015952	-0.012079	-0.006401	-0.011988
Chr11	11575839	11768549	-0.042270	-0.050503	-0.023612	-0.025503
Chr11	11652091	11843116	-0.249529	-0.298577	-0.125641	-0.142022
Chr11	11773232	12011889	-0.184823	-0.198273	-0.076351	-0.105641
Chr11	11843183	12063892	0.014691	0.015494	0.005858	0.008943
Chr11	12011903	12359431	0.104056	0.058170	0.030520	0.060225
Chr11	12064131	12446130	0.006291	0.003595	0.001969	0.005797
Chr11	12359463	12517136	-0.120519	-0.090540	-0.057118	-0.074751
Chr11	12446328	12667952	0.024613	0.012219	0.006990	0.012183
Chr11	12517216	12754483	-0.120227	-0.057628	-0.033485	-0.058142
Chr11	12667955	12820621	-0.197996	-0.138085	-0.086487	-0.107145
Chr11	12754522	12914152	-0.149588	-0.116858	-0.068751	-0.064080
Chr11	12820655	13064017	-0.092530	-0.054215	-0.032047	-0.049445
Chr11	12914299	13248597	0.108618	0.048716	0.033413	0.076488
Chr11	13064191	13351104	-0.072908	-0.038142	-0.026872	-0.050624
Chr11	13248606	13408427	-0.238429	-0.223120	-0.128183	-0.160554
Chr11	13351110	13518377	0.010782	0.010112	0.005552	0.006444
Chr11	13408443	13611814	0.227065	0.138607	0.081762	0.148740
Chr11	13518403	13714429	0.202044	0.111846	0.063731	0.143449
Chr11	13611819	13796435	-0.018563	-0.015371	-0.007368	-0.015054
Chr11	13714443	13876089	0.059677	0.071705	0.034591	0.031857
Chr11	13796442	13947570	0.204187	0.190092	0.118743	0.112758
Chr11	13876102	14075654	0.198960	0.086651	0.069305	0.114251
Chr11	13947581	14161810	0.621207	0.158128	0.146601	0.491058
Chr11	14075902	14279725	0.878484	0.203751	0.196758	0.804453
Chr11	14161845	14358607	0.380364	0.128102	0.108114	0.256504
Chr11	14279763	14442634	-0.280244	-0.166631	-0.099376	-0.167148
Chr11	14358684	14513471	-0.296259	-0.175663	-0.098110	-0.184883
Chr11	14442672	14619406	-0.106948	-0.059407	-0.032127	-0.065616
Chr11	14513473	14731048	-0.148923	-0.078730	-0.043322	-0.092906
Chr11	14619466	14795816	-0.340267	-0.245557	-0.135296	-0.215012
Chr11	14731057	14862165	-0.153169	-0.177764	-0.093655	-0.091122
Chr11	14795819	14922336	0.202632	0.186965	0.087906	0.096892
Chr11	14862309	14997876	0.093068	0.094294	0.028439	0.031609
Chr11	14922362	15072086	-0.133104	-0.085393	-0.033062	-0.048490
Chr11	14997902	15162869	-0.122634	-0.056839	-0.032012	-0.056646
Chr11	15072111	15307458	-0.026319	-0.011453	-0.007496	-0.013210
Chr11	15162923	15419817	-0.353282	-0.242788	-0.104429	-0.179721
Chr11	15307622	15489067	-0.417055	-0.400913	-0.118341	-0.204804
Chr11	15419894	15579838	-0.062295	-0.053594	-0.019363	-0.027555
Chr11	15489085	15766160	-0.012380	-0.013478	-0.005869	-0.007255
Chr11	15579936	15874963	-0.075765	-0.087926	-0.041967	-0.040009
Chr11	15766164	15940772	-0.017206	-0.018705	-0.009985	-0.011480
Chr11	15875014	16020109	0.137872	0.162741	0.098179	0.074619
Chr11	15940790	16073664	0.303039	0.357342	0.234269	0.191432
Chr11	16020142	16121973	0.223489	0.292059	0.195615	0.140346
Chr11	16073680	16200422	-0.064200	-0.116134	-0.050812	-0.036418
Chr11	16122069	16271769	-0.181603	-0.353863	-0.118986	-0.105294
Chr11	16200590	16392638	-0.080341	-0.107318	-0.050889	-0.043159
Chr11	16272020	16508021	0.146746	0.131165	0.070904	0.065971
Chr11	16392695	16539012	0.057720	0.073909	0.035032	0.028432
Chr11	16508041	16598741	-0.070918	-0.145843	-0.066549	-0.039446
Chr11	16539042	16777208	-0.051405	-0.052994	-0.026939	-0.029004
Chr11	16598748	17009331	-0.075062	-0.054579	-0.029258	-0.038885
Chr11	16777336	17062953	-0.139193	-0.127312	-0.069272	-0.076121
Chr11	17009354	17177930	-0.177516	-0.242219	-0.119241	-0.102197
Chr11	17062972	17285035	-0.104004	-0.100088	-0.053041	-0.060538
Chr11	17177932	17356848	-0.192731	-0.168077	-0.091004	-0.117151
Chr11	17285118	17444469	-0.316572	-0.248385	-0.125685	-0.204135
Chr11	17356875	17547519	-0.271407	-0.135948	-0.082161	-0.173064
Chr11	17444481	17783484	-0.081835	-0.035731	-0.022581	-0.047719
Chr11	17547524	17827807	-0.056956	-0.039266	-0.020882	-0.026797
Chr11	17783496	17921215	-0.248952	-0.241618	-0.124476	-0.139729
Chr11	17827841	18003254	-0.474735	-0.357544	-0.185892	-0.331250
Chr11	17921240	18104197	-0.553007	-0.309679	-0.178469	-0.386374
Chr11	18003306	18286257	-0.457978	-0.189954	-0.119915	-0.296983
Chr11	18104225	18372773	-0.311207	-0.159394	-0.086399	-0.193743
Chr11	18286259	18480616	-0.320916	-0.168911	-0.076183	-0.205253
Chr11	18372860	18581851	-0.411990	-0.180717	-0.091617	-0.279076
Chr11	18481767	18659591	-0.457860	-0.249334	-0.136209	-0.305197
Chr11	18581876	18761431	-0.222322	-0.142695	-0.070316	-0.139751
Chr11	18659619	18958401	0.078977	0.047089	0.023800	0.049644
Chr11	18761513	19207886	-0.027325	-0.012229	-0.007161	-0.014017
Chr11	18958431	19335118	-0.224341	-0.080956	-0.045209	-0.147405
Chr11	19207895	19458466	-0.509534	-0.224424	-0.103651	-0.346234
Chr11	19335148	19595238	-0.684799	-0.416220	-0.163765	-0.488518
Chr11	19458485	19721535	-0.389318	-0.220634	-0.098048	-0.294148
Chr11	19595357	19863138	0.247146	0.106693	0.059002	0.171787
Chr11	19721558	20019826	0.396394	0.138157	0.083869	0.284473
Chr11	19863177	20397671	-0.132158	-0.040574	-0.012791	-0.108399
Chr11	20019988	20544922	-0.298808	-0.119201	-0.040150	-0.254619
Chr11	20397745	20600311	-0.296189	-0.174935	-0.111411	-0.192374
Chr11	20545116	20670067	-0.210018	-0.132840	-0.078762	-0.097219
Chr11	20600419	20758571	-0.386937	-0.278636	-0.147744	-0.232888
Chr11	20670188	20869170	-0.431090	-0.494761	-0.198892	-0.260636
Chr11	20758583	20962578	-0.301997	-0.414929	-0.150393	-0.166237
Chr11	20869716	21008113	-0.248169	-0.261100	-0.130980	-0.143970
Chr11	20962587	21047483	-0.221658	-0.227996	-0.139883	-0.137210
Chr11	21008277	21299758	-0.284892	-0.305029	-0.147805	-0.172008
Chr11	21047485	21461156	-0.344572	-0.344917	-0.143432	-0.169298
Chr11	21299786	21644769	-0.253255	-0.235811	-0.117980	-0.119838
Chr11	21461336	21892497	-0.291478	-0.218617	-0.105016	-0.166099
Chr11	21644810	22067921	-0.093681	-0.037650	-0.018232	-0.047640
Chr11	21892524	22189383	-0.115556	-0.045277	-0.020163	-0.062666
Chr11	22068014	22310210	-0.268886	-0.127569	-0.064083	-0.170738
Chr11	22189441	22396397	-0.250245	-0.104942	-0.062610	-0.172416
Chr11	22310435	22541594	-0.233356	-0.091946	-0.051510	-0.164826
Chr11	22396502	22690606	-0.335917	-0.140831	-0.072639	-0.251641
Chr11	22541692	22828466	-0.618616	-0.388503	-0.161869	-0.509003
Chr11	22690649	23244152	-0.692692	-0.451626	-0.179986	-0.549634
Chr11	22828486	23513780	-0.516645	-0.158986	-0.092821	-0.377035
Chr11	23244203	23671783	-0.100805	-0.016580	-0.013035	-0.061952
Chr11	23513964	23742429	0.082714	0.017499	0.014185	0.047388
Chr11	23671790	23869342	-0.012909	-0.005653	-0.003744	-0.006273
Chr11	23742702	24046661	0.036199	0.017083	0.009542	0.018670
Chr11	23869491	24209164	0.035592	0.012911	0.007394	0.017705
Chr11	24046753	24347753	0.136819	0.041797	0.029354	0.084678
Chr11	24209197	24449295	0.104384	0.039897	0.027861	0.063483
Chr11	24347894	24549502	-0.274470	-0.149052	-0.081257	-0.177280
Chr11	24449298	24657659	-0.313924	-0.163676	-0.091508	-0.234414
Chr11	24554806	24864440	0.052628	0.017046	0.010749	0.047998
Chr11	24657683	25000365	0.363691	0.104765	0.063427	0.295033
Chr11	24864586	25113037	0.098853	0.040170	0.021340	0.075560
Chr11	25000437	25166163	-0.301758	-0.170952	-0.083252	-0.171437
Chr11	25113078	25280431	-0.357333	-0.192458	-0.101729	-0.202350
Chr11	25166281	25362866	-0.564763	-0.400902	-0.206288	-0.429696
Chr11	25280447	25460002	-0.404416	-0.308320	-0.171800	-0.256888
Chr11	25362873	25530582	0.082768	0.050964	0.034244	0.040363
Chr11	25460191	25626909	0.065249	0.048927	0.029726	0.035201
Chr11	25530610	25715626	-0.062656	-0.040236	-0.025575	-0.034479
Chr11	25626959	25811942	-0.198177	-0.134163	-0.082717	-0.132689
Chr11	25715895	25909260	-0.398431	-0.264129	-0.144110	-0.262078
Chr11	25811989	26131974	-0.511356	-0.302603	-0.162738	-0.338916
Chr11	25909264	26172593	-0.317063	-0.202402	-0.097321	-0.199109
Chr11	26131991	26296182	-0.180539	-0.070946	-0.037992	-0.093158
Chr11	26172612	26429233	0.148132	0.052163	0.032453	0.078975
Chr11	26296198	26767358	0.412717	0.211012	0.104487	0.277896
Chr11	26429241	26869031	0.131972	0.064319	0.031823	0.081437
Chr11	26767359	27012032	-0.359190	-0.186921	-0.096887	-0.230203
Chr11	26869070	27158621	-0.599399	-0.418910	-0.169164	-0.487377
Chr11	27012119	27299488	-0.688704	-0.589497	-0.234797	-0.602719
Chr11	27158824	27416858	-0.652766	-0.580866	-0.245432	-0.534792
Chr11	27299509	27560292	-0.661877	-0.629675	-0.219441	-0.501257
Chr11	27417079	27631600	-0.562928	-0.450736	-0.185258	-0.410615
Chr11	27560312	27810717	-0.346957	-0.147754	-0.093181	-0.230067
Chr11	27631865	27868657	-0.100521	-0.042547	-0.028071	-0.064461
Chr11	27810722	28039360	0.067236	0.024965	0.015902	0.045685
Chr11	27868876	28194365	-0.011583	-0.003877	-0.002414	-0.007833
Chr11	28039361	28473789	-0.133146	-0.050653	-0.028938	-0.095372
Chr11	28194457	28656569	-0.202054	-0.079150	-0.042958	-0.166732
Chr11	28476487	28859336	-0.253232	-0.094776	-0.052705	-0.202767
Chr11	28656653	28967853	-0.304875	-0.114638	-0.062395	-0.239800
Chr11	28859356	29091608	-0.386555	-0.117018	-0.070522	-0.299349
Chr11	28967908	29230448	-0.576175	-0.161904	-0.097757	-0.444189
Chr11	29091635	29445637	-0.562193	-0.135192	-0.077315	-0.418244
Chr11	29230629	29756014	-0.028986	-0.004383	-0.003183	-0.020419
Chr11	29445882	29884485	0.118743	0.022991	0.017627	0.096154
Chr11	29756086	30100021	-0.228111	-0.071160	-0.043933	-0.211914
Chr11	29884730	32415207	-0.329806	-0.090448	-0.052181	-0.272925
Chr11	30100029	32666238	-0.375224	-0.076657	-0.046527	-0.254241
Chr11	32415478	32849835	-0.437894	-0.074404	-0.048429	-0.276071
Chr11	32666259	32961844	-0.537328	-0.164084	-0.100859	-0.434976
Chr11	32849848	33240170	-0.593673	-0.214828	-0.113190	-0.426675
Chr11	32961888	33440180	-0.151677	-0.031212	-0.018814	-0.095930
Chr11	33240341	33574227	-0.156233	-0.038423	-0.024495	-0.122790
Chr11	33440226	33657233	0.083335	0.036315	0.017451	0.069681
Chr11	33575002	33772162	0.418430	0.201366	0.102194	0.270630
Chr11	33657248	33810870	0.216412	0.108398	0.078860	0.127632
Chr11	33772164	33956564	-0.142968	-0.053790	-0.035219	-0.100551
Chr11	33810895	34150793	-0.359741	-0.124774	-0.078898	-0.226525
Chr11	33956570	34229802	-0.205298	-0.089259	-0.061221	-0.109148
Chr11	34150798	34411605	-0.292471	-0.092658	-0.063395	-0.173343
Chr11	34229812	34553223	-0.275009	-0.088408	-0.052760	-0.183638
Chr11	34413787	34666313	-0.273108	-0.125028	-0.069069	-0.174924
Chr11	34553249	34746873	-0.406646	-0.239341	-0.131631	-0.251422
Chr11	34666320	34831011	-0.322154	-0.141386	-0.085269	-0.210083
Chr11	34746956	34968279	-0.375336	-0.136758	-0.080748	-0.251149
Chr11	34831260	35092177	-0.302314	-0.099064	-0.057374	-0.201442
Chr11	34968456	35228611	-0.129596	-0.045121	-0.028418	-0.080577
Chr11	35092204	35331775	-0.142197	-0.075287	-0.045557	-0.080485
Chr11	35228618	35463208	-0.244289	-0.125619	-0.073464	-0.139805
Chr11	35331777	35552179	-0.140352	-0.070422	-0.046237	-0.082714
Chr11	35463246	35658574	-0.095154	-0.046825	-0.033386	-0.055705
Chr11	35552335	35791836	-0.105846	-0.029178	-0.021844	-0.070046
Chr11	35658813	35950579	-0.212750	-0.065775	-0.044623	-0.151966
Chr11	35791846	36106632	-0.383962	-0.154174	-0.094524	-0.279856
Chr11	35950643	36226927	-0.265395	-0.086308	-0.057151	-0.165493
Chr11	36106647	36328592	-0.023743	-0.008416	-0.004949	-0.010515
Chr11	36226958	36407535	0.053719	0.026414	0.013684	0.036925
Chr11	36328621	36593017	0.019917	0.009964	0.004969	0.015134
Chr11	36407650	37015469	-0.255865	-0.091037	-0.048411	-0.190750
Chr11	36593033	37105406	-0.329302	-0.113638	-0.064979	-0.222609
Chr11	37015548	37193876	-0.086975	-0.045247	-0.024974	-0.051854
Chr11	37105453	37301307	0.150966	0.092046	0.051959	0.103045
Chr11	37193979	37447854	-0.099244	-0.040721	-0.026088	-0.069567
Chr11	37301722	37612159	-0.394278	-0.158229	-0.097825	-0.267588
Chr11	37447858	37761961	-0.156135	-0.087113	-0.055115	-0.122234
Chr11	37612238	37899108	-0.093128	-0.048050	-0.031490	-0.071730
Chr11	37762016	37950870	0.045140	0.024471	0.016616	0.026873
Chr11	37899618	38009592	0.270649	0.141218	0.092277	0.205614
Chr11	37950917	38143800	0.219929	0.080331	0.049919	0.160487
Chr11	38009596	38407503	-0.122775	-0.051452	-0.027695	-0.082637
Chr11	38143929	38494273	-0.466268	-0.283793	-0.113389	-0.282496
Chr11	38407512	38892622	-0.186427	-0.069187	-0.038717	-0.126566
Chr11	38494496	39007963	0.042283	0.015154	0.008799	0.038821
Chr11	38892675	39164733	-0.190534	-0.077157	-0.032726	-0.147148
Chr11	39007990	39323593	-0.290393	-0.118904	-0.049689	-0.201732
Chr11	39164885	39423604	-0.162091	-0.087821	-0.042246	-0.102402
Chr11	39323594	39581139	-0.109562	-0.047126	-0.031910	-0.068564
Chr11	39423629	39669720	-0.226513	-0.092529	-0.062958	-0.145353
Chr11	39581328	39823881	-0.068810	-0.046403	-0.023446	-0.029951
Chr11	39669721	39900645	-0.378250	-0.359903	-0.152998	-0.261245
Chr11	39823902	39961635	-0.377687	-0.368969	-0.170907	-0.289765
Chr11	39900660	40073494	-0.113100	-0.062933	-0.038085	-0.075239
Chr11	39961794	40154034	-0.302119	-0.122312	-0.079810	-0.189137
Chr11	40073520	40256574	-0.252350	-0.126568	-0.082928	-0.157092
Chr11	40154042	40342963	-0.225398	-0.172891	-0.102643	-0.140404
Chr11	40256671	40447112	-0.252928	-0.155550	-0.093613	-0.168727
Chr11	40342978	40627734	-0.357300	-0.182480	-0.108924	-0.244325
Chr11	40447176	40743511	-0.331679	-0.152422	-0.087836	-0.181949
Chr11	40627736	40792387	0.042518	0.018374	0.011716	0.013983
Chr11	40743634	40837302	0.313691	0.165219	0.123698	0.181030
Chr11	40792397	40913869	0.131466	0.102846	0.066937	0.078084
Chr11	40837378	41053502	-0.050513	-0.058655	-0.027023	-0.023367
Chr11	40913922	41186434	-0.120452	-0.090323	-0.051296	-0.071067
Chr11	41053513	41266437	-0.200558	-0.136406	-0.084647	-0.112458
Chr11	41186542	42204395	-0.123942	-0.087564	-0.054525	-0.065033
Chr11	41266446	42302673	-0.033122	-0.027289	-0.016429	-0.019091
Chr11	42204397	42391671	-0.121939	-0.116048	-0.063059	-0.061466
Chr11	42302911	42639374	-0.150211	-0.124781	-0.074147	-0.081108
Chr11	42391954	42871508	-0.082142	-0.062023	-0.039353	-0.047956
Chr11	42639864	42912697	-0.025284	-0.019815	-0.011992	-0.012334
Chr11	42871532	42989877	0.044077	0.039729	0.019642	0.028695
Chr11	42912758	43074675	-0.102320	-0.104741	-0.045666	-0.052231
Chr11	42989879	43168748	-0.594756	-0.757861	-0.256224	-0.424648
Chr11	43074685	43286705	-0.498664	-0.466219	-0.176433	-0.376460
Chr11	43168783	43342308	-0.144038	-0.112927	-0.049004	-0.093385
Chr11	43286745	43423849	-0.477875	-0.503231	-0.176253	-0.289056
Chr11	43342439	43547864	-0.344320	-0.330798	-0.128270	-0.238801
Chr11	43423888	43704273	-0.137587	-0.093241	-0.048057	-0.084195
Chr11	43547900	43837628	-0.389619	-0.214411	-0.125347	-0.250301
Chr11	43704289	43928622	-0.368641	-0.236716	-0.124986	-0.232649
Chr11	43837693	44080666	-0.134230	-0.070976	-0.037642	-0.082654
Chr11	43928709	44275522	-0.120514	-0.055646	-0.030680	-0.081106
Chr11	44080703	44398070	-0.188797	-0.104039	-0.053927	-0.126487
Chr11	44275581	44539140	-0.450570	-0.288734	-0.131262	-0.320728
Chr11	44398167	44679219	-0.508845	-0.274849	-0.133850	-0.391891
Chr11	44539206	44913754	-0.382688	-0.139817	-0.077593	-0.257717
Chr11	44679354	45197360	-0.089090	-0.018984	-0.012749	-0.060765
Chr11	44913763	45385861	-0.116890	-0.025211	-0.017129	-0.075063
Chr11	45197366	45482603	-0.361704	-0.116420	-0.071538	-0.212411
Chr11	45385939	45581656	-0.391300	-0.183435	-0.110146	-0.240849
Chr11	45482627	45864644	-0.276837	-0.155554	-0.081154	-0.154271
Chr11	45581681	45940868	-0.222976	-0.157524	-0.069486	-0.113907
Chr11	45864657	46065522	-0.422670	-0.322827	-0.141301	-0.263493
Chr11	45940888	46182076	-0.377623	-0.183949	-0.102080	-0.266745
Chr11	46065592	46300408	-0.331692	-0.135793	-0.082882	-0.222789
Chr11	46182156	46425981	-0.324087	-0.153748	-0.085072	-0.231638
Chr11	46300495	46490649	-0.249624	-0.152256	-0.075606	-0.153488
Chr11	46425995	46564030	-0.289505	-0.312875	-0.155148	-0.153058
Chr11	46490677	46661855	-0.580181	-0.450668	-0.249848	-0.434229
Chr11	46564043	46796419	-0.436528	-0.239187	-0.137503	-0.342364
Chr11	46661897	46934441	-0.068478	-0.025337	-0.015512	-0.046079
Chr11	46796437	47046223	-0.225640	-0.088340	-0.055496	-0.151859
Chr11	46934467	47113091	-0.289427	-0.139977	-0.082155	-0.173739
Chr11	47046237	47204210	-0.226556	-0.131357	-0.065942	-0.111671
Chr11	47113126	47306155	-0.040105	-0.033543	-0.013469	-0.019322
Chr11	47204421	47401756	0.044620	0.044960	0.018798	0.026715
Chr11	47306157	47504177	0.029269	0.024232	0.012531	0.021200
Chr11	47401787	47612211	0.139123	0.092444	0.055023	0.083932
Chr11	47504252	47704497	0.087172	0.051951	0.030196	0.050627
Chr11	47612212	47777267	-0.018058	-0.010686	-0.005983	-0.008297
Chr11	47704518	47903251	0.070667	0.036763	0.021547	0.036717
Chr11	47777311	48012695	-0.295739	-0.171117	-0.093580	-0.175782
Chr11	47903252	48274704	-0.219115	-0.121185	-0.070580	-0.162025
Chr11	48013104	48423478	0.001190	0.000569	0.000335	0.008757
Chr11	48274706	48499809	0.020380	0.010100	0.005817	0.011554
Chr11	48423616	48562921	-0.147466	-0.094353	-0.052705	-0.104166
Chr11	48499982	48639474	-0.278236	-0.222627	-0.109091	-0.198486
Chr11	48562942	48768273	-0.136014	-0.119683	-0.055326	-0.080465
Chr11	48639489	48852100	-0.108140	-0.082166	-0.041407	-0.053964
Chr11	48768315	49019769	-0.172850	-0.072835	-0.043274	-0.105671
Chr11	48852207	49205095	-0.157211	-0.048316	-0.030684	-0.100092
Chr11	49019855	49282952	-0.110509	-0.035438	-0.023468	-0.059327
Chr11	49205304	49441495	-0.223319	-0.103288	-0.061377	-0.133231
Chr11	49282978	49632254	-0.373697	-0.154222	-0.088869	-0.280493
Chr11	49441606	49711852	-0.314846	-0.129171	-0.075358	-0.200039
Chr11	49632331	49862594	-0.219039	-0.096431	-0.055837	-0.132015
Chr11	49711862	49959473	-0.158583	-0.070469	-0.044002	-0.091135
Chr11	49862688	50114319	-0.117751	-0.056068	-0.037620	-0.062444
Chr11	49959508	50282335	-0.121243	-0.042919	-0.029303	-0.070297
Chr11	50114425	50387245	-0.107824	-0.041617	-0.028242	-0.059174
Chr11	50282885	50498000	-0.210355	-0.117789	-0.066829	-0.107709
Chr11	50387261	50590167	-0.201634	-0.102402	-0.060622	-0.116874
Chr11	50498024	50897318	-0.134263	-0.077370	-0.048836	-0.099809
Chr11	50590209	51047859	0.000612	0.000426	0.000245	0.000781
Chr11	50897397	51107969	0.029344	0.024828	0.014523	0.017550
Chr11	51047870	51183621	-0.084335	-0.061129	-0.039761	-0.051563
Chr11	51107984	51385103	0.099042	0.057983	0.036391	0.048710
Chr11	51183622	51482284	0.102459	0.078990	0.043018	0.048588
Chr11	51385135	51546530	-0.106974	-0.118051	-0.052320	-0.058756
Chr11	51482415	51675583	-0.213180	-0.150373	-0.083810	-0.131337
Chr11	51546655	51772351	-0.020974	-0.014451	-0.008754	-0.011762
Chr11	51675675	51854038	-0.026633	-0.023950	-0.013635	-0.012837
Chr11	51772375	52019801	-0.308800	-0.198242	-0.123399	-0.201810
Chr11	51854079	52120809	-0.349661	-0.170813	-0.108036	-0.250008
Chr11	52019850	52194118	-0.157277	-0.074210	-0.044539	-0.099659
Chr11	52120827	52387519	-0.102516	-0.038598	-0.020220	-0.066824
Chr11	52194181	52679979	-0.240191	-0.103404	-0.052022	-0.191231
Chr11	52387556	52785892	-0.408254	-0.237475	-0.112409	-0.341212
Chr11	52679995	52892123	-0.399582	-0.229548	-0.113022	-0.303009
Chr11	52785960	52974993	-0.137374	-0.085688	-0.047833	-0.089152
Chr11	52892171	53088633	-0.321198	-0.270543	-0.136120	-0.195419
Chr11	52974995	53264656	-0.329585	-0.155238	-0.092649	-0.222815
Chr11	53088756	53440673	-0.141351	-0.053693	-0.032490	-0.090002
Chr11	53264752	53564472	-0.079733	-0.032223	-0.018722	-0.044436
Chr11	53440678	53750266	-0.127156	-0.048233	-0.025830	-0.059653
Chr11	53564519	53882029	-0.042296	-0.016043	-0.009261	-0.014663
Chr11	53750349	54024606	-0.002976	-0.001198	-0.000771	0.000829
Chr11	53882093	54130172	-0.189832	-0.097797	-0.057191	-0.132377
Chr11	54024629	54263660	-0.342251	-0.209183	-0.104547	-0.242973
Chr11	54130189	54402499	-0.484933	-0.232915	-0.120092	-0.308013
Chr11	54263675	54551258	-0.506315	-0.239386	-0.134754	-0.341681
Chr11	54402507	54668428	-0.435464	-0.260945	-0.134989	-0.334536
Chr11	54551616	54752402	-0.214104	-0.147789	-0.075860	-0.152931
Chr11	54668505	54868833	0.227889	0.161422	0.114440	0.150491
Chr11	54752449	55041152	0.165451	0.105968	0.071883	0.098294
Chr11	54868862	55205534	-0.050737	-0.024095	-0.013106	-0.024495
Chr11	55042081	55446838	-0.051102	-0.024511	-0.012989	-0.029149
Chr11	55205603	55559341	-0.325855	-0.229035	-0.112882	-0.208469
Chr11	55446873	55684071	-0.340509	-0.154271	-0.088728	-0.234867
Chr11	55559371	55900560	-0.200793	-0.082468	-0.047568	-0.145652
Chr11	55684106	56014239	-0.358842	-0.180695	-0.098673	-0.264950
Chr11	55900638	56083335	-0.469595	-0.334241	-0.173102	-0.308299
Chr11	56014346	56192639	-0.523710	-0.675088	-0.282022	-0.308359
Chr12	96589	553358	-0.697728	-0.235981	-0.120474	-0.545265
Chr12	336857	761232	-0.641629	-0.199023	-0.112563	-0.530248
Chr12	553361	933462	-0.504717	-0.136484	-0.083726	-0.383812
Chr12	761252	1012660	-0.378390	-0.149255	-0.093654	-0.235911
Chr12	933483	1050507	-0.091004	-0.081482	-0.044992	-0.044142
Chr12	1012757	1104116	0.019731	0.022538	0.012375	0.014451
Chr12	1050532	1702665	0.014071	0.013659	0.006958	0.012910
Chr12	1104124	1762101	-0.111344	-0.100171	-0.051522	-0.066682
Chr12	1702744	1869702	-0.219732	-0.200880	-0.086785	-0.133394
Chr12	1762669	1927668	-0.037635	-0.033204	-0.014919	-0.017610
Chr12	1869740	1997913	0.214505	0.233459	0.135070	0.116632
Chr12	1927678	2084679	0.107855	0.113630	0.063030	0.060861
Chr12	1997917	2239160	-0.222379	-0.097855	-0.060339	-0.156188
Chr12	2084680	2454077	-0.295264	-0.107097	-0.054385	-0.241931
Chr12	2239173	2651469	-0.277743	-0.095336	-0.049991	-0.219132
Chr12	2454104	2765896	-0.376792	-0.165166	-0.097408	-0.290876
Chr12	2651601	2878093	-0.288698	-0.162403	-0.086426	-0.225614
Chr12	2765973	3046514	-0.084056	-0.031017	-0.019246	-0.049489
Chr12	2878115	3201279	-0.493386	-0.184099	-0.113329	-0.341723
Chr12	3046676	3433542	-0.523374	-0.191111	-0.118427	-0.398122
Chr12	3202391	3624720	-0.233796	-0.056879	-0.040331	-0.165869
Chr12	3433543	3770451	-0.274406	-0.076683	-0.051464	-0.212475
Chr12	3624746	3912100	-0.271262	-0.102334	-0.060693	-0.182282
Chr12	3770498	4064463	-0.142044	-0.036369	-0.024382	-0.076767
Chr12	3912131	4141150	-0.101792	-0.027410	-0.018343	-0.055374
Chr12	4064513	4249747	0.035447	0.020487	0.012479	0.020922
Chr12	4141201	4313757	0.078874	0.052804	0.035039	0.045055
Chr12	4249767	4509271	-0.156796	-0.079178	-0.050629	-0.097345
Chr12	4313943	4607990	-0.298327	-0.135448	-0.077441	-0.204350
Chr12	4509538	4699502	-0.243756	-0.122018	-0.065070	-0.147203
Chr12	4608009	4888413	-0.182417	-0.066840	-0.040110	-0.110769
Chr12	4699609	5132422	-0.375523	-0.100679	-0.060644	-0.272077
Chr12	4888419	5317823	-0.477834	-0.133458	-0.082385	-0.368694
Chr12	5132476	5463737	-0.511903	-0.192704	-0.113310	-0.374980
Chr12	5317920	5566348	-0.406562	-0.167437	-0.094583	-0.278381
Chr12	5463815	5735187	-0.031369	-0.010494	-0.007072	-0.023896
Chr12	5566431	5845324	-0.028318	-0.009941	-0.006598	-0.021919
Chr12	5735209	5968376	-0.218294	-0.085336	-0.046993	-0.153534
Chr12	5845342	6063133	-0.356543	-0.149452	-0.081071	-0.267103
Chr12	5970810	6256408	-0.443215	-0.187292	-0.106643	-0.330601
Chr12	6063138	6404003	-0.328176	-0.116700	-0.069749	-0.248213
Chr12	6256447	6541638	-0.298820	-0.109490	-0.065137	-0.218858
Chr12	6404005	6754369	-0.303423	-0.116077	-0.068063	-0.208527
Chr12	6541746	6915699	-0.116570	-0.048728	-0.029095	-0.078527
Chr12	6754420	7092015	-0.351910	-0.150681	-0.078426	-0.254367
Chr12	6915756	7209803	-0.307140	-0.125755	-0.066889	-0.242632
Chr12	7092069	7281184	-0.204617	-0.102904	-0.058204	-0.156772
Chr12	7209972	7410707	-0.446928	-0.281150	-0.147258	-0.290719
Chr12	7281187	7577479	-0.328507	-0.134034	-0.069808	-0.243625
Chr12	7410771	7766856	-0.154808	-0.049753	-0.028065	-0.122342
Chr12	7577483	7948552	-0.212620	-0.075660	-0.040505	-0.165530
Chr12	7766861	8108579	-0.347483	-0.112789	-0.061075	-0.279495
Chr12	7948744	8296735	-0.391041	-0.115150	-0.069833	-0.315364
Chr12	8108701	8483517	-0.460612	-0.151131	-0.092787	-0.361397
Chr12	8296741	8586539	-0.358088	-0.129335	-0.081117	-0.260495
Chr12	8483525	8733403	-0.342833	-0.139183	-0.082254	-0.245170
Chr12	8586755	8971175	-0.353843	-0.122539	-0.071067	-0.288695
Chr12	8733406	9082695	-0.365625	-0.133289	-0.074695	-0.301776
Chr12	8971192	9256886	-0.518556	-0.163749	-0.095110	-0.361579
Chr12	9082712	9444959	-0.340140	-0.091010	-0.059114	-0.222147
Chr12	9257068	9611935	-0.255224	-0.074788	-0.046230	-0.172241
Chr12	9444983	9705173	-0.321692	-0.115387	-0.065363	-0.206014
Chr12	9611983	9788279	-0.285506	-0.157000	-0.076132	-0.180808
Chr12	9705394	9898055	-0.273266	-0.177029	-0.081067	-0.175535
Chr12	9788376	9994716	-0.261651	-0.213503	-0.104448	-0.160964
Chr12	9898218	10103628	-0.225646	-0.132019	-0.068005	-0.119599
Chr12	9994722	10210332	-0.095152	-0.050673	-0.026565	-0.046022
Chr12	10103668	10299894	-0.021146	-0.015994	-0.008316	-0.006381
Chr12	10210408	10365491	0.266013	0.224527	0.113890	0.151229
Chr12	10299946	10455036	0.202095	0.146915	0.071240	0.107176
Chr12	10365524	10568106	-0.026916	-0.015104	-0.008752	-0.016550
Chr12	10455111	10669544	-0.274143	-0.146699	-0.092471	-0.203851
Chr12	10568126	10904447	-0.311559	-0.114251	-0.063039	-0.236512
Chr12	10669549	11079016	-0.508177	-0.181047	-0.093046	-0.422773
Chr12	10904503	11225271	-0.642742	-0.261260	-0.138396	-0.558158
Chr12	11079096	11337431	-0.388763	-0.143951	-0.082913	-0.310320
Chr12	11225276	11419548	-0.185753	-0.077687	-0.041783	-0.107770
Chr12	11337754	11562510	-0.200233	-0.075469	-0.043015	-0.108946
Chr12	11419799	11689026	-0.182265	-0.064490	-0.039383	-0.128791
Chr12	11562605	11849871	-0.132490	-0.034059	-0.021986	-0.093668
Chr12	11689071	12002377	0.154365	0.036937	0.024492	0.116139
Chr12	11849949	12131622	0.261382	0.086199	0.054315	0.212139
Chr12	12002414	12241155	0.106371	0.040870	0.024237	0.079573
Chr12	12131628	12393332	0.147647	0.047997	0.028234	0.096309
Chr12	12241163	12660300	0.040117	0.009508	0.006017	0.030007
Chr12	12393812	12839088	-0.190808	-0.045799	-0.028283	-0.113385
Chr12	12660306	13008870	-0.207310	-0.066981	-0.033228	-0.127808
Chr12	12839155	13081094	-0.431909	-0.205313	-0.098784	-0.320775
Chr12	13008894	13171067	-0.521037	-0.279107	-0.169696	-0.422342
Chr12	13081176	13302961	-0.245567	-0.097019	-0.065982	-0.173309
Chr12	13171152	13410710	0.101528	0.034672	0.024708	0.063752
Chr12	13302996	13608406	-0.099710	-0.032401	-0.020184	-0.073745
Chr12	13410713	13762425	-0.170974	-0.047398	-0.028724	-0.111282
Chr12	13608529	13868753	-0.004589	-0.001391	-0.000892	-0.004216
Chr12	13762540	14034982	-0.338208	-0.113166	-0.066486	-0.211701
Chr12	13868792	14195527	-0.437419	-0.131580	-0.080635	-0.337441
Chr12	14035039	14349000	-0.331717	-0.100391	-0.067710	-0.239026
Chr12	14195547	14493701	-0.167020	-0.046040	-0.031474	-0.095753
Chr12	14349001	14621958	-0.016491	-0.004304	-0.002896	-0.006005
Chr12	14493723	14789320	-0.253157	-0.079734	-0.049234	-0.143266
Chr12	14622093	14952589	-0.325904	-0.109159	-0.067209	-0.234695
Chr12	14789352	15032798	-0.296303	-0.124583	-0.074208	-0.218588
Chr12	14952613	15160712	-0.325866	-0.147151	-0.075134	-0.217940
Chr12	15032821	15269771	-0.252407	-0.097419	-0.052365	-0.165978
Chr12	15160870	15394348	-0.088667	-0.042300	-0.023040	-0.070222
Chr12	15269779	15684497	-0.205624	-0.086936	-0.046597	-0.155499
Chr12	15394437	15860433	-0.204127	-0.054329	-0.033415	-0.138004
Chr12	15684533	15988549	-0.076612	-0.020639	-0.013134	-0.053953
Chr12	15860512	16105824	0.024967	0.009944	0.006313	0.014439
Chr12	15988603	16221483	0.154446	0.049243	0.034672	0.089518
Chr12	16106039	16399621	-0.105661	-0.022225	-0.015799	-0.064648
Chr12	16221579	16531018	-0.439412	-0.115676	-0.075653	-0.345982
Chr12	16399622	16668361	-0.440764	-0.163407	-0.096117	-0.360506
Chr12	16531027	17020030	-0.325661	-0.102733	-0.060788	-0.245124
Chr12	16668391	17189093	-0.236265	-0.060857	-0.037785	-0.176623
Chr12	17020088	17245833	0.071397	0.025621	0.015351	0.048262
Chr12	17189167	17442610	0.115199	0.041731	0.022581	0.084627
Chr12	17245837	17594194	-0.114659	-0.029885	-0.016569	-0.072170
Chr12	17442616	17793292	-0.178576	-0.049333	-0.030065	-0.134540
Chr12	17594256	17891673	-0.152632	-0.052302	-0.030905	-0.124062
Chr12	17793329	17979688	-0.228672	-0.106576	-0.054401	-0.173088
Chr12	17891680	18066244	-0.296663	-0.161371	-0.077201	-0.193820
Chr12	17979697	18274279	-0.296944	-0.101306	-0.056259	-0.204943
Chr12	18066313	18414634	-0.359921	-0.114929	-0.066479	-0.271981
Chr12	18274294	18595763	-0.305693	-0.090003	-0.055537	-0.220666
Chr12	18414726	18773938	-0.220947	-0.066854	-0.039156	-0.143917
Chr12	18595810	18906472	-0.274923	-0.118463	-0.062371	-0.158070
Chr12	18773939	19027166	-0.338874	-0.184208	-0.098123	-0.190486
Chr12	18907218	19075709	-0.313836	-0.354328	-0.153944	-0.178968
Chr12	19027204	19122456	-0.220126	-0.305300	-0.149658	-0.125812
Chr12	19075761	19186433	-0.075001	-0.084741	-0.045363	-0.040715
Chr12	19122683	19363811	-0.131338	-0.047179	-0.031006	-0.076555
Chr12	19186584	19588666	-0.301790	-0.078879	-0.048251	-0.207618
Chr12	19364058	19692438	-0.721326	-0.403093	-0.192396	-0.610874
Chr12	19588675	19859851	-0.825554	-0.569422	-0.260382	-0.730632
Chr12	19692593	20187435	-0.696249	-0.203963	-0.116056	-0.562586
Chr12	19859929	20320625	-0.576717	-0.197590	-0.105071	-0.471461
Chr12	20187988	20523521	-0.500013	-0.256892	-0.128596	-0.445407
Chr12	20320634	20709796	-0.564586	-0.247099	-0.127773	-0.527999
Chr12	20523563	20889781	-0.428970	-0.130361	-0.071887	-0.381139
Chr12	20710376	21070374	-0.383069	-0.070012	-0.044890	-0.310109
Chr12	20889787	21283006	-0.550282	-0.134070	-0.083498	-0.484533
Chr12	21070381	21509558	-0.516320	-0.167949	-0.096717	-0.485753
Chr12	21283177	21774620	-0.328358	-0.081291	-0.050728	-0.306234
Chr12	21511258	22857761	-0.430322	-0.112968	-0.065991	-0.402368
Chr12	21774647	23073040	-0.619575	-0.187302	-0.101446	-0.580413
Chr12	22857762	23311380	-0.574877	-0.148176	-0.080996	-0.532014
Chr12	23073079	23671549	-0.504021	-0.094980	-0.057063	-0.464873
Chr12	23311454	24089086	-0.357948	-0.048486	-0.032254	-0.318177
Chr12	23671723	25101889	-0.213534	-0.022042	-0.014328	-0.165941
Chr12	24089133	25449458	-0.391692	-0.049028	-0.030526	-0.313026
Chr12	25101921	25738390	-0.617462	-0.134308	-0.078312	-0.549354
Chr12	25450296	26000432	-0.459700	-0.127826	-0.070098	-0.405053
Chr12	25739504	26163629	-0.268778	-0.090448	-0.046788	-0.214210
Chr12	26000436	26354635	-0.459244	-0.218599	-0.091977	-0.363433
Chr12	26163650	26569597	-0.582519	-0.258158	-0.110574	-0.478847
Chr12	26357148	26747679	-0.562004	-0.246709	-0.115531	-0.463295
Chr12	26569605	26851863	-0.636723	-0.313535	-0.153217	-0.461593
Chr12	26747690	27155926	-0.572595	-0.154082	-0.092573	-0.364743
Chr12	26851897	27338421	-0.321052	-0.062710	-0.039542	-0.225800
Chr12	27156027	27482505	-0.166638	-0.040316	-0.023624	-0.114936
Chr12	27338453	27672276	-0.353001	-0.102978	-0.053083	-0.268268
Chr12	27484119	27876975	-0.490933	-0.139874	-0.067519	-0.362218
Chr12	27672377	27989292	-0.441466	-0.174629	-0.080512	-0.301523
Chr12	27876994	28168326	-0.188257	-0.081093	-0.043764	-0.143746
Chr12	27989384	28260915	-0.009096	-0.003462	-0.001918	-0.004224
Chr12	28168402	28384856	-0.327560	-0.126717	-0.063180	-0.275727
Chr12	28260958	28540870	-0.572487	-0.193365	-0.105616	-0.494833
Chr12	28384858	28660544	-0.394004	-0.121221	-0.074750	-0.317108
Chr12	28541157	28762187	-0.254592	-0.083710	-0.046152	-0.169462
Chr12	28660556	28910722	-0.503989	-0.197047	-0.098504	-0.359147
Chr12	28762228	29072366	-0.436997	-0.150902	-0.081836	-0.324336
Chr12	28910734	29150279	0.032536	0.010133	0.006052	0.019361
Chr12	29072616	29456112	-0.115374	-0.041346	-0.021769	-0.090941
Chr12	29150367	29611471	-0.294674	-0.093337	-0.050882	-0.229976
Chr12	29456148	29760780	-0.305659	-0.102020	-0.060129	-0.235338
Chr12	29611548	29998875	-0.478247	-0.171535	-0.089441	-0.368363
Chr12	29761041	30195967	-0.583844	-0.210339	-0.111988	-0.458228
Chr12	29999628	30381659	-0.713222	-0.280250	-0.144833	-0.617366
Chr12	30196049	30557482	-0.553294	-0.167461	-0.087085	-0.466664
Chr12	30381902	30644762	-0.369144	-0.108765	-0.057263	-0.271522
Chr12	30557485	30802751	-0.487881	-0.220389	-0.106718	-0.340570
Chr12	30644873	30928214	-0.382841	-0.161603	-0.079630	-0.266913
Chr12	30802888	31075812	-0.215257	-0.094534	-0.043264	-0.152009
Chr12	30928247	31261332	-0.164431	-0.062335	-0.031857	-0.110665
Chr12	31075820	31379396	-0.421970	-0.170658	-0.095929	-0.311276
Chr12	31261339	31508283	-0.523986	-0.209535	-0.119431	-0.425288
Chr12	31379443	31648237	-0.284557	-0.084865	-0.052951	-0.207520
Chr12	31508284	31778710	-0.380461	-0.135447	-0.074832	-0.287792
Chr12	31648256	31947139	-0.486854	-0.169978	-0.089671	-0.377341
Chr12	31778717	32034766	-0.328348	-0.113637	-0.064244	-0.236298
Chr12	31947150	32116888	-0.301736	-0.196112	-0.104862	-0.198262
Chr12	32034767	32211366	-0.097983	-0.084599	-0.040584	-0.046463
Chr12	32116916	32278915	0.002151	0.001904	0.000911	0.006409
Chr12	32211378	32339760	-0.185900	-0.187247	-0.096312	-0.122542
Chr12	32278917	32433470	-0.416616	-0.309029	-0.153747	-0.299835
Chr12	32339763	32579505	-0.372002	-0.204196	-0.104908	-0.270218
Chr12	32433471	32745345	-0.523523	-0.260219	-0.133977	-0.403314
Chr12	32579558	32926382	-0.554141	-0.253047	-0.133085	-0.421459
Chr12	32745358	33073680	-0.346226	-0.148382	-0.079797	-0.240062
Chr12	32926431	33248087	-0.417848	-0.192858	-0.105043	-0.312395
Chr12	33073681	33380133	-0.456430	-0.189011	-0.107298	-0.340010
Chr12	33248394	33539916	-0.230096	-0.095121	-0.055791	-0.149846
Chr12	33380150	33608137	0.049967	0.028486	0.018021	0.027448
Chr12	33540492	33717160	-0.021370	-0.019530	-0.011623	-0.012149
Chr12	33608143	33825419	0.009514	0.010650	0.006172	0.002618
Chr12	33717172	33927564	0.019922	0.022822	0.013781	0.006082
Chr12	33825444	34048557	0.051593	0.062438	0.038101	0.023373
Chr12	33927762	34113771	0.005044	0.005145	0.003130	-0.000069
Chr12	34048587	34198987	-0.068918	-0.051911	-0.033327	-0.034566
Chr12	34113783	34270642	0.018043	0.011623	0.007184	0.009888
Chr12	34198999	34387687	-0.168252	-0.082777	-0.049938	-0.109976
Chr12	34270683	34495440	-0.397807	-0.191751	-0.111158	-0.246230
Chr12	34387722	34604857	-0.327009	-0.193710	-0.096912	-0.175901
Chr12	34495623	34706968	-0.050579	-0.032272	-0.016625	-0.025424
Chr12	34604894	34850638	-0.288936	-0.132303	-0.063222	-0.178085
Chr12	34707019	34967165	-0.550196	-0.225879	-0.107751	-0.366638
Chr12	34850675	35078935	-0.599246	-0.290940	-0.130557	-0.424058
Chr12	34967221	35186155	-0.483582	-0.304694	-0.126553	-0.360235
Chr12	35078979	35285760	-0.241208	-0.110119	-0.058759	-0.145455
Chr12	35186172	35406562	-0.147251	-0.042936	-0.023972	-0.069307
Chr12	35285763	35573802	-0.504843	-0.197238	-0.100758	-0.342031
Chr12	35406682	35736788	-0.517356	-0.186183	-0.099492	-0.395485
Chr12	35573990	35834641	-0.257231	-0.079810	-0.046585	-0.167189
Chr12	35736797	35913951	-0.178109	-0.088725	-0.051852	-0.104293
Chr12	35834769	36002384	-0.068911	-0.070286	-0.037179	-0.034050
Chr12	35914043	36054405	0.091610	0.115940	0.061739	0.048283
Chr12	36002433	36121024	0.099446	0.113586	0.066766	0.057101
Chr12	36054488	36199383	0.084410	0.065355	0.040391	0.046317
Chr12	36121060	36287052	-0.198304	-0.167029	-0.070069	-0.121091
Chr12	36199402	36442522	-0.284383	-0.211085	-0.088434	-0.190181
Chr12	36287055	36580225	-0.368180	-0.202954	-0.099039	-0.270224
Chr12	36442531	36720991	-0.374869	-0.179692	-0.088785	-0.264130
Chr12	36580228	36837603	-0.314184	-0.145968	-0.069014	-0.203577
Chr12	36721015	36929349	0.114356	0.058521	0.028861	0.083374
Chr12	36837633	37042219	0.251656	0.116914	0.060211	0.166300
Chr12	36929355	37138658	-0.115030	-0.051021	-0.024861	-0.071023
Chr12	37042249	37269274	-0.204950	-0.115567	-0.053607	-0.138595
Chr12	37138740	37342462	-0.286226	-0.192810	-0.082372	-0.191666
Chr12	37269554	37433084	-0.201685	-0.151336	-0.062997	-0.114458
Chr12	37342495	37550418	-0.336576	-0.223546	-0.099047	-0.198052
Chr12	37433197	37651923	-0.391380	-0.197541	-0.103771	-0.279649
Chr12	37550582	37799172	-0.241928	-0.118944	-0.065360	-0.182915
Chr12	37651946	37944245	-0.214638	-0.098981	-0.049347	-0.159938
Chr12	37799256	38076716	-0.517485	-0.283787	-0.122008	-0.422893
Chr12	37948019	38181406	-0.631365	-0.384216	-0.167012	-0.560215
Chr12	38076717	38364860	-0.445131	-0.235608	-0.118469	-0.385270
Chr12	38181459	38452743	-0.451028	-0.294685	-0.139207	-0.372416
Chr12	38364862	38542416	-0.222550	-0.169319	-0.071084	-0.152994
Chr12	38453030	38676310	0.167704	0.090255	0.041364	0.134078
Chr12	38542440	38829865	0.160783	0.062378	0.033309	0.127178
Chr12	38676323	38984016	0.083975	0.026591	0.016379	0.053576
Chr12	38829978	39140770	-0.150026	-0.052848	-0.030104	-0.101168
Chr12	38984071	39224222	-0.269875	-0.148708	-0.075082	-0.166003
Chr12	39140799	39353293	-0.208675	-0.138321	-0.075116	-0.126686
Chr12	39224239	39469544	-0.354226	-0.154967	-0.096198	-0.232626
Chr12	39353334	39598038	-0.468217	-0.221974	-0.123172	-0.331013
Chr12	39469563	39769864	-0.400313	-0.175645	-0.098190	-0.315274
Chr12	39598039	39881673	-0.301330	-0.136907	-0.079520	-0.221776
Chr12	39770247	40010902	-0.207863	-0.091839	-0.054430	-0.129200
Chr12	39881675	40501064	-0.087622	-0.033523	-0.020846	-0.054127
Chr12	40010977	40726354	0.057077	0.020516	0.013123	0.035208
Chr12	40505442	40901664	-0.076436	-0.021283	-0.013457	-0.060179
Chr12	40726535	41047069	-0.264012	-0.075743	-0.045301	-0.206367
Chr12	40901758	41209258	-0.111556	-0.032021	-0.021538	-0.090116
Chr12	41047245	41348430	0.105518	0.027298	0.020146	0.070158
Chr12	41209269	41542360	-0.078416	-0.025499	-0.016518	-0.047212
scaffold_320	12457	30374	0.044958	0.008696	0.006258	0.030182
scaffold_585	13309	20529	0.029340	0.005376	0.003839	0.019620
