chr	windowStart	windowEnd	D	f_d	f_dM	d_f
Chr01	209837	389720	-0.144377	-0.131633	-0.077251	-0.101481
Chr01	263920	483658	-0.185308	-0.114394	-0.072994	-0.116181
Chr01	389871	588314	-0.098074	-0.045974	-0.028447	-0.057685
Chr01	483659	697645	0.006207	0.002655	0.001652	0.006044
Chr01	588318	903832	-0.192205	-0.083946	-0.053229	-0.093593
Chr01	697673	1041956	-0.317895	-0.106305	-0.069954	-0.183088
Chr01	903862	1172415	-0.250744	-0.059106	-0.042006	-0.166393
Chr01	1042075	1322825	-0.130895	-0.031094	-0.021521	-0.092716
Chr01	1172517	1457325	-0.097633	-0.033248	-0.021504	-0.070191
Chr01	1322853	1535378	-0.064465	-0.030835	-0.019334	-0.044713
Chr01	1457339	1641498	-0.221448	-0.119969	-0.070988	-0.161359
Chr01	1535443	1739568	-0.355320	-0.208900	-0.113150	-0.269347
Chr01	1641516	1897580	-0.378362	-0.176601	-0.090329	-0.290767
Chr01	1739594	2067954	-0.318452	-0.126516	-0.068477	-0.234471
Chr01	1897615	2205026	-0.218469	-0.085081	-0.052723	-0.151248
Chr01	2067975	2268285	-0.206632	-0.094612	-0.060831	-0.127245
Chr01	2205046	2420580	-0.102938	-0.074520	-0.044229	-0.062451
Chr01	2268312	2497147	-0.052687	-0.043301	-0.024848	-0.030252
Chr01	2420615	2614506	-0.128917	-0.110336	-0.059205	-0.066854
Chr01	2498388	2674578	-0.041579	-0.037945	-0.019848	-0.019748
Chr01	2614525	2721817	-0.025711	-0.027095	-0.012283	-0.010702
Chr01	2674615	2792658	-0.257590	-0.277302	-0.115684	-0.144250
Chr01	2721854	2902616	-0.327675	-0.291127	-0.148190	-0.199561
Chr01	2793024	3000148	-0.159590	-0.115286	-0.068998	-0.091643
Chr01	2902654	3121813	0.047154	0.023016	0.015495	0.026385
Chr01	3001971	3250364	-0.048405	-0.018342	-0.011983	-0.030397
Chr01	3122049	3409201	-0.157264	-0.060885	-0.036364	-0.099484
Chr01	3251363	3539086	-0.167108	-0.063326	-0.039782	-0.107294
Chr01	3409207	3778926	0.000160	0.000049	0.000033	-0.002998
Chr01	3539218	3895307	-0.012548	-0.004760	-0.002999	-0.016206
Chr01	3778966	4028096	-0.295620	-0.169293	-0.088093	-0.204392
Chr01	3895308	4149983	-0.165949	-0.065052	-0.039662	-0.102945
Chr01	4028260	4298237	-0.295782	-0.109305	-0.069167	-0.204920
Chr01	4150082	4415280	-0.543573	-0.307372	-0.173384	-0.393436
Chr01	4298295	4491297	-0.317975	-0.275211	-0.155116	-0.195633
Chr01	4415328	4648440	-0.081942	-0.033668	-0.023117	-0.050353
Chr01	4491305	4797160	-0.345305	-0.133499	-0.083033	-0.246467
Chr01	4648826	4965852	-0.508276	-0.178295	-0.112703	-0.365740
Chr01	4797410	5187301	-0.454907	-0.118062	-0.080064	-0.318618
Chr01	4966762	5499013	-0.283754	-0.078090	-0.050974	-0.183193
Chr01	5187410	5694973	-0.139063	-0.047037	-0.031130	-0.089501
Chr01	5499038	5858064	-0.113527	-0.040114	-0.026942	-0.075292
Chr01	5695027	5976113	-0.151680	-0.068955	-0.040989	-0.090873
Chr01	5858098	6125352	0.031919	0.012935	0.007817	0.021166
Chr01	5976117	6291146	-0.204019	-0.074282	-0.048084	-0.171807
Chr01	6125358	6599484	-0.481423	-0.178075	-0.112392	-0.374086
Chr01	6291161	6902121	-0.290816	-0.082969	-0.054970	-0.221217
Chr01	6599595	7122286	-0.170203	-0.046110	-0.033394	-0.144121
Chr01	6902161	7308817	-0.288837	-0.103634	-0.072790	-0.220889
Chr01	7122433	7409347	-0.402073	-0.229573	-0.132050	-0.288275
Chr01	7308822	7583477	-0.268130	-0.096878	-0.062384	-0.187252
Chr01	7409674	7735570	-0.456937	-0.172980	-0.102264	-0.321392
Chr01	7583478	7891844	-0.513356	-0.218348	-0.125830	-0.367586
Chr01	7735601	8017565	-0.302432	-0.127223	-0.073877	-0.212961
Chr01	7891913	8187943	-0.245500	-0.089471	-0.053649	-0.170434
Chr01	8017639	8371013	-0.362652	-0.089898	-0.061482	-0.264540
Chr01	8187953	8501245	-0.568753	-0.196569	-0.121966	-0.464386
Chr01	8371396	8612354	-0.536130	-0.319424	-0.154956	-0.394059
Chr01	8501594	8687708	-0.235163	-0.140055	-0.072069	-0.159795
Chr01	8612428	8874457	-0.091023	-0.050529	-0.028687	-0.052777
Chr01	8687776	9125534	-0.121175	-0.070377	-0.039369	-0.057513
Chr01	8874473	9321240	-0.238371	-0.079328	-0.052054	-0.133421
Chr01	9125583	9508749	-0.472883	-0.155481	-0.096436	-0.357148
Chr01	9321303	9695348	-0.342455	-0.151977	-0.088393	-0.281325
Chr01	9508776	9850847	-0.013594	-0.006329	-0.004170	-0.013331
Chr01	9695422	9950029	0.077352	0.032332	0.023294	0.047614
Chr01	9850948	10066340	-0.117551	-0.046051	-0.031803	-0.079939
Chr01	9950053	10206869	-0.195156	-0.094698	-0.056157	-0.121789
Chr01	10066362	10363501	0.161621	0.075467	0.046126	0.102436
Chr01	10206876	10515683	-0.025415	-0.009444	-0.006126	-0.023691
Chr01	10363524	10993613	-0.493129	-0.243113	-0.143139	-0.404355
Chr01	10515689	11176230	-0.576301	-0.380136	-0.206559	-0.460014
Chr01	10993668	11304036	-0.494036	-0.276078	-0.145830	-0.360330
Chr01	11176423	11472993	-0.154667	-0.056723	-0.036386	-0.109053
Chr01	11304148	11572485	0.095683	0.035799	0.025409	0.071876
Chr01	11473016	11698584	0.002331	0.001170	0.000738	0.003372
Chr01	11572486	11803151	0.019312	0.008987	0.005517	0.014342
Chr01	11698717	12055996	0.087055	0.045482	0.028129	0.048833
Chr01	11803176	12168284	-0.049482	-0.022506	-0.014883	-0.036492
Chr01	12056015	12332482	-0.563565	-0.249437	-0.137269	-0.421168
Chr01	12168367	12440270	-0.481589	-0.227875	-0.119416	-0.382181
Chr01	12332501	12580217	-0.087506	-0.044429	-0.021083	-0.054186
Chr01	12440348	12821760	-0.471248	-0.185626	-0.093930	-0.394178
Chr01	12580255	13125886	-0.763749	-0.182338	-0.115219	-0.679361
Chr01	12821783	13315732	-0.517379	-0.107984	-0.071010	-0.424746
Chr01	13125927	13591810	-0.292500	-0.076943	-0.046822	-0.224294
Chr01	13315826	13801043	-0.376718	-0.105091	-0.063679	-0.302101
Chr01	13591906	14003526	-0.140937	-0.042878	-0.025409	-0.109028
Chr01	13801179	14119534	0.002168	0.000853	0.000496	0.000311
Chr01	14003528	14282169	-0.242310	-0.112255	-0.065308	-0.157751
Chr01	14119623	14405796	-0.257541	-0.085945	-0.055252	-0.197482
Chr01	14282175	14595477	-0.414999	-0.152595	-0.086367	-0.333723
Chr01	14405818	14724866	-0.472688	-0.184314	-0.102834	-0.393138
Chr01	14595485	14887925	-0.277589	-0.084724	-0.054172	-0.219239
Chr01	14725016	15033073	-0.379463	-0.126038	-0.077734	-0.288118
Chr01	14888163	15146638	-0.324763	-0.132660	-0.078771	-0.238807
Chr01	15033152	15298485	-0.308388	-0.145567	-0.072568	-0.222885
Chr01	15146655	15473620	-0.477084	-0.209651	-0.099284	-0.367359
Chr01	15298533	15625475	-0.391668	-0.145158	-0.078454	-0.274148
Chr01	15473846	15955988	-0.218918	-0.078851	-0.048293	-0.122336
Chr01	15625511	16199325	0.019177	0.006775	0.004365	0.014145
Chr01	15956756	16376607	0.175908	0.053336	0.035125	0.105065
Chr01	16199605	16528946	-0.012450	-0.005404	-0.003092	-0.005850
Chr01	16376832	16648684	-0.459314	-0.308251	-0.154171	-0.351637
Chr01	16528954	16847263	-0.534059	-0.259982	-0.140663	-0.435264
Chr01	16648797	17017946	-0.227760	-0.074390	-0.045901	-0.179493
Chr01	16847362	17218180	-0.219478	-0.059681	-0.037748	-0.183026
Chr01	17018283	17348896	-0.452518	-0.147251	-0.085700	-0.369541
Chr01	17218205	17467910	-0.503125	-0.265468	-0.135830	-0.367424
Chr01	17348976	17545179	-0.259622	-0.187552	-0.092284	-0.170029
Chr01	17468017	17726957	-0.010542	-0.004194	-0.002606	-0.012045
Chr01	17545226	17964035	-0.039318	-0.011428	-0.007392	-0.033637
Chr01	17727083	18116867	-0.264109	-0.100370	-0.060564	-0.185083
Chr01	17964090	18243322	-0.411020	-0.224528	-0.124835	-0.297293
Chr01	18116900	18337536	-0.477710	-0.279662	-0.156007	-0.326430
Chr01	18243330	18452532	-0.637014	-0.480338	-0.256923	-0.498409
Chr01	18337537	18563184	-0.668870	-0.504373	-0.280000	-0.544823
Chr01	18452535	18660777	-0.585263	-0.359668	-0.215907	-0.425108
Chr01	18563188	18829202	-0.356159	-0.152616	-0.095980	-0.266165
Chr01	18661194	18986951	-0.143816	-0.051399	-0.032910	-0.104745
Chr01	18829239	19179658	-0.269152	-0.091591	-0.054220	-0.185267
Chr01	18987324	19293428	-0.279288	-0.109343	-0.062333	-0.187410
Chr01	19180162	19490173	-0.092732	-0.027151	-0.015842	-0.058950
Chr01	19294311	19706835	-0.459535	-0.132054	-0.066493	-0.359560
Chr01	19490489	19917306	-0.559094	-0.197656	-0.097524	-0.466927
Chr01	19707091	20017591	-0.161527	-0.053906	-0.032852	-0.126091
Chr01	19917373	20146825	-0.255738	-0.120409	-0.067600	-0.193874
Chr01	20017626	20334010	-0.438591	-0.191617	-0.105449	-0.324652
Chr01	20146938	20487195	-0.124994	-0.041869	-0.026084	-0.087071
Chr01	20334109	20595572	-0.093439	-0.044863	-0.024704	-0.066692
Chr01	20487205	20695705	-0.171048	-0.093142	-0.049232	-0.114076
Chr01	20595872	20892805	-0.275928	-0.084572	-0.051662	-0.195135
Chr01	20695746	21067764	-0.286582	-0.084218	-0.052848	-0.224717
Chr01	20892848	21239787	-0.336178	-0.110738	-0.065466	-0.257169
Chr01	21067904	21398241	-0.691210	-0.324407	-0.144774	-0.556927
Chr01	21239791	21539022	-0.811537	-0.522598	-0.209675	-0.718037
Chr01	21398249	21670762	-0.626622	-0.260685	-0.130947	-0.527257
Chr01	21539041	21832416	-0.106360	-0.028455	-0.016907	-0.081420
Chr01	21670764	22012496	-0.136751	-0.039023	-0.023243	-0.114691
Chr01	21832650	22148318	-0.358626	-0.123399	-0.069532	-0.297678
Chr01	22012520	22295550	-0.281579	-0.102439	-0.060061	-0.211784
Chr01	22148356	22469747	-0.408787	-0.164084	-0.094048	-0.317941
Chr01	22295622	22739302	-0.562965	-0.113563	-0.076896	-0.413822
Chr01	22469753	22917985	-0.408537	-0.073665	-0.051021	-0.283149
Chr01	22739406	23042667	-0.414269	-0.172053	-0.092249	-0.328343
Chr01	22918054	23130789	-0.535102	-0.302731	-0.140415	-0.453096
Chr01	23042687	23260348	-0.427627	-0.271841	-0.127214	-0.332734
Chr01	23130792	23450896	-0.389141	-0.174522	-0.091298	-0.294777
Chr01	23260643	23682410	-0.444566	-0.172404	-0.087315	-0.330106
Chr01	23450997	23818463	-0.260631	-0.087579	-0.048231	-0.176240
Chr01	23682566	23971795	-0.016711	-0.004876	-0.003216	-0.010508
Chr01	23818492	24123294	-0.278778	-0.094311	-0.065085	-0.217131
Chr01	23971868	24238614	-0.660699	-0.344063	-0.215628	-0.536780
Chr01	24123379	24427174	-0.431874	-0.240151	-0.134143	-0.325030
Chr01	24238679	24557128	-0.146418	-0.064487	-0.034285	-0.105181
Chr01	24427181	24775021	-0.390456	-0.164392	-0.083762	-0.289802
Chr01	24557268	24977932	-0.482403	-0.174580	-0.094665	-0.344564
Chr01	24775781	25150388	-0.408032	-0.128867	-0.075233	-0.300797
Chr01	24978255	25296903	-0.324538	-0.081984	-0.052544	-0.242088
Chr01	25150483	25596368	0.350015	0.054529	0.045063	0.276311
Chr01	25296907	25698999	0.275284	0.049318	0.039675	0.242124
Chr01	25596490	25879673	-0.466923	-0.142408	-0.071437	-0.364874
Chr01	25699096	26155420	-0.512574	-0.172418	-0.076710	-0.350087
Chr01	25879677	26389188	-0.292982	-0.126407	-0.061695	-0.198683
Chr01	26155427	26541149	-0.382922	-0.170187	-0.088782	-0.305274
Chr01	26389356	26679160	-0.130897	-0.059830	-0.032796	-0.097996
Chr01	26541175	26739557	0.039775	0.026824	0.013418	0.025774
Chr01	26679173	26806663	-0.261295	-0.232333	-0.108564	-0.152705
Chr01	26739561	26884254	-0.063126	-0.042603	-0.021325	-0.034916
Chr01	26806727	26993853	-0.185055	-0.102954	-0.054413	-0.095830
Chr01	26884280	27144557	-0.067141	-0.028507	-0.018849	-0.046623
Chr01	26993912	27301336	-0.096582	-0.031746	-0.021163	-0.075260
Chr01	27145207	27564997	-0.477738	-0.130998	-0.085273	-0.324317
Chr01	27301368	27718384	-0.696427	-0.199932	-0.123551	-0.369369
Chr01	27565008	27849946	-0.647561	-0.343233	-0.163134	-0.468575
Chr01	27718404	28041507	-0.474207	-0.169978	-0.096457	-0.367648
Chr01	27850018	28168380	-0.220495	-0.056521	-0.036678	-0.154303
Chr01	28041858	28292952	-0.043909	-0.019119	-0.011942	-0.037719
Chr01	28168411	28440621	-0.114685	-0.058053	-0.034519	-0.093758
Chr01	28292961	28584718	-0.624097	-0.424637	-0.198631	-0.520551
Chr01	28440666	28691958	-0.807622	-0.707079	-0.303301	-0.718067
Chr01	28584755	28873805	-0.683356	-0.466884	-0.245780	-0.528843
Chr01	28691971	29097342	-0.298617	-0.071653	-0.053094	-0.179864
Chr01	28873847	29245324	-0.363862	-0.095031	-0.061980	-0.236805
Chr01	29097361	29367677	-0.603989	-0.322361	-0.152971	-0.425073
Chr01	29245382	29614747	-0.577812	-0.160493	-0.105509	-0.457606
Chr01	29367686	29737732	-0.537815	-0.132842	-0.089443	-0.448742
Chr01	29614845	29863134	-0.372575	-0.138965	-0.080677	-0.301562
Chr01	29737760	30041033	-0.172568	-0.050599	-0.032347	-0.122925
Chr01	29863199	30173499	-0.407553	-0.109257	-0.071201	-0.286200
Chr01	30041035	30361681	-0.348706	-0.080407	-0.054858	-0.249747
Chr01	30173502	30463418	-0.051760	-0.013090	-0.009183	-0.037952
Chr01	30361731	30637494	-0.140067	-0.053881	-0.032465	-0.101887
Chr01	30463427	30750057	-0.276930	-0.138181	-0.068925	-0.203010
Chr01	30640532	30920076	-0.239128	-0.099469	-0.053712	-0.168614
Chr01	30750557	31078947	-0.350115	-0.134271	-0.078740	-0.245997
Chr01	30920078	31231356	-0.295816	-0.117768	-0.069064	-0.223115
Chr01	31079469	31354368	-0.144061	-0.058387	-0.034566	-0.089857
Chr01	31231394	31425187	-0.367442	-0.198228	-0.111986	-0.211627
Chr01	31354385	31519866	-0.343373	-0.124490	-0.082918	-0.202539
Chr01	31425190	31601978	-0.190336	-0.088673	-0.055812	-0.110256
Chr01	31519903	31687236	-0.165251	-0.129714	-0.069905	-0.093570
Chr01	31602256	31805584	-0.233646	-0.122448	-0.079094	-0.128791
Chr01	31687267	31902365	-0.438094	-0.230979	-0.135873	-0.281514
Chr01	31806192	31984014	-0.616935	-0.503419	-0.227059	-0.490752
Chr01	31902419	32086570	-0.591827	-0.345057	-0.174201	-0.486552
Chr01	31984027	32225253	-0.240674	-0.093565	-0.054942	-0.162888
Chr01	32086578	32368470	-0.191274	-0.082186	-0.046758	-0.128990
Chr01	32225281	32755714	-0.405911	-0.123525	-0.070204	-0.299595
Chr01	32374116	32975977	-0.319157	-0.063804	-0.040995	-0.215835
Chr01	32755775	33149229	-0.377077	-0.088253	-0.058530	-0.264019
Chr01	32976625	33226918	-0.570467	-0.208009	-0.124210	-0.457695
Chr01	33149623	33325408	-0.378094	-0.175295	-0.100714	-0.261121
Chr01	33227044	33448307	-0.183640	-0.098381	-0.054933	-0.113469
Chr01	33325415	33606069	-0.472551	-0.200822	-0.123775	-0.351541
Chr01	33448508	33754623	-0.478577	-0.189156	-0.114624	-0.366801
Chr01	33606098	33902007	-0.122071	-0.048755	-0.029384	-0.088595
Chr01	33754645	34085536	-0.047788	-0.019633	-0.011545	-0.032761
Chr01	33902013	34295427	-0.349630	-0.113148	-0.065735	-0.258436
Chr01	34085547	34427188	-0.296456	-0.071297	-0.046320	-0.218157
Chr01	34295507	34579554	-0.145250	-0.041454	-0.027072	-0.104557
Chr01	34427206	34738124	-0.246990	-0.086211	-0.049067	-0.179866
Chr01	34579575	34828487	-0.379975	-0.157404	-0.087138	-0.287823
Chr01	34738146	34965071	-0.331773	-0.127813	-0.075086	-0.262955
Chr01	34828494	35115021	-0.464532	-0.128208	-0.081534	-0.365910
Chr01	34965084	35251487	-0.680752	-0.217420	-0.145162	-0.530436
Chr01	35115156	35404327	-0.620611	-0.276098	-0.164554	-0.488136
Chr01	35251534	35500122	-0.619286	-0.314471	-0.178600	-0.503317
Chr01	35404359	35588733	-0.475862	-0.320348	-0.165549	-0.380699
Chr01	35500130	35691073	-0.080348	-0.048710	-0.025793	-0.053524
Chr01	35588776	35803010	0.080388	0.035439	0.022607	0.054979
Chr01	35691101	35895298	0.037821	0.015430	0.010274	0.028848
Chr01	35803047	35998337	-0.169999	-0.085419	-0.054356	-0.102104
Chr01	35895368	36199267	-0.472527	-0.223121	-0.128066	-0.347688
Chr01	35998338	36330823	-0.370354	-0.142945	-0.079405	-0.259304
Chr01	36200380	36430849	-0.191076	-0.066375	-0.038053	-0.116270
Chr01	36330827	36634693	-0.328296	-0.089424	-0.057704	-0.215374
Chr01	36430851	36724954	-0.484116	-0.151991	-0.101477	-0.369171
Chr01	36634694	36815072	-0.483376	-0.229315	-0.134623	-0.398980
Chr01	36725007	36969392	-0.494307	-0.214258	-0.115830	-0.406568
Chr01	36815089	37083774	-0.519467	-0.216488	-0.111834	-0.401756
Chr01	36969395	37220064	-0.437929	-0.156802	-0.088440	-0.356959
Chr01	37083781	37341677	-0.652247	-0.232072	-0.140173	-0.581846
Chr01	37221275	37467752	-0.845582	-0.395638	-0.200537	-0.725650
Chr01	37341687	37572608	-0.868699	-0.598134	-0.241469	-0.756799
Chr01	37467815	37690626	-0.696206	-0.437538	-0.198093	-0.613897
Chr01	37572691	37812165	-0.233773	-0.084125	-0.051868	-0.183495
Chr01	37690869	38024051	-0.182411	-0.050195	-0.031299	-0.141932
Chr01	37812175	38193821	-0.260198	-0.064910	-0.038994	-0.192087
Chr01	38024103	38324244	-0.266267	-0.079761	-0.048829	-0.194811
Chr01	38193880	38477667	-0.164084	-0.053846	-0.033921	-0.111858
Chr01	38324255	38685650	-0.017765	-0.003476	-0.002321	-0.009158
Chr01	38477766	38789066	-0.296058	-0.057513	-0.035687	-0.211740
Chr01	38685657	38984424	-0.581945	-0.182749	-0.095582	-0.471708
Chr01	38789083	39190596	-0.522925	-0.178019	-0.095658	-0.388715
Chr01	38984433	39304262	-0.352452	-0.101264	-0.062315	-0.277338
Chr01	39190599	39476525	-0.515507	-0.114482	-0.072081	-0.470280
Chr01	39304332	39652994	-0.793417	-0.195900	-0.120648	-0.732418
Chr01	39476782	39908690	-0.846090	-0.185057	-0.114877	-0.758272
Chr01	39653418	40130713	-0.747891	-0.113872	-0.074347	-0.634938
Chr01	39908691	40508349	-0.449964	-0.057198	-0.038031	-0.365322
Chr01	40130815	40768613	-0.511386	-0.106123	-0.062578	-0.406821
Chr01	40508388	40930556	-0.782856	-0.380456	-0.166704	-0.685342
Chr01	40768716	41162720	-0.784057	-0.247712	-0.123079	-0.677489
Chr01	40930597	41307442	-0.846755	-0.330474	-0.157228	-0.755486
Chr01	41162915	41520300	-0.685203	-0.245554	-0.127072	-0.588168
Chr01	41307479	41638745	-0.390852	-0.097002	-0.055459	-0.320437
Chr01	41520326	41812563	-0.708937	-0.314339	-0.149424	-0.658071
Chr01	41639099	42161806	-0.740773	-0.256605	-0.114971	-0.659280
Chr01	41812576	42414221	-0.504785	-0.078225	-0.045311	-0.419557
Chr01	42161894	42591451	-0.061348	-0.006644	-0.005198	-0.057615
Chr01	42414582	42884544	-0.120600	-0.012252	-0.010011	-0.099779
Chr01	42591601	43804933	-0.651883	-0.130213	-0.080242	-0.590852
Chr01	42886424	44041476	-0.683627	-0.295116	-0.131192	-0.654879
Chr01	43805011	44233143	-0.789688	-0.411134	-0.178900	-0.769862
Chr01	44041531	44908879	-0.887125	-0.397140	-0.167923	-0.862102
Chr01	44233166	45834044	-0.855281	-0.378376	-0.136300	-0.820982
Chr01	44908935	46051040	-0.904948	-0.517099	-0.176300	-0.873368
Chr01	45834093	46281580	-0.883952	-0.458460	-0.205198	-0.859895
Chr01	46051440	46497023	-0.752520	-0.312740	-0.144966	-0.725569
Chr01	46281655	46692803	-0.708457	-0.259851	-0.126284	-0.668000
Chr01	46497344	46844957	-0.783349	-0.255815	-0.135317	-0.725476
Chr01	46692872	47094965	-0.697692	-0.173079	-0.094900	-0.618821
Chr01	46844999	47328321	-0.360386	-0.041978	-0.029673	-0.281809
Chr01	47095019	47481716	0.125307	0.016622	0.011709	0.102137
Chr01	47328455	47645841	0.205824	0.054064	0.027503	0.187211
Chr01	47481901	47833255	0.098987	0.027530	0.013380	0.091743
Chr01	47645881	48009906	-0.418531	-0.111076	-0.060864	-0.313392
Chr01	47833327	48130805	-0.162228	-0.044643	-0.027734	-0.133780
Chr01	48009993	48279619	0.103886	0.026181	0.018083	0.078488
Chr01	48130837	48393336	-0.122189	-0.024813	-0.017547	-0.097947
Chr01	48279672	48521011	-0.071403	-0.014114	-0.009963	-0.056396
Chr01	48393345	48621591	-0.074997	-0.015343	-0.010325	-0.049202
Chr01	48521135	48802380	-0.191073	-0.034631	-0.025172	-0.126650
Chr01	48621618	48890545	-0.685398	-0.250714	-0.137869	-0.511955
Chr01	48802382	49000059	-0.789363	-0.614161	-0.216226	-0.592002
Chr01	48890646	49147281	-0.566520	-0.244179	-0.118957	-0.409291
Chr01	49000098	49210800	-0.782688	-0.578627	-0.249100	-0.664325
Chr01	49147371	49298897	-0.786248	-0.884710	-0.325492	-0.712214
Chr01	49210969	49434109	-0.487274	-0.266085	-0.130791	-0.436793
Chr01	49300417	49596383	-0.260351	-0.075045	-0.045774	-0.207694
Chr01	49434199	49775510	-0.368440	-0.061055	-0.045145	-0.235814
Chr01	49596409	49946787	-0.544181	-0.075233	-0.055426	-0.328609
Chr01	49775545	50032858	-0.474317	-0.111217	-0.077769	-0.339424
Chr01	49946816	50133255	-0.309902	-0.119036	-0.089536	-0.254518
Chr01	50032864	50254577	-0.194713	-0.058199	-0.046359	-0.138482
Chr01	50133298	50410956	-0.164991	-0.044286	-0.034299	-0.122716
Chr01	50254688	50617020	-0.345992	-0.105223	-0.076268	-0.320747
Chr01	50410967	50737712	-0.491134	-0.151014	-0.112054	-0.448716
Chr01	50617047	51009855	-0.222293	-0.048149	-0.040395	-0.159161
Chr01	50738270	51139261	0.365076	0.090992	0.080333	0.260282
Chr01	51009861	51740014	0.142936	0.049301	0.033554	0.120850
Chr01	51139303	52360696	-0.443678	-0.169165	-0.084552	-0.303565
Chr02	143364	657824	-0.347195	-0.091538	-0.061020	-0.255918
Chr02	463581	742017	-0.272225	-0.127518	-0.074482	-0.205051
Chr02	657842	918307	-0.153118	-0.060477	-0.036952	-0.117635
Chr02	742029	1199103	-0.150693	-0.034606	-0.024657	-0.121871
Chr02	918326	1366232	-0.065423	-0.014285	-0.010724	-0.049300
Chr02	1199206	1466149	0.023087	0.007897	0.005947	0.016698
Chr02	1366311	1711090	-0.107784	-0.028726	-0.020345	-0.075287
Chr02	1466192	1937461	-0.247082	-0.053185	-0.035556	-0.173382
Chr02	1711093	2102493	-0.220734	-0.066983	-0.039835	-0.149677
Chr02	1937772	2263118	-0.260927	-0.092000	-0.055319	-0.186545
Chr02	2103669	2352753	-0.032640	-0.011419	-0.007818	-0.026574
Chr02	2263238	2495596	0.145670	0.063689	0.040831	0.091716
Chr02	2352800	2643428	-0.077463	-0.036212	-0.021091	-0.038245
Chr02	2495881	2826006	-0.223292	-0.095076	-0.059288	-0.137735
Chr02	2643456	2919007	-0.425713	-0.220506	-0.128531	-0.298242
Chr02	2826115	3085634	-0.446378	-0.273174	-0.145494	-0.303781
Chr02	2919038	3276906	-0.392058	-0.156335	-0.094060	-0.231294
Chr02	3085719	3403298	-0.314678	-0.144233	-0.083587	-0.179839
Chr02	3276974	3508592	-0.134561	-0.089102	-0.043399	-0.077499
Chr02	3403320	3701839	-0.335162	-0.160383	-0.083900	-0.225368
Chr02	3508619	3868711	-0.413022	-0.195106	-0.097025	-0.308520
Chr02	3701865	4040563	-0.248289	-0.096603	-0.052385	-0.175456
Chr02	3868784	4166700	-0.178555	-0.060314	-0.035955	-0.132231
Chr02	4040620	4392646	-0.341446	-0.143915	-0.073915	-0.279796
Chr02	4166722	4550390	-0.382969	-0.130799	-0.070881	-0.303011
Chr02	4392661	4645843	-0.357698	-0.124370	-0.078808	-0.280248
Chr02	4550491	4838298	-0.179658	-0.073860	-0.055845	-0.121322
Chr02	4645853	5010366	0.001888	0.000749	0.000542	0.002435
Chr02	4838361	5178906	-0.045331	-0.016063	-0.010493	-0.025761
Chr02	5010367	5332658	-0.145530	-0.042398	-0.025881	-0.109471
Chr02	5178941	5401603	-0.246265	-0.102497	-0.053822	-0.180989
Chr02	5332661	5533822	-0.323002	-0.139858	-0.078489	-0.221737
Chr02	5401611	5692279	-0.477146	-0.169980	-0.097225	-0.342459
Chr02	5533857	5877789	-0.411750	-0.144028	-0.079314	-0.306038
Chr02	5692281	6083354	-0.461374	-0.163156	-0.093037	-0.383296
Chr02	5877816	6355789	-0.582812	-0.190829	-0.101577	-0.486790
Chr02	6083388	6659363	-0.592804	-0.168164	-0.080698	-0.423389
Chr02	6355801	6833085	-0.456424	-0.122673	-0.065677	-0.303349
Chr02	6659609	7061782	-0.409667	-0.122472	-0.072185	-0.291170
Chr02	6833126	7255655	-0.388908	-0.124653	-0.071201	-0.273870
Chr02	7061826	7441991	-0.221210	-0.057282	-0.035798	-0.138054
Chr02	7255675	7745349	-0.283178	-0.064183	-0.042121	-0.182263
Chr02	7442324	8115657	-0.381532	-0.063648	-0.044480	-0.278801
Chr02	7747057	8275116	-0.345610	-0.068007	-0.046949	-0.263656
Chr02	8115755	8540987	-0.389970	-0.110031	-0.069941	-0.305993
Chr02	8275329	8745667	-0.414976	-0.104855	-0.065405	-0.316535
Chr02	8541087	8885358	-0.362343	-0.098788	-0.060389	-0.258331
Chr02	8745671	9098109	-0.340691	-0.081430	-0.056301	-0.237754
Chr02	8885366	9303512	-0.232168	-0.055129	-0.037810	-0.158321
Chr02	9098650	9570384	-0.106851	-0.039915	-0.024624	-0.076647
Chr02	9304564	9665624	0.054620	0.033282	0.021747	0.026359
Chr02	9570397	9810638	-0.019722	-0.009504	-0.005993	-0.011127
Chr02	9665987	10052473	-0.285750	-0.098996	-0.054828	-0.208598
Chr02	9810645	10312130	-0.399179	-0.107323	-0.062722	-0.308307
Chr02	10052723	10518388	-0.390751	-0.097088	-0.061055	-0.300449
Chr02	10312220	10667445	-0.320544	-0.097192	-0.057215	-0.238846
Chr02	10518619	10831917	-0.280116	-0.092791	-0.052532	-0.216546
Chr02	10667481	11014736	-0.252803	-0.084079	-0.048674	-0.196270
Chr02	10831918	11099194	-0.105875	-0.036919	-0.023807	-0.068571
Chr02	11014948	11223130	-0.241937	-0.108656	-0.064622	-0.169422
Chr02	11099242	11399032	-0.477695	-0.263943	-0.129523	-0.380321
Chr02	11223153	11592725	-0.530703	-0.242845	-0.128572	-0.428035
Chr02	11399076	11756075	-0.498284	-0.174849	-0.100638	-0.417025
Chr02	11592737	11943296	-0.588822	-0.241806	-0.128312	-0.515713
Chr02	11756090	12128064	-0.578601	-0.277764	-0.141023	-0.499931
Chr02	11943369	12355226	-0.203754	-0.070587	-0.042410	-0.168906
Chr02	12128086	12504148	-0.086816	-0.027163	-0.016805	-0.066099
Chr02	12355232	12676714	-0.174209	-0.062253	-0.033168	-0.105133
Chr02	12504153	12916068	-0.347647	-0.100258	-0.053839	-0.224792
Chr02	12676749	13053312	-0.253847	-0.072060	-0.041744	-0.185313
Chr02	12916190	13206299	-0.037119	-0.014295	-0.008323	-0.022388
Chr02	13053346	13344586	-0.362458	-0.165288	-0.087663	-0.277766
Chr02	13206374	13582064	-0.303246	-0.099336	-0.055032	-0.241611
Chr02	13344644	13704102	-0.146508	-0.046521	-0.024180	-0.103206
Chr02	13582067	13907043	-0.174897	-0.064416	-0.034291	-0.119085
Chr02	13704198	14093392	-0.260401	-0.089191	-0.055615	-0.198613
Chr02	13907232	14281926	-0.368625	-0.137477	-0.081125	-0.282494
Chr02	14093401	14364762	-0.299285	-0.124424	-0.070043	-0.189746
Chr02	14282095	14470750	-0.100673	-0.063543	-0.037346	-0.059627
Chr02	14364772	14741537	-0.044441	-0.011208	-0.007433	-0.027250
Chr02	14470757	14997517	-0.168364	-0.032135	-0.020582	-0.107727
Chr02	14741573	15234160	-0.379005	-0.088008	-0.054269	-0.289692
Chr02	14997519	15399690	-0.511421	-0.155816	-0.091054	-0.415429
Chr02	15234379	15566244	-0.287684	-0.103995	-0.057578	-0.228217
Chr02	15399716	15733527	-0.175738	-0.064418	-0.034985	-0.135109
Chr02	15566247	15954565	-0.388360	-0.130133	-0.069203	-0.306136
Chr02	15735795	16118525	-0.581564	-0.229651	-0.109660	-0.480232
Chr02	15954618	16350908	-0.637017	-0.311321	-0.135411	-0.529268
Chr02	16118856	16556568	-0.498858	-0.155160	-0.084914	-0.408179
Chr02	16351794	16765308	-0.322041	-0.079789	-0.048833	-0.236028
Chr02	16556697	16935526	-0.287164	-0.087380	-0.049635	-0.203801
Chr02	16765396	17054018	-0.320747	-0.129054	-0.066570	-0.206215
Chr02	16935551	17168294	-0.348175	-0.233236	-0.090989	-0.188205
Chr02	17054045	17254130	-0.081369	-0.083640	-0.031964	-0.041743
Chr02	17168325	17324205	0.498034	0.371595	0.276841	0.383346
Chr02	17254189	17467169	0.399550	0.270614	0.174272	0.327674
Chr02	17324215	17565616	-0.154519	-0.079290	-0.041797	-0.094768
Chr02	17467191	17682583	-0.367587	-0.165066	-0.087195	-0.258759
Chr02	17565701	17823530	-0.275001	-0.099362	-0.055636	-0.216134
Chr02	17682681	17986541	-0.525709	-0.205202	-0.090772	-0.438514
Chr02	17823609	18139652	-0.638088	-0.288649	-0.112014	-0.486113
Chr02	17986554	18445955	-0.176808	-0.040187	-0.026210	-0.111334
Chr02	18139653	18627131	-0.107977	-0.024037	-0.015897	-0.078724
Chr02	18445984	18787418	-0.353812	-0.130491	-0.068620	-0.283289
Chr02	18627215	18981003	-0.665549	-0.309127	-0.147300	-0.596276
Chr02	18787431	19187228	-0.669036	-0.273484	-0.141362	-0.594127
Chr02	18981005	19311259	-0.669565	-0.308981	-0.158359	-0.589590
Chr02	19187274	19432223	-0.795209	-0.550438	-0.232873	-0.698608
Chr02	19311273	19605469	-0.559085	-0.263209	-0.122895	-0.425384
Chr02	19432250	19753413	0.064866	0.020248	0.012061	0.045724
Chr02	19605489	19875895	-0.194915	-0.119574	-0.061653	-0.125120
Chr02	19753530	19961791	-0.347439	-0.286040	-0.115625	-0.196177
Chr02	19875962	20091529	-0.167742	-0.090265	-0.046699	-0.089927
Chr02	19962152	20154516	-0.063595	-0.039205	-0.019471	-0.047653
Chr02	20091579	20210672	-0.181555	-0.161176	-0.067546	-0.137823
Chr02	20154544	20382290	-0.583929	-0.481892	-0.205635	-0.445922
Chr02	20210754	20496459	-0.742998	-0.538129	-0.224335	-0.639249
Chr02	20382332	20636033	-0.673496	-0.424562	-0.177945	-0.541904
Chr02	20496472	20777918	-0.434269	-0.169412	-0.092144	-0.292291
Chr02	20636115	20994359	-0.507608	-0.161073	-0.092719	-0.393025
Chr02	20778002	21162175	-0.422172	-0.107097	-0.064330	-0.331384
Chr02	20994443	21355669	-0.342972	-0.099660	-0.057676	-0.271096
Chr02	21162182	21479303	-0.388972	-0.166596	-0.083560	-0.311751
Chr02	21355852	21675739	-0.349573	-0.145593	-0.079978	-0.252288
Chr02	21479304	21796723	-0.175943	-0.076476	-0.042466	-0.127829
Chr02	21675852	21939306	-0.312354	-0.150400	-0.075656	-0.249422
Chr02	21796783	22107487	-0.503658	-0.261443	-0.118897	-0.420956
Chr02	21939370	22328923	-0.499259	-0.250681	-0.110211	-0.439668
Chr02	22107490	22554644	-0.490174	-0.193889	-0.096223	-0.436048
Chr02	22329056	22702713	-0.361921	-0.151847	-0.074074	-0.293410
Chr02	22554700	22873623	-0.395958	-0.149414	-0.075328	-0.325433
Chr02	22702836	23029532	-0.564677	-0.235288	-0.106203	-0.465590
Chr02	22873744	23430601	-0.589666	-0.422775	-0.147178	-0.458432
Chr02	23029559	23577214	-0.522184	-0.224965	-0.114776	-0.412042
Chr02	23430605	23755814	-0.413007	-0.141203	-0.074628	-0.331695
Chr02	23577225	23917891	-0.428927	-0.186453	-0.082720	-0.344509
Chr02	23756089	24122403	-0.611997	-0.285648	-0.127627	-0.507168
Chr02	23918670	24247669	-0.646229	-0.259000	-0.138300	-0.527814
Chr02	24122413	24399680	-0.462976	-0.171334	-0.103374	-0.358823
Chr02	24247700	24549670	-0.442996	-0.193864	-0.115742	-0.347411
Chr02	24399757	24663557	-0.395937	-0.249349	-0.127404	-0.307565
Chr02	24549697	24862391	-0.212481	-0.098108	-0.059095	-0.170764
Chr02	24663564	24986637	-0.406044	-0.188528	-0.109503	-0.331737
Chr02	24862808	25175815	-0.580300	-0.222070	-0.126763	-0.447731
Chr02	24986700	25335854	-0.020370	-0.005289	-0.003817	-0.020440
Chr02	25175823	25511935	0.309908	0.087823	0.066649	0.248299
Chr02	25336045	25650228	-0.037228	-0.010765	-0.007226	-0.032092
Chr02	25512365	25808854	-0.306473	-0.082504	-0.050768	-0.222598
Chr02	25650261	25993893	-0.092576	-0.023395	-0.012023	-0.039686
Chr02	25808952	26121218	-0.117470	-0.035859	-0.016825	-0.064687
Chr02	25993901	26233421	-0.125317	-0.038896	-0.021806	-0.090007
Chr02	26121229	26367534	-0.086703	-0.025998	-0.016744	-0.059383
Chr02	26233617	26488546	-0.309997	-0.136790	-0.078469	-0.240536
Chr02	26367542	26626072	-0.325484	-0.138548	-0.081794	-0.236757
Chr02	26488660	26740963	-0.022918	-0.007586	-0.004929	-0.013497
Chr02	26626079	27002702	-0.244110	-0.088241	-0.047255	-0.171312
Chr02	26741067	27120556	-0.552570	-0.247851	-0.114636	-0.443778
Chr02	27002719	27283746	-0.430157	-0.196890	-0.091205	-0.337792
Chr02	27121742	27529813	-0.287040	-0.077267	-0.041958	-0.216693
Chr02	27283752	27690483	-0.455715	-0.127411	-0.069294	-0.358023
Chr02	27529839	27872542	-0.404831	-0.136317	-0.072747	-0.301153
Chr02	27690511	28016850	-0.374878	-0.162487	-0.082831	-0.287295
Chr02	27872577	28272651	-0.662902	-0.283013	-0.143377	-0.586315
Chr02	28016942	28419543	-0.730638	-0.271514	-0.143048	-0.650027
Chr02	28272825	28597188	-0.558914	-0.251878	-0.123813	-0.452942
Chr02	28419578	28724245	-0.340016	-0.155989	-0.080490	-0.250896
Chr02	28597194	29047206	-0.092387	-0.023198	-0.013264	-0.066407
Chr02	28724467	29229235	-0.037010	-0.008056	-0.004611	-0.026963
Chr02	29047386	29395914	-0.203722	-0.056187	-0.032116	-0.147103
Chr02	29229415	29572112	-0.175662	-0.048684	-0.028090	-0.136729
Chr02	29396101	29736357	-0.140808	-0.040666	-0.023988	-0.105552
Chr02	29572117	29917694	-0.260715	-0.075298	-0.043198	-0.188100
Chr02	29736861	30089194	-0.342498	-0.096419	-0.055217	-0.268761
Chr02	29917705	30356392	-0.439879	-0.113679	-0.063911	-0.342219
Chr02	30089336	30457641	-0.379886	-0.115983	-0.068891	-0.313265
Chr02	30356438	30619309	-0.429534	-0.168645	-0.099297	-0.375787
Chr02	30457643	30829833	-0.496474	-0.188267	-0.100614	-0.395390
Chr02	30619321	30981762	-0.458508	-0.155762	-0.085691	-0.367579
Chr02	30829838	31111316	-0.355911	-0.122106	-0.068529	-0.289489
Chr02	30981771	31281559	-0.430818	-0.159347	-0.088191	-0.372866
Chr02	31111354	31465283	-0.716048	-0.287352	-0.143687	-0.666052
Chr02	31281567	31626467	-0.784673	-0.333969	-0.160182	-0.705642
Chr02	31467312	31782221	-0.631567	-0.271191	-0.137188	-0.558980
Chr02	31626613	31946045	-0.458419	-0.184422	-0.091344	-0.373774
Chr02	31782255	32131676	-0.390164	-0.107109	-0.055382	-0.273922
Chr02	31946218	32384392	-0.555457	-0.130794	-0.073736	-0.410573
Chr02	32131797	32521746	-0.594430	-0.185182	-0.104721	-0.499247
Chr02	32384431	32633154	-0.513084	-0.224825	-0.114398	-0.433582
Chr02	32521834	32793649	-0.496021	-0.218725	-0.107482	-0.426299
Chr02	32633513	32961324	-0.510246	-0.204312	-0.112441	-0.375701
Chr02	32793665	33137198	-0.389608	-0.128332	-0.083829	-0.263617
Chr02	32961901	33236147	-0.412586	-0.168615	-0.102384	-0.319300
Chr02	33137264	33492648	-0.349842	-0.115426	-0.067408	-0.255582
Chr02	33236165	33615742	-0.372844	-0.108060	-0.061988	-0.263270
Chr02	33492671	33763932	-0.039534	-0.014427	-0.008268	-0.036390
Chr02	33615743	33983812	0.104580	0.030236	0.016369	0.075641
Chr02	33763951	34130126	-0.432636	-0.132193	-0.065802	-0.334047
Chr02	33983819	34265358	-0.366599	-0.114665	-0.063488	-0.296790
Chr02	34130252	34405874	-0.213886	-0.068123	-0.039235	-0.156283
Chr02	34265397	34523344	-0.368224	-0.151320	-0.081423	-0.272605
Chr02	34405908	34610994	-0.567554	-0.267923	-0.131956	-0.436033
Chr02	34523380	34688349	-0.664990	-0.350037	-0.171241	-0.533578
Chr02	34611027	34783533	-0.647515	-0.360768	-0.175484	-0.527973
Chr02	34688352	34888850	-0.557308	-0.313689	-0.156185	-0.449433
Chr02	34783639	34996727	-0.439436	-0.218183	-0.102099	-0.291722
Chr02	34888899	35155734	-0.418901	-0.174700	-0.081582	-0.305879
Chr02	34996731	35371723	-0.219186	-0.067849	-0.038988	-0.180359
Chr02	35156326	35489749	-0.095468	-0.032025	-0.018576	-0.068487
Chr02	35371759	35654778	-0.368184	-0.188387	-0.096092	-0.271283
Chr02	35489794	35835587	-0.564570	-0.257848	-0.134615	-0.412852
Chr02	35654780	35949045	-0.422636	-0.197962	-0.102662	-0.250208
Chr02	35835628	36121683	-0.454193	-0.287597	-0.142535	-0.295300
Chr02	35949122	36290216	-0.586410	-0.300663	-0.148110	-0.474284
Chr02	36121728	36460606	-0.175260	-0.047851	-0.030555	-0.132718
Chr02	36290321	36602720	-0.024080	-0.004207	-0.003189	-0.014236
Chr02	36460800	36792356	-0.299626	-0.068063	-0.044758	-0.248231
Chr02	36602996	36891796	-0.494168	-0.222284	-0.110488	-0.438825
Chr02	36792458	37020840	-0.380764	-0.194575	-0.095725	-0.328977
Chr02	36891799	37132446	-0.025183	-0.010158	-0.005685	-0.005356
Chr02	37020843	37260303	0.029130	0.012257	0.006902	0.032945
Chr02	37132450	37364312	-0.217638	-0.086938	-0.046676	-0.157760
Chr02	37260364	37603464	-0.345096	-0.097018	-0.055411	-0.254745
Chr02	37364346	37725678	-0.232565	-0.070917	-0.040083	-0.187618
Chr02	37603476	37896334	-0.527050	-0.206507	-0.108726	-0.479588
Chr02	37725684	38111800	-0.745282	-0.219879	-0.116442	-0.658694
Chr02	37896526	38312951	-0.658452	-0.182287	-0.096154	-0.549281
Chr02	38112063	38471895	-0.418489	-0.095858	-0.057076	-0.330591
Chr02	38313233	38773354	-0.276880	-0.036438	-0.024798	-0.218368
Chr02	38472035	38965398	-0.503993	-0.074952	-0.050737	-0.424459
Chr02	38773486	39068445	-0.265959	-0.068252	-0.045312	-0.209789
Chr02	38965399	39214813	0.025896	0.008898	0.005637	0.016095
Chr02	39068447	39430248	-0.525825	-0.176689	-0.088637	-0.413880
Chr02	39214966	39591770	-0.619931	-0.194108	-0.100035	-0.484830
Chr02	39430342	39762937	-0.591637	-0.189795	-0.103861	-0.505082
Chr02	39591799	40103853	-0.762080	-0.199233	-0.114284	-0.701418
Chr02	39762984	40390104	-0.759556	-0.190430	-0.104110	-0.715352
Chr02	40104063	40691133	-0.664836	-0.229324	-0.108041	-0.639580
Chr02	40390200	41363967	-0.727231	-0.321110	-0.137698	-0.708976
Chr02	40692447	41502192	-0.886345	-0.480753	-0.193067	-0.867693
Chr02	41364017	41667577	-0.905810	-0.566680	-0.218179	-0.885578
Chr02	41502321	41821149	-0.863127	-0.510464	-0.200273	-0.833199
Chr02	41667614	42115702	-0.828893	-0.540968	-0.212447	-0.784193
Chr02	41821240	43033682	-0.846786	-0.505067	-0.211232	-0.812998
Chr02	42115821	43236241	-0.830273	-0.440415	-0.188730	-0.800262
Chr02	43033749	43390901	-0.833042	-0.504084	-0.213020	-0.801164
Chr02	43236283	43528568	-0.872916	-0.463036	-0.213833	-0.850369
Chr02	43390912	43702047	-0.791311	-0.333265	-0.155651	-0.740382
Chr02	43528914	43908011	-0.587018	-0.193325	-0.092267	-0.523824
Chr02	43702169	44057099	-0.658525	-0.213940	-0.108228	-0.612433
Chr02	43908275	44192217	-0.782999	-0.346202	-0.163529	-0.738274
Chr02	44057100	44554756	-0.788928	-0.222864	-0.122251	-0.737187
Chr02	44192268	44886547	-0.747408	-0.131093	-0.081092	-0.684085
Chr02	44554777	45086669	-0.665934	-0.130181	-0.077945	-0.597149
Chr02	44886548	45309682	-0.638200	-0.164778	-0.091123	-0.585084
Chr02	45086865	45504822	-0.711725	-0.209614	-0.107623	-0.650534
Chr02	45309778	45629811	-0.808093	-0.250588	-0.128892	-0.727740
Chr02	45504941	45857534	-0.822547	-0.235863	-0.133861	-0.719803
Chr02	45629812	46050002	-0.636707	-0.158500	-0.089804	-0.531269
Chr02	45857581	46273411	-0.284155	-0.065367	-0.036507	-0.233954
Chr02	46050015	46472029	-0.423975	-0.093617	-0.057245	-0.362146
Chr02	46273444	46683380	-0.662143	-0.155537	-0.091175	-0.576729
Chr02	46472395	46976427	-0.632115	-0.172795	-0.090688	-0.522125
Chr02	46683487	47242763	-0.590563	-0.204124	-0.106775	-0.470277
Chr02	46976544	47368162	-0.553040	-0.248242	-0.133601	-0.446370
Chr02	47242781	47518233	-0.580733	-0.260281	-0.134350	-0.466773
Chr02	47368572	47614030	-0.457512	-0.248584	-0.102895	-0.356988
Chr02	47518248	47756350	-0.420870	-0.241467	-0.105593	-0.336877
Chr02	47614200	47863393	-0.417384	-0.193322	-0.103678	-0.341004
Chr02	47756518	47964700	-0.540545	-0.277407	-0.142797	-0.442436
Chr02	47863450	48126929	-0.707320	-0.326507	-0.160943	-0.610438
Chr02	47964708	48307713	-0.653487	-0.211305	-0.112689	-0.569146
Chr02	48127018	48445439	-0.619814	-0.125499	-0.075649	-0.496889
Chr02	48307726	48622705	-0.568122	-0.111054	-0.068312	-0.480088
Chr02	48445461	48706422	-0.687069	-0.255027	-0.146409	-0.633089
Chr02	48622719	48864673	-0.763164	-0.382777	-0.221200	-0.709028
Chr02	48706463	48999694	-0.617068	-0.203312	-0.120067	-0.536514
Chr02	48864799	49077284	-0.829613	-0.626203	-0.258586	-0.736452
Chr02	48999703	49214291	-0.828306	-0.547994	-0.243597	-0.720898
Chr02	49077313	49319940	-0.582398	-0.232271	-0.131564	-0.458620
Chr02	49214318	49376574	-0.287557	-0.153708	-0.093790	-0.190162
Chr02	49319968	49495690	-0.089513	-0.067941	-0.029985	-0.049761
Chr02	49376699	49610582	-0.086386	-0.066924	-0.028765	-0.056572
Chr02	49495724	49720034	-0.197886	-0.111436	-0.058758	-0.129979
Chr02	49611090	49804043	-0.370726	-0.211942	-0.103799	-0.241321
Chr02	49720109	50061119	-0.371120	-0.101383	-0.064837	-0.244924
Chr02	49804219	50283451	-0.235572	-0.057549	-0.040638	-0.153436
Chr02	50061139	50469625	-0.356326	-0.117894	-0.075378	-0.237008
Chr02	50283501	50648623	-0.364274	-0.112399	-0.067422	-0.215857
Chr02	50469669	50977869	-0.231312	-0.047604	-0.031382	-0.130575
Chr02	50649670	51119723	0.167568	0.033614	0.024594	0.120898
Chr02	50977887	51286345	-0.039019	-0.010766	-0.007636	-0.030182
Chr02	51119732	51477698	-0.477176	-0.119332	-0.078198	-0.346121
Chr02	51286907	51567425	-0.330358	-0.110639	-0.075502	-0.254226
Chr02	51477891	51641723	-0.235343	-0.113776	-0.089875	-0.208652
Chr02	51567426	51728964	-0.099109	-0.048766	-0.040144	-0.083786
Chr02	51641821	51926734	-0.239851	-0.064352	-0.053794	-0.202563
Chr02	51728969	52101167	-0.520172	-0.077026	-0.066727	-0.472925
Chr02	51927778	52226500	-0.333253	-0.079827	-0.062203	-0.280130
Chr02	52101212	52354549	-0.445612	-0.232257	-0.128951	-0.366077
Chr02	52226549	52568144	-0.712804	-0.318040	-0.161867	-0.622919
Chr02	52354551	52718020	-0.673543	-0.237207	-0.127217	-0.580861
Chr02	52568240	52913240	-0.369491	-0.083327	-0.050482	-0.282869
Chr02	52718087	53073379	-0.159960	-0.036848	-0.022194	-0.122073
Chr02	52913283	53183184	-0.158539	-0.068888	-0.038871	-0.122786
Chr02	53074099	53356653	-0.639929	-0.439580	-0.209412	-0.559867
Chr02	53183244	53501397	-0.666640	-0.424104	-0.192540	-0.570496
Chr02	53356982	53584658	-0.504804	-0.331936	-0.145358	-0.384337
Chr02	53501409	53731439	-0.544525	-0.350138	-0.170830	-0.413412
Chr02	53584665	53950993	-0.340664	-0.121987	-0.073525	-0.236370
Chr02	53731774	54101471	-0.356948	-0.104447	-0.061877	-0.234245
Chr02	53951091	54260442	-0.273201	-0.070337	-0.044553	-0.190693
Chr02	54101735	54439977	-0.269388	-0.078115	-0.049035	-0.192520
Chr02	54260516	54630232	-0.431623	-0.174505	-0.066976	-0.335676
Chr02	54440244	54794373	-0.272528	-0.093601	-0.037622	-0.223135
Chr02	54630236	54956380	-0.333824	-0.123601	-0.064609	-0.279678
Chr02	54794523	55117147	-0.540150	-0.243997	-0.119144	-0.433901
Chr02	54956636	55309962	-0.426912	-0.138541	-0.072216	-0.337312
Chr02	55117342	55449132	-0.545651	-0.231450	-0.124389	-0.477479
Chr02	55309966	55712310	-0.629137	-0.233530	-0.133801	-0.541241
Chr02	55449135	55860320	-0.474572	-0.124022	-0.077856	-0.401881
Chr02	55713135	55986407	-0.456865	-0.168635	-0.101010	-0.397206
Chr02	55860326	56169685	-0.324364	-0.117847	-0.072891	-0.260046
Chr02	55986457	56289544	-0.040555	-0.011656	-0.007829	-0.029389
Chr02	56169793	56423790	-0.226194	-0.064677	-0.040670	-0.178305
Chr02	56289576	56564815	-0.324110	-0.117516	-0.066719	-0.235770
Chr02	56423839	56715124	-0.015424	-0.008317	-0.004983	-0.008801
Chr02	56564828	56822340	-0.197323	-0.148566	-0.090132	-0.132762
Chr02	56715199	56998894	-0.374752	-0.253336	-0.134431	-0.248284
Chr02	56822566	57207322	-0.345279	-0.131744	-0.081390	-0.245097
Chr02	56998941	57444525	-0.277305	-0.058594	-0.040577	-0.185690
Chr02	57207356	57605216	-0.360359	-0.075479	-0.051728	-0.252294
Chr02	57444544	57754465	-0.617407	-0.212824	-0.130464	-0.485681
Chr02	57605294	57924984	-0.576221	-0.199484	-0.123574	-0.432266
Chr02	57754509	58101707	-0.189010	-0.053613	-0.034923	-0.147004
Chr02	57924989	58213344	-0.045310	-0.014179	-0.008383	-0.036733
Chr02	58103858	58359509	-0.251985	-0.095326	-0.052801	-0.174360
Chr02	58213397	58549681	-0.218782	-0.076674	-0.051742	-0.153061
Chr02	58359518	58727763	0.004046	0.001157	0.000785	0.002411
Chr02	58549685	58900557	-0.156288	-0.051224	-0.029834	-0.127092
Chr02	58727998	59192598	-0.324716	-0.099351	-0.057911	-0.253202
Chr02	58900630	59274702	-0.303301	-0.089906	-0.052482	-0.200477
Chr02	59192609	59444296	-0.265100	-0.102726	-0.054190	-0.188420
Chr02	59274712	59537399	-0.282821	-0.110096	-0.060284	-0.187429
Chr02	59444458	59607705	-0.227975	-0.115613	-0.072491	-0.128192
Chr02	59537691	59688512	-0.108337	-0.078222	-0.048633	-0.067781
Chr02	59607728	59763215	-0.074164	-0.056778	-0.037232	-0.050341
Chr02	59688524	59930498	0.011097	0.007442	0.004705	0.011132
Chr02	59763216	60051081	-0.011494	-0.005714	-0.003787	-0.010096
Chr02	59930504	60107999	0.030067	0.015172	0.011167	0.016018
Chr02	60051112	60313894	0.299081	0.173366	0.128839	0.196061
Chr02	60108029	60482751	0.223764	0.126484	0.085187	0.113962
Chr02	60314038	60575477	0.051657	0.035058	0.021689	0.024698
Chr02	60482984	60886513	0.007051	0.005182	0.003070	0.003040
Chr02	60575629	61037283	-0.115891	-0.071863	-0.039766	-0.054649
Chr02	60886552	61182801	-0.543208	-0.241326	-0.122224	-0.369043
Chr02	61043563	61325366	-0.709582	-0.363518	-0.166474	-0.613836
Chr02	61183949	61537442	-0.644227	-0.319350	-0.152744	-0.564079
Chr02	61325406	61739453	-0.451142	-0.148660	-0.085129	-0.373989
Chr02	61537523	62016958	-0.348762	-0.109039	-0.064811	-0.266008
Chr02	61739531	62115837	-0.138114	-0.059330	-0.035359	-0.081077
Chr02	62017074	62244094	-0.055663	-0.026405	-0.014105	-0.031625
Chr02	62115882	62412389	-0.066030	-0.024873	-0.011981	-0.046521
Chr02	62244149	62634324	-0.238797	-0.081105	-0.040428	-0.181337
Chr02	62412432	62774315	-0.272178	-0.098500	-0.053828	-0.193841
Chr02	62634390	62898879	-0.172890	-0.077180	-0.039408	-0.121376
Chr02	62774398	62982405	-0.228514	-0.100552	-0.051803	-0.140603
Chr02	62899234	63135875	-0.305759	-0.096867	-0.061676	-0.194066
Chr02	62982468	63290701	-0.426772	-0.144543	-0.091860	-0.312277
Chr02	63135878	63432257	-0.321343	-0.121026	-0.066658	-0.246445
Chr02	63291805	63738381	-0.398124	-0.163709	-0.075697	-0.323875
Chr02	63432360	63942973	-0.529016	-0.179480	-0.089376	-0.444870
Chr02	63738408	64060855	-0.261610	-0.089649	-0.047638	-0.224653
Chr02	63943006	64183284	0.035781	0.015530	0.008058	0.035978
Chr02	64060887	64397761	-0.183480	-0.073745	-0.037394	-0.167049
Chr02	64183397	64551472	-0.444330	-0.169002	-0.086286	-0.375324
Chr02	64397961	64729688	-0.237867	-0.089580	-0.047768	-0.179757
Chr02	64551552	64932941	-0.186776	-0.065362	-0.035812	-0.132365
Chr02	64729860	65138767	-0.466716	-0.130957	-0.082635	-0.354579
Chr02	64933037	65267713	-0.388343	-0.106235	-0.069979	-0.245634
Chr02	65138812	65447597	-0.238681	-0.082940	-0.052541	-0.150134
Chr02	65267717	65642419	-0.295867	-0.107747	-0.069431	-0.242235
Chr02	65447601	65733020	-0.238156	-0.112232	-0.064646	-0.196485
Chr02	65642440	65923494	-0.177906	-0.083361	-0.047249	-0.132066
Chr02	65733147	66067039	-0.500019	-0.223878	-0.124775	-0.383927
Chr02	65923736	66280736	-0.575732	-0.251317	-0.134848	-0.435316
Chr02	66067484	66449328	-0.227087	-0.071976	-0.040871	-0.150140
Chr02	66280858	66603537	-0.217944	-0.072990	-0.042178	-0.146110
Chr02	66449335	66707035	-0.305552	-0.119771	-0.072288	-0.212125
Chr02	66603547	66822419	-0.481664	-0.234773	-0.114234	-0.340899
Chr02	66707109	67003489	-0.387962	-0.155106	-0.080193	-0.285637
Chr02	66822425	67190285	-0.303746	-0.106000	-0.059752	-0.233665
Chr02	67003595	67321631	-0.418104	-0.135975	-0.082028	-0.310531
Chr02	67190451	67458972	-0.340064	-0.093216	-0.066980	-0.222703
Chr02	67321637	67555357	-0.002840	-0.001037	-0.000719	-0.003952
Chr02	67459226	67666092	0.176677	0.079712	0.058911	0.127293
Chr02	67555365	67779143	-0.004243	-0.001666	-0.001226	-0.005321
Chr02	67666443	67905968	-0.232918	-0.091527	-0.055749	-0.158655
Chr02	67779489	68019278	-0.104567	-0.039453	-0.022781	-0.074894
Chr02	67906035	68147881	-0.004595	-0.001831	-0.001121	-0.005206
Chr02	68019546	68264101	-0.075108	-0.033598	-0.020803	-0.046588
Chr02	68147971	68438328	0.001959	0.001037	0.000595	-0.002372
Chr02	68264299	68534984	-0.155217	-0.098551	-0.053120	-0.082166
Chr02	68438330	68664885	-0.174011	-0.063491	-0.039914	-0.108029
Chr02	68535240	68869042	-0.061924	-0.019732	-0.013222	-0.041379
Chr02	68664906	69005288	-0.081057	-0.035271	-0.017693	-0.054107
Chr02	68869062	69166909	-0.336714	-0.193826	-0.082149	-0.250097
Chr02	69005326	69338229	-0.385959	-0.231806	-0.121503	-0.272780
Chr02	69166994	69435879	-0.433379	-0.236965	-0.141114	-0.330007
Chr02	69338253	69576746	-0.610437	-0.355592	-0.197455	-0.497161
Chr02	69436076	69726729	-0.517366	-0.201197	-0.111780	-0.409240
Chr02	69576750	69941185	-0.362948	-0.102729	-0.061020	-0.292211
Chr02	69726741	70058405	-0.296842	-0.090990	-0.057168	-0.238727
Chr02	69941938	70166950	-0.259324	-0.114229	-0.071269	-0.162411
Chr02	70058455	70286314	-0.153734	-0.079264	-0.042198	-0.079661
Chr02	70167040	70489910	-0.090262	-0.031078	-0.016062	-0.053080
Chr02	70286317	70664783	-0.266534	-0.102297	-0.048687	-0.181601
Chr02	70490012	70750560	-0.398501	-0.227640	-0.106668	-0.290530
Chr02	70664940	70902575	-0.195140	-0.107251	-0.063645	-0.119558
Chr02	70750567	70989035	0.209907	0.086868	0.059429	0.159905
Chr02	70902670	71110154	0.180298	0.071635	0.049994	0.140050
Chr02	70989043	71368497	0.154745	0.065772	0.042305	0.117550
Chr02	71110157	71606208	0.075275	0.039198	0.022390	0.063556
Chr02	71369133	71812075	-0.130178	-0.036845	-0.026234	-0.080824
Chr02	71606209	72121956	-0.256783	-0.064741	-0.042843	-0.173918
Chr02	71812887	72344461	-0.512935	-0.154189	-0.092252	-0.404333
Chr02	72121961	72474970	-0.534508	-0.172689	-0.104114	-0.426559
Chr02	72344476	72609766	-0.411562	-0.217090	-0.100990	-0.289395
Chr02	72474983	72829046	-0.143429	-0.049240	-0.029260	-0.097502
Chr02	72609918	72982272	-0.383209	-0.155596	-0.089046	-0.287587
Chr02	72829076	73142312	-0.637810	-0.412395	-0.179965	-0.509816
Chr02	72982318	73340256	-0.390305	-0.114214	-0.073189	-0.301919
Chr02	73142327	73450723	-0.110722	-0.027675	-0.020328	-0.078073
Chr02	73340257	73609287	-0.266249	-0.141213	-0.084752	-0.190449
Chr02	73450738	73748494	-0.325929	-0.154173	-0.092929	-0.225568
Chr02	73609321	73900166	-0.361415	-0.151028	-0.093968	-0.237405
Chr02	73748495	74001635	-0.369143	-0.181904	-0.110075	-0.260239
Chr02	73900227	74125181	-0.175026	-0.099570	-0.060289	-0.116913
Chr02	74001636	74282858	-0.190623	-0.073147	-0.043170	-0.116470
Chr02	74125255	74402855	-0.298654	-0.131312	-0.070860	-0.195869
Chr02	74283060	74515487	-0.237104	-0.169113	-0.089759	-0.156214
Chr02	74403029	74656159	-0.352239	-0.141881	-0.074015	-0.232988
Chr02	74515506	74903152	-0.295752	-0.079512	-0.045918	-0.207172
Chr02	74656199	75044507	-0.344145	-0.112183	-0.065595	-0.276560
Chr02	74903200	75784160	-0.295079	-0.154230	-0.082850	-0.221531
Chr02	75044508	76077492	-0.113185	-0.053315	-0.034556	-0.077885
Chr02	75784176	76240441	-0.126261	-0.041938	-0.029668	-0.083128
Chr02	76077527	76413815	-0.239007	-0.076551	-0.051177	-0.169505
Chr02	76240442	76696530	-0.320892	-0.103357	-0.065012	-0.233091
Chr02	76413829	76840704	-0.283307	-0.085874	-0.056031	-0.203760
Chr02	76696540	77030290	-0.281366	-0.075919	-0.049850	-0.206183
Chr02	76841089	77204404	-0.238082	-0.060567	-0.039087	-0.175660
Chr02	77030292	77382958	-0.357582	-0.113286	-0.066492	-0.287608
Chr02	77204499	77517394	-0.344913	-0.137160	-0.073820	-0.278899
Chr02	77383058	77673430	-0.274499	-0.100532	-0.059432	-0.212216
Chr02	77517485	77872608	-0.528121	-0.201636	-0.115152	-0.439123
Chr02	77673445	78068446	-0.542298	-0.175607	-0.103028	-0.464123
Chr02	77872632	78259252	-0.521264	-0.159499	-0.094085	-0.432837
Chr02	78068477	78384960	-0.619145	-0.260769	-0.136452	-0.505862
Chr02	78259293	78570261	-0.527601	-0.202043	-0.113489	-0.404485
Chr02	78384964	78751550	-0.510240	-0.186763	-0.106583	-0.405023
Chr02	78570431	78920206	-0.322078	-0.138029	-0.078006	-0.246897
Chr02	78751565	79110954	-0.095945	-0.027913	-0.016939	-0.065830
Chr02	78920281	79276327	-0.247746	-0.058716	-0.036689	-0.172668
Chr02	79110981	79424971	-0.036156	-0.010760	-0.007065	-0.023702
Chr02	79276493	79580369	0.178715	0.088475	0.054121	0.126259
Chr02	79425055	79949209	-0.260171	-0.090376	-0.051775	-0.214429
Chr02	79580379	80113074	-0.425782	-0.139054	-0.073810	-0.351312
Chr02	79949411	80307120	-0.257270	-0.094974	-0.050643	-0.197816
Chr02	80113090	80434288	-0.541004	-0.218029	-0.119959	-0.456847
Chr02	80307215	80574368	-0.722907	-0.293013	-0.163693	-0.648806
Chr02	80434415	80713993	-0.620024	-0.227421	-0.127306	-0.491159
Chr02	80574378	80847390	-0.497394	-0.218916	-0.107843	-0.368583
Chr02	80714039	81019409	-0.109600	-0.037501	-0.021046	-0.083560
Chr02	80847391	81210800	-0.231863	-0.069849	-0.041556	-0.177174
Chr02	81019410	81405425	-0.540996	-0.159644	-0.096375	-0.432353
Chr02	81210971	81593246	-0.476233	-0.151650	-0.086205	-0.369257
Chr02	81405775	81796325	-0.521931	-0.209770	-0.107036	-0.399260
Chr02	81593252	81967762	-0.522917	-0.183997	-0.103627	-0.421115
Chr02	81796738	82097551	-0.420641	-0.130750	-0.082447	-0.305003
Chr02	81967774	82271071	-0.227058	-0.076664	-0.048657	-0.168982
Chr02	82097689	82413143	-0.098218	-0.036203	-0.021059	-0.070556
Chr02	82271121	82529483	-0.170186	-0.075750	-0.040552	-0.115633
Chr02	82413193	82640147	-0.533795	-0.313848	-0.150431	-0.432773
Chr02	82529612	82730473	-0.460898	-0.296896	-0.150812	-0.362948
Chr02	82640152	82893292	-0.158797	-0.072199	-0.040428	-0.117530
Chr02	82730483	83089317	-0.028987	-0.009778	-0.005997	-0.017188
Chr02	82893398	83238928	-0.105239	-0.040866	-0.026374	-0.068647
Chr02	83089364	83361220	-0.385594	-0.190180	-0.106310	-0.232908
Chr02	83238950	83494364	-0.290650	-0.141245	-0.080621	-0.168481
Chr02	83361245	83607293	-0.143368	-0.069313	-0.038180	-0.094179
Chr02	83494365	83860952	-0.087068	-0.028334	-0.015555	-0.064978
Chr02	83607478	84018047	-0.244538	-0.068557	-0.039707	-0.198144
Chr02	83861451	84195701	-0.135182	-0.040931	-0.025039	-0.104296
Chr02	84018056	84343949	-0.409165	-0.159143	-0.092786	-0.323347
Chr02	84196571	84510232	-0.484978	-0.203003	-0.121040	-0.381966
Chr02	84343999	84634010	-0.019499	-0.007364	-0.004434	-0.014908
Chr02	84510981	84827207	-0.080180	-0.026464	-0.016124	-0.060852
Chr02	84634062	85007183	-0.274831	-0.060142	-0.042444	-0.185233
Chr02	84827220	85145472	-0.281423	-0.066134	-0.044861	-0.171341
Chr02	85007320	85237840	-0.114361	-0.044192	-0.027907	-0.068860
Chr02	85145506	85350604	0.066435	0.026473	0.019075	0.041209
Chr02	85237916	85507235	-0.088665	-0.035764	-0.023750	-0.056812
Chr02	85350682	85709842	-0.099934	-0.032975	-0.021431	-0.059272
Chr02	85507263	85940561	-0.025182	-0.007129	-0.004793	-0.014514
Chr02	85709845	86154949	0.013486	0.004093	0.002793	0.003409
Chr02	85940701	86332274	-0.250386	-0.093874	-0.057100	-0.188379
Chr02	86154952	86578858	-0.573732	-0.209985	-0.113684	-0.462151
Chr02	86332351	86753721	-0.598237	-0.230705	-0.117235	-0.512455
Chr02	86580438	86898371	-0.716164	-0.421635	-0.188459	-0.638292
Chr02	86753727	87210672	-0.585433	-0.276945	-0.140746	-0.495995
Chr02	86898387	87310989	0.005079	0.001678	0.000854	0.005208
Chr02	87210699	87418742	0.144328	0.065543	0.027756	0.075804
Chr02	87311022	87500390	0.141160	0.090507	0.046777	0.088277
Chr02	87418743	87576571	0.506510	0.327998	0.200022	0.349103
Chr02	87500404	87771930	0.281203	0.120522	0.071857	0.197165
Chr02	87576575	87934752	-0.140417	-0.054622	-0.030067	-0.098081
Chr02	87772254	88142023	-0.059915	-0.025791	-0.014439	-0.048349
Chr02	87934761	88350596	0.071307	0.031124	0.020262	0.043980
Chr02	88142209	88478536	0.107708	0.048064	0.031245	0.062700
Chr02	88350598	88663612	-0.071172	-0.026157	-0.015258	-0.046932
Chr02	88478637	88769508	-0.253515	-0.096124	-0.056405	-0.167429
Chr02	88663655	88918445	-0.376760	-0.172292	-0.099807	-0.260839
Chr02	88769526	89071931	-0.512728	-0.237024	-0.126457	-0.388483
Chr02	88918446	89187432	-0.464900	-0.231539	-0.119199	-0.341870
Chr02	89072014	89310723	-0.158040	-0.074889	-0.042521	-0.098995
Chr02	89187451	89463890	-0.113342	-0.049062	-0.029937	-0.072805
Chr02	89310798	89567931	-0.249972	-0.121736	-0.076379	-0.166821
Chr02	89464026	89757917	-0.169346	-0.061217	-0.045629	-0.107770
Chr02	89567945	89828535	-0.208451	-0.091581	-0.065211	-0.136193
Chr02	89757951	89933961	-0.193984	-0.119336	-0.070231	-0.122995
Chr02	89828541	90047791	-0.099963	-0.047744	-0.029549	-0.059517
Chr02	89933962	90194417	-0.112574	-0.050277	-0.030299	-0.069786
Chr02	90047876	90384580	-0.164910	-0.048594	-0.032676	-0.109134
Chr02	90194749	90478830	-0.254027	-0.092050	-0.058735	-0.170421
Chr02	90384612	90570645	-0.242417	-0.181141	-0.089547	-0.158943
Chr02	90478873	90686252	-0.168458	-0.097964	-0.054817	-0.106509
Chr02	90570703	90860301	-0.153608	-0.079288	-0.041391	-0.098395
Chr02	90686343	90974474	-0.089046	-0.049957	-0.025026	-0.051252
Chr02	90860309	91167312	-0.043205	-0.027069	-0.014651	-0.019052
Chr02	90974496	91237965	-0.326707	-0.220637	-0.122394	-0.194219
Chr02	91167314	91459515	-0.444984	-0.253502	-0.149470	-0.298467
Chr02	91237983	91586214	-0.314176	-0.143173	-0.088284	-0.205506
Chr02	91459516	91719265	-0.062286	-0.021989	-0.015279	-0.045115
Chr02	91586260	91862338	0.063414	0.023697	0.015999	0.045299
Chr02	91719852	91949803	-0.070198	-0.037523	-0.020043	-0.039061
Chr02	91862381	92064606	-0.190652	-0.114119	-0.057000	-0.107005
Chr02	91949804	92148101	0.063274	0.040732	0.022890	0.052573
Chr02	92064917	92255585	0.073459	0.063007	0.032120	0.056392
Chr02	92148182	92348189	-0.200279	-0.176415	-0.092023	-0.132523
Chr02	92255621	92504169	-0.178498	-0.137269	-0.080569	-0.121663
Chr02	92348257	92582323	-0.109511	-0.090484	-0.052474	-0.068592
Chr02	92504170	92647752	-0.395307	-0.546490	-0.230935	-0.262296
Chr02	92582359	92771324	-0.359444	-0.389974	-0.173627	-0.255023
Chr02	92647764	92858389	0.137763	0.089412	0.055383	0.074030
Chr02	92771349	92897067	0.232281	0.190054	0.123991	0.116056
Chr02	92858447	92942287	0.124330	0.146406	0.090635	0.057431
Chr02	92897106	93037050	0.076731	0.068210	0.036525	0.034165
Chr02	92942298	93101351	0.076202	0.061772	0.029460	0.036320
Chr02	93037067	93164936	0.199816	0.184857	0.092963	0.128409
Chr02	93101509	93227480	0.237904	0.248673	0.146623	0.140805
Chr02	93165072	93273394	0.058455	0.065260	0.041174	0.034639
Chr02	93227488	93348608	0.000111	0.000120	0.000075	0.002539
Chr02	93273427	93423902	-0.092309	-0.099939	-0.056394	-0.046907
Chr02	93348702	93495339	-0.213609	-0.261768	-0.123544	-0.113274
Chr02	93423958	93924088	-0.130796	-0.084463	-0.044254	-0.071516
Chr02	93495369	94045301	-0.230017	-0.171076	-0.082235	-0.130307
Chr02	93924139	94130840	-0.321477	-0.301778	-0.147083	-0.157369
Chr02	94045307	94270364	-0.571930	-0.303015	-0.176202	-0.339122
Chr02	94130874	94380345	-0.370440	-0.167436	-0.102913	-0.194960
Chr02	94270500	94469993	0.282111	0.155850	0.110170	0.127580
Chr02	94380349	94703355	0.471860	0.275601	0.179485	0.290710
Chr02	94470001	94890267	0.486282	0.260068	0.141729	0.284331
Chr03	354435	687115	-0.582060	-0.165594	-0.114463	-0.441605
Chr03	523857	766509	-0.512990	-0.268255	-0.148959	-0.355274
Chr03	687233	829176	-0.554105	-0.933217	-0.230620	-0.335535
Chr03	766531	1033405	-0.497826	-0.265904	-0.130220	-0.331903
Chr03	829209	1205112	-0.656801	-0.255050	-0.136293	-0.565934
Chr03	1033525	1303079	-0.698257	-0.292606	-0.150215	-0.436351
Chr03	1206056	1519239	-0.114235	-0.043923	-0.029759	-0.042109
Chr03	1303082	1684294	-0.120046	-0.022488	-0.018213	-0.061718
Chr03	1519409	1743739	-0.081113	-0.014922	-0.012562	-0.039377
Chr03	1684295	1862456	0.048766	0.039368	0.026207	0.025845
Chr03	1743770	1912200	0.073561	0.059174	0.039156	0.037581
Chr03	1862490	1973273	-0.027988	-0.031090	-0.017653	-0.014708
Chr03	1912201	2020500	-0.066444	-0.091073	-0.046541	-0.033587
Chr03	1973320	2087684	0.025552	0.036784	0.020057	0.013265
Chr03	2020509	2154753	-0.058054	-0.070669	-0.038903	-0.028470
Chr03	2087968	2263566	0.018112	0.012026	0.007937	0.013477
Chr03	2154759	2345041	0.107017	0.052275	0.035758	0.061551
Chr03	2263784	2574237	-0.059929	-0.024769	-0.015061	-0.022718
Chr03	2345046	2834643	-0.237505	-0.085870	-0.050148	-0.146272
Chr03	2574384	3020627	-0.240809	-0.070232	-0.044536	-0.174323
Chr03	2834653	3181754	-0.221471	-0.076592	-0.047153	-0.138038
Chr03	3021117	3271319	-0.417395	-0.342664	-0.155200	-0.252498
Chr03	3181767	3366283	-0.337881	-0.279065	-0.142958	-0.206444
Chr03	3271320	3465570	-0.137331	-0.095791	-0.053776	-0.079828
Chr03	3366382	3664694	-0.208216	-0.150457	-0.077461	-0.125667
Chr03	3465580	3768876	-0.195982	-0.159167	-0.085071	-0.114534
Chr03	3664698	3955301	-0.031981	-0.014852	-0.010238	-0.017226
Chr03	3769050	4099107	0.073258	0.024276	0.017003	0.045413
Chr03	3955349	4209094	0.019660	0.008893	0.005328	0.013409
Chr03	4099240	4412543	-0.163881	-0.068835	-0.042433	-0.092265
Chr03	4209130	4650784	-0.515760	-0.180601	-0.124171	-0.349917
Chr03	4412585	4825912	-0.308554	-0.114561	-0.074213	-0.260395
Chr03	4650961	5053424	-0.121485	-0.032909	-0.021713	-0.095383
Chr03	4825945	5258685	-0.185706	-0.054818	-0.034809	-0.126049
Chr03	5053493	5360116	-0.181164	-0.107869	-0.056439	-0.117010
Chr03	5258711	5496947	-0.071291	-0.040345	-0.024249	-0.039576
Chr03	5360156	5556990	0.079990	0.050685	0.035233	0.042324
Chr03	5496974	5614709	0.146255	0.129589	0.079112	0.091541
Chr03	5557043	5677519	0.107398	0.089482	0.048952	0.068541
Chr03	5614711	5774412	0.006101	0.005806	0.003113	0.005138
Chr03	5677521	5871255	0.079728	0.059201	0.037883	0.050430
Chr03	5774417	5979627	0.096271	0.054907	0.037978	0.056845
Chr03	5871398	6075161	-0.003719	-0.002006	-0.001375	-0.001602
Chr03	5979812	6192601	-0.084949	-0.042243	-0.027111	-0.052084
Chr03	6075195	6350107	-0.120194	-0.044864	-0.029634	-0.069575
Chr03	6192749	6526225	-0.166717	-0.053883	-0.034519	-0.111422
Chr03	6350151	6707440	-0.382700	-0.142470	-0.079368	-0.295219
Chr03	6526410	6832038	-0.447423	-0.204440	-0.099596	-0.316782
Chr03	6707442	7042958	-0.491183	-0.237442	-0.094796	-0.310577
Chr03	6832048	7234362	-0.480757	-0.178029	-0.082952	-0.331084
Chr03	7043845	7490547	-0.289393	-0.083528	-0.049807	-0.202552
Chr03	7234364	7660965	-0.463814	-0.156010	-0.090524	-0.358622
Chr03	7490553	7765118	-0.499954	-0.237534	-0.126817	-0.394482
Chr03	7661009	7969008	-0.256886	-0.095031	-0.056683	-0.181302
Chr03	7765149	8051144	-0.301098	-0.119253	-0.069609	-0.210010
Chr03	7969058	8319694	-0.458116	-0.223276	-0.108212	-0.302888
Chr03	8051157	8410182	-0.388896	-0.144982	-0.077178	-0.226092
Chr03	8319708	8450909	-0.296939	-0.214263	-0.118106	-0.174039
Chr03	8410183	8516748	-0.509730	-0.814578	-0.299552	-0.331694
Chr03	8450972	8638011	-0.319965	-0.182898	-0.117619	-0.224397
Chr03	8516915	8812417	-0.079560	-0.023924	-0.017332	-0.049327
Chr03	8638026	9018061	-0.118995	-0.028834	-0.020204	-0.079268
Chr03	8812483	9188261	-0.156598	-0.046364	-0.032214	-0.103507
Chr03	9018100	9325654	-0.302068	-0.126059	-0.079373	-0.232826
Chr03	9188296	9473592	-0.203336	-0.087480	-0.052937	-0.146598
Chr03	9327169	9625636	0.124629	0.053667	0.036527	0.069682
Chr03	9473658	9712474	0.117108	0.055712	0.040591	0.063269
Chr03	9625643	9825200	-0.156161	-0.068501	-0.044386	-0.087201
Chr03	9712480	9930075	-0.177601	-0.084758	-0.054272	-0.108444
Chr03	9825230	10090330	0.073739	0.050138	0.031156	0.041051
Chr03	9930091	11439137	-0.023093	-0.014712	-0.008309	-0.011877
Chr03	10090578	11652723	-0.163513	-0.049631	-0.031454	-0.090322
Chr03	11443083	11799801	-0.113799	-0.029328	-0.019956	-0.061600
Chr03	11652886	11928299	-0.125044	-0.052279	-0.034846	-0.069780
Chr03	11800097	12058966	-0.097599	-0.047188	-0.031500	-0.053256
Chr03	11928361	12158146	0.114970	0.064180	0.043911	0.063470
Chr03	12059191	12267484	0.095778	0.047922	0.032186	0.047861
Chr03	12158183	12338999	0.062558	0.028858	0.018807	0.032078
Chr03	12267540	12443175	0.144847	0.090404	0.055321	0.088217
Chr03	12339002	12605365	-0.117776	-0.047931	-0.033505	-0.064618
Chr03	12443178	12726576	-0.315913	-0.126575	-0.082170	-0.195883
Chr03	12605411	12798689	-0.311324	-0.138986	-0.085817	-0.182034
Chr03	12726938	12910006	-0.340185	-0.137414	-0.090143	-0.211195
Chr03	12798785	13095320	-0.209804	-0.053325	-0.037764	-0.133944
Chr03	12910011	13420936	-0.021576	-0.005620	-0.003960	-0.007660
Chr03	13095351	13654069	-0.354239	-0.114672	-0.065065	-0.221315
Chr03	13421038	13804585	-0.457168	-0.130073	-0.074150	-0.339440
Chr03	13654256	13945654	-0.368076	-0.140044	-0.075967	-0.255588
Chr03	13804608	14052559	-0.365189	-0.182673	-0.091616	-0.268686
Chr03	13945881	14219514	-0.264051	-0.125590	-0.066814	-0.172745
Chr03	14052568	14361413	-0.090331	-0.038846	-0.021305	-0.040533
Chr03	14219753	14548832	-0.360444	-0.197827	-0.091507	-0.226606
Chr03	14361428	14632257	-0.381082	-0.211606	-0.096866	-0.251042
Chr03	14548833	14809966	-0.324873	-0.142932	-0.074022	-0.206424
Chr03	14632386	15123090	-0.389411	-0.164842	-0.084294	-0.257601
Chr03	14810235	15246110	-0.177902	-0.078350	-0.041561	-0.113921
Chr03	15123097	15403216	-0.064619	-0.026744	-0.012898	-0.040465
Chr03	15246230	15563121	-0.449538	-0.137699	-0.073964	-0.319524
Chr03	15403292	15741945	-0.596407	-0.185968	-0.111050	-0.485435
Chr03	15563302	15910778	-0.636257	-0.306322	-0.164900	-0.466594
Chr03	15742055	16067100	-0.601915	-0.235562	-0.148751	-0.381074
Chr03	15910904	16271044	-0.381661	-0.109714	-0.074665	-0.248472
Chr03	16067254	16491221	-0.456085	-0.133453	-0.080707	-0.337322
Chr03	16271199	16639898	-0.428800	-0.148412	-0.082834	-0.347341
Chr03	16491223	16769576	-0.641800	-0.496979	-0.213923	-0.561113
Chr03	16639995	16880708	-0.595229	-0.453140	-0.216252	-0.461512
Chr03	16769670	16983777	0.007853	0.002964	0.001952	0.010816
Chr03	16880742	17097163	-0.074279	-0.031601	-0.018757	-0.047242
Chr03	16983831	17276261	-0.298276	-0.104791	-0.061873	-0.216688
Chr03	17097944	17412598	-0.361220	-0.115008	-0.072261	-0.269503
Chr03	17276334	17676939	-0.334687	-0.133570	-0.071336	-0.259668
Chr03	17412612	17846653	-0.422032	-0.204993	-0.099230	-0.350460
Chr03	17677187	17941596	-0.712827	-0.554786	-0.244920	-0.633448
Chr03	17847164	18583093	-0.866591	-1.130725	-0.367706	-0.798565
Chr03	17941734	18726245	-0.875161	-1.339592	-0.418108	-0.814564
Chr03	18583127	18897603	-0.719751	-0.792835	-0.335228	-0.674903
Chr03	18726247	19027841	-0.555816	-0.421157	-0.193304	-0.490691
Chr03	18899359	19279326	-0.494458	-0.312447	-0.138892	-0.378963
Chr03	19028092	19383415	-0.476061	-0.236256	-0.104567	-0.329316
Chr03	19279342	19542813	-0.354526	-0.167703	-0.080429	-0.233770
Chr03	19383441	19680469	-0.458682	-0.437159	-0.192794	-0.311574
Chr03	19542902	19833860	-0.510574	-0.408102	-0.162181	-0.377437
Chr03	19680548	19948040	-0.148247	-0.055598	-0.030357	-0.112765
Chr03	19834078	20048695	-0.099831	-0.037741	-0.022688	-0.066380
Chr03	19948095	20165817	-0.037636	-0.015054	-0.008912	-0.019695
Chr03	20048712	20254215	-0.030730	-0.015053	-0.008723	-0.014688
Chr03	20165897	20343632	-0.069558	-0.037596	-0.023398	-0.041697
Chr03	20254523	20441951	-0.047307	-0.024333	-0.016193	-0.033277
Chr03	20343635	20541620	-0.038709	-0.020384	-0.013439	-0.036600
Chr03	20441999	20589620	-0.131322	-0.093554	-0.056410	-0.098276
Chr03	20541621	20646811	-0.174251	-0.222985	-0.101049	-0.102343
Chr03	20589672	20694986	-0.048169	-0.061208	-0.031962	-0.024353
Chr03	20646813	20782490	-0.108774	-0.106206	-0.061212	-0.053145
Chr03	20694992	20890190	-0.254529	-0.168236	-0.092851	-0.156148
Chr03	20782506	21055684	-0.246747	-0.113434	-0.067660	-0.168047
Chr03	20890197	21120511	-0.683759	-0.586331	-0.272507	-0.581350
Chr03	21055812	21249388	-0.868854	-1.450885	-0.380864	-0.802377
Chr03	21120528	21348857	-0.831782	-1.246670	-0.300380	-0.722628
Chr03	21249402	21517368	-0.535616	-0.353231	-0.134648	-0.421659
Chr03	21348889	21644080	-0.345429	-0.142375	-0.064589	-0.238558
Chr03	21517810	21779078	-0.274086	-0.090561	-0.047376	-0.176225
Chr03	21644113	21916497	0.028715	0.008322	0.004922	0.023698
Chr03	21779132	22041231	-0.237115	-0.089952	-0.049186	-0.173486
Chr03	21916510	22232082	-0.492441	-0.179065	-0.094537	-0.375897
Chr03	22041639	22331187	-0.545121	-0.196588	-0.102165	-0.431452
Chr03	22232195	22454170	-0.629180	-0.260104	-0.131847	-0.523556
Chr03	22331188	22565890	-0.534215	-0.205296	-0.110158	-0.408827
Chr03	22454914	22905694	-0.225141	-0.060891	-0.034189	-0.149676
Chr03	22566496	23082858	-0.080240	-0.019098	-0.011696	-0.049574
Chr03	22905697	23224018	-0.380134	-0.108463	-0.071786	-0.290984
Chr03	23082917	23288849	-0.793503	-0.524230	-0.256456	-0.691774
Chr03	23224100	23444422	-0.704619	-0.357201	-0.187963	-0.627227
Chr03	23288853	23566996	-0.234458	-0.064021	-0.038272	-0.179070
Chr03	23444440	23662109	-0.031625	-0.015697	-0.007674	-0.019215
Chr03	23567044	23732031	0.061819	0.036767	0.016444	0.047432
Chr03	23662159	23863709	-0.237741	-0.101239	-0.049298	-0.165223
Chr03	23732039	24063763	-0.601483	-0.219458	-0.103804	-0.492537
Chr03	23863747	24206244	-0.446390	-0.168788	-0.079866	-0.393356
Chr03	24063798	24351635	-0.287483	-0.108251	-0.057045	-0.236842
Chr03	24206266	24503807	-0.548403	-0.212167	-0.111404	-0.463322
Chr03	24351716	24722255	-0.553284	-0.177635	-0.095813	-0.491746
Chr03	24503830	24851613	-0.463665	-0.144484	-0.078508	-0.403482
Chr03	24722285	24982712	-0.445888	-0.188607	-0.093203	-0.367545
Chr03	24851698	25163223	-0.459291	-0.184858	-0.091470	-0.377559
Chr03	24982784	25301898	-0.563434	-0.176054	-0.095910	-0.476529
Chr03	25163356	25514453	-0.566474	-0.175114	-0.092028	-0.455846
Chr03	25301900	25626685	-0.739207	-0.415610	-0.178213	-0.634255
Chr03	25514463	25893712	-0.590250	-0.261955	-0.128794	-0.506142
Chr03	25627236	26224742	-0.451231	-0.112576	-0.063982	-0.386922
Chr03	25896094	26373550	-0.044299	-0.012752	-0.007777	-0.047242
Chr03	26225139	26591582	0.212708	0.078434	0.043824	0.203369
Chr03	26373561	30045419	-0.255857	-0.087266	-0.040702	-0.226306
Chr03	26592190	30209257	-0.343191	-0.091942	-0.047296	-0.287512
Chr03	30045692	30386284	-0.090167	-0.020704	-0.013307	-0.085407
Chr03	30209313	30672287	0.082042	0.015924	0.012024	0.060945
Chr03	30386405	30925570	-0.064950	-0.007180	-0.005854	-0.044544
Chr03	30672507	31126355	-0.154935	-0.019407	-0.014935	-0.092868
Chr03	30925574	31222842	-0.052094	-0.018398	-0.011533	-0.030003
Chr03	31126390	31388968	-0.257877	-0.128188	-0.076774	-0.162028
Chr03	31222915	31543455	-0.415136	-0.187072	-0.121449	-0.261661
Chr03	31389020	31702261	-0.395657	-0.174742	-0.112648	-0.304981
Chr03	31543477	31883744	-0.473611	-0.140460	-0.093931	-0.405483
Chr03	31702505	32095818	-0.321069	-0.061963	-0.045607	-0.282955
Chr03	31883754	32227127	-0.451642	-0.130198	-0.084613	-0.381662
Chr03	32095964	32371199	-0.452200	-0.175510	-0.098169	-0.302276
Chr03	32227216	32504740	0.111520	0.036693	0.022476	0.061849
Chr03	32371245	32816787	0.266656	0.041400	0.030038	0.184194
Chr03	32504757	32967449	0.068111	0.011400	0.008189	0.060741
Chr03	32816813	33170072	-0.463893	-0.238630	-0.124021	-0.395726
Chr03	32967501	33288122	-0.659663	-0.275149	-0.145723	-0.520530
Chr03	33170167	33434807	-0.369194	-0.105101	-0.066457	-0.249261
Chr03	33288137	33555667	-0.406012	-0.135138	-0.076631	-0.288036
Chr03	33435005	33773650	-0.514555	-0.165558	-0.084473	-0.223622
Chr03	33555696	33878520	-0.257727	-0.059276	-0.037218	-0.068280
Chr03	33774045	33983391	-0.054368	-0.011191	-0.007638	-0.016337
Chr03	33878531	34135396	-0.015490	-0.002582	-0.001797	-0.006582
Chr03	33983397	34266199	-0.109517	-0.022185	-0.015353	-0.071521
Chr03	34135413	34476310	-0.117758	-0.037265	-0.020347	-0.088106
Chr03	34266200	34701344	-0.105943	-0.026210	-0.016103	-0.081767
Chr03	34476326	34843218	-0.096316	-0.020629	-0.014404	-0.064016
Chr03	34701372	35131755	-0.109697	-0.033100	-0.019375	-0.059420
Chr03	34843241	35245854	-0.127194	-0.042154	-0.026348	-0.082700
Chr03	35131783	35341337	-0.109964	-0.038409	-0.024000	-0.079162
Chr03	35245939	35527374	-0.155446	-0.040553	-0.026757	-0.101265
Chr03	35341475	35730123	-0.185034	-0.037270	-0.026585	-0.119285
Chr03	35527380	36184583	-0.418178	-0.074421	-0.052338	-0.275818
Chr03	35730176	36406933	-0.460365	-0.086811	-0.060717	-0.318026
Chr03	36184680	36521163	-0.284768	-0.070398	-0.047238	-0.191549
Chr03	36406974	36634964	-0.174820	-0.056339	-0.036949	-0.125047
Chr03	36521169	36765034	-0.323998	-0.144818	-0.092782	-0.248115
Chr03	36634965	36860937	-0.481340	-0.326360	-0.173422	-0.339879
Chr03	36765047	36998566	-0.469251	-0.275924	-0.129358	-0.324427
Chr03	36861022	37112899	-0.222273	-0.075826	-0.042864	-0.168012
Chr03	36998589	37249989	-0.369108	-0.138321	-0.078163	-0.292585
Chr03	37112967	37399014	-0.517330	-0.204144	-0.115795	-0.405611
Chr03	37250010	37524900	-0.323128	-0.103687	-0.060455	-0.254002
Chr03	37399015	37652854	-0.241514	-0.081472	-0.045975	-0.177153
Chr03	37524977	37762982	-0.185653	-0.087448	-0.046290	-0.117710
Chr03	37652938	38088178	0.027961	0.013825	0.007515	0.027856
Chr03	37763045	38213339	0.144975	0.053195	0.036319	0.098087
Chr03	38088212	38404162	-0.024071	-0.006871	-0.004110	-0.011534
Chr03	38213340	38596671	-0.362977	-0.135301	-0.065517	-0.237518
Chr03	38404332	38674942	-0.606144	-0.423986	-0.170642	-0.503040
Chr03	38596687	38816779	-0.532244	-0.271513	-0.127950	-0.420874
Chr03	38675016	38937626	-0.298521	-0.114752	-0.061435	-0.215350
Chr03	38816808	39053853	-0.346271	-0.177038	-0.093711	-0.258734
Chr03	38937635	39198122	-0.107558	-0.040333	-0.024855	-0.077419
Chr03	39054228	39310716	-0.140197	-0.048923	-0.028496	-0.109405
Chr03	39198535	39467778	-0.372982	-0.137414	-0.073535	-0.291172
Chr03	39310895	39669239	0.000274	0.000068	0.000045	0.002387
Chr03	39468521	39741271	0.127399	0.033180	0.022925	0.077442
Chr03	39669255	39811203	-0.020267	-0.012642	-0.006895	-0.013200
Chr03	39741279	39920821	-0.277867	-0.185163	-0.107670	-0.160789
Chr03	39811271	40070195	-0.114840	-0.043806	-0.030584	-0.067252
Chr03	39920980	40177524	0.017849	0.005068	0.003710	0.012574
Chr03	40070211	40258776	-0.435635	-0.171184	-0.103121	-0.329428
Chr03	40177530	40489365	-0.288599	-0.119761	-0.072640	-0.235057
Chr03	40258839	40686021	-0.111306	-0.032563	-0.023837	-0.080814
Chr03	40489394	40863079	-0.388288	-0.122110	-0.085904	-0.264942
Chr03	40686068	41022927	-0.461014	-0.220780	-0.128222	-0.296986
Chr03	40863087	41093306	-0.632616	-0.479441	-0.204706	-0.414954
Chr03	41022950	41162065	-0.527008	-0.432226	-0.161728	-0.352529
Chr03	41093402	41257428	-0.478444	-0.285194	-0.129329	-0.351416
Chr03	41162298	41321060	-0.517861	-0.291643	-0.152947	-0.338461
Chr03	41257508	41396797	-0.221338	-0.100716	-0.065172	-0.107873
Chr03	41321082	41476190	-0.280711	-0.116991	-0.073031	-0.158495
Chr03	41396929	41543886	-0.518204	-0.230005	-0.119990	-0.327097
Chr03	41476247	41638086	-0.385421	-0.159079	-0.083827	-0.269474
Chr03	41543906	41744758	-0.362346	-0.164676	-0.091290	-0.303502
Chr03	41638128	41913855	-0.611601	-0.371297	-0.182915	-0.547078
Chr03	41744795	42122544	-0.756525	-0.460324	-0.205024	-0.704328
Chr03	41913922	42217720	-0.723956	-0.387721	-0.171957	-0.568252
Chr03	42122565	42389063	-0.364272	-0.149377	-0.071705	-0.243021
Chr03	42217731	42449047	-0.283077	-0.135225	-0.067188	-0.206061
Chr03	42389097	42650020	-0.174262	-0.116502	-0.068500	-0.112669
Chr03	42449124	42808469	-0.019978	-0.012118	-0.005368	-0.001658
Chr03	42650031	42930611	-0.152316	-0.078150	-0.037550	-0.112995
Chr03	42808600	43076029	-0.279969	-0.123959	-0.073126	-0.211419
Chr03	42930638	43229939	-0.172919	-0.073369	-0.043933	-0.125425
Chr03	43076038	43436457	0.128144	0.044744	0.030398	0.104294
Chr03	43229984	43564826	0.175801	0.073323	0.050034	0.144826
Chr03	43436509	43653512	0.018049	0.012399	0.006711	0.013645
Chr03	43564871	43934338	-0.074100	-0.042667	-0.022802	-0.046511
Chr03	43653551	44126940	-0.185207	-0.083312	-0.045987	-0.113064
Chr03	43934406	44234893	-0.450982	-0.240895	-0.125483	-0.332152
Chr03	44126980	44329656	-0.398030	-0.248735	-0.135018	-0.278843
Chr03	44234991	44436998	-0.151140	-0.116143	-0.066081	-0.083396
Chr03	44329663	44558324	-0.035113	-0.023347	-0.013881	-0.018029
Chr03	44437005	44613241	0.033638	0.022901	0.014024	0.018678
Chr03	44558687	44678734	-0.100103	-0.097316	-0.055082	-0.054132
Chr03	44613278	44749626	-0.019586	-0.015562	-0.009073	-0.010813
Chr03	44678750	44868319	-0.017991	-0.011882	-0.007317	-0.008907
Chr03	44749903	44909743	-0.101484	-0.084584	-0.049652	-0.058084
Chr03	44868338	44994750	-0.156137	-0.108891	-0.068497	-0.075573
Chr03	44909757	45078862	-0.127332	-0.079679	-0.048270	-0.060129
Chr03	44994752	45221494	-0.057205	-0.031048	-0.018514	-0.027372
Chr03	45078900	45389296	0.229736	0.094550	0.067695	0.118313
Chr03	45221538	45524623	0.176751	0.081188	0.054998	0.123473
Chr03	45389387	45644446	-0.085821	-0.032907	-0.021209	-0.064866
Chr03	45524679	45800359	-0.115052	-0.043024	-0.027919	-0.074258
Chr03	45644592	45876597	-0.264151	-0.146474	-0.079593	-0.160241
Chr03	45800395	46004277	-0.242167	-0.178855	-0.083311	-0.142687
Chr03	45876660	46121892	-0.106114	-0.077425	-0.041757	-0.058274
Chr03	46004316	46185252	-0.090970	-0.066044	-0.039870	-0.050963
Chr03	46121921	46247975	0.019293	0.020170	0.011396	0.009353
Chr03	46185261	46291455	0.059072	0.076234	0.040716	0.032195
Chr03	46247982	46417759	0.019036	0.015435	0.009841	0.010322
Chr03	46291470	46490332	-0.018795	-0.013635	-0.009172	-0.008343
Chr03	46417800	46617421	-0.062917	-0.041724	-0.023915	-0.031283
Chr03	46490400	46737395	-0.149799	-0.068256	-0.039029	-0.094596
Chr03	46617435	46840443	-0.106076	-0.037605	-0.022887	-0.076696
Chr03	46737479	47019427	-0.059865	-0.013787	-0.009976	-0.040680
Chr03	46841898	47141110	-0.186658	-0.037809	-0.029349	-0.122474
Chr03	47020303	47291345	-0.127376	-0.038960	-0.027361	-0.096564
Chr03	47141277	47361894	-0.138921	-0.059128	-0.038693	-0.098517
Chr03	47291358	47414027	-0.486760	-0.371873	-0.206726	-0.327878
Chr03	47361947	47484790	-0.440501	-0.330620	-0.204108	-0.237310
Chr03	47414028	47663011	-0.136950	-0.086743	-0.055041	-0.061238
Chr03	47484826	47922857	-0.185969	-0.132652	-0.068256	-0.103624
Chr03	47663137	48071451	-0.128772	-0.091014	-0.047838	-0.076133
Chr03	47922866	48151403	0.112781	0.102186	0.047127	0.082016
Chr03	48071462	48301606	0.179048	0.141389	0.070995	0.119676
Chr03	48151423	48466441	-0.238183	-0.136669	-0.083415	-0.151910
Chr03	48301698	48542202	-0.559432	-0.321228	-0.187191	-0.401828
Chr03	48466448	48667394	-0.532045	-0.439630	-0.192697	-0.310836
Chr03	48542221	48895650	-0.364169	-0.267592	-0.123075	-0.198553
Chr03	48667419	48980688	-0.165447	-0.099754	-0.059962	-0.107918
Chr03	48895657	49057733	-0.157888	-0.135789	-0.078231	-0.091703
Chr03	48980726	49145377	-0.154706	-0.239635	-0.087161	-0.077080
Chr03	49057770	49233188	0.005866	0.009028	0.003346	0.008236
Chr03	49145388	49476380	0.033362	0.028466	0.015012	0.024653
Chr03	49233254	49561045	-0.156735	-0.134605	-0.066838	-0.081424
Chr03	49476401	49911698	-0.180651	-0.139750	-0.072984	-0.102391
Chr03	49561243	50081092	-0.186813	-0.121727	-0.068232	-0.115998
Chr03	49911723	50134805	-0.179863	-0.153506	-0.081923	-0.112729
Chr03	50081192	50228291	-0.126217	-0.107545	-0.057734	-0.082870
Chr03	50134825	50268020	-0.202989	-0.195323	-0.106935	-0.144379
Chr03	50228367	50404490	-0.284718	-0.259106	-0.139257	-0.192103
Chr03	50268021	50487731	-0.195034	-0.117788	-0.069865	-0.123944
Chr03	50404499	50539686	-0.258349	-0.211683	-0.119462	-0.169989
Chr03	50487830	50631330	-0.213524	-0.136991	-0.084706	-0.126694
Chr03	50539689	50703970	-0.111137	-0.055601	-0.036631	-0.062176
Chr03	50631344	50830067	0.012395	0.008069	0.004471	0.016360
Chr03	50704063	50964374	0.094592	0.054077	0.029408	0.064378
Chr03	50830070	51087643	-0.157421	-0.103320	-0.053912	-0.093946
Chr03	50964385	51235751	-0.232181	-0.118221	-0.071947	-0.137970
Chr03	51087653	51404046	-0.030366	-0.012372	-0.008316	-0.022703
Chr03	51235783	51554295	0.019881	0.012472	0.006928	0.003315
Chr03	51404068	51630906	-0.097772	-0.074864	-0.039284	-0.057310
Chr03	51554412	51745278	-0.088238	-0.071379	-0.039512	-0.049780
Chr03	51630977	51834898	-0.046820	-0.036327	-0.019153	-0.030123
Chr03	51745530	51916372	-0.232520	-0.198041	-0.091807	-0.125999
Chr03	51834934	52051375	-0.317609	-0.174020	-0.091786	-0.169117
Chr03	51916430	52129171	-0.239597	-0.122378	-0.068493	-0.133770
Chr03	52051440	52172691	-0.173030	-0.165837	-0.078212	-0.100331
Chr03	52129244	52248391	-0.026732	-0.026840	-0.013565	-0.013018
Chr03	52172710	52323518	0.062259	0.063348	0.034740	0.033951
Chr03	52248512	52399504	-0.042332	-0.036963	-0.021933	-0.019435
Chr03	52323547	52482490	-0.021595	-0.014942	-0.009723	-0.006187
Chr03	52399552	52594094	0.046915	0.032099	0.020414	0.030671
Chr03	52482547	52666432	0.008675	0.006014	0.003655	0.004786
Chr03	52594101	52779483	-0.022258	-0.017614	-0.010352	-0.010950
Chr03	52666452	52827992	-0.091550	-0.094677	-0.050706	-0.048754
Chr03	52779485	52869353	0.041516	0.056181	0.030490	0.025722
Chr03	52828003	52937947	0.110739	0.136420	0.075519	0.067306
Chr03	52869380	53129875	-0.000476	-0.000388	-0.000206	0.002177
Chr03	52938089	53270668	-0.091298	-0.067679	-0.035071	-0.052657
Chr03	53131279	53336829	0.222858	0.203130	0.121737	0.154979
Chr03	53270723	53529174	0.598074	0.465230	0.305263	0.481852
Chr03	53340158	53585731	0.457426	0.313897	0.194026	0.312766
Chr03	53529178	53665208	-0.152800	-0.122935	-0.066898	-0.084551
Chr03	53585746	53713039	-0.085003	-0.069257	-0.031969	-0.044743
Chr03	53665248	53803490	-0.183271	-0.167453	-0.067293	-0.107896
Chr03	53713086	53898100	-0.277828	-0.230068	-0.114989	-0.152087
Chr03	53803562	53968580	-0.142484	-0.131473	-0.073156	-0.072625
Chr03	53898130	54051516	-0.121566	-0.173097	-0.077768	-0.066868
Chr03	53968596	54108892	-0.112552	-0.104618	-0.054545	-0.062447
Chr03	54051560	54173770	-0.054781	-0.049173	-0.027901	-0.028983
Chr03	54108919	54229801	0.049916	0.049233	0.030390	0.026430
Chr03	54173905	54310112	0.086349	0.089825	0.053255	0.048673
Chr03	54229815	54426837	0.174973	0.187321	0.104032	0.095795
Chr03	54310191	54570943	0.152052	0.123716	0.065371	0.088329
Chr03	54426889	54670420	0.129765	0.106213	0.056301	0.072262
Chr03	54570956	54721917	0.107259	0.104202	0.057287	0.056156
Chr03	54670454	54804300	-0.213638	-0.281756	-0.127755	-0.127102
Chr03	54721989	54880053	-0.311506	-0.488724	-0.191736	-0.227899
Chr03	54804303	54960856	-0.110431	-0.123520	-0.064992	-0.079338
Chr03	54880076	55042313	-0.004886	-0.005776	-0.003098	-0.004436
Chr03	54960903	55091087	-0.204140	-0.488710	-0.146204	-0.111379
Chr03	55042324	55151854	-0.189693	-0.341284	-0.139538	-0.098641
Chr03	55091147	55218853	-0.061936	-0.073392	-0.042613	-0.033788
Chr03	55151940	55282277	-0.050381	-0.060358	-0.030637	-0.023717
Chr03	55218854	55336089	0.004965	0.006161	0.003168	0.007335
Chr03	55282301	55392053	-0.029197	-0.041353	-0.021525	-0.009776
Chr03	55336093	55452011	0.028971	0.040851	0.020857	0.016226
Chr03	55392117	55527368	0.003295	0.003637	0.002088	0.000011
Chr03	55452047	55612908	-0.078900	-0.070466	-0.039565	-0.043456
Chr03	55527404	55663238	-0.088735	-0.089747	-0.047771	-0.046691
Chr03	55612966	55701965	-0.121403	-0.161282	-0.080801	-0.067452
Chr03	55663250	55769716	-0.067842	-0.066538	-0.036771	-0.031458
Chr03	55702260	55878346	-0.003704	-0.003869	-0.002200	0.001345
Chr03	55769750	56059014	0.165070	0.133825	0.082558	0.105241
Chr03	55880198	56516297	0.244292	0.114019	0.078154	0.150876
Chr03	56059059	56687683	0.044130	0.020382	0.012957	0.025529
Chr03	56516317	56840701	-0.158391	-0.094515	-0.056188	-0.086309
Chr03	56687864	56893666	-0.161436	-0.139087	-0.084006	-0.084201
Chr03	56840732	56944460	-0.039774	-0.068541	-0.032392	-0.020167
Chr03	56893685	57062764	0.062039	0.048472	0.027540	0.036508
Chr03	56944527	57131387	0.072338	0.039354	0.025833	0.043789
Chr03	57062783	57246915	0.062514	0.043738	0.028657	0.039797
Chr03	57131403	57303425	0.081326	0.090748	0.052576	0.046741
Chr03	57246962	57413681	0.211898	0.172832	0.119990	0.107887
Chr03	57303438	57539161	0.155446	0.109202	0.073849	0.077341
Chr03	57413746	57582615	0.000565	0.000540	0.000303	-0.001205
Chr03	57539177	57630930	0.003230	0.005443	0.002464	0.000147
Chr03	57582619	57707949	0.100054	0.118168	0.063330	0.052166
Chr03	57630933	57797189	0.147218	0.120470	0.066610	0.076481
Chr03	57708403	57868503	0.208196	0.180600	0.104561	0.109853
Chr03	57797215	57940146	0.131541	0.152729	0.085944	0.072608
Chr03	57868510	58022306	-0.025622	-0.033201	-0.016687	-0.017429
Chr03	57940321	58136778	0.010148	0.012934	0.006587	0.005505
Chr03	58022307	58206354	-0.002160	-0.002958	-0.001459	0.001593
Chr03	58136815	58293366	0.059155	0.075559	0.041367	0.029001
Chr03	58206365	58420688	0.128042	0.104189	0.066223	0.066558
Chr03	58293394	58531115	0.021078	0.018016	0.011357	0.014074
Chr03	58420801	58601591	-0.082295	-0.125109	-0.067526	-0.041847
Chr03	58531172	58789224	0.002634	0.002563	0.001419	0.006106
Chr03	58601655	58977084	-0.033051	-0.019461	-0.009258	-0.019385
Chr03	58789241	59031653	-0.031955	-0.027025	-0.011978	-0.024045
Chr03	58977111	59108684	0.046378	0.051532	0.029170	0.023333
Chr03	59031664	59450517	0.024955	0.019112	0.010577	0.015100
Chr03	59108731	59539301	0.057679	0.041318	0.022438	0.038805
Chr03	59450555	59771352	0.072140	0.039984	0.025243	0.042391
Chr03	59539356	59944448	-0.076174	-0.037080	-0.024040	-0.037888
Chr03	59771971	60034562	-0.145821	-0.085816	-0.050633	-0.081781
Chr03	59944470	60187871	-0.155347	-0.112212	-0.059735	-0.073111
Chr03	60034591	60390874	-0.100795	-0.078280	-0.041837	-0.039896
Chr03	60187945	60468349	-0.119783	-0.085828	-0.048377	-0.059585
Chr03	60390991	60674762	-0.613493	-0.285322	-0.148976	-0.474192
Chr03	60468767	60897920	-0.649430	-0.211125	-0.114215	-0.519475
Chr03	60675546	61118806	-0.332826	-0.085900	-0.050745	-0.249797
Chr03	60898179	61337378	-0.098324	-0.028072	-0.017765	-0.069421
Chr03	61118927	61559119	0.149714	0.057270	0.033916	0.088371
Chr03	61338416	61645095	0.018034	0.009033	0.004838	0.010577
Chr03	61559681	61917813	-0.123561	-0.076587	-0.043977	-0.067954
Chr03	61645126	62032697	-0.062769	-0.038476	-0.023194	-0.032366
Chr03	61917857	62205274	-0.183834	-0.111545	-0.068625	-0.106982
Chr03	62032699	62471680	-0.188164	-0.105490	-0.068197	-0.111908
Chr03	62205277	62549627	-0.043018	-0.025789	-0.015870	-0.019109
Chr03	62471760	62711113	0.045885	0.035192	0.019534	0.030743
Chr03	62549701	62940928	-0.145071	-0.083396	-0.049107	-0.083285
Chr03	62711162	63085366	-0.304539	-0.100886	-0.070391	-0.194641
Chr03	62940995	63183989	-0.240701	-0.086943	-0.060128	-0.150137
Chr03	63085400	63308761	-0.064319	-0.024610	-0.017115	-0.036586
Chr03	63184051	63398316	0.164860	0.047259	0.037803	0.122138
Chr03	63308869	63543211	0.015129	0.005858	0.004485	0.014383
Chr03	63398407	63667840	-0.331725	-0.238149	-0.134171	-0.202971
Chr03	63543252	63835800	-0.320054	-0.218392	-0.121218	-0.199265
Chr03	63667941	63964798	-0.172444	-0.120545	-0.073551	-0.102039
Chr03	63835815	64034001	-0.189124	-0.169153	-0.102538	-0.107923
Chr03	63964825	64128847	-0.130981	-0.123386	-0.072283	-0.082256
Chr03	64034017	64258392	-0.090856	-0.090723	-0.053232	-0.064130
Chr03	64128918	64515027	-0.145142	-0.086391	-0.057705	-0.091992
Chr03	64258403	64700751	-0.160728	-0.078992	-0.052490	-0.087818
Chr03	64515490	64767190	-0.388510	-0.345225	-0.163065	-0.219956
Chr03	64700794	64921030	-0.197414	-0.180600	-0.081058	-0.125403
Chr03	64767228	65031711	-0.087956	-0.067171	-0.032298	-0.049303
Chr03	64921083	65096574	-0.092438	-0.062761	-0.035924	-0.046977
Chr03	65031741	65220589	0.036418	0.015570	0.011269	0.015749
Chr03	65096626	65352839	-0.015126	-0.006315	-0.004063	-0.010353
Chr03	65220800	65446877	-0.174737	-0.116062	-0.060618	-0.116211
Chr03	65352925	65628647	-0.371407	-0.277804	-0.156055	-0.255306
Chr03	65446911	65820817	-0.161030	-0.066953	-0.043745	-0.104027
Chr03	65629177	66059809	0.037019	0.011521	0.008001	0.016635
Chr03	65820830	66311682	0.008196	0.004017	0.002841	0.002569
Chr03	66059851	66856453	0.054458	0.034027	0.025152	0.032103
Chr03	66311859	66986823	0.095743	0.041866	0.033083	0.062299
Chr03	66856505	67102989	-0.016416	-0.008353	-0.005929	-0.008553
Chr03	66986841	67210910	-0.147146	-0.128055	-0.072537	-0.075293
Chr03	67103042	67364340	-0.213744	-0.181341	-0.103630	-0.114972
Chr03	67210912	67479397	-0.144833	-0.119335	-0.066504	-0.084324
Chr03	67364350	67613287	-0.039113	-0.043578	-0.022172	-0.022408
Chr03	67479406	67723580	-0.032745	-0.024141	-0.015432	-0.017483
Chr03	67613297	67889298	-0.127251	-0.072836	-0.045203	-0.081411
Chr03	67723585	67989316	-0.136993	-0.086059	-0.050254	-0.080392
Chr03	67889317	68154821	-0.107964	-0.072421	-0.046139	-0.064903
Chr03	67989371	68335897	-0.177501	-0.095438	-0.063152	-0.111558
Chr03	68154829	68586791	-0.313939	-0.138189	-0.090786	-0.205206
Chr03	68335899	68784286	-0.303707	-0.124374	-0.082801	-0.179406
Chr03	68586832	69023259	0.065353	0.026763	0.017853	0.037866
Chr03	68784740	69120382	0.175763	0.095900	0.060461	0.094695
Chr03	69023271	69223726	0.010761	0.005977	0.004238	0.006058
Chr03	69120385	69377076	-0.020990	-0.011749	-0.008333	-0.011226
Chr03	69223834	69479810	-0.105895	-0.096910	-0.049390	-0.060772
Chr03	69377188	69586081	-0.020031	-0.018972	-0.008529	-0.005552
Chr03	69480045	69678485	0.147642	0.104976	0.060866	0.088371
Chr03	69586528	69815548	-0.151817	-0.088958	-0.058744	-0.108342
Chr03	69678567	69935596	-0.297872	-0.134731	-0.093698	-0.190807
Chr03	69815558	70054517	-0.006648	-0.002897	-0.002183	-0.003452
Chr03	69935651	70144774	0.112601	0.065351	0.051542	0.074876
Chr04	369847	481813	-0.133914	-0.164990	-0.082856	-0.074528
Chr04	417770	649763	-0.069638	-0.076587	-0.039307	-0.042113
Chr04	481879	720590	-0.079438	-0.085296	-0.046980	-0.050560
Chr04	649836	789634	-0.095143	-0.092214	-0.057154	-0.058805
Chr04	720743	892933	-0.185786	-0.111693	-0.080565	-0.112578
Chr04	789636	1054637	-0.144152	-0.067506	-0.050005	-0.088063
Chr04	892938	1110147	-0.064740	-0.040996	-0.030279	-0.035965
Chr04	1054739	1185734	-0.019211	-0.017599	-0.012989	-0.005917
Chr04	1110152	1285655	0.136943	0.116945	0.084435	0.087125
Chr04	1185785	1505842	0.017821	0.014374	0.008830	0.011114
Chr04	1285657	1667924	-0.074953	-0.038997	-0.024811	-0.046942
Chr04	1505904	1805808	-0.179382	-0.097306	-0.057342	-0.106374
Chr04	1667933	1892756	-0.354344	-0.315645	-0.141135	-0.216608
Chr04	1806098	2071281	-0.281938	-0.198860	-0.091772	-0.171534
Chr04	1892821	2145959	-0.109774	-0.062213	-0.034147	-0.061643
Chr04	2071657	2261610	0.074327	0.032535	0.024910	0.036520
Chr04	2145969	2429399	-0.074824	-0.027987	-0.021180	-0.039695
Chr04	2261736	2653707	-0.274673	-0.075869	-0.057864	-0.171535
Chr04	2432125	2822622	-0.469815	-0.141855	-0.104974	-0.340459
Chr04	2653716	2890186	-0.367785	-0.177254	-0.122012	-0.238617
Chr04	2822636	2974315	0.070160	0.047413	0.032499	0.037544
Chr04	2890220	3051172	-0.021877	-0.017195	-0.010628	-0.007877
Chr04	2974379	3174348	-0.202249	-0.220625	-0.107541	-0.117020
Chr04	3051278	3342292	-0.087911	-0.061100	-0.034346	-0.053577
Chr04	3174430	3689141	0.050720	0.030638	0.019047	0.028642
Chr04	3342627	3762167	0.096981	0.067859	0.042126	0.056648
Chr04	3689161	3833199	0.069976	0.062368	0.036790	0.043891
Chr04	3762171	3880757	-0.032261	-0.033936	-0.017766	-0.011906
Chr04	3833239	3931084	-0.143151	-0.152346	-0.085227	-0.075840
Chr04	3880763	4146620	-0.144641	-0.088944	-0.058725	-0.109176
Chr04	3931138	4194029	-0.093527	-0.051235	-0.034244	-0.070895
Chr04	4146689	4333400	-0.146010	-0.073319	-0.051708	-0.087245
Chr04	4194083	4481173	-0.123253	-0.042918	-0.028992	-0.063886
Chr04	4333451	4625501	0.435926	0.192479	0.118485	0.270279
Chr04	4481196	4692033	0.626266	0.379646	0.235861	0.454809
Chr04	4625622	4856527	-0.126998	-0.107592	-0.054125	-0.094228
Chr04	4692055	5054976	-0.786233	-1.061405	-0.361591	-0.694853
Chr04	4856640	5818023	-0.878140	-1.225376	-0.349866	-0.774725
Chr04	5055025	5952175	-0.425042	-0.348395	-0.148480	-0.334186
Chr04	5818068	6014083	0.117026	0.096060	0.063421	0.089683
Chr04	5952177	6112121	0.081424	0.077956	0.049795	0.054249
Chr04	6014173	6186103	0.063086	0.043794	0.026854	0.029161
Chr04	6112406	6304898	0.158835	0.089253	0.059788	0.076376
Chr04	6186110	6414566	-0.000729	-0.000431	-0.000263	-0.001879
Chr04	6305137	6520310	0.000219	0.000143	0.000078	-0.002483
Chr04	6414670	6642587	0.010865	0.007004	0.003775	0.002638
Chr04	6520374	6701213	-0.028360	-0.017416	-0.009675	-0.012410
Chr04	6642601	6823668	-0.026764	-0.014610	-0.009307	-0.013855
Chr04	6701373	6907342	-0.091262	-0.062393	-0.037412	-0.057315
Chr04	6823680	6975119	-0.082714	-0.098672	-0.044401	-0.046827
Chr04	6907344	7041767	-0.061445	-0.080160	-0.036816	-0.035315
Chr04	6975163	7132629	-0.144106	-0.164680	-0.079108	-0.078584
Chr04	7041792	7223693	-0.067947	-0.048778	-0.029218	-0.036638
Chr04	7132694	7411067	-0.003369	-0.001362	-0.000934	-0.005088
Chr04	7223753	7530483	-0.189198	-0.067508	-0.045640	-0.091289
Chr04	7411076	7605377	-0.214305	-0.120645	-0.075285	-0.100576
Chr04	7530509	7677462	-0.155989	-0.110885	-0.068740	-0.096712
Chr04	7605392	7757677	0.114447	0.075008	0.044582	0.088413
Chr04	7677477	7826619	0.056681	0.046425	0.022327	0.046311
Chr04	7757697	7872229	-0.401582	-0.773291	-0.252579	-0.268768
Chr04	7826645	7958510	-0.571390	-2.222069	-0.471172	-0.351815
Chr04	7872258	8092698	-0.423787	-0.815689	-0.200610	-0.198067
Chr04	7958539	8197687	0.049839	0.045152	0.020566	0.021464
Chr04	8092699	8241600	0.006377	0.006027	0.003941	0.002233
Chr04	8197697	8327264	-0.083190	-0.086883	-0.051665	-0.046103
Chr04	8241603	8395782	-0.206661	-0.307554	-0.123335	-0.113795
Chr04	8327273	8464308	-0.194669	-0.306562	-0.116411	-0.101127
Chr04	8395784	8544691	0.074280	0.084453	0.047960	0.042085
Chr04	8464314	8604877	-0.084398	-0.094753	-0.046795	-0.042058
Chr04	8544772	8656150	-0.311781	-0.423781	-0.162524	-0.142351
Chr04	8604911	8761330	-0.110149	-0.130078	-0.064133	-0.056905
Chr04	8656177	9247455	-0.002538	-0.001978	-0.001060	0.000334
Chr04	8761406	9565440	-0.321997	-0.213192	-0.106066	-0.183696
Chr04	9247487	9655154	-0.388065	-0.333239	-0.159612	-0.229801
Chr04	9565635	9716342	-0.112609	-0.148509	-0.073620	-0.058663
Chr04	9655267	9804328	-0.088935	-0.111990	-0.061366	-0.051113
Chr04	9716416	9939627	-0.181622	-0.236202	-0.111488	-0.101366
Chr04	9804444	10105986	-0.134476	-0.133794	-0.062948	-0.068881
Chr04	9939682	10280713	0.081685	0.018557	0.014712	0.041158
Chr04	10106032	10430991	0.460790	0.051558	0.046405	0.290256
Chr04	10281223	10622709	0.069550	0.011093	0.009106	0.029812
Chr04	10431034	10780297	-0.124515	-0.033748	-0.022206	-0.064915
Chr04	10622749	10928422	-0.163096	-0.053699	-0.028799	-0.102662
Chr04	10780355	11088926	-0.026918	-0.009221	-0.004970	-0.014614
Chr04	10928509	11243987	-0.343551	-0.217953	-0.102083	-0.284595
Chr04	11088936	11402860	-0.694747	-0.643019	-0.270811	-0.592181
Chr04	11244022	11507308	-0.306904	-0.143653	-0.091861	-0.212186
Chr04	11403227	11609749	0.029700	0.013543	0.008224	0.017116
Chr04	11507422	11687597	-0.048537	-0.031441	-0.017111	-0.026597
Chr04	11609786	11865211	-0.364146	-0.367207	-0.146932	-0.223002
Chr04	11687637	12037366	-0.446644	-0.415091	-0.143167	-0.274149
Chr04	11867968	12121531	0.337024	0.227847	0.119154	0.234841
Chr04	12037405	12267837	0.327231	0.226363	0.139698	0.256437
Chr04	12121563	12485611	0.018409	0.015722	0.008606	0.019028
Chr04	12267900	12553631	0.068006	0.063936	0.033219	0.046281
Chr04	12485635	12737669	-0.023966	-0.028419	-0.013496	-0.016398
Chr04	12553637	12880114	-0.240487	-0.268904	-0.121958	-0.140079
Chr04	12737787	13080214	-0.197551	-0.130418	-0.072205	-0.120126
Chr04	12880123	13221055	0.035520	0.011498	0.007314	0.022436
Chr04	13080276	13326738	0.066469	0.022867	0.013020	0.044078
Chr04	13221131	13479744	-0.008407	-0.003353	-0.001840	-0.009295
Chr04	13326900	13570698	0.073025	0.030239	0.017869	0.049981
Chr04	13479756	13765034	-0.215166	-0.134229	-0.071885	-0.140181
Chr04	13570779	13891494	-0.580864	-0.326474	-0.173842	-0.384618
Chr04	13765161	13989463	-0.226060	-0.107068	-0.063899	-0.116766
Chr04	13891542	14034101	0.112295	0.076393	0.051888	0.067363
Chr04	13989523	14138940	0.137591	0.127332	0.093171	0.103142
Chr04	14034102	14253972	0.127064	0.113197	0.075023	0.090442
Chr04	14139033	14463870	-0.015641	-0.010330	-0.005296	-0.004627
Chr04	14254013	14689105	-0.163017	-0.098509	-0.044965	-0.080689
Chr04	14463941	15026195	-0.122112	-0.054182	-0.026787	-0.070967
Chr04	14689118	15208876	-0.375335	-0.178860	-0.081408	-0.277715
Chr04	15026250	15368717	-0.707859	-0.406489	-0.184084	-0.591497
Chr04	15208941	15556444	-0.604853	-0.295782	-0.153498	-0.490929
Chr04	15368736	15611513	-0.403565	-0.224950	-0.121734	-0.322394
Chr04	15556484	15784388	-0.375856	-0.130574	-0.084147	-0.281113
Chr04	15611610	15929792	-0.583923	-0.192899	-0.116654	-0.466343
Chr04	15784459	16092177	-0.547128	-0.262490	-0.130662	-0.480597
Chr04	15929828	16307881	-0.065624	-0.028686	-0.015806	-0.048393
Chr04	16092179	16469717	-0.052188	-0.015545	-0.010172	-0.035867
Chr04	16307969	16771792	-0.406823	-0.090562	-0.060381	-0.273195
Chr04	16471236	17005146	-0.188839	-0.046282	-0.030518	-0.117478
Chr04	16771826	17190895	0.076058	0.040659	0.023433	0.056360
Chr04	17005217	17324948	-0.153864	-0.082466	-0.048865	-0.103708
Chr04	17191444	17418479	-0.244986	-0.111706	-0.069334	-0.164687
Chr04	17325029	17493367	-0.143359	-0.076655	-0.052598	-0.083775
Chr04	17418519	17751622	-0.104146	-0.065480	-0.036626	-0.057198
Chr04	17493380	17958988	-0.168440	-0.106391	-0.057110	-0.090819
Chr04	17751624	18069547	-0.136451	-0.119046	-0.063810	-0.070420
Chr04	17958989	18361942	-0.217359	-0.198515	-0.094441	-0.121207
Chr04	18069607	18426536	-0.152645	-0.138681	-0.068033	-0.085680
Chr04	18362296	18486713	-0.013166	-0.015086	-0.008047	-0.009003
Chr04	18426668	18579112	0.013161	0.012960	0.007147	0.009336
Chr04	18486728	18747488	0.024960	0.019194	0.011674	0.017950
Chr04	18579138	18984262	-0.107569	-0.071894	-0.042812	-0.057478
Chr04	18749541	19202994	-0.090804	-0.065408	-0.036717	-0.051647
Chr04	18984307	19400706	-0.114451	-0.095714	-0.050883	-0.070032
Chr04	19203016	19554509	-0.099707	-0.074819	-0.040705	-0.061513
Chr04	19400820	19633493	0.034869	0.025385	0.014778	0.020625
Chr04	19554541	19731620	-0.003086	-0.001926	-0.001229	-0.001031
Chr04	19633498	19803690	0.010678	0.006905	0.004683	0.007379
Chr04	19731784	19945691	-0.066316	-0.044366	-0.026785	-0.043721
Chr04	19803903	20047503	-0.207677	-0.143383	-0.077273	-0.130497
Chr04	19945704	20106446	-0.498281	-0.583456	-0.263040	-0.334126
Chr04	20047529	20330657	-0.517994	-0.458547	-0.210206	-0.327405
Chr04	20106457	20453968	-0.409115	-0.228481	-0.116827	-0.224864
Chr04	20330751	20619336	-0.405037	-0.149424	-0.093743	-0.238185
Chr04	20454018	20743194	-0.498861	-0.222616	-0.116701	-0.308373
Chr04	20619350	20837923	-0.744958	-0.885990	-0.286935	-0.558961
Chr04	20743228	21005152	-0.577877	-0.402217	-0.201388	-0.471070
Chr04	20837928	21153637	-0.231322	-0.106738	-0.062433	-0.159333
Chr04	21005317	21777766	-0.574282	-0.183676	-0.104465	-0.457638
Chr04	21154341	21943711	-0.673970	-0.216257	-0.113310	-0.582617
Chr04	21778269	22106131	-0.642576	-0.354733	-0.150386	-0.533723
Chr04	21945157	22177032	-0.734613	-0.605093	-0.229734	-0.605606
Chr04	22106137	22294897	-0.574765	-0.273922	-0.139049	-0.434728
Chr04	22177078	22428922	-0.314452	-0.116022	-0.064959	-0.187873
Chr04	22294976	22729931	-0.041257	-0.014538	-0.007972	-0.023249
Chr04	22428970	22827175	-0.216175	-0.099111	-0.054119	-0.154333
Chr04	22729962	22940893	-0.036556	-0.025354	-0.015833	-0.025967
Chr04	22827190	22993404	0.552698	0.296875	0.207869	0.377055
Chr04	22940911	23124667	0.493016	0.188874	0.136447	0.319397
Chr04	22993410	23237276	-0.080285	-0.025058	-0.017676	-0.038760
Chr04	23124701	23331673	-0.380656	-0.183618	-0.112551	-0.231191
Chr04	23237431	23389318	-0.417758	-0.215787	-0.140120	-0.348605
Chr04	23331697	23464503	-0.476417	-0.261186	-0.166327	-0.390620
Chr04	23389327	23582574	-0.366097	-0.189060	-0.108468	-0.262627
Chr04	23464579	23682471	-0.476897	-0.274031	-0.150741	-0.365110
Chr04	23582579	23779624	-0.626477	-0.455875	-0.236030	-0.445710
Chr04	23682514	23875732	-0.337758	-0.228480	-0.124918	-0.196815
Chr04	23779832	23959234	-0.163231	-0.115536	-0.070235	-0.100326
Chr04	23875917	24122821	-0.112772	-0.080129	-0.051987	-0.072070
Chr04	23959285	24159946	-0.093109	-0.102218	-0.053141	-0.051979
Chr04	24122823	24268911	-0.014415	-0.014307	-0.007647	-0.011798
Chr04	24159949	24414762	-0.038011	-0.031569	-0.017359	-0.025430
Chr04	24269269	24508687	-0.112845	-0.110932	-0.058818	-0.059499
Chr04	24414779	24594205	-0.053945	-0.050610	-0.031239	-0.029174
Chr04	24508714	24659351	-0.154838	-0.094426	-0.062542	-0.092467
Chr04	24594262	24733137	-0.129628	-0.081541	-0.050922	-0.076722
Chr04	24659492	24968148	-0.107353	-0.076580	-0.045198	-0.062090
Chr04	24733148	25103358	-0.244655	-0.095777	-0.060725	-0.136014
Chr04	24968167	25268051	-0.331025	-0.141097	-0.083925	-0.188101
Chr04	25103381	25397847	-0.706157	-0.447970	-0.227923	-0.517802
Chr04	25268053	25517922	-0.913294	-0.836808	-0.363150	-0.809623
Chr04	25397971	25712096	-0.920063	-0.892488	-0.370096	-0.868084
Chr04	25517951	25778348	-0.893093	-0.749676	-0.343967	-0.757269
Chr04	25712122	25898984	-0.781774	-0.791448	-0.357077	-0.577281
Chr04	25778363	25982414	-0.333592	-0.248060	-0.140888	-0.243058
Chr04	25898985	26069567	-0.081511	-0.056234	-0.034025	-0.050181
Chr04	25982461	26127530	-0.289244	-0.289181	-0.131349	-0.165394
Chr04	26069572	26214182	-0.254648	-0.373970	-0.161862	-0.153376
Chr04	26127562	26308316	-0.044614	-0.061691	-0.030120	-0.022560
Chr04	26214202	26395068	-0.186844	-0.223623	-0.090922	-0.093388
Chr04	26308327	26555771	-0.373252	-0.453939	-0.146100	-0.223993
Chr04	26395087	26643757	-0.361137	-0.364903	-0.152505	-0.223096
Chr04	26555802	26773252	-0.557730	-0.599169	-0.259417	-0.374368
Chr04	26643825	26880910	-0.556023	-0.999607	-0.301454	-0.386123
Chr04	26773357	27004108	-0.280136	-0.410375	-0.170107	-0.166087
Chr04	26880989	27107190	-0.082176	-0.064977	-0.037549	-0.042256
Chr04	27004117	27262541	0.045536	0.022923	0.015262	0.030230
Chr04	27107197	27376249	-0.131370	-0.059494	-0.036266	-0.084070
Chr04	27262544	27446035	-0.376212	-0.230755	-0.106920	-0.294007
Chr04	27376308	27582420	-0.026562	-0.017392	-0.009163	-0.015188
Chr04	27446071	27682915	0.537124	0.273130	0.222082	0.373078
Chr04	27582445	27755986	0.649385	0.349643	0.316393	0.424650
Chr04	27682955	27829783	0.456667	0.262223	0.212889	0.299538
Chr04	27756261	27909819	-0.008430	-0.005332	-0.003327	-0.003466
Chr04	27829801	28003756	-0.511847	-0.308415	-0.158853	-0.326627
Chr04	27909844	28093220	-0.570793	-0.372763	-0.192438	-0.423395
Chr04	28003763	28345406	-0.579560	-0.781568	-0.284444	-0.432882
Chr04	28093224	28564985	-0.456342	-0.575534	-0.216940	-0.330281
Chr04	28345428	28636839	0.102105	0.068283	0.041913	0.076098
Chr04	28564987	28711624	0.479852	0.259042	0.198675	0.380206
Chr04	28636939	28839993	0.013802	0.006806	0.004367	0.013326
Chr04	28711680	28926766	-0.304341	-0.158266	-0.090195	-0.187886
Chr04	28840005	29003991	-0.401605	-0.234397	-0.141959	-0.258965
Chr04	28926816	29069496	-0.510331	-0.319269	-0.189906	-0.375359
Chr04	29005546	29249230	-0.572578	-0.411210	-0.214313	-0.439590
Chr04	29069508	29319909	-0.657228	-0.534979	-0.260726	-0.508324
Chr04	29249286	29380640	-0.525274	-0.522561	-0.262509	-0.389840
Chr04	29320006	29457916	-0.266173	-0.208360	-0.114412	-0.169190
Chr04	29380670	29576456	-0.199915	-0.159859	-0.093217	-0.126657
Chr04	29457942	29638471	-0.159138	-0.151048	-0.091661	-0.109520
Chr04	29576582	29684083	-0.248975	-0.269217	-0.144025	-0.163523
Chr04	29638492	29787131	-0.200213	-0.139341	-0.082029	-0.116850
Chr04	29684085	29882234	-0.149716	-0.115912	-0.058887	-0.082892
Chr04	29787481	29963788	-0.285879	-0.255262	-0.117184	-0.163190
Chr04	29882406	30040159	-0.185167	-0.114314	-0.069525	-0.113629
Chr04	29963885	30155074	0.077374	0.029446	0.021118	0.048434
Chr04	30040164	30284088	0.198849	0.064527	0.042630	0.135006
Chr04	30155084	30380535	0.015490	0.006701	0.003777	0.010337
Chr04	30284125	30511673	-0.225612	-0.110880	-0.064271	-0.152666
Chr04	30380743	30614527	-0.074909	-0.039250	-0.023780	-0.051963
Chr04	30511729	30783745	-0.036134	-0.019932	-0.011085	-0.021135
Chr04	30614558	30920569	-0.339220	-0.151066	-0.078548	-0.199850
Chr04	30783994	31196729	-0.429267	-0.150264	-0.062316	-0.285644
Chr04	30921354	31356585	-0.657177	-0.273755	-0.115112	-0.561146
Chr04	31196839	31467829	-0.724159	-0.308162	-0.154539	-0.661113
Chr04	31356705	31602585	-0.634769	-0.254361	-0.117576	-0.564519
Chr04	31468758	31782229	-0.521683	-0.190018	-0.082519	-0.408201
Chr04	31602633	32012497	-0.390029	-0.083763	-0.047558	-0.274091
Chr04	31782356	32424911	-0.453990	-0.122734	-0.061761	-0.364731
Chr04	32012498	32674740	-0.423855	-0.098712	-0.055171	-0.375244
Chr04	32425333	33317831	-0.414601	-0.046146	-0.033967	-0.376707
Chr04	32675041	35109710	-0.534215	-0.050633	-0.037625	-0.482429
Chr04	33317856	35325216	-0.558486	-0.085607	-0.059244	-0.515055
Chr04	35109762	35481346	-0.673833	-0.215075	-0.121729	-0.645346
Chr04	35325222	35822214	-0.757570	-0.359135	-0.150012	-0.736967
Chr04	35481416	36095110	-0.773774	-0.275383	-0.125095	-0.750533
Chr04	35822312	36339479	-0.749254	-0.183857	-0.101067	-0.697563
Chr04	36095393	36451595	-0.490865	-0.111142	-0.063406	-0.418109
Chr04	36339728	36544019	0.084730	0.027187	0.016633	0.071490
Chr04	36451734	36690324	0.170476	0.049018	0.033119	0.131951
Chr04	36544025	36771752	-0.288464	-0.091563	-0.053450	-0.204504
Chr04	36690368	36847158	-0.338528	-0.200160	-0.102242	-0.210509
Chr04	36771796	37273677	-0.251700	-0.095161	-0.059043	-0.161682
Chr04	36847285	37370866	-0.326622	-0.122586	-0.070495	-0.255574
Chr04	37273781	37476440	-0.132371	-0.052554	-0.030083	-0.103660
Chr04	37370871	37682048	0.012907	0.003784	0.002112	0.007466
Chr04	37476464	37759196	-0.292936	-0.120330	-0.063510	-0.200359
Chr04	37682056	37887692	-0.365431	-0.240959	-0.130260	-0.243246
Chr04	37759234	37972238	-0.149011	-0.070970	-0.035990	-0.105451
Chr04	37887695	38110332	-0.521250	-0.278016	-0.138302	-0.451120
Chr04	37972370	38289704	-0.695089	-0.321980	-0.175962	-0.623839
Chr04	38110394	38444677	-0.588746	-0.300812	-0.146345	-0.525509
Chr04	38289805	38641520	-0.572055	-0.406453	-0.171485	-0.528178
Chr04	38444695	38734015	-0.398782	-0.212384	-0.116268	-0.365808
Chr04	38641522	38911635	-0.182268	-0.089440	-0.053091	-0.143073
Chr04	38734099	39049477	-0.365959	-0.184518	-0.097984	-0.277675
Chr04	38911637	39205391	-0.228625	-0.087035	-0.046839	-0.172357
Chr04	39049488	39434714	-0.452541	-0.119839	-0.063231	-0.373180
Chr04	39205450	39602531	-0.860038	-0.308758	-0.152958	-0.802258
Chr04	39434755	39773791	-0.818304	-0.401527	-0.213767	-0.736115
Chr04	39602645	39994943	-0.527406	-0.230603	-0.148217	-0.403301
Chr04	39773881	40076383	-0.571174	-0.454867	-0.204456	-0.420089
Chr04	39994946	40195263	-0.483423	-0.303269	-0.137376	-0.319964
Chr04	40076393	40288127	-0.225397	-0.091923	-0.055822	-0.144322
Chr04	40195340	40489877	-0.403089	-0.203472	-0.113682	-0.300400
Chr04	40288145	40574821	-0.274050	-0.150253	-0.089326	-0.228509
Chr04	40489904	40673954	0.010289	0.005563	0.004035	0.008480
Chr04	40574829	40748488	-0.077117	-0.051894	-0.031905	-0.050382
Chr04	40673997	40843621	-0.268172	-0.254926	-0.109581	-0.138978
Chr04	40748580	41031423	-0.523611	-0.321564	-0.174154	-0.327388
Chr04	40843700	41172633	-0.477385	-0.237545	-0.133512	-0.354718
Chr04	41031489	41312225	-0.055625	-0.019820	-0.012402	-0.042618
Chr04	41173427	41430430	-0.018850	-0.006198	-0.004187	-0.013441
Chr04	41312240	41486638	-0.078475	-0.032646	-0.022044	-0.049303
Chr04	41430437	41576150	0.060446	0.027120	0.020135	0.042648
Chr04	41486649	41645309	0.151069	0.061318	0.045049	0.089796
Chr04	41576153	41977993	0.206542	0.057888	0.043738	0.127668
Chr04	41645334	42165798	0.004506	0.001174	0.000886	0.005733
Chr04	41978296	42343287	-0.237648	-0.063347	-0.045810	-0.172149
Chr04	42166135	42437484	-0.217116	-0.072933	-0.048201	-0.158175
Chr04	42343307	42589755	0.107055	0.049847	0.031556	0.072539
Chr04	42437489	42669067	0.466561	0.201666	0.143947	0.347396
Chr04	42589765	42770934	0.244629	0.139199	0.083871	0.160341
Chr04	42669258	42971695	-0.205052	-0.100033	-0.045194	-0.130268
Chr04	42771122	43115519	-0.174809	-0.074946	-0.035957	-0.119025
Chr04	42971880	43287506	-0.351011	-0.146881	-0.077786	-0.225411
Chr04	43115524	43410927	-0.458345	-0.226902	-0.112392	-0.333350
Chr04	43287550	43539529	-0.371559	-0.176872	-0.093746	-0.252036
Chr04	43410941	43621737	-0.457569	-0.265861	-0.138600	-0.300331
Chr04	43539549	43675307	-0.378811	-0.432665	-0.186133	-0.231222
Chr04	43621745	43734450	0.054964	0.047005	0.028249	0.027648
Chr04	43675424	43875561	-0.041734	-0.024396	-0.014516	-0.027832
Chr04	43734481	44264365	-0.073318	-0.039975	-0.023302	-0.041543
Chr04	43875620	44458210	0.071879	0.042907	0.025259	0.037089
Chr04	44264389	44519964	0.311623	0.190686	0.121598	0.211738
Chr04	44458292	44595063	0.253187	0.154573	0.096235	0.165642
Chr04	44519976	44686658	-0.075191	-0.040714	-0.024213	-0.039477
Chr04	44595071	44815893	-0.187514	-0.078629	-0.043971	-0.116036
Chr04	44686661	44942316	-0.246831	-0.103024	-0.054387	-0.170509
Chr04	44816076	45467923	-0.435564	-0.095107	-0.061735	-0.308712
Chr04	44942350	45726612	-0.539450	-0.097780	-0.069316	-0.405230
Chr04	45468643	45871043	-0.264960	-0.087308	-0.061613	-0.170533
Chr04	45726615	46007863	-0.027808	-0.015383	-0.009030	-0.015711
Chr04	45871065	46186987	-0.343124	-0.207372	-0.112752	-0.229093
Chr04	46007878	46282087	-0.488664	-0.381960	-0.177749	-0.325377
Chr04	46187076	46406229	-0.288824	-0.238650	-0.103475	-0.176179
Chr04	46282089	46496587	-0.336103	-0.258843	-0.114394	-0.191310
Chr04	46406299	46551904	-0.372011	-0.306032	-0.129920	-0.175892
Chr04	46496663	46717974	0.073689	0.025259	0.017626	0.039632
Chr04	46551999	46893913	0.338273	0.062513	0.052651	0.204728
Chr04	46718000	47029211	-0.015366	-0.003913	-0.003052	-0.009100
Chr04	46894167	47090681	-0.222644	-0.147513	-0.088933	-0.143425
Chr04	47029246	47191247	-0.250411	-0.133149	-0.086557	-0.142508
Chr04	47090699	47400437	-0.235714	-0.132830	-0.081658	-0.128872
Chr04	47191270	47598085	-0.178270	-0.134417	-0.070408	-0.099536
Chr04	47400451	48000686	-0.152984	-0.078269	-0.045042	-0.093786
Chr04	47598176	48080316	-0.131177	-0.073380	-0.043028	-0.077159
Chr04	48000911	48174362	-0.404066	-0.465438	-0.203830	-0.245526
Chr04	48080333	48228144	-0.548591	-0.701915	-0.305732	-0.408753
Chr04	48174375	48287990	-0.301026	-0.297570	-0.184944	-0.225742
Chr04	48228212	48395173	-0.120032	-0.103984	-0.068749	-0.077982
Chr04	48288094	48449230	-0.044683	-0.032363	-0.022542	-0.014631
Chr04	48395209	48587804	-0.066170	-0.043656	-0.026578	-0.024566
Chr04	48449236	48681369	-0.003844	-0.002647	-0.001441	0.002049
Chr04	48587825	48780527	0.031248	0.018698	0.011130	0.017826
Chr04	48681380	48963247	-0.138299	-0.070233	-0.041546	-0.079046
Chr04	48780573	49043912	-0.192698	-0.130638	-0.074749	-0.107158
Chr04	48963314	49131894	-0.086090	-0.069455	-0.044122	-0.050374
Chr04	49043922	49208192	-0.029527	-0.017803	-0.012951	-0.018036
Chr04	49131912	49554911	0.003956	0.001960	0.001326	-0.000288
Chr04	49208207	49679895	-0.170912	-0.095167	-0.044849	-0.095892
Chr04	49554990	49954606	-0.362314	-0.138714	-0.070959	-0.243680
Chr04	49679969	50118750	-0.127030	-0.048803	-0.030753	-0.090951
Chr04	49962048	50248911	-0.012051	-0.006539	-0.004409	-0.008366
Chr04	50118904	50370138	-0.186438	-0.074519	-0.047322	-0.132892
Chr04	50248969	50519613	-0.230692	-0.073791	-0.045609	-0.155068
Chr04	50370139	50704106	-0.168973	-0.052549	-0.032153	-0.111517
Chr04	50520003	50905306	-0.167387	-0.058819	-0.033100	-0.105737
Chr04	50704139	51066633	-0.382331	-0.166927	-0.087847	-0.278172
Chr04	50905884	51141545	-0.375300	-0.202866	-0.114261	-0.308153
Chr04	51066649	51206626	-0.325806	-0.251802	-0.130381	-0.238292
Chr04	51141590	51280328	-0.454044	-0.410149	-0.186190	-0.314572
Chr04	51206629	51486397	-0.459395	-0.325913	-0.152781	-0.350321
Chr04	51281119	51585634	-0.505550	-0.436216	-0.191654	-0.417311
Chr04	51486480	51800289	-0.379926	-0.155466	-0.102988	-0.262683
Chr04	51585692	52092309	0.075841	0.019036	0.011572	0.045611
Chr04	51800383	52273150	0.176768	0.069299	0.034649	0.112879
Chr04	52092310	52417113	0.027786	0.010088	0.005821	0.024897
Chr04	52273314	52583241	-0.121617	-0.043945	-0.023838	-0.082420
Chr04	52417154	52679680	-0.280024	-0.122091	-0.069707	-0.197628
Chr04	52583302	52774803	-0.335258	-0.146424	-0.092858	-0.224660
Chr04	52679701	52926279	-0.444328	-0.126839	-0.074380	-0.281686
Chr04	52774971	53046550	-0.411814	-0.133932	-0.076222	-0.263337
Chr04	52926467	53330482	-0.145638	-0.088752	-0.047001	-0.090143
Chr04	53046553	53460902	-0.390644	-0.351598	-0.148783	-0.251211
Chr04	53330489	53519466	-0.567336	-1.249195	-0.342904	-0.378435
Chr04	53460911	53557358	-0.356779	-0.686101	-0.256687	-0.217699
Chr04	53519500	53654705	-0.351635	-0.427311	-0.186878	-0.203093
Chr04	53557399	53720635	-0.412232	-0.497062	-0.203940	-0.244933
Chr04	53654718	53794697	-0.314710	-0.450477	-0.170580	-0.179658
Chr04	53720644	53875049	-0.267536	-0.318304	-0.126362	-0.153211
Chr04	53794713	53942987	-0.406288	-0.394598	-0.183184	-0.251665
Chr04	53875059	53983279	-0.327665	-0.370732	-0.187577	-0.202691
Chr04	53942993	54018494	-0.099790	-0.159519	-0.077544	-0.061518
Chr04	53983315	54112381	-0.156654	-0.277284	-0.120143	-0.093190
Chr04	54018530	54169080	-0.138346	-0.236787	-0.087776	-0.066639
Chr04	54112440	54232156	-0.152513	-0.157384	-0.074113	-0.070176
Chr04	54169118	54276396	-0.111218	-0.101282	-0.056278	-0.057628
Chr04	54232262	54342387	0.106346	0.102881	0.055901	0.058170
Chr04	54276410	54388941	0.154445	0.186240	0.094209	0.083981
Chr04	54342428	54447123	0.074295	0.098476	0.056408	0.041663
Chr04	54389071	54519471	0.250633	0.233091	0.164196	0.156541
Chr04	54447305	54570038	0.147757	0.149935	0.098277	0.092706
Chr04	54519572	54829225	-0.008072	-0.008096	-0.004596	-0.008369
Chr04	54570079	54941304	0.051184	0.048483	0.025238	0.020832
Chr04	54829274	55006146	-0.059333	-0.067932	-0.033181	-0.024578
Chr04	54941334	55038551	-0.019808	-0.025789	-0.014277	-0.007303
Chr04	55006173	55130757	-0.035993	-0.027651	-0.018007	-0.015374
Chr04	55038565	55254615	-0.224992	-0.089062	-0.061010	-0.132603
Chr04	55130768	55350094	-0.166716	-0.062979	-0.042720	-0.109187
Chr04	55254826	55522664	-0.191154	-0.054077	-0.035098	-0.125995
Chr04	55350197	55620204	-0.299028	-0.079268	-0.051761	-0.188390
Chr04	55522717	55733462	-0.172557	-0.107395	-0.065936	-0.090912
Chr04	55620259	55824446	-0.105773	-0.126481	-0.065744	-0.056767
Chr04	55733525	55903674	0.029615	0.035548	0.020572	0.017502
Chr04	55824514	56039416	0.060830	0.041141	0.027575	0.034176
Chr04	55903787	56138888	0.002199	0.000912	0.000642	0.003258
Chr04	56039459	56238052	-0.026082	-0.010666	-0.007105	-0.013594
Chr04	56138909	56349326	-0.049949	-0.022666	-0.013092	-0.028332
Chr04	56238082	56467937	-0.308518	-0.183418	-0.086413	-0.218798
Chr04	56349328	56602740	-0.393610	-0.299952	-0.131780	-0.304013
Chr04	56467958	56765162	-0.056130	-0.039823	-0.022193	-0.034346
Chr04	56602795	56852085	0.017538	0.009819	0.006271	0.015491
Chr04	56765176	56943255	-0.416044	-0.281202	-0.157656	-0.326812
Chr04	56852285	57038925	-0.642634	-0.501793	-0.264957	-0.529102
Chr04	56943394	57189119	-0.444447	-0.240933	-0.147195	-0.343941
Chr04	57038983	57407997	-0.145233	-0.077060	-0.048909	-0.088009
Chr04	57189142	57668601	0.002694	0.001835	0.001162	0.002630
Chr04	57408297	57712489	0.020318	0.016137	0.010421	0.013242
Chr04	57668744	57770518	-0.139054	-0.142001	-0.079643	-0.072304
Chr04	57712498	57902702	-0.127597	-0.100027	-0.055675	-0.067013
Chr04	57770525	57982084	-0.086504	-0.069276	-0.034269	-0.048414
Chr04	57902833	58080617	-0.275922	-0.331234	-0.123639	-0.177166
Chr04	57982132	58315707	-0.307318	-0.263458	-0.104806	-0.190975
Chr04	58080664	58481514	-0.218352	-0.153666	-0.067880	-0.116409
Chr04	58317077	58571158	-0.278938	-0.276213	-0.118929	-0.141379
Chr04	58481545	58650997	-0.125460	-0.142811	-0.057007	-0.062081
Chr04	58571528	58700082	0.085547	0.086684	0.039003	0.050083
Chr04	58651024	58774698	0.024439	0.022101	0.010621	0.015143
Chr04	58700151	58887291	-0.006540	-0.004052	-0.002489	-0.002570
Chr04	58774766	59069401	0.240252	0.104374	0.077472	0.162921
Chr04	58888143	59130122	0.333914	0.155730	0.115494	0.194631
Chr04	59069447	59248257	-0.184596	-0.122040	-0.068482	-0.113533
Chr04	59130126	59468881	-0.420352	-0.203192	-0.116071	-0.287528
Chr04	59248444	59568644	-0.051060	-0.021923	-0.012896	-0.033859
Chr04	59468913	59665704	-0.046147	-0.029623	-0.014604	-0.033153
Chr04	59568671	59858399	-0.317702	-0.215670	-0.098016	-0.231484
Chr04	59665745	59967075	-0.311753	-0.167265	-0.087363	-0.236763
Chr04	59858409	60056631	-0.316158	-0.186861	-0.102374	-0.244960
Chr04	59967140	60177210	-0.406050	-0.196316	-0.124363	-0.281517
Chr04	60056883	60326562	-0.483969	-0.173257	-0.107644	-0.340571
Chr04	60177216	60428414	-0.394057	-0.164722	-0.095425	-0.261838
Chr04	60326620	60487031	-0.193408	-0.110756	-0.071596	-0.110070
Chr04	60428496	60682052	-0.092820	-0.047304	-0.031693	-0.052210
Chr04	60487035	60754934	-0.162181	-0.101264	-0.062410	-0.095144
Chr04	60682072	60846984	-0.382957	-0.205541	-0.141914	-0.297400
Chr04	60754991	60903916	-0.500692	-0.328377	-0.209205	-0.410790
Chr04	60846985	60959924	-0.453787	-0.489938	-0.239558	-0.290798
Chr04	60903920	61078295	-0.238537	-0.190148	-0.102394	-0.129257
Chr04	60960037	61176515	-0.244016	-0.115827	-0.075562	-0.149619
Chr04	61078388	61271188	-0.099771	-0.035953	-0.026341	-0.061444
Chr04	61176529	61428997	-0.006882	-0.003472	-0.002494	-0.002736
Chr04	61271308	61523733	-0.124197	-0.102250	-0.064145	-0.078781
Chr04	61429046	61595535	-0.135839	-0.154585	-0.071626	-0.075689
Chr04	61523747	62044366	-0.099220	-0.066239	-0.033894	-0.056371
Chr04	61595577	62145671	-0.093063	-0.060507	-0.035670	-0.069894
Chr04	62044449	62273960	-0.076855	-0.072523	-0.039393	-0.060986
Chr04	62145683	62414273	-0.060314	-0.037554	-0.023205	-0.038057
Chr04	62274134	62806735	-0.100209	-0.044056	-0.028433	-0.056356
Chr04	62414385	62982053	-0.153270	-0.091513	-0.049648	-0.078687
Chr04	62806740	63063345	-0.071034	-0.051748	-0.029114	-0.036002
Chr04	62982132	63135700	-0.065722	-0.039734	-0.026111	-0.034052
Chr04	63063394	63224350	-0.128184	-0.072359	-0.047446	-0.076224
Chr04	63135800	63309354	-0.125904	-0.067722	-0.044149	-0.074687
Chr04	63224390	63481224	-0.075920	-0.042573	-0.028298	-0.040379
Chr04	63309466	63558702	-0.023884	-0.016572	-0.010891	-0.014635
Chr04	63481232	63656178	-0.127131	-0.133356	-0.068502	-0.064538
Chr04	63559461	63723792	-0.079878	-0.082146	-0.042708	-0.042098
Chr04	63656247	63809423	-0.044871	-0.026262	-0.017493	-0.022437
Chr04	63723837	63926100	-0.245225	-0.111404	-0.064228	-0.157311
Chr04	63809615	64029811	-0.511947	-0.349781	-0.149165	-0.405134
Chr04	63926253	64174817	-0.700485	-0.690833	-0.261279	-0.594036
Chr04	64029877	64285631	-0.740046	-0.631041	-0.293004	-0.593895
Chr04	64174874	64471766	-0.511897	-0.300247	-0.154440	-0.365672
Chr04	64286084	64694426	-0.335424	-0.103680	-0.065321	-0.224383
Chr04	64471850	64883372	-0.269123	-0.082651	-0.055579	-0.160643
Chr04	64694455	64957659	-0.020378	-0.014296	-0.008729	-0.005371
Chr04	64883456	65075841	-0.168933	-0.147990	-0.080291	-0.106967
Chr04	64957690	65146454	-0.318927	-0.299435	-0.147243	-0.209721
Chr04	65075854	65237576	-0.365427	-0.478888	-0.203308	-0.232464
Chr04	65146466	65371129	-0.280060	-0.317002	-0.141027	-0.164877
Chr04	65237582	65474514	-0.408956	-0.461066	-0.189930	-0.271661
Chr04	65371232	65559769	-0.650985	-0.886954	-0.325010	-0.524875
Chr04	65474621	65644059	-0.518442	-0.538864	-0.239883	-0.397309
Chr04	65559841	65958599	-0.585926	-0.554087	-0.223591	-0.457293
Chr04	65644104	66101674	-0.677688	-0.726038	-0.267861	-0.589037
Chr04	65958653	66230668	-0.552788	-0.497841	-0.220904	-0.487969
Chr04	66101763	66334079	-0.505787	-0.332238	-0.160820	-0.445424
Chr04	66230702	66549069	-0.801386	-0.572029	-0.255269	-0.754287
Chr04	66334089	66706689	-0.927378	-0.831076	-0.345321	-0.903090
Chr04	66549152	67160998	-0.812825	-0.319850	-0.181783	-0.737460
Chr04	66706935	67240514	-0.277666	-0.061306	-0.041470	-0.187676
Chr04	67161009	67373659	0.020402	0.015440	0.008947	0.018049
Chr04	67240643	67482938	-0.065312	-0.053425	-0.029717	-0.031437
Chr04	67373733	67592668	0.072192	0.054421	0.033450	0.038678
Chr04	67482990	67655375	0.113596	0.104075	0.063361	0.059251
Chr04	67592690	67725435	0.035719	0.037348	0.021416	0.020072
Chr04	67655401	67788554	-0.026382	-0.026649	-0.016081	-0.015358
Chr04	67725478	67927490	-0.243945	-0.230925	-0.137880	-0.167332
Chr04	67788557	67992112	-0.224771	-0.192429	-0.118717	-0.134824
Chr04	67927508	68057316	-0.137184	-0.111782	-0.073915	-0.070585
Chr04	67992144	68250005	-0.019005	-0.012382	-0.007995	-0.014080
Chr04	68057447	68821496	0.088809	0.048977	0.030515	0.052895
Chr04	68250052	69204527	-0.007530	-0.004527	-0.002618	-0.004983
Chr04	68821523	69406003	-0.043662	-0.033924	-0.018051	-0.023625
Chr04	69204595	69452903	-0.000985	-0.000956	-0.000531	0.000426
Chr04	69406047	69522845	0.028158	0.032148	0.019122	0.011848
Chr04	69452984	69601247	0.260943	0.207744	0.139536	0.140240
Chr04	69522933	69647976	0.307303	0.261462	0.175396	0.185933
Chr04	69601251	69801559	0.017278	0.016693	0.010087	0.013503
Chr04	69648001	69891052	-0.161010	-0.142220	-0.082033	-0.086607
Chr04	69801638	70007355	0.055584	0.049942	0.025905	0.037168
Chr04	69891109	70171021	0.122139	0.106494	0.057504	0.078869
Chr04	70007755	70249775	-0.151318	-0.148276	-0.081906	-0.089250
Chr04	70171055	70361641	-0.178112	-0.168576	-0.087715	-0.103332
Chr04	70249787	70431940	-0.077090	-0.080550	-0.036556	-0.040623
Chr04	70361744	70591202	-0.069087	-0.054778	-0.027139	-0.039293
Chr04	70431989	70693453	-0.177847	-0.153772	-0.078976	-0.111912
Chr04	70591262	70794059	-0.214769	-0.139424	-0.085842	-0.123176
Chr04	70693464	70984771	-0.246566	-0.102541	-0.065575	-0.158037
Chr04	70794080	71040914	-0.329454	-0.194289	-0.107532	-0.226028
Chr04	70984792	71387412	-0.298604	-0.264625	-0.129192	-0.183550
Chr04	71040962	71536405	-0.329624	-0.268515	-0.139058	-0.208020
Chr04	71388137	71614529	-0.335619	-0.279335	-0.148845	-0.219620
Chr04	71536594	71744020	-0.292428	-0.181579	-0.112932	-0.211348
Chr04	71614532	71823802	-0.237078	-0.147707	-0.094393	-0.177898
Chr04	71744030	71954878	0.022977	0.015250	0.008952	0.016418
Chr04	71823961	72171060	0.062569	0.039163	0.021151	0.037990
Chr04	71956295	72405410	-0.045421	-0.027830	-0.015932	-0.026344
Chr04	72171082	72653395	-0.041508	-0.025951	-0.014926	-0.024402
Chr04	72405488	72708878	-0.008205	-0.006414	-0.003296	-0.007162
Chr04	72653455	72810573	0.015815	0.010526	0.006521	0.006342
Chr04	72708883	72979525	-0.489568	-0.333953	-0.178180	-0.339760
Chr04	72810630	73105982	-0.484518	-0.320596	-0.168124	-0.336921
Chr04	72979731	73219865	-0.033762	-0.022014	-0.013764	-0.020478
Chr04	73105996	73334289	0.061240	0.060677	0.033766	0.036315
Chr04	73219957	73425422	0.057060	0.051060	0.029408	0.033983
Chr04	73334310	73508104	-0.132648	-0.111403	-0.063125	-0.069887
Chr04	73425762	73602697	-0.172436	-0.130776	-0.072974	-0.104500
Chr04	73508209	73667914	-0.095788	-0.077635	-0.042472	-0.056661
Chr04	73602698	73760482	0.004288	0.003968	0.002400	0.006513
Chr04	73667927	73827048	0.069445	0.069305	0.043632	0.042390
Chr04	73760497	73898268	0.040908	0.051815	0.027953	0.020490
Chr04	73827052	74019312	-0.072316	-0.082981	-0.038776	-0.040870
Chr04	73898309	74215462	-0.022306	-0.018712	-0.010268	-0.012515
Chr04	74019411	74279583	0.069364	0.059908	0.035504	0.050484
Chr04	74215478	74572225	-0.012752	-0.009723	-0.005511	-0.003661
Chr04	74279589	74636191	-0.010277	-0.007451	-0.004211	-0.008668
Chr04	74572228	74731390	-0.062473	-0.061562	-0.029330	-0.039366
Chr04	74636224	74816213	-0.162424	-0.162364	-0.073677	-0.109035
Chr04	74731400	74987156	-0.198110	-0.170680	-0.093665	-0.137299
Chr04	74816214	75082360	-0.069555	-0.040841	-0.024717	-0.043933
Chr04	74987186	75212959	-0.137880	-0.056085	-0.033737	-0.083754
Chr04	75082375	75345672	-0.514971	-0.307149	-0.161413	-0.373869
Chr04	75212974	75408975	-0.603968	-0.653746	-0.293921	-0.463977
Chr04	75345707	75464843	-0.417701	-0.509469	-0.258233	-0.275710
Chr04	75408986	75578525	-0.076176	-0.081881	-0.046885	-0.042398
Chr04	75464886	75652382	-0.076236	-0.079081	-0.045511	-0.041427
Chr04	75578580	75745388	-0.117317	-0.115579	-0.068118	-0.069814
Chr04	75652390	75843252	-0.187496	-0.212630	-0.115357	-0.108943
Chr04	75745389	75928021	-0.169404	-0.228279	-0.112583	-0.101500
Chr04	75843276	75982377	0.137223	0.153574	0.094582	0.065942
Chr04	75928030	76058861	0.249680	0.218359	0.150928	0.133716
Chr04	75982401	76138364	0.040683	0.032017	0.021400	0.021269
Chr04	76058912	76275462	-0.029884	-0.021814	-0.015223	-0.014875
Chr04	76138408	76342130	0.005035	0.003435	0.002470	0.006506
Chr04	76275512	76502094	-0.019717	-0.016199	-0.010741	-0.011290
Chr04	76342149	76829113	0.128773	0.063394	0.039836	0.091245
Chr04	76502208	76945945	0.074850	0.035328	0.021326	0.056163
Chr04	76829194	77205696	-0.216027	-0.167027	-0.087130	-0.127738
Chr04	76945954	77301974	-0.158661	-0.129206	-0.071210	-0.086802
Chr04	77205715	77358114	0.037200	0.031359	0.020537	0.017915
Chr04	77302136	77423604	-0.024678	-0.026835	-0.015135	-0.010818
Chr04	77358120	77507469	-0.071009	-0.083240	-0.040702	-0.035385
Chr04	77423639	77578462	0.003351	0.003192	0.001758	0.005681
Chr04	77507484	77740156	0.005068	0.004292	0.002505	0.005700
Chr04	77578495	77947739	-0.161066	-0.140939	-0.076094	-0.096945
Chr04	77740173	78000425	-0.118675	-0.121440	-0.065890	-0.069070
Chr04	77947742	78093527	-0.105319	-0.110388	-0.056411	-0.057239
Chr04	78000426	78510685	-0.244908	-0.169767	-0.093117	-0.160504
Chr04	78093574	78720566	-0.139177	-0.085412	-0.049159	-0.090434
Chr04	78510695	78816992	0.178914	0.117651	0.064655	0.101684
Chr04	78720589	78958856	0.100810	0.066686	0.037566	0.053667
Chr04	78817010	79022071	-0.052665	-0.046649	-0.025794	-0.031956
Chr04	78958858	79067339	-0.005753	-0.007266	-0.003822	-0.006722
Chr04	79022083	79106884	-0.023166	-0.025401	-0.013974	-0.010579
Chr04	79067388	79173230	0.041942	0.045728	0.027814	0.023226
Chr04	79107005	79287028	0.117994	0.110118	0.068396	0.064011
Chr04	79173256	79360663	0.096502	0.077396	0.044518	0.051376
Chr04	79287044	79448238	-0.081707	-0.086833	-0.038936	-0.043100
Chr04	79360721	79506379	-0.141192	-0.197756	-0.084191	-0.076889
Chr04	79448244	79565972	-0.461196	-0.445912	-0.225432	-0.322321
Chr04	79506380	79662321	-0.624732	-0.445133	-0.244086	-0.431895
Chr04	79566014	79762394	-0.566291	-0.314049	-0.190800	-0.351071
Chr04	79662332	79888035	-0.311583	-0.173262	-0.110441	-0.222174
Chr04	79762907	80053903	-0.078652	-0.046651	-0.031390	-0.051442
Chr04	79888086	80149474	-0.084689	-0.068156	-0.041351	-0.042704
Chr04	80053940	80280650	-0.081925	-0.099883	-0.049764	-0.036900
Chr04	80149617	80355662	-0.102696	-0.118050	-0.063393	-0.054165
Chr04	80281870	80411204	0.114401	0.083527	0.059173	0.069675
Chr04	80355677	80476656	0.234009	0.166103	0.122029	0.139973
Chr04	80411205	80598717	0.018268	0.020931	0.011513	0.014452
Chr04	80476658	80798379	-0.013779	-0.012161	-0.007013	-0.005600
Chr04	80598759	80898427	0.045616	0.038396	0.023705	0.022174
Chr04	80798404	81004517	-0.018794	-0.020787	-0.012370	-0.008693
Chr04	80898437	81092546	-0.090325	-0.103479	-0.058425	-0.038238
Chr04	81004612	81155868	-0.005982	-0.006869	-0.003893	-0.004807
Chr04	81092657	81259802	0.055983	0.057021	0.034815	0.029334
Chr04	81155904	81318623	0.016378	0.015966	0.010000	0.007502
Chr04	81259837	81497048	-0.101592	-0.060901	-0.039601	-0.064305
Chr04	81318744	81680100	-0.056321	-0.028200	-0.018526	-0.039019
Chr04	81497222	81749522	0.096397	0.054953	0.036268	0.060897
Chr04	81680178	81850939	-0.132289	-0.115098	-0.065216	-0.089354
Chr04	81749523	81909675	-0.297239	-0.327775	-0.167683	-0.181057
Chr04	81851084	82043507	-0.114797	-0.108466	-0.065387	-0.064444
Chr04	81909771	82247446	-0.018132	-0.016556	-0.009500	-0.010041
Chr04	82043536	82432423	-0.246742	-0.287129	-0.118920	-0.140101
Chr04	82247556	82554301	-0.262970	-0.320437	-0.132364	-0.155474
Chr04	82432492	82634155	0.068843	0.070824	0.041762	0.036658
Chr04	82554312	82732278	-0.043179	-0.040025	-0.024450	-0.021966
Chr04	82634172	82786529	-0.099881	-0.078025	-0.050984	-0.049153
Chr04	82732343	82822905	-0.024917	-0.025582	-0.015507	-0.012523
Chr04	82786673	82889303	-0.109524	-0.159095	-0.066802	-0.053374
Chr04	82822910	83024983	-0.071785	-0.074626	-0.034922	-0.032198
Chr04	82889314	83127636	-0.008407	-0.007396	-0.004074	0.000679
Chr04	83024988	83263268	-0.028066	-0.020983	-0.012540	-0.010395
Chr04	83127669	83333826	0.027199	0.020818	0.012535	0.015027
Chr04	83263271	83400936	0.040501	0.044653	0.025225	0.021586
Chr04	83333827	83573458	0.018650	0.018029	0.010115	0.008547
Chr04	83401008	83645007	-0.058163	-0.049305	-0.028095	-0.037508
Chr04	83573514	83711942	0.032230	0.030348	0.018178	0.022408
Chr04	83645085	83768617	0.064591	0.075838	0.044082	0.036527
Chr04	83711966	83837769	-0.090122	-0.126825	-0.063247	-0.041104
Chr04	83768618	83951955	-0.082862	-0.111537	-0.051056	-0.041621
Chr04	83837834	84364163	-0.097133	-0.073694	-0.037888	-0.056172
Chr04	83952000	84634896	-0.020379	-0.013076	-0.007037	-0.019683
Chr04	84364365	84680457	0.160223	0.127552	0.073026	0.103581
Chr04	84634914	84740604	0.237508	0.244727	0.161900	0.135717
Chr04	84680464	84889265	0.060977	0.059795	0.036181	0.028952
Chr04	84740637	84988371	-0.026247	-0.029918	-0.017059	-0.015455
Chr04	84889319	85200022	-0.131820	-0.057736	-0.043201	-0.071474
Chr05	15245	135154	-0.284995	-0.231360	-0.144275	-0.178088
Chr05	66563	243979	-0.261943	-0.182882	-0.111442	-0.142792
Chr05	135163	368299	-0.232062	-0.173094	-0.084977	-0.116402
Chr05	243987	503602	-0.254112	-0.259279	-0.099984	-0.133466
Chr05	368383	580158	-0.223887	-0.337060	-0.110211	-0.115919
Chr05	503613	654901	0.119257	0.164958	0.080433	0.067761
Chr05	580161	713707	0.146639	0.156395	0.098691	0.084208
Chr05	655220	780817	-0.108157	-0.170617	-0.068146	-0.045960
Chr05	713758	1156756	-0.209279	-0.252224	-0.101194	-0.104166
Chr05	780872	2915793	-0.225681	-0.186088	-0.087098	-0.126063
Chr05	1156764	2979019	-0.193912	-0.145968	-0.077013	-0.108986
Chr05	2915859	3042354	0.053013	0.042406	0.025216	0.027545
Chr05	2979090	3121866	0.304375	0.260663	0.155754	0.183531
Chr05	3042429	3219234	0.300090	0.199101	0.127942	0.172359
Chr05	3121867	3297619	0.164652	0.124184	0.073763	0.081797
Chr05	3219263	3425265	-0.082251	-0.056027	-0.032934	-0.038214
Chr05	3297679	3647010	-0.380413	-0.168001	-0.094342	-0.203138
Chr05	3425569	3756412	-0.429625	-0.251413	-0.124405	-0.295623
Chr05	3647147	3867415	-0.212682	-0.205105	-0.099268	-0.129717
Chr05	3756988	3961973	0.002060	0.002032	0.001208	0.001770
Chr05	3867434	4042508	-0.010824	-0.009472	-0.005629	-0.004360
Chr05	3962707	4119711	0.196377	0.160705	0.110662	0.105140
Chr05	4042533	4374157	0.235661	0.154962	0.112353	0.148092
Chr05	4119738	4461313	0.086355	0.056923	0.037465	0.047527
Chr05	4374192	4537165	-0.022672	-0.023180	-0.011856	-0.014506
Chr05	4461508	4621790	0.022460	0.021669	0.011681	0.009919
Chr05	4537169	4763285	0.037286	0.030558	0.018340	0.016025
Chr05	4621812	4880875	-0.081812	-0.056102	-0.032231	-0.042817
Chr05	4763331	5014301	-0.032431	-0.016233	-0.009719	-0.014210
Chr05	4880987	5101674	-0.016562	-0.008291	-0.004984	-0.007119
Chr05	5015484	5233436	0.065249	0.036168	0.023067	0.033071
Chr05	5101787	5367616	0.015711	0.007167	0.004523	0.005033
Chr05	5233484	5464053	-0.199394	-0.069000	-0.045240	-0.123096
Chr05	5367891	5557384	-0.194545	-0.069233	-0.046140	-0.111956
Chr05	5464058	5744921	0.084041	0.043631	0.027428	0.050434
Chr05	5557408	5931606	0.250873	0.106433	0.069750	0.161322
Chr05	5744930	6022063	-0.115495	-0.057361	-0.031715	-0.059991
Chr05	5931775	6109088	-0.370422	-0.290893	-0.128112	-0.204500
Chr05	6022201	6261488	-0.125240	-0.070521	-0.039766	-0.071810
Chr05	6109103	6486136	-0.045790	-0.010051	-0.007488	-0.025415
Chr05	6261513	6660244	-0.010529	-0.002136	-0.001619	-0.008522
Chr05	6486171	6767242	0.390792	0.136634	0.098060	0.288276
Chr05	6660246	6860135	0.408364	0.208267	0.139055	0.252498
Chr05	6767254	6966537	0.048481	0.025531	0.016765	0.030334
Chr05	6860139	7142784	-0.018001	-0.009277	-0.005947	-0.012970
Chr05	6966753	7214025	-0.069378	-0.049840	-0.028506	-0.048109
Chr05	7142805	7281022	0.080470	0.063161	0.041314	0.052751
Chr05	7214027	7390130	0.011674	0.007821	0.005249	0.009651
Chr05	7281036	7513458	-0.445170	-0.314214	-0.124642	-0.281565
Chr05	7390276	7613396	-0.579228	-0.463334	-0.183983	-0.418686
Chr05	7513476	7745089	-0.342715	-0.226631	-0.128879	-0.221084
Chr05	7613756	7841948	-0.112293	-0.055562	-0.035383	-0.057494
Chr05	7745129	7944502	-0.196625	-0.093769	-0.061028	-0.096421
Chr05	7841995	8110077	-0.094947	-0.032814	-0.021330	-0.046343
Chr05	7944690	8182198	0.091043	0.038208	0.024417	0.046284
Chr05	8110119	8308386	-0.012650	-0.009840	-0.005671	-0.005685
Chr05	8182300	8539343	-0.321044	-0.147383	-0.086442	-0.198847
Chr05	8308504	8646759	-0.304616	-0.124217	-0.075874	-0.208120
Chr05	8539362	8782840	-0.203808	-0.080314	-0.050158	-0.148417
Chr05	8647481	8936538	-0.175134	-0.072100	-0.041742	-0.128039
Chr05	8783386	9173423	-0.174506	-0.089105	-0.047789	-0.113470
Chr05	8936619	9315358	-0.137401	-0.071921	-0.040912	-0.086237
Chr05	9173443	9459782	-0.129001	-0.073731	-0.042420	-0.085115
Chr05	9315379	9522434	-0.258634	-0.231612	-0.103211	-0.157485
Chr05	9459832	9622137	-0.341595	-0.352531	-0.135471	-0.210128
Chr05	9522457	9744867	-0.245477	-0.220234	-0.082648	-0.149229
Chr05	9622166	9824951	-0.174142	-0.152999	-0.062259	-0.101698
Chr05	9744951	9923342	-0.152266	-0.107366	-0.058634	-0.093392
Chr05	9824991	10046344	-0.044655	-0.029268	-0.016409	-0.027432
Chr05	9923344	10208656	0.341390	0.164703	0.118764	0.202630
Chr05	10046368	10343710	-0.199726	-0.143013	-0.082487	-0.158131
Chr05	10208662	10642085	-0.531358	-0.487882	-0.208466	-0.412126
Chr05	10343761	10861072	-0.145495	-0.080856	-0.047299	-0.109603
Chr05	10642086	11076299	-0.107926	-0.044357	-0.027746	-0.075469
Chr05	10861133	11136057	-0.122212	-0.056858	-0.032011	-0.075098
Chr05	11076302	11285593	-0.135587	-0.055840	-0.031821	-0.098343
Chr05	11136111	11503830	-0.512618	-0.223397	-0.122763	-0.395351
Chr05	11285625	11665670	-0.509244	-0.192444	-0.118505	-0.395793
Chr05	11503960	11751203	-0.401290	-0.124622	-0.079452	-0.304658
Chr05	11665705	11929692	-0.565973	-0.338193	-0.167558	-0.436724
Chr05	11751212	12007401	-0.587637	-0.531061	-0.227416	-0.442908
Chr05	11930271	12113847	-0.319469	-0.249686	-0.118605	-0.221372
Chr05	12007407	12245931	-0.053676	-0.032155	-0.018000	-0.034085
Chr05	12113914	12347456	0.066063	0.034038	0.022460	0.045108
Chr05	12245936	12416688	0.044248	0.026443	0.016389	0.030155
Chr05	12347530	12476875	-0.090897	-0.087086	-0.044388	-0.052955
Chr05	12416732	12546111	-0.365917	-0.390007	-0.198735	-0.247613
Chr05	12476891	12747885	-0.226951	-0.174489	-0.092511	-0.150423
Chr05	12546130	12902059	-0.078318	-0.044835	-0.027540	-0.050162
Chr05	12748390	12980490	-0.243897	-0.133837	-0.088021	-0.138327
Chr05	12902063	13205201	-0.142894	-0.044130	-0.030889	-0.077261
Chr05	12980535	13366691	-0.097190	-0.028682	-0.018100	-0.055357
Chr05	13205387	13518947	-0.212698	-0.067080	-0.041222	-0.126254
Chr05	13366807	13784917	-0.432066	-0.162775	-0.099129	-0.293739
Chr05	13519702	14219155	-0.338439	-0.153973	-0.084850	-0.212655
Chr05	13784926	14293911	-0.145009	-0.072503	-0.041816	-0.079167
Chr05	14219157	14497500	-0.096595	-0.035392	-0.021848	-0.052935
Chr05	14293921	14600342	0.105414	0.034571	0.022358	0.064846
Chr05	14497549	14726785	-0.109203	-0.052792	-0.031240	-0.065626
Chr05	14600394	14939526	-0.075778	-0.020897	-0.013440	-0.042648
Chr05	14726945	15083313	0.007558	0.002062	0.001301	0.010623
Chr05	14939554	15189912	-0.147591	-0.058267	-0.032431	-0.105875
Chr05	15083348	15321386	-0.125933	-0.040682	-0.022013	-0.084401
Chr05	15189957	15512958	-0.186996	-0.060574	-0.033095	-0.140021
Chr05	15321398	15653632	-0.284538	-0.113725	-0.063258	-0.238006
Chr05	15513024	15804958	-0.224263	-0.101464	-0.052837	-0.174839
Chr05	15653690	15964010	-0.129061	-0.062366	-0.033551	-0.089082
Chr05	15805039	16158354	-0.097061	-0.038023	-0.023987	-0.067433
Chr05	15964052	16289763	-0.176030	-0.069085	-0.035179	-0.131821
Chr05	16158396	16459382	-0.359875	-0.187227	-0.079200	-0.275639
Chr05	16289819	16581147	-0.322225	-0.196845	-0.091068	-0.205891
Chr05	16459612	16674905	0.004015	0.002797	0.001472	0.003387
Chr05	16581153	16823301	-0.199049	-0.084760	-0.046329	-0.141264
Chr05	16674947	16983221	-0.299835	-0.094454	-0.055049	-0.204530
Chr05	16823303	17111424	-0.103837	-0.042126	-0.025080	-0.055963
Chr05	16983275	17248829	-0.231207	-0.150049	-0.078773	-0.139441
Chr05	17111432	17360536	-0.398120	-0.291927	-0.146127	-0.241484
Chr05	17248837	17431864	-0.397126	-0.398239	-0.160862	-0.217478
Chr05	17360541	17648003	-0.253074	-0.104078	-0.056178	-0.156514
Chr05	17432137	17803576	-0.123247	-0.043100	-0.026038	-0.085427
Chr05	17648014	17943025	-0.053957	-0.021759	-0.014314	-0.037776
Chr05	17803685	18091071	0.144504	0.051169	0.035763	0.087315
Chr05	17943135	18270595	0.032931	0.009657	0.006133	0.019898
Chr05	18091247	18438962	-0.277121	-0.082350	-0.046425	-0.190046
Chr05	18270620	18540941	-0.030960	-0.012343	-0.007470	-0.026750
Chr05	18438967	18703594	0.147438	0.056061	0.038763	0.111570
Chr05	18540945	18855206	-0.107565	-0.039358	-0.023385	-0.069996
Chr05	18703657	19021071	-0.031011	-0.014410	-0.006960	-0.018718
Chr05	18855239	19154914	-0.198246	-0.100069	-0.048576	-0.136298
Chr05	19021072	19454855	-0.514203	-0.234118	-0.123716	-0.372510
Chr05	19154920	19523603	-0.378329	-0.179795	-0.102084	-0.262856
Chr05	19455100	19715999	-0.252287	-0.087827	-0.053783	-0.191758
Chr05	19523706	19825450	-0.264759	-0.097009	-0.053037	-0.176477
Chr05	19716039	19933802	-0.133433	-0.086013	-0.038073	-0.081881
Chr05	19825511	20151012	-0.313535	-0.134957	-0.079232	-0.244883
Chr05	19933952	20412261	-0.416068	-0.114043	-0.072733	-0.345734
Chr05	20151073	20577228	-0.393577	-0.121081	-0.068436	-0.323685
Chr05	20412421	20750816	-0.236346	-0.101710	-0.053415	-0.185990
Chr05	20577229	20914513	-0.224505	-0.087917	-0.051079	-0.166174
Chr05	20750832	21059318	-0.197977	-0.070750	-0.041135	-0.137394
Chr05	20914596	21291213	-0.274461	-0.105874	-0.059253	-0.202943
Chr05	21059322	21551413	-0.423638	-0.116008	-0.075037	-0.356078
Chr05	21291384	21837498	-0.202277	-0.045014	-0.031063	-0.149476
Chr05	21551432	21916677	-0.011104	-0.004033	-0.002488	-0.005551
Chr05	21837571	22008226	-0.068114	-0.049504	-0.027637	-0.036088
Chr05	21916699	22142763	-0.017284	-0.008856	-0.004671	-0.009575
Chr05	22008251	22252175	-0.303404	-0.135779	-0.075948	-0.220790
Chr05	22142909	22331801	-0.376479	-0.177124	-0.110108	-0.291886
Chr05	22252187	22452578	-0.038057	-0.021814	-0.013728	-0.020183
Chr05	22331803	22592563	0.005916	0.004672	0.002441	0.009344
Chr05	22452781	22678830	-0.006968	-0.005142	-0.002650	-0.002828
Chr05	22592625	22757198	-0.096209	-0.061490	-0.032969	-0.068230
Chr05	22678834	22860330	-0.065008	-0.043968	-0.024230	-0.039681
Chr05	22757204	22946503	-0.190229	-0.131475	-0.070109	-0.123511
Chr05	22860566	23070918	-0.264077	-0.145031	-0.071320	-0.192341
Chr05	22946514	23246966	-0.134826	-0.051795	-0.029795	-0.091830
Chr05	23070923	23399150	-0.197214	-0.072218	-0.045984	-0.110463
Chr05	23247031	23564569	-0.090826	-0.045753	-0.025165	-0.043302
Chr05	23399305	23640211	-0.063016	-0.040766	-0.021056	-0.032980
Chr05	23564577	23750745	-0.363620	-0.333809	-0.112813	-0.234670
Chr05	23640336	23830564	-0.220391	-0.180469	-0.070439	-0.134874
Chr05	23750787	23954711	-0.018514	-0.008298	-0.005273	-0.010558
Chr05	23830569	24123673	-0.269364	-0.109333	-0.062664	-0.196392
Chr05	23955163	24255555	-0.545498	-0.312439	-0.140162	-0.439571
Chr05	24123692	24448732	-0.515315	-0.258398	-0.127545	-0.418591
Chr05	24255603	24668129	-0.513506	-0.177096	-0.102195	-0.428202
Chr05	24448777	24855487	-0.579728	-0.222735	-0.119563	-0.472628
Chr05	24669413	24985884	-0.061243	-0.023521	-0.014542	-0.045076
Chr05	24855540	25141710	0.179578	0.063837	0.039583	0.149729
Chr05	24986857	25357816	-0.227906	-0.081195	-0.044982	-0.180971
Chr05	25141796	25531808	-0.365836	-0.125615	-0.071659	-0.284494
Chr05	25358274	25649649	-0.321322	-0.131755	-0.077930	-0.209459
Chr05	25531829	25785998	-0.064616	-0.026546	-0.018087	-0.041302
Chr05	25649650	25943788	-0.110766	-0.039782	-0.024293	-0.076839
Chr05	25786016	26044967	-0.473481	-0.235680	-0.125723	-0.357794
Chr05	25943868	26169735	-0.396882	-0.202809	-0.118711	-0.283720
Chr05	26044976	26240899	0.002021	0.000966	0.000623	0.004388
Chr05	26169795	26363807	-0.114235	-0.061559	-0.033434	-0.073796
Chr05	26240918	26508804	-0.235459	-0.091268	-0.050520	-0.175356
Chr05	26363812	26629280	-0.056511	-0.019151	-0.012004	-0.034524
Chr05	26508806	26985247	-0.121373	-0.054345	-0.026979	-0.043151
Chr05	26629292	27106979	-0.400489	-0.266395	-0.099043	-0.153772
Chr05	26985303	27306698	-0.383435	-0.216555	-0.104735	-0.237866
Chr05	27107014	27489723	-0.054283	-0.028511	-0.014558	-0.026067
Chr05	27307527	27584549	0.200160	0.087461	0.050600	0.165506
Chr05	27489790	27648549	0.144209	0.061039	0.039551	0.082481
Chr05	27584575	27774669	0.238349	0.094355	0.065817	0.133495
Chr05	27652886	27861176	0.201628	0.092862	0.064159	0.114095
Chr05	27774676	27922136	-0.008766	-0.009008	-0.004881	-0.005709
Chr05	27861331	27990559	-0.143106	-0.115027	-0.056556	-0.074971
Chr05	27922268	28102241	-0.250938	-0.143697	-0.068669	-0.174083
Chr05	27990616	28211328	-0.339974	-0.155711	-0.080815	-0.264061
Chr05	28102280	28431118	-0.315199	-0.164744	-0.089994	-0.211051
Chr05	28211379	28610618	-0.219835	-0.088132	-0.057595	-0.132584
Chr05	28431152	28795860	-0.237337	-0.086853	-0.059445	-0.164380
Chr05	28610697	29043608	-0.314161	-0.176423	-0.092562	-0.223306
Chr05	28795874	29191808	-0.430794	-0.275205	-0.119392	-0.279372
Chr05	29043640	29312579	-0.312733	-0.176356	-0.089592	-0.186079
Chr05	29191866	29417436	-0.192658	-0.100716	-0.055974	-0.121366
Chr05	29312590	29593721	-0.376187	-0.153305	-0.090497	-0.262926
Chr05	29417516	29763102	-0.285229	-0.092765	-0.055783	-0.211878
Chr05	29593730	29996823	-0.263916	-0.070595	-0.037192	-0.201801
Chr05	29763107	30127322	-0.526074	-0.184346	-0.087574	-0.398606
Chr05	29996885	30245022	-0.364488	-0.161701	-0.087242	-0.269653
Chr05	30127345	30361156	-0.091411	-0.030441	-0.018423	-0.068696
Chr05	30245087	30546269	-0.246223	-0.091886	-0.050935	-0.173684
Chr05	30361160	30666027	-0.287742	-0.109373	-0.065326	-0.218567
Chr05	30546322	30782284	-0.410950	-0.190259	-0.111627	-0.310918
Chr05	30666029	30942945	-0.388626	-0.163462	-0.091145	-0.303970
Chr05	30782450	31079684	-0.340968	-0.132613	-0.073705	-0.246686
Chr05	30942946	31164543	-0.594902	-0.307484	-0.165248	-0.435608
Chr05	31079701	31398745	-0.494973	-0.217922	-0.140344	-0.379292
Chr05	31164585	31804230	-0.352387	-0.131791	-0.080028	-0.268284
Chr05	31398757	31963737	-0.316438	-0.102011	-0.060345	-0.238322
Chr05	31804373	32137955	-0.266960	-0.093402	-0.052212	-0.196020
Chr05	31963810	32366605	-0.260750	-0.098250	-0.050364	-0.181653
Chr05	32138109	32578361	-0.191826	-0.061600	-0.034444	-0.129437
Chr05	32366730	32885673	-0.167877	-0.052793	-0.027881	-0.118978
Chr05	32578398	33063773	-0.387290	-0.156128	-0.073035	-0.269819
Chr05	32885703	33243102	-0.508254	-0.218309	-0.118367	-0.359038
Chr05	33063852	33327594	-0.362333	-0.150536	-0.088798	-0.254545
Chr05	33243118	33490588	-0.350105	-0.159348	-0.085733	-0.265422
Chr05	33327631	33605037	-0.332414	-0.159879	-0.085519	-0.272361
Chr05	33490617	33814227	-0.365574	-0.220046	-0.111258	-0.285381
Chr05	33605269	34174630	-0.275827	-0.137598	-0.075952	-0.199650
Chr05	33814391	34258783	-0.271748	-0.167413	-0.083841	-0.167247
Chr05	34174720	34437640	-0.095824	-0.065681	-0.030675	-0.048981
Chr05	34258790	34517011	0.268712	0.140304	0.084344	0.153536
Chr05	34437736	34686209	-0.169913	-0.087958	-0.053700	-0.110576
Chr05	34517028	34881111	-0.600190	-0.341325	-0.192006	-0.440427
Chr05	34686444	34998164	-0.578015	-0.401473	-0.212446	-0.373673
Chr05	34881116	35108798	-0.292512	-0.177396	-0.090164	-0.177422
Chr05	34998194	35449799	0.225972	0.133044	0.073623	0.160220
Chr05	35108833	35817848	0.361421	0.182916	0.107776	0.248188
Chr05	35449817	36633581	0.114898	0.051280	0.029403	0.067314
Chr05	35817887	36849168	0.023320	0.013916	0.008152	0.012943
Chr05	36634065	36942685	-0.065965	-0.040733	-0.024559	-0.040232
Chr05	36849186	37089452	-0.203156	-0.101918	-0.060283	-0.136641
Chr05	36942690	37158262	-0.112182	-0.042707	-0.028184	-0.079785
Chr05	37089455	37403709	0.245376	0.069310	0.053460	0.157372
Chr05	37158275	37504970	0.164208	0.056187	0.042659	0.099571
Chr05	37403944	37620282	0.021854	0.011277	0.008189	0.016286
Chr05	37504980	37751413	0.104265	0.063793	0.047175	0.058066
Chr05	37620327	37861218	0.082130	0.058361	0.037445	0.049399
Chr05	37751432	37906980	0.143852	0.113608	0.071722	0.087713
Chr05	37861228	37998040	-0.067132	-0.040497	-0.026481	-0.042215
Chr05	37907035	38255468	-0.386076	-0.145519	-0.093597	-0.234656
Chr05	38001830	38430237	-0.016499	-0.006877	-0.004132	-0.007232
Chr05	38255472	38560232	-0.015076	-0.008365	-0.004611	-0.011496
Chr05	38430367	38739853	-0.125514	-0.043971	-0.028859	-0.085216
Chr05	38560295	38858733	-0.131205	-0.037359	-0.024772	-0.086415
Chr05	38739877	39044011	-0.375052	-0.136051	-0.084141	-0.282378
Chr05	38858783	39142773	-0.482354	-0.194275	-0.132554	-0.428446
Chr05	39044037	39259959	-0.369204	-0.173850	-0.120852	-0.312557
Chr05	39142804	39432606	-0.194267	-0.078492	-0.044044	-0.143276
Chr05	39260029	39654375	-0.223380	-0.059700	-0.031962	-0.167170
Chr05	39432675	39853847	-0.358859	-0.097510	-0.052597	-0.271034
Chr05	39654405	40058064	-0.528033	-0.170402	-0.093976	-0.408407
Chr05	39854132	40231789	-0.408670	-0.100204	-0.067287	-0.321119
Chr05	40058078	40346382	-0.315277	-0.079430	-0.055917	-0.254347
Chr05	40231872	40601129	-0.310012	-0.112739	-0.070477	-0.252949
Chr05	40346460	40756850	-0.368372	-0.153078	-0.094848	-0.286632
Chr05	40601132	40845796	-0.407851	-0.178966	-0.112236	-0.319822
Chr05	40757064	40974155	0.017659	0.006351	0.004023	0.010347
Chr05	40845831	41262318	0.141167	0.043563	0.025243	0.096180
Chr05	40974178	41484519	-0.233421	-0.086712	-0.048537	-0.160359
Chr05	41262336	41595088	-0.480167	-0.197068	-0.117417	-0.373211
Chr05	41484578	41777188	-0.506310	-0.167157	-0.105704	-0.412683
Chr05	41595557	41962121	-0.309238	-0.112605	-0.070821	-0.231717
Chr05	41777226	42133043	-0.022811	-0.013453	-0.007433	-0.014630
Chr05	41962454	42260366	-0.012745	-0.009649	-0.004315	-0.005601
Chr05	42133050	42403898	0.103389	0.080977	0.042593	0.058120
Chr05	42260372	42601636	-0.101721	-0.078812	-0.043100	-0.064356
Chr05	42403964	42721108	-0.515784	-0.476420	-0.202907	-0.365859
Chr05	42601649	42801249	-0.275674	-0.210760	-0.100771	-0.177311
Chr05	42721163	42945846	0.184247	0.090586	0.049846	0.118238
Chr05	42801260	43093872	-0.266518	-0.133868	-0.062296	-0.198927
Chr05	42945863	43155110	-0.583058	-0.455060	-0.178498	-0.447161
Chr05	43093905	43376458	-0.646872	-0.287174	-0.132216	-0.449172
Chr05	43155250	43482266	-0.513258	-0.175453	-0.081495	-0.349464
Chr05	43376520	43623848	-0.306299	-0.162422	-0.074492	-0.183392
Chr05	43485122	43716067	-0.437648	-0.272594	-0.137485	-0.274724
Chr05	43623907	43846077	-0.362057	-0.191131	-0.098057	-0.278951
Chr05	43716102	43922707	-0.228039	-0.102557	-0.052656	-0.182979
Chr05	43846275	43966457	-0.199509	-0.118981	-0.055115	-0.152091
Chr05	43922754	44075091	-0.167180	-0.084812	-0.046578	-0.118161
Chr05	43966514	44219216	-0.259327	-0.091977	-0.061167	-0.177368
Chr05	44075167	44509626	-0.250495	-0.087247	-0.053881	-0.167029
Chr05	44219399	44655517	-0.288068	-0.149001	-0.077960	-0.171791
Chr05	44509638	44769401	-0.324667	-0.161697	-0.085350	-0.184277
Chr05	44655519	44900903	-0.369874	-0.156589	-0.078322	-0.274369
Chr05	44769403	45107646	-0.433169	-0.154049	-0.076100	-0.373361
Chr05	44901034	45310771	-0.309901	-0.091247	-0.048078	-0.255627
Chr05	45109119	45428182	-0.486379	-0.191059	-0.097476	-0.428681
Chr05	45310782	45634295	-0.577782	-0.251942	-0.124118	-0.509973
Chr05	45428230	45726998	-0.455127	-0.169180	-0.091572	-0.348594
Chr05	45634538	45907070	-0.248543	-0.091721	-0.054754	-0.195458
Chr05	45727037	46068513	-0.394269	-0.177825	-0.092825	-0.336077
Chr05	45907146	46193446	-0.678580	-0.395211	-0.172526	-0.584366
Chr05	46068522	46334900	-0.512598	-0.255773	-0.118716	-0.411553
Chr05	46193549	46429083	-0.452712	-0.207894	-0.095778	-0.351876
Chr05	46334992	46512442	-0.373662	-0.202732	-0.091026	-0.278778
Chr05	46429095	46652594	-0.369291	-0.185122	-0.090349	-0.273886
Chr05	46512445	46743014	-0.454091	-0.197470	-0.099089	-0.357419
Chr05	46652664	46892087	-0.322763	-0.115057	-0.064443	-0.230308
Chr05	46743128	47019439	-0.364979	-0.131795	-0.071813	-0.240805
Chr05	46892793	47199597	-0.526978	-0.164652	-0.088381	-0.401474
Chr05	47019470	47443962	-0.502664	-0.122246	-0.065985	-0.404677
Chr05	47199625	47553691	-0.631789	-0.234172	-0.113812	-0.513596
Chr05	47443989	47640098	-0.783129	-0.529028	-0.213067	-0.593281
Chr05	47553751	47768287	-0.291630	-0.120586	-0.056435	-0.180572
Chr05	47640135	47876109	-0.217436	-0.112927	-0.052630	-0.164963
Chr05	47768289	47975326	-0.608532	-0.486115	-0.204266	-0.548624
Chr05	47876474	48083512	-0.789347	-0.570987	-0.244514	-0.697764
Chr05	47975353	48178031	-0.902986	-0.373536	-0.188528	-0.798998
Chr05	48083602	49462885	-0.939631	-0.314107	-0.171559	-0.886907
Chr05	48178108	49568768	-0.944851	-0.291727	-0.166119	-0.901353
Chr05	49462927	49669036	-0.925906	-0.245720	-0.151294	-0.880972
Chr05	49569002	49839753	-0.896153	-0.244380	-0.146232	-0.836583
Chr05	49669148	49944247	-0.920925	-0.296203	-0.167670	-0.861124
Chr05	49839756	50138708	-0.893058	-0.347640	-0.172206	-0.769771
Chr05	49944334	50252532	-0.881976	-0.342316	-0.162045	-0.758089
Chr05	50138730	51579572	-0.852116	-0.203514	-0.118147	-0.778647
Chr05	50252645	51758120	-0.770614	-0.157018	-0.096564	-0.695305
Chr05	51579642	51899172	-0.826880	-0.247416	-0.141051	-0.764924
Chr05	51758187	51981647	-0.896057	-0.411707	-0.208764	-0.857990
Chr05	51899204	52211504	-0.859031	-0.339389	-0.167765	-0.817091
Chr05	51981684	52406531	-0.687517	-0.170471	-0.096781	-0.609487
Chr05	52211505	52574098	-0.407628	-0.059911	-0.043150	-0.322427
Chr05	52406833	52769609	-0.442634	-0.068177	-0.050311	-0.328280
Chr05	52574196	52922498	-0.192511	-0.035886	-0.024250	-0.130887
Chr05	52769734	53101117	-0.261691	-0.053525	-0.034224	-0.177534
Chr05	52922565	53209756	-0.357090	-0.078798	-0.047882	-0.245282
Chr05	53101156	53430922	0.429591	0.077174	0.053302	0.325234
Chr05	53210163	53622709	0.362248	0.069079	0.049439	0.303041
Chr05	53431505	53847347	-0.360939	-0.088598	-0.059001	-0.305828
Chr05	53623198	53986700	-0.736514	-0.284963	-0.162917	-0.610583
Chr05	53847427	54140915	-0.593230	-0.354585	-0.175721	-0.500018
Chr05	53986701	54293352	-0.239502	-0.104487	-0.059246	-0.208975
Chr05	54141026	54431135	0.217195	0.082007	0.053272	0.173714
Chr05	54293487	54488868	0.144533	0.069274	0.045568	0.097422
Chr05	54431166	54782466	0.009235	0.004584	0.002494	0.010764
Chr05	54488871	54979468	-0.092712	-0.046480	-0.025893	-0.067319
Chr05	54782481	55096289	-0.421087	-0.294365	-0.151186	-0.331942
Chr05	54979478	55233471	-0.509509	-0.368019	-0.145908	-0.380929
Chr05	55096950	55325267	-0.526928	-0.450113	-0.147730	-0.370908
Chr05	55233525	55450427	-0.428838	-0.314579	-0.129112	-0.317735
Chr05	55325313	55667509	-0.381690	-0.156179	-0.085174	-0.315079
Chr05	55450438	55754268	-0.224155	-0.098258	-0.057233	-0.176989
Chr05	55667587	55869746	0.142215	0.081192	0.047660	0.082983
Chr05	55754276	55969941	0.228347	0.111303	0.062287	0.122580
Chr05	55869747	56107423	0.095204	0.041192	0.023461	0.060649
Chr05	55970045	56177829	-0.042719	-0.020590	-0.012218	-0.025192
Chr05	56107426	56298236	0.075058	0.049630	0.031916	0.050192
Chr05	56177848	56346283	0.060784	0.050669	0.031179	0.041417
Chr05	56298241	56490306	0.028275	0.025328	0.013639	0.024356
Chr05	56346284	56580421	0.130407	0.103189	0.055141	0.075921
Chr05	56490321	56735357	0.154945	0.135864	0.072867	0.086762
Chr05	56580426	56821607	0.075004	0.072711	0.040561	0.038449
Chr05	56735390	56919424	-0.020096	-0.020848	-0.011319	-0.012588
Chr05	56821647	57016485	-0.114662	-0.052951	-0.036197	-0.056850
Chr05	56919445	57133780	-0.166553	-0.064178	-0.044300	-0.054105
Chr05	57016733	57274317	0.063500	0.041284	0.025735	0.023917
Chr05	57134269	57329136	0.158270	0.122052	0.073078	0.088992
Chr05	57274373	57407775	0.182455	0.152412	0.083590	0.099345
Chr05	57329222	57535293	0.322213	0.246973	0.116753	0.223230
Chr05	57407808	57651551	0.006143	0.007541	0.001543	0.024803
Chr05	57535485	57816577	-0.253398	-0.281228	-0.046274	-0.194798
Chr05	57653282	57954622	-0.368182	-0.175371	-0.066753	-0.314547
Chr05	57816602	58133479	-0.298640	-0.111889	-0.060974	-0.241272
Chr05	57954645	58285497	-0.121947	-0.040703	-0.024990	-0.091151
Chr05	58133584	58456922	-0.222952	-0.070582	-0.043069	-0.152419
Chr05	58285585	58552221	-0.248021	-0.102888	-0.057441	-0.156365
Chr05	58457022	58695350	-0.183409	-0.097828	-0.051857	-0.119029
Chr05	58552230	58735260	0.059830	0.030167	0.018393	0.045854
Chr05	58695369	59029312	0.239998	0.068822	0.056956	0.157562
Chr05	58735305	59283564	0.139680	0.028668	0.022225	0.077913
Chr05	59029448	59445472	-0.068910	-0.018856	-0.011988	-0.036258
Chr05	59283801	59520147	-0.222927	-0.100672	-0.054847	-0.136180
Chr05	59445493	59648618	-0.240374	-0.090921	-0.053178	-0.170373
Chr05	59520206	59839389	-0.324255	-0.096035	-0.056875	-0.241013
Chr05	59648729	60189648	-0.268624	-0.082931	-0.049749	-0.177515
Chr05	59839394	60306563	0.040135	0.013839	0.009308	0.026426
Chr05	60189659	60428524	-0.251939	-0.110751	-0.069289	-0.173291
Chr05	60306595	60614223	-0.253312	-0.126473	-0.074366	-0.164901
Chr05	60428532	60790406	-0.184014	-0.077158	-0.041431	-0.119155
Chr05	60615188	60950455	-0.391910	-0.141325	-0.074319	-0.280120
Chr05	60790408	61127052	-0.554559	-0.192976	-0.103428	-0.444828
Chr05	60950484	61421149	-0.569610	-0.244685	-0.100240	-0.478537
Chr05	61127110	61579504	-0.421944	-0.215245	-0.074444	-0.294810
Chr05	61421165	61795718	-0.285462	-0.109303	-0.055290	-0.205659
Chr05	61579578	61962633	-0.195662	-0.056454	-0.034021	-0.170951
Chr05	61795831	62096300	-0.209073	-0.068912	-0.041490	-0.164631
Chr05	61962858	62238142	-0.470983	-0.167129	-0.101156	-0.346810
Chr05	62096344	62427766	-0.475500	-0.129189	-0.083097	-0.358313
Chr05	62238162	62497833	-0.241648	-0.080484	-0.044964	-0.135677
Chr05	62427811	62627923	-0.363836	-0.256527	-0.109256	-0.197956
Chr05	62497844	62771800	-0.434235	-0.170696	-0.112357	-0.301063
Chr05	62627952	62942532	-0.362561	-0.097210	-0.073200	-0.242792
Chr05	62771944	63095477	-0.106100	-0.035292	-0.024575	-0.068976
Chr05	62942578	63277869	0.246056	0.074485	0.055484	0.169790
Chr05	63095650	63459715	0.099706	0.024869	0.018483	0.066512
Chr05	63277870	63534313	-0.123594	-0.041305	-0.027920	-0.077153
Chr05	63459752	63659266	0.129587	0.113830	0.070006	0.071526
Chr05	63534341	63797689	0.194753	0.146730	0.082077	0.109310
Chr05	63659436	63848218	0.138267	0.131845	0.059003	0.063976
Chr05	63798553	63931239	-0.000400	-0.000388	-0.000192	-0.002873
Chr05	63848230	64018957	0.143407	0.099697	0.059146	0.090548
Chr05	63931286	64121020	0.255039	0.135377	0.087180	0.154943
Chr05	64018965	64256660	0.043390	0.020396	0.013535	0.021739
Chr05	64121078	64505838	-0.132246	-0.065242	-0.042430	-0.084422
Chr05	64256958	64843007	-0.293757	-0.138879	-0.084610	-0.197433
Chr05	64505857	65009505	-0.228533	-0.123938	-0.064445	-0.140776
Chr05	64843013	65091394	-0.068987	-0.048226	-0.023553	-0.035660
Chr05	65009506	65179788	-0.033878	-0.023904	-0.013037	-0.013176
Chr05	65091551	65289980	-0.095944	-0.055035	-0.031970	-0.045590
Chr05	65179800	65441395	-0.227355	-0.086930	-0.055245	-0.111362
Chr05	65290047	65525174	-0.233122	-0.101808	-0.057358	-0.140665
Chr05	65441437	65603223	-0.357725	-0.278377	-0.125655	-0.274396
Chr05	65525181	65718296	-0.438169	-0.504657	-0.188325	-0.326056
Chr05	65603274	65849708	-0.382656	-0.244995	-0.113584	-0.234390
Chr05	65718322	65959344	-0.296306	-0.145713	-0.082318	-0.167296
Chr05	65850117	66091058	-0.363518	-0.171894	-0.099970	-0.255437
Chr05	65959599	66179543	-0.542527	-0.345081	-0.159214	-0.426401
Chr05	66091075	66278509	-0.603112	-0.691121	-0.208962	-0.513637
Chr05	66179580	66400585	-0.513843	-0.464587	-0.172800	-0.411182
Chr05	66278525	66470376	-0.307454	-0.194158	-0.095299	-0.218597
Chr05	66400607	66668376	-0.170090	-0.061190	-0.036321	-0.121319
Chr05	66470402	66759744	-0.272428	-0.101343	-0.062149	-0.178747
Chr05	66668391	66890124	-0.363786	-0.230257	-0.122073	-0.239963
Chr05	66759800	67021859	-0.481545	-0.278450	-0.145030	-0.354012
Chr05	66890160	67096363	-0.368716	-0.237022	-0.117901	-0.242555
Chr05	67021893	67156503	-0.243026	-0.184584	-0.098113	-0.155756
Chr05	67096435	67219480	-0.466118	-0.449367	-0.227059	-0.308572
Chr05	67156534	67290189	-0.245216	-0.281196	-0.133138	-0.127364
Chr05	67219518	67353628	0.046464	0.053874	0.029147	0.019480
Chr05	67290200	67592859	0.056004	0.039330	0.024327	0.028196
Chr05	67353748	67767191	0.009188	0.006235	0.003528	0.006777
Chr05	67592896	67827877	-0.029903	-0.025023	-0.012189	-0.012322
Chr05	67767208	67878579	0.028604	0.024719	0.013392	0.015310
Chr05	67827895	67950728	-0.147419	-0.110884	-0.066648	-0.095105
Chr05	67878595	68050122	-0.203463	-0.153385	-0.085020	-0.134154
Chr05	67950752	68164940	-0.102171	-0.080116	-0.041583	-0.052085
Chr05	68050194	68255970	-0.066796	-0.055172	-0.028503	-0.033900
Chr05	68164957	68388088	-0.192593	-0.155944	-0.082704	-0.111867
Chr05	68256070	68572617	-0.204546	-0.148590	-0.084511	-0.117335
Chr05	68388162	68622982	-0.057648	-0.050240	-0.027713	-0.030923
Chr05	68572689	68706871	-0.093260	-0.068561	-0.042139	-0.051383
Chr05	68623123	68787835	-0.121791	-0.088008	-0.058037	-0.068359
Chr05	68706929	68948130	-0.059542	-0.051403	-0.031251	-0.030189
Chr05	68787836	68994915	-0.009263	-0.008504	-0.004828	-0.000898
Chr05	68948200	69041191	-0.062916	-0.084906	-0.042103	-0.029518
Chr05	68994932	69095752	-0.046066	-0.059770	-0.033083	-0.021757
Chr05	69041200	69148722	0.100231	0.090355	0.058344	0.058434
Chr05	69095777	69317781	-0.058425	-0.044303	-0.020940	-0.033446
Chr05	69148736	69505377	-0.091876	-0.053648	-0.027381	-0.060177
Chr05	69317857	69708259	-0.037890	-0.020876	-0.012519	-0.023690
Chr05	69505381	69786700	-0.095603	-0.066039	-0.040510	-0.045575
Chr05	69708266	69912715	-0.070114	-0.048840	-0.030196	-0.028163
Chr05	69786702	69988257	-0.093321	-0.060735	-0.036868	-0.051719
Chr05	69912758	70098043	-0.189837	-0.110218	-0.063074	-0.123377
Chr05	69988258	70274622	-0.417214	-0.242121	-0.138492	-0.281124
Chr05	70098049	70355346	-0.394812	-0.303431	-0.162444	-0.288700
Chr05	70274752	70654031	-0.325505	-0.234666	-0.111690	-0.237032
Chr05	70355387	71088562	-0.358549	-0.200710	-0.103438	-0.250280
Chr05	70654049	71252224	-0.166745	-0.074924	-0.045305	-0.106594
Chr05	71088573	71406567	-0.115168	-0.031074	-0.021119	-0.068318
Chr05	71252362	71538564	-0.030815	-0.010345	-0.006690	-0.012184
Chr05	71406574	71687362	-0.002237	-0.000975	-0.000575	0.003816
Chr05	71538566	71759396	-0.295734	-0.145388	-0.081097	-0.218928
Chr05	71687474	71829929	-0.648624	-0.995168	-0.323206	-0.480871
Chr05	71759507	71899703	-0.798745	-1.722364	-0.442055	-0.630419
Chr05	71829936	72027576	-0.510073	-0.336218	-0.190252	-0.368995
Chr05	71899926	72174590	-0.091013	-0.038397	-0.025216	-0.053716
Chr05	72027715	72312140	-0.036825	-0.016907	-0.010413	-0.018460
Chr05	72174677	72419272	-0.115230	-0.071545	-0.041414	-0.064966
Chr05	72312436	72515090	-0.076875	-0.062218	-0.033334	-0.029780
Chr05	72419276	72606272	-0.122400	-0.084041	-0.045205	-0.048966
Chr05	72515148	72672489	-0.284566	-0.253633	-0.118981	-0.135790
Chr05	72606296	73015661	-0.149185	-0.084847	-0.053174	-0.081238
Chr05	72672502	73989895	0.192607	0.032285	0.027768	0.133378
Chr05	73016004	74181518	0.172415	0.031593	0.026583	0.108135
Chr05	73989931	74390381	-0.000961	-0.000686	-0.000366	-0.005257
Chr05	74181648	74903370	-0.022134	-0.011478	-0.006705	-0.014182
Chr05	74390389	75248548	-0.047850	-0.025082	-0.013639	-0.028227
Chr05	74903658	75369755	0.024913	0.011785	0.006854	0.014796
Chr05	75248550	75513220	0.112815	0.035748	0.022822	0.065719
Chr05	75369757	75815688	0.288377	0.121057	0.061896	0.198589
Chr05	75513258	76052269	0.237296	0.109016	0.058315	0.171646
Chr05	75815716	76211947	0.061650	0.020854	0.013536	0.031054
Chr05	76052557	77264921	0.004148	0.001700	0.000992	0.002087
Chr05	76211990	77654321	0.306974	0.096012	0.067107	0.240428
Chr05	77265110	77806812	0.258275	0.072781	0.050824	0.217092
Chr05	77654384	77896489	-0.111174	-0.043410	-0.026070	-0.068601
Chr05	77806821	78015275	-0.159131	-0.097546	-0.055825	-0.091485
Chr05	77896535	78104878	-0.013135	-0.008673	-0.005113	-0.011197
Chr05	78015285	78163815	-0.108153	-0.096739	-0.047331	-0.055266
Chr05	78104880	78271788	-0.208227	-0.178659	-0.084863	-0.100720
Chr05	78163826	78400605	-0.164999	-0.093112	-0.057296	-0.081612
Chr05	78271814	78530428	-0.165538	-0.117827	-0.068908	-0.089972
Chr05	78400623	78612167	-0.032172	-0.030007	-0.017667	-0.014747
Chr05	78530466	78735990	-0.035358	-0.030993	-0.017681	-0.013277
Chr05	78612173	79153735	-0.298355	-0.272625	-0.122543	-0.190745
Chr05	78735999	79226639	-0.310935	-0.299106	-0.134408	-0.195938
Chr05	79153742	79377699	-0.227380	-0.181189	-0.096150	-0.130276
Chr05	79226991	79485255	-0.266026	-0.202549	-0.102987	-0.150402
Chr05	79377743	79753350	-0.256298	-0.243079	-0.106486	-0.148771
Chr05	79485322	79920344	-0.311846	-0.288841	-0.126397	-0.198581
Chr05	79753362	80025464	-0.327537	-0.222966	-0.107797	-0.210291
Chr05	79920411	80258729	-0.246815	-0.107182	-0.059654	-0.148601
Chr05	80025469	80524101	-0.232653	-0.115048	-0.066528	-0.133927
Chr05	80258836	80668005	-0.182014	-0.110863	-0.063555	-0.124198
Chr05	80524129	80769087	-0.142269	-0.076753	-0.045240	-0.101967
Chr05	80668028	80855780	-0.193559	-0.136622	-0.067293	-0.113769
Chr05	80769110	80949073	-0.207485	-0.198389	-0.085563	-0.121793
Chr05	80855831	81072048	-0.098631	-0.050658	-0.030737	-0.062656
Chr05	80949199	81293701	-0.312964	-0.094708	-0.051876	-0.237263
Chr05	81072206	81590523	-0.691447	-0.280715	-0.129533	-0.602739
Chr05	81293741	81676362	-0.921835	-1.198712	-0.376900	-0.887531
Chr05	81590691	81845179	-0.940644	-1.727833	-0.490898	-0.907226
Chr05	81676388	81932142	-0.781601	-0.716144	-0.295726	-0.682966
Chr05	81845187	82147680	-0.531246	-0.423948	-0.198726	-0.390151
Chr05	81932148	82325031	0.184037	0.099058	0.060792	0.133615
Chr05	82147783	82531495	0.434073	0.214779	0.139523	0.310863
Chr05	82325095	82751536	-0.157881	-0.120301	-0.062440	-0.111735
Chr05	82531539	82830296	-0.462619	-0.535861	-0.235716	-0.301053
Chr05	82751557	83006017	-0.368537	-0.331124	-0.162222	-0.240736
Chr05	82831084	83073197	-0.165173	-0.111707	-0.057130	-0.108379
Chr05	83006026	83253867	-0.388611	-0.185463	-0.092385	-0.282013
Chr05	83073585	83386487	-0.352621	-0.124149	-0.068740	-0.255457
Chr05	83256039	83481950	-0.471016	-0.217939	-0.122362	-0.343689
Chr05	83386521	83554385	-0.495866	-0.323744	-0.166177	-0.352044
Chr05	83481968	83911302	0.018015	0.008985	0.005577	0.002234
Chr05	83554905	83995204	0.077614	0.040119	0.026214	0.031664
Chr05	83911683	84141384	-0.051430	-0.022624	-0.015634	-0.025498
Chr05	83995239	84234378	-0.160642	-0.071621	-0.051130	-0.095569
Chr05	84141432	84403861	-0.246041	-0.122241	-0.076936	-0.148087
Chr05	84234423	84744774	-0.203370	-0.076662	-0.049880	-0.134068
Chr05	84403878	84911042	-0.156976	-0.069096	-0.043342	-0.099364
Chr05	84744781	85010413	-0.093527	-0.071772	-0.039175	-0.058440
Chr05	84911050	85167319	-0.373332	-0.171488	-0.103368	-0.307169
Chr05	85010415	85219261	-0.663623	-0.344810	-0.195462	-0.564465
Chr05	85167324	85380999	-0.799084	-0.790925	-0.376953	-0.682681
Chr05	85219279	85514177	-0.798551	-0.663181	-0.339973	-0.667969
Chr05	85381016	85835222	-0.729941	-0.523923	-0.261836	-0.625275
Chr05	85514405	85998712	-0.584234	-0.323422	-0.170689	-0.470070
Chr05	85835304	86407705	-0.240016	-0.087753	-0.050023	-0.152757
Chr05	85998931	86550048	-0.149003	-0.056780	-0.033238	-0.091691
Chr05	86407723	86674739	-0.131994	-0.056920	-0.036962	-0.076885
Chr05	86551274	86852925	-0.213129	-0.102188	-0.065859	-0.130389
Chr05	86674795	86972250	-0.249430	-0.132113	-0.078990	-0.158162
Chr05	86852934	87029461	-0.050573	-0.031609	-0.019155	-0.025850
Chr05	86972471	87129684	-0.095096	-0.076117	-0.044311	-0.048214
Chr05	87029478	87287509	-0.249413	-0.118055	-0.066909	-0.150638
Chr05	87129752	87348855	-0.153927	-0.065532	-0.040387	-0.097792
Chr05	87287573	87444194	-0.180056	-0.130123	-0.076726	-0.114752
Chr05	87348904	87510021	-0.196785	-0.239755	-0.095431	-0.112858
Chr05	87444222	87564520	0.139122	0.115067	0.059038	0.079221
Chr05	87510260	87633489	0.239908	0.131186	0.097032	0.147898
Chr05	87564579	87683414	0.218108	0.116707	0.090817	0.136527
Chr05	87633555	87891955	-0.112841	-0.037427	-0.026195	-0.059158
Chr06	368001	723333	-0.222901	-0.096226	-0.060901	-0.116332
Chr06	490770	888773	0.108912	0.038636	0.024814	0.071334
Chr06	723379	998000	0.209999	0.090722	0.050747	0.124266
Chr06	888995	1124461	-0.111036	-0.072216	-0.040159	-0.069620
Chr06	998027	1286285	-0.289112	-0.159995	-0.108015	-0.199940
Chr06	1124516	1344924	-0.224283	-0.130870	-0.085176	-0.131873
Chr06	1286341	1399547	-0.107553	-0.117269	-0.063802	-0.055222
Chr06	1344926	1454427	-0.116939	-0.136175	-0.073422	-0.068175
Chr06	1399596	1537348	-0.099826	-0.110062	-0.063840	-0.063895
Chr06	1454504	1652918	-0.219726	-0.228110	-0.126533	-0.146999
Chr06	1537351	1879913	-0.383318	-0.218374	-0.119921	-0.269354
Chr06	1652932	2046674	-0.498213	-0.245534	-0.125905	-0.380412
Chr06	1879943	2202293	-0.249369	-0.112147	-0.063766	-0.186229
Chr06	2046676	2309405	0.078284	0.032825	0.021905	0.049925
Chr06	2202466	2464670	0.109064	0.051048	0.034298	0.065014
Chr06	2309420	2576664	0.009562	0.004690	0.002886	0.006154
Chr06	2464671	2784352	-0.031206	-0.015025	-0.009245	-0.019342
Chr06	2576699	3031691	-0.178994	-0.082042	-0.044305	-0.124932
Chr06	2784399	3207379	-0.437649	-0.193514	-0.100265	-0.340661
Chr06	3031897	3368225	-0.272683	-0.104106	-0.059787	-0.229596
Chr06	3207682	3523328	0.054828	0.023127	0.012930	0.048256
Chr06	3368424	3652503	-0.132765	-0.059164	-0.032039	-0.106064
Chr06	3523371	3806541	-0.393196	-0.157015	-0.091365	-0.293159
Chr06	3652536	3959912	-0.119744	-0.041580	-0.028181	-0.082000
Chr06	3806556	4162728	-0.108276	-0.031478	-0.021151	-0.069030
Chr06	3959915	4269025	-0.403672	-0.167028	-0.097400	-0.258496
Chr06	4162828	4424360	-0.244638	-0.142000	-0.076101	-0.147282
Chr06	4269573	4566006	0.014215	0.006793	0.004039	0.016943
Chr06	4424422	4689069	-0.187497	-0.109205	-0.060740	-0.114455
Chr06	4566238	4805749	-0.179992	-0.091745	-0.053910	-0.115511
Chr06	4689302	5007036	-0.133712	-0.051138	-0.032478	-0.094243
Chr06	4805782	5138136	-0.194285	-0.063047	-0.039713	-0.140424
Chr06	5007131	5288482	-0.235874	-0.086692	-0.053409	-0.155748
Chr06	5138323	5371389	-0.255312	-0.133222	-0.076413	-0.161657
Chr06	5288487	5580941	-0.236242	-0.082591	-0.046431	-0.163152
Chr06	5372699	5727794	-0.232502	-0.074119	-0.040943	-0.164711
Chr06	5581022	5992660	-0.264436	-0.084244	-0.048568	-0.187175
Chr06	5727864	6178951	-0.358727	-0.114074	-0.068118	-0.268278
Chr06	5992684	6409690	-0.350174	-0.139283	-0.077893	-0.251126
Chr06	6179053	6598034	-0.160022	-0.055455	-0.031950	-0.106188
Chr06	6409759	6751899	-0.030504	-0.008251	-0.005514	-0.019636
Chr06	6598191	6897539	-0.078360	-0.021333	-0.014881	-0.050247
Chr06	6751936	7015237	-0.254177	-0.085561	-0.056300	-0.173706
Chr06	6897853	7111858	-0.661321	-0.320598	-0.193347	-0.511156
Chr06	7015255	7297029	-0.652822	-0.330016	-0.201696	-0.511977
Chr06	7111886	7455967	-0.572686	-0.215449	-0.139652	-0.447971
Chr06	7297054	8059793	-0.493948	-0.131472	-0.087778	-0.321913
Chr06	7456859	8259384	-0.124151	-0.030028	-0.020424	-0.068878
Chr06	8059900	8422319	-0.028495	-0.010253	-0.006349	-0.011918
Chr06	8259439	8560448	-0.042956	-0.019483	-0.011576	-0.020983
Chr06	8422328	8687506	-0.050831	-0.025664	-0.015901	-0.032738
Chr06	8560627	8874995	0.011670	0.005142	0.003172	0.010722
Chr06	8687518	8985847	-0.128020	-0.048712	-0.029667	-0.096949
Chr06	8875044	9142324	-0.390796	-0.157087	-0.090113	-0.295522
Chr06	8985853	9401860	-0.565950	-0.199114	-0.115028	-0.459573
Chr06	9142635	9555025	-0.503640	-0.159337	-0.095001	-0.429057
Chr06	9401861	9743655	-0.234298	-0.071897	-0.043242	-0.168752
Chr06	9555055	9888616	-0.196957	-0.069618	-0.041018	-0.147697
Chr06	9743656	10033418	-0.360850	-0.175209	-0.087013	-0.294300
Chr06	9888633	10284031	-0.242957	-0.144862	-0.060606	-0.173127
Chr06	10033451	10494383	-0.094436	-0.049708	-0.023141	-0.054393
Chr06	10284400	10596296	-0.247452	-0.140905	-0.075181	-0.142319
Chr06	10494400	10869847	-0.216206	-0.060395	-0.043699	-0.157311
Chr06	10596839	11197698	-0.118789	-0.032741	-0.023553	-0.091536
Chr06	10870005	11323783	-0.115369	-0.051183	-0.034369	-0.073158
Chr06	11197988	11442762	-0.047629	-0.017538	-0.013061	-0.027745
Chr06	11323786	11620155	-0.094745	-0.028602	-0.019775	-0.068641
Chr06	11442796	11763845	-0.207127	-0.067094	-0.044901	-0.155354
Chr06	11620245	11909495	-0.200819	-0.087136	-0.056141	-0.158725
Chr06	11763876	12118371	-0.351483	-0.119340	-0.072353	-0.283993
Chr06	11909552	12298169	-0.319152	-0.093646	-0.055914	-0.240176
Chr06	12118456	12566680	-0.227776	-0.052544	-0.033720	-0.166204
Chr06	12298289	12799541	-0.256549	-0.056078	-0.035385	-0.187088
Chr06	12566772	13070182	-0.221351	-0.052030	-0.029657	-0.157122
Chr06	12799552	13262922	-0.263923	-0.065210	-0.037429	-0.183850
Chr06	13070383	13475335	-0.477212	-0.174052	-0.093021	-0.361814
Chr06	13262945	13622875	-0.390506	-0.136271	-0.072341	-0.315541
Chr06	13475350	13823262	-0.303931	-0.114644	-0.062094	-0.246963
Chr06	13623206	14003619	-0.383716	-0.127026	-0.078232	-0.307934
Chr06	13823293	14148469	-0.179504	-0.050329	-0.033342	-0.127691
Chr06	14003996	14304083	-0.240027	-0.102692	-0.052930	-0.161696
Chr06	14148512	14434575	-0.371447	-0.181758	-0.084846	-0.256607
Chr06	14304092	14583835	-0.376620	-0.192237	-0.091035	-0.269880
Chr06	14434600	14798489	-0.357155	-0.161454	-0.081203	-0.259765
Chr06	14583977	14956779	-0.361468	-0.117019	-0.065421	-0.270146
Chr06	14798572	15134297	-0.281222	-0.091993	-0.053109	-0.202652
Chr06	14956802	15443681	-0.298905	-0.070752	-0.041108	-0.225345
Chr06	15134644	15750348	-0.553779	-0.109582	-0.059889	-0.448115
Chr06	15443684	15903395	-0.502149	-0.114246	-0.062307	-0.369523
Chr06	15750441	16007357	-0.231995	-0.080296	-0.044746	-0.172925
Chr06	15903486	16146100	-0.107194	-0.052887	-0.028299	-0.084149
Chr06	16007417	16271154	-0.346459	-0.166083	-0.090700	-0.266416
Chr06	16146134	16361764	-0.743578	-0.434560	-0.218105	-0.647019
Chr06	16271251	16501550	-0.740814	-0.398496	-0.201614	-0.687497
Chr06	16361785	16634419	-0.666298	-0.300973	-0.163677	-0.598439
Chr06	16501572	16835416	-0.746908	-0.328945	-0.165976	-0.641161
Chr06	16634448	16980858	-0.637576	-0.231709	-0.113976	-0.527542
Chr06	16835529	17161474	-0.579023	-0.229632	-0.112550	-0.453289
Chr06	16980862	17364344	-0.492330	-0.182607	-0.089868	-0.381151
Chr06	17161532	17553240	-0.364297	-0.126152	-0.062964	-0.286789
Chr06	17364378	17728183	-0.553953	-0.194859	-0.099111	-0.478920
Chr06	17553241	17914828	-0.577744	-0.169977	-0.091478	-0.522332
Chr06	17728449	18094050	-0.563771	-0.229053	-0.107319	-0.505218
Chr06	17914852	18335193	-0.346426	-0.161436	-0.075820	-0.300566
Chr06	18094052	18452268	0.121768	0.047128	0.029106	0.093043
Chr06	18335522	18641067	-0.126466	-0.049204	-0.030062	-0.093152
Chr06	18452269	18778477	-0.190063	-0.072077	-0.042137	-0.147330
Chr06	18642582	18942321	-0.256382	-0.102092	-0.058404	-0.210607
Chr06	18778883	19092290	-0.560978	-0.228840	-0.120306	-0.474652
Chr06	18942344	19266862	-0.624578	-0.336382	-0.150807	-0.519370
Chr06	19092339	19436018	-0.397578	-0.171685	-0.076966	-0.306394
Chr06	19267007	19621811	-0.147634	-0.043587	-0.024069	-0.117540
Chr06	19436229	19774674	-0.239181	-0.083804	-0.048564	-0.197058
Chr06	19621979	19896871	-0.380077	-0.157528	-0.083388	-0.295942
Chr06	19774715	20122039	-0.309897	-0.114721	-0.057052	-0.216870
Chr06	19896874	20309133	-0.396990	-0.171699	-0.084263	-0.290644
Chr06	20125750	20455896	-0.575469	-0.307481	-0.149209	-0.474621
Chr06	20309141	20609427	-0.548560	-0.262668	-0.141165	-0.465249
Chr06	20456032	20759238	-0.271110	-0.100066	-0.066696	-0.206873
Chr06	20609508	20976837	0.006893	0.001340	0.001010	0.005063
Chr06	20759245	21138729	-0.198504	-0.041648	-0.028487	-0.136403
Chr06	20977444	21381320	-0.332892	-0.108619	-0.059601	-0.237915
Chr06	21139140	21591719	-0.494712	-0.128497	-0.073431	-0.356372
Chr06	21381355	21884078	-0.517409	-0.116091	-0.062848	-0.379135
Chr06	21591868	22003437	-0.230194	-0.060953	-0.031209	-0.170647
Chr06	21884300	22237432	0.032856	0.010394	0.005974	0.028260
Chr06	22003440	22473531	-0.073621	-0.017604	-0.011402	-0.065939
Chr06	22237615	22661581	-0.331744	-0.082619	-0.048272	-0.265817
Chr06	22473608	22800574	-0.472663	-0.158580	-0.072283	-0.376228
Chr06	22661646	22985124	-0.651305	-0.177346	-0.093609	-0.578555
Chr06	22800576	23327978	-0.700249	-0.163803	-0.095904	-0.649176
Chr06	22985327	23487477	-0.854023	-0.403431	-0.197878	-0.815392
Chr06	23328462	23661489	-0.967565	-1.533856	-0.433719	-0.949305
Chr06	23487497	24901316	-0.951248	-1.246705	-0.397860	-0.932939
Chr06	23661490	25181407	-0.942258	-0.944280	-0.334787	-0.914745
Chr06	24901447	25474041	-0.735662	-0.477620	-0.180023	-0.707290
Chr06	25181437	26384798	-0.617080	-0.325293	-0.136848	-0.585054
Chr06	25474069	26562082	-0.713471	-0.354941	-0.170321	-0.637696
Chr06	26384839	27008130	-0.660508	-0.218324	-0.112451	-0.562486
Chr06	26562143	27260741	-0.727373	-0.169241	-0.103751	-0.650180
Chr06	27008178	27424150	-0.637580	-0.162340	-0.098241	-0.526562
Chr06	27260744	27659623	-0.351517	-0.094866	-0.053693	-0.241693
Chr06	27424198	27913238	-0.394910	-0.068806	-0.043538	-0.279334
Chr06	27659633	28089333	-0.665357	-0.168863	-0.098898	-0.567732
Chr06	27913248	28265055	-0.646082	-0.184142	-0.108113	-0.558620
Chr06	28089344	28496293	-0.384025	-0.081023	-0.053487	-0.308937
Chr06	28265125	28634779	0.154484	0.038699	0.026292	0.136551
Chr06	28496400	28854157	0.058710	0.015386	0.010263	0.056766
Chr06	28634896	29057987	-0.558639	-0.157496	-0.100218	-0.445509
Chr06	28854333	29252016	-0.456479	-0.154632	-0.086449	-0.375178
Chr06	29058123	29447796	-0.313817	-0.102744	-0.053449	-0.211677
Chr06	29252137	29654033	-0.194188	-0.059321	-0.032984	-0.118558
Chr06	29447807	29853260	-0.334955	-0.107376	-0.054101	-0.251952
Chr06	29654513	30047073	-0.416681	-0.140069	-0.070614	-0.356447
Chr06	29854329	30270900	-0.544453	-0.196713	-0.109252	-0.480171
Chr06	30047118	30500498	-0.533228	-0.178864	-0.101992	-0.444875
Chr06	30270902	30649661	-0.424056	-0.154666	-0.077324	-0.340843
Chr06	30500671	30762777	-0.611896	-0.277094	-0.129624	-0.525958
Chr06	30649721	30925407	-0.670614	-0.282165	-0.148735	-0.590284
Chr06	30763098	31061856	-0.637913	-0.247940	-0.139527	-0.527938
Chr06	30925415	31180066	-0.464999	-0.178571	-0.106985	-0.356277
Chr06	31061916	31387684	-0.380452	-0.106266	-0.068860	-0.294566
Chr06	31180268	31586942	-0.442881	-0.120113	-0.072413	-0.345553
Chr06	31387911	31802535	-0.284828	-0.074577	-0.045332	-0.207103
Chr06	31586959	31954494	0.018380	0.003968	0.002739	0.014955
Chr06	31802567	32143257	-0.185985	-0.053734	-0.033875	-0.122047
Chr06	31954529	32314347	-0.408472	-0.136227	-0.076960	-0.314110
Chr06	32143284	32489489	-0.367610	-0.106595	-0.064693	-0.265549
Chr06	32315013	32685508	-0.117001	-0.029490	-0.020054	-0.082143
Chr06	32489556	32937963	0.059198	0.011208	0.008283	0.037082
Chr06	32685541	33074261	-0.073836	-0.014579	-0.009971	-0.056108
Chr06	32938086	33260210	-0.377648	-0.127362	-0.070219	-0.248417
Chr06	33074266	33423424	-0.176266	-0.054178	-0.035396	-0.113953
Chr06	33260505	33601875	-0.093767	-0.027220	-0.018718	-0.065902
Chr06	33423539	33687934	-0.293021	-0.105987	-0.067030	-0.220852
Chr06	33601884	33798863	-0.139040	-0.062698	-0.036333	-0.102323
Chr06	33687954	33994832	-0.323874	-0.128692	-0.070159	-0.236890
Chr06	33799200	34364606	-0.630797	-0.238070	-0.132654	-0.516979
Chr06	33994902	34503115	-0.653847	-0.278095	-0.156794	-0.570333
Chr06	34364660	34692671	-0.538061	-0.236585	-0.137593	-0.440289
Chr06	34503206	34814630	-0.387144	-0.179579	-0.108153	-0.269474
Chr06	34692694	34931372	-0.192056	-0.092420	-0.054377	-0.113148
Chr06	34814651	35029968	0.305391	0.117200	0.082627	0.180101
Chr06	34931499	35188962	0.444488	0.106813	0.083620	0.298966
Chr06	35029989	35376862	-0.072525	-0.016233	-0.011118	-0.046757
Chr06	35189021	35633136	-0.328252	-0.077347	-0.048336	-0.248532
Chr06	35376971	35753734	-0.487171	-0.162578	-0.094459	-0.370745
Chr06	35633420	35938474	-0.513784	-0.170542	-0.101632	-0.412332
Chr06	35754550	36095412	-0.269444	-0.076599	-0.048308	-0.212247
Chr06	35938555	36259111	-0.101223	-0.032250	-0.020615	-0.067554
Chr06	36095551	36457727	-0.307426	-0.106301	-0.058893	-0.208540
Chr06	36259188	36971075	-0.502137	-0.176085	-0.084438	-0.346196
Chr06	36457756	37260228	-0.493930	-0.168513	-0.087806	-0.404114
Chr06	36971414	37387065	-0.429482	-0.142665	-0.079875	-0.309349
Chr06	37260238	37491747	-0.317144	-0.104986	-0.061670	-0.173527
Chr06	37387123	37660199	-0.315887	-0.108531	-0.062435	-0.217415
Chr06	37493208	37798283	-0.273189	-0.087866	-0.051034	-0.199996
Chr06	37660260	37962314	-0.223123	-0.073157	-0.042459	-0.170714
Chr06	37798865	38131337	-0.300380	-0.086528	-0.050948	-0.239451
Chr06	37962605	38208953	-0.497099	-0.186525	-0.104343	-0.406413
Chr06	38131372	38412869	-0.375861	-0.147179	-0.078836	-0.312074
Chr06	38209006	38630282	-0.429893	-0.135429	-0.073314	-0.355729
Chr06	38413457	38817170	-0.523470	-0.181713	-0.095174	-0.417151
Chr06	38630290	38954244	-0.481406	-0.171158	-0.095440	-0.373072
Chr06	38817308	39281797	-0.290746	-0.080132	-0.050411	-0.207876
Chr06	38954345	39412943	0.055254	0.016703	0.010637	0.029717
Chr06	39281856	39539180	0.023066	0.011452	0.006395	0.014017
Chr06	39413030	39705598	0.040851	0.017323	0.009740	0.031621
Chr06	39539199	39819562	0.080895	0.031778	0.019391	0.059818
Chr06	39705703	39965473	-0.245685	-0.108067	-0.059305	-0.176591
Chr06	39819577	40129568	-0.389407	-0.119146	-0.066624	-0.302671
Chr06	39965513	40284051	-0.213840	-0.057681	-0.034595	-0.164044
Chr06	40129635	40473728	-0.345293	-0.098186	-0.058702	-0.277765
Chr06	40284087	40611431	-0.632905	-0.248601	-0.140677	-0.527466
Chr06	40473770	40728935	-0.474106	-0.232732	-0.139217	-0.320366
Chr06	40611447	40850765	-0.052970	-0.019812	-0.012670	-0.023356
Chr06	40728945	41011240	-0.333491	-0.146088	-0.075685	-0.227674
Chr06	40850889	41143995	-0.296302	-0.126723	-0.066462	-0.215552
Chr06	41011261	41379302	-0.383701	-0.109632	-0.067838	-0.275892
Chr06	41144020	41590741	-0.494406	-0.110838	-0.071771	-0.394242
Chr06	41379417	41776742	-0.493441	-0.112031	-0.072420	-0.394472
Chr06	41590798	41977869	-0.608007	-0.186376	-0.112194	-0.482975
Chr06	41776829	42123041	-0.400267	-0.139338	-0.085853	-0.321762
Chr06	41977906	42299136	-0.233100	-0.072885	-0.050758	-0.173772
Chr06	42123163	42505636	-0.447045	-0.150297	-0.095089	-0.340448
Chr06	42299137	42690907	-0.405118	-0.129565	-0.079271	-0.321675
Chr06	42505641	42775187	-0.546082	-0.262322	-0.143021	-0.431115
Chr06	42690935	42872202	-0.591489	-0.370940	-0.168767	-0.431690
Chr06	42775236	43008864	-0.396384	-0.128399	-0.069714	-0.270610
Chr06	42872232	43120873	-0.501516	-0.204601	-0.111988	-0.408536
Chr06	43009142	43202206	-0.315466	-0.206302	-0.115414	-0.237551
Chr06	43120875	43382964	0.104584	0.077949	0.049360	0.055661
Chr06	43202239	43497264	-0.008870	-0.005529	-0.003261	-0.005556
Chr06	43383006	43616948	-0.107731	-0.057563	-0.031260	-0.067301
Chr06	43497267	43720946	-0.015399	-0.008524	-0.004180	-0.004166
Chr06	43617456	43831407	0.182869	0.092210	0.051429	0.115088
Chr06	43720971	43903055	-0.169992	-0.105212	-0.053783	-0.099394
Chr06	43832637	44052234	-0.451903	-0.192538	-0.108372	-0.284812
Chr06	43903191	44187000	-0.230936	-0.079538	-0.049581	-0.163285
Chr06	44052277	44362875	-0.212727	-0.087725	-0.052667	-0.159092
Chr06	44187005	44579231	-0.384680	-0.109419	-0.071253	-0.311098
Chr06	44362913	44713684	-0.319907	-0.086567	-0.057002	-0.260753
Chr06	44579253	44878292	-0.194794	-0.059618	-0.040586	-0.164048
Chr06	44713704	45019607	-0.131076	-0.041994	-0.027995	-0.096742
Chr06	44878458	45207138	-0.348898	-0.212886	-0.104198	-0.235150
Chr06	45019864	45342700	-0.618471	-0.421482	-0.177951	-0.483108
Chr06	45207197	45482616	-0.598203	-0.328003	-0.154233	-0.457949
Chr06	45342755	45658441	-0.379001	-0.151481	-0.088022	-0.291369
Chr06	45482669	45833346	-0.337279	-0.114148	-0.070548	-0.275850
Chr06	45658581	46006392	-0.395407	-0.141808	-0.084847	-0.311736
Chr06	45833365	46222441	-0.312781	-0.088156	-0.054830	-0.232686
Chr06	46006398	46370519	-0.258678	-0.077723	-0.046783	-0.186806
Chr06	46222446	46480690	-0.269278	-0.148871	-0.077329	-0.175635
Chr06	46370520	46584914	-0.324470	-0.159442	-0.096235	-0.210497
Chr06	46480777	46719099	-0.344411	-0.159660	-0.095975	-0.232109
Chr06	46584936	46806037	-0.136663	-0.088375	-0.051353	-0.086145
Chr06	46719110	46905471	-0.034081	-0.033927	-0.019013	-0.017391
Chr06	46806053	46975734	-0.116087	-0.133588	-0.068323	-0.060961
Chr06	46905609	47095411	-0.301364	-0.208726	-0.134170	-0.172396
Chr06	46975815	47208170	-0.258281	-0.150201	-0.102103	-0.131200
Chr06	47095442	47301444	-0.031671	-0.024198	-0.014743	-0.015925
Chr06	47208310	47446284	-0.029751	-0.011053	-0.007530	-0.016975
Chr06	47301570	47629371	0.050632	0.013285	0.009322	0.025128
Chr06	47446500	47804287	0.040517	0.011379	0.007762	0.022732
Chr06	47629385	47912473	-0.646760	-0.419858	-0.217218	-0.535327
Chr06	47805962	48115944	-0.713989	-0.476375	-0.244228	-0.648267
Chr06	47912574	48325629	-0.342315	-0.101458	-0.066473	-0.277664
Chr06	48115945	48524963	-0.285483	-0.082813	-0.052677	-0.214887
Chr06	48325671	48698929	-0.409324	-0.202851	-0.111163	-0.300455
Chr06	48525163	48858257	-0.401060	-0.218787	-0.107937	-0.306468
Chr06	48698973	49136895	-0.336579	-0.137629	-0.069931	-0.271952
Chr06	48858430	49224808	-0.294267	-0.102132	-0.058217	-0.228538
Chr06	49136913	49315070	-0.124075	-0.044229	-0.029298	-0.090136
Chr06	49224821	49508270	-0.210208	-0.105570	-0.059670	-0.147977
Chr06	49315100	49678266	-0.353380	-0.184098	-0.085459	-0.230528
Chr06	49508277	49781490	-0.189748	-0.088720	-0.045944	-0.124700
Chr06	49678299	49891165	0.056288	0.024625	0.015141	0.029731
Chr06	49781527	49945418	0.064893	0.038734	0.022622	0.029840
Chr06	49891171	50003916	0.128984	0.101592	0.060577	0.067352
Chr06	49945531	50173848	-0.178881	-0.074576	-0.041337	-0.121973
Chr06	50003948	50377594	-0.326808	-0.114128	-0.061076	-0.239665
Chr06	50173925	50563579	-0.409593	-0.142776	-0.078766	-0.301686
Chr06	50377624	50658193	-0.379629	-0.157951	-0.092476	-0.264433
Chr06	50563609	50782684	-0.030717	-0.017014	-0.009972	-0.022818
Chr06	50658205	50926557	-0.139681	-0.063298	-0.034174	-0.088247
Chr06	50782699	51068587	-0.307638	-0.138438	-0.077233	-0.199583
Chr06	50926609	51211943	-0.319992	-0.136773	-0.079258	-0.203155
Chr06	51069540	51392043	-0.122223	-0.045870	-0.025832	-0.076814
Chr06	51212146	51536221	0.099623	0.038862	0.022463	0.071049
Chr06	51392434	51689580	0.092730	0.046646	0.028630	0.057450
Chr06	51536236	51870800	0.116672	0.058298	0.037968	0.078261
Chr06	51689705	52002907	0.109253	0.040417	0.025988	0.077531
Chr06	51870824	52289699	0.044755	0.016875	0.010405	0.026576
Chr06	52002974	52508881	0.161416	0.055626	0.031814	0.104404
Chr06	52289751	52637053	-0.059278	-0.022729	-0.013379	-0.038264
Chr06	52508982	52734378	-0.225359	-0.139531	-0.090390	-0.159340
Chr06	52637055	52913566	-0.152149	-0.077097	-0.050815	-0.093201
Chr06	52734473	52963531	-0.187001	-0.105516	-0.067712	-0.107393
Chr06	52913568	53027185	-0.070508	-0.068240	-0.037179	-0.040297
Chr06	52963852	53126419	-0.117367	-0.078898	-0.046118	-0.071992
Chr06	53027235	53271742	-0.274635	-0.139058	-0.079333	-0.195641
Chr06	53126438	53366839	-0.487891	-0.282628	-0.139918	-0.391923
Chr06	53272011	53526464	-0.471697	-0.242299	-0.124141	-0.355738
Chr06	53366907	53778890	-0.187793	-0.053063	-0.032604	-0.144272
Chr07	127402	398443	-0.478385	-0.217082	-0.136377	-0.372183
Chr07	335655	633206	-0.458127	-0.174830	-0.113765	-0.334841
Chr07	398500	804370	-0.194532	-0.041163	-0.027894	-0.128645
Chr07	633333	958098	-0.327042	-0.088125	-0.055330	-0.238061
Chr07	804578	1081364	-0.216876	-0.074270	-0.042737	-0.164413
Chr07	958422	1215571	-0.373459	-0.167282	-0.077672	-0.302015
Chr07	1081415	1336352	-0.502635	-0.249860	-0.121444	-0.387014
Chr07	1215572	1409616	-0.263211	-0.153688	-0.090587	-0.170115
Chr07	1336376	1492807	-0.077507	-0.068397	-0.039307	-0.048089
Chr07	1409620	1613963	-0.053069	-0.037506	-0.022088	-0.034954
Chr07	1492840	1696983	0.035591	0.024948	0.012992	0.028965
Chr07	1614096	1810067	-0.096683	-0.063535	-0.031549	-0.061423
Chr07	1697072	1924420	-0.228486	-0.110003	-0.065339	-0.153984
Chr07	1810121	2201581	-0.143722	-0.041714	-0.029381	-0.105477
Chr07	1924559	2304942	-0.144481	-0.041699	-0.029178	-0.096286
Chr07	2201613	2477724	-0.159749	-0.064051	-0.043183	-0.089506
Chr07	2304961	2579047	-0.103634	-0.046763	-0.031444	-0.063055
Chr07	2477753	2714848	-0.155831	-0.057116	-0.039391	-0.101050
Chr07	2579136	2850381	-0.346477	-0.112023	-0.075817	-0.236398
Chr07	2714882	2997894	-0.265036	-0.089753	-0.062517	-0.166585
Chr07	2850519	3110697	-0.098624	-0.033444	-0.024913	-0.064724
Chr07	2998063	3208787	-0.025217	-0.012002	-0.008465	-0.018356
Chr07	3110755	3489774	0.045446	0.020915	0.014394	0.028723
Chr07	3208805	3616579	-0.013336	-0.006133	-0.004146	-0.008800
Chr07	3489795	3794519	-0.125982	-0.069206	-0.045889	-0.071827
Chr07	3616726	3948130	0.049010	0.019525	0.014602	0.031959
Chr07	3794555	4045351	0.122948	0.051404	0.038930	0.080816
Chr07	3948565	4105420	-0.126748	-0.101966	-0.060430	-0.065556
Chr07	4045356	4193518	-0.093177	-0.089647	-0.045720	-0.046967
Chr07	4105610	4252897	-0.012458	-0.011276	-0.005970	-0.003189
Chr07	4193537	4348440	-0.031542	-0.029887	-0.016969	-0.015624
Chr07	4252919	4507817	-0.134861	-0.055819	-0.041663	-0.070508
Chr07	4348585	4608557	-0.225792	-0.075288	-0.057959	-0.124958
Chr07	4507827	4705631	-0.274974	-0.109584	-0.079617	-0.156457
Chr07	4608616	4853273	-0.349280	-0.127793	-0.092426	-0.213151
Chr07	4705813	4979371	-0.383583	-0.135319	-0.097075	-0.235706
Chr07	4853444	5091218	-0.115756	-0.049598	-0.034895	-0.076801
Chr07	4979375	5178559	0.060498	0.039064	0.025662	0.032433
Chr07	5091245	5300072	-0.184231	-0.106777	-0.070946	-0.104592
Chr07	5178564	5412680	-0.277661	-0.117328	-0.082783	-0.185299
Chr07	5300161	5518187	-0.206470	-0.072292	-0.051677	-0.135695
Chr07	5412722	5623387	-0.100504	-0.043563	-0.029006	-0.059096
Chr07	5518259	5751383	-0.226092	-0.110611	-0.071017	-0.132933
Chr07	5623400	5844023	-0.431796	-0.184441	-0.116910	-0.304275
Chr07	5751386	5917744	-0.462954	-0.303168	-0.151014	-0.314392
Chr07	5844059	6088596	-0.402803	-0.246816	-0.121845	-0.251039
Chr07	5917862	6186773	-0.265502	-0.113515	-0.069622	-0.152940
Chr07	6088923	6293611	-0.134311	-0.067593	-0.040318	-0.070125
Chr07	6186774	6430918	-0.232743	-0.143020	-0.071911	-0.154350
Chr07	6293746	6543463	-0.080771	-0.040451	-0.023939	-0.058342
Chr07	6430969	6666921	0.002140	0.000765	0.000545	-0.000476
Chr07	6543516	6829662	-0.104533	-0.032384	-0.022936	-0.067856
Chr07	6666942	6926987	-0.284685	-0.130873	-0.079140	-0.169865
Chr07	6829780	7021931	-0.307991	-0.202444	-0.108571	-0.176437
Chr07	6926994	7236495	-0.045112	-0.019384	-0.012722	-0.026861
Chr07	7032246	7479559	-0.229127	-0.077298	-0.047774	-0.162226
Chr07	7236499	7592456	-0.233894	-0.087116	-0.050496	-0.169750
Chr07	7479606	7710613	0.035684	0.013795	0.008014	0.024650
Chr07	7592497	7876730	-0.346355	-0.115650	-0.065966	-0.263246
Chr07	7710767	8072869	-0.615930	-0.216735	-0.119655	-0.507260
Chr07	7876760	8214106	-0.413421	-0.138916	-0.082421	-0.341526
Chr07	8072998	8424050	-0.122686	-0.032904	-0.022901	-0.088588
Chr07	8214172	8540150	-0.179856	-0.061131	-0.041363	-0.105711
Chr07	8424096	8789980	-0.039662	-0.010420	-0.007767	-0.031045
Chr07	8540153	8962402	-0.069790	-0.018942	-0.013634	-0.057764
Chr07	8790006	9093020	-0.349532	-0.158871	-0.093036	-0.263731
Chr07	8962637	9282338	-0.282120	-0.139691	-0.083670	-0.187539
Chr07	9093042	9393246	-0.060355	-0.028878	-0.019581	-0.034195
Chr07	9282363	9546383	-0.004186	-0.001614	-0.001120	-0.004255
Chr07	9393310	9725751	-0.100758	-0.035165	-0.023363	-0.069086
Chr07	9546438	9869451	-0.274759	-0.100048	-0.064045	-0.191265
Chr07	9725797	10042842	-0.351562	-0.117222	-0.074728	-0.266505
Chr07	9869458	10179071	-0.285573	-0.089241	-0.057842	-0.216097
Chr07	10042879	10380042	-0.471636	-0.223854	-0.128010	-0.378069
Chr07	10179093	10557222	-0.687583	-0.344185	-0.184221	-0.604218
Chr07	10380048	10700496	-0.617823	-0.261405	-0.142625	-0.544148
Chr07	10557242	10868394	-0.351966	-0.137932	-0.074427	-0.287245
Chr07	10700534	10999717	-0.078091	-0.025355	-0.015131	-0.052218
Chr07	10868565	11154795	-0.312432	-0.104015	-0.067623	-0.235993
Chr07	10999724	11319847	-0.450395	-0.170382	-0.110652	-0.357884
Chr07	11154894	11456483	-0.142821	-0.048516	-0.031450	-0.105650
Chr07	11319914	11672767	-0.123611	-0.029512	-0.019410	-0.086717
Chr07	11456851	11856592	-0.341869	-0.079592	-0.052931	-0.269916
Chr07	11672770	11976241	-0.212899	-0.074086	-0.045505	-0.154996
Chr07	11856613	12089097	-0.032997	-0.016105	-0.009158	-0.021718
Chr07	11976444	12204140	0.097567	0.046399	0.025500	0.072838
Chr07	12089310	12366008	0.062570	0.022951	0.012644	0.052861
Chr07	12204303	12483221	-0.299804	-0.091354	-0.054075	-0.210820
Chr07	12366076	12613848	-0.401476	-0.157998	-0.089759	-0.307203
Chr07	12483261	12821487	-0.394839	-0.189761	-0.104382	-0.295302
Chr07	12613859	13186146	-0.459568	-0.218473	-0.141004	-0.310976
Chr07	12821587	13278431	-0.433660	-0.198029	-0.124898	-0.292902
Chr07	13186192	13389255	-0.336835	-0.155118	-0.086093	-0.236868
Chr07	13278497	13521652	-0.244875	-0.116372	-0.065222	-0.168602
Chr07	13389397	13585203	-0.085666	-0.055459	-0.030711	-0.054945
Chr07	13521661	13743125	-0.178450	-0.064836	-0.041286	-0.115120
Chr07	13585237	13920034	-0.221366	-0.060226	-0.040933	-0.153326
Chr07	13743158	14029430	-0.430930	-0.200325	-0.104083	-0.288020
Chr07	13920270	14155978	-0.433715	-0.250305	-0.117639	-0.285915
Chr07	14029461	14222075	-0.056486	-0.030255	-0.018886	-0.037543
Chr07	14156024	14297259	-0.064841	-0.052732	-0.031589	-0.036299
Chr07	14222121	14509719	-0.242586	-0.167988	-0.093994	-0.138683
Chr07	14297381	14730478	-0.261142	-0.189850	-0.093284	-0.166006
Chr07	14509786	14939372	-0.129067	-0.088544	-0.046331	-0.086400
Chr07	14730561	15083156	-0.048393	-0.032245	-0.018455	-0.032418
Chr07	14939388	15214227	-0.188829	-0.175969	-0.092558	-0.127778
Chr07	15083158	15419843	-0.069498	-0.025987	-0.016161	-0.046806
Chr07	15214228	15542306	-0.021765	-0.006544	-0.004102	-0.011060
Chr07	15419972	15678155	0.071427	0.031359	0.019378	0.057671
Chr07	15542375	15952500	-0.021994	-0.007906	-0.004733	-0.015937
Chr07	15678161	16104657	-0.160573	-0.049412	-0.029612	-0.129856
Chr07	15952588	16329536	-0.097948	-0.024209	-0.014646	-0.069497
Chr07	16108443	16424403	-0.425318	-0.133605	-0.067101	-0.300884
Chr07	16329580	16559362	-0.518680	-0.277514	-0.121205	-0.403889
Chr07	16424419	16667161	-0.470850	-0.265390	-0.111897	-0.344660
Chr07	16559389	16758686	0.062076	0.031419	0.016179	0.045283
Chr07	16668084	16854439	0.235740	0.083294	0.060348	0.173091
Chr07	16758710	17015753	-0.287945	-0.099028	-0.060180	-0.201206
Chr07	16854455	17167014	-0.478741	-0.201546	-0.108124	-0.374300
Chr07	17015767	17339836	-0.560586	-0.216978	-0.123499	-0.467940
Chr07	17167036	17451534	-0.602703	-0.259075	-0.137441	-0.508404
Chr07	17340030	17576347	-0.525654	-0.304331	-0.140111	-0.413263
Chr07	17451538	17713796	-0.298762	-0.145373	-0.076193	-0.215014
Chr07	17576531	17775926	-0.219616	-0.129005	-0.075885	-0.153869
Chr07	17713800	17857606	-0.414504	-0.369837	-0.208667	-0.286934
Chr07	17775950	18020226	-0.521769	-0.305216	-0.169499	-0.373057
Chr07	17857723	18200393	-0.293791	-0.116100	-0.070231	-0.210728
Chr07	18020238	18321360	-0.402430	-0.216910	-0.124467	-0.301600
Chr07	18200893	18389495	-0.577364	-0.628099	-0.256859	-0.398266
Chr07	18321408	18544903	-0.442583	-0.308245	-0.154485	-0.297873
Chr07	18389590	18625220	-0.257797	-0.132834	-0.079033	-0.177617
Chr07	18544957	18762667	-0.406840	-0.321481	-0.170352	-0.284192
Chr07	18625312	18982251	-0.481234	-0.237104	-0.127081	-0.339368
Chr07	18762675	19138365	-0.524909	-0.255154	-0.124157	-0.399384
Chr07	18982981	19297385	-0.430506	-0.242004	-0.118955	-0.354589
Chr07	19138386	19419088	-0.307132	-0.151270	-0.080473	-0.235266
Chr07	19297394	19553299	-0.575416	-0.291550	-0.150210	-0.465635
Chr07	19419100	19694885	-0.405146	-0.146559	-0.087077	-0.346928
Chr07	19553321	19824348	-0.212763	-0.073347	-0.039598	-0.149121
Chr07	19694980	19933082	-0.424549	-0.185006	-0.080400	-0.280208
Chr07	19824349	20068328	-0.626419	-0.318269	-0.139498	-0.505720
Chr07	19933141	20148036	-0.505121	-0.267100	-0.124746	-0.408632
Chr07	20070212	20323815	-0.158657	-0.060803	-0.034904	-0.117340
Chr07	20148046	20442338	-0.297351	-0.117587	-0.058436	-0.205605
Chr07	20323859	20534377	-0.381328	-0.200763	-0.083434	-0.252500
Chr07	20442401	20629705	-0.258721	-0.137093	-0.069013	-0.169511
Chr07	20534394	20767574	-0.200004	-0.110293	-0.062911	-0.135608
Chr07	20629742	20861549	-0.051006	-0.029418	-0.017749	-0.030015
Chr07	20767593	20947973	-0.313268	-0.227172	-0.104122	-0.197936
Chr07	20861682	21111721	-0.304608	-0.248073	-0.095233	-0.193431
Chr07	20948051	21230605	-0.155641	-0.080188	-0.040609	-0.101531
Chr07	21111725	21356384	0.035981	0.012428	0.007578	0.025287
Chr07	21230616	21496209	-0.174935	-0.070185	-0.034017	-0.135852
Chr07	21356408	21625431	-0.536970	-0.296316	-0.130001	-0.429629
Chr07	21496220	21904642	-0.482530	-0.213030	-0.120283	-0.357365
Chr07	21625783	22046219	-0.573668	-0.273565	-0.144175	-0.438985
Chr07	21904914	22176684	-0.620409	-0.288934	-0.153709	-0.505773
Chr07	22046296	22266997	-0.473570	-0.217462	-0.114648	-0.337211
Chr07	22176685	22370925	-0.306615	-0.240485	-0.108804	-0.189609
Chr07	22267006	22641312	-0.270425	-0.151567	-0.084694	-0.194286
Chr07	22370965	22771381	-0.239390	-0.118835	-0.064516	-0.165670
Chr07	22641344	22881122	0.078080	0.043119	0.024463	0.044359
Chr07	22771391	23034992	0.151489	0.103996	0.065350	0.082684
Chr07	22881123	23451264	-0.008654	-0.007025	-0.003923	0.000712
Chr07	23035061	23498885	-0.157332	-0.164496	-0.080716	-0.084759
Chr07	23451270	23556452	-0.107443	-0.138481	-0.071033	-0.069392
Chr07	23499035	23621905	0.061586	0.037062	0.020025	0.033120
Chr07	23556486	23759168	0.012870	0.003796	0.002260	0.008665
Chr07	23622075	23901666	-0.319233	-0.105937	-0.057204	-0.226906
Chr07	23759208	24043766	-0.442786	-0.221474	-0.105756	-0.339356
Chr07	23901671	24198517	-0.396268	-0.186965	-0.102437	-0.256019
Chr07	24043771	24320976	-0.408776	-0.164855	-0.089344	-0.275843
Chr07	24198809	24447803	-0.429822	-0.184341	-0.091969	-0.299839
Chr07	24321013	24579625	-0.401864	-0.193806	-0.098981	-0.229616
Chr07	24447811	24716246	-0.250471	-0.087276	-0.052879	-0.152868
Chr07	24579689	24845486	-0.331824	-0.132484	-0.077777	-0.235128
Chr07	24716409	24989667	-0.568424	-0.289077	-0.155483	-0.446070
Chr07	24845533	25169679	-0.592018	-0.196191	-0.115085	-0.485225
Chr07	24989713	25307716	-0.431865	-0.119363	-0.069909	-0.310790
Chr07	25169724	25499776	-0.345884	-0.100458	-0.043555	-0.214956
Chr07	25307921	25606941	-0.495952	-0.219288	-0.083515	-0.328095
Chr07	25499829	25713092	-0.574677	-0.549147	-0.169937	-0.319483
Chr07	25606965	25807782	-0.261799	-0.116757	-0.053984	-0.141455
Chr07	25713123	25942623	-0.283509	-0.113733	-0.052390	-0.213587
Chr07	25807865	26053139	-0.626018	-0.338469	-0.129322	-0.516019
Chr07	25942656	26196996	-0.725744	-0.398448	-0.167364	-0.592161
Chr07	26053175	26318194	-0.657118	-0.281104	-0.157694	-0.526253
Chr07	26197336	26411141	-0.405855	-0.164886	-0.102393	-0.303592
Chr07	26318323	26492244	-0.566802	-0.297468	-0.146395	-0.460285
Chr07	26411142	26617528	-0.680975	-0.360128	-0.176864	-0.581417
Chr07	26492291	26717426	-0.500527	-0.225396	-0.111360	-0.374242
Chr07	26617584	26872462	-0.472898	-0.186741	-0.099812	-0.340483
Chr07	26717537	27009111	-0.422019	-0.136010	-0.074995	-0.290943
Chr07	26872474	27182726	-0.466543	-0.151662	-0.075092	-0.348100
Chr07	27009115	27420069	-0.443337	-0.112233	-0.062145	-0.336071
Chr07	27183228	27661025	-0.360014	-0.094471	-0.055449	-0.296635
Chr07	27420408	27828216	-0.342310	-0.100252	-0.057913	-0.291856
Chr07	27661119	28019729	-0.508916	-0.133675	-0.080968	-0.429871
Chr07	27828226	28196122	-0.560099	-0.141510	-0.091461	-0.503581
Chr07	28019792	29018183	-0.499297	-0.083918	-0.057363	-0.434445
Chr07	28196900	29220112	-0.641420	-0.112802	-0.077424	-0.549696
Chr07	29018209	29400725	-0.603820	-0.127895	-0.089352	-0.488073
Chr07	29220139	29579024	-0.504604	-0.089873	-0.061283	-0.363185
Chr07	29400799	29784416	-0.496901	-0.075462	-0.051635	-0.380481
Chr07	29579967	29983180	-0.585262	-0.115389	-0.073688	-0.501487
Chr07	29784761	30775438	-0.610278	-0.102993	-0.063332	-0.486474
Chr07	29983270	31001185	-0.536739	-0.085011	-0.053206	-0.425716
Chr07	30775461	31165457	-0.499875	-0.133254	-0.078674	-0.424999
Chr07	31001616	31420093	-0.434108	-0.087288	-0.055739	-0.357019
Chr07	31165469	31549428	-0.550779	-0.127203	-0.076896	-0.459323
Chr07	31420223	31732993	-0.483916	-0.124065	-0.073151	-0.363848
Chr07	31549492	31849130	-0.330814	-0.076099	-0.050048	-0.227503
Chr07	31733012	32057269	-0.477737	-0.137866	-0.093673	-0.363781
Chr07	31849305	32148251	-0.277119	-0.087190	-0.060314	-0.186858
Chr07	32057543	32225688	-0.134386	-0.066964	-0.037867	-0.070244
Chr07	32148305	32423824	-0.425208	-0.226120	-0.126801	-0.283733
Chr07	32225723	32611355	-0.181596	-0.053085	-0.037114	-0.121058
Chr07	32423854	32774228	-0.049017	-0.013971	-0.009069	-0.023190
Chr07	32611365	32911568	-0.353438	-0.204012	-0.096080	-0.232670
Chr07	32775373	33032238	-0.333503	-0.146123	-0.082955	-0.232503
Chr07	32911569	33198795	-0.209196	-0.069473	-0.042420	-0.155834
Chr07	33032343	33386012	-0.275617	-0.110246	-0.060355	-0.218901
Chr07	33198799	33665560	-0.249635	-0.110051	-0.051632	-0.192898
Chr07	33386165	33801524	-0.172368	-0.071113	-0.035050	-0.133628
Chr07	33665572	33905142	-0.574797	-0.356749	-0.180613	-0.499754
Chr07	33801531	34064601	-0.689141	-0.652699	-0.285974	-0.619569
Chr07	33905313	34178408	-0.345975	-0.214517	-0.112248	-0.288893
Chr07	34064628	34419738	-0.171807	-0.063700	-0.035791	-0.114493
Chr07	34178415	34647059	-0.173564	-0.046182	-0.029403	-0.105053
Chr07	34419740	34878933	-0.179939	-0.052100	-0.034155	-0.122176
Chr07	34648395	35040921	-0.402607	-0.183604	-0.102234	-0.290074
Chr07	34879025	35279877	-0.332764	-0.099303	-0.061994	-0.232653
Chr07	35040938	35486151	-0.044534	-0.009701	-0.006186	-0.029240
Chr07	35279972	35632024	-0.178793	-0.064344	-0.036955	-0.125877
Chr07	35486187	35767870	-0.303359	-0.143509	-0.082552	-0.197323
Chr07	35632043	36011412	-0.220878	-0.067436	-0.038563	-0.122792
Chr07	35768474	36099614	-0.081222	-0.028583	-0.015734	-0.044921
Chr07	36011421	36270073	-0.008092	-0.003417	-0.002004	-0.007047
Chr07	36099646	36501283	0.060223	0.025613	0.015759	0.037161
Chr07	36270100	36620788	0.149230	0.076851	0.046370	0.100538
Chr07	36501318	36664981	-0.012878	-0.008071	-0.004525	-0.002954
Chr07	36620789	36755237	-0.548231	-0.557156	-0.288007	-0.462503
Chr07	36665097	36910415	-0.514181	-0.297738	-0.174337	-0.443104
Chr07	36755293	37034472	-0.220204	-0.076101	-0.043098	-0.140517
Chr07	36910428	37104022	-0.346355	-0.156252	-0.078946	-0.215361
Chr07	37034705	37250911	-0.335942	-0.225858	-0.124432	-0.238239
Chr07	37104038	37312434	0.197368	0.118060	0.074745	0.130276
Chr07	37250992	37414394	0.275900	0.167824	0.098614	0.189842
Chr07	37312515	37515371	0.080211	0.049591	0.026597	0.059933
Chr07	37414412	37607033	-0.008370	-0.004383	-0.002794	0.000514
Chr07	37515880	37713435	-0.053996	-0.031243	-0.019952	-0.030567
Chr07	37607085	37886830	0.054525	0.026647	0.016041	0.025274
Chr07	37713449	37957249	-0.106829	-0.049261	-0.030787	-0.057939
Chr07	37886878	38057024	-0.285576	-0.114578	-0.078501	-0.190002
Chr07	37957386	38228879	-0.150801	-0.054448	-0.036756	-0.096892
Chr07	38057030	38357587	0.074959	0.023427	0.016074	0.048663
Chr07	38228882	38552152	-0.207440	-0.042031	-0.032300	-0.140205
Chr07	38358414	38704474	-0.397382	-0.076215	-0.060054	-0.273146
Chr07	38552173	38830675	-0.128115	-0.038390	-0.026998	-0.079297
Chr07	38704548	38902838	0.047233	0.026072	0.015167	0.028926
Chr07	38830785	38985875	-0.037286	-0.028657	-0.014722	-0.021576
Chr07	38903031	39120131	-0.116084	-0.067245	-0.034161	-0.070337
Chr07	38985919	39248239	-0.058023	-0.022417	-0.013244	-0.029478
Chr07	39120132	39393521	-0.086667	-0.029336	-0.017953	-0.044153
Chr07	39248354	39497314	-0.226275	-0.090947	-0.052482	-0.145822
Chr07	39393641	39549928	-0.304960	-0.215555	-0.112335	-0.192878
Chr07	39497368	39614945	-0.053290	-0.062664	-0.030256	-0.025165
Chr07	39549936	39683865	-0.033728	-0.039850	-0.018578	-0.014581
Chr07	39614946	39788559	-0.151409	-0.173841	-0.063997	-0.094825
Chr07	39683886	39874573	-0.281844	-0.343953	-0.120477	-0.182532
Chr07	39788637	39960688	-0.373609	-0.613777	-0.191368	-0.215670
Chr07	39874581	40015503	-0.460027	-0.698727	-0.227101	-0.260436
Chr07	39961378	40112852	-0.357679	-0.456928	-0.181904	-0.204095
Chr07	40015505	40204762	-0.070194	-0.077692	-0.035903	-0.040022
Chr07	40112996	40283745	-0.175527	-0.203376	-0.104689	-0.112349
Chr07	40204770	40360269	-0.171880	-0.213294	-0.113557	-0.096359
Chr07	40283831	40437408	-0.095439	-0.084920	-0.048902	-0.052872
Chr07	40360271	40505103	-0.137157	-0.114798	-0.065588	-0.078860
Chr07	40437464	40649321	-0.057646	-0.040489	-0.025480	-0.030164
Chr07	40505153	40710760	-0.017266	-0.012276	-0.007900	-0.012269
Chr07	40649368	40813003	0.074934	0.081344	0.043425	0.036413
Chr07	40710922	40903343	0.134763	0.135782	0.074561	0.071975
Chr07	40813042	40959811	0.026006	0.025993	0.015533	0.013493
Chr07	40903386	41024178	0.018624	0.019522	0.012018	0.010971
Chr07	40959817	41115723	-0.066122	-0.072179	-0.035949	-0.032666
Chr07	41024185	41159641	-0.101102	-0.092111	-0.050212	-0.045916
Chr07	41115726	41189910	0.023578	0.016311	0.012078	0.009480
Chr07	41159670	41267083	-0.303191	-0.205024	-0.136404	-0.161483
Chr07	41190047	41362751	-0.228923	-0.156072	-0.102354	-0.140742
Chr07	41267124	41467217	0.011372	0.008703	0.005692	0.013118
Chr07	41362755	41534988	-0.027695	-0.027826	-0.015326	-0.012373
Chr07	41467222	41585567	-0.062210	-0.065545	-0.036032	-0.027705
Chr07	41534997	41637048	0.077878	0.084387	0.044209	0.044487
Chr07	41585582	41693705	0.045577	0.062599	0.027965	0.025714
Chr07	41637083	41748806	-0.050772	-0.083115	-0.038205	-0.028810
Chr07	41693750	41804150	-0.091329	-0.129356	-0.066957	-0.046038
Chr07	41748832	41845757	-0.114328	-0.183185	-0.091440	-0.057886
Chr07	41804170	42012165	-0.250036	-0.322606	-0.141800	-0.142024
Chr07	41845771	42214629	-0.269527	-0.253969	-0.122122	-0.160130
Chr07	42012253	42403244	-0.241384	-0.239312	-0.116266	-0.134443
Chr07	42214685	42622106	-0.285785	-0.361883	-0.129383	-0.135172
Chr07	42403256	42715495	-0.275624	-0.282592	-0.123698	-0.130035
Chr07	42622158	42886935	-0.182569	-0.159760	-0.096486	-0.110901
Chr07	42715502	43030820	-0.278967	-0.202978	-0.121871	-0.178313
Chr07	42886941	43126110	-0.393063	-0.235863	-0.138074	-0.232467
Chr07	43030821	43203353	-0.225137	-0.141588	-0.081884	-0.121520
Chr07	43126235	43314292	-0.295031	-0.272943	-0.148788	-0.182794
Chr07	43203582	43399932	-0.259788	-0.350899	-0.171400	-0.175241
Chr07	43314332	43525342	0.036819	0.047845	0.023933	0.027611
Chr07	43399953	43598386	0.091504	0.088458	0.048157	0.049137
Chr07	43525349	43716756	0.126104	0.101539	0.060809	0.060263
Chr07	43598396	43799864	0.104415	0.070197	0.045710	0.053771
Chr07	43716785	43909595	-0.036238	-0.026959	-0.016866	-0.019619
Chr07	43799913	44054549	0.002114	0.001264	0.000785	0.001908
Chr07	43909602	44239180	0.194761	0.058127	0.045032	0.116088
Chr07	44054607	44324305	0.151971	0.050476	0.042176	0.105957
Chr07	44239188	44406812	-0.007891	-0.004901	-0.003573	-0.004604
Chr07	44324501	44508926	0.028603	0.020558	0.014303	0.017144
Chr07	44406881	44593697	-0.101792	-0.091047	-0.048281	-0.057260
Chr07	44508934	44727948	-0.037502	-0.028935	-0.015028	-0.019113
Chr07	44594841	44810929	0.014384	0.011181	0.005787	0.006230
Chr07	44727960	44931027	-0.275461	-0.351363	-0.123178	-0.127300
Chr07	44810982	44986412	-0.165827	-0.235376	-0.092579	-0.085026
Chr07	44931036	45107655	0.114612	0.077905	0.055193	0.072625
Chr07	44986413	45177535	0.054430	0.035887	0.025283	0.031865
Chr07	45107775	45279197	-0.126936	-0.111307	-0.061875	-0.067947
Chr07	45177540	45480335	-0.166841	-0.143878	-0.075044	-0.094618
Chr07	45279198	45586913	0.156104	0.126202	0.074183	0.099148
Chr07	45480500	45666633	0.228790	0.197086	0.118458	0.159254
Chr07	45586922	45766832	-0.049633	-0.038733	-0.022951	-0.033709
Chr07	45666637	45871515	-0.154723	-0.103292	-0.064167	-0.092907
Chr07	45766850	46028825	-0.294692	-0.281462	-0.150696	-0.192364
Chr07	45871545	46137279	-0.199720	-0.223953	-0.114090	-0.118685
Chr07	46028843	46252899	0.024771	0.017346	0.011080	0.016143
Chr07	46137328	46356610	-0.329198	-0.274972	-0.145041	-0.178656
Chr07	46253040	46498371	-0.481670	-0.402259	-0.193403	-0.312382
Chr07	46356710	46721356	-0.165303	-0.087042	-0.053070	-0.098216
Chr08	28410	400372	-0.675017	-0.223626	-0.127427	-0.576942
Chr08	204444	672980	-0.520803	-0.193658	-0.107103	-0.403351
Chr08	400383	827774	-0.352181	-0.111123	-0.064045	-0.258967
Chr08	673046	991027	-0.425253	-0.146217	-0.081524	-0.307585
Chr08	827889	1165803	-0.669898	-0.288881	-0.146043	-0.526269
Chr08	991056	1430762	-0.543415	-0.176462	-0.100170	-0.422486
Chr08	1165814	1624595	-0.329836	-0.089953	-0.054020	-0.246375
Chr08	1431082	1737338	-0.364996	-0.134128	-0.075864	-0.239139
Chr08	1624760	1875834	-0.291875	-0.124128	-0.070321	-0.159492
Chr08	1737350	2093900	-0.463782	-0.166198	-0.092742	-0.329155
Chr08	1877086	2280718	-0.425594	-0.107944	-0.065128	-0.316135
Chr08	2093919	2482513	-0.163617	-0.039305	-0.025139	-0.097200
Chr08	2280896	2590691	-0.064763	-0.036196	-0.021992	-0.032138
Chr08	2482520	2811095	-0.333928	-0.169319	-0.088018	-0.206514
Chr08	2590722	2919691	-0.213581	-0.099795	-0.057208	-0.129458
Chr08	2811106	3037036	-0.120563	-0.057855	-0.038066	-0.064420
Chr08	2919731	3191467	-0.316205	-0.142605	-0.077755	-0.206831
Chr08	3037109	3382699	-0.212595	-0.074041	-0.041797	-0.146481
Chr08	3191476	3528227	-0.198808	-0.071447	-0.043453	-0.133559
Chr08	3383572	3711130	-0.301144	-0.123854	-0.073226	-0.190844
Chr08	3528237	3830480	-0.463954	-0.186946	-0.104298	-0.309778
Chr08	3711142	3975467	-0.393492	-0.148597	-0.087919	-0.272367
Chr08	3830508	4262402	-0.216997	-0.066464	-0.043195	-0.147789
Chr08	3975470	4396301	-0.176531	-0.063048	-0.041867	-0.110120
Chr08	4262450	4600237	-0.015842	-0.005673	-0.003811	-0.002529
Chr08	4396322	4775231	-0.105167	-0.034236	-0.021415	-0.059031
Chr08	4600342	4939634	-0.279565	-0.085535	-0.052795	-0.174529
Chr08	4775340	5068302	-0.467943	-0.200435	-0.111909	-0.301654
Chr08	4939687	5199541	-0.331610	-0.165574	-0.092387	-0.223241
Chr08	5068355	5327574	-0.189721	-0.103879	-0.062475	-0.118824
Chr08	5199599	5466400	-0.117029	-0.051364	-0.036209	-0.071968
Chr08	5327929	5641085	-0.068202	-0.018896	-0.013947	-0.041434
Chr08	5466451	5805303	-0.261317	-0.079244	-0.049826	-0.168181
Chr08	5641094	6054053	-0.375182	-0.162923	-0.081020	-0.255184
Chr08	5805541	6173396	-0.378336	-0.236140	-0.094851	-0.187875
Chr08	6054234	6327225	-0.085586	-0.049213	-0.018014	-0.035120
Chr08	6173413	6468148	-0.280915	-0.135451	-0.060457	-0.207516
Chr08	6327242	6679937	-0.403854	-0.134119	-0.075816	-0.312699
Chr08	6468430	6871375	-0.300834	-0.068648	-0.044764	-0.212790
Chr08	6679996	7023815	-0.164466	-0.045797	-0.032246	-0.112752
Chr08	6871383	7233437	0.079192	0.046639	0.029045	0.052985
Chr08	7023887	7467777	-0.120655	-0.061686	-0.035435	-0.075450
Chr08	7233454	7622849	-0.129616	-0.056730	-0.032323	-0.089741
Chr08	7467846	7758445	-0.103312	-0.045859	-0.026720	-0.076936
Chr08	7622865	7929206	-0.205254	-0.078461	-0.045156	-0.160479
Chr08	7758529	8131736	-0.143671	-0.037253	-0.023022	-0.099629
Chr08	7929244	8310209	-0.261881	-0.076102	-0.045071	-0.187541
Chr08	8131783	8451946	-0.204668	-0.083869	-0.044929	-0.161659
Chr08	8310233	8602748	-0.106881	-0.041829	-0.023330	-0.071414
Chr08	8452092	8842640	-0.339437	-0.090721	-0.055871	-0.232202
Chr08	8602829	8995548	-0.403047	-0.094061	-0.059750	-0.296896
Chr08	8842826	9172916	-0.420090	-0.120647	-0.070726	-0.308030
Chr08	8995631	9330668	-0.454059	-0.188058	-0.099805	-0.325096
Chr08	9172918	9521990	-0.207713	-0.069245	-0.042163	-0.135931
Chr08	9330678	9627670	0.260964	0.073724	0.050895	0.184255
Chr08	9522022	9768332	0.062985	0.025503	0.016877	0.046831
Chr08	9627706	9966303	-0.326666	-0.110482	-0.065029	-0.260936
Chr08	9768379	10104514	-0.520951	-0.236366	-0.114038	-0.404455
Chr08	9966397	10272230	-0.422939	-0.204296	-0.101555	-0.283224
Chr08	10104540	10492925	-0.256128	-0.055613	-0.037591	-0.148836
Chr08	10272236	10606336	-0.403128	-0.106548	-0.071445	-0.243147
Chr08	10492944	10747795	-0.337368	-0.161667	-0.090033	-0.196582
Chr08	10606433	10968328	-0.276650	-0.110969	-0.059438	-0.190724
Chr08	10747797	11344528	-0.325848	-0.137764	-0.068535	-0.251451
Chr08	10968337	11528682	-0.257690	-0.103852	-0.055064	-0.198762
Chr08	11345194	11676172	-0.097463	-0.029556	-0.019318	-0.080528
Chr08	11528713	11838605	-0.224403	-0.080474	-0.051963	-0.171674
Chr08	11676322	11950538	-0.323128	-0.134352	-0.077335	-0.217066
Chr08	11838624	12128513	-0.155138	-0.040816	-0.026486	-0.107708
Chr08	11950556	12273260	-0.062975	-0.017185	-0.011009	-0.045034
Chr08	12128515	12425189	-0.078020	-0.026258	-0.015299	-0.049881
Chr08	12273305	12575845	-0.238028	-0.075221	-0.046653	-0.161311
Chr08	12425272	12684540	-0.434871	-0.223806	-0.120948	-0.288881
Chr08	12576217	12802761	-0.391952	-0.306033	-0.134601	-0.270963
Chr08	12684597	12921373	-0.397424	-0.172870	-0.092960	-0.320273
Chr08	12802768	13096504	-0.438789	-0.120161	-0.074735	-0.363028
Chr08	12921400	13219056	-0.315075	-0.083542	-0.052044	-0.220362
Chr08	13096556	13422557	-0.113739	-0.033710	-0.020328	-0.072852
Chr08	13219057	13604269	-0.101925	-0.028726	-0.018060	-0.069927
Chr08	13422598	13785990	-0.508417	-0.142328	-0.089131	-0.404171
Chr08	13604491	13954884	-0.632224	-0.188889	-0.113313	-0.516122
Chr08	13786010	14167341	-0.340079	-0.099699	-0.059948	-0.262216
Chr08	13954913	14332424	-0.154497	-0.041315	-0.025433	-0.106194
Chr08	14167698	14492242	-0.231639	-0.068285	-0.041785	-0.160698
Chr08	14332445	14683301	-0.153902	-0.041994	-0.027535	-0.118932
Chr08	14492363	14801726	-0.263511	-0.102471	-0.059495	-0.200882
Chr08	14683319	15081162	-0.472083	-0.224944	-0.096737	-0.352096
Chr08	14801737	15270131	-0.503202	-0.242282	-0.106770	-0.380066
Chr08	15081277	15486295	-0.579143	-0.302982	-0.161784	-0.471335
Chr08	15270141	15631089	-0.626253	-0.226461	-0.139650	-0.528371
Chr08	15487024	15798655	-0.409547	-0.122453	-0.084211	-0.369702
Chr08	15631713	15941189	-0.272150	-0.088412	-0.055247	-0.232660
Chr08	15798704	16105577	-0.288510	-0.100620	-0.055096	-0.216196
Chr08	15941287	16255948	-0.285373	-0.101976	-0.060495	-0.220351
Chr08	16106682	16343724	-0.206232	-0.096004	-0.060851	-0.161531
Chr08	16256152	16492361	-0.350669	-0.184393	-0.108431	-0.269293
Chr08	16343727	16682023	-0.399678	-0.157310	-0.087835	-0.299724
Chr08	16492431	16811328	-0.327258	-0.116120	-0.062332	-0.238932
Chr08	16682095	16935744	-0.668194	-0.381521	-0.167585	-0.541069
Chr08	16811371	17149179	-0.789235	-0.392781	-0.176327	-0.657097
Chr08	16935931	17249105	-0.569018	-0.224556	-0.106975	-0.437352
Chr08	17149293	17436344	-0.288976	-0.113993	-0.056008	-0.210362
Chr08	17249443	17700910	-0.192682	-0.050036	-0.029360	-0.143177
Chr08	17436348	17863844	-0.336022	-0.086374	-0.053343	-0.262454
Chr08	17701992	18021590	-0.400559	-0.127702	-0.074599	-0.326938
Chr08	17863855	18200581	-0.211231	-0.061435	-0.036706	-0.183319
Chr08	18021681	18367333	-0.211168	-0.048429	-0.030638	-0.161853
Chr08	18200625	18572112	-0.077962	-0.017520	-0.011472	-0.052940
Chr08	18367425	18784400	-0.239646	-0.069606	-0.039484	-0.192546
Chr08	18572114	18975214	-0.469161	-0.146959	-0.080224	-0.383379
Chr08	18785271	19137746	-0.583960	-0.264373	-0.144941	-0.489253
Chr08	18975232	19276125	-0.581512	-0.256429	-0.144922	-0.428973
Chr08	19137749	19600935	-0.366108	-0.146355	-0.078388	-0.254464
Chr08	19276295	19821054	-0.332468	-0.168549	-0.076780	-0.238218
Chr08	19601176	19941285	-0.266727	-0.137027	-0.068247	-0.158395
Chr08	19821085	20089100	-0.357383	-0.182497	-0.094017	-0.235443
Chr08	19941303	20189520	-0.138447	-0.070445	-0.037391	-0.104381
Chr08	20089137	20511381	0.012190	0.005144	0.003094	0.004856
Chr08	20189527	20653112	-0.301153	-0.113299	-0.070252	-0.230065
Chr08	20511452	20715538	-0.119543	-0.056913	-0.036205	-0.088186
Chr08	20653124	20878264	-0.235803	-0.111994	-0.069454	-0.162832
Chr08	20715599	20970487	-0.529287	-0.262505	-0.146656	-0.390499
Chr08	20878727	21086859	-0.317791	-0.236810	-0.117569	-0.200396
Chr08	20970492	21207757	-0.224480	-0.190355	-0.094564	-0.134419
Chr08	21087066	21313056	-0.146451	-0.119184	-0.059831	-0.091849
Chr08	21207778	21483673	-0.341237	-0.135945	-0.075691	-0.239492
Chr08	21313086	21576824	-0.329097	-0.123542	-0.073582	-0.242576
Chr08	21483684	21706257	-0.212433	-0.114756	-0.070902	-0.138636
Chr08	21576918	21799676	-0.124211	-0.067151	-0.041075	-0.081657
Chr08	21706319	21886776	-0.023895	-0.012590	-0.008199	-0.018673
Chr08	21799682	22009292	-0.324130	-0.139579	-0.089930	-0.232781
Chr08	21886984	22130770	-0.152592	-0.065160	-0.039513	-0.112141
Chr08	22009422	22268077	0.093550	0.049110	0.029803	0.069187
Chr08	22130771	22378849	0.071034	0.042034	0.028301	0.046403
Chr08	22268098	22720423	-0.000414	-0.000254	-0.000160	-0.000812
Chr08	22378864	22849311	-0.083505	-0.053270	-0.032297	-0.048017
Chr08	22722225	22943837	0.190592	0.109475	0.063737	0.110873
Chr08	22849334	23062641	0.111567	0.047907	0.028960	0.075395
Chr08	22943877	23160835	-0.166830	-0.076688	-0.048913	-0.119285
Chr08	23062651	23375644	-0.314389	-0.091814	-0.064051	-0.263666
Chr08	23160888	23525924	-0.379217	-0.095838	-0.064975	-0.289612
Chr08	23375827	23631413	-0.166784	-0.066105	-0.044088	-0.119273
Chr08	23526324	23791080	-0.121409	-0.044812	-0.032246	-0.091465
Chr08	23631435	23991551	-0.253229	-0.073209	-0.052718	-0.184090
Chr08	23791108	24092573	-0.068690	-0.022883	-0.016651	-0.045793
Chr08	23991868	24192491	0.096726	0.067142	0.041203	0.055698
Chr08	24092581	24307549	-0.031453	-0.021467	-0.011726	-0.016309
Chr08	24192492	24413634	-0.059846	-0.033417	-0.019625	-0.033860
Chr08	24307604	24517350	-0.271659	-0.127836	-0.086935	-0.168104
Chr08	24413670	24678543	-0.347340	-0.116029	-0.081243	-0.253623
Chr08	24517362	24799356	-0.239841	-0.074393	-0.047381	-0.172353
Chr08	24678581	24947106	-0.226407	-0.098062	-0.055560	-0.163395
Chr08	24799509	25098451	-0.255959	-0.106025	-0.067248	-0.177781
Chr08	24950151	25229952	-0.343703	-0.138012	-0.091592	-0.235190
Chr08	25098506	25381180	-0.310643	-0.132583	-0.087056	-0.213263
Chr08	25229968	25536075	-0.067309	-0.024336	-0.017216	-0.045919
Chr08	25381187	25706569	-0.225679	-0.076539	-0.052388	-0.167566
Chr08	25536090	26078866	-0.323036	-0.080619	-0.056685	-0.223836
Chr08	25706964	26198640	-0.067561	-0.016781	-0.012199	-0.042356
Chr08	26078888	26351629	-0.332743	-0.126538	-0.077023	-0.251216
Chr08	26198740	26448238	-0.432119	-0.192512	-0.118047	-0.335221
Chr08	26351632	26635019	-0.151153	-0.068976	-0.049749	-0.113607
Chr08	26448247	26765028	0.067205	0.025666	0.018215	0.050666
Chr08	26635024	26920104	-0.122126	-0.043300	-0.027527	-0.070383
Chr08	26765146	27107077	-0.112618	-0.033635	-0.021107	-0.073858
Chr08	26920124	27240097	-0.062277	-0.019387	-0.012172	-0.043496
Chr08	27107103	27410235	-0.410896	-0.127761	-0.077517	-0.311606
Chr08	27240098	27578990	-0.328027	-0.096137	-0.058429	-0.274885
Chr08	27410352	27810488	-0.330753	-0.101046	-0.059408	-0.274624
Chr08	27579032	27959545	-0.441483	-0.142971	-0.087090	-0.336648
Chr08	27810617	28040883	0.043601	0.018764	0.013022	0.033750
Chr08	27959576	28129987	0.079791	0.044825	0.027888	0.061717
Chr08	28041156	28320642	-0.418710	-0.135715	-0.083794	-0.325824
Chr08	28130163	28427643	-0.481394	-0.148712	-0.094902	-0.325452
Chr08	28320691	28566113	-0.113460	-0.094801	-0.053625	-0.072674
Chr08	28427645	28682383	0.364330	0.266848	0.135314	0.267369
Chr08	28566170	28770814	0.151428	0.110201	0.051508	0.129059
Chr08	28682475	28902047	-0.191527	-0.101094	-0.056016	-0.170392
Chr08	28770826	28983832	-0.003478	-0.001198	-0.000778	-0.003314
Chr08	28902069	29052750	0.211900	0.083434	0.057905	0.151295
Chr08	28984061	29118497	0.331101	0.187101	0.135868	0.225593
Chr08	29052755	29249836	-0.114273	-0.068653	-0.037530	-0.077188
Chr08	29118500	29319524	-0.427686	-0.283756	-0.138686	-0.279526
Chr08	29250045	29681810	-0.215590	-0.096639	-0.063634	-0.137110
Chr08	29319688	29795371	-0.099189	-0.040384	-0.026534	-0.062725
Chr08	29682091	29885793	-0.179979	-0.135701	-0.057442	-0.104211
Chr08	29795375	29987861	-0.143787	-0.081353	-0.043240	-0.087048
Chr08	29885820	30182890	-0.223664	-0.070772	-0.051210	-0.161278
Chr08	29989152	30392971	-0.367126	-0.128234	-0.079915	-0.288092
Chr08	30182917	30565273	-0.342352	-0.146708	-0.078477	-0.274338
Chr08	30393277	30712944	-0.092444	-0.030325	-0.017993	-0.076552
Chr08	30565433	30912045	-0.151634	-0.042699	-0.027281	-0.133811
Chr08	30712998	31071060	-0.267724	-0.078283	-0.049186	-0.208199
Chr08	30912077	31344254	-0.186129	-0.034102	-0.023355	-0.133138
Chr08	31071183	31481454	-0.607433	-0.147756	-0.090975	-0.467007
Chr08	31344291	31637345	-0.716567	-0.352822	-0.171385	-0.580804
Chr08	31481460	31806497	-0.755939	-0.488075	-0.219330	-0.671675
Chr08	31637365	31937267	-0.783910	-0.627091	-0.257776	-0.707047
Chr08	31806546	32109315	-0.542395	-0.237453	-0.138200	-0.432833
Chr08	31937367	32296579	-0.549249	-0.164024	-0.107772	-0.443703
Chr08	32109328	32469229	-0.595700	-0.171638	-0.110637	-0.502743
Chr08	32296732	32781556	-0.252731	-0.066389	-0.044219	-0.188648
Chr08	32469233	32973443	-0.114420	-0.022408	-0.016096	-0.071935
Chr08	32781835	33200238	-0.329402	-0.062035	-0.042428	-0.186144
Chr08	32973484	33401327	-0.637491	-0.229093	-0.125643	-0.450751
Chr08	33200459	33605483	-0.681712	-0.263582	-0.132737	-0.538452
Chr08	33401338	33762861	-0.214709	-0.059810	-0.035100	-0.159718
Chr08	33605493	33911012	-0.194704	-0.066285	-0.038943	-0.151071
Chr08	33762912	34178336	-0.276963	-0.072692	-0.046343	-0.230676
Chr08	33911158	34282181	-0.271592	-0.064938	-0.043285	-0.229560
Chr08	34178511	34400932	-0.350562	-0.104535	-0.058838	-0.239006
Chr08	34282211	34515413	-0.218609	-0.061760	-0.035428	-0.129491
Chr08	34400933	34650014	-0.456412	-0.145335	-0.085042	-0.310619
Chr08	34515436	34749983	-0.312161	-0.111728	-0.062709	-0.191995
Chr08	34650074	34897986	-0.183985	-0.076836	-0.042439	-0.111028
Chr08	34750084	35050195	-0.337118	-0.113661	-0.060296	-0.233974
Chr08	34897996	35268435	-0.148733	-0.042711	-0.025547	-0.120405
Chr08	35050231	35443294	-0.015974	-0.004516	-0.003045	-0.014453
Chr08	35268482	35683678	-0.204061	-0.056969	-0.035657	-0.156840
Chr08	35443325	35812083	-0.490207	-0.161706	-0.095646	-0.347738
Chr08	35683722	35908568	-0.501798	-0.231168	-0.133412	-0.376516
Chr08	35812108	35981025	-0.467409	-0.246176	-0.124067	-0.360223
Chr08	35908765	36174971	-0.393835	-0.119519	-0.066312	-0.323125
Chr08	35981082	36307013	-0.670172	-0.299677	-0.144491	-0.599149
Chr08	36175157	36375296	-0.863388	-0.917247	-0.328955	-0.816361
Chr08	36307036	36514709	-0.850205	-0.678245	-0.275252	-0.784205
Chr08	36375339	36689383	-0.744216	-0.392280	-0.172709	-0.669808
Chr08	36514937	36839693	-0.722929	-0.302296	-0.149782	-0.667104
Chr08	36690866	36982850	-0.751837	-0.291796	-0.153128	-0.697538
Chr08	36839752	37070367	-0.725955	-0.375905	-0.185702	-0.633629
Chr08	36982911	37113187	-0.454106	-0.291218	-0.153400	-0.286694
Chr08	37070373	37335667	-0.201757	-0.037154	-0.026810	-0.127407
Chr08	37113209	37520499	-0.113926	-0.017824	-0.012865	-0.094587
Chr08	37335734	37744747	-0.167412	-0.032423	-0.020994	-0.130920
Chr08	37520609	37920677	-0.584254	-0.155477	-0.084668	-0.507228
Chr08	37744854	38073225	-0.732413	-0.256098	-0.129353	-0.685412
Chr08	37920744	38242581	-0.775476	-0.302139	-0.146078	-0.729724
Chr08	38073249	38470150	-0.638665	-0.209927	-0.102549	-0.598580
Chr08	38242593	38890826	-0.700333	-0.198342	-0.106303	-0.667540
Chr08	38470166	39615389	-0.916240	-0.370551	-0.184899	-0.898568
Chr08	38890878	41215520	-0.954505	-0.356526	-0.174088	-0.943397
Chr08	39615401	41475839	-0.896222	-0.240139	-0.131577	-0.879695
Chr08	41227872	41893895	-0.888222	-0.243001	-0.134455	-0.868438
Chr08	41475857	42201445	-0.864134	-0.222420	-0.122747	-0.841264
Chr08	41894006	42302394	-0.689107	-0.192934	-0.106398	-0.653830
Chr08	42201535	42442604	-0.607300	-0.211293	-0.108922	-0.544563
Chr08	42303074	42636631	-0.464618	-0.108292	-0.067010	-0.394986
Chr08	42442608	42812647	-0.444187	-0.101788	-0.064938	-0.369865
Chr08	42636702	42967817	-0.326483	-0.087103	-0.048372	-0.266832
Chr08	42812666	43077546	0.176004	0.046014	0.026035	0.147337
Chr08	42967862	43198884	-0.195553	-0.064591	-0.036725	-0.172941
Chr08	43077638	43347718	-0.459257	-0.133278	-0.077551	-0.384317
Chr08	43198978	43438710	-0.541074	-0.203422	-0.108931	-0.451119
Chr08	43347749	43641619	-0.607879	-0.280134	-0.137646	-0.506492
Chr08	43438758	43874555	-0.428741	-0.123924	-0.070574	-0.336559
Chr08	43641654	44178668	-0.323031	-0.068032	-0.042491	-0.242170
Chr08	43874571	44323931	-0.163317	-0.040133	-0.024761	-0.119544
Chr08	44178938	44477042	0.008816	0.002734	0.001734	0.019882
Chr08	44324043	44568530	0.167920	0.042812	0.030263	0.106035
Chr08	44477061	44636861	0.191756	0.062990	0.043906	0.104236
Chr08	44568574	44766956	0.262803	0.123740	0.082915	0.168009
Chr08	44636878	44982822	0.138297	0.069378	0.036030	0.093798
Chr08	44766978	45174128	-0.039183	-0.014607	-0.007593	-0.016784
Chr08	44982855	45272715	0.120338	0.042667	0.026595	0.092573
Chr08	45174163	45373665	0.296279	0.121548	0.085514	0.213024
Chr08	45272936	45557518	0.000053	0.000020	0.000014	-0.000161
Chr08	45373774	45892477	-0.311450	-0.103415	-0.067630	-0.235570
Chr08	45562086	46014633	-0.306394	-0.133957	-0.075610	-0.232970
Chr08	45892493	46530596	-0.380441	-0.213109	-0.112275	-0.302508
Chr08	46015592	46591000	-0.376370	-0.199945	-0.115532	-0.253590
Chr08	46530710	46687858	0.012922	0.008037	0.004374	0.005148
Chr08	46591044	46874804	-0.137341	-0.054184	-0.030909	-0.079615
Chr08	46687900	47016311	-0.270344	-0.096735	-0.054708	-0.189815
Chr08	46874810	47343125	-0.208889	-0.082010	-0.045481	-0.149303
Chr08	47016497	47467264	0.018517	0.007109	0.004211	0.013381
Chr08	47343502	47551947	0.295460	0.126351	0.079527	0.227055
Chr08	47467267	47650016	0.337788	0.142814	0.086690	0.230726
Chr08	47551965	47749961	0.118322	0.036054	0.023926	0.070710
Chr08	47650039	47863843	-0.100883	-0.031222	-0.021979	-0.057855
Chr08	47749969	47942002	-0.060923	-0.028450	-0.016926	-0.027573
Chr08	47863883	48028974	0.107713	0.066312	0.037102	0.054483
Chr08	47942045	48211896	-0.014509	-0.010896	-0.006282	-0.005490
Chr08	48028994	48258936	-0.031681	-0.030169	-0.017466	-0.023858
Chr08	48212074	48361443	-0.074581	-0.090157	-0.041302	-0.044080
Chr08	48258939	48416805	-0.223423	-0.254181	-0.108139	-0.135273
Chr08	48361450	48440978	-0.027812	-0.031901	-0.014269	-0.019369
Chr08	48416874	48483391	-0.017728	-0.030217	-0.009325	-0.010042
Chr08	48441023	48615750	-0.100267	-0.085821	-0.039080	-0.048849
Chr08	48485101	48686073	0.045849	0.033127	0.018069	0.029600
Chr08	48615890	48724609	0.281169	0.250375	0.122049	0.187519
Chr08	48686132	48755422	0.395754	0.384067	0.171441	0.245780
Chr08	48724624	48842967	-0.031007	-0.017562	-0.009951	0.002312
Chr08	48755444	48949329	-0.347257	-0.132356	-0.082918	-0.242812
Chr08	48843126	49063199	-0.317415	-0.154693	-0.096068	-0.245701
Chr08	48949335	49122294	-0.199519	-0.115747	-0.073766	-0.147639
Chr08	49063224	49256071	-0.202073	-0.091650	-0.057552	-0.140155
Chr08	49122296	49379285	-0.201811	-0.074978	-0.045695	-0.146829
Chr08	49256156	49531056	-0.150457	-0.044497	-0.027081	-0.112804
Chr08	49379542	49934862	-0.154953	-0.049024	-0.030159	-0.108941
Chr08	49531118	50323826	0.005325	0.002294	0.001444	0.001778
Chr08	49935110	50515194	-0.061576	-0.030128	-0.017676	-0.043131
Chr08	50323830	50621923	-0.131999	-0.071604	-0.041720	-0.085931
Chr08	50515200	50707039	-0.013268	-0.007489	-0.004585	-0.006491
Chr08	50624118	50831269	-0.361374	-0.232298	-0.119610	-0.272031
Chr08	50707065	50954206	-0.270840	-0.144533	-0.076273	-0.211679
Chr08	50831278	51139709	0.159949	0.068170	0.032503	0.133964
Chr08	50954881	51239836	0.046716	0.027768	0.010781	0.039409
Chr08	51139924	51332783	-0.151991	-0.146777	-0.058971	-0.104808
Chr08	51239837	51388973	-0.176437	-0.185046	-0.076805	-0.114088
Chr08	51332788	51496727	-0.034431	-0.021743	-0.011988	-0.021868
Chr08	51388983	51686728	-0.171062	-0.062449	-0.037425	-0.128603
Chr08	51496774	51825650	-0.433396	-0.143545	-0.085392	-0.369623
Chr08	51686750	51932335	-0.541613	-0.233345	-0.134838	-0.461547
Chr08	51825749	52146150	-0.603972	-0.336512	-0.159705	-0.488206
Chr08	51932375	52376709	-0.449703	-0.202335	-0.104541	-0.346380
Chr08	52146228	52457641	-0.215038	-0.078752	-0.052633	-0.153712
Chr08	52376712	52599329	-0.092845	-0.034257	-0.020515	-0.067433
Chr08	52457786	52699219	-0.083603	-0.038579	-0.019992	-0.057203
Chr08	52599383	52912344	-0.056652	-0.031758	-0.018522	-0.031733
Chr08	52699277	53054871	-0.098569	-0.056404	-0.033909	-0.058954
Chr08	52912357	53198687	-0.181198	-0.097093	-0.053634	-0.123291
Chr08	53055003	53251787	-0.119297	-0.073629	-0.037608	-0.078391
Chr08	53198723	53334780	-0.123859	-0.128209	-0.068414	-0.071114
Chr08	53252598	53403208	-0.213407	-0.246115	-0.134900	-0.127795
Chr08	53334985	53494191	-0.112769	-0.088480	-0.056092	-0.068999
Chr08	53403222	53578250	-0.077878	-0.052587	-0.034475	-0.044465
Chr08	53494245	53615843	-0.139097	-0.129467	-0.076886	-0.077754
Chr08	53578253	53711837	-0.025139	-0.021031	-0.013191	-0.016019
Chr08	53615859	53914983	0.089087	0.043813	0.030221	0.039072
Chr08	53711979	54016942	-0.001684	-0.000864	-0.000580	-0.001252
Chr08	53915039	54089023	-0.267321	-0.148080	-0.091664	-0.147158
Chr08	54016980	54224056	-0.243880	-0.083023	-0.056321	-0.107391
Chr08	54089041	54301813	-0.027950	-0.012222	-0.007585	-0.007043
Chr08	54224085	54403548	-0.025626	-0.023142	-0.011110	-0.006783
Chr08	54301827	54471635	-0.169889	-0.180958	-0.081583	-0.103634
Chr08	54403636	54546591	-0.381590	-0.458675	-0.181125	-0.254245
Chr08	54471935	54603976	-0.388422	-0.371745	-0.167102	-0.254876
Chr08	54546625	55019308	-0.258858	-0.186521	-0.094799	-0.167580
Chr08	54603979	55072576	-0.150974	-0.130272	-0.065296	-0.086346
Chr08	55019428	55118741	-0.115871	-0.172564	-0.079116	-0.060070
Chr08	55072607	55427736	0.171882	0.088314	0.054945	0.113392
Chr08	55118770	55546640	0.107981	0.053854	0.031135	0.076656
Chr08	55427739	55629059	-0.065781	-0.055265	-0.028667	-0.035556
Chr08	55546677	55687481	0.010109	0.008745	0.005334	0.003517
Chr08	55629066	55882498	-0.067238	-0.041794	-0.024454	-0.033504
Chr08	55687488	56051967	-0.249484	-0.157190	-0.087628	-0.151485
Chr08	55882532	56173082	-0.282034	-0.148343	-0.083182	-0.184897
Chr08	56052087	56358464	-0.440488	-0.146552	-0.080452	-0.336714
Chr08	56173127	56512309	-0.490728	-0.145868	-0.079128	-0.419066
Chr08	56358491	56688122	-0.145904	-0.041098	-0.024779	-0.103818
Chr08	56512468	56848250	0.130625	0.041941	0.029055	0.080503
Chr08	56688126	56945800	0.150419	0.071413	0.049552	0.092298
Chr08	56848254	57170111	0.130169	0.059367	0.038031	0.087152
Chr08	56945960	57265356	-0.091937	-0.038502	-0.024926	-0.046848
Chr08	57170145	57428556	-0.529001	-0.347837	-0.173507	-0.406065
Chr08	57265358	57507510	-0.706247	-0.737599	-0.269630	-0.592471
Chr08	57428663	57801121	-0.490889	-0.299866	-0.160946	-0.351542
Chr08	57507847	57918867	-0.202522	-0.074492	-0.048196	-0.120318
Chr08	57801217	58098107	-0.193353	-0.067084	-0.042000	-0.121140
Chr08	57918963	58272158	-0.137565	-0.057240	-0.033311	-0.089864
Chr08	58098209	58406438	-0.158125	-0.072919	-0.042931	-0.095292
Chr08	58272210	58534837	-0.180208	-0.071034	-0.045884	-0.114060
Chr08	58406719	58649785	-0.171397	-0.086861	-0.047502	-0.118356
Chr08	58534861	58839809	-0.182710	-0.079342	-0.040499	-0.121539
Chr08	58649818	58968719	-0.301144	-0.126078	-0.068172	-0.211498
Chr08	58839825	59105535	-0.239696	-0.124543	-0.070353	-0.166025
Chr08	58968720	59239898	-0.118887	-0.054226	-0.035166	-0.075037
Chr08	59105539	59349605	-0.108568	-0.053376	-0.034497	-0.056768
Chr08	59240064	59443620	0.208193	0.142562	0.092688	0.117568
Chr08	59349645	59583947	0.170426	0.083082	0.059008	0.091108
Chr08	59443635	59724523	-0.006724	-0.002775	-0.001986	-0.004320
Chr08	59583952	60118309	-0.088085	-0.054017	-0.033211	-0.052738
Chr08	59725583	60488638	-0.252696	-0.191604	-0.095919	-0.141676
Chr08	60118457	60775184	0.008739	0.004545	0.002943	0.008765
Chr08	60489522	60933353	0.223371	0.114367	0.078707	0.123361
Chr08	60775197	61010133	0.261442	0.199421	0.123381	0.146009
Chr08	60933437	61128638	0.261409	0.241597	0.145425	0.194627
Chr08	61010202	61233258	0.072768	0.051831	0.031090	0.047770
Chr08	61129019	61355863	-0.074135	-0.035268	-0.023996	-0.054739
Chr08	61233297	61471326	0.052511	0.027160	0.019759	0.031847
Chr08	61355877	61621624	-0.026395	-0.019959	-0.012169	-0.011405
Chr08	61471335	61728572	-0.208390	-0.137131	-0.079614	-0.124048
Chr08	61621640	61911163	-0.227474	-0.169143	-0.091649	-0.142650
Chr08	61728608	62069128	-0.189224	-0.184594	-0.085221	-0.110781
Chr08	61911166	62238462	-0.162302	-0.092547	-0.049967	-0.101221
Chr08	62069137	62421479	-0.134454	-0.065879	-0.036533	-0.078599
Chr08	62238487	62625999	-0.319780	-0.148991	-0.075558	-0.193957
Chr08	62421557	62780902	-0.369245	-0.163422	-0.085605	-0.241422
Chr08	62626281	62942733	-0.338756	-0.125957	-0.078725	-0.219648
Chr08	62780973	63056068	-0.398433	-0.127287	-0.083353	-0.252537
Chr08	62942788	63135740	-0.293259	-0.154097	-0.088725	-0.171706
Chr08	63056102	63236238	-0.096033	-0.102365	-0.051588	-0.052359
Chr08	63135806	63340942	0.003170	0.002624	0.001575	0.006602
Chr08	63236473	63427277	0.017667	0.014140	0.008388	0.013475
Chr08	63341008	63563262	0.052751	0.047546	0.027429	0.027409
Chr08	63427290	63634526	0.082880	0.085104	0.048105	0.040384
Chr08	63563378	63691903	0.046686	0.066157	0.033191	0.025616
Chr08	63634546	63761418	0.143172	0.156328	0.091072	0.076165
Chr08	63691904	63885111	-0.013809	-0.006808	-0.004970	-0.005519
Chr08	63761598	64029808	-0.203874	-0.108449	-0.073645	-0.131243
Chr08	63885123	64201594	-0.151359	-0.124171	-0.063439	-0.086676
Chr08	64029809	64382128	0.005585	0.004135	0.002189	0.008758
Chr08	64201603	64483561	-0.103021	-0.072315	-0.042828	-0.058093
Chr08	64382146	64670912	-0.172131	-0.108389	-0.069382	-0.091973
Chr08	64483585	64780827	-0.533955	-0.647588	-0.277774	-0.373593
Chr08	64670995	65050891	-0.799066	-1.818696	-0.449877	-0.730882
Chr08	64780884	65134457	-0.922143	-3.305432	-0.613523	-0.900081
Chr08	65050925	65222077	-0.886277	-3.635280	-0.639613	-0.777729
Chr08	65134466	65328379	-0.366265	-0.262745	-0.134749	-0.231487
Chr08	65222202	65429234	-0.203543	-0.113597	-0.067451	-0.130945
Chr08	65328382	65546823	-0.129311	-0.114348	-0.058180	-0.080222
Chr08	65429248	65669483	-0.112612	-0.065568	-0.041051	-0.063058
Chr08	65546875	65892738	-0.189227	-0.098903	-0.058843	-0.106791
Chr08	65669729	66061337	-0.400076	-0.270015	-0.128543	-0.233395
Chr08	65892772	66186194	-0.603214	-0.440189	-0.193640	-0.358642
Chr08	66061354	66351249	-0.476735	-0.298548	-0.151314	-0.325053
Chr08	66186214	66426404	-0.507890	-0.356097	-0.180392	-0.390290
Chr08	66351250	66693878	-0.576437	-0.220749	-0.127681	-0.454423
Chr08	66427212	66889004	-0.545345	-0.112663	-0.077819	-0.411740
Chr09	305112	527631	0.201229	0.063037	0.043599	0.168025
Chr09	393780	578023	0.266015	0.078574	0.064173	0.191661
Chr09	527678	669714	-0.083334	-0.051261	-0.033996	-0.046380
Chr09	578058	818153	-0.264006	-0.087448	-0.064031	-0.161783
Chr09	669776	904115	-0.103510	-0.042638	-0.031508	-0.074330
Chr09	818445	1002557	-0.016515	-0.011706	-0.007624	-0.007743
Chr09	904128	1164631	-0.083386	-0.066701	-0.040275	-0.044541
Chr09	1002561	1284822	-0.096323	-0.093963	-0.057813	-0.061398
Chr09	1164784	1338279	-0.035384	-0.040393	-0.023934	-0.021299
Chr09	1284838	1474698	0.043779	0.035857	0.021130	0.026117
Chr09	1338290	1532961	-0.013050	-0.010802	-0.006204	-0.007197
Chr09	1474835	1585264	0.027563	0.035242	0.020156	0.014107
Chr09	1533113	1700540	0.000778	0.000683	0.000401	0.001504
Chr09	1585265	1830448	-0.007563	-0.005929	-0.003584	-0.001664
Chr09	1700550	1917333	0.154611	0.116651	0.076164	0.090380
Chr09	1830553	2049262	0.209896	0.141957	0.090090	0.116651
Chr09	1917626	2110783	0.066796	0.046706	0.027988	0.039334
Chr09	2049263	2183982	-0.098027	-0.088669	-0.045789	-0.041605
Chr09	2111080	2254846	-0.079568	-0.094356	-0.042182	-0.040988
Chr09	2184026	2316985	0.033653	0.038572	0.018308	0.022116
Chr09	2254886	2524684	-0.019243	-0.021169	-0.010195	-0.007304
Chr09	2317030	2583140	-0.095978	-0.108418	-0.056588	-0.050871
Chr09	2524734	2677292	-0.276201	-0.388139	-0.193193	-0.164310
Chr09	2583141	2739195	-0.224411	-0.239114	-0.133315	-0.128633
Chr09	2677395	2830442	0.014586	0.011632	0.007148	0.002033
Chr09	2739545	2949282	0.299023	0.196565	0.138514	0.159488
Chr09	2830521	3121993	0.238764	0.115496	0.078145	0.130331
Chr09	2949578	3184219	0.134733	0.080305	0.048811	0.074169
Chr09	3121994	3242278	0.162271	0.169711	0.094015	0.089963
Chr09	3184302	3397024	0.037944	0.028278	0.017358	0.019302
Chr09	3242295	3478027	0.085511	0.059864	0.036837	0.043323
Chr09	3397029	3673344	0.013930	0.007308	0.004496	0.020426
Chr09	3478106	3773995	-0.142002	-0.067316	-0.039912	-0.069335
Chr09	3673350	3949952	0.024679	0.008838	0.005661	0.018626
Chr09	3774024	4143604	0.110876	0.033610	0.022730	0.076717
Chr09	3950159	4286645	0.020982	0.008990	0.005622	0.013819
Chr09	4143723	4439073	-0.029368	-0.016765	-0.010088	-0.019413
Chr09	4286660	4567387	-0.098861	-0.056463	-0.032868	-0.057607
Chr09	4439098	4666690	-0.039351	-0.023787	-0.013330	-0.018793
Chr09	4567444	4727055	-0.042064	-0.031816	-0.017343	-0.028999
Chr09	4666699	4882256	-0.035011	-0.010923	-0.007317	-0.028926
Chr09	4727081	5027553	-0.118355	-0.029667	-0.021174	-0.079239
Chr09	4882290	5219524	-0.147500	-0.065470	-0.041128	-0.085012
Chr09	5027592	5347162	-0.127679	-0.081675	-0.041525	-0.071901
Chr09	5219611	5521130	0.006352	0.002625	0.001687	0.004025
Chr09	5347371	5773220	0.201574	0.077479	0.052702	0.128101
Chr09	5521136	6369949	0.044218	0.020407	0.013221	0.022651
Chr09	5773278	6466408	0.120082	0.063445	0.044340	0.065157
Chr09	6370388	6519882	0.122325	0.104303	0.061574	0.064770
Chr09	6466412	6590728	-0.060124	-0.064747	-0.031318	-0.022901
Chr09	6519912	6666870	-0.045254	-0.034534	-0.021234	-0.022463
Chr09	6590749	6737868	-0.020713	-0.014588	-0.009905	-0.011532
Chr09	6666875	6801046	-0.243621	-0.251872	-0.147069	-0.155665
Chr09	6737905	6857210	-0.309444	-0.369286	-0.202102	-0.183719
Chr09	6801095	7037642	0.096489	0.094058	0.051906	0.060911
Chr09	6857211	7103585	0.070174	0.073554	0.036873	0.044297
Chr09	7037657	7192269	0.039706	0.036675	0.021315	0.022251
Chr09	7103602	7299447	-0.160319	-0.062030	-0.043891	-0.097580
Chr09	7192333	7427072	-0.339384	-0.105478	-0.075514	-0.208491
Chr09	7299660	7590612	-0.179593	-0.083524	-0.055988	-0.096349
Chr09	7427127	7697023	-0.114481	-0.070233	-0.043574	-0.064537
Chr09	7590641	7798048	-0.058475	-0.034680	-0.021644	-0.034762
Chr09	7697128	7890356	-0.035562	-0.019498	-0.012562	-0.022033
Chr09	7798072	8057819	-0.201391	-0.075437	-0.050834	-0.124694
Chr09	7890370	8173382	-0.241801	-0.107900	-0.066597	-0.135280
Chr09	8057905	8372606	-0.051128	-0.019898	-0.014191	-0.026471
Chr09	8173406	8566874	0.028323	0.008113	0.006338	0.016269
Chr09	8372622	8651158	0.024709	0.010670	0.007618	0.016830
Chr09	8567261	8690817	0.022638	0.020122	0.012169	0.015865
Chr09	8651184	8739551	-0.189641	-0.222443	-0.107289	-0.100058
Chr09	8690864	8772208	-0.156310	-0.197788	-0.096724	-0.089085
Chr09	8739554	8818936	0.050739	0.058906	0.034231	0.025352
Chr09	8772209	8901641	0.006725	0.006374	0.003618	0.005781
Chr09	8818961	8994462	-0.158564	-0.130290	-0.080511	-0.097423
Chr09	8901706	9070652	-0.282424	-0.182738	-0.108802	-0.185127
Chr09	8994471	9168352	-0.213813	-0.138553	-0.073483	-0.127593
Chr09	9070676	9232340	0.026032	0.021808	0.011722	0.013615
Chr09	9168444	9321908	0.158462	0.100994	0.062188	0.088326
Chr09	9232380	9422678	-0.103138	-0.053611	-0.030786	-0.059090
Chr09	9321973	9542764	-0.264182	-0.149941	-0.078895	-0.165616
Chr09	9422786	9718220	-0.105763	-0.048458	-0.029001	-0.064606
Chr09	9542987	9842771	-0.198808	-0.066208	-0.045320	-0.130923
Chr09	9718222	10112537	-0.107999	-0.023380	-0.018515	-0.078906
Chr09	9842798	10214413	0.060118	0.013333	0.010731	0.037956
Chr09	10113352	10270922	-0.167552	-0.149022	-0.076506	-0.082159
Chr09	10214419	10326025	-0.149530	-0.219711	-0.096968	-0.078367
Chr09	10271008	10435046	0.020520	0.022375	0.011112	0.008919
Chr09	10326056	10496871	0.040753	0.040471	0.020893	0.024062
Chr09	10435051	10567648	-0.109654	-0.086566	-0.054030	-0.060138
Chr09	10496876	10632919	-0.323089	-0.222543	-0.140236	-0.203817
Chr09	10567723	10725209	-0.462115	-0.299716	-0.192001	-0.329331
Chr09	10632942	10797306	-0.475778	-0.275420	-0.193870	-0.369745
Chr09	10725218	10929071	-0.292361	-0.153532	-0.107200	-0.189089
Chr09	10797307	11086873	-0.116695	-0.038898	-0.027553	-0.063205
Chr09	10929114	11185328	-0.082830	-0.031763	-0.021672	-0.048297
Chr09	11086892	11326247	0.034930	0.013546	0.009734	0.028685
Chr09	11185400	11454879	-0.064527	-0.022328	-0.015847	-0.051017
Chr09	11327313	11904458	-0.036603	-0.011992	-0.008270	-0.026726
Chr09	11454951	12267989	0.079468	0.023991	0.016476	0.061839
Chr09	11904535	12323472	-0.040461	-0.018625	-0.010982	-0.017927
Chr09	12268021	12443777	-0.260546	-0.133371	-0.078460	-0.154090
Chr09	12323497	12635837	-0.153491	-0.055547	-0.036439	-0.112927
Chr09	12443800	12759453	-0.031030	-0.009319	-0.006381	-0.015792
Chr09	12635850	12871028	-0.255541	-0.086305	-0.057904	-0.127590
Chr09	12759475	13063680	-0.153166	-0.045291	-0.030819	-0.082360
Chr09	12871832	13211795	0.005742	0.001586	0.001038	0.004448
Chr09	13064180	13320299	-0.254496	-0.114537	-0.059236	-0.167436
Chr09	13211893	13436204	-0.398799	-0.239376	-0.105049	-0.263287
Chr09	13320308	13552252	-0.344491	-0.198928	-0.101067	-0.244738
Chr09	13436210	13645943	-0.292938	-0.220551	-0.110662	-0.188647
Chr09	13552260	13732823	-0.088520	-0.064569	-0.034043	-0.055642
Chr09	13645997	13913313	-0.015144	-0.005871	-0.003714	-0.011348
Chr09	13732847	14050275	-0.039160	-0.012784	-0.007653	-0.018297
Chr09	13913345	14098444	-0.313692	-0.151892	-0.063892	-0.129287
Chr09	14050323	14251447	-0.475308	-0.308298	-0.112195	-0.228194
Chr09	14098698	14387552	-0.298153	-0.138823	-0.070576	-0.196437
Chr09	14251515	14533266	-0.202411	-0.080205	-0.048419	-0.128860
Chr09	14387590	14746372	-0.189852	-0.056141	-0.036499	-0.128223
Chr09	14533382	14894589	-0.344933	-0.105680	-0.061387	-0.289529
Chr09	14746436	15125391	-0.338235	-0.075437	-0.045511	-0.266041
Chr09	14894725	15270101	-0.357595	-0.079280	-0.046493	-0.256401
Chr09	15125762	15434798	-0.453267	-0.143003	-0.078958	-0.362787
Chr09	15270104	15628474	-0.470931	-0.150115	-0.089183	-0.379291
Chr09	15434803	15735823	-0.376570	-0.147779	-0.086923	-0.306564
Chr09	15628492	15907423	-0.437247	-0.151382	-0.088907	-0.384851
Chr09	15735971	16120513	-0.420699	-0.093733	-0.059700	-0.342585
Chr09	15907445	16309595	0.278404	0.055216	0.040494	0.228720
Chr09	16120837	16483571	0.559266	0.161762	0.128773	0.509628
Chr09	16311909	16594852	0.548011	0.187094	0.154083	0.476414
Chr09	16483589	17634449	0.037753	0.010873	0.008241	0.030203
Chr09	16594855	17786192	-0.471952	-0.122430	-0.087264	-0.339359
Chr09	17634547	18007051	-0.495416	-0.128924	-0.091417	-0.361321
Chr09	17786219	18870486	-0.568318	-0.131893	-0.093690	-0.406467
Chr09	18007053	19023851	-0.556606	-0.129084	-0.091980	-0.347174
Chr09	18870511	19134609	-0.229155	-0.064267	-0.046385	-0.150506
Chr09	19023858	19303412	-0.285398	-0.091420	-0.059284	-0.218237
Chr09	19134625	19516488	-0.281132	-0.071353	-0.046822	-0.194386
Chr09	19303538	19616478	-0.121967	-0.037222	-0.023116	-0.068214
Chr09	19516504	19732262	-0.104317	-0.040961	-0.024509	-0.078461
Chr09	19616521	19869924	-0.013552	-0.004864	-0.003224	-0.019016
Chr09	19732278	19955054	-0.213351	-0.103690	-0.067821	-0.170610
Chr09	19869976	20067168	-0.400898	-0.199517	-0.125526	-0.245027
Chr09	19955070	20140186	-0.345384	-0.154223	-0.094205	-0.173989
Chr09	20067374	20301244	-0.416821	-0.224245	-0.129814	-0.244480
Chr09	20140249	20407049	-0.173588	-0.081114	-0.053215	-0.093465
Chr09	20301287	20536259	-0.065902	-0.023563	-0.016428	-0.034799
Chr09	20407242	20631746	-0.249663	-0.115416	-0.063936	-0.160264
Chr09	20536263	20800304	-0.583723	-0.387809	-0.174114	-0.470030
Chr09	20631766	20920891	-0.593892	-0.347525	-0.165047	-0.486604
Chr09	20800342	21071442	-0.032723	-0.012242	-0.007303	-0.020773
Chr09	20920935	21217582	-0.052096	-0.018888	-0.011274	-0.034448
Chr09	21071513	21326038	-0.304539	-0.138089	-0.077937	-0.203923
Chr09	21217676	21445444	-0.363058	-0.210148	-0.108523	-0.221817
Chr09	21326075	21543419	-0.404971	-0.291728	-0.135859	-0.243364
Chr09	21445526	21655750	-0.067835	-0.037139	-0.020946	-0.044995
Chr09	21543547	21751060	-0.082378	-0.045760	-0.024064	-0.049695
Chr09	21655955	21934744	-0.228285	-0.153309	-0.069732	-0.140138
Chr09	21751173	22051088	-0.234277	-0.160929	-0.070451	-0.162678
Chr09	21934786	22159854	-0.181965	-0.132380	-0.062011	-0.120808
Chr09	22051111	22228098	0.190394	0.113703	0.072539	0.127390
Chr09	22159950	22385425	0.120423	0.055557	0.037244	0.088466
Chr09	22228274	22560740	-0.048097	-0.015906	-0.010896	-0.021778
Chr09	22386284	22666863	-0.162131	-0.058739	-0.036938	-0.097604
Chr09	22560791	22841839	-0.247067	-0.131674	-0.073080	-0.159029
Chr09	22666958	22901860	-0.191113	-0.130095	-0.072212	-0.114836
Chr09	22841930	23053924	-0.201406	-0.101873	-0.062511	-0.117716
Chr09	22901892	23140514	-0.152452	-0.080297	-0.051910	-0.097573
Chr09	23053956	23209150	-0.196915	-0.182431	-0.096258	-0.153965
Chr09	23140522	23313903	-0.281660	-0.310475	-0.119855	-0.215165
Chr09	23209223	23486073	-0.450195	-0.464665	-0.145464	-0.329587
Chr09	23313959	23622827	-0.387502	-0.313101	-0.122059	-0.316473
Chr09	23486212	23693042	-0.025495	-0.017052	-0.008846	-0.013550
Chr09	23622857	23833609	0.090166	0.053087	0.033576	0.053507
Chr09	23693043	23886925	-0.514271	-0.559980	-0.221435	-0.341335
Chr09	23833618	24056738	-0.687638	-1.576179	-0.359043	-0.526991
Chr09	23886932	24105830	-0.564088	-0.890006	-0.261577	-0.419007
Chr09	24056768	24174764	-0.569087	-1.145738	-0.253969	-0.404809
Chr09	24105907	24279011	-0.323155	-0.451366	-0.146388	-0.221866
Chr09	24174779	24398006	-0.119362	-0.110514	-0.053132	-0.073307
Chr09	24279013	24508662	-0.215185	-0.138182	-0.079516	-0.108691
Chr09	24398031	24710967	-0.260493	-0.087017	-0.052459	-0.137385
Chr09	24508719	24842560	-0.382760	-0.151630	-0.081274	-0.261564
Chr09	24710984	24989898	-0.297941	-0.186930	-0.087979	-0.204894
Chr09	24842665	25094014	-0.301255	-0.255167	-0.103996	-0.196567
Chr09	24990023	25187094	-0.399270	-0.257557	-0.107987	-0.266904
Chr09	25094139	25374892	-0.345991	-0.144234	-0.069904	-0.244211
Chr09	25187258	25487593	-0.415045	-0.174111	-0.086572	-0.311542
Chr09	25374922	25604539	-0.416023	-0.190689	-0.102090	-0.281774
Chr09	25487627	25719025	-0.231653	-0.100844	-0.058804	-0.135483
Chr09	25604572	25827175	-0.219175	-0.103036	-0.059095	-0.133492
Chr09	25719084	25946711	-0.219585	-0.105176	-0.056555	-0.111455
Chr09	25827199	26087724	-0.315219	-0.122008	-0.067082	-0.154906
Chr09	25946823	26235407	-0.502221	-0.194705	-0.107821	-0.358991
Chr09	26087881	26371714	-0.512550	-0.232333	-0.125789	-0.399584
Chr09	26235588	26503568	-0.261266	-0.150959	-0.074759	-0.161398
Chr09	26371741	26632534	-0.077939	-0.045060	-0.022267	-0.030561
Chr09	26503596	26761851	-0.148571	-0.055962	-0.037294	-0.083779
Chr09	26632725	26877027	0.032341	0.010262	0.007404	0.022253
Chr09	26761861	26956288	-0.184141	-0.099696	-0.052765	-0.122920
Chr09	26877142	27039660	-0.381357	-0.248276	-0.123197	-0.248412
Chr09	26956420	27153607	-0.429034	-0.166929	-0.103804	-0.269100
Chr09	27039777	27249763	-0.309813	-0.128125	-0.074186	-0.193810
Chr09	27153667	27446300	0.027727	0.012728	0.007747	0.016885
Chr09	27250094	27616140	0.068693	0.031361	0.020346	0.037926
Chr09	27446718	27806820	-0.061032	-0.034866	-0.018581	-0.039676
Chr09	27616194	28018918	-0.169791	-0.089393	-0.040977	-0.101821
Chr09	27806930	28163842	-0.208099	-0.111472	-0.054393	-0.132251
Chr09	28019686	28381598	-0.259120	-0.098196	-0.061851	-0.170440
Chr09	28163916	28573688	-0.305778	-0.095106	-0.061178	-0.204853
Chr09	28381615	28650924	-0.204357	-0.110264	-0.061066	-0.157896
Chr09	28573739	28883642	-0.039010	-0.023122	-0.012993	-0.023265
Chr09	28650942	29003984	0.043185	0.023905	0.013316	0.027739
Chr09	28883877	29089283	-0.233759	-0.162297	-0.077641	-0.159269
Chr09	29003992	29184069	-0.684592	-0.401988	-0.179526	-0.565423
Chr09	29089294	29443036	-0.715437	-0.304430	-0.138549	-0.599749
Chr09	29184225	29518295	-0.372905	-0.134285	-0.068429	-0.264625
Chr09	29443176	29639306	-0.190926	-0.129280	-0.068917	-0.101207
Chr09	29518296	29702358	-0.163744	-0.143139	-0.071181	-0.091989
Chr09	29639311	29858078	0.023482	0.014331	0.007063	0.006065
Chr09	29702425	29975841	0.140399	0.074745	0.036627	0.090952
Chr09	29858107	30183590	0.046456	0.017848	0.010892	0.030229
Chr09	29975866	30422907	-0.231638	-0.074690	-0.045123	-0.135951
Chr09	30183591	30544442	-0.236501	-0.086322	-0.050693	-0.159427
Chr09	30423041	30816410	-0.380089	-0.151267	-0.087497	-0.263567
Chr09	30544449	30878424	-0.437512	-0.225764	-0.124732	-0.302465
Chr09	30816420	30959807	-0.109503	-0.090578	-0.048917	-0.060406
Chr09	30878458	31156519	-0.030583	-0.021787	-0.007192	-0.000659
Chr09	30959809	31961701	0.010341	0.004579	0.002021	0.016663
Chr09	31156636	32099421	0.063854	0.024139	0.015779	0.033795
Chr09	31961778	32183429	0.131396	0.062671	0.040247	0.069553
Chr09	32099458	32253262	0.091765	0.065908	0.036972	0.044220
Chr09	32183446	32329858	-0.170969	-0.198431	-0.069468	-0.099283
Chr09	32253277	32399303	-0.461310	-0.639951	-0.202938	-0.290437
Chr09	32329877	32783918	-0.505600	-0.407111	-0.159223	-0.354980
Chr09	32399326	32942226	-0.340964	-0.185140	-0.086388	-0.227567
Chr09	32783985	33161852	0.140382	0.045116	0.029902	0.109584
Chr09	32942311	33326599	-0.017282	-0.005648	-0.003480	-0.004268
Chr09	33161927	33533284	-0.258934	-0.127953	-0.066266	-0.176601
Chr09	33326848	33638751	-0.160423	-0.103383	-0.059219	-0.104020
Chr09	33534238	33761956	-0.391999	-0.307754	-0.157437	-0.290156
Chr09	33638824	33844446	-0.603456	-0.575117	-0.258245	-0.506807
Chr09	33761965	33947824	-0.543434	-0.400556	-0.213319	-0.476238
Chr09	33844462	34094016	-0.157541	-0.061784	-0.041177	-0.100937
Chr09	33947829	34156008	-0.125631	-0.045943	-0.029555	-0.071170
Chr09	34094107	34224735	-0.263837	-0.148487	-0.092062	-0.167456
Chr09	34156032	34317019	-0.179191	-0.101530	-0.067593	-0.110128
Chr09	34224797	34388675	-0.231838	-0.162450	-0.097394	-0.145232
Chr09	34317036	34468393	-0.121292	-0.101121	-0.062799	-0.076757
Chr09	34388687	34585408	-0.085774	-0.042404	-0.028062	-0.051239
Chr09	34468399	34765442	-0.187967	-0.065450	-0.040993	-0.103879
Chr09	34585565	34856364	-0.337997	-0.145708	-0.084958	-0.232755
Chr09	34765517	35004116	-0.228389	-0.104688	-0.061698	-0.174488
Chr09	34856512	35116756	-0.124514	-0.050513	-0.031569	-0.084072
Chr09	35004301	35231687	-0.297839	-0.138891	-0.089534	-0.178201
Chr09	35116878	35362344	-0.105875	-0.039539	-0.026991	-0.055658
Chr09	35231843	35458043	0.017619	0.006089	0.004033	0.014402
Chr09	35362367	35587369	-0.176504	-0.061514	-0.040553	-0.122922
Chr09	35458081	35781778	-0.344043	-0.099866	-0.071640	-0.245762
Chr09	35587390	35925159	-0.575232	-0.265006	-0.163671	-0.439732
Chr09	35782000	36084644	-0.762176	-0.469504	-0.243676	-0.658565
Chr09	35925160	36221283	-0.584923	-0.271272	-0.151714	-0.482790
Chr09	36084668	36410953	-0.151325	-0.065940	-0.036699	-0.114610
Chr09	36221483	36553200	-0.210165	-0.090370	-0.050637	-0.167389
Chr09	36410982	36661429	-0.379089	-0.166213	-0.094201	-0.279556
Chr09	36553215	36736579	-0.324241	-0.209070	-0.106520	-0.206499
Chr09	36661484	36841798	-0.143734	-0.060402	-0.039414	-0.096213
Chr09	36736630	36989160	0.270002	0.080840	0.061510	0.209407
Chr09	36842005	37105330	0.444819	0.160056	0.121920	0.358114
Chr09	36989232	37278236	0.168150	0.079977	0.054539	0.120053
Chr09	37105341	37435650	0.369663	0.123476	0.087286	0.274893
Chr09	37278280	37587614	0.604347	0.176980	0.136145	0.458206
Chr09	37435709	37753750	0.275857	0.077192	0.061055	0.213484
Chr09	37587797	37961871	0.210600	0.049906	0.039723	0.182299
Chr09	37753859	38139575	0.375412	0.093277	0.074973	0.335423
Chr09	37961937	38266361	0.321631	0.093566	0.073298	0.256879
Chr09	38139577	38390738	0.236272	0.073177	0.054357	0.171505
Chr09	38266393	38560998	0.170631	0.052310	0.035497	0.146176
Chr09	38390827	38677196	0.069542	0.019518	0.012436	0.065157
Chr09	38561154	38747690	-0.256103	-0.093111	-0.053078	-0.187233
Chr09	38677202	38875076	-0.411208	-0.219653	-0.107794	-0.274295
Chr09	38747715	39043760	-0.345373	-0.138505	-0.075759	-0.253684
Chr09	38875433	39210305	-0.395385	-0.133294	-0.081515	-0.285472
Chr09	39043764	39333376	-0.255945	-0.100376	-0.060439	-0.160121
Chr09	39210422	39450148	-0.336683	-0.184569	-0.093711	-0.208736
Chr09	39333379	39578668	-0.270246	-0.113842	-0.068730	-0.186341
Chr09	39450201	39664326	0.006431	0.002717	0.001858	0.001337
Chr09	39578675	39769718	-0.038765	-0.022272	-0.014270	-0.019241
Chr09	39664402	39925191	-0.342681	-0.184496	-0.100120	-0.236882
Chr09	39769895	40167869	-0.501726	-0.218110	-0.116834	-0.426764
Chr09	39925205	40270296	-0.348982	-0.136323	-0.082011	-0.285890
Chr09	40168517	40467896	-0.007317	-0.002517	-0.001669	0.001807
Chr09	40270298	40626810	-0.015609	-0.006234	-0.003708	-0.004693
Chr09	40467935	40954364	-0.069468	-0.029465	-0.019000	-0.041691
Chr09	40626825	41131867	-0.013405	-0.005398	-0.003596	-0.012490
Chr09	40954682	41251151	-0.295559	-0.168504	-0.082780	-0.217158
Chr09	41131874	41402324	-0.449547	-0.211609	-0.106930	-0.316157
Chr09	41251856	41506320	-0.503532	-0.260193	-0.135055	-0.368476
Chr09	41402346	41653923	-0.585750	-0.412208	-0.178543	-0.497353
Chr09	41506705	41832801	-0.318144	-0.144453	-0.078985	-0.263018
Chr09	41654279	41935954	0.086351	0.028751	0.018791	0.058465
Chr09	41832830	42050261	0.010583	0.005219	0.002798	0.006462
Chr09	41936007	42153698	-0.080026	-0.042034	-0.022710	-0.053673
Chr09	42050305	42306857	-0.122576	-0.042777	-0.027825	-0.081604
Chr09	42153790	42421361	-0.086797	-0.032222	-0.020937	-0.051998
Chr09	42306880	42474294	-0.089338	-0.070112	-0.037171	-0.047002
Chr09	42421369	42571037	-0.217038	-0.162118	-0.086887	-0.112805
Chr09	42474297	42689057	-0.052182	-0.032578	-0.019698	-0.030199
Chr09	42571078	42799393	-0.047438	-0.030160	-0.017812	-0.031982
Chr09	42689152	42906418	-0.276550	-0.155488	-0.082894	-0.189739
Chr09	42799481	43053371	-0.343287	-0.132736	-0.075798	-0.229564
Chr09	42906443	43107152	-0.260828	-0.117014	-0.066585	-0.155128
Chr09	43053422	43203261	-0.354792	-0.217051	-0.108352	-0.214180
Chr09	43107167	43354283	-0.478165	-0.206798	-0.110462	-0.381758
Chr09	43203278	43513916	-0.264881	-0.091078	-0.055101	-0.199917
Chr09	43354304	43705666	-0.210611	-0.091401	-0.054337	-0.129072
Chr09	43513933	43773152	-0.176564	-0.151589	-0.077065	-0.103435
Chr09	43705677	43958416	0.135689	0.118431	0.072880	0.093660
Chr09	43773209	44009590	0.116454	0.105354	0.062970	0.070014
Chr09	43958771	44072317	0.071648	0.087873	0.048151	0.036713
Chr09	44009600	44133536	0.001704	0.001558	0.000983	0.004506
Chr09	44072379	44238321	0.034807	0.020717	0.013559	0.022425
Chr09	44133544	44315787	-0.091249	-0.049740	-0.028356	-0.066422
Chr09	44238326	44463952	-0.271519	-0.116197	-0.069814	-0.203006
Chr09	44315830	44585134	-0.209296	-0.080586	-0.049608	-0.153162
Chr09	44464180	44737899	-0.277655	-0.147838	-0.078823	-0.190398
Chr09	44585780	44834124	-0.324505	-0.162082	-0.090655	-0.211816
Chr09	44737902	44939032	-0.249697	-0.104331	-0.060150	-0.147359
Chr09	44834243	45052519	-0.371370	-0.133905	-0.078052	-0.207646
Chr09	44939035	45205165	-0.411596	-0.126312	-0.073798	-0.266747
Chr09	45052980	45352614	-0.381162	-0.137985	-0.079421	-0.288442
Chr09	45205221	45488682	-0.264719	-0.096835	-0.060440	-0.201800
Chr09	45353331	45642069	-0.222064	-0.062106	-0.040387	-0.169780
Chr09	45488976	45775393	-0.286303	-0.084792	-0.057658	-0.209313
Chr09	45642376	45898797	-0.195221	-0.080408	-0.057916	-0.127632
Chr09	45775406	45999551	-0.097018	-0.042773	-0.028329	-0.057196
Chr09	45898807	46118412	-0.011894	-0.004677	-0.003142	-0.004377
Chr09	45999561	46236740	0.007800	0.003659	0.002488	0.007016
Chr09	46118426	46324815	-0.102728	-0.069152	-0.044689	-0.064477
Chr09	46236742	46460600	-0.097715	-0.049546	-0.033182	-0.068032
Chr09	46324828	46601377	-0.026510	-0.007866	-0.005567	-0.016603
Chr09	46460640	46714908	-0.220386	-0.077457	-0.053169	-0.130936
Chr09	46601581	46808688	-0.312570	-0.190488	-0.114557	-0.194063
Chr09	46715052	47014054	-0.125990	-0.067067	-0.041045	-0.080533
Chr09	46808850	47117032	-0.051188	-0.023456	-0.013797	-0.026986
Chr09	47014073	47187779	-0.098624	-0.068053	-0.031860	-0.042020
Chr09	47117037	47250225	-0.128663	-0.112662	-0.053225	-0.050107
Chr09	47187850	47352595	0.040475	0.028467	0.017329	0.025929
Chr09	47250392	47421966	0.124287	0.080846	0.052373	0.073315
Chr09	47352603	47478795	0.120052	0.089497	0.054779	0.058486
Chr09	47422029	47539117	-0.329911	-0.369160	-0.173051	-0.212654
Chr09	47478836	47638716	-0.416253	-0.333795	-0.179976	-0.282970
Chr09	47539155	47735143	-0.236657	-0.146898	-0.096487	-0.164064
Chr09	47638775	47842860	-0.236855	-0.165122	-0.107736	-0.159920
Chr09	47735158	47915461	-0.166082	-0.162284	-0.091853	-0.083387
Chr09	47842911	47978222	-0.113850	-0.182430	-0.084574	-0.053667
Chr09	47915475	48035035	-0.120949	-0.174947	-0.089680	-0.063274
Chr09	47978227	48080244	-0.019926	-0.023530	-0.013361	-0.010487
Chr09	48035171	48304783	-0.013752	-0.013938	-0.007682	-0.007742
Chr09	48080298	48488873	-0.049909	-0.049455	-0.025472	-0.028350
Chr09	48305211	48607108	-0.043412	-0.043836	-0.022545	-0.020338
Chr09	48488928	48700723	-0.044851	-0.049119	-0.025682	-0.017886
Chr09	48607226	48763043	-0.034100	-0.045076	-0.022898	-0.015930
Chr09	48700745	48918098	-0.326040	-0.558222	-0.221451	-0.185519
Chr09	48763058	49006267	-0.305201	-0.482529	-0.201806	-0.174443
Chr09	48918112	49059273	0.018186	0.023161	0.013486	0.007817
Chr09	49006273	49154091	0.016545	0.017288	0.011654	0.006173
Chr09	49059399	49197615	-0.004287	-0.004638	-0.002974	-0.001459
Chr09	49154110	49264223	0.097202	0.075525	0.052701	0.048525
Chr09	49197621	49598929	0.123695	0.048553	0.036792	0.069746
Chr09	49264234	49726320	0.048485	0.020639	0.015081	0.026513
Chr09	49599028	49787434	-0.070559	-0.078608	-0.045236	-0.038867
Chr09	49726617	49831804	-0.056488	-0.093486	-0.048590	-0.032936
Chr09	49787544	49889007	0.084144	0.110492	0.062595	0.044597
Chr09	49831988	49937252	0.117761	0.145669	0.082654	0.062188
Chr09	49889010	50003558	-0.045439	-0.062011	-0.034272	-0.022544
Chr09	49937281	50059179	-0.076017	-0.092813	-0.053629	-0.038839
Chr09	50003568	50242048	-0.122074	-0.087102	-0.049601	-0.071481
Chr09	50059203	50440457	-0.176727	-0.105370	-0.055145	-0.104233
Chr09	50242181	50595851	-0.129304	-0.086694	-0.045059	-0.074269
Chr09	50440487	50727892	-0.006700	-0.004725	-0.002921	-0.004311
Chr09	50595942	50803402	0.005535	0.003888	0.002713	0.001245
Chr09	50727931	50906235	-0.091342	-0.045603	-0.034152	-0.042757
Chr09	50803412	51069022	-0.055957	-0.017172	-0.014000	-0.025771
Chr10	97193	420406	-0.368698	-0.166350	-0.095654	-0.296148
Chr10	276254	621010	-0.348226	-0.137518	-0.088413	-0.236794
Chr10	420632	828371	-0.104557	-0.040281	-0.024157	-0.055883
Chr10	621067	1014831	-0.120759	-0.047435	-0.027491	-0.069646
Chr10	828379	1185829	-0.281975	-0.082480	-0.050526	-0.194487
Chr10	1014883	1254846	-0.263925	-0.102472	-0.063597	-0.182753
Chr10	1185845	1338513	-0.085550	-0.045072	-0.030846	-0.054866
Chr10	1254901	1412969	-0.115328	-0.055765	-0.034686	-0.058579
Chr10	1338518	1503743	-0.637313	-0.637161	-0.248061	-0.369216
Chr10	1412972	1635239	-0.515927	-0.459287	-0.227715	-0.367125
Chr10	1503832	1753033	-0.281064	-0.122105	-0.080148	-0.200812
Chr10	1635281	1963262	-0.325456	-0.093339	-0.060149	-0.234877
Chr10	1753061	2155366	-0.388674	-0.118456	-0.074824	-0.291866
Chr10	1963342	2274965	-0.497485	-0.230062	-0.129859	-0.380870
Chr10	2155783	2423026	-0.516048	-0.236658	-0.111803	-0.393828
Chr10	2275038	2560443	-0.205204	-0.071122	-0.039269	-0.151195
Chr10	2423051	2735745	0.142582	0.040717	0.027865	0.109120
Chr10	2560505	2866761	-0.116791	-0.037062	-0.022825	-0.083885
Chr10	2735777	3012272	-0.264270	-0.141780	-0.073751	-0.175201
Chr10	2866769	3128486	-0.139843	-0.126148	-0.059823	-0.078948
Chr10	3013215	3181695	0.023374	0.018492	0.011010	0.014032
Chr10	3128495	3277376	0.111039	0.082244	0.046622	0.070087
Chr10	3181730	3365395	-0.290841	-0.240498	-0.105738	-0.198554
Chr10	3277397	3612313	-0.433752	-0.455222	-0.119057	-0.297563
Chr10	3365418	3759434	-0.383968	-0.396218	-0.101050	-0.256782
Chr10	3612622	3836644	-0.296285	-0.243548	-0.103098	-0.196712
Chr10	3759454	3940903	-0.098548	-0.074720	-0.037878	-0.049939
Chr10	3836672	4060135	-0.128685	-0.105471	-0.051070	-0.060558
Chr10	3940922	4190564	-0.010650	-0.006539	-0.003647	0.000291
Chr10	4060162	4495512	0.019412	0.009141	0.005857	0.011383
Chr10	4190672	4634697	-0.104404	-0.052782	-0.031765	-0.067645
Chr10	4495513	4843108	0.062540	0.035947	0.020959	0.044809
Chr10	4635469	4945488	0.079356	0.048466	0.026564	0.052861
Chr10	4843119	5028077	-0.055960	-0.030959	-0.017259	-0.030641
Chr10	4945567	5115495	-0.008312	-0.004364	-0.002594	-0.002155
Chr10	5028105	5304250	-0.093028	-0.034118	-0.019763	-0.048829
Chr10	5115612	5420735	0.016459	0.005517	0.003224	0.010749
Chr10	5304280	5620364	-0.021279	-0.008072	-0.004688	-0.010908
Chr10	5420739	5754219	-0.131550	-0.062029	-0.035199	-0.087933
Chr10	5620411	5844903	-0.267288	-0.215995	-0.109569	-0.178842
Chr10	5754225	6022005	-0.430206	-0.243872	-0.130452	-0.300081
Chr10	5845005	6137076	-0.499155	-0.297658	-0.146734	-0.375736
Chr10	6022025	6254225	-0.460449	-0.420077	-0.175832	-0.327970
Chr10	6137077	6351897	-0.526303	-0.821748	-0.249823	-0.295024
Chr10	6254241	6476733	-0.536525	-0.812774	-0.258514	-0.277886
Chr10	6352539	6661575	-0.363176	-0.156652	-0.089929	-0.248463
Chr10	6476781	6768571	-0.281135	-0.104503	-0.063347	-0.202105
Chr10	6661634	6948530	-0.199106	-0.066135	-0.042033	-0.122110
Chr10	6768607	7262183	-0.492345	-0.159587	-0.091243	-0.372013
Chr10	6948671	7465718	-0.667205	-0.298754	-0.150306	-0.566110
Chr10	7262193	7626183	-0.563803	-0.312324	-0.153777	-0.448329
Chr10	7466936	7781932	-0.336931	-0.157928	-0.086885	-0.228084
Chr10	7626236	7934907	-0.093477	-0.042817	-0.025073	-0.061469
Chr10	7781970	8030525	-0.090189	-0.060666	-0.032662	-0.065730
Chr10	7934997	8313221	-0.442665	-0.452886	-0.184035	-0.331959
Chr10	8030533	8384837	-0.407279	-0.365410	-0.144936	-0.283528
Chr10	8313317	8523030	-0.186876	-0.147747	-0.059117	-0.114218
Chr10	8384881	8602697	-0.028042	-0.019801	-0.008920	-0.009550
Chr10	8523031	8663304	0.090740	0.073818	0.031771	0.044936
Chr10	8602698	8763158	-0.055162	-0.033709	-0.017126	-0.036699
Chr10	8663374	9022255	-0.100597	-0.053245	-0.028894	-0.072202
Chr10	8763176	9176964	-0.091458	-0.033502	-0.020170	-0.056667
Chr10	9022270	9295071	-0.178489	-0.079149	-0.048551	-0.116343
Chr10	9176973	9419912	-0.224604	-0.137403	-0.076572	-0.164953
Chr10	9295072	9582194	-0.236411	-0.090829	-0.053251	-0.171432
Chr10	9420079	9668515	-0.575283	-0.302825	-0.153872	-0.451611
Chr10	9582428	9822545	-0.628728	-0.377942	-0.187691	-0.528267
Chr10	9668600	9980173	-0.192556	-0.082490	-0.044817	-0.148948
Chr10	9822554	10172670	-0.137033	-0.052406	-0.028411	-0.106986
Chr10	9980210	10338735	-0.405835	-0.141808	-0.083349	-0.318308
Chr10	10172845	10413211	-0.475986	-0.212317	-0.124196	-0.333531
Chr10	10339186	10469962	-0.309376	-0.268546	-0.131199	-0.178782
Chr10	10413227	10572110	-0.017471	-0.014208	-0.006723	-0.006664
Chr10	10470092	10641183	-0.068715	-0.063042	-0.028483	-0.039332
Chr10	10572178	10715949	-0.341302	-0.412546	-0.188487	-0.223455
Chr10	10643071	10891423	-0.652759	-0.661081	-0.276879	-0.535775
Chr10	10717208	10958246	-0.561615	-0.492293	-0.219514	-0.423970
Chr10	10891482	11120182	-0.273034	-0.098921	-0.061703	-0.182954
Chr10	10958328	11248191	-0.313507	-0.106322	-0.064400	-0.218074
Chr10	11120405	11370915	-0.364490	-0.187359	-0.083386	-0.224567
Chr10	11248211	11533763	-0.229215	-0.078482	-0.042284	-0.146260
Chr10	11370924	11729555	-0.231217	-0.082896	-0.048165	-0.165033
Chr10	11533803	11926402	-0.483591	-0.250646	-0.126419	-0.336805
Chr10	11729618	12031929	-0.341657	-0.154538	-0.091595	-0.225115
Chr10	11926427	12107882	-0.081619	-0.044434	-0.027137	-0.046086
Chr10	12031990	12226350	0.096960	0.045263	0.027728	0.063080
Chr10	12107963	12406471	-0.409347	-0.202483	-0.110293	-0.334382
Chr10	12226465	12646983	-0.560397	-0.262085	-0.147624	-0.474703
Chr10	12406643	12837748	-0.474214	-0.157101	-0.102980	-0.384054
Chr10	12646994	13065233	-0.472690	-0.145634	-0.082589	-0.344231
Chr10	12837776	13282744	-0.158036	-0.042568	-0.024390	-0.094597
Chr10	13065253	13479178	-0.107709	-0.026677	-0.018284	-0.062829
Chr10	13282901	13572496	-0.258264	-0.099393	-0.063016	-0.167320
Chr10	13479195	13757141	-0.451706	-0.205970	-0.121496	-0.322360
Chr10	13572599	13882577	-0.481711	-0.240203	-0.131705	-0.386619
Chr10	13757189	14102353	-0.483598	-0.233700	-0.118514	-0.400579
Chr10	13882888	14313320	-0.655519	-0.265669	-0.131712	-0.552108
Chr10	14102425	14456494	-0.532263	-0.190255	-0.103197	-0.457613
Chr10	14313342	14581824	-0.330754	-0.105639	-0.060837	-0.239561
Chr10	14456540	14778882	-0.311140	-0.118085	-0.058918	-0.213550
Chr10	14581829	15065367	-0.326744	-0.124153	-0.061458	-0.263997
Chr10	14778891	15256194	-0.355821	-0.139143	-0.073625	-0.281768
Chr10	15065452	15379214	-0.309847	-0.128000	-0.073963	-0.231594
Chr10	15257256	15505106	-0.245886	-0.103857	-0.060191	-0.180109
Chr10	15379231	15683830	-0.169345	-0.056386	-0.035519	-0.126125
Chr10	15505132	16409747	-0.144065	-0.050818	-0.032026	-0.095741
Chr10	15683931	16575176	-0.285984	-0.131065	-0.079825	-0.194299
Chr10	16409864	16718812	-0.271968	-0.114332	-0.061096	-0.178636
Chr10	16575185	16875148	-0.247544	-0.084467	-0.045462	-0.153442
Chr10	16718836	17070375	-0.197798	-0.066137	-0.042867	-0.134695
Chr10	16875167	17201723	-0.134529	-0.068420	-0.041396	-0.080145
Chr10	17070630	17290628	-0.127265	-0.105490	-0.057380	-0.065612
Chr10	17201741	17391576	0.038162	0.032883	0.017387	0.024674
Chr10	17290793	17499757	0.001955	0.001219	0.000659	0.003289
Chr10	17391612	17665690	-0.084189	-0.035537	-0.018965	-0.047208
Chr10	17499782	17796003	-0.025711	-0.009061	-0.005488	-0.014713
Chr10	17665702	17957502	-0.181603	-0.051984	-0.033415	-0.139164
Chr10	17796032	18191062	-0.308996	-0.075544	-0.047022	-0.244818
Chr10	17957527	18343014	-0.284653	-0.069580	-0.044415	-0.216851
Chr10	18191068	18406167	-0.628018	-0.341161	-0.179287	-0.530152
Chr10	18343041	18604092	-0.637573	-0.521389	-0.205933	-0.512295
Chr10	18406170	18806606	-0.342060	-0.129988	-0.064305	-0.231225
Chr10	18604202	18935333	-0.256076	-0.092801	-0.050399	-0.176739
Chr10	18806704	19114514	-0.177216	-0.068500	-0.043616	-0.132275
Chr10	18935337	19236491	-0.098993	-0.035311	-0.024584	-0.067975
Chr10	19114516	19412443	-0.211157	-0.076806	-0.047469	-0.136280
Chr10	19236515	19545480	-0.371312	-0.152866	-0.084132	-0.279367
Chr10	19412531	19685773	0.013801	0.004016	0.002628	0.007241
Chr10	19545514	19811321	0.196147	0.045934	0.030567	0.131199
Chr10	19685784	19922892	-0.333439	-0.130218	-0.076620	-0.244738
Chr10	19812177	20052394	-0.482799	-0.250624	-0.158288	-0.383102
Chr10	19922959	20137560	-0.443331	-0.268932	-0.159407	-0.330017
Chr10	20052395	20225012	-0.402529	-0.368397	-0.156222	-0.270785
Chr10	20137677	20349707	0.036206	0.022617	0.011582	0.028807
Chr10	20225013	20489597	-0.037617	-0.023660	-0.013716	-0.028364
Chr10	20349730	20578375	-0.444065	-0.435062	-0.221925	-0.326737
Chr10	20489628	20627793	-0.248140	-0.237561	-0.127299	-0.145215
Chr10	20578472	20694958	-0.180245	-0.196809	-0.090553	-0.098170
Chr10	20627925	20736628	-0.267960	-0.395503	-0.150534	-0.167499
Chr10	20694963	20794413	-0.412367	-0.587537	-0.235046	-0.282869
Chr10	20736677	20895795	-0.798953	-1.134970	-0.418107	-0.707063
Chr10	20794416	20991067	-0.825157	-0.854303	-0.362105	-0.743275
Chr10	20895821	21110268	-0.463304	-0.235783	-0.136731	-0.349647
Chr10	20991076	21223401	-0.039955	-0.014668	-0.009121	-0.030628
Chr10	21110365	21295758	0.036964	0.017590	0.010246	0.021822
Chr10	21223788	21378403	-0.086288	-0.055412	-0.032082	-0.057202
Chr10	21295785	21456604	-0.202352	-0.125955	-0.077065	-0.135016
Chr10	21378422	21525900	0.038719	0.027220	0.016748	0.024239
Chr10	21456649	21646397	0.298871	0.197881	0.131413	0.175348
Chr10	21525910	21724526	-0.214880	-0.172106	-0.092633	-0.158577
Chr10	21646417	21798186	-0.278034	-0.192911	-0.110986	-0.204540
Chr10	21724707	21919044	-0.136737	-0.056192	-0.037184	-0.104170
Chr10	21798207	22033540	-0.437111	-0.169708	-0.102847	-0.357380
Chr10	21919195	22174276	-0.434446	-0.175196	-0.098817	-0.320671
Chr10	22033589	22350349	-0.368038	-0.135466	-0.074446	-0.285643
Chr10	22174311	22469527	-0.357240	-0.140627	-0.077587	-0.291919
Chr10	22350359	22628261	-0.265433	-0.107367	-0.062511	-0.188747
Chr10	22469566	22980636	-0.295260	-0.098920	-0.066489	-0.214941
Chr10	22628379	23075514	-0.356872	-0.155594	-0.104228	-0.283663
Chr10	22980759	23164343	-0.530405	-0.355684	-0.205314	-0.438082
Chr10	23075636	23277129	-0.257827	-0.132295	-0.082189	-0.194746
Chr10	23164347	23433407	0.028568	0.011840	0.006603	0.026335
Chr10	23277184	23550832	-0.505404	-0.306145	-0.141648	-0.413518
Chr10	23433409	23716389	-0.653839	-0.297115	-0.154152	-0.550364
Chr10	23550973	23860562	-0.564171	-0.232692	-0.118735	-0.466785
Chr10	23716391	24154935	-0.370223	-0.131369	-0.065430	-0.265973
Chr10	23860610	24280872	-0.122345	-0.027888	-0.016237	-0.075483
Chr10	24155037	24385792	-0.197238	-0.077530	-0.046719	-0.138279
Chr10	24280896	24527226	-0.257496	-0.145789	-0.076702	-0.171570
Chr10	24385805	24662821	-0.284153	-0.108633	-0.065282	-0.197487
Chr10	24527256	24769041	-0.192682	-0.073468	-0.047345	-0.127725
Chr10	24662848	24891449	-0.072603	-0.029098	-0.019263	-0.036459
Chr10	24769072	24971007	-0.121471	-0.066098	-0.040191	-0.072754
Chr10	24891569	25094007	-0.124177	-0.097285	-0.051748	-0.078149
Chr10	24971016	25156160	-0.181154	-0.162160	-0.075316	-0.114085
Chr10	25094009	25283228	-0.262259	-0.160618	-0.078007	-0.192474
Chr10	25156196	25456520	-0.310149	-0.107959	-0.059368	-0.223215
Chr10	25283265	25550696	-0.415426	-0.182233	-0.094375	-0.301693
Chr10	25456521	25763317	-0.503079	-0.293065	-0.163762	-0.404501
Chr10	25550707	26048860	-0.425112	-0.111747	-0.080118	-0.336499
Chr10	25763324	26139378	-0.467051	-0.115220	-0.073798	-0.350919
Chr10	26048864	26258664	-0.569951	-0.259109	-0.123455	-0.421219
Chr10	26139379	26357650	-0.431490	-0.169183	-0.099759	-0.311067
Chr10	26258674	26743800	-0.187360	-0.078715	-0.052129	-0.140063
Chr10	26357662	26859005	0.230067	0.103421	0.067476	0.138277
Chr10	26743801	26978537	0.065204	0.032222	0.017898	0.043758
Chr10	26859189	27149886	-0.332113	-0.155225	-0.075753	-0.219930
Chr10	26978642	27278634	-0.399049	-0.168800	-0.087670	-0.294516
Chr10	27150093	27397974	-0.324717	-0.119949	-0.073888	-0.250575
Chr10	27278872	27504788	-0.325167	-0.113581	-0.067293	-0.242330
Chr10	27398162	27584687	-0.293426	-0.123265	-0.064998	-0.216025
Chr10	27504793	27684884	-0.215120	-0.095286	-0.056833	-0.156373
Chr10	27584717	27809194	-0.273204	-0.117311	-0.067559	-0.185228
Chr10	27685129	27945239	-0.039151	-0.020161	-0.010191	-0.024009
Chr10	27809196	28074082	-0.043324	-0.018912	-0.011580	-0.030866
Chr10	27945256	28233657	-0.378184	-0.129341	-0.078788	-0.280273
Chr10	28074218	28377142	-0.353128	-0.094135	-0.057064	-0.231338
Chr10	28233700	28489436	-0.460803	-0.124331	-0.073928	-0.291051
Chr10	28377283	28601550	-0.612385	-0.265445	-0.140945	-0.473302
Chr10	28489440	28812632	-0.691812	-0.353580	-0.185878	-0.600431
Chr10	28601607	28946348	-0.655992	-0.251083	-0.148788	-0.536748
Chr10	28812813	29026114	-0.446871	-0.202199	-0.115625	-0.315868
Chr10	28946395	29174633	-0.221482	-0.103155	-0.056250	-0.163263
Chr10	29026132	29327145	0.056179	0.013257	0.009314	0.054734
Chr10	29174693	29509737	0.130395	0.025044	0.017878	0.123875
Chr10	29327178	29655759	-0.215857	-0.054562	-0.033976	-0.148917
Chr10	29509846	29752991	-0.407433	-0.156939	-0.087981	-0.173068
Chr10	29655923	29869243	-0.398192	-0.218150	-0.111334	-0.171240
Chr10	29753062	29922642	-0.574487	-0.553907	-0.222127	-0.442449
Chr10	29869347	30021198	-0.458733	-0.199606	-0.118469	-0.371766
Chr10	29922691	30160728	-0.165094	-0.045447	-0.028848	-0.126049
Chr10	30021273	30259579	-0.116755	-0.043620	-0.022717	-0.066533
Chr10	30160731	30380903	-0.256028	-0.110126	-0.050656	-0.110637
Chr10	30259590	30539814	-0.471342	-0.180709	-0.092883	-0.273571
Chr10	30380904	30674655	-0.410375	-0.147839	-0.083628	-0.294375
Chr10	30539870	30753036	-0.430972	-0.213738	-0.117359	-0.306622
Chr10	30674705	30835630	-0.736467	-0.390005	-0.232134	-0.568792
Chr10	30753055	31052158	-0.626094	-0.205527	-0.130359	-0.491463
Chr10	30835646	31215475	-0.470056	-0.130177	-0.081138	-0.354359
Chr10	31052207	31340754	-0.459019	-0.113449	-0.079451	-0.325454
Chr10	31215481	31557064	-0.671732	-0.208142	-0.118621	-0.578197
Chr10	31340801	31709876	-0.856876	-0.409352	-0.177903	-0.823061
Chr10	31557348	31915359	-0.886491	-0.359554	-0.186735	-0.850271
Chr10	31710279	33389207	-0.729598	-0.245578	-0.148248	-0.692159
Chr10	31915374	33553508	-0.670177	-0.347307	-0.164452	-0.641440
Chr10	33390018	34608579	-0.366764	-0.168395	-0.075175	-0.328015
Chr10	33553649	34816417	-0.416786	-0.144547	-0.071693	-0.370431
Chr10	34608641	35006408	-0.782061	-0.247498	-0.137085	-0.697220
Chr10	34816450	35246261	-0.557149	-0.186394	-0.103263	-0.476562
Chr10	35007619	35383440	-0.547543	-0.261315	-0.121743	-0.466748
Chr10	35246300	35541886	-0.605373	-0.285801	-0.125155	-0.488051
Chr10	35383506	35699227	-0.359167	-0.136426	-0.069886	-0.241888
Chr10	35541906	35831922	-0.469308	-0.196264	-0.099772	-0.325689
Chr10	35699412	36106632	-0.416823	-0.175753	-0.082063	-0.284659
Chr10	35831931	36291115	-0.191779	-0.062155	-0.027983	-0.101261
Chr10	36106665	36429277	-0.652551	-0.263169	-0.116553	-0.437067
Chr10	36291125	36628698	-0.467697	-0.169776	-0.093491	-0.373444
Chr10	36429319	36858397	-0.183513	-0.056642	-0.035288	-0.141780
Chr10	36628833	37060796	-0.238628	-0.078338	-0.048515	-0.185435
Chr10	36858503	37227885	-0.165151	-0.054208	-0.033968	-0.128090
Chr10	37060878	37374419	0.042344	0.014774	0.009103	0.027701
Chr10	37227935	37503724	0.027814	0.009714	0.005770	0.016113
Chr10	37374519	37584957	-0.538743	-0.312192	-0.159122	-0.402443
Chr10	37503790	37683003	-0.670592	-0.498527	-0.236898	-0.494315
Chr10	37584977	37764789	-0.292222	-0.157681	-0.094878	-0.169593
Chr10	37683051	37900604	-0.096019	-0.045727	-0.028179	-0.057297
Chr10	37764798	37950820	-0.119223	-0.070926	-0.041286	-0.073761
Chr10	37900625	37993254	-0.119684	-0.134716	-0.073988	-0.075514
Chr10	37950883	38073103	-0.044806	-0.049552	-0.028346	-0.031132
Chr10	37993471	38156176	-0.051036	-0.048804	-0.029830	-0.030976
Chr10	38073396	38232873	-0.125447	-0.130548	-0.069707	-0.073102
Chr10	38156189	38303250	-0.206375	-0.219677	-0.102595	-0.126009
Chr10	38232889	38348890	-0.060345	-0.054178	-0.029934	-0.043122
Chr10	38303337	38408473	-0.404226	-0.402664	-0.211690	-0.332754
Chr10	38348894	38506724	-0.394392	-0.347573	-0.184190	-0.317209
Chr10	38408609	38585696	0.044801	0.032073	0.019636	0.033993
Chr10	38507076	38693915	-0.066233	-0.058859	-0.031914	-0.036294
Chr10	38585853	38824513	-0.314252	-0.209185	-0.106224	-0.207959
Chr10	38693954	38909513	-0.415830	-0.256697	-0.125282	-0.244695
Chr10	38824573	38985844	-0.406295	-0.345681	-0.164869	-0.232064
Chr10	38909567	39068938	-0.326273	-0.180912	-0.118028	-0.217642
Chr10	38985877	39146821	-0.303340	-0.150360	-0.104403	-0.193315
Chr10	39069054	39245998	-0.393961	-0.406540	-0.198028	-0.280793
Chr10	39146838	39325340	-0.404021	-0.535316	-0.231650	-0.302554
Chr10	39246010	39463613	-0.369497	-0.325559	-0.171912	-0.257636
Chr10	39325343	39654387	-0.388051	-0.369675	-0.168776	-0.254085
Chr10	39463619	39831014	-0.447500	-0.551449	-0.220482	-0.284670
Chr10	39654390	39946319	-0.344300	-0.356733	-0.166113	-0.210476
Chr10	39831058	40112984	-0.295873	-0.320820	-0.149613	-0.183401
Chr10	39946327	40239335	-0.417554	-0.588835	-0.212869	-0.255326
Chr10	40112989	40351502	-0.479360	-0.675715	-0.229822	-0.310866
Chr10	40239552	40437039	-0.201246	-0.159841	-0.079260	-0.124007
Chr10	40351515	40548532	0.042608	0.022089	0.012867	0.025096
Chr10	40437072	40747159	-0.207609	-0.132228	-0.070725	-0.130830
Chr10	40549058	40853764	-0.162793	-0.132058	-0.068736	-0.108846
Chr10	40747222	40948521	-0.384894	-0.291400	-0.132118	-0.249591
Chr10	40853789	41063982	-0.230047	-0.126557	-0.056380	-0.143003
Chr10	40948628	41206483	0.434521	0.149441	0.091090	0.297357
Chr10	41064068	41320882	0.340101	0.116587	0.078380	0.232110
Chr10	41206582	41421092	-0.027593	-0.014571	-0.008290	-0.015979
Chr10	41320896	41476936	-0.076420	-0.057360	-0.033116	-0.042969
Chr10	41421105	41548400	-0.029713	-0.030419	-0.014763	-0.018004
Chr10	41477022	41629703	-0.024239	-0.020348	-0.008482	-0.019691
Chr10	41548462	41699063	-0.135568	-0.111243	-0.049338	-0.085585
Chr10	41629704	41829760	-0.192214	-0.131845	-0.075958	-0.112270
Chr10	41699118	41947830	-0.061447	-0.021585	-0.013649	-0.044732
Chr10	41829766	42079764	-0.479647	-0.201890	-0.104672	-0.371175
Chr10	41947840	42176033	-0.790880	-0.574583	-0.216407	-0.666912
Chr10	42079792	42326177	-0.518556	-0.301728	-0.137492	-0.401401
Chr10	42176090	42414402	-0.162733	-0.079927	-0.044036	-0.110565
Chr10	42326229	42518222	-0.267028	-0.171528	-0.091754	-0.175310
Chr10	42414591	42730347	-0.204781	-0.071050	-0.042730	-0.096648
Chr10	42518253	42903861	-0.031086	-0.009302	-0.005918	-0.011722
Chr10	42730431	43039048	0.089616	0.045229	0.032708	0.060832
Chr10	42903915	43160012	0.287829	0.143820	0.105856	0.208811
Chr10	43039083	43260104	0.354377	0.169833	0.117804	0.252782
Chr10	43160036	43414879	0.155936	0.079069	0.044962	0.098081
Chr10	43260106	43526000	-0.049566	-0.027446	-0.014261	-0.024322
Chr10	43414920	43598367	0.062096	0.038908	0.020589	0.040345
Chr10	43526030	43677915	-0.430338	-0.489965	-0.183364	-0.299821
Chr10	43598583	43803971	-0.477208	-0.549201	-0.209099	-0.344158
Chr10	43677921	43919035	-0.153250	-0.121431	-0.055517	-0.093263
Chr10	43803982	44043394	-0.150911	-0.087363	-0.046719	-0.072734
Chr10	43919058	44183360	-0.127697	-0.046089	-0.029262	-0.066470
Chr10	44043487	44319237	-0.164949	-0.069360	-0.039564	-0.102523
Chr10	44183492	44436806	-0.192274	-0.087851	-0.047998	-0.127369
Chr10	44319250	44633301	-0.204713	-0.076774	-0.048577	-0.154428
Chr10	44437107	45043059	-0.184648	-0.052512	-0.035765	-0.129829
Chr10	44633991	45138930	0.118047	0.034145	0.022881	0.085608
Chr10	45043076	45267605	0.224469	0.086407	0.052951	0.168114
Chr10	45138962	45387687	-0.146143	-0.053253	-0.033495	-0.109232
Chr10	45267635	45519514	-0.012600	-0.005095	-0.003184	-0.013172
Chr10	45387731	45629512	0.073649	0.037364	0.022367	0.046803
Chr10	45519545	45774594	-0.084468	-0.047656	-0.029273	-0.042693
Chr10	45629554	46059510	0.068295	0.036508	0.021813	0.039939
Chr10	45774612	46306489	-0.010785	-0.006121	-0.003732	-0.012500
Chr10	46059521	46403491	-0.052983	-0.035668	-0.022831	-0.034068
Chr10	46308978	46479390	-0.132724	-0.099336	-0.059798	-0.059913
Chr10	46403652	46597593	-0.054039	-0.036906	-0.024080	-0.027816
Chr10	46479660	46709606	0.034277	0.024028	0.016534	0.028028
Chr10	46597680	46780221	0.100256	0.079167	0.048376	0.061608
Chr10	46709620	46904147	-0.070076	-0.032316	-0.021816	-0.046103
Chr10	46780284	47022419	-0.253002	-0.120019	-0.077235	-0.148794
Chr10	46904153	47139150	-0.251906	-0.157872	-0.095662	-0.130194
Chr10	47022444	47215884	-0.232700	-0.133286	-0.089420	-0.118092
Chr10	47139164	47412339	-0.104847	-0.069130	-0.042318	-0.060129
Chr10	47215968	47825628	0.045177	0.028985	0.017215	0.027174
Chr10	47412356	47997903	0.090278	0.057356	0.035946	0.056666
Chr10	47825841	48059971	0.028518	0.020409	0.013676	0.014227
Chr10	47997929	48126260	-0.101703	-0.112565	-0.065394	-0.059656
Chr10	48059992	48324632	-0.041586	-0.039463	-0.021858	-0.020961
Chr10	48126282	48594044	0.027422	0.018256	0.010980	0.019196
Chr10	48324819	48892262	0.144632	0.090265	0.055099	0.086096
Chr10	48594079	49037034	0.223837	0.153445	0.088748	0.138079
Chr10	48892488	49098884	0.112391	0.096345	0.055620	0.060918
Chr10	49037055	49185732	0.042763	0.045319	0.026207	0.015766
Chr10	49098959	49351910	0.074587	0.060048	0.030726	0.023182
Chr10	49185745	49466892	0.003103	0.002093	0.001080	0.000927
Chr10	49351936	49504563	-0.096551	-0.102229	-0.048192	-0.050611
Chr10	49466906	49578925	-0.008807	-0.010891	-0.004560	-0.004782
Chr10	49504576	49669725	0.088569	0.072506	0.033003	0.048058
Chr10	49578964	49755312	-0.040549	-0.032609	-0.014873	-0.032184
Chr10	49669747	49816554	-0.166171	-0.182167	-0.079997	-0.104546
Chr10	49755316	49863573	-0.090804	-0.141546	-0.057039	-0.047995
Chr10	49816611	49932323	-0.019324	-0.020517	-0.009974	-0.011598
Chr10	49863603	49992613	-0.039577	-0.037341	-0.019669	-0.025144
Chr10	49932364	50153748	-0.180894	-0.198816	-0.088565	-0.107361
Chr10	49992639	50218033	-0.119762	-0.107986	-0.046979	-0.080408
Chr10	50153771	50280140	-0.106210	-0.104126	-0.043689	-0.066855
Chr10	50218088	50344607	-0.072741	-0.082660	-0.032407	-0.031149
Chr10	50280152	50403261	-0.021047	-0.020379	-0.009160	0.002028
Chr10	50344652	50522768	0.150334	0.144253	0.077796	0.081957
Chr10	50403609	50587073	0.220173	0.194775	0.115436	0.123258
Chr10	50522785	50765046	0.097155	0.063445	0.042704	0.052979
Chr10	50587096	50835400	-0.003856	-0.002356	-0.001625	-0.003627
Chr10	50765086	50898655	-0.125326	-0.084337	-0.057008	-0.070497
Chr10	50835516	50965158	-0.135585	-0.112618	-0.072416	-0.074266
Chr10	50898661	51027273	-0.195893	-0.216096	-0.117922	-0.109534
Chr10	50965167	51096088	-0.272302	-0.193530	-0.120127	-0.175454
Chr10	51027281	51176647	-0.324550	-0.169552	-0.116719	-0.241809
Chr10	51096130	51273696	-0.254218	-0.158325	-0.098552	-0.182708
Chr10	51176849	51440306	-0.074005	-0.051241	-0.030292	-0.054257
Chr10	51273709	51574183	-0.001669	-0.001018	-0.000632	-0.006534
Chr10	51442564	51651423	-0.075222	-0.057424	-0.032086	-0.042923
Chr10	51574302	51828472	-0.085681	-0.052902	-0.032641	-0.047653
Chr10	51651512	51961332	-0.126296	-0.080003	-0.048159	-0.068934
Chr10	51828524	52063459	-0.119955	-0.113270	-0.050889	-0.065797
Chr10	51961337	52289477	-0.064342	-0.060611	-0.029972	-0.036308
Chr10	52063495	52414277	-0.027690	-0.027602	-0.016354	-0.016003
Chr10	52289489	52582549	0.113614	0.098072	0.060157	0.062976
Chr10	52417358	52860207	0.183671	0.134029	0.086623	0.095909
Chr10	52582554	53084840	0.166216	0.122304	0.073717	0.085292
Chr10	52860303	53147676	0.069232	0.059355	0.033513	0.040083
Chr10	53084872	53250942	0.035928	0.034565	0.021143	0.019414
Chr10	53147700	53475794	0.054878	0.044674	0.025666	0.024549
Chr10	53250945	53558996	-0.002794	-0.002654	-0.001419	-0.005054
Chr10	53475802	53648228	0.047316	0.054392	0.030333	0.023086
Chr10	53559002	53711184	0.144267	0.171664	0.102884	0.079925
Chr10	53648298	53810790	0.141348	0.146913	0.075281	0.069412
Chr10	53711200	53884857	0.117964	0.116104	0.053333	0.057717
Chr10	53810792	53942313	0.191049	0.266950	0.127980	0.114475
Chr10	53884864	54012574	0.106809	0.190186	0.083157	0.059496
Chr10	53942317	54056863	-0.167149	-0.351161	-0.134803	-0.093545
Chr10	54012575	54217908	-0.101184	-0.089142	-0.052816	-0.062414
Chr10	54056865	54298938	-0.021033	-0.015980	-0.010210	-0.014805
Chr10	54217920	54355694	-0.141617	-0.177839	-0.097309	-0.090845
Chr10	54298941	54412572	-0.160758	-0.211108	-0.112658	-0.098176
Chr10	54355712	54517165	-0.005111	-0.005342	-0.003206	-0.005667
Chr10	54412586	54628807	0.092979	0.079782	0.046952	0.042014
Chr10	54517214	55152888	0.081381	0.053951	0.033446	0.041631
Chr10	54628889	55517219	0.136405	0.082023	0.055077	0.078876
Chr10	55153725	55625689	0.278270	0.196650	0.144165	0.154014
Chr10	55517222	55714219	0.180348	0.162634	0.113130	0.089137
Chr10	55626581	55820184	0.031262	0.032187	0.018781	0.003929
Chr10	55714235	56514263	0.095695	0.066280	0.042357	0.049213
Chr10	55820269	56611324	0.190877	0.124355	0.086062	0.109749
Chr10	56534245	56717431	0.267454	0.228507	0.160104	0.155184
Chr10	56611357	56779086	0.121652	0.131064	0.081292	0.067309
Chr10	56717468	56858899	0.069817	0.077114	0.044230	0.038083
Chr10	56779113	57006608	-0.021773	-0.019082	-0.010806	-0.009334
Chr10	56858949	57239634	0.039634	0.027749	0.016443	0.023577
Chr10	57006645	57304993	0.154418	0.123654	0.074448	0.085262
Chr10	57239695	57569486	0.087403	0.060329	0.032579	0.048232
Chr10	57305349	57753223	0.055861	0.033901	0.017988	0.035098
Chr10	57569499	57821855	0.020483	0.017456	0.009381	0.016318
Chr10	57753233	57913742	-0.011531	-0.013626	-0.007798	-0.007293
Chr10	57821902	57984541	0.014567	0.013960	0.008062	0.004259
Chr10	57914007	58103833	0.003200	0.002643	0.001632	0.002221
Chr10	57984619	58190127	-0.156426	-0.129824	-0.078652	-0.104916
Chr10	58103918	58244190	-0.221913	-0.203766	-0.112949	-0.130774
Chr10	58190187	58296256	-0.205734	-0.251438	-0.132647	-0.116828
Chr10	58244219	58361091	-0.340980	-0.424732	-0.210509	-0.239679
Chr10	58296294	58520069	-0.449918	-0.482578	-0.204760	-0.317665
Chr11	186052	391613	-0.473170	-0.311251	-0.199312	-0.350175
Chr11	284145	599448	-0.303413	-0.107362	-0.079300	-0.242168
Chr11	391631	728586	-0.114086	-0.034836	-0.026091	-0.084559
Chr11	599557	846449	-0.165581	-0.070937	-0.051196	-0.123318
Chr11	729181	981442	-0.295890	-0.117315	-0.081605	-0.216404
Chr11	846475	1130779	-0.358541	-0.142592	-0.088430	-0.252042
Chr11	981443	1324353	-0.314327	-0.117117	-0.074236	-0.228129
Chr11	1130791	1459830	-0.230784	-0.077106	-0.054552	-0.158113
Chr11	1324411	1578880	0.003517	0.001524	0.000989	0.001160
Chr11	1459834	1759473	0.022311	0.018438	0.009203	0.016399
Chr11	1578884	2011995	-0.110994	-0.050001	-0.032415	-0.063559
Chr11	1759803	2113771	-0.280256	-0.108892	-0.071058	-0.150696
Chr11	2012083	2265040	-0.341819	-0.127648	-0.086211	-0.172488
Chr11	2113863	2377165	-0.159620	-0.056244	-0.039914	-0.089284
Chr11	2265069	2507122	-0.041839	-0.015926	-0.011267	-0.024183
Chr11	2377187	2592378	-0.166692	-0.080725	-0.053999	-0.099748
Chr11	2507148	2689928	-0.163453	-0.118753	-0.071630	-0.107891
Chr11	2592405	2782242	-0.017245	-0.014602	-0.008675	-0.011371
Chr11	2689990	2846423	0.019559	0.016841	0.010329	0.012131
Chr11	2782261	2936822	-0.007713	-0.003979	-0.002868	-0.001817
Chr11	2846453	3049499	-0.082145	-0.040728	-0.028353	-0.044486
Chr11	2936849	3157529	-0.122232	-0.080517	-0.052561	-0.071592
Chr11	3049660	3246345	-0.079696	-0.065248	-0.037566	-0.048095
Chr11	3157530	3545671	-0.173443	-0.154391	-0.074022	-0.098868
Chr11	3246362	3724701	-0.184996	-0.110638	-0.063059	-0.102657
Chr11	3545721	3808768	-0.091661	-0.055217	-0.034323	-0.048982
Chr11	3724724	3907820	-0.071404	-0.055846	-0.035103	-0.041381
Chr11	3808773	3976770	-0.007793	-0.006097	-0.003886	-0.006299
Chr11	3907870	4047727	0.121154	0.107097	0.067215	0.065203
Chr11	3976916	4122780	-0.055633	-0.047736	-0.028411	-0.035856
Chr11	4047736	4185906	-0.226411	-0.252553	-0.128556	-0.133618
Chr11	4122837	4253629	-0.008197	-0.006820	-0.004108	-0.004353
Chr11	4185965	4369944	0.074885	0.040278	0.028822	0.050401
Chr11	4253653	4470355	-0.177404	-0.103100	-0.074984	-0.118684
Chr11	4369957	4591280	-0.248451	-0.139210	-0.097511	-0.172689
Chr11	4470422	4704657	-0.118322	-0.049073	-0.032492	-0.074586
Chr11	4591294	4811112	-0.044246	-0.022243	-0.013072	-0.028398
Chr11	4704702	4923444	-0.418561	-0.276062	-0.128724	-0.319234
Chr11	4811525	5081812	-0.556126	-0.352005	-0.161920	-0.411514
Chr11	4923511	5210593	-0.268961	-0.188466	-0.100132	-0.162326
Chr11	5081822	5293934	-0.224266	-0.164539	-0.084932	-0.141675
Chr11	5210647	5369240	-0.200898	-0.138041	-0.071868	-0.116984
Chr11	5294035	5454680	-0.044806	-0.036553	-0.020871	-0.022421
Chr11	5369283	5763744	-0.083104	-0.039591	-0.025256	-0.044825
Chr11	5455344	5906925	-0.061834	-0.023242	-0.014853	-0.039441
Chr11	5763750	6011594	-0.085680	-0.038907	-0.024154	-0.049653
Chr11	5907045	6088359	-0.217299	-0.149977	-0.084665	-0.132801
Chr11	6011597	6386422	0.008910	0.005030	0.002481	-0.002836
Chr11	6088368	6564347	0.115902	0.047952	0.024934	0.058898
Chr11	6386544	6781266	-0.014026	-0.003704	-0.002482	-0.004340
Chr11	6564356	7042018	0.199376	0.047812	0.035408	0.145546
Chr11	6781303	7214302	0.166026	0.057956	0.038729	0.120903
Chr11	7042127	7386004	0.023718	0.007199	0.005048	0.016136
Chr11	7214304	7468720	-0.225379	-0.063806	-0.049126	-0.170639
Chr11	7386010	7558047	-0.329659	-0.135424	-0.101057	-0.258180
Chr11	7468721	7739945	-0.069757	-0.031171	-0.022644	-0.040044
Chr11	7558122	7918940	-0.111287	-0.036197	-0.023536	-0.063114
Chr11	7740034	8220938	0.118903	0.029219	0.021448	0.084050
Chr11	7918998	8361119	0.162220	0.049877	0.036297	0.113807
Chr11	8220987	8498912	-0.346885	-0.199429	-0.105832	-0.234489
Chr11	8361331	8746336	-0.356023	-0.211365	-0.102546	-0.240649
Chr11	8498915	8884044	-0.276049	-0.113788	-0.061980	-0.188842
Chr11	8746379	9056200	-0.414150	-0.141676	-0.082300	-0.322802
Chr11	8884075	9229005	-0.317275	-0.126877	-0.067445	-0.221822
Chr11	9056260	9331630	-0.092670	-0.045493	-0.025830	-0.061016
Chr11	9229007	9397155	-0.061942	-0.030916	-0.020076	-0.044008
Chr11	9331631	9484924	-0.257470	-0.122319	-0.073838	-0.173196
Chr11	9397178	9593418	-0.593327	-0.344363	-0.191588	-0.434045
Chr11	9485070	9644584	-0.562279	-0.465444	-0.241881	-0.411371
Chr11	9593553	9736605	-0.223397	-0.143195	-0.089850	-0.144034
Chr11	9644593	9882586	-0.202688	-0.108139	-0.071185	-0.139134
Chr11	9736690	9959461	-0.385176	-0.229463	-0.131965	-0.282760
Chr11	9882626	10159324	-0.495141	-0.157671	-0.097387	-0.364424
Chr11	9959518	10441672	-0.450310	-0.142713	-0.088448	-0.323286
Chr11	10159447	10690130	-0.354022	-0.183182	-0.100760	-0.219351
Chr11	10442382	10777605	-0.228143	-0.112565	-0.064688	-0.135312
Chr11	10690147	10912281	-0.081623	-0.035042	-0.023539	-0.045852
Chr11	10777628	11039290	-0.214426	-0.108439	-0.067947	-0.148798
Chr11	10912308	11125517	-0.410261	-0.282733	-0.137390	-0.308743
Chr11	11039372	11260399	-0.394791	-0.185713	-0.102051	-0.277260
Chr11	11125539	11411498	-0.170252	-0.063165	-0.040144	-0.109695
Chr11	11260422	11501939	-0.047489	-0.028787	-0.017338	-0.029436
Chr11	11411625	11586236	-0.032948	-0.021713	-0.011992	-0.022589
Chr11	11501994	11692647	-0.108127	-0.076794	-0.040466	-0.072826
Chr11	11586251	11804390	-0.351770	-0.378623	-0.167899	-0.218755
Chr11	11692667	12003072	-0.320250	-0.253619	-0.122185	-0.194222
Chr11	11804406	12058055	-0.129994	-0.090594	-0.047644	-0.078216
Chr11	12003079	12341943	0.203019	0.111677	0.063401	0.123813
Chr11	12058114	12452627	0.175332	0.095936	0.057659	0.110219
Chr11	12342114	12539391	-0.067416	-0.043980	-0.028003	-0.045326
Chr11	12452653	12700810	0.058669	0.023377	0.014839	0.030936
Chr11	12539489	12786071	0.024962	0.012204	0.007470	0.016693
Chr11	12701186	12845781	-0.102648	-0.096389	-0.054757	-0.055000
Chr11	12786113	12947739	-0.051316	-0.046065	-0.023716	-0.026667
Chr11	12845796	13234594	-0.115088	-0.056126	-0.034459	-0.084832
Chr11	12947741	13339133	-0.231177	-0.112277	-0.071243	-0.178747
Chr11	13234670	13407455	-0.182836	-0.157733	-0.089234	-0.123936
Chr11	13339167	13517029	0.127734	0.115048	0.064383	0.082206
Chr11	13407469	13618363	0.330620	0.203924	0.124954	0.224461
Chr11	13517532	13736199	0.193641	0.087029	0.056422	0.128149
Chr11	13618441	13855740	0.014832	0.007563	0.004818	0.001049
Chr11	13736252	13926941	0.152545	0.107501	0.070841	0.078532
Chr11	13855742	14061180	0.109345	0.058917	0.042922	0.055355
Chr11	13927673	14193780	0.544753	0.128731	0.119397	0.405990
Chr11	14061267	14319886	0.702002	0.149973	0.141351	0.553368
Chr11	14193821	14432186	-0.203547	-0.079419	-0.055676	-0.132228
Chr11	14319905	14496673	-0.370910	-0.191783	-0.111572	-0.251263
Chr11	14432285	14618434	-0.043018	-0.023219	-0.012974	-0.032136
Chr11	14496918	14734662	-0.098142	-0.047561	-0.027926	-0.068948
Chr11	14618452	14798920	-0.349138	-0.225987	-0.130330	-0.234441
Chr11	14734703	14867176	-0.098493	-0.102401	-0.054900	-0.063976
Chr11	14798964	14944648	0.100955	0.094356	0.036431	0.047102
Chr11	14867213	15041011	-0.049861	-0.031571	-0.012304	-0.026270
Chr11	14944678	15151471	0.006777	0.002742	0.001532	-0.000258
Chr11	15041223	15261763	0.027208	0.010679	0.007185	0.012267
Chr11	15151565	15400067	-0.245745	-0.160613	-0.077704	-0.136624
Chr11	15261790	15484574	-0.360196	-0.288728	-0.099647	-0.191235
Chr11	15400154	15582210	-0.059266	-0.050002	-0.018178	-0.027167
Chr11	15484653	15782045	0.093572	0.086914	0.042325	0.044310
Chr11	15582370	15890453	-0.033975	-0.035943	-0.018308	-0.018490
Chr11	15782125	15947947	0.070811	0.076763	0.040852	0.039287
Chr11	15890479	16029823	0.211911	0.214008	0.138834	0.130345
Chr11	15947972	16096204	0.068897	0.072421	0.047123	0.040864
Chr11	16029825	16148867	-0.150680	-0.188936	-0.111369	-0.093260
Chr11	16096252	16250958	-0.242453	-0.342109	-0.151048	-0.155408
Chr11	16148881	16300800	-0.194239	-0.261884	-0.108911	-0.111025
Chr11	16250964	16497956	-0.069907	-0.072483	-0.032245	-0.030418
Chr11	16300812	16533279	-0.178520	-0.212391	-0.088326	-0.093067
Chr11	16497976	16595292	-0.225229	-0.370019	-0.163330	-0.126480
Chr11	16533316	16804315	-0.030818	-0.023860	-0.014131	-0.018068
Chr11	16595402	17033769	-0.140850	-0.084093	-0.051377	-0.088497
Chr11	16804342	17082183	-0.258510	-0.197518	-0.116132	-0.161542
Chr11	17033838	17256097	-0.107775	-0.099390	-0.056332	-0.061072
Chr11	17082250	17331616	-0.135506	-0.102652	-0.060558	-0.081246
Chr11	17257389	17421946	-0.265718	-0.184820	-0.105794	-0.164988
Chr11	17331634	17552847	-0.283554	-0.136549	-0.084260	-0.181384
Chr11	17422026	17787189	-0.208036	-0.087937	-0.055195	-0.131132
Chr11	17552867	17836026	-0.188007	-0.119836	-0.068102	-0.109947
Chr11	17787252	17951344	-0.257642	-0.178373	-0.102073	-0.150699
Chr11	17836046	18045115	-0.468268	-0.277348	-0.155537	-0.322515
Chr11	17951347	18145446	-0.566669	-0.288986	-0.177885	-0.412168
Chr11	18045161	18332336	-0.316018	-0.138475	-0.085849	-0.207000
Chr11	18145561	18444367	-0.207847	-0.111916	-0.057450	-0.134854
Chr11	18332355	18564890	-0.366022	-0.178576	-0.086140	-0.259588
Chr11	18444370	18652349	-0.424994	-0.195310	-0.101853	-0.293840
Chr11	18564966	18766881	-0.186750	-0.098884	-0.053984	-0.119841
Chr11	18652505	18966818	0.077065	0.043010	0.022818	0.048384
Chr11	18766897	19238940	-0.063253	-0.025681	-0.015221	-0.043032
Chr11	18966819	19358262	-0.329789	-0.130062	-0.070221	-0.228349
Chr11	19238995	19523295	-0.582005	-0.299953	-0.125066	-0.423508
Chr11	19358376	19659393	-0.627657	-0.385900	-0.148039	-0.479060
Chr11	19523351	19773292	-0.232372	-0.124937	-0.060864	-0.165077
Chr11	19659488	20043935	-0.004763	-0.001575	-0.000910	0.000394
Chr11	19773344	20482726	-0.294220	-0.097812	-0.037626	-0.245791
Chr11	20044140	20586615	-0.443700	-0.200699	-0.064982	-0.344073
Chr11	20482810	20653201	-0.229426	-0.132538	-0.082078	-0.120113
Chr11	20586635	20740202	-0.296614	-0.181773	-0.105616	-0.174225
Chr11	20653272	20859075	-0.384798	-0.245511	-0.133329	-0.273021
Chr11	20740336	20960665	-0.154359	-0.105935	-0.057689	-0.094048
Chr11	20859165	21002427	0.077669	0.074326	0.045354	0.054354
Chr11	20960667	21043513	0.207839	0.230458	0.161323	0.133149
Chr11	21002438	21231889	0.081973	0.072637	0.044007	0.048351
Chr11	21043554	21447734	-0.065347	-0.044828	-0.024954	-0.026851
Chr11	21232205	21639250	0.109000	0.079466	0.049064	0.063877
Chr11	21447746	21842188	0.112662	0.074909	0.043937	0.073679
Chr11	21639277	22078401	0.058890	0.021834	0.011497	0.029131
Chr11	21842259	22231478	-0.233950	-0.086499	-0.041333	-0.129618
Chr11	22078573	22343540	-0.295962	-0.125514	-0.067331	-0.186127
Chr11	22231492	22482374	-0.222687	-0.080692	-0.048392	-0.162530
Chr11	22343574	22656383	-0.274838	-0.098823	-0.056426	-0.210575
Chr11	22482642	22783530	-0.552354	-0.288040	-0.131347	-0.445152
Chr11	22656446	23167023	-0.725173	-0.485512	-0.192932	-0.594786
Chr11	22783648	23493063	-0.634621	-0.239398	-0.128184	-0.472071
Chr11	23168687	23661591	-0.252904	-0.048137	-0.035430	-0.161756
Chr11	23493312	23740904	0.145187	0.026884	0.022329	0.080713
Chr11	23661756	23887869	-0.038298	-0.014409	-0.009779	-0.023288
Chr11	23740926	24148007	-0.060203	-0.022694	-0.013438	-0.024400
Chr11	23887899	24286486	0.130407	0.043462	0.026946	0.071245
Chr11	24148130	24436110	0.138653	0.044668	0.032438	0.088475
Chr11	24286544	24539880	-0.217110	-0.097269	-0.059523	-0.146136
Chr11	24436297	24658058	-0.307296	-0.139494	-0.080979	-0.230201
Chr11	24539981	24868539	0.044009	0.013390	0.008590	0.041997
Chr11	24658112	25011001	0.331499	0.099771	0.060090	0.277813
Chr11	24868565	25133991	-0.062506	-0.027205	-0.013889	-0.048770
Chr11	25011090	25205798	-0.487883	-0.283317	-0.131496	-0.316524
Chr11	25134019	25303441	-0.308893	-0.173504	-0.096101	-0.191476
Chr11	25205818	25399545	-0.396214	-0.250300	-0.143305	-0.283323
Chr11	25303443	25507404	-0.364561	-0.257086	-0.147124	-0.206576
Chr11	25399563	25612966	-0.004384	-0.002963	-0.001818	0.000089
Chr11	25507424	25690932	0.005431	0.004178	0.002562	0.005122
Chr11	25612988	25803968	-0.003838	-0.002263	-0.001529	-0.002949
Chr11	25691023	25901135	-0.301071	-0.158406	-0.098242	-0.202305
Chr11	25804086	26132658	-0.527808	-0.296413	-0.163162	-0.359234
Chr11	25901144	26177057	-0.349026	-0.198265	-0.099707	-0.219171
Chr11	26132670	26324096	-0.155691	-0.069818	-0.034374	-0.088566
Chr11	26177063	26526995	0.090570	0.033427	0.018038	0.051521
Chr11	26324122	26840665	0.117194	0.043745	0.024513	0.074471
Chr11	26527113	26980223	-0.245120	-0.107124	-0.055486	-0.151107
Chr11	26840708	27149406	-0.569491	-0.354619	-0.152294	-0.437169
Chr11	26980275	27293586	-0.657200	-0.542197	-0.220223	-0.566535
Chr11	27149569	27407200	-0.552808	-0.495522	-0.215443	-0.437415
Chr11	27293672	27557332	-0.616277	-0.574067	-0.205207	-0.478390
Chr11	27407436	27671235	-0.651657	-0.438404	-0.188565	-0.522241
Chr11	27557333	27828428	-0.388671	-0.157476	-0.098524	-0.274760
Chr11	27671532	27958687	-0.047713	-0.018042	-0.011647	-0.033117
Chr11	27828433	28120004	-0.023552	-0.008502	-0.005432	-0.015219
Chr11	27958706	28325834	-0.079597	-0.029774	-0.017527	-0.055850
Chr11	28123219	28589315	-0.219532	-0.079880	-0.045528	-0.171643
Chr11	28325898	28812735	-0.278763	-0.095566	-0.054723	-0.223994
Chr11	28589336	28953056	-0.282271	-0.109605	-0.058264	-0.234331
Chr11	28812742	29089008	-0.385388	-0.124277	-0.073582	-0.306061
Chr11	28953092	29225918	-0.424395	-0.117165	-0.072818	-0.316528
Chr11	29089113	29434721	-0.504175	-0.134598	-0.074468	-0.388021
Chr11	29226022	29753266	-0.024973	-0.004428	-0.003132	-0.015921
Chr11	29434753	29900384	0.196258	0.037886	0.029251	0.171387
Chr11	29753284	30121398	-0.410944	-0.150967	-0.085939	-0.384115
Chr11	29900402	32472445	-0.578976	-0.229669	-0.108770	-0.513248
Chr11	30121626	32690081	-0.641292	-0.202909	-0.102024	-0.517420
Chr11	32472521	32858960	-0.739406	-0.234635	-0.130367	-0.616373
Chr11	32690089	33019461	-0.624764	-0.228719	-0.129699	-0.560884
Chr11	32858970	33316917	-0.448153	-0.127388	-0.074876	-0.341623
Chr11	33019508	33519547	-0.148359	-0.035240	-0.021423	-0.105905
Chr11	33316922	33628476	0.007844	0.002790	0.001471	0.007000
Chr11	33519603	33721801	0.035881	0.016157	0.007829	0.027280
Chr11	33628514	33797897	-0.070803	-0.035447	-0.022685	-0.040311
Chr11	33722066	33946701	-0.290133	-0.113305	-0.072706	-0.200853
Chr11	33797928	34146588	-0.320062	-0.110035	-0.069435	-0.204277
Chr11	33946704	34229335	-0.131472	-0.054120	-0.037884	-0.076765
Chr11	34146679	34427199	-0.224732	-0.068767	-0.048792	-0.132209
Chr11	34229434	34566984	-0.216935	-0.065202	-0.041828	-0.132784
Chr11	34427201	34670035	-0.284450	-0.118318	-0.070550	-0.174688
Chr11	34567031	34764156	-0.394691	-0.203737	-0.113947	-0.244829
Chr11	34670055	34867078	-0.178606	-0.079030	-0.047674	-0.117567
Chr11	34764236	34981932	-0.298667	-0.118402	-0.069646	-0.200625
Chr11	34867092	35125871	-0.313956	-0.103145	-0.060306	-0.216748
Chr11	34981942	35286014	-0.172100	-0.059742	-0.038500	-0.112721
Chr11	35126147	35401201	-0.249511	-0.129144	-0.075026	-0.147563
Chr11	35286057	35502960	-0.276897	-0.146105	-0.083524	-0.166849
Chr11	35401261	35596019	-0.137029	-0.064765	-0.044806	-0.084761
Chr11	35502981	35746198	-0.007152	-0.002340	-0.001828	-0.006968
Chr11	35596187	35926857	-0.168854	-0.047843	-0.033595	-0.120012
Chr11	35746318	36087642	-0.410412	-0.143717	-0.091174	-0.303766
Chr11	35926862	36218761	-0.315448	-0.110001	-0.072354	-0.212253
Chr11	36087661	36321277	0.097012	0.033997	0.020995	0.060645
Chr11	36218773	36418531	0.098123	0.046337	0.024565	0.066643
Chr11	36321342	36656129	-0.212491	-0.092037	-0.047155	-0.156010
Chr11	36418661	37042694	-0.426659	-0.157547	-0.083561	-0.333926
Chr11	36656174	37147502	-0.409034	-0.165067	-0.089333	-0.282433
Chr11	37043728	37278557	-0.145620	-0.076889	-0.042814	-0.093010
Chr11	37147563	37432994	-0.107360	-0.043828	-0.027644	-0.077615
Chr11	37278562	37591295	-0.199555	-0.079014	-0.050529	-0.142820
Chr11	37433377	37760543	-0.139633	-0.073781	-0.046883	-0.109114
Chr11	37591310	37909539	-0.133261	-0.065441	-0.042812	-0.105876
Chr11	37760574	37979124	0.014992	0.006852	0.004785	0.006201
Chr11	37909629	38029074	0.223515	0.105481	0.065042	0.176342
Chr11	37979125	38331526	-0.060927	-0.027225	-0.014400	-0.038999
Chr11	38029078	38454178	-0.298488	-0.126422	-0.067656	-0.183516
Chr11	38331547	38848591	-0.117690	-0.047831	-0.026733	-0.072936
Chr11	38454205	38968797	0.038644	0.014723	0.008274	0.029399
Chr11	38854443	39156783	0.029321	0.010165	0.005124	0.021122
Chr11	38968805	39329052	-0.139943	-0.049633	-0.024100	-0.094369
Chr11	39156853	39442069	-0.197266	-0.097647	-0.049469	-0.135338
Chr11	39329053	39631787	-0.153016	-0.061561	-0.041933	-0.097445
Chr11	39442270	39773368	-0.117891	-0.047902	-0.031015	-0.059362
Chr11	39631823	39881230	-0.260487	-0.174292	-0.090453	-0.166279
Chr11	39773388	39940240	-0.447955	-0.432814	-0.199767	-0.344370
Chr11	39881256	40046804	-0.414759	-0.302720	-0.157409	-0.302955
Chr11	39940344	40151356	-0.175164	-0.060887	-0.042818	-0.100433
Chr11	40046840	40278268	-0.092235	-0.038496	-0.027221	-0.048861
Chr11	40151359	40362843	-0.122673	-0.079615	-0.050189	-0.077873
Chr11	40278511	40474264	-0.284573	-0.176345	-0.106069	-0.200716
Chr11	40362848	40670783	-0.248669	-0.132345	-0.077935	-0.164424
Chr11	40474351	40772977	-0.082746	-0.040074	-0.023693	-0.045305
Chr11	40670805	40851120	-0.013631	-0.005281	-0.003733	-0.006845
Chr11	40772995	40938172	0.038797	0.020057	0.014076	0.022124
Chr11	40851161	41117155	0.034453	0.026189	0.014268	0.018153
Chr11	40938184	41202868	-0.137347	-0.094160	-0.055567	-0.079829
Chr11	41117206	41707821	-0.199076	-0.151630	-0.094598	-0.117159
Chr11	41202870	42268197	0.025757	0.015650	0.010379	0.015008
Chr11	41707838	42343345	-0.034547	-0.022239	-0.014379	-0.024281
Chr11	42268201	42427115	-0.112170	-0.110062	-0.061580	-0.062288
Chr11	42343544	42836827	-0.094513	-0.071192	-0.043794	-0.052422
Chr11	42427123	42893667	-0.066053	-0.044024	-0.027803	-0.037122
Chr11	42836835	42981876	0.019889	0.014768	0.007975	0.015975
Chr11	42893674	43073837	-0.034804	-0.027382	-0.014242	-0.014075
Chr11	42981887	43170235	-0.511703	-0.549051	-0.215056	-0.368512
Chr11	43073855	43292842	-0.404509	-0.347308	-0.143681	-0.300322
Chr11	43170239	43350934	-0.035374	-0.025896	-0.012367	-0.030588
Chr11	43293410	43438741	-0.281607	-0.273382	-0.104150	-0.175391
Chr11	43350935	43618512	-0.286816	-0.165867	-0.087404	-0.191553
Chr11	43439262	43769107	-0.291424	-0.158978	-0.095378	-0.187011
Chr11	43618535	43882502	-0.383202	-0.254113	-0.131781	-0.231864
Chr11	43769149	44031629	-0.253799	-0.140022	-0.073157	-0.162335
Chr11	43882509	44260706	-0.134256	-0.059237	-0.033660	-0.093085
Chr11	44031658	44378386	-0.219846	-0.105407	-0.060001	-0.151244
Chr11	44261033	44533847	-0.344996	-0.209238	-0.100666	-0.233123
Chr11	44378388	44685306	-0.448677	-0.217281	-0.110643	-0.332422
Chr11	44533877	44944025	-0.407153	-0.146761	-0.080842	-0.292587
Chr11	44685668	45288338	-0.237456	-0.056842	-0.035753	-0.157212
Chr11	44944043	45432545	-0.257341	-0.061311	-0.041542	-0.180295
Chr11	45288385	45524987	-0.351921	-0.126261	-0.078387	-0.222771
Chr11	45432573	45703215	-0.217601	-0.106382	-0.060564	-0.125691
Chr11	45525007	45924146	-0.232703	-0.144593	-0.071502	-0.148380
Chr11	45703327	46030842	-0.420792	-0.336480	-0.146320	-0.257846
Chr11	45924156	46165049	-0.359179	-0.182480	-0.097570	-0.212981
Chr11	46031086	46279822	-0.342391	-0.135961	-0.081933	-0.224499
Chr11	46165050	46425204	-0.458892	-0.203190	-0.115950	-0.344835
Chr11	46279879	46495436	-0.450471	-0.257769	-0.130374	-0.302573
Chr11	46425207	46580376	-0.464916	-0.459009	-0.229745	-0.287433
Chr11	46495449	46680896	-0.502294	-0.343764	-0.195543	-0.386766
Chr11	46580381	46837924	-0.322369	-0.153381	-0.090380	-0.229315
Chr11	46681021	46990496	-0.185702	-0.060335	-0.039914	-0.127601
Chr11	46837964	47083650	-0.292413	-0.133016	-0.079569	-0.199809
Chr11	46990526	47192434	-0.257630	-0.160677	-0.081035	-0.146096
Chr11	47083675	47306279	-0.052396	-0.028992	-0.014919	-0.026886
Chr11	47192526	47408122	0.074850	0.062926	0.030391	0.045581
Chr11	47306339	47519127	0.064740	0.048641	0.027332	0.047614
Chr11	47408127	47639258	0.198947	0.125041	0.079493	0.126280
Chr11	47519168	47736452	0.078551	0.043698	0.027139	0.045017
Chr11	47639377	47818348	-0.094361	-0.055006	-0.031224	-0.048496
Chr11	47736454	47952373	-0.115814	-0.062794	-0.035798	-0.059917
Chr11	47818349	48200618	-0.174588	-0.090577	-0.051792	-0.106504
Chr11	47952691	48331396	0.031959	0.015370	0.009647	0.033381
Chr11	48200647	48465141	0.235903	0.113331	0.069140	0.156165
Chr11	48331443	48535054	-0.045878	-0.025055	-0.014376	-0.030396
Chr11	48465343	48630982	-0.298523	-0.174811	-0.097532	-0.200175
Chr11	48535056	48764603	-0.194005	-0.137263	-0.068547	-0.120480
Chr11	48631005	48844084	-0.022749	-0.016507	-0.008688	-0.011450
Chr11	48764632	49008123	-0.084661	-0.037792	-0.023267	-0.046505
Chr11	48844086	49208913	-0.098596	-0.030984	-0.020089	-0.061164
Chr11	49008157	49302270	0.048745	0.015425	0.010410	0.030229
Chr11	49208943	49524724	-0.298632	-0.130439	-0.077922	-0.189705
Chr11	49302347	49683867	-0.471030	-0.181768	-0.106190	-0.361172
Chr11	49524729	49812565	-0.340232	-0.117379	-0.073840	-0.223363
Chr11	49683898	49936571	-0.171897	-0.070195	-0.043758	-0.096664
Chr11	49812745	50105971	-0.114744	-0.049736	-0.032661	-0.064046
Chr11	49936594	50269238	-0.124203	-0.043555	-0.030242	-0.071885
Chr11	50105984	50387013	-0.100758	-0.036758	-0.025470	-0.056961
Chr11	50269310	50522821	-0.177400	-0.088879	-0.052535	-0.099659
Chr11	50387056	50614179	-0.204604	-0.104331	-0.063909	-0.134683
Chr11	50522853	50924290	-0.022575	-0.012741	-0.008468	-0.017491
Chr11	50614195	51071524	0.058675	0.037550	0.022293	0.037361
Chr11	50924319	51133764	-0.085041	-0.058183	-0.034367	-0.053585
Chr11	51071547	51340351	-0.001430	-0.000687	-0.000483	-0.014491
Chr11	51134018	51433762	0.052576	0.028218	0.018038	0.020365
Chr11	51340429	51525799	-0.008961	-0.008552	-0.004227	-0.001612
Chr11	51433906	51644771	-0.150710	-0.110535	-0.063276	-0.085755
Chr11	51525819	51762487	0.006419	0.003857	0.002470	0.003128
Chr11	51644833	51843814	0.071957	0.049798	0.032537	0.046835
Chr11	51762774	52018884	-0.324884	-0.215906	-0.130073	-0.211312
Chr11	51843859	52124706	-0.352680	-0.161047	-0.103896	-0.252072
Chr11	52018919	52214956	-0.154340	-0.067493	-0.041852	-0.101295
Chr11	52124729	52471437	-0.000559	-0.000213	-0.000110	0.011467
Chr11	52214962	52721864	-0.318742	-0.138157	-0.066588	-0.262599
Chr11	52471459	52846986	-0.576140	-0.359072	-0.173708	-0.491267
Chr11	52722053	52941668	-0.351994	-0.226893	-0.119977	-0.254430
Chr11	52846997	53053383	-0.289815	-0.208331	-0.106923	-0.194689
Chr11	52941686	53175195	-0.262103	-0.185873	-0.097289	-0.182847
Chr11	53053414	53405627	-0.219248	-0.092054	-0.054876	-0.154852
Chr11	53175248	53547698	-0.140327	-0.050687	-0.030159	-0.090133
Chr11	53405680	53658076	-0.041890	-0.019013	-0.010454	-0.022714
Chr11	53547711	53855845	-0.046629	-0.018911	-0.010943	-0.021066
Chr11	53658162	54006154	-0.034835	-0.013003	-0.007921	-0.014922
Chr11	53855970	54110950	-0.124674	-0.064236	-0.038005	-0.082518
Chr11	54006178	54263572	-0.301675	-0.164804	-0.088396	-0.212043
Chr11	54110954	54402855	-0.495171	-0.210135	-0.114055	-0.322967
Chr11	54263614	54563750	-0.485560	-0.231377	-0.130792	-0.335540
Chr11	54402862	54685149	-0.328717	-0.194954	-0.104694	-0.246324
Chr11	54564345	54818426	-0.051158	-0.032803	-0.018089	-0.036783
Chr11	54685189	54911877	0.252933	0.185856	0.130448	0.157799
Chr11	54818461	55126111	0.134045	0.073594	0.046744	0.087525
Chr11	54911904	55237864	-0.069852	-0.033472	-0.018094	-0.043362
Chr11	55126709	55525408	-0.165246	-0.082159	-0.045014	-0.107557
Chr11	55237873	55627674	-0.199317	-0.096264	-0.057815	-0.117927
Chr11	55525414	55863071	-0.115036	-0.044250	-0.026770	-0.085185
Chr11	55627763	55993885	-0.301415	-0.110735	-0.066056	-0.234143
Chr11	55863095	56075058	-0.550083	-0.363524	-0.184173	-0.394706
Chr11	55993893	56184761	-0.542951	-0.679850	-0.284091	-0.332465
Chr12	86529	561008	-0.689118	-0.235299	-0.118701	-0.540531
Chr12	337454	750807	-0.552104	-0.182614	-0.102094	-0.464779
Chr12	561197	931121	-0.356930	-0.102773	-0.062818	-0.268746
Chr12	750809	1017049	-0.353867	-0.149384	-0.092220	-0.224874
Chr12	931252	1055307	-0.246676	-0.266707	-0.131287	-0.132739
Chr12	1017061	1118222	-0.150127	-0.189724	-0.086834	-0.085059
Chr12	1055320	1724932	-0.070539	-0.055467	-0.031938	-0.041627
Chr12	1118251	1800112	0.003707	0.002655	0.001386	0.009104
Chr12	1724950	1900727	-0.086471	-0.081260	-0.034057	-0.047432
Chr12	1800209	1977430	0.095878	0.082936	0.047769	0.061661
Chr12	1900785	2049890	0.171458	0.162240	0.104544	0.089716
Chr12	1977439	2243840	-0.232726	-0.100025	-0.063042	-0.144447
Chr12	2049898	2489597	-0.349966	-0.122835	-0.061703	-0.280820
Chr12	2243938	2659247	-0.362559	-0.132755	-0.067739	-0.285037
Chr12	2489965	2787167	-0.303024	-0.116209	-0.072739	-0.231755
Chr12	2659298	2919583	-0.056351	-0.023106	-0.014269	-0.038098
Chr12	2787179	3132532	-0.124288	-0.043166	-0.027853	-0.079623
Chr12	2919781	3272742	-0.539364	-0.191669	-0.117985	-0.406854
Chr12	3132559	3549212	-0.419623	-0.136370	-0.088086	-0.326452
Chr12	3272744	3712696	-0.121602	-0.030345	-0.021265	-0.081123
Chr12	3549308	3886522	-0.270581	-0.080681	-0.051565	-0.178930
Chr12	3712698	4048445	-0.319577	-0.091717	-0.058943	-0.207642
Chr12	3886623	4141319	-0.153246	-0.044299	-0.028964	-0.094439
Chr12	4048457	4256797	-0.190343	-0.106410	-0.063356	-0.118354
Chr12	4141348	4390310	-0.145059	-0.085021	-0.054698	-0.092620
Chr12	4256815	4566553	-0.193120	-0.087991	-0.051972	-0.130234
Chr12	4390744	4643191	-0.146581	-0.068727	-0.039963	-0.095187
Chr12	4566557	4774487	-0.172849	-0.074865	-0.044550	-0.091742
Chr12	4643230	5018750	-0.309974	-0.079806	-0.050016	-0.205424
Chr12	4774540	5221354	-0.458880	-0.135183	-0.082177	-0.371288
Chr12	5018849	5418095	-0.557048	-0.196274	-0.118236	-0.423032
Chr12	5221379	5555619	-0.304156	-0.099633	-0.062505	-0.213986
Chr12	5418159	5725159	-0.031077	-0.010143	-0.006791	-0.021384
Chr12	5555745	5843321	-0.027850	-0.009482	-0.006418	-0.023219
Chr12	5725601	5976024	-0.243688	-0.099873	-0.053867	-0.179947
Chr12	5843440	6106354	-0.386448	-0.165120	-0.090141	-0.296666
Chr12	5976030	6325406	-0.429600	-0.161880	-0.097182	-0.321120
Chr12	6106364	6491192	-0.381019	-0.125700	-0.074188	-0.278919
Chr12	6325430	6708080	-0.363633	-0.127903	-0.078202	-0.262263
Chr12	6491428	6910269	-0.293638	-0.107951	-0.066448	-0.201533
Chr12	6708177	7089772	-0.246247	-0.092771	-0.051074	-0.175503
Chr12	6910274	7213102	-0.150915	-0.059707	-0.033282	-0.120368
Chr12	7089786	7299794	-0.233910	-0.117861	-0.065599	-0.178464
Chr12	7213150	7467789	-0.441670	-0.219681	-0.113737	-0.304281
Chr12	7299800	7620147	-0.223282	-0.087308	-0.047269	-0.175664
Chr12	7467849	7853126	-0.180738	-0.065921	-0.036321	-0.146536
Chr12	7620166	8009453	-0.335519	-0.105383	-0.058864	-0.261769
Chr12	7853140	8231429	-0.259812	-0.068645	-0.041428	-0.210166
Chr12	8009461	8419079	-0.359084	-0.102536	-0.064384	-0.290361
Chr12	8233164	8572894	-0.416390	-0.148953	-0.093228	-0.315004
Chr12	8419279	8712050	-0.289762	-0.111530	-0.068231	-0.203959
Chr12	8572977	8971168	-0.351453	-0.124089	-0.072329	-0.286408
Chr12	8712054	9085692	-0.401880	-0.150859	-0.083296	-0.331726
Chr12	8971175	9374091	-0.457844	-0.142485	-0.084722	-0.339266
Chr12	9085706	9547093	-0.307815	-0.072827	-0.047647	-0.210738
Chr12	9374101	9663333	-0.195269	-0.060407	-0.036876	-0.129837
Chr12	9547107	9740659	-0.239144	-0.123342	-0.063704	-0.164458
Chr12	9663433	9861404	-0.161019	-0.084056	-0.042662	-0.098528
Chr12	9740668	9960881	-0.228290	-0.144799	-0.070347	-0.138542
Chr12	9861423	10045948	-0.283680	-0.207147	-0.104138	-0.174003
Chr12	9960882	10178347	-0.147403	-0.081044	-0.042600	-0.080659
Chr12	10045959	10287021	-0.025614	-0.015489	-0.008273	-0.007211
Chr12	10178413	10365765	0.293571	0.207794	0.113731	0.187011
Chr12	10287076	10483542	0.215913	0.140643	0.074543	0.131352
Chr12	10365910	10585336	-0.196686	-0.114294	-0.067159	-0.124311
Chr12	10483696	10735037	-0.244754	-0.100332	-0.057029	-0.174935
Chr12	10585344	11012996	-0.299413	-0.089933	-0.050873	-0.226626
Chr12	10736677	11173505	-0.610913	-0.214107	-0.118549	-0.519689
Chr12	11013494	11319053	-0.550085	-0.219510	-0.120408	-0.476317
Chr12	11174155	11395272	-0.223415	-0.091604	-0.048621	-0.150287
Chr12	11319071	11541639	-0.176343	-0.068069	-0.038568	-0.100385
Chr12	11395337	11671426	-0.213403	-0.078481	-0.047422	-0.154133
Chr12	11541990	11857380	-0.083212	-0.024586	-0.014994	-0.062101
Chr12	11671510	12011200	0.168685	0.044262	0.028164	0.135178
Chr12	11857433	12151537	0.279184	0.099419	0.060953	0.226580
Chr12	12011233	12308314	0.144860	0.055459	0.033261	0.109693
Chr12	12151551	12522896	-0.035839	-0.010676	-0.006747	-0.024522
Chr12	12308316	12743900	-0.024775	-0.005713	-0.003649	-0.012430
Chr12	12522901	12935830	-0.140851	-0.034930	-0.019312	-0.076472
Chr12	12743927	13061619	-0.515741	-0.241516	-0.107894	-0.357336
Chr12	12936023	13132952	-0.667866	-0.504846	-0.233976	-0.565714
Chr12	13061663	13295201	-0.343289	-0.156170	-0.101043	-0.258129
Chr12	13132959	13401481	-0.017991	-0.005790	-0.004142	-0.014208
Chr12	13295575	13598141	-0.222459	-0.075888	-0.046005	-0.162464
Chr12	13401517	13758150	-0.270125	-0.078606	-0.045800	-0.184720
Chr12	13598156	13870940	-0.132395	-0.041928	-0.025648	-0.073781
Chr12	13758164	14023280	-0.355832	-0.123461	-0.071002	-0.236228
Chr12	13870954	14210014	-0.489049	-0.160773	-0.095580	-0.396040
Chr12	14023303	14381812	-0.386467	-0.118156	-0.078843	-0.287096
Chr12	14210039	14507928	-0.115172	-0.030573	-0.020904	-0.063770
Chr12	14381815	14656879	-0.104262	-0.031050	-0.020133	-0.051825
Chr12	14507950	14870386	-0.368654	-0.136170	-0.079881	-0.263471
Chr12	14657053	14989912	-0.432145	-0.173288	-0.102908	-0.334617
Chr12	14870425	15122490	-0.416880	-0.167721	-0.095652	-0.288168
Chr12	14989921	15253672	-0.327685	-0.133134	-0.068162	-0.226660
Chr12	15122932	15384615	-0.182900	-0.087351	-0.044236	-0.144287
Chr12	15253808	15683391	-0.179775	-0.078625	-0.041284	-0.133480
Chr12	15384716	15863591	-0.192851	-0.055280	-0.033201	-0.130478
Chr12	15683397	16014528	-0.109047	-0.031158	-0.019806	-0.072802
Chr12	15863619	16141945	0.003308	0.001306	0.000820	0.002738
Chr12	16014590	16233655	-0.055988	-0.021056	-0.013064	-0.034274
Chr12	16141946	16412075	-0.252261	-0.067851	-0.042841	-0.171402
Chr12	16233694	16568881	-0.386437	-0.101580	-0.065399	-0.305294
Chr12	16412169	16715130	-0.339560	-0.111446	-0.069387	-0.266084
Chr12	16568955	17083929	-0.236295	-0.067699	-0.042111	-0.167810
Chr12	16715262	17223442	-0.089163	-0.024889	-0.015446	-0.071929
Chr12	17084409	17378779	-0.069396	-0.023809	-0.012920	-0.053311
Chr12	17223454	17600141	-0.143164	-0.042007	-0.022769	-0.099926
Chr12	17378790	17806736	-0.078936	-0.021260	-0.013242	-0.066063
Chr12	17600621	17915928	-0.207947	-0.070518	-0.041179	-0.165949
Chr12	17806856	18037494	-0.305226	-0.142085	-0.069669	-0.207308
Chr12	17915997	18222270	-0.333857	-0.131105	-0.073333	-0.232477
Chr12	18037495	18413195	-0.298774	-0.091879	-0.054398	-0.232341
Chr12	18222280	18630213	-0.249193	-0.062123	-0.038508	-0.179396
Chr12	18413220	18847239	-0.320904	-0.093645	-0.055584	-0.210341
Chr12	18630372	18976510	-0.331934	-0.161689	-0.081722	-0.197356
Chr12	18847267	19062047	-0.142369	-0.091469	-0.050246	-0.077114
Chr12	18976511	19109632	-0.062711	-0.065727	-0.036199	-0.033818
Chr12	19062066	19170947	-0.024880	-0.027315	-0.015959	-0.012442
Chr12	19109640	19351037	-0.101236	-0.035764	-0.024070	-0.060238
Chr12	19170960	19586832	-0.289713	-0.076944	-0.047570	-0.201296
Chr12	19351174	19693564	-0.718407	-0.407928	-0.196732	-0.631409
Chr12	19586852	19872169	-0.835027	-0.594402	-0.268682	-0.763418
Chr12	19693612	20204404	-0.693811	-0.207812	-0.117722	-0.558178
Chr12	19872391	20358278	-0.542438	-0.180998	-0.097625	-0.449590
Chr12	20205104	20567472	-0.428647	-0.188852	-0.099544	-0.392310
Chr12	20358339	20748678	-0.511410	-0.210481	-0.111214	-0.473382
Chr12	20567476	20944398	-0.512650	-0.155331	-0.086988	-0.462421
Chr12	20748720	21129164	-0.386494	-0.085389	-0.052595	-0.331289
Chr12	20944494	21295717	-0.599246	-0.195811	-0.110690	-0.530272
Chr12	21129180	21512711	-0.626025	-0.237460	-0.129055	-0.580222
Chr12	21295724	21746869	-0.413868	-0.109561	-0.066850	-0.386101
Chr12	21512736	22844612	-0.600812	-0.174576	-0.097721	-0.563243
Chr12	21747285	23067073	-0.663327	-0.203332	-0.108475	-0.621349
Chr12	22844651	23303682	-0.538700	-0.137036	-0.073772	-0.485325
Chr12	23067078	23641914	-0.415979	-0.079265	-0.047179	-0.378374
Chr12	23303688	24089962	-0.347973	-0.048226	-0.031819	-0.320792
Chr12	23642102	25130908	-0.276150	-0.029567	-0.019045	-0.234885
Chr12	24090102	25475163	-0.454764	-0.060775	-0.037489	-0.389506
Chr12	25131598	25803101	-0.590473	-0.126662	-0.073122	-0.522293
Chr12	25475263	26048745	-0.404055	-0.115825	-0.063383	-0.354788
Chr12	25803201	26217378	-0.151630	-0.049943	-0.026319	-0.101506
Chr12	26048763	26417968	-0.301943	-0.106270	-0.047538	-0.191861
Chr12	26217431	26635356	-0.571160	-0.231824	-0.104600	-0.473630
Chr12	26418002	26760678	-0.642220	-0.349741	-0.156545	-0.537457
Chr12	26635575	26926887	-0.709604	-0.338565	-0.173151	-0.526018
Chr12	26760740	27266651	-0.509503	-0.097006	-0.064944	-0.353401
Chr12	26929128	27418988	-0.195294	-0.039988	-0.025149	-0.141744
Chr12	27266765	27622815	-0.263863	-0.078133	-0.040516	-0.201862
Chr12	27419196	27840904	-0.465061	-0.124448	-0.062458	-0.356187
Chr12	27622999	27959663	-0.444791	-0.155785	-0.075196	-0.317255
Chr12	27840952	28161459	-0.217812	-0.087684	-0.047437	-0.167024
Chr12	27959669	28280500	-0.182178	-0.069559	-0.037719	-0.150527
Chr12	28162418	28411443	-0.556148	-0.260063	-0.121527	-0.502589
Chr12	28280534	28591832	-0.589541	-0.203830	-0.112463	-0.511857
Chr12	28411455	28693093	-0.320763	-0.091707	-0.057968	-0.254590
Chr12	28591849	28860362	-0.334764	-0.115083	-0.059633	-0.229169
Chr12	28693122	29005169	-0.461035	-0.162382	-0.083763	-0.323641
Chr12	28860438	29117610	-0.385629	-0.131051	-0.075782	-0.293891
Chr12	29005219	29387019	-0.273983	-0.078554	-0.045189	-0.199207
Chr12	29117635	29602988	-0.341573	-0.093844	-0.054379	-0.259906
Chr12	29387064	29749008	-0.250037	-0.074807	-0.045081	-0.189335
Chr12	29603012	29992040	-0.391086	-0.143669	-0.075683	-0.301243
Chr12	29749040	30201871	-0.604780	-0.235029	-0.120847	-0.495698
Chr12	29992081	30403878	-0.705749	-0.269294	-0.138667	-0.617763
Chr12	30201883	30583895	-0.556256	-0.176283	-0.089210	-0.469843
Chr12	30403891	30722934	-0.427708	-0.130480	-0.067315	-0.328284
Chr12	30583914	30835764	-0.427630	-0.179817	-0.089031	-0.287745
Chr12	30723266	31023428	-0.227418	-0.090728	-0.044571	-0.146355
Chr12	30835813	31184077	-0.090438	-0.031405	-0.017034	-0.061583
Chr12	31023571	31305786	-0.278049	-0.132318	-0.070816	-0.194107
Chr12	31184140	31442740	-0.474441	-0.180518	-0.106000	-0.374458
Chr12	31306556	31580643	-0.289519	-0.096419	-0.059203	-0.234258
Chr12	31444556	31728382	-0.312035	-0.106994	-0.061896	-0.242196
Chr12	31580654	31888026	-0.429353	-0.134487	-0.075262	-0.320092
Chr12	31728386	32014633	-0.310995	-0.109766	-0.060509	-0.235708
Chr12	31888038	32102114	-0.206489	-0.090604	-0.053755	-0.135469
Chr12	32014746	32208753	-0.048181	-0.030646	-0.016823	-0.013874
Chr12	32102149	32281668	-0.058811	-0.042894	-0.021965	-0.026111
Chr12	32208754	32352775	-0.295712	-0.286352	-0.146662	-0.191678
Chr12	32281678	32452406	-0.440148	-0.299818	-0.148538	-0.311179
Chr12	32352778	32623277	-0.412684	-0.202209	-0.105031	-0.315928
Chr12	32452464	32852717	-0.566286	-0.283443	-0.147337	-0.466622
Chr12	32623685	33015261	-0.548245	-0.274739	-0.136787	-0.439086
Chr12	32853180	33193379	-0.351058	-0.144688	-0.078920	-0.257994
Chr12	33015360	33326491	-0.339380	-0.124051	-0.075406	-0.237175
Chr12	33193443	33517831	-0.315200	-0.135436	-0.079365	-0.200345
Chr12	33327007	33603752	-0.255800	-0.139577	-0.083892	-0.146562
Chr12	33517851	33714935	-0.077261	-0.052666	-0.033776	-0.042550
Chr12	33603762	33818154	-0.092180	-0.092299	-0.053792	-0.057378
Chr12	33714943	33958062	0.019777	0.017862	0.011781	0.005356
Chr12	33818209	34058465	0.029692	0.027713	0.018286	0.012036
Chr12	33958077	34156861	-0.046949	-0.032244	-0.021456	-0.029342
Chr12	34058469	34248207	0.031650	0.017328	0.011534	0.014870
Chr12	34156885	34364708	-0.125202	-0.064236	-0.039260	-0.081153
Chr12	34248397	34466829	-0.341388	-0.163222	-0.095927	-0.234644
Chr12	34364783	34593941	-0.292203	-0.145591	-0.081170	-0.158493
Chr12	34466838	34700857	-0.009515	-0.005343	-0.003025	-0.004460
Chr12	34593984	34871668	-0.373285	-0.160690	-0.078264	-0.248133
Chr12	34700972	34995547	-0.574829	-0.229103	-0.108416	-0.405569
Chr12	34871736	35109362	-0.536709	-0.261641	-0.120248	-0.367450
Chr12	34995575	35202205	-0.414306	-0.262278	-0.112463	-0.284069
Chr12	35109390	35309217	-0.085127	-0.044604	-0.022922	-0.052549
Chr12	35202296	35447344	-0.263454	-0.102902	-0.053655	-0.165861
Chr12	35309418	35646665	-0.407849	-0.133277	-0.072883	-0.295561
Chr12	35447346	35785317	-0.326636	-0.109045	-0.062019	-0.229454
Chr12	35646707	35884633	-0.286032	-0.120638	-0.068999	-0.181771
Chr12	35785404	35995390	-0.058039	-0.032680	-0.019967	-0.026554
Chr12	35884975	36039941	0.047208	0.050932	0.027919	0.024105
Chr12	35995394	36108541	0.168654	0.191805	0.112066	0.085300
Chr12	36039994	36197614	0.180770	0.148515	0.089963	0.107957
Chr12	36108550	36289378	-0.183151	-0.152969	-0.066666	-0.116470
Chr12	36197671	36450982	-0.329702	-0.256583	-0.106972	-0.232161
Chr12	36289453	36600537	-0.404299	-0.220733	-0.109124	-0.304535
Chr12	36451063	36746604	-0.376655	-0.155905	-0.080143	-0.266132
Chr12	36600566	36856977	-0.329260	-0.145858	-0.068939	-0.217928
Chr12	36746639	36955340	0.145465	0.077862	0.038206	0.103652
Chr12	36857087	37059536	0.280293	0.136657	0.069291	0.178557
Chr12	36955343	37182780	-0.069526	-0.033500	-0.015784	-0.042755
Chr12	37059639	37306934	-0.173223	-0.096344	-0.044754	-0.115848
Chr12	37182944	37385263	-0.297350	-0.189474	-0.084577	-0.188774
Chr12	37307002	37487082	-0.307477	-0.213421	-0.093912	-0.191381
Chr12	37385415	37623887	-0.375342	-0.198751	-0.102097	-0.265877
Chr12	37487126	37769417	-0.223235	-0.105342	-0.059132	-0.177702
Chr12	37624116	37928500	-0.227888	-0.108385	-0.054011	-0.177909
Chr12	37769538	38057814	-0.493877	-0.272944	-0.117601	-0.394625
Chr12	37928577	38173178	-0.587969	-0.343697	-0.151783	-0.502561
Chr12	38057817	38361076	-0.432265	-0.228539	-0.115515	-0.376030
Chr12	38173543	38454730	-0.453960	-0.304668	-0.142346	-0.386906
Chr12	38361159	38548231	-0.202903	-0.160426	-0.065825	-0.149586
Chr12	38454733	38678816	0.148625	0.083216	0.037928	0.120637
Chr12	38548259	38850463	0.021952	0.008246	0.004495	0.020835
Chr12	38678820	39000537	0.007257	0.002461	0.001474	0.001571
Chr12	38850471	39176731	-0.127218	-0.055572	-0.029523	-0.083192
Chr12	39000557	39246712	-0.230007	-0.129914	-0.067729	-0.144507
Chr12	39176798	39392341	-0.182737	-0.080220	-0.052332	-0.110656
Chr12	39246752	39502960	-0.397753	-0.171733	-0.105859	-0.261426
Chr12	39392369	39623853	-0.317895	-0.175692	-0.094262	-0.230660
Chr12	39503295	39797286	-0.227334	-0.096954	-0.056640	-0.181484
Chr12	39623861	39923155	-0.306388	-0.141774	-0.080124	-0.220636
Chr12	39797390	40152725	-0.204557	-0.087224	-0.052261	-0.128827
Chr12	39923338	40687471	-0.013573	-0.003955	-0.002662	-0.010556
Chr12	40154557	40818066	0.009665	0.002704	0.001765	0.005104
Chr12	40687489	41011648	-0.239249	-0.071478	-0.042715	-0.181864
Chr12	40818638	41166134	-0.096044	-0.027783	-0.018061	-0.077586
Chr12	41011653	41282870	0.237935	0.069401	0.051111	0.177147
Chr12	41166143	41502242	0.371231	0.148848	0.097256	0.258248
