chr	windowStart	windowEnd	D	f_d	f_dM	d_f
Chr01	153536	263514	-0.005189	-0.007460	-0.003088	0.000158
Chr01	219146	336476	-0.043189	-0.057257	-0.022416	-0.015214
Chr01	263517	439356	-0.058094	-0.063533	-0.027012	-0.019736
Chr01	336613	521148	0.011889	0.014264	0.004304	0.005380
Chr01	439576	628532	0.014170	0.017313	0.005856	0.010023
Chr01	521160	820023	-0.156738	-0.176164	-0.070318	-0.063467
Chr01	628655	935694	-0.185491	-0.209358	-0.064344	-0.055700
Chr01	820724	1057634	-0.034392	-0.029695	-0.010355	-0.007050
Chr01	935889	1178030	-0.017959	-0.011922	-0.005769	-0.007492
Chr01	1057681	1322202	-0.097307	-0.059617	-0.032307	-0.034237
Chr01	1178064	1453643	-0.208511	-0.148005	-0.076551	-0.064259
Chr01	1322250	1536160	-0.228405	-0.184423	-0.089458	-0.075212
Chr01	1453699	1627749	-0.042601	-0.028018	-0.015185	-0.012842
Chr01	1536168	1699471	0.131511	0.082561	0.047760	0.045988
Chr01	1628074	1950786	0.117832	0.043502	0.027841	0.046985
Chr01	1699484	2056392	0.151892	0.060124	0.036104	0.067004
Chr01	1950790	2156525	0.220285	0.179398	0.086630	0.084312
Chr01	2056726	2231060	0.289881	0.211465	0.120312	0.133529
Chr01	2156554	2284449	0.145845	0.146026	0.072796	0.072004
Chr01	2231081	2420580	0.184651	0.197063	0.095359	0.100049
Chr01	2284649	2474248	0.211949	0.208495	0.105858	0.121512
Chr01	2420615	2533851	0.014965	0.020439	0.008420	0.006453
Chr01	2474255	2619602	-0.049234	-0.069199	-0.028894	-0.021180
Chr01	2533905	2677475	-0.136768	-0.193054	-0.088686	-0.064442
Chr01	2619606	2718410	-0.150566	-0.192567	-0.092736	-0.068183
Chr01	2677499	2770338	-0.047888	-0.053552	-0.027709	-0.019513
Chr01	2718448	2829523	0.179518	0.177939	0.095910	0.086304
Chr01	2770383	2934031	0.185621	0.186409	0.087911	0.083551
Chr01	2829525	3003066	-0.025251	-0.027895	-0.012650	-0.009538
Chr01	2934036	3089134	-0.014452	-0.014102	-0.006387	-0.002908
Chr01	3003365	3178195	-0.017501	-0.016481	-0.007410	-0.003645
Chr01	3089225	3334208	-0.026828	-0.019122	-0.008926	-0.009326
Chr01	3178200	3471897	0.089227	0.056392	0.026286	0.033899
Chr01	3334469	3578174	-0.294603	-0.245843	-0.119617	-0.141519
Chr01	3471900	3703386	-0.356509	-0.247353	-0.140969	-0.171699
Chr01	3578209	3844037	0.000611	0.000363	0.000230	-0.001208
Chr01	3703681	3961075	0.016290	0.010605	0.006222	0.003996
Chr01	3844858	4052339	0.089161	0.066782	0.037190	0.028136
Chr01	3961087	4149971	0.177665	0.154925	0.070759	0.098208
Chr01	4052487	4257719	0.169283	0.112138	0.052168	0.070783
Chr01	4149983	4328763	0.153259	0.119243	0.058443	0.060140
Chr01	4257747	4420018	0.151574	0.155421	0.082601	0.062906
Chr01	4328764	4469712	0.059565	0.064234	0.036222	0.022557
Chr01	4420020	4524377	0.030628	0.040178	0.019018	0.013608
Chr01	4469791	4624153	0.055730	0.062176	0.028733	0.027249
Chr01	4524660	4715423	0.054356	0.051327	0.023347	0.022129
Chr01	4624166	4859794	0.121228	0.082573	0.046045	0.048929
Chr01	4715456	4945714	0.063500	0.049567	0.023340	0.030889
Chr01	4859866	5078225	0.064914	0.063360	0.025387	0.030064
Chr01	4946741	5191571	0.223695	0.169761	0.087774	0.095150
Chr01	5078231	5440062	0.263480	0.186875	0.104157	0.125351
Chr01	5191606	5615956	0.122767	0.082548	0.048972	0.065579
Chr01	5440150	5748666	0.097787	0.065472	0.035005	0.040884
Chr01	5615961	5850445	0.126781	0.105672	0.044616	0.046410
Chr01	5748681	5942579	0.054107	0.052112	0.020289	0.020654
Chr01	5850508	6021294	0.024027	0.020091	0.008653	0.007497
Chr01	5942594	6121830	-0.190597	-0.143010	-0.068294	-0.058843
Chr01	6021303	6225508	-0.025881	-0.022188	-0.009231	-0.006369
Chr01	6121881	6337728	0.301967	0.372448	0.082886	0.084511
Chr01	6225588	6612230	0.329465	0.184943	0.062881	0.102537
Chr01	6337880	6851066	0.069503	0.035743	0.015416	0.041202
Chr01	6612231	6955680	0.102848	0.058829	0.026008	0.062266
Chr01	6851114	7070562	0.189277	0.125806	0.050384	0.110032
Chr01	6956615	7225734	-0.020443	-0.018212	-0.006420	-0.012798
Chr01	7070602	7381513	-0.144816	-0.116111	-0.041954	-0.065650
Chr01	7225787	7482523	0.083622	0.067362	0.023392	0.034297
Chr01	7381528	7588410	0.417636	0.349104	0.116456	0.190939
Chr01	7482555	7716776	0.354683	0.206227	0.081297	0.122051
Chr01	7588486	7859547	0.154486	0.088434	0.040480	0.059178
Chr01	7716805	7987974	0.041442	0.026786	0.013383	0.021977
Chr01	7859609	8082909	-0.016542	-0.010237	-0.005833	-0.006701
Chr01	7987985	8209199	-0.049839	-0.035992	-0.020109	-0.018896
Chr01	8083371	8424292	-0.039820	-0.021788	-0.013112	-0.016404
Chr01	8209251	8563006	0.065429	0.033167	0.016364	0.018216
Chr01	8424361	8673426	0.004397	0.002927	0.001374	0.001148
Chr01	8563022	8893570	-0.035365	-0.023058	-0.012992	-0.010725
Chr01	8673473	9215517	-0.099597	-0.081374	-0.041944	-0.053417
Chr01	8893582	9348619	-0.008933	-0.007354	-0.004024	-0.008952
Chr01	9215976	9489707	0.144795	0.070439	0.041226	0.049874
Chr01	9348633	9583263	0.099694	0.067287	0.039416	0.036344
Chr01	9489875	9740884	0.043835	0.043268	0.024644	0.016215
Chr01	9583337	9839824	0.049493	0.043561	0.024518	0.021386
Chr01	9740928	9899590	0.079174	0.093266	0.052469	0.045613
Chr01	9839848	9971667	0.136755	0.169688	0.085346	0.060278
Chr01	9899620	10046635	0.004635	0.005557	0.002722	0.002036
Chr01	9971730	10151855	-0.043931	-0.033047	-0.018484	-0.019417
Chr01	10046645	10283738	0.093428	0.062173	0.035512	0.047052
Chr01	10151917	10365103	0.128674	0.091576	0.056983	0.055072
Chr01	10283771	10477510	0.074615	0.040665	0.024407	0.027226
Chr01	10365136	10936847	0.005231	0.003851	0.001961	0.004950
Chr01	10477580	11024170	0.020017	0.018132	0.007716	0.008072
Chr01	10936848	11177384	0.069927	0.047002	0.019336	0.015788
Chr01	11024220	11269560	0.067228	0.042596	0.021892	0.017555
Chr01	11177385	11375100	-0.005332	-0.003591	-0.002094	-0.001252
Chr01	11269569	11470359	-0.006382	-0.006059	-0.002911	-0.003112
Chr01	11375125	11521590	0.133831	0.175786	0.062983	0.056694
Chr01	11470479	11587234	0.055570	0.075944	0.027453	0.023398
Chr01	11521658	11741310	-0.013754	-0.010745	-0.005490	-0.006820
Chr01	11587237	11831744	0.061492	0.043628	0.024487	0.030248
Chr01	11741327	12040981	0.208839	0.192550	0.105341	0.130493
Chr01	11831881	12108748	0.098557	0.099278	0.052949	0.070644
Chr01	12041062	12294124	-0.098308	-0.054019	-0.033495	-0.048356
Chr01	12108752	12425062	0.065653	0.026827	0.016582	0.025663
Chr01	12294154	12677363	0.007099	0.002696	0.001606	0.005870
Chr01	12425104	12855305	-0.278523	-0.123972	-0.059199	-0.101181
Chr01	12677388	13207376	-0.130510	-0.070024	-0.026826	-0.051140
Chr01	12855377	13439603	0.224638	0.099739	0.040886	0.075441
Chr01	13207550	13681210	0.155253	0.057618	0.028375	0.047553
Chr01	13439623	13823476	0.086969	0.032352	0.017621	0.029242
Chr01	13681648	13983025	-0.014285	-0.007001	-0.003699	-0.005787
Chr01	13823584	14082496	-0.057300	-0.039548	-0.021770	-0.023351
Chr01	13983091	14190953	0.070792	0.050990	0.029590	0.027987
Chr01	14082513	14332074	-0.320796	-0.217079	-0.105837	-0.170676
Chr01	14190997	14462115	-0.600655	-0.387195	-0.177562	-0.356482
Chr01	14332211	14634594	-0.435654	-0.179535	-0.104159	-0.223148
Chr01	14462142	14727838	-0.252434	-0.117874	-0.058861	-0.107363
Chr01	14634943	14851603	-0.055215	-0.033873	-0.014972	-0.021168
Chr01	14727894	14948910	0.230867	0.103887	0.065857	0.107047
Chr01	14851851	15059665	0.256631	0.128412	0.073090	0.100494
Chr01	14948944	15145886	0.056145	0.035410	0.016895	0.020739
Chr01	15059815	15236688	0.071486	0.034544	0.021649	0.026274
Chr01	15145890	15412724	0.201776	0.076643	0.047355	0.075319
Chr01	15236711	15554124	0.327996	0.138292	0.080614	0.149455
Chr01	15412747	15638162	0.219029	0.129694	0.069704	0.102364
Chr01	15554146	15889208	0.027958	0.021378	0.011065	0.010290
Chr01	15638180	16149606	0.031001	0.018154	0.011215	0.011672
Chr01	15903013	16296694	0.040493	0.020462	0.013480	0.017107
Chr01	16149609	16420119	-0.011250	-0.007168	-0.004489	-0.003058
Chr01	16296721	16510840	-0.142037	-0.137269	-0.073901	-0.060077
Chr01	16420145	16680775	-0.041993	-0.024916	-0.014859	-0.016508
Chr01	16510947	16924459	0.082890	0.036152	0.021646	0.038026
Chr01	16680940	17038541	0.130736	0.073899	0.039441	0.062444
Chr01	16924496	17240266	0.105082	0.048566	0.027886	0.048335
Chr01	17038550	17417011	0.010461	0.003982	0.002556	0.006660
Chr01	17241034	17487585	0.206707	0.122276	0.061627	0.072843
Chr01	17417039	17560832	0.128893	0.107298	0.043114	0.058020
Chr01	17487588	17729187	-0.038973	-0.033439	-0.014927	-0.016007
Chr01	17560914	17862315	0.105447	0.073939	0.038836	0.048591
Chr01	17729191	18042192	0.156522	0.106053	0.050607	0.055945
Chr01	17862375	18214581	-0.030069	-0.020950	-0.009652	-0.013349
Chr01	18042201	18292724	-0.032486	-0.024440	-0.013476	-0.014560
Chr01	18214602	18408925	0.054166	0.051706	0.021308	0.021795
Chr01	18292754	18544462	0.088747	0.069317	0.028720	0.039555
Chr01	18409095	18653981	0.215697	0.130184	0.068452	0.114664
Chr01	18544464	18771033	0.301191	0.169088	0.096833	0.153686
Chr01	18654020	18869403	0.232447	0.127563	0.075172	0.107356
Chr01	18771037	18963682	0.120973	0.085371	0.043548	0.045878
Chr01	18869413	19089085	0.144684	0.086301	0.046121	0.056569
Chr01	18963767	19258020	0.181801	0.085264	0.047544	0.078060
Chr01	19089623	19326120	0.118403	0.078959	0.039356	0.054793
Chr01	19258167	19523871	0.005386	0.002303	0.001246	0.005109
Chr01	19326126	19755426	-0.133310	-0.034891	-0.020292	-0.062648
Chr01	19523890	19910511	-0.065858	-0.017336	-0.010720	-0.032235
Chr01	19755454	20001064	0.087324	0.032920	0.020544	0.047249
Chr01	19910527	20174125	0.080158	0.032844	0.019858	0.033194
Chr01	20001129	20304093	0.152593	0.060244	0.037270	0.056110
Chr01	20174180	20404360	0.098474	0.058565	0.035253	0.041611
Chr01	20304170	20552536	-0.045115	-0.026905	-0.016107	-0.018524
Chr01	20404627	20618775	0.044314	0.028461	0.016820	0.015836
Chr01	20552601	20702898	0.105287	0.112387	0.058874	0.040000
Chr01	20618828	20865953	-0.074873	-0.044911	-0.023133	-0.034502
Chr01	20702907	21014711	-0.094878	-0.053123	-0.023977	-0.034222
Chr01	20865981	21238741	-0.058751	-0.027884	-0.012030	-0.016152
Chr01	21014954	21572483	0.046184	0.012748	0.006520	0.017904
Chr01	21239172	21695522	0.078550	0.022081	0.011988	0.032516
Chr01	21572641	22011671	-0.026683	-0.006312	-0.003882	-0.014602
Chr01	21695603	22148623	-0.050151	-0.012683	-0.008101	-0.021876
Chr01	22011715	22303355	0.037454	0.018023	0.010223	0.012553
Chr01	22148654	22516962	0.184170	0.083695	0.050419	0.073250
Chr01	22303976	22821136	0.421873	0.156059	0.092749	0.175079
Chr01	22516981	23050208	0.314339	0.098319	0.060988	0.144991
Chr01	22821168	23198699	0.099229	0.034026	0.020762	0.037549
Chr01	23050250	23360090	0.004665	0.002354	0.001280	0.000640
Chr01	23198779	23560794	0.048244	0.020217	0.012838	0.018991
Chr01	23360178	23776641	0.123999	0.043892	0.029113	0.051487
Chr01	23560969	23876600	0.106272	0.048837	0.028953	0.040615
Chr01	23776758	23976509	0.238928	0.170808	0.083835	0.095228
Chr01	23876685	24096369	0.179916	0.160209	0.068568	0.074467
Chr01	23976562	24176975	-0.009954	-0.015568	-0.004138	-0.002519
Chr01	24096375	24274230	0.014327	0.028942	0.006994	0.003757
Chr01	24177142	24454937	0.071169	0.048174	0.023757	0.025671
Chr01	24274232	24572188	0.214335	0.102854	0.062536	0.086207
Chr01	24455088	24772998	0.201846	0.100731	0.060356	0.087438
Chr01	24572206	24942556	-0.100015	-0.052043	-0.025465	-0.038977
Chr01	24773116	25062485	-0.066529	-0.024864	-0.012014	-0.022212
Chr01	24942605	25227683	0.294761	0.118135	0.058816	0.105793
Chr01	25062904	25313528	0.189023	0.114120	0.053497	0.069144
Chr01	25228088	25551533	-0.280161	-0.186626	-0.060635	-0.160192
Chr01	25313604	25654446	-0.117936	-0.084181	-0.028091	-0.086029
Chr01	25551615	25794077	0.314944	0.122675	0.063794	0.206575
Chr01	25654465	25880035	0.430593	0.132967	0.084075	0.242389
Chr01	25794195	26062642	0.221925	0.099681	0.066463	0.116435
Chr01	25880044	26140628	0.319628	0.206948	0.134985	0.175489
Chr01	26062705	26249786	0.594990	0.351550	0.278638	0.287794
Chr01	26140629	26392763	0.230775	0.143181	0.084643	0.097016
Chr01	26249986	26527694	-0.021350	-0.010585	-0.006050	-0.007269
Chr01	26392787	26654254	-0.059717	-0.025636	-0.016145	-0.016841
Chr01	26527868	26728506	-0.049012	-0.037918	-0.019037	-0.016583
Chr01	26654298	26791601	-0.044300	-0.045779	-0.021801	-0.019375
Chr01	26728524	26849391	-0.085014	-0.085273	-0.048359	-0.033008
Chr01	26791637	26941788	-0.001899	-0.002431	-0.000912	0.001122
Chr01	26849403	27034938	0.221224	0.262613	0.098124	0.092219
Chr01	26941827	27141332	-0.006849	-0.007101	-0.003218	-0.002311
Chr01	27034943	27239091	-0.184206	-0.169546	-0.080994	-0.075969
Chr01	27141435	27349743	0.144689	0.117601	0.062780	0.069660
Chr01	27239223	27675138	0.319756	0.246483	0.146218	0.199424
Chr01	27349827	27781637	0.328650	0.191690	0.123974	0.180716
Chr01	27675144	27902786	0.232998	0.092074	0.049722	0.104493
Chr01	27781738	28050976	0.202766	0.087784	0.046052	0.070701
Chr01	27902855	28159730	0.112726	0.072516	0.038289	0.034136
Chr01	28051033	28304430	0.196242	0.109632	0.058450	0.091905
Chr01	28159741	28407205	0.253139	0.129509	0.077555	0.149598
Chr01	28304458	28594792	0.165936	0.083693	0.044249	0.054760
Chr01	28407376	28707892	0.012103	0.005838	0.003052	0.003209
Chr01	28594800	28869199	0.033689	0.024121	0.012320	0.012648
Chr01	28708339	29010115	0.133448	0.175874	0.052916	0.045474
Chr01	28869322	29082625	0.159652	0.150261	0.063246	0.062188
Chr01	29010147	29191679	0.007811	0.004464	0.002550	0.003645
Chr01	29082631	29312825	-0.024450	-0.016308	-0.007990	-0.011436
Chr01	29191695	29378205	-0.096741	-0.137328	-0.041786	-0.030177
Chr01	29312862	29481566	-0.108845	-0.143218	-0.041799	-0.033033
Chr01	29378231	29620428	0.073193	0.077483	0.021789	0.028184
Chr01	29482582	29723275	-0.015248	-0.009867	-0.003932	-0.000828
Chr01	29620438	29817156	-0.045354	-0.024902	-0.012276	-0.013685
Chr01	29723350	29951918	0.147088	0.070702	0.040547	0.048838
Chr01	29817361	30108541	0.239361	0.119983	0.050551	0.073080
Chr01	29951927	30175713	0.144520	0.111613	0.032358	0.048680
Chr01	30108552	30314050	0.342644	0.221296	0.106890	0.167971
Chr01	30176344	30381095	0.372251	0.236841	0.142722	0.194630
Chr01	30314382	30556111	0.216246	0.127452	0.079033	0.091663
Chr01	30381189	30697773	0.131184	0.067599	0.040043	0.052057
Chr01	30556270	30837669	-0.019620	-0.011478	-0.006725	-0.012415
Chr01	30697796	31039610	0.008753	0.004478	0.002782	0.004243
Chr01	30837700	31183875	0.129648	0.060597	0.036682	0.064160
Chr01	31040226	31282849	0.241047	0.170695	0.080962	0.110944
Chr01	31183934	31363213	0.394269	0.378937	0.147152	0.201469
Chr01	31282870	31418171	0.347262	0.357136	0.133955	0.157162
Chr01	31363220	31504448	0.155517	0.182687	0.076260	0.056819
Chr01	31418176	31578557	0.068865	0.073151	0.038804	0.027678
Chr01	31504469	31642494	-0.017156	-0.018476	-0.008788	-0.005491
Chr01	31578632	31712033	-0.015926	-0.023799	-0.010402	-0.007191
Chr01	31642508	31770386	-0.006336	-0.008841	-0.004465	-0.004994
Chr01	31712192	31862929	0.184199	0.158310	0.064477	0.087595
Chr01	31770388	31958029	0.215534	0.121532	0.055668	0.083195
Chr01	31862935	32052133	0.056958	0.028316	0.016615	0.023183
Chr01	31958158	32176522	0.069310	0.046019	0.024197	0.038922
Chr01	32052155	32368303	-0.003479	-0.002358	-0.001095	0.000332
Chr01	32176657	32660389	0.178888	0.060787	0.038108	0.064847
Chr01	32368335	32841276	0.089455	0.028711	0.016685	0.030885
Chr01	32660486	32959562	0.100261	0.053500	0.024073	0.038666
Chr01	32841314	33121570	0.287321	0.175102	0.077752	0.120338
Chr01	32959592	33246683	0.113517	0.067672	0.027106	0.048115
Chr01	33121597	33323541	0.155775	0.101116	0.040683	0.077002
Chr01	33246919	33420984	0.188413	0.130752	0.057132	0.086206
Chr01	33323556	33563193	-0.169337	-0.098578	-0.041740	-0.089408
Chr01	33420987	33715197	0.000673	0.000373	0.000143	-0.004970
Chr01	33563210	33841275	0.299008	0.178904	0.071086	0.111038
Chr01	33715236	34008937	-0.050134	-0.035761	-0.016019	-0.015431
Chr01	33841289	34085423	-0.104220	-0.087062	-0.033602	-0.033075
Chr01	34009104	34253443	0.110147	0.058627	0.023866	0.036566
Chr01	34085529	34351809	0.363394	0.185693	0.087289	0.165660
Chr01	34253604	34435883	0.382643	0.240593	0.114855	0.195216
Chr01	34351811	34545635	0.250632	0.149683	0.073890	0.105340
Chr01	34435896	34656569	0.177554	0.093975	0.054597	0.097201
Chr01	34545654	34770587	0.130689	0.067541	0.032939	0.044568
Chr01	34656618	34835514	0.084043	0.058562	0.021269	0.017377
Chr01	34770616	34923645	0.149374	0.110855	0.044602	0.036546
Chr01	34835525	35066727	0.213552	0.149594	0.058582	0.049491
Chr01	34923684	35149019	0.223618	0.212541	0.094787	0.078398
Chr01	35066740	35252984	0.161253	0.175235	0.078032	0.077754
Chr01	35149163	35395050	0.195790	0.137477	0.055651	0.068981
Chr01	35252985	35495221	0.056975	0.039577	0.014975	0.022090
Chr01	35395221	35590596	-0.260318	-0.186924	-0.074012	-0.090129
Chr01	35495245	35677567	-0.115950	-0.081844	-0.036769	-0.039301
Chr01	35590615	35744908	-0.043426	-0.039858	-0.020843	-0.015948
Chr01	35677568	35818350	0.137967	0.126208	0.075275	0.072757
Chr01	35745057	35868581	0.126323	0.137801	0.079978	0.067835
Chr01	35818422	35920663	-0.045355	-0.067361	-0.032318	-0.019296
Chr01	35868739	36050173	0.101428	0.096904	0.042466	0.038892
Chr01	35920668	36162659	0.356188	0.225934	0.089448	0.158651
Chr01	36050271	36267203	0.315694	0.191485	0.077217	0.111177
Chr01	36162781	36351286	0.195913	0.108840	0.052841	0.058219
Chr01	36267247	36401388	0.000878	0.000666	0.000287	0.004931
Chr01	36351293	36509095	0.170335	0.161774	0.071878	0.083716
Chr01	36402518	36661321	0.327611	0.230640	0.111169	0.156366
Chr01	36509357	36721905	0.056098	0.041808	0.019816	0.023602
Chr01	36661411	36815271	0.083480	0.065087	0.027220	0.032758
Chr01	36721937	36904974	0.186849	0.133447	0.048390	0.063315
Chr01	36815288	37033666	0.204126	0.115688	0.047035	0.059074
Chr01	36904981	37138175	0.140022	0.044995	0.020755	0.030670
Chr01	37033882	37281667	0.062429	0.017297	0.009574	0.015173
Chr01	37138270	37404521	0.182216	0.060170	0.032046	0.051371
Chr01	37281741	37550983	0.365379	0.155071	0.063243	0.115750
Chr01	37404522	37684819	0.361697	0.175690	0.060335	0.109103
Chr01	37551088	37764533	0.149325	0.117484	0.041051	0.049936
Chr01	37684829	37869943	0.001100	0.000888	0.000426	0.002697
Chr01	37764578	38019668	-0.080066	-0.057790	-0.021767	-0.017651
Chr01	37870106	38192660	0.021582	0.012952	0.004809	0.004158
Chr01	38019669	38320384	0.071249	0.030943	0.018157	0.021710
Chr01	38192827	38490992	0.208678	0.117322	0.062994	0.087144
Chr01	38320504	38767176	0.534417	0.197869	0.093995	0.295071
Chr01	38491648	39070829	0.486968	0.122498	0.065073	0.241314
Chr01	38767317	39182533	0.126773	0.044763	0.025697	0.055257
Chr01	39070917	39302378	-0.114316	-0.066659	-0.039710	-0.058925
Chr01	39182603	39613480	0.040172	0.008507	0.005082	0.025196
Chr01	39302430	40301224	0.205639	0.030607	0.016704	0.122266
Chr01	39613550	40930822	0.119083	0.013764	0.007447	0.053506
Chr01	40301226	41464706	0.209439	0.026448	0.016294	0.083711
Chr01	40930931	41625948	0.471672	0.088137	0.056362	0.165725
Chr01	41464730	42002021	0.220737	0.041073	0.026466	0.049487
Chr01	41626002	42365857	0.022332	0.003294	0.002166	0.007066
Chr01	42002067	43716340	0.109930	0.016998	0.011872	0.028916
Chr01	42365930	44281356	0.105776	0.013543	0.009546	0.013203
Chr01	43719573	46279073	0.118058	0.014183	0.009033	0.011479
Chr01	44283387	46666799	-0.143003	-0.030529	-0.017217	-0.022964
Chr01	46279074	47434756	-0.082385	-0.013610	-0.007926	-0.017087
Chr01	46666800	47737311	0.194647	0.031504	0.018501	0.075443
Chr01	47435594	47979352	0.232374	0.069090	0.038090	0.106347
Chr01	47737381	48406178	0.003714	0.001315	0.000774	0.000325
Chr01	47979359	48656604	-0.171073	-0.047149	-0.034073	-0.029935
Chr01	48406547	49014836	-0.060284	-0.015744	-0.009987	-0.010706
Chr01	48656651	49228305	-0.184699	-0.037446	-0.025171	-0.044983
Chr01	49015113	49395291	-0.450383	-0.115289	-0.078222	-0.165887
Chr01	49228723	49485773	-0.532369	-0.252758	-0.125756	-0.277551
Chr01	49395343	49623850	-0.112430	-0.071334	-0.031589	-0.044999
Chr01	49486204	49919376	0.324512	0.144079	0.065026	0.103315
Chr01	49623896	49991953	0.024481	0.012183	0.005002	0.007150
Chr01	49919384	50074147	-0.024205	-0.024702	-0.010190	-0.008283
Chr01	49991983	50178269	-0.062699	-0.096692	-0.032452	-0.022111
Chr01	50074285	50290700	-0.011139	-0.019208	-0.006673	-0.001335
Chr01	50178292	50456262	-0.123638	-0.137866	-0.065875	-0.067866
Chr01	50290719	50584163	0.030346	0.020623	0.013122	0.016417
Chr01	50456272	50723638	0.263547	0.144914	0.098247	0.141435
Chr01	50584227	50864420	-0.075299	-0.056228	-0.025205	-0.040374
Chr01	50723679	51041779	-0.167685	-0.185682	-0.057321	-0.078684
Chr01	50864459	51116328	0.271183	0.200110	0.108171	0.161381
Chr01	51041786	51472572	0.381315	0.175694	0.126186	0.224907
Chr01	51116339	52045530	0.161157	0.057880	0.040829	0.049008
Chr01	51472666	52381265	0.027918	0.011558	0.006580	0.001450
Chr01	52045579	52815936	-0.257359	-0.175253	-0.080166	-0.083812
Chr02	178305	540834	0.323341	0.265194	0.107397	0.111754
Chr02	369100	659134	0.258677	0.176616	0.073727	0.090920
Chr02	541000	739086	0.042515	0.024741	0.011693	0.018393
Chr02	659181	862274	0.209702	0.122159	0.051689	0.087057
Chr02	739287	994588	0.430582	0.286453	0.095810	0.218107
Chr02	862282	1188229	0.588236	0.432268	0.133202	0.335691
Chr02	994619	1314463	0.475911	0.326058	0.111801	0.266566
Chr02	1188285	1390393	0.225792	0.206076	0.073693	0.130181
Chr02	1314620	1472619	0.301167	0.375492	0.131959	0.187859
Chr02	1390417	1616423	0.347577	0.376404	0.121134	0.211497
Chr02	1472859	1835826	0.365565	0.194458	0.077668	0.160450
Chr02	1616436	1946203	0.240991	0.112939	0.047568	0.082102
Chr02	1835832	2150190	-0.023384	-0.013753	-0.005747	-0.009208
Chr02	1946233	2254022	0.093725	0.060191	0.027249	0.038862
Chr02	2150193	2361929	0.253214	0.124284	0.072780	0.094402
Chr02	2254140	2463565	0.113483	0.045320	0.029482	0.034293
Chr02	2362031	2570245	0.039792	0.025848	0.014165	0.015664
Chr02	2463608	2694782	0.045345	0.034675	0.018958	0.023297
Chr02	2570269	2815052	0.053449	0.045852	0.024113	0.030427
Chr02	2694929	2921966	0.187187	0.143961	0.071202	0.090254
Chr02	2816013	3016859	0.349075	0.208837	0.111064	0.141418
Chr02	2921999	3157186	0.338737	0.266057	0.139733	0.167455
Chr02	3016966	3310862	0.284473	0.231107	0.125367	0.152196
Chr02	3157192	3420467	0.175808	0.116942	0.069491	0.070861
Chr02	3310935	3525233	0.112460	0.084279	0.048816	0.036024
Chr02	3420597	3712800	0.093956	0.048772	0.026127	0.030975
Chr02	3525270	3944599	0.120240	0.051258	0.027272	0.047647
Chr02	3712911	4074164	0.189320	0.089226	0.049740	0.084705
Chr02	3944681	4289204	0.178433	0.072907	0.044261	0.065051
Chr02	4074236	4513187	0.163450	0.053019	0.031293	0.057268
Chr02	4290127	4584390	0.150435	0.071517	0.034720	0.057333
Chr02	4513298	4695559	0.174183	0.194246	0.059828	0.075289
Chr02	4584568	4777832	0.285876	0.316501	0.110407	0.149676
Chr02	4695780	4846608	0.344994	0.290815	0.132413	0.172794
Chr02	4777972	4982491	0.264406	0.210392	0.105481	0.100245
Chr02	4846693	5121816	-0.000945	-0.000700	-0.000353	-0.000604
Chr02	4982519	5294269	-0.068808	-0.027783	-0.018403	-0.030069
Chr02	5122269	5395733	-0.010337	-0.003706	-0.002650	-0.003050
Chr02	5294284	5507685	0.088016	0.048363	0.022388	0.033440
Chr02	5395763	5643971	0.363022	0.252892	0.107595	0.153717
Chr02	5508244	5750977	0.287079	0.170744	0.090800	0.126273
Chr02	5644124	6151164	0.061672	0.017205	0.010178	0.025545
Chr02	5751257	6419458	-0.006448	-0.001646	-0.000918	-0.002758
Chr02	6151618	6676070	0.001647	0.000582	0.000280	0.000831
Chr02	6419794	6797583	-0.064926	-0.026778	-0.013796	-0.026990
Chr02	6676099	6983578	0.089187	0.040789	0.020818	0.036383
Chr02	6797802	7137060	0.313177	0.126735	0.066773	0.111875
Chr02	6983604	7269526	0.169156	0.077091	0.041574	0.058508
Chr02	7137404	7399886	0.062822	0.032431	0.015603	0.023554
Chr02	7269553	7571841	0.086888	0.040945	0.018371	0.027223
Chr02	7400435	8024105	0.165198	0.059665	0.029702	0.048641
Chr02	7572214	8132477	0.259401	0.109530	0.058926	0.088665
Chr02	8031181	8245164	0.257482	0.121929	0.078159	0.096331
Chr02	8132881	8449130	0.129346	0.074710	0.041742	0.054709
Chr02	8245250	8664473	0.083848	0.044010	0.023331	0.034587
Chr02	8449356	8840827	0.144289	0.053064	0.031790	0.057357
Chr02	8664512	8976899	0.099754	0.044110	0.026588	0.051551
Chr02	8840855	9104344	0.160088	0.110343	0.051107	0.086950
Chr02	8977017	9264231	0.184075	0.115603	0.050798	0.079690
Chr02	9104373	9533181	0.114410	0.059051	0.031906	0.061963
Chr02	9264265	9618289	0.098484	0.071426	0.038840	0.065280
Chr02	9533201	9740526	0.040399	0.037034	0.018277	0.025205
Chr02	9618473	9855501	0.094123	0.067748	0.036200	0.048646
Chr02	9741274	10147980	0.146577	0.053754	0.033853	0.065248
Chr02	9855663	10325272	0.096620	0.033522	0.019998	0.042289
Chr02	10147994	10520412	0.036354	0.016496	0.008698	0.014086
Chr02	10325279	10691717	0.058736	0.020408	0.012260	0.020391
Chr02	10520433	10902096	0.020223	0.007309	0.004288	0.006341
Chr02	10692224	11058379	0.102409	0.052266	0.027143	0.035175
Chr02	10902747	11196361	0.145941	0.075787	0.045680	0.060356
Chr02	11058451	11446878	0.171030	0.067621	0.040860	0.063763
Chr02	11196400	11647698	0.167160	0.065906	0.036381	0.060825
Chr02	11446883	11801344	0.055081	0.022748	0.012624	0.023304
Chr02	11648044	12071182	-0.013530	-0.004118	-0.002582	-0.004495
Chr02	11802019	12378200	0.002554	0.000614	0.000420	-0.001132
Chr02	12071205	12535611	-0.027225	-0.006567	-0.004627	-0.009811
Chr02	12378428	12724117	0.167824	0.056459	0.038573	0.073796
Chr02	12537015	12993263	0.170590	0.062893	0.040121	0.077289
Chr02	12724228	13149040	0.030178	0.011433	0.006823	0.010695
Chr02	12993579	13271551	0.028038	0.016095	0.008989	0.012757
Chr02	13149143	13466471	-0.025418	-0.011827	-0.007171	-0.007807
Chr02	13271561	13620324	0.131464	0.043850	0.027657	0.039846
Chr02	13466555	13688199	0.228890	0.080776	0.053197	0.071307
Chr02	13620379	13796197	0.318145	0.166932	0.107860	0.108265
Chr02	13688815	13988143	0.235321	0.144544	0.080432	0.093465
Chr02	13796206	14133135	0.039236	0.021889	0.011567	0.018383
Chr02	13988225	14269948	0.086968	0.049494	0.027751	0.033746
Chr02	14133213	14343690	0.256564	0.176127	0.114970	0.098599
Chr02	14269970	14379610	0.090290	0.089859	0.055420	0.047364
Chr02	14343702	14470865	-0.032623	-0.038553	-0.022548	-0.016466
Chr02	14379634	14637887	0.025990	0.018121	0.011786	0.013262
Chr02	14470877	14747017	0.129176	0.088744	0.053268	0.060478
Chr02	14638413	14832417	0.313769	0.262005	0.143673	0.157128
Chr02	14747021	14903083	0.205506	0.193170	0.111505	0.110673
Chr02	14832431	15030856	-0.030576	-0.027556	-0.016484	-0.018405
Chr02	14903133	15247015	-0.093536	-0.040145	-0.025803	-0.037713
Chr02	15030995	15453709	-0.025022	-0.008477	-0.005302	-0.007094
Chr02	15247052	15720671	0.009291	0.002754	0.001717	0.004945
Chr02	15453716	15993911	-0.045384	-0.011291	-0.007673	-0.014678
Chr02	15722479	16400901	-0.041801	-0.009844	-0.006721	-0.015985
Chr02	15993945	16628815	-0.021907	-0.005625	-0.003579	-0.008247
Chr02	16403246	16849342	-0.078936	-0.028480	-0.016768	-0.034383
Chr02	16628876	17031021	-0.033551	-0.013940	-0.007041	-0.013091
Chr02	16849427	17115901	-0.150828	-0.095045	-0.032267	-0.033760
Chr02	17031035	17247103	-0.098583	-0.104461	-0.032940	-0.021532
Chr02	17115915	17303763	0.019503	0.025357	0.009844	0.010047
Chr02	17247120	17454351	-0.071650	-0.048812	-0.027367	-0.032352
Chr02	17303782	17511764	0.002119	0.001366	0.000777	0.003366
Chr02	17454441	17653769	0.223399	0.156412	0.079101	0.112952
Chr02	17511777	17902307	0.202945	0.075349	0.042080	0.076425
Chr02	17653806	18090029	-0.054620	-0.016381	-0.009460	-0.018658
Chr02	17906913	18228190	-0.073067	-0.033630	-0.018451	-0.038238
Chr02	18090042	18606739	0.031632	0.015099	0.008382	0.011649
Chr02	18228309	18786552	0.002078	0.000778	0.000482	0.002776
Chr02	18606758	19156546	-0.064011	-0.015200	-0.009419	-0.025307
Chr02	18786573	19415010	0.176541	0.035310	0.021273	0.076280
Chr02	19156869	19574555	0.209178	0.058114	0.032373	0.084082
Chr02	19415070	19738354	0.101239	0.049035	0.024765	0.048382
Chr02	19574558	19875468	0.096000	0.050199	0.027060	0.043479
Chr02	19738369	20002806	0.009713	0.004942	0.002652	0.002564
Chr02	19875471	20173477	-0.000916	-0.000491	-0.000249	-0.000207
Chr02	20002888	20371771	0.007650	0.004149	0.002048	0.002328
Chr02	20173729	20644550	0.101185	0.032197	0.019377	0.027256
Chr02	20371933	20768568	0.258028	0.091987	0.056981	0.101630
Chr02	20644788	21057116	0.315756	0.128573	0.071921	0.148075
Chr02	20768774	21203131	0.185740	0.074583	0.040100	0.100441
Chr02	21058536	21441651	0.006352	0.002489	0.001479	0.005192
Chr02	21203358	21581993	-0.021221	-0.007816	-0.004214	-0.007097
Chr02	21441668	21727204	0.109057	0.060279	0.024928	0.043973
Chr02	21581999	21911090	0.006405	0.002677	0.001512	0.003639
Chr02	21727206	22108569	-0.155763	-0.048311	-0.030972	-0.076641
Chr02	21911180	22484707	-0.157867	-0.035244	-0.023989	-0.067705
Chr02	22108638	22693867	-0.295261	-0.070683	-0.045202	-0.118757
Chr02	22485170	22910388	-0.123992	-0.037063	-0.019634	-0.040916
Chr02	22694272	23244172	-0.143329	-0.047225	-0.018985	-0.049713
Chr02	22910468	23490807	-0.183686	-0.081942	-0.032128	-0.081706
Chr02	23244455	23854794	0.039189	0.009085	0.005799	0.016319
Chr02	23491045	24106361	-0.139803	-0.025075	-0.016875	-0.054241
Chr02	23855037	24234959	-0.091706	-0.029648	-0.017059	-0.034910
Chr02	24106436	24356445	0.098588	0.052213	0.023822	0.039846
Chr02	24235253	24532040	0.132506	0.076482	0.031433	0.053093
Chr02	24356484	24687295	0.168240	0.089569	0.030812	0.055510
Chr02	24532053	24882722	0.130367	0.061462	0.026767	0.046356
Chr02	24687328	25036372	-0.013196	-0.005282	-0.003350	-0.007062
Chr02	24882757	25187547	-0.198631	-0.101004	-0.055881	-0.075843
Chr02	25036602	25292393	-0.141593	-0.136700	-0.062459	-0.053487
Chr02	25187763	25559092	-0.011969	-0.005119	-0.003278	-0.001920
Chr02	25292396	25710505	-0.013511	-0.004881	-0.003204	-0.002591
Chr02	25560137	25904926	0.131139	0.049213	0.031863	0.038575
Chr02	25710517	26032670	0.140021	0.046371	0.029028	0.043420
Chr02	25904928	26130235	-0.152532	-0.075028	-0.035329	-0.056950
Chr02	26032719	26257957	-0.119238	-0.054574	-0.025877	-0.040146
Chr02	26130336	26342615	0.101540	0.053619	0.027712	0.039440
Chr02	26258040	26492894	0.266498	0.142003	0.074969	0.113520
Chr02	26342805	26643940	0.399980	0.191365	0.108011	0.173778
Chr02	26493057	26775199	0.277058	0.164849	0.090427	0.111248
Chr02	26644085	27079633	0.067479	0.024052	0.015018	0.022704
Chr02	26775250	27325836	0.174258	0.049770	0.030100	0.076555
Chr02	27079674	27683355	0.226296	0.054661	0.033601	0.092477
Chr02	27326019	27816049	0.090131	0.025379	0.015746	0.030910
Chr02	27683403	28025388	0.012090	0.004250	0.002627	0.004981
Chr02	27816055	28495666	-0.046559	-0.009065	-0.006020	-0.017415
Chr02	28027817	28633294	0.194226	0.051691	0.032949	0.088349
Chr02	28495688	28800012	0.246735	0.098564	0.059280	0.125113
Chr02	28633450	29084936	-0.036153	-0.011457	-0.006383	-0.012238
Chr02	28800101	29225211	-0.104003	-0.040405	-0.020535	-0.054246
Chr02	29085078	29415060	-0.004022	-0.001711	-0.000798	-0.004064
Chr02	29225246	29632308	-0.043576	-0.013159	-0.006786	-0.014100
Chr02	29415080	29845417	0.122468	0.037524	0.020760	0.039454
Chr02	29632309	30048299	0.271283	0.082135	0.049903	0.089586
Chr02	29845641	30267510	0.258933	0.070310	0.048725	0.097326
Chr02	30052446	30421730	0.347367	0.129819	0.077156	0.151743
Chr02	30267601	30629032	0.243857	0.097669	0.051803	0.104569
Chr02	30421839	30874298	0.131600	0.035891	0.023249	0.060670
Chr02	30629042	31057498	0.195619	0.051196	0.036130	0.075876
Chr02	30874450	31462573	0.149543	0.030164	0.019296	0.054532
Chr02	31057551	31768584	0.018358	0.002936	0.001843	0.007822
Chr02	31465713	32038263	0.104414	0.018152	0.012220	0.032446
Chr02	31768811	32453865	0.165962	0.030222	0.019567	0.047508
Chr02	32038996	32696540	-0.076494	-0.016614	-0.009157	-0.024740
Chr02	32453903	32917990	0.134692	0.048423	0.024708	0.052430
Chr02	32701737	33038392	0.287223	0.186229	0.087245	0.133800
Chr02	32918020	33177126	0.056815	0.054107	0.018624	0.026544
Chr02	33038396	33265471	0.058119	0.037757	0.018111	0.028181
Chr02	33177132	33507804	0.189803	0.076149	0.045189	0.081372
Chr02	33265600	33652268	0.165080	0.061920	0.036078	0.070717
Chr02	33507815	33788002	0.105611	0.044162	0.029084	0.054716
Chr02	33652278	33957669	-0.062239	-0.024049	-0.016042	-0.031699
Chr02	33791128	34202675	-0.162938	-0.047556	-0.028815	-0.072605
Chr02	33957971	34473857	0.002291	0.000553	0.000347	-0.002037
Chr02	34202704	34593791	0.008219	0.002354	0.001293	-0.002300
Chr02	34473912	34684381	-0.052844	-0.018289	-0.006387	-0.018105
Chr02	34593852	34827471	0.061098	0.018548	0.007098	0.025423
Chr02	34684390	34963004	0.284373	0.083180	0.053732	0.126879
Chr02	34827578	35344777	0.207932	0.045228	0.031000	0.090485
Chr02	34963072	35505109	0.211337	0.047974	0.030096	0.080895
Chr02	35344805	35652316	0.217323	0.097293	0.057726	0.084545
Chr02	35505118	35833965	-0.124882	-0.057313	-0.036213	-0.048952
Chr02	35652329	35922014	-0.167971	-0.092888	-0.054727	-0.066622
Chr02	35834058	36140766	-0.116002	-0.064046	-0.031788	-0.039890
Chr02	35922050	36321118	-0.010164	-0.003840	-0.002062	-0.000802
Chr02	36140767	36443785	0.017421	0.008788	0.004345	0.017810
Chr02	36322729	36560889	0.017699	0.014424	0.004469	0.020396
Chr02	36443788	36734994	0.128520	0.065542	0.026227	0.071550
Chr02	36561160	36934741	0.166439	0.053003	0.026133	0.064576
Chr02	36735043	37018231	-0.249252	-0.092742	-0.042417	-0.080078
Chr02	36934872	37065904	-0.408916	-0.208862	-0.097823	-0.199585
Chr02	37018279	37162899	0.001893	0.001078	0.000545	-0.003023
Chr02	37065909	37259682	0.263928	0.151496	0.077462	0.142039
Chr02	37162968	37434361	0.025207	0.009751	0.004925	0.008763
Chr02	37259819	37698478	-0.029989	-0.009343	-0.005085	-0.015076
Chr02	37434650	38022429	-0.091414	-0.018758	-0.011200	-0.047161
Chr02	37698941	38340883	0.098083	0.017533	0.011068	0.050800
Chr02	38022677	38502523	0.163872	0.044345	0.027909	0.076720
Chr02	38340984	38896572	0.001552	0.000402	0.000227	-0.000178
Chr02	38502576	38988930	0.238756	0.071806	0.035396	0.130058
Chr02	38897264	39067772	0.128379	0.130651	0.037811	0.066659
Chr02	38988935	39523699	-0.096154	-0.036658	-0.018212	-0.035365
Chr02	39067967	40093620	-0.086100	-0.013159	-0.007840	-0.037596
Chr02	39523743	41631162	-0.045402	-0.005073	-0.003024	-0.022042
Chr02	40093912	43221721	-0.007013	-0.000840	-0.000486	-0.002632
Chr02	41631620	43803878	0.024471	0.003951	0.002174	0.008899
Chr02	43223700	44346716	0.037174	0.004457	0.002821	0.013816
Chr02	43803905	45043857	0.097516	0.010526	0.007254	0.040803
Chr02	44347226	45635916	0.196272	0.025263	0.014833	0.078476
Chr02	45043997	45916425	0.358137	0.070117	0.031274	0.145018
Chr02	45636106	46209349	0.282180	0.064379	0.032274	0.099501
Chr02	45916478	46428133	0.091589	0.019788	0.013035	0.030939
Chr02	46209540	46698460	0.082064	0.018789	0.012483	0.021715
Chr02	46428192	47009092	0.040547	0.009545	0.006304	0.011366
Chr02	46698557	47294111	0.090064	0.024775	0.014737	0.035436
Chr02	47009162	47449770	0.183133	0.064340	0.032350	0.085218
Chr02	47294583	47563385	0.239457	0.090832	0.047238	0.115044
Chr02	47449857	47785499	0.191119	0.053105	0.032559	0.077860
Chr02	47563434	48022275	0.001629	0.000399	0.000251	0.000387
Chr02	47785541	48472735	-0.101361	-0.017459	-0.009880	-0.041340
Chr02	48026027	48832444	0.038452	0.006018	0.003156	0.016578
Chr02	48472769	48994095	0.364741	0.109305	0.056039	0.180565
Chr02	48832462	49182045	0.354628	0.090033	0.051535	0.159384
Chr02	48994105	49248911	0.093227	0.021447	0.012876	0.032995
Chr02	49182078	49336070	0.103200	0.118036	0.048597	0.043285
Chr02	49248937	49407244	0.069425	0.056052	0.028045	0.016200
Chr02	49336095	49541573	0.125821	0.083980	0.045522	0.026126
Chr02	49407274	49629895	0.198553	0.178771	0.087270	0.063488
Chr02	49541583	49725433	0.167774	0.152721	0.080154	0.061825
Chr02	49629993	49796338	0.236855	0.133426	0.080457	0.073497
Chr02	49725492	49947533	0.352652	0.174642	0.106703	0.131377
Chr02	49796362	50088319	0.141014	0.086319	0.041956	0.070616
Chr02	49947702	50283254	0.122815	0.092363	0.039968	0.062035
Chr02	50088394	50419391	0.315663	0.213251	0.105490	0.170361
Chr02	50283356	50513486	0.227539	0.136353	0.066065	0.107981
Chr02	50419444	50606655	-0.216786	-0.196450	-0.080450	-0.093678
Chr02	50513585	50748767	-0.215483	-0.183185	-0.072584	-0.105415
Chr02	50606661	50987923	0.112517	0.075147	0.027126	0.075217
Chr02	50748896	51181227	0.233114	0.161173	0.062924	0.151178
Chr02	50987986	51370331	0.205332	0.124222	0.055458	0.111909
Chr02	51181512	51475587	0.158634	0.090868	0.045030	0.076197
Chr02	51370338	51558974	-0.055595	-0.045755	-0.021821	-0.024977
Chr02	51475595	51610710	-0.450007	-1.901687	-0.238163	-0.229269
Chr02	51559061	51664664	-0.534309	7.040769	-0.336115	-0.265712
Chr02	51610865	51816462	-0.408678	-2.659469	-0.199552	-0.203979
Chr02	51664672	51974172	-0.263502	-0.608887	-0.068389	-0.133218
Chr02	51816639	52102671	-0.276095	-1.286789	-0.050727	-0.109772
Chr02	51974272	52221623	-0.106784	-0.117184	-0.027271	-0.030586
Chr02	52102790	52279561	0.009728	0.006555	0.003114	0.005340
Chr02	52221714	52531721	0.030122	0.011681	0.005711	0.009645
Chr02	52279588	52716316	0.301670	0.098075	0.052331	0.085537
Chr02	52531801	52880382	0.293853	0.114495	0.056140	0.087017
Chr02	52716349	53037721	-0.048339	-0.017749	-0.009197	-0.013518
Chr02	52880706	53138706	-0.154796	-0.078055	-0.047210	-0.055612
Chr02	53038245	53342271	0.045163	0.017914	0.011962	0.015042
Chr02	53138919	53512084	-0.102917	-0.036747	-0.022202	-0.034023
Chr02	53342360	53671775	-0.082460	-0.040153	-0.020229	-0.030690
Chr02	53512183	53831972	0.391986	0.236652	0.111170	0.162095
Chr02	53671812	53958932	0.532847	0.394866	0.191136	0.294086
Chr02	53832005	54088421	0.313917	0.225852	0.111693	0.153804
Chr02	53970502	54191004	-0.142128	-0.107818	-0.044229	-0.066447
Chr02	54088445	54389645	-0.060379	-0.046085	-0.018861	-0.029374
Chr02	54191242	54650138	0.059973	0.020889	0.011055	0.020980
Chr02	54389790	54905854	0.024682	0.005797	0.003250	0.007429
Chr02	54650702	55201654	-0.077300	-0.019643	-0.011670	-0.026558
Chr02	54905877	55461762	-0.135235	-0.032786	-0.021240	-0.051013
Chr02	55201657	55720279	-0.074874	-0.020548	-0.011893	-0.026626
Chr02	55461781	55904948	-0.257955	-0.067043	-0.034086	-0.092583
Chr02	55720294	56081101	0.109554	0.039048	0.019627	0.055665
Chr02	55904975	56176579	0.370277	0.230633	0.112152	0.182552
Chr02	56081223	56284708	0.170335	0.115279	0.056627	0.076678
Chr02	56176807	56454435	0.094360	0.040988	0.022882	0.038976
Chr02	56284737	56570932	0.212769	0.095419	0.055962	0.101544
Chr02	56454524	56705099	0.318561	0.248782	0.124223	0.183314
Chr02	56570958	56805045	0.316604	0.281147	0.161512	0.215453
Chr02	56706152	56943952	0.345818	0.313856	0.200357	0.249798
Chr02	56805085	57046046	0.291248	0.229041	0.126684	0.161721
Chr02	56944801	57210258	0.017432	0.011102	0.005471	0.008202
Chr02	57046349	57282703	-0.080031	-0.056186	-0.031124	-0.030406
Chr02	57210280	57484973	0.130496	0.083013	0.037192	0.069390
Chr02	57282910	57586403	0.164383	0.101730	0.042711	0.083387
Chr02	57485081	57734689	0.064721	0.035373	0.019369	0.024525
Chr02	57586420	57903427	0.061320	0.029444	0.015446	0.026620
Chr02	57734741	58083558	0.001673	0.000794	0.000397	0.006396
Chr02	57903483	58260000	-0.171352	-0.070667	-0.035058	-0.083738
Chr02	58084046	58382436	-0.027602	-0.014656	-0.006701	-0.009693
Chr02	58260004	58472231	-0.045170	-0.040481	-0.017446	-0.020595
Chr02	58382488	58590493	-0.168440	-0.132314	-0.067732	-0.080730
Chr02	58472262	58669031	-0.014020	-0.007156	-0.004726	-0.006630
Chr02	58590632	58816529	-0.057296	-0.025660	-0.016294	-0.027022
Chr02	58669056	58999973	0.116345	0.047586	0.030392	0.047422
Chr02	58816532	59185115	0.080010	0.041192	0.024277	0.022441
Chr02	59000066	59321788	-0.071052	-0.033014	-0.020023	-0.021182
Chr02	59185369	59453608	0.085807	0.033985	0.022531	0.028856
Chr02	59321804	59536983	0.172534	0.107760	0.062459	0.061145
Chr02	59453614	59598002	0.086258	0.083207	0.044031	0.036376
Chr02	59536991	59667561	-0.063127	-0.102009	-0.042834	-0.024099
Chr02	59598071	59720274	-0.099966	-0.262133	-0.084392	-0.036601
Chr02	59667597	59968931	-0.092648	-0.106316	-0.039479	-0.034387
Chr02	59720278	60070356	-0.066308	-0.070622	-0.023192	-0.024582
Chr02	59969001	60302100	-0.030809	-0.032687	-0.012344	-0.009331
Chr02	60070414	60364073	-0.010570	-0.008640	-0.004465	-0.002075
Chr02	60302139	60519074	-0.286117	-0.347266	-0.148201	-0.159810
Chr02	60364740	60616429	-0.312718	-0.373688	-0.157160	-0.145788
Chr02	60519083	60922500	-0.003048	-0.003120	-0.001502	-0.001437
Chr02	60616435	61027468	0.082266	0.079369	0.040840	0.038762
Chr02	60922518	61237753	0.120692	0.055881	0.032721	0.047507
Chr02	61027663	61508643	-0.034249	-0.009792	-0.005857	-0.013137
Chr02	61238075	61760565	0.026997	0.006265	0.004294	0.012121
Chr02	61510367	61912449	0.050533	0.014999	0.010527	0.019830
Chr02	61760569	62073572	-0.113331	-0.080957	-0.042694	-0.054392
Chr02	61912561	62163733	-0.078505	-0.050199	-0.025945	-0.035971
Chr02	62073595	62305059	0.055491	0.019808	0.011312	0.018231
Chr02	62163788	62509328	0.101363	0.034050	0.017769	0.028148
Chr02	62305098	62698817	0.205588	0.084799	0.044630	0.071927
Chr02	62509510	62888262	0.151355	0.064644	0.037388	0.060526
Chr02	62698859	62986745	0.014544	0.007305	0.004277	0.005871
Chr02	62888294	63133267	0.151444	0.090812	0.040928	0.058261
Chr02	62987176	63246955	0.204986	0.145825	0.052051	0.076449
Chr02	63133313	63449187	0.075890	0.025074	0.014645	0.027404
Chr02	63247024	63775114	-0.034328	-0.008190	-0.005501	-0.013162
Chr02	63449259	64061586	0.022815	0.005538	0.003694	0.007104
Chr02	63775658	64375937	0.053543	0.011042	0.007464	0.023822
Chr02	64061705	64582957	0.080731	0.016915	0.011011	0.028485
Chr02	64378710	64815746	0.031236	0.009579	0.005533	0.012093
Chr02	64583040	65019276	-0.026626	-0.012275	-0.006191	-0.005379
Chr02	64815772	65169369	-0.000183	-0.000101	-0.000049	0.001798
Chr02	65019988	65224809	-0.118558	-0.143656	-0.050778	-0.048019
Chr02	65169379	65313641	-0.131662	-0.154605	-0.059681	-0.045363
Chr02	65224836	65492070	-0.175613	-0.138122	-0.044734	-0.062219
Chr02	65313650	65776612	-0.321757	-0.185878	-0.058907	-0.157701
Chr02	65492091	65934752	-0.236798	-0.115916	-0.043290	-0.087304
Chr02	65776660	66111471	-0.026990	-0.013203	-0.006714	-0.007084
Chr02	65934831	66312605	0.018915	0.008656	0.004872	0.007764
Chr02	66111541	66466743	-0.001794	-0.000815	-0.000493	0.000001
Chr02	66312731	66593841	-0.027210	-0.015061	-0.009154	-0.009072
Chr02	66466904	66720473	-0.032931	-0.027176	-0.011372	-0.013917
Chr02	66593914	66913717	-0.083064	-0.045806	-0.019059	-0.026764
Chr02	66720739	67047494	-0.154704	-0.077007	-0.037255	-0.060434
Chr02	66913826	67236368	-0.072188	-0.033840	-0.018602	-0.030687
Chr02	67047513	67310889	0.132530	0.065996	0.038619	0.047969
Chr02	67236384	67359671	0.137236	0.164394	0.068085	0.053752
Chr02	67310904	67477755	-0.006913	-0.006311	-0.002808	-0.006191
Chr02	67359682	67555914	-0.150035	-0.153522	-0.065629	-0.060136
Chr02	67478000	67615883	-0.175886	-0.269640	-0.103318	-0.079800
Chr02	67555923	67678022	-0.016425	-0.026192	-0.010816	-0.011901
Chr02	67616018	67758598	0.061655	0.073891	0.033356	0.031335
Chr02	67678031	67924396	0.074647	0.043898	0.026249	0.034551
Chr02	67758620	68006929	0.148587	0.081231	0.047525	0.074928
Chr02	67924761	68106730	0.133563	0.100276	0.054255	0.075328
Chr02	68006942	68229720	0.071110	0.050359	0.032073	0.032664
Chr02	68106760	68332846	-0.050133	-0.044323	-0.023281	-0.019160
Chr02	68229725	68469023	-0.097229	-0.107442	-0.049246	-0.037292
Chr02	68332970	68577111	-0.032713	-0.021449	-0.012455	-0.013377
Chr02	68469068	68763504	0.080933	0.040980	0.025774	0.033137
Chr02	68577118	68869563	0.059754	0.047515	0.026170	0.031140
Chr02	68763560	69009931	-0.043368	-0.025961	-0.014771	-0.018493
Chr02	68869641	69215825	-0.001037	-0.000477	-0.000285	0.000364
Chr02	69011061	69351424	0.058273	0.038955	0.019910	0.027573
Chr02	69215918	69446583	0.091147	0.084491	0.028112	0.029865
Chr02	69351463	69564111	-0.175521	-0.140979	-0.053763	-0.065069
Chr02	69446614	69725587	-0.223616	-0.094857	-0.053174	-0.084345
Chr02	69564140	69994189	-0.038813	-0.011311	-0.006359	-0.011881
Chr02	69725837	70078197	-0.036787	-0.016473	-0.008656	-0.013591
Chr02	69994207	70194538	-0.044892	-0.032977	-0.017316	-0.015408
Chr02	70078231	70268754	-0.023996	-0.021235	-0.010515	-0.010226
Chr02	70194573	70430171	-0.186833	-0.109977	-0.057183	-0.080987
Chr02	70268764	70577383	-0.259629	-0.105868	-0.059590	-0.066988
Chr02	70430275	70688225	-0.025208	-0.009948	-0.006408	-0.006224
Chr02	70577557	70763762	-0.103701	-0.055334	-0.035319	-0.040064
Chr02	70688348	70945766	-0.011199	-0.007382	-0.004243	-0.007654
Chr02	70763774	71068633	0.253837	0.182817	0.092616	0.104840
Chr02	70945779	71217578	0.144269	0.144785	0.057106	0.061528
Chr02	71068657	71454544	-0.240676	-0.167635	-0.080190	-0.132696
Chr02	71217602	71603695	-0.049219	-0.024067	-0.015732	-0.036327
Chr02	71454561	71703171	0.186692	0.110928	0.073445	0.103339
Chr02	71603736	71850250	-0.104386	-0.103393	-0.046328	-0.058026
Chr02	71703955	71934554	0.053425	0.048693	0.020284	0.026350
Chr02	71850256	72087232	0.646906	0.518140	0.264496	0.367755
Chr02	71934555	72280753	0.619998	0.428076	0.209650	0.275355
Chr02	72087270	72433948	0.172850	0.105937	0.038079	0.043332
Chr02	72280783	72605749	0.149423	0.048369	0.028896	0.047638
Chr02	72434063	72852090	0.188128	0.059577	0.038088	0.084284
Chr02	72606001	73093940	0.105196	0.037982	0.021197	0.046016
Chr02	72852342	73225236	0.265770	0.131319	0.074680	0.136720
Chr02	73094074	73306247	0.379003	0.324289	0.170641	0.209548
Chr02	73225298	73361908	0.190037	0.197482	0.104573	0.098113
Chr02	73306261	73494231	0.037295	0.035314	0.018528	0.016124
Chr02	73361915	73599887	0.110061	0.078703	0.041324	0.039839
Chr02	73494251	73670015	0.146469	0.110669	0.057368	0.055395
Chr02	73599952	73789556	0.045033	0.038420	0.014476	0.014594
Chr02	73670101	73906866	0.155611	0.139346	0.049922	0.056393
Chr02	73789580	73966943	0.246155	0.238608	0.117339	0.112067
Chr02	73906911	74114334	0.108298	0.099665	0.055549	0.046357
Chr02	73967024	74279314	0.187275	0.112050	0.067889	0.087352
Chr02	74114340	74402158	0.180016	0.104150	0.062842	0.082860
Chr02	74279355	74508333	0.073073	0.059586	0.036040	0.033479
Chr02	74402287	74676866	0.173477	0.078563	0.051439	0.071703
Chr02	74508518	74909572	0.175590	0.060653	0.038663	0.073955
Chr02	74676921	75063416	0.120775	0.049581	0.031417	0.048826
Chr02	74910299	75818308	0.121969	0.066478	0.031119	0.046837
Chr02	75063452	76028590	0.085776	0.043542	0.021267	0.036731
Chr02	75818505	76141009	0.083412	0.045028	0.029829	0.033990
Chr02	76028593	76280490	0.060396	0.039842	0.021856	0.022574
Chr02	76141063	76466650	-0.007803	-0.004002	-0.002217	-0.003949
Chr02	76280526	76688681	-0.011482	-0.006210	-0.003441	-0.006882
Chr02	76468662	76788028	0.121688	0.074352	0.041684	0.053362
Chr02	76688685	76920984	-0.079821	-0.049804	-0.027407	-0.039859
Chr02	76788064	77017392	0.016993	0.009825	0.005637	0.007652
Chr02	76920993	77135143	0.332820	0.182631	0.110525	0.156728
Chr02	77017394	77267207	0.176969	0.104544	0.054163	0.086821
Chr02	77135145	77424884	0.044583	0.020707	0.010975	0.020798
Chr02	77267351	77640219	0.063815	0.016322	0.011053	0.025235
Chr02	77424905	77896083	0.095951	0.021279	0.015463	0.040704
Chr02	77640295	78078930	0.079627	0.023392	0.015436	0.037229
Chr02	77896187	78318796	-0.150135	-0.054164	-0.029771	-0.064310
Chr02	78078957	78482166	0.049734	0.019612	0.010005	0.028233
Chr02	78318913	78578469	0.292100	0.177936	0.085725	0.153157
Chr02	78482226	78737229	0.113392	0.061426	0.035472	0.061307
Chr02	78578512	78918133	0.091408	0.041096	0.023782	0.041695
Chr02	78737276	79018558	0.039197	0.023531	0.012272	0.019133
Chr02	78918283	79125157	0.291231	0.162980	0.092454	0.155797
Chr02	79018614	79240847	0.272091	0.151659	0.083323	0.142969
Chr02	79125175	79361767	-0.019609	-0.018466	-0.007186	-0.006428
Chr02	79240912	79442079	0.012070	0.014187	0.005625	0.006428
Chr02	79361809	79842947	0.081481	0.037123	0.019328	0.036975
Chr02	79442093	80161254	-0.032392	-0.008043	-0.004795	-0.012299
Chr02	79843196	80431830	-0.097406	-0.023681	-0.015677	-0.041635
Chr02	80161272	80496937	0.026638	0.012114	0.007919	0.008347
Chr02	80431840	80713410	0.055707	0.034778	0.021108	0.019776
Chr02	80497026	80909062	0.004733	0.001821	0.001060	0.003990
Chr02	80713496	81262345	-0.089787	-0.028106	-0.017880	-0.031705
Chr02	80909194	81464870	-0.146838	-0.043395	-0.029248	-0.064165
Chr02	81262485	81653641	-0.087350	-0.031874	-0.020197	-0.034055
Chr02	81464949	81799151	0.089712	0.037149	0.023672	0.034215
Chr02	81653645	81975653	0.103246	0.037441	0.024709	0.038576
Chr02	81799526	82058233	-0.003431	-0.001724	-0.000982	-0.004144
Chr02	81975695	82215783	0.116125	0.062255	0.037710	0.058620
Chr02	82058930	82333927	0.050904	0.026464	0.015018	0.024214
Chr02	82215784	82418846	-0.249383	-0.208606	-0.086746	-0.109638
Chr02	82334452	82609767	-0.125963	-0.061441	-0.031960	-0.054557
Chr02	82418854	82715035	-0.003881	-0.001659	-0.000803	0.000277
Chr02	82609797	82815324	0.108994	0.052569	0.026113	0.036849
Chr02	82715036	83019094	0.180200	0.084210	0.050007	0.067781
Chr02	82815525	83099670	0.108694	0.080185	0.034683	0.047477
Chr02	83019110	83261414	0.066955	0.048129	0.020280	0.028010
Chr02	83099758	83349663	0.105441	0.069824	0.034657	0.044746
Chr02	83261420	83454712	0.212054	0.138816	0.075135	0.097424
Chr02	83349700	83537916	0.099365	0.064751	0.033986	0.044199
Chr02	83454713	83706418	0.061220	0.029369	0.017867	0.030417
Chr02	83537932	83968392	-0.026973	-0.007785	-0.005194	-0.009186
Chr02	83706572	84147154	0.026040	0.007756	0.004912	0.013807
Chr02	83968696	84285475	0.081128	0.032104	0.019957	0.042088
Chr02	84147267	84431580	-0.169717	-0.072447	-0.042669	-0.106288
Chr02	84285496	84529278	-0.003685	-0.001962	-0.001068	-0.003477
Chr02	84431634	84665079	0.243183	0.136597	0.074354	0.098561
Chr02	84529373	84832097	0.081234	0.038682	0.021169	0.033373
Chr02	84665315	85078201	0.083537	0.031797	0.019386	0.040848
Chr02	84832099	85161859	0.068921	0.027764	0.017239	0.027650
Chr02	85078307	85235415	0.055597	0.066484	0.026245	0.032190
Chr02	85161875	85321730	0.115851	0.112893	0.048304	0.067678
Chr02	85235444	85420559	0.071677	0.051413	0.027594	0.033169
Chr02	85321733	85506460	-0.004880	-0.003903	-0.002381	0.000555
Chr02	85420601	85639777	-0.021736	-0.020074	-0.010799	-0.007218
Chr02	85506657	85776767	0.148601	0.112864	0.065540	0.074357
Chr02	85639795	86007335	0.150268	0.090918	0.050375	0.083082
Chr02	85776918	86172750	-0.094039	-0.063561	-0.026190	-0.040567
Chr02	86007351	86361272	-0.046735	-0.025854	-0.012532	-0.016590
Chr02	86172772	86682989	-0.062257	-0.016717	-0.010946	-0.027500
Chr02	86361815	86919635	-0.151369	-0.035956	-0.021746	-0.061750
Chr02	86683051	87173914	0.063815	0.020995	0.012000	0.026598
Chr02	86919879	87276710	0.277987	0.118731	0.077390	0.112727
Chr02	87173931	87390607	0.387571	0.187919	0.135430	0.112984
Chr02	87276720	87495141	0.120031	0.091765	0.049982	0.045934
Chr02	87390628	87650001	-0.273580	-0.328034	-0.111923	-0.136743
Chr02	87497487	87773307	0.016053	0.012508	0.005932	0.012730
Chr02	87650022	87930189	0.297614	0.163072	0.092702	0.152049
Chr02	87773371	88136536	-0.034571	-0.015413	-0.009596	-0.011729
Chr02	87930191	88298481	-0.114049	-0.064888	-0.043184	-0.049496
Chr02	88136565	88456108	-0.149958	-0.100400	-0.057417	-0.068198
Chr02	88298485	88619334	0.089244	0.042263	0.026221	0.045899
Chr02	88456189	88739954	0.162274	0.089974	0.055840	0.081587
Chr02	88619371	88828095	0.005456	0.004056	0.002274	0.003329
Chr02	88739960	89005973	-0.031573	-0.016987	-0.009794	-0.011135
Chr02	88828098	89095406	0.000270	0.000137	0.000080	0.000984
Chr02	89005980	89211852	0.073414	0.045405	0.027296	0.025463
Chr02	89095502	89278981	0.119319	0.087650	0.049626	0.045915
Chr02	89211855	89372879	0.119664	0.129759	0.053179	0.042601
Chr02	89279035	89459627	0.054827	0.055968	0.020583	0.018866
Chr02	89373141	89548537	0.100142	0.093437	0.038562	0.036680
Chr02	89459671	89657898	0.249193	0.293009	0.112993	0.109446
Chr02	89548543	89758761	0.315776	0.425077	0.153370	0.170742
Chr02	89658084	89845217	0.203369	0.258347	0.103765	0.104138
Chr02	89758782	89908204	-0.034261	-0.042414	-0.018432	-0.012798
Chr02	89845218	89982780	-0.029132	-0.038259	-0.016298	-0.010251
Chr02	89908228	90126361	-0.115709	-0.095897	-0.044071	-0.040203
Chr02	89982907	90210832	-0.205575	-0.162278	-0.083732	-0.069695
Chr02	90126397	90307059	-0.002555	-0.002280	-0.001354	-0.000783
Chr02	90210833	90436219	0.167691	0.117814	0.062240	0.085095
Chr02	90307424	90532044	0.135322	0.092368	0.047504	0.052479
Chr02	90436339	90619353	0.114405	0.084404	0.048509	0.041225
Chr02	90532057	90703669	0.122603	0.098989	0.055536	0.050304
Chr02	90619451	90893524	-0.033285	-0.022955	-0.011871	-0.009373
Chr02	90703676	91025026	-0.025107	-0.019672	-0.009647	-0.009550
Chr02	90893631	91188118	0.132330	0.125384	0.053640	0.049835
Chr02	91025262	91272926	0.166449	0.147291	0.054707	0.055140
Chr02	91188163	91486491	0.118746	0.078973	0.036454	0.046939
Chr02	91272929	91585218	0.097466	0.065718	0.036825	0.045226
Chr02	91486500	91663108	0.022875	0.031099	0.012503	0.010169
Chr02	91585275	91741604	0.071155	0.098329	0.036714	0.034815
Chr02	91663188	91864158	0.100918	0.083233	0.044556	0.047671
Chr02	91741658	91927889	0.019832	0.016242	0.008965	0.006657
Chr02	91864346	92010029	0.135699	0.146303	0.075518	0.057398
Chr02	91927914	92135270	-0.008253	-0.006621	-0.003735	-0.002593
Chr02	92010058	92224079	-0.236096	-0.166708	-0.094906	-0.107393
Chr02	92135304	92292051	-0.029418	-0.027117	-0.015494	-0.017000
Chr02	92224123	92431235	0.113616	0.118195	0.059940	0.070490
Chr02	92292153	92530868	0.294112	0.257336	0.147070	0.185837
Chr02	92431275	92596158	0.359718	0.308454	0.179766	0.165611
Chr02	92530890	92736241	-0.005359	-0.003583	-0.001894	0.000341
Chr02	92596310	92843240	-0.070135	-0.036325	-0.022789	-0.015513
Chr02	92736249	92892558	0.209832	0.161915	0.116021	0.079515
Chr02	92843338	92935235	0.161406	0.228408	0.111875	0.088008
Chr02	92892586	92980620	-0.039413	-0.072523	-0.027386	-0.013474
Chr02	92935246	93085440	0.130017	0.088308	0.051385	0.062077
Chr02	92980625	93143861	0.155868	0.091258	0.055573	0.077247
Chr02	93085454	93206090	0.001368	0.001396	0.000767	-0.001789
Chr02	93143899	93235927	-0.065551	-0.121821	-0.053598	-0.031323
Chr02	93206101	93274157	-0.143299	-0.270452	-0.123692	-0.073830
Chr02	93235955	93342572	-0.038358	-0.047819	-0.027460	-0.023618
Chr02	93274164	93408590	0.064439	0.075634	0.042834	0.029718
Chr02	93342625	93471441	0.021125	0.032674	0.013924	0.006786
Chr02	93408619	93791787	0.019859	0.013963	0.007235	0.006926
Chr02	93471471	93985880	-0.028598	-0.017913	-0.008943	-0.016079
Chr02	93791814	94091829	-0.090050	-0.086338	-0.033516	-0.042615
Chr02	93986368	94230050	0.154272	0.126647	0.060417	0.071636
Chr02	94091915	94368573	0.221254	0.156780	0.075490	0.081068
Chr02	94230193	94457196	-0.096815	-0.179699	-0.045150	-0.028378
Chr02	94368595	94524887	-0.161792	-0.569860	-0.122055	-0.077735
Chr02	94457211	94700662	-0.263145	-0.260155	-0.144019	-0.156467
Chr02	94524894	94857645	-0.301045	-0.147158	-0.108373	-0.141598
Chr03	231143	356265	0.386265	0.343367	0.248416	0.215275
Chr03	283414	493449	0.452069	0.339402	0.214310	0.252883
Chr03	356342	612612	0.268577	0.177933	0.094098	0.100340
Chr03	493503	744713	0.260244	0.173673	0.093093	0.079065
Chr03	612808	779037	0.191250	0.172514	0.075952	0.049255
Chr03	744758	864343	-0.030110	-0.029420	-0.013188	-0.006084
Chr03	779063	1020609	0.173916	0.073931	0.047114	0.054591
Chr03	864766	1215307	0.343854	0.120920	0.065631	0.092884
Chr03	1020792	1304475	0.199468	0.095736	0.044613	0.052697
Chr03	1215311	1369657	0.113973	0.141603	0.065990	0.044572
Chr03	1304517	1540560	0.225379	0.208113	0.108681	0.104545
Chr03	1369668	1616138	0.152374	0.144012	0.071560	0.078599
Chr03	1540572	1686531	0.059024	0.094496	0.043406	0.031233
Chr03	1616154	1743770	0.179178	0.255216	0.111074	0.095106
Chr03	1686532	1852597	0.151295	0.186324	0.086102	0.084875
Chr03	1743785	1900373	-0.007521	-0.010383	-0.005207	-0.001795
Chr03	1852612	1938900	-0.007034	-0.012600	-0.005771	-0.006429
Chr03	1900386	1984738	-0.030094	-0.051296	-0.022795	-0.013093
Chr03	1938911	2028758	0.226278	0.296285	0.181589	0.128777
Chr03	1984742	2108785	0.229765	0.266540	0.159550	0.131489
Chr03	2028761	2166205	0.082542	0.102989	0.053631	0.042624
Chr03	2108939	2244767	0.082687	0.112108	0.055934	0.041360
Chr03	2166355	2315908	0.110412	0.131546	0.063420	0.052829
Chr03	2244831	2384997	0.167122	0.177311	0.099121	0.082275
Chr03	2315919	2497285	0.286085	0.248335	0.153893	0.141734
Chr03	2385103	2597535	0.093002	0.094075	0.041470	0.050754
Chr03	2497329	2807177	-0.069230	-0.050618	-0.023066	-0.026133
Chr03	2597565	2905804	0.070451	0.037942	0.021934	0.022386
Chr03	2807355	3004807	0.236506	0.183361	0.093032	0.083459
Chr03	2905882	3134771	0.236260	0.197773	0.105996	0.092073
Chr03	3004827	3205544	0.149531	0.115608	0.069288	0.052053
Chr03	3134885	3287134	0.119095	0.105791	0.049965	0.032335
Chr03	3205692	3363681	0.118409	0.150165	0.059966	0.044479
Chr03	3287135	3427046	0.097107	0.110544	0.048911	0.040908
Chr03	3363692	3581606	0.106489	0.082092	0.045310	0.045488
Chr03	3427103	3727730	0.086548	0.062723	0.034716	0.042535
Chr03	3581607	3776758	0.091509	0.091579	0.044130	0.044529
Chr03	3727779	3900166	0.240829	0.309019	0.128543	0.120886
Chr03	3776815	4022692	0.249878	0.160026	0.077690	0.124762
Chr03	3900365	4097608	0.178202	0.105337	0.056429	0.090331
Chr03	4022755	4207769	0.108368	0.079838	0.045492	0.052078
Chr03	4097611	4349416	0.168169	0.111840	0.065861	0.082638
Chr03	4207815	4469736	0.288918	0.194520	0.111354	0.155156
Chr03	4349524	4712598	0.236749	0.222983	0.071940	0.145557
Chr03	4469739	4898540	0.152862	0.096185	0.035597	0.093553
Chr03	4712619	4978909	0.166355	0.076668	0.039405	0.078425
Chr03	4898662	5211729	0.397882	0.225051	0.111290	0.219815
Chr03	4978923	5284204	0.427223	0.250011	0.120502	0.228796
Chr03	5211889	5391888	0.151271	0.127828	0.047153	0.070876
Chr03	5284229	5496602	0.043987	0.047795	0.016425	0.022919
Chr03	5391922	5552335	-0.088399	-0.150295	-0.048810	-0.047338
Chr03	5496629	5601786	-0.241666	-0.384283	-0.157200	-0.137145
Chr03	5552356	5658818	-0.112548	-0.112420	-0.060525	-0.074308
Chr03	5601827	5715830	-0.022646	-0.020282	-0.011603	-0.016956
Chr03	5658826	5786545	-0.018397	-0.022433	-0.010028	-0.009323
Chr03	5715931	5849398	0.045068	0.073091	0.025551	0.021133
Chr03	5786580	5902931	0.395099	0.407343	0.167919	0.279957
Chr03	5849413	6006179	0.209061	0.211810	0.082142	0.149720
Chr03	5903092	6069188	-0.009287	-0.011802	-0.004379	-0.003853
Chr03	6006198	6147082	0.165295	0.189164	0.079089	0.087236
Chr03	6069216	6202466	0.151890	0.147452	0.072444	0.074927
Chr03	6147087	6267470	0.029943	0.036746	0.016071	0.015401
Chr03	6202540	6388239	0.064894	0.074296	0.024061	0.036114
Chr03	6267974	6632391	0.242598	0.101352	0.045660	0.123597
Chr03	6388245	6769313	0.087447	0.029705	0.015329	0.041522
Chr03	6633887	6855577	-0.001940	-0.000833	-0.000472	-0.002369
Chr03	6769362	7023530	0.468045	0.224200	0.133490	0.189418
Chr03	6855617	7189372	0.486836	0.252085	0.128967	0.247721
Chr03	7023754	7346386	0.011000	0.005569	0.002607	-0.002337
Chr03	7189647	7527393	0.085688	0.046670	0.024588	0.045102
Chr03	7346387	7668501	0.283498	0.140189	0.077735	0.142178
Chr03	7527400	7761250	0.048313	0.023859	0.012627	0.021897
Chr03	7668572	7882181	0.029893	0.015917	0.008414	0.012045
Chr03	7761251	7991594	0.044528	0.027800	0.014633	0.014819
Chr03	7882231	8195603	0.212605	0.113090	0.064292	0.064288
Chr03	7991610	8340012	0.179662	0.111122	0.050941	0.049925
Chr03	8195927	8416723	0.044968	0.049738	0.014408	0.013988
Chr03	8340068	8488279	0.033206	0.033276	0.012093	0.011466
Chr03	8416750	8602427	0.127520	0.142649	0.051089	0.066241
Chr03	8488340	8683834	0.015383	0.020496	0.006246	0.023280
Chr03	8602445	8788924	0.027186	0.020512	0.008375	0.019184
Chr03	8683933	8912662	0.293795	0.188209	0.086504	0.153396
Chr03	8788994	9036008	0.287403	0.245700	0.102948	0.135043
Chr03	8913508	9151781	0.135848	0.129277	0.048382	0.057920
Chr03	9036031	9222949	-0.045573	-0.049405	-0.019457	-0.021336
Chr03	9151887	9325491	-0.060983	-0.038924	-0.017618	-0.016929
Chr03	9223070	9429688	0.094199	0.046788	0.021560	0.019746
Chr03	9325610	9561070	0.170610	0.122520	0.055775	0.054871
Chr03	9430048	9626808	0.147653	0.147461	0.066479	0.070757
Chr03	9561145	9690829	0.089705	0.152289	0.065722	0.044727
Chr03	9626819	9760429	0.043569	0.045317	0.019594	0.017286
Chr03	9690861	9865872	0.179214	0.130029	0.057358	0.081706
Chr03	9760482	9931670	0.186997	0.154159	0.068847	0.089969
Chr03	9866121	10112511	0.028912	0.023593	0.011763	0.011889
Chr03	9931691	11314782	0.087296	0.063067	0.034026	0.048209
Chr03	10112571	11564068	0.088162	0.061372	0.030346	0.038464
Chr03	11315693	11688030	0.173213	0.106308	0.045965	0.070128
Chr03	11564787	11779844	0.193875	0.148079	0.065860	0.098503
Chr03	11688411	11883666	-0.018230	-0.022040	-0.008672	-0.006947
Chr03	11779861	11981530	-0.091701	-0.119575	-0.039388	-0.032951
Chr03	11883817	12056006	0.017129	0.022870	0.008958	0.005885
Chr03	11982363	12114447	0.069025	0.087966	0.042292	0.032795
Chr03	12056018	12198818	-0.007770	-0.010049	-0.004133	-0.002899
Chr03	12114526	12264561	0.130348	0.162055	0.065409	0.065163
Chr03	12198821	12334764	0.086817	0.090586	0.045261	0.038525
Chr03	12264577	12425543	-0.174342	-0.172219	-0.090135	-0.077212
Chr03	12334856	12554127	0.089159	0.079956	0.043046	0.054951
Chr03	12425599	12650329	0.269063	0.239368	0.120368	0.157688
Chr03	12554129	12736517	0.249795	0.183421	0.085513	0.133112
Chr03	12650795	12778947	0.530077	0.409505	0.193142	0.317638
Chr03	12736523	12864758	0.611859	0.508012	0.240021	0.411645
Chr03	12779135	12984697	0.362220	0.234269	0.096074	0.218184
Chr03	12864802	13088510	0.218726	0.161152	0.057168	0.127795
Chr03	12984724	13409880	0.306200	0.319078	0.127271	0.183330
Chr03	13088569	13552380	0.262408	0.215893	0.100202	0.077978
Chr03	13409903	13804227	0.022700	0.009957	0.005082	0.006214
Chr03	13552523	13981409	0.193140	0.073812	0.038826	0.089194
Chr03	13804348	14170211	0.174749	0.069107	0.037419	0.077486
Chr03	13981569	14254333	-0.033890	-0.021328	-0.012011	-0.012667
Chr03	14170354	14376000	0.053177	0.042224	0.021396	0.019044
Chr03	14254752	14577158	0.038412	0.016731	0.009415	0.012882
Chr03	14376044	14649658	0.195728	0.092467	0.055342	0.080516
Chr03	14577170	14763651	0.295786	0.185967	0.091926	0.141290
Chr03	14651000	15073107	0.280195	0.118710	0.055987	0.122746
Chr03	14763671	15172590	0.133031	0.058890	0.028499	0.055855
Chr03	15073127	15292716	0.007709	0.004262	0.002010	0.009414
Chr03	15172703	15466964	0.547035	0.202834	0.112254	0.286704
Chr03	15292809	15664355	0.578116	0.220598	0.114833	0.324952
Chr03	15468175	15839064	0.378087	0.195397	0.082103	0.158935
Chr03	15664435	15976119	0.468529	0.300456	0.148448	0.225344
Chr03	15839092	16066660	0.404038	0.353765	0.216314	0.260933
Chr03	15976144	16168288	0.253233	0.188882	0.092894	0.113117
Chr03	16066684	16316767	0.251510	0.182903	0.064008	0.102756
Chr03	16168289	16531402	0.128884	0.066532	0.026679	0.057487
Chr03	16316785	16717320	0.169422	0.054939	0.026333	0.064108
Chr03	16531454	16806596	0.130878	0.059284	0.027070	0.047320
Chr03	16717389	16875275	-0.046306	-0.049009	-0.020487	-0.018439
Chr03	16806609	16926437	0.098112	0.100249	0.044668	0.042152
Chr03	16875281	16989330	0.059833	0.075642	0.029930	0.032002
Chr03	16926552	17079612	0.014482	0.015891	0.004771	0.013197
Chr03	16989347	17221914	0.049418	0.021085	0.009394	0.023181
Chr03	17079643	17336533	0.125137	0.054131	0.028118	0.062067
Chr03	17221980	17430993	0.091136	0.071714	0.031590	0.040959
Chr03	17336534	17504295	0.185355	0.100228	0.049905	0.085445
Chr03	17431655	17759947	0.048005	0.018870	0.007793	0.021386
Chr03	17504708	18099964	-0.145802	-0.045703	-0.019084	-0.066902
Chr03	17760010	18836883	0.164176	0.033481	0.019720	0.063077
Chr03	18101599	18955529	-0.191892	-0.054493	-0.034130	-0.098877
Chr03	18836942	19088364	-0.274291	-0.124971	-0.077536	-0.135464
Chr03	18955548	19339471	-0.094822	-0.032657	-0.020171	-0.030339
Chr03	19088368	19442066	-0.057297	-0.024138	-0.014422	-0.018486
Chr03	19339644	19636064	0.566637	0.371706	0.190090	0.378549
Chr03	19442122	19755927	0.680531	0.379069	0.200245	0.412502
Chr03	19636101	19866009	0.091161	0.039826	0.023210	0.033593
Chr03	19755999	19969522	-0.186519	-0.095263	-0.049415	-0.068958
Chr03	19866014	20048396	0.064678	0.042577	0.018790	0.023959
Chr03	19969621	20140212	0.190034	0.172408	0.074644	0.073167
Chr03	20048412	20199082	0.152538	0.123933	0.069100	0.074994
Chr03	20140226	20265524	-0.056567	-0.050498	-0.025865	-0.033804
Chr03	20199105	20330979	-0.169271	-0.210899	-0.083920	-0.085340
Chr03	20265527	20409291	-0.031725	-0.033353	-0.013289	-0.012134
Chr03	20331013	20453305	-0.082508	-0.088091	-0.034594	-0.032429
Chr03	20409293	20516956	-0.117705	-0.147345	-0.050566	-0.049165
Chr03	20453320	20564310	-0.099119	-0.144208	-0.040346	-0.041583
Chr03	20516980	20604976	0.158484	0.179492	0.083667	0.100812
Chr03	20564323	20646811	0.304424	0.291095	0.180540	0.192578
Chr03	20604985	20691401	-0.012730	-0.017388	-0.007191	-0.006149
Chr03	20646813	20771403	-0.068006	-0.111059	-0.033317	-0.034746
Chr03	20691518	20827344	0.088200	0.102609	0.038722	0.044243
Chr03	20771416	20941395	0.162008	0.136880	0.055404	0.102358
Chr03	20827353	21116443	0.091454	0.044917	0.021542	0.055900
Chr03	20941398	21317965	-0.091858	-0.023594	-0.014172	-0.023694
Chr03	21116462	21472080	0.083770	0.021750	0.014365	0.036218
Chr03	21317968	21639394	0.208082	0.066024	0.038611	0.090316
Chr03	21472157	21758191	0.123670	0.047831	0.019120	0.038277
Chr03	21639598	21864073	-0.124323	-0.082050	-0.024936	-0.042970
Chr03	21758389	21958491	-0.199864	-0.098455	-0.047075	-0.097355
Chr03	21864076	22070356	-0.126276	-0.048608	-0.024950	-0.057454
Chr03	21958524	22214242	0.199332	0.095111	0.036978	0.076110
Chr03	22070730	22303317	0.197040	0.083049	0.039841	0.081012
Chr03	22214287	22402987	0.012655	0.004877	0.002349	0.001153
Chr03	22303373	22608258	0.074029	0.026556	0.012637	0.031944
Chr03	22403010	22699440	0.047464	0.020431	0.010401	0.028506
Chr03	22608332	22810470	-0.179964	-0.113162	-0.049674	-0.118458
Chr03	22699452	22961435	0.080144	0.045239	0.022391	0.050999
Chr03	22810492	23148637	0.372443	0.257317	0.080317	0.258696
Chr03	22961472	23282793	0.407163	0.177975	0.065569	0.219732
Chr03	23148688	23407635	0.211637	0.062872	0.028496	0.082736
Chr03	23282805	23537855	0.029537	0.011828	0.004980	0.021445
Chr03	23407665	23677469	-0.019507	-0.005680	-0.003367	-0.015514
Chr03	23537867	23802902	-0.100132	-0.026389	-0.015145	-0.070125
Chr03	23677504	24118734	-0.017579	-0.003691	-0.001855	-0.015702
Chr03	23803120	24317965	-0.063945	-0.014114	-0.007705	-0.040557
Chr03	24118749	24606327	-0.042329	-0.011128	-0.006582	-0.020341
Chr03	24317974	24840816	0.139670	0.030201	0.016832	0.073227
Chr03	24606449	25000193	0.197645	0.046580	0.025871	0.087477
Chr03	24840885	25228244	-0.139703	-0.040856	-0.021293	-0.062005
Chr03	25000312	25489459	-0.263131	-0.073327	-0.037526	-0.132457
Chr03	25228449	26071171	-0.020628	-0.003701	-0.001895	-0.009257
Chr03	25489539	26442904	0.349108	0.058534	0.032647	0.180305
Chr03	26071198	30052261	0.409129	0.081037	0.051243	0.224000
Chr03	26443984	30400120	0.034895	0.006078	0.003718	0.019763
Chr03	30052274	30582505	-0.212457	-0.056990	-0.026716	-0.130295
Chr03	30400156	30802199	0.095238	0.058476	0.015183	0.075069
Chr03	30582507	30998400	0.495928	0.316393	0.079294	0.362603
Chr03	30802631	31123709	0.352787	0.254523	0.074646	0.214411
Chr03	30998573	31200465	0.088234	0.067784	0.023473	0.034302
Chr03	31123729	31296407	0.092266	0.070260	0.021399	0.024128
Chr03	31200474	31402537	0.690448	0.365069	0.156820	0.241585
Chr03	31296430	31479167	0.774087	0.387491	0.195236	0.380062
Chr03	31402707	31583401	0.629058	0.348365	0.129051	0.236607
Chr03	31479171	31741919	0.479230	0.376334	0.096624	0.169441
Chr03	31583673	31901479	0.397762	0.267960	0.058717	0.178246
Chr03	31741974	31988917	0.158972	0.141111	0.026631	0.103213
Chr03	31901548	32153234	0.155553	0.156207	0.030343	0.122296
Chr03	31988924	32260208	0.367517	0.216170	0.065275	0.226110
Chr03	32153321	32339943	0.472231	0.285076	0.125549	0.263100
Chr03	32260263	32439540	0.537354	0.375375	0.195397	0.336439
Chr03	32339950	32604699	0.654602	0.384879	0.233174	0.452542
Chr03	32439547	32926205	0.546452	0.123204	0.085260	0.315830
Chr03	32604891	33247274	0.158470	0.023337	0.015202	0.076349
Chr03	32926210	33329458	0.079939	0.023188	0.013478	0.040474
Chr03	33247338	33456964	0.118463	0.072051	0.039054	0.061611
Chr03	33329678	33590906	-0.144075	-0.057759	-0.034045	-0.114536
Chr03	33457084	33742330	0.397521	0.205472	0.127642	0.354293
Chr03	33590999	33804737	0.852145	0.705547	0.430012	0.803547
Chr03	33742525	33847786	0.906233	0.770625	0.539663	0.852674
Chr03	33804749	33911339	0.889042	0.795167	0.553533	0.837543
Chr03	33848006	33993042	0.689931	0.533750	0.291209	0.566450
Chr03	33911366	34139281	0.397372	0.229160	0.094341	0.168229
Chr03	33993200	34220581	0.174095	0.130529	0.036045	0.056009
Chr03	34139283	34278922	0.045530	0.060873	0.016401	0.017414
Chr03	34220607	34561344	0.103331	0.043528	0.023777	0.042311
Chr03	34279389	34717356	0.304925	0.098423	0.060651	0.125828
Chr03	34561393	34821451	0.183831	0.090196	0.054911	0.064215
Chr03	34717504	35117807	0.012686	0.007291	0.004480	0.004738
Chr03	34821452	35189531	0.007280	0.006238	0.002964	0.005937
Chr03	35117814	35282791	-0.220323	-0.222851	-0.092086	-0.087431
Chr03	35189596	35379654	-0.113125	-0.076143	-0.042754	-0.051992
Chr03	35282812	35506739	0.202909	0.125750	0.064975	0.095584
Chr03	35379681	35610462	0.140033	0.103762	0.042805	0.065235
Chr03	35506772	35743166	-0.035320	-0.030561	-0.011310	-0.013549
Chr03	35610533	36134316	0.027187	0.020522	0.005408	0.014889
Chr03	35743576	36314963	-0.071330	-0.054122	-0.011985	-0.023376
Chr03	36134498	36429780	-0.160908	-0.104886	-0.039613	-0.059033
Chr03	36315201	36529394	0.054314	0.033612	0.018276	0.019928
Chr03	36429936	36613672	-0.023946	-0.013954	-0.008838	-0.010290
Chr03	36529396	36742484	-0.148875	-0.073922	-0.050269	-0.061583
Chr03	36613759	36835005	-0.050766	-0.035477	-0.022475	-0.019256
Chr03	36742564	37004912	0.083595	0.039558	0.025092	0.033631
Chr03	36835010	37230299	0.123986	0.029379	0.020568	0.048869
Chr03	37004978	37396358	-0.020805	-0.004988	-0.003153	-0.006666
Chr03	37230742	37541489	-0.043022	-0.014016	-0.007238	-0.010208
Chr03	37396400	37645592	0.010922	0.004384	0.002564	0.004205
Chr03	37541633	37792085	0.004786	0.002922	0.001600	0.002928
Chr03	37645853	38108203	-0.006332	-0.003128	-0.001644	-0.001781
Chr03	37792092	38188557	0.137581	0.080785	0.042497	0.062787
Chr03	38108264	38251607	0.042602	0.050454	0.018573	0.030513
Chr03	38188589	38357111	0.036890	0.031379	0.012755	0.018470
Chr03	38251667	38403759	0.066168	0.055420	0.024254	0.027016
Chr03	38357130	38525973	0.038305	0.030181	0.014021	0.021591
Chr03	38403773	38736231	0.005711	0.001870	0.001104	-0.000904
Chr03	38526200	38909284	-0.153682	-0.042245	-0.022871	-0.043155
Chr03	38737527	39029136	0.096183	0.041742	0.017627	0.028789
Chr03	38909343	39204179	0.156851	0.054772	0.029440	0.070706
Chr03	39029140	39335061	-0.202958	-0.067310	-0.036548	-0.123008
Chr03	39204193	39488064	-0.284431	-0.103286	-0.049164	-0.127922
Chr03	39335066	39618124	0.238035	0.083793	0.039182	0.089177
Chr03	39488125	39716742	0.212511	0.097362	0.047847	0.123657
Chr03	39618129	39760841	0.066228	0.055129	0.024515	0.035377
Chr03	39716746	39826482	0.090547	0.095698	0.038731	0.039139
Chr03	39760897	39901561	0.153640	0.118180	0.058546	0.068284
Chr03	39826483	39987505	-0.185671	-0.223532	-0.073951	-0.090734
Chr03	39901601	40085236	-0.256890	-0.519246	-0.080520	-0.118267
Chr03	39987530	40156497	-0.064836	-0.062779	-0.017247	-0.034697
Chr03	40085238	40278868	-0.031088	-0.016178	-0.008197	-0.016569
Chr03	40156501	40589971	0.099595	0.043838	0.024267	0.051977
Chr03	40278913	40740101	-0.053039	-0.028750	-0.014664	-0.024348
Chr03	40589988	40876117	-0.316371	-0.257331	-0.109701	-0.151207
Chr03	40740167	41061598	-0.012483	-0.006347	-0.003625	-0.005174
Chr03	40876211	41204420	0.194208	0.077169	0.046920	0.062848
Chr03	41061655	41295890	0.041228	0.023551	0.012001	0.016483
Chr03	41204781	41368797	0.067151	0.059295	0.025123	0.030344
Chr03	41295904	41432197	0.089682	0.073945	0.031853	0.042066
Chr03	41368801	41538107	0.031543	0.015648	0.007560	0.014165
Chr03	41432318	41666228	-0.193143	-0.082263	-0.034596	-0.101411
Chr03	41538160	41785109	-0.237980	-0.122440	-0.045016	-0.124673
Chr03	41666399	42119623	-0.097886	-0.042635	-0.019276	-0.027572
Chr03	41785326	42185798	0.000130	0.000052	0.000028	0.002426
Chr03	42119627	42357445	-0.005087	-0.002165	-0.001407	0.001507
Chr03	42185856	42443191	-0.164154	-0.078244	-0.049678	-0.071051
Chr03	42357453	42570575	-0.058396	-0.053066	-0.022186	-0.024386
Chr03	42443449	42723382	0.137918	0.127083	0.049813	0.068194
Chr03	42571354	42838353	0.114424	0.064163	0.031703	0.048748
Chr03	42723518	42963651	0.051607	0.020791	0.010771	0.020088
Chr03	42838372	43075558	0.021022	0.011401	0.005584	0.008554
Chr03	42963736	43206129	-0.014903	-0.011594	-0.005277	-0.004133
Chr03	43075583	43317795	0.088773	0.060689	0.027516	0.031155
Chr03	43206157	43468763	0.199788	0.089426	0.051899	0.066829
Chr03	43317816	43562907	0.351795	0.156692	0.092957	0.109935
Chr03	43468764	43639846	0.247033	0.171448	0.088140	0.090302
Chr03	43563002	43730837	-0.077538	-0.072845	-0.039890	-0.037129
Chr03	43639855	43933926	-0.154951	-0.118508	-0.060685	-0.083234
Chr03	43730839	44119816	-0.044985	-0.019568	-0.011668	-0.021655
Chr03	43933939	44210653	-0.025292	-0.010264	-0.006947	-0.008147
Chr03	44119838	44292792	-0.129835	-0.079941	-0.048475	-0.052176
Chr03	44210659	44402797	-0.057766	-0.048986	-0.027556	-0.025172
Chr03	44292793	44484307	0.005132	0.005515	0.002809	0.003291
Chr03	44402819	44557986	-0.047859	-0.046127	-0.024479	-0.024369
Chr03	44484454	44602203	-0.123880	-0.137006	-0.070262	-0.064211
Chr03	44558033	44646904	-0.074437	-0.092409	-0.046164	-0.042051
Chr03	44602392	44699746	-0.019135	-0.019616	-0.010697	-0.012788
Chr03	44646954	44840175	0.256470	0.180162	0.117924	0.148457
Chr03	44699801	44884352	0.314648	0.246692	0.157842	0.179470
Chr03	44840200	44918315	0.081406	0.124477	0.057057	0.042704
Chr03	44884356	45001296	0.221371	0.271425	0.126622	0.125383
Chr03	44918327	45057922	0.365491	0.401204	0.211825	0.249010
Chr03	45001321	45145425	0.280527	0.306653	0.165448	0.150841
Chr03	45057926	45221196	0.212319	0.234698	0.121635	0.094025
Chr03	45145519	45516402	0.172538	0.118271	0.069464	0.080140
Chr03	45221642	45591609	-0.015748	-0.011382	-0.004864	-0.002263
Chr03	45516414	45672290	-0.102978	-0.106355	-0.041073	-0.035704
Chr03	45591628	45777448	-0.087638	-0.072127	-0.040869	-0.038440
Chr03	45672300	45879229	-0.035118	-0.022741	-0.013449	-0.011687
Chr03	45777604	45993332	-0.028014	-0.015053	-0.009405	-0.009161
Chr03	45879245	46101975	-0.067212	-0.047724	-0.024874	-0.034042
Chr03	45993410	46154465	-0.013535	-0.013320	-0.006375	-0.009116
Chr03	46102585	46214406	0.004074	0.006088	0.002603	0.003042
Chr03	46154706	46262686	-0.033587	-0.056331	-0.020374	-0.012928
Chr03	46214451	46322872	-0.029331	-0.041281	-0.016525	-0.010558
Chr03	46262688	46411064	-0.043541	-0.073114	-0.024739	-0.017237
Chr03	46322885	46467533	-0.051134	-0.111638	-0.030718	-0.020734
Chr03	46412367	46533360	0.020970	0.035601	0.013972	0.010149
Chr03	46467536	46627108	0.057590	0.059804	0.031446	0.022002
Chr03	46533403	46685326	0.099793	0.107300	0.047115	0.043073
Chr03	46627154	46795650	0.172214	0.110475	0.060554	0.074659
Chr03	46685336	46833726	0.052617	0.036483	0.018448	0.021741
Chr03	46795666	46899142	-0.081156	-0.185746	-0.048155	-0.041181
Chr03	46833783	47058489	-0.099427	-0.096418	-0.046210	-0.043012
Chr03	46899246	47155815	0.031947	0.022621	0.012371	0.010697
Chr03	47058607	47247973	0.139915	0.146401	0.066910	0.046849
Chr03	47155918	47347820	0.166362	0.159841	0.067660	0.067173
Chr03	47248028	47413517	0.292594	0.243855	0.111417	0.158586
Chr03	47348063	47468726	0.226116	0.244877	0.124114	0.121896
Chr03	47413626	47552239	-0.023326	-0.038046	-0.017580	-0.009773
Chr03	47468728	47743823	0.052007	0.044980	0.023786	0.030548
Chr03	47552898	47922016	0.121798	0.085241	0.047222	0.070933
Chr03	47743849	48056540	0.084578	0.073126	0.039866	0.042601
Chr03	47922204	48154321	0.161423	0.126681	0.075476	0.074808
Chr03	48056541	48304035	0.085309	0.076515	0.043227	0.041280
Chr03	48154326	48417403	0.173446	0.185939	0.110741	0.073617
Chr03	48304042	48488711	0.284457	0.302648	0.191872	0.123641
Chr03	48417421	48564203	0.159835	0.115864	0.074381	0.065118
Chr03	48488776	48664103	0.341371	0.190563	0.130954	0.113362
Chr03	48564346	48773370	0.147528	0.138477	0.081624	0.067917
Chr03	48664171	48936673	-0.017277	-0.013778	-0.008594	-0.006378
Chr03	48773409	48985341	-0.046294	-0.035531	-0.018895	-0.018180
Chr03	48936719	49040153	-0.101179	-0.306775	-0.050964	-0.033675
Chr03	48985351	49095375	0.136469	0.154804	0.077591	0.059093
Chr03	49040319	49185478	0.210404	0.193665	0.128868	0.108615
Chr03	49095382	49281074	0.056024	0.065809	0.036586	0.030898
Chr03	49185501	49411301	0.069980	0.071588	0.038556	0.042924
Chr03	49281080	49533109	0.213315	0.182251	0.106452	0.126015
Chr03	49411303	49580074	0.160220	0.160304	0.090378	0.085521
Chr03	49533145	49947017	0.110176	0.077420	0.043368	0.061332
Chr03	49580083	50076504	0.074540	0.051412	0.027510	0.039741
Chr03	49947022	50116386	0.065291	0.070122	0.035213	0.030507
Chr03	50076541	50172183	0.195285	0.229027	0.122290	0.108079
Chr03	50116407	50230924	0.163297	0.175487	0.095846	0.078026
Chr03	50172201	50266689	-0.258357	-0.484195	-0.169134	-0.131540
Chr03	50230928	50336152	-0.259142	-0.489696	-0.156971	-0.127361
Chr03	50266710	50426935	0.024084	0.024712	0.010544	0.014839
Chr03	50336161	50481840	0.014717	0.018379	0.006348	0.009111
Chr03	50426958	50517448	0.038943	0.076323	0.022659	0.017198
Chr03	50481845	50569059	-0.043200	-0.103139	-0.026800	-0.024620
Chr03	50517468	50621645	-0.099640	-0.133447	-0.045447	-0.063909
Chr03	50569082	50671808	-0.064260	-0.064356	-0.026486	-0.038850
Chr03	50621662	50711345	-0.106956	-0.117531	-0.051506	-0.056249
Chr03	50671809	50770990	0.010244	0.010164	0.005444	-0.002164
Chr03	50711346	50851520	0.135213	0.119001	0.071862	0.071074
Chr03	50771180	50933044	0.174287	0.156725	0.079896	0.083525
Chr03	50851541	51056547	0.022885	0.020822	0.008800	0.010497
Chr03	50933054	51128343	-0.041281	-0.038262	-0.016677	-0.017908
Chr03	51056568	51200062	0.443864	0.364137	0.231420	0.257298
Chr03	51128360	51320764	0.617389	0.412495	0.302712	0.402267
Chr03	51200075	51469582	0.336220	0.203046	0.120906	0.219956
Chr03	51324853	51578692	0.097980	0.068566	0.036524	0.056170
Chr03	51469749	51638775	0.095435	0.105405	0.053178	0.047426
Chr03	51578702	51733735	0.078680	0.099049	0.044104	0.036644
Chr03	51638804	51800275	-0.064183	-0.059390	-0.030922	-0.033958
Chr03	51733763	51852075	-0.005261	-0.004715	-0.002682	-0.004727
Chr03	51800372	51938671	0.021829	0.019766	0.010641	0.006778
Chr03	51852132	52017407	-0.067586	-0.044614	-0.027438	-0.023559
Chr03	51938722	52118712	-0.022859	-0.012247	-0.008385	-0.012621
Chr03	52017410	52154302	0.055057	0.040978	0.025962	0.020683
Chr03	52118827	52197942	0.095707	0.129494	0.066672	0.046367
Chr03	52154345	52271518	0.017746	0.022903	0.011703	0.008527
Chr03	52198044	52340283	-0.032858	-0.043046	-0.022038	-0.014320
Chr03	52271560	52417951	0.023343	0.030702	0.015680	0.009961
Chr03	52340300	52482235	-0.014178	-0.018903	-0.008254	-0.011464
Chr03	52418158	52543639	-0.058953	-0.070599	-0.031443	-0.028985
Chr03	52482277	52632598	-0.032564	-0.041044	-0.020644	-0.015820
Chr03	52543661	52696685	-0.068869	-0.113016	-0.047490	-0.030005
Chr03	52632611	52787379	-0.001477	-0.002431	-0.001050	-0.001852
Chr03	52696713	52827771	-0.041532	-0.077640	-0.032258	-0.018949
Chr03	52787387	52861788	-0.150082	-0.435595	-0.144227	-0.067340
Chr03	52827802	52918652	-0.046377	-0.076983	-0.036305	-0.021013
Chr03	52861847	53015951	-0.007841	-0.008486	-0.004520	0.002984
Chr03	52918655	53167680	-0.065669	-0.052319	-0.027638	-0.027655
Chr03	53016754	53273207	-0.054816	-0.046789	-0.021581	-0.024716
Chr03	53167809	53355653	-0.341298	-0.609457	-0.169121	-0.185780
Chr03	53273258	53526521	-0.274248	-0.301379	-0.120892	-0.171095
Chr03	53355681	53577296	0.146701	0.125259	0.068055	0.085672
Chr03	53526546	53653537	0.186060	0.209124	0.111906	0.097111
Chr03	53577330	53716959	0.072924	0.050078	0.029446	0.026747
Chr03	53653568	53806666	0.044921	0.028261	0.016634	0.012160
Chr03	53716964	53877081	0.028871	0.031423	0.015163	0.011617
Chr03	53806672	53964871	0.038527	0.052475	0.019144	0.014732
Chr03	53877192	54036292	0.047293	0.058609	0.022578	0.018702
Chr03	53964884	54094479	0.088899	0.076139	0.045354	0.047687
Chr03	54036348	54143537	0.090599	0.085522	0.054462	0.048121
Chr03	54094502	54200154	-0.011170	-0.018102	-0.009041	-0.002285
Chr03	54143592	54240004	-0.002097	-0.003314	-0.001572	-0.001733
Chr03	54200164	54317539	0.078014	0.111168	0.057942	0.039267
Chr03	54240018	54435614	0.033095	0.039582	0.020842	0.020973
Chr03	54317573	54567884	0.041150	0.031447	0.018411	0.021709
Chr03	54435619	54667041	0.042574	0.033986	0.019089	0.022811
Chr03	54567945	54717165	0.017617	0.019001	0.009516	0.012780
Chr03	54667063	54799929	0.118877	0.115833	0.070171	0.060998
Chr03	54717166	54868789	0.269560	0.194447	0.146622	0.122881
Chr03	54799955	54930587	0.215858	0.175745	0.127144	0.101005
Chr03	54868796	54972989	-0.038625	-0.060343	-0.030749	-0.020498
Chr03	54930592	55066295	-0.075109	-0.135138	-0.056990	-0.029376
Chr03	54973016	55130839	-0.040791	-0.072048	-0.028658	-0.014901
Chr03	55066306	55183764	-0.211872	-0.378346	-0.138251	-0.104534
Chr03	55130852	55241726	-0.128271	-0.197753	-0.085304	-0.067732
Chr03	55184023	55288638	0.075945	0.108602	0.056912	0.039482
Chr03	55241738	55333631	0.085214	0.134704	0.073029	0.042519
Chr03	55288652	55379191	0.076183	0.132908	0.073192	0.036252
Chr03	55333633	55442261	0.001755	0.002635	0.001508	-0.000701
Chr03	55379221	55483956	-0.057898	-0.090327	-0.050152	-0.029322
Chr03	55442265	55560937	-0.053011	-0.092106	-0.038675	-0.028051
Chr03	55483967	55634486	-0.009203	-0.010608	-0.004665	-0.006101
Chr03	55560955	55673297	0.003843	0.004481	0.002040	0.000061
Chr03	55634529	55733329	0.026103	0.037421	0.016606	0.009928
Chr03	55673358	55777381	0.161792	0.229078	0.116951	0.075638
Chr03	55733519	55822075	0.113924	0.172611	0.097392	0.052548
Chr03	55777397	55970515	-0.016977	-0.021450	-0.011405	-0.013569
Chr03	55822138	56220322	-0.025561	-0.019704	-0.011222	-0.014304
Chr03	55970534	56640166	0.060858	0.037600	0.021883	0.040186
Chr03	56220340	56731792	0.162236	0.113562	0.063876	0.096151
Chr03	56640236	56834816	0.167919	0.163865	0.090948	0.095281
Chr03	56731801	56875921	0.186622	0.233351	0.138751	0.110458
Chr03	56834865	56925240	0.138723	0.209283	0.125182	0.083092
Chr03	56875955	56976249	-0.064719	-0.094582	-0.050223	-0.037337
Chr03	56925359	57073059	-0.110713	-0.090393	-0.053946	-0.065989
Chr03	56976255	57133068	-0.130497	-0.106203	-0.055582	-0.075512
Chr03	57073328	57240045	-0.075977	-0.089570	-0.038264	-0.044323
Chr03	57133073	57292563	-0.037840	-0.059255	-0.025832	-0.021440
Chr03	57240147	57321714	-0.126343	-0.244903	-0.111564	-0.071627
Chr03	57292614	57436090	-0.205856	-0.308779	-0.133452	-0.121506
Chr03	57321736	57532433	-0.140684	-0.171195	-0.077332	-0.075363
Chr03	57436171	57579643	-0.027880	-0.036771	-0.017784	-0.011270
Chr03	57532435	57622948	-0.023336	-0.041306	-0.018162	-0.008228
Chr03	57579645	57684389	0.011510	0.015406	0.007844	0.004337
Chr03	57622952	57754261	-0.041016	-0.033731	-0.019376	-0.023710
Chr03	57684394	57832268	-0.041793	-0.038510	-0.022495	-0.027724
Chr03	57754292	57880263	0.010954	0.015944	0.008938	0.003125
Chr03	57832289	57942486	0.088992	0.113205	0.065171	0.048030
Chr03	57880267	58013822	0.057657	0.071000	0.039708	0.030530
Chr03	57942496	58080603	0.028882	0.041816	0.021725	0.014574
Chr03	58013950	58180545	0.016783	0.023693	0.012220	0.004652
Chr03	58080637	58227288	-0.062261	-0.091027	-0.044924	-0.034765
Chr03	58180677	58298111	-0.052731	-0.083328	-0.036154	-0.026713
Chr03	58227343	58396945	-0.128674	-0.191965	-0.080482	-0.066669
Chr03	58298139	58461068	-0.125932	-0.195192	-0.087995	-0.065057
Chr03	58397068	58572918	-0.009961	-0.018247	-0.009347	-0.007092
Chr03	58461090	58623133	0.020069	0.034268	0.017501	0.006986
Chr03	58572926	58775850	0.035649	0.035657	0.020091	0.019014
Chr03	58623169	58937270	-0.031336	-0.014742	-0.009953	-0.017714
Chr03	58775887	58978205	-0.024105	-0.012657	-0.008408	-0.015181
Chr03	58937338	59021520	0.116309	0.185916	0.083516	0.055588
Chr03	58978209	59098440	0.053820	0.085927	0.035703	0.023657
Chr03	59021554	59350976	-0.083118	-0.078700	-0.040749	-0.039084
Chr03	59098452	59495711	-0.049133	-0.039081	-0.019374	-0.022366
Chr03	59351017	59535469	-0.000597	-0.000599	-0.000267	0.002411
Chr03	59495713	59619700	0.083232	0.113015	0.062191	0.064646
Chr03	59535470	59792213	-0.011943	-0.014563	-0.006951	0.003753
Chr03	59620050	59938399	-0.083549	-0.071351	-0.033684	-0.041475
Chr03	59792218	60004171	-0.144673	-0.143930	-0.064306	-0.065779
Chr03	59938405	60049289	-0.083300	-0.104174	-0.048086	-0.029588
Chr03	60004227	60185533	0.006244	0.006584	0.003496	0.000445
Chr03	60049348	60372015	0.050401	0.056185	0.028795	0.018968
Chr03	60185578	60438446	0.248981	0.241857	0.129800	0.121955
Chr03	60372074	60551853	0.222880	0.142616	0.080261	0.089911
Chr03	60438506	60691227	0.159466	0.072730	0.039521	0.053502
Chr03	60551905	60737187	0.359864	0.170662	0.099160	0.131263
Chr03	60691354	60850395	0.176642	0.083298	0.044388	0.064135
Chr03	60737248	61075781	-0.233641	-0.089912	-0.046251	-0.082503
Chr03	60850471	61264647	-0.107838	-0.051997	-0.028363	-0.038083
Chr03	61075857	61332766	0.004154	0.003345	0.001551	0.016382
Chr03	61264690	61455152	0.042590	0.024957	0.012325	0.022734
Chr03	61332780	61606568	0.090844	0.050602	0.026470	0.049595
Chr03	61455359	61833046	0.086560	0.063271	0.032427	0.040946
Chr03	61606572	61973486	0.070825	0.066308	0.034207	0.029801
Chr03	61833350	62059467	0.072572	0.096993	0.034003	0.026059
Chr03	61973507	62294949	0.148429	0.199554	0.058444	0.058691
Chr03	62059488	62454132	0.265205	0.275147	0.109470	0.146658
Chr03	62294951	62529716	0.176932	0.184969	0.087958	0.090332
Chr03	62454143	62593885	-0.020994	-0.024759	-0.011581	-0.009346
Chr03	62529759	62754857	0.063564	0.073804	0.032066	0.033167
Chr03	62594037	62847782	0.210058	0.237645	0.107179	0.098304
Chr03	62754858	62971927	0.189530	0.184905	0.090658	0.085198
Chr03	62848017	63081636	0.149289	0.129839	0.069197	0.074065
Chr03	62971969	63142099	0.157410	0.166111	0.088078	0.073481
Chr03	63081645	63205715	0.078898	0.095300	0.048271	0.032667
Chr03	63142120	63303454	0.129607	0.120394	0.061871	0.052648
Chr03	63205763	63372078	-0.030613	-0.017330	-0.011368	-0.014453
Chr03	63303477	63493649	-0.051108	-0.035373	-0.025501	-0.028598
Chr03	63372084	63558502	0.179639	0.206079	0.137653	0.105669
Chr03	63493650	63781504	0.198953	0.140652	0.102542	0.119306
Chr03	63558528	63835591	0.188864	0.125978	0.087915	0.117271
Chr03	63781509	63936316	0.203859	0.252616	0.133461	0.119451
Chr03	63835635	63992145	0.138980	0.208703	0.094940	0.071409
Chr03	63936330	64052874	0.105236	0.150316	0.063702	0.057091
Chr03	63992205	64120331	0.042177	0.065806	0.025799	0.026984
Chr03	64052922	64175597	-0.045233	-0.087822	-0.032534	-0.018778
Chr03	64120420	64346228	0.157697	0.181736	0.074517	0.088817
Chr03	64175695	64544044	0.262052	0.233289	0.104181	0.145593
Chr03	64346242	64712819	0.186954	0.182062	0.092802	0.095630
Chr03	64544055	64768115	0.151891	0.194356	0.096951	0.062625
Chr03	64712839	64926652	0.095516	0.097662	0.052294	0.031445
Chr03	64768182	65008726	-0.021182	-0.017314	-0.009779	-0.006299
Chr03	64926932	65064253	-0.108032	-0.116132	-0.054567	-0.042778
Chr03	65008735	65116588	-0.175353	-0.304260	-0.101820	-0.086321
Chr03	65064269	65179146	-0.218988	-0.349432	-0.137697	-0.124223
Chr03	65116719	65271538	-0.029128	-0.024128	-0.013402	-0.012288
Chr03	65187148	65376686	0.080038	0.062790	0.031743	0.031436
Chr03	65271604	65542196	-0.001989	-0.001472	-0.000811	0.000568
Chr03	65376692	65664423	-0.073558	-0.052417	-0.029942	-0.032212
Chr03	65542262	65772126	-0.028092	-0.026844	-0.011554	-0.009424
Chr03	65664583	65883556	0.188169	0.228837	0.088892	0.061823
Chr03	65772143	66018742	-0.040811	-0.086310	-0.031076	-0.016747
Chr03	65883558	66129734	-0.207276	-0.823526	-0.166273	-0.102434
Chr03	66018775	66801249	-0.146205	-0.298076	-0.089066	-0.070579
Chr03	66129744	66844603	-0.167581	-0.348734	-0.100141	-0.080621
Chr03	66801260	66950761	-0.235624	-0.378211	-0.114303	-0.124643
Chr03	66844624	67006962	-0.142410	-0.157196	-0.065030	-0.070039
Chr03	66950791	67115965	0.156607	0.142643	0.084376	0.068272
Chr03	67007196	67196286	0.292388	0.266350	0.191810	0.127005
Chr03	67115971	67247701	0.099294	0.157543	0.088916	0.049421
Chr03	67197277	67440602	0.012059	0.013678	0.007133	0.012174
Chr03	67247708	67515801	0.032344	0.036858	0.018852	0.019470
Chr03	67440629	67634272	-0.082048	-0.292149	-0.065647	-0.029552
Chr03	67515872	67706875	-0.022310	-0.056492	-0.015578	-0.006989
Chr03	67634360	67782654	0.015811	0.028830	0.009963	0.007221
Chr03	67706877	67938169	0.114907	0.105142	0.048444	0.053058
Chr03	67782666	67988380	0.127620	0.111002	0.059301	0.070940
Chr03	67938192	68139032	0.037179	0.043499	0.023976	0.023042
Chr03	67988389	68221402	0.043078	0.052807	0.027480	0.024168
Chr03	68139253	68343785	0.086396	0.091608	0.051025	0.042527
Chr03	68221427	68520295	0.189322	0.172631	0.099772	0.081615
Chr03	68343790	68617784	0.238744	0.287665	0.142188	0.091738
Chr03	68520380	68720323	0.283802	0.365430	0.183051	0.120349
Chr03	68617811	68903941	0.196560	0.234053	0.114213	0.095623
Chr03	68720435	69022582	0.008637	0.010475	0.004628	0.011295
Chr03	68903943	69077390	-0.000617	-0.000821	-0.000386	0.004732
Chr03	69022604	69143805	-0.047872	-0.066820	-0.032827	-0.020801
Chr03	69077417	69204297	-0.046844	-0.073744	-0.034561	-0.022082
Chr03	69143983	69248992	-0.002759	-0.005914	-0.002691	-0.002159
Chr03	69204348	69387056	0.003855	0.004815	0.002574	0.006025
Chr03	69249183	69453075	0.124821	0.135710	0.080369	0.053369
Chr03	69387161	69522719	0.103002	0.144718	0.068459	0.040917
Chr03	69453082	69588234	0.031841	0.046936	0.019037	0.016876
Chr03	69522720	69654236	-0.009584	-0.016375	-0.006388	-0.000097
Chr03	69588256	69726482	-0.097139	-0.177284	-0.065167	-0.041928
Chr03	69654301	69806882	0.021738	0.030099	0.010358	0.014014
Chr03	69726490	69908350	0.376926	0.402150	0.164863	0.194834
Chr03	69806952	70002929	0.284260	0.361136	0.154555	0.177556
Chr03	69908370	70082783	0.015312	0.028053	0.009284	0.010352
Chr03	70002930	70140373	-0.035309	-0.075837	-0.022191	-0.019944
Chr04	360665	447082	0.044133	0.059116	0.027999	0.020023
Chr04	401258	552845	-0.041557	-0.056426	-0.022224	-0.013468
Chr04	447224	676244	-0.097810	-0.108397	-0.050932	-0.048740
Chr04	552994	741429	-0.110755	-0.147548	-0.068357	-0.058407
Chr04	676246	793097	-0.093420	-0.196700	-0.066493	-0.041294
Chr04	741431	871996	-0.016069	-0.035837	-0.009499	-0.006166
Chr04	793107	954344	0.210265	0.398407	0.114393	0.106954
Chr04	872081	1053212	0.248424	0.369185	0.156710	0.140151
Chr04	954447	1090489	0.257929	0.428992	0.167129	0.144618
Chr04	1053264	1155678	0.159938	0.319160	0.103060	0.084747
Chr04	1090491	1232769	0.037588	0.044082	0.021406	0.012766
Chr04	1155689	1339983	0.050039	0.051241	0.028333	0.025685
Chr04	1232786	1515344	-0.084224	-0.098879	-0.044379	-0.036318
Chr04	1340156	1633758	-0.094897	-0.096847	-0.042207	-0.045901
Chr04	1515425	1683818	-0.071044	-0.083265	-0.037688	-0.036707
Chr04	1633783	1780841	0.019147	0.022582	0.012020	0.007810
Chr04	1683826	1864106	0.065878	0.056093	0.033909	0.033967
Chr04	1781015	2004817	0.105895	0.071818	0.048227	0.064974
Chr04	1864123	2074670	0.112326	0.080220	0.050660	0.070757
Chr04	2005170	2133047	0.137053	0.119200	0.066519	0.076257
Chr04	2074733	2207888	0.172609	0.171661	0.080898	0.067720
Chr04	2133081	2354949	-0.057220	-0.118038	-0.022280	-0.018354
Chr04	2208161	2591378	-0.139459	-0.271531	-0.053191	-0.060369
Chr04	2355344	2766066	0.007172	0.007199	0.002946	0.004503
Chr04	2591421	2847822	0.088430	0.108323	0.039135	0.032601
Chr04	2766098	2895775	-0.038623	-0.081856	-0.021395	-0.013119
Chr04	2848195	2954503	-0.033633	-0.040953	-0.018023	-0.013856
Chr04	2895802	3016171	-0.096242	-0.124284	-0.050788	-0.042223
Chr04	2954504	3080684	-0.083810	-0.107321	-0.050567	-0.040598
Chr04	3016654	3183660	0.062327	0.058994	0.034594	0.029692
Chr04	3080687	3342275	-0.030455	-0.024802	-0.013147	-0.012780
Chr04	3183792	3613708	-0.070372	-0.056419	-0.028840	-0.033766
Chr04	3342309	3735416	-0.006916	-0.006460	-0.003417	-0.002956
Chr04	3613934	3774505	-0.047855	-0.057174	-0.028486	-0.027881
Chr04	3735433	3840608	-0.147772	-0.215814	-0.096087	-0.082576
Chr04	3774546	3880463	0.005401	0.007216	0.003805	0.002041
Chr04	3840814	3926411	0.049282	0.067050	0.036883	0.020950
Chr04	3880484	4054831	-0.017212	-0.022020	-0.008314	-0.003578
Chr04	3926438	4170324	0.030959	0.037601	0.011638	0.022973
Chr04	4054843	4236800	0.084635	0.107834	0.038910	0.052422
Chr04	4170325	4320680	0.191978	0.233421	0.115835	0.124466
Chr04	4236805	4415860	0.145602	0.162279	0.088957	0.090383
Chr04	4320704	4623054	0.092373	0.053604	0.033959	0.050236
Chr04	4415888	4682860	0.101495	0.046833	0.032263	0.047840
Chr04	4623059	4796869	-0.075489	-0.046235	-0.031233	-0.039520
Chr04	4682867	5527615	-0.061625	-0.018596	-0.013075	-0.027514
Chr04	4796928	5929497	-0.073089	-0.021857	-0.014356	-0.027669
Chr04	5527686	5989599	-0.403005	-0.665767	-0.173366	-0.173028
Chr04	5929679	6072250	-0.258909	-0.652159	-0.132356	-0.126138
Chr04	5989608	6179802	0.014714	0.015706	0.006772	0.013485
Chr04	6072261	6282517	0.004306	0.003270	0.001734	0.008537
Chr04	6179803	6402801	-0.202116	-0.129973	-0.075513	-0.142061
Chr04	6282521	6469031	-0.251646	-0.177863	-0.105397	-0.154097
Chr04	6402807	6608512	0.028679	0.024832	0.013645	0.016653
Chr04	6469033	6665400	0.065187	0.076420	0.037779	0.028544
Chr04	6608625	6750869	0.036601	0.049113	0.026336	0.015603
Chr04	6665490	6825273	0.075799	0.084147	0.050714	0.031022
Chr04	6750871	6906460	-0.004206	-0.005082	-0.002722	-0.003238
Chr04	6825276	6963692	-0.053453	-0.062872	-0.031997	-0.023674
Chr04	6906475	7036641	-0.009077	-0.010869	-0.005875	-0.004575
Chr04	6963722	7106813	-0.032156	-0.046710	-0.022776	-0.013627
Chr04	7036695	7219186	0.106654	0.114760	0.045121	0.047018
Chr04	7106934	7412578	0.284401	0.198218	0.093501	0.146923
Chr04	7219265	7515466	0.227056	0.176108	0.092781	0.115449
Chr04	7412823	7560687	0.063102	0.088726	0.041525	0.025918
Chr04	7515499	7631938	-0.048222	-0.078467	-0.026370	-0.015438
Chr04	7560777	7720077	-0.093626	-0.135120	-0.039244	-0.030458
Chr04	7631976	7810305	-0.148700	-0.136909	-0.050739	-0.049528
Chr04	7720080	7853699	-0.101430	-0.121565	-0.048574	-0.035460
Chr04	7810471	7959851	0.157134	0.233509	0.132467	0.060164
Chr04	7853759	8054550	0.274801	0.276167	0.194284	0.089449
Chr04	7959998	8128735	0.193843	0.212872	0.139639	0.067416
Chr04	8054701	8201293	0.088629	0.142947	0.077318	0.040156
Chr04	8129805	8227241	0.035987	0.080267	0.032295	0.016753
Chr04	8201298	8257554	0.035555	0.096437	0.034039	0.014739
Chr04	8227243	8335653	0.082728	0.135484	0.067163	0.038516
Chr04	8259104	8416037	0.077183	0.062790	0.040096	0.038376
Chr04	8335765	8502198	-0.073777	-0.074942	-0.040013	-0.034417
Chr04	8416055	8581553	-0.120534	-0.210661	-0.076176	-0.043080
Chr04	8502468	8653243	0.029146	0.032807	0.017926	0.012658
Chr04	8581692	8761692	0.108383	0.103349	0.067102	0.050994
Chr04	8653244	9234512	0.150096	0.125575	0.077323	0.077591
Chr04	8761694	9619695	0.195567	0.162555	0.072086	0.102305
Chr04	9234573	9680454	0.090434	0.101636	0.037914	0.045668
Chr04	9619706	9732958	-0.077214	-0.116730	-0.058319	-0.043111
Chr04	9680464	9812214	-0.125435	-0.238251	-0.093376	-0.060655
Chr04	9732995	9941864	-0.051935	-0.076268	-0.029238	-0.017892
Chr04	9812219	10069943	0.200107	0.179363	0.098079	0.101767
Chr04	9941898	10318435	0.573945	0.449998	0.201308	0.411457
Chr04	10069964	10596334	0.642785	0.502214	0.222699	0.495124
Chr04	10318663	10741984	0.295733	0.252938	0.121215	0.162321
Chr04	10596336	10920131	0.054709	0.029500	0.016998	0.022106
Chr04	10741992	11164233	-0.001217	-0.000449	-0.000242	0.000020
Chr04	10920155	11367696	-0.194841	-0.083522	-0.037945	-0.105643
Chr04	11164277	11458351	-0.242486	-0.261604	-0.076083	-0.118522
Chr04	11367724	11514741	-0.167433	-0.227439	-0.070182	-0.089391
Chr04	11458392	11600250	-0.146903	-0.111820	-0.059036	-0.077707
Chr04	11514748	11680302	-0.126005	-0.113445	-0.057243	-0.064160
Chr04	11600303	11878514	0.059529	0.049131	0.024651	0.026449
Chr04	11680315	12070944	0.000865	0.000440	0.000267	0.000217
Chr04	11878541	12207564	-0.574934	-0.463971	-0.215739	-0.404639
Chr04	12071093	12353290	-0.552271	-0.637917	-0.239329	-0.423394
Chr04	12208780	12498053	-0.075787	-0.074852	-0.035558	-0.040747
Chr04	12353836	12635423	-0.018095	-0.017207	-0.009448	-0.009310
Chr04	12498092	12761005	-0.048140	-0.050252	-0.026895	-0.023263
Chr04	12635463	12865720	-0.071890	-0.089237	-0.037199	-0.030900
Chr04	12761053	13022337	-0.223349	-0.320439	-0.105600	-0.100742
Chr04	12865730	13168667	-0.084404	-0.070625	-0.030864	-0.029280
Chr04	13022579	13284611	0.068852	0.034458	0.019051	0.020850
Chr04	13168681	13465781	-0.115677	-0.052575	-0.029970	-0.031885
Chr04	13284612	13559157	-0.246399	-0.139710	-0.081128	-0.083904
Chr04	13465849	13658258	-0.163589	-0.123581	-0.074870	-0.075955
Chr04	13559180	13782346	0.045872	0.043947	0.025947	0.015966
Chr04	13658307	13913091	0.157238	0.132239	0.071028	0.055120
Chr04	13782395	13984970	0.162654	0.135608	0.070491	0.074404
Chr04	13913142	14028101	-0.032279	-0.042942	-0.013978	-0.008219
Chr04	13984972	14107414	-0.136392	-0.289752	-0.054588	-0.047885
Chr04	14028140	14175603	-0.194065	-0.265549	-0.080895	-0.076788
Chr04	14107523	14271745	-0.226655	-0.261842	-0.113273	-0.107526
Chr04	14175631	14439144	0.129862	0.115581	0.048471	0.076116
Chr04	14271804	14662834	0.278235	0.182407	0.073565	0.160985
Chr04	14439264	14961525	-0.005354	-0.003084	-0.001269	-0.000594
Chr04	14662857	15357838	-0.222544	-0.100320	-0.041908	-0.100544
Chr04	14969047	15528537	-0.045655	-0.017570	-0.008486	-0.025410
Chr04	15357922	15587967	-0.033159	-0.017966	-0.009447	-0.019075
Chr04	15528961	15707948	-0.101569	-0.097032	-0.043442	-0.039227
Chr04	15588044	15820189	0.118305	0.075933	0.039890	0.053204
Chr04	15707974	15946571	0.191428	0.074590	0.047161	0.080437
Chr04	15820195	16171284	0.200215	0.056288	0.041682	0.084282
Chr04	15946642	16376977	0.172991	0.058297	0.042782	0.066381
Chr04	16171520	16619388	0.095505	0.052609	0.034689	0.030172
Chr04	16377048	16923561	0.070518	0.042431	0.024830	0.023819
Chr04	16619441	17066632	-0.044646	-0.033777	-0.015270	-0.027013
Chr04	16923565	17202551	-0.104210	-0.091087	-0.034830	-0.050765
Chr04	17066642	17312024	-0.112830	-0.079890	-0.037482	-0.056313
Chr04	17202552	17378523	0.071348	0.055461	0.029481	0.039383
Chr04	17312033	17447353	0.216191	0.249242	0.129593	0.103407
Chr04	17378550	17529880	0.048173	0.059467	0.032404	0.020097
Chr04	17447362	17677071	0.034603	0.029619	0.017267	0.015267
Chr04	17529917	17931520	0.013672	0.010278	0.005377	0.007959
Chr04	17677072	17983223	-0.035050	-0.036569	-0.016499	-0.014258
Chr04	17931544	18068960	-0.006234	-0.008729	-0.004334	-0.001124
Chr04	17983264	18224232	-0.007126	-0.008197	-0.004175	-0.001437
Chr04	18069044	18392874	-0.054324	-0.070020	-0.031427	-0.023812
Chr04	18224322	18436248	-0.039904	-0.055557	-0.027563	-0.017655
Chr04	18392958	18481368	-0.061692	-0.093456	-0.050646	-0.031990
Chr04	18436258	18528090	-0.093675	-0.158814	-0.075973	-0.048921
Chr04	18481521	18614623	-0.061533	-0.077237	-0.038501	-0.034061
Chr04	18528242	18801452	0.015696	0.015107	0.007521	0.008184
Chr04	18614625	19035023	-0.048309	-0.042511	-0.019690	-0.021884
Chr04	18801526	19210931	-0.005058	-0.004398	-0.002162	0.000815
Chr04	19035106	19408625	0.070042	0.051824	0.029589	0.036077
Chr04	19210953	19546741	-0.121200	-0.097110	-0.050104	-0.065211
Chr04	19409131	19603390	-0.056919	-0.061192	-0.028905	-0.025823
Chr04	19546759	19653803	0.009561	0.010809	0.005266	0.009891
Chr04	19603397	19735289	-0.097947	-0.115566	-0.053376	-0.052013
Chr04	19653833	19772581	-0.151366	-0.251466	-0.098332	-0.066938
Chr04	19735364	19837638	-0.134326	-0.262197	-0.100881	-0.068807
Chr04	19772670	19941641	0.008340	0.007271	0.003907	0.003824
Chr04	19837699	20039004	0.006819	0.005524	0.002900	0.006583
Chr04	19941681	20102019	0.165306	0.125959	0.078074	0.087859
Chr04	20039028	20308425	0.163566	0.094074	0.062247	0.081659
Chr04	20102031	20400835	0.028597	0.017177	0.010218	0.012699
Chr04	20308613	20479244	-0.073047	-0.071638	-0.024434	-0.020708
Chr04	20400897	20578166	-0.162703	-0.327491	-0.046883	-0.043429
Chr04	20479272	20630180	0.073726	0.097579	0.026344	0.034894
Chr04	20578222	20744271	0.109206	0.075026	0.032175	0.030580
Chr04	20630223	20902644	0.030427	0.013980	0.006755	0.007234
Chr04	20744277	21013842	-0.007952	-0.005283	-0.002378	-0.000500
Chr04	20902770	21092783	0.101539	0.094441	0.044363	0.047939
Chr04	21013856	21732780	0.365592	0.165747	0.064300	0.203088
Chr04	21092792	21879405	0.348606	0.123375	0.051354	0.168348
Chr04	21732806	22104088	0.148907	0.049408	0.028397	0.041533
Chr04	21879518	22247758	-0.015971	-0.004849	-0.003024	-0.004489
Chr04	22104098	22368908	-0.084304	-0.040308	-0.024092	-0.032446
Chr04	22247799	22432409	0.179173	0.116640	0.074269	0.088852
Chr04	22368936	22496315	0.242542	0.106192	0.079417	0.086265
Chr04	22432453	22725604	-0.127921	-0.060538	-0.043309	-0.053234
Chr04	22496380	22817399	-0.215419	-0.169027	-0.091332	-0.099173
Chr04	22725625	22914918	-0.174838	-0.235368	-0.093126	-0.071862
Chr04	22817406	22958714	-0.070556	-0.095361	-0.044952	-0.030097
Chr04	22914945	23029269	0.095782	0.083382	0.050835	0.056552
Chr04	22958748	23110781	-0.033687	-0.023685	-0.013049	-0.015116
Chr04	23029323	23196417	-0.014027	-0.010842	-0.005561	-0.006752
Chr04	23110797	23285936	0.213909	0.166809	0.092200	0.090810
Chr04	23196419	23358513	0.210497	0.196453	0.099682	0.099851
Chr04	23286034	23407044	0.177450	0.186721	0.092631	0.087992
Chr04	23358655	23457266	0.155243	0.186216	0.089797	0.058848
Chr04	23407045	23508035	-0.014614	-0.022758	-0.008472	-0.005080
Chr04	23457306	23563989	-0.115802	-0.122714	-0.059271	-0.051332
Chr04	23508037	23627493	-0.065553	-0.061018	-0.034283	-0.029362
Chr04	23563999	23701678	0.004649	0.003679	0.002351	0.002182
Chr04	23627509	23732716	-0.055289	-0.053489	-0.024467	-0.027106
Chr04	23701679	23810169	-0.042960	-0.061591	-0.017166	-0.026573
Chr04	23732784	23873143	-0.045716	-0.052345	-0.018004	-0.026629
Chr04	23810188	23932800	-0.041473	-0.038723	-0.019937	-0.021952
Chr04	23873147	24074570	0.068436	0.073733	0.041940	0.038835
Chr04	23932817	24135332	0.147148	0.181150	0.096106	0.084770
Chr04	24074574	24167848	0.224955	0.276637	0.162835	0.129172
Chr04	24135342	24261918	0.209166	0.193453	0.124423	0.126505
Chr04	24167878	24378560	0.125919	0.111768	0.068265	0.074161
Chr04	24261921	24465059	0.108347	0.100493	0.056929	0.057235
Chr04	24378678	24530564	0.131774	0.131719	0.064065	0.054779
Chr04	24465140	24601374	0.179846	0.246054	0.091358	0.066783
Chr04	24530573	24644489	0.189338	0.185024	0.087614	0.078655
Chr04	24601398	24696251	0.165702	0.162606	0.088169	0.076554
Chr04	24644498	24934907	0.186993	0.141814	0.092850	0.095923
Chr04	24696290	24986166	0.253021	0.191632	0.123813	0.139200
Chr04	24934972	25117129	0.320073	0.264378	0.142749	0.174823
Chr04	24986277	25236855	0.180702	0.139266	0.069503	0.092065
Chr04	25117404	25359880	0.079604	0.071497	0.032836	0.036673
Chr04	25236902	25766151	0.234224	0.130048	0.048365	0.117188
Chr04	25360902	25919962	0.146333	0.066010	0.028835	0.070457
Chr04	25766279	26008638	-0.030143	-0.018765	-0.010806	-0.010008
Chr04	25920048	26081676	-0.077736	-0.084887	-0.035805	-0.030732
Chr04	26008642	26120629	-0.077404	-0.141383	-0.041873	-0.033378
Chr04	26081690	26149816	-0.000681	-0.001892	-0.000529	0.000976
Chr04	26120794	26257182	-0.023584	-0.048814	-0.021515	-0.010020
Chr04	26149820	26326880	0.025649	0.033505	0.018186	0.010457
Chr04	26257233	26399950	0.260891	0.183983	0.140992	0.113899
Chr04	26326973	26571601	0.261050	0.139378	0.109958	0.133409
Chr04	26400001	26643894	0.120398	0.089687	0.064508	0.060982
Chr04	26571640	26713605	0.106236	0.148332	0.097916	0.055427
Chr04	26643944	26854723	0.155170	0.158491	0.102449	0.080138
Chr04	26713622	26943168	0.046179	0.050729	0.026067	0.022973
Chr04	26854757	27027742	-0.061858	-0.080520	-0.038659	-0.029545
Chr04	26943171	27099600	-0.090078	-0.112049	-0.058679	-0.053009
Chr04	27027768	27239393	-0.098761	-0.097000	-0.055516	-0.054633
Chr04	27099603	27295511	-0.056634	-0.052321	-0.024645	-0.026780
Chr04	27239396	27389503	0.076032	0.057473	0.023883	0.027668
Chr04	27295521	27456204	0.233870	0.133865	0.070986	0.075828
Chr04	27389540	27556672	0.242297	0.190973	0.110990	0.091354
Chr04	27456243	27656433	0.091412	0.118778	0.071056	0.049158
Chr04	27556684	27723909	-0.007943	-0.011011	-0.007474	-0.005660
Chr04	27656538	27772867	0.051545	0.071302	0.049896	0.029911
Chr04	27723915	27835489	0.113089	0.141489	0.095184	0.054025
Chr04	27772875	27923863	0.055494	0.049899	0.031443	0.020969
Chr04	27835604	28001292	0.023503	0.017020	0.010109	0.006800
Chr04	27923888	28113392	0.229072	0.161487	0.098378	0.077486
Chr04	28001293	28537360	0.295471	0.144522	0.093775	0.056802
Chr04	28113430	28659460	0.210960	0.087457	0.064553	0.040205
Chr04	28537427	28777824	0.199856	0.108161	0.080731	0.069576
Chr04	28659616	28842378	0.096923	0.082745	0.046001	0.028867
Chr04	28777827	28893863	-0.043143	-0.083843	-0.024947	-0.015074
Chr04	28842393	28987170	-0.112664	-0.186865	-0.056662	-0.038930
Chr04	28893872	29051667	-0.049567	-0.048288	-0.023122	-0.015936
Chr04	28987193	29118622	0.100418	0.066182	0.035093	0.035178
Chr04	29051690	29282262	0.188898	0.093337	0.059191	0.072533
Chr04	29119578	29336842	0.151883	0.084820	0.057682	0.066640
Chr04	29282601	29388097	0.011527	0.010937	0.005048	0.004490
Chr04	29336882	29442189	-0.125020	-0.129388	-0.059441	-0.059270
Chr04	29388132	29544989	-0.000268	-0.000187	-0.000110	0.004682
Chr04	29442197	29599907	-0.075716	-0.071764	-0.034047	-0.034462
Chr04	29544992	29658095	-0.130605	-0.333477	-0.088858	-0.054644
Chr04	29600032	29696651	0.091546	0.110343	0.055337	0.038681
Chr04	29658170	29779786	0.085655	0.103058	0.049728	0.033448
Chr04	29696685	29857602	0.079891	0.100559	0.046361	0.034673
Chr04	29779796	29912682	0.209800	0.199904	0.110434	0.094039
Chr04	29857604	29954804	0.200233	0.179285	0.098429	0.086306
Chr04	29912696	30012074	-0.016692	-0.019670	-0.008829	-0.004842
Chr04	29955006	30081312	0.071368	0.090578	0.042537	0.034291
Chr04	30012100	30144296	0.187121	0.149171	0.087398	0.098994
Chr04	30081360	30238799	0.095305	0.054886	0.032176	0.048187
Chr04	30144343	30350354	0.012602	0.005144	0.003267	0.008186
Chr04	30238826	30407470	0.199764	0.111866	0.073833	0.069301
Chr04	30350358	30537062	0.220917	0.153850	0.086257	0.109737
Chr04	30407477	30657105	0.203404	0.141780	0.068583	0.095934
Chr04	30537145	30805735	0.110393	0.080833	0.037143	0.044501
Chr04	30657109	30929518	-0.091196	-0.047879	-0.024088	-0.021640
Chr04	30805736	31191701	-0.001571	-0.000426	-0.000261	-0.001556
Chr04	30929739	31472483	0.015538	0.002582	0.001700	0.007301
Chr04	31192230	31713491	0.043840	0.007890	0.005220	0.016832
Chr04	31472593	31931574	0.024805	0.006125	0.004160	0.008734
Chr04	31713495	32136647	-0.007219	-0.002004	-0.001357	-0.004642
Chr04	31931600	32334202	0.231421	0.061302	0.042223	0.069762
Chr04	32136842	33539301	0.185443	0.025188	0.017058	0.071459
Chr04	32337441	35580352	-0.091847	-0.009151	-0.006377	-0.044620
Chr04	33539307	36135716	-0.473753	-0.046381	-0.035236	-0.267578
Chr04	35580569	36442117	-0.534210	-0.062380	-0.047640	-0.289913
Chr04	36135774	36590500	-0.130370	-0.038508	-0.023463	-0.064579
Chr04	36442293	36652442	-0.012718	-0.008724	-0.004774	-0.004890
Chr04	36590539	36762646	-0.018209	-0.009050	-0.005605	-0.008292
Chr04	36652455	36827546	-0.097094	-0.043863	-0.025464	-0.037888
Chr04	36762657	37175542	-0.110299	-0.087233	-0.044248	-0.044509
Chr04	36827549	37336795	-0.082641	-0.047707	-0.027313	-0.034261
Chr04	37175580	37456116	0.040650	0.019022	0.011621	0.012975
Chr04	37336830	37563569	0.074609	0.036389	0.019417	0.025342
Chr04	37456119	37685649	0.243068	0.110668	0.055532	0.084704
Chr04	37563573	37791653	0.145356	0.082173	0.040479	0.058407
Chr04	37685674	38013490	-0.013665	-0.006126	-0.003304	-0.004264
Chr04	37791690	38264577	0.260650	0.076043	0.041456	0.093804
Chr04	38013506	38510918	0.220376	0.070048	0.038364	0.074232
Chr04	38264695	38804958	-0.147461	-0.065679	-0.034869	-0.042276
Chr04	38510937	38921584	-0.157370	-0.083793	-0.044180	-0.064426
Chr04	38805122	39094437	-0.045290	-0.016935	-0.010842	-0.019965
Chr04	38921706	39646602	0.034091	0.007612	0.003861	0.012859
Chr04	39095397	39764793	0.040469	0.012886	0.005616	0.014746
Chr04	39646643	39975493	0.009212	0.009752	0.004309	0.003705
Chr04	39764911	40059942	0.031364	0.025019	0.013311	0.011666
Chr04	39975574	40143946	-0.010353	-0.007961	-0.004704	-0.004608
Chr04	40059956	40226326	0.025149	0.021315	0.011036	0.009542
Chr04	40143997	40353092	-0.180768	-0.122362	-0.056307	-0.082511
Chr04	40226339	40531771	-0.269287	-0.187546	-0.072081	-0.117206
Chr04	40353116	40630039	-0.120322	-0.199050	-0.033691	-0.036146
Chr04	40531781	40697273	-0.053326	-0.089047	-0.020651	-0.017628
Chr04	40630049	40779954	0.057919	0.063710	0.036821	0.022898
Chr04	40697298	40864900	-0.023232	-0.033274	-0.016429	-0.009180
Chr04	40779965	41041638	0.111842	0.109115	0.054258	0.043990
Chr04	40864971	41128558	0.239840	0.200224	0.096192	0.060893
Chr04	41041651	41186832	0.096531	0.133642	0.046105	0.019971
Chr04	41128611	41265111	0.060753	0.120363	0.026736	0.017354
Chr04	41186856	41328450	0.076043	0.129268	0.027163	0.024113
Chr04	41265120	41417680	0.082700	0.085750	0.028101	0.025655
Chr04	41328470	41467719	0.103981	0.112681	0.050249	0.035635
Chr04	41417714	41504100	-0.130765	-0.172312	-0.089153	-0.055700
Chr04	41467742	41568647	-0.197464	-0.238080	-0.135380	-0.114156
Chr04	41504173	41620086	-0.057697	-0.069682	-0.039678	-0.025603
Chr04	41568676	41662732	0.130363	0.130304	0.085194	0.062203
Chr04	41620089	41935010	0.288378	0.247763	0.157390	0.167020
Chr04	41662811	42003303	0.103824	0.098887	0.056040	0.054570
Chr04	41935073	42100485	0.002937	0.003548	0.002052	0.002656
Chr04	42003324	42246780	0.145090	0.110325	0.068240	0.047819
Chr04	42100526	42346700	-0.005887	-0.005366	-0.002411	-0.002753
Chr04	42246822	42434888	0.035839	0.044467	0.015776	0.012254
Chr04	42346756	42558871	0.085404	0.096890	0.042021	0.044664
Chr04	42434909	42656835	-0.036871	-0.022277	-0.013687	-0.011218
Chr04	42558873	42743402	-0.065078	-0.036703	-0.021992	-0.020905
Chr04	42656961	42968649	-0.065768	-0.045324	-0.022391	-0.021541
Chr04	42743481	43051216	-0.012067	-0.008362	-0.004228	-0.002504
Chr04	42968650	43233284	0.138147	0.071291	0.044438	0.042501
Chr04	43051280	43393134	0.215349	0.080980	0.049416	0.059698
Chr04	43233309	43475716	0.090517	0.053920	0.027158	0.027098
Chr04	43393155	43611568	0.069838	0.037624	0.020326	0.023791
Chr04	43475868	43664470	0.013807	0.008535	0.004576	0.003259
Chr04	43611617	43712944	-0.064341	-0.081930	-0.038529	-0.028391
Chr04	43664523	43805948	0.153667	0.142432	0.080454	0.089944
Chr04	43712945	43883402	0.198721	0.151579	0.087824	0.110296
Chr04	43806006	44229513	0.018576	0.016365	0.008100	0.011893
Chr04	43883939	44365232	0.017595	0.016579	0.008180	0.010198
Chr04	44229515	44481341	0.043126	0.036242	0.020406	0.018387
Chr04	44365242	44535799	0.085285	0.081215	0.046369	0.033705
Chr04	44481353	44604728	0.166682	0.173500	0.101842	0.070179
Chr04	44535827	44665002	0.106531	0.109118	0.064885	0.040705
Chr04	44604748	44779702	0.147595	0.113566	0.066803	0.060517
Chr04	44665136	44889737	0.152908	0.093842	0.053389	0.065411
Chr04	44779771	45041724	0.087895	0.056427	0.030966	0.035040
Chr04	44889770	45588456	0.051028	0.028444	0.014566	0.012230
Chr04	45041747	45770144	-0.011703	-0.008068	-0.003899	-0.003724
Chr04	45588583	45875397	-0.004833	-0.004730	-0.002561	-0.001675
Chr04	45770402	46000470	-0.093663	-0.074362	-0.040197	-0.037463
Chr04	45876739	46177216	-0.065213	-0.046614	-0.025129	-0.024130
Chr04	46000509	46264923	0.025808	0.017759	0.010193	0.007935
Chr04	46177258	46388472	0.011278	0.008016	0.004260	0.003358
Chr04	46264966	46481141	-0.021418	-0.014973	-0.007499	-0.005486
Chr04	46388491	46566362	0.006343	0.004187	0.002589	0.000820
Chr04	46481151	46747958	0.154187	0.109124	0.060302	0.068621
Chr04	46566488	46946472	0.161368	0.131160	0.064703	0.097998
Chr04	46748045	47046681	0.115034	0.106557	0.052826	0.060885
Chr04	46946543	47086453	0.115868	0.126788	0.051516	0.056697
Chr04	47046692	47154470	0.219583	0.258846	0.093899	0.117621
Chr04	47086489	47247765	0.479521	0.465105	0.230542	0.298631
Chr04	47154498	47458045	0.322682	0.291606	0.163961	0.191174
Chr04	47247965	47606750	0.129208	0.104902	0.058806	0.071735
Chr04	47458183	47926994	0.139453	0.083584	0.049598	0.087614
Chr04	47606765	48050505	0.023804	0.013761	0.008426	0.013949
Chr04	47927010	48174885	0.120706	0.068962	0.047259	0.064650
Chr04	48050571	48211024	0.233668	0.166284	0.098829	0.144349
Chr04	48175030	48259791	0.061421	0.101823	0.033351	0.037041
Chr04	48211066	48368363	-0.154206	-0.282511	-0.089712	-0.069556
Chr04	48259797	48424919	-0.201354	-0.297684	-0.083884	-0.107180
Chr04	48368368	48539973	-0.033155	-0.030029	-0.010976	-0.018635
Chr04	48424942	48622863	-0.044575	-0.040740	-0.016862	-0.022233
Chr04	48539984	48720646	0.012440	0.012810	0.005301	0.006474
Chr04	48622881	48873191	0.191758	0.156567	0.074997	0.087038
Chr04	48720742	48995528	0.055522	0.052145	0.021894	0.022307
Chr04	48873276	49064867	-0.049574	-0.066121	-0.026580	-0.019533
Chr04	48995551	49110856	0.064372	0.099393	0.043402	0.027638
Chr04	49064868	49187251	0.107677	0.173661	0.068116	0.050949
Chr04	49110865	49311409	-0.017279	-0.027711	-0.010581	-0.007365
Chr04	49187255	49576908	-0.003850	-0.003791	-0.001786	0.000867
Chr04	49311502	49673520	0.062320	0.047145	0.025450	0.021802
Chr04	49577016	49857547	-0.085232	-0.049921	-0.028030	-0.017836
Chr04	49673557	50012949	-0.098543	-0.074502	-0.027805	-0.024201
Chr04	49857845	50126292	-0.128075	-0.320413	-0.059771	-0.044367
Chr04	50012978	50261477	-0.174850	-0.334592	-0.085642	-0.055479
Chr04	50126300	50378790	-0.162708	-0.134714	-0.052980	-0.059493
Chr04	50261659	50531558	-0.070799	-0.036909	-0.020835	-0.028617
Chr04	50378841	50701199	0.009976	0.004999	0.002907	0.004033
Chr04	50531567	50842269	-0.066438	-0.037740	-0.020253	-0.017533
Chr04	50701214	51079086	-0.016250	-0.005783	-0.003770	-0.003043
Chr04	50842280	51170698	0.054267	0.019284	0.013217	0.016451
Chr04	51079221	51218982	0.002023	0.001404	0.000827	0.002310
Chr04	51170714	51431384	-0.100691	-0.067931	-0.038208	-0.042334
Chr04	51218989	51585851	-0.050122	-0.026673	-0.015572	-0.016387
Chr04	51431403	51706294	0.431082	0.334320	0.218419	0.187630
Chr04	51585853	51942034	0.499694	0.473062	0.224303	0.262741
Chr04	51706567	52110901	0.242367	0.153353	0.065195	0.094283
Chr04	51943342	52305708	-0.000340	-0.000203	-0.000095	-0.000216
Chr04	52110905	52454796	-0.117543	-0.057397	-0.029280	-0.044673
Chr04	52305714	52599665	-0.062685	-0.028152	-0.015798	-0.022210
Chr04	52454812	52687755	-0.152446	-0.104029	-0.058610	-0.068164
Chr04	52599987	52764347	-0.168510	-0.160196	-0.088303	-0.083330
Chr04	52687793	52929965	0.023080	0.015007	0.009441	0.011893
Chr04	52764354	53028002	0.057160	0.033234	0.020534	0.027792
Chr04	52929991	53300996	-0.103018	-0.088827	-0.036350	-0.034824
Chr04	53028013	53499642	-0.086034	-0.064663	-0.026343	-0.024901
Chr04	53308292	53524454	0.110809	0.111910	0.052930	0.038512
Chr04	53499708	53576038	0.154408	0.250273	0.119453	0.072750
Chr04	53524455	53652965	0.052953	0.061623	0.031070	0.026390
Chr04	53576055	53712245	0.012477	0.014108	0.006337	0.009082
Chr04	53653038	53761386	-0.047230	-0.080925	-0.023362	-0.018482
Chr04	53712356	53846244	0.077419	0.070376	0.026572	0.032302
Chr04	53761478	53917544	0.182942	0.144532	0.062893	0.092622
Chr04	53846618	53965458	0.184737	0.211497	0.094464	0.107972
Chr04	53917582	54002049	0.267636	0.334876	0.174290	0.156786
Chr04	53965463	54040280	0.204582	0.254901	0.136654	0.103594
Chr04	54002088	54125613	0.057026	0.080696	0.045179	0.026842
Chr04	54040313	54175216	0.016332	0.025994	0.013144	0.009193
Chr04	54125639	54226193	0.012420	0.019369	0.007798	0.011181
Chr04	54175223	54264291	0.051580	0.066959	0.029581	0.033525
Chr04	54226468	54307799	0.020126	0.024640	0.012719	0.009483
Chr04	54264331	54385006	-0.066439	-0.075321	-0.043937	-0.041025
Chr04	54307829	54438995	-0.084327	-0.113308	-0.061013	-0.049664
Chr04	54385011	54506154	-0.050617	-0.081980	-0.036002	-0.025968
Chr04	54439051	54543328	-0.081981	-0.116589	-0.054951	-0.042611
Chr04	54506197	54580033	-0.160492	-0.336790	-0.127026	-0.079960
Chr04	54543340	54827349	-0.143247	-0.176516	-0.076832	-0.066589
Chr04	54580091	54930783	-0.023262	-0.025629	-0.013701	-0.006331
Chr04	54827376	54995190	0.008041	0.012123	0.006554	0.007872
Chr04	54930787	55027883	-0.126162	-0.228592	-0.101514	-0.066955
Chr04	54995204	55070138	-0.068419	-0.136856	-0.061864	-0.036529
Chr04	55027886	55134801	0.166155	0.254319	0.118876	0.080587
Chr04	55070191	55223431	0.189187	0.207731	0.098580	0.085142
Chr04	55134822	55292739	-0.067160	-0.055846	-0.029028	-0.031252
Chr04	55223442	55337521	-0.218724	-0.194943	-0.097767	-0.115818
Chr04	55292745	55485618	-0.188719	-0.117125	-0.062262	-0.072615
Chr04	55337531	55588491	0.047485	0.027009	0.016071	0.014153
Chr04	55485619	55700560	0.066500	0.057701	0.031569	0.027304
Chr04	55588509	55763234	-0.070919	-0.066010	-0.033995	-0.031864
Chr04	55700764	55858701	-0.002009	-0.002137	-0.001161	-0.002395
Chr04	55763596	55908683	0.042791	0.058120	0.031205	0.019094
Chr04	55858713	56000657	-0.187727	-0.287831	-0.117875	-0.097395
Chr04	55908750	56083879	-0.142400	-0.203296	-0.067144	-0.066566
Chr04	56000719	56172296	0.127008	0.134830	0.059529	0.059211
Chr04	56083957	56264269	-0.039676	-0.044469	-0.020923	-0.019753
Chr04	56172349	56370265	-0.238561	-0.218915	-0.109098	-0.108975
Chr04	56264283	56611671	-0.165807	-0.076595	-0.050300	-0.084566
Chr04	56370269	56769874	-0.057935	-0.030480	-0.021481	-0.038207
Chr04	56613229	56916711	-0.002174	-0.001328	-0.000987	-0.002440
Chr04	56770200	56988153	-0.043674	-0.024941	-0.016080	-0.015455
Chr04	56916748	57073558	0.011432	0.010740	0.004725	0.004217
Chr04	56988188	57165972	0.143363	0.119714	0.065963	0.059926
Chr04	57073641	57316466	0.176245	0.137516	0.089944	0.073392
Chr04	57165981	57446360	0.151076	0.162197	0.095920	0.070027
Chr04	57316556	57673108	0.257612	0.266481	0.152142	0.128027
Chr04	57446373	57713962	0.326693	0.348318	0.167217	0.149113
Chr04	57673131	57779907	0.217698	0.305705	0.155864	0.113166
Chr04	57714098	57884119	0.157682	0.207050	0.110937	0.082129
Chr04	57779917	57947545	0.112776	0.107415	0.058339	0.054428
Chr04	57884122	58076789	0.149466	0.092686	0.054525	0.054305
Chr04	57947546	58368124	0.156705	0.077489	0.048535	0.048261
Chr04	58077412	58479170	0.119392	0.082731	0.052524	0.045846
Chr04	58368248	58561708	0.105439	0.111997	0.064556	0.049330
Chr04	58479177	58624793	0.072745	0.061829	0.039604	0.029959
Chr04	58561709	58697450	0.003911	0.003007	0.002005	0.001085
Chr04	58624856	58771729	0.001121	0.000844	0.000497	0.000519
Chr04	58697483	58849844	0.028739	0.019638	0.011836	0.014514
Chr04	58771910	59064378	0.146345	0.084480	0.054457	0.098879
Chr04	58849850	59119828	0.147067	0.100438	0.060526	0.081099
Chr04	59064397	59198729	0.010930	0.009464	0.005049	0.002241
Chr04	59119898	59391785	0.078453	0.063567	0.028667	0.033131
Chr04	59198790	59566539	0.025792	0.014384	0.008001	0.015192
Chr04	59392098	59724384	-0.099237	-0.044011	-0.027704	-0.039834
Chr04	59566597	59912316	0.017609	0.010091	0.005072	0.007734
Chr04	59724421	60011934	0.152819	0.099058	0.046400	0.069971
Chr04	59912366	60087418	0.126931	0.094706	0.047026	0.045062
Chr04	60011959	60171104	0.166925	0.164843	0.087312	0.069577
Chr04	60087423	60301594	0.185948	0.160662	0.072406	0.050651
Chr04	60171155	60387115	0.039813	0.029915	0.012845	0.011571
Chr04	60301604	60444668	0.086744	0.081629	0.039753	0.038366
Chr04	60387233	60496458	0.138259	0.165451	0.087568	0.075785
Chr04	60444685	60679594	0.142291	0.109289	0.067092	0.070989
Chr04	60496469	60746191	0.172663	0.122606	0.070440	0.071134
Chr04	60679630	60805766	0.317027	0.356286	0.158969	0.158362
Chr04	60746214	60865195	0.371093	0.442065	0.185408	0.157688
Chr04	60805889	60915872	0.184371	0.258271	0.113493	0.062520
Chr04	60865201	60969126	0.046681	0.068630	0.029871	0.019463
Chr04	60915875	61079826	0.177247	0.202419	0.082061	0.091210
Chr04	60969213	61135839	0.155929	0.174080	0.071930	0.086605
Chr04	61079829	61199925	-0.011437	-0.016205	-0.006433	-0.003724
Chr04	61135840	61269919	0.179903	0.250139	0.098168	0.079223
Chr04	61199967	61380684	0.228514	0.288293	0.126082	0.116435
Chr04	61269925	61463709	0.051535	0.078876	0.031718	0.020296
Chr04	61380779	61557852	-0.023562	-0.044184	-0.014472	-0.007866
Chr04	61463717	61601434	0.013363	0.019542	0.008049	0.003669
Chr04	61557904	61986777	0.001625	0.001499	0.000747	0.001800
Chr04	61601806	62143200	0.006238	0.004898	0.002644	0.001529
Chr04	61986921	62333878	-0.017529	-0.012807	-0.007092	-0.010012
Chr04	62143331	62450349	0.035500	0.029074	0.014568	0.019457
Chr04	62333894	62788364	-0.012183	-0.012608	-0.004951	-0.006426
Chr04	62450357	62917826	-0.121306	-0.130542	-0.048642	-0.049239
Chr04	62788398	63015832	-0.018308	-0.019383	-0.009095	-0.007500
Chr04	62917842	63067101	0.038747	0.042165	0.024764	0.018271
Chr04	63015915	63118792	0.030403	0.036964	0.021646	0.014548
Chr04	63067142	63175178	0.010623	0.014766	0.007725	0.004407
Chr04	63118799	63233860	-0.072402	-0.103993	-0.048697	-0.027737
Chr04	63175181	63302559	-0.018056	-0.022706	-0.011599	-0.005260
Chr04	63233874	63393754	0.126580	0.147178	0.090587	0.064625
Chr04	63302577	63496305	0.128855	0.161794	0.098585	0.070164
Chr04	63393755	63567782	0.064842	0.093922	0.048729	0.036193
Chr04	63496308	63651241	0.245030	0.260368	0.149476	0.134587
Chr04	63567812	63711937	0.263367	0.245766	0.148590	0.152183
Chr04	63651391	63774820	0.035795	0.046237	0.025095	0.021609
Chr04	63712091	63854553	0.012247	0.013164	0.007145	0.006645
Chr04	63774821	63992327	-0.024914	-0.013866	-0.008540	-0.006869
Chr04	63854581	64222217	-0.097070	-0.026073	-0.017580	-0.023468
Chr04	63992357	64342723	0.072129	0.027215	0.017861	0.023408
Chr04	64222240	64528941	0.158086	0.100316	0.065361	0.063052
Chr04	64343130	64723896	0.131108	0.076714	0.049025	0.057575
Chr04	64529001	64872612	-0.017458	-0.018832	-0.009078	-0.006742
Chr04	64723947	64934706	-0.168010	-0.282470	-0.115984	-0.070659
Chr04	64872715	64986344	-0.137890	-0.177449	-0.080655	-0.070473
Chr04	64934735	65094223	-0.116855	-0.146491	-0.052563	-0.051330
Chr04	64986351	65156046	-0.035652	-0.056794	-0.018556	-0.009627
Chr04	65094234	65301715	0.118761	0.125014	0.062144	0.050032
Chr04	65156076	65378848	0.039979	0.034740	0.017448	0.015295
Chr04	65301778	65514796	-0.048789	-0.035832	-0.018964	-0.019729
Chr04	65378884	65664775	-0.014377	-0.009000	-0.005004	-0.003908
Chr04	65514818	66166063	0.040627	0.012787	0.007019	0.018784
Chr04	65664788	66770173	0.100342	0.020942	0.011410	0.054753
Chr04	66166180	67152883	0.297009	0.078138	0.042662	0.149297
Chr04	66770274	67226647	0.303114	0.179240	0.098792	0.155257
Chr04	67152941	67299130	-0.046060	-0.053309	-0.025302	-0.021515
Chr04	67226678	67387333	-0.088949	-0.103759	-0.048206	-0.040801
Chr04	67299253	67487496	-0.035296	-0.037232	-0.016836	-0.017257
Chr04	67387360	67583555	-0.082011	-0.102929	-0.044451	-0.039635
Chr04	67487568	67643930	-0.160333	-0.216263	-0.096647	-0.085473
Chr04	67583595	67710902	-0.174079	-0.223271	-0.110061	-0.094103
Chr04	67643953	67736507	-0.046678	-0.065960	-0.037368	-0.023823
Chr04	67710905	67795553	-0.041326	-0.066068	-0.029994	-0.013692
Chr04	67736668	67889678	-0.098630	-0.142118	-0.057566	-0.028697
Chr04	67795580	67963371	0.044371	0.055565	0.029191	0.021138
Chr04	67889714	68026969	0.207379	0.271882	0.141206	0.114724
Chr04	67963379	68075761	0.209368	0.314124	0.146210	0.111653
Chr04	68026997	68249942	-0.031243	-0.031822	-0.016564	-0.009522
Chr04	68075846	68669450	-0.086807	-0.067707	-0.033409	-0.036739
Chr04	68249972	69056796	-0.048926	-0.039259	-0.019089	-0.020422
Chr04	68669454	69354218	0.004005	0.003445	0.001855	0.003143
Chr04	69056951	69407473	-0.048090	-0.046295	-0.024723	-0.025105
Chr04	69354235	69445734	-0.176210	-0.240703	-0.105457	-0.103495
Chr04	69407511	69535067	-0.164441	-0.249642	-0.103670	-0.082466
Chr04	69445743	69574359	-0.126807	-0.191775	-0.076612	-0.057268
Chr04	69535140	69629483	-0.050048	-0.073502	-0.030205	-0.017817
Chr04	69574363	69664998	0.100773	0.135991	0.053656	0.046884
Chr04	69629484	69853666	0.122858	0.153717	0.053904	0.055241
Chr04	69665084	69905006	0.089980	0.115873	0.050153	0.044910
Chr04	69853669	70038978	-0.019675	-0.020566	-0.010182	-0.010610
Chr04	69905021	70166889	-0.050351	-0.050531	-0.023098	-0.023946
Chr04	70038982	70232977	-0.079833	-0.099990	-0.047147	-0.042270
Chr04	70166964	70305941	-0.115628	-0.160026	-0.078517	-0.066517
Chr04	70233192	70384980	0.004281	0.004688	0.002525	-0.000563
Chr04	70306125	70440899	-0.001521	-0.001403	-0.000839	-0.005602
Chr04	70385013	70490631	0.019592	0.020897	0.010441	0.008810
Chr04	70441020	70628840	0.205413	0.200181	0.097947	0.087260
Chr04	70490793	70694886	0.111252	0.123864	0.067724	0.045841
Chr04	70628846	70735895	-0.025302	-0.049101	-0.021997	-0.012117
Chr04	70695397	70794925	0.011932	0.023716	0.009631	0.006919
Chr04	70735974	70949679	-0.015712	-0.022075	-0.008822	-0.002798
Chr04	70794951	71005821	-0.076314	-0.101509	-0.043324	-0.027575
Chr04	70949769	71253835	-0.059901	-0.075226	-0.034886	-0.028110
Chr04	71005862	71488421	-0.063210	-0.074598	-0.030640	-0.025330
Chr04	71253863	71573416	-0.037318	-0.044374	-0.020422	-0.015532
Chr04	71488875	71644565	0.014660	0.022450	0.006877	0.006613
Chr04	71573433	71746488	0.044093	0.080032	0.017834	0.019436
Chr04	71644631	71794082	0.019826	0.023950	0.008947	0.005923
Chr04	71746500	71919358	-0.066452	-0.049212	-0.024057	-0.022294
Chr04	71794140	72090787	-0.068829	-0.048601	-0.025276	-0.025999
Chr04	71919370	72323317	0.043651	0.034778	0.018155	0.022584
Chr04	72091015	72483606	-0.102988	-0.088864	-0.044042	-0.053911
Chr04	72323782	72660884	-0.169197	-0.159298	-0.078254	-0.078226
Chr04	72483646	72731022	-0.053155	-0.045811	-0.025697	-0.018368
Chr04	72660907	72783120	-0.184219	-0.237827	-0.111504	-0.077332
Chr04	72731046	72883119	-0.209553	-0.418503	-0.156965	-0.079035
Chr04	72783209	73023381	-0.066092	-0.066405	-0.036725	-0.014475
Chr04	72883521	73085139	0.002144	0.002105	0.001138	0.000365
Chr04	73023383	73198342	-0.036915	-0.044091	-0.020555	-0.016271
Chr04	73085232	73313342	-0.009609	-0.009747	-0.004922	-0.004109
Chr04	73198394	73385712	-0.006887	-0.007566	-0.004002	-0.003646
Chr04	73313371	73474200	-0.000730	-0.000980	-0.000431	0.000178
Chr04	73385723	73545572	0.037757	0.053081	0.019989	0.016933
Chr04	73474234	73616768	0.042447	0.044176	0.018824	0.019210
Chr04	73545644	73687054	0.050216	0.049603	0.025213	0.021738
Chr04	73616781	73766848	0.146991	0.194243	0.098072	0.079078
Chr04	73687060	73823644	0.100481	0.149065	0.068469	0.053807
Chr04	73766912	73891695	-0.041977	-0.069809	-0.031155	-0.022430
Chr04	73823690	74007204	-0.051432	-0.061382	-0.026263	-0.018612
Chr04	73891868	74211652	-0.083547	-0.075503	-0.029611	-0.035576
Chr04	74007252	74258699	-0.104589	-0.110245	-0.041454	-0.055414
Chr04	74211823	74421560	-0.097595	-0.118978	-0.046676	-0.047453
Chr04	74258737	74590996	-0.034986	-0.035088	-0.016081	-0.012868
Chr04	74421564	74646683	0.005627	0.006163	0.003350	0.004828
Chr04	74591030	74746821	0.145720	0.139737	0.061231	0.067106
Chr04	74646988	74828074	0.114087	0.106244	0.045192	0.050223
Chr04	74746823	74987332	-0.110656	-0.129514	-0.052358	-0.054915
Chr04	74828078	75050049	-0.111900	-0.133416	-0.057546	-0.060570
Chr04	74987340	75110434	-0.076382	-0.067370	-0.043483	-0.039313
Chr04	75050119	75212068	-0.188747	-0.141293	-0.084637	-0.058861
Chr04	75110501	75335429	-0.198243	-0.113769	-0.070902	-0.045506
Chr04	75212160	75385017	-0.091412	-0.051479	-0.036028	-0.021214
Chr04	75335486	75429149	-0.071501	-0.079028	-0.044274	-0.020243
Chr04	75385038	75543586	-0.075404	-0.096910	-0.046480	-0.035816
Chr04	75429163	75586489	-0.071101	-0.097533	-0.045471	-0.032787
Chr04	75543609	75653332	0.081511	0.153319	0.056155	0.047414
Chr04	75586508	75719838	0.099410	0.141198	0.060075	0.055260
Chr04	75653350	75831362	0.171027	0.203193	0.107543	0.091333
Chr04	75720177	75904808	0.205203	0.226823	0.125504	0.114763
Chr04	75831366	75963178	0.037163	0.046299	0.026153	0.024187
Chr04	75904954	76019433	-0.093381	-0.193412	-0.073953	-0.039616
Chr04	75963192	76060658	-0.116825	-0.271823	-0.092123	-0.056246
Chr04	76019501	76124793	-0.024290	-0.039232	-0.019097	-0.017077
Chr04	76060664	76234655	0.058034	0.068782	0.036530	0.025717
Chr04	76124804	76303684	-0.032629	-0.048050	-0.018492	-0.013794
Chr04	76234669	76357828	-0.139584	-0.307353	-0.095049	-0.066279
Chr04	76303799	76449163	-0.053024	-0.097679	-0.043713	-0.025205
Chr04	76357832	76613919	-0.288785	-0.296441	-0.139663	-0.185151
Chr04	76449238	76876246	-0.151151	-0.121688	-0.058035	-0.105393
Chr04	76613931	76961029	0.182984	0.152369	0.077168	0.120331
Chr04	76876248	77183643	0.115489	0.106520	0.057792	0.064613
Chr04	76961034	77271999	0.001817	0.002058	0.001055	0.002534
Chr04	77183693	77314506	0.013546	0.023718	0.010817	0.005856
Chr04	77272007	77369482	0.079314	0.146910	0.064581	0.040421
Chr04	77314519	77415573	0.110780	0.179255	0.086590	0.054061
Chr04	77369498	77497442	0.020097	0.030288	0.014298	0.010333
Chr04	77415577	77538436	-0.008055	-0.011172	-0.005328	-0.001432
Chr04	77497444	77599977	0.070431	0.091223	0.046361	0.046026
Chr04	77538464	77795996	-0.070576	-0.074823	-0.032432	-0.034625
Chr04	77599983	77947983	-0.201519	-0.238603	-0.092339	-0.102154
Chr04	77796000	77986372	-0.126368	-0.237117	-0.084701	-0.060395
Chr04	77947988	78030146	-0.044422	-0.081661	-0.030760	-0.023182
Chr04	77986413	78505826	-0.075353	-0.039965	-0.020032	-0.055316
Chr04	78030163	78719083	-0.041608	-0.021972	-0.011050	-0.036234
Chr04	78505847	78826469	-0.075305	-0.061327	-0.030380	-0.043385
Chr04	78719105	78961007	-0.007756	-0.005773	-0.003086	-0.002949
Chr04	78828146	79019331	0.103828	0.091311	0.049327	0.053463
Chr04	78961076	79048834	-0.022486	-0.033696	-0.016939	-0.012249
Chr04	79019333	79094121	0.007020	0.010043	0.005370	0.005157
Chr04	79048884	79137597	0.064656	0.087062	0.044651	0.036862
Chr04	79094124	79179325	0.093170	0.132850	0.062934	0.056340
Chr04	79137702	79271560	0.041442	0.063558	0.028229	0.032143
Chr04	79179326	79348411	0.029623	0.035105	0.016103	0.015905
Chr04	79271600	79414291	0.036723	0.037699	0.019172	0.014368
Chr04	79348449	79491353	0.024749	0.030711	0.017150	0.013363
Chr04	79414294	79519688	0.474150	0.464369	0.356630	0.282198
Chr04	79491539	79606803	0.553746	0.481518	0.400619	0.321855
Chr04	79519728	79690933	0.196484	0.188580	0.118199	0.088537
Chr04	79606809	79770194	-0.004680	-0.005620	-0.002151	-0.002086
Chr04	79691011	79837533	0.007759	0.009295	0.003894	0.003936
Chr04	79770245	79946026	0.047040	0.054346	0.029145	0.028166
Chr04	79837553	80063217	0.016481	0.024486	0.012156	0.010783
Chr04	79946045	80143321	-0.012377	-0.020676	-0.010165	-0.014282
Chr04	80064430	80252741	-0.065555	-0.081848	-0.042945	-0.037975
Chr04	80143439	80329043	0.044077	0.058994	0.030053	0.026657
Chr04	80252796	80378237	-0.041412	-0.082793	-0.032328	-0.015580
Chr04	80329044	80426756	-0.272391	-1.173147	-0.198167	-0.140377
Chr04	80378316	80475842	-0.231219	-0.678342	-0.152474	-0.118249
Chr04	80426814	80577584	-0.015163	-0.020801	-0.010165	-0.008007
Chr04	80475853	80733038	-0.009158	-0.011047	-0.005536	-0.001447
Chr04	80577612	80811671	-0.080899	-0.097665	-0.047696	-0.039712
Chr04	80733039	80896946	-0.076466	-0.116737	-0.052829	-0.036711
Chr04	80811674	80979765	0.073344	0.138564	0.066716	0.037438
Chr04	80897031	81040738	0.116467	0.205735	0.112699	0.057126
Chr04	80979823	81119272	0.004994	0.008568	0.004396	0.004526
Chr04	81040743	81176241	-0.086298	-0.149879	-0.063397	-0.041459
Chr04	81119281	81261289	-0.007389	-0.010630	-0.004804	-0.000413
Chr04	81176259	81311441	0.046875	0.064037	0.032473	0.026140
Chr04	81261299	81371853	0.070396	0.112225	0.053235	0.031816
Chr04	81311444	81464175	0.042765	0.080767	0.029450	0.019431
Chr04	81371862	81621998	0.073412	0.113146	0.035420	0.029482
Chr04	81467551	81712647	0.064867	0.089067	0.028698	0.026859
Chr04	81622337	81796444	-0.151799	-0.144958	-0.069714	-0.044522
Chr04	81712717	81859751	-0.143604	-0.136029	-0.075051	-0.048604
Chr04	81796489	81900268	-0.000204	-0.000324	-0.000151	0.002025
Chr04	81859794	82031224	-0.001181	-0.001638	-0.000780	0.001134
Chr04	81900270	82172430	0.081626	0.092554	0.047868	0.044019
Chr04	82031297	82444925	0.088379	0.071550	0.041608	0.053473
Chr04	82173246	82599639	0.105095	0.074159	0.045688	0.056576
Chr04	82444926	82656284	0.150633	0.142571	0.083906	0.064916
Chr04	82599664	82716050	0.244170	0.314709	0.189393	0.114879
Chr04	82657322	82755898	0.355297	0.459651	0.273856	0.210510
Chr04	82716120	82793492	0.220946	0.372152	0.168449	0.130934
Chr04	82755918	82828336	0.188290	0.254327	0.139114	0.112132
Chr04	82793559	82882600	0.355121	0.346542	0.240921	0.201371
Chr04	82828340	82942765	0.287206	0.321524	0.206489	0.161014
Chr04	82882690	83052502	0.079776	0.096402	0.056385	0.043561
Chr04	82942858	83171854	0.119636	0.138234	0.083057	0.064284
Chr04	83052547	83250369	0.064133	0.081317	0.040942	0.036024
Chr04	83171905	83330635	-0.026850	-0.032655	-0.016356	-0.010902
Chr04	83250396	83366460	-0.036730	-0.053103	-0.027279	-0.016496
Chr04	83330664	83457809	-0.061746	-0.096652	-0.041695	-0.029189
Chr04	83366633	83625913	-0.011843	-0.011841	-0.005876	0.002156
Chr04	83458050	83677446	-0.064401	-0.065857	-0.034968	-0.027299
Chr04	83625963	83733422	-0.071431	-0.087015	-0.046858	-0.033603
Chr04	83677453	83781789	-0.035655	-0.050101	-0.025821	-0.015012
Chr04	83733490	83835430	-0.040028	-0.069743	-0.032837	-0.020143
Chr04	83781934	83885759	-0.015115	-0.025826	-0.011408	-0.006257
Chr04	83835671	84177590	0.046672	0.043931	0.022678	0.030031
Chr04	83885768	84517329	0.053331	0.035375	0.019992	0.037810
Chr04	84177676	84640493	0.036456	0.030149	0.016652	0.026153
Chr04	84517368	84681626	0.070663	0.114861	0.056124	0.041037
Chr04	84640505	84735112	0.055724	0.098680	0.047788	0.031079
Chr04	84681628	84783731	0.010793	0.018075	0.009256	0.006704
Chr04	84735140	84901405	-0.097004	-0.138364	-0.063931	-0.051238
Chr04	84783843	84972966	0.026888	0.039840	0.019115	0.013537
Chr04	84901440	85055817	0.113544	0.194636	0.103008	0.046142
Chr04	84973066	85177433	-0.017442	-0.033507	-0.014985	-0.005179
Chr04	85055832	85233530	0.034425	0.108984	0.033419	0.019091
Chr05	19017	113795	0.225689	0.414808	0.117686	0.090111
Chr05	58931	147685	0.156320	0.327535	0.081387	0.054828
Chr05	113811	250347	0.184695	0.235147	0.101868	0.078477
Chr05	147713	346732	0.134825	0.119268	0.059201	0.055483
Chr05	250918	456712	0.274780	0.191459	0.101561	0.110074
Chr05	346738	535865	0.346977	0.258642	0.149869	0.163597
Chr05	456713	589681	0.103200	0.132752	0.062985	0.045566
Chr05	535987	652053	-0.193443	-0.434382	-0.134890	-0.094188
Chr05	589702	697173	-0.185651	-0.325320	-0.123839	-0.108469
Chr05	652064	755170	0.071441	0.090829	0.055026	0.029674
Chr05	697178	900532	0.088803	0.108793	0.049930	0.042359
Chr05	755264	1195584	0.073621	0.075927	0.032219	0.042869
Chr05	900573	2888993	0.112247	0.093954	0.050801	0.061253
Chr05	1195664	2945143	0.082825	0.071449	0.041017	0.041034
Chr05	2889045	2996283	0.050035	0.058443	0.028838	0.027263
Chr05	2945163	3063134	0.055263	0.067015	0.032574	0.034222
Chr05	2996287	3164417	0.014085	0.013540	0.007519	0.010321
Chr05	3063175	3230664	-0.026136	-0.024352	-0.014465	-0.010827
Chr05	3164468	3291325	-0.100173	-0.114535	-0.062316	-0.051743
Chr05	3230687	3369650	-0.057064	-0.075981	-0.031778	-0.029769
Chr05	3291389	3513056	0.101455	0.128046	0.047417	0.037672
Chr05	3369704	3668626	-0.036691	-0.027047	-0.011346	-0.013000
Chr05	3513241	3750059	-0.191851	-0.119510	-0.057868	-0.087377
Chr05	3668652	3830172	-0.102136	-0.091424	-0.048318	-0.057662
Chr05	3750075	3904739	0.227761	0.277686	0.180525	0.116503
Chr05	3830195	3965045	0.324435	0.332420	0.249172	0.183766
Chr05	3904780	4054880	0.107100	0.107426	0.059717	0.045957
Chr05	3965171	4127489	-0.346331	-0.792368	-0.172012	-0.135933
Chr05	4054967	4373280	-0.307908	-0.526685	-0.133831	-0.136501
Chr05	4127499	4440150	-0.064909	-0.070277	-0.029148	-0.018647
Chr05	4373300	4518388	-0.048977	-0.061308	-0.030298	-0.021554
Chr05	4440152	4581044	0.323846	0.347253	0.184537	0.187809
Chr05	4518582	4652581	0.314843	0.388478	0.184806	0.195601
Chr05	4581099	4738447	0.098905	0.120681	0.056154	0.058639
Chr05	4653975	4823128	0.192840	0.192463	0.104416	0.108930
Chr05	4738499	4911848	0.131825	0.128704	0.067387	0.061471
Chr05	4823148	5068080	0.164311	0.134113	0.075904	0.070826
Chr05	4911892	5125657	0.110961	0.108453	0.055508	0.055200
Chr05	5068170	5261316	0.087793	0.098764	0.043786	0.041410
Chr05	5125680	5325562	0.239262	0.221830	0.106795	0.092891
Chr05	5261352	5428000	0.273806	0.233008	0.116706	0.121756
Chr05	5325702	5476594	0.265323	0.261530	0.123801	0.130698
Chr05	5428006	5555424	0.225074	0.253760	0.116057	0.095736
Chr05	5476598	5682725	0.155623	0.127683	0.068567	0.071795
Chr05	5555445	5910465	0.143349	0.102558	0.059128	0.080365
Chr05	5682736	5959983	0.066075	0.046302	0.028783	0.037122
Chr05	5910484	6021250	-0.133173	-0.089633	-0.060735	-0.056163
Chr05	5960068	6099865	-0.071082	-0.046219	-0.032176	-0.029637
Chr05	6021279	6207301	0.127492	0.100456	0.061033	0.055957
Chr05	6099869	6267740	0.145651	0.143487	0.083461	0.065674
Chr05	6207305	6437550	0.136209	0.141900	0.065963	0.054115
Chr05	6267776	6601794	0.249436	0.160625	0.063749	0.086140
Chr05	6437890	6703659	0.131798	0.093093	0.033795	0.074314
Chr05	6601798	6824510	0.161997	0.138543	0.049767	0.117048
Chr05	6703728	6905143	0.220468	0.175695	0.079824	0.137516
Chr05	6824524	6992605	0.137696	0.111359	0.056972	0.075493
Chr05	6905150	7172934	0.078266	0.070421	0.033829	0.035576
Chr05	6992640	7221935	-0.008296	-0.009380	-0.003905	-0.001299
Chr05	7172936	7283916	-0.035428	-0.041892	-0.020102	-0.018049
Chr05	7221981	7377946	-0.068766	-0.077546	-0.042737	-0.042588
Chr05	7283932	7463068	-0.101327	-0.069629	-0.041586	-0.036357
Chr05	7377970	7564181	-0.095389	-0.048423	-0.031529	-0.029815
Chr05	7463076	7624851	-0.138660	-0.092130	-0.053128	-0.056027
Chr05	7564209	7704027	0.084445	0.076831	0.040978	0.036486
Chr05	7624915	7779125	0.192467	0.212115	0.106072	0.092414
Chr05	7704029	7849818	0.188855	0.227229	0.107219	0.099906
Chr05	7779127	7897817	0.247662	0.285103	0.152363	0.137875
Chr05	7849844	7986659	0.133365	0.144802	0.081649	0.067024
Chr05	7897845	8108678	0.020458	0.019114	0.010563	0.013496
Chr05	7986660	8178359	0.012402	0.013070	0.006987	0.011248
Chr05	8108680	8243604	-0.034244	-0.044466	-0.024620	-0.013496
Chr05	8178389	8383182	-0.010084	-0.010058	-0.005391	-0.001140
Chr05	8243607	8478132	-0.008510	-0.006055	-0.003402	-0.000526
Chr05	8383200	8598613	-0.053685	-0.030094	-0.019133	-0.024482
Chr05	8478150	8719989	0.026924	0.014383	0.007995	0.011308
Chr05	8598675	8849621	0.051730	0.029011	0.014793	0.022053
Chr05	8720003	8938463	0.015423	0.011370	0.005809	0.005619
Chr05	8849648	9152686	0.024625	0.023608	0.011231	0.012558
Chr05	8938484	9231539	0.191536	0.192695	0.088401	0.078704
Chr05	9152783	9369504	0.230592	0.235387	0.098938	0.086711
Chr05	9231606	9466507	-0.010479	-0.010003	-0.004218	-0.006039
Chr05	9369538	9554495	-0.221410	-0.164312	-0.080768	-0.107921
Chr05	9466526	9723556	-0.073150	-0.041297	-0.019520	-0.033284
Chr05	9554809	9806543	0.126883	0.077082	0.036780	0.041837
Chr05	9723601	9876534	0.160168	0.119759	0.061579	0.060929
Chr05	9806544	9962510	0.033066	0.029109	0.012545	0.013511
Chr05	9876554	10106229	-0.072000	-0.068689	-0.031280	-0.038035
Chr05	9962562	10234375	-0.298231	-0.497744	-0.188216	-0.138282
Chr05	10106302	10421328	-0.313439	-0.221139	-0.106438	-0.168520
Chr05	10234385	10617791	-0.020754	-0.011302	-0.006130	-0.009271
Chr05	10421334	10989514	0.187259	0.088149	0.050604	0.079102
Chr05	10617966	11097892	0.417622	0.222829	0.113460	0.190011
Chr05	10989537	11155285	0.243882	0.227374	0.102527	0.133214
Chr05	11097918	11319800	-0.045594	-0.026814	-0.014932	-0.016508
Chr05	11155313	11505441	0.191733	0.090861	0.041882	0.057734
Chr05	11319865	11591551	0.172260	0.091552	0.043660	0.066439
Chr05	11505478	11692424	0.317885	0.153256	0.098451	0.101604
Chr05	11591595	11778156	0.220151	0.116087	0.074000	0.054276
Chr05	11692442	11943524	0.047529	0.026881	0.015969	0.010170
Chr05	11778256	12019711	0.167081	0.128613	0.062476	0.053174
Chr05	11943599	12091520	0.112815	0.098687	0.046753	0.037094
Chr05	12019716	12167258	0.042354	0.044316	0.022947	0.016944
Chr05	12091562	12240642	-0.009050	-0.010866	-0.005226	-0.003619
Chr05	12167284	12319112	-0.117626	-0.141975	-0.061065	-0.066013
Chr05	12240657	12348851	-0.037442	-0.046022	-0.020732	-0.026872
Chr05	12319154	12417152	0.086889	0.091401	0.047413	0.042522
Chr05	12348930	12471274	-0.030001	-0.041754	-0.016718	-0.013164
Chr05	12417169	12553847	-0.111387	-0.153528	-0.054105	-0.038447
Chr05	12471275	12712800	-0.095771	-0.075274	-0.032558	-0.034770
Chr05	12553972	12855609	-0.047889	-0.042840	-0.017803	-0.013879
Chr05	12712804	12908692	0.110882	0.158230	0.057324	0.071689
Chr05	12855634	12961834	0.277210	0.340829	0.155028	0.143395
Chr05	12908699	13027756	0.303157	0.360396	0.170630	0.126591
Chr05	12961869	13196143	0.200192	0.231058	0.105040	0.065729
Chr05	13027773	13307809	0.156112	0.101729	0.054396	0.051986
Chr05	13196178	13386534	0.209952	0.123449	0.071684	0.086942
Chr05	13307810	13469351	0.079596	0.073223	0.038818	0.053011
Chr05	13386555	13554070	0.023002	0.015776	0.009250	0.010001
Chr05	13469387	13986759	0.071011	0.035318	0.020062	0.023581
Chr05	13554072	14223164	-0.011845	-0.007270	-0.003553	0.002325
Chr05	13986811	14319089	0.070444	0.056544	0.028164	0.039779
Chr05	14223183	14453227	0.047060	0.036396	0.019571	0.024430
Chr05	14319503	14546289	-0.088378	-0.068164	-0.032817	-0.039036
Chr05	14453331	14604841	-0.022376	-0.031386	-0.011808	-0.010642
Chr05	14546402	14711511	0.159024	0.228199	0.078853	0.068266
Chr05	14604849	14858905	0.361445	0.295491	0.113762	0.133813
Chr05	14711514	15059567	0.242953	0.112295	0.054294	0.080047
Chr05	14858974	15155771	0.178099	0.088555	0.047887	0.071559
Chr05	15059635	15338375	0.139550	0.055348	0.035703	0.063932
Chr05	15155794	15592971	0.006815	0.002072	0.001325	0.005423
Chr05	15338394	15756787	0.258511	0.098303	0.057800	0.151505
Chr05	15593016	15924718	0.307937	0.144287	0.081579	0.154653
Chr05	15756789	16080272	-0.095554	-0.060743	-0.022511	-0.032961
Chr05	15924828	16222622	-0.060470	-0.034631	-0.012692	-0.020597
Chr05	16080342	16331935	-0.027945	-0.009780	-0.005552	-0.008853
Chr05	16222637	16457962	-0.044176	-0.017163	-0.009473	-0.012576
Chr05	16331989	16561323	0.140916	0.098014	0.048232	0.054903
Chr05	16457971	16638667	0.114863	0.092685	0.050780	0.062367
Chr05	16561406	16726127	0.014334	0.010815	0.006367	0.006681
Chr05	16638774	16833464	0.139981	0.085209	0.054235	0.064322
Chr05	16726162	16967317	0.203210	0.137771	0.064719	0.097155
Chr05	16833767	17104296	0.080133	0.058043	0.026625	0.034760
Chr05	16967321	17190962	0.038874	0.028477	0.018207	0.014257
Chr05	17104322	17252067	-0.025575	-0.028514	-0.014123	-0.009161
Chr05	17191088	17335010	-0.118299	-0.140316	-0.060103	-0.045252
Chr05	17252093	17395134	-0.107237	-0.113032	-0.055737	-0.037475
Chr05	17335031	17504439	0.210646	0.172416	0.094112	0.100407
Chr05	17395498	17644382	0.245289	0.128165	0.076673	0.121879
Chr05	17504499	17755535	-0.018348	-0.010459	-0.006246	-0.008523
Chr05	17644420	17867459	-0.018800	-0.017582	-0.008183	-0.004497
Chr05	17755891	17963044	0.028262	0.025261	0.010793	0.015228
Chr05	17867460	18092807	-0.037786	-0.030677	-0.014895	-0.010840
Chr05	17963048	18236226	0.085114	0.044109	0.025810	0.029523
Chr05	18092824	18443672	0.004014	0.001688	0.000854	0.005019
Chr05	18236236	18507505	-0.073656	-0.046941	-0.016929	-0.026205
Chr05	18443769	18586762	0.013795	0.018942	0.005136	0.011365
Chr05	18507509	18698565	0.091866	0.070737	0.035894	0.046084
Chr05	18586803	18847251	0.084451	0.047253	0.026730	0.037288
Chr05	18698566	18943414	0.028245	0.017238	0.009564	0.009524
Chr05	18847280	19084245	-0.111991	-0.063064	-0.033611	-0.050048
Chr05	18945315	19341268	-0.058480	-0.030242	-0.015259	-0.025227
Chr05	19085505	19460091	0.243086	0.151301	0.072193	0.102301
Chr05	19341281	19591483	0.207948	0.129300	0.061851	0.079809
Chr05	19460139	19773565	0.200247	0.090745	0.045222	0.100164
Chr05	19591740	19861947	0.502918	0.236595	0.147863	0.270708
Chr05	19773581	19989177	0.335354	0.209060	0.139334	0.153264
Chr05	19861948	20202439	-0.077629	-0.058567	-0.021730	-0.019842
Chr05	19989196	20519425	-0.050916	-0.019637	-0.009083	-0.012731
Chr05	20202556	20689559	-0.080035	-0.028034	-0.016519	-0.034454
Chr05	20519444	20813305	-0.167622	-0.094665	-0.055171	-0.070904
Chr05	20689611	20964187	-0.121999	-0.079020	-0.042968	-0.042089
Chr05	20813400	21178081	-0.092875	-0.038620	-0.023322	-0.036661
Chr05	20964203	21566781	-0.093219	-0.028863	-0.016383	-0.054161
Chr05	21178111	21802967	0.176672	0.065966	0.037058	0.109526
Chr05	21566844	21884241	0.307951	0.194447	0.116295	0.163833
Chr05	21803028	21949466	0.056614	0.049529	0.024562	0.028732
Chr05	21884245	22018393	0.045384	0.050245	0.024978	0.024092
Chr05	21949467	22138042	0.125470	0.078550	0.051822	0.054267
Chr05	22018907	22235522	-0.040133	-0.021158	-0.011941	-0.008597
Chr05	22138173	22301585	-0.121475	-0.099760	-0.044840	-0.042745
Chr05	22235584	22369288	-0.041852	-0.044849	-0.023007	-0.017720
Chr05	22301586	22536536	0.225887	0.170596	0.116594	0.137722
Chr05	22369295	22643649	0.295999	0.230672	0.150679	0.172805
Chr05	22536737	22707248	0.069507	0.073449	0.040673	0.037918
Chr05	22643772	22783023	-0.144774	-0.141111	-0.066422	-0.071464
Chr05	22707398	22873727	-0.271134	-0.221675	-0.113100	-0.145293
Chr05	22783027	23022915	-0.163766	-0.093985	-0.053807	-0.075912
Chr05	22874086	23148122	-0.107627	-0.054831	-0.029360	-0.047563
Chr05	23022938	23261983	-0.078007	-0.053606	-0.026532	-0.038976
Chr05	23148250	23373937	0.178201	0.152050	0.078435	0.090784
Chr05	23261984	23541456	0.181551	0.117665	0.066054	0.098192
Chr05	23373973	23646088	0.062658	0.037050	0.019987	0.025487
Chr05	23541747	23698833	0.171685	0.091755	0.050496	0.042513
Chr05	23646103	23798898	0.141033	0.089454	0.048697	0.039570
Chr05	23698834	23890636	0.005170	0.004688	0.002088	0.004482
Chr05	23798910	23966904	0.116248	0.099237	0.046909	0.049025
Chr05	23890669	24165590	0.167279	0.099812	0.051604	0.062887
Chr05	23966968	24453591	0.030032	0.011903	0.006815	0.014414
Chr05	24165608	24739269	0.000588	0.000199	0.000125	-0.001336
Chr05	24453903	24918140	0.037454	0.014160	0.008279	0.020890
Chr05	24739342	25063954	-0.023546	-0.010251	-0.005758	-0.004282
Chr05	24918157	25209973	-0.303963	-0.129734	-0.078694	-0.146860
Chr05	25063999	25347137	-0.154893	-0.072685	-0.045287	-0.088813
Chr05	25210072	25527615	0.042533	0.021414	0.013075	0.025796
Chr05	25347151	25590287	0.029918	0.018130	0.010600	0.020304
Chr05	25527634	25657455	0.119577	0.173233	0.076623	0.059772
Chr05	25590345	25736580	0.027843	0.028383	0.013548	0.012228
Chr05	25657470	25811962	-0.035555	-0.037476	-0.016838	-0.011454
Chr05	25736842	25899609	0.021963	0.017983	0.009875	0.006900
Chr05	25812071	25973633	0.205796	0.134100	0.070734	0.104527
Chr05	25899626	26077551	0.107918	0.078306	0.032794	0.043272
Chr05	25973640	26173840	0.012628	0.011909	0.004817	0.005377
Chr05	26077683	26225875	0.048187	0.076896	0.026913	0.018527
Chr05	26173847	26297887	0.047012	0.056094	0.020830	0.015831
Chr05	26225895	26436428	0.091632	0.053233	0.026451	0.026814
Chr05	26297890	26554231	0.163002	0.085077	0.051499	0.051825
Chr05	26436438	26626411	0.210685	0.155802	0.095174	0.094581
Chr05	26554245	26953791	0.273075	0.308553	0.137959	0.151228
Chr05	26626421	27064868	0.444356	0.469183	0.210256	0.294929
Chr05	26953814	27156073	0.586930	0.488335	0.261115	0.391985
Chr05	27064912	27287313	0.456822	0.338191	0.153854	0.253571
Chr05	27156078	27447495	-0.003164	-0.002086	-0.000903	-0.005837
Chr05	27287317	27531302	-0.090915	-0.058670	-0.028395	-0.038113
Chr05	27447553	27605569	0.104194	0.081989	0.044483	0.041523
Chr05	27531318	27661369	0.066390	0.065210	0.038360	0.028122
Chr05	27605574	27717568	0.014562	0.016317	0.007982	0.004720
Chr05	27661375	27799092	0.023513	0.025366	0.013276	0.008760
Chr05	27717570	27874278	-0.011613	-0.014746	-0.007791	-0.004675
Chr05	27799097	27926119	0.080031	0.107542	0.056201	0.041252
Chr05	27874300	28016499	0.122420	0.103605	0.053039	0.040036
Chr05	27926176	28192035	0.117782	0.047466	0.025656	0.040587
Chr05	28016587	28356563	0.113131	0.049505	0.027212	0.050361
Chr05	28192065	28530439	0.073185	0.070426	0.039416	0.030757
Chr05	28356655	28688856	0.166047	0.105540	0.070394	0.054626
Chr05	28530473	29021404	0.135030	0.067398	0.042328	0.049747
Chr05	28688874	29198018	-0.003186	-0.001615	-0.000930	0.002377
Chr05	29022118	29313298	-0.018606	-0.011822	-0.006622	-0.011150
Chr05	29199302	29407025	0.041959	0.031149	0.017802	0.014501
Chr05	29313317	29626318	0.111917	0.054004	0.027132	0.036761
Chr05	29407027	29728112	0.449941	0.197561	0.096146	0.182245
Chr05	29626323	29837384	0.450728	0.154703	0.088816	0.236989
Chr05	29728296	30003124	0.004330	0.001276	0.000815	-0.006511
Chr05	29837442	30135364	0.022485	0.007542	0.005085	0.001984
Chr05	30003192	30237275	0.237474	0.089951	0.061858	0.115163
Chr05	30135472	30331549	0.155577	0.076550	0.046035	0.063551
Chr05	30237324	30468938	0.052055	0.033061	0.017047	0.023614
Chr05	30332186	30618889	0.057424	0.029448	0.016282	0.025642
Chr05	30469144	30701516	0.071130	0.039135	0.020851	0.025666
Chr05	30618926	30810615	0.058003	0.035517	0.019085	0.018527
Chr05	30701526	30984718	0.124471	0.057271	0.031657	0.031253
Chr05	30810627	31104262	0.096778	0.045150	0.021505	0.018166
Chr05	30984729	31202892	-0.086162	-0.068880	-0.026034	-0.021514
Chr05	31104490	31347681	-0.021695	-0.024491	-0.009140	-0.010242
Chr05	31202904	31728340	0.266773	0.182787	0.095105	0.133851
Chr05	31347687	31924906	0.237276	0.102316	0.059564	0.114648
Chr05	31728475	32139101	-0.038014	-0.011876	-0.006797	-0.014666
Chr05	31924917	32302233	-0.048928	-0.020795	-0.011312	-0.017434
Chr05	32139105	32492550	0.052687	0.031111	0.017914	0.023074
Chr05	32302442	32694215	0.074059	0.028904	0.017083	0.031342
Chr05	32493500	32941775	0.141851	0.044608	0.025551	0.061865
Chr05	32694315	33111633	0.143301	0.055161	0.030388	0.054164
Chr05	32941811	33277963	-0.056519	-0.025906	-0.013802	-0.024277
Chr05	33112095	33459327	-0.025375	-0.010009	-0.005511	-0.010457
Chr05	33278001	33614676	0.078271	0.033549	0.018218	0.029650
Chr05	33459335	33854007	0.038899	0.018389	0.009144	0.013383
Chr05	33615412	34173166	0.006540	0.003744	0.001793	0.003442
Chr05	33854244	34248928	0.096359	0.067310	0.037083	0.035401
Chr05	34173189	34398187	0.342370	0.233163	0.155502	0.151571
Chr05	34248951	34497433	0.094934	0.070511	0.046386	0.058626
Chr05	34398451	34580504	-0.186636	-0.216261	-0.097930	-0.085865
Chr05	34497489	34886808	-0.151595	-0.126204	-0.054748	-0.062324
Chr05	34580589	34987636	-0.077051	-0.054264	-0.029460	-0.036396
Chr05	34886810	35107450	0.022822	0.016968	0.009392	0.008334
Chr05	34987653	35255588	-0.086877	-0.069017	-0.033938	-0.042651
Chr05	35107458	35564121	-0.088434	-0.062031	-0.030185	-0.053564
Chr05	35255636	35814493	0.196099	0.104114	0.054446	0.131579
Chr05	35564130	36100602	0.233811	0.136665	0.069786	0.134425
Chr05	35814508	36741208	-0.009295	-0.006846	-0.003285	0.005205
Chr05	36109926	36881430	-0.071003	-0.072864	-0.032918	-0.027639
Chr05	36741262	36951866	-0.041829	-0.039197	-0.019212	-0.017945
Chr05	36881552	37063878	0.139589	0.103998	0.057307	0.058666
Chr05	36956248	37179922	0.294103	0.218506	0.088170	0.116125
Chr05	37063886	37472396	0.107620	0.130549	0.026221	0.047065
Chr05	37179952	37568764	-0.031987	-0.056887	-0.010871	-0.010050
Chr05	37472564	37694550	0.013889	0.019783	0.005977	0.005522
Chr05	37568779	37831928	0.151033	0.166547	0.058752	0.048534
Chr05	37695033	37890236	-0.016129	-0.019164	-0.006476	-0.003088
Chr05	37831997	37952021	-0.233383	-0.358129	-0.094525	-0.071479
Chr05	37890343	38206529	-0.073816	-0.069797	-0.026153	-0.034058
Chr05	37952030	38402579	-0.037760	-0.029143	-0.010644	-0.016744
Chr05	38206683	38504366	0.133032	0.105932	0.040802	0.069156
Chr05	38402580	38647304	0.212702	0.173436	0.086062	0.104405
Chr05	38504370	38764881	-0.032666	-0.023572	-0.012608	-0.014290
Chr05	38647447	38851472	0.064310	0.036288	0.021597	0.028885
Chr05	38764960	38965578	0.307219	0.156978	0.103576	0.137389
Chr05	38851501	39039468	0.167204	0.124332	0.067057	0.087995
Chr05	38966065	39113624	-0.213401	-0.340567	-0.095732	-0.113660
Chr05	39039483	39180222	-0.132845	-0.211081	-0.045337	-0.049965
Chr05	39113627	39268269	0.051211	0.054682	0.017752	0.018489
Chr05	39180225	39427754	-0.104440	-0.044010	-0.027060	-0.039521
Chr05	39268270	39650805	-0.035637	-0.010318	-0.006141	-0.007078
Chr05	39427790	39817213	0.225679	0.076240	0.040782	0.100535
Chr05	39650890	40019714	0.221233	0.095662	0.043332	0.131054
Chr05	39817249	40270249	0.105331	0.044173	0.019864	0.065566
Chr05	40019943	40386670	0.363134	0.162594	0.072687	0.162046
Chr05	40270380	40528567	0.317716	0.212244	0.089544	0.189969
Chr05	40386671	40717970	0.132175	0.090352	0.042682	0.084516
Chr05	40528580	40856334	0.140109	0.075592	0.032648	0.039932
Chr05	40718454	41079200	0.239470	0.139129	0.040088	0.037940
Chr05	40856566	41403450	0.402030	0.202846	0.089845	0.126470
Chr05	41079209	41510323	0.273350	0.143787	0.081063	0.097163
Chr05	41403552	41564487	0.117808	0.093786	0.037778	0.037191
Chr05	41510329	41628271	0.162076	0.109032	0.045953	0.055180
Chr05	41564513	41756000	0.158509	0.107817	0.049269	0.060404
Chr05	41628300	41857076	-0.007636	-0.007175	-0.002635	-0.002836
Chr05	41756003	41985142	-0.210074	-0.224563	-0.072229	-0.080749
Chr05	41857113	42141146	-0.104334	-0.089140	-0.037116	-0.045868
Chr05	41985238	42280201	-0.070143	-0.047830	-0.022924	-0.022335
Chr05	42141198	42456902	-0.212261	-0.160069	-0.078510	-0.070480
Chr05	42280376	42637046	-0.248849	-0.243823	-0.096302	-0.083183
Chr05	42456966	42728164	-0.011015	-0.009727	-0.003917	-0.000803
Chr05	42637177	42792463	0.017589	0.015396	0.007114	0.011463
Chr05	42728267	42958051	0.035024	0.021360	0.010430	0.015385
Chr05	42792549	43093088	0.088938	0.045044	0.019423	0.018883
Chr05	42958227	43157366	0.017615	0.015917	0.005908	0.006349
Chr05	43093099	43421835	0.055387	0.028101	0.015756	0.027106
Chr05	43157369	43599996	0.086746	0.025253	0.016705	0.040490
Chr05	43423702	43738984	0.060825	0.019242	0.012245	0.027659
Chr05	43600015	43915630	-0.027610	-0.008985	-0.004983	-0.007798
Chr05	43739011	43950837	-0.159593	-0.058447	-0.033992	-0.058953
Chr05	43915631	44064214	-0.161283	-0.088751	-0.047504	-0.063138
Chr05	43950855	44218711	0.196680	0.110094	0.051849	0.103927
Chr05	44064375	44324611	0.290524	0.197726	0.089285	0.137130
Chr05	44218727	44448128	0.159218	0.146004	0.074873	0.077766
Chr05	44324656	44580966	0.203527	0.146610	0.078170	0.103422
Chr05	44448169	44701751	0.430338	0.250426	0.158531	0.231452
Chr05	44580975	44783961	0.275254	0.183030	0.117806	0.143089
Chr05	44701806	45065550	-0.083554	-0.030332	-0.017652	-0.028274
Chr05	44785009	45294982	0.192026	0.046487	0.030878	0.074017
Chr05	45065964	45523766	0.160859	0.044820	0.027498	0.071135
Chr05	45295084	45684491	-0.061136	-0.021325	-0.012146	-0.020557
Chr05	45523767	45829558	-0.010707	-0.003407	-0.002411	-0.004144
Chr05	45684516	46078415	-0.061044	-0.018569	-0.010759	-0.025225
Chr05	45829855	46294387	-0.108001	-0.037241	-0.019077	-0.038611
Chr05	46078430	46437065	0.000062	0.000015	0.000010	0.001966
Chr05	46294405	46572061	0.060445	0.018082	0.011851	0.018222
Chr05	46437133	46710968	-0.010156	-0.004699	-0.002663	-0.002748
Chr05	46572072	46808911	0.029973	0.015641	0.009344	0.009639
Chr05	46711003	46950984	0.094979	0.047362	0.028542	0.036769
Chr05	46808953	47119419	-0.040998	-0.014241	-0.008693	-0.019655
Chr05	46951002	47308988	0.037473	0.011549	0.006743	0.011033
Chr05	47119489	47466189	0.161432	0.049279	0.022919	0.040531
Chr05	47309288	47727339	0.073834	0.018192	0.009378	0.028674
Chr05	47466454	47913123	-0.063303	-0.014739	-0.007780	-0.023106
Chr05	47727415	49581044	-0.190802	-0.034730	-0.018151	-0.067555
Chr05	47913164	51548214	-0.250089	-0.028428	-0.015747	-0.092838
Chr05	49585779	51911805	-0.034721	-0.004444	-0.002037	-0.008521
Chr05	51549414	52219438	0.317907	0.155877	0.021415	0.054435
Chr05	51911877	52426912	0.235944	0.145416	0.019890	0.048285
Chr05	52219443	52679771	0.073680	0.023020	0.009573	0.013893
Chr05	52427742	52861907	0.124158	0.054020	0.019049	0.035522
Chr05	52679784	53012175	0.230990	0.080616	0.037176	0.064612
Chr05	52861975	53196882	0.258863	0.094190	0.049472	0.067837
Chr05	53012490	53339048	0.298078	0.094177	0.058705	0.095204
Chr05	53197957	53494991	-0.108748	-0.023203	-0.015995	-0.042174
Chr05	53339084	53600258	-0.241973	-0.061834	-0.041618	-0.104417
Chr05	53495036	53848702	0.154045	0.065455	0.033364	0.065456
Chr05	53600430	53985777	0.167231	0.077311	0.032896	0.062157
Chr05	53848722	54144041	0.138496	0.048276	0.023288	0.059240
Chr05	53985779	54299075	0.347455	0.142132	0.063443	0.129404
Chr05	54144089	54470609	0.358069	0.212969	0.093784	0.150632
Chr05	54299315	54746301	0.213844	0.122351	0.060454	0.088183
Chr05	54470610	54858868	0.084526	0.051201	0.030099	0.026687
Chr05	54746326	55015233	-0.065215	-0.037726	-0.021422	-0.011224
Chr05	54858928	55169606	-0.230983	-0.108035	-0.044764	-0.029666
Chr05	55015239	55320620	-0.115197	-0.058748	-0.025541	-0.018680
Chr05	55169947	55475109	-0.028386	-0.012072	-0.007627	-0.007611
Chr05	55320651	55670039	-0.262589	-0.107709	-0.059708	-0.100091
Chr05	55475227	55753997	-0.176684	-0.089404	-0.046321	-0.074711
Chr05	55670112	55866227	0.004869	0.004192	0.001977	0.006168
Chr05	55754043	55965896	0.028905	0.025017	0.010617	0.012297
Chr05	55866370	56086905	0.102982	0.060000	0.030214	0.043145
Chr05	55965924	56170256	0.168083	0.106112	0.053821	0.085873
Chr05	56086924	56282405	0.369219	0.264387	0.145291	0.206535
Chr05	56170298	56323767	0.017576	0.016357	0.009011	0.009427
Chr05	56282426	56420530	-0.166319	-0.193193	-0.097390	-0.101292
Chr05	56323774	56700271	0.049514	0.039361	0.021535	0.029349
Chr05	56420608	56803721	-0.027077	-0.025628	-0.011140	-0.009667
Chr05	56700332	56882281	-0.025326	-0.035640	-0.012314	-0.011585
Chr05	56803735	56967648	-0.032905	-0.051857	-0.021616	-0.017352
Chr05	56882318	57016839	-0.083475	-0.117094	-0.054794	-0.046447
Chr05	56967693	57224576	0.150591	0.145672	0.073784	0.071984
Chr05	57016864	57277617	0.100687	0.110376	0.053015	0.048498
Chr05	57234300	57320307	-0.082124	-0.128111	-0.044055	-0.044533
Chr05	57277619	57377730	0.059747	0.073780	0.027644	0.039867
Chr05	57320319	57451675	0.191633	0.169037	0.083348	0.119014
Chr05	57377732	57607424	0.117583	0.055626	0.026918	0.047383
Chr05	57451784	57945892	0.160307	0.035906	0.018802	0.062381
Chr05	57607463	58042875	0.000924	0.000303	0.000154	0.011024
Chr05	57946015	58155136	-0.088367	-0.069619	-0.032147	-0.043253
Chr05	58042944	58244555	0.114194	0.069929	0.037355	0.048088
Chr05	58155156	58345251	0.149827	0.069485	0.039613	0.069248
Chr05	58244647	58457022	0.133709	0.068722	0.037006	0.054880
Chr05	58345385	58555012	0.045858	0.040222	0.016387	0.019206
Chr05	58457217	58691547	0.123970	0.079279	0.046173	0.053422
Chr05	58555051	58732875	0.091900	0.062290	0.042659	0.042208
Chr05	58691729	58880287	-0.092094	-0.110383	-0.053937	-0.048197
Chr05	58732903	58933850	-0.263819	-0.632208	-0.162768	-0.154022
Chr05	58880448	59106645	0.056496	0.104110	0.033086	0.059305
Chr05	58933861	59231121	0.541180	0.448419	0.242283	0.354380
Chr05	59106772	59371834	0.246000	0.160033	0.079325	0.128242
Chr05	59231201	59489016	-0.150951	-0.112060	-0.049771	-0.063376
Chr05	59371987	59603600	-0.078195	-0.037556	-0.023704	-0.022112
Chr05	59489056	59708210	0.189082	0.068881	0.047506	0.053297
Chr05	59603607	59932617	0.149139	0.061122	0.037858	0.049425
Chr05	59708214	60198009	0.028703	0.015146	0.008451	0.017636
Chr05	59933215	60297306	-0.079097	-0.067780	-0.028066	-0.024307
Chr05	60198067	60378823	-0.101468	-0.132061	-0.039615	-0.025596
Chr05	60297351	60477579	0.036727	0.032579	0.015285	0.010477
Chr05	60378855	60655996	0.164285	0.100827	0.059924	0.062431
Chr05	60477585	60849449	0.033286	0.016190	0.008293	0.014677
Chr05	60656002	61113983	-0.072688	-0.024690	-0.012942	-0.025241
Chr05	60849460	61257276	0.064988	0.020192	0.011236	0.018527
Chr05	61114015	61342482	0.433735	0.174414	0.097060	0.087886
Chr05	61257283	61495352	0.277352	0.186573	0.090613	0.079202
Chr05	61342759	61917737	-0.028084	-0.007087	-0.004097	-0.008179
Chr05	61495365	62057832	-0.042013	-0.010303	-0.005619	-0.012621
Chr05	61917814	62151463	0.030491	0.017749	0.007226	0.014105
Chr05	62057847	62342752	0.121375	0.067353	0.031482	0.044883
Chr05	62151533	62429298	0.009362	0.004510	0.002448	0.002736
Chr05	62342763	62482305	-0.119387	-0.063174	-0.040008	-0.033105
Chr05	62429412	62575335	0.058516	0.031786	0.021063	0.019048
Chr05	62482343	62658278	0.168051	0.085700	0.059491	0.076846
Chr05	62575431	62858717	0.298119	0.194479	0.089650	0.166728
Chr05	62658312	62924671	0.324183	0.328901	0.101426	0.201888
Chr05	62858733	62989952	0.172084	0.192640	0.068240	0.090453
Chr05	62925221	63073058	0.046476	0.042699	0.018749	0.020315
Chr05	62989983	63215331	-0.014460	-0.013349	-0.005513	-0.004946
Chr05	63073062	63294923	0.091977	0.104873	0.041677	0.040193
Chr05	63215332	63421106	0.021586	0.018666	0.009981	0.009226
Chr05	63295038	63471742	-0.192946	-0.168086	-0.093643	-0.085531
Chr05	63421149	63542681	-0.222635	-0.371960	-0.138146	-0.117979
Chr05	63471855	63677131	-0.136047	-0.199361	-0.063717	-0.069751
Chr05	63542683	63751415	-0.037702	-0.041904	-0.016720	-0.023771
Chr05	63677194	63829954	0.255519	0.237166	0.125698	0.149908
Chr05	63751433	63866042	0.372840	0.365533	0.193887	0.227576
Chr05	63830059	63930633	0.176089	0.213652	0.101163	0.088801
Chr05	63866060	64018294	-0.026056	-0.022163	-0.011429	-0.007252
Chr05	63930728	64085097	-0.067168	-0.059567	-0.028134	-0.024798
Chr05	64018327	64197798	0.011228	0.013144	0.004219	0.010453
Chr05	64085210	64268977	-0.047733	-0.051030	-0.015780	-0.014987
Chr05	64197982	64542190	-0.069999	-0.066100	-0.024395	-0.030980
Chr05	64268981	64839276	0.114354	0.072829	0.036239	0.060835
Chr05	64544321	64986991	0.225635	0.100441	0.056909	0.102625
Chr05	64839317	65046264	0.178981	0.089109	0.050021	0.073978
Chr05	64987072	65140047	0.045468	0.031776	0.017363	0.011550
Chr05	65046428	65206039	0.164258	0.125371	0.065818	0.067264
Chr05	65140157	65362093	0.353665	0.279956	0.143613	0.177463
Chr05	65206123	65473514	0.159061	0.110064	0.054639	0.079930
Chr05	65362105	65548298	0.066488	0.037337	0.021471	0.030339
Chr05	65473515	65669500	0.100277	0.044952	0.031041	0.028923
Chr05	65548336	65834814	-0.048769	-0.023737	-0.014760	-0.013289
Chr05	65669543	65909852	-0.097932	-0.073317	-0.037410	-0.038301
Chr05	65834821	66005883	0.099795	0.084846	0.044170	0.048402
Chr05	65910029	66122864	0.127037	0.070572	0.040065	0.045992
Chr05	66005899	66290908	-0.006668	-0.002280	-0.001473	-0.003433
Chr05	66122874	66385613	0.066883	0.026946	0.017773	0.020906
Chr05	66290934	66488668	-0.361756	-0.232686	-0.142550	-0.167698
Chr05	66385629	66664081	-0.405908	-0.222490	-0.118659	-0.150077
Chr05	66488728	66747039	0.071951	0.048328	0.023520	0.022347
Chr05	66664087	66868981	0.082266	0.070835	0.041451	0.031474
Chr05	66747042	67002875	-0.029295	-0.021061	-0.010094	-0.011298
Chr05	66869031	67080156	0.087474	0.066368	0.032229	0.033812
Chr05	67002894	67176435	0.265217	0.231587	0.100504	0.110340
Chr05	67080342	67240412	0.206178	0.201950	0.069907	0.068341
Chr05	67176475	67298088	0.155522	0.220214	0.092405	0.057627
Chr05	67240480	67361024	0.171175	0.254741	0.123380	0.084293
Chr05	67298093	67588444	0.200192	0.170103	0.091837	0.112363
Chr05	67361036	67762440	0.113439	0.083362	0.047326	0.063262
Chr05	67588600	67795127	0.102271	0.093235	0.053707	0.050441
Chr05	67762453	67857037	0.169712	0.210360	0.106375	0.091465
Chr05	67795221	67935459	0.104252	0.130733	0.045503	0.046869
Chr05	67857051	68030233	0.033485	0.037030	0.013639	0.014409
Chr05	67935478	68126408	0.063505	0.068383	0.032976	0.029966
Chr05	68030243	68224602	0.177147	0.177744	0.100214	0.077651
Chr05	68126417	68320938	0.082610	0.082164	0.045761	0.029251
Chr05	68224682	68416457	-0.061558	-0.070678	-0.037150	-0.028807
Chr05	68320962	68571614	-0.096784	-0.097321	-0.050522	-0.049902
Chr05	68416518	68614746	0.015914	0.015218	0.008243	0.010879
Chr05	68571648	68644949	0.085158	0.121574	0.064277	0.040072
Chr05	68614763	68706651	-0.314958	-0.229188	-0.139559	-0.146029
Chr05	68644952	68748723	-0.354764	-0.307069	-0.170442	-0.174431
Chr05	68706729	68924504	0.043941	0.052882	0.025415	0.024217
Chr05	68748785	68976737	0.047782	0.046829	0.025247	0.026961
Chr05	68924513	69027952	-0.171946	-0.302817	-0.125711	-0.077043
Chr05	68976746	69085009	-0.122503	-0.256212	-0.107588	-0.054603
Chr05	69028053	69114124	0.032478	0.050783	0.029870	0.015924
Chr05	69085013	69147501	0.027071	0.037704	0.021369	0.015009
Chr05	69114260	69232486	0.089169	0.102258	0.060984	0.051963
Chr05	69147528	69456098	0.105807	0.052819	0.031611	0.062865
Chr05	69232489	69692334	0.088080	0.045257	0.026846	0.050991
Chr05	69456150	69733170	0.109362	0.115204	0.066673	0.058464
Chr05	69692338	69797799	0.066921	0.086638	0.050663	0.036623
Chr05	69733270	69913092	0.015895	0.019357	0.011841	0.012428
Chr05	69797817	69984231	-0.048417	-0.045281	-0.028507	-0.017047
Chr05	69913128	70057059	0.055575	0.043179	0.028719	0.018566
Chr05	69984235	70133942	0.191995	0.208507	0.110121	0.067031
Chr05	70057098	70233939	0.207008	0.267254	0.126598	0.077601
Chr05	70134011	70351411	0.150106	0.142316	0.077749	0.063026
Chr05	70234033	71027901	0.041047	0.021154	0.012655	0.015402
Chr05	70351476	71146107	0.158977	0.072567	0.047151	0.073081
Chr05	71027902	71262111	0.095052	0.065457	0.041063	0.045632
Chr05	71146490	71350981	0.053664	0.044806	0.024238	0.020753
Chr05	71262159	71434767	-0.100371	-0.096777	-0.039990	-0.040981
Chr05	71351101	71540331	-0.352684	-0.309821	-0.135322	-0.191752
Chr05	71434826	71656602	-0.256346	-0.179122	-0.093749	-0.142039
Chr05	71540336	71747632	-0.137384	-0.075454	-0.043196	-0.052944
Chr05	71656691	71831194	-0.084304	-0.043651	-0.023983	-0.019964
Chr05	71747836	71938064	0.025723	0.015803	0.008044	0.007370
Chr05	71831228	72031535	0.175948	0.116702	0.062726	0.081711
Chr05	71938067	72112945	0.128344	0.117730	0.051983	0.065148
Chr05	72031566	72266106	0.177142	0.228993	0.083185	0.092653
Chr05	72112949	72325261	0.218765	0.246534	0.116188	0.109591
Chr05	72266162	72461300	0.047844	0.035671	0.019968	0.020761
Chr05	72325290	72541478	-0.036577	-0.028430	-0.014867	-0.021507
Chr05	72461355	72608608	0.085534	0.098676	0.052657	0.037480
Chr05	72541539	72678132	0.202773	0.189248	0.124879	0.106513
Chr05	72608615	72874098	0.063646	0.054775	0.034581	0.034561
Chr05	72678149	73919759	-0.048236	-0.034089	-0.018622	-0.039858
Chr05	72879898	74121748	-0.029997	-0.020561	-0.010595	-0.014755
Chr05	73919807	74284444	0.012618	0.009189	0.004702	0.017140
Chr05	74121785	74421898	0.021160	0.013509	0.007609	0.012319
Chr05	74284752	74829168	0.060981	0.035124	0.017829	0.038831
Chr05	74421903	75182589	0.033771	0.020883	0.009841	0.030223
Chr05	74829282	75248870	0.146147	0.111970	0.063479	0.085882
Chr05	75182599	75350793	0.353586	0.261571	0.149345	0.192614
Chr05	75248902	75475847	0.414827	0.273287	0.148647	0.262927
Chr05	75350975	75655845	0.172307	0.072142	0.046954	0.095557
Chr05	75475880	75811833	-0.239997	-0.122519	-0.069504	-0.155092
Chr05	75655854	75999026	-0.305984	-0.278815	-0.122261	-0.203604
Chr05	75811840	76072861	0.060472	0.049767	0.026010	0.040315
Chr05	75999048	76153941	0.459490	0.392915	0.210455	0.306761
Chr05	76072867	76201839	0.596002	0.423474	0.269713	0.383847
Chr05	76153968	76330035	0.474417	0.353798	0.242787	0.270705
Chr05	76201841	77025828	0.112170	0.058725	0.036988	0.058082
Chr05	76330835	77556207	-0.035953	-0.014365	-0.008515	-0.015297
Chr05	77025931	77758519	0.013864	0.006122	0.003181	0.009228
Chr05	77556395	77841652	0.140020	0.089431	0.041239	0.068174
Chr05	77758640	77911565	0.130867	0.111760	0.060570	0.060913
Chr05	77841664	78008683	0.078014	0.056510	0.033619	0.029164
Chr05	77911570	78058182	-0.009538	-0.009912	-0.004754	-0.012157
Chr05	78008827	78110584	0.096348	0.115536	0.058479	0.048870
Chr05	78058185	78166899	0.157385	0.141523	0.085945	0.068567
Chr05	78110627	78258932	0.161390	0.158994	0.096430	0.073119
Chr05	78166991	78351818	0.234868	0.239873	0.135146	0.125553
Chr05	78258934	78457146	0.291350	0.257021	0.152688	0.153855
Chr05	78351992	78563825	0.109710	0.134330	0.072081	0.061492
Chr05	78457147	78611327	-0.082146	-0.158017	-0.061404	-0.041032
Chr05	78563865	78721598	0.048873	0.061331	0.026701	0.023697
Chr05	78611358	79109804	0.387491	0.276578	0.164444	0.238099
Chr05	78721995	79182007	0.309032	0.222172	0.119640	0.176576
Chr05	79109840	79352141	0.110058	0.064317	0.032593	0.054418
Chr05	79182021	79443316	0.056232	0.030163	0.017225	0.030753
Chr05	79352258	79510320	0.041960	0.029199	0.017002	0.016347
Chr05	79443318	79763870	0.021576	0.014653	0.007513	0.003919
Chr05	79511021	79917066	-0.044970	-0.034787	-0.014727	-0.020259
Chr05	79763889	80041817	0.100784	0.060406	0.031970	0.043609
Chr05	79917094	80274250	0.082399	0.044535	0.021378	0.034195
Chr05	80041842	80487912	-0.014246	-0.010068	-0.003812	-0.002056
Chr05	80274260	80635100	0.062136	0.046371	0.020086	0.035844
Chr05	80487999	80720999	0.086626	0.060991	0.029456	0.047877
Chr05	80635604	80844456	0.017213	0.010814	0.005012	0.007329
Chr05	80721041	80974312	0.160717	0.087048	0.043087	0.072613
Chr05	80844612	81270803	0.203686	0.060599	0.037073	0.083706
Chr05	80974329	81869555	0.027882	0.005388	0.002862	0.007707
Chr05	81271472	82027777	-0.088156	-0.025427	-0.011201	-0.024924
Chr05	81869575	82290400	-0.019452	-0.007961	-0.004442	-0.003988
Chr05	82028012	82507242	-0.013007	-0.005339	-0.002927	-0.000372
Chr05	82290401	82728073	-0.064990	-0.037250	-0.015877	-0.036461
Chr05	82507269	82930097	0.029182	0.009642	0.006062	0.010282
Chr05	82728097	83029553	0.062265	0.018487	0.012547	0.014546
Chr05	82930284	83132486	-0.017768	-0.009468	-0.005023	-0.008022
Chr05	83029615	83349972	0.053846	0.021060	0.013198	0.021198
Chr05	83132493	83490094	-0.067993	-0.025649	-0.015009	-0.023257
Chr05	83350165	83586017	0.087335	0.040038	0.022270	0.045131
Chr05	83490098	83933891	0.216841	0.139232	0.069280	0.120081
Chr05	83586034	83983818	0.099136	0.092775	0.041898	0.051496
Chr05	83933987	84079658	0.076668	0.122202	0.036314	0.041983
Chr05	83983914	84157558	-0.131284	-0.248952	-0.051580	-0.059446
Chr05	84079679	84233458	-0.149680	-0.258705	-0.062034	-0.067764
Chr05	84157586	84337881	0.096107	0.105955	0.038950	0.044087
Chr05	84233488	84423417	0.306936	0.281320	0.119109	0.123734
Chr05	84337981	84658624	0.321906	0.303561	0.098544	0.137886
Chr05	84423576	84799700	0.169804	0.140604	0.054081	0.098730
Chr05	84658626	84905330	0.115363	0.084587	0.046194	0.070893
Chr05	84800037	85005272	-0.113547	-0.113046	-0.046848	-0.048307
Chr05	84905380	85070087	-0.289580	-0.258490	-0.100313	-0.113417
Chr05	85005273	85195514	0.053031	0.034173	0.017997	0.023127
Chr05	85070094	85319783	-0.037928	-0.024143	-0.012389	-0.018504
Chr05	85195693	85611644	-0.584559	-0.340985	-0.178963	-0.370980
Chr05	85319850	85852729	-0.518623	-0.343589	-0.164499	-0.242672
Chr05	85611877	86007133	0.145299	0.101452	0.044666	0.056065
Chr05	85852761	86251262	0.187189	0.099359	0.056023	0.095021
Chr05	86007212	86431648	0.002740	0.001921	0.000764	0.003900
Chr05	86251414	86561575	0.187523	0.145520	0.054494	0.074247
Chr05	86431713	86667095	0.166094	0.120196	0.060688	0.076409
Chr05	86562070	86765130	0.002774	0.002642	0.001404	-0.005005
Chr05	86667104	86899909	0.182920	0.174456	0.075199	0.072477
Chr05	86765165	86981446	0.130669	0.129144	0.049148	0.056216
Chr05	86900001	87019044	-0.153621	-0.205305	-0.067306	-0.075981
Chr05	86981477	87134320	-0.216273	-0.237708	-0.102326	-0.122840
Chr05	87019091	87268087	-0.156045	-0.108567	-0.064709	-0.067888
Chr05	87134337	87320288	0.106112	0.069161	0.042850	0.030559
Chr05	87268134	87365002	0.185472	0.164051	0.101980	0.062373
Chr05	87320357	87443962	0.089574	0.108999	0.066049	0.036286
Chr05	87365068	87495686	-0.012139	-0.014248	-0.008319	-0.003068
Chr05	87443984	87551959	0.132648	0.143322	0.064297	0.073899
Chr05	87495719	87605517	-0.065434	-0.119278	-0.033610	-0.029799
Chr05	87551965	87648343	-0.293406	-0.821101	-0.178041	-0.153704
Chr05	87605518	87690412	-0.326862	-1.292401	-0.190388	-0.167701
Chr05	87648360	87781497	0.028126	0.046530	0.016691	0.025825
Chr06	141379	413451	0.179303	0.178095	0.093738	0.072621
Chr06	316356	504593	0.143535	0.132106	0.069563	0.063987
Chr06	413526	621601	-0.015527	-0.015405	-0.008246	-0.006631
Chr06	504804	744291	-0.033486	-0.041544	-0.019806	-0.017499
Chr06	621642	818793	0.262289	0.269862	0.155199	0.133229
Chr06	744347	897015	0.347266	0.240066	0.173397	0.181994
Chr06	818803	974707	0.284181	0.167398	0.115168	0.129381
Chr06	897424	1065186	0.199052	0.152009	0.091239	0.089452
Chr06	974736	1187902	-0.012031	-0.017726	-0.007014	-0.004375
Chr06	1065192	1295628	0.016957	0.021448	0.009773	0.009654
Chr06	1188007	1348673	0.102716	0.105283	0.065040	0.049401
Chr06	1295638	1403992	-0.006064	-0.006581	-0.003676	-0.001685
Chr06	1348676	1452171	-0.075105	-0.090466	-0.043528	-0.035152
Chr06	1404020	1518432	-0.013029	-0.020823	-0.007999	0.000248
Chr06	1452176	1583103	0.072696	0.111730	0.040673	0.039663
Chr06	1519464	1670185	0.053921	0.075600	0.026269	0.019709
Chr06	1583192	1810208	0.072931	0.069575	0.027878	0.032594
Chr06	1670357	1935266	-0.051117	-0.060563	-0.018735	-0.019741
Chr06	1810253	2157956	-0.114132	-0.089533	-0.035454	-0.041498
Chr06	1935282	2243026	0.050229	0.031795	0.016899	0.022521
Chr06	2157961	2338913	0.041032	0.030083	0.017751	0.018019
Chr06	2243137	2477090	0.117238	0.082499	0.047520	0.049005
Chr06	2338954	2573953	0.247037	0.176532	0.093276	0.109086
Chr06	2477178	2767591	0.120438	0.080035	0.042601	0.062287
Chr06	2574131	2833153	0.015471	0.013110	0.006962	0.008563
Chr06	2767610	3086048	0.020844	0.010018	0.006319	0.006762
Chr06	2833160	3269124	0.200916	0.075636	0.043823	0.073990
Chr06	3086200	3465821	0.113543	0.053713	0.028649	0.049916
Chr06	3269306	3642160	-0.085071	-0.036042	-0.019761	-0.035042
Chr06	3465829	3727370	0.004609	0.002329	0.001120	0.001279
Chr06	3642276	3865432	0.095585	0.077233	0.028096	0.040620
Chr06	3727405	3960788	-0.080909	-0.087234	-0.026142	-0.039479
Chr06	3865445	4108875	0.068503	0.067370	0.022368	0.037585
Chr06	3961455	4185937	0.404971	0.343428	0.106918	0.176157
Chr06	4108909	4273229	0.132020	0.179182	0.033591	0.034914
Chr06	4185938	4411765	0.013664	0.012931	0.003554	0.005637
Chr06	4273316	4511183	-0.038672	-0.029004	-0.011594	-0.016339
Chr06	4411766	4653684	-0.114788	-0.098924	-0.043200	-0.055009
Chr06	4511202	4734963	0.079927	0.056248	0.025529	0.036091
Chr06	4653743	4818944	0.328475	0.207818	0.102414	0.171322
Chr06	4735011	4981172	0.306535	0.177230	0.091604	0.140117
Chr06	4819030	5050195	0.065849	0.044556	0.021266	0.023170
Chr06	4981205	5140721	0.205926	0.189681	0.075421	0.070575
Chr06	5050244	5254120	0.289860	0.187031	0.084287	0.078198
Chr06	5140792	5363351	0.022419	0.016687	0.008181	0.007193
Chr06	5254952	5539720	-0.056250	-0.027840	-0.014619	-0.031216
Chr06	5363361	5672669	-0.056513	-0.022328	-0.011840	-0.029171
Chr06	5540352	5885007	-0.054310	-0.024513	-0.011528	-0.016833
Chr06	5672768	5992232	-0.078626	-0.045321	-0.017790	-0.032831
Chr06	5885479	6122726	0.083592	0.059961	0.024249	0.048518
Chr06	5992234	6289264	0.311931	0.199239	0.091434	0.150169
Chr06	6122791	6470856	0.230230	0.105167	0.054569	0.121338
Chr06	6289268	6582861	0.178556	0.094880	0.045557	0.119198
Chr06	6470967	6683447	0.190580	0.155300	0.052868	0.129984
Chr06	6582954	6784717	0.268978	0.233941	0.080396	0.160520
Chr06	6683450	6885029	0.361342	0.282739	0.122835	0.200885
Chr06	6784733	6987193	0.280124	0.209453	0.092090	0.134090
Chr06	6885291	7087291	0.066000	0.069559	0.021715	0.026773
Chr06	6987229	7229035	0.037585	0.075426	0.012900	0.024107
Chr06	7087309	7390117	0.297182	0.379344	0.088560	0.151267
Chr06	7229044	7576272	0.307941	0.217716	0.076938	0.115489
Chr06	7390131	8085401	0.051463	0.051477	0.015019	0.022547
Chr06	7576341	8213870	0.146513	0.196266	0.045805	0.086134
Chr06	8085443	8305735	0.262263	0.217102	0.076073	0.144091
Chr06	8214003	8439033	0.277160	0.148621	0.072774	0.124085
Chr06	8305757	8531536	0.213705	0.128234	0.064259	0.077846
Chr06	8439034	8619984	0.220420	0.202755	0.094766	0.083400
Chr06	8531539	8719148	0.249808	0.226486	0.091803	0.082609
Chr06	8620053	8824880	0.197529	0.179826	0.075610	0.078754
Chr06	8719219	8937760	0.113677	0.084880	0.036549	0.044676
Chr06	8825063	9101806	0.157900	0.070178	0.036219	0.052444
Chr06	8938147	9375206	0.332596	0.114294	0.063598	0.149343
Chr06	9101835	9487190	0.359481	0.133610	0.071389	0.172195
Chr06	9375394	9716773	0.206812	0.087677	0.046777	0.100861
Chr06	9487213	9874363	0.059715	0.021858	0.011856	0.028253
Chr06	9716812	10030853	0.072696	0.027804	0.015949	0.029563
Chr06	9874365	10444293	-0.175634	-0.076283	-0.040572	-0.075990
Chr06	10032320	10561934	-0.184627	-0.098228	-0.047807	-0.075088
Chr06	10444408	10658899	0.145776	0.134156	0.061463	0.085637
Chr06	10561981	10814848	0.089362	0.091833	0.035646	0.035936
Chr06	10659022	11096641	-0.045555	-0.036506	-0.014793	-0.011272
Chr06	10815127	11184069	-0.121143	-0.105632	-0.046557	-0.044790
Chr06	11096955	11262528	0.046732	0.046233	0.021386	0.019756
Chr06	11184086	11329349	0.221271	0.224590	0.103210	0.102883
Chr06	11262556	11411157	0.281851	0.274481	0.137109	0.141723
Chr06	11329381	11508945	0.257107	0.204631	0.093320	0.100241
Chr06	11411166	11635681	0.021129	0.013566	0.005835	0.005960
Chr06	11508972	11725443	0.235863	0.183390	0.070918	0.116755
Chr06	11635703	11845120	0.333839	0.244285	0.095800	0.159255
Chr06	11725448	11967750	0.234842	0.130180	0.059385	0.091617
Chr06	11845130	12124826	0.238960	0.117373	0.054940	0.080967
Chr06	11967751	12253348	0.058703	0.031575	0.015016	0.020082
Chr06	12124894	12424074	0.007728	0.005827	0.002470	0.004657
Chr06	12253571	12699765	0.140633	0.057686	0.032006	0.059478
Chr06	12424318	12943047	0.106007	0.027840	0.017745	0.040968
Chr06	12700026	13101074	-0.029448	-0.009677	-0.005828	-0.008905
Chr06	12943073	13345834	-0.005576	-0.002629	-0.001398	-0.001240
Chr06	13101075	13595886	0.029622	0.007977	0.005023	0.012509
Chr06	13346493	13741110	-0.140548	-0.043554	-0.024250	-0.061848
Chr06	13595909	13921929	-0.235640	-0.112464	-0.048979	-0.117114
Chr06	13741253	14100735	-0.142002	-0.058829	-0.025705	-0.058270
Chr06	13922037	14239781	0.058213	0.027661	0.012972	0.020480
Chr06	14100783	14430762	0.112184	0.036695	0.022332	0.035392
Chr06	14239823	14542641	-0.128861	-0.042509	-0.024350	-0.042595
Chr06	14430764	14766625	-0.198530	-0.120163	-0.058281	-0.070345
Chr06	14542662	14916535	-0.128671	-0.074188	-0.037623	-0.043888
Chr06	14766635	15072647	-0.051881	-0.025844	-0.012570	-0.018049
Chr06	14916590	15235377	0.120015	0.064832	0.028284	0.061568
Chr06	15072771	15786265	0.075963	0.013576	0.007549	0.041054
Chr06	15235502	15955324	0.062987	0.009317	0.005284	0.027929
Chr06	15786665	16071222	0.362895	0.146463	0.074140	0.143525
Chr06	15955338	16194171	0.236884	0.122759	0.068261	0.100053
Chr06	16071223	16317169	0.068671	0.040816	0.017176	0.026453
Chr06	16194367	16573366	0.191015	0.079478	0.026782	0.070794
Chr06	16318416	16841332	0.331633	0.115804	0.044256	0.129167
Chr06	16573369	17123195	0.412231	0.108491	0.065018	0.196314
Chr06	16841345	17378406	0.254748	0.062744	0.037907	0.112040
Chr06	17123302	17497249	-0.075633	-0.032752	-0.012555	-0.015121
Chr06	17378448	17796842	-0.410152	-0.160029	-0.070872	-0.131339
Chr06	17497250	18110312	-0.290591	-0.079397	-0.041701	-0.162723
Chr06	17797069	18383251	-0.074331	-0.019900	-0.010577	-0.024869
Chr06	18110513	18467359	-0.443820	-0.305132	-0.089108	-0.137802
Chr06	18383256	18688817	-0.100767	-0.056645	-0.018459	-0.044267
Chr06	18467361	18855393	0.156863	0.066939	0.028320	0.075406
Chr06	18688829	19090601	-0.048872	-0.021979	-0.010076	-0.018706
Chr06	18855405	19352228	0.077696	0.022867	0.014198	0.025638
Chr06	19090636	19626439	0.156550	0.035786	0.024213	0.041654
Chr06	19352326	19803269	0.158220	0.041735	0.026800	0.057403
Chr06	19626689	19935499	0.181875	0.069461	0.041117	0.103312
Chr06	19803294	20182645	0.085130	0.034947	0.020857	0.050133
Chr06	19935565	20389935	0.003612	0.001084	0.000729	0.005255
Chr06	20182667	20560408	0.213385	0.061414	0.034843	0.083006
Chr06	20390496	20636085	0.054524	0.027958	0.011757	0.024794
Chr06	20560437	20757367	-0.296674	-0.358221	-0.107092	-0.126298
Chr06	20636152	20839888	0.161894	0.154678	0.058382	0.098374
Chr06	20757395	21068570	0.364376	0.194871	0.095257	0.251290
Chr06	20839934	21192659	0.285025	0.151576	0.070351	0.182183
Chr06	21068572	21380884	0.260996	0.188006	0.069759	0.140857
Chr06	21192666	21600428	0.331141	0.146503	0.062005	0.152859
Chr06	21380885	21979162	0.274915	0.067353	0.038525	0.122790
Chr06	21600548	22115451	0.344092	0.063731	0.046591	0.160276
Chr06	21980703	22417822	0.237575	0.073309	0.045756	0.143225
Chr06	22116299	22648056	0.037990	0.014197	0.007044	0.013801
Chr06	22417990	22692489	0.184941	0.043693	0.029035	0.034642
Chr06	22648062	22980290	0.108705	0.020397	0.014630	0.019142
Chr06	22692498	25187169	-0.070134	-0.007543	-0.003993	-0.029872
Chr06	22981235	26608975	0.250586	0.029943	0.014007	0.186104
Chr06	25187438	27004836	0.552599	0.116080	0.049102	0.367705
Chr06	26610183	27234558	0.507370	0.154469	0.065034	0.185620
Chr06	27004854	27382090	0.191629	0.065118	0.035505	0.035953
Chr06	27234576	27552381	0.032465	0.017541	0.008260	0.010082
Chr06	27382094	27925238	-0.041405	-0.015447	-0.006532	-0.013952
Chr06	27552382	28229934	-0.057753	-0.012599	-0.006684	-0.022832
Chr06	27926096	28474975	-0.135636	-0.036998	-0.018491	-0.062850
Chr06	28229945	28638870	-0.158219	-0.052660	-0.025938	-0.058960
Chr06	28475029	28828469	0.097253	0.035444	0.020417	0.032189
Chr06	28638889	29054321	0.102387	0.045378	0.022918	0.035893
Chr06	28828977	29330016	-0.065199	-0.017120	-0.010266	-0.029856
Chr06	29054388	29490479	-0.263609	-0.089315	-0.047413	-0.138480
Chr06	29330306	29760658	-0.310566	-0.119438	-0.056311	-0.140152
Chr06	29490692	30103876	0.023475	0.004505	0.002743	0.009354
Chr06	29760667	30397571	0.124781	0.031800	0.016519	0.046730
Chr06	30104646	30651753	0.091287	0.029989	0.014232	0.036773
Chr06	30397616	30864506	-0.174242	-0.049271	-0.023294	-0.075837
Chr06	30652167	31063505	-0.145859	-0.054171	-0.018743	-0.067527
Chr06	30864523	31185977	0.039133	0.024390	0.007804	0.013583
Chr06	31063534	31388042	-0.154382	-0.069241	-0.034874	-0.067061
Chr06	31186123	31640033	-0.072084	-0.022236	-0.012562	-0.028737
Chr06	31388242	31817246	0.309633	0.125918	0.066116	0.149294
Chr06	31640095	31948876	0.140830	0.088550	0.042531	0.084266
Chr06	31817261	32196264	-0.051924	-0.022309	-0.012361	-0.033537
Chr06	31948979	32375775	0.164366	0.057753	0.029375	0.055085
Chr06	32196384	32536487	0.174909	0.092379	0.039057	0.060240
Chr06	32376879	32686522	0.122166	0.062976	0.030407	0.042518
Chr06	32536520	32889208	0.413991	0.197326	0.086422	0.162758
Chr06	32686749	32968352	0.252066	0.149874	0.057316	0.144504
Chr06	32889376	33036413	-0.034236	-0.019905	-0.008683	-0.036579
Chr06	32968477	33208162	-0.040179	-0.019014	-0.008710	-0.027992
Chr06	33036416	33363089	-0.052814	-0.033397	-0.013261	-0.020057
Chr06	33208173	33461573	0.128086	0.126065	0.044503	0.081175
Chr06	33363107	33583836	0.248296	0.201555	0.073099	0.118477
Chr06	33461615	33687455	0.156940	0.093637	0.034876	0.070270
Chr06	33583895	33825621	0.238574	0.126015	0.050870	0.108708
Chr06	33687603	34000291	0.276493	0.125837	0.053616	0.123060
Chr06	33825623	34379259	0.380231	0.142288	0.067270	0.168198
Chr06	34000948	34517359	0.301107	0.099030	0.053548	0.130121
Chr06	34379338	34690322	0.019921	0.006983	0.003655	0.003618
Chr06	34517371	34761445	0.153106	0.087374	0.042469	0.051167
Chr06	34690523	34897473	0.209214	0.166931	0.085182	0.092925
Chr06	34761453	34945102	-0.024427	-0.022913	-0.011636	-0.010014
Chr06	34897507	35018136	-0.341127	-0.913164	-0.190068	-0.194858
Chr06	34945132	35105230	-0.453485	-1.198048	-0.215806	-0.278286
Chr06	35018153	35200521	-0.242454	-0.193860	-0.095393	-0.128825
Chr06	35105317	35359456	-0.049644	-0.023930	-0.013596	-0.022673
Chr06	35200731	35566910	-0.068755	-0.026937	-0.013314	-0.025716
Chr06	35359548	35744658	-0.150468	-0.061787	-0.030119	-0.047373
Chr06	35567152	35972916	0.102679	0.034574	0.019992	0.042515
Chr06	35744823	36101162	0.080530	0.028641	0.016624	0.052603
Chr06	35972965	36210022	0.123280	0.069091	0.032924	0.087774
Chr06	36101163	36307617	0.252969	0.125088	0.058991	0.158323
Chr06	36210023	36455360	0.247173	0.077094	0.046253	0.082321
Chr06	36308861	37032569	0.177048	0.045226	0.030522	0.052910
Chr06	36455370	37359823	0.000561	0.000120	0.000085	-0.001559
Chr06	37032683	37480311	0.041627	0.011832	0.008465	0.016499
Chr06	37360033	37598940	0.153040	0.070641	0.044581	0.064166
Chr06	37480315	37746408	0.225979	0.094284	0.050780	0.098835
Chr06	37599352	37916367	0.423251	0.174437	0.090203	0.236952
Chr06	37746415	38065225	0.271522	0.108065	0.051199	0.148686
Chr06	37916399	38200550	-0.015006	-0.006042	-0.002668	-0.001625
Chr06	38065236	38352176	0.093131	0.034785	0.017442	0.038374
Chr06	38200564	38644970	0.115529	0.039603	0.018953	0.060769
Chr06	38352180	38887360	-0.031783	-0.010495	-0.005448	-0.023250
Chr06	38645129	39035317	-0.017326	-0.005831	-0.003184	-0.018677
Chr06	38887415	39285980	0.032902	0.012408	0.006913	0.016327
Chr06	39035322	39364293	-0.036549	-0.017273	-0.010016	-0.007568
Chr06	39286022	39516964	-0.026020	-0.012968	-0.007390	-0.003411
Chr06	39364299	39657873	-0.157301	-0.084705	-0.041858	-0.080456
Chr06	39516978	39764759	-0.137726	-0.095974	-0.043380	-0.073735
Chr06	39657874	39876401	0.136781	0.105224	0.044002	0.073109
Chr06	39764798	40104812	0.137313	0.046751	0.024099	0.071896
Chr06	39876694	40230470	-0.001948	-0.000635	-0.000348	-0.000585
Chr06	40104954	40432458	0.185210	0.072793	0.035172	0.096468
Chr06	40230717	40579231	0.243671	0.082936	0.039561	0.110670
Chr06	40432490	40695819	0.174202	0.093388	0.038840	0.075941
Chr06	40579252	40777425	0.147465	0.139420	0.052226	0.060620
Chr06	40695830	41003241	0.005644	0.002968	0.001735	0.000702
Chr06	40777677	41139880	0.057874	0.023036	0.013659	0.023170
Chr06	41003270	41341212	0.063872	0.028816	0.015169	0.027846
Chr06	41140249	41563094	-0.059697	-0.028355	-0.013703	-0.026292
Chr06	41341231	41693413	0.052686	0.028017	0.014166	0.035380
Chr06	41563109	41799210	0.286567	0.179809	0.101573	0.128592
Chr06	41693416	42013284	0.242903	0.153281	0.080896	0.091365
Chr06	41799243	42136897	0.017683	0.009677	0.005039	0.008378
Chr06	42013336	42300176	-0.058434	-0.037738	-0.019068	-0.031812
Chr06	42137039	42514656	0.117246	0.062078	0.030588	0.040498
Chr06	42300182	42693638	0.430758	0.194517	0.096716	0.191455
Chr06	42514673	42814515	0.469185	0.207285	0.111527	0.239268
Chr06	42693665	42940241	0.285834	0.092998	0.057378	0.125034
Chr06	42814698	43130028	0.089481	0.023333	0.014781	0.042173
Chr06	42940385	43200605	0.153631	0.062403	0.034265	0.071607
Chr06	43130034	43265124	0.144639	0.261959	0.075817	0.061265
Chr06	43200629	43444674	-0.021134	-0.035085	-0.012234	-0.008170
Chr06	43265216	43533715	0.045108	0.041981	0.018930	0.018317
Chr06	43444983	43641031	0.032946	0.020376	0.011665	0.009038
Chr06	43533908	43742363	-0.011431	-0.006759	-0.003968	-0.004771
Chr06	43641034	43848117	-0.040879	-0.031257	-0.016505	-0.016328
Chr06	43742381	43936334	0.067708	0.039951	0.022469	0.029782
Chr06	43848421	44058187	0.211244	0.082432	0.049163	0.085394
Chr06	43936356	44190005	0.154403	0.072501	0.039873	0.062273
Chr06	44058268	44293288	0.037171	0.027045	0.011760	0.013856
Chr06	44190006	44448205	-0.018857	-0.014378	-0.005704	-0.003212
Chr06	44293362	44589906	-0.018676	-0.009499	-0.004678	-0.003240
Chr06	44448217	44727241	-0.074403	-0.043515	-0.017345	-0.018407
Chr06	44589939	44915040	0.036498	0.022731	0.009230	0.026991
Chr06	44728223	45002250	0.109274	0.068856	0.033596	0.050798
Chr06	44915063	45166712	0.232452	0.158719	0.065503	0.090653
Chr06	45002252	45323012	0.270882	0.107690	0.055408	0.124398
Chr06	45167200	45445050	0.151511	0.057963	0.033371	0.060905
Chr06	45323032	45664526	0.085715	0.045843	0.023657	0.024973
Chr06	45445063	45830778	0.072240	0.035417	0.016608	0.020340
Chr06	45664561	45967264	0.170962	0.093283	0.036979	0.051276
Chr06	45830779	46104401	0.147920	0.084768	0.032694	0.034724
Chr06	45967294	46252108	0.025207	0.010848	0.005294	0.005774
Chr06	46104522	46371592	0.005798	0.003199	0.001583	0.004116
Chr06	46252129	46476423	0.004436	0.003421	0.001525	0.001427
Chr06	46371600	46584575	0.125062	0.086334	0.043737	0.053911
Chr06	46476486	46708627	0.153717	0.098849	0.052467	0.074554
Chr06	46584577	46777344	0.028637	0.025302	0.011952	0.011961
Chr06	46708640	46868591	-0.009275	-0.011805	-0.005903	-0.002555
Chr06	46777351	46939598	0.077102	0.077302	0.042695	0.044756
Chr06	46869210	46995208	0.062628	0.074492	0.038928	0.033421
Chr06	46939634	47105971	0.162813	0.188066	0.090217	0.084153
Chr06	46995226	47173906	0.139909	0.182587	0.073724	0.071356
Chr06	47106098	47262642	-0.001472	-0.002335	-0.001016	0.001416
Chr06	47173908	47330821	-0.013309	-0.016289	-0.007337	-0.004284
Chr06	47263274	47428941	-0.031479	-0.031504	-0.012342	-0.009874
Chr06	47330853	47553265	0.001842	0.001290	0.000606	-0.000625
Chr06	47428955	47647544	0.005552	0.004119	0.001954	0.002022
Chr06	47553371	47733461	-0.043167	-0.044766	-0.020621	-0.012146
Chr06	47647634	47940405	-0.042644	-0.027091	-0.011642	-0.010980
Chr06	47733486	48075557	-0.035567	-0.022139	-0.008306	-0.010075
Chr06	47940424	48199250	0.114591	0.107836	0.039935	0.054502
Chr06	48075635	48325386	0.264515	0.188481	0.083338	0.099884
Chr06	48199323	48436672	0.191395	0.121591	0.050751	0.055276
Chr06	48325400	48575691	-0.141441	-0.130383	-0.049648	-0.053784
Chr06	48436690	48778657	-0.195253	-0.098530	-0.050261	-0.084470
Chr06	48575735	49123691	0.022203	0.006613	0.003773	0.005242
Chr06	48778712	49193264	-0.035982	-0.014308	-0.007571	-0.014575
Chr06	49123715	49255398	-0.143599	-0.237276	-0.062005	-0.056594
Chr06	49193280	49358675	0.051769	0.059816	0.023507	0.024597
Chr06	49255446	49546650	0.058016	0.036450	0.021306	0.029129
Chr06	49359073	49695712	-0.076987	-0.038061	-0.020832	-0.034286
Chr06	49548125	49792866	-0.070177	-0.041290	-0.021739	-0.032545
Chr06	49695748	49896845	0.014369	0.009872	0.005830	0.006013
Chr06	49792896	49936541	-0.011051	-0.009103	-0.004948	-0.002892
Chr06	49896864	49987438	-0.012971	-0.016038	-0.007330	-0.003381
Chr06	49936604	50129588	-0.019426	-0.014338	-0.006343	-0.007517
Chr06	49987459	50334112	0.067200	0.035368	0.017832	0.017981
Chr06	50129589	50463084	0.006495	0.003359	0.002019	0.002421
Chr06	50334186	50572216	0.028962	0.014725	0.008842	0.010670
Chr06	50463090	50658957	0.082129	0.057842	0.035158	0.039176
Chr06	50572256	50756228	0.084763	0.081330	0.050562	0.037503
Chr06	50658965	50898297	0.097863	0.068075	0.039144	0.032541
Chr06	50756237	51031804	0.038360	0.025490	0.013425	0.015776
Chr06	50898315	51138382	0.086415	0.059316	0.029448	0.036497
Chr06	51031832	51262826	0.105299	0.054591	0.029430	0.041984
Chr06	51138580	51401114	0.008002	0.003349	0.001854	0.000014
Chr06	51262832	51515774	-0.298552	-0.147950	-0.076687	-0.135582
Chr06	51401305	51652277	-0.066974	-0.046075	-0.021250	-0.028639
Chr06	51515876	51767732	0.224619	0.203014	0.090916	0.129989
Chr06	51652283	51876680	0.237625	0.199814	0.092774	0.137231
Chr06	51767763	51957617	0.200982	0.124021	0.055109	0.104265
Chr06	51876694	52144432	0.059305	0.036562	0.015274	0.025158
Chr06	51957661	52359725	-0.004065	-0.002240	-0.001003	-0.002079
Chr06	52145176	52516809	0.225239	0.088984	0.049518	0.118256
Chr06	52364078	52593410	0.338459	0.169218	0.087695	0.178654
Chr06	52516894	52693089	0.180540	0.278027	0.071241	0.077620
Chr06	52593421	52780889	0.097782	0.143480	0.035633	0.048709
Chr06	52693098	52905078	0.127409	0.153134	0.046894	0.067921
Chr06	52780904	52962128	0.144169	0.171349	0.068917	0.066956
Chr06	52905169	53019689	-0.027575	-0.044964	-0.017643	-0.013895
Chr06	52962231	53078614	-0.037001	-0.050838	-0.019292	-0.018140
Chr06	53019693	53147654	-0.013783	-0.015958	-0.006752	-0.005557
Chr06	53078694	53292718	-0.016752	-0.011611	-0.005175	-0.005686
Chr06	53147871	53364351	0.138235	0.067583	0.034568	0.050100
Chr06	53292727	53452622	0.211292	0.134835	0.067777	0.080833
Chr06	53364404	53659865	0.114962	0.051592	0.026673	0.050931
Chr06	53452636	53783582	-0.008766	-0.003706	-0.002051	-0.006249
Chr07	61739	329002	0.085813	0.075432	0.029679	0.036177
Chr07	154409	428842	0.293174	0.175895	0.066713	0.124769
Chr07	329020	549203	0.213970	0.170729	0.057462	0.113704
Chr07	428844	729460	0.169039	0.108442	0.045864	0.103313
Chr07	549268	812535	0.161764	0.077638	0.040810	0.089568
Chr07	729464	982979	0.042352	0.018545	0.010301	0.020809
Chr07	812610	1103688	-0.113924	-0.045553	-0.023816	-0.056871
Chr07	983010	1266485	-0.035323	-0.010835	-0.006305	-0.016578
Chr07	1103757	1358082	0.179134	0.057024	0.034349	0.062114
Chr07	1266503	1422424	0.054826	0.047540	0.021966	0.019195
Chr07	1358091	1491495	-0.028124	-0.036431	-0.013938	-0.006106
Chr07	1422426	1588425	-0.006296	-0.008216	-0.003427	0.003238
Chr07	1491502	1661059	-0.015565	-0.010348	-0.006298	-0.006811
Chr07	1588428	1738650	0.010287	0.006000	0.003283	0.002635
Chr07	1661060	1819178	0.053283	0.038718	0.018663	0.024011
Chr07	1738673	1899126	0.165946	0.127501	0.057906	0.087594
Chr07	1819695	2067038	0.222182	0.175883	0.061034	0.122076
Chr07	1899831	2203419	0.080977	0.059972	0.019465	0.038745
Chr07	2067047	2268583	0.032250	0.031661	0.008538	0.016182
Chr07	2203439	2333359	-0.055531	-0.094978	-0.017879	-0.020539
Chr07	2268587	2411014	-0.009295	-0.014461	-0.003832	-0.003087
Chr07	2333473	2505421	0.152657	0.197618	0.069852	0.079610
Chr07	2412083	2560575	0.094145	0.107168	0.045318	0.049052
Chr07	2505425	2632802	0.062805	0.072377	0.032981	0.034248
Chr07	2561560	2738093	0.249966	0.204283	0.100231	0.121790
Chr07	2632894	2820595	0.194411	0.135316	0.069176	0.078494
Chr07	2738465	2926964	0.086273	0.073488	0.036401	0.036636
Chr07	2820674	3010397	0.243058	0.218420	0.092012	0.135388
Chr07	2926997	3071434	0.195655	0.193690	0.078139	0.110881
Chr07	3010414	3139632	0.003167	0.003861	0.001459	0.002055
Chr07	3071449	3214005	0.044584	0.053277	0.021244	0.018359
Chr07	3139818	3428638	0.186772	0.182165	0.103741	0.095789
Chr07	3214045	3498182	0.227448	0.210980	0.124343	0.115299
Chr07	3428678	3575884	0.101982	0.114903	0.052482	0.045869
Chr07	3498184	3724477	0.152597	0.170423	0.082805	0.069310
Chr07	3575940	3807639	0.187641	0.239198	0.114480	0.083945
Chr07	3724600	3883652	0.138585	0.226227	0.079897	0.065345
Chr07	3807682	3944479	0.161677	0.218770	0.091151	0.089686
Chr07	3883919	4015619	0.102668	0.143877	0.058515	0.054711
Chr07	3944658	4062971	0.061989	0.091145	0.038248	0.029687
Chr07	4015641	4119363	0.020290	0.025487	0.013158	0.004171
Chr07	4062990	4203160	0.040998	0.034786	0.020051	0.015580
Chr07	4119408	4252894	0.055182	0.051663	0.028297	0.027290
Chr07	4203186	4339738	-0.000540	-0.000798	-0.000335	0.004139
Chr07	4252897	4430720	0.150997	0.217520	0.077276	0.080392
Chr07	4339744	4507651	0.227407	0.288606	0.097284	0.128843
Chr07	4430762	4586886	0.085080	0.115246	0.037812	0.042455
Chr07	4507724	4670014	0.154548	0.203244	0.075523	0.073959
Chr07	4587041	4733721	0.336801	0.368246	0.134616	0.171330
Chr07	4670052	4860430	0.260777	0.297954	0.105372	0.122900
Chr07	4733811	4968646	0.058560	0.066245	0.027495	0.026561
Chr07	4860532	5011311	0.133019	0.150492	0.066134	0.069694
Chr07	4968786	5110223	0.111899	0.124480	0.055262	0.056882
Chr07	5011350	5177109	-0.045179	-0.050422	-0.020781	-0.023906
Chr07	5110239	5251157	0.106474	0.158704	0.045401	0.053538
Chr07	5177115	5314429	0.276911	0.429696	0.116173	0.136728
Chr07	5251200	5371706	0.251081	0.341217	0.122585	0.136258
Chr07	5314549	5445493	0.228708	0.294180	0.111845	0.098958
Chr07	5371707	5533620	0.101138	0.114959	0.041444	0.043831
Chr07	5445515	5610275	0.026937	0.034036	0.012846	0.014209
Chr07	5533730	5669186	-0.014653	-0.020726	-0.007654	-0.006708
Chr07	5610288	5773233	-0.021248	-0.023128	-0.009295	-0.009871
Chr07	5669190	5836051	0.081265	0.075688	0.032291	0.034037
Chr07	5773553	5903927	0.449642	0.376208	0.205477	0.233269
Chr07	5836061	6046276	0.526781	0.361289	0.194200	0.265323
Chr07	5903943	6130798	0.331945	0.224086	0.098968	0.133525
Chr07	6046308	6220243	0.121291	0.115165	0.055160	0.060200
Chr07	6130844	6322996	-0.018641	-0.018823	-0.009060	-0.009056
Chr07	6220279	6419017	0.038758	0.031352	0.015553	0.013652
Chr07	6323017	6530476	0.094826	0.060383	0.032429	0.032891
Chr07	6419035	6579277	0.243192	0.174086	0.093512	0.098530
Chr07	6530481	6658297	0.263095	0.183987	0.101178	0.139197
Chr07	6579286	6726298	0.391483	0.254102	0.153136	0.250602
Chr07	6658351	6869038	0.435216	0.265548	0.158423	0.221475
Chr07	6726323	6958810	0.234133	0.145899	0.073794	0.083310
Chr07	6869101	7013234	0.198234	0.167239	0.081023	0.087033
Chr07	6958837	7136440	0.169593	0.165110	0.080176	0.093824
Chr07	7013239	7282043	0.150571	0.156010	0.058329	0.082734
Chr07	7136514	7522945	0.119926	0.068481	0.030764	0.062982
Chr07	7282044	7605632	0.134077	0.073130	0.033646	0.068164
Chr07	7523071	7720000	0.196103	0.121958	0.052423	0.095860
Chr07	7605651	7920753	0.299805	0.110836	0.060104	0.158964
Chr07	7720302	8109136	0.332087	0.130467	0.066988	0.172230
Chr07	7920970	8224356	0.146976	0.079110	0.034392	0.060683
Chr07	8109186	8358928	0.048852	0.035104	0.015622	0.023749
Chr07	8226597	8445406	0.172455	0.173345	0.075965	0.091533
Chr07	8359230	8552325	0.212554	0.208803	0.101186	0.087101
Chr07	8445407	8747054	-0.055409	-0.045372	-0.018091	-0.020039
Chr07	8552358	8847118	-0.119930	-0.092595	-0.035693	-0.043362
Chr07	8747073	8992471	0.019101	0.012463	0.005900	0.007606
Chr07	8847142	9079630	0.022014	0.012208	0.005958	0.010692
Chr07	8992483	9204959	0.026108	0.016144	0.008115	0.014737
Chr07	9079642	9338210	0.088941	0.075985	0.037790	0.042999
Chr07	9204963	9404142	-0.006819	-0.007452	-0.002916	-0.005670
Chr07	9338245	9525576	0.054035	0.055748	0.024768	0.024624
Chr07	9404205	9606972	0.305119	0.272556	0.145363	0.147448
Chr07	9525590	9749057	0.394833	0.320489	0.164601	0.169182
Chr07	9607030	9843403	0.329816	0.237453	0.111030	0.126722
Chr07	9749106	9974956	0.344906	0.174166	0.091502	0.136601
Chr07	9843412	10082963	0.276761	0.130948	0.064840	0.100002
Chr07	9975036	10206175	0.101368	0.061874	0.026137	0.035880
Chr07	10083350	10520057	0.242961	0.083816	0.043624	0.099792
Chr07	10206186	10698713	0.266670	0.076468	0.041993	0.102925
Chr07	10530299	10847071	-0.176005	-0.068400	-0.039347	-0.059147
Chr07	10698731	10938842	-0.108927	-0.060647	-0.033215	-0.037132
Chr07	10847152	11080450	0.258358	0.149550	0.075100	0.096152
Chr07	10938889	11227816	0.164577	0.078136	0.044316	0.079406
Chr07	11080560	11395680	0.025504	0.013395	0.007756	0.016018
Chr07	11227869	11556356	-0.066396	-0.032435	-0.018117	-0.022601
Chr07	11395720	11695421	0.036222	0.015412	0.008143	0.018993
Chr07	11556390	11839351	0.079010	0.038410	0.019625	0.043630
Chr07	11695452	11943654	0.014242	0.007140	0.003626	0.004501
Chr07	11839358	12058717	0.087271	0.053750	0.026358	0.041519
Chr07	11944738	12208885	0.195283	0.109551	0.059814	0.096658
Chr07	12058723	12395269	0.200138	0.088809	0.046579	0.096889
Chr07	12208933	12496773	0.248161	0.137551	0.058993	0.122238
Chr07	12395326	12627961	0.186374	0.098104	0.044606	0.099603
Chr07	12496783	12916338	0.033210	0.017162	0.008032	0.019501
Chr07	12628135	13203992	0.087793	0.083764	0.032858	0.040621
Chr07	12916340	13310512	0.170737	0.138498	0.061736	0.070882
Chr07	13204002	13426419	0.109269	0.073397	0.036865	0.043423
Chr07	13310538	13544282	0.063458	0.045962	0.025360	0.027687
Chr07	13426438	13630680	0.022421	0.018464	0.008646	0.007344
Chr07	13544310	13777308	0.086932	0.073367	0.023030	0.031427
Chr07	13630708	13886283	0.201149	0.181953	0.052193	0.082049
Chr07	13777349	14009350	0.317964	0.150338	0.073509	0.158599
Chr07	13886360	14134323	0.321675	0.134108	0.066722	0.154564
Chr07	14009359	14197659	0.110819	0.084969	0.036334	0.049922
Chr07	14134348	14253273	0.089751	0.124115	0.053279	0.041738
Chr07	14197660	14303680	0.117304	0.169769	0.072820	0.056991
Chr07	14253309	14485686	-0.092572	-0.112083	-0.051964	-0.048521
Chr07	14303688	14676725	0.169773	0.104750	0.067541	0.100983
Chr07	14485893	14819434	0.116570	0.072250	0.044137	0.083102
Chr07	14676928	14949349	-0.185133	-0.163865	-0.071296	-0.105012
Chr07	14819452	15076283	-0.040599	-0.030792	-0.015296	-0.019236
Chr07	14949503	15183357	0.117725	0.081895	0.044921	0.066176
Chr07	15076333	15302776	-0.030586	-0.023380	-0.010799	-0.014394
Chr07	15183407	15429862	-0.030998	-0.021651	-0.009223	-0.013585
Chr07	15302787	15604389	0.225448	0.109314	0.053546	0.100991
Chr07	15429871	15922696	0.143136	0.054358	0.028340	0.052858
Chr07	15604393	16105188	0.120858	0.035805	0.019617	0.045747
Chr07	15922708	16287187	0.097386	0.025514	0.015645	0.047287
Chr07	16105196	16458294	0.011773	0.003147	0.002060	0.007708
Chr07	16287231	16658537	-0.034050	-0.007284	-0.005389	-0.014846
Chr07	16458305	16752975	-0.370088	-0.100896	-0.074229	-0.213778
Chr07	16660730	16849014	-0.378287	-0.227671	-0.104750	-0.227231
Chr07	16753026	17033696	0.016540	0.009416	0.003691	0.009932
Chr07	16849015	17171916	0.063073	0.021175	0.012040	0.021402
Chr07	17034050	17334810	0.096703	0.038045	0.020210	0.026041
Chr07	17171935	17473215	0.112295	0.045917	0.020102	0.027291
Chr07	17334978	17611799	0.124055	0.050230	0.023476	0.033475
Chr07	17473261	17722423	0.146363	0.089308	0.045191	0.049421
Chr07	17612010	17798186	0.052999	0.054063	0.027266	0.022382
Chr07	17722424	17870797	0.029477	0.027979	0.015270	0.010629
Chr07	17798206	17981103	0.231125	0.183614	0.096039	0.069038
Chr07	17870822	18143997	0.150230	0.108654	0.053889	0.053301
Chr07	17981182	18273269	0.047698	0.029727	0.015103	0.016938
Chr07	18144028	18360866	0.137406	0.072253	0.038061	0.046591
Chr07	18273343	18417014	0.123044	0.073694	0.035932	0.036333
Chr07	18360873	18524776	0.123327	0.096158	0.045619	0.031897
Chr07	18417055	18585211	0.002431	0.001819	0.001041	0.001321
Chr07	18524777	18727170	-0.135367	-0.109319	-0.049029	-0.055931
Chr07	18585459	18830158	-0.076873	-0.078545	-0.027459	-0.033541
Chr07	18727223	18977282	-0.191659	-0.186970	-0.077840	-0.078130
Chr07	18830184	19239597	-0.234912	-0.120082	-0.068249	-0.073206
Chr07	18977431	19399444	-0.039162	-0.017418	-0.009548	-0.009990
Chr07	19239701	19547496	0.085985	0.048500	0.023684	0.029977
Chr07	19399472	19666054	0.064122	0.029351	0.016678	0.023787
Chr07	19548320	19818452	-0.057593	-0.023779	-0.014139	-0.022717
Chr07	19666093	19911885	-0.206602	-0.103891	-0.057902	-0.083603
Chr07	19818607	20089425	-0.280928	-0.128886	-0.073673	-0.104264
Chr07	19912124	20211115	0.073854	0.031026	0.019670	0.030105
Chr07	20089456	20315998	-0.025570	-0.013684	-0.008184	-0.012949
Chr07	20211294	20429300	-0.205380	-0.094819	-0.055636	-0.063045
Chr07	20316013	20542104	0.025753	0.010800	0.006559	0.005787
Chr07	20429410	20615151	0.097227	0.062815	0.038182	0.030359
Chr07	20542105	20732657	0.102716	0.098095	0.058021	0.040261
Chr07	20615190	20801584	0.052947	0.058777	0.034067	0.025867
Chr07	20732794	20876452	0.125515	0.121158	0.074686	0.055685
Chr07	20801639	20982527	0.115080	0.069343	0.042667	0.034206
Chr07	20876849	21076134	0.168130	0.091813	0.058454	0.044808
Chr07	20982552	21206695	0.130312	0.101440	0.054384	0.040891
Chr07	21076183	21459357	-0.014306	-0.003834	-0.002546	-0.008868
Chr07	21206765	21621557	-0.099629	-0.025023	-0.016441	-0.041848
Chr07	21459376	21910809	-0.126030	-0.042399	-0.026106	-0.047966
Chr07	21621565	22085053	-0.133728	-0.036188	-0.020683	-0.038207
Chr07	21911101	22203005	-0.147624	-0.061390	-0.032155	-0.052246
Chr07	22085123	22325719	-0.074270	-0.039750	-0.023481	-0.029642
Chr07	22203038	22596144	0.034980	0.017363	0.010480	0.010296
Chr07	22325732	22713738	0.070313	0.037372	0.020191	0.024194
Chr07	22596150	22792700	-0.081768	-0.079490	-0.026719	-0.025686
Chr07	22713749	22883037	-0.105351	-0.193144	-0.047216	-0.043238
Chr07	22792754	23021607	0.024016	0.035902	0.011234	0.015287
Chr07	22883062	23445446	0.067714	0.066201	0.028481	0.041072
Chr07	23021619	23490491	0.096328	0.088509	0.046156	0.054013
Chr07	23445750	23540579	0.048825	0.075114	0.030834	0.033701
Chr07	23490498	23594335	-0.039271	-0.038172	-0.018214	-0.012399
Chr07	23540586	23643751	-0.092093	-0.062930	-0.026533	-0.046032
Chr07	23594454	23715413	-0.072987	-0.054594	-0.019161	-0.054136
Chr07	23644186	23864260	0.190537	0.110802	0.045342	0.093199
Chr07	23715482	23977906	0.346655	0.157371	0.080056	0.116807
Chr07	23864533	24047141	0.182901	0.099504	0.056545	0.064593
Chr07	23977913	24146594	0.055604	0.044465	0.020196	0.020903
Chr07	24047169	24263045	-0.109892	-0.064448	-0.031726	-0.037484
Chr07	24146712	24396644	-0.041219	-0.015414	-0.007744	-0.010189
Chr07	24263128	24498991	0.122045	0.055954	0.029075	0.052092
Chr07	24396661	24637948	0.145509	0.101318	0.054900	0.074835
Chr07	24499016	24785355	0.092270	0.049575	0.027799	0.035846
Chr07	24638070	24926413	-0.013740	-0.006135	-0.003935	-0.005226
Chr07	24785555	25033546	-0.028313	-0.015242	-0.009109	-0.009738
Chr07	24926479	25147556	0.124112	0.057561	0.035563	0.034323
Chr07	25033601	25258617	0.239004	0.108610	0.069160	0.085860
Chr07	25147610	25354524	0.331802	0.129405	0.088155	0.129992
Chr07	25258684	25433850	0.511579	0.180155	0.120984	0.250934
Chr07	25354575	25513676	0.597583	0.233088	0.147372	0.348135
Chr07	25433960	25623625	0.452833	0.223170	0.130116	0.209493
Chr07	25513687	25760395	0.136444	0.080352	0.042736	0.032450
Chr07	25623632	25893267	-0.037236	-0.018249	-0.009915	-0.009695
Chr07	25760398	26189046	-0.031045	-0.010739	-0.005801	-0.007981
Chr07	25895145	26278579	0.305350	0.146974	0.062633	0.098839
Chr07	26189192	26376427	0.421579	0.394014	0.134700	0.182844
Chr07	26278605	26556302	0.166332	0.090106	0.038119	0.064853
Chr07	26376467	26683974	-0.141428	-0.051941	-0.025335	-0.042837
Chr07	26556339	26779526	0.119384	0.051841	0.031422	0.045291
Chr07	26683975	26887508	0.216868	0.128176	0.071267	0.098386
Chr07	26779528	27064615	-0.003133	-0.001589	-0.000704	-0.003723
Chr07	26887591	27339833	0.002726	0.000732	0.000365	0.000370
Chr07	27064698	27596023	0.099623	0.024402	0.012625	0.036446
Chr07	27340339	27707594	0.224905	0.067802	0.030208	0.055479
Chr07	27596136	27804274	0.329483	0.157215	0.055811	0.060781
Chr07	27707873	27971569	0.322696	0.156476	0.051522	0.047156
Chr07	27804350	28073210	0.464118	0.234361	0.075946	0.062459
Chr07	27971752	28234250	0.417772	0.270252	0.085338	0.087936
Chr07	28073933	28914277	0.295886	0.166083	0.052772	0.053001
Chr07	28234857	29135634	0.104761	0.035175	0.018300	0.015191
Chr07	28914811	29213041	0.194788	0.070866	0.044275	0.032778
Chr07	29135784	29274349	0.345727	0.165435	0.092356	0.055483
Chr07	29213059	29378677	0.330539	0.207824	0.118097	0.072741
Chr07	29274470	29499862	0.257174	0.153480	0.078758	0.073343
Chr07	29378716	29638545	0.161523	0.067660	0.035105	0.043684
Chr07	29500064	29733484	0.025512	0.010700	0.005452	0.006018
Chr07	29638546	29875188	-0.018145	-0.007239	-0.002912	0.000354
Chr07	29733534	30476718	0.163657	0.082429	0.022840	0.018482
Chr07	29875312	30667862	0.092433	0.069411	0.012712	0.007699
Chr07	30477215	30826232	-0.135044	-0.050124	-0.018324	-0.007083
Chr07	30667952	30997102	0.003445	0.000909	0.000459	0.000560
Chr07	30826248	31097964	0.145823	0.045801	0.019525	0.016637
Chr07	30997176	31233951	0.273341	0.145375	0.054960	0.044329
Chr07	31098214	31378015	0.271841	0.111240	0.044653	0.052788
Chr07	31233997	31513568	0.152840	0.068899	0.017758	0.022702
Chr07	31378066	31688472	-0.091796	-0.039040	-0.009421	-0.008611
Chr07	31513750	31788409	0.029217	0.011240	0.004260	0.011683
Chr07	31688638	31883674	0.521739	0.299363	0.118742	0.233217
Chr07	31788521	32020334	0.625108	0.384809	0.148425	0.300324
Chr07	31883794	32118087	0.443210	0.254234	0.113737	0.200330
Chr07	32020338	32163846	0.301978	0.220320	0.106163	0.129991
Chr07	32118141	32289636	0.323283	0.243351	0.109038	0.119011
Chr07	32163861	32451640	0.207062	0.141645	0.060287	0.076094
Chr07	32289645	32538784	0.137398	0.094281	0.042376	0.056724
Chr07	32451693	32635013	0.185433	0.126313	0.053520	0.100380
Chr07	32538942	32777913	0.045931	0.033167	0.013719	0.029851
Chr07	32635035	32920451	0.030032	0.017283	0.008731	0.011724
Chr07	32777928	33016507	0.202591	0.100443	0.053071	0.056084
Chr07	32920480	33123157	0.009690	0.005029	0.002438	0.001028
Chr07	33016608	33387607	-0.070855	-0.030028	-0.015546	-0.031808
Chr07	33123659	33641576	-0.020567	-0.007397	-0.004147	-0.004522
Chr07	33387611	33758342	-0.005445	-0.002551	-0.001446	-0.001091
Chr07	33641592	33885112	-0.069789	-0.033681	-0.017656	-0.023849
Chr07	33758355	34075122	-0.179730	-0.078186	-0.037486	-0.062146
Chr07	33885886	34280455	0.066670	0.030734	0.016024	0.027643
Chr07	34075317	34519834	0.170416	0.085061	0.050435	0.065460
Chr07	34280500	34686857	0.052034	0.031020	0.019498	0.019263
Chr07	34520009	34938258	0.270969	0.168578	0.091052	0.113148
Chr07	34686862	35030640	0.419378	0.257040	0.122591	0.148042
Chr07	34938282	35204665	0.295263	0.162307	0.080523	0.095190
Chr07	35030699	35362161	0.175010	0.086720	0.043000	0.067806
Chr07	35205016	35470555	0.281126	0.165491	0.073489	0.099645
Chr07	35362216	35582168	0.339589	0.258465	0.112121	0.101222
Chr07	35470979	35680032	0.152201	0.119804	0.049984	0.050628
Chr07	35582173	35794814	0.064940	0.052389	0.022662	0.024643
Chr07	35680051	35990231	0.108721	0.066458	0.038707	0.032172
Chr07	35794867	36090319	0.024906	0.015888	0.008980	0.006397
Chr07	35990274	36199499	0.065221	0.042744	0.025138	0.024297
Chr07	36090323	36474382	0.094682	0.060160	0.036835	0.039355
Chr07	36199556	36629121	0.034982	0.024890	0.012118	0.010385
Chr07	36474590	36698451	-0.020280	-0.016696	-0.005395	-0.002650
Chr07	36629183	36809345	0.075944	0.082484	0.021826	0.020425
Chr07	36698479	36895823	0.316983	0.258733	0.101410	0.102758
Chr07	36809347	37020521	0.198268	0.115155	0.056889	0.063290
Chr07	36895888	37088668	-0.177953	-0.101145	-0.049389	-0.046355
Chr07	37020522	37206381	-0.158272	-0.106461	-0.054692	-0.057352
Chr07	37088674	37297660	-0.153148	-0.113919	-0.053787	-0.053141
Chr07	37206704	37375715	-0.175601	-0.150394	-0.067314	-0.056971
Chr07	37297663	37475645	-0.070033	-0.067714	-0.036508	-0.027701
Chr07	37375855	37528399	-0.046323	-0.051830	-0.025965	-0.017913
Chr07	37475667	37590783	-0.043878	-0.057173	-0.028634	-0.016174
Chr07	37528474	37687443	0.084456	0.117127	0.058482	0.048274
Chr07	37590795	37824089	0.095114	0.073633	0.035951	0.079763
Chr07	37687450	37901458	0.051031	0.033932	0.017671	0.050118
Chr07	37824099	37965485	-0.018827	-0.016167	-0.008439	-0.001694
Chr07	37901469	38033367	-0.102254	-0.100974	-0.045291	-0.035261
Chr07	37965507	38125475	-0.055878	-0.052074	-0.021557	-0.022532
Chr07	38033383	38197209	-0.036211	-0.036314	-0.014154	-0.021190
Chr07	38125480	38255474	-0.094377	-0.090310	-0.039884	-0.042937
Chr07	38197363	38304590	-0.066668	-0.054587	-0.026633	-0.028271
Chr07	38255506	38447684	0.181592	0.131038	0.064358	0.085382
Chr07	38304593	38546578	0.193885	0.143360	0.057191	0.079689
Chr07	38447716	38661843	0.050059	0.045288	0.014510	0.022414
Chr07	38546657	38724244	0.129028	0.114051	0.046830	0.058833
Chr07	38661917	38840614	-0.076583	-0.053920	-0.025151	-0.030866
Chr07	38724266	38916595	-0.135217	-0.079056	-0.041845	-0.066747
Chr07	38840615	38993215	0.030467	0.021220	0.012322	0.014694
Chr07	38916638	39084154	0.214803	0.200652	0.117162	0.082676
Chr07	38993222	39174310	0.233071	0.192163	0.119553	0.079389
Chr07	39084167	39263025	-0.082786	-0.060750	-0.032832	-0.020503
Chr07	39174735	39382391	-0.083433	-0.055092	-0.030382	-0.026569
Chr07	39263228	39465809	-0.256363	-0.176629	-0.097897	-0.107552
Chr07	39382416	39530275	-0.243236	-0.208593	-0.109011	-0.109431
Chr07	39465853	39584127	0.012116	0.011252	0.006380	0.007446
Chr07	39530289	39660642	0.054420	0.048588	0.029751	0.028402
Chr07	39584143	39749433	0.022442	0.018206	0.011113	0.007269
Chr07	39660653	39811555	0.009322	0.007470	0.004065	0.001849
Chr07	39749495	39882773	-0.149512	-0.194904	-0.077175	-0.054885
Chr07	39811562	39955558	-0.223003	-0.467380	-0.139234	-0.104881
Chr07	39882808	40002920	-0.071093	-0.115326	-0.044875	-0.023210
Chr07	39955572	40054120	-0.095188	-0.219051	-0.060954	-0.032758
Chr07	40002935	40185407	0.173272	0.157920	0.080242	0.094163
Chr07	40054146	40274919	0.250008	0.184734	0.101523	0.148496
Chr07	40185419	40331315	0.040946	0.050060	0.021857	0.023462
Chr07	40274989	40370942	-0.005353	-0.007974	-0.004119	-0.002852
Chr07	40331331	40435537	0.032354	0.047046	0.025038	0.013625
Chr07	40371049	40493464	0.047781	0.062567	0.032159	0.024240
Chr07	40435544	40590716	-0.021840	-0.025980	-0.011425	-0.002757
Chr07	40493494	40676342	-0.039316	-0.045005	-0.019171	-0.015941
Chr07	40590725	40716097	-0.047543	-0.059811	-0.027787	-0.022482
Chr07	40676376	40806036	-0.124708	-0.153268	-0.073337	-0.053143
Chr07	40716123	40865596	-0.099184	-0.129339	-0.059786	-0.045298
Chr07	40806060	40936935	0.007817	0.012503	0.005999	0.003478
Chr07	40865698	40979520	0.018149	0.031165	0.016154	0.009335
Chr07	40936979	41023199	0.033272	0.058966	0.029803	0.019574
Chr07	40979526	41101067	-0.113297	-0.287010	-0.086310	-0.054663
Chr07	41023291	41140585	-0.230294	-0.709587	-0.175183	-0.100866
Chr07	41101082	41170615	-0.253649	-0.633201	-0.212438	-0.124477
Chr07	41140595	41198371	-0.327676	-1.012339	-0.278505	-0.163892
Chr07	41170637	41263545	-0.211471	-0.531287	-0.179356	-0.089770
Chr07	41198395	41305956	-0.061724	-0.127189	-0.053683	-0.024343
Chr07	41263613	41364206	-0.092864	-0.186315	-0.076363	-0.044635
Chr07	41306093	41437395	-0.033712	-0.050766	-0.023324	-0.016193
Chr07	41364259	41516222	0.045069	0.059339	0.031003	0.018329
Chr07	41437451	41547293	-0.147519	-0.284453	-0.104309	-0.060378
Chr07	41516294	41585151	-0.200418	-0.534777	-0.151931	-0.084530
Chr07	41547294	41623025	-0.104874	-0.146266	-0.076301	-0.048727
Chr07	41585152	41679280	-0.106543	-0.152727	-0.078335	-0.049080
Chr07	41623040	41721559	-0.044423	-0.076525	-0.038365	-0.020505
Chr07	41679299	41781180	0.067362	0.099714	0.053648	0.038647
Chr07	41721588	41816024	0.037800	0.056810	0.029739	0.019641
Chr07	41781285	41848949	-0.092101	-0.161538	-0.079360	-0.050901
Chr07	41816110	42008055	-0.165411	-0.245544	-0.095384	-0.080052
Chr07	41849015	42146332	-0.150211	-0.197489	-0.072825	-0.067465
Chr07	42008057	42281548	-0.016142	-0.019532	-0.008058	-0.010074
Chr07	42146348	42465807	0.067409	0.076000	0.035644	0.028413
Chr07	42281579	42610578	0.001878	0.002811	0.001204	0.000103
Chr07	42465886	42699232	0.033249	0.059154	0.024643	0.017684
Chr07	42610636	42789779	-0.058521	-0.115266	-0.040311	-0.030468
Chr07	42699243	42953603	0.112199	0.167377	0.062722	0.058723
Chr07	42789899	43027349	0.252971	0.352706	0.149703	0.134960
Chr07	42954054	43096578	0.106420	0.184208	0.080693	0.050574
Chr07	43027356	43148405	0.027544	0.031304	0.016835	0.012555
Chr07	43096580	43271595	-0.114005	-0.138257	-0.067335	-0.051197
Chr07	43148446	43312748	-0.051080	-0.119903	-0.043127	-0.022685
Chr07	43271678	43384412	0.006382	0.011291	0.004884	0.003433
Chr07	43312770	43453578	-0.136370	-0.239201	-0.087730	-0.058389
Chr07	43384585	43530309	-0.085232	-0.171238	-0.062446	-0.039140
Chr07	43453610	43587142	0.038282	0.047852	0.023697	0.017424
Chr07	43530324	43678633	-0.021334	-0.024698	-0.011981	-0.016793
Chr07	43587144	43747527	-0.034945	-0.046243	-0.021990	-0.016415
Chr07	43678647	43804180	-0.007453	-0.011087	-0.004888	-0.000504
Chr07	43747562	43909540	-0.072687	-0.096213	-0.040807	-0.030090
Chr07	43804194	44030105	-0.044202	-0.039826	-0.020608	-0.018260
Chr07	43909595	44098241	-0.128107	-0.203425	-0.049205	-0.058403
Chr07	44030111	44262462	0.003090	0.007100	0.001038	0.018444
Chr07	44098256	44302103	0.288691	0.452143	0.097273	0.175111
Chr07	44262514	44364644	0.227686	0.382706	0.088474	0.123285
Chr07	44302104	44413328	0.077206	0.130015	0.042101	0.043384
Chr07	44364645	44508267	0.024902	0.045225	0.017319	0.016209
Chr07	44413368	44569456	-0.023107	-0.039037	-0.014634	-0.004366
Chr07	44508288	44635844	0.008512	0.008740	0.003954	0.004571
Chr07	44569466	44752565	0.185058	0.147806	0.076756	0.111069
Chr07	44635849	44821049	0.278695	0.241008	0.134088	0.149973
Chr07	44752595	44917179	0.360443	0.370729	0.229107	0.136985
Chr07	44821061	44962089	0.151461	0.239173	0.100684	0.065264
Chr07	44917197	45040727	-0.112703	-0.193844	-0.069879	-0.051185
Chr07	44962200	45079366	-0.161134	-0.342059	-0.108630	-0.077219
Chr07	45040738	45148276	-0.110583	-0.229855	-0.066875	-0.048185
Chr07	45079472	45190300	0.087922	0.133648	0.056817	0.051545
Chr07	45148432	45269519	0.117935	0.161693	0.087137	0.063649
Chr07	45190340	45392592	0.018648	0.020913	0.010075	0.009911
Chr07	45269586	45529869	-0.044354	-0.051242	-0.023200	-0.020413
Chr07	45392600	45570781	-0.044424	-0.050720	-0.024886	-0.013103
Chr07	45529906	45635724	0.003195	0.002941	0.001861	0.003189
Chr07	45570803	45694949	0.061251	0.067052	0.043968	0.023797
Chr07	45635740	45772081	0.083160	0.117324	0.058351	0.034587
Chr07	45694957	45826884	0.022416	0.037582	0.014009	0.010615
Chr07	45772221	45976261	-0.013361	-0.021061	-0.008248	-0.003887
Chr07	45826955	46052967	0.007417	0.008157	0.004135	0.001076
Chr07	45976325	46156886	-0.051596	-0.074650	-0.031103	-0.019751
Chr07	46052983	46240302	0.025866	0.035928	0.016756	0.014187
Chr07	46156895	46335743	0.151346	0.147370	0.087797	0.062220
Chr07	46240383	46454190	0.046537	0.043503	0.023597	0.014681
Chr07	46335765	46562680	-0.090594	-0.090119	-0.048389	-0.035333
Chr07	46454212	46674537	-0.115258	-0.121595	-0.072975	-0.051992
Chr07	46563030	46757648	-0.097474	-0.173848	-0.081819	-0.033616
Chr08	114727	532484	0.041228	0.017143	0.009332	0.016001
Chr08	345205	734622	0.006742	0.003065	0.001624	0.005832
Chr08	532525	876472	0.098343	0.038401	0.022618	0.045504
Chr08	734657	1098235	0.156012	0.045172	0.026533	0.068264
Chr08	876477	1289562	0.173585	0.055329	0.032290	0.085667
Chr08	1098244	1483824	0.309330	0.167240	0.091895	0.144976
Chr08	1289577	1662758	0.262106	0.119368	0.068018	0.096611
Chr08	1484054	1769877	0.094028	0.060105	0.033031	0.035683
Chr08	1662827	1990659	0.184075	0.090488	0.055595	0.086375
Chr08	1769928	2165029	0.080150	0.030081	0.019715	0.038532
Chr08	1990664	2307779	0.129068	0.058768	0.035519	0.064749
Chr08	2165228	2482187	0.164717	0.097365	0.051481	0.083371
Chr08	2308117	2591071	-0.055757	-0.055774	-0.026739	-0.022356
Chr08	2482244	2806983	0.086704	0.046421	0.028699	0.029648
Chr08	2591118	2892794	0.157857	0.080872	0.046492	0.048652
Chr08	2806999	2980321	0.099400	0.109055	0.039189	0.034999
Chr08	2892837	3134722	0.052277	0.037595	0.015669	0.017236
Chr08	2980332	3283265	0.209783	0.110792	0.063986	0.081191
Chr08	3134815	3452298	0.323210	0.178627	0.115769	0.148801
Chr08	3283279	3559857	0.240993	0.157469	0.091642	0.095188
Chr08	3452315	3696852	0.173184	0.127939	0.061660	0.052504
Chr08	3559891	3808914	-0.041478	-0.028680	-0.013296	-0.019379
Chr08	3696853	3912149	0.061276	0.036073	0.017830	0.017961
Chr08	3808932	4046317	0.264764	0.176354	0.064386	0.108105
Chr08	3912250	4308835	0.300163	0.236523	0.078677	0.143473
Chr08	4046381	4395247	0.254730	0.223071	0.096105	0.116797
Chr08	4308873	4486855	0.084999	0.088623	0.038758	0.037329
Chr08	4395249	4600073	0.041530	0.037590	0.018486	0.019372
Chr08	4486916	4771665	0.206014	0.144279	0.072855	0.097617
Chr08	4600089	4969225	0.263440	0.134938	0.068049	0.112150
Chr08	4771814	5054544	0.141604	0.079817	0.037301	0.045236
Chr08	4969409	5144066	0.031919	0.024208	0.010205	0.009101
Chr08	5054558	5271267	0.055099	0.051101	0.024935	0.023284
Chr08	5144157	5330446	-0.042839	-0.054614	-0.026254	-0.022354
Chr08	5271274	5422194	0.116410	0.144097	0.055631	0.065101
Chr08	5330463	5496615	0.359773	0.397440	0.149572	0.195718
Chr08	5422231	5597229	0.223660	0.251601	0.092248	0.094515
Chr08	5496647	5727303	0.046880	0.044067	0.018385	0.016417
Chr08	5597266	5840695	-0.086565	-0.059990	-0.028926	-0.029306
Chr08	5727334	6047735	-0.045638	-0.022169	-0.013379	-0.012024
Chr08	5840727	6099352	0.261750	0.137431	0.097931	0.069134
Chr08	6047747	6172575	0.362126	0.348058	0.218393	0.103649
Chr08	6099416	6292582	0.107908	0.057324	0.038333	0.037502
Chr08	6172577	6425889	0.094815	0.038884	0.026982	0.037496
Chr08	6292586	6672507	0.133094	0.058677	0.030373	0.053530
Chr08	6425976	6799118	0.236182	0.135856	0.049692	0.096200
Chr08	6672534	6964809	0.191730	0.138523	0.050692	0.069993
Chr08	6799120	7123625	0.008317	0.005878	0.003525	0.009494
Chr08	6968756	7232497	0.063799	0.058711	0.034499	0.041194
Chr08	7124130	7443140	0.140677	0.108025	0.062439	0.066230
Chr08	7232528	7595716	0.215963	0.094959	0.058906	0.082027
Chr08	7443152	7726114	0.180169	0.088706	0.051500	0.066586
Chr08	7596009	7908407	0.033360	0.017359	0.010309	0.013703
Chr08	7726154	8019547	0.002380	0.001111	0.000659	0.000259
Chr08	7908440	8210500	0.128689	0.052338	0.028850	0.050558
Chr08	8019730	8391913	-0.010114	-0.003524	-0.002023	-0.005201
Chr08	8210753	8538059	0.077336	0.028642	0.016858	0.027247
Chr08	8392110	8793187	0.210143	0.070550	0.040819	0.068383
Chr08	8538099	8933374	0.013886	0.005460	0.002981	0.008873
Chr08	8793203	9111427	0.103489	0.043044	0.021701	0.054476
Chr08	8933519	9267877	0.185307	0.076473	0.036270	0.085945
Chr08	9111435	9403390	0.144296	0.072819	0.031302	0.059087
Chr08	9267960	9501965	0.566456	0.321606	0.165851	0.293193
Chr08	9403398	9618763	0.630174	0.410232	0.211757	0.401550
Chr08	9502041	9715692	0.124330	0.095209	0.041512	0.077100
Chr08	9618772	9900812	0.175912	0.093800	0.047497	0.095238
Chr08	9716045	10156570	0.239181	0.093461	0.051352	0.108626
Chr08	9900875	10288774	0.091942	0.044663	0.025894	0.034496
Chr08	10156621	10491542	0.206905	0.144167	0.077215	0.078764
Chr08	10288888	10604198	0.211013	0.156196	0.077827	0.085746
Chr08	10491583	10731327	0.093409	0.090197	0.043255	0.037796
Chr08	10604203	10964459	-0.050826	-0.025181	-0.014968	-0.016601
Chr08	10732069	11321335	0.033210	0.009545	0.005702	0.010792
Chr08	10964641	11497554	-0.050881	-0.016182	-0.009181	-0.021357
Chr08	11321355	11645030	-0.241654	-0.145918	-0.076844	-0.064376
Chr08	11497656	11773592	0.000172	0.000150	0.000068	0.001735
Chr08	11645213	11887331	0.118370	0.100795	0.042297	0.041579
Chr08	11773595	11991453	0.102165	0.070466	0.033773	0.036706
Chr08	11887404	12103958	0.064008	0.040453	0.021624	0.028735
Chr08	11991454	12261385	-0.055210	-0.032261	-0.018331	-0.023872
Chr08	12104198	12380634	-0.110827	-0.062301	-0.037608	-0.043104
Chr08	12261396	12520894	0.079894	0.052503	0.030285	0.028645
Chr08	12380722	12628409	0.233723	0.174031	0.084696	0.081794
Chr08	12520910	12719850	0.146376	0.154420	0.051161	0.035450
Chr08	12628484	12847341	0.133210	0.087372	0.041403	0.035673
Chr08	12719861	13009733	0.083982	0.033780	0.018176	0.026675
Chr08	12847495	13138064	0.103892	0.046763	0.022329	0.039729
Chr08	13009746	13244432	0.171974	0.085911	0.045741	0.071221
Chr08	13138110	13479495	0.140326	0.069112	0.038354	0.063012
Chr08	13244707	13642551	0.173703	0.096878	0.048815	0.079616
Chr08	13479500	13906825	0.073964	0.027834	0.013946	0.031357
Chr08	13642569	14088767	-0.016499	-0.005512	-0.002906	-0.005751
Chr08	13907029	14207571	0.440106	0.237393	0.145867	0.226536
Chr08	14088783	14365005	0.431096	0.232934	0.135048	0.245399
Chr08	14207884	14494357	-0.060540	-0.025269	-0.013436	-0.019728
Chr08	14365021	14715671	-0.072267	-0.028672	-0.015544	-0.019330
Chr08	14494358	14881626	0.162412	0.067847	0.036662	0.053572
Chr08	14715830	15037050	0.401063	0.140464	0.079233	0.130684
Chr08	14881759	15160833	0.378274	0.137658	0.069898	0.103474
Chr08	15037324	15401208	0.259647	0.133910	0.050855	0.079565
Chr08	15160982	15521762	0.251006	0.140711	0.060737	0.112454
Chr08	15401245	15732257	0.195252	0.077588	0.040279	0.097631
Chr08	15521766	15974158	0.077161	0.018090	0.010412	0.033735
Chr08	15732276	16139138	0.142966	0.038302	0.023501	0.046575
Chr08	15974194	16280377	0.156485	0.070985	0.038566	0.065909
Chr08	16139272	16401761	-0.008565	-0.005278	-0.002998	-0.001318
Chr08	16285649	16589877	0.018727	0.011499	0.006425	0.007715
Chr08	16401764	16742231	0.045295	0.017691	0.009952	0.017178
Chr08	16590603	17016722	0.009372	0.002777	0.001678	0.002165
Chr08	16742232	17197792	0.038391	0.011507	0.006754	0.012858
Chr08	17016853	17327454	-0.044445	-0.015334	-0.009488	-0.011661
Chr08	17197832	17471203	0.181324	0.067963	0.048919	0.066007
Chr08	17327641	17650488	0.366069	0.138624	0.078590	0.169758
Chr08	17471213	17796417	0.214481	0.071711	0.034988	0.091473
Chr08	17651797	18023414	0.285114	0.104445	0.051939	0.135830
Chr08	17796426	18260540	0.133833	0.040752	0.022384	0.078097
Chr08	18023952	18412798	0.334774	0.125126	0.069737	0.207990
Chr08	18260611	18568992	0.525188	0.250669	0.127285	0.337435
Chr08	18413092	18821168	0.191795	0.059783	0.034508	0.102389
Chr08	18569001	18991424	0.046759	0.013747	0.008529	0.023013
Chr08	18821489	19236760	0.022609	0.007596	0.004641	0.011620
Chr08	18991481	19320020	0.066708	0.023048	0.014551	0.024082
Chr08	19236915	19505286	-0.061708	-0.025583	-0.017082	-0.021807
Chr08	19320026	19807498	-0.199484	-0.091988	-0.061676	-0.099331
Chr08	19505419	19924862	0.042451	0.019566	0.013118	0.026573
Chr08	19809831	20005672	0.320860	0.175412	0.108436	0.149391
Chr08	19924886	20158270	-0.032267	-0.017420	-0.010198	-0.014748
Chr08	20005697	20419467	-0.047679	-0.020551	-0.014158	-0.020403
Chr08	20158279	20517206	0.255506	0.121843	0.080663	0.077485
Chr08	20419509	20649845	0.288333	0.174079	0.083415	0.089100
Chr08	20517223	20701553	0.055615	0.044000	0.020201	0.022934
Chr08	20649882	20829552	0.036226	0.034098	0.013048	0.018789
Chr08	20701596	20902346	0.323409	0.218024	0.081345	0.101275
Chr08	20830030	21004118	0.234963	0.155548	0.075428	0.067784
Chr08	20902437	21149106	0.072038	0.055374	0.030397	0.030298
Chr08	21004142	21248214	0.028316	0.022834	0.012804	0.010334
Chr08	21149157	21371773	0.058757	0.042544	0.019304	0.021215
Chr08	21248566	21507774	0.257829	0.122794	0.053629	0.086507
Chr08	21371797	21559138	0.129572	0.085274	0.036671	0.056325
Chr08	21507816	21629798	-0.013572	-0.016184	-0.005911	-0.006956
Chr08	21559143	21740205	-0.065688	-0.059668	-0.023868	-0.026793
Chr08	21629830	21808498	-0.098098	-0.097128	-0.040978	-0.044596
Chr08	21740214	21867164	0.025893	0.027779	0.014034	0.014297
Chr08	21808541	21937292	0.068392	0.059649	0.027986	0.034155
Chr08	21867172	22030404	-0.076640	-0.050495	-0.024458	-0.042248
Chr08	21937304	22131054	-0.042938	-0.027427	-0.014133	-0.026003
Chr08	22030426	22266662	0.150252	0.113311	0.062938	0.068954
Chr08	22131055	22361027	0.063806	0.057047	0.035539	0.031833
Chr08	22267142	22608703	0.013378	0.012992	0.007753	0.008683
Chr08	22361067	22789436	0.049029	0.038400	0.023844	0.031646
Chr08	22608740	22854065	-0.005292	-0.004803	-0.002761	-0.001137
Chr08	22789476	22928823	0.027664	0.025352	0.012144	0.013578
Chr08	22854138	23033364	0.166661	0.103912	0.046531	0.051513
Chr08	22928830	23101553	0.020869	0.017077	0.007491	0.006289
Chr08	23033441	23281574	-0.020030	-0.013043	-0.007354	-0.011737
Chr08	23101597	23444596	0.219795	0.101774	0.055114	0.096061
Chr08	23281631	23532139	0.396108	0.233443	0.097749	0.147850
Chr08	23444707	23583260	0.552235	0.438678	0.185755	0.249901
Chr08	23532163	23681267	0.584080	0.502387	0.216029	0.324048
Chr08	23583283	23779933	0.436148	0.426142	0.152780	0.213529
Chr08	23681277	23901849	0.366397	0.401290	0.106436	0.156118
Chr08	23779946	24044818	0.206303	0.206847	0.057834	0.098292
Chr08	23901908	24098741	-0.010853	-0.012313	-0.004158	-0.004316
Chr08	24044820	24188728	-0.068194	-0.100851	-0.034675	-0.034939
Chr08	24098742	24272619	0.245177	0.215170	0.097154	0.131177
Chr08	24188788	24352438	0.248870	0.209385	0.090575	0.121111
Chr08	24273422	24430284	-0.085830	-0.110729	-0.037173	-0.039836
Chr08	24352496	24550568	0.049098	0.060711	0.017482	0.020693
Chr08	24430295	24646524	0.111504	0.119336	0.030459	0.036164
Chr08	24550573	24740267	0.042126	0.090956	0.012422	0.011724
Chr08	24646545	24838657	0.087361	0.384232	0.027279	0.026692
Chr08	24740279	24931490	0.128082	0.139643	0.041552	0.043022
Chr08	24838754	25028791	0.432169	0.390317	0.144210	0.236023
Chr08	24931528	25135374	0.495454	0.428565	0.156444	0.300386
Chr08	25028919	25216961	0.261528	0.214084	0.097207	0.109781
Chr08	25135417	25300784	0.017206	0.017749	0.007692	0.009086
Chr08	25217008	25414906	-0.126250	-0.139832	-0.051974	-0.062883
Chr08	25300807	25509838	-0.060720	-0.053865	-0.024357	-0.027318
Chr08	25414913	25642420	0.041921	0.037689	0.014083	0.012200
Chr08	25509872	25732036	0.118287	0.120608	0.036042	0.028868
Chr08	25642455	26011991	0.434249	0.359216	0.141831	0.126234
Chr08	25732087	26133324	0.361254	0.361260	0.116739	0.126356
Chr08	26012046	26202934	0.076935	0.136311	0.023907	0.032462
Chr08	26133370	26297751	0.255969	0.320944	0.076592	0.089780
Chr08	26202953	26398580	0.304909	0.300177	0.105250	0.092090
Chr08	26297793	26447987	0.064940	0.099780	0.033898	0.025891
Chr08	26398585	26508341	-0.216139	-0.875442	-0.117277	-0.075932
Chr08	26448003	26648250	0.101305	0.142676	0.045187	0.052717
Chr08	26508355	26715969	0.337106	0.250698	0.137652	0.176800
Chr08	26648269	26842386	0.209160	0.151138	0.068447	0.088320
Chr08	26715992	26917593	0.197183	0.164723	0.060274	0.072522
Chr08	26842440	27005105	0.089485	0.073540	0.026735	0.031974
Chr08	26917625	27132281	-0.153007	-0.110134	-0.032308	-0.058005
Chr08	27005117	27233330	0.110017	0.073196	0.024905	0.044820
Chr08	27132307	27347129	0.346388	0.208205	0.096534	0.130141
Chr08	27233627	27457626	0.057223	0.027890	0.010955	0.025000
Chr08	27347147	27590764	-0.036019	-0.014576	-0.005614	-0.015539
Chr08	27457631	27738584	-0.058914	-0.018520	-0.009282	-0.023869
Chr08	27590843	27865448	0.031386	0.013623	0.007106	0.009759
Chr08	27738606	27965456	0.176055	0.117199	0.054815	0.088649
Chr08	27865458	28030861	-0.206611	-0.160253	-0.068893	-0.095453
Chr08	27965459	28110060	-0.353238	-0.381716	-0.160946	-0.184000
Chr08	28030873	28217428	-0.108303	-0.085307	-0.038074	-0.031549
Chr08	28110061	28320746	-0.125427	-0.089572	-0.040296	-0.033496
Chr08	28217803	28408806	-0.012646	-0.012522	-0.005993	-0.009501
Chr08	28320800	28569410	0.143125	0.123069	0.064398	0.054624
Chr08	28408862	28676941	0.097938	0.057242	0.033932	0.035579
Chr08	28569499	28764363	-0.007573	-0.003309	-0.001879	-0.002189
Chr08	28676948	28900950	-0.099445	-0.037594	-0.019975	-0.014529
Chr08	28764515	28955603	-0.152005	-0.068366	-0.037684	-0.044026
Chr08	28900959	28994226	-0.558519	-0.519629	-0.231219	-0.366008
Chr08	28955654	29052863	-0.412797	-0.546028	-0.214486	-0.287883
Chr08	28997374	29111373	-0.032863	-0.033328	-0.017216	-0.004410
Chr08	29052906	29173481	0.081235	0.055896	0.033840	0.035310
Chr08	29111387	29233641	0.155486	0.113413	0.052460	0.053074
Chr08	29173485	29285245	0.156189	0.184909	0.070557	0.063975
Chr08	29233722	29409857	0.022648	0.021337	0.010728	0.015167
Chr08	29285342	29721758	-0.048759	-0.031221	-0.013514	-0.026383
Chr08	29409861	29874287	0.090203	0.045820	0.022204	0.054488
Chr08	29723441	29957038	0.180515	0.108072	0.055697	0.109620
Chr08	29874292	30067809	0.215596	0.206767	0.077688	0.137723
Chr08	29957044	30133313	0.104558	0.121319	0.035748	0.062590
Chr08	30067915	30220328	0.019650	0.023654	0.006923	0.007610
Chr08	30133366	30345886	0.132239	0.096599	0.044272	0.044296
Chr08	30220400	30581398	0.083618	0.035337	0.019285	0.027109
Chr08	30346178	30908392	0.140619	0.036814	0.023362	0.055943
Chr08	30581500	31052635	0.113292	0.034330	0.021103	0.047606
Chr08	30908396	31325619	0.117271	0.063196	0.028476	0.053090
Chr08	31052760	31400590	0.228916	0.100010	0.047701	0.093299
Chr08	31325629	31487400	0.554490	0.250879	0.134991	0.222047
Chr08	31400674	31633571	0.426534	0.198832	0.114848	0.191768
Chr08	31487431	31951070	-0.011332	-0.002944	-0.001840	-0.004101
Chr08	31633742	32076128	-0.012638	-0.003460	-0.002118	-0.004856
Chr08	31951141	32216497	0.077244	0.033920	0.019363	0.024244
Chr08	32076130	32410576	0.197136	0.094090	0.040767	0.073659
Chr08	32216789	32585581	0.125281	0.073223	0.025285	0.055231
Chr08	32411013	32700589	0.279638	0.188726	0.077396	0.173392
Chr08	32585681	32775480	0.326086	0.313957	0.115642	0.227163
Chr08	32700630	32898877	0.361910	0.323475	0.117822	0.247822
Chr08	32775579	32975763	0.386906	0.290463	0.110593	0.257756
Chr08	32898930	33179376	0.102256	0.052211	0.021098	0.052171
Chr08	32975818	33462101	0.226699	0.085891	0.041408	0.110966
Chr08	33179995	33632121	0.462302	0.190920	0.091646	0.262581
Chr08	33462466	33751027	0.392250	0.186008	0.087620	0.209922
Chr08	33632135	33995578	0.004564	0.001739	0.000929	0.005387
Chr08	33751101	34264348	0.119529	0.036349	0.019537	0.057553
Chr08	33995606	34367382	0.309992	0.120832	0.054208	0.132846
Chr08	34264364	34480572	0.119912	0.084517	0.030765	0.043575
Chr08	34367436	34609676	0.035918	0.025114	0.007473	0.012722
Chr08	34480625	34774331	0.070233	0.040888	0.012764	0.019807
Chr08	34609689	34895089	0.111395	0.060192	0.033003	0.037322
Chr08	34774352	35152336	0.075996	0.026194	0.015237	0.025736
Chr08	34895097	35603743	0.140273	0.031071	0.018397	0.051394
Chr08	35152546	35812108	0.183335	0.049217	0.028671	0.079749
Chr08	35603924	35917807	0.135642	0.061335	0.029503	0.046390
Chr08	35812137	36110055	0.075649	0.027289	0.015322	0.021982
Chr08	35917836	36375408	-0.099991	-0.023412	-0.013685	-0.036321
Chr08	36110078	36579452	0.162628	0.040238	0.024135	0.071949
Chr08	36375418	36810958	0.220063	0.045402	0.027797	0.078620
Chr08	36581992	36932340	-0.068860	-0.014926	-0.008997	-0.026367
Chr08	36810965	37048078	0.009121	0.003463	0.001902	0.002560
Chr08	36932395	37094776	0.013949	0.008729	0.004171	0.003373
Chr08	37048082	37240186	-0.058003	-0.034737	-0.021015	-0.030206
Chr08	37094781	37520547	0.013789	0.004930	0.003141	0.007824
Chr08	37240200	37729968	0.014596	0.005342	0.003222	0.005046
Chr08	37520553	38160668	0.000819	0.000134	0.000093	0.000468
Chr08	37730089	38761652	-0.027012	-0.002733	-0.001933	-0.007721
Chr08	38161139	41935357	-0.022794	-0.001489	-0.000947	-0.006886
Chr08	38762826	42329685	0.195769	0.015988	0.009428	0.063091
Chr08	41935424	42494215	0.320510	0.066404	0.037898	0.118180
Chr08	42329798	42613868	-0.013193	-0.004874	-0.002469	0.002476
Chr08	42494254	42702125	-0.207446	-0.087409	-0.046368	-0.073468
Chr08	42613960	42951130	0.027243	0.006282	0.004125	0.007469
Chr08	42702145	43179212	-0.001678	-0.000389	-0.000223	0.001974
Chr08	42951194	43535528	-0.061939	-0.012905	-0.007806	-0.018703
Chr08	43179247	43765633	-0.074555	-0.017304	-0.010399	-0.026452
Chr08	43535556	43981315	0.146217	0.066005	0.031248	0.064372
Chr08	43765668	44197724	0.211984	0.087680	0.042865	0.090640
Chr08	43981440	44309798	0.031403	0.014046	0.006542	0.011024
Chr08	44198050	44404311	-0.272099	-0.192362	-0.078918	-0.083875
Chr08	44310961	44486751	-0.266306	-0.235645	-0.103900	-0.129617
Chr08	44404329	44546931	0.108771	0.106801	0.055872	0.056187
Chr08	44487074	44590686	0.200621	0.195974	0.102155	0.090598
Chr08	44546945	44693183	-0.166768	-0.195625	-0.081546	-0.077052
Chr08	44590703	44894529	-0.341622	-0.225192	-0.107774	-0.147530
Chr08	44693548	45044399	-0.145380	-0.071841	-0.034383	-0.061587
Chr08	44894598	45172690	-0.077413	-0.036484	-0.017523	-0.024379
Chr08	45045144	45262267	-0.239869	-0.164255	-0.060411	-0.073366
Chr08	45172706	45351666	-0.302825	-0.476655	-0.080268	-0.159245
Chr08	45262270	45470330	-0.123909	-0.126568	-0.034806	-0.048724
Chr08	45351740	45745264	0.060255	0.048968	0.022649	0.026033
Chr08	45470406	45847534	0.072652	0.060332	0.028232	0.033431
Chr08	45745305	45967942	0.214702	0.108660	0.060388	0.063749
Chr08	45847597	46530710	-0.060463	-0.029194	-0.012919	-0.020265
Chr08	45967971	46586279	-0.121961	-0.076327	-0.030227	-0.045403
Chr08	46530751	46658195	0.082161	0.074746	0.036583	0.023644
Chr08	46586333	46828472	0.126832	0.091371	0.043639	0.042112
Chr08	46658882	46969877	0.185630	0.102248	0.045625	0.066957
Chr08	46828731	47170046	0.197364	0.115335	0.048588	0.065782
Chr08	46970015	47389983	0.031703	0.018068	0.006848	0.012263
Chr08	47170655	47525071	0.177665	0.082306	0.041822	0.086655
Chr08	47389998	47634277	0.203461	0.082532	0.055756	0.110783
Chr08	47525076	47709805	0.096004	0.053566	0.027893	0.054727
Chr08	47634455	47793203	0.234841	0.219895	0.078096	0.131454
Chr08	47709817	47862500	-0.043441	-0.044844	-0.017410	-0.019290
Chr08	47793218	47940834	-0.192876	-0.229226	-0.101274	-0.090464
Chr08	47862697	48021736	0.000686	0.000773	0.000416	-0.000050
Chr08	47940861	48154159	0.000013	0.000017	0.000009	0.001197
Chr08	48021805	48238360	0.018868	0.024162	0.012680	0.008824
Chr08	48154223	48298672	0.015974	0.016148	0.009437	0.004721
Chr08	48238377	48395502	-0.112021	-0.106306	-0.056477	-0.053362
Chr08	48298722	48434088	-0.148322	-0.157831	-0.077109	-0.072517
Chr08	48395521	48479038	-0.195240	-0.173391	-0.096857	-0.093657
Chr08	48434100	48583178	-0.173437	-0.122718	-0.068493	-0.064058
Chr08	48479078	48680822	0.078280	0.053003	0.029530	0.028752
Chr08	48583258	48723782	0.058067	0.036512	0.022359	0.010863
Chr08	48680878	48759927	-0.057085	-0.033861	-0.021564	-0.072731
Chr08	48723948	48849216	0.017049	0.011669	0.006345	-0.019674
Chr08	48759938	48944317	-0.016519	-0.012483	-0.006382	-0.006482
Chr08	48849301	49059766	-0.205960	-0.249095	-0.072624	-0.056413
Chr08	48944331	49117066	-0.092385	-0.169328	-0.027899	-0.021207
Chr08	49059786	49188961	-0.200005	-0.164864	-0.069597	-0.087875
Chr08	49117118	49305374	-0.018434	-0.011102	-0.006074	-0.010769
Chr08	49189108	49471789	0.236469	0.107973	0.059043	0.105494
Chr08	49305389	49560866	-0.006227	-0.003544	-0.001683	-0.003121
Chr08	49471817	49896582	0.087232	0.056427	0.027056	0.043208
Chr08	49560965	50086246	0.073864	0.052133	0.024668	0.036560
Chr08	49896595	50412547	0.061338	0.044076	0.022857	0.030294
Chr08	50086289	50561654	0.508275	0.295782	0.189981	0.334858
Chr08	50412750	50642844	0.508113	0.354964	0.216747	0.308883
Chr08	50561741	50709831	-0.155156	-0.234137	-0.070100	-0.064062
Chr08	50642887	50835862	-0.233122	-0.215650	-0.067678	-0.076244
Chr08	50709885	50912301	0.067220	0.040896	0.020187	0.024947
Chr08	50835892	50972801	0.432761	0.278762	0.167711	0.240258
Chr08	50912303	51136188	0.487235	0.312658	0.185362	0.280155
Chr08	50972812	51186305	0.238560	0.189528	0.096588	0.091646
Chr08	51136306	51249663	0.065033	0.078434	0.036810	0.021279
Chr08	51186328	51341887	0.092004	0.068599	0.043499	0.035333
Chr08	51249722	51386380	-0.115222	-0.094252	-0.049014	-0.046690
Chr08	51341901	51479433	-0.102361	-0.068762	-0.036498	-0.032583
Chr08	51386396	51650025	0.146279	0.053167	0.034628	0.044334
Chr08	51479458	51746351	0.059238	0.020306	0.012672	0.014991
Chr08	51650041	51875109	0.083741	0.039317	0.018316	0.020745
Chr08	51746394	52053846	0.098481	0.043136	0.021846	0.036404
Chr08	51875112	52161284	-0.112922	-0.048782	-0.028763	-0.054256
Chr08	52053934	52324716	0.061695	0.033804	0.018624	0.036009
Chr08	52161286	52426693	0.085243	0.049893	0.025420	0.044806
Chr08	52326697	52526863	-0.107344	-0.077457	-0.034557	-0.041647
Chr08	52426750	52662950	-0.075732	-0.046113	-0.022393	-0.021474
Chr08	52526973	52728707	-0.062895	-0.051047	-0.025718	-0.023567
Chr08	52663323	52916962	0.081522	0.081754	0.043341	0.044116
Chr08	52728787	53023110	0.083204	0.077378	0.040178	0.043936
Chr08	52917034	53113519	-0.011416	-0.009945	-0.005506	-0.009617
Chr08	53023127	53188234	-0.007219	-0.004727	-0.002766	-0.001761
Chr08	53113632	53241383	-0.045056	-0.029082	-0.016387	-0.012744
Chr08	53188238	53332055	-0.138570	-0.148580	-0.070048	-0.067892
Chr08	53241422	53393171	-0.043315	-0.053352	-0.024758	-0.022829
Chr08	53332096	53438775	0.038977	0.052683	0.023984	0.024713
Chr08	53393516	53492981	0.063374	0.095086	0.041282	0.033532
Chr08	53438805	53556000	0.157047	0.187211	0.093979	0.086513
Chr08	53493058	53601612	0.043246	0.056186	0.023251	0.024947
Chr08	53556033	53643155	-0.117278	-0.220015	-0.064746	-0.057340
Chr08	53601627	53761289	-0.012521	-0.020386	-0.007752	-0.007427
Chr08	53643226	53865692	-0.009621	-0.017361	-0.006068	-0.004117
Chr08	53761350	53940919	-0.098720	-0.242647	-0.063479	-0.042086
Chr08	53866537	54009328	-0.045674	-0.087688	-0.026758	-0.019717
Chr08	53940945	54065026	-0.088702	-0.196986	-0.044941	-0.038697
Chr08	54009332	54132233	-0.059462	-0.093544	-0.022969	-0.022727
Chr08	54065129	54245486	0.094930	0.098720	0.037470	0.047965
Chr08	54132234	54304552	0.143222	0.134866	0.054135	0.076656
Chr08	54245497	54389528	0.023094	0.024693	0.008411	0.013701
Chr08	54304588	54457740	-0.113833	-0.129956	-0.049760	-0.041648
Chr08	54389538	54539389	-0.099792	-0.091302	-0.046484	-0.029378
Chr08	54457751	54590846	-0.039639	-0.035443	-0.018543	-0.010991
Chr08	54539422	55016151	-0.080960	-0.052639	-0.030900	-0.034839
Chr08	54590851	55072186	-0.096823	-0.064290	-0.036670	-0.042207
Chr08	55016152	55118293	-0.022191	-0.024107	-0.012342	-0.009913
Chr08	55072222	55288588	-0.151633	-0.147743	-0.078899	-0.088213
Chr08	55118311	55496196	-0.201137	-0.158103	-0.075910	-0.123673
Chr08	55288619	55579279	0.019676	0.018111	0.007541	0.014900
Chr08	55496208	55631677	0.182071	0.258044	0.096059	0.092006
Chr08	55579363	55683427	0.163992	0.265181	0.099084	0.083451
Chr08	55631750	55762873	0.189534	0.258678	0.111661	0.090739
Chr08	55683439	56015473	0.162300	0.128043	0.064725	0.068198
Chr08	55762874	56099183	0.083633	0.053563	0.029865	0.031509
Chr08	56015578	56176697	0.068291	0.046929	0.031234	0.027155
Chr08	56099248	56447919	0.041363	0.015161	0.009429	0.019186
Chr08	56176701	56530594	-0.052972	-0.016753	-0.009701	-0.018076
Chr08	56447925	56650611	-0.148903	-0.104764	-0.049998	-0.057506
Chr08	56530596	56709073	-0.102529	-0.104599	-0.045810	-0.037106
Chr08	56650616	56812636	-0.031498	-0.034441	-0.017421	-0.011241
Chr08	56709077	56887078	-0.043716	-0.046332	-0.027084	-0.018456
Chr08	56812654	56978925	-0.088418	-0.090970	-0.046826	-0.044575
Chr08	56887083	57104421	-0.241215	-0.247061	-0.099365	-0.116952
Chr08	56978969	57165331	-0.294104	-0.360747	-0.135947	-0.144479
Chr08	57104471	57219716	-0.110960	-0.168458	-0.077701	-0.057101
Chr08	57165385	57352597	0.083524	0.096750	0.053906	0.036435
Chr08	57219719	57443088	0.058704	0.037442	0.021288	0.012946
Chr08	57352635	57756944	0.072813	0.039582	0.023099	0.018001
Chr08	57443101	57832106	0.134351	0.105752	0.065210	0.044751
Chr08	57757020	57923595	0.078768	0.063854	0.034925	0.026177
Chr08	57832325	58026742	0.078461	0.055147	0.026387	0.023582
Chr08	57923651	58178125	0.061680	0.037988	0.019259	0.022478
Chr08	58026752	58287918	0.003418	0.002235	0.001253	0.005655
Chr08	58178152	58395128	0.047994	0.041604	0.020907	0.025401
Chr08	58287932	58463680	0.059852	0.066273	0.028711	0.028173
Chr08	58395129	58593541	0.062483	0.049829	0.025054	0.029124
Chr08	58463702	58681523	0.062633	0.039947	0.022538	0.026757
Chr08	58593555	58832348	0.070303	0.040155	0.025669	0.025903
Chr08	58682345	58930238	0.145736	0.064993	0.040211	0.052092
Chr08	58832543	59024774	0.156044	0.104892	0.042923	0.042113
Chr08	58930578	59157206	0.079277	0.100408	0.026486	0.022958
Chr08	59024807	59245183	-0.074353	-0.092412	-0.030939	-0.040314
Chr08	59157383	59330275	0.164898	0.193675	0.094283	0.121877
Chr08	59245187	59391392	0.239847	0.283763	0.145798	0.166512
Chr08	59330292	59505962	0.027689	0.032274	0.012862	0.024272
Chr08	59395293	59584102	0.143097	0.142016	0.062750	0.073129
Chr08	59505980	59652139	0.075921	0.093010	0.036203	0.032889
Chr08	59584792	59810813	0.131413	0.148580	0.064285	0.064350
Chr08	59652165	60150209	0.078843	0.081224	0.037528	0.041858
Chr08	59810862	60412465	-0.075439	-0.083526	-0.030535	-0.029336
Chr08	60156405	60640475	0.005042	0.004810	0.001921	0.007120
Chr08	60412500	60824826	0.052309	0.048766	0.025506	0.032743
Chr08	60640522	60908347	0.081587	0.085431	0.051500	0.042499
Chr08	60824831	60973553	0.079152	0.078156	0.045479	0.038912
Chr08	60908582	61062772	0.008986	0.010929	0.004809	0.004675
Chr08	60973676	61171782	0.032066	0.067667	0.018453	0.010250
Chr08	61062803	61236454	0.096976	0.148841	0.052808	0.031884
Chr08	61171820	61307665	0.170156	0.234212	0.105713	0.086560
Chr08	61236503	61369695	0.083462	0.125437	0.050591	0.052276
Chr08	61307706	61452602	-0.027238	-0.037193	-0.015123	-0.015208
Chr08	61369760	61573531	0.102337	0.124306	0.062769	0.053724
Chr08	61452605	61642784	0.092524	0.102228	0.049381	0.047788
Chr08	61573567	61733123	-0.038265	-0.048339	-0.017972	-0.017193
Chr08	61642786	61875831	0.026571	0.028101	0.013413	0.012740
Chr08	61733132	62013068	0.161570	0.143484	0.083691	0.082256
Chr08	61875840	62145496	0.183240	0.163707	0.092212	0.076737
Chr08	62013106	62223553	0.079993	0.075850	0.037855	0.027955
Chr08	62145499	62369883	-0.006812	-0.006858	-0.002762	-0.002155
Chr08	62223605	62473675	-0.051171	-0.046924	-0.016954	-0.022496
Chr08	62369985	62597181	0.356013	0.223837	0.118348	0.242247
Chr08	62473807	62714590	0.301594	0.187527	0.099510	0.187343
Chr08	62597191	62822080	-0.119304	-0.102728	-0.038487	-0.056761
Chr08	62714833	62937732	0.054240	0.040898	0.019030	0.023286
Chr08	62822083	63014587	0.159166	0.130752	0.057602	0.058095
Chr08	62937796	63113264	0.223221	0.230608	0.085610	0.091287
Chr08	63014648	63180385	0.048046	0.062810	0.021205	0.021029
Chr08	63113265	63288300	0.042965	0.046488	0.020479	0.022136
Chr08	63180474	63380632	0.004344	0.004697	0.001957	0.003936
Chr08	63288305	63466722	-0.054667	-0.064542	-0.026455	-0.025975
Chr08	63380722	63562989	0.013047	0.017080	0.007627	0.012726
Chr08	63466835	63636317	0.030496	0.049277	0.019279	0.020516
Chr08	63563033	63674376	0.099618	0.161979	0.067467	0.056125
Chr08	63636338	63727261	0.097986	0.155125	0.074119	0.064146
Chr08	63674394	63797535	0.073971	0.108751	0.053484	0.045316
Chr08	63727275	63885478	0.194327	0.252711	0.087718	0.117883
Chr08	63797550	64027260	0.187294	0.221149	0.067157	0.098625
Chr08	63885491	64154619	0.071077	0.073949	0.028039	0.038761
Chr08	64027371	64358858	0.128915	0.112157	0.047890	0.063688
Chr08	64154692	64457596	0.066312	0.063342	0.027848	0.028727
Chr08	64358887	64605490	-0.052118	-0.062175	-0.029405	-0.020387
Chr08	64457612	64720128	-0.068550	-0.089368	-0.032356	-0.027190
Chr08	64605553	65007869	-0.112573	-0.065930	-0.033095	-0.038125
Chr08	64720158	65212115	-0.162046	-0.038693	-0.028741	-0.048893
Chr08	65007872	65291850	-0.077849	-0.022406	-0.016882	-0.028504
Chr08	65212131	65401210	0.111460	0.066573	0.040187	0.051751
Chr08	65291861	65494659	0.204438	0.113090	0.072358	0.092918
Chr08	65401251	65574534	0.065519	0.052347	0.028113	0.031939
Chr08	65494667	65677963	-0.003068	-0.003165	-0.001409	0.001062
Chr08	65574696	65794520	-0.179232	-0.145576	-0.078782	-0.133914
Chr08	65677995	66061547	-0.291739	-0.183882	-0.103831	-0.188716
Chr08	65794543	66130507	0.029302	0.021183	0.011108	0.013423
Chr08	66061572	66283537	0.158073	0.086496	0.049902	0.069354
Chr08	66130509	66408368	-0.080759	-0.029844	-0.018497	-0.028581
Chr08	66283613	66667432	0.008651	0.003558	0.002191	0.008984
Chr08	66408792	66869926	0.359727	0.238416	0.080757	0.190128
Chr09	235727	379962	0.176700	0.139951	0.066157	0.062191
Chr09	336659	441758	-0.004432	-0.004700	-0.002191	-0.003905
Chr09	379979	522756	-0.055438	-0.071659	-0.033650	-0.022692
Chr09	441783	569730	0.020256	0.028472	0.012938	0.009383
Chr09	522773	618258	0.011293	0.023080	0.009295	0.004953
Chr09	569735	704010	0.082328	0.106804	0.054073	0.030043
Chr09	618352	799719	0.191424	0.199588	0.097206	0.072251
Chr09	704083	858542	0.023321	0.033809	0.012430	0.009504
Chr09	799775	906245	-0.057951	-0.083001	-0.029978	-0.032920
Chr09	858543	974933	0.127499	0.134769	0.060553	0.066838
Chr09	906248	1084005	0.145858	0.155979	0.071947	0.078885
Chr09	974951	1222250	-0.096227	-0.163871	-0.050828	-0.047548
Chr09	1084015	1273617	-0.023105	-0.039743	-0.013270	-0.007759
Chr09	1222317	1319514	0.077819	0.103341	0.052729	0.033235
Chr09	1273663	1358958	-0.026708	-0.041402	-0.019366	-0.015717
Chr09	1319548	1486857	0.100536	0.102202	0.058055	0.050214
Chr09	1359022	1531050	0.134301	0.125022	0.074517	0.067959
Chr09	1486899	1572928	-0.019464	-0.029976	-0.014803	-0.010172
Chr09	1531090	1647034	-0.110356	-0.157665	-0.069409	-0.062284
Chr09	1572929	1730644	-0.175888	-0.206736	-0.090564	-0.106620
Chr09	1647058	1855258	-0.124782	-0.129181	-0.062364	-0.070230
Chr09	1730881	1918977	-0.063621	-0.069568	-0.037715	-0.030846
Chr09	1855294	2022140	-0.096754	-0.102053	-0.052644	-0.045272
Chr09	1918982	2110796	-0.059108	-0.052854	-0.025411	-0.025375
Chr09	2022198	2188066	-0.025128	-0.021530	-0.009996	-0.011644
Chr09	2110816	2255082	0.026338	0.025143	0.012208	0.011651
Chr09	2188459	2298279	0.123432	0.132208	0.074382	0.062274
Chr09	2255127	2495733	0.106371	0.112189	0.061742	0.058431
Chr09	2298357	2558013	-0.005042	-0.006199	-0.003111	0.000246
Chr09	2495740	2623114	-0.051122	-0.071359	-0.037060	-0.021258
Chr09	2558014	2698477	0.021693	0.022631	0.012689	0.008720
Chr09	2623308	2755749	0.072357	0.082143	0.043893	0.033072
Chr09	2698492	2884520	0.079376	0.065594	0.038538	0.048001
Chr09	2755807	3035405	0.097741	0.068772	0.041688	0.052026
Chr09	2884556	3139857	0.192831	0.183814	0.114655	0.093601
Chr09	3035417	3178093	0.192255	0.224254	0.131182	0.093575
Chr09	3139906	3207247	0.056554	0.079149	0.034540	0.024446
Chr09	3178099	3291103	0.027613	0.032536	0.015742	0.011227
Chr09	3207271	3420066	0.099802	0.095664	0.054488	0.051101
Chr09	3291126	3494201	0.089989	0.078892	0.042567	0.046130
Chr09	3420328	3682191	0.042980	0.030085	0.017154	0.020270
Chr09	3494291	3764961	-0.006015	-0.005105	-0.002524	-0.006429
Chr09	3682321	3860318	0.080539	0.066988	0.029655	0.034299
Chr09	3765015	3924402	0.180889	0.140076	0.076259	0.097944
Chr09	3860332	4017671	-0.174533	-0.443984	-0.084550	-0.067536
Chr09	3924472	4085782	-0.296957	-6.610542	-0.116765	-0.103656
Chr09	4017743	4171953	-0.063554	-0.122905	-0.026630	-0.022496
Chr09	4085807	4250686	-0.058253	-0.082951	-0.032808	-0.026164
Chr09	4171973	4401676	-0.115776	-0.128006	-0.054616	-0.044560
Chr09	4250902	4456579	-0.023571	-0.020633	-0.009692	-0.010418
Chr09	4401690	4567294	0.073425	0.055420	0.032916	0.031819
Chr09	4456587	4616570	-0.034478	-0.023565	-0.013913	-0.022197
Chr09	4567300	4685352	-0.051444	-0.042423	-0.022365	-0.031126
Chr09	4616639	4727179	-0.029882	-0.024868	-0.013886	-0.012730
Chr09	4685358	4830221	-0.145191	-0.102885	-0.062390	-0.077219
Chr09	4727186	4951786	-0.076439	-0.052591	-0.030119	-0.040769
Chr09	4830339	5038842	-0.090810	-0.084559	-0.040153	-0.043552
Chr09	4951860	5193730	-0.028028	-0.026245	-0.012507	-0.010312
Chr09	5038860	5297604	-0.028925	-0.020736	-0.012238	-0.010489
Chr09	5193805	5401511	-0.226659	-0.159705	-0.095950	-0.104142
Chr09	5297622	5484655	-0.222005	-0.213225	-0.088929	-0.104393
Chr09	5401512	5557657	-0.026251	-0.026212	-0.011357	-0.012086
Chr09	5484769	5798988	0.097521	0.079726	0.046251	0.031824
Chr09	5557717	6368953	0.066011	0.056030	0.027347	0.024469
Chr09	5798999	6463022	0.205114	0.175140	0.087703	0.116362
Chr09	6369181	6533183	0.094569	0.080254	0.037864	0.055531
Chr09	6463023	6605534	-0.014135	-0.011787	-0.004949	-0.014785
Chr09	6533211	6668486	0.148075	0.149349	0.066326	0.083428
Chr09	6605555	6710402	0.093779	0.134578	0.060861	0.060449
Chr09	6668514	6777563	-0.062586	-0.104874	-0.048626	-0.030055
Chr09	6710460	6827898	-0.056359	-0.101335	-0.049423	-0.025798
Chr09	6777598	6985480	-0.094721	-0.101497	-0.058071	-0.046333
Chr09	6828020	7033597	-0.119941	-0.135940	-0.076220	-0.066124
Chr09	6985552	7080325	-0.089587	-0.127838	-0.066213	-0.049162
Chr09	7033617	7149238	0.180632	0.221303	0.127399	0.094185
Chr09	7080341	7223183	0.237422	0.270100	0.147789	0.128721
Chr09	7149239	7261266	0.009746	0.010320	0.004277	0.006529
Chr09	7223193	7349947	-0.122071	-0.152715	-0.049825	-0.038779
Chr09	7261267	7432897	-0.000115	-0.000183	-0.000060	0.001118
Chr09	7349950	7551715	0.356647	0.413011	0.222403	0.212799
Chr09	7432936	7597456	0.345383	0.371587	0.225027	0.201649
Chr09	7551721	7663000	-0.021822	-0.030714	-0.015539	-0.009706
Chr09	7597468	7736219	-0.002165	-0.002475	-0.001539	-0.000124
Chr09	7663081	7795662	-0.016113	-0.020178	-0.011678	-0.006174
Chr09	7736224	7863167	0.078755	0.120231	0.057412	0.038766
Chr09	7795668	7940364	0.172602	0.188450	0.107230	0.075300
Chr09	7863184	8024737	0.033928	0.043673	0.020087	0.010173
Chr09	7940384	8074213	-0.016141	-0.024184	-0.010723	-0.005841
Chr09	8024765	8168320	0.097594	0.107693	0.059296	0.035813
Chr09	8074233	8280992	0.071833	0.079710	0.041881	0.026709
Chr09	8168321	8375181	0.026728	0.037843	0.015574	0.012910
Chr09	8281032	8457639	-0.065418	-0.127727	-0.039936	-0.021491
Chr09	8375208	8557049	0.035730	0.051375	0.024596	0.020703
Chr09	8457897	8638551	0.082648	0.095621	0.048511	0.038507
Chr09	8557426	8675610	-0.065736	-0.093585	-0.038489	-0.035240
Chr09	8639282	8706065	-0.004196	-0.006204	-0.003020	-0.003751
Chr09	8675656	8743886	0.083884	0.103372	0.063111	0.030547
Chr09	8706099	8772515	-0.041466	-0.053267	-0.032099	-0.018501
Chr09	8743887	8804964	-0.120090	-0.190732	-0.106023	-0.064073
Chr09	8772518	8857506	-0.068995	-0.091404	-0.054010	-0.035792
Chr09	8804978	8903773	-0.011003	-0.011215	-0.007108	-0.003126
Chr09	8857512	8982331	0.061811	0.064162	0.042482	0.027160
Chr09	8903809	9018402	0.028755	0.037018	0.022206	0.008880
Chr09	8982400	9061350	-0.070532	-0.073991	-0.041209	-0.030286
Chr09	9018430	9140268	-0.150372	-0.114679	-0.069263	-0.059122
Chr09	9063380	9199519	-0.233344	-0.198390	-0.112781	-0.106135
Chr09	9140272	9262902	-0.137143	-0.140786	-0.075867	-0.071987
Chr09	9199624	9340693	0.124723	0.112996	0.071607	0.064393
Chr09	9262914	9411557	0.170297	0.128301	0.087553	0.067249
Chr09	9340709	9496406	0.012970	0.010862	0.006156	0.002843
Chr09	9411558	9586774	0.098605	0.067718	0.037099	0.035372
Chr09	9496617	9721183	0.079649	0.067656	0.032358	0.030573
Chr09	9586843	9811190	0.190128	0.179673	0.077990	0.096740
Chr09	9721717	9918999	0.019804	0.019589	0.007706	0.015079
Chr09	9811192	10062754	-0.060191	-0.070716	-0.021837	-0.030353
Chr09	9919066	10114174	0.326312	0.356446	0.103214	0.145116
Chr09	10062775	10200418	0.270070	0.368304	0.114844	0.107879
Chr09	10114362	10256700	0.246402	0.270850	0.124992	0.098820
Chr09	10200421	10306502	0.193046	0.231514	0.094601	0.089857
Chr09	10256713	10426604	-0.009181	-0.013052	-0.004854	-0.002654
Chr09	10306553	10488317	0.027033	0.027270	0.013788	0.012968
Chr09	10426689	10543874	0.133381	0.146430	0.073861	0.072741
Chr09	10488320	10612230	0.330002	0.364426	0.155225	0.171096
Chr09	10543908	10696535	0.418472	0.491753	0.153115	0.182217
Chr09	10612254	10779236	0.168894	0.536474	0.050933	0.066999
Chr09	10697091	10843196	0.137765	0.528573	0.045602	0.057669
Chr09	10779391	10920457	0.161196	0.267308	0.072438	0.077540
Chr09	10843319	11003195	-0.056273	-0.073124	-0.030569	-0.030266
Chr09	10920473	11092522	-0.146799	-0.205376	-0.081200	-0.070493
Chr09	11003580	11213579	-0.089476	-0.064476	-0.036553	-0.048061
Chr09	11092540	11320842	0.028669	0.014165	0.009026	0.009596
Chr09	11213583	11398966	0.056386	0.035259	0.017271	0.019900
Chr09	11320849	11479869	0.218476	0.183887	0.091696	0.092363
Chr09	11399007	11756366	0.131619	0.111518	0.053595	0.083030
Chr09	11479961	12109221	-0.014548	-0.010374	-0.004781	-0.001214
Chr09	11756376	12236950	0.099372	0.072891	0.036674	0.058440
Chr09	12109234	12289757	0.213008	0.225473	0.117584	0.110173
Chr09	12237088	12334626	0.179317	0.261365	0.125826	0.093138
Chr09	12289802	12473675	0.074721	0.072919	0.031051	0.034438
Chr09	12334891	12607427	0.000936	0.000733	0.000330	0.002207
Chr09	12473772	12720288	0.223762	0.187724	0.094725	0.122046
Chr09	12607798	12819223	0.306679	0.272400	0.128699	0.151834
Chr09	12720305	12954486	0.263554	0.233953	0.119563	0.136451
Chr09	12819240	13084016	0.172161	0.141995	0.056385	0.109567
Chr09	12954487	13251618	-0.005753	-0.003460	-0.001347	0.000104
Chr09	13086830	13420231	-0.091229	-0.031920	-0.016716	-0.027488
Chr09	13251666	13556719	-0.019689	-0.007866	-0.004300	-0.007861
Chr09	13420257	13656930	-0.012624	-0.007935	-0.004572	-0.012834
Chr09	13556737	13826304	-0.091143	-0.072764	-0.032496	-0.050052
Chr09	13656935	13919857	0.029546	0.023639	0.008447	0.021882
Chr09	13826354	14038426	0.073886	0.048723	0.021512	0.040477
Chr09	13920075	14102161	0.090128	0.041503	0.026465	0.033378
Chr09	14038636	14204289	0.163126	0.079251	0.057587	0.060553
Chr09	14102186	14376459	0.087387	0.043355	0.027834	0.032378
Chr09	14204302	14482597	-0.071881	-0.042205	-0.020910	-0.026607
Chr09	14376495	14597571	0.034340	0.033343	0.013079	0.015145
Chr09	14482623	14768734	0.100333	0.052603	0.032400	0.046691
Chr09	14597572	14929655	0.031381	0.009295	0.004973	0.019359
Chr09	14768738	15242289	0.054425	0.014306	0.007743	0.039588
Chr09	14931199	15439197	0.078003	0.021400	0.013042	0.045999
Chr09	15242310	15590376	0.035303	0.012026	0.007372	0.010736
Chr09	15439380	15816496	0.015994	0.005668	0.003578	-0.000075
Chr09	15590494	15999777	-0.015619	-0.003986	-0.002334	-0.006004
Chr09	15817289	16157748	-0.096215	-0.029325	-0.014529	-0.027116
Chr09	16000485	16270449	-0.233527	-0.104510	-0.047666	-0.060910
Chr09	16157751	16425964	-0.449097	-0.253269	-0.106402	-0.194220
Chr09	16270479	16516684	-0.588424	-0.516752	-0.163353	-0.316275
Chr09	16426242	16582277	-0.425547	-0.715303	-0.114879	-0.196505
Chr09	16516696	17589023	0.259319	0.319989	0.062903	0.125939
Chr09	16582318	17641758	0.337951	0.445592	0.072223	0.153736
Chr09	17589029	17751248	0.440335	0.568606	0.096923	0.210819
Chr09	17641815	17837693	0.294605	0.349746	0.061016	0.136718
Chr09	17751276	18005509	0.173694	0.228616	0.035536	0.077654
Chr09	17837740	18796732	0.427503	0.451972	0.105883	0.198630
Chr09	18005585	18948207	0.311770	0.414356	0.059674	0.124907
Chr09	18796764	19079526	0.280229	0.348646	0.054678	0.152402
Chr09	18948316	19225110	-0.016208	-0.011530	-0.004265	0.001190
Chr09	19079549	19346299	0.067304	0.033091	0.019378	0.047957
Chr09	19225172	19561092	0.389002	0.168506	0.099699	0.200532
Chr09	19347027	19653211	-0.142210	-0.067200	-0.039256	-0.075895
Chr09	19561485	19775415	-0.399167	-0.176515	-0.103835	-0.242201
Chr09	19653252	19883336	-0.024780	-0.012791	-0.006204	-0.010470
Chr09	19775431	19962589	0.352412	0.280979	0.109060	0.152977
Chr09	19883407	20074109	-0.083849	-0.073338	-0.030724	-0.026945
Chr09	19962615	20135741	0.190992	0.171528	0.075624	0.079957
Chr09	20074116	20261984	0.396431	0.330162	0.148504	0.159570
Chr09	20135819	20358833	0.209908	0.214179	0.077703	0.081205
Chr09	20262016	20427633	0.246533	0.228444	0.102403	0.132967
Chr09	20358881	20508784	0.259167	0.214685	0.109823	0.136578
Chr09	20427676	20579836	0.096074	0.066925	0.036034	0.037661
Chr09	20508831	20719073	0.009818	0.004674	0.002846	-0.000091
Chr09	20579867	20885586	0.007972	0.002764	0.001773	0.000278
Chr09	20719208	20976866	-0.055613	-0.023128	-0.013143	-0.024885
Chr09	20885794	21090166	-0.150706	-0.104890	-0.044509	-0.069946
Chr09	20976919	21186407	0.103749	0.084910	0.034576	0.037418
Chr09	21090280	21254835	0.173970	0.183694	0.069023	0.066561
Chr09	21186471	21311636	-0.043400	-0.068128	-0.020236	-0.016627
Chr09	21254852	21367434	0.077799	0.094480	0.035765	0.029716
Chr09	21311706	21444559	0.431194	0.366233	0.214240	0.186240
Chr09	21367440	21517960	0.319098	0.216223	0.155662	0.146033
Chr09	21444591	21591556	0.028717	0.018726	0.011414	0.009929
Chr09	21517962	21659580	0.178953	0.134982	0.072029	0.046878
Chr09	21591682	21733328	0.341026	0.227882	0.138205	0.133535
Chr09	21659748	21857127	0.266050	0.189269	0.094555	0.091564
Chr09	21733497	22067708	0.001608	0.000882	0.000428	0.003690
Chr09	21857166	22153482	-0.018759	-0.012126	-0.006405	-0.005351
Chr09	22067720	22244486	0.021681	0.010734	0.007388	0.008683
Chr09	22153632	22329743	0.064724	0.030050	0.020033	0.023894
Chr09	22244500	22454381	0.082937	0.069944	0.034731	0.029262
Chr09	22329797	22646578	0.266546	0.136729	0.088609	0.123602
Chr09	22454415	22797822	0.223004	0.131642	0.081193	0.107682
Chr09	22646608	22860493	-0.123736	-0.159441	-0.059035	-0.047300
Chr09	22797839	22901791	-0.091441	-0.110899	-0.045468	-0.032074
Chr09	22860530	23043591	-0.001941	-0.002187	-0.000912	0.000757
Chr09	22901792	23096540	0.277531	0.233830	0.118275	0.122895
Chr09	23043629	23184482	0.450782	0.292607	0.176109	0.236007
Chr09	23096644	23246069	0.295516	0.140864	0.096138	0.100200
Chr09	23184516	23353895	0.026921	0.017906	0.010267	0.007597
Chr09	23246410	23485364	-0.078416	-0.056340	-0.029956	-0.027986
Chr09	23353927	23593748	0.039092	0.017648	0.012195	0.011516
Chr09	23485369	23673214	0.054762	0.033536	0.020578	0.027826
Chr09	23593751	23802594	0.137622	0.112053	0.064454	0.074095
Chr09	23673247	23861220	0.168367	0.129620	0.075581	0.071446
Chr09	23802706	23898166	0.209852	0.150238	0.088366	0.060080
Chr09	23861231	24061057	0.238991	0.131763	0.088294	0.065807
Chr09	23898169	24097973	0.167970	0.090760	0.055653	0.052041
Chr09	24061229	24179497	-0.004563	-0.002428	-0.001307	0.003950
Chr09	24098174	24283310	-0.108725	-0.064556	-0.033976	-0.042740
Chr09	24179501	24391409	-0.051213	-0.043253	-0.022256	-0.022917
Chr09	24283311	24437287	0.077542	0.076932	0.042939	0.043274
Chr09	24391414	24540579	0.173339	0.171281	0.105788	0.084372
Chr09	24437302	24629302	0.087793	0.076410	0.043454	0.031462
Chr09	24540591	24706385	0.138208	0.127686	0.067350	0.048405
Chr09	24629329	24805515	0.229612	0.158885	0.094640	0.075580
Chr09	24706508	24940767	0.095177	0.053573	0.033492	0.029255
Chr09	24805517	25040933	0.079470	0.050900	0.029179	0.022946
Chr09	24940784	25136749	0.086657	0.057247	0.027122	0.017156
Chr09	25041101	25277837	-0.175117	-0.100083	-0.046874	-0.044275
Chr09	25136771	25477286	-0.166669	-0.064976	-0.034459	-0.051108
Chr09	25277928	25538921	-0.054283	-0.022324	-0.011855	-0.016372
Chr09	25477288	25614706	-0.059339	-0.050750	-0.023681	-0.029773
Chr09	25538952	25739002	0.062763	0.059718	0.025228	0.024229
Chr09	25614716	25841228	0.120685	0.121381	0.049188	0.049143
Chr09	25739151	25948476	0.190618	0.144007	0.077117	0.086196
Chr09	25841249	26070207	0.304519	0.193265	0.108601	0.146682
Chr09	25948545	26259800	0.193529	0.082977	0.045203	0.080362
Chr09	26070210	26387798	0.142494	0.058049	0.031624	0.055532
Chr09	26259855	26502353	0.099267	0.052600	0.028728	0.038734
Chr09	26387943	26588944	0.239884	0.150757	0.094246	0.104917
Chr09	26502464	26672060	0.327238	0.271982	0.172816	0.146991
Chr09	26588953	26752300	0.092228	0.087875	0.047009	0.035132
Chr09	26672163	26830895	0.112207	0.095545	0.053414	0.031972
Chr09	26752329	26928488	-0.081159	-0.119904	-0.029048	-0.011898
Chr09	26830920	27006584	-0.110910	-0.208090	-0.047208	-0.020241
Chr09	26928510	27125529	0.011341	0.010089	0.004430	0.006806
Chr09	27006587	27204100	-0.105794	-0.103316	-0.044736	-0.043623
Chr09	27125623	27383224	-0.179850	-0.157575	-0.067587	-0.073029
Chr09	27204122	27561484	-0.074829	-0.047057	-0.022640	-0.028042
Chr09	27383232	27730540	0.107885	0.056594	0.034364	0.048245
Chr09	27561542	27917129	0.053318	0.026988	0.015985	0.026350
Chr09	27730923	28026997	-0.115454	-0.095131	-0.041122	-0.032601
Chr09	27917393	28138044	-0.085353	-0.114475	-0.034006	-0.015668
Chr09	28027197	28341613	0.127031	0.120840	0.043306	0.035326
Chr09	28138050	28569577	0.387111	0.212589	0.096136	0.204223
Chr09	28341880	28709912	0.259595	0.149572	0.060273	0.106688
Chr09	28569663	28946385	-0.174469	-0.156635	-0.046790	-0.058413
Chr09	28710023	29033404	-0.193606	-0.132261	-0.055317	-0.089934
Chr09	28946390	29250669	-0.156215	-0.062163	-0.032705	-0.065253
Chr09	29033450	29455785	-0.141857	-0.062995	-0.026488	-0.052308
Chr09	29250790	29521931	-0.091867	-0.102281	-0.027371	-0.038468
Chr09	29455789	29570511	0.098620	0.119421	0.057224	0.044533
Chr09	29521955	29658085	-0.005449	-0.006778	-0.003473	0.001031
Chr09	29570569	29736335	-0.161642	-0.177830	-0.077632	-0.065471
Chr09	29658178	29857981	0.238243	0.130297	0.088288	0.100632
Chr09	29736402	29964511	0.003139	0.001785	0.001080	0.000823
Chr09	29858037	30090516	-0.118027	-0.090491	-0.041555	-0.069863
Chr09	29964568	30324734	0.052713	0.049831	0.019128	0.020557
Chr09	30090624	30421341	-0.094941	-0.124378	-0.036814	-0.029559
Chr09	30324862	30500306	-0.000916	-0.000832	-0.000416	0.000222
Chr09	30421345	30641065	-0.019237	-0.011025	-0.007023	-0.012341
Chr09	30500332	30801791	-0.081304	-0.050050	-0.026337	-0.033016
Chr09	30644684	30858667	0.039992	0.037823	0.016530	0.018161
Chr09	30801809	30904306	-0.026213	-0.026825	-0.012701	-0.022540
Chr09	30858693	30993096	-0.170892	-0.161990	-0.069801	-0.087934
Chr09	30904314	31480704	-0.025476	-0.014026	-0.007199	-0.013326
Chr09	30993138	31978085	0.036017	0.016358	0.009683	0.020738
Chr09	31480710	32125497	0.013350	0.006533	0.004404	0.012938
Chr09	31980480	32192196	-0.102669	-0.065065	-0.040902	-0.069945
Chr09	32125518	32255285	-0.024105	-0.017825	-0.011171	-0.013981
Chr09	32192198	32318557	0.272163	0.146589	0.102199	0.136041
Chr09	32255289	32475571	0.173700	0.077333	0.051376	0.066578
Chr09	32318567	32674715	-0.012400	-0.005728	-0.003318	-0.001142
Chr09	32475691	32883497	-0.111857	-0.055012	-0.029503	-0.047987
Chr09	32674756	33024137	-0.308874	-0.154612	-0.079087	-0.136451
Chr09	32883517	33206470	-0.433953	-0.238414	-0.109738	-0.212224
Chr09	33024161	33416728	-0.296028	-0.141885	-0.072352	-0.143269
Chr09	33206517	33547821	-0.139124	-0.077563	-0.041786	-0.059152
Chr09	33416803	33650668	0.085350	0.047394	0.028065	0.045285
Chr09	33547841	33742655	0.073274	0.042715	0.022390	0.035797
Chr09	33650738	33827181	-0.023339	-0.021609	-0.008347	-0.010934
Chr09	33742691	33895093	0.003587	0.003857	0.001321	0.002550
Chr09	33827189	33981345	0.068823	0.081690	0.025660	0.034105
Chr09	33895135	34070622	-0.029887	-0.025085	-0.011205	-0.015951
Chr09	33981539	34151469	-0.110370	-0.078685	-0.038448	-0.039729
Chr09	34071014	34220428	0.060138	0.055076	0.019377	0.022549
Chr09	34151563	34291382	-0.112507	-0.156153	-0.043278	-0.042679
Chr09	34220587	34373218	0.081326	0.121228	0.034165	0.035398
Chr09	34291427	34432778	0.005856	0.009317	0.002627	0.007200
Chr09	34373318	34479334	-0.195051	-0.379719	-0.109645	-0.085028
Chr09	34432786	34550454	0.153670	0.165896	0.059877	0.079370
Chr09	34479588	34609913	0.339735	0.285366	0.130599	0.208515
Chr09	34550462	34758458	0.235951	0.165406	0.090054	0.125254
Chr09	34609976	34832490	0.083563	0.046442	0.023462	0.029755
Chr09	34758960	34912635	0.046110	0.034944	0.013473	0.024375
Chr09	34832525	35024536	-0.010087	-0.008063	-0.003109	0.003354
Chr09	34912653	35110257	0.019782	0.012901	0.006869	0.008627
Chr09	35024565	35148285	0.135764	0.113315	0.062829	0.061078
Chr09	35110273	35242129	0.023663	0.037976	0.013637	0.011445
Chr09	35148401	35328047	-0.037002	-0.033705	-0.015793	-0.014299
Chr09	35242228	35428414	0.144807	0.086287	0.049866	0.053980
Chr09	35328218	35505370	0.161183	0.112878	0.059165	0.062764
Chr09	35428493	35569858	0.072141	0.084692	0.029226	0.022494
Chr09	35505387	35639815	0.043731	0.090573	0.023787	0.015935
Chr09	35569875	35792953	0.098716	0.086060	0.049131	0.037901
Chr09	35639859	35950636	0.160589	0.100099	0.052064	0.051457
Chr09	35793048	36093410	0.041477	0.017179	0.008609	0.013800
Chr09	35951243	36211810	0.028627	0.010881	0.005755	0.010757
Chr09	36093465	36361242	0.232281	0.101486	0.057798	0.080285
Chr09	36211929	36528458	0.299213	0.100273	0.054243	0.116284
Chr09	36361700	36617229	0.307527	0.122894	0.063462	0.139801
Chr09	36528858	36707454	0.178497	0.115382	0.058852	0.084407
Chr09	36617315	36802777	-0.006213	-0.004015	-0.002190	-0.001355
Chr09	36707523	36918749	0.080980	0.032993	0.021468	0.042384
Chr09	36808262	37032247	0.291698	0.109743	0.073635	0.162379
Chr09	36919033	37105151	0.226912	0.134454	0.094071	0.132068
Chr09	37032404	37219786	-0.045716	-0.034431	-0.023230	-0.023946
Chr09	37105330	37385349	0.242193	0.132357	0.099520	0.134893
Chr09	37219847	37508624	0.369732	0.101566	0.088189	0.213956
Chr09	37385439	37612312	0.042666	0.011585	0.009328	0.023928
Chr09	37508639	37735727	0.199230	0.088502	0.057451	0.103211
Chr09	37613202	37889640	0.119108	0.046510	0.025228	0.070080
Chr09	37735767	37998316	0.014756	0.005891	0.003090	0.007386
Chr09	37890049	38123847	0.039358	0.012102	0.007531	0.015412
Chr09	37998364	38246245	0.073202	0.030679	0.017965	0.034983
Chr09	38123879	38322416	0.320015	0.179960	0.112004	0.194610
Chr09	38246259	38515341	0.276989	0.123463	0.072005	0.203104
Chr09	38322447	38654199	-0.014492	-0.005618	-0.002933	-0.007893
Chr09	38515347	38722842	0.166079	0.076059	0.039417	0.094147
Chr09	38654200	38799983	0.459642	0.324173	0.161583	0.246699
Chr09	38722866	38978280	0.271973	0.121107	0.066340	0.119016
Chr09	38800028	39085351	0.038471	0.015692	0.009199	0.022953
Chr09	38978281	39203831	0.025315	0.014557	0.007384	0.012976
Chr09	39086703	39314747	0.149542	0.095413	0.042543	0.059069
Chr09	39203869	39394395	-0.006580	-0.004350	-0.001896	-0.000026
Chr09	39315254	39499669	0.220128	0.124823	0.055075	0.056038
Chr09	39394470	39581168	0.179788	0.137488	0.057295	0.079296
Chr09	39499698	39657720	-0.088741	-0.100815	-0.044023	-0.033614
Chr09	39581169	39718538	-0.107369	-0.125518	-0.057828	-0.049466
Chr09	39657869	39919235	-0.044081	-0.035302	-0.011723	-0.015293
Chr09	39718609	40180924	-0.041074	-0.028116	-0.006839	-0.008881
Chr09	39919365	40247987	-0.039375	-0.037040	-0.009630	-0.009078
Chr09	40180931	40332732	0.037540	0.032010	0.017621	0.014710
Chr09	40248303	40450141	0.039391	0.034078	0.019725	0.016207
Chr09	40332736	40500633	0.193436	0.205715	0.136187	0.089743
Chr09	40450265	40616483	0.296853	0.273727	0.229318	0.143622
Chr09	40500643	40912675	0.208153	0.084027	0.069254	0.107625
Chr09	40616501	41045596	0.083857	0.032012	0.022912	0.040591
Chr09	40912695	41231740	0.009338	0.004733	0.002475	0.006470
Chr09	41045650	41411449	-0.040725	-0.017642	-0.009609	-0.016880
Chr09	41231745	41660387	-0.054667	-0.017792	-0.011316	-0.024003
Chr09	41411463	41835503	0.081807	0.029074	0.018094	0.040887
Chr09	41660390	41920630	0.132451	0.089123	0.043836	0.076609
Chr09	41835506	42011409	0.187388	0.113029	0.062027	0.093676
Chr09	41920854	42119683	0.156033	0.085645	0.046011	0.066165
Chr09	42011414	42221738	0.057227	0.041381	0.018592	0.021687
Chr09	42119697	42307056	0.228760	0.179269	0.094815	0.107260
Chr09	42221807	42386964	0.163058	0.138451	0.075672	0.088334
Chr09	42307139	42443612	0.112739	0.101316	0.053231	0.060360
Chr09	42386976	42494307	0.110313	0.110797	0.054997	0.049697
Chr09	42443628	42569744	0.052771	0.043220	0.023771	0.020048
Chr09	42494309	42664182	0.123420	0.103395	0.057658	0.061834
Chr09	42570008	42800887	0.102919	0.077330	0.043635	0.049515
Chr09	42664229	42958297	0.129983	0.066102	0.039758	0.056806
Chr09	42800900	43057579	0.166227	0.088327	0.047386	0.073337
Chr09	42958334	43105953	0.109622	0.090379	0.041776	0.049810
Chr09	43057588	43188454	0.050117	0.046462	0.021684	0.022648
Chr09	43105956	43327824	0.025762	0.015217	0.007431	0.008755
Chr09	43188567	43436449	0.227877	0.132153	0.063676	0.063174
Chr09	43327825	43534546	0.473847	0.307680	0.140678	0.246017
Chr09	43436491	43718145	0.385714	0.267668	0.133122	0.184844
Chr09	43534548	43765897	0.104316	0.104198	0.057197	0.039018
Chr09	43718146	43814834	-0.026734	-0.045094	-0.020613	-0.012659
Chr09	43765899	43989587	-0.025622	-0.031289	-0.015624	-0.010275
Chr09	43814874	44029085	0.038432	0.041141	0.020902	0.025252
Chr09	43989623	44087440	-0.043714	-0.066272	-0.028683	-0.019559
Chr09	44029105	44162902	-0.036258	-0.044979	-0.020827	-0.016234
Chr09	44087483	44253850	0.129190	0.128614	0.058919	0.063276
Chr09	44162952	44324162	0.115399	0.087633	0.040618	0.040656
Chr09	44254073	44440114	0.031614	0.015187	0.008332	0.012376
Chr09	44324165	44570662	0.019527	0.010021	0.005246	0.009882
Chr09	44440137	44739566	0.030880	0.018736	0.008614	0.015859
Chr09	44570704	44855196	0.016525	0.010022	0.004674	0.008605
Chr09	44739601	44953804	0.143448	0.108058	0.044004	0.086675
Chr09	44855206	45150685	0.218928	0.108960	0.052117	0.109720
Chr09	44953854	45317384	-0.005652	-0.002183	-0.001204	-0.005591
Chr09	45150771	45418799	0.060682	0.037857	0.018018	0.025937
Chr09	45317399	45547973	0.100736	0.065161	0.030359	0.048107
Chr09	45419174	45664695	0.124073	0.068402	0.033900	0.058462
Chr09	45548010	45751118	0.274033	0.201950	0.096986	0.143535
Chr09	45664742	45877483	0.208159	0.226057	0.083740	0.112595
Chr09	45751121	45961034	0.188218	0.198636	0.052067	0.083065
Chr09	45877504	46071327	0.089461	0.095792	0.025915	0.035633
Chr09	45961127	46139089	-0.096347	-0.154539	-0.044470	-0.038054
Chr09	46071344	46181318	-0.144915	-0.344111	-0.087832	-0.065560
Chr09	46139105	46264907	-0.083086	-0.132464	-0.056136	-0.038179
Chr09	46181946	46322407	0.071046	0.075046	0.043711	0.033796
Chr09	46264913	46413772	-0.012483	-0.011476	-0.006945	-0.008218
Chr09	46322562	46564625	0.008618	0.007883	0.003126	0.007058
Chr09	46414001	46619345	0.035827	0.035946	0.013596	0.018999
Chr09	46564672	46707056	0.047296	0.050867	0.025622	0.017567
Chr09	46619346	46773620	0.108663	0.130650	0.061059	0.045706
Chr09	46707095	46904484	0.085918	0.102759	0.048487	0.043078
Chr09	46774321	47013685	0.170890	0.154730	0.086453	0.089152
Chr09	46904523	47092012	0.214653	0.162375	0.101905	0.108552
Chr09	47013738	47174330	0.032337	0.026106	0.014540	0.011258
Chr09	47092111	47236793	-0.084161	-0.083435	-0.039057	-0.040489
Chr09	47174400	47302084	0.061459	0.076367	0.034499	0.021452
Chr09	47236814	47375308	0.212616	0.309879	0.139991	0.103332
Chr09	47302124	47425689	0.170425	0.192190	0.109826	0.078839
Chr09	47375492	47490863	0.012069	0.012677	0.007450	0.008756
Chr09	47425700	47581282	-0.084646	-0.108631	-0.046130	-0.028234
Chr09	47490896	47659561	0.027044	0.036677	0.015159	0.012172
Chr09	47581340	47715172	0.153576	0.211669	0.091195	0.065953
Chr09	47659584	47775357	0.192185	0.234272	0.092665	0.086236
Chr09	47715273	47849426	0.208413	0.246738	0.120112	0.111715
Chr09	47775389	47916238	0.106944	0.144429	0.082416	0.052425
Chr09	47849437	47972559	-0.066593	-0.119736	-0.053781	-0.032981
Chr09	47916282	48032779	-0.061254	-0.101230	-0.045421	-0.024177
Chr09	47972585	48069836	-0.018736	-0.026324	-0.013016	-0.006323
Chr09	48032793	48251163	-0.089355	-0.079437	-0.042380	-0.051091
Chr09	48069841	48417663	-0.070120	-0.054389	-0.029909	-0.040617
Chr09	48251171	48523779	0.052469	0.047763	0.026013	0.022096
Chr09	48417698	48622063	0.055485	0.060148	0.031489	0.021993
Chr09	48523954	48715703	-0.054157	-0.072501	-0.032739	-0.026719
Chr09	48622109	48789842	-0.043100	-0.057193	-0.024768	-0.020893
Chr09	48715718	48948631	-0.021297	-0.032768	-0.013409	-0.007314
Chr09	48789987	49004514	0.013727	0.020575	0.008982	0.005572
Chr09	48948637	49049264	0.061327	0.092968	0.044958	0.036983
Chr09	49004566	49126943	0.068998	0.118188	0.051345	0.038323
Chr09	49049326	49165299	0.100088	0.155660	0.072807	0.051609
Chr09	49126976	49210688	-0.004128	-0.006018	-0.003299	-0.006316
Chr09	49165331	49262610	-0.141366	-0.217229	-0.103415	-0.085010
Chr09	49210749	49576087	-0.096618	-0.106135	-0.052242	-0.049127
Chr09	49262623	49715656	-0.008461	-0.007818	-0.004402	-0.003373
Chr09	49576110	49768756	-0.017001	-0.020343	-0.011401	-0.008334
Chr09	49715741	49810802	-0.000999	-0.001820	-0.000869	0.000334
Chr09	49768796	49849277	0.064256	0.124198	0.059836	0.032650
Chr09	49810851	49900861	-0.056193	-0.076640	-0.040828	-0.024379
Chr09	49849305	49946589	-0.058602	-0.081569	-0.045070	-0.029609
Chr09	49900869	50006256	-0.016580	-0.029514	-0.015155	-0.008251
Chr09	49946643	50048495	-0.012522	-0.022202	-0.010703	-0.004410
Chr09	50006347	50179872	0.001215	0.001353	0.000486	-0.000280
Chr09	50048531	50397396	0.048586	0.033090	0.014141	0.031302
Chr09	50179876	50519915	0.122559	0.081461	0.040995	0.061741
Chr09	50397479	50689595	0.033859	0.027684	0.014249	0.010530
Chr09	50520098	50734875	-0.046139	-0.043740	-0.022540	-0.028337
Chr09	50689635	50805759	-0.084615	-0.139321	-0.069446	-0.047279
Chr09	50734877	50871471	-0.149391	-0.268636	-0.130524	-0.086407
Chr09	50805761	50947879	-0.034325	-0.061220	-0.029099	-0.021782
Chr09	50871505	51033677	0.073608	0.138885	0.065430	0.034696
Chr09	50947910	51198140	0.085053	0.158814	0.074194	0.040794
Chr10	190734	432385	-0.085102	-0.070550	-0.022209	-0.031868
Chr10	317408	594134	-0.046793	-0.042424	-0.012248	-0.014436
Chr10	432395	753485	0.115104	0.088756	0.040546	0.062074
Chr10	594167	939278	-0.034736	-0.023356	-0.011951	-0.017213
Chr10	753530	1042435	-0.069621	-0.042969	-0.020503	-0.030009
Chr10	939301	1172841	0.130507	0.086950	0.037100	0.068842
Chr10	1042476	1267997	0.226413	0.184300	0.056938	0.106915
Chr10	1173111	1409724	0.086170	0.092491	0.024271	0.040223
Chr10	1268298	1507883	0.092195	0.057230	0.026458	0.043620
Chr10	1409819	1602745	0.168372	0.117716	0.058879	0.075470
Chr10	1507884	1704452	0.220984	0.224336	0.089003	0.108658
Chr10	1602809	1784015	0.286924	0.195252	0.072334	0.140223
Chr10	1704464	2070076	0.165711	0.072751	0.027877	0.062331
Chr10	1784151	2175903	0.260653	0.131149	0.049812	0.074319
Chr10	2070615	2285281	0.242577	0.195626	0.074342	0.070321
Chr10	2175989	2408499	0.220312	0.095304	0.059138	0.069403
Chr10	2285402	2502754	0.062438	0.029824	0.016912	0.026601
Chr10	2408505	2651162	0.085493	0.043947	0.022693	0.048911
Chr10	2502757	2823471	0.226651	0.094548	0.054795	0.104197
Chr10	2651227	2984039	0.097499	0.055574	0.033023	0.040030
Chr10	2823521	3090526	0.110152	0.106351	0.060484	0.042062
Chr10	2984123	3141578	0.034736	0.042675	0.021327	0.013269
Chr10	3090556	3195626	-0.028223	-0.033617	-0.017099	-0.011243
Chr10	3141579	3325460	-0.060498	-0.038118	-0.022849	-0.018210
Chr10	3195650	3587516	-0.046241	-0.016564	-0.010992	-0.012688
Chr10	3325487	3790497	0.052682	0.017870	0.011401	0.010649
Chr10	3587631	3910168	0.043017	0.020896	0.012025	0.011027
Chr10	3790529	4045665	0.001533	0.000999	0.000587	-0.003037
Chr10	3910179	4134046	0.003387	0.002674	0.001571	0.000289
Chr10	4045710	4228309	-0.091701	-0.108163	-0.054542	-0.038656
Chr10	4134113	4509372	-0.112530	-0.106374	-0.056429	-0.044188
Chr10	4228312	4601434	-0.018652	-0.014536	-0.007677	-0.006172
Chr10	4509625	4905813	0.173810	0.087304	0.047846	0.066367
Chr10	4601442	4968513	0.142929	0.073635	0.042424	0.068732
Chr10	4906001	5058579	-0.039092	-0.043608	-0.021715	-0.010842
Chr10	4969199	5190794	-0.123103	-0.080940	-0.050050	-0.052584
Chr10	5058623	5321326	-0.110220	-0.056996	-0.039914	-0.048561
Chr10	5190799	5459716	-0.262696	-0.150488	-0.099490	-0.113365
Chr10	5321329	5638667	-0.278269	-0.154180	-0.093301	-0.131098
Chr10	5460063	5804328	0.000517	0.000328	0.000159	0.005668
Chr10	5638746	5901025	0.093540	0.075265	0.030831	0.044193
Chr10	5804333	6068672	0.123753	0.077423	0.033314	0.038062
Chr10	5901060	6244107	0.128710	0.072710	0.034764	0.041599
Chr10	6069011	6312048	-0.035938	-0.037881	-0.015285	-0.008678
Chr10	6244128	6493184	-0.100963	-0.156251	-0.056786	-0.026888
Chr10	6312050	6653572	-0.040349	-0.021818	-0.012345	-0.012918
Chr10	6493202	6736059	-0.002617	-0.001264	-0.000743	0.000980
Chr10	6653576	6881573	0.110985	0.073121	0.037390	0.045245
Chr10	6736198	7032409	0.213285	0.115866	0.053716	0.078038
Chr10	6881611	7350601	0.412482	0.129894	0.070251	0.165858
Chr10	7032422	7547695	0.403964	0.126635	0.072148	0.156800
Chr10	7350669	7656884	0.305517	0.168413	0.100048	0.129586
Chr10	7547900	7835656	0.287606	0.134616	0.084874	0.122858
Chr10	7667507	7960762	0.041677	0.020561	0.011444	0.019281
Chr10	7835715	8305364	0.100082	0.053707	0.025726	0.044473
Chr10	7960802	8381148	0.221479	0.121675	0.053502	0.063863
Chr10	8305365	8492482	-0.049383	-0.026761	-0.013152	-0.014637
Chr10	8381169	8604580	-0.140399	-0.070828	-0.041064	-0.052029
Chr10	8492504	8665644	-0.130872	-0.075217	-0.045679	-0.036299
Chr10	8604808	8770524	-0.075481	-0.039530	-0.024682	-0.024454
Chr10	8665660	8945555	-0.110374	-0.060790	-0.032401	-0.051543
Chr10	8770964	9081249	-0.102116	-0.051677	-0.026005	-0.052094
Chr10	8945671	9186067	-0.023673	-0.013433	-0.006686	-0.004649
Chr10	9081355	9247937	0.086650	0.075317	0.033734	0.050373
Chr10	9186227	9389146	0.143952	0.085142	0.041190	0.062737
Chr10	9247941	9558017	0.023472	0.011246	0.005911	0.011886
Chr10	9389222	9695576	0.091821	0.041248	0.019382	0.056226
Chr10	9558033	9856094	0.144587	0.059858	0.027643	0.072704
Chr10	9695866	10038921	0.043119	0.017904	0.009384	0.021581
Chr10	9856512	10218509	0.061924	0.022417	0.012866	0.029404
Chr10	10039710	10338749	-0.009302	-0.004210	-0.002329	-0.000995
Chr10	10218566	10399867	-0.050069	-0.042648	-0.019440	-0.017595
Chr10	10338765	10462005	0.050692	0.052580	0.028239	0.022621
Chr10	10399872	10516362	-0.015810	-0.016342	-0.008178	-0.005838
Chr10	10462048	10585818	-0.015089	-0.013278	-0.007082	0.000647
Chr10	10516389	10651537	0.050622	0.047337	0.026108	0.035674
Chr10	10585833	10712631	0.000597	0.001052	0.000459	0.001810
Chr10	10651545	10818885	-0.014458	-0.026598	-0.009266	-0.004276
Chr10	10712632	10907593	0.012275	0.012465	0.005611	0.003804
Chr10	10818902	10975251	0.096097	0.075776	0.042447	0.033210
Chr10	10907962	11140051	0.168800	0.088441	0.050300	0.068519
Chr10	10975403	11255748	-0.038137	-0.017966	-0.010023	-0.016323
Chr10	11140082	11409106	-0.237191	-0.100695	-0.053873	-0.101705
Chr10	11256073	11537440	0.044837	0.020553	0.010786	0.025864
Chr10	11409359	11821781	0.243573	0.120654	0.067559	0.124320
Chr10	11539732	11955254	0.024843	0.013363	0.007215	0.012116
Chr10	11821793	12035829	0.174885	0.146475	0.066850	0.080371
Chr10	11955325	12122245	0.261483	0.181299	0.086079	0.138330
Chr10	12035913	12357835	0.270827	0.096650	0.055555	0.148543
Chr10	12122261	12596946	0.140280	0.044209	0.024265	0.088232
Chr10	12360675	12765439	-0.104136	-0.051924	-0.020501	-0.042248
Chr10	12597040	12851015	-0.060499	-0.060918	-0.017775	-0.017707
Chr10	12765477	13023609	0.144504	0.072856	0.034007	0.053793
Chr10	12851142	13156483	0.047432	0.021122	0.011076	0.017354
Chr10	13023660	13309297	0.222885	0.159630	0.070872	0.129643
Chr10	13156484	13467719	0.290481	0.238020	0.092154	0.140216
Chr10	13309334	13534952	-0.154326	-0.211657	-0.074122	-0.051569
Chr10	13467735	13733621	-0.162341	-0.142208	-0.055339	-0.067685
Chr10	13534958	13871233	-0.099878	-0.055982	-0.023540	-0.048281
Chr10	13733657	14119663	0.026048	0.009796	0.005012	0.012118
Chr10	13872643	14344453	0.097587	0.027260	0.014367	0.041480
Chr10	14119678	14563134	0.106488	0.032869	0.017154	0.044755
Chr10	14344469	14897201	0.101496	0.027777	0.017017	0.046393
Chr10	14563266	15152176	0.136544	0.041734	0.024563	0.062521
Chr10	14897236	15367051	0.138207	0.059752	0.032853	0.063520
Chr10	15152188	15483177	0.076730	0.035703	0.020152	0.038098
Chr10	15367066	15647664	-0.017242	-0.008557	-0.004509	-0.007188
Chr10	15483234	15771457	0.010909	0.007822	0.003805	0.000971
Chr10	15647665	16464609	0.080140	0.067226	0.032262	0.039329
Chr10	15771501	16596170	0.257744	0.177023	0.076453	0.138584
Chr10	16464684	16706150	0.353837	0.211630	0.100408	0.182151
Chr10	16596468	16813801	0.204214	0.111266	0.052871	0.100397
Chr10	16706163	16930204	0.152412	0.083946	0.040439	0.079408
Chr10	16813817	17044713	0.152090	0.091369	0.055123	0.075838
Chr10	16930212	17122622	0.094487	0.072245	0.043613	0.048147
Chr10	17044714	17215239	-0.034079	-0.036569	-0.016058	-0.004661
Chr10	17122838	17292994	-0.140480	-0.197975	-0.074136	-0.071788
Chr10	17215325	17363802	-0.062392	-0.070540	-0.037084	-0.032159
Chr10	17292999	17468801	0.088186	0.090847	0.049173	0.042161
Chr10	17363865	17636241	0.049452	0.031113	0.015232	0.019243
Chr10	17469435	17748063	0.002598	0.001664	0.000702	0.001655
Chr10	17636264	17843776	0.199905	0.134309	0.054309	0.077038
Chr10	17748072	18011524	0.302473	0.108595	0.055010	0.096769
Chr10	17843866	18191220	0.047635	0.019501	0.010126	0.024758
Chr10	18011552	18307659	-0.103315	-0.070107	-0.031941	-0.050444
Chr10	18191226	18507902	-0.076907	-0.045173	-0.016247	-0.038241
Chr10	18307688	18723979	-0.042875	-0.020213	-0.006565	-0.012414
Chr10	18508023	18872489	-0.017886	-0.008634	-0.003353	-0.003778
Chr10	18724070	18993998	0.090412	0.049598	0.024513	0.043947
Chr10	18872587	19112758	-0.003040	-0.001992	-0.000936	0.001873
Chr10	18993999	19184795	-0.006571	-0.006550	-0.003098	-0.000958
Chr10	19112772	19281775	0.178782	0.166180	0.089530	0.078520
Chr10	19184798	19428030	-0.163565	-0.122959	-0.058965	-0.069384
Chr10	19281818	19562721	-0.071500	-0.042106	-0.018415	-0.027582
Chr10	19428134	19727005	0.136266	0.058901	0.023998	0.064418
Chr10	19562737	19874167	0.014622	0.005126	0.002403	0.011247
Chr10	19727197	19977836	0.010345	0.003855	0.002333	0.005621
Chr10	19874208	20068970	0.091732	0.058449	0.035300	0.039618
Chr10	19977860	20146813	0.083314	0.056981	0.032807	0.034282
Chr10	20068972	20216195	0.001298	0.001087	0.000631	-0.000793
Chr10	20146827	20387697	-0.057626	-0.037805	-0.026214	-0.016625
Chr10	20216330	20489353	0.041711	0.021015	0.013820	0.013061
Chr10	20393558	20586846	0.239239	0.202962	0.078610	0.087512
Chr10	20489423	20638984	0.227318	0.209559	0.079863	0.096704
Chr10	20586861	20708845	0.149535	0.152244	0.067270	0.066174
Chr10	20638985	20762414	0.098326	0.118169	0.049310	0.041077
Chr10	20708866	20913237	0.088420	0.035840	0.019523	0.028588
Chr10	20762426	20989796	0.009707	0.004085	0.002244	0.005621
Chr10	20913357	21080640	-0.027263	-0.021434	-0.009725	-0.006591
Chr10	20989823	21186114	0.001084	0.000687	0.000317	0.005635
Chr10	21080659	21274765	0.010322	0.007109	0.003100	0.005669
Chr10	21186180	21349874	-0.027296	-0.030544	-0.010786	-0.010485
Chr10	21274775	21410830	0.007004	0.007842	0.003209	0.003749
Chr10	21350045	21477729	-0.017251	-0.021669	-0.008989	-0.006007
Chr10	21410834	21525840	0.041859	0.047607	0.026175	0.020600
Chr10	21477967	21635673	-0.036807	-0.036230	-0.018722	-0.022383
Chr10	21525863	21739652	-0.099711	-0.065011	-0.032456	-0.039332
Chr10	21635695	21798883	-0.045926	-0.040984	-0.014560	-0.012749
Chr10	21739687	21894696	-0.062905	-0.073015	-0.020866	-0.018678
Chr10	21798884	21968992	-0.115935	-0.080869	-0.042934	-0.044572
Chr10	21894720	22160195	0.148829	0.080917	0.048594	0.080175
Chr10	21969051	22334205	0.222661	0.080259	0.045556	0.107215
Chr10	22160245	22471798	0.043168	0.014977	0.008177	0.018658
Chr10	22334251	22622429	0.137863	0.065800	0.032791	0.055395
Chr10	22472793	22969690	-0.036801	-0.020311	-0.008980	-0.016654
Chr10	22622470	23112869	-0.085661	-0.039698	-0.020443	-0.041470
Chr10	22969908	23237653	0.079801	0.033611	0.020762	0.026330
Chr10	23112991	23408894	0.084412	0.038328	0.021572	0.028085
Chr10	23237657	23605098	0.105850	0.039156	0.022350	0.036607
Chr10	23408914	24020306	0.114792	0.026326	0.016623	0.043321
Chr10	23605104	24214047	0.193027	0.048253	0.027743	0.073347
Chr10	24020607	24330856	0.232700	0.109943	0.047120	0.100657
Chr10	24214183	24429797	0.084510	0.062742	0.023106	0.032773
Chr10	24330886	24556917	0.002997	0.002153	0.000946	-0.002031
Chr10	24429850	24686583	0.023092	0.013863	0.006838	0.013984
Chr10	24556967	24774030	0.094495	0.059049	0.029537	0.053524
Chr10	24686595	24858127	0.122135	0.085828	0.046935	0.049765
Chr10	24774034	24958780	-0.035241	-0.041379	-0.014839	-0.011171
Chr10	24858170	25087188	-0.117383	-0.151820	-0.045572	-0.047796
Chr10	24958791	25200793	-0.026692	-0.019664	-0.008617	-0.005776
Chr10	25087233	25288133	0.152414	0.091585	0.053340	0.054938
Chr10	25200929	25427579	0.011695	0.006304	0.004014	0.001468
Chr10	25288157	25541651	-0.082709	-0.045613	-0.024774	-0.032260
Chr10	25427581	25593875	0.117912	0.079162	0.041952	0.038509
Chr10	25541660	25825576	0.047306	0.032241	0.017324	0.018064
Chr10	25594282	26020881	0.215524	0.131188	0.059650	0.090205
Chr10	25825644	26087929	0.320085	0.177727	0.068481	0.115160
Chr10	26020901	26239047	0.456144	0.162073	0.088863	0.130293
Chr10	26088515	26323465	0.417086	0.163068	0.115512	0.157031
Chr10	26239094	26380057	0.254214	0.220964	0.112497	0.118619
Chr10	26323506	26697792	-0.069700	-0.078136	-0.028785	-0.042543
Chr10	26380068	26817305	-0.276008	-0.300208	-0.100260	-0.173982
Chr10	26697811	26902545	-0.164503	-0.198816	-0.067074	-0.072131
Chr10	26817563	27003943	0.020349	0.015156	0.007665	0.006753
Chr10	26902557	27188417	0.083215	0.040367	0.025155	0.023674
Chr10	27003953	27320887	-0.025679	-0.010497	-0.006292	-0.008232
Chr10	27188755	27381775	-0.194013	-0.117587	-0.056890	-0.088977
Chr10	27320893	27476598	-0.208801	-0.230870	-0.081041	-0.097130
Chr10	27381791	27547942	-0.017772	-0.017758	-0.004779	-0.005260
Chr10	27476600	27650156	0.010540	0.008011	0.002283	0.005764
Chr10	27547954	27737810	0.076219	0.048374	0.020135	0.024447
Chr10	27650179	27825153	-0.011737	-0.008457	-0.004434	-0.004079
Chr10	27737850	27963680	-0.202880	-0.135048	-0.083742	-0.063541
Chr10	27825160	28034478	-0.022672	-0.017985	-0.010921	-0.008338
Chr10	27963699	28106153	0.145009	0.137202	0.078067	0.056507
Chr10	28034505	28203378	0.158219	0.127156	0.058588	0.078181
Chr10	28106207	28269491	0.378679	0.230188	0.120882	0.181758
Chr10	28203395	28363016	0.406856	0.237567	0.134823	0.142886
Chr10	28269623	28456543	0.295143	0.185362	0.088330	0.108010
Chr10	28363052	28543746	0.210393	0.147045	0.067272	0.079198
Chr10	28456571	28792124	0.154823	0.057964	0.037025	0.057615
Chr10	28543778	28954299	0.520036	0.195622	0.126339	0.323589
Chr10	28792161	29058206	0.454717	0.238585	0.134623	0.224551
Chr10	28954304	29226455	0.138857	0.078486	0.039742	0.049456
Chr10	29058485	29349267	0.377388	0.200220	0.086990	0.253282
Chr10	29226629	29539645	0.390686	0.159839	0.078176	0.233208
Chr10	29349334	29734080	0.104395	0.040764	0.022394	0.044445
Chr10	29539807	29810792	-0.026819	-0.016045	-0.007075	-0.009871
Chr10	29734096	29910311	-0.315200	-0.213373	-0.081810	-0.114189
Chr10	29810992	29955064	-0.257726	-0.155871	-0.070698	-0.107003
Chr10	29910315	30044640	-0.022356	-0.014241	-0.007249	-0.006292
Chr10	29955101	30179136	0.137261	0.072456	0.035247	0.058146
Chr10	30044710	30267889	0.542408	0.258277	0.157954	0.266845
Chr10	30179154	30328558	0.707803	0.403956	0.301892	0.474669
Chr10	30267894	30527595	0.499227	0.225869	0.133832	0.339153
Chr10	30328564	30636372	-0.026602	-0.008303	-0.004890	-0.020332
Chr10	30527638	30709559	0.116806	0.053381	0.033716	0.044982
Chr10	30636420	30833151	0.571082	0.527130	0.142523	0.247319
Chr10	30709604	31015639	0.603698	0.367916	0.123102	0.298720
Chr10	30833337	31177879	0.431321	0.200349	0.101596	0.162520
Chr10	31015656	31334769	0.295390	0.224591	0.115946	0.132773
Chr10	31177985	31792253	0.357084	0.234322	0.081081	0.186054
Chr10	31334809	33409123	0.578695	0.303297	0.071427	0.222822
Chr10	31792480	33630245	0.582916	0.452121	0.068928	0.109164
Chr10	33409126	34703344	0.644086	0.374825	0.089648	0.145114
Chr10	33630383	34973517	0.269646	0.095161	0.040221	0.096057
Chr10	34703354	35224583	-0.065663	-0.019882	-0.011769	-0.019956
Chr10	34973526	35361501	0.257006	0.074105	0.052133	0.074854
Chr10	35224712	35567537	0.201832	0.046272	0.029465	0.051676
Chr10	35361640	35763821	0.204002	0.070824	0.041717	0.077578
Chr10	35567560	36011176	0.161779	0.056252	0.036548	0.070645
Chr10	35763891	36174592	0.120300	0.041237	0.026853	0.050896
Chr10	36011222	36293031	0.128172	0.058441	0.032392	0.037593
Chr10	36174607	36456402	-0.058883	-0.021927	-0.011575	-0.009473
Chr10	36293061	36659899	0.153254	0.063185	0.035346	0.049300
Chr10	36456472	36805496	0.088095	0.043465	0.025405	0.040369
Chr10	36660157	36986451	-0.005058	-0.002288	-0.001474	-0.001385
Chr10	36806452	37143431	0.085992	0.041018	0.026957	0.022913
Chr10	36986467	37227500	-0.059632	-0.037705	-0.023317	-0.016753
Chr10	37143457	37319393	0.245875	0.136047	0.087189	0.079530
Chr10	37227698	37390173	0.429074	0.244587	0.144461	0.165942
Chr10	37319502	37498716	0.236337	0.140293	0.078193	0.088209
Chr10	37390187	37607712	0.007164	0.005349	0.002327	0.003017
Chr10	37498723	37696229	0.058780	0.063890	0.026470	0.013692
Chr10	37607941	37768568	0.184531	0.235165	0.116268	0.089883
Chr10	37696372	37869822	0.158888	0.160986	0.084099	0.080017
Chr10	37768572	37934319	-0.012044	-0.011486	-0.005737	-0.005477
Chr10	37869836	37970538	-0.056228	-0.075014	-0.032371	-0.024605
Chr10	37934360	38021406	-0.018528	-0.025624	-0.012552	-0.007274
Chr10	37970546	38092332	-0.057719	-0.078991	-0.037767	-0.025303
Chr10	38021408	38167792	-0.039719	-0.057011	-0.026095	-0.016403
Chr10	38092340	38243685	-0.023276	-0.032704	-0.015403	-0.006626
Chr10	38167802	38304149	0.015314	0.019943	0.010786	0.006122
Chr10	38243762	38352287	0.045044	0.053006	0.032362	0.019690
Chr10	38304236	38425508	-0.119850	-0.137997	-0.056694	-0.023310
Chr10	38352298	38517866	-0.055262	-0.066909	-0.026907	-0.013215
Chr10	38425645	38586151	0.082907	0.103699	0.050009	0.035346
Chr10	38517878	38655430	0.103592	0.113167	0.059203	0.041809
Chr10	38586225	38798014	0.055534	0.040515	0.020445	0.016270
Chr10	38655488	38889274	0.053692	0.051300	0.019201	0.014178
Chr10	38798237	38932567	-0.156885	-0.724475	-0.078881	-0.053797
Chr10	38889276	39021105	-0.138286	-0.200579	-0.057591	-0.052863
Chr10	38932612	39091293	0.027262	0.023642	0.010486	0.015439
Chr10	39021142	39186211	0.102636	0.098597	0.038880	0.040053
Chr10	39091361	39295276	0.249076	0.331529	0.108992	0.075944
Chr10	39186213	39364030	0.240338	0.299795	0.146738	0.096598
Chr10	39295320	39444074	0.128186	0.139156	0.080478	0.055382
Chr10	39364074	39585541	0.060763	0.066158	0.032318	0.024370
Chr10	39444140	39752437	-0.015995	-0.018930	-0.008301	-0.003114
Chr10	39585574	39890148	-0.096807	-0.084323	-0.040829	-0.046228
Chr10	39752453	40060865	-0.071461	-0.055671	-0.029870	-0.038737
Chr10	39890159	40156354	0.092338	0.091589	0.049728	0.045329
Chr10	40060883	40250015	0.365189	0.344478	0.203652	0.211044
Chr10	40156355	40347717	0.370764	0.360246	0.197381	0.206906
Chr10	40250018	40422575	0.135743	0.141219	0.065426	0.065648
Chr10	40347723	40477793	-0.002599	-0.002546	-0.001226	0.002948
Chr10	40422582	40665900	-0.008313	-0.006788	-0.003850	-0.000734
Chr10	40477800	40778681	-0.106881	-0.091156	-0.045392	-0.043192
Chr10	40665913	40859178	-0.197681	-0.188805	-0.091681	-0.094353
Chr10	40779013	40944463	0.036500	0.027415	0.016253	0.010349
Chr10	40859188	41012478	0.379222	0.244578	0.149563	0.110524
Chr10	40944513	41115163	0.377333	0.210097	0.147280	0.117935
Chr10	41012534	41257800	0.210393	0.084059	0.061508	0.077862
Chr10	41115262	41369013	0.163633	0.069896	0.045077	0.054232
Chr10	41257801	41435487	0.043577	0.035554	0.016071	0.012868
Chr10	41369092	41505355	-0.093186	-0.138771	-0.045926	-0.029881
Chr10	41435545	41544343	-0.126603	-0.127743	-0.061638	-0.054287
Chr10	41505356	41614193	-0.226368	-0.161003	-0.085983	-0.105524
Chr10	41544351	41675388	-0.259670	-0.203871	-0.098949	-0.119153
Chr10	41614238	41782243	-0.105126	-0.163482	-0.046499	-0.037127
Chr10	41675549	41888499	0.013199	0.013459	0.004428	0.006352
Chr10	41782414	42076115	0.078707	0.033211	0.016003	0.034145
Chr10	41888548	42251815	0.118388	0.034889	0.020626	0.047003
Chr10	42076388	42343919	0.027759	0.010005	0.006871	0.009420
Chr10	42252110	42430991	-0.080134	-0.063751	-0.037162	-0.027175
Chr10	42343938	42528408	-0.161314	-0.155501	-0.075087	-0.055886
Chr10	42431010	42648494	-0.180095	-0.164324	-0.084216	-0.051435
Chr10	42528495	42817896	-0.070594	-0.050586	-0.031556	-0.019268
Chr10	42648542	42980751	-0.046666	-0.041962	-0.022361	-0.016330
Chr10	42817909	43070048	-0.034883	-0.035320	-0.020797	-0.016431
Chr10	42980768	43187550	0.056189	0.052889	0.040280	0.024148
Chr10	43070486	43279473	0.109680	0.073635	0.052594	0.049307
Chr10	43187564	43352719	0.167300	0.108218	0.071336	0.092193
Chr10	43279484	43433991	0.327502	0.258119	0.150853	0.201042
Chr10	43352833	43520589	0.333153	0.255602	0.141003	0.187317
Chr10	43434234	43567758	0.107760	0.089551	0.051628	0.049299
Chr10	43520601	43624767	0.006921	0.004973	0.002837	0.003165
Chr10	43567760	43776471	-0.003127	-0.001848	-0.000994	0.001606
Chr10	43624779	43855470	0.066063	0.040898	0.021920	0.032634
Chr10	43776527	43947099	0.292469	0.255898	0.134034	0.144460
Chr10	43857397	44041313	0.293809	0.293953	0.138389	0.152603
Chr10	43947101	44187474	0.059639	0.039789	0.020308	0.022177
Chr10	44041768	44306331	0.004856	0.003092	0.001562	0.001909
Chr10	44187599	44418677	-0.020933	-0.015934	-0.006313	-0.003598
Chr10	44306449	44550543	-0.164660	-0.151254	-0.062279	-0.073176
Chr10	44418832	44666995	0.029646	0.025545	0.010847	0.019605
Chr10	44552391	44879206	0.161428	0.137129	0.055589	0.071112
Chr10	44667202	45039274	0.334905	0.461555	0.110176	0.183880
Chr10	44879386	45080092	0.529610	0.574865	0.179258	0.337285
Chr10	45039286	45138019	0.230633	0.184088	0.121515	0.131332
Chr10	45080095	45191845	0.099969	0.080447	0.048552	0.058599
Chr10	45138064	45275125	0.172605	0.160334	0.090304	0.088476
Chr10	45191853	45357621	0.152423	0.179696	0.085629	0.069656
Chr10	45275147	45479634	-0.056718	-0.028376	-0.017812	-0.023607
Chr10	45357622	45567789	0.005602	0.002652	0.001928	0.001920
Chr10	45479660	45647949	0.196609	0.169725	0.126443	0.122684
Chr10	45568031	45832497	0.082563	0.066884	0.042104	0.042867
Chr10	45647953	46064547	-0.056602	-0.039446	-0.023992	-0.029317
Chr10	45832583	46278670	-0.016749	-0.010904	-0.006799	-0.007089
Chr10	46064640	46367607	0.005688	0.004630	0.002765	0.005774
Chr10	46278677	46445814	-0.016125	-0.025832	-0.014371	-0.008687
Chr10	46367618	46485085	-0.006627	-0.010347	-0.006085	-0.003920
Chr10	46445815	46564190	-0.088975	-0.156909	-0.080601	-0.046715
Chr10	46485126	46626524	-0.156800	-0.291854	-0.122102	-0.075747
Chr10	46564213	46719886	-0.127060	-0.198922	-0.086611	-0.062664
Chr10	46626571	46787247	-0.056013	-0.054861	-0.032464	-0.034836
Chr10	46719892	46852351	0.053407	0.048663	0.032330	0.022082
Chr10	46787260	46910281	0.047539	0.064910	0.035692	0.022000
Chr10	46852399	46967109	-0.028670	-0.058157	-0.025756	-0.012667
Chr10	46910301	47080590	0.154017	0.172139	0.106805	0.061623
Chr10	46967115	47136820	0.265313	0.271595	0.167025	0.117100
Chr10	47081043	47186469	0.110738	0.170643	0.078628	0.054824
Chr10	47136829	47271313	-0.034810	-0.052017	-0.022071	-0.016778
Chr10	47186504	47725970	-0.020771	-0.016748	-0.008011	-0.010147
Chr10	47271314	47914394	0.029878	0.020402	0.009886	0.018874
Chr10	47725972	47966949	0.040268	0.037379	0.017250	0.020975
Chr10	47914449	48024116	-0.004175	-0.008455	-0.003601	-0.001610
Chr10	47966980	48065184	0.048818	0.092406	0.047316	0.025126
Chr10	48024125	48115557	0.091051	0.151011	0.069946	0.044410
Chr10	48065188	48256062	0.042154	0.056347	0.025307	0.023361
Chr10	48115620	48534578	0.001078	0.000954	0.000479	0.001778
Chr10	48256145	48631966	0.020232	0.018724	0.009051	0.008763
Chr10	48534587	48991647	-0.087687	-0.073338	-0.035900	-0.049157
Chr10	48631990	49057539	-0.082292	-0.073501	-0.035286	-0.043570
Chr10	48991802	49134927	0.017099	0.028702	0.012326	0.008708
Chr10	49057618	49214253	0.073023	0.122635	0.066310	0.037520
Chr10	49134971	49306500	0.321936	0.421476	0.289448	0.177742
Chr10	49214274	49393059	0.377682	0.428044	0.305654	0.204902
Chr10	49306511	49465341	0.210116	0.251329	0.157666	0.102564
Chr10	49393067	49501299	0.058012	0.080343	0.046424	0.026405
Chr10	49465382	49571579	-0.096605	-0.117499	-0.070780	-0.034107
Chr10	49501333	49682668	-0.237203	-0.177691	-0.117562	-0.104137
Chr10	49571612	49761539	-0.136993	-0.104924	-0.072867	-0.065348
Chr10	49682699	49812005	0.051185	0.059835	0.041849	0.020753
Chr10	49761542	49861921	-0.113713	-0.187251	-0.084334	-0.048937
Chr10	49812032	49907168	-0.086232	-0.154069	-0.066702	-0.033571
Chr10	49861991	49968330	-0.011712	-0.018135	-0.009973	-0.003830
Chr10	49907188	50014572	-0.003984	-0.005836	-0.003256	-0.005517
Chr10	49968331	50186087	-0.084885	-0.067682	-0.038822	-0.042568
Chr10	50014579	50249077	-0.127474	-0.078877	-0.047042	-0.061824
Chr10	50186111	50293124	0.063176	0.048098	0.030884	0.037830
Chr10	50249079	50350291	0.136207	0.120988	0.078145	0.062217
Chr10	50293139	50401444	0.010830	0.010351	0.006001	0.001044
Chr10	50350302	50474459	0.061490	0.069913	0.039459	0.027017
Chr10	50401474	50560095	-0.006248	-0.007281	-0.003944	-0.001339
Chr10	50474468	50598633	-0.108797	-0.121207	-0.065967	-0.058705
Chr10	50560157	50793175	-0.079431	-0.068374	-0.041140	-0.043944
Chr10	50598669	50843689	-0.016039	-0.014826	-0.009017	-0.007750
Chr10	50793265	50899757	-0.095917	-0.126988	-0.076521	-0.048250
Chr10	50843699	50965625	-0.040819	-0.063191	-0.032969	-0.017508
Chr10	50899817	51021139	0.069792	0.105777	0.051448	0.034389
Chr10	50965635	51074748	0.007604	0.013519	0.003816	0.005553
Chr10	51021146	51108403	0.160794	0.386732	0.061394	0.068148
Chr10	51074941	51156030	0.287141	0.500078	0.117973	0.125625
Chr10	51108429	51209593	0.126289	0.198428	0.056231	0.061199
Chr10	51156035	51270401	-0.028965	-0.043958	-0.014278	-0.013425
Chr10	51209612	51358531	-0.024626	-0.027031	-0.011796	-0.012502
Chr10	51270434	51539622	0.022672	0.018903	0.009899	0.012160
Chr10	51358541	51603729	0.099139	0.097292	0.048461	0.047579
Chr10	51539643	51653181	0.102187	0.138341	0.063346	0.054026
Chr10	51603823	51710433	0.059751	0.082351	0.036981	0.025783
Chr10	51653196	51905675	-0.033497	-0.037079	-0.017275	-0.021020
Chr10	51710441	51984951	-0.073936	-0.071724	-0.036688	-0.034937
Chr10	51905679	52062316	-0.000052	-0.000048	-0.000028	0.001663
Chr10	51984964	52223572	0.016411	0.019262	0.010194	0.007049
Chr10	52062324	52328560	-0.023822	-0.038154	-0.016229	-0.011736
Chr10	52223590	52492552	-0.130889	-0.185304	-0.077780	-0.058536
Chr10	52328588	52628939	-0.084916	-0.105916	-0.048458	-0.037452
Chr10	52492554	52930561	0.064565	0.076918	0.034478	0.031718
Chr10	52628977	53087789	0.038331	0.039915	0.017021	0.018537
Chr10	52930628	53141067	-0.034117	-0.035099	-0.016236	-0.014546
Chr10	53087828	53223779	-0.158130	-0.260772	-0.106894	-0.087178
Chr10	53141080	53327940	-0.154930	-0.207637	-0.090776	-0.080802
Chr10	53224157	53506931	-0.053486	-0.055960	-0.028318	-0.019803
Chr10	53327989	53575851	0.042907	0.049625	0.026721	0.024119
Chr10	53506932	53666684	0.061067	0.085253	0.044738	0.027803
Chr10	53575866	53737809	-0.032365	-0.049171	-0.024780	-0.020467
Chr10	53666766	53808091	0.049251	0.049562	0.031799	0.020180
Chr10	53737871	53893334	0.097980	0.085816	0.050270	0.043033
Chr10	53808100	53942845	0.295097	0.300593	0.180956	0.140452
Chr10	53893363	54021112	0.249854	0.331357	0.165784	0.113716
Chr10	53942943	54150107	0.005237	0.010218	0.003136	0.002617
Chr10	54021122	54237057	-0.002558	-0.004168	-0.001751	0.001371
Chr10	54150122	54300749	0.029879	0.048755	0.022998	0.016653
Chr10	54237313	54345122	0.028014	0.048821	0.020901	0.014073
Chr10	54300793	54392251	-0.024006	-0.038801	-0.018323	-0.011565
Chr10	54345155	54462536	-0.018860	-0.027713	-0.013797	-0.009369
Chr10	54392426	54562792	0.049390	0.049055	0.027159	0.020973
Chr10	54462539	54635941	0.087257	0.073887	0.046642	0.041845
Chr10	54562832	55142839	0.024428	0.016036	0.011347	0.012808
Chr10	54635974	55487832	0.146062	0.087556	0.062473	0.087869
Chr10	55145588	55569507	0.319945	0.238829	0.168755	0.196735
Chr10	55487840	55649883	0.121684	0.116498	0.075064	0.072020
Chr10	55569528	55719407	-0.088660	-0.099235	-0.058643	-0.043446
Chr10	55649897	55820062	0.032856	0.033524	0.022116	0.026258
Chr10	55719477	56117968	0.094410	0.070341	0.043358	0.057487
Chr10	55820070	56592356	-0.032349	-0.026759	-0.014009	-0.015647
Chr10	56118174	56639124	-0.206503	-0.310748	-0.122519	-0.119627
Chr10	56592396	56737042	-0.125153	-0.218824	-0.089775	-0.063327
Chr10	56639151	56811858	0.012157	0.017541	0.009395	0.005692
Chr10	56737056	56864899	-0.005358	-0.007931	-0.004213	-0.006679
Chr10	56811984	56948578	0.002645	0.003677	0.001832	0.000674
Chr10	56864914	57167170	-0.030810	-0.031281	-0.014572	-0.014424
Chr10	56952009	57265942	-0.162079	-0.194129	-0.084983	-0.083842
Chr10	57167199	57384690	-0.057307	-0.073344	-0.036116	-0.027646
Chr10	57265954	57588677	0.129541	0.098430	0.060100	0.076682
Chr10	57384711	57740578	0.125904	0.079697	0.050957	0.073473
Chr10	57588908	57794927	0.025566	0.020604	0.011790	0.008709
Chr10	57740582	57835900	-0.100660	-0.183030	-0.075746	-0.051896
Chr10	57795097	57924429	-0.036716	-0.052178	-0.026397	-0.022706
Chr10	57835901	57983345	0.086869	0.089717	0.054930	0.037951
Chr10	57924431	58073048	0.052108	0.063478	0.034313	0.026767
Chr10	57983415	58161777	-0.038422	-0.059952	-0.025756	-0.018760
Chr10	58073054	58206059	0.103432	0.130736	0.072308	0.050865
Chr10	58161832	58264552	0.122131	0.168305	0.100859	0.060102
Chr10	58206115	58322748	0.092857	0.130647	0.072609	0.038074
Chr10	58264565	58363871	0.202272	0.145709	0.102397	0.089361
Chr10	58322759	58443574	0.107328	0.075681	0.053898	0.040665
Chr11	132069	297793	0.401463	0.398351	0.150356	0.169612
Chr11	200372	360933	0.373282	0.443296	0.124725	0.115571
Chr11	297794	482247	0.246783	0.389226	0.089084	0.067060
Chr11	360938	558523	0.140376	0.191311	0.050697	0.044425
Chr11	482265	646177	0.155704	0.163325	0.065487	0.059889
Chr11	558558	740601	0.189838	0.203324	0.093692	0.089109
Chr11	646548	803770	0.251472	0.308931	0.111292	0.138491
Chr11	740612	882600	0.181452	0.246178	0.075470	0.088603
Chr11	803771	938886	0.257637	0.330343	0.122528	0.122089
Chr11	882626	1027715	0.416181	0.541097	0.168166	0.226673
Chr11	938921	1110881	0.297707	0.270467	0.096519	0.142650
Chr11	1027749	1201928	0.248501	0.159203	0.079975	0.102889
Chr11	1110893	1340768	0.375212	0.279118	0.125786	0.166454
Chr11	1202433	1424546	0.246295	0.254289	0.084672	0.113024
Chr11	1340817	1501456	-0.057149	-0.100905	-0.026694	-0.028343
Chr11	1424701	1575395	-0.240626	-0.517836	-0.148787	-0.146181
Chr11	1501571	1715553	-0.206427	-0.271837	-0.104393	-0.113295
Chr11	1575481	1923969	-0.047424	-0.031350	-0.017122	-0.019985
Chr11	1715589	2038472	0.010970	0.008950	0.003977	0.009466
Chr11	1923981	2108442	0.009541	0.015273	0.004720	0.003933
Chr11	2038499	2227956	0.015221	0.022621	0.008648	0.006172
Chr11	2108448	2286550	0.255737	0.279880	0.132512	0.126109
Chr11	2228044	2340292	0.155685	0.205976	0.071404	0.079240
Chr11	2286554	2421895	-0.227225	-0.322225	-0.083310	-0.102173
Chr11	2340344	2528041	0.105598	0.097037	0.038160	0.056420
Chr11	2421906	2598263	0.392045	0.348917	0.165702	0.185363
Chr11	2528045	2673269	0.246611	0.243947	0.120263	0.109514
Chr11	2598264	2767304	0.094169	0.096233	0.047830	0.048929
Chr11	2673349	2840875	-0.002416	-0.003061	-0.001278	-0.001197
Chr11	2767378	2887490	-0.034610	-0.045596	-0.021275	-0.019365
Chr11	2840932	2958192	-0.275996	-0.364496	-0.173116	-0.178183
Chr11	2887491	3052883	-0.333733	-0.393231	-0.170957	-0.182389
Chr11	2958213	3134377	-0.124662	-0.157256	-0.070672	-0.056821
Chr11	3052886	3215887	0.063823	0.062102	0.036997	0.031570
Chr11	3134402	3277909	0.178897	0.151475	0.096532	0.098230
Chr11	3216036	3593951	-0.019384	-0.017479	-0.008521	-0.007447
Chr11	3277961	3723986	-0.018806	-0.013843	-0.007124	-0.010503
Chr11	3593970	3780872	0.101812	0.100537	0.049869	0.052173
Chr11	3724007	3862917	0.110179	0.171521	0.068137	0.054757
Chr11	3780875	3925920	0.039959	0.057271	0.024896	0.022258
Chr11	3862920	3978549	0.027044	0.040282	0.017149	0.013552
Chr11	3925974	4045054	0.061194	0.101462	0.043190	0.030471
Chr11	3978578	4122330	0.095626	0.142479	0.054858	0.043466
Chr11	4045056	4180065	0.056645	0.082259	0.028353	0.020999
Chr11	4122349	4235644	-0.054781	-0.075004	-0.030679	-0.025981
Chr11	4180184	4298879	0.045703	0.062733	0.022589	0.031534
Chr11	4235646	4373295	0.066037	0.120340	0.032866	0.045133
Chr11	4299195	4451855	-0.057088	-0.137037	-0.032244	-0.023203
Chr11	4373360	4516483	-0.011116	-0.022525	-0.006125	-0.002505
Chr11	4451923	4582877	0.002398	0.003782	0.001491	0.003339
Chr11	4516516	4671411	-0.033782	-0.023899	-0.014304	-0.009964
Chr11	4583012	4773892	-0.009235	-0.006121	-0.003690	-0.000894
Chr11	4671428	4950104	0.039389	0.015794	0.009854	0.012304
Chr11	4773897	5074277	0.090492	0.037096	0.023884	0.026228
Chr11	4950209	5193185	0.004029	0.004733	0.002396	-0.000124
Chr11	5074329	5272401	-0.093966	-0.083191	-0.039662	-0.035924
Chr11	5193203	5356897	0.050663	0.048103	0.021723	0.030953
Chr11	5272402	5436379	0.166574	0.195305	0.092073	0.094292
Chr11	5356932	5750812	0.168154	0.148250	0.080228	0.084706
Chr11	5436482	5855995	0.177189	0.120601	0.064022	0.087505
Chr11	5750888	5948262	0.136296	0.101737	0.056032	0.065241
Chr11	5856004	6021733	0.106533	0.100406	0.056864	0.051677
Chr11	5948284	6111800	0.080689	0.076613	0.042006	0.036528
Chr11	6021744	6346299	-0.090799	-0.057880	-0.032862	-0.029876
Chr11	6111813	6400295	0.097080	0.058808	0.037448	0.038013
Chr11	6346351	6542369	0.144757	0.095829	0.065411	0.048733
Chr11	6400418	6684464	0.285411	0.182495	0.104346	0.121147
Chr11	6542733	6835322	0.337042	0.201093	0.118145	0.178918
Chr11	6684577	6954371	0.093580	0.049486	0.030444	0.061804
Chr11	6835340	7117048	-0.094789	-0.052536	-0.030056	-0.058222
Chr11	6954419	7208994	-0.048337	-0.032779	-0.017642	-0.026814
Chr11	7117054	7301479	0.209483	0.196628	0.104783	0.119158
Chr11	7209162	7406440	0.170932	0.151792	0.091842	0.122911
Chr11	7301588	7471208	0.068291	0.061145	0.034925	0.049751
Chr11	7406444	7545139	-0.042896	-0.051369	-0.019051	-0.016842
Chr11	7471232	7666788	0.086915	0.111453	0.037853	0.044631
Chr11	7545278	7756421	0.127428	0.153879	0.056895	0.064904
Chr11	7666822	7920346	0.071763	0.054054	0.025228	0.034301
Chr11	7756472	8259580	0.047255	0.025044	0.012966	0.022226
Chr11	7920622	8359637	0.196315	0.124302	0.060342	0.089842
Chr11	8259767	8476225	0.173807	0.134027	0.068233	0.067141
Chr11	8359750	8658865	0.063504	0.040141	0.022947	0.023160
Chr11	8476341	8790584	0.061376	0.038207	0.019748	0.026162
Chr11	8658927	8865506	-0.259572	-0.190312	-0.077268	-0.104541
Chr11	8790601	8945201	-0.194889	-0.133705	-0.053029	-0.071865
Chr11	8865559	9038326	0.279758	0.135026	0.073997	0.088234
Chr11	8945540	9188394	0.140307	0.074983	0.041825	0.045906
Chr11	9038342	9293483	0.050655	0.036254	0.015590	0.018040
Chr11	9188648	9375424	0.029750	0.029539	0.009727	0.013138
Chr11	9293564	9453095	-0.136481	-0.219260	-0.063379	-0.047074
Chr11	9375613	9544796	-0.025362	-0.029142	-0.015185	-0.005858
Chr11	9453096	9614969	0.087795	0.081298	0.041567	0.033778
Chr11	9544808	9657781	-0.033506	-0.031503	-0.015630	-0.015639
Chr11	9614971	9752417	0.011858	0.012201	0.006472	0.002350
Chr11	9657784	9860691	-0.013351	-0.020650	-0.008699	-0.002204
Chr11	9752436	9923156	-0.065381	-0.082760	-0.040439	-0.024297
Chr11	9860721	9969196	0.032364	0.031072	0.016039	0.012936
Chr11	9923199	10075296	0.082454	0.062861	0.032348	0.030329
Chr11	9969197	10211142	0.170074	0.070630	0.047616	0.057066
Chr11	10075371	10562734	0.272244	0.134839	0.082609	0.123223
Chr11	10211234	10674162	0.257053	0.177530	0.092570	0.120400
Chr11	10562883	10745703	0.081940	0.052917	0.024623	0.027744
Chr11	10674233	10813992	0.084549	0.070368	0.031577	0.034867
Chr11	10745743	10938439	0.069237	0.077818	0.036010	0.034003
Chr11	10814125	11054590	0.048116	0.035564	0.016624	0.017370
Chr11	10938441	11186263	0.014284	0.006601	0.003717	0.004423
Chr11	11054607	11261292	-0.047508	-0.028301	-0.016498	-0.017733
Chr11	11186275	11363374	0.026115	0.024916	0.013805	0.012287
Chr11	11261330	11447727	0.035503	0.034196	0.020330	0.011916
Chr11	11363382	11513394	-0.020712	-0.021249	-0.012100	-0.014191
Chr11	11447793	11581990	0.077652	0.071985	0.043146	0.031217
Chr11	11513396	11667162	0.061864	0.059803	0.035557	0.028321
Chr11	11582004	11762577	0.159950	0.197993	0.108112	0.080679
Chr11	11667246	11849901	0.254357	0.225340	0.143400	0.128205
Chr11	11762634	12009807	0.164329	0.102431	0.069187	0.090843
Chr11	11849976	12059964	0.067183	0.040638	0.027349	0.037731
Chr11	12009915	12157652	0.080311	0.074382	0.045665	0.045061
Chr11	12060095	12393406	0.150592	0.125972	0.081946	0.067729
Chr11	12160167	12448766	0.083474	0.082883	0.052361	0.036138
Chr11	12393483	12507506	-0.017138	-0.028833	-0.014770	-0.001120
Chr11	12448783	12596416	-0.121389	-0.134623	-0.070055	-0.050489
Chr11	12507548	12698079	-0.147549	-0.132519	-0.073680	-0.064714
Chr11	12596437	12750876	-0.047661	-0.048131	-0.027421	-0.019363
Chr11	12698099	12808365	0.097019	0.127783	0.061759	0.044294
Chr11	12750934	12868499	0.149738	0.179321	0.090597	0.070240
Chr11	12808367	12960589	0.105858	0.118609	0.061444	0.048944
Chr11	12868505	13143420	-0.014477	-0.016774	-0.007226	-0.005260
Chr11	12961053	13270880	0.040223	0.048707	0.016946	0.020964
Chr11	13143434	13327005	-0.054568	-0.092431	-0.030468	-0.019357
Chr11	13270882	13397893	-0.246559	-0.369582	-0.153832	-0.112021
Chr11	13327055	13456223	-0.057317	-0.074945	-0.028467	-0.023450
Chr11	13397937	13542631	0.055813	0.082191	0.024409	0.019946
Chr11	13456268	13596193	0.050071	0.070053	0.022794	0.015285
Chr11	13542644	13717550	0.229555	0.184107	0.084268	0.093202
Chr11	13596237	13815955	0.253064	0.185762	0.078260	0.106598
Chr11	13717562	13877044	0.328536	0.356998	0.098602	0.149594
Chr11	13815960	13933474	0.270334	0.346941	0.098769	0.148142
Chr11	13877054	14195994	0.025187	0.011506	0.007999	0.015249
Chr11	13933494	14315183	-0.048033	-0.020622	-0.015159	-0.021622
Chr11	14196067	14383546	-0.191299	-0.217305	-0.106865	-0.080624
Chr11	14315252	14443267	-0.185768	-0.165922	-0.086174	-0.070412
Chr11	14383555	14483210	-0.099360	-0.082402	-0.049505	-0.050656
Chr11	14443276	14549915	-0.071001	-0.061700	-0.035848	-0.034011
Chr11	14483297	14650790	-0.094506	-0.063526	-0.037786	-0.034569
Chr11	14549955	14723655	-0.105352	-0.088779	-0.040817	-0.028127
Chr11	14650793	14779379	-0.043589	-0.075336	-0.018265	-0.009978
Chr11	14723657	14851042	-0.102133	-0.235783	-0.063066	-0.036574
Chr11	14779382	14953613	-0.063540	-0.099334	-0.033312	-0.020662
Chr11	14851044	15054923	-0.142309	-0.124849	-0.063121	-0.048724
Chr11	14953660	15159831	-0.192517	-0.181769	-0.095572	-0.091065
Chr11	15054953	15381082	-0.150761	-0.155252	-0.054039	-0.058713
Chr11	15159868	15521912	0.040515	0.024635	0.012042	0.010753
Chr11	15381142	15650243	0.139570	0.099815	0.059958	0.045434
Chr11	15521925	15829469	0.171228	0.175328	0.075131	0.082526
Chr11	15650273	15907111	0.198914	0.194972	0.084603	0.080948
Chr11	15829480	15978119	-0.021967	-0.035386	-0.012208	-0.007627
Chr11	15907161	16038701	-0.096517	-0.173895	-0.065700	-0.046859
Chr11	15978174	16096252	-0.061506	-0.091047	-0.045660	-0.034756
Chr11	16038777	16140680	-0.011614	-0.021734	-0.008780	-0.008310
Chr11	16096341	16232185	0.051297	0.063879	0.031576	0.029090
Chr11	16140687	16273214	0.038108	0.035385	0.020827	0.018937
Chr11	16232204	16345269	0.073994	0.090541	0.052533	0.035808
Chr11	16273215	16483345	0.176698	0.156131	0.091860	0.096950
Chr11	16345295	16523544	0.185825	0.166902	0.091090	0.097652
Chr11	16483351	16572824	0.048693	0.064681	0.034160	0.024530
Chr11	16523602	16618300	0.034679	0.042844	0.025710	0.017972
Chr11	16572827	16872828	-0.012629	-0.012761	-0.006246	-0.003333
Chr11	16618316	17036716	-0.058573	-0.051081	-0.024379	-0.027766
Chr11	16872864	17080477	-0.028460	-0.031765	-0.015490	-0.014655
Chr11	17036722	17233150	0.020121	0.023030	0.012513	0.008765
Chr11	17080483	17299131	0.070644	0.069687	0.038922	0.038221
Chr11	17233160	17385420	-0.023624	-0.020741	-0.011852	-0.012158
Chr11	17299171	17505584	0.032048	0.023903	0.014042	0.012849
Chr11	17385476	17557579	0.153173	0.145887	0.087178	0.068497
Chr11	17505682	17772804	0.161103	0.128513	0.062620	0.074233
Chr11	17557626	17817589	0.121800	0.098382	0.043688	0.053299
Chr11	17772811	17856927	-0.012362	-0.018319	-0.007000	-0.002744
Chr11	17817630	17951344	0.080156	0.102307	0.030207	0.022890
Chr11	17857036	18093090	0.149976	0.121833	0.041516	0.066422
Chr11	17951347	18265993	0.040841	0.031231	0.012072	0.021990
Chr11	18093098	18367117	-0.016969	-0.014248	-0.005554	-0.009581
Chr11	18266239	18470755	0.067634	0.038361	0.019668	0.024400
Chr11	18367121	18590556	0.093643	0.034418	0.023003	0.032878
Chr11	18470934	18714398	0.101411	0.042207	0.024287	0.029214
Chr11	18590600	18798792	0.029962	0.017974	0.008874	0.008579
Chr11	18714424	19081532	-0.151949	-0.097160	-0.045588	-0.083407
Chr11	18799841	19308863	-0.107417	-0.051597	-0.027228	-0.061135
Chr11	19081617	19529616	0.083487	0.023866	0.015009	0.027777
Chr11	19308896	19667846	0.011461	0.003252	0.001913	0.006208
Chr11	19529624	20009658	0.215096	0.073775	0.044050	0.087417
Chr11	19667912	20452867	0.202164	0.052120	0.027317	0.085948
Chr11	20010737	20564867	0.104972	0.030346	0.013452	0.042023
Chr11	20452868	20612053	0.313202	0.243586	0.105847	0.159589
Chr11	20564876	20707079	0.316035	0.213717	0.121832	0.174002
Chr11	20612080	20766960	0.019790	0.015462	0.008183	0.008424
Chr11	20707082	20885818	-0.273138	-0.357166	-0.159978	-0.144196
Chr11	20766965	20965372	-0.212923	-0.242094	-0.114904	-0.105727
Chr11	20885827	21019983	-0.175940	-0.224418	-0.105976	-0.085771
Chr11	20965415	21092540	-0.157002	-0.306893	-0.130139	-0.078787
Chr11	21019998	21331021	0.011319	0.014685	0.007318	0.005600
Chr11	21092612	21500697	-0.049163	-0.051407	-0.025993	-0.029168
Chr11	21331036	21644827	-0.222784	-0.279718	-0.105203	-0.111317
Chr11	21500826	21775932	-0.002309	-0.002118	-0.000949	0.006823
Chr11	21644846	22036409	0.044743	0.028698	0.015293	0.027994
Chr11	21776003	22214001	-0.054843	-0.034173	-0.014302	-0.012447
Chr11	22036423	22305043	-0.156575	-0.174474	-0.056606	-0.046087
Chr11	22214062	22403131	-0.170727	-0.145714	-0.072551	-0.061664
Chr11	22305089	22598964	-0.073556	-0.034510	-0.021510	-0.022508
Chr11	22404409	22843737	-0.108666	-0.043514	-0.025184	-0.034529
Chr11	22598977	23407506	0.151212	0.048491	0.026764	0.060811
Chr11	22844063	23665108	0.211268	0.088751	0.032260	0.122817
Chr11	23407617	23727392	0.035817	0.034431	0.007469	0.040227
Chr11	23665181	23798527	-0.064217	-0.072407	-0.030833	-0.029585
Chr11	23727401	23909452	0.089759	0.070816	0.035607	0.045140
Chr11	23798538	24041494	0.277238	0.199989	0.118510	0.135634
Chr11	23909527	24173333	0.216364	0.181946	0.087378	0.089058
Chr11	24041525	24320666	0.007355	0.005210	0.002393	0.006482
Chr11	24173355	24409893	0.088909	0.080872	0.037147	0.045603
Chr11	24320701	24519809	0.212246	0.186684	0.076141	0.093950
Chr11	24410604	24637436	0.164698	0.090613	0.044406	0.067052
Chr11	24519948	24775670	0.077755	0.043184	0.025748	0.034518
Chr11	24637517	24876715	0.191192	0.117581	0.062843	0.103198
Chr11	24775842	25004358	-0.106429	-0.054624	-0.028756	-0.068712
Chr11	24877051	25114235	-0.267537	-0.116899	-0.072296	-0.161356
Chr11	25004364	25167477	-0.043767	-0.027875	-0.017136	-0.019490
Chr11	25114243	25258925	-0.134739	-0.124731	-0.065078	-0.052460
Chr11	25167536	25330229	0.016403	0.014007	0.006594	0.007283
Chr11	25258950	25400281	-0.034294	-0.027654	-0.013356	-0.014031
Chr11	25330286	25458752	-0.074696	-0.066474	-0.035279	-0.037367
Chr11	25400395	25524174	0.022212	0.035975	0.015125	0.008689
Chr11	25458754	25589399	0.032268	0.050702	0.019816	0.016359
Chr11	25524181	25638026	-0.000526	-0.000882	-0.000301	0.001019
Chr11	25589403	25700863	0.058047	0.101649	0.034382	0.019938
Chr11	25638083	25784551	-0.026422	-0.029824	-0.014607	-0.010901
Chr11	25700940	25849162	-0.216546	-0.200438	-0.111266	-0.083840
Chr11	25784601	25905938	-0.228880	-0.259715	-0.113072	-0.077499
Chr11	25849164	26126736	0.102796	0.111718	0.047376	0.039587
Chr11	25906125	26189073	0.220558	0.136213	0.070576	0.084469
Chr11	26126745	26255395	0.131186	0.082553	0.046788	0.055428
Chr11	26189082	26341937	0.009235	0.009294	0.004840	0.007322
Chr11	26255403	26385749	-0.235961	-0.336769	-0.107132	-0.144203
Chr11	26341952	26465612	-0.361712	-0.607948	-0.152783	-0.243325
Chr11	26385781	26770965	0.078535	0.053656	0.032409	0.052628
Chr11	26465644	26850623	0.185982	0.115947	0.083721	0.089775
Chr11	26771213	26974072	-0.059066	-0.052530	-0.021048	-0.019894
Chr11	26850626	27293008	-0.077126	-0.032935	-0.015793	-0.021923
Chr11	26974145	27409776	0.112094	0.046725	0.027339	0.033116
Chr11	27293035	27542809	0.290720	0.138750	0.085911	0.060981
Chr11	27409943	27593892	0.175362	0.088779	0.044502	0.037054
Chr11	27542853	27747646	0.171673	0.097445	0.042654	0.053098
Chr11	27594071	27833578	0.044231	0.025911	0.011749	0.016004
Chr11	27747705	27897485	-0.137273	-0.107516	-0.047681	-0.063591
Chr11	27833607	27990444	-0.188689	-0.141832	-0.067531	-0.086132
Chr11	27897946	28084907	-0.091760	-0.079620	-0.040692	-0.042386
Chr11	27990460	28176518	0.087229	0.093739	0.047596	0.033325
Chr11	28084912	28382646	0.251624	0.134847	0.065441	0.099349
Chr11	28176521	28581727	0.203469	0.088217	0.045846	0.082537
Chr11	28382715	28786329	0.109899	0.046726	0.027218	0.042264
Chr11	28581733	28891321	-0.033786	-0.011612	-0.007086	-0.014383
Chr11	28786435	28974632	-0.123224	-0.047298	-0.030187	-0.041553
Chr11	28891323	29154900	0.021835	0.010136	0.006480	0.005474
Chr11	28974668	29434865	0.075762	0.030374	0.015388	0.023931
Chr11	29155109	29628591	-0.461358	-0.288984	-0.115834	-0.254319
Chr11	29434882	29790252	-0.573313	-0.513834	-0.183392	-0.306348
Chr11	29629209	29977993	-0.229434	-0.099479	-0.054150	-0.095286
Chr11	29790254	30128706	0.136178	0.038475	0.028067	0.052845
Chr11	29978106	30216062	0.045104	0.018655	0.011767	0.016994
Chr11	30128723	32414222	-0.368439	-0.373384	-0.122843	-0.176519
Chr11	30216102	32612778	-0.158133	-0.084965	-0.039874	-0.068714
Chr11	32414251	32740053	0.278807	0.089089	0.057464	0.109077
Chr11	32612781	32840683	0.394209	0.162034	0.110439	0.193132
Chr11	32740281	32918365	0.264088	0.119614	0.083752	0.125082
Chr11	32840793	33005389	-0.203849	-0.114460	-0.069646	-0.115999
Chr11	32918480	33216781	-0.022540	-0.014543	-0.008496	-0.016987
Chr11	33005452	33353146	0.375148	0.205692	0.107794	0.223986
Chr11	33216784	33524869	0.227825	0.105769	0.047955	0.128642
Chr11	33353218	33635022	-0.053032	-0.018672	-0.010770	-0.021762
Chr11	33524946	33714941	-0.017663	-0.010991	-0.007456	-0.008350
Chr11	33635250	33792483	0.008595	0.012251	0.006833	-0.000487
Chr11	33715019	33906012	-0.043981	-0.037936	-0.021160	-0.026836
Chr11	33792503	34022654	-0.090759	-0.071558	-0.038527	-0.038571
Chr11	33906149	34152747	-0.140672	-0.166989	-0.075895	-0.054975
Chr11	34022694	34203900	0.118648	0.156153	0.076069	0.048808
Chr11	34152754	34297775	0.224270	0.240063	0.141726	0.108746
Chr11	34204232	34398889	0.131763	0.089173	0.056248	0.048766
Chr11	34297780	34498978	0.092749	0.055179	0.035746	0.027519
Chr11	34398901	34657646	0.018578	0.010187	0.005430	0.003340
Chr11	34499049	34733126	0.017406	0.010193	0.004784	0.006462
Chr11	34657726	34801899	0.094853	0.091607	0.029066	0.044114
Chr11	34733174	34953801	0.148015	0.121421	0.042342	0.063300
Chr11	34802654	35063453	0.121005	0.058333	0.029598	0.030892
Chr11	34953840	35155964	0.045592	0.027738	0.012211	0.014090
Chr11	35063486	35277042	0.036904	0.034799	0.014104	0.019785
Chr11	35156238	35333195	0.081070	0.083123	0.040668	0.036543
Chr11	35277890	35440737	0.209675	0.194181	0.093487	0.083855
Chr11	35333200	35500911	0.200195	0.240046	0.087642	0.085040
Chr11	35440796	35573410	-0.093942	-0.161499	-0.050255	-0.051934
Chr11	35500918	35670248	-0.140999	-0.232951	-0.059939	-0.073526
Chr11	35573526	35742230	0.137413	0.196919	0.040119	0.071047
Chr11	35670338	35821763	0.197027	0.135217	0.057966	0.084795
Chr11	35742240	35925357	0.058728	0.039413	0.018676	0.020556
Chr11	35821898	36020867	0.134898	0.108542	0.039188	0.038980
Chr11	35925370	36115305	0.216397	0.193893	0.080701	0.065489
Chr11	36021490	36195218	0.022992	0.029023	0.012955	0.007769
Chr11	36115320	36266513	0.064697	0.056281	0.026097	0.019919
Chr11	36195232	36361566	0.121160	0.058022	0.032869	0.047530
Chr11	36266547	36458617	0.243628	0.114330	0.066902	0.106627
Chr11	36361568	36635864	0.328712	0.163386	0.085001	0.131570
Chr11	36458625	36973800	0.294151	0.134716	0.067976	0.112588
Chr11	36636132	37072776	0.340661	0.184941	0.095639	0.134456
Chr11	36973851	37145870	0.252227	0.183771	0.091952	0.086046
Chr11	37072810	37226502	0.090282	0.083870	0.045190	0.032799
Chr11	37145871	37313707	0.083116	0.078152	0.041242	0.036954
Chr11	37226607	37469757	0.006689	0.005518	0.002941	0.003825
Chr11	37313732	37597395	-0.054829	-0.042633	-0.026001	-0.018615
Chr11	37469806	37764026	0.077312	0.059739	0.030702	0.034757
Chr11	37597656	37888250	0.174171	0.131544	0.067431	0.068271
Chr11	37764046	37991129	0.308184	0.139949	0.103209	0.126472
Chr11	37888252	38072897	0.287821	0.106124	0.076942	0.116289
Chr11	37991149	38365767	-0.170814	-0.077792	-0.045498	-0.059065
Chr11	38073961	38494110	-0.146482	-0.067362	-0.039926	-0.038681
Chr11	38365813	38919091	0.138475	0.046185	0.029116	0.021355
Chr11	38494121	39054003	0.038055	0.009770	0.005901	0.003039
Chr11	38919101	39216748	0.031181	0.009312	0.006213	0.004104
Chr11	39054059	39340364	0.028103	0.011783	0.008397	0.010236
Chr11	39216783	39418578	0.041576	0.025299	0.015514	0.018323
Chr11	39340400	39532789	-0.048610	-0.048749	-0.023175	-0.018960
Chr11	39418579	39637786	0.057209	0.054040	0.026203	0.023213
Chr11	39532797	39704756	0.223093	0.189811	0.100614	0.105769
Chr11	39637810	39774865	0.104002	0.069697	0.041195	0.043325
Chr11	39704787	39865109	-0.083372	-0.060469	-0.030446	-0.070168
Chr11	39774869	39952806	0.038644	0.020943	0.011479	0.018292
Chr11	39865110	40015606	0.074666	0.040077	0.023837	0.028799
Chr11	39952807	40107506	0.186689	0.209245	0.108160	0.081514
Chr11	40015610	40146561	0.253788	0.316600	0.159424	0.119452
Chr11	40107590	40213290	-0.002730	-0.004071	-0.001561	-0.000042
Chr11	40146587	40329275	-0.144566	-0.184301	-0.067068	-0.061699
Chr11	40213311	40395105	-0.035877	-0.033504	-0.016969	-0.018794
Chr11	40329299	40574965	0.113249	0.063176	0.041693	0.055604
Chr11	40395119	40695223	0.318836	0.179250	0.118749	0.167525
Chr11	40574987	40769777	0.438054	0.365386	0.222874	0.264541
Chr11	40695367	40816574	0.376148	0.351148	0.187901	0.240457
Chr11	40769778	40865480	0.001572	0.001979	0.000773	0.014186
Chr11	40816586	40944342	-0.142536	-0.195452	-0.086907	-0.079890
Chr11	40865481	41118492	0.038567	0.031446	0.018212	0.023897
Chr11	40944347	41193789	0.098352	0.082111	0.047162	0.054901
Chr11	41118503	41264217	0.172904	0.220288	0.115836	0.088344
Chr11	41193794	42200962	0.015396	0.015641	0.007772	0.007777
Chr11	41264971	42306366	-0.132979	-0.130723	-0.065991	-0.067242
Chr11	42201011	42384487	-0.076271	-0.087084	-0.051919	-0.039397
Chr11	42306367	42471894	-0.037213	-0.048839	-0.029544	-0.016096
Chr11	42384518	42713116	0.082592	0.112835	0.054856	0.044800
Chr11	42471927	42881987	0.174542	0.174142	0.094253	0.101559
Chr11	42713152	42953744	0.099966	0.086921	0.049782	0.051592
Chr11	42882007	43047590	-0.068041	-0.056377	-0.030991	-0.032353
Chr11	42953834	43115937	-0.058263	-0.041230	-0.024275	-0.023640
Chr11	43047608	43251286	0.080790	0.042305	0.022519	0.020114
Chr11	43115958	43334887	0.115483	0.066451	0.034215	0.026048
Chr11	43251360	43421323	0.014570	0.013125	0.006507	0.004541
Chr11	43334956	43519428	-0.097666	-0.089034	-0.034064	-0.025926
Chr11	43421360	43689196	-0.090155	-0.066464	-0.030388	-0.034354
Chr11	43519436	43798710	-0.018234	-0.013099	-0.006452	-0.007755
Chr11	43689248	43876208	0.047754	0.047987	0.021108	0.016197
Chr11	43798845	43988093	0.185643	0.124121	0.079835	0.058114
Chr11	43876245	44122624	0.189481	0.089260	0.064334	0.064201
Chr11	43988471	44259067	0.012075	0.007750	0.004812	0.005928
Chr11	44122700	44459265	-0.093120	-0.068522	-0.035844	-0.037882
Chr11	44259697	44639831	-0.057034	-0.028011	-0.016025	-0.021099
Chr11	44459288	44789093	0.029361	0.016730	0.008928	0.012253
Chr11	44639836	44959499	0.054949	0.034838	0.017430	0.021361
Chr11	44789098	45148825	-0.246825	-0.126242	-0.069475	-0.108442
Chr11	44959529	45353633	-0.263779	-0.131311	-0.071619	-0.113958
Chr11	45148864	45444874	-0.016612	-0.010543	-0.005270	-0.003848
Chr11	45354752	45546040	-0.083374	-0.068611	-0.030703	-0.033496
Chr11	45444891	45764232	0.001800	0.001230	0.000577	0.002858
Chr11	45546203	45949438	0.119564	0.068037	0.035786	0.038451
Chr11	45764251	46076595	0.162613	0.090444	0.055530	0.044891
Chr11	45949600	46182679	0.102287	0.058632	0.039617	0.032776
Chr11	46076646	46283102	0.006675	0.004293	0.002753	0.001279
Chr11	46182849	46395889	0.006015	0.003891	0.002503	0.003218
Chr11	46283125	46472261	0.055339	0.042735	0.025773	0.016965
Chr11	46395929	46532856	0.043645	0.057607	0.025896	0.014040
Chr11	46472295	46638178	-0.021489	-0.018256	-0.010172	-0.012165
Chr11	46533556	46756115	-0.057539	-0.030329	-0.020721	-0.026416
Chr11	46638187	46815466	0.030202	0.015191	0.010410	0.010575
Chr11	46756146	46932591	0.075306	0.051792	0.030374	0.029884
Chr11	46815477	47026948	0.076215	0.064642	0.035343	0.033130
Chr11	46932647	47123973	0.079500	0.064404	0.034662	0.025941
Chr11	47027028	47203084	-0.002973	-0.002146	-0.001299	-0.001840
Chr11	47124000	47291324	-0.064782	-0.071649	-0.036508	-0.021751
Chr11	47203087	47346315	-0.000767	-0.000917	-0.000371	0.001719
Chr11	47291578	47470206	-0.008147	-0.005894	-0.003217	-0.003555
Chr11	47346708	47560429	-0.030442	-0.020709	-0.011676	-0.014835
Chr11	47470269	47656224	0.177091	0.153038	0.068359	0.090165
Chr11	47560460	47740587	0.211508	0.208129	0.086341	0.079060
Chr11	47656239	47784582	0.007271	0.008318	0.004006	0.001807
Chr11	47740734	47912928	-0.005819	-0.005735	-0.002878	-0.006204
Chr11	47784584	48096451	0.043943	0.031791	0.016489	0.016659
Chr11	47912996	48273763	0.119368	0.060465	0.035733	0.057662
Chr11	48096470	48385359	0.163561	0.076264	0.046536	0.077247
Chr11	48273891	48465456	0.121084	0.084286	0.049355	0.047028
Chr11	48385413	48503031	0.020142	0.022056	0.014546	0.008498
Chr11	48465573	48546466	0.024913	0.026650	0.016825	0.015544
Chr11	48503047	48613446	0.080881	0.080049	0.045944	0.042092
Chr11	48546483	48655648	0.118035	0.114781	0.069445	0.051109
Chr11	48613458	48826718	-0.037446	-0.028895	-0.015536	-0.019577
Chr11	48655690	48929633	-0.103975	-0.074388	-0.038835	-0.053741
Chr11	48826744	49144148	-0.083019	-0.040394	-0.024437	-0.035661
Chr11	48929921	49229629	0.112341	0.053074	0.033271	0.044158
Chr11	49144168	49271134	0.217705	0.214553	0.124118	0.097470
Chr11	49229649	49423044	0.075814	0.076331	0.043991	0.030694
Chr11	49271143	49573607	0.007323	0.004013	0.002632	0.004750
Chr11	49423062	49700267	0.058835	0.033392	0.020071	0.021604
Chr11	49573730	49845589	0.149668	0.089915	0.046917	0.055360
Chr11	49700275	49933294	0.148768	0.099469	0.054796	0.065236
Chr11	49845662	50080000	0.064633	0.059530	0.034218	0.028375
Chr11	49933302	50238639	-0.005621	-0.004200	-0.002571	-0.008728
Chr11	50080036	50333380	0.073263	0.063870	0.032218	0.037575
Chr11	50238867	50408811	0.096311	0.127181	0.051875	0.049917
Chr11	50333383	50514677	0.027775	0.047063	0.013029	0.010621
Chr11	50408826	50579562	-0.005659	-0.014426	-0.002369	-0.001605
Chr11	50514695	50687938	-0.131935	-0.210448	-0.067359	-0.051952
Chr11	50579617	50917340	-0.208632	-0.242081	-0.092323	-0.098414
Chr11	50687955	51034443	-0.136945	-0.120620	-0.056744	-0.073192
Chr11	50917353	51068747	-0.114142	-0.118960	-0.055244	-0.057274
Chr11	51034535	51115675	-0.076448	-0.131186	-0.045454	-0.034282
Chr11	51068750	51223812	0.030629	0.037536	0.016382	0.018706
Chr11	51115688	51397928	-0.040198	-0.039721	-0.015454	-0.013727
Chr11	51223853	51495992	-0.059260	-0.053072	-0.021848	-0.026044
Chr11	51398288	51570778	0.173044	0.163156	0.065925	0.077760
Chr11	51496025	51656243	0.450257	0.454663	0.171861	0.214763
Chr11	51570861	51718739	0.247942	0.240960	0.114765	0.128990
Chr11	51656308	51777018	-0.145166	-0.198541	-0.080684	-0.073657
Chr11	51718755	51862940	-0.210061	-0.450550	-0.115199	-0.096740
Chr11	51777043	52009228	-0.221413	-0.460938	-0.104980	-0.093031
Chr11	51862943	52100921	-0.044882	-0.059491	-0.018697	-0.018359
Chr11	52009234	52180340	0.140904	0.097570	0.046931	0.063719
Chr11	52100923	52358394	0.217553	0.097446	0.056880	0.104101
Chr11	52180341	52756923	0.129783	0.040516	0.023629	0.042577
Chr11	52358564	52884000	0.060660	0.021329	0.012487	0.019196
Chr11	52756956	52959090	0.070645	0.043315	0.027198	0.031295
Chr11	52884020	53070829	0.106097	0.069242	0.044458	0.051229
Chr11	52959115	53247439	0.194883	0.130972	0.071159	0.096445
Chr11	53070868	53410542	0.005755	0.003582	0.001829	0.004619
Chr11	53247440	53507204	-0.029148	-0.016079	-0.009195	-0.014234
Chr11	53410582	53580107	0.232427	0.168556	0.092636	0.117724
Chr11	53507636	53704287	0.305279	0.182277	0.114077	0.153287
Chr11	53580110	53826395	0.153746	0.072205	0.046204	0.058184
Chr11	53704303	53931881	-0.079034	-0.053874	-0.027160	-0.039336
Chr11	53826488	54014029	-0.072759	-0.063451	-0.030852	-0.025887
Chr11	53931921	54192603	-0.053648	-0.032601	-0.017690	-0.011501
Chr11	54014043	54330294	0.024292	0.013846	0.007073	0.012184
Chr11	54192674	54441874	0.043157	0.029538	0.016445	0.017633
Chr11	54330306	54578903	-0.018538	-0.012466	-0.007531	-0.004086
Chr11	54441880	54666437	-0.131146	-0.079293	-0.043728	-0.053841
Chr11	54578905	54731643	-0.147789	-0.127223	-0.066208	-0.072815
Chr11	54666452	54862024	0.102545	0.092297	0.064945	0.050059
Chr11	54731700	54997835	0.170423	0.120134	0.079837	0.088469
Chr11	54862052	55158521	0.069005	0.041921	0.024921	0.024952
Chr11	54997869	55340129	0.005382	0.003130	0.001621	0.000135
Chr11	55158576	55502375	0.081275	0.057497	0.027816	0.044605
Chr11	55340204	55632200	0.034465	0.021865	0.011228	0.017823
Chr11	55502414	55790660	-0.077775	-0.042381	-0.024023	-0.029376
Chr11	55632223	55957369	-0.074950	-0.040429	-0.026211	-0.027576
Chr11	55792007	56061131	-0.121382	-0.087030	-0.048346	-0.035607
Chr11	55957423	56286273	-0.184701	-0.141889	-0.068409	-0.060357
Chr12	487353	919028	0.194098	0.060390	0.038095	0.095946
Chr12	755519	998140	0.232336	0.137264	0.078003	0.100971
Chr12	919046	1041643	0.135587	0.121583	0.071912	0.052431
Chr12	998160	1091549	-0.002335	-0.002567	-0.001457	-0.011055
Chr12	1041677	1569974	-0.068650	-0.067648	-0.036320	-0.041679
Chr12	1091605	1736222	-0.015499	-0.016533	-0.008374	-0.012151
Chr12	1570011	1795348	0.066261	0.064472	0.037625	0.033571
Chr12	1736236	1886560	0.114001	0.091246	0.058193	0.059632
Chr12	1795359	1962603	-0.164355	-0.238091	-0.093573	-0.098995
Chr12	1886658	2026361	-0.299581	-0.857039	-0.196131	-0.153314
Chr12	1962636	2142199	-0.026412	-0.042993	-0.014460	-0.008324
Chr12	2026389	2300484	0.159931	0.098076	0.047470	0.066168
Chr12	2142201	2484855	0.147412	0.052491	0.031773	0.042357
Chr12	2300493	2595095	0.177739	0.077664	0.048868	0.060591
Chr12	2484874	2713805	0.083978	0.061219	0.032077	0.031592
Chr12	2595104	2832181	0.049253	0.031303	0.016755	0.015229
Chr12	2713820	2917095	-0.008261	-0.005658	-0.003042	-0.002161
Chr12	2832344	3053665	0.000073	0.000065	0.000030	-0.000808
Chr12	2917147	3268709	0.100965	0.069593	0.027903	0.045278
Chr12	3059360	3441239	0.108939	0.079270	0.032363	0.047998
Chr12	3268805	3569616	0.105334	0.086567	0.039890	0.037706
Chr12	3441270	3671640	0.144881	0.099485	0.048020	0.051045
Chr12	3569712	3806488	0.180533	0.099995	0.044314	0.059181
Chr12	3672012	3912686	0.152328	0.085585	0.037310	0.054519
Chr12	3806547	4008023	0.094712	0.073047	0.031774	0.038816
Chr12	3912693	4076958	0.066578	0.061029	0.025025	0.028954
Chr12	4008074	4148961	0.076488	0.062767	0.032515	0.045056
Chr12	4076969	4213902	0.149096	0.154169	0.075661	0.081314
Chr12	4148969	4266910	0.192229	0.313219	0.128054	0.096448
Chr12	4213910	4355961	0.179954	0.212478	0.101836	0.091044
Chr12	4266916	4433276	0.107880	0.126441	0.043673	0.040820
Chr12	4355981	4569018	0.082759	0.062853	0.021238	0.025062
Chr12	4433841	4657785	0.104032	0.074551	0.028495	0.041918
Chr12	4569021	4759669	0.245024	0.190439	0.076839	0.117169
Chr12	4657796	4930931	0.253809	0.174296	0.076256	0.105973
Chr12	4759730	5141268	-0.062370	-0.034087	-0.012397	-0.021062
Chr12	4931028	5251357	0.128815	0.069504	0.024197	0.048877
Chr12	5141820	5408035	0.236085	0.134925	0.053691	0.089526
Chr12	5251629	5532611	0.118372	0.066145	0.027946	0.035426
Chr12	5408083	5631116	0.104611	0.081451	0.036472	0.043130
Chr12	5532738	5763126	0.033234	0.029497	0.014826	0.017926
Chr12	5631282	5868761	0.008844	0.005613	0.003169	0.003661
Chr12	5763187	6013960	0.023121	0.009902	0.006238	0.007273
Chr12	5868774	6118851	-0.098027	-0.042337	-0.027342	-0.037958
Chr12	6014007	6302712	0.017620	0.008605	0.005514	0.005779
Chr12	6118859	6406360	0.100501	0.059869	0.032746	0.037488
Chr12	6302796	6536291	0.000210	0.000148	0.000069	-0.000131
Chr12	6406369	6731374	0.153507	0.110330	0.045795	0.067905
Chr12	6536298	7056602	0.157415	0.084540	0.039988	0.067168
Chr12	6731422	7223330	-0.140856	-0.056895	-0.031819	-0.045730
Chr12	7056891	7288024	-0.196537	-0.104861	-0.059505	-0.076224
Chr12	7223338	7407365	0.077084	0.060488	0.033976	0.038349
Chr12	7288083	7665720	0.069079	0.027872	0.017077	0.033822
Chr12	7407442	7929839	0.118367	0.038258	0.023768	0.052081
Chr12	7665814	8141153	0.124428	0.041752	0.025155	0.047629
Chr12	7931675	8327781	-0.073929	-0.026076	-0.015077	-0.029179
Chr12	8141200	8488450	-0.119894	-0.056009	-0.028678	-0.044695
Chr12	8327815	8577129	-0.028385	-0.017251	-0.008728	-0.009284
Chr12	8488451	8687693	0.020601	0.017178	0.008207	0.010224
Chr12	8577133	8972241	-0.151085	-0.064631	-0.034559	-0.056077
Chr12	8687720	9107577	-0.029803	-0.010784	-0.006240	-0.014412
Chr12	8972254	9387132	0.362416	0.147616	0.066069	0.208702
Chr12	9107584	9495414	0.541590	0.282436	0.112206	0.341048
Chr12	9387439	9646208	0.519089	0.292863	0.137835	0.295004
Chr12	9495592	9767876	0.271623	0.131154	0.066276	0.139111
Chr12	9646252	9910522	0.082916	0.041895	0.023738	0.031967
Chr12	9767877	9999726	0.038846	0.019144	0.012467	0.012798
Chr12	9910603	10096182	0.142870	0.085398	0.045413	0.069849
Chr12	9999851	10194558	0.181299	0.135171	0.055932	0.091573
Chr12	10096207	10283766	0.081513	0.077365	0.032222	0.040818
Chr12	10194653	10341811	0.031304	0.031384	0.016578	0.014193
Chr12	10283776	10416545	0.186107	0.161782	0.071953	0.061556
Chr12	10341850	10510055	0.086599	0.092387	0.028052	0.038881
Chr12	10416659	10581863	0.087765	0.093563	0.029397	0.049006
Chr12	10510092	10648659	0.115377	0.106383	0.046119	0.061777
Chr12	10581865	10890371	-0.044288	-0.021639	-0.012451	-0.018384
Chr12	10649009	11152412	0.050686	0.015858	0.009050	0.021045
Chr12	10890461	11322936	-0.015433	-0.004813	-0.002585	-0.004626
Chr12	11152434	11416883	0.048208	0.021558	0.011680	0.021064
Chr12	11322956	11527095	0.220816	0.143011	0.078578	0.103314
Chr12	11416947	11690040	0.184142	0.100469	0.051262	0.086792
Chr12	11527164	11834972	0.086234	0.041565	0.023784	0.037119
Chr12	11690046	12014860	-0.209248	-0.093999	-0.058386	-0.096653
Chr12	11834979	12164509	-0.264670	-0.100141	-0.063882	-0.115085
Chr12	12014897	12314287	0.002053	0.000864	0.000519	0.000097
Chr12	12164602	12441615	-0.042475	-0.024850	-0.012395	-0.015767
Chr12	12314322	12730565	-0.073278	-0.035909	-0.018949	-0.038081
Chr12	12443217	12855617	0.294466	0.173259	0.088994	0.167182
Chr12	12730568	13016862	0.374766	0.192808	0.099487	0.228384
Chr12	12855633	13118648	0.089956	0.032684	0.017044	0.044250
Chr12	13016863	13257483	-0.076263	-0.037030	-0.018176	-0.039396
Chr12	13118679	13367072	0.119158	0.089450	0.040533	0.066065
Chr12	13257497	13543778	0.272465	0.181296	0.097125	0.129057
Chr12	13367176	13702461	0.062234	0.030760	0.017012	0.025996
Chr12	13543794	13776271	0.070813	0.046034	0.022530	0.029720
Chr12	13702471	13826133	0.210036	0.235875	0.096526	0.104538
Chr12	13776284	13955599	0.149551	0.089789	0.038844	0.062269
Chr12	13826147	14097527	0.110031	0.048857	0.021608	0.032552
Chr12	13955699	14216231	0.274052	0.157281	0.066118	0.082453
Chr12	14097536	14318649	0.190558	0.149353	0.050607	0.063348
Chr12	14216250	14427329	0.050460	0.038653	0.013750	0.019790
Chr12	14318829	14552583	-0.007146	-0.004753	-0.002007	-0.001955
Chr12	14427377	14667480	0.007052	0.005529	0.002365	0.001931
Chr12	14553696	14896257	0.000915	0.000457	0.000227	0.001277
Chr12	14667489	14989788	0.085737	0.040703	0.020849	0.045778
Chr12	14896316	15131159	0.281163	0.142024	0.081884	0.118294
Chr12	14989922	15261482	0.327471	0.136016	0.076666	0.130549
Chr12	15131171	15450487	0.037701	0.013302	0.007813	0.013060
Chr12	15261762	15663390	-0.167846	-0.062250	-0.036202	-0.092324
Chr12	15450520	15826610	0.101218	0.048641	0.024661	0.053375
Chr12	15663784	15976676	0.094485	0.044874	0.020870	0.049666
Chr12	15826862	16104430	-0.050617	-0.021116	-0.012034	-0.022113
Chr12	15976886	16212196	0.057712	0.033910	0.021226	0.026010
Chr12	16104542	16353301	0.082968	0.067547	0.028842	0.034115
Chr12	16212230	16530664	0.040786	0.019563	0.008902	0.014131
Chr12	16353476	16669808	-0.021531	-0.009827	-0.004531	-0.007301
Chr12	16530688	17048094	0.011859	0.004833	0.002370	0.006680
Chr12	16669979	17225562	0.107653	0.041070	0.019660	0.045084
Chr12	17048516	17495124	0.207646	0.066778	0.038192	0.091843
Chr12	17225679	17626194	0.237044	0.082782	0.047638	0.103452
Chr12	17495135	17854456	-0.020282	-0.009265	-0.004788	-0.019275
Chr12	17626254	17986761	-0.098512	-0.037607	-0.023180	-0.067744
Chr12	17854501	18084740	-0.033424	-0.014497	-0.008901	-0.016433
Chr12	17986831	18187621	-0.019974	-0.010571	-0.005694	-0.003038
Chr12	18084776	18318744	-0.165892	-0.068232	-0.035519	-0.061737
Chr12	18187706	18439118	-0.186024	-0.087859	-0.043371	-0.076282
Chr12	18318748	18599555	0.010365	0.004814	0.002549	0.008628
Chr12	18439152	18762460	-0.043547	-0.016324	-0.010478	-0.024177
Chr12	18599571	18880881	-0.158962	-0.080595	-0.052421	-0.092943
Chr12	18762472	19008661	0.031579	0.020583	0.013687	0.023025
Chr12	18880930	19066564	0.117860	0.091948	0.059389	0.054564
Chr12	19009540	19107695	0.031548	0.045273	0.020771	0.015069
Chr12	19066615	19158802	0.074913	0.098359	0.046829	0.039278
Chr12	19107698	19255346	0.163793	0.138718	0.073438	0.085588
Chr12	19158826	19328594	0.315677	0.223252	0.117990	0.164388
Chr12	19255352	19456292	0.365381	0.186697	0.108526	0.164448
Chr12	19328604	19611361	0.215218	0.088803	0.055648	0.089012
Chr12	19456685	19824883	0.059800	0.020578	0.010950	0.021239
Chr12	19611507	20207533	0.159906	0.044409	0.023959	0.071174
Chr12	19824888	20398501	0.077972	0.021519	0.013187	0.036314
Chr12	20207551	20784179	-0.072473	-0.012975	-0.009078	-0.027475
Chr12	20398518	21222946	0.033789	0.004548	0.003013	0.015956
Chr12	20785002	21783441	-0.023940	-0.003337	-0.001862	-0.012003
Chr12	21223105	23455128	-0.080399	-0.008527	-0.005050	-0.037930
Chr12	21783581	24118172	-0.325987	-0.046813	-0.026862	-0.179877
Chr12	23455159	25436293	-0.236388	-0.035750	-0.019381	-0.140122
Chr12	24118189	26010111	0.030919	0.003598	0.002162	0.012277
Chr12	25437562	26462377	-0.001181	-0.000175	-0.000109	0.000819
Chr12	26010118	26752861	-0.025791	-0.005348	-0.003104	-0.007718
Chr12	26462571	26950404	-0.026913	-0.010479	-0.005664	-0.011244
Chr12	26752867	27197288	0.458128	0.217779	0.106042	0.311703
Chr12	26950409	27391563	0.596938	0.234336	0.118172	0.373326
Chr12	27197337	27693119	0.149639	0.038554	0.020570	0.065773
Chr12	27391641	27897542	0.017483	0.003902	0.002032	0.005752
Chr12	27693158	28040266	0.210387	0.081604	0.042816	0.054157
Chr12	27897606	28207475	0.062364	0.023938	0.013667	0.018728
Chr12	28040281	28436943	-0.077530	-0.018904	-0.010453	-0.025208
Chr12	28207581	28610884	0.092438	0.026858	0.013710	0.041291
Chr12	28437326	28710503	0.152174	0.064620	0.033601	0.089469
Chr12	28611235	28870424	0.037046	0.012416	0.007461	0.015633
Chr12	28710577	28994875	-0.078092	-0.025522	-0.014300	-0.025872
Chr12	28870450	29066021	-0.027060	-0.016714	-0.007830	-0.009235
Chr12	28994910	29187005	-0.008632	-0.005297	-0.002143	-0.002731
Chr12	29066057	29340941	-0.129771	-0.067578	-0.027479	-0.061583
Chr12	29187182	29550239	-0.019523	-0.010097	-0.003867	-0.007054
Chr12	29340953	29676703	0.028924	0.014988	0.005433	0.018741
Chr12	29552321	30017873	0.004674	0.001655	0.000780	0.001918
Chr12	29676751	30274888	-0.027094	-0.007731	-0.003957	-0.013384
Chr12	30017874	30605551	-0.042330	-0.011031	-0.005964	-0.016735
Chr12	30275090	30796480	0.102575	0.026073	0.014060	0.035221
Chr12	30605659	30911024	0.044066	0.019091	0.008599	0.013703
Chr12	30797088	31033841	0.067499	0.043996	0.017082	0.025102
Chr12	30911144	31206407	0.043732	0.026191	0.011888	0.016894
Chr12	31033924	31367992	0.195072	0.104082	0.047179	0.090786
Chr12	31206435	31467702	0.560384	0.321843	0.130881	0.293333
Chr12	31368013	31621768	0.630448	0.373925	0.161519	0.358709
Chr12	31467794	31879239	0.271903	0.116844	0.050589	0.115094
Chr12	31621845	31981653	0.002699	0.001128	0.000470	0.002910
Chr12	31879287	32049002	0.057607	0.038157	0.015328	0.025310
Chr12	31981658	32136094	-0.022345	-0.021693	-0.009044	-0.010656
Chr12	32049061	32212397	0.003041	0.002651	0.001300	-0.004741
Chr12	32136159	32283216	-0.030097	-0.028210	-0.015093	-0.022253
Chr12	32212416	32348573	-0.030642	-0.030127	-0.016270	-0.011659
Chr12	32283237	32492714	0.113899	0.066409	0.036464	0.052141
Chr12	32348659	32637371	0.049553	0.026760	0.012929	0.021777
Chr12	32492759	32876110	-0.124689	-0.058016	-0.028373	-0.043828
Chr12	32637516	33043299	-0.135254	-0.048506	-0.027479	-0.052258
Chr12	32876164	33216703	0.120305	0.053754	0.029035	0.060662
Chr12	33043419	33295135	0.207971	0.135038	0.069501	0.103508
Chr12	33216752	33480273	-0.068277	-0.037538	-0.023375	-0.032201
Chr12	33295145	33553830	-0.046801	-0.025830	-0.015914	-0.023173
Chr12	33480274	33659328	0.005839	0.007152	0.003236	0.003596
Chr12	33554039	33743533	-0.004574	-0.007328	-0.003270	-0.001201
Chr12	33659479	33810213	0.012718	0.020610	0.008840	0.005202
Chr12	33743534	33891670	-0.107905	-0.197838	-0.068069	-0.050479
Chr12	33810216	34030547	-0.110169	-0.210630	-0.066487	-0.048999
Chr12	33891679	34087750	0.017528	0.032664	0.009769	0.008935
Chr12	34030557	34161956	0.068304	0.125141	0.040248	0.038080
Chr12	34087803	34245914	0.044822	0.075082	0.021330	0.026093
Chr12	34162002	34374318	0.252691	0.197563	0.075501	0.116843
Chr12	34246097	34484454	0.413088	0.264226	0.100343	0.206200
Chr12	34374338	34597782	0.496812	0.344865	0.132509	0.245266
Chr12	34484492	34696094	0.298029	0.254205	0.128947	0.135259
Chr12	34597804	34944125	-0.002005	-0.000923	-0.000442	-0.003554
Chr12	34696112	35162746	0.050638	0.016942	0.008760	0.020408
Chr12	34944213	35321430	0.129651	0.054740	0.031302	0.053126
Chr12	35162772	35446115	0.092678	0.039536	0.022966	0.039542
Chr12	35321631	35687017	0.127767	0.050227	0.027129	0.057958
Chr12	35446515	35789473	0.292282	0.131621	0.059135	0.138564
Chr12	35687060	35848892	0.312367	0.206384	0.091501	0.135716
Chr12	35789479	35919933	0.127731	0.151852	0.074268	0.055001
Chr12	35848966	36010609	0.018649	0.023167	0.010573	0.005954
Chr12	35919952	36056416	-0.026973	-0.037374	-0.016527	-0.018853
Chr12	36010670	36134811	0.002225	0.003471	0.001142	-0.000078
Chr12	36056418	36207927	0.031372	0.030776	0.014345	0.016605
Chr12	36134866	36421931	-0.007753	-0.003504	-0.002202	-0.002588
Chr12	36207936	36658119	-0.001898	-0.000562	-0.000363	-0.002339
Chr12	36421975	36908136	0.052748	0.011871	0.008074	0.022614
Chr12	36658328	37088514	0.223006	0.062397	0.038137	0.109828
Chr12	36908187	37330379	0.178176	0.064092	0.034401	0.077524
Chr12	37088520	37511577	-0.055023	-0.019115	-0.011138	-0.017962
Chr12	37330388	37698070	-0.048940	-0.020556	-0.012140	-0.014368
Chr12	37512020	37950684	-0.028901	-0.009698	-0.006191	-0.010136
Chr12	37698089	38141621	-0.074803	-0.022431	-0.013768	-0.027622
Chr12	37951223	38377329	-0.022681	-0.007744	-0.004348	-0.006509
Chr12	38141634	38501796	0.013496	0.005442	0.002861	0.003736
Chr12	38377746	38686386	0.195263	0.075440	0.042598	0.067477
Chr12	38501797	38823717	0.123231	0.057529	0.033902	0.057998
Chr12	38686559	38975574	-0.039754	-0.027221	-0.014750	-0.014954
Chr12	38823722	39144115	-0.010364	-0.005352	-0.003049	-0.002806
Chr12	38975707	39232655	-0.061433	-0.040976	-0.021639	-0.019799
Chr12	39144217	39328753	-0.015169	-0.016697	-0.008314	-0.005721
Chr12	39232675	39431910	0.195764	0.201460	0.068393	0.084482
Chr12	39328770	39579802	0.334372	0.207526	0.073913	0.104078
Chr12	39432011	39771165	0.164166	0.060403	0.030156	0.048143
Chr12	39580780	39854847	0.084301	0.036785	0.019143	0.024603
Chr12	39771169	39957947	0.025509	0.017365	0.009610	0.007413
Chr12	39854859	40058990	0.052336	0.039865	0.023196	0.018273
Chr12	39957948	40501682	0.152453	0.124382	0.072988	0.076456
Chr12	40058996	40694060	0.127305	0.102704	0.060491	0.062021
Chr12	40501700	40799207	-0.065006	-0.054955	-0.025537	-0.018648
Chr12	40694130	40983805	-0.102365	-0.053369	-0.026224	-0.031524
Chr12	40799683	41067613	0.193580	0.107752	0.055396	0.093478
Chr12	40983815	41187649	0.443959	0.292340	0.155464	0.274391
Chr12	41067692	41311571	0.354569	0.203209	0.117066	0.203895
Chr12	41187681	41501351	-0.243104	-0.174845	-0.091413	-0.117361
Chr12	41311593	41587447	-0.312939	-0.306037	-0.134028	-0.162931
