chr	windowStart	windowEnd	D	f_d	f_dM	d_f
Chr01	183188	303145	0.306954	0.281867	0.132282	0.130897
Chr01	245553	394609	0.157254	0.124130	0.062404	0.057418
Chr01	303263	479422	-0.040821	-0.048278	-0.017317	-0.013746
Chr01	394612	552209	-0.071011	-0.105074	-0.030274	-0.023804
Chr01	479499	650958	-0.277961	-0.285613	-0.122013	-0.111992
Chr01	552448	856880	-0.276072	-0.235554	-0.099517	-0.123544
Chr01	651021	969164	-0.025970	-0.025272	-0.008723	-0.007727
Chr01	856899	1053421	-0.098045	-0.135699	-0.038939	-0.034085
Chr01	969185	1170384	-0.095413	-0.066083	-0.030973	-0.034412
Chr01	1053422	1301079	-0.106865	-0.059252	-0.033162	-0.042698
Chr01	1170391	1411778	-0.250147	-0.188199	-0.096468	-0.087502
Chr01	1301342	1510176	-0.287522	-0.223054	-0.105213	-0.111370
Chr01	1411836	1570679	-0.095651	-0.073041	-0.036701	-0.040506
Chr01	1510241	1679387	0.153987	0.085267	0.051273	0.050739
Chr01	1570712	1853847	0.131535	0.048412	0.032983	0.046813
Chr01	1679440	2036372	0.167604	0.065244	0.041298	0.077004
Chr01	1854264	2143702	0.239395	0.121643	0.068217	0.097569
Chr01	2036476	2231839	0.226310	0.144096	0.083374	0.104951
Chr01	2143728	2303063	0.134339	0.113032	0.060943	0.071558
Chr01	2231880	2443809	0.047539	0.044875	0.022488	0.028563
Chr01	2303064	2526854	0.083709	0.072830	0.038069	0.046673
Chr01	2443880	2640448	0.084625	0.085438	0.044131	0.039119
Chr01	2526952	2715002	-0.035070	-0.030569	-0.016796	-0.016524
Chr01	2640508	2775306	0.010492	0.008073	0.004765	0.006635
Chr01	2715064	2872974	0.158610	0.120918	0.071104	0.092029
Chr01	2775327	2953866	0.104132	0.092687	0.049655	0.056641
Chr01	2873018	3054813	-0.095766	-0.116294	-0.049928	-0.038626
Chr01	2953941	3170599	-0.046011	-0.046959	-0.022419	-0.017107
Chr01	3055164	3327102	0.072167	0.051602	0.025978	0.033211
Chr01	3170625	3480103	0.117434	0.069603	0.034726	0.050696
Chr01	3327281	3590273	-0.088818	-0.054508	-0.029380	-0.042179
Chr01	3480129	3767891	-0.142025	-0.084616	-0.049983	-0.064235
Chr01	3590345	3878797	0.052275	0.029145	0.019137	0.017618
Chr01	3767895	3999149	0.096459	0.052378	0.033701	0.029421
Chr01	3878918	4075659	0.053907	0.041643	0.021104	0.023719
Chr01	3999206	4198062	0.102533	0.086861	0.040264	0.055350
Chr01	4075735	4302020	0.212395	0.154700	0.072180	0.095399
Chr01	4198152	4400712	0.150736	0.114360	0.059318	0.057207
Chr01	4302103	4462933	0.008824	0.008853	0.005136	-0.000057
Chr01	4400739	4515669	0.015350	0.019884	0.009786	0.006002
Chr01	4462972	4622601	0.039058	0.040367	0.019664	0.020572
Chr01	4515763	4719396	0.037043	0.032252	0.015772	0.016961
Chr01	4622656	4868946	0.113706	0.079552	0.043110	0.049528
Chr01	4719423	5003699	0.121588	0.091526	0.044951	0.057412
Chr01	4868958	5150242	0.151787	0.118751	0.056583	0.070714
Chr01	5003926	5374273	0.293032	0.202344	0.111276	0.154039
Chr01	5150314	5596536	0.208673	0.140761	0.082378	0.119148
Chr01	5374908	5745781	0.121726	0.075037	0.042088	0.051781
Chr01	5596541	5855045	0.112899	0.090627	0.040042	0.045376
Chr01	5745849	5949953	0.055656	0.055933	0.021322	0.023130
Chr01	5855048	6064810	0.067612	0.048757	0.022489	0.022421
Chr01	5950060	6162234	-0.161350	-0.112455	-0.055935	-0.051673
Chr01	6064837	6242517	-0.341593	-0.570710	-0.156051	-0.143945
Chr01	6162236	6375672	0.029728	0.048519	0.010328	0.015317
Chr01	6242521	6671217	0.415582	0.314552	0.107322	0.196471
Chr01	6375764	6889923	0.542226	0.398235	0.165041	0.377624
Chr01	6671227	7009717	0.577034	0.482215	0.212334	0.384963
Chr01	6889948	7121299	0.313454	0.291839	0.106506	0.197911
Chr01	7009751	7298712	0.032097	0.030787	0.010026	0.014533
Chr01	7121336	7396328	-0.109313	-0.098269	-0.033173	-0.044499
Chr01	7298843	7503835	0.323000	0.274966	0.096894	0.163816
Chr01	7396370	7635184	0.421208	0.347023	0.131699	0.209278
Chr01	7503898	7795108	0.240326	0.138474	0.067102	0.111692
Chr01	7635196	7945717	0.165862	0.083787	0.044710	0.089351
Chr01	7795765	8072393	0.009209	0.005292	0.002965	0.003198
Chr01	7945737	8209886	-0.072566	-0.046444	-0.027498	-0.033583
Chr01	8072491	8430992	0.058322	0.025229	0.017116	0.033106
Chr01	8209972	8609318	0.146769	0.052959	0.033677	0.053475
Chr01	8431115	8738117	0.018534	0.010301	0.005730	0.007428
Chr01	8609340	8955670	-0.154767	-0.120543	-0.063045	-0.084095
Chr01	8738161	9271862	-0.048148	-0.040964	-0.021984	-0.029881
Chr01	8956110	9405195	0.183239	0.107333	0.067451	0.069618
Chr01	9271965	9510727	0.010773	0.004844	0.002801	0.004402
Chr01	9405288	9584770	-0.067916	-0.065992	-0.037419	-0.022822
Chr01	9510732	9738090	-0.084128	-0.094755	-0.053373	-0.034573
Chr01	9584778	9845479	-0.056213	-0.049449	-0.028002	-0.025761
Chr01	9738354	9915888	0.048864	0.045031	0.027719	0.028543
Chr01	9845483	9985815	0.086832	0.074288	0.045328	0.042313
Chr01	9915894	10057011	-0.033588	-0.033667	-0.018585	-0.017611
Chr01	9985839	10201711	-0.008640	-0.005973	-0.003495	-0.001745
Chr01	10057035	10310439	-0.012853	-0.008782	-0.004935	-0.001003
Chr01	10201729	10401264	-0.104150	-0.097613	-0.052442	-0.036267
Chr01	10310456	10898938	0.034028	0.019027	0.011593	0.017488
Chr01	10401331	10993323	0.085244	0.045333	0.025476	0.034667
Chr01	10899061	11134152	0.062384	0.041382	0.018980	0.016665
Chr01	10993342	11282971	0.110610	0.056753	0.030937	0.031397
Chr01	11134158	11382419	0.030101	0.017796	0.011009	0.012518
Chr01	11282992	11488735	0.044876	0.040799	0.020825	0.022157
Chr01	11382805	11585982	0.125434	0.104061	0.049194	0.063584
Chr01	11488863	11763095	0.033337	0.023121	0.011905	0.016494
Chr01	11585989	11935574	-0.043807	-0.032892	-0.018229	-0.018151
Chr01	11763196	12074499	0.019576	0.015344	0.009180	0.019157
Chr01	11935641	12220362	0.031111	0.018169	0.011388	0.024309
Chr01	12074541	12401763	0.015072	0.006510	0.004115	0.007682
Chr01	12220628	12670566	0.045049	0.014568	0.009184	0.018425
Chr01	12401932	12860216	-0.019644	-0.007482	-0.003542	-0.002994
Chr01	12671117	13229657	0.066117	0.029849	0.011647	0.028694
Chr01	12860231	13458990	0.167871	0.075086	0.031038	0.054114
Chr01	13229658	13733351	0.097330	0.036599	0.017519	0.029769
Chr01	13459046	13877398	0.128392	0.043054	0.024917	0.050516
Chr01	13733418	14039332	0.012770	0.005564	0.003440	0.006462
Chr01	13877428	14155168	-0.020085	-0.011205	-0.007136	-0.010118
Chr01	14039403	14308321	-0.270478	-0.188217	-0.098536	-0.141158
Chr01	14155435	14444621	-0.632944	-0.407304	-0.199135	-0.409106
Chr01	14308329	14639696	-0.571547	-0.248438	-0.145079	-0.355806
Chr01	14444663	14754966	-0.250528	-0.107848	-0.059753	-0.128423
Chr01	14639707	14890171	0.096669	0.049655	0.027253	0.048642
Chr01	14754967	15007371	0.213729	0.093309	0.057134	0.095472
Chr01	14890200	15118519	0.107129	0.055183	0.029227	0.046666
Chr01	15007390	15241897	0.167212	0.073669	0.045156	0.071722
Chr01	15118528	15452249	0.262248	0.090489	0.057463	0.113527
Chr01	15242160	15591597	0.203749	0.086921	0.049662	0.104273
Chr01	15452390	15706106	0.117779	0.065178	0.037306	0.054734
Chr01	15591663	16101004	0.085160	0.039210	0.026938	0.037503
Chr01	15706187	16286398	0.079976	0.033297	0.023980	0.039048
Chr01	16101674	16410348	0.029210	0.016605	0.010876	0.012933
Chr01	16286679	16508422	-0.128269	-0.118276	-0.067089	-0.064264
Chr01	16410349	16670208	-0.030397	-0.020323	-0.012010	-0.013051
Chr01	16508556	16924496	0.071178	0.030661	0.018848	0.034928
Chr01	16670274	17051142	0.100918	0.047916	0.027358	0.050843
Chr01	16924552	17274030	0.021358	0.008925	0.005380	0.014167
Chr01	17051174	17455764	0.022189	0.008864	0.005257	0.022689
Chr01	17274069	17506918	0.184615	0.130308	0.062915	0.077661
Chr01	17455784	17572237	-0.027877	-0.030343	-0.013199	-0.007442
Chr01	17506924	17774219	-0.081336	-0.062224	-0.031409	-0.032034
Chr01	17572335	17949010	0.098946	0.064153	0.034914	0.048596
Chr01	17774238	18167831	0.126272	0.079487	0.039390	0.051397
Chr01	17949070	18275608	0.023521	0.014233	0.007391	0.006588
Chr01	18168204	18398185	-0.028201	-0.020702	-0.009843	-0.009083
Chr01	18275611	18569828	0.112676	0.077911	0.032631	0.051105
Chr01	18398275	18694007	0.235096	0.129709	0.063464	0.114871
Chr01	18569889	18819865	0.376919	0.168953	0.107743	0.217040
Chr01	18694014	18945083	0.318293	0.160114	0.100261	0.169546
Chr01	18819958	19080882	0.170574	0.086839	0.051678	0.087478
Chr01	18945112	19267718	0.210050	0.094850	0.057334	0.108355
Chr01	19081894	19386972	-0.020393	-0.011224	-0.005945	-0.002139
Chr01	19267748	19732452	-0.170427	-0.043798	-0.026534	-0.081259
Chr01	19387285	19912220	-0.084543	-0.018009	-0.011254	-0.041041
Chr01	19732472	20004075	-0.006067	-0.002052	-0.001312	-0.003897
Chr01	19912241	20205511	0.060738	0.020859	0.014074	0.027278
Chr01	20004079	20319666	-0.009240	-0.003660	-0.002345	-0.002717
Chr01	20205604	20449522	-0.073268	-0.046287	-0.027439	-0.032601
Chr01	20319959	20599129	0.005639	0.003012	0.001851	0.001441
Chr01	20449527	20691451	-0.015942	-0.008659	-0.005362	-0.006301
Chr01	20599133	20862329	-0.154041	-0.086625	-0.049693	-0.070863
Chr01	20691543	21038950	-0.202645	-0.115854	-0.057613	-0.089895
Chr01	20862482	21243135	-0.159180	-0.068952	-0.034804	-0.063355
Chr01	21038970	21633109	-0.064032	-0.012897	-0.008186	-0.033929
Chr01	21243139	21810629	-0.040299	-0.007382	-0.004957	-0.027557
Chr01	21633170	22084867	-0.105365	-0.024384	-0.016325	-0.060174
Chr01	21810634	22211463	-0.054481	-0.017981	-0.011072	-0.025131
Chr01	22084960	22463964	0.105208	0.041272	0.024444	0.041617
Chr01	22211559	22778514	0.358244	0.130842	0.078661	0.178640
Chr01	22464033	23069138	0.360444	0.108949	0.068256	0.188648
Chr01	22778969	23210540	0.084588	0.030040	0.018191	0.036303
Chr01	23069814	23466960	0.017919	0.007171	0.004400	0.005873
Chr01	23210555	23675937	0.165682	0.052760	0.035331	0.057701
Chr01	23467025	23852674	0.195576	0.072137	0.045396	0.067194
Chr01	23678107	23959916	0.006685	0.003663	0.001984	0.000835
Chr01	23852874	24107173	0.041467	0.040564	0.014095	0.013835
Chr01	23961820	24334900	0.065262	0.059713	0.015626	0.017739
Chr01	24107280	24514034	0.104424	0.046867	0.021914	0.032365
Chr01	24335188	24725499	0.105497	0.041050	0.025115	0.040486
Chr01	24514067	24932238	-0.046322	-0.023323	-0.012161	-0.023622
Chr01	24725605	25057591	0.262227	0.141025	0.068182	0.123890
Chr01	24932314	25236766	0.467837	0.261632	0.125183	0.219258
Chr01	25057684	25362110	0.152384	0.082025	0.039270	0.057229
Chr01	25236789	25564245	-0.185154	-0.148336	-0.038439	-0.103912
Chr01	25362149	25665112	-0.131262	-0.122916	-0.032366	-0.100004
Chr01	25564357	25811225	0.309768	0.128594	0.072816	0.219877
Chr01	25665120	26003495	0.344336	0.113084	0.072266	0.210234
Chr01	25811239	26134426	0.310147	0.134484	0.094090	0.166976
Chr01	26003518	26241277	0.590203	0.325409	0.257822	0.327456
Chr01	26134443	26416655	0.288566	0.158662	0.104291	0.153418
Chr01	26242117	26619312	-0.002132	-0.000867	-0.000552	0.002018
Chr01	26416712	26723715	0.033829	0.014637	0.009113	0.017298
Chr01	26619367	26805664	-0.174937	-0.106973	-0.062855	-0.082366
Chr01	26723753	26898860	-0.085709	-0.058760	-0.032863	-0.036182
Chr01	26805677	27041191	0.238806	0.177141	0.087028	0.103854
Chr01	26899534	27164370	-0.122422	-0.079617	-0.046053	-0.066509
Chr01	27041209	27294865	-0.280908	-0.155404	-0.093114	-0.137901
Chr01	27164631	27546564	0.237064	0.150285	0.089237	0.115630
Chr01	27295015	27722343	0.389307	0.310980	0.191411	0.222284
Chr01	27546823	27851975	0.271449	0.104415	0.065851	0.121602
Chr01	27722421	27986107	0.230381	0.082376	0.047125	0.097062
Chr01	27852011	28141438	0.238586	0.139735	0.071101	0.095269
Chr01	27986494	28295674	0.305763	0.144249	0.085589	0.142062
Chr01	28141452	28503688	0.449742	0.188329	0.117526	0.257682
Chr01	28295683	28673012	0.281933	0.109953	0.068026	0.128848
Chr01	28504070	28784807	-0.090700	-0.046933	-0.026642	-0.031589
Chr01	28673056	29035773	-0.005731	-0.004457	-0.001990	-0.003536
Chr01	28784873	29160682	-0.051332	-0.030028	-0.014684	-0.024541
Chr01	29035890	29307416	0.029539	0.014612	0.008244	0.014812
Chr01	29160731	29393351	0.032590	0.018013	0.009982	0.014374
Chr01	29307439	29554270	-0.032711	-0.025644	-0.011220	-0.016041
Chr01	29394101	29699886	-0.031073	-0.014317	-0.007175	-0.010172
Chr01	29554305	29790682	-0.149224	-0.059125	-0.031215	-0.046644
Chr01	29699903	29937675	0.105776	0.050112	0.027367	0.037255
Chr01	29790701	30103795	0.294662	0.156572	0.068498	0.099067
Chr01	29937807	30173757	0.162061	0.133481	0.045749	0.068431
Chr01	30103896	30351705	0.314927	0.192810	0.108081	0.197179
Chr01	30173818	30428553	0.450150	0.265240	0.174415	0.271522
Chr01	30351762	30659717	0.198572	0.101545	0.065983	0.099452
Chr01	30428573	30814154	-0.051944	-0.022829	-0.014190	-0.026024
Chr01	30659752	31037468	-0.001761	-0.000777	-0.000494	-0.000381
Chr01	30814205	31212769	0.106667	0.044728	0.028340	0.060949
Chr01	31037507	31305051	0.227236	0.119252	0.067322	0.120986
Chr01	31212785	31391434	0.344057	0.228206	0.105974	0.185128
Chr01	31305177	31523117	0.186316	0.136728	0.066756	0.103557
Chr01	31391461	31617418	0.073602	0.056896	0.032368	0.034213
Chr01	31523577	31683411	-0.037210	-0.039228	-0.019249	-0.016563
Chr01	31617477	31777957	-0.155498	-0.192534	-0.094695	-0.079850
Chr01	31683573	31904330	0.107911	0.078754	0.038357	0.066213
Chr01	31778012	32009830	0.214372	0.109837	0.060941	0.128170
Chr01	31904367	32165878	0.129890	0.065828	0.039004	0.070956
Chr01	32010008	32392773	0.055727	0.028939	0.015737	0.026205
Chr01	32165951	32700702	0.162364	0.053848	0.033376	0.067283
Chr01	32393456	32937194	0.081333	0.025684	0.016144	0.045253
Chr01	32701594	33075678	0.221353	0.097598	0.056445	0.123229
Chr01	32937283	33238002	0.316082	0.175003	0.083409	0.176655
Chr01	33075679	33325408	0.083522	0.052411	0.021760	0.045856
Chr01	33238065	33451060	0.102772	0.062774	0.028688	0.047252
Chr01	33325415	33621802	0.039717	0.018973	0.008511	0.010919
Chr01	33451095	33793086	0.126657	0.050799	0.023468	0.058371
Chr01	33621870	33998267	-0.026557	-0.011535	-0.006060	-0.010012
Chr01	33793163	34086997	-0.123052	-0.074615	-0.035876	-0.048315
Chr01	33998288	34264923	0.134826	0.073018	0.032178	0.055986
Chr01	34087020	34351763	0.223769	0.123834	0.058793	0.123269
Chr01	34264963	34452456	-0.043906	-0.025508	-0.013338	-0.020804
Chr01	34351765	34563309	-0.120030	-0.061285	-0.035592	-0.074147
Chr01	34452465	34710719	0.134578	0.059276	0.037044	0.076584
Chr01	34563685	34821665	0.135347	0.058815	0.032846	0.056479
Chr01	34710771	34908530	-0.082668	-0.048519	-0.021079	-0.017350
Chr01	34821666	35065562	0.062267	0.035026	0.017145	0.022037
Chr01	34908738	35155429	0.251260	0.168039	0.092773	0.123551
Chr01	35065575	35302909	0.255133	0.157771	0.089781	0.133599
Chr01	35155615	35502740	0.123636	0.052405	0.026551	0.057361
Chr01	35303020	35610373	-0.283468	-0.124339	-0.061624	-0.104110
Chr01	35502776	35724532	-0.222136	-0.125391	-0.065888	-0.090941
Chr01	35610421	35817705	0.205149	0.155510	0.083383	0.108717
Chr01	35724546	35870148	0.119789	0.127470	0.064982	0.048368
Chr01	35817828	35930864	-0.015908	-0.025135	-0.009909	-0.005284
Chr01	35870341	36106921	-0.011287	-0.006726	-0.002671	0.000175
Chr01	35930875	36263712	0.124077	0.052083	0.021065	0.044925
Chr01	36106989	36380801	0.201557	0.093096	0.042881	0.069456
Chr01	36263714	36521008	0.087915	0.041876	0.019253	0.036300
Chr01	36380820	36687367	-0.039425	-0.020626	-0.009817	-0.013949
Chr01	36521080	36805457	-0.143061	-0.074772	-0.042169	-0.086577
Chr01	36687380	36900782	0.049732	0.029064	0.015773	0.033070
Chr01	36805486	37081115	0.202751	0.092560	0.046771	0.084241
Chr01	36900821	37268528	0.148770	0.037170	0.023103	0.062518
Chr01	37081140	37412814	0.357393	0.113870	0.074620	0.232161
Chr01	37268576	37598411	0.455487	0.173930	0.100929	0.346768
Chr01	37412816	37720772	0.378233	0.147160	0.077249	0.232920
Chr01	37598455	37845350	0.016558	0.009023	0.004552	0.011929
Chr01	37720822	38056558	-0.058322	-0.024227	-0.012480	-0.019801
Chr01	37845367	38241006	-0.007433	-0.002778	-0.001457	-0.003279
Chr01	38056849	38485052	-0.026900	-0.009881	-0.006061	-0.009444
Chr01	38241027	38848329	0.248049	0.056865	0.031438	0.144655
Chr01	38485072	39135986	0.183421	0.044543	0.024869	0.106016
Chr01	38848358	39265269	-0.130922	-0.044906	-0.032063	-0.070408
Chr01	39135999	39654989	0.034583	0.006466	0.004201	0.027107
Chr01	39265442	40210557	0.104173	0.014049	0.008774	0.075743
Chr01	39655079	40888719	-0.040025	-0.003840	-0.002622	-0.017248
Chr01	40210572	41475889	0.230349	0.024722	0.017928	0.151786
Chr01	40888978	41773166	0.486156	0.071354	0.053009	0.241760
Chr01	41475914	42308434	0.243779	0.030618	0.023101	0.094416
Chr01	41773422	42892227	0.000442	0.000043	0.000034	0.001826
Chr01	42308448	44099838	0.006068	0.000845	0.000682	0.001108
Chr01	42892406	44740454	0.228367	0.051108	0.042212	0.106970
Chr01	44099906	45917658	0.218593	0.050813	0.041097	0.105846
Chr01	44740464	46446538	-0.042036	-0.010364	-0.007798	-0.017244
Chr01	45917737	46805093	-0.008017	-0.002426	-0.001607	0.000191
Chr01	46446670	47572878	0.062975	0.010189	0.006312	0.025250
Chr01	46805789	47799410	0.340463	0.067086	0.040894	0.189541
Chr01	47573212	48204438	0.281506	0.107559	0.061566	0.172848
Chr01	47799720	48785971	0.017220	0.004006	0.002872	0.007007
Chr01	48206101	49142711	-0.062136	-0.009945	-0.007782	-0.021411
Chr01	48786491	49334654	-0.276135	-0.043534	-0.033529	-0.094707
Chr01	49142834	49445001	-0.616134	-0.194079	-0.123808	-0.352763
Chr01	49334679	49728556	-0.228551	-0.122100	-0.060926	-0.137304
Chr01	49445016	49976450	0.190579	0.085132	0.042128	0.086219
Chr01	49734275	50037727	-0.169634	-0.083917	-0.041424	-0.056936
Chr01	49976460	50164518	0.009558	0.008758	0.003826	0.006714
Chr01	50038032	50297863	0.093298	0.116952	0.044952	0.045279
Chr01	50164625	50449741	-0.024289	-0.020596	-0.010982	-0.009612
Chr01	50298181	50524376	0.198750	0.131757	0.088139	0.125723
Chr01	50449760	50636962	0.522013	0.299121	0.229547	0.339982
Chr01	50524378	50760393	0.300467	0.144785	0.100951	0.177530
Chr01	50637139	51013791	-0.076321	-0.039981	-0.021549	-0.042773
Chr01	50760563	51118845	0.075494	0.024065	0.016469	0.053933
Chr01	51013802	51643492	0.282017	0.065251	0.053879	0.186417
Chr01	51118883	52119250	0.168968	0.050254	0.036874	0.060635
Chr01	51643588	52615287	0.067987	0.034851	0.018511	0.013910
Chr02	75689	532024	0.332828	0.213099	0.100007	0.177120
Chr02	269691	662035	0.252914	0.149297	0.068806	0.136543
Chr02	532072	745674	0.072186	0.036177	0.017905	0.030562
Chr02	662050	854538	-0.034316	-0.022647	-0.009540	-0.011866
Chr02	745684	1003623	0.161595	0.112789	0.039810	0.091200
Chr02	855308	1200996	0.429455	0.278983	0.091845	0.240092
Chr02	1003655	1332849	0.416389	0.294724	0.103943	0.238562
Chr02	1201997	1437845	0.204467	0.185216	0.072103	0.136502
Chr02	1332942	1552443	0.136782	0.141750	0.054613	0.091543
Chr02	1437866	1810268	0.187703	0.109348	0.049025	0.124685
Chr02	1552485	1915017	0.217231	0.110875	0.049141	0.106331
Chr02	1810362	2034329	-0.086118	-0.059588	-0.026014	-0.028114
Chr02	1915024	2180256	-0.170201	-0.110401	-0.052960	-0.061534
Chr02	2034504	2311218	-0.074962	-0.039018	-0.020979	-0.030286
Chr02	2180685	2426201	-0.046079	-0.018734	-0.012323	-0.019646
Chr02	2311266	2554047	0.024415	0.011003	0.007361	0.011283
Chr02	2426348	2673022	0.010140	0.005868	0.003522	0.005079
Chr02	2554078	2796796	-0.003542	-0.002465	-0.001453	-0.000122
Chr02	2673168	2931415	0.067935	0.051230	0.026508	0.041590
Chr02	2796809	3067559	0.190277	0.127797	0.074790	0.124741
Chr02	2931492	3233764	0.217547	0.144938	0.091586	0.137299
Chr02	3067570	3404049	0.280352	0.196010	0.116406	0.144205
Chr02	3234385	3563357	0.154682	0.074174	0.047292	0.066029
Chr02	3404055	3845202	0.018610	0.006473	0.003982	0.006079
Chr02	3563438	4032333	0.128917	0.050994	0.030461	0.071928
Chr02	3846096	4263423	0.173951	0.068248	0.044215	0.097550
Chr02	4032416	4529313	0.169735	0.050263	0.033041	0.090845
Chr02	4263532	4641685	0.146090	0.054812	0.030852	0.079698
Chr02	4529463	4762170	-0.155606	-0.123098	-0.052395	-0.092396
Chr02	4641777	4894824	-0.260605	-0.229746	-0.111815	-0.169164
Chr02	4762176	5009911	-0.190870	-0.199618	-0.099098	-0.105496
Chr02	4895444	5212959	-0.110822	-0.073673	-0.044342	-0.058299
Chr02	5010011	5389083	-0.022164	-0.009132	-0.006049	-0.008230
Chr02	5213566	5556896	0.119123	0.045288	0.026100	0.040707
Chr02	5389127	5755382	0.216383	0.086544	0.045550	0.091560
Chr02	5557245	6296403	0.123795	0.029482	0.017251	0.052710
Chr02	5755951	6641299	0.037098	0.007439	0.004721	0.017709
Chr02	6296954	6803551	-0.132077	-0.041227	-0.024560	-0.061646
Chr02	6642355	7061572	-0.019832	-0.008212	-0.004390	-0.010476
Chr02	6803627	7228554	0.178149	0.061494	0.036620	0.096592
Chr02	7061620	7405377	0.124782	0.049305	0.026462	0.054530
Chr02	7228575	7622487	0.102743	0.038640	0.020737	0.042625
Chr02	7405435	8059992	0.089588	0.030976	0.017255	0.030843
Chr02	7622515	8182702	0.190609	0.074298	0.042554	0.066844
Chr02	8060092	8345237	0.277090	0.114202	0.074740	0.132501
Chr02	8184344	8585414	0.109148	0.044365	0.029129	0.060973
Chr02	8346515	8808326	0.041033	0.013519	0.008777	0.026170
Chr02	8585462	8919581	-0.059784	-0.016582	-0.011785	-0.025378
Chr02	8808344	9052783	-0.073325	-0.027969	-0.018426	-0.040342
Chr02	8919635	9257141	0.074631	0.038319	0.020398	0.036597
Chr02	9053821	9522601	0.127228	0.073275	0.039732	0.069635
Chr02	9257152	9650744	0.091147	0.070761	0.038121	0.059478
Chr02	9522607	9790001	-0.040213	-0.025946	-0.015228	-0.019486
Chr02	9650867	10027443	0.051375	0.018774	0.012615	0.036196
Chr02	9790154	10358695	0.122467	0.035370	0.023283	0.075672
Chr02	10027515	10580718	0.060235	0.018317	0.011751	0.030377
Chr02	10358818	10839256	0.016207	0.004376	0.002854	0.005589
Chr02	10581421	11040167	-0.038169	-0.011350	-0.006959	-0.015749
Chr02	10839331	11178540	0.133738	0.062008	0.038704	0.061347
Chr02	11040169	11508634	0.200383	0.079511	0.048692	0.092904
Chr02	11178656	11712607	0.092337	0.033002	0.019479	0.043272
Chr02	11508680	11904577	-0.274560	-0.111855	-0.071211	-0.150593
Chr02	11712641	12180231	-0.308650	-0.107491	-0.072077	-0.178641
Chr02	11905266	12451744	0.009570	0.002465	0.001716	0.002820
Chr02	12180255	12702125	0.169477	0.050542	0.036413	0.074935
Chr02	12451793	13003486	0.191582	0.055480	0.038365	0.097908
Chr02	12702147	13227864	0.231766	0.061607	0.040554	0.117617
Chr02	13003505	13446518	0.153577	0.047137	0.031022	0.069831
Chr02	13227952	13613557	0.059386	0.018795	0.012883	0.024812
Chr02	13446519	13686827	0.272046	0.120167	0.082096	0.132045
Chr02	13613585	13794507	0.095152	0.069969	0.044593	0.047945
Chr02	13686881	13998674	-0.113331	-0.065790	-0.040153	-0.053858
Chr02	13794544	14150788	-0.018325	-0.009110	-0.005513	-0.009295
Chr02	13998758	14308882	0.142625	0.076752	0.049084	0.081394
Chr02	14150796	14371928	0.229957	0.154169	0.102108	0.118788
Chr02	14308958	14457217	0.113272	0.121726	0.070256	0.058075
Chr02	14371932	14639461	-0.008579	-0.005857	-0.003774	-0.002874
Chr02	14457810	14757475	0.076479	0.048826	0.030474	0.039797
Chr02	14639466	14851961	0.296238	0.240601	0.142612	0.183985
Chr02	14757577	14959981	0.217476	0.179543	0.112201	0.130158
Chr02	14851963	15199318	-0.028014	-0.011850	-0.008354	-0.015682
Chr02	14960052	15453146	-0.070755	-0.021203	-0.014607	-0.037287
Chr02	15199480	15832335	-0.033178	-0.008493	-0.005615	-0.013442
Chr02	15453154	16262740	-0.001279	-0.000246	-0.000164	0.003198
Chr02	15832672	16563006	-0.087391	-0.019139	-0.012106	-0.026877
Chr02	16263242	16835249	-0.168677	-0.046636	-0.028341	-0.067496
Chr02	16563503	17031532	-0.074242	-0.025810	-0.013833	-0.029890
Chr02	16835311	17092799	-0.120992	-0.072332	-0.024773	-0.018168
Chr02	17031594	17239160	-0.066990	-0.089034	-0.024737	-0.010868
Chr02	17092815	17293009	-0.002663	-0.003430	-0.001371	-0.000201
Chr02	17239186	17424204	0.001124	0.001101	0.000517	0.005726
Chr02	17293035	17501881	0.067330	0.050796	0.027688	0.037852
Chr02	17424336	17730238	0.145795	0.068101	0.039746	0.078130
Chr02	17501899	18034604	0.164544	0.044875	0.027921	0.075285
Chr02	17730702	18157662	0.059743	0.017117	0.010544	0.024041
Chr02	18034669	18522000	0.027143	0.010523	0.006728	0.009663
Chr02	18158463	18766199	-0.070476	-0.021803	-0.014954	-0.038876
Chr02	18522125	19164243	-0.094941	-0.019958	-0.013487	-0.049982
Chr02	18766937	19433765	0.238739	0.052978	0.034586	0.145297
Chr02	19164980	19633476	0.247714	0.078833	0.047959	0.164981
Chr02	19433877	19843265	-0.024553	-0.009768	-0.005837	-0.013041
Chr02	19633817	19992285	0.016102	0.006888	0.004309	0.007114
Chr02	19843311	20194579	-0.003234	-0.001253	-0.000731	-0.000573
Chr02	19992310	20560111	0.029679	0.008956	0.005581	0.012487
Chr02	20194649	20721346	0.147621	0.044840	0.028715	0.066939
Chr02	20562364	21085819	0.238916	0.079406	0.047013	0.122464
Chr02	20721363	21225470	-0.017404	-0.006713	-0.003780	-0.009888
Chr02	21085845	21492407	-0.207349	-0.071454	-0.042442	-0.090665
Chr02	21225526	21675306	0.053028	0.016205	0.008560	0.021660
Chr02	21492440	21872315	0.083297	0.029187	0.015351	0.040111
Chr02	21675573	22414571	0.215354	0.042922	0.028392	0.102336
Chr02	21872324	22748349	0.023623	0.004381	0.002827	0.013873
Chr02	22414705	23434545	-0.208142	-0.042284	-0.020230	-0.104994
Chr02	22748426	23857147	-0.031975	-0.005810	-0.002771	-0.012610
Chr02	23434633	24216280	0.052317	0.009330	0.005731	0.020461
Chr02	23857357	24373613	0.167262	0.044173	0.025846	0.080731
Chr02	24216306	24673979	0.288965	0.093202	0.046846	0.175179
Chr02	24373770	24923151	0.108523	0.034366	0.018129	0.064939
Chr02	24674517	25082602	-0.252310	-0.099438	-0.059351	-0.117530
Chr02	24923294	25267736	-0.256176	-0.122108	-0.068976	-0.112075
Chr02	25083129	25533659	-0.031803	-0.014857	-0.008939	-0.010052
Chr02	25267750	25742795	0.064352	0.026968	0.016371	0.026842
Chr02	25534786	25905072	0.108742	0.044752	0.028445	0.033171
Chr02	25742931	26065374	0.033266	0.012381	0.006812	0.008739
Chr02	25905080	26247903	-0.000320	-0.000092	-0.000050	-0.001388
Chr02	26066123	26339719	0.057633	0.020352	0.011652	0.022332
Chr02	26247977	26492295	0.267751	0.143489	0.084700	0.146410
Chr02	26339737	26654757	0.398467	0.203217	0.128069	0.254861
Chr02	26492305	26852079	0.274991	0.151781	0.095989	0.158800
Chr02	26654772	27237883	0.071714	0.017532	0.012112	0.040130
Chr02	26852083	27667420	0.149890	0.028381	0.019917	0.086596
Chr02	27237934	27842595	0.227862	0.058638	0.039832	0.110270
Chr02	27667655	28284072	0.071887	0.016768	0.011273	0.035913
Chr02	27842620	28596491	0.110307	0.020794	0.014755	0.062604
Chr02	28284082	28778567	0.145597	0.035559	0.025135	0.090196
Chr02	28596610	29099281	0.037868	0.009878	0.006519	0.026756
Chr02	28778582	29291164	0.149184	0.036807	0.024508	0.095620
Chr02	29099332	29520121	0.263148	0.067401	0.043966	0.140490
Chr02	29291273	29681252	0.140493	0.051853	0.031302	0.066569
Chr02	29520555	29998339	0.222554	0.063468	0.042920	0.117855
Chr02	29681374	30176648	0.269646	0.059721	0.043352	0.148543
Chr02	29998386	30398843	0.314732	0.090972	0.064092	0.183116
Chr02	30176689	30619882	0.222243	0.065060	0.042908	0.135663
Chr02	30398885	30921717	0.117915	0.027023	0.019486	0.075757
Chr02	30619902	31061905	0.245959	0.062602	0.047060	0.128892
Chr02	30922911	31518265	0.190353	0.034401	0.025206	0.102247
Chr02	31061935	31900380	0.074561	0.009039	0.006780	0.049233
Chr02	31518420	32453212	0.062068	0.007896	0.005744	0.032642
Chr02	31900411	32804647	0.018757	0.002959	0.001981	0.010138
Chr02	32453224	33000237	0.155320	0.041036	0.025358	0.091503
Chr02	32805361	33181045	0.299841	0.179983	0.083373	0.167828
Chr02	33000284	33343043	0.250445	0.118897	0.063323	0.139824
Chr02	33181049	33616242	0.146850	0.047839	0.029161	0.069007
Chr02	33343066	33707209	0.114949	0.041826	0.026481	0.059975
Chr02	33616263	33991293	-0.054184	-0.017488	-0.012732	-0.034055
Chr02	33707403	34438386	-0.177988	-0.038815	-0.025881	-0.087627
Chr02	33991595	34562868	-0.223949	-0.072596	-0.041589	-0.119072
Chr02	34438396	34621038	-0.558772	-0.454869	-0.198419	-0.397714
Chr02	34562989	34688233	-0.830715	-1.205909	-0.355257	-0.607704
Chr02	34621042	34863402	-0.733931	-0.517691	-0.243195	-0.514505
Chr02	34688237	35153883	-0.355109	-0.103135	-0.065670	-0.161051
Chr02	34863437	35482030	0.215900	0.041992	0.028352	0.082013
Chr02	35153894	35622427	0.173595	0.048149	0.032819	0.090142
Chr02	35482050	35818825	0.004836	0.002127	0.001459	0.000688
Chr02	35622522	35924340	-0.021560	-0.012151	-0.007815	-0.016686
Chr02	35818827	36178962	-0.036836	-0.014055	-0.009195	-0.023665
Chr02	35924479	36390437	-0.064972	-0.021695	-0.014025	-0.030188
Chr02	36178988	36506886	-0.371373	-0.163510	-0.096212	-0.228793
Chr02	36390453	36699406	-0.457449	-0.205204	-0.099936	-0.315557
Chr02	36506891	36876684	0.032802	0.014330	0.006686	0.018473
Chr02	36699436	37030639	-0.067472	-0.027550	-0.014635	-0.044419
Chr02	36877225	37125102	-0.269316	-0.126123	-0.062985	-0.152398
Chr02	37030650	37242204	0.049558	0.023140	0.011771	0.024683
Chr02	37125143	37495370	0.013579	0.003524	0.001994	0.007995
Chr02	37242213	37814033	-0.037328	-0.008014	-0.004643	-0.019749
Chr02	37495510	38163609	0.085493	0.017542	0.010904	0.052961
Chr02	37814062	38420741	0.157673	0.032302	0.022275	0.090811
Chr02	38163729	38839620	-0.061850	-0.012404	-0.008171	-0.031061
Chr02	38421020	38977669	-0.214613	-0.049707	-0.028770	-0.130313
Chr02	38844385	39055417	-0.472180	-0.293257	-0.137069	-0.326351
Chr02	38977725	39497313	-0.444495	-0.199498	-0.109391	-0.242668
Chr02	39058012	39910944	-0.049973	-0.008360	-0.005238	-0.025623
Chr02	39497377	41488502	-0.012296	-0.001341	-0.000895	-0.010406
Chr02	39911010	43174582	-0.025420	-0.002539	-0.001670	-0.010664
Chr02	41489067	43815624	-0.003633	-0.000483	-0.000295	-0.001967
Chr02	43174839	44525630	0.026511	0.002705	0.001832	0.009948
Chr02	43815732	45234647	0.085336	0.007882	0.005771	0.041477
Chr02	44525943	45760356	0.315164	0.043052	0.027033	0.173781
Chr02	45235069	46042872	0.326345	0.062947	0.032934	0.170178
Chr02	45760485	46342915	0.201056	0.042082	0.026118	0.083787
Chr02	46042890	46506431	0.184211	0.049782	0.033902	0.070981
Chr02	46343677	46864981	0.122549	0.031205	0.021303	0.044851
Chr02	46506474	47238024	0.109831	0.023431	0.015797	0.049143
Chr02	46865139	47452667	0.231386	0.079217	0.041787	0.125824
Chr02	47238026	47661385	0.212686	0.060707	0.035001	0.122314
Chr02	47452773	47906631	0.135636	0.032577	0.020418	0.067229
Chr02	47661472	48520020	0.059070	0.008651	0.004757	0.019612
Chr02	47906736	48891079	0.223758	0.034763	0.018011	0.101860
Chr02	48520098	49080749	0.376945	0.093575	0.051880	0.223855
Chr02	48893265	49249271	0.285358	0.073033	0.045196	0.151338
Chr02	49080991	49380690	0.046446	0.016358	0.010055	0.020819
Chr02	49249333	49565858	0.053198	0.028154	0.016836	0.020135
Chr02	49380710	49682434	0.138114	0.082966	0.048705	0.055940
Chr02	49565860	49794551	0.182258	0.104838	0.061290	0.074839
Chr02	49682505	50037321	0.236240	0.097117	0.057110	0.099596
Chr02	49794559	50324671	0.383991	0.177791	0.092830	0.216062
Chr02	50037519	50511755	0.273070	0.125652	0.066060	0.162938
Chr02	50324685	50659293	-0.143797	-0.073328	-0.038998	-0.072493
Chr02	50511756	50970765	-0.184686	-0.108791	-0.047550	-0.095342
Chr02	50659451	51250895	0.009465	0.004940	0.002200	0.019920
Chr02	50971103	51389624	0.024919	0.013660	0.006535	0.025156
Chr02	51250899	51543657	0.019542	0.011478	0.005974	0.014681
Chr02	51389674	51681132	0.068643	0.056670	0.015882	0.030220
Chr02	51543740	51939549	0.042582	0.051246	0.007012	0.026483
Chr02	51681169	52172989	-0.005530	-0.003623	-0.000816	0.012372
Chr02	51940957	52299528	-0.082120	-0.040969	-0.015660	-0.038047
Chr02	52173058	52700985	-0.019367	-0.005277	-0.003207	-0.009490
Chr02	52299612	52945753	0.096496	0.020675	0.012905	0.048389
Chr02	52701907	53128685	-0.093697	-0.030163	-0.019509	-0.057349
Chr02	52945759	53426694	-0.069606	-0.021971	-0.015571	-0.035529
Chr02	53128734	53604319	-0.155045	-0.050198	-0.033170	-0.072488
Chr02	53426697	53801139	-0.035804	-0.017267	-0.009810	-0.016907
Chr02	53604515	53953295	0.535748	0.301643	0.170128	0.378474
Chr02	53801658	54095133	0.439199	0.288950	0.157960	0.276030
Chr02	53954065	54259988	0.049689	0.026829	0.012929	0.028833
Chr02	54095236	54546050	0.127664	0.034744	0.022381	0.078328
Chr02	54260071	54884276	0.058357	0.009894	0.007227	0.030360
Chr02	54546625	55172422	-0.007280	-0.001545	-0.001026	-0.005265
Chr02	54885099	55503689	-0.110982	-0.028368	-0.018906	-0.056615
Chr02	55172442	55747364	-0.223027	-0.063674	-0.039787	-0.131013
Chr02	55503696	55950164	-0.202928	-0.055631	-0.034075	-0.119177
Chr02	55747872	56108563	-0.157348	-0.054810	-0.033187	-0.097580
Chr02	55950180	56217597	-0.060455	-0.040909	-0.021630	-0.034519
Chr02	56108656	56343509	0.001670	0.000821	0.000479	-0.000537
Chr02	56217663	56538227	-0.033794	-0.012814	-0.007908	-0.019092
Chr02	56343567	56602204	0.098769	0.051918	0.030357	0.048996
Chr02	56538230	56799481	0.267935	0.237456	0.110366	0.134870
Chr02	56602315	56929686	0.328942	0.255733	0.137378	0.169870
Chr02	56799581	57034788	0.200916	0.168044	0.086119	0.106850
Chr02	56929722	57230535	-0.038213	-0.023206	-0.012802	-0.018385
Chr02	57034873	57374439	0.064307	0.031341	0.020073	0.033953
Chr02	57230537	57669847	0.313908	0.121929	0.067891	0.213990
Chr02	57374463	57865514	0.216835	0.084885	0.046742	0.140795
Chr02	57670040	58062437	-0.198460	-0.099503	-0.056487	-0.111443
Chr02	57865601	58251539	-0.293494	-0.104967	-0.061889	-0.179244
Chr02	58062548	58396828	-0.076308	-0.024943	-0.015375	-0.040447
Chr02	58251798	58472573	-0.211549	-0.164895	-0.082378	-0.121455
Chr02	58396885	58613984	-0.285648	-0.224436	-0.131200	-0.172852
Chr02	58472775	58697145	-0.122101	-0.065828	-0.043623	-0.073876
Chr02	58614037	58940217	-0.100447	-0.038121	-0.026082	-0.057095
Chr02	58697146	59118260	-0.021388	-0.006961	-0.004843	-0.007587
Chr02	58940221	59272524	-0.087874	-0.038330	-0.024406	-0.029150
Chr02	59118325	59448968	0.016899	0.005381	0.003820	0.005396
Chr02	59273886	59570982	0.138801	0.052520	0.037169	0.061160
Chr02	59449011	59618276	0.064632	0.047043	0.028121	0.033653
Chr02	59571038	59698498	-0.078164	-0.153617	-0.059363	-0.032292
Chr02	59618279	59799471	-0.088076	-0.187445	-0.077749	-0.039888
Chr02	59698529	60053568	-0.081976	-0.114122	-0.042683	-0.040944
Chr02	59799485	60256019	-0.136291	-0.155481	-0.059627	-0.070756
Chr02	60053623	60340869	-0.223981	-0.263179	-0.125215	-0.126398
Chr02	60256030	60517089	-0.319631	-0.302011	-0.152049	-0.198095
Chr02	60340895	60584535	-0.223329	-0.207093	-0.108000	-0.131027
Chr02	60517169	60888877	0.006479	0.006782	0.003872	0.003802
Chr02	60584551	61012893	0.118496	0.099574	0.058553	0.063260
Chr02	60888884	61317450	0.089756	0.028934	0.019317	0.051938
Chr02	61012956	61536228	-0.091014	-0.023839	-0.016455	-0.053583
Chr02	61317500	61835186	-0.149878	-0.040540	-0.028831	-0.078845
Chr02	61536387	62065329	-0.083299	-0.027199	-0.018090	-0.043634
Chr02	61835210	62179959	-0.117807	-0.056926	-0.032271	-0.056817
Chr02	62065382	62320366	0.021394	0.008939	0.005189	0.008201
Chr02	62179960	62512484	0.294948	0.142268	0.077066	0.107417
Chr02	62320404	62727392	0.338063	0.149718	0.092263	0.180182
Chr02	62512559	62927701	0.218049	0.080543	0.054843	0.126930
Chr02	62727447	63035269	0.119055	0.052002	0.032585	0.057843
Chr02	62927728	63222148	0.179454	0.102329	0.046609	0.081047
Chr02	63035289	63450656	-0.005306	-0.001442	-0.000906	-0.003870
Chr02	63222181	63805862	-0.125020	-0.028718	-0.021862	-0.065149
Chr02	63451032	64114428	-0.061337	-0.011881	-0.009233	-0.034215
Chr02	63807079	64531080	0.007642	0.001230	0.000937	0.006240
Chr02	64114759	64807569	-0.040960	-0.009032	-0.006389	-0.023786
Chr02	64531099	65072553	-0.176892	-0.061471	-0.039759	-0.106579
Chr02	64807582	65223872	-0.163924	-0.072643	-0.042122	-0.103423
Chr02	65072644	65342538	-0.011994	-0.006495	-0.003626	-0.005374
Chr02	65223890	65675312	-0.202298	-0.097558	-0.038500	-0.105714
Chr02	65342551	65920866	-0.311367	-0.122644	-0.048508	-0.148642
Chr02	65675528	66111093	-0.118373	-0.041781	-0.024067	-0.055769
Chr02	65920937	66370089	0.025694	0.009619	0.006353	0.013172
Chr02	66111257	66576010	0.009683	0.003505	0.002444	0.004441
Chr02	66370270	66880891	-0.071151	-0.025433	-0.013900	-0.037562
Chr02	66576024	67027203	-0.143962	-0.066121	-0.029282	-0.070327
Chr02	66880934	67225461	-0.085114	-0.038028	-0.020769	-0.030122
Chr02	67027214	67310503	-0.006020	-0.003132	-0.001832	-0.003724
Chr02	67225600	67412256	-0.160279	-0.180319	-0.080259	-0.079551
Chr02	67310605	67529301	-0.179312	-0.150668	-0.072064	-0.075687
Chr02	67412265	67564268	-0.154297	-0.155642	-0.069604	-0.058558
Chr02	67529328	67632089	-0.208366	-0.362486	-0.135025	-0.093343
Chr02	67564269	67687362	-0.151037	-0.239282	-0.097968	-0.082909
Chr02	67632102	67815933	-0.059638	-0.054932	-0.028766	-0.032376
Chr02	67687384	67960355	-0.115262	-0.061731	-0.039051	-0.052421
Chr02	67815973	68060086	-0.146975	-0.079186	-0.049696	-0.070203
Chr02	67960394	68182708	-0.042381	-0.029874	-0.018116	-0.020605
Chr02	68060194	68300763	-0.022929	-0.016895	-0.009984	-0.008606
Chr02	68182783	68461257	-0.071204	-0.066364	-0.034965	-0.031304
Chr02	68300765	68577265	-0.018899	-0.013679	-0.007608	-0.008533
Chr02	68461305	68808858	0.049674	0.026532	0.015682	0.021581
Chr02	68577341	68975117	0.126840	0.070334	0.039771	0.062051
Chr02	68808982	69241345	0.126753	0.055506	0.032014	0.061839
Chr02	68975331	69372455	0.068175	0.032711	0.017814	0.030121
Chr02	69241371	69470189	-0.056459	-0.064087	-0.018212	-0.019598
Chr02	69372473	69632735	-0.214360	-0.125890	-0.055727	-0.087207
Chr02	69470329	69891916	-0.140072	-0.051280	-0.029768	-0.051823
Chr02	69636004	70006516	0.042338	0.020173	0.010515	0.014978
Chr02	69891990	70092048	0.057674	0.040187	0.021151	0.032941
Chr02	70006533	70304809	-0.052616	-0.027025	-0.015498	-0.023042
Chr02	70092085	70614724	-0.122437	-0.043157	-0.023510	-0.037918
Chr02	70304862	70713856	-0.051473	-0.019519	-0.011013	-0.014366
Chr02	70615029	70880042	-0.086664	-0.048558	-0.029711	-0.043908
Chr02	70713905	71059283	-0.048857	-0.014864	-0.011036	-0.028236
Chr02	70880099	71262574	0.088272	0.027171	0.019001	0.048986
Chr02	71059305	71572985	0.115515	0.055257	0.033861	0.071532
Chr02	71263232	71698265	0.113947	0.055003	0.036641	0.074446
Chr02	71573015	71878581	-0.088260	-0.066402	-0.035686	-0.060636
Chr02	71698282	72024199	0.321244	0.243631	0.144608	0.253823
Chr02	71878667	72228399	0.674758	0.490977	0.276651	0.468589
Chr02	72024265	72396420	0.197470	0.119941	0.058220	0.107668
Chr02	72228502	72619867	-0.015634	-0.005864	-0.003589	-0.003216
Chr02	72396971	72891322	0.168519	0.058291	0.036025	0.084782
Chr02	72620179	73173805	0.237983	0.082524	0.050139	0.125246
Chr02	72891346	73266479	0.361525	0.165961	0.102119	0.221186
Chr02	73173834	73340173	0.239982	0.236073	0.130750	0.135041
Chr02	73266623	73428161	-0.008554	-0.006521	-0.003955	-0.004266
Chr02	73340211	73600698	0.142750	0.083422	0.048161	0.056509
Chr02	73428474	73678586	0.170338	0.103744	0.057014	0.068262
Chr02	73600708	73884697	0.218816	0.135171	0.064112	0.104538
Chr02	73678618	73945133	0.191722	0.123904	0.063043	0.099322
Chr02	73884793	74085115	0.132755	0.099053	0.063611	0.073632
Chr02	73945160	74224656	0.219885	0.144887	0.087302	0.110517
Chr02	74085139	74404163	0.146144	0.080491	0.048310	0.065108
Chr02	74224709	74534481	0.035556	0.016837	0.011552	0.014645
Chr02	74404206	74811357	0.115455	0.041099	0.026747	0.041719
Chr02	74535473	75016406	0.149491	0.046610	0.028923	0.052179
Chr02	74811380	75423767	0.123698	0.057723	0.032711	0.052559
Chr02	75016441	76028590	0.071763	0.046426	0.022211	0.039989
Chr02	75423768	76187216	0.008569	0.005459	0.002899	0.001783
Chr02	76028593	76349851	0.040821	0.023239	0.013302	0.015953
Chr02	76187904	76651767	-0.018941	-0.008984	-0.005080	-0.008694
Chr02	76349870	76776462	0.020279	0.010384	0.006084	0.007817
Chr02	76651905	76919751	-0.199779	-0.120863	-0.068154	-0.103028
Chr02	76776509	77064090	-0.293209	-0.140574	-0.082813	-0.164954
Chr02	76919766	77205999	0.221165	0.099061	0.059571	0.112355
Chr02	77064203	77390048	0.389345	0.177830	0.101472	0.202153
Chr02	77206002	77632748	0.023030	0.008027	0.004700	0.008985
Chr02	77390088	77929383	-0.055994	-0.015519	-0.010014	-0.023412
Chr02	77632758	78217166	-0.071308	-0.019899	-0.012361	-0.031948
Chr02	77929614	78409994	0.120057	0.042327	0.022766	0.065409
Chr02	78217201	78562538	0.087434	0.040293	0.021663	0.057092
Chr02	78410023	78804240	0.100444	0.040357	0.024368	0.067599
Chr02	78562551	78980010	0.231454	0.100162	0.059360	0.135094
Chr02	78804342	79101008	0.515996	0.341417	0.194753	0.338238
Chr02	78980018	79237945	0.448778	0.263275	0.151648	0.307126
Chr02	79101009	79373754	-0.005001	-0.003437	-0.001730	-0.001209
Chr02	79237946	79576453	0.023936	0.015167	0.008099	0.014536
Chr02	79373761	80038635	-0.045370	-0.012022	-0.007459	-0.019422
Chr02	79576466	80335455	-0.098698	-0.021281	-0.013666	-0.048895
Chr02	80039097	80485425	-0.041319	-0.013564	-0.009495	-0.022490
Chr02	80336006	80715740	0.017728	0.007130	0.004762	0.005857
Chr02	80485516	81017303	-0.053810	-0.013164	-0.009196	-0.019085
Chr02	80715751	81355864	-0.083410	-0.017428	-0.012610	-0.035324
Chr02	81017304	81583728	-0.092905	-0.024699	-0.017543	-0.043262
Chr02	81355888	81762760	-0.075689	-0.027442	-0.018396	-0.036755
Chr02	81583734	81975822	-0.078721	-0.029224	-0.018681	-0.036088
Chr02	81762776	82069536	-0.108414	-0.048259	-0.028591	-0.053454
Chr02	81975859	82231319	0.097871	0.050445	0.031181	0.050610
Chr02	82069554	82373318	-0.004338	-0.002192	-0.001206	-0.000170
Chr02	82231345	82479594	-0.107609	-0.062563	-0.029971	-0.045763
Chr02	82373472	82634605	-0.143856	-0.070557	-0.033608	-0.049687
Chr02	82480025	82749782	-0.081387	-0.038838	-0.016776	-0.025828
Chr02	82634640	82908530	0.081242	0.037343	0.019484	0.029356
Chr02	82749799	83076122	0.174268	0.095542	0.048103	0.080588
Chr02	82908681	83269255	0.178356	0.122318	0.052299	0.093808
Chr02	83076123	83359321	0.034497	0.024603	0.011848	0.022663
Chr02	83269261	83469990	0.127387	0.089750	0.048603	0.067803
Chr02	83359347	83588698	0.041516	0.026766	0.015033	0.021573
Chr02	83470049	83815439	-0.060888	-0.026984	-0.016990	-0.029571
Chr02	83588775	84027092	-0.023314	-0.007089	-0.004676	-0.007593
Chr02	83815566	84204781	0.037975	0.012588	0.007968	0.020104
Chr02	84027186	84337514	-0.169417	-0.068253	-0.043356	-0.103528
Chr02	84205008	84461723	-0.285707	-0.171497	-0.091019	-0.180271
Chr02	84337563	84556230	0.022503	0.018567	0.008260	0.015102
Chr02	84461755	84735458	0.174616	0.103013	0.052776	0.087129
Chr02	84556478	85031608	0.117544	0.052901	0.029756	0.057500
Chr02	84735461	85145449	0.186576	0.088298	0.054295	0.091084
Chr02	85032272	85224971	0.093791	0.070755	0.038604	0.045998
Chr02	85145450	85297969	-0.059298	-0.058782	-0.025908	-0.028314
Chr02	85224973	85392142	-0.094772	-0.085351	-0.041803	-0.044322
Chr02	85298010	85503597	0.031726	0.025207	0.015646	0.015375
Chr02	85392186	85634907	0.080273	0.067944	0.036888	0.037557
Chr02	85503612	85822358	0.114348	0.081773	0.047360	0.053694
Chr02	85635078	86014034	0.004615	0.002758	0.001531	0.003884
Chr02	85822397	86191064	-0.177542	-0.105557	-0.049687	-0.097612
Chr02	86014067	86488045	-0.039795	-0.014248	-0.008656	-0.017364
Chr02	86191162	86753543	-0.070905	-0.019301	-0.012819	-0.037421
Chr02	86488067	87087906	-0.142147	-0.040186	-0.025366	-0.068738
Chr02	86753742	87242884	0.120812	0.039710	0.026081	0.057015
Chr02	87088005	87339165	0.352463	0.148927	0.104689	0.134515
Chr02	87242914	87452332	0.102877	0.066650	0.038437	0.033262
Chr02	87339166	87580023	-0.295443	-0.271045	-0.110817	-0.136216
Chr02	87452424	87714536	0.001670	0.001397	0.000659	0.007104
Chr02	87580045	87905833	0.250638	0.159474	0.085500	0.135234
Chr02	87714859	88122044	0.001247	0.000509	0.000328	0.004235
Chr02	87905846	88276541	-0.154863	-0.083588	-0.056782	-0.076673
Chr02	88122351	88422631	-0.214479	-0.175318	-0.100618	-0.111778
Chr02	88276686	88589929	0.093866	0.047454	0.028586	0.040364
Chr02	88422650	88718352	0.122390	0.068636	0.041280	0.054478
Chr02	88590122	88807918	0.000441	0.000305	0.000180	0.000446
Chr02	88718391	88992871	0.065526	0.036832	0.021165	0.026144
Chr02	88807966	89105042	0.052909	0.028564	0.016719	0.023477
Chr02	88992960	89227589	0.104247	0.067127	0.041047	0.042555
Chr02	89105072	89298162	0.053352	0.043464	0.023704	0.020346
Chr02	89227665	89398390	-0.071532	-0.094241	-0.030384	-0.023421
Chr02	89298242	89463578	0.111273	0.139906	0.046161	0.033485
Chr02	89398536	89548839	0.094519	0.111341	0.045382	0.031253
Chr02	89463634	89648448	0.148060	0.246886	0.078593	0.060110
Chr02	89548859	89732770	0.265938	0.430088	0.139350	0.132424
Chr02	89648486	89803699	0.122929	0.191616	0.070498	0.070551
Chr02	89733093	89891240	-0.113446	-0.173968	-0.064857	-0.050263
Chr02	89803793	89959833	-0.051010	-0.058354	-0.026962	-0.019251
Chr02	89891279	90082689	0.094266	0.091089	0.042569	0.041228
Chr02	89960098	90170989	-0.097295	-0.119179	-0.048989	-0.035113
Chr02	90082809	90271905	0.010950	0.011073	0.006336	0.006973
Chr02	90171021	90399073	0.190647	0.145709	0.087725	0.102433
Chr02	90271962	90529475	0.050245	0.031095	0.017670	0.022563
Chr02	90399088	90632817	-0.001490	-0.000849	-0.000516	-0.001050
Chr02	90529500	90728649	0.048166	0.030958	0.019120	0.022557
Chr02	90632871	90918637	0.038710	0.022643	0.013241	0.014892
Chr02	90728658	91144652	-0.005258	-0.003668	-0.001953	-0.002854
Chr02	90918822	91269754	0.204987	0.146498	0.066815	0.101571
Chr02	91145345	91506371	0.190462	0.125375	0.059232	0.099603
Chr02	91269814	91606402	-0.050271	-0.047043	-0.024427	-0.024403
Chr02	91506379	91693612	-0.188425	-0.332031	-0.120473	-0.093544
Chr02	91606438	91841235	-0.378992	-0.411434	-0.180256	-0.182630
Chr02	91693644	91891220	-0.296652	-0.278451	-0.140882	-0.135348
Chr02	91841247	91964706	-0.031067	-0.034667	-0.018643	-0.013192
Chr02	91891265	92121029	-0.026961	-0.018925	-0.011568	-0.014206
Chr02	91964782	92249661	-0.064839	-0.037221	-0.023814	-0.038734
Chr02	92121050	92337077	-0.057575	-0.040611	-0.024962	-0.033188
Chr02	92249685	92528211	0.076044	0.055727	0.032997	0.047406
Chr02	92337102	92589203	0.152190	0.111159	0.065305	0.081328
Chr02	92528236	92730442	-0.115479	-0.074290	-0.041840	-0.040139
Chr02	92589209	92854215	-0.144878	-0.076185	-0.050058	-0.052211
Chr02	92730528	92899358	0.027222	0.020623	0.014796	0.015942
Chr02	92854448	92964934	-0.030640	-0.037157	-0.018982	-0.010353
Chr02	92899371	93088174	-0.006112	-0.004444	-0.002542	-0.001108
Chr02	92965055	93166426	0.083220	0.053359	0.033432	0.043717
Chr02	93088406	93224283	0.035669	0.037576	0.020683	0.016257
Chr02	93166433	93267152	-0.038268	-0.069265	-0.030491	-0.019033
Chr02	93224331	93326697	-0.031266	-0.047892	-0.024371	-0.020775
Chr02	93267153	93393909	-0.010424	-0.013262	-0.007469	-0.008284
Chr02	93326807	93464910	-0.028992	-0.046865	-0.020196	-0.014263
Chr02	93393912	93840029	0.047732	0.035069	0.017929	0.029446
Chr02	93464994	94047685	0.027501	0.016196	0.008572	0.018629
Chr02	93840048	94161680	0.096780	0.073284	0.035716	0.051910
Chr02	94047686	94304012	0.197730	0.139130	0.073120	0.061501
Chr02	94162134	94434359	-0.190701	-0.228406	-0.095958	-0.062462
Chr02	94304402	94485937	-0.301531	-0.732072	-0.219976	-0.175969
Chr02	94434412	94659276	-0.359987	-0.414221	-0.216599	-0.238898
Chr02	94486073	94743385	-0.236371	-0.142695	-0.102799	-0.150525
Chr03	207668	383158	0.336154	0.225817	0.163852	0.200822
Chr03	279147	547353	0.392572	0.244557	0.160326	0.216523
Chr03	385751	687529	0.213899	0.134283	0.070465	0.087934
Chr03	547361	762073	0.210778	0.175526	0.081565	0.067385
Chr03	687570	841264	0.190695	0.182605	0.086238	0.047033
Chr03	762136	966669	0.145814	0.066709	0.045309	0.041188
Chr03	841335	1248692	0.219716	0.069382	0.040365	0.098936
Chr03	967364	1338978	0.121285	0.060909	0.032145	0.063712
Chr03	1250866	1493218	-0.078276	-0.063158	-0.038544	-0.052105
Chr03	1338981	1594862	-0.035612	-0.027737	-0.016372	-0.021744
Chr03	1494165	1668073	0.087245	0.110491	0.057481	0.048736
Chr03	1594987	1740217	0.091681	0.110770	0.057132	0.052047
Chr03	1668167	1858966	0.094968	0.102354	0.051714	0.055237
Chr03	1740264	1914327	0.027319	0.034234	0.018141	0.014664
Chr03	1859104	1975877	-0.018063	-0.024081	-0.013017	-0.011374
Chr03	1914334	2025391	0.100126	0.120377	0.072193	0.055167
Chr03	1975895	2134083	0.171202	0.168953	0.105618	0.100008
Chr03	2025412	2183904	0.121577	0.118821	0.069584	0.070255
Chr03	2134085	2275103	0.120818	0.122867	0.068525	0.060428
Chr03	2183923	2367003	0.019580	0.016162	0.009504	0.008458
Chr03	2275321	2520360	0.212469	0.149715	0.095697	0.113740
Chr03	2367055	2704487	0.209936	0.172490	0.086833	0.115547
Chr03	2520437	2829519	-0.000085	-0.000060	-0.000030	0.001353
Chr03	2704813	2952398	0.018906	0.010085	0.005751	0.003276
Chr03	2829651	3087705	0.232956	0.154340	0.084808	0.095610
Chr03	2952418	3167943	0.299454	0.240156	0.148720	0.140859
Chr03	3087772	3260041	0.168738	0.152651	0.087913	0.063149
Chr03	3167947	3307614	0.164787	0.195689	0.083080	0.054572
Chr03	3260231	3389616	0.129324	0.159016	0.064503	0.046420
Chr03	3307629	3477447	0.156271	0.136613	0.074209	0.066675
Chr03	3389633	3672499	0.115669	0.085308	0.050351	0.061554
Chr03	3477586	3760452	0.032449	0.027218	0.014803	0.018316
Chr03	3672506	3867895	0.168554	0.220260	0.096020	0.090517
Chr03	3760568	3965641	0.166438	0.200853	0.074477	0.080220
Chr03	3867942	4080182	0.107204	0.072544	0.035840	0.044021
Chr03	3965656	4177595	0.156058	0.104092	0.061737	0.071643
Chr03	4080246	4329145	0.221078	0.176767	0.106320	0.110156
Chr03	4177619	4433037	0.261438	0.182648	0.104389	0.116112
Chr03	4329165	4707111	0.312864	0.215052	0.082880	0.174236
Chr03	4433046	4910727	0.223114	0.107284	0.051437	0.159995
Chr03	4707257	5081784	0.184129	0.080192	0.042866	0.121420
Chr03	4910894	5273156	0.334845	0.183889	0.087068	0.185638
Chr03	5082977	5359801	0.251378	0.149401	0.073360	0.134242
Chr03	5273188	5490214	0.013763	0.013368	0.004977	0.007398
Chr03	5359908	5556319	-0.100512	-0.144276	-0.050450	-0.052859
Chr03	5490301	5604658	-0.279227	-0.404227	-0.174461	-0.163481
Chr03	5556322	5663110	-0.135826	-0.139561	-0.074350	-0.084382
Chr03	5604715	5723471	0.016215	0.014254	0.008172	0.014058
Chr03	5663119	5796786	-0.029031	-0.033116	-0.015456	-0.015767
Chr03	5723473	5868596	-0.040671	-0.054729	-0.020694	-0.020410
Chr03	5796872	5989843	0.268168	0.257981	0.098035	0.185315
Chr03	5868612	6050658	0.196373	0.209985	0.077340	0.144066
Chr03	5990150	6148135	-0.053869	-0.062759	-0.025999	-0.029303
Chr03	6050704	6220533	0.002442	0.002193	0.001076	0.000839
Chr03	6148149	6313179	0.094932	0.083853	0.035541	0.060761
Chr03	6220535	6526945	0.211756	0.122623	0.050529	0.128045
Chr03	6313257	6773387	0.033385	0.012304	0.006314	0.018315
Chr03	6526948	6909513	0.048206	0.015501	0.009628	0.020427
Chr03	6773413	7100670	0.291109	0.098700	0.061265	0.111171
Chr03	6910020	7259506	0.115000	0.050529	0.026752	0.053501
Chr03	7100776	7466153	0.207714	0.116823	0.057360	0.128949
Chr03	7259606	7667294	0.255234	0.114890	0.064670	0.152072
Chr03	7466156	7762725	0.024474	0.009783	0.005669	0.015013
Chr03	7667379	7919110	0.005593	0.002736	0.001498	0.003409
Chr03	7762748	8009315	-0.063267	-0.036330	-0.021232	-0.023478
Chr03	7919111	8267138	-0.140140	-0.071037	-0.038467	-0.049153
Chr03	8009338	8362262	-0.065975	-0.031775	-0.016754	-0.023466
Chr03	8267656	8451257	0.022410	0.015300	0.008112	0.012787
Chr03	8362446	8578075	0.106448	0.083378	0.035354	0.054437
Chr03	8451286	8639482	0.066971	0.077032	0.024408	0.042631
Chr03	8578124	8773750	0.084684	0.060754	0.027845	0.051224
Chr03	8639558	8881474	0.081364	0.046901	0.022722	0.045297
Chr03	8773785	9044950	0.100782	0.069264	0.028749	0.046710
Chr03	8881491	9185159	0.089379	0.070804	0.028616	0.036422
Chr03	9044967	9419626	0.158124	0.070802	0.034140	0.067515
Chr03	9185222	9588458	0.305811	0.119481	0.064604	0.151029
Chr03	9419819	9646114	0.253350	0.183451	0.102361	0.139691
Chr03	9588546	9737496	0.099635	0.119326	0.055692	0.043163
Chr03	9646133	9838496	0.119151	0.092354	0.039688	0.048988
Chr03	9737666	9932648	0.180142	0.140642	0.063787	0.086541
Chr03	9838566	10204921	0.132774	0.099486	0.053583	0.077044
Chr03	9932697	11517668	0.097718	0.063606	0.032820	0.052759
Chr03	10204941	11646356	0.102423	0.062058	0.029607	0.045519
Chr03	11517754	11769627	0.117224	0.079149	0.036889	0.061429
Chr03	11646628	11898212	0.034678	0.030061	0.013099	0.019237
Chr03	11769655	11993890	-0.090323	-0.100794	-0.036050	-0.031465
Chr03	11898224	12069964	0.046267	0.060244	0.024333	0.017625
Chr03	11993895	12168615	0.098773	0.097032	0.050405	0.052691
Chr03	12069996	12252072	0.149228	0.130349	0.067895	0.089441
Chr03	12168618	12331550	0.134745	0.115735	0.063282	0.072272
Chr03	12252092	12460200	-0.028196	-0.024296	-0.013332	-0.012658
Chr03	12331686	12586145	0.131493	0.126667	0.062435	0.078673
Chr03	12460210	12679118	0.233286	0.193635	0.097923	0.120538
Chr03	12586204	12755224	-0.021375	-0.015221	-0.006895	-0.006346
Chr03	12679146	12842617	-0.041891	-0.024365	-0.011189	-0.018630
Chr03	12755239	12978754	0.061290	0.032266	0.013367	0.026568
Chr03	12842876	13099927	0.284621	0.196296	0.073778	0.166731
Chr03	12978911	13419623	0.322971	0.305660	0.132511	0.180879
Chr03	13099930	13538720	0.028541	0.025670	0.012301	0.006121
Chr03	13419631	13835727	-0.006576	-0.002119	-0.001278	-0.000165
Chr03	13540255	14103684	0.131841	0.037143	0.021951	0.070955
Chr03	13835766	14238091	0.138152	0.060637	0.032768	0.075281
Chr03	14103697	14356076	-0.031892	-0.029574	-0.015511	-0.015802
Chr03	14238197	14558760	-0.009585	-0.005034	-0.002831	-0.004204
Chr03	14356116	14651094	0.154497	0.077908	0.046059	0.062639
Chr03	14558778	14779863	0.147450	0.086670	0.045553	0.083141
Chr03	14651137	15106619	0.066628	0.030734	0.015259	0.037187
Chr03	14779869	15238349	0.044983	0.019091	0.009944	0.025345
Chr03	15106701	15328058	0.188852	0.072045	0.042990	0.115158
Chr03	15238358	15558804	0.298478	0.111815	0.059306	0.194552
Chr03	15328068	15740873	0.320114	0.145042	0.068063	0.158913
Chr03	15558882	15940581	0.430509	0.238480	0.128187	0.233073
Chr03	15740909	16067254	0.350530	0.212462	0.124512	0.209573
Chr03	15941057	16230630	0.205271	0.120943	0.064346	0.102760
Chr03	16067260	16410074	0.208062	0.133087	0.042279	0.078152
Chr03	16230687	16614628	0.139827	0.060118	0.024215	0.057589
Chr03	16410097	16793196	-0.127101	-0.045502	-0.024329	-0.058294
Chr03	16614765	16863832	-0.211025	-0.123035	-0.060774	-0.099776
Chr03	16793284	16924703	0.103487	0.090034	0.045681	0.053547
Chr03	16863836	17003008	-0.109559	-0.092748	-0.045521	-0.042228
Chr03	16924761	17137465	-0.197180	-0.125840	-0.053581	-0.076210
Chr03	17003026	17263086	0.018046	0.008477	0.003995	0.012997
Chr03	17138565	17372920	0.053112	0.028486	0.014351	0.026197
Chr03	17263087	17483211	0.252057	0.123472	0.068806	0.133464
Chr03	17372944	17696148	0.293390	0.113336	0.051800	0.170722
Chr03	17483229	17915298	0.176464	0.061098	0.026806	0.090757
Chr03	17696166	18751487	0.204989	0.053252	0.031263	0.096359
Chr03	17915658	18952575	-0.147761	-0.038144	-0.023838	-0.077085
Chr03	18751755	19102149	-0.227245	-0.079923	-0.050691	-0.110825
Chr03	18952629	19426481	0.141339	0.050954	0.030835	0.059005
Chr03	19102220	19502258	0.242801	0.130137	0.063326	0.142079
Chr03	19426482	19642029	0.545686	0.481897	0.232966	0.390093
Chr03	19502302	19747959	0.474740	0.288002	0.174229	0.269913
Chr03	19642094	19862101	-0.142778	-0.073935	-0.044951	-0.063860
Chr03	19747982	19954743	-0.188956	-0.105003	-0.060410	-0.097016
Chr03	19862726	20048974	0.025201	0.015427	0.007115	0.010449
Chr03	19955145	20159502	0.144936	0.105292	0.049769	0.056524
Chr03	20048978	20224259	0.156380	0.118236	0.066919	0.077460
Chr03	20159512	20292900	-0.115488	-0.110643	-0.054673	-0.063913
Chr03	20224756	20381858	-0.166210	-0.164577	-0.070314	-0.075729
Chr03	20292960	20441820	-0.068224	-0.068174	-0.028918	-0.028634
Chr03	20381949	20514204	-0.252484	-0.350295	-0.120924	-0.118474
Chr03	20441829	20575133	-0.240688	-0.329167	-0.102108	-0.114516
Chr03	20514253	20634857	0.143318	0.119490	0.060407	0.078165
Chr03	20575142	20687091	0.119067	0.108748	0.060748	0.063047
Chr03	20634886	20774224	-0.129832	-0.190146	-0.067954	-0.071219
Chr03	20687174	20846260	-0.127648	-0.132620	-0.055332	-0.067822
Chr03	20774279	20971697	-0.079301	-0.059411	-0.028906	-0.044434
Chr03	20846275	21136385	-0.204547	-0.107002	-0.056281	-0.098423
Chr03	20972143	21329398	-0.313485	-0.114400	-0.069523	-0.127195
Chr03	21136456	21543337	-0.114312	-0.034829	-0.023584	-0.061797
Chr03	21329430	21694965	-0.016068	-0.004721	-0.002712	-0.008022
Chr03	21545451	21862035	-0.046237	-0.018332	-0.007893	-0.018862
Chr03	21695002	21948247	-0.362928	-0.185015	-0.096906	-0.232631
Chr03	21862087	22084206	-0.357944	-0.173902	-0.094826	-0.248467
Chr03	21948430	22268292	-0.062141	-0.026451	-0.012751	-0.039950
Chr03	22084218	22395795	-0.166321	-0.071185	-0.034700	-0.098863
Chr03	22268381	22607420	-0.176858	-0.054812	-0.031032	-0.092404
Chr03	22395805	22711545	-0.354554	-0.136620	-0.082250	-0.241677
Chr03	22607534	22902717	-0.567849	-0.314226	-0.178001	-0.456089
Chr03	22711549	23111580	-0.115989	-0.059088	-0.026690	-0.087294
Chr03	22902721	23228981	0.364997	0.202453	0.078833	0.271294
Chr03	23111722	23322099	0.322509	0.144146	0.069758	0.207228
Chr03	23229001	23466031	0.014222	0.006178	0.003152	0.014583
Chr03	23322106	23660935	-0.166484	-0.057195	-0.029644	-0.108658
Chr03	23466208	23792382	-0.409070	-0.099886	-0.054983	-0.220823
Chr03	23660990	24114348	-0.156942	-0.030088	-0.016448	-0.087144
Chr03	23792442	24371780	-0.126482	-0.025638	-0.014978	-0.076092
Chr03	24114708	24643849	-0.199973	-0.057994	-0.034256	-0.125233
Chr03	24372592	24861106	-0.123944	-0.033554	-0.020241	-0.074261
Chr03	24643936	25134566	-0.005485	-0.001313	-0.000818	0.003355
Chr03	24861154	25304772	-0.058759	-0.017195	-0.009048	-0.030533
Chr03	25135017	25711830	-0.040183	-0.009732	-0.005574	-0.030930
Chr03	25304828	26241517	0.054903	0.010737	0.005387	0.029193
Chr03	25711998	29916200	0.355306	0.074009	0.041118	0.206946
Chr03	26242116	30235997	0.365144	0.065521	0.045044	0.190387
Chr03	29916282	30530318	-0.179762	-0.042651	-0.021357	-0.099589
Chr03	30236371	30691474	-0.057968	-0.027529	-0.008734	-0.030075
Chr03	30530846	30979434	0.438068	0.278754	0.070247	0.305843
Chr03	30691815	31119630	0.366559	0.229753	0.068650	0.255724
Chr03	30980406	31193865	0.167602	0.152287	0.046149	0.079520
Chr03	31119639	31274352	0.243636	0.206053	0.065646	0.077834
Chr03	31193866	31337478	0.656988	0.493772	0.213844	0.298082
Chr03	31274359	31436263	0.789894	0.609194	0.304139	0.537077
Chr03	31337484	31505663	0.778818	0.563585	0.278823	0.509265
Chr03	31436353	31639095	0.658816	0.516806	0.181207	0.335276
Chr03	31505702	31810154	0.490050	0.453189	0.099630	0.201745
Chr03	31639445	31900541	-0.070123	-0.073132	-0.013760	-0.032177
Chr03	31810466	31968006	-0.411980	-0.610129	-0.120296	-0.290166
Chr03	31900645	32050060	-0.522700	-1.232428	-0.191952	-0.369457
Chr03	31968007	32201340	-0.343404	-0.362141	-0.088307	-0.213856
Chr03	32050088	32316411	0.184892	0.094332	0.035091	0.100107
Chr03	32201427	32439039	0.499456	0.183685	0.090133	0.200025
Chr03	32316469	32665318	0.465002	0.145227	0.078266	0.185547
Chr03	32439126	33069930	0.354503	0.086961	0.048249	0.133349
Chr03	32665582	33277248	0.193596	0.037817	0.020973	0.061264
Chr03	33070302	33406097	-0.055109	-0.014160	-0.007314	-0.017164
Chr03	33277260	33577931	-0.153516	-0.047040	-0.028009	-0.091649
Chr03	33406378	33768673	-0.003308	-0.000808	-0.000506	-0.020615
Chr03	33578033	33854835	0.006316	0.001443	0.000954	-0.014758
Chr03	33768845	33934589	-0.398151	-0.154891	-0.100177	-0.359887
Chr03	33854888	34066238	-0.542323	-0.318720	-0.151694	-0.323573
Chr03	33934599	34181428	-0.299118	-0.153058	-0.065207	-0.139554
Chr03	34067995	34273919	-0.070366	-0.045372	-0.021066	-0.042245
Chr03	34181441	34572470	0.090363	0.038568	0.022476	0.047252
Chr03	34273924	34761543	0.265028	0.075795	0.048757	0.115259
Chr03	34572492	34941248	0.152855	0.060197	0.038426	0.051965
Chr03	34761593	35144572	0.024260	0.017875	0.010474	0.011815
Chr03	34941250	35272159	-0.182245	-0.153529	-0.075784	-0.092297
Chr03	35144781	35347061	-0.231371	-0.170145	-0.090047	-0.105040
Chr03	35272179	35483854	0.212730	0.151655	0.077467	0.099968
Chr03	35347077	35595224	0.356300	0.275044	0.119843	0.202951
Chr03	35483862	35741073	0.090474	0.078600	0.031579	0.047467
Chr03	35595240	36168795	0.064284	0.045548	0.012925	0.032178
Chr03	35741105	36339425	-0.048840	-0.028452	-0.008465	-0.019018
Chr03	36168806	36476789	-0.182650	-0.101886	-0.047795	-0.072169
Chr03	36339427	36564928	-0.015440	-0.009821	-0.005754	-0.005836
Chr03	36476817	36683475	0.013848	0.008353	0.005387	0.003302
Chr03	36564931	36809993	-0.027126	-0.015470	-0.010577	-0.011166
Chr03	36683526	36959761	0.052684	0.029930	0.019159	0.022772
Chr03	36810074	37164510	0.134448	0.031758	0.023637	0.060537
Chr03	36959795	37402558	0.085079	0.017108	0.012283	0.042001
Chr03	37164745	37593719	0.035916	0.009334	0.005720	0.016004
Chr03	37402722	37763244	-0.013978	-0.004670	-0.002821	-0.002890
Chr03	37593735	38093495	-0.083699	-0.034829	-0.020699	-0.030359
Chr03	37763269	38203191	0.051271	0.024731	0.013876	0.025934
Chr03	38093589	38248648	-0.062259	-0.079872	-0.029381	-0.032127
Chr03	38203198	38337911	-0.083519	-0.157670	-0.044444	-0.054158
Chr03	38248654	38398601	0.065545	0.084513	0.030200	0.031481
Chr03	38337924	38523100	-0.023473	-0.016471	-0.007845	-0.007982
Chr03	38398673	38783437	-0.115238	-0.033382	-0.020028	-0.055016
Chr03	38523122	38927751	-0.215774	-0.062284	-0.035143	-0.078942
Chr03	38783440	39060865	-0.000056	-0.000033	-0.000013	0.000940
Chr03	38928147	39220722	0.133534	0.054717	0.028292	0.072883
Chr03	39060974	39393930	-0.127116	-0.050907	-0.028451	-0.083796
Chr03	39220760	39507643	-0.201362	-0.093340	-0.047307	-0.105078
Chr03	39393957	39670952	0.202413	0.110593	0.045928	0.091365
Chr03	39507794	39738059	0.156735	0.092848	0.042871	0.096572
Chr03	39671098	39819711	0.076887	0.056099	0.028879	0.045143
Chr03	39738073	39912034	0.164499	0.116327	0.060326	0.089674
Chr03	39819767	39988924	-0.041883	-0.043038	-0.015496	-0.022561
Chr03	39912063	40088494	-0.061032	-0.101434	-0.018450	-0.029436
Chr03	39988964	40171604	-0.029170	-0.026301	-0.008264	-0.019005
Chr03	40088518	40407643	-0.080812	-0.044759	-0.023120	-0.041932
Chr03	40171635	40668070	0.041078	0.020157	0.010690	0.027063
Chr03	40408432	40806739	-0.153285	-0.093851	-0.045744	-0.077625
Chr03	40668128	40983349	-0.235550	-0.168070	-0.081425	-0.116729
Chr03	40806755	41188914	0.036316	0.015476	0.009129	0.017318
Chr03	40983378	41290251	0.071379	0.029819	0.017392	0.033189
Chr03	41188971	41372441	0.060930	0.049522	0.021565	0.028306
Chr03	41290252	41442376	0.068759	0.060589	0.024794	0.029878
Chr03	41372530	41584654	0.071848	0.034719	0.014867	0.032967
Chr03	41442412	41758466	-0.028727	-0.011162	-0.004723	-0.010272
Chr03	41584672	42087674	-0.238529	-0.096318	-0.044675	-0.110370
Chr03	41758527	42169748	-0.129652	-0.062856	-0.035148	-0.039859
Chr03	42088095	42240158	0.073851	0.049553	0.027031	0.022425
Chr03	42169752	42418171	-0.179572	-0.092113	-0.061457	-0.073747
Chr03	42240461	42520742	-0.212209	-0.130793	-0.071905	-0.116844
Chr03	42418199	42685034	0.145514	0.160187	0.064144	0.084480
Chr03	42520756	42816336	0.283598	0.179062	0.099007	0.142992
Chr03	42685036	42923185	-0.018690	-0.009572	-0.004867	-0.008700
Chr03	42816361	43022768	-0.043587	-0.027177	-0.013123	-0.017192
Chr03	42923200	43160440	0.088168	0.054056	0.029413	0.034236
Chr03	43022770	43337980	0.122671	0.067303	0.033182	0.055355
Chr03	43160812	43504671	0.187337	0.086408	0.046996	0.080961
Chr03	43338050	43601267	0.294232	0.138905	0.081797	0.106810
Chr03	43505110	43689406	0.217014	0.145419	0.077414	0.091894
Chr03	43601309	43944482	-0.002124	-0.001078	-0.000632	0.000578
Chr03	43689412	44136282	-0.032825	-0.012347	-0.007962	-0.015525
Chr03	43944541	44260931	-0.041571	-0.017431	-0.011792	-0.013858
Chr03	44136284	44365977	-0.001301	-0.000857	-0.000531	0.000796
Chr03	44261129	44459850	0.032333	0.033039	0.018836	0.019458
Chr03	44365979	44546142	-0.084443	-0.077848	-0.041902	-0.042301
Chr03	44459863	44605517	-0.159531	-0.168230	-0.082864	-0.080013
Chr03	44546303	44673295	-0.107006	-0.115064	-0.058632	-0.054384
Chr03	44605643	44704783	-0.047167	-0.046735	-0.026068	-0.026985
Chr03	44673373	44862805	-0.037497	-0.033218	-0.018991	-0.021414
Chr03	44704784	44907793	-0.008777	-0.008249	-0.004412	-0.002928
Chr03	44862922	44974412	0.162401	0.196802	0.090272	0.089558
Chr03	44907795	45047624	0.258592	0.298112	0.150918	0.164799
Chr03	44974425	45142736	0.214774	0.216046	0.120558	0.122549
Chr03	45047671	45210444	0.194683	0.188554	0.102412	0.089088
Chr03	45142959	45523896	0.059607	0.049600	0.025076	0.028302
Chr03	45210622	45596812	-0.116900	-0.112533	-0.045254	-0.046573
Chr03	45524132	45734007	-0.139920	-0.142265	-0.062133	-0.063001
Chr03	45596914	45814414	-0.068353	-0.056507	-0.031656	-0.032763
Chr03	45734474	45936611	-0.003064	-0.001930	-0.001165	0.000263
Chr03	45814657	46084100	-0.033304	-0.020978	-0.012040	-0.013036
Chr03	45936674	46152472	-0.009413	-0.009113	-0.004344	-0.003011
Chr03	46084162	46221549	0.001069	0.001420	0.000635	0.002746
Chr03	46152495	46269648	-0.088361	-0.129362	-0.055370	-0.046372
Chr03	46221607	46386975	-0.077653	-0.092839	-0.044877	-0.038789
Chr03	46269651	46455883	-0.033917	-0.053593	-0.019494	-0.012118
Chr03	46386999	46531659	-0.027890	-0.040946	-0.016139	-0.010854
Chr03	46455893	46634571	0.004496	0.003990	0.002157	0.002563
Chr03	46531695	46719910	-0.046546	-0.041431	-0.019367	-0.016199
Chr03	46634581	46811407	-0.006038	-0.004732	-0.002310	-0.000089
Chr03	46719922	46858857	0.071354	0.075900	0.029296	0.030609
Chr03	46811583	46973669	0.032439	0.062015	0.017287	0.012834
Chr03	46859068	47124711	0.002371	0.002050	0.001070	0.000194
Chr03	46973671	47215452	0.108493	0.086991	0.046931	0.049982
Chr03	47124851	47320801	0.236482	0.207353	0.102200	0.103971
Chr03	47215487	47395158	0.221500	0.212733	0.087812	0.101111
Chr03	47320864	47455171	0.188856	0.178571	0.089649	0.104286
Chr03	47395187	47532613	0.042117	0.041123	0.025221	0.024104
Chr03	47455177	47759005	-0.026285	-0.018828	-0.011541	-0.008014
Chr03	47532650	48026420	0.021073	0.012727	0.007927	0.018106
Chr03	47759047	48097413	-0.002618	-0.001967	-0.001195	-0.001114
Chr03	48026482	48160800	0.014106	0.015220	0.008270	0.009564
Chr03	48097414	48323536	0.037976	0.047987	0.023328	0.019389
Chr03	48160806	48433896	0.211323	0.241839	0.143622	0.087178
Chr03	48323573	48515208	0.240063	0.281368	0.173223	0.104030
Chr03	48433978	48601591	0.158487	0.148808	0.098271	0.090914
Chr03	48515233	48681983	0.254011	0.208466	0.143113	0.138804
Chr03	48601658	48893776	0.099920	0.095392	0.058694	0.058138
Chr03	48684899	48966566	-0.091189	-0.098917	-0.054253	-0.049270
Chr03	48893784	49025590	-0.143696	-0.226904	-0.073842	-0.064239
Chr03	48966576	49092282	-0.005735	-0.005885	-0.002776	-0.002555
Chr03	49025598	49185822	0.127378	0.114774	0.074781	0.063899
Chr03	49092306	49374700	0.053398	0.052105	0.029654	0.030648
Chr03	49185843	49516800	-0.011341	-0.009293	-0.005214	-0.001795
Chr03	49374707	49606096	0.090742	0.072010	0.043966	0.051232
Chr03	49516851	49961170	0.099602	0.069409	0.041853	0.056465
Chr03	49606168	50102122	0.102952	0.071733	0.040994	0.059057
Chr03	49961842	50152831	0.107573	0.104098	0.056859	0.062185
Chr03	50102174	50228944	0.076048	0.076940	0.043820	0.038448
Chr03	50152907	50281184	-0.218806	-0.282075	-0.117219	-0.105347
Chr03	50228962	50386820	-0.166709	-0.197602	-0.075828	-0.074711
Chr03	50281188	50460630	0.071986	0.079893	0.031362	0.037003
Chr03	50386922	50523474	-0.049928	-0.071116	-0.023381	-0.021779
Chr03	50460699	50599395	-0.029172	-0.034338	-0.012764	-0.015544
Chr03	50523486	50643331	-0.009520	-0.009705	-0.003975	-0.004034
Chr03	50599425	50701536	-0.093523	-0.084958	-0.039032	-0.055105
Chr03	50643362	50771463	0.026471	0.021993	0.012064	0.009336
Chr03	50701564	50864540	0.146595	0.123647	0.074445	0.077780
Chr03	50771474	50954942	0.183200	0.138487	0.078175	0.095838
Chr03	50864567	51098728	0.072877	0.055097	0.026133	0.036504
Chr03	50954943	51192583	0.252069	0.190496	0.105301	0.132136
Chr03	51098816	51354459	0.562113	0.329069	0.236130	0.386667
Chr03	51192661	51476989	0.349510	0.200101	0.130007	0.245555
Chr03	51354520	51586672	0.035010	0.026529	0.014744	0.020313
Chr03	51477162	51669075	-0.116207	-0.136971	-0.063784	-0.055537
Chr03	51586843	51787835	-0.060326	-0.046704	-0.025670	-0.028684
Chr03	51669480	51844353	0.027471	0.019171	0.011424	0.014001
Chr03	51787873	51915941	-0.034038	-0.038252	-0.019284	-0.011559
Chr03	51844377	51992799	-0.077650	-0.070593	-0.039282	-0.028128
Chr03	51916184	52094959	-0.004903	-0.003199	-0.002106	-0.002890
Chr03	51992871	52135320	0.062928	0.049717	0.033489	0.027606
Chr03	52095103	52181602	0.086426	0.120617	0.063669	0.041750
Chr03	52135348	52236257	0.081399	0.110304	0.055897	0.041444
Chr03	52181639	52322212	0.037565	0.044816	0.023938	0.020256
Chr03	52236259	52378482	0.022001	0.025511	0.013913	0.012051
Chr03	52322246	52439063	0.039401	0.056813	0.029151	0.016900
Chr03	52378495	52498447	-0.005007	-0.006185	-0.003001	-0.005784
Chr03	52439212	52596943	-0.038893	-0.043526	-0.022102	-0.022138
Chr03	52498463	52654836	-0.074644	-0.105230	-0.049847	-0.039830
Chr03	52596956	52740117	-0.056841	-0.087365	-0.039361	-0.025956
Chr03	52654851	52816934	-0.059707	-0.084113	-0.038420	-0.025911
Chr03	52740292	52851650	-0.142519	-0.260864	-0.113672	-0.069569
Chr03	52816956	52909978	-0.021032	-0.030453	-0.016619	-0.007438
Chr03	52851652	53002595	0.005120	0.005166	0.002947	0.009578
Chr03	52910011	53182960	-0.094898	-0.070948	-0.039100	-0.050543
Chr03	53005284	53294389	-0.159271	-0.113909	-0.058341	-0.087658
Chr03	53183020	53459039	-0.357561	-0.336709	-0.156028	-0.251071
Chr03	53294438	53563279	-0.297555	-0.284744	-0.140239	-0.212499
Chr03	53459063	53617052	0.196957	0.198313	0.116318	0.109327
Chr03	53563295	53700777	0.179614	0.149658	0.084372	0.085658
Chr03	53617263	53769916	0.049813	0.037690	0.020892	0.015718
Chr03	53700793	53853369	0.047423	0.054938	0.029338	0.016124
Chr03	53769954	53927350	-0.198659	-0.425155	-0.134489	-0.078748
Chr03	53853371	53991484	-0.174849	-0.356929	-0.108659	-0.077168
Chr03	53927383	54074066	0.041103	0.037573	0.020602	0.021203
Chr03	53991523	54119037	0.023572	0.021073	0.012666	0.014161
Chr03	54074082	54192556	-0.002046	-0.002561	-0.001492	0.002848
Chr03	54119056	54254765	-0.030220	-0.042919	-0.022475	-0.016247
Chr03	54192586	54371554	-0.037346	-0.049486	-0.025974	-0.017691
Chr03	54256122	54519715	-0.144483	-0.134687	-0.075249	-0.083187
Chr03	54371561	54645575	-0.102080	-0.082436	-0.046217	-0.056877
Chr03	54519851	54711839	0.004670	0.003926	0.002272	0.002400
Chr03	54645620	54810762	0.151367	0.110445	0.076961	0.084028
Chr03	54711914	54896601	0.221075	0.156516	0.116267	0.124068
Chr03	54810835	54960072	0.018354	0.019144	0.011708	0.010588
Chr03	54896618	55048249	-0.066813	-0.096865	-0.050408	-0.032153
Chr03	54960073	55122116	-0.056020	-0.088699	-0.043123	-0.026220
Chr03	55048297	55168518	-0.180397	-0.352338	-0.129177	-0.093158
Chr03	55122136	55236025	-0.178517	-0.326760	-0.131018	-0.094340
Chr03	55168605	55277526	-0.117803	-0.152812	-0.079977	-0.065565
Chr03	55236040	55329813	-0.032580	-0.040543	-0.023290	-0.021530
Chr03	55277528	55381745	0.024312	0.037147	0.020767	0.009784
Chr03	55329998	55445042	-0.021731	-0.035443	-0.019386	-0.012083
Chr03	55381786	55494835	-0.070604	-0.119974	-0.062697	-0.038097
Chr03	55445053	55587985	-0.077508	-0.102887	-0.047613	-0.048909
Chr03	55494859	55663667	-0.039161	-0.038731	-0.019995	-0.029289
Chr03	55588084	55726308	-0.026704	-0.026802	-0.014575	-0.018435
Chr03	55663889	55776971	0.019888	0.026859	0.014158	0.011227
Chr03	55726360	55825445	0.074330	0.114427	0.065829	0.035845
Chr03	55777003	56038003	-0.016554	-0.019005	-0.010576	-0.018056
Chr03	55825482	56375028	-0.101911	-0.085488	-0.046863	-0.059362
Chr03	56038087	56659596	-0.039226	-0.026185	-0.014193	-0.014018
Chr03	56375060	56788533	0.170078	0.110236	0.064308	0.099855
Chr03	56659597	56852060	0.328278	0.317512	0.208018	0.211533
Chr03	56788534	56919109	0.131758	0.168860	0.108167	0.086147
Chr03	56852063	56970473	-0.085823	-0.109735	-0.063473	-0.047721
Chr03	56919144	57072027	0.115253	0.101177	0.063272	0.055792
Chr03	56970502	57134463	-0.013061	-0.012271	-0.006697	-0.014158
Chr03	57072046	57255316	-0.227903	-0.276190	-0.123868	-0.132288
Chr03	57134492	57307162	-0.181301	-0.245463	-0.120389	-0.099038
Chr03	57255429	57393423	-0.177022	-0.264298	-0.122095	-0.096135
Chr03	57307173	57509596	-0.196710	-0.261788	-0.114621	-0.111081
Chr03	57393444	57571060	-0.113837	-0.138016	-0.066286	-0.061678
Chr03	57509599	57610884	-0.067935	-0.096469	-0.052615	-0.036625
Chr03	57571102	57677372	-0.007992	-0.010805	-0.005927	-0.003593
Chr03	57610973	57781652	0.061882	0.049291	0.030607	0.032263
Chr03	57677461	57866996	0.024376	0.020788	0.013506	0.012521
Chr03	57781714	57947516	0.041246	0.044187	0.028369	0.023805
Chr03	57867011	58022112	0.023210	0.026216	0.015131	0.015730
Chr03	57947617	58134033	0.015228	0.018980	0.010723	0.003982
Chr03	58022158	58210809	-0.007171	-0.009400	-0.005183	-0.009893
Chr03	58134063	58288373	-0.041278	-0.057831	-0.030265	-0.020214
Chr03	58210843	58423875	-0.037221	-0.040448	-0.020080	-0.013934
Chr03	58288442	58532727	-0.045434	-0.047650	-0.024715	-0.020785
Chr03	58423891	58599567	0.015563	0.022374	0.013023	0.003013
Chr03	58532813	58786422	0.088378	0.065806	0.043646	0.050431
Chr03	58599762	58972673	0.120753	0.042566	0.030381	0.069518
Chr03	58786443	59018629	0.105112	0.048665	0.032557	0.053995
Chr03	58972691	59104679	-0.019549	-0.031671	-0.013293	-0.010193
Chr03	59018639	59410711	-0.096457	-0.089010	-0.044770	-0.054664
Chr03	59104749	59532399	-0.031234	-0.024537	-0.012415	-0.013829
Chr03	59410722	59614961	0.056166	0.053746	0.027942	0.043120
Chr03	59532444	59837051	-0.017956	-0.016307	-0.009041	-0.002208
Chr03	59616600	59967571	-0.131608	-0.095359	-0.049006	-0.068752
Chr03	59837084	60058494	-0.066830	-0.046773	-0.024793	-0.024789
Chr03	59967636	60235804	-0.035146	-0.033752	-0.017426	-0.018413
Chr03	60058521	60392747	0.155995	0.158329	0.088574	0.084765
Chr03	60235823	60472104	0.267143	0.229941	0.134345	0.130373
Chr03	60392769	60682384	0.117755	0.055311	0.029348	0.042935
Chr03	60472127	60746060	0.098027	0.045293	0.025707	0.039982
Chr03	60682622	60842625	-0.058134	-0.039280	-0.021241	-0.016056
Chr03	60746079	60975160	-0.181342	-0.123833	-0.058969	-0.075899
Chr03	60842628	61197933	-0.140972	-0.089839	-0.045513	-0.069112
Chr03	60975405	61318050	-0.127946	-0.095697	-0.045703	-0.054637
Chr03	61197949	61413496	-0.141560	-0.101489	-0.048815	-0.064436
Chr03	61318066	61603761	-0.078352	-0.038235	-0.022186	-0.039337
Chr03	61413502	61851422	-0.018706	-0.010166	-0.006173	-0.007470
Chr03	61603773	61959257	-0.028341	-0.026975	-0.014832	-0.013466
Chr03	61851486	62047098	0.062191	0.066875	0.029191	0.021967
Chr03	61959410	62340558	0.276209	0.252184	0.101015	0.118339
Chr03	62047145	62482909	0.218295	0.214817	0.088421	0.127902
Chr03	62340665	62552101	0.053902	0.060778	0.026596	0.029263
Chr03	62482911	62681959	0.081629	0.086715	0.039756	0.044668
Chr03	62552110	62831490	0.180574	0.181738	0.087180	0.089742
Chr03	62681974	62987725	0.144709	0.117819	0.066064	0.069908
Chr03	62831503	63085686	0.098795	0.080096	0.046177	0.055050
Chr03	62987743	63174479	0.123906	0.113727	0.066155	0.066804
Chr03	63085717	63240258	0.002892	0.002873	0.001545	0.001592
Chr03	63174508	63320599	-0.130618	-0.122417	-0.062821	-0.061194
Chr03	63240324	63387125	-0.106515	-0.080848	-0.051354	-0.055703
Chr03	63320618	63518648	-0.009452	-0.008597	-0.005914	-0.002911
Chr03	63387139	63598543	0.136204	0.144198	0.094129	0.070556
Chr03	63518699	63796007	0.231415	0.146151	0.109653	0.131953
Chr03	63598644	63918927	0.240777	0.150812	0.108343	0.148670
Chr03	63796009	63988537	0.237012	0.265519	0.136776	0.124296
Chr03	63919102	64068735	0.161158	0.192755	0.094341	0.084807
Chr03	63988540	64154027	-0.062718	-0.098327	-0.039132	-0.028867
Chr03	64068760	64247286	-0.104888	-0.161566	-0.072721	-0.057386
Chr03	64154089	64440915	0.044345	0.041783	0.019328	0.029025
Chr03	64247337	64699185	0.154593	0.124540	0.062813	0.102915
Chr03	64442025	64771009	0.201501	0.184531	0.109632	0.092477
Chr03	64699192	64976250	0.059255	0.049541	0.027343	0.019664
Chr03	64771085	65033779	-0.059631	-0.045178	-0.026023	-0.021762
Chr03	64976284	65091114	-0.098759	-0.124513	-0.052128	-0.046066
Chr03	65033797	65161207	-0.083735	-0.123769	-0.046735	-0.042197
Chr03	65091140	65252991	-0.078101	-0.062922	-0.034627	-0.038803
Chr03	65161276	65352730	-0.025078	-0.018492	-0.010162	-0.009444
Chr03	65253752	65496425	0.062630	0.049911	0.026090	0.025984
Chr03	65352737	65626841	-0.085091	-0.060154	-0.035488	-0.040961
Chr03	65497449	65745480	-0.090866	-0.068266	-0.038961	-0.043051
Chr03	65626847	65861428	0.121602	0.104809	0.046546	0.040075
Chr03	65745481	66006404	-0.039117	-0.060309	-0.019354	-0.010400
Chr03	65861520	66126328	-0.202426	-0.407532	-0.119104	-0.077241
Chr03	66006438	66805518	-0.202941	-0.258191	-0.107799	-0.098764
Chr03	66126332	66851477	-0.142846	-0.198061	-0.074818	-0.068469
Chr03	66805536	66969139	-0.187261	-0.305301	-0.082400	-0.088956
Chr03	66851634	67082883	-0.072094	-0.091913	-0.033496	-0.031345
Chr03	66969348	67140987	0.280901	0.364330	0.203601	0.141836
Chr03	67082912	67224086	0.257473	0.360526	0.223635	0.138428
Chr03	67141003	67431854	0.140206	0.126857	0.072556	0.070937
Chr03	67224102	67495273	0.051178	0.053084	0.028460	0.029564
Chr03	67431882	67636030	-0.061500	-0.150223	-0.044939	-0.020325
Chr03	67495291	67715167	-0.027305	-0.046423	-0.015375	-0.007094
Chr03	67636048	67795162	0.053429	0.075091	0.030863	0.022560
Chr03	67715293	67951172	0.084795	0.073703	0.037769	0.043304
Chr03	67795260	68087958	0.097682	0.076814	0.043751	0.052927
Chr03	67951191	68197420	0.042022	0.041754	0.023415	0.023492
Chr03	68087981	68338101	0.001506	0.001407	0.000834	0.001169
Chr03	68197647	68512354	0.094416	0.084620	0.050419	0.045175
Chr03	68338104	68611695	0.200106	0.243050	0.124624	0.091009
Chr03	68512360	68726605	0.299254	0.379077	0.204795	0.159433
Chr03	68611770	68951510	0.236438	0.264140	0.146415	0.139481
Chr03	68726606	69044283	-0.021627	-0.023087	-0.012550	-0.008285
Chr03	68952990	69124706	-0.134051	-0.149805	-0.083049	-0.078936
Chr03	69044296	69206332	-0.043598	-0.058544	-0.031555	-0.019006
Chr03	69124712	69253102	-0.010163	-0.017733	-0.008663	-0.004095
Chr03	69206361	69412032	0.081465	0.077261	0.047951	0.046763
Chr03	69253123	69508065	0.155712	0.116854	0.072880	0.078225
Chr03	69412045	69590002	0.046487	0.044093	0.023342	0.022461
Chr03	69508085	69666749	-0.113361	-0.152208	-0.069045	-0.050289
Chr03	69590055	69739768	-0.150766	-0.245629	-0.098651	-0.073632
Chr03	69666800	69823948	-0.127068	-0.186828	-0.064864	-0.054143
Chr03	69739802	69925279	0.201360	0.227226	0.091660	0.095956
Chr03	69823953	70045072	0.274929	0.373726	0.124324	0.141346
Chr03	69925340	70106856	0.136195	0.314191	0.071721	0.072310
Chr03	70045114	70162444	0.058738	0.198434	0.036750	0.031628
Chr04	394744	582844	0.025429	0.026147	0.012791	0.017224
Chr04	443946	698958	0.029107	0.026406	0.014271	0.015553
Chr04	582860	758462	-0.020797	-0.025731	-0.012608	-0.011449
Chr04	698960	814662	-0.112608	-0.205947	-0.066495	-0.045782
Chr04	758481	893114	-0.091509	-0.171638	-0.050845	-0.042870
Chr04	814842	977112	0.116336	0.197778	0.078552	0.060746
Chr04	893116	1069553	0.271897	0.357686	0.170921	0.148552
Chr04	977120	1146234	0.347377	0.477832	0.196115	0.194852
Chr04	1069559	1217046	0.238230	0.269278	0.128365	0.126419
Chr04	1146243	1339711	-0.000823	-0.000752	-0.000435	-0.005063
Chr04	1218676	1539785	-0.127419	-0.117254	-0.061899	-0.064101
Chr04	1339750	1659574	-0.130801	-0.120787	-0.061929	-0.070469
Chr04	1539952	1712875	-0.035438	-0.046433	-0.021784	-0.018272
Chr04	1659585	1859230	0.076168	0.070532	0.040782	0.035911
Chr04	1712950	2014594	0.333769	0.197883	0.134517	0.184003
Chr04	1859231	2103276	0.402986	0.274414	0.177780	0.258996
Chr04	2014619	2154471	0.266803	0.276581	0.146588	0.153926
Chr04	2103300	2243704	-0.026444	-0.051288	-0.015582	-0.009963
Chr04	2154504	2496628	-0.221344	-0.418314	-0.087262	-0.107790
Chr04	2243705	2688685	-0.093434	-0.111124	-0.035537	-0.040866
Chr04	2498491	2816012	0.080311	0.075451	0.034086	0.030848
Chr04	2688795	2870900	0.006941	0.010486	0.003562	0.002271
Chr04	2816042	2938259	0.026546	0.039982	0.016317	0.011233
Chr04	2870908	3012963	0.027948	0.029483	0.014193	0.014361
Chr04	2938373	3084800	-0.001227	-0.001326	-0.000696	-0.004170
Chr04	3012996	3269684	0.063515	0.046159	0.028789	0.033946
Chr04	3084850	3611005	-0.017808	-0.012023	-0.007006	-0.009132
Chr04	3269781	3742983	-0.104525	-0.079629	-0.044877	-0.059312
Chr04	3611008	3788808	-0.097175	-0.093050	-0.051213	-0.054682
Chr04	3742999	3863765	-0.073471	-0.088575	-0.045703	-0.040230
Chr04	3788822	3908103	0.014444	0.016016	0.009106	0.006060
Chr04	3863882	4148772	0.055926	0.050274	0.024676	0.032547
Chr04	3908322	4216086	0.107768	0.088798	0.044068	0.068317
Chr04	4148802	4312929	0.205203	0.189878	0.110628	0.146014
Chr04	4216107	4414385	0.156105	0.149471	0.089711	0.104829
Chr04	4312989	4627943	0.068977	0.034443	0.022920	0.041677
Chr04	4414521	4695233	0.094562	0.040848	0.029062	0.048229
Chr04	4628017	4940624	-0.086767	-0.035242	-0.025667	-0.043475
Chr04	4695315	5862491	-0.121990	-0.037470	-0.025598	-0.057833
Chr04	4940631	5963476	-0.290710	-0.171710	-0.090445	-0.138753
Chr04	5862521	6043877	-0.293633	-0.759257	-0.170332	-0.149228
Chr04	5963502	6162226	-0.038056	-0.056434	-0.019505	-0.011857
Chr04	6044003	6260121	0.078859	0.063626	0.034658	0.051600
Chr04	6162330	6408757	0.279663	0.160804	0.100631	0.190455
Chr04	6260201	6499997	0.241867	0.149150	0.093512	0.146373
Chr04	6408829	6651196	0.045909	0.039442	0.022551	0.026452
Chr04	6500010	6720379	0.102012	0.104573	0.056488	0.045211
Chr04	6651201	6822443	0.097872	0.113658	0.068907	0.043595
Chr04	6720407	6908128	0.028894	0.032332	0.018422	0.013376
Chr04	6822455	6982336	0.026912	0.028961	0.015975	0.011745
Chr04	6908133	7070490	-0.000722	-0.000783	-0.000450	-0.002320
Chr04	6982366	7186116	-0.022040	-0.023251	-0.010010	-0.008209
Chr04	7070569	7422308	0.217295	0.115812	0.068357	0.124772
Chr04	7186129	7525512	0.254474	0.139296	0.093015	0.144004
Chr04	7422438	7581299	-0.034146	-0.047605	-0.020476	-0.013770
Chr04	7525525	7658763	-0.180371	-0.284761	-0.087592	-0.060244
Chr04	7581319	7748947	-0.190893	-0.258845	-0.086406	-0.068121
Chr04	7658767	7824137	-0.185955	-0.252043	-0.096730	-0.087652
Chr04	7749105	7884535	-0.074373	-0.131638	-0.054681	-0.036135
Chr04	7824151	8012032	0.212504	0.350571	0.213300	0.100870
Chr04	7884546	8092107	0.371111	0.479486	0.343249	0.187854
Chr04	8012177	8188271	0.204562	0.265618	0.170615	0.105932
Chr04	8092130	8227198	0.001278	0.002338	0.001021	-0.000246
Chr04	8188366	8295076	0.033773	0.065710	0.027298	0.013665
Chr04	8227209	8376442	0.079509	0.094208	0.053447	0.044882
Chr04	8295084	8452264	0.084138	0.072247	0.048819	0.047113
Chr04	8376492	8540222	-0.076295	-0.088046	-0.041202	-0.031206
Chr04	8452279	8636074	-0.023375	-0.031195	-0.013242	-0.005402
Chr04	8540251	8704062	0.171283	0.172079	0.114745	0.076746
Chr04	8639002	9155171	0.148666	0.127587	0.081721	0.082806
Chr04	8704069	9582026	0.160939	0.129898	0.058985	0.089332
Chr04	9158841	9674861	0.043072	0.040947	0.016688	0.025414
Chr04	9582230	9739284	-0.148943	-0.162526	-0.091538	-0.083469
Chr04	9674887	9870756	-0.101134	-0.101441	-0.056295	-0.050790
Chr04	9739606	10064019	0.138269	0.103473	0.062124	0.078542
Chr04	9870837	10316899	0.504142	0.366757	0.179478	0.365031
Chr04	10064042	10609841	0.612497	0.459016	0.208972	0.482413
Chr04	10317584	10775853	0.238671	0.191535	0.088641	0.131953
Chr04	10609903	11044842	-0.119333	-0.052461	-0.028596	-0.045519
Chr04	10775980	11311685	-0.057747	-0.018756	-0.010754	-0.029921
Chr04	11044850	11422017	-0.121625	-0.056894	-0.025539	-0.065660
Chr04	11311870	11493954	-0.178620	-0.398294	-0.075157	-0.096879
Chr04	11422055	11595379	-0.104612	-0.085141	-0.040751	-0.057448
Chr04	11493962	11685091	-0.020916	-0.014511	-0.007971	-0.009440
Chr04	11595454	11950098	0.086259	0.058778	0.031754	0.038240
Chr04	11685563	12098676	-0.139419	-0.076608	-0.044400	-0.063227
Chr04	11950137	12231618	-0.557956	-0.479788	-0.222779	-0.395589
Chr04	12098681	12476819	-0.379777	-0.337103	-0.156615	-0.284916
Chr04	12231704	12528168	-0.002468	-0.001930	-0.001137	-0.002487
Chr04	12476836	12709197	-0.017549	-0.017043	-0.010507	-0.009791
Chr04	12529673	12863078	0.058352	0.048565	0.027050	0.040674
Chr04	12710019	13111312	0.018320	0.010601	0.005601	0.017665
Chr04	12863242	13294726	-0.064341	-0.029554	-0.016422	-0.033007
Chr04	13111341	13519902	-0.115806	-0.046609	-0.028106	-0.056418
Chr04	13294727	13599253	-0.202767	-0.102484	-0.063969	-0.086538
Chr04	13519928	13743141	-0.006053	-0.005597	-0.003424	-0.006431
Chr04	13599520	13845622	0.184224	0.201369	0.108893	0.071133
Chr04	13743200	13957249	0.192950	0.163308	0.095417	0.081582
Chr04	13846063	14016974	0.200396	0.162808	0.081368	0.104995
Chr04	13957273	14154379	-0.202161	-0.320134	-0.079866	-0.088858
Chr04	14017318	14259879	-0.414183	-0.905664	-0.189452	-0.191866
Chr04	14154382	14473553	0.052786	0.039039	0.017056	0.035730
Chr04	14260065	14731631	0.110608	0.070284	0.028381	0.084085
Chr04	14473596	15055008	-0.154162	-0.089284	-0.040064	-0.087376
Chr04	14731664	15377614	-0.238707	-0.108649	-0.055160	-0.132455
Chr04	15055011	15553472	-0.023533	-0.011976	-0.006258	-0.021301
Chr04	15377641	15620495	-0.077062	-0.050934	-0.029059	-0.047913
Chr04	15553475	15784580	0.030170	0.019481	0.011076	0.022898
Chr04	15620501	15938040	0.183866	0.074711	0.048122	0.094537
Chr04	15784623	16170742	0.199656	0.060435	0.042937	0.090313
Chr04	15938063	16389699	0.158731	0.062149	0.042622	0.065231
Chr04	16170744	16706115	0.067701	0.040864	0.026022	0.025465
Chr04	16389766	16989454	-0.206302	-0.123099	-0.065917	-0.096221
Chr04	16706398	17173882	-0.272926	-0.188420	-0.084120	-0.161452
Chr04	16989467	17252562	-0.026142	-0.023422	-0.009753	-0.012699
Chr04	17173887	17366053	0.052374	0.038707	0.020461	0.031170
Chr04	17254500	17445365	0.037921	0.030557	0.017945	0.020424
Chr04	17366072	17527724	0.051004	0.066988	0.036190	0.024484
Chr04	17445403	17688410	0.118171	0.102178	0.063851	0.066536
Chr04	17527726	17950535	0.055899	0.040674	0.023566	0.030000
Chr04	17688983	18023816	0.007759	0.007178	0.003701	0.004651
Chr04	17950538	18189912	-0.005578	-0.006381	-0.003393	-0.000353
Chr04	18023860	18387297	0.004853	0.005367	0.002728	0.004578
Chr04	18189921	18436886	-0.048146	-0.057535	-0.030944	-0.025212
Chr04	18387353	18495134	-0.082324	-0.103008	-0.061380	-0.045931
Chr04	18436911	18580951	-0.049055	-0.059125	-0.032434	-0.029063
Chr04	18495177	18769005	-0.001049	-0.000923	-0.000498	-0.002623
Chr04	18581027	19043921	-0.073200	-0.057737	-0.029734	-0.039179
Chr04	18769094	19224934	-0.020379	-0.015042	-0.008313	-0.008030
Chr04	19043967	19527062	-0.026906	-0.017741	-0.010112	-0.013657
Chr04	19224945	19596801	-0.114339	-0.088470	-0.046337	-0.056798
Chr04	19527070	19640988	0.024817	0.025643	0.012312	0.019007
Chr04	19596821	19740071	0.051142	0.052768	0.025247	0.036158
Chr04	19641159	19778167	-0.092474	-0.119989	-0.058345	-0.048020
Chr04	19740363	19882763	-0.074888	-0.085309	-0.043178	-0.044501
Chr04	19778213	19983418	0.053060	0.045323	0.025105	0.029552
Chr04	19882816	20074928	0.212366	0.148200	0.095277	0.117225
Chr04	19983455	20302687	0.204138	0.117297	0.076883	0.107076
Chr04	20075090	20402057	0.060652	0.034657	0.020817	0.026766
Chr04	20302689	20584821	0.037964	0.033226	0.010187	0.022119
Chr04	20402058	20645666	0.118991	0.161089	0.036497	0.050042
Chr04	20584845	20724130	0.233753	0.252527	0.107368	0.069932
Chr04	20645711	20834268	0.189758	0.157738	0.072356	0.049421
Chr04	20724205	20957567	0.050306	0.037790	0.018953	0.016791
Chr04	20834270	21070272	0.061739	0.048311	0.025489	0.029458
Chr04	20957632	21287182	0.247009	0.151164	0.068267	0.167143
Chr04	21070312	21883677	0.361249	0.119254	0.053915	0.191973
Chr04	21287520	22152562	0.197708	0.048671	0.024732	0.062786
Chr04	21884427	22282506	-0.012149	-0.003741	-0.002301	-0.001032
Chr04	22152603	22408777	0.183636	0.079616	0.054056	0.097370
Chr04	22282516	22658489	0.005735	0.002381	0.001731	0.007685
Chr04	22409801	22753233	-0.215354	-0.099023	-0.069170	-0.120478
Chr04	22658548	22867172	-0.154962	-0.164302	-0.077271	-0.070119
Chr04	22753468	22941307	-0.020671	-0.025015	-0.011213	-0.007760
Chr04	22867212	22996888	0.088780	0.081504	0.048498	0.056745
Chr04	22941372	23081129	0.034044	0.029104	0.015782	0.023885
Chr04	22996890	23178389	-0.023282	-0.020293	-0.009458	-0.010483
Chr04	23081367	23255030	0.079106	0.069001	0.034735	0.040230
Chr04	23178424	23337953	-0.047332	-0.041473	-0.022948	-0.022734
Chr04	23255068	23400835	-0.267604	-0.199388	-0.116553	-0.141788
Chr04	23338002	23456417	-0.173712	-0.135890	-0.074538	-0.061039
Chr04	23400836	23509929	-0.058935	-0.055059	-0.025384	-0.017841
Chr04	23456430	23566093	-0.030837	-0.024892	-0.013736	-0.013952
Chr04	23509931	23632799	0.018743	0.014972	0.008979	0.008266
Chr04	23566121	23703449	0.031543	0.023332	0.015268	0.011243
Chr04	23632911	23740657	-0.110464	-0.091887	-0.046511	-0.057413
Chr04	23703459	23852833	-0.177220	-0.134128	-0.055962	-0.097769
Chr04	23740841	23922850	-0.096453	-0.054167	-0.029463	-0.042581
Chr04	23852969	24077929	0.025308	0.017758	0.011506	0.011402
Chr04	23922870	24143013	0.104734	0.102234	0.057963	0.055703
Chr04	24077995	24264745	0.155791	0.139506	0.086060	0.090845
Chr04	24143019	24405012	0.175045	0.139867	0.089177	0.099771
Chr04	24264750	24492783	0.138750	0.116989	0.073097	0.079011
Chr04	24405018	24581566	0.082947	0.090299	0.039824	0.040761
Chr04	24492789	24635007	0.090508	0.107638	0.043116	0.039430
Chr04	24581579	24691924	0.071066	0.066620	0.038295	0.032716
Chr04	24635031	24944903	0.091044	0.055137	0.037087	0.045238
Chr04	24692508	25013027	0.297043	0.185853	0.127264	0.172169
Chr04	24944953	25153695	0.294960	0.236278	0.128126	0.150701
Chr04	25013109	25276704	0.111012	0.090426	0.045115	0.056317
Chr04	25153758	25529810	0.178597	0.134986	0.051247	0.088419
Chr04	25276829	25766279	0.199104	0.114163	0.041646	0.089977
Chr04	25530083	25916790	0.019593	0.011004	0.005874	0.013317
Chr04	25766477	26010082	0.019500	0.012640	0.007756	0.013744
Chr04	25916867	26094974	-0.063960	-0.060235	-0.029052	-0.028469
Chr04	26010093	26139642	-0.147505	-0.224047	-0.082524	-0.068880
Chr04	26094975	26247139	-0.058114	-0.094410	-0.039569	-0.028142
Chr04	26139652	26325681	0.038044	0.046933	0.027698	0.018658
Chr04	26247146	26496438	0.103235	0.054210	0.042097	0.044537
Chr04	26325684	26591988	-0.025872	-0.014048	-0.010746	-0.018692
Chr04	26496573	26704852	0.008325	0.008524	0.005585	0.000874
Chr04	26592008	26836163	0.157008	0.191184	0.106475	0.062099
Chr04	26704894	26943171	0.125544	0.147914	0.074613	0.058247
Chr04	26836228	27033462	0.103650	0.117825	0.064839	0.055208
Chr04	26943178	27146918	-0.015894	-0.014710	-0.008979	-0.014574
Chr04	27033540	27270227	-0.216103	-0.148930	-0.087788	-0.121556
Chr04	27146948	27324439	-0.216172	-0.154502	-0.082096	-0.117124
Chr04	27270231	27393277	-0.145091	-0.080603	-0.041891	-0.064030
Chr04	27324477	27453677	-0.065763	-0.028939	-0.016834	-0.023230
Chr04	27393295	27570441	0.095430	0.067504	0.039282	0.035113
Chr04	27453686	27666523	0.063722	0.083807	0.046236	0.032730
Chr04	27570458	27725469	0.021994	0.032497	0.021229	0.012204
Chr04	27666527	27771914	0.104365	0.148646	0.100910	0.058344
Chr04	27725475	27848367	0.122763	0.128819	0.088940	0.056827
Chr04	27771941	27976095	-0.010762	-0.007734	-0.005245	-0.004606
Chr04	27848791	28090958	0.020551	0.015869	0.009784	0.007420
Chr04	27976265	28383779	0.288547	0.147592	0.108925	0.104056
Chr04	28090985	28627301	0.352583	0.141467	0.116796	0.114246
Chr04	28384245	28767841	0.190346	0.083586	0.065790	0.070903
Chr04	28627343	28849438	0.167838	0.097952	0.067361	0.065034
Chr04	28767884	28939380	0.088346	0.084961	0.038563	0.034333
Chr04	28849441	29058532	0.024245	0.017527	0.008918	0.010786
Chr04	28939665	29186512	0.050353	0.029073	0.017164	0.023079
Chr04	29058635	29307459	0.139963	0.076158	0.048639	0.057502
Chr04	29186819	29367729	0.008643	0.005997	0.003774	0.002621
Chr04	29307517	29424784	-0.189782	-0.217799	-0.101647	-0.097109
Chr04	29367870	29534643	-0.038747	-0.030729	-0.017704	-0.019505
Chr04	29424840	29626880	-0.107031	-0.097088	-0.049903	-0.054827
Chr04	29534654	29687969	-0.001951	-0.002349	-0.001090	-0.000525
Chr04	29627111	29796815	0.159559	0.157740	0.087610	0.079142
Chr04	29687991	29903209	0.138889	0.103231	0.061713	0.065809
Chr04	29796827	29968635	0.079756	0.049093	0.030916	0.042008
Chr04	29903229	30035219	0.031942	0.024770	0.014882	0.020411
Chr04	29968663	30129710	0.137830	0.090970	0.058593	0.081390
Chr04	30035231	30228457	0.029420	0.016356	0.010557	0.019444
Chr04	30129750	30328729	-0.095109	-0.059927	-0.036705	-0.033708
Chr04	30228517	30405720	0.090785	0.070246	0.043440	0.041715
Chr04	30328767	30525727	0.094836	0.076585	0.042339	0.055003
Chr04	30405722	30655070	0.164448	0.120721	0.058032	0.079717
Chr04	30526780	30852050	0.122794	0.054617	0.031814	0.052011
Chr04	30655294	31143962	-0.020169	-0.004957	-0.003313	-0.006044
Chr04	30852232	31446292	-0.092908	-0.017589	-0.011974	-0.037677
Chr04	31143978	31716941	-0.043658	-0.008135	-0.005684	-0.020904
Chr04	31446349	31936828	0.029446	0.006898	0.004677	0.011847
Chr04	31716981	32250927	0.183495	0.045068	0.031398	0.067400
Chr04	31936980	32652875	0.106844	0.020872	0.014906	0.047568
Chr04	32250934	35308658	-0.247242	-0.028188	-0.020477	-0.143576
Chr04	32653009	36047021	-0.470844	-0.045569	-0.035370	-0.340774
Chr04	35308818	36366698	-0.545613	-0.070029	-0.055018	-0.389487
Chr04	36047043	36599215	-0.299428	-0.068186	-0.047460	-0.181975
Chr04	36367987	36723367	0.006112	0.002259	0.001483	0.003733
Chr04	36599290	36778138	-0.008316	-0.004191	-0.002838	-0.005884
Chr04	36723375	36836247	-0.091695	-0.075415	-0.044106	-0.043223
Chr04	36778150	37190641	-0.062852	-0.051194	-0.026620	-0.029266
Chr04	36836849	37348226	-0.029065	-0.016943	-0.009993	-0.012891
Chr04	37190664	37481461	0.003137	0.001313	0.000818	0.001933
Chr04	37348305	37645056	0.160721	0.054904	0.034048	0.059297
Chr04	37481477	37756113	0.156899	0.076902	0.039837	0.071880
Chr04	37645062	37961004	0.015817	0.008672	0.003962	0.007065
Chr04	37756125	38246038	0.125497	0.036473	0.023239	0.045255
Chr04	37961082	38530411	0.150116	0.043641	0.025186	0.052531
Chr04	38246086	38836170	-0.142680	-0.061836	-0.030226	-0.056320
Chr04	38536143	38976134	-0.219578	-0.102160	-0.059749	-0.111588
Chr04	38836320	39508781	-0.009067	-0.002146	-0.001479	-0.004216
Chr04	38976373	39749739	0.104920	0.026315	0.013712	0.046873
Chr04	39508783	39933875	0.005971	0.006254	0.001504	0.004450
Chr04	39749765	40019192	0.014103	0.015857	0.008439	0.007420
Chr04	39933901	40110672	0.041976	0.034210	0.022216	0.014318
Chr04	40019250	40215946	-0.107641	-0.084670	-0.047692	-0.043117
Chr04	40110873	40298777	-0.280827	-0.244201	-0.107848	-0.138305
Chr04	40215967	40500582	-0.308464	-0.226792	-0.103251	-0.151675
Chr04	40298811	40620173	-0.278000	-0.268006	-0.086012	-0.123192
Chr04	40500992	40690276	-0.190173	-0.295524	-0.076256	-0.081445
Chr04	40620249	40774859	0.082944	0.088279	0.052611	0.038953
Chr04	40690302	40871260	0.093429	0.081827	0.050761	0.046489
Chr04	40774883	41027425	0.063830	0.062377	0.031650	0.027360
Chr04	40871329	41130281	0.086762	0.089473	0.039438	0.033962
Chr04	41027433	41203739	0.124998	0.111872	0.053620	0.049785
Chr04	41130289	41295364	0.102761	0.104309	0.042268	0.043876
Chr04	41203753	41353125	0.119069	0.153882	0.042475	0.049781
Chr04	41295453	41444729	0.138508	0.129798	0.052219	0.056339
Chr04	41353127	41494076	0.064634	0.064942	0.035439	0.037436
Chr04	41444977	41567823	-0.005163	-0.006368	-0.003578	0.003836
Chr04	41494120	41625761	-0.049225	-0.059252	-0.033764	-0.024022
Chr04	41567934	41708683	0.181761	0.151766	0.102292	0.091198
Chr04	41625762	41954113	0.251171	0.182031	0.122844	0.139621
Chr04	41708685	42023401	0.024821	0.024653	0.014099	0.011830
Chr04	41954166	42139210	0.027512	0.036008	0.021003	0.010743
Chr04	42023422	42301996	0.063247	0.051576	0.029042	0.020988
Chr04	42139233	42430488	-0.078397	-0.064948	-0.027484	-0.035404
Chr04	42302017	42568729	-0.127077	-0.142979	-0.055118	-0.070407
Chr04	42430489	42701059	-0.040587	-0.027890	-0.015510	-0.015038
Chr04	42568827	42909974	-0.042109	-0.021079	-0.011513	-0.012956
Chr04	42701165	43038111	-0.081398	-0.055658	-0.028594	-0.026697
Chr04	42911372	43163584	-0.003665	-0.001944	-0.001199	-0.000042
Chr04	43038124	43350657	0.193159	0.072515	0.047773	0.048746
Chr04	43163616	43447855	0.178329	0.095042	0.054973	0.046340
Chr04	43350762	43545370	0.191778	0.141589	0.074591	0.067531
Chr04	43447878	43638729	0.177138	0.149389	0.074986	0.072171
Chr04	43545384	43686710	-0.003086	-0.003531	-0.001667	-0.002043
Chr04	43638753	43759962	0.107963	0.109669	0.061376	0.068222
Chr04	43686726	43878452	0.241400	0.168649	0.103183	0.138415
Chr04	43759963	44260779	0.136940	0.094798	0.053991	0.076842
Chr04	43878497	44466700	0.047197	0.032751	0.018302	0.022003
Chr04	44260783	44527457	0.040659	0.028866	0.017296	0.015235
Chr04	44466703	44592961	0.106365	0.110698	0.066593	0.048467
Chr04	44527594	44655872	0.137884	0.161681	0.096052	0.056514
Chr04	44592973	44758551	0.181254	0.140399	0.084342	0.078073
Chr04	44655886	44885123	0.149994	0.087022	0.051323	0.069879
Chr04	44758852	45068604	0.020172	0.012848	0.007162	0.008663
Chr04	44885154	45598949	-0.021335	-0.011254	-0.006306	-0.010856
Chr04	45068663	45821592	-0.008827	-0.004493	-0.002662	-0.004669
Chr04	45600387	45901528	0.038245	0.029113	0.017465	0.019201
Chr04	45821596	46077272	-0.007109	-0.005048	-0.002820	-0.001027
Chr04	45901606	46211672	-0.035109	-0.022649	-0.012968	-0.014722
Chr04	46077481	46388052	-0.018614	-0.011193	-0.006463	-0.010047
Chr04	46212567	46503635	0.023661	0.014972	0.008469	0.006477
Chr04	46388060	46620108	0.055570	0.033159	0.021936	0.016212
Chr04	46503698	46861433	0.061653	0.033593	0.020561	0.035971
Chr04	46620113	47019503	0.161942	0.109917	0.059559	0.117187
Chr04	46861434	47079302	0.162204	0.149884	0.073095	0.088048
Chr04	47019544	47126474	0.056908	0.072096	0.025411	0.031343
Chr04	47079375	47275547	0.361326	0.386742	0.179893	0.247006
Chr04	47126493	47477551	0.347615	0.250611	0.160012	0.235636
Chr04	47283380	47751890	-0.118331	-0.072368	-0.043639	-0.074867
Chr04	47477659	48046988	-0.159935	-0.095774	-0.057800	-0.105755
Chr04	47752307	48178832	0.165977	0.091141	0.062428	0.098447
Chr04	48047007	48227580	0.223591	0.161860	0.097327	0.144488
Chr04	48178868	48289526	-0.062022	-0.109316	-0.037040	-0.025878
Chr04	48227590	48430941	-0.091507	-0.112709	-0.034551	-0.050588
Chr04	48289585	48603059	0.038640	0.029081	0.011144	0.025030
Chr04	48431044	48688762	0.099533	0.081291	0.034862	0.056046
Chr04	48603061	48856931	0.148496	0.112674	0.055578	0.066940
Chr04	48688942	48990503	0.103687	0.076113	0.037290	0.043582
Chr04	48856932	49068346	-0.021536	-0.028824	-0.011301	-0.009626
Chr04	48990941	49132998	0.010585	0.015160	0.006944	0.003059
Chr04	49068354	49206593	0.009908	0.015638	0.006231	0.003309
Chr04	49133071	49464412	-0.043501	-0.057759	-0.022964	-0.018540
Chr04	49206683	49655395	0.026036	0.020098	0.010815	0.015231
Chr04	49464452	49848352	-0.089862	-0.038887	-0.024828	-0.025517
Chr04	49655424	50006381	-0.120005	-0.062078	-0.028731	-0.030018
Chr04	49848898	50144075	-0.044351	-0.053124	-0.019501	-0.013696
Chr04	50006635	50301521	-0.148701	-0.200343	-0.070312	-0.063346
Chr04	50144130	50467639	-0.130870	-0.080539	-0.036827	-0.056083
Chr04	50301525	50683418	0.036207	0.014187	0.009321	0.015080
Chr04	50467679	50753930	-0.021173	-0.011635	-0.006479	-0.006240
Chr04	50683488	51044392	-0.005245	-0.002552	-0.001538	-0.001070
Chr04	50753938	51165570	0.073272	0.027278	0.019322	0.029714
Chr04	51044409	51213424	-0.014843	-0.008875	-0.005540	-0.003657
Chr04	51165738	51357186	-0.113722	-0.076115	-0.046673	-0.053855
Chr04	51213440	51576189	-0.080890	-0.039286	-0.025165	-0.033137
Chr04	51357258	51713142	0.338190	0.193790	0.131060	0.134491
Chr04	51576383	51931821	0.386327	0.293072	0.162179	0.177945
Chr04	51713143	52165873	0.053762	0.029806	0.014157	0.023712
Chr04	51931926	52399768	-0.117486	-0.051952	-0.027478	-0.056369
Chr04	52165926	52560965	-0.127651	-0.054442	-0.030320	-0.051382
Chr04	52400933	52662971	-0.089895	-0.051406	-0.028562	-0.033552
Chr04	52560976	52748384	-0.097077	-0.089109	-0.049808	-0.047116
Chr04	52663142	52886842	-0.003164	-0.002150	-0.001306	0.000508
Chr04	52748425	53022852	0.042376	0.023144	0.014658	0.019356
Chr04	52887137	53321863	-0.113220	-0.061974	-0.035841	-0.051035
Chr04	53023419	53500734	-0.173319	-0.100567	-0.056900	-0.085299
Chr04	53321960	53531532	-0.020284	-0.018603	-0.011084	-0.010269
Chr04	53500742	53633406	0.076790	0.076059	0.044969	0.042648
Chr04	53531559	53689981	0.017740	0.016805	0.008560	0.010831
Chr04	53634637	53862829	0.031443	0.018793	0.008645	0.012997
Chr04	53689985	53941815	0.021004	0.012723	0.006243	0.008557
Chr04	53862831	53992924	0.115939	0.095731	0.054066	0.071796
Chr04	53941827	54051865	0.109361	0.106474	0.063159	0.060212
Chr04	53992946	54143936	-0.004595	-0.005157	-0.003151	-0.003570
Chr04	54051886	54205486	-0.058212	-0.070116	-0.036028	-0.028635
Chr04	54143981	54256367	-0.046080	-0.058147	-0.024979	-0.017539
Chr04	54205516	54305905	0.023188	0.024954	0.013163	0.013106
Chr04	54256490	54377438	-0.031179	-0.036767	-0.021110	-0.018285
Chr04	54305913	54427077	-0.048158	-0.070707	-0.037380	-0.024516
Chr04	54377460	54509843	-0.005772	-0.006048	-0.003457	-0.002308
Chr04	54427165	54551391	-0.044531	-0.045683	-0.025570	-0.024516
Chr04	54509881	54805214	-0.126489	-0.145455	-0.072824	-0.070758
Chr04	54551430	54890394	-0.079908	-0.081515	-0.045694	-0.035514
Chr04	54805272	54987314	-0.075158	-0.102236	-0.054441	-0.031042
Chr04	54890462	55025195	-0.062078	-0.083958	-0.044319	-0.033802
Chr04	54988334	55073922	-0.051916	-0.076938	-0.040525	-0.028444
Chr04	55025204	55158947	0.101444	0.117812	0.061133	0.046507
Chr04	55073956	55265793	0.058322	0.050128	0.026251	0.031276
Chr04	55158959	55324189	-0.095495	-0.084526	-0.045651	-0.055032
Chr04	55265794	55437577	-0.106356	-0.073277	-0.042530	-0.045478
Chr04	55324337	55548985	-0.038154	-0.024485	-0.014001	-0.012944
Chr04	55437604	55668040	0.038038	0.035866	0.019373	0.017154
Chr04	55549021	55753860	0.099197	0.096174	0.052768	0.058285
Chr04	55668060	55859808	0.141537	0.145804	0.086601	0.081627
Chr04	55753898	55910842	0.061902	0.075041	0.044550	0.033532
Chr04	55859828	56043345	-0.178114	-0.214057	-0.098983	-0.102259
Chr04	55910850	56134458	-0.023416	-0.023568	-0.009881	-0.011895
Chr04	56043410	56239749	0.057689	0.052869	0.025143	0.029924
Chr04	56134576	56357631	-0.189786	-0.144816	-0.081310	-0.090143
Chr04	56239878	56603214	-0.163380	-0.074489	-0.046813	-0.075562
Chr04	56357747	56804317	-0.075870	-0.036072	-0.022829	-0.031319
Chr04	56603230	56946443	-0.099714	-0.065856	-0.040551	-0.037462
Chr04	56804321	57054789	-0.031822	-0.018331	-0.010531	-0.013087
Chr04	56946456	57144820	0.116123	0.064700	0.041781	0.054137
Chr04	57055108	57237622	0.246496	0.149020	0.116782	0.130825
Chr04	57144902	57375914	0.307496	0.230406	0.177264	0.188734
Chr04	57237689	57631287	0.339747	0.242890	0.177924	0.217465
Chr04	57376202	57711249	0.352539	0.290880	0.173968	0.200663
Chr04	57631296	57799694	0.153410	0.182346	0.094461	0.081833
Chr04	57711305	57908755	0.143435	0.102614	0.065859	0.073566
Chr04	57799706	57993364	0.147067	0.082474	0.053906	0.064628
Chr04	57908806	58102244	0.071237	0.052621	0.033591	0.032430
Chr04	57993376	58332799	0.087347	0.059547	0.039096	0.037449
Chr04	58102268	58483648	0.133878	0.089537	0.056533	0.050524
Chr04	58333631	58565505	0.159320	0.157788	0.092352	0.069540
Chr04	58483711	58635720	0.144386	0.132285	0.087767	0.069559
Chr04	58565507	58716827	0.049947	0.029811	0.021100	0.024264
Chr04	58635747	58802297	-0.006612	-0.004182	-0.002631	-0.003507
Chr04	58716855	58916854	0.013616	0.010565	0.006066	0.007775
Chr04	58802307	59076040	0.187603	0.116956	0.074088	0.117636
Chr04	58920836	59154040	0.135524	0.099169	0.058197	0.081752
Chr04	59076053	59250684	0.008109	0.008125	0.003971	0.001430
Chr04	59154044	59475624	0.124989	0.108701	0.047458	0.043532
Chr04	59250994	59602045	-0.038060	-0.019402	-0.011184	-0.013878
Chr04	59475803	59837889	-0.118188	-0.048295	-0.030280	-0.053185
Chr04	59602051	59973676	0.035913	0.015124	0.008365	0.017050
Chr04	59837950	60062644	0.076542	0.040029	0.021720	0.031452
Chr04	59973687	60149832	0.144662	0.123983	0.069757	0.060413
Chr04	60062645	60327766	0.158357	0.110151	0.056816	0.074495
Chr04	60149872	60410066	0.028085	0.020082	0.010015	0.016866
Chr04	60327771	60474446	0.042248	0.043980	0.024042	0.026044
Chr04	60410188	60606099	0.168220	0.153849	0.090797	0.093997
Chr04	60474452	60734636	0.136743	0.104561	0.063605	0.062910
Chr04	60606333	60795512	0.218035	0.185667	0.095496	0.110645
Chr04	60734651	60864056	0.312942	0.325082	0.139286	0.137698
Chr04	60795516	60923189	0.192093	0.199485	0.103556	0.071529
Chr04	60864071	61024997	0.094506	0.099871	0.051767	0.043263
Chr04	60923192	61107077	0.084350	0.087653	0.037229	0.050315
Chr04	61025171	61173842	0.063084	0.069578	0.028358	0.035843
Chr04	61107106	61247235	-0.016240	-0.019319	-0.008780	-0.008648
Chr04	61173844	61336981	-0.031972	-0.043804	-0.018229	-0.014447
Chr04	61247245	61462713	-0.001372	-0.002317	-0.000878	0.002378
Chr04	61342138	61577880	0.051242	0.064382	0.030006	0.022855
Chr04	61462742	61932279	-0.078611	-0.069025	-0.036699	-0.041254
Chr04	61577888	62340836	-0.156882	-0.092390	-0.050525	-0.085096
Chr04	61933044	62491947	-0.032858	-0.018666	-0.010156	-0.019441
Chr04	62340899	62854557	-0.003594	-0.002909	-0.001422	-0.003731
Chr04	62491981	63017800	-0.062446	-0.050487	-0.024971	-0.030127
Chr04	62854559	63076703	-0.038496	-0.035833	-0.021615	-0.016876
Chr04	63017802	63141661	0.034869	0.041800	0.025204	0.016944
Chr04	63076749	63203483	-0.024313	-0.034268	-0.018327	-0.011193
Chr04	63141662	63271791	-0.047575	-0.071528	-0.033268	-0.020499
Chr04	63203492	63350671	0.048213	0.060426	0.031151	0.022340
Chr04	63271808	63487250	0.044662	0.044609	0.027956	0.021554
Chr04	63354479	63561300	-0.003239	-0.003429	-0.002043	-0.000289
Chr04	63487270	63647671	0.193097	0.178874	0.111309	0.112108
Chr04	63561303	63717926	0.264639	0.232393	0.149688	0.163289
Chr04	63647725	63783607	0.075091	0.080655	0.047762	0.042737
Chr04	63718070	63874718	-0.004194	-0.003446	-0.002116	-0.001011
Chr04	63783610	64073777	-0.036785	-0.015812	-0.009963	-0.010598
Chr04	63874737	64276952	0.040381	0.012558	0.008579	0.011866
Chr04	64073778	64461802	0.112029	0.045412	0.031947	0.041522
Chr04	64277173	64672364	0.239016	0.125024	0.080156	0.086857
Chr04	64461875	64852540	0.036834	0.026772	0.015108	0.017248
Chr04	64672370	64924024	-0.138940	-0.190657	-0.090458	-0.068208
Chr04	64852571	64985880	0.030656	0.034367	0.017564	0.012739
Chr04	64924037	65111103	0.052027	0.049420	0.022301	0.019341
Chr04	64985883	65218639	0.018762	0.017544	0.008124	0.008770
Chr04	65111119	65374687	0.055156	0.038746	0.022081	0.027677
Chr04	65218653	65571434	0.083498	0.040732	0.025782	0.032547
Chr04	65374732	65890151	0.058447	0.028819	0.015077	0.021492
Chr04	65571498	66167348	-0.046048	-0.019654	-0.010043	-0.016349
Chr04	65890184	66620591	-0.070565	-0.018211	-0.010349	-0.027797
Chr04	66167487	67124475	0.300458	0.081667	0.045675	0.148008
Chr04	66621123	67225126	0.373475	0.169125	0.093333	0.210661
Chr04	67124548	67338360	0.033336	0.030124	0.016232	0.022072
Chr04	67225130	67456197	-0.062957	-0.057777	-0.029164	-0.034535
Chr04	67338470	67510231	-0.126461	-0.148774	-0.068298	-0.071272
Chr04	67456257	67630600	-0.077300	-0.075934	-0.041737	-0.041212
Chr04	67510252	67685250	-0.028799	-0.025388	-0.014915	-0.013894
Chr04	67630670	67735925	-0.017771	-0.026855	-0.015224	-0.011154
Chr04	67685338	67796000	-0.081835	-0.149522	-0.069226	-0.038862
Chr04	67735967	67900718	-0.190888	-0.331459	-0.132315	-0.078941
Chr04	67796055	67966322	-0.090263	-0.124845	-0.063029	-0.040089
Chr04	67900817	68028821	0.103892	0.152922	0.072695	0.054040
Chr04	67966349	68097027	0.168946	0.254111	0.115532	0.086204
Chr04	68029379	68380652	-0.083906	-0.076625	-0.038820	-0.037792
Chr04	68097034	68853763	-0.109521	-0.078951	-0.041559	-0.053970
Chr04	68380795	69217783	-0.009329	-0.007029	-0.003884	-0.003876
Chr04	68853975	69404386	-0.034746	-0.030922	-0.016335	-0.014596
Chr04	69217933	69443512	-0.118020	-0.130598	-0.059745	-0.058840
Chr04	69404399	69514250	-0.120218	-0.207122	-0.085211	-0.061046
Chr04	69443549	69572464	-0.231059	-0.344583	-0.151145	-0.128613
Chr04	69514345	69631304	-0.154020	-0.176980	-0.088979	-0.086732
Chr04	69572479	69679721	0.147570	0.160164	0.075399	0.080913
Chr04	69631307	69872900	0.113479	0.151523	0.057358	0.058227
Chr04	69679770	69957650	-0.039475	-0.044411	-0.021381	-0.022829
Chr04	69872920	70115218	0.006379	0.005821	0.003028	0.005499
Chr04	69957652	70204301	0.007141	0.007029	0.003458	0.004373
Chr04	70115238	70285395	-0.112951	-0.132374	-0.068986	-0.063274
Chr04	70204340	70388406	-0.093365	-0.089798	-0.051088	-0.052529
Chr04	70285406	70452038	-0.118716	-0.089299	-0.055214	-0.059603
Chr04	70388506	70562486	-0.411820	-0.391464	-0.198938	-0.233653
Chr04	70452185	70669843	-0.313904	-0.317139	-0.162852	-0.157034
Chr04	70563599	70715830	-0.071796	-0.080182	-0.046470	-0.031664
Chr04	70669858	70771599	-0.132568	-0.263711	-0.104086	-0.059627
Chr04	70715863	70933080	0.052578	0.067306	0.029419	0.024765
Chr04	70771622	71006213	-0.003646	-0.003667	-0.001841	-0.004005
Chr04	70933183	71394179	-0.088918	-0.073716	-0.039045	-0.044262
Chr04	71006261	71568410	0.015102	0.011933	0.006319	0.008351
Chr04	71394192	71656677	-0.148705	-0.198170	-0.065523	-0.075906
Chr04	71568507	71765433	-0.246710	-0.371677	-0.103725	-0.121636
Chr04	71657520	71890596	-0.143801	-0.105482	-0.051684	-0.063992
Chr04	71765439	72045495	-0.167506	-0.104062	-0.059466	-0.085666
Chr04	71890653	72348611	-0.169656	-0.102223	-0.058486	-0.098374
Chr04	72045540	72529793	-0.178418	-0.119758	-0.064388	-0.096832
Chr04	72348684	72701228	-0.109238	-0.089016	-0.048373	-0.043816
Chr04	72529940	72770308	-0.072714	-0.071425	-0.038520	-0.028567
Chr04	72701289	72885998	-0.180674	-0.245968	-0.111392	-0.075123
Chr04	72770347	73038854	-0.124278	-0.107258	-0.057807	-0.035593
Chr04	72886030	73130491	-0.044858	-0.037871	-0.020835	-0.014634
Chr04	73038867	73253210	-0.025713	-0.026684	-0.014186	-0.013738
Chr04	73130537	73366506	0.001580	0.001521	0.000871	0.000203
Chr04	73253387	73467004	-0.017593	-0.018945	-0.009987	-0.007395
Chr04	73366634	73544967	0.025037	0.030569	0.013516	0.015113
Chr04	73467016	73617146	0.072301	0.076911	0.032894	0.031909
Chr04	73545035	73689665	0.042970	0.047811	0.023801	0.020778
Chr04	73617314	73773401	0.108859	0.137276	0.072214	0.061311
Chr04	73689690	73841294	0.084996	0.105842	0.055664	0.050030
Chr04	73773438	73943523	-0.048400	-0.053605	-0.028871	-0.022337
Chr04	73841667	74173393	0.030468	0.022392	0.010335	0.022478
Chr04	73943538	74256231	0.017298	0.014437	0.006323	0.012827
Chr04	74173545	74527103	-0.174688	-0.174532	-0.078316	-0.090765
Chr04	74256248	74610987	-0.113944	-0.100504	-0.050965	-0.053214
Chr04	74527189	74707307	0.156797	0.135866	0.078709	0.080465
Chr04	74611022	74793349	0.127104	0.107080	0.049447	0.057700
Chr04	74707313	74976063	-0.077853	-0.072827	-0.031854	-0.037162
Chr04	74793390	75036907	-0.139788	-0.152460	-0.068026	-0.075465
Chr04	74976110	75096304	-0.159486	-0.141679	-0.081475	-0.086410
Chr04	75037089	75191490	-0.184364	-0.162179	-0.098372	-0.077919
Chr04	75096421	75308153	-0.096604	-0.082196	-0.046553	-0.027257
Chr04	75191535	75373707	0.007916	0.005607	0.003749	0.002456
Chr04	75308177	75419551	-0.022796	-0.023939	-0.014943	-0.006670
Chr04	75373787	75546293	-0.114640	-0.114556	-0.064265	-0.055803
Chr04	75419600	75617259	-0.123860	-0.133259	-0.069380	-0.063915
Chr04	75546415	75671739	-0.074265	-0.101379	-0.044975	-0.035542
Chr04	75617301	75758867	0.052975	0.056865	0.028735	0.029331
Chr04	75671914	75877318	0.163666	0.177881	0.099433	0.095783
Chr04	75759052	75946668	0.169164	0.182902	0.109608	0.092632
Chr04	75877494	75997356	-0.059737	-0.093450	-0.042419	-0.021007
Chr04	75946670	76061120	-0.134660	-0.261765	-0.103487	-0.060636
Chr04	75997376	76133027	-0.018366	-0.026110	-0.013975	-0.014727
Chr04	76061154	76250515	-0.058341	-0.086981	-0.037081	-0.029000
Chr04	76133082	76320291	-0.089870	-0.165148	-0.055106	-0.040437
Chr04	76250519	76433641	-0.030099	-0.051750	-0.020910	-0.012722
Chr04	76320328	76591758	-0.216608	-0.212042	-0.102650	-0.138728
Chr04	76433662	76901558	-0.140636	-0.093501	-0.049002	-0.097229
Chr04	76591823	77138563	0.133286	0.084952	0.048272	0.078129
Chr04	76901625	77275490	0.076560	0.059952	0.035750	0.042236
Chr04	77138591	77326020	-0.020267	-0.022986	-0.013439	-0.012270
Chr04	77275504	77394479	-0.065408	-0.102940	-0.050848	-0.033953
Chr04	77326052	77484359	-0.059766	-0.075068	-0.038600	-0.032271
Chr04	77394491	77533221	0.036233	0.041933	0.022256	0.019125
Chr04	77484382	77611216	0.092957	0.095079	0.051943	0.052984
Chr04	77533267	77927653	0.075903	0.064579	0.029915	0.047072
Chr04	77611253	77977521	-0.033855	-0.037989	-0.014236	-0.009425
Chr04	77927670	78029205	-0.159700	-0.266489	-0.100425	-0.071732
Chr04	77977532	78498917	-0.121688	-0.070798	-0.033607	-0.083448
Chr04	78029245	78764788	-0.088128	-0.040044	-0.020169	-0.065611
Chr04	78499879	78890602	0.000603	0.000321	0.000188	0.002549
Chr04	78764858	78997404	-0.012272	-0.008356	-0.004946	-0.004843
Chr04	78890618	79037914	-0.075707	-0.083085	-0.044903	-0.042817
Chr04	78997470	79089241	0.008722	0.010688	0.005989	0.005874
Chr04	79037953	79139535	0.048389	0.058629	0.031827	0.030737
Chr04	79089291	79220314	-0.044745	-0.054559	-0.028456	-0.020279
Chr04	79139616	79323505	-0.086548	-0.095390	-0.050345	-0.045123
Chr04	79220366	79413943	-0.042295	-0.039216	-0.021716	-0.024731
Chr04	79323949	79494147	0.056707	0.053550	0.031433	0.028749
Chr04	79414026	79525813	0.508064	0.459882	0.359811	0.310871
Chr04	79494157	79608952	0.541595	0.459142	0.386339	0.336144
Chr04	79525838	79690119	0.055929	0.060518	0.036811	0.025116
Chr04	79609121	79769215	-0.164823	-0.236142	-0.084594	-0.062676
Chr04	79690233	79833955	-0.104633	-0.163066	-0.058679	-0.036095
Chr04	79769219	79938960	0.023807	0.029979	0.015362	0.014544
Chr04	79833968	80072346	0.014592	0.018549	0.009445	0.009351
Chr04	79938963	80167138	-0.027803	-0.033850	-0.018236	-0.019645
Chr04	80072366	80280517	-0.027379	-0.032904	-0.017711	-0.017688
Chr04	80167250	80342210	0.065341	0.098060	0.047302	0.036171
Chr04	80280617	80396397	-0.213385	-0.402639	-0.157285	-0.108871
Chr04	80342228	80461780	-0.390614	-0.869791	-0.265495	-0.223606
Chr04	80396426	80578635	-0.190728	-0.279559	-0.115355	-0.100920
Chr04	80461870	80784343	-0.062202	-0.056115	-0.030206	-0.029500
Chr04	80578665	80890248	-0.044903	-0.042525	-0.022389	-0.018939
Chr04	80784393	80995543	0.081999	0.101447	0.059906	0.048622
Chr04	80890341	81083997	0.123109	0.160133	0.101340	0.071826
Chr04	80995564	81153772	0.000882	0.001194	0.000657	0.001374
Chr04	81084877	81268811	-0.028686	-0.030699	-0.016204	-0.013083
Chr04	81153846	81326120	0.051727	0.057410	0.030588	0.029467
Chr04	81268812	81416267	0.050681	0.077737	0.034732	0.025432
Chr04	81326177	81539215	-0.083956	-0.110271	-0.050727	-0.032120
Chr04	81416306	81720646	-0.068246	-0.076820	-0.030544	-0.030929
Chr04	81539222	81822495	-0.022823	-0.025125	-0.010042	-0.005182
Chr04	81721277	81885377	-0.005527	-0.006394	-0.003343	0.001499
Chr04	81822539	81995324	-0.016710	-0.021545	-0.011331	-0.008600
Chr04	81885378	82156235	0.021345	0.022356	0.012832	0.014855
Chr04	81995398	82431731	0.142621	0.113684	0.067800	0.081989
Chr04	82156433	82567708	0.193319	0.149354	0.091193	0.112099
Chr04	82431737	82650696	0.115141	0.114485	0.068034	0.055148
Chr04	82567718	82717181	0.229634	0.279684	0.176987	0.119726
Chr04	82651096	82769499	0.395912	0.481408	0.286595	0.237464
Chr04	82717186	82806029	0.274248	0.317583	0.172170	0.151507
Chr04	82769551	82858161	0.225766	0.214921	0.143542	0.128114
Chr04	82806063	82924841	0.261345	0.247406	0.168018	0.158104
Chr04	82858193	83046057	0.204856	0.202299	0.129974	0.121784
Chr04	82924861	83168790	0.139484	0.160665	0.095806	0.079289
Chr04	83046192	83264716	0.025446	0.027374	0.014961	0.013378
Chr04	83168876	83336122	-0.049498	-0.048808	-0.027733	-0.028256
Chr04	83264786	83406087	-0.065311	-0.078930	-0.042952	-0.033803
Chr04	83336124	83607181	-0.095636	-0.093000	-0.052087	-0.051346
Chr04	83406117	83691435	-0.122259	-0.097419	-0.059022	-0.069548
Chr04	83607186	83763178	-0.029564	-0.026756	-0.016412	-0.016771
Chr04	83691593	83827526	0.042018	0.049102	0.028719	0.024583
Chr04	83763194	83929161	-0.026812	-0.032771	-0.017290	-0.015588
Chr04	83827549	84364978	0.009027	0.006762	0.003881	0.011668
Chr04	83929168	84642217	0.051190	0.033449	0.019556	0.035451
Chr04	84366113	84698501	0.096324	0.090925	0.050857	0.056855
Chr04	84642239	84755925	0.015786	0.024086	0.013005	0.009340
Chr04	84698543	84886090	-0.081004	-0.085389	-0.047656	-0.046098
Chr04	84756036	84994979	0.090769	0.075903	0.047800	0.047924
Chr04	84886343	85152579	0.198952	0.162963	0.110603	0.097701
Chr04	84995093	85236933	0.162447	0.189932	0.093749	0.077693
Chr05	37641	170052	0.114182	0.126141	0.047765	0.044421
Chr05	110549	294812	-0.053450	-0.049126	-0.022604	-0.024189
Chr05	170059	411254	0.014074	0.009438	0.005368	0.000389
Chr05	294821	541189	0.097948	0.062875	0.036473	0.045271
Chr05	411261	602088	0.074443	0.074504	0.038815	0.035265
Chr05	541190	669634	-0.131464	-0.261329	-0.087813	-0.064795
Chr05	602140	732682	-0.073364	-0.104081	-0.048802	-0.044660
Chr05	669726	812974	0.194752	0.236758	0.136009	0.107224
Chr05	732714	1195541	0.117316	0.114065	0.054184	0.065914
Chr05	813408	2912947	0.093708	0.070500	0.038471	0.056557
Chr05	1195579	2969373	0.107843	0.088310	0.053330	0.061339
Chr05	2912982	3032169	0.036481	0.036180	0.020374	0.023520
Chr05	2969486	3151716	0.048770	0.039423	0.023754	0.027312
Chr05	3032171	3259593	0.002226	0.001463	0.000877	0.003332
Chr05	3151893	3330237	0.050685	0.042237	0.023132	0.024113
Chr05	3259645	3430407	0.164828	0.204905	0.100684	0.090406
Chr05	3330270	3605100	0.179989	0.132179	0.070985	0.108021
Chr05	3430572	3719050	0.039052	0.027957	0.014936	0.018558
Chr05	3605127	3809112	-0.018005	-0.017035	-0.008726	-0.014904
Chr05	3719091	3883226	0.181303	0.189373	0.110164	0.099134
Chr05	3809113	3949879	0.333845	0.376184	0.278708	0.182227
Chr05	3883290	4038615	0.290312	0.314498	0.197660	0.150881
Chr05	3950010	4119855	-0.239927	-0.349213	-0.131483	-0.128171
Chr05	4038721	4356955	-0.446140	-0.469629	-0.192198	-0.254158
Chr05	4119901	4460143	-0.220032	-0.177553	-0.091574	-0.108544
Chr05	4356957	4534321	-0.173608	-0.159947	-0.090603	-0.085032
Chr05	4460290	4603819	-0.040828	-0.036564	-0.020931	-0.018630
Chr05	4534323	4734050	0.071437	0.066185	0.035950	0.051041
Chr05	4603974	4827816	0.172575	0.149176	0.086195	0.107240
Chr05	4734467	4957181	0.212495	0.157134	0.093158	0.108613
Chr05	4828065	5096967	0.151704	0.095903	0.059980	0.069322
Chr05	4957199	5248426	0.038450	0.023299	0.013941	0.019927
Chr05	5096984	5363570	-0.016379	-0.008829	-0.005180	-0.007324
Chr05	5248443	5444700	0.143159	0.082029	0.048373	0.076088
Chr05	5363696	5513726	0.177766	0.156071	0.077038	0.090807
Chr05	5444701	5657140	0.007710	0.006482	0.003421	0.003949
Chr05	5513756	5894473	0.075947	0.042773	0.027478	0.046828
Chr05	5657147	5960155	0.080774	0.047561	0.030957	0.049034
Chr05	5894497	6050113	-0.159814	-0.097730	-0.067761	-0.070747
Chr05	5960161	6116438	-0.054691	-0.033287	-0.024088	-0.029017
Chr05	6050120	6227377	-0.064006	-0.053812	-0.033998	-0.029644
Chr05	6116478	6309772	-0.129448	-0.123163	-0.071576	-0.054509
Chr05	6227397	6493726	0.053790	0.039116	0.019812	0.021814
Chr05	6309950	6633823	0.047452	0.034664	0.013234	0.021813
Chr05	6493727	6707122	-0.122043	-0.149291	-0.043529	-0.061460
Chr05	6634137	6825532	-0.152924	-0.181934	-0.060809	-0.089579
Chr05	6707356	6917502	-0.007789	-0.006725	-0.003140	0.006846
Chr05	6825557	7051263	0.098332	0.066571	0.038645	0.059855
Chr05	6917553	7196176	0.029845	0.022942	0.011536	0.013620
Chr05	7051996	7258506	-0.012583	-0.013314	-0.005717	-0.004960
Chr05	7196178	7362158	-0.078189	-0.089628	-0.042647	-0.038340
Chr05	7258526	7450687	-0.159652	-0.113305	-0.065208	-0.075484
Chr05	7362202	7552714	-0.003440	-0.001744	-0.001184	-0.001856
Chr05	7450710	7621847	-0.062608	-0.037835	-0.023576	-0.030168
Chr05	7552759	7702449	-0.159940	-0.121318	-0.070587	-0.078992
Chr05	7621859	7787680	-0.012494	-0.011563	-0.006568	-0.004098
Chr05	7702518	7860138	0.134426	0.141287	0.077107	0.077383
Chr05	7787690	7904079	0.185345	0.209664	0.112269	0.099865
Chr05	7860233	7991152	0.064432	0.071548	0.039064	0.031891
Chr05	7904086	8110336	0.009847	0.008896	0.005208	0.008527
Chr05	7991158	8178855	-0.046779	-0.043764	-0.024155	-0.019530
Chr05	8110358	8242478	-0.073284	-0.079192	-0.044889	-0.036895
Chr05	8178918	8396302	0.041489	0.037296	0.021019	0.028190
Chr05	8242530	8495346	-0.073596	-0.042518	-0.025747	-0.034874
Chr05	8396315	8642089	-0.079729	-0.039967	-0.025146	-0.040181
Chr05	8495397	8784289	0.091901	0.048234	0.026515	0.042955
Chr05	8642090	8878677	0.152751	0.086663	0.047467	0.060462
Chr05	8784298	8983085	0.095083	0.078053	0.041155	0.034745
Chr05	8878681	9206926	0.011954	0.007609	0.004247	0.007949
Chr05	8983096	9282984	0.189082	0.107857	0.063309	0.067019
Chr05	9207027	9413622	0.122751	0.128081	0.052378	0.047793
Chr05	9283037	9505240	-0.245167	-0.243361	-0.101333	-0.122104
Chr05	9413660	9597890	-0.228970	-0.179684	-0.087520	-0.123951
Chr05	9505434	9731768	0.105858	0.081211	0.037509	0.041187
Chr05	9597920	9809305	0.201916	0.171058	0.079500	0.080471
Chr05	9731784	9885207	0.100580	0.095100	0.043748	0.049022
Chr05	9809306	9991672	0.032039	0.027122	0.011643	0.011487
Chr05	9885230	10154813	-0.171292	-0.148516	-0.070927	-0.081808
Chr05	9991788	10354008	-0.417091	-0.258385	-0.151167	-0.250085
Chr05	10155019	10618636	-0.226650	-0.121938	-0.070792	-0.137194
Chr05	10354012	10884792	0.048970	0.028723	0.015855	0.028346
Chr05	10618856	11091936	0.395152	0.279284	0.127457	0.183901
Chr05	10884793	11136797	0.307891	0.269194	0.120824	0.167168
Chr05	11091955	11319498	-0.079690	-0.048794	-0.027360	-0.036433
Chr05	11136825	11524359	0.109427	0.053484	0.026509	0.051855
Chr05	11319551	11636954	0.189423	0.092379	0.049907	0.090182
Chr05	11524368	11715912	0.170862	0.090464	0.057689	0.074968
Chr05	11636955	11875580	0.007549	0.004739	0.002996	0.001031
Chr05	11715923	11977143	-0.020775	-0.015701	-0.008870	-0.008317
Chr05	11875751	12061784	0.131968	0.118341	0.059177	0.047828
Chr05	11977196	12162539	0.155058	0.132417	0.073409	0.071145
Chr05	12061854	12295689	0.086223	0.067511	0.037754	0.050448
Chr05	12163998	12343953	0.118585	0.080511	0.048989	0.075132
Chr05	12295827	12429573	0.160190	0.114448	0.072868	0.094238
Chr05	12343980	12505175	0.012303	0.010543	0.005226	0.004764
Chr05	12429584	12675600	-0.116039	-0.065161	-0.034441	-0.047119
Chr05	12505194	12797182	-0.091505	-0.054505	-0.030467	-0.038846
Chr05	12675624	12918730	0.085835	0.081252	0.040539	0.058382
Chr05	12797194	12992011	0.226430	0.189871	0.093632	0.127844
Chr05	12918745	13183207	0.231758	0.197402	0.098733	0.100056
Chr05	12992013	13268710	0.168045	0.193324	0.091678	0.067769
Chr05	13183256	13344282	0.261873	0.203224	0.123581	0.128076
Chr05	13268820	13459050	0.222969	0.136619	0.082232	0.139188
Chr05	13344291	13553638	0.095770	0.054712	0.032872	0.037136
Chr05	13459111	13780290	-0.259927	-0.150515	-0.087187	-0.099287
Chr05	13553665	14216802	-0.288033	-0.183473	-0.101726	-0.174710
Chr05	13780302	14324337	0.003976	0.002466	0.001375	0.008204
Chr05	14216826	14484634	-0.033539	-0.019022	-0.010610	-0.010815
Chr05	14324511	14590705	-0.116526	-0.076140	-0.041361	-0.060605
Chr05	14484647	14689965	0.077367	0.088987	0.036285	0.039709
Chr05	14590709	14840280	0.328498	0.268242	0.122038	0.147830
Chr05	14690145	15000350	0.319810	0.186305	0.092688	0.143180
Chr05	14840302	15128008	0.102862	0.054423	0.030198	0.045509
Chr05	15000427	15316837	0.019773	0.008257	0.005329	0.010207
Chr05	15128101	15589844	-0.126522	-0.044928	-0.028154	-0.069059
Chr05	15317084	15756787	0.014342	0.005505	0.003181	0.011236
Chr05	15589847	15924378	0.190073	0.092094	0.051045	0.095075
Chr05	15756789	16064921	-0.123365	-0.083385	-0.034675	-0.053958
Chr05	15924396	16222461	-0.079996	-0.045579	-0.018834	-0.034955
Chr05	16065088	16304029	0.089279	0.034446	0.020348	0.033506
Chr05	16222506	16470252	-0.005323	-0.002185	-0.001293	-0.002149
Chr05	16304049	16591209	-0.042977	-0.025432	-0.014033	-0.017905
Chr05	16470294	16678562	-0.037159	-0.027773	-0.017262	-0.020569
Chr05	16591226	16804995	-0.175065	-0.103344	-0.066788	-0.091508
Chr05	16678574	16966961	0.040814	0.022270	0.012065	0.021823
Chr05	16805079	17111206	0.194408	0.144246	0.071084	0.101191
Chr05	16966992	17213076	-0.094129	-0.068895	-0.045452	-0.055154
Chr05	17111217	17257897	-0.298620	-0.195534	-0.130064	-0.202737
Chr05	17213079	17362126	-0.384109	-0.253716	-0.158188	-0.224355
Chr05	17257914	17447781	-0.264153	-0.150520	-0.087448	-0.108003
Chr05	17362255	17623493	-0.067597	-0.035594	-0.020384	-0.028229
Chr05	17447828	17690596	0.154957	0.102513	0.057451	0.074124
Chr05	17623528	17829381	0.069055	0.059158	0.028732	0.032494
Chr05	17690605	17938294	0.152166	0.122799	0.059734	0.065121
Chr05	17829429	18032233	0.194351	0.167475	0.084932	0.088063
Chr05	17938325	18181786	0.078297	0.058569	0.032542	0.028344
Chr05	18033262	18282596	-0.042285	-0.024059	-0.012460	-0.009655
Chr05	18181791	18458829	-0.167671	-0.079561	-0.037713	-0.063661
Chr05	18282599	18539021	-0.152056	-0.100984	-0.039427	-0.063364
Chr05	18458862	18652479	-0.006058	-0.004451	-0.001991	0.001080
Chr05	18539096	18797492	0.033881	0.017576	0.010681	0.019128
Chr05	18652604	18951760	-0.152579	-0.068630	-0.042875	-0.077878
Chr05	18798594	19138810	-0.138041	-0.055209	-0.033410	-0.078481
Chr05	18951762	19406724	0.068293	0.034463	0.018367	0.041465
Chr05	19138865	19508566	0.108692	0.074029	0.036812	0.057320
Chr05	19406886	19682587	-0.100753	-0.055433	-0.027308	-0.044232
Chr05	19508573	19885393	0.136165	0.047472	0.028936	0.074244
Chr05	19683288	19987813	0.114897	0.043130	0.029010	0.056465
Chr05	19885503	20151657	-0.258468	-0.229298	-0.081815	-0.066129
Chr05	19987823	20489978	-0.139330	-0.060314	-0.028341	-0.040496
Chr05	20151712	20692331	-0.100905	-0.035417	-0.021518	-0.046462
Chr05	20490004	20885214	-0.117263	-0.054169	-0.033488	-0.049481
Chr05	20692378	21031571	-0.102259	-0.052683	-0.031341	-0.044703
Chr05	20885253	21441813	-0.036054	-0.010885	-0.006601	-0.023523
Chr05	21032935	21731395	-0.018308	-0.005826	-0.003562	-0.019521
Chr05	21442627	21862143	-0.002619	-0.001182	-0.000728	-0.002171
Chr05	21731445	21952384	0.000830	0.000444	0.000267	0.001809
Chr05	21862144	22074834	0.000610	0.000429	0.000240	0.004182
Chr05	21952387	22193736	0.165620	0.078395	0.051995	0.065863
Chr05	22074897	22270009	-0.015511	-0.008723	-0.004746	-0.001245
Chr05	22193898	22333306	-0.140655	-0.156618	-0.064891	-0.056726
Chr05	22270063	22573252	-0.105616	-0.078251	-0.047479	-0.053070
Chr05	22333387	22653907	-0.047887	-0.037556	-0.022497	-0.022119
Chr05	22573257	22736266	-0.011408	-0.009984	-0.005789	-0.002576
Chr05	22653921	22812377	-0.215870	-0.192198	-0.092264	-0.103718
Chr05	22736283	22943413	-0.155216	-0.103551	-0.054402	-0.083390
Chr05	22812384	23122255	-0.156852	-0.067586	-0.041967	-0.083149
Chr05	22943430	23261150	-0.153712	-0.076010	-0.044192	-0.080470
Chr05	23122276	23408402	0.141987	0.101465	0.051688	0.074790
Chr05	23261190	23607703	0.098196	0.049288	0.030370	0.054883
Chr05	23408417	23695159	0.094900	0.039837	0.025376	0.033199
Chr05	23607946	23803503	0.203065	0.119229	0.064537	0.061810
Chr05	23695173	23910957	0.061674	0.042670	0.021575	0.028463
Chr05	23803506	24065834	0.119170	0.070789	0.035199	0.059114
Chr05	23911171	24421991	0.091083	0.023453	0.016242	0.049228
Chr05	24066300	24772419	-0.004458	-0.000980	-0.000730	-0.003917
Chr05	24422189	24949129	-0.033778	-0.010739	-0.006853	-0.017551
Chr05	24772460	25096087	-0.103458	-0.049919	-0.027821	-0.058045
Chr05	24950216	25236594	0.084995	0.039551	0.026081	0.045979
Chr05	25096090	25421190	0.134293	0.055582	0.036861	0.069058
Chr05	25236648	25564932	0.000662	0.000326	0.000200	0.001566
Chr05	25421359	25656087	0.108108	0.072123	0.042677	0.064227
Chr05	25564952	25765880	0.122969	0.105019	0.058351	0.062685
Chr05	25656111	25883053	0.023807	0.015002	0.008743	0.008615
Chr05	25766358	25970588	0.032404	0.020099	0.010502	0.017159
Chr05	25883555	26090219	0.032566	0.021206	0.010277	0.018719
Chr05	25970610	26183481	-0.038637	-0.033224	-0.014570	-0.011425
Chr05	26090255	26282841	0.062348	0.061579	0.025046	0.028042
Chr05	26183928	26437470	0.136056	0.079510	0.040654	0.053791
Chr05	26282896	26555841	0.130514	0.061654	0.039099	0.043564
Chr05	26437529	26631907	0.150744	0.094398	0.059138	0.061371
Chr05	26555860	27004414	0.183830	0.144147	0.071871	0.085867
Chr05	26631913	27150936	0.262485	0.160333	0.077618	0.130413
Chr05	27004648	27256473	0.334961	0.200494	0.090564	0.172288
Chr05	27150960	27461885	-0.001242	-0.000791	-0.000351	-0.006028
Chr05	27256544	27560211	-0.220859	-0.135413	-0.067717	-0.107881
Chr05	27461935	27622705	-0.027231	-0.022282	-0.012726	-0.012873
Chr05	27560252	27679959	0.085408	0.091000	0.053400	0.038996
Chr05	27622729	27776065	0.078788	0.080043	0.042483	0.035583
Chr05	27680003	27864493	0.013169	0.012482	0.007363	0.006631
Chr05	27776093	27931022	0.045535	0.045224	0.027614	0.023248
Chr05	27864514	28022111	0.068795	0.068160	0.035767	0.029893
Chr05	27931037	28161313	-0.305829	-0.233072	-0.119256	-0.138636
Chr05	28022216	28235561	-0.315617	-0.225582	-0.112103	-0.161507
Chr05	28161315	28528117	-0.016304	-0.012703	-0.006499	-0.006688
Chr05	28235622	28770477	-0.058165	-0.031617	-0.020457	-0.023059
Chr05	28528148	29076599	-0.071787	-0.032895	-0.020873	-0.021953
Chr05	28770483	29206007	-0.063813	-0.033450	-0.020414	-0.020398
Chr05	29076803	29314865	-0.031863	-0.017292	-0.011533	-0.015318
Chr05	29206043	29480239	0.054736	0.021741	0.014440	0.021480
Chr05	29314898	29704131	0.134845	0.042021	0.024765	0.063289
Chr05	29480357	29837648	0.072475	0.020346	0.011886	0.041442
Chr05	29704138	30009323	0.020004	0.005578	0.003614	0.005140
Chr05	29837696	30165645	0.210288	0.069548	0.048536	0.132220
Chr05	30009386	30265745	0.293033	0.131520	0.091004	0.188838
Chr05	30165679	30441685	0.135360	0.066317	0.043086	0.089978
Chr05	30265794	30610675	0.112163	0.036669	0.025146	0.058947
Chr05	30441691	30742353	0.094442	0.029628	0.019791	0.039251
Chr05	30611054	30961986	-0.004205	-0.001075	-0.000753	-0.002578
Chr05	30742426	31173910	-0.020488	-0.004074	-0.002775	-0.007773
Chr05	30962029	31347409	-0.055221	-0.016872	-0.009829	-0.023444
Chr05	31174137	31753731	0.128048	0.053740	0.032185	0.055812
Chr05	31347423	31970664	0.156930	0.056536	0.034209	0.078007
Chr05	31753754	32191957	-0.063675	-0.022011	-0.012349	-0.028517
Chr05	31971781	32373950	0.050303	0.025259	0.013942	0.022724
Chr05	32191961	32616275	-0.053659	-0.021618	-0.013185	-0.026829
Chr05	32374008	32900937	-0.059338	-0.018272	-0.010799	-0.032622
Chr05	32616284	33066900	0.130137	0.050067	0.027918	0.052510
Chr05	32900982	33275865	-0.022919	-0.009425	-0.005395	-0.010800
Chr05	33066956	33485281	0.013086	0.004936	0.002798	0.004722
Chr05	33275881	33730039	0.107053	0.043989	0.024026	0.045181
Chr05	33485284	33944703	-0.045076	-0.024515	-0.012347	-0.015827
Chr05	33730381	34216640	0.000002	0.000002	0.000001	0.006074
Chr05	33944724	34353951	0.226016	0.162674	0.104829	0.123850
Chr05	34216649	34490612	0.075081	0.054023	0.035905	0.049444
Chr05	34354027	34565678	-0.042247	-0.037354	-0.020804	-0.023878
Chr05	34490650	34895219	-0.070285	-0.050706	-0.024643	-0.032329
Chr05	34565727	35025375	-0.042786	-0.025513	-0.014795	-0.022643
Chr05	34895220	35127393	0.054834	0.041052	0.023160	0.026058
Chr05	35025425	35485673	0.055747	0.039580	0.019639	0.033179
Chr05	35127407	35742264	0.290326	0.177617	0.090260	0.202737
Chr05	35485961	36069056	0.303080	0.167599	0.088383	0.184492
Chr05	35742270	36786171	0.054228	0.033118	0.017485	0.035829
Chr05	36069115	36900671	-0.005396	-0.004860	-0.002311	0.001023
Chr05	36786434	37010619	0.040529	0.036881	0.018828	0.020639
Chr05	36900804	37125682	0.078353	0.053567	0.029553	0.034290
Chr05	37010689	37408826	0.025502	0.016944	0.005420	0.012889
Chr05	37125684	37510330	-0.201756	-0.269444	-0.056901	-0.075912
Chr05	37408879	37656647	-0.123036	-0.208435	-0.055876	-0.039563
Chr05	37510335	37778489	0.167004	0.198110	0.064935	0.055558
Chr05	37657287	37877456	0.080169	0.095188	0.033815	0.026582
Chr05	37779360	37938456	-0.257890	-0.428410	-0.109327	-0.083891
Chr05	37877471	38191265	-0.159267	-0.180605	-0.059636	-0.066977
Chr05	37938502	38419447	0.185929	0.128875	0.048293	0.090830
Chr05	38191302	38596422	0.295671	0.195764	0.080437	0.162710
Chr05	38419465	38738503	0.134815	0.090346	0.047539	0.069225
Chr05	38596563	38832821	0.049488	0.028269	0.016559	0.020748
Chr05	38738537	38948563	0.208451	0.110151	0.069482	0.101885
Chr05	38832877	39032762	0.271585	0.189476	0.099686	0.133414
Chr05	38948660	39100564	0.068662	0.102831	0.024076	0.028844
Chr05	39032791	39190479	0.037628	0.053400	0.009843	0.017205
Chr05	39100673	39334519	0.112858	0.059325	0.029030	0.047882
Chr05	39190917	39503813	0.094877	0.035251	0.023176	0.048910
Chr05	39334568	39764222	0.104354	0.034228	0.019829	0.056901
Chr05	39504073	40025028	0.278905	0.094047	0.045863	0.163447
Chr05	39764232	40307492	0.298215	0.081439	0.042684	0.171331
Chr05	40025073	40445033	0.279673	0.088082	0.048965	0.150711
Chr05	40307641	40573557	0.189970	0.121726	0.057911	0.128072
Chr05	40445081	40715281	-0.003095	-0.002320	-0.001150	0.000414
Chr05	40573705	40837816	-0.100055	-0.101093	-0.039182	-0.031262
Chr05	40715301	41021063	-0.026319	-0.016242	-0.007164	-0.007205
Chr05	40837908	41350640	0.396747	0.172161	0.105724	0.230580
Chr05	41021202	41518671	0.319525	0.148757	0.094714	0.181538
Chr05	41350651	41617210	0.125013	0.070275	0.033888	0.059417
Chr05	41518673	41756078	0.361117	0.226367	0.104126	0.179020
Chr05	41617331	41925496	0.216555	0.156015	0.063605	0.097785
Chr05	41756093	42092635	0.026383	0.018281	0.007470	0.016071
Chr05	41925720	42276930	0.040477	0.024587	0.012386	0.017692
Chr05	42092780	42438312	0.010719	0.007937	0.003839	0.005660
Chr05	42276954	42612793	-0.059141	-0.059540	-0.026870	-0.021454
Chr05	42440172	42708874	-0.052439	-0.047920	-0.022438	-0.017006
Chr05	42612969	42786031	-0.181772	-0.156227	-0.077541	-0.092025
Chr05	42708885	42948550	-0.182417	-0.106305	-0.058604	-0.095224
Chr05	42786039	43061567	0.082150	0.039551	0.019651	0.023699
Chr05	42948558	43155480	-0.008885	-0.006785	-0.003232	-0.001777
Chr05	43061705	43429754	-0.077899	-0.032366	-0.020891	-0.032334
Chr05	43155502	43599495	-0.012995	-0.003531	-0.002443	0.000178
Chr05	43429755	43795260	0.048185	0.013969	0.009142	0.023764
Chr05	43599496	43924852	-0.105809	-0.032126	-0.019308	-0.046333
Chr05	43795262	44004848	-0.171269	-0.058878	-0.036271	-0.074058
Chr05	43924855	44128952	-0.025369	-0.011745	-0.006768	-0.011697
Chr05	44004859	44251565	0.065887	0.052175	0.023791	0.045274
Chr05	44129007	44329369	0.121399	0.135778	0.060261	0.072266
Chr05	44251578	44461416	0.177889	0.178695	0.099671	0.100613
Chr05	44329384	44587121	0.111052	0.087969	0.046915	0.057204
Chr05	44461417	44709836	0.287284	0.166732	0.103658	0.144292
Chr05	44587186	44831416	0.229554	0.113930	0.075662	0.116828
Chr05	44710175	45121233	0.134094	0.047813	0.029472	0.058653
Chr05	44831779	45327216	0.246413	0.073274	0.044799	0.126263
Chr05	45123138	45587991	0.004067	0.001196	0.000750	0.003113
Chr05	45327242	45710757	-0.086730	-0.026177	-0.017814	-0.035548
Chr05	45588007	45925184	-0.055529	-0.018012	-0.011477	-0.022682
Chr05	45710798	46178496	-0.121678	-0.037512	-0.020166	-0.043937
Chr05	45925660	46350396	-0.096195	-0.028610	-0.015936	-0.031576
Chr05	46178667	46504119	0.030073	0.008324	0.005249	0.012165
Chr05	46350957	46665738	0.045118	0.015477	0.009432	0.018357
Chr05	46504137	46784557	0.018589	0.008031	0.004777	0.007547
Chr05	46665768	46908972	0.065267	0.029294	0.017539	0.023528
Chr05	46784566	47087104	-0.015433	-0.005777	-0.003786	-0.010946
Chr05	46909045	47312445	-0.011580	-0.003635	-0.002237	-0.007760
Chr05	47087114	47506842	0.117377	0.034141	0.017297	0.038495
Chr05	47312702	47836244	0.010241	0.002081	0.001237	0.009254
Chr05	47506888	48178478	0.017313	0.003098	0.001930	0.014847
Chr05	47836481	51536172	-0.027885	-0.003252	-0.002023	-0.024523
Chr05	48178491	52014015	0.047394	0.004857	0.002551	0.027375
Chr05	51536191	52476378	0.372766	0.069901	0.027258	0.205492
Chr05	52015823	52733135	0.313878	0.086892	0.039224	0.176708
Chr05	52476388	52878515	0.320038	0.080407	0.050104	0.126116
Chr05	52733455	52991953	0.327954	0.063702	0.045826	0.092488
Chr05	52878554	53222213	0.100286	0.018808	0.013684	0.039730
Chr05	52991985	53436927	0.217406	0.048015	0.032106	0.116747
Chr05	53223056	53593206	0.484850	0.164434	0.100997	0.288005
Chr05	53437067	53849724	0.458466	0.183685	0.094589	0.237170
Chr05	53593382	53996471	-0.098637	-0.044562	-0.021491	-0.046540
Chr05	53849787	54155103	-0.085546	-0.034368	-0.017439	-0.040233
Chr05	53996518	54290239	0.191837	0.085726	0.039078	0.089229
Chr05	54155402	54435506	0.213495	0.126823	0.061912	0.083751
Chr05	54290258	54720349	0.044674	0.028756	0.013650	0.018418
Chr05	54435527	54799042	-0.001158	-0.000736	-0.000392	0.000568
Chr05	54720413	55003430	-0.050623	-0.020686	-0.014323	-0.011001
Chr05	54799074	55121232	-0.438104	-0.217979	-0.103670	-0.127417
Chr05	55003469	55311516	-0.380467	-0.160935	-0.087079	-0.120184
Chr05	55121313	55442130	-0.076884	-0.028807	-0.019942	-0.027197
Chr05	55311523	55670136	-0.246834	-0.110020	-0.061047	-0.119209
Chr05	55442204	55786728	-0.304154	-0.143172	-0.075080	-0.148178
Chr05	55670144	55904935	-0.128270	-0.098671	-0.049656	-0.053648
Chr05	55786954	56021532	0.047880	0.034951	0.017202	0.024429
Chr05	55904938	56112743	0.093137	0.062107	0.029942	0.046743
Chr05	56022407	56226899	0.238318	0.172617	0.089373	0.130047
Chr05	56112745	56298481	0.204827	0.168605	0.098328	0.131424
Chr05	56226965	56363513	-0.051432	-0.050472	-0.029584	-0.039963
Chr05	56298514	56661466	-0.026735	-0.021531	-0.012284	-0.015059
Chr05	56363568	56788494	0.052001	0.038410	0.020289	0.033466
Chr05	56661478	56866818	-0.018894	-0.018306	-0.008379	-0.009907
Chr05	56788671	56967345	-0.017445	-0.019607	-0.009485	-0.010667
Chr05	56866880	57013768	-0.002635	-0.002982	-0.001506	-0.003977
Chr05	56967372	57153969	0.190558	0.245242	0.118682	0.109226
Chr05	57013770	57275231	0.116444	0.158608	0.075291	0.067925
Chr05	57154565	57318017	-0.188888	-0.310604	-0.112119	-0.117004
Chr05	57275251	57409592	-0.037352	-0.033976	-0.016893	-0.016636
Chr05	57318055	57492184	0.087694	0.059294	0.030851	0.056911
Chr05	57409599	57945044	0.133247	0.037723	0.019960	0.077720
Chr05	57493093	58055607	0.015486	0.004517	0.002413	0.019490
Chr05	57945116	58164560	-0.042622	-0.030525	-0.016093	-0.022506
Chr05	58055637	58276343	0.021360	0.009583	0.005866	0.007006
Chr05	58164601	58400583	0.154450	0.067498	0.039316	0.078124
Chr05	58276528	58519883	0.232295	0.165937	0.079153	0.090181
Chr05	58400623	58613170	0.127462	0.134020	0.056124	0.046985
Chr05	58519896	58708512	0.132682	0.094245	0.058985	0.058220
Chr05	58613299	58846275	0.040593	0.024616	0.016187	0.019491
Chr05	58708551	58934395	-0.085961	-0.129250	-0.043794	-0.036165
Chr05	58846346	59116420	0.193684	0.307779	0.100045	0.145022
Chr05	58934461	59255492	0.535500	0.377407	0.214582	0.356763
Chr05	59116900	59412737	0.155085	0.087276	0.048158	0.085310
Chr05	59255494	59568233	-0.132487	-0.047520	-0.030213	-0.056546
Chr05	59412809	59703852	-0.017190	-0.005283	-0.003733	-0.004898
Chr05	59568422	59884103	-0.005682	-0.002438	-0.001573	-0.001953
Chr05	59703856	60174244	-0.130108	-0.069741	-0.041112	-0.051390
Chr05	59884162	60286408	-0.059984	-0.038738	-0.019821	-0.021686
Chr05	60174740	60374507	-0.172802	-0.168827	-0.057737	-0.042855
Chr05	60286484	60472901	-0.045393	-0.040432	-0.018086	-0.013818
Chr05	60374587	60647458	0.050522	0.034585	0.021435	0.021905
Chr05	60472933	60847297	-0.038637	-0.021140	-0.011026	-0.014514
Chr05	60647830	61042242	-0.055913	-0.024274	-0.012289	-0.022656
Chr05	60847333	61231428	0.040251	0.014721	0.007884	0.014546
Chr05	61042358	61349103	0.240803	0.073806	0.041315	0.052398
Chr05	61231513	61614638	0.084071	0.032260	0.017361	0.023207
Chr05	61349112	61965227	-0.040753	-0.013235	-0.007036	-0.014377
Chr05	61614640	62090055	-0.029889	-0.011007	-0.005369	-0.009018
Chr05	61965559	62223559	0.105884	0.064283	0.027698	0.045654
Chr05	62090188	62386017	0.136162	0.071258	0.036825	0.052183
Chr05	62223596	62469919	-0.058187	-0.028087	-0.016533	-0.022166
Chr05	62386035	62574686	0.145708	0.076961	0.051673	0.061085
Chr05	62469988	62753904	0.307026	0.163948	0.113717	0.181601
Chr05	62574699	62917432	0.410166	0.254016	0.115874	0.286801
Chr05	62753950	63001313	0.450202	0.354177	0.133549	0.272994
Chr05	62917457	63095332	0.170235	0.127020	0.062820	0.080597
Chr05	63001499	63239578	-0.058670	-0.049702	-0.023636	-0.024092
Chr05	63095333	63350762	0.072098	0.075069	0.034791	0.033268
Chr05	63239700	63456635	-0.033699	-0.023642	-0.013363	-0.015378
Chr05	63350780	63516981	-0.204837	-0.165767	-0.090334	-0.103051
Chr05	63456639	63613638	-0.306857	-0.401092	-0.160344	-0.190841
Chr05	63517193	63707713	-0.160915	-0.161595	-0.078469	-0.100421
Chr05	63613649	63817341	-0.027987	-0.024334	-0.013759	-0.017708
Chr05	63707717	63855203	0.189547	0.171078	0.097397	0.138929
Chr05	63817343	63925752	0.369057	0.381418	0.213526	0.224273
Chr05	63855204	64015639	-0.052682	-0.040226	-0.023079	-0.022192
Chr05	63925764	64101055	-0.142043	-0.104878	-0.052346	-0.054253
Chr05	64015794	64234465	-0.061319	-0.047677	-0.018337	-0.017925
Chr05	64101193	64512838	-0.090423	-0.049763	-0.021348	-0.027064
Chr05	64234525	64857184	0.071193	0.030346	0.015991	0.032478
Chr05	64512841	65006967	0.326207	0.125991	0.080060	0.190873
Chr05	64857201	65095347	0.325398	0.151883	0.096268	0.166513
Chr05	65007060	65179945	0.143449	0.097743	0.053333	0.057244
Chr05	65095373	65318013	0.260002	0.166858	0.102183	0.147364
Chr05	65179975	65468974	0.196019	0.132436	0.075429	0.130950
Chr05	65318031	65553558	0.047018	0.027119	0.016228	0.026187
Chr05	65469469	65694586	0.026566	0.012321	0.008376	0.010571
Chr05	65553562	65858811	-0.099710	-0.055160	-0.032942	-0.037265
Chr05	65694749	65946774	-0.039859	-0.032244	-0.016506	-0.016781
Chr05	65858824	66070735	0.131055	0.084015	0.044821	0.063353
Chr05	65946789	66264792	0.091813	0.034597	0.021725	0.036418
Chr05	66070762	66366076	0.071086	0.028470	0.019720	0.023678
Chr05	66264804	66485497	-0.329275	-0.194259	-0.122391	-0.159917
Chr05	66366119	66598445	-0.385975	-0.272410	-0.135761	-0.167352
Chr05	66485572	66723704	-0.023610	-0.023621	-0.010385	-0.008305
Chr05	66605111	66842078	0.109959	0.102130	0.059144	0.049140
Chr05	66723757	66983753	-0.006985	-0.005837	-0.002762	-0.004284
Chr05	66842079	67072789	0.037540	0.026746	0.013212	0.014420
Chr05	66983779	67191462	0.223872	0.174105	0.075690	0.091320
Chr05	67072951	67257369	0.179726	0.175366	0.063354	0.070622
Chr05	67191535	67320975	0.164294	0.205731	0.098062	0.074701
Chr05	67257408	67533974	0.167517	0.158919	0.086781	0.093934
Chr05	67320984	67728103	0.093131	0.063394	0.036911	0.056383
Chr05	67533996	67790287	0.079539	0.058114	0.035558	0.041919
Chr05	67728162	67860582	0.073966	0.072390	0.038956	0.038758
Chr05	67790358	67945297	0.066375	0.077563	0.029339	0.029045
Chr05	67860588	68063478	0.084907	0.078322	0.034266	0.035550
Chr05	67945301	68195323	0.173121	0.130279	0.077209	0.080069
Chr05	68063485	68318339	0.129020	0.104487	0.063848	0.059614
Chr05	68195387	68438251	-0.039303	-0.037610	-0.021328	-0.020594
Chr05	68318359	68597529	-0.074686	-0.067647	-0.036348	-0.038891
Chr05	68438282	68636645	-0.030939	-0.026062	-0.014867	-0.013781
Chr05	68597567	68720677	0.033213	0.030601	0.017502	0.016552
Chr05	68636678	68891640	0.137163	0.094208	0.054056	0.065123
Chr05	68720686	68960937	0.075400	0.054875	0.032310	0.036361
Chr05	68897676	69017534	-0.181035	-0.271318	-0.123584	-0.091454
Chr05	68960977	69083267	-0.149525	-0.269159	-0.122835	-0.075501
Chr05	69017586	69116495	0.029319	0.045195	0.026620	0.014083
Chr05	69083274	69153626	0.062827	0.090281	0.050506	0.035848
Chr05	69116515	69248081	0.158183	0.175435	0.107890	0.094146
Chr05	69153633	69328535	0.453364	0.347179	0.223977	0.331326
Chr05	69248136	69417851	0.645323	0.423017	0.298451	0.541003
Chr05	69328587	69620422	0.537378	0.355879	0.253935	0.395476
Chr05	69417868	69718477	0.105987	0.090639	0.053180	0.055953
Chr05	69621880	69787625	0.002015	0.002317	0.001340	0.004080
Chr05	69718481	69908758	0.019543	0.021069	0.013422	0.015638
Chr05	69787700	69990272	-0.062280	-0.057006	-0.036102	-0.029023
Chr05	69908794	70077768	0.071429	0.060649	0.037788	0.031697
Chr05	69990273	70178925	0.199446	0.216333	0.108077	0.075667
Chr05	70077840	70312623	0.226596	0.224716	0.119265	0.096332
Chr05	70178980	70972822	0.121681	0.066356	0.040696	0.059162
Chr05	70313176	71120268	0.030349	0.014317	0.009129	0.012699
Chr05	70972888	71194587	0.046284	0.032655	0.020767	0.022920
Chr05	71120347	71324993	-0.019990	-0.018409	-0.010594	-0.008293
Chr05	71194951	71431113	0.052999	0.043258	0.021380	0.026972
Chr05	71325059	71545860	-0.015882	-0.009665	-0.005231	-0.010317
Chr05	71431146	71671295	-0.098778	-0.054383	-0.031950	-0.059530
Chr05	71545926	71769792	-0.000558	-0.000331	-0.000184	-0.001308
Chr05	71671373	71947068	0.067677	0.032826	0.018499	0.021485
Chr05	71769891	72050728	0.146792	0.079757	0.044581	0.069662
Chr05	71947249	72153653	0.221235	0.185616	0.089142	0.134753
Chr05	72050763	72301546	0.203387	0.199749	0.087187	0.106599
Chr05	72153668	72445029	0.066194	0.060901	0.032805	0.028405
Chr05	72301568	72545322	-0.025330	-0.030016	-0.015055	-0.020861
Chr05	72445031	72621795	0.060044	0.060747	0.034445	0.027677
Chr05	72545373	72811136	0.132031	0.090618	0.063556	0.074609
Chr05	72621843	73797347	0.032015	0.018418	0.011336	0.014606
Chr05	72811137	74157196	-0.028060	-0.015737	-0.008893	-0.013440
Chr05	73797821	74326605	0.042765	0.028473	0.016072	0.035280
Chr05	74157258	74792957	0.071905	0.044064	0.023853	0.048470
Chr05	74326606	75164528	0.063544	0.033090	0.018901	0.047483
Chr05	74793049	75248203	0.126816	0.075492	0.048663	0.081023
Chr05	75164703	75354863	0.202421	0.129400	0.077816	0.114690
Chr05	75248254	75488817	0.403432	0.252124	0.140625	0.254960
Chr05	75354864	75674808	0.098875	0.044991	0.029042	0.055774
Chr05	75489066	75832687	-0.362951	-0.204296	-0.112605	-0.248108
Chr05	75674833	76003235	-0.314869	-0.333986	-0.134787	-0.193334
Chr05	75832739	76094717	0.174409	0.159318	0.080417	0.108104
Chr05	76003331	76164869	0.511890	0.455173	0.243675	0.329974
Chr05	76094736	76220796	0.614260	0.499339	0.315233	0.393638
Chr05	76164872	77274822	0.312411	0.181880	0.121109	0.200708
Chr05	76220913	77640085	-0.105169	-0.042526	-0.026583	-0.048252
Chr05	77274829	77757337	0.062931	0.029407	0.015618	0.031470
Chr05	77640095	77846839	0.159806	0.120853	0.054455	0.085449
Chr05	77757351	77913112	0.074662	0.065661	0.036937	0.042591
Chr05	77846845	78005442	0.145861	0.133208	0.083209	0.083153
Chr05	77913157	78070840	0.097325	0.101824	0.054706	0.052433
Chr05	78005469	78145176	0.083235	0.069063	0.042102	0.042278
Chr05	78070852	78228134	0.138876	0.112450	0.074185	0.064076
Chr05	78145251	78304147	0.228064	0.219660	0.131759	0.110246
Chr05	78228146	78424246	0.226461	0.205142	0.119257	0.115487
Chr05	78304223	78543290	0.017143	0.017715	0.009758	0.011452
Chr05	78424248	78612709	-0.098784	-0.139887	-0.062579	-0.044858
Chr05	78543295	78746100	0.062041	0.067446	0.031444	0.029091
Chr05	78612721	79155935	0.192758	0.125366	0.069188	0.113781
Chr05	78746436	79238914	0.216410	0.141962	0.077075	0.118261
Chr05	79155945	79412272	0.227568	0.136842	0.072151	0.110254
Chr05	79238924	79633650	0.072137	0.036634	0.020683	0.030851
Chr05	79412302	79795111	-0.089938	-0.059274	-0.030029	-0.047783
Chr05	79633664	79952731	-0.131199	-0.096437	-0.045463	-0.061327
Chr05	79795201	80085252	0.027318	0.014538	0.008047	0.012850
Chr05	79952788	80416139	-0.173757	-0.082397	-0.044922	-0.083755
Chr05	80085269	80626087	-0.017796	-0.009817	-0.004996	-0.002966
Chr05	80418539	80723548	0.195753	0.124237	0.062717	0.114223
Chr05	80626091	80812641	-0.200782	-0.162522	-0.072317	-0.110685
Chr05	80723621	80955497	-0.089470	-0.064562	-0.031453	-0.047335
Chr05	80812698	81238222	0.174016	0.057998	0.035632	0.080415
Chr05	80955508	81795551	0.048759	0.009513	0.005175	0.012442
Chr05	81238336	81951036	-0.100349	-0.027780	-0.013184	-0.022943
Chr05	81795639	82225782	0.155612	0.078889	0.043051	0.061782
Chr05	81951228	82495431	0.051179	0.020705	0.012162	0.037790
Chr05	82226098	82735312	0.047231	0.020602	0.010597	0.041681
Chr05	82495438	82950565	0.284553	0.092459	0.059300	0.152106
Chr05	82735588	83048740	0.186334	0.058157	0.040399	0.077529
Chr05	82950691	83263304	-0.020665	-0.009536	-0.005282	-0.005423
Chr05	83048769	83387696	-0.051192	-0.020351	-0.012608	-0.019492
Chr05	83264443	83518838	-0.059253	-0.027050	-0.014895	-0.023686
Chr05	83387704	83667385	0.170811	0.091478	0.048048	0.085865
Chr05	83518840	83957080	0.195296	0.149033	0.072747	0.104218
Chr05	83667465	84065974	0.067828	0.068600	0.026777	0.039754
Chr05	83957172	84173141	0.024725	0.038753	0.009119	0.018464
Chr05	84066027	84254192	-0.016741	-0.025956	-0.006671	-0.005680
Chr05	84173241	84386366	0.216879	0.220553	0.087047	0.106596
Chr05	84254208	84619651	0.305286	0.248231	0.104988	0.143254
Chr05	84386374	84720706	0.061154	0.053218	0.021970	0.041173
Chr05	84619684	84879815	-0.113932	-0.100325	-0.045987	-0.052485
Chr05	84721008	84988095	-0.149943	-0.132699	-0.061715	-0.070130
Chr05	84879829	85079287	-0.162141	-0.114597	-0.049889	-0.062459
Chr05	84988112	85280669	0.015211	0.006377	0.003506	0.007915
Chr05	85079300	85414736	-0.323292	-0.172312	-0.093399	-0.176895
Chr05	85280693	85742990	-0.631007	-0.480756	-0.216199	-0.402426
Chr05	85414739	85864895	-0.254795	-0.240866	-0.100166	-0.139130
Chr05	85743004	86030343	0.168180	0.128880	0.064460	0.085131
Chr05	85865120	86342281	0.202265	0.101624	0.060698	0.106041
Chr05	86030356	86441692	-0.178986	-0.192878	-0.069234	-0.080523
Chr05	86342301	86613513	-0.111285	-0.155614	-0.045739	-0.047675
Chr05	86441707	86681448	0.151298	0.105430	0.059387	0.076210
Chr05	86613609	86854630	0.001595	0.001239	0.000681	0.001645
Chr05	86681631	86945406	0.032671	0.029592	0.012979	0.015579
Chr05	86854631	87004819	-0.022996	-0.030890	-0.010109	-0.010899
Chr05	86945435	87087572	-0.137231	-0.155854	-0.063303	-0.074488
Chr05	87004830	87250571	-0.116389	-0.101622	-0.056242	-0.065887
Chr05	87087575	87291185	0.032745	0.023986	0.014384	0.006734
Chr05	87250583	87342422	0.179746	0.153817	0.094436	0.060343
Chr05	87291224	87432707	0.161150	0.189707	0.115088	0.070389
Chr05	87342423	87476589	0.095609	0.116465	0.071369	0.042523
Chr05	87432721	87534140	-0.110307	-0.145979	-0.061677	-0.051750
Chr05	87476621	87572585	-0.192149	-0.246897	-0.092994	-0.089581
Chr05	87534151	87632882	-0.330440	-0.418718	-0.151149	-0.164891
Chr05	87572663	87664948	-0.413452	-0.594061	-0.183379	-0.201128
Chr05	87632893	87702203	-0.297478	-0.517498	-0.145466	-0.136396
Chr05	87665062	87978444	0.216269	0.109856	0.071843	0.118075
Chr06	253297	454544	-0.012916	-0.015098	-0.007646	-0.000694
Chr06	363992	564604	0.022926	0.023047	0.012484	0.014795
Chr06	454548	686775	0.051474	0.053120	0.028583	0.028670
Chr06	564607	800256	0.146869	0.150304	0.082028	0.074316
Chr06	686971	867984	0.178389	0.132078	0.086030	0.085671
Chr06	800263	942282	0.247590	0.148076	0.108342	0.124565
Chr06	868007	1014752	0.203097	0.142260	0.092975	0.097256
Chr06	942310	1130201	0.055798	0.063698	0.026010	0.026583
Chr06	1014784	1275477	0.095683	0.098743	0.045176	0.039997
Chr06	1130314	1333050	0.056262	0.055339	0.032575	0.025238
Chr06	1275762	1403971	0.001031	0.001054	0.000589	0.001573
Chr06	1333052	1468537	0.009094	0.009878	0.004529	0.008555
Chr06	1403982	1539448	0.010934	0.015926	0.006321	0.008367
Chr06	1468539	1637872	0.112683	0.162201	0.063248	0.054619
Chr06	1539478	1798562	0.204475	0.188471	0.082781	0.095031
Chr06	1637875	1923862	0.097130	0.086427	0.032380	0.043693
Chr06	1798751	2151462	0.020219	0.013493	0.005517	0.009143
Chr06	1924000	2245207	0.058709	0.035715	0.019149	0.024230
Chr06	2151643	2338863	0.014066	0.011415	0.006404	0.005554
Chr06	2245222	2492948	0.085063	0.056098	0.031981	0.038256
Chr06	2338888	2607159	0.126478	0.070538	0.041354	0.066199
Chr06	2492957	2805499	0.056870	0.036855	0.020786	0.032052
Chr06	2607166	3014377	0.073620	0.043090	0.026134	0.035456
Chr06	2805561	3194736	0.180492	0.082509	0.048000	0.071296
Chr06	3018452	3365272	0.046361	0.024092	0.012490	0.018259
Chr06	3194757	3607643	-0.119265	-0.049383	-0.027727	-0.048480
Chr06	3365296	3709665	-0.046843	-0.021732	-0.011619	-0.018589
Chr06	3607648	3842690	-0.069161	-0.072479	-0.024385	-0.028990
Chr06	3709706	3944846	-0.167282	-0.199077	-0.057406	-0.079830
Chr06	3842694	4107277	0.058277	0.051583	0.018163	0.032561
Chr06	3944872	4206880	0.270000	0.212627	0.066041	0.103564
Chr06	4107279	4317585	0.042208	0.043983	0.010198	0.012171
Chr06	4206881	4432541	-0.212836	-0.205743	-0.068528	-0.058187
Chr06	4317618	4569587	-0.262280	-0.198515	-0.088097	-0.112008
Chr06	4432758	4718685	-0.100066	-0.066880	-0.031757	-0.051287
Chr06	4570312	4807728	0.126309	0.083351	0.040509	0.071665
Chr06	4718703	4982802	0.213993	0.125327	0.066382	0.110705
Chr06	4807729	5063838	0.027086	0.019294	0.009679	0.011267
Chr06	4982810	5156812	0.150359	0.135439	0.059001	0.056375
Chr06	5063843	5289673	0.268774	0.174909	0.086678	0.099052
Chr06	5156831	5439227	-0.003899	-0.002210	-0.001259	-0.001203
Chr06	5289939	5630054	-0.026229	-0.010924	-0.005840	-0.013341
Chr06	5439232	5765053	0.002278	0.000957	0.000493	0.002055
Chr06	5630055	5983443	0.008257	0.004531	0.001945	0.007988
Chr06	5765091	6122953	0.184419	0.098069	0.040600	0.092192
Chr06	5983526	6295215	0.282489	0.162170	0.074643	0.142926
Chr06	6122958	6509395	0.067761	0.032842	0.017514	0.039318
Chr06	6295232	6624639	-0.003699	-0.001905	-0.000945	-0.001890
Chr06	6509403	6717391	0.233131	0.177911	0.065106	0.176274
Chr06	6624646	6808664	0.131172	0.112214	0.040077	0.079964
Chr06	6717525	6900842	0.079404	0.060609	0.028413	0.034301
Chr06	6808960	7013238	0.272977	0.209034	0.089911	0.133140
Chr06	6900875	7138044	0.067351	0.069978	0.021697	0.032771
Chr06	7013263	7334431	0.202814	0.294564	0.066520	0.115045
Chr06	7138329	7547055	0.245109	0.173808	0.059067	0.119533
Chr06	7335182	8077553	-0.040762	-0.026438	-0.010632	-0.018227
Chr06	7547121	8218200	-0.023796	-0.022763	-0.007371	-0.010775
Chr06	8077564	8328541	0.186151	0.138093	0.054933	0.114939
Chr06	8218287	8485158	0.220212	0.123255	0.062918	0.114192
Chr06	8328561	8586794	0.160755	0.102011	0.050820	0.069547
Chr06	8485224	8677264	0.199989	0.155127	0.073622	0.076532
Chr06	8586812	8794090	0.139182	0.103705	0.047301	0.051415
Chr06	8677268	8885027	0.109381	0.092730	0.040911	0.044844
Chr06	8794113	9016723	0.036722	0.022223	0.010784	0.013554
Chr06	8885103	9170200	0.092971	0.048146	0.025423	0.036417
Chr06	9016888	9436024	0.373679	0.156962	0.088825	0.225365
Chr06	9170371	9632159	0.359222	0.128613	0.073221	0.206850
Chr06	9436063	9790165	0.087484	0.034990	0.019576	0.045131
Chr06	9632264	9946778	0.087159	0.038221	0.021462	0.043258
Chr06	9790350	10384534	-0.239264	-0.098917	-0.059590	-0.141552
Chr06	9946945	10534301	-0.244592	-0.110616	-0.067401	-0.158114
Chr06	10384578	10664610	0.079193	0.060543	0.030902	0.052712
Chr06	10534370	10813990	-0.040835	-0.044186	-0.018713	-0.018491
Chr06	10664619	11069077	-0.139698	-0.162126	-0.070897	-0.062345
Chr06	10814016	11175998	-0.184192	-0.196261	-0.092525	-0.092788
Chr06	11069186	11260303	-0.076234	-0.077158	-0.037739	-0.042184
Chr06	11176007	11329200	0.086461	0.092765	0.042702	0.042813
Chr06	11260353	11403689	0.280696	0.271165	0.144273	0.151032
Chr06	11329316	11523314	0.221554	0.149722	0.076571	0.095572
Chr06	11403732	11650997	-0.072953	-0.047483	-0.021137	-0.030407
Chr06	11523851	11742838	0.141784	0.115401	0.045404	0.078067
Chr06	11651013	11886443	0.340660	0.217699	0.089701	0.177066
Chr06	11742984	12081122	0.215953	0.083098	0.042935	0.085358
Chr06	11886597	12211019	0.064218	0.027732	0.014458	0.024513
Chr06	12081201	12365055	0.010851	0.007828	0.003534	0.006137
Chr06	12211043	12622401	0.095112	0.048345	0.025734	0.045016
Chr06	12365088	12934151	0.167637	0.050310	0.031888	0.073324
Chr06	12622404	13099157	0.198935	0.066601	0.041492	0.077374
Chr06	12934168	13367920	0.135309	0.066455	0.036763	0.056101
Chr06	13099470	13623823	-0.115096	-0.033136	-0.019918	-0.049251
Chr06	13367921	13833480	-0.252721	-0.066261	-0.038107	-0.120533
Chr06	13623882	14086220	-0.203704	-0.066859	-0.032297	-0.102265
Chr06	13833588	14224523	-0.056688	-0.024256	-0.011296	-0.028327
Chr06	14086222	14437292	-0.014651	-0.005373	-0.003158	-0.007722
Chr06	14224582	14557535	-0.161829	-0.062829	-0.036069	-0.065893
Chr06	14437405	14780498	-0.241160	-0.138313	-0.074155	-0.103540
Chr06	14557688	15016850	-0.329753	-0.159219	-0.084511	-0.135526
Chr06	14780571	15112022	-0.174614	-0.097895	-0.044262	-0.062393
Chr06	15016855	15364563	-0.069987	-0.029046	-0.013292	-0.035078
Chr06	15112039	15852808	-0.124684	-0.020553	-0.012034	-0.083698
Chr06	15365576	15994394	0.122777	0.018166	0.010859	0.055176
Chr06	15852812	16153623	0.316958	0.133627	0.069276	0.137888
Chr06	15994422	16265791	0.198431	0.116989	0.063406	0.105100
Chr06	16153626	16466721	0.031086	0.014841	0.005612	0.012151
Chr06	16266055	16613462	0.319664	0.117268	0.051082	0.106636
Chr06	16466830	16979169	0.413237	0.120031	0.066108	0.147854
Chr06	16613473	17230808	0.254387	0.057771	0.034101	0.101517
Chr06	16979240	17453360	0.022722	0.007241	0.004319	0.012572
Chr06	17230902	17552946	-0.402462	-0.299709	-0.138643	-0.224268
Chr06	17453403	17907041	-0.383173	-0.148105	-0.076197	-0.251179
Chr06	17552963	18223603	-0.127589	-0.028434	-0.016506	-0.072961
Chr06	17907331	18427465	-0.330655	-0.130445	-0.063096	-0.139369
Chr06	18223613	18551217	-0.426071	-0.315913	-0.124932	-0.237795
Chr06	18427624	18775145	0.053096	0.023344	0.012267	0.036082
Chr06	18552277	19051652	0.086977	0.028464	0.015063	0.051212
Chr06	18775260	19233963	-0.095436	-0.029569	-0.017427	-0.039367
Chr06	19051660	19557033	0.054992	0.014015	0.009771	0.019473
Chr06	19234122	19778601	0.094312	0.024899	0.016329	0.038919
Chr06	19557071	19932639	0.142336	0.047289	0.028217	0.074552
Chr06	19778623	20191783	0.042509	0.015688	0.008989	0.021904
Chr06	19932660	20438232	0.065860	0.017370	0.010846	0.029198
Chr06	20192252	20603213	0.092551	0.027849	0.014652	0.036408
Chr06	20438259	20728231	-0.070771	-0.043400	-0.015794	-0.021570
Chr06	20603241	20811161	-0.122181	-0.115263	-0.036980	-0.053424
Chr06	20728367	20962678	0.073467	0.053065	0.020768	0.036654
Chr06	20811353	21148447	0.039513	0.023731	0.010725	0.020984
Chr06	20963676	21382282	0.116200	0.064903	0.027826	0.072729
Chr06	21148681	21649566	0.386898	0.141620	0.065877	0.212588
Chr06	21382459	22002834	0.226427	0.049827	0.029234	0.097822
Chr06	21649824	22131777	0.275405	0.054345	0.038062	0.078574
Chr06	22002844	22406296	0.239228	0.087331	0.050196	0.096493
Chr06	22131795	22650669	0.145418	0.051757	0.027435	0.061605
Chr06	22406830	22732005	0.399764	0.089308	0.063386	0.101834
Chr06	22650692	23210012	0.120047	0.019693	0.013264	0.040434
Chr06	22732238	25388065	-0.045722	-0.004689	-0.002524	-0.019125
Chr06	23210424	26532096	0.375193	0.049088	0.022738	0.200881
Chr06	25388857	27008039	0.629143	0.183751	0.077409	0.470495
Chr06	26532144	27261140	0.526024	0.166093	0.078259	0.223209
Chr06	27008101	27438881	0.035673	0.014587	0.007424	0.012138
Chr06	27261192	27692470	0.052881	0.026803	0.011245	0.028918
Chr06	27438958	28215264	-0.018039	-0.004360	-0.002300	-0.009094
Chr06	27692571	28481947	-0.150975	-0.033828	-0.018012	-0.078776
Chr06	28215364	28647361	-0.165067	-0.047290	-0.026331	-0.067225
Chr06	28481958	28855161	0.061310	0.020498	0.012814	0.025264
Chr06	28647382	29183649	0.014952	0.004755	0.002592	0.005551
Chr06	28855338	29440146	-0.157246	-0.040991	-0.024096	-0.077714
Chr06	29183685	29646679	-0.117025	-0.037508	-0.022112	-0.066863
Chr06	29440167	30136377	-0.053490	-0.010650	-0.006990	-0.027017
Chr06	29647204	30457613	0.121744	0.022594	0.013168	0.059550
Chr06	30136496	30753979	0.070584	0.018115	0.008526	0.027079
Chr06	30457777	31032578	-0.139806	-0.032649	-0.015291	-0.071512
Chr06	30754308	31180961	-0.092731	-0.033909	-0.014538	-0.051486
Chr06	31034446	31455038	-0.151161	-0.053140	-0.031759	-0.080762
Chr06	31181079	31796890	0.153156	0.046983	0.028079	0.098784
Chr06	31455204	31946950	0.115506	0.047231	0.026210	0.074807
Chr06	31796897	32212228	-0.138958	-0.055050	-0.031544	-0.084094
Chr06	31947377	32397504	0.034656	0.012071	0.006288	0.013266
Chr06	32212290	32564166	0.072590	0.036237	0.015678	0.024052
Chr06	32397542	32741012	0.229360	0.110931	0.055863	0.094161
Chr06	32564210	32913700	0.405741	0.181615	0.084657	0.170747
Chr06	32741564	33023522	-0.203470	-0.093560	-0.041259	-0.131019
Chr06	32913715	33162217	-0.492074	-0.280062	-0.124074	-0.359619
Chr06	33023639	33355902	-0.309361	-0.210455	-0.091860	-0.180934
Chr06	33162357	33471669	0.116095	0.079011	0.034420	0.070830
Chr06	33356335	33620361	0.127047	0.087413	0.036926	0.067390
Chr06	33471834	33729030	0.108034	0.062602	0.025203	0.058010
Chr06	33620374	33854221	0.301111	0.160329	0.067896	0.179738
Chr06	33729112	33984388	0.306472	0.140814	0.069389	0.147474
Chr06	33854476	34370768	0.279471	0.099140	0.055381	0.129916
Chr06	33984425	34510010	0.256305	0.076625	0.045156	0.128537
Chr06	34370855	34693845	0.039852	0.013822	0.007772	0.012890
Chr06	34510059	34780226	0.070096	0.041409	0.021325	0.032012
Chr06	34693865	34924778	0.139997	0.104567	0.056241	0.072714
Chr06	34780292	34999535	-0.285720	-0.262562	-0.130101	-0.156473
Chr06	34924851	35082201	-0.736239	-1.219975	-0.423856	-0.538565
Chr06	34999547	35185891	-0.612489	-0.602894	-0.298392	-0.413637
Chr06	35082215	35360154	-0.177031	-0.076913	-0.047453	-0.098470
Chr06	35185912	35572057	-0.148482	-0.048809	-0.026554	-0.067056
Chr06	35360231	35802263	-0.218270	-0.066989	-0.037128	-0.093916
Chr06	35572226	36034775	-0.042605	-0.011829	-0.007509	-0.020199
Chr06	35802301	36146757	0.087326	0.030024	0.018162	0.061991
Chr06	36034790	36263064	0.116180	0.052316	0.026778	0.084889
Chr06	36146778	36422547	0.431018	0.190806	0.111531	0.276093
Chr06	36263075	37030513	0.432549	0.146302	0.102441	0.251258
Chr06	36422686	37382804	0.023728	0.004558	0.003501	0.011181
Chr06	37030526	37501489	0.013899	0.003397	0.002625	0.005249
Chr06	37382859	37681426	0.163505	0.068728	0.040993	0.077213
Chr06	37502106	37796709	0.262098	0.106729	0.054980	0.126233
Chr06	37681438	38019751	0.363219	0.154739	0.068639	0.193292
Chr06	37796754	38191945	0.295153	0.101601	0.047152	0.125582
Chr06	38019794	38411741	0.104823	0.034821	0.016614	0.039213
Chr06	38192368	38755500	0.187657	0.053995	0.027982	0.090694
Chr06	38411843	38901016	0.064351	0.020643	0.011298	0.034773
Chr06	38762681	39070319	-0.029411	-0.010997	-0.005852	-0.024588
Chr06	38901038	39355965	-0.013473	-0.005108	-0.002720	0.004878
Chr06	39070355	39544096	-0.154207	-0.068601	-0.036499	-0.068085
Chr06	39357199	39715697	-0.059111	-0.030655	-0.015493	-0.030773
Chr06	39544125	39831851	0.183663	0.117142	0.050805	0.105112
Chr06	39715698	40098437	0.151171	0.046435	0.026336	0.092566
Chr06	39831863	40211273	-0.020692	-0.006303	-0.003825	-0.008924
Chr06	40098475	40476141	0.119502	0.044942	0.023165	0.067658
Chr06	40211316	40600116	0.191692	0.069273	0.033499	0.101706
Chr06	40476195	40712231	0.147034	0.104802	0.041255	0.065820
Chr06	40600458	40830521	0.096280	0.091499	0.037580	0.040601
Chr06	40712233	41035543	0.002217	0.001041	0.000621	-0.000586
Chr06	40830557	41203102	0.079161	0.031403	0.018928	0.034566
Chr06	41035557	41406534	-0.184513	-0.099265	-0.050401	-0.095855
Chr06	41203168	41614870	-0.209555	-0.093861	-0.048956	-0.114206
Chr06	41406638	41780948	0.144163	0.067588	0.037611	0.072030
Chr06	41615013	41979008	0.316300	0.164973	0.096397	0.156143
Chr06	41781266	42112709	0.088746	0.040149	0.024227	0.047966
Chr06	41979019	42305424	-0.135716	-0.077142	-0.041833	-0.070889
Chr06	42112715	42548463	0.177462	0.081347	0.045379	0.089563
Chr06	42305431	42707323	0.168021	0.057232	0.032838	0.084941
Chr06	42548548	42827672	0.001445	0.000479	0.000286	-0.001431
Chr06	42707397	43001923	-0.072796	-0.017508	-0.011865	-0.038810
Chr06	42828001	43158875	0.013031	0.003237	0.002060	0.009555
Chr06	43001937	43240452	0.178878	0.100583	0.047944	0.078245
Chr06	43159026	43418000	0.033838	0.039409	0.015412	0.014402
Chr06	43240458	43522563	-0.027674	-0.022568	-0.011052	-0.013262
Chr06	43418013	43642664	0.027721	0.017181	0.009575	0.008944
Chr06	43522617	43731005	0.081706	0.051129	0.030424	0.029296
Chr06	43642671	43843378	0.004843	0.003967	0.002092	0.005216
Chr06	43731066	43954289	0.154996	0.097219	0.052824	0.072579
Chr06	43843389	44082328	0.243896	0.103284	0.057800	0.085504
Chr06	43954291	44243447	-0.024085	-0.011331	-0.005713	-0.008180
Chr06	44082498	44328159	0.013784	0.009418	0.004444	0.007122
Chr06	44243454	44517507	0.025073	0.016011	0.007883	0.013480
Chr06	44328603	44671601	0.075111	0.042347	0.019073	0.039186
Chr06	44517845	44877358	-0.059651	-0.033774	-0.014024	-0.020245
Chr06	44672480	45005375	-0.087673	-0.048789	-0.023614	-0.044792
Chr06	44877474	45222802	0.264699	0.120825	0.061111	0.134577
Chr06	45005403	45356751	0.248602	0.092742	0.050593	0.117210
Chr06	45222924	45516679	0.113473	0.049006	0.031383	0.050347
Chr06	45356880	45733097	0.134820	0.065155	0.036971	0.055983
Chr06	45518644	45914693	0.121138	0.059668	0.028065	0.047773
Chr06	45733107	46083644	0.022281	0.011138	0.004782	0.009763
Chr06	45914807	46249715	0.003632	0.001484	0.000732	0.001910
Chr06	46083661	46387278	0.096015	0.043474	0.021987	0.034875
Chr06	46249727	46497080	0.123047	0.065400	0.034141	0.046634
Chr06	46387295	46600765	0.098834	0.065625	0.036220	0.038230
Chr06	46497086	46738007	-0.078034	-0.058732	-0.029002	-0.033447
Chr06	46600773	46826542	-0.152996	-0.136392	-0.064750	-0.074456
Chr06	46738041	46928224	0.040540	0.038057	0.022355	0.024696
Chr06	46826561	46999232	0.122780	0.101041	0.062549	0.067701
Chr06	46928375	47121131	0.218768	0.177048	0.096558	0.122755
Chr06	46999247	47210355	0.215632	0.211426	0.111146	0.119413
Chr06	47121132	47298534	0.055645	0.064545	0.033478	0.027971
Chr06	47210592	47423845	0.059628	0.048011	0.022639	0.026808
Chr06	47298572	47572045	0.094863	0.050364	0.025258	0.038121
Chr06	47423862	47668908	0.040046	0.023056	0.012167	0.015250
Chr06	47572067	47829942	-0.089056	-0.063006	-0.032654	-0.035249
Chr06	47668973	47948229	-0.092865	-0.063493	-0.029977	-0.029741
Chr06	47829961	48097897	0.044490	0.039257	0.015235	0.017820
Chr06	47948258	48258547	0.146186	0.101275	0.045239	0.082266
Chr06	48097920	48395559	0.179035	0.094602	0.047879	0.074527
Chr06	48258639	48517456	-0.012267	-0.007975	-0.003682	-0.003691
Chr06	48395606	48719958	-0.241897	-0.159671	-0.076134	-0.117884
Chr06	48517674	48879113	-0.193680	-0.079838	-0.045857	-0.100286
Chr06	48720779	49151629	-0.116067	-0.036590	-0.022572	-0.063609
Chr06	48879157	49221749	-0.241423	-0.127520	-0.065701	-0.124331
Chr06	49151642	49296537	-0.187767	-0.239016	-0.085110	-0.083742
Chr06	49221751	49486526	0.044835	0.032900	0.017099	0.025974
Chr06	49296547	49681293	0.152942	0.073438	0.042455	0.085514
Chr06	49486594	49790614	0.053566	0.026707	0.015652	0.028173
Chr06	49681295	49907287	-0.062195	-0.034552	-0.021520	-0.025136
Chr06	49790698	49954570	-0.050179	-0.029476	-0.017723	-0.018180
Chr06	49907332	50063238	-0.043016	-0.034144	-0.016487	-0.017841
Chr06	49954583	50321271	0.042478	0.021888	0.011613	0.016837
Chr06	50063282	50484169	-0.028561	-0.012543	-0.007691	-0.012050
Chr06	50321358	50620934	-0.063483	-0.031128	-0.019793	-0.026778
Chr06	50484376	50723458	0.032191	0.019351	0.012707	0.016467
Chr06	50620939	50904078	0.084215	0.051636	0.033181	0.037529
Chr06	50723738	51073289	0.156391	0.083062	0.047773	0.070497
Chr06	50904143	51211904	0.102646	0.052090	0.028970	0.050741
Chr06	51073380	51328910	0.125873	0.056887	0.031393	0.063023
Chr06	51211926	51448495	0.030580	0.014451	0.008081	0.012283
Chr06	51328975	51612888	-0.234790	-0.144126	-0.071251	-0.111368
Chr06	51450586	51765844	-0.014374	-0.010712	-0.005132	-0.002876
Chr06	51612989	51889845	0.211013	0.146906	0.073979	0.146595
Chr06	51765871	51999889	0.159862	0.084658	0.039445	0.095125
Chr06	51889987	52258389	0.001382	0.000774	0.000349	-0.001283
Chr06	52000557	52441785	0.078237	0.033818	0.017086	0.036362
Chr06	52258418	52554437	0.281130	0.126847	0.070200	0.154814
Chr06	52442109	52673760	0.244500	0.231395	0.094690	0.119876
Chr06	52554474	52762832	0.153789	0.174562	0.051669	0.074326
Chr06	52673770	52890011	0.246575	0.255393	0.089723	0.141611
Chr06	52762833	52958957	0.176039	0.211911	0.077480	0.094876
Chr06	52890170	53017322	-0.079270	-0.120844	-0.053414	-0.042318
Chr06	52958958	53079397	-0.019340	-0.027454	-0.011445	-0.013044
Chr06	53017385	53169167	0.089823	0.093494	0.043466	0.034258
Chr06	53079402	53311768	0.084777	0.056155	0.027239	0.032056
Chr06	53169362	53404946	0.265113	0.174083	0.092904	0.136144
Chr06	53311792	53603699	0.100016	0.050900	0.027389	0.054083
Chr06	53404948	53734044	-0.005508	-0.002460	-0.001315	-0.003819
Chr07	17429	231996	-0.084816	-0.106527	-0.056171	-0.037956
Chr07	127949	380089	0.062949	0.046222	0.019764	0.039351
Chr07	232052	487040	0.194800	0.146573	0.051432	0.134142
Chr07	380270	635252	0.237525	0.204105	0.072360	0.160499
Chr07	487069	785577	0.141116	0.083955	0.040776	0.084495
Chr07	635297	930516	0.083245	0.035088	0.020520	0.042672
Chr07	785590	1073656	-0.065705	-0.024520	-0.013955	-0.035280
Chr07	930680	1208413	-0.019050	-0.006044	-0.003574	-0.008097
Chr07	1073888	1354940	0.185866	0.056330	0.034719	0.078996
Chr07	1208453	1444160	0.037842	0.019739	0.010612	0.016067
Chr07	1354941	1547597	-0.082994	-0.088271	-0.038995	-0.035899
Chr07	1444179	1627694	-0.054777	-0.061057	-0.029640	-0.023131
Chr07	1547632	1694923	0.053761	0.052892	0.026864	0.017594
Chr07	1627695	1798308	0.146786	0.113527	0.060187	0.063573
Chr07	1694960	1896698	0.074064	0.046259	0.023782	0.046029
Chr07	1798345	2093038	-0.059345	-0.039899	-0.015372	-0.025071
Chr07	1896704	2220118	0.038875	0.025354	0.009873	0.024988
Chr07	2093178	2289984	0.092107	0.074533	0.025726	0.042803
Chr07	2220122	2366213	0.025307	0.036351	0.008778	0.016375
Chr07	2289987	2477645	0.033770	0.043786	0.014447	0.023337
Chr07	2366223	2545387	0.092782	0.108882	0.043452	0.051568
Chr07	2477658	2619150	0.045444	0.042689	0.022136	0.027298
Chr07	2545452	2736159	0.091403	0.072728	0.036613	0.044981
Chr07	2619177	2831186	0.122588	0.084220	0.044037	0.053458
Chr07	2736160	2936782	0.123648	0.094789	0.048214	0.057106
Chr07	2831239	3026512	0.269595	0.237167	0.100426	0.150449
Chr07	2936810	3104299	0.136349	0.127891	0.052404	0.071895
Chr07	3026519	3173780	-0.057992	-0.067101	-0.026077	-0.024105
Chr07	3104327	3393213	0.129398	0.135169	0.067821	0.065759
Chr07	3173788	3481852	0.201361	0.180339	0.113815	0.111772
Chr07	3393325	3559006	0.125490	0.130756	0.065510	0.064119
Chr07	3481880	3716887	0.181264	0.181256	0.091321	0.080342
Chr07	3559018	3834455	0.204984	0.196626	0.089065	0.079075
Chr07	3718314	3910893	0.188556	0.261202	0.094126	0.093428
Chr07	3834496	3995836	0.168859	0.225238	0.100363	0.101136
Chr07	3910922	4051211	0.086497	0.103813	0.049981	0.046304
Chr07	3995845	4115497	0.044979	0.052076	0.026025	0.018938
Chr07	4051293	4195024	-0.017648	-0.015297	-0.008114	-0.013477
Chr07	4115499	4256422	0.016318	0.015495	0.008233	0.004504
Chr07	4195312	4354752	-0.024914	-0.029657	-0.015260	-0.012638
Chr07	4256488	4466732	0.075003	0.091145	0.033945	0.042372
Chr07	4354761	4567473	0.239273	0.278149	0.091355	0.134171
Chr07	4466762	4663894	0.172553	0.189093	0.075472	0.094315
Chr07	4567529	4733573	0.256175	0.253275	0.101860	0.131871
Chr07	4663980	4871484	0.231269	0.212375	0.089045	0.115416
Chr07	4733614	4980023	0.045822	0.042087	0.019589	0.023072
Chr07	4871487	5026766	0.086580	0.093253	0.041861	0.046465
Chr07	4980026	5150528	0.006160	0.006087	0.002970	0.004290
Chr07	5026767	5218763	0.094377	0.095072	0.041618	0.059305
Chr07	5150597	5305818	0.126432	0.186427	0.058000	0.074108
Chr07	5218791	5379134	0.147241	0.202129	0.067060	0.079857
Chr07	5305819	5502732	0.240963	0.242375	0.101307	0.129221
Chr07	5379248	5602008	0.047172	0.043866	0.020139	0.025624
Chr07	5502755	5674069	-0.054372	-0.046196	-0.022055	-0.026682
Chr07	5602017	5789762	0.038875	0.029773	0.013689	0.015955
Chr07	5674295	5851714	0.335171	0.261189	0.132590	0.158844
Chr07	5789784	5968811	0.535818	0.336624	0.202349	0.256785
Chr07	5851732	6085813	0.363753	0.237782	0.122125	0.160165
Chr07	5968879	6178851	0.109618	0.105420	0.042626	0.051907
Chr07	6086065	6286863	0.032125	0.031291	0.014593	0.015084
Chr07	6178854	6392195	0.021244	0.015945	0.009342	0.011118
Chr07	6286881	6516398	0.082168	0.050632	0.032031	0.046098
Chr07	6392273	6577790	0.168164	0.115583	0.068285	0.093167
Chr07	6516449	6667089	0.147741	0.111947	0.060532	0.093449
Chr07	6577798	6752830	0.313021	0.234236	0.134370	0.210965
Chr07	6667126	6927755	0.335885	0.199116	0.116034	0.172285
Chr07	6752846	7007163	0.135952	0.074275	0.039255	0.059111
Chr07	6927773	7127007	0.092854	0.074436	0.038628	0.053538
Chr07	7007207	7282936	0.087682	0.085083	0.035014	0.054450
Chr07	7127302	7531459	0.081053	0.045814	0.021221	0.046713
Chr07	7282967	7631775	0.060865	0.029290	0.014004	0.029899
Chr07	7531517	7800864	0.008546	0.004096	0.002009	-0.000757
Chr07	7631925	8050416	0.035846	0.012832	0.007271	0.022086
Chr07	7800939	8209331	-0.014320	-0.005009	-0.002814	-0.000839
Chr07	8050487	8356949	-0.180571	-0.098457	-0.049529	-0.092558
Chr07	8209500	8452081	-0.079587	-0.067952	-0.032575	-0.034949
Chr07	8357081	8577200	0.102184	0.088240	0.045604	0.051089
Chr07	8452088	8756392	-0.098709	-0.072085	-0.033610	-0.050992
Chr07	8577293	8853635	-0.177482	-0.125373	-0.054962	-0.072565
Chr07	8756445	8985313	0.045523	0.031727	0.015173	0.016210
Chr07	8853679	9077608	0.037615	0.021372	0.010738	0.018419
Chr07	8985355	9207374	0.031513	0.019419	0.010311	0.019969
Chr07	9077648	9356243	0.108620	0.090844	0.044512	0.055218
Chr07	9207431	9417951	-0.018572	-0.018805	-0.007749	-0.011082
Chr07	9356615	9553524	0.067234	0.064350	0.032774	0.035348
Chr07	9418102	9716511	0.279248	0.182483	0.096420	0.134672
Chr07	9553548	9839350	0.192601	0.101812	0.052318	0.061340
Chr07	9716745	10012005	0.111640	0.048750	0.023840	0.034570
Chr07	9839356	10125898	0.136384	0.061538	0.028949	0.054623
Chr07	10012023	10289600	0.064304	0.031011	0.015772	0.027551
Chr07	10125997	10588038	0.203964	0.064146	0.035159	0.093881
Chr07	10289891	10799959	0.157540	0.041503	0.024579	0.075158
Chr07	10588052	10908953	-0.060927	-0.020214	-0.012882	-0.024987
Chr07	10800020	11043425	-0.079975	-0.037857	-0.021740	-0.034138
Chr07	10910473	11219968	0.105582	0.051258	0.028479	0.054976
Chr07	11043508	11397495	0.077886	0.040252	0.023445	0.044654
Chr07	11220074	11651287	0.025736	0.011490	0.006554	0.020355
Chr07	11397500	11812792	-0.122052	-0.050507	-0.027877	-0.064417
Chr07	11652430	11916639	-0.013164	-0.007466	-0.004059	-0.008823
Chr07	11812828	12045831	0.164931	0.110247	0.056747	0.088377
Chr07	11916650	12198820	0.114725	0.059781	0.031309	0.048985
Chr07	12046157	12410810	0.178379	0.071378	0.037943	0.086808
Chr07	12198904	12507383	0.233020	0.121326	0.056413	0.131216
Chr07	12410850	12693571	0.170634	0.087269	0.039191	0.097220
Chr07	12507614	13177525	0.028335	0.014007	0.006947	0.015646
Chr07	12693669	13280700	0.120389	0.095724	0.048224	0.067361
Chr07	13177539	13401980	0.077227	0.060428	0.029240	0.037740
Chr07	13280760	13519543	0.039553	0.029804	0.016176	0.017739
Chr07	13402021	13601988	-0.020667	-0.017785	-0.009673	-0.012059
Chr07	13519730	13739797	-0.326146	-0.291260	-0.109478	-0.179005
Chr07	13601991	13885846	-0.237536	-0.211300	-0.076938	-0.129024
Chr07	13740025	14021938	0.180867	0.088311	0.045123	0.107332
Chr07	13885913	14145985	0.293555	0.127198	0.063990	0.144889
Chr07	14021950	14220109	0.108294	0.096216	0.041370	0.049739
Chr07	14146035	14285344	0.107290	0.128291	0.063196	0.062308
Chr07	14220140	14422143	0.081973	0.085758	0.042599	0.041070
Chr07	14285416	14653261	0.207218	0.123500	0.081397	0.112430
Chr07	14422156	14815233	-0.082963	-0.048672	-0.030394	-0.044651
Chr07	14653373	14959196	-0.308480	-0.206051	-0.108440	-0.189807
Chr07	14815289	15126888	-0.079807	-0.051366	-0.027172	-0.041703
Chr07	14959200	15252598	-0.116835	-0.075037	-0.037523	-0.062682
Chr07	15126890	15424203	0.089136	0.048204	0.022923	0.048686
Chr07	15252606	15604999	0.231536	0.105796	0.053292	0.108147
Chr07	15424400	15956741	0.112479	0.038541	0.021327	0.046150
Chr07	15605018	16113177	0.061679	0.020401	0.011019	0.027485
Chr07	15956742	16289083	-0.035994	-0.011452	-0.006812	-0.014882
Chr07	16113269	16463469	-0.037100	-0.010067	-0.006623	-0.014524
Chr07	16289167	16680045	-0.065881	-0.015753	-0.011471	-0.031163
Chr07	16463589	16763040	-0.357566	-0.115791	-0.083873	-0.238395
Chr07	16680046	16879653	-0.300166	-0.189771	-0.088174	-0.180604
Chr07	16763041	17110131	0.060881	0.025298	0.011425	0.025698
Chr07	16879754	17227607	-0.010163	-0.003635	-0.002056	-0.003729
Chr07	17110255	17380592	0.033064	0.015665	0.007805	0.009444
Chr07	17228505	17521089	0.096043	0.039906	0.019236	0.027208
Chr07	17380787	17660223	0.156471	0.078264	0.038568	0.050942
Chr07	17521182	17739686	0.092181	0.071215	0.034342	0.037367
Chr07	17660687	17809246	0.026342	0.035747	0.016678	0.010909
Chr07	17739694	17912172	0.128592	0.114243	0.063667	0.049627
Chr07	17809256	18058191	0.119217	0.080973	0.042481	0.045010
Chr07	17912207	18245690	0.030831	0.018670	0.009342	0.009902
Chr07	18058429	18342072	-0.026833	-0.018079	-0.009060	-0.008954
Chr07	18245710	18407266	0.100323	0.091054	0.043177	0.051048
Chr07	18342331	18518655	0.077332	0.056000	0.030913	0.033945
Chr07	18407307	18589875	-0.000654	-0.000484	-0.000284	0.003130
Chr07	18518716	18731705	-0.074890	-0.068265	-0.029588	-0.032314
Chr07	18590302	18850529	-0.268243	-0.270090	-0.102352	-0.123692
Chr07	18731804	19074557	-0.266169	-0.186720	-0.090656	-0.112878
Chr07	18850582	19319150	-0.126486	-0.039631	-0.026935	-0.042473
Chr07	19074588	19464248	-0.031449	-0.010657	-0.006822	-0.010254
Chr07	19319203	19646141	-0.019881	-0.008068	-0.004874	-0.007723
Chr07	19464308	19793676	-0.091063	-0.038467	-0.024234	-0.043836
Chr07	19646161	19895264	-0.276466	-0.149694	-0.084334	-0.131366
Chr07	19793741	20064633	-0.278640	-0.131820	-0.078769	-0.117173
Chr07	19895302	20195492	0.043105	0.018556	0.012011	0.019434
Chr07	20064854	20310617	-0.052829	-0.027834	-0.017031	-0.029452
Chr07	20200604	20421944	-0.211739	-0.126496	-0.073521	-0.086829
Chr07	20310734	20521552	-0.047879	-0.027446	-0.016858	-0.016171
Chr07	20421957	20623638	0.154234	0.093348	0.062976	0.064034
Chr07	20521597	20755989	0.171553	0.117399	0.081030	0.093100
Chr07	20623665	20828196	0.021193	0.018331	0.011721	0.011402
Chr07	20755993	20944625	0.135654	0.081151	0.052858	0.055692
Chr07	20828197	21061679	0.214611	0.111083	0.071219	0.071103
Chr07	20944744	21204222	0.153817	0.103697	0.058321	0.050750
Chr07	21061727	21494874	0.000837	0.000230	0.000149	-0.002180
Chr07	21204229	21640694	-0.185612	-0.046308	-0.030028	-0.078884
Chr07	21495008	22044510	-0.158776	-0.044639	-0.027025	-0.067531
Chr07	21640751	22188740	-0.088663	-0.025738	-0.015456	-0.043500
Chr07	22044707	22333876	-0.148602	-0.069403	-0.038299	-0.072049
Chr07	22188743	22619943	-0.067333	-0.041622	-0.021868	-0.024630
Chr07	22334104	22740708	0.032891	0.023914	0.010448	0.009505
Chr07	22620046	22825798	-0.143511	-0.185487	-0.058450	-0.057646
Chr07	22740826	22917970	-0.082946	-0.135128	-0.043021	-0.042148
Chr07	22825916	23433473	0.101249	0.086080	0.040565	0.067873
Chr07	22918017	23487572	0.103675	0.080189	0.042430	0.060108
Chr07	23433520	23544163	-0.009719	-0.012034	-0.005334	-0.001655
Chr07	23487628	23601686	-0.143936	-0.150131	-0.065793	-0.058735
Chr07	23544168	23651748	-0.166161	-0.121706	-0.047330	-0.078625
Chr07	23601688	23763950	0.292023	0.193508	0.076214	0.195368
Chr07	23651784	23896781	0.452160	0.254356	0.111618	0.209424
Chr07	23763992	24009793	0.080208	0.039053	0.019512	0.025666
Chr07	23896862	24086053	0.122586	0.083139	0.042855	0.047578
Chr07	24009802	24200494	0.057515	0.050562	0.022642	0.025004
Chr07	24086064	24386473	-0.020053	-0.008403	-0.004088	-0.004783
Chr07	24200516	24490296	0.070042	0.028548	0.015282	0.032437
Chr07	24386474	24659929	0.192414	0.125090	0.067480	0.091799
Chr07	24490319	24825633	0.118093	0.062828	0.035085	0.046981
Chr07	24660012	25001466	-0.070965	-0.029111	-0.018857	-0.024352
Chr07	24825663	25198953	-0.061950	-0.023734	-0.015174	-0.025748
Chr07	25001501	25345506	0.261032	0.096450	0.063579	0.111386
Chr07	25198992	25427709	0.634406	0.240761	0.162286	0.360756
Chr07	25345594	25574035	0.479155	0.170601	0.109648	0.267381
Chr07	25427960	25737560	0.079062	0.028585	0.015578	0.019872
Chr07	25574046	26009577	-0.018274	-0.005454	-0.002762	-0.003539
Chr07	25738155	26231018	0.120863	0.036430	0.019002	0.042107
Chr07	26009722	26356789	0.425534	0.221444	0.103566	0.230681
Chr07	26231165	26559850	0.314839	0.150842	0.069993	0.165223
Chr07	26356975	26696619	-0.045531	-0.013616	-0.007636	-0.015620
Chr07	26559853	26805584	0.262547	0.116668	0.073903	0.129157
Chr07	26697132	26944076	0.257479	0.165959	0.091201	0.146428
Chr07	26805585	27250522	-0.039306	-0.012411	-0.006658	-0.019307
Chr07	26944147	27585317	0.027598	0.006068	0.003153	0.013008
Chr07	27250549	27747615	0.166730	0.043406	0.020980	0.065731
Chr07	27585400	27932814	0.215423	0.077876	0.032379	0.062990
Chr07	27747638	28047249	-0.043887	-0.024319	-0.008333	-0.009235
Chr07	27932885	28224831	0.100301	0.060738	0.023013	0.033441
Chr07	28047292	28958249	0.025619	0.007525	0.004277	0.013003
Chr07	28224856	29181529	-0.131180	-0.033661	-0.022887	-0.061208
Chr07	28958414	29237993	-0.054351	-0.027582	-0.017126	-0.020954
Chr07	29181552	29344951	0.012651	0.006885	0.004493	0.006849
Chr07	29238035	29519326	0.224103	0.072919	0.053196	0.132662
Chr07	29345148	29663065	0.262966	0.074144	0.054629	0.155701
Chr07	29519548	29793459	0.040050	0.010163	0.006895	0.016037
Chr07	29663067	29941794	-0.194407	-0.059825	-0.031186	-0.044890
Chr07	29793531	30610176	-0.212944	-0.055741	-0.026562	-0.030967
Chr07	29942014	30774714	-0.251493	-0.060070	-0.028700	-0.022620
Chr07	30610218	30987115	0.011770	0.003365	0.001749	0.002329
Chr07	30774746	31135785	0.090684	0.026089	0.014125	0.028155
Chr07	30987292	31356728	0.169335	0.064098	0.032215	0.084856
Chr07	31135792	31551503	0.200376	0.075204	0.029055	0.109032
Chr07	31356970	31756808	-0.098292	-0.021735	-0.009172	-0.020984
Chr07	31551579	31861600	0.209137	0.055566	0.029224	0.079961
Chr07	31756833	32032055	0.443685	0.244292	0.102619	0.271199
Chr07	31861911	32143242	0.388530	0.286684	0.097242	0.191341
Chr07	32032057	32222358	0.136547	0.156495	0.034875	0.027636
Chr07	32143253	32382778	0.179883	0.127045	0.048065	0.040814
Chr07	32222404	32510168	0.229359	0.130962	0.067023	0.102444
Chr07	32383158	32589222	0.002200	0.001548	0.000659	0.006349
Chr07	32510177	32719616	-0.035421	-0.025528	-0.011053	-0.011844
Chr07	32589263	32870381	-0.062466	-0.040900	-0.018748	-0.015230
Chr07	32719724	32990337	0.063326	0.032722	0.015805	0.017823
Chr07	32870419	33083696	-0.027700	-0.013808	-0.006907	-0.012270
Chr07	32990403	33386319	-0.126476	-0.053991	-0.029319	-0.062384
Chr07	33083723	33665212	-0.059252	-0.020408	-0.012194	-0.022164
Chr07	33386331	33771546	-0.008447	-0.003542	-0.002094	-0.002287
Chr07	33665239	34031416	-0.017208	-0.007957	-0.004283	-0.007127
Chr07	33771736	34256865	-0.057904	-0.023260	-0.012527	-0.026141
Chr07	34031432	34523136	-0.025801	-0.011808	-0.006944	-0.010857
Chr07	34256894	34709047	0.032839	0.018838	0.011831	0.013931
Chr07	34523162	35000381	0.304679	0.176922	0.091617	0.134221
Chr07	34710252	35114096	0.409591	0.207189	0.107813	0.193469
Chr07	35000577	35344428	0.282564	0.122230	0.068312	0.127726
Chr07	35114099	35460301	0.324594	0.159927	0.085535	0.159108
Chr07	35344987	35583749	0.321334	0.172002	0.097273	0.131608
Chr07	35460445	35681271	0.203639	0.126163	0.063945	0.084402
Chr07	35583772	35853119	0.146187	0.093551	0.049920	0.060837
Chr07	35681273	36029543	0.119956	0.064404	0.040961	0.041979
Chr07	35853155	36152031	0.053983	0.031916	0.018883	0.019517
Chr07	36029596	36349865	0.140908	0.075793	0.047459	0.059607
Chr07	36152406	36577097	0.125951	0.070695	0.043640	0.048478
Chr07	36350129	36695089	-0.020422	-0.012847	-0.005663	-0.006231
Chr07	36578445	36804977	0.037760	0.026836	0.009915	0.014426
Chr07	36695137	36908895	0.264719	0.209630	0.085948	0.102812
Chr07	36804978	37076368	0.109571	0.061364	0.030523	0.052149
Chr07	36908909	37180181	-0.204043	-0.108536	-0.061612	-0.092152
Chr07	37076369	37328084	-0.200818	-0.103111	-0.062925	-0.104314
Chr07	37182064	37441836	-0.157539	-0.082410	-0.052207	-0.079982
Chr07	37328136	37518744	-0.127010	-0.091220	-0.058817	-0.062966
Chr07	37441861	37589537	-0.099681	-0.105909	-0.060340	-0.045720
Chr07	37518794	37690194	-0.016449	-0.021193	-0.011111	-0.004151
Chr07	37589581	37877601	-0.055584	-0.044490	-0.025263	-0.018021
Chr07	37690200	37944413	-0.106227	-0.087093	-0.048133	-0.048518
Chr07	37877612	38016870	-0.094259	-0.089808	-0.046935	-0.038573
Chr07	37944453	38121592	-0.090318	-0.070306	-0.034214	-0.040420
Chr07	38016919	38218896	0.001509	0.001363	0.000605	-0.003274
Chr07	38121597	38266577	0.095672	0.075179	0.038243	0.047202
Chr07	38218937	38387911	0.174746	0.101171	0.055002	0.087753
Chr07	38266650	38593087	0.154043	0.094978	0.041440	0.068531
Chr07	38388062	38712777	0.127305	0.084211	0.036289	0.055532
Chr07	38593354	38829712	-0.065556	-0.040629	-0.020128	-0.026794
Chr07	38712779	38903845	-0.136442	-0.090706	-0.045922	-0.068317
Chr07	38829770	38992759	-0.063621	-0.046824	-0.027901	-0.029619
Chr07	38904270	39100250	0.028861	0.022299	0.013854	0.012442
Chr07	38992989	39203771	0.079231	0.067098	0.039668	0.029779
Chr07	39100382	39320928	-0.046111	-0.031785	-0.017715	-0.015811
Chr07	39209991	39437841	-0.194494	-0.132249	-0.074920	-0.089009
Chr07	39320955	39520700	-0.262335	-0.191086	-0.108607	-0.125255
Chr07	39437889	39565058	-0.059683	-0.047717	-0.027051	-0.021010
Chr07	39520778	39671808	0.014516	0.009647	0.006027	0.009502
Chr07	39565102	39843986	0.011729	0.005842	0.003631	0.006388
Chr07	39671915	39915848	-0.108554	-0.067531	-0.033971	-0.035853
Chr07	39844004	39995541	-0.166226	-0.196882	-0.076108	-0.051013
Chr07	39915891	40056213	-0.129893	-0.210723	-0.072752	-0.042375
Chr07	39995662	40195480	0.024889	0.024923	0.011427	0.016964
Chr07	40056255	40305536	0.025468	0.022899	0.010559	0.015034
Chr07	40195496	40358323	-0.057891	-0.087211	-0.032916	-0.026923
Chr07	40305591	40431105	0.067571	0.087315	0.048141	0.032648
Chr07	40358344	40494165	0.064925	0.074118	0.041931	0.034453
Chr07	40431164	40644954	0.020589	0.017883	0.009690	0.020812
Chr07	40494183	40714214	0.009682	0.007483	0.004068	0.013741
Chr07	40645054	40811970	-0.024056	-0.024396	-0.012944	-0.006457
Chr07	40714218	40906027	-0.010685	-0.012521	-0.006523	-0.000830
Chr07	40811988	40957583	-0.000651	-0.000945	-0.000485	-0.000884
Chr07	40906054	41027472	-0.005944	-0.006717	-0.004034	0.000225
Chr07	40957625	41106989	-0.158705	-0.220487	-0.106727	-0.089801
Chr07	41027528	41159465	-0.310373	-0.649619	-0.241387	-0.179593
Chr07	41106990	41207234	-0.293400	-0.494481	-0.242269	-0.191411
Chr07	41159495	41282134	-0.175559	-0.285095	-0.139001	-0.093368
Chr07	41207307	41356963	-0.041083	-0.065420	-0.029734	-0.017849
Chr07	41282136	41417618	-0.003698	-0.004957	-0.002480	-0.002683
Chr07	41356964	41512744	0.031142	0.037332	0.020392	0.013575
Chr07	41417622	41549174	-0.171130	-0.294679	-0.126418	-0.075874
Chr07	41512896	41600102	-0.219618	-0.328556	-0.153521	-0.110982
Chr07	41549220	41657053	-0.137011	-0.156141	-0.090368	-0.068567
Chr07	41600108	41715609	-0.103541	-0.127684	-0.073945	-0.053737
Chr07	41657110	41782035	0.095735	0.108504	0.067089	0.060606
Chr07	41715746	41834635	0.127469	0.166309	0.093480	0.073173
Chr07	41782091	41954080	-0.034612	-0.045553	-0.022155	-0.020044
Chr07	41834644	42160243	-0.134592	-0.125738	-0.059705	-0.068604
Chr07	41954473	42326392	-0.056391	-0.050871	-0.025244	-0.031898
Chr07	42160355	42598085	-0.034233	-0.034347	-0.017546	-0.018907
Chr07	42326454	42694962	0.013869	0.016069	0.008214	0.008966
Chr07	42598123	42792411	-0.099456	-0.157777	-0.070103	-0.058048
Chr07	42694965	42962570	0.062329	0.073557	0.035654	0.036759
Chr07	42792423	43045044	0.225054	0.245291	0.125701	0.122727
Chr07	42962617	43123400	-0.060169	-0.084712	-0.038204	-0.026902
Chr07	43045045	43189102	-0.175792	-0.211226	-0.110536	-0.090043
Chr07	43123471	43315852	-0.157849	-0.198213	-0.101550	-0.075955
Chr07	43189263	43411519	-0.095532	-0.111058	-0.051646	-0.037825
Chr07	43315975	43524507	0.033309	0.034741	0.017182	0.018120
Chr07	43411578	43587699	0.081663	0.085751	0.044300	0.040138
Chr07	43524516	43707010	-0.048103	-0.044313	-0.025010	-0.030134
Chr07	43587703	43774005	0.003140	0.003265	0.001735	0.001511
Chr07	43707043	43852423	-0.019027	-0.027440	-0.011873	-0.004795
Chr07	43774036	43973821	-0.143821	-0.173397	-0.085828	-0.072332
Chr07	43852485	44053741	-0.235726	-0.288348	-0.138477	-0.135061
Chr07	43974078	44119553	-0.518591	-1.893599	-0.267891	-0.361070
Chr07	44053788	44270364	-0.425654	-1.583511	-0.184103	-0.287925
Chr07	44119635	44317452	0.003248	0.005393	0.001354	0.011523
Chr07	44270382	44380504	-0.051045	-0.088041	-0.024908	-0.022526
Chr07	44317471	44475183	-0.050744	-0.076783	-0.030437	-0.022653
Chr07	44380540	44524190	0.027973	0.044051	0.019436	0.020600
Chr07	44475206	44583877	-0.089797	-0.136695	-0.059589	-0.044323
Chr07	44524288	44748734	-0.131561	-0.090704	-0.051898	-0.082296
Chr07	44584111	44815689	0.089708	0.057668	0.036356	0.050743
Chr07	44748763	44915653	0.384151	0.413914	0.268113	0.172480
Chr07	44815707	44972231	0.117886	0.152343	0.073610	0.058254
Chr07	44915654	45075906	-0.108293	-0.102971	-0.049442	-0.053448
Chr07	44972290	45164848	-0.041251	-0.035358	-0.017831	-0.020448
Chr07	45075926	45221205	0.062931	0.065380	0.034277	0.036844
Chr07	45164870	45383043	0.067546	0.063862	0.037034	0.037107
Chr07	45221206	45517207	-0.083534	-0.076406	-0.040169	-0.042492
Chr07	45383090	45572662	-0.080741	-0.090862	-0.046733	-0.035941
Chr07	45517405	45627428	0.034207	0.038642	0.024201	0.015986
Chr07	45572670	45689367	0.070156	0.084083	0.055873	0.027298
Chr07	45627508	45778529	0.031348	0.040537	0.022151	0.015269
Chr07	45689416	45855718	-0.000562	-0.000779	-0.000374	0.002123
Chr07	45778534	45996185	0.011262	0.014394	0.007071	0.007509
Chr07	45855734	46093689	-0.019310	-0.023729	-0.011898	-0.009401
Chr07	45996215	46213776	-0.016183	-0.022575	-0.010401	-0.007625
Chr07	46093779	46309669	0.021218	0.024182	0.012713	0.012653
Chr07	46213825	46399285	0.013522	0.013422	0.007284	0.003751
Chr07	46309705	46525014	-0.087993	-0.076312	-0.044259	-0.028587
Chr07	46399340	46637667	-0.146514	-0.132858	-0.083812	-0.075100
Chr07	46525123	46738678	-0.110242	-0.177913	-0.094449	-0.049147
Chr08	66625	564260	0.269348	0.097124	0.057954	0.127284
Chr08	327742	800440	0.250937	0.090304	0.051845	0.135047
Chr08	564297	985739	0.061667	0.019835	0.012442	0.030550
Chr08	801582	1257666	0.077674	0.024162	0.014984	0.036848
Chr08	985753	1464642	0.287952	0.097089	0.059163	0.149577
Chr08	1257802	1662696	0.258222	0.122627	0.070269	0.118711
Chr08	1464797	1793045	0.049609	0.026929	0.015815	0.020080
Chr08	1662724	2035308	0.131753	0.048492	0.032908	0.066414
Chr08	1793284	2269113	0.097052	0.030904	0.021281	0.059305
Chr08	2035373	2471732	0.061980	0.028411	0.017345	0.038748
Chr08	2269114	2550036	0.004223	0.003974	0.001952	0.004842
Chr08	2471756	2794778	0.010410	0.005698	0.003757	0.003773
Chr08	2550068	2920313	0.038331	0.016581	0.010746	0.016239
Chr08	2795175	3026295	-0.089343	-0.055775	-0.028631	-0.036028
Chr08	2920340	3189365	-0.009692	-0.005817	-0.002856	-0.003069
Chr08	3026325	3403502	0.292312	0.123032	0.082602	0.145962
Chr08	3189373	3534458	0.305953	0.151535	0.106652	0.174579
Chr08	3403627	3697616	0.103010	0.070061	0.038898	0.049661
Chr08	3535643	3809068	-0.104417	-0.057463	-0.031343	-0.053891
Chr08	3697645	3922302	-0.057909	-0.030849	-0.017028	-0.030162
Chr08	3809086	4268839	0.049206	0.025288	0.011780	0.032217
Chr08	3922867	4366363	0.009536	0.005685	0.002446	0.012824
Chr08	4268896	4445951	0.017195	0.014041	0.006999	0.008521
Chr08	4366549	4595867	0.127374	0.099585	0.052494	0.063204
Chr08	4446597	4744583	0.206874	0.141071	0.073585	0.082837
Chr08	4595927	4996176	0.199126	0.093741	0.044998	0.067653
Chr08	4745228	5111663	0.022178	0.009554	0.004377	0.007800
Chr08	4996195	5228568	-0.052080	-0.033350	-0.016233	-0.019240
Chr08	5111718	5338400	-0.010012	-0.009351	-0.004623	-0.005528
Chr08	5228926	5440687	0.180750	0.172755	0.073253	0.092600
Chr08	5338449	5577428	0.311597	0.274308	0.106945	0.171957
Chr08	5440940	5705926	0.119089	0.098200	0.040995	0.058853
Chr08	5577444	5882648	0.002796	0.001554	0.000831	0.004471
Chr08	5705936	6062950	0.152987	0.072990	0.045916	0.058358
Chr08	5882668	6141226	0.308176	0.212120	0.156069	0.098062
Chr08	6063398	6207339	0.155831	0.162477	0.101742	0.057278
Chr08	6141230	6376776	0.006717	0.003067	0.002135	0.005095
Chr08	6207342	6632069	-0.001002	-0.000341	-0.000229	0.001118
Chr08	6378486	6699183	-0.222985	-0.126943	-0.055781	-0.089412
Chr08	6632333	6834621	-0.210238	-0.197487	-0.056947	-0.074458
Chr08	6699193	7011432	0.024896	0.020567	0.008601	0.011044
Chr08	6834623	7136988	0.126505	0.132701	0.072214	0.068911
Chr08	7011586	7293504	0.172161	0.163738	0.089989	0.095624
Chr08	7137015	7531896	0.204722	0.123340	0.070687	0.095779
Chr08	7293554	7658856	0.258532	0.121504	0.073299	0.102944
Chr08	7531901	7795183	0.104772	0.054556	0.034052	0.042164
Chr08	7659102	7963479	0.031919	0.015651	0.009840	0.012554
Chr08	7795201	8095163	0.049168	0.022000	0.012900	0.017636
Chr08	7963523	8314267	0.006737	0.002489	0.001424	0.001573
Chr08	8095171	8499561	-0.006363	-0.002362	-0.001343	-0.000133
Chr08	8314608	8704176	0.085409	0.038653	0.021112	0.037108
Chr08	8499594	8903371	0.034839	0.013971	0.008214	0.016464
Chr08	8704193	9074675	0.058368	0.023615	0.012721	0.034331
Chr08	8903421	9248021	0.307247	0.150073	0.072715	0.170333
Chr08	9074676	9355107	0.183043	0.129328	0.056292	0.103158
Chr08	9248049	9465141	0.383581	0.282104	0.148871	0.249422
Chr08	9355253	9574268	0.501210	0.363382	0.200684	0.386371
Chr08	9465300	9671362	-0.046772	-0.033281	-0.019013	-0.027609
Chr08	9574278	9855500	0.022513	0.011067	0.007040	0.020628
Chr08	9671366	10190169	0.256859	0.079883	0.051696	0.156531
Chr08	9855587	10364669	0.038569	0.012699	0.008492	0.021255
Chr08	10190381	10543274	0.098619	0.060789	0.033203	0.046891
Chr08	10364739	10664736	0.153969	0.103482	0.054191	0.061735
Chr08	10543280	10917193	-0.007725	-0.003876	-0.002488	-0.002745
Chr08	10665025	11183240	-0.088336	-0.034532	-0.022290	-0.045746
Chr08	10917285	11459364	-0.230943	-0.086912	-0.051810	-0.125872
Chr08	11183271	11621781	-0.238501	-0.115787	-0.065922	-0.104811
Chr08	11459402	11774260	-0.170927	-0.121137	-0.068810	-0.073550
Chr08	11621821	11892475	-0.110570	-0.068865	-0.037476	-0.050070
Chr08	11774276	11999484	-0.004457	-0.002840	-0.001494	-0.001243
Chr08	11892508	12140518	-0.031295	-0.017893	-0.010320	-0.013936
Chr08	11999629	12312860	-0.099424	-0.052134	-0.032472	-0.053168
Chr08	12140659	12439259	-0.058994	-0.029084	-0.019162	-0.025366
Chr08	12313083	12569423	0.095187	0.052914	0.029906	0.031959
Chr08	12439298	12670950	0.021096	0.020092	0.008400	0.008331
Chr08	12569490	12755388	0.058923	0.100011	0.034685	0.022242
Chr08	12671195	12909370	0.078735	0.044066	0.025476	0.030136
Chr08	12755407	13089144	0.163226	0.059672	0.033271	0.066925
Chr08	12909477	13228079	0.144190	0.062554	0.032965	0.070041
Chr08	13089146	13473370	0.135731	0.061184	0.034595	0.070777
Chr08	13228096	13710212	0.271835	0.119516	0.061774	0.134763
Chr08	13473385	13982013	0.071033	0.021190	0.012287	0.032940
Chr08	13710911	14134056	0.181395	0.058606	0.038439	0.107937
Chr08	13982051	14275984	0.433703	0.191086	0.128749	0.279779
Chr08	14134306	14497081	0.222349	0.087111	0.051261	0.112091
Chr08	14276336	14735646	-0.136477	-0.048452	-0.025904	-0.051099
Chr08	14497082	14903386	0.120773	0.050521	0.029621	0.056093
Chr08	14735754	15049452	0.446323	0.213853	0.127233	0.254178
Chr08	14903415	15171586	0.374996	0.234794	0.123530	0.226910
Chr08	15049468	15427324	0.361343	0.219222	0.109827	0.210983
Chr08	15171652	15554427	0.401080	0.209026	0.116394	0.241872
Chr08	15427557	15821444	0.291089	0.126521	0.061477	0.156229
Chr08	15554433	15999836	0.167278	0.056051	0.027994	0.070506
Chr08	15821515	16235027	0.135821	0.049813	0.028742	0.058538
Chr08	16000373	16377432	0.088747	0.043829	0.024299	0.047565
Chr08	16235089	16640073	-0.074488	-0.030897	-0.019067	-0.033705
Chr08	16377474	16784514	-0.115803	-0.040198	-0.024348	-0.053547
Chr08	16640081	17121966	-0.100339	-0.028194	-0.017667	-0.044860
Chr08	16784554	17256037	-0.070603	-0.018883	-0.012471	-0.030385
Chr08	17122113	17404180	0.228691	0.095580	0.069769	0.129715
Chr08	17256368	17605023	0.309133	0.136291	0.095816	0.169204
Chr08	17404344	17764079	0.022191	0.008063	0.004502	0.017220
Chr08	17605193	17916905	0.015046	0.006298	0.003333	0.014060
Chr08	17764120	18241885	-0.030769	-0.009569	-0.005629	-0.017970
Chr08	17916961	18457532	0.137805	0.035277	0.019723	0.084879
Chr08	18241922	18598841	0.313594	0.115065	0.058750	0.183127
Chr08	18457647	18894809	0.134133	0.041755	0.026126	0.083342
Chr08	18598865	19154555	-0.033211	-0.008438	-0.005596	-0.012576
Chr08	18894897	19306183	-0.011233	-0.003809	-0.002486	-0.002791
Chr08	19154566	19475850	0.114401	0.056595	0.037613	0.050819
Chr08	19308019	19758481	-0.066431	-0.033903	-0.023062	-0.031692
Chr08	19475928	19929564	-0.025838	-0.011593	-0.007914	-0.010067
Chr08	19758893	20070132	0.128833	0.056492	0.036856	0.078709
Chr08	19929802	20182661	-0.019607	-0.008915	-0.005739	-0.009148
Chr08	20070252	20476273	-0.098170	-0.051045	-0.032829	-0.038916
Chr08	20182678	20619119	0.091952	0.051189	0.024747	0.027888
Chr08	20476490	20686566	0.064958	0.045220	0.019925	0.020588
Chr08	20619254	20825664	0.014211	0.010424	0.004747	0.009366
Chr08	20686578	20932586	0.147439	0.082511	0.038398	0.068620
Chr08	20825821	21044226	0.135675	0.074881	0.042140	0.054371
Chr08	20932720	21176333	0.015491	0.010497	0.006403	0.005430
Chr08	21044511	21303831	-0.022812	-0.018888	-0.009808	-0.012749
Chr08	21176466	21476000	0.076609	0.039981	0.020753	0.040428
Chr08	21303952	21557527	-0.099873	-0.050670	-0.025713	-0.058384
Chr08	21476431	21669355	-0.274194	-0.200756	-0.088098	-0.150068
Chr08	21557550	21793721	-0.110484	-0.081187	-0.036381	-0.053170
Chr08	21671178	21858762	-0.023116	-0.017196	-0.009564	-0.009081
Chr08	21793744	21932707	-0.018117	-0.015438	-0.007910	-0.006677
Chr08	21858763	22035667	-0.136743	-0.093005	-0.047270	-0.080440
Chr08	21932822	22143378	-0.068258	-0.043225	-0.023636	-0.043210
Chr08	22035761	22290352	0.139187	0.102693	0.060803	0.068567
Chr08	22143581	22372796	-0.002204	-0.001948	-0.001216	-0.000250
Chr08	22290452	22766556	-0.091323	-0.062372	-0.037463	-0.047768
Chr08	22372884	22832057	-0.066708	-0.048959	-0.028987	-0.034335
Chr08	22766647	22907010	-0.090889	-0.106130	-0.046211	-0.048369
Chr08	22832062	23017870	0.036895	0.024753	0.011548	0.014345
Chr08	22907137	23102114	0.149521	0.109886	0.048866	0.055707
Chr08	23017882	23298748	0.128730	0.098899	0.046654	0.059582
Chr08	23102122	23465653	0.227523	0.125536	0.061790	0.104545
Chr08	23299167	23549704	0.393597	0.227999	0.102519	0.168705
Chr08	23465668	23630286	0.420026	0.335518	0.127054	0.177182
Chr08	23549706	23732153	0.241495	0.257029	0.089310	0.119797
Chr08	23630339	23827865	0.307092	0.346530	0.110294	0.172749
Chr08	23732176	23975469	0.313263	0.284666	0.088989	0.167023
Chr08	23828402	24071475	0.023798	0.021889	0.007155	0.012868
Chr08	23975470	24183820	-0.051642	-0.069922	-0.022601	-0.020956
Chr08	24071493	24271095	0.253181	0.215095	0.096346	0.141715
Chr08	24183979	24382333	0.240946	0.177968	0.083254	0.141248
Chr08	24271108	24506790	0.019534	0.018489	0.006328	0.012133
Chr08	24382486	24636211	0.066313	0.064743	0.018938	0.029426
Chr08	24506905	24713861	0.069585	0.074107	0.022448	0.025710
Chr08	24636216	24800712	0.113285	0.188263	0.040523	0.043960
Chr08	24713979	24917292	0.099947	0.106718	0.031738	0.037656
Chr08	24800742	25011420	0.392016	0.331857	0.128092	0.193817
Chr08	24917327	25124133	0.442744	0.389574	0.143520	0.286988
Chr08	25011422	25224403	0.238246	0.185052	0.081262	0.111517
Chr08	25124140	25334078	0.103317	0.081324	0.036268	0.039536
Chr08	25224444	25440022	0.045594	0.039923	0.017389	0.022569
Chr08	25334102	25527720	-0.010690	-0.010666	-0.004663	-0.007206
Chr08	25440377	25667346	-0.202458	-0.255805	-0.080739	-0.071046
Chr08	25528129	25818737	0.077088	0.083341	0.032576	0.042279
Chr08	25667429	26045588	0.183395	0.205158	0.080992	0.084864
Chr08	25818885	26156493	-0.123984	-0.173718	-0.042075	-0.039199
Chr08	26045886	26242365	0.124485	0.180814	0.038524	0.051717
Chr08	26156572	26325806	0.260479	0.356399	0.069164	0.061838
Chr08	26242396	26413320	0.115059	0.133904	0.042887	0.027278
Chr08	26325839	26473773	-0.180094	-0.298929	-0.123220	-0.096352
Chr08	26413334	26612825	-0.082201	-0.115819	-0.046716	-0.047455
Chr08	26473834	26712618	0.188865	0.164878	0.077741	0.115453
Chr08	26612864	26851737	0.160993	0.122932	0.052374	0.078258
Chr08	26712721	26948046	0.188599	0.126520	0.054252	0.086691
Chr08	26851746	27087430	0.074490	0.043383	0.016473	0.031656
Chr08	26948055	27181240	-0.268753	-0.219487	-0.061854	-0.098930
Chr08	27087484	27290188	0.051691	0.034864	0.014989	0.024697
Chr08	27181331	27417674	0.360437	0.199913	0.088045	0.205138
Chr08	27290218	27523709	-0.085839	-0.043862	-0.016509	-0.046506
Chr08	27417697	27655278	-0.009759	-0.004365	-0.002023	-0.010926
Chr08	27523724	27817414	0.413277	0.225488	0.122944	0.242144
Chr08	27655285	27925371	0.302731	0.206197	0.100089	0.166959
Chr08	27817428	28015611	-0.034776	-0.028081	-0.011559	-0.015899
Chr08	27925372	28107872	-0.153450	-0.135509	-0.065395	-0.083712
Chr08	28015615	28210220	-0.149894	-0.128582	-0.055180	-0.051792
Chr08	28107911	28323262	-0.133737	-0.082045	-0.040275	-0.038598
Chr08	28210511	28421304	-0.025636	-0.020995	-0.011465	-0.014851
Chr08	28323312	28605016	0.089660	0.068829	0.037712	0.038431
Chr08	28421418	28708108	0.042990	0.021382	0.014217	0.017664
Chr08	28605019	28786094	-0.257134	-0.139130	-0.092839	-0.136005
Chr08	28708126	28933828	-0.312153	-0.143955	-0.095339	-0.166368
Chr08	28786135	28980706	-0.311382	-0.175264	-0.105718	-0.185047
Chr08	28933842	29034473	-0.417557	-0.501058	-0.209719	-0.292893
Chr08	28980707	29099077	-0.256967	-0.250310	-0.123493	-0.161993
Chr08	29034479	29174920	0.081476	0.046884	0.031527	0.038372
Chr08	29099138	29233367	0.092964	0.059812	0.032528	0.043206
Chr08	29174926	29290237	-0.005779	-0.005261	-0.002520	-0.001926
Chr08	29233454	29590466	0.006739	0.004036	0.002377	0.001122
Chr08	29290243	29762201	-0.124258	-0.073257	-0.036724	-0.071953
Chr08	29590514	29879197	-0.033612	-0.018719	-0.009977	-0.017231
Chr08	29762202	29964440	0.188017	0.105771	0.060533	0.117187
Chr08	29879200	30094458	0.263245	0.223012	0.088240	0.189067
Chr08	29964443	30168891	0.265197	0.284885	0.098637	0.176958
Chr08	30094493	30267842	0.164050	0.162649	0.067331	0.087360
Chr08	30168983	30413068	0.181631	0.074802	0.049608	0.089236
Chr08	30267905	30692194	0.105221	0.029149	0.019140	0.049019
Chr08	30413093	30970265	0.111809	0.028426	0.018318	0.050079
Chr08	30692233	31258919	0.116345	0.039083	0.023541	0.060102
Chr08	30970278	31378924	0.259466	0.133396	0.067149	0.141183
Chr08	31258931	31467737	0.579116	0.421230	0.215027	0.355863
Chr08	31378963	31586154	0.535393	0.350552	0.198121	0.282174
Chr08	31467862	31938396	0.103833	0.028410	0.017955	0.047416
Chr08	31586190	32084358	0.024725	0.006938	0.004327	0.011535
Chr08	31938682	32260787	0.095400	0.038646	0.023133	0.040834
Chr08	32084373	32467342	0.185751	0.077076	0.037852	0.083166
Chr08	32260825	32650658	0.351045	0.209895	0.080779	0.212697
Chr08	32468024	32764930	0.115380	0.076478	0.031092	0.083867
Chr08	32651379	32882896	0.129968	0.087089	0.037799	0.092084
Chr08	32764947	32977454	0.396200	0.267396	0.108552	0.266598
Chr08	32883094	33151774	0.118392	0.082867	0.033338	0.075630
Chr08	32977456	33462769	0.105484	0.044158	0.022600	0.065366
Chr08	33151858	33647791	0.406963	0.149194	0.076609	0.262596
Chr08	33462786	33778458	0.225638	0.096212	0.049119	0.131337
Chr08	33648010	34050764	0.044309	0.015838	0.008860	0.031675
Chr08	33778492	34292174	0.168048	0.052861	0.027327	0.082377
Chr08	34050773	34471644	0.088136	0.030039	0.013584	0.027488
Chr08	34292222	34601577	-0.035765	-0.018876	-0.006464	-0.008420
Chr08	34471649	34773515	0.001281	0.000717	0.000254	0.001953
Chr08	34601583	34905662	0.095143	0.042445	0.023826	0.031405
Chr08	34773528	35224366	0.069954	0.018036	0.011143	0.025146
Chr08	34907438	35674566	0.158673	0.029421	0.019262	0.068950
Chr08	35224754	35826261	0.101797	0.027568	0.017686	0.049955
Chr08	35674688	35934778	0.036666	0.019098	0.009409	0.012586
Chr08	35826338	36159181	0.086540	0.028112	0.015979	0.030190
Chr08	35934807	36501806	-0.039905	-0.007815	-0.004924	-0.016867
Chr08	36159188	36835534	-0.063177	-0.009787	-0.005781	-0.025916
Chr08	36501837	36996053	-0.136887	-0.027867	-0.016259	-0.056095
Chr08	36835559	37083201	-0.119391	-0.048490	-0.029915	-0.044824
Chr08	36996056	37199487	-0.013001	-0.008223	-0.004657	-0.006648
Chr08	37083278	37477929	-0.038132	-0.015866	-0.010100	-0.017401
Chr08	37199521	37753068	-0.029040	-0.008620	-0.005535	-0.008008
Chr08	37477932	38232843	-0.001467	-0.000201	-0.000141	0.000875
Chr08	37753081	39626799	0.039450	0.003382	0.002388	0.012852
Chr08	38233046	41926684	-0.036283	-0.002413	-0.001539	-0.011073
Chr08	39634763	42323592	0.078858	0.007888	0.004513	0.032790
Chr08	41928649	42531485	0.024537	0.005163	0.002952	0.025443
Chr08	42324803	42641021	-0.128941	-0.043396	-0.022806	-0.044607
Chr08	42531642	42763166	0.064669	0.029107	0.014629	0.023491
Chr08	42641031	43095016	0.114885	0.024879	0.017401	0.041934
Chr08	42763170	43372054	-0.062803	-0.010838	-0.007421	-0.019363
Chr08	43095130	43677126	-0.127113	-0.027327	-0.016468	-0.041155
Chr08	43372226	43930273	0.059445	0.017708	0.010095	0.024287
Chr08	43677194	44041552	0.094685	0.046087	0.021873	0.055007
Chr08	43930308	44239964	-0.061322	-0.030591	-0.013790	-0.016322
Chr08	44041554	44348224	-0.270483	-0.135022	-0.064269	-0.082603
Chr08	44240085	44447738	-0.203528	-0.150819	-0.066627	-0.075477
Chr08	44348243	44537354	0.027923	0.022850	0.010911	0.015973
Chr08	44447760	44603876	0.125392	0.112913	0.059582	0.063833
Chr08	44537406	44758660	-0.016202	-0.014974	-0.006655	-0.010649
Chr08	44603902	45006988	-0.086547	-0.044114	-0.024212	-0.045301
Chr08	44759523	45147758	-0.090081	-0.040193	-0.021994	-0.036459
Chr08	45007188	45282273	-0.077745	-0.050679	-0.016981	-0.023319
Chr08	45147837	45458562	0.131931	0.065410	0.026657	0.066555
Chr08	45282379	45660440	0.059509	0.033222	0.016248	0.031734
Chr08	45458680	45825660	0.057804	0.050400	0.024310	0.031046
Chr08	45660604	45969550	0.186949	0.103933	0.057730	0.068950
Chr08	45825775	46515248	0.021578	0.011495	0.005063	0.008962
Chr08	45969629	46586263	0.004226	0.002623	0.001092	0.003254
Chr08	46521172	46660078	0.150372	0.128475	0.068171	0.058006
Chr08	46586279	46818260	0.089961	0.081411	0.037466	0.032503
Chr08	46660089	46936132	-0.061533	-0.036265	-0.017306	-0.018633
Chr08	46818271	47075340	-0.042563	-0.022225	-0.010966	-0.014894
Chr08	46936163	47378856	0.063086	0.033436	0.014078	0.025573
Chr08	47075344	47469652	0.022087	0.013890	0.005956	0.011694
Chr08	47378956	47549474	0.091939	0.075250	0.040856	0.039953
Chr08	47469656	47649849	0.055497	0.030642	0.018454	0.022674
Chr08	47549522	47752422	0.210548	0.121111	0.059607	0.124807
Chr08	47649916	47854847	0.099085	0.077135	0.032807	0.074796
Chr08	47754019	47950973	-0.201329	-0.168911	-0.089068	-0.110730
Chr08	47854857	48027320	-0.056543	-0.054831	-0.030313	-0.025928
Chr08	47951136	48207491	-0.013810	-0.016150	-0.008807	-0.005973
Chr08	48027335	48269642	0.026949	0.027297	0.016345	0.014318
Chr08	48207552	48398103	0.023730	0.019063	0.011178	0.007553
Chr08	48269680	48446062	-0.033270	-0.025727	-0.014696	-0.016971
Chr08	48398104	48516547	-0.172751	-0.119433	-0.073209	-0.074055
Chr08	48446063	48619089	-0.192964	-0.167581	-0.087163	-0.080369
Chr08	48517030	48701317	-0.069532	-0.054073	-0.031682	-0.028164
Chr08	48619185	48732129	-0.237263	-0.145270	-0.094505	-0.172421
Chr08	48701337	48792985	-0.361193	-0.221436	-0.136628	-0.296611
Chr08	48732143	48867472	-0.140521	-0.101280	-0.054311	-0.106062
Chr08	48793052	48970352	-0.147208	-0.120814	-0.060553	-0.063864
Chr08	48867610	49074246	-0.141855	-0.196257	-0.047197	-0.043741
Chr08	48970426	49131227	-0.243959	-0.308326	-0.073167	-0.077630
Chr08	49074267	49276881	-0.147790	-0.092950	-0.050795	-0.083018
Chr08	49131241	49408257	-0.001711	-0.000824	-0.000504	-0.004536
Chr08	49276909	49538606	-0.028043	-0.012680	-0.006897	-0.012436
Chr08	49408596	49871659	0.078014	0.040426	0.020511	0.031693
Chr08	49538766	50076188	0.009762	0.006266	0.003138	0.005162
Chr08	49871751	50409211	-0.002064	-0.001693	-0.000851	0.002437
Chr08	50076245	50557223	0.390789	0.234198	0.149769	0.264507
Chr08	50409212	50641422	0.371718	0.239813	0.149320	0.220024
Chr08	50557226	50715252	-0.107270	-0.133573	-0.043716	-0.045677
Chr08	50641850	50841627	-0.338873	-0.313778	-0.111595	-0.151653
Chr08	50715271	50932148	0.044759	0.032013	0.016985	0.021126
Chr08	50841634	50999407	0.303680	0.158852	0.106316	0.182848
Chr08	50932150	51154960	0.126882	0.064856	0.040362	0.055606
Chr08	50999541	51212072	-0.008267	-0.009422	-0.004092	-0.001798
Chr08	51154967	51328979	0.121818	0.094851	0.060012	0.056813
Chr08	51212077	51368348	-0.085438	-0.072556	-0.041132	-0.042112
Chr08	51328989	51427092	-0.118636	-0.125251	-0.062338	-0.051266
Chr08	51368395	51566816	0.366915	0.138915	0.097426	0.117667
Chr08	51427150	51705504	0.149205	0.048561	0.033479	0.052880
Chr08	51567216	51824263	-0.135930	-0.078657	-0.042624	-0.067336
Chr08	51705583	51963369	-0.042371	-0.028468	-0.012809	-0.016116
Chr08	51824441	52107092	0.050906	0.020556	0.011552	0.017292
Chr08	51963395	52263129	0.056323	0.020955	0.013894	0.019853
Chr08	52107141	52411546	-0.039948	-0.021069	-0.011601	-0.024928
Chr08	52263209	52471404	-0.232121	-0.195155	-0.080964	-0.133078
Chr08	52411678	52634542	-0.203131	-0.114283	-0.059604	-0.076444
Chr08	52471438	52726205	-0.121225	-0.067337	-0.038333	-0.043535
Chr08	52634745	52916113	0.023592	0.019823	0.011404	0.015862
Chr08	52726233	53024372	0.032538	0.028770	0.016523	0.019916
Chr08	52916224	53143352	-0.075601	-0.058206	-0.034195	-0.042178
Chr08	53024410	53221122	-0.088448	-0.050573	-0.030975	-0.041519
Chr08	53143435	53307157	-0.182327	-0.137461	-0.075071	-0.091096
Chr08	53221150	53377927	-0.115962	-0.149974	-0.066437	-0.062637
Chr08	53307168	53436399	0.103626	0.129133	0.059839	0.055543
Chr08	53377945	53493678	0.082508	0.119152	0.054086	0.044191
Chr08	53436514	53572811	-0.027561	-0.031704	-0.016042	-0.015246
Chr08	53493720	53611314	-0.122719	-0.151172	-0.063169	-0.064322
Chr08	53572895	53677808	-0.056389	-0.084750	-0.030723	-0.031341
Chr08	53611316	53841392	0.014601	0.018864	0.008807	0.008366
Chr08	53677880	53934848	-0.173968	-0.257588	-0.109145	-0.089097
Chr08	53841416	54009285	-0.137291	-0.219380	-0.080993	-0.072782
Chr08	53934864	54085817	-0.040166	-0.046863	-0.015997	-0.019129
Chr08	54009308	54219737	-0.059607	-0.052044	-0.020064	-0.025194
Chr08	54085886	54282454	-0.043277	-0.039383	-0.016806	-0.019162
Chr08	54219764	54378403	-0.125179	-0.133026	-0.050001	-0.063349
Chr08	54283200	54452100	-0.168008	-0.177027	-0.073075	-0.081392
Chr08	54378493	54547701	-0.150951	-0.103274	-0.059162	-0.054967
Chr08	54452101	54603791	-0.059366	-0.034255	-0.021465	-0.017479
Chr08	54547831	55038352	-0.091398	-0.058082	-0.034511	-0.039228
Chr08	54603816	55088799	-0.083626	-0.062479	-0.035354	-0.043981
Chr08	55038358	55164189	-0.046126	-0.050710	-0.027945	-0.027636
Chr08	55088855	55466125	-0.165747	-0.108826	-0.060037	-0.109522
Chr08	55164197	55561239	-0.168920	-0.112893	-0.057241	-0.105526
Chr08	55466170	55629066	0.001881	0.002806	0.001037	0.003564
Chr08	55561324	55697903	0.120998	0.170969	0.069017	0.067827
Chr08	55629076	55801382	0.124513	0.154376	0.072324	0.063612
Chr08	55697925	56007399	0.074734	0.074400	0.035761	0.036148
Chr08	55801412	56093894	0.101734	0.084097	0.044551	0.043161
Chr08	56007478	56152388	0.000512	0.000372	0.000243	0.000087
Chr08	56093909	56325513	-0.106491	-0.063637	-0.035433	-0.026190
Chr08	56152390	56480669	-0.120580	-0.050028	-0.026777	-0.030965
Chr08	56325546	56622065	-0.178755	-0.077438	-0.043573	-0.070171
Chr08	56480688	56703210	-0.090862	-0.069035	-0.034635	-0.037247
Chr08	56622074	56840649	-0.015037	-0.012370	-0.006605	-0.006270
Chr08	56703217	56916631	-0.025390	-0.022028	-0.013143	-0.013839
Chr08	56840670	57007016	0.023340	0.023115	0.011514	0.016899
Chr08	56916664	57122711	0.062893	0.053177	0.025979	0.036009
Chr08	57007040	57190262	0.014878	0.014316	0.007626	0.006659
Chr08	57122713	57265102	-0.003326	-0.003968	-0.002148	-0.001380
Chr08	57190294	57429363	0.047056	0.032236	0.018444	0.015326
Chr08	57265148	57753992	0.015221	0.006521	0.004225	0.005671
Chr08	57429374	57839832	0.134917	0.075749	0.051737	0.044934
Chr08	57754057	57939521	0.106308	0.083298	0.047563	0.039848
Chr08	57839839	58077394	-0.007167	-0.005564	-0.002580	-0.003775
Chr08	57939615	58245951	0.025067	0.018547	0.008898	0.010688
Chr08	58077412	58328705	0.048585	0.034848	0.019442	0.026437
Chr08	58245978	58424057	0.064519	0.050290	0.030252	0.039520
Chr08	58328748	58566626	-0.100339	-0.067290	-0.039859	-0.063972
Chr08	58424078	58629603	-0.071270	-0.047940	-0.028811	-0.041510
Chr08	58566672	58823502	0.132861	0.071755	0.049153	0.063387
Chr08	58629667	58891748	0.131138	0.063731	0.041784	0.056918
Chr08	58823521	59010253	0.078131	0.055009	0.026790	0.033189
Chr08	58891752	59154553	-0.091151	-0.069493	-0.028632	-0.035785
Chr08	59010382	59269674	-0.094307	-0.079311	-0.035813	-0.053728
Chr08	59154686	59348732	0.139839	0.127458	0.072719	0.106698
Chr08	59269688	59443718	0.066682	0.068944	0.036362	0.054585
Chr08	59348753	59537837	-0.100405	-0.115465	-0.048610	-0.053725
Chr08	59443892	59630874	0.091921	0.103747	0.046904	0.052498
Chr08	59537927	59751342	0.061345	0.076577	0.033153	0.033677
Chr08	59630886	60091848	0.032187	0.033670	0.016327	0.018335
Chr08	59751462	60412799	-0.032959	-0.027379	-0.012889	-0.012610
Chr08	60091924	60712637	-0.122835	-0.092290	-0.044931	-0.062897
Chr08	60412825	60879764	0.112400	0.088066	0.054974	0.074392
Chr08	60712672	60940795	0.208161	0.183946	0.125265	0.130862
Chr08	60879831	61006741	0.150042	0.153152	0.082423	0.078687
Chr08	60940797	61112382	0.185626	0.256487	0.102983	0.070254
Chr08	61006774	61206948	0.042492	0.081978	0.022076	0.011335
Chr08	61112388	61265016	0.154650	0.200898	0.082850	0.059878
Chr08	61206949	61341631	0.098119	0.117895	0.058010	0.060272
Chr08	61265081	61442044	-0.014856	-0.016956	-0.008176	-0.007508
Chr08	61341781	61576442	0.044560	0.047315	0.026153	0.025135
Chr08	61445143	61673528	0.004212	0.004414	0.002172	0.003107
Chr08	61576469	61766184	-0.149809	-0.192216	-0.075253	-0.075264
Chr08	61673592	61939323	-0.058359	-0.059334	-0.028776	-0.028071
Chr08	61766259	62131664	0.119242	0.090698	0.055129	0.060025
Chr08	61939365	62213125	0.095451	0.080814	0.045146	0.039732
Chr08	62131732	62366241	-0.019554	-0.018751	-0.007868	-0.007551
Chr08	62213326	62479194	0.028769	0.023652	0.009157	0.016886
Chr08	62366730	62619572	0.419056	0.267894	0.143925	0.282483
Chr08	62479198	62775693	0.166581	0.113523	0.062290	0.126574
Chr08	62619907	62889423	-0.287296	-0.255230	-0.110192	-0.172000
Chr08	62775848	62982607	-0.096756	-0.101577	-0.041271	-0.033942
Chr08	62889492	63049588	0.175812	0.165897	0.065271	0.064323
Chr08	62982680	63149500	0.133121	0.126320	0.051172	0.055883
Chr08	63049751	63276986	0.000589	0.000601	0.000259	0.003219
Chr08	63149514	63376253	0.013996	0.013639	0.006168	0.010755
Chr08	63277020	63468494	-0.018273	-0.019496	-0.008770	-0.008041
Chr08	63376270	63587472	0.050467	0.054830	0.027387	0.031360
Chr08	63468506	63658138	0.045945	0.054670	0.025738	0.027669
Chr08	63587519	63700053	0.120056	0.160307	0.077666	0.071654
Chr08	63658301	63779227	0.170923	0.206866	0.110380	0.101829
Chr08	63700060	63876162	0.288808	0.307432	0.123883	0.165361
Chr08	63779374	64034079	0.211414	0.218194	0.076049	0.118125
Chr08	63876183	64241189	-0.024772	-0.022694	-0.009064	-0.009318
Chr08	64034152	64392366	-0.110267	-0.103410	-0.042847	-0.054414
Chr08	64241247	64525787	-0.085884	-0.084188	-0.041340	-0.038118
Chr08	64392432	64680538	-0.085491	-0.086270	-0.042722	-0.032863
Chr08	64525971	64805591	-0.166839	-0.171359	-0.061623	-0.053535
Chr08	64680540	65176200	-0.220790	-0.057229	-0.040627	-0.071113
Chr08	64805593	65286520	-0.157125	-0.039228	-0.029884	-0.058893
Chr08	65177791	65394812	0.062452	0.042420	0.024546	0.034410
Chr08	65286524	65493381	0.112416	0.084009	0.049316	0.058789
Chr08	65394899	65605574	-0.041647	-0.036248	-0.018032	-0.020216
Chr08	65493386	65691661	-0.078475	-0.089578	-0.039286	-0.044617
Chr08	65605669	65967472	-0.278829	-0.204355	-0.113280	-0.209681
Chr08	65691682	66081888	-0.391247	-0.231908	-0.132401	-0.245465
Chr08	65967839	66238880	-0.193470	-0.080993	-0.048938	-0.066847
Chr08	66081919	66359357	-0.136832	-0.064538	-0.037646	-0.050441
Chr08	66238900	66641338	-0.061326	-0.026550	-0.015670	-0.021981
Chr08	66359623	66889029	0.401718	0.198835	0.078137	0.221287
Chr09	282275	440590	0.162049	0.129619	0.064894	0.062844
Chr09	371396	542223	-0.079490	-0.086848	-0.043530	-0.034567
Chr09	440692	609463	-0.003582	-0.004216	-0.002195	0.000542
Chr09	542247	730083	0.102893	0.114663	0.061076	0.044943
Chr09	609484	814256	0.067442	0.073119	0.032810	0.025789
Chr09	730114	870707	-0.034160	-0.052177	-0.019272	-0.018572
Chr09	814303	933490	-0.021365	-0.028941	-0.010838	-0.013754
Chr09	870744	1004030	0.029230	0.034098	0.014395	0.014558
Chr09	933507	1088587	0.047118	0.050499	0.026801	0.022903
Chr09	1004048	1225830	-0.129743	-0.206187	-0.066991	-0.061324
Chr09	1088707	1283416	-0.054594	-0.113764	-0.034607	-0.023458
Chr09	1225857	1330269	0.090403	0.118160	0.060506	0.044245
Chr09	1283468	1445570	0.089575	0.070355	0.044222	0.045333
Chr09	1330348	1508981	0.077134	0.063183	0.041204	0.040905
Chr09	1445571	1569246	-0.022780	-0.029876	-0.016108	-0.011557
Chr09	1509047	1644933	-0.093083	-0.119295	-0.060922	-0.053295
Chr09	1569247	1757894	-0.210379	-0.202801	-0.099679	-0.126082
Chr09	1644954	1871142	-0.192034	-0.168138	-0.088829	-0.116830
Chr09	1757928	1941373	-0.131191	-0.131092	-0.079348	-0.081457
Chr09	1871144	2068371	-0.093183	-0.068327	-0.040636	-0.051635
Chr09	1941440	2150572	-0.039756	-0.027658	-0.015870	-0.025152
Chr09	2068377	2226455	-0.011437	-0.010833	-0.005540	-0.011255
Chr09	2150737	2294005	0.027120	0.027398	0.014155	0.015281
Chr09	2226461	2506948	0.049928	0.045664	0.026401	0.029019
Chr09	2294020	2578202	0.060328	0.065413	0.036194	0.036123
Chr09	2506967	2672500	0.077107	0.095838	0.050963	0.035536
Chr09	2578211	2736878	0.106237	0.117613	0.065697	0.048918
Chr09	2672514	2840953	-0.010303	-0.009018	-0.005301	-0.003507
Chr09	2736910	3034515	0.080907	0.041535	0.028851	0.048566
Chr09	2841051	3155963	0.186807	0.093586	0.070905	0.109219
Chr09	3034559	3206219	0.014180	0.010716	0.007353	0.011195
Chr09	3156070	3298904	-0.108280	-0.110437	-0.060675	-0.057188
Chr09	3206220	3433924	0.110324	0.102126	0.059854	0.056884
Chr09	3298919	3556114	0.182305	0.145848	0.082465	0.085838
Chr09	3433925	3716154	0.080866	0.059365	0.032922	0.035774
Chr09	3556139	3777826	-0.089499	-0.099726	-0.047585	-0.039530
Chr09	3716181	3849969	-0.055413	-0.058583	-0.026280	-0.020373
Chr09	3778640	3926755	0.110624	0.086648	0.049135	0.043677
Chr09	3849985	4006062	-0.195034	-0.291219	-0.094406	-0.087680
Chr09	3926822	4072694	-0.410616	-2.122306	-0.198920	-0.185750
Chr09	4006177	4139642	-0.331609	-1.130919	-0.178631	-0.173308
Chr09	4072766	4202514	-0.267846	-0.403017	-0.147931	-0.133433
Chr09	4139675	4397641	-0.168861	-0.162574	-0.074341	-0.058986
Chr09	4202608	4460436	-0.036279	-0.034118	-0.016123	-0.013405
Chr09	4397685	4574596	0.110271	0.087467	0.054253	0.056932
Chr09	4460479	4650783	0.095004	0.064311	0.039315	0.044974
Chr09	4574632	4719205	-0.060529	-0.041145	-0.025003	-0.038776
Chr09	4650793	4799974	-0.077669	-0.049132	-0.031740	-0.039805
Chr09	4719208	4885768	-0.087383	-0.058930	-0.036548	-0.040775
Chr09	4800041	4999439	-0.173161	-0.151435	-0.079112	-0.093773
Chr09	4885793	5193805	-0.072180	-0.058735	-0.031251	-0.042105
Chr09	4999489	5308145	-0.100517	-0.062369	-0.040062	-0.052061
Chr09	5193990	5465202	-0.249394	-0.160170	-0.094689	-0.132012
Chr09	5308235	5555576	-0.112180	-0.091029	-0.044263	-0.057274
Chr09	5465610	5811484	0.115246	0.096307	0.051815	0.051397
Chr09	5555606	6396659	0.033913	0.021671	0.012466	0.019752
Chr09	5811549	6487580	-0.003468	-0.002150	-0.001194	0.003714
Chr09	6396678	6558399	-0.142294	-0.105133	-0.052372	-0.093373
Chr09	6487609	6657912	-0.168068	-0.154575	-0.068455	-0.104566
Chr09	6558400	6751897	-0.003935	-0.003830	-0.001934	0.005155
Chr09	6658447	6821757	0.010255	0.010111	0.005911	0.006833
Chr09	6751920	6993067	-0.106803	-0.107359	-0.065031	-0.052593
Chr09	6821812	7053223	-0.132373	-0.119773	-0.073587	-0.074443
Chr09	6993086	7148586	0.175729	0.143629	0.093571	0.095006
Chr09	7053241	7283650	0.303950	0.168208	0.106061	0.198818
Chr09	7148627	7420096	0.041271	0.027327	0.014383	0.026096
Chr09	7283667	7544853	0.367514	0.361373	0.211834	0.226035
Chr09	7420129	7624818	0.425703	0.352884	0.243220	0.278507
Chr09	7544933	7702477	-0.061392	-0.063888	-0.038537	-0.032408
Chr09	7625024	7767831	-0.020488	-0.025529	-0.016070	-0.009638
Chr09	7702484	7850962	0.057088	0.064559	0.038659	0.028455
Chr09	7767872	7921857	0.099907	0.086126	0.051827	0.044391
Chr09	7850973	8027905	0.041242	0.038261	0.021305	0.015601
Chr09	7921922	8082131	0.035321	0.037342	0.020388	0.014487
Chr09	8027923	8254420	0.011161	0.009216	0.005840	0.004842
Chr09	8082159	8357211	-0.010222	-0.009055	-0.004885	-0.002922
Chr09	8254427	8453773	-0.081709	-0.097352	-0.044325	-0.036958
Chr09	8357241	8569400	0.039603	0.037607	0.022659	0.024826
Chr09	8453778	8648690	-0.050660	-0.048132	-0.027672	-0.030847
Chr09	8569405	8687160	-0.215332	-0.271136	-0.125369	-0.124986
Chr09	8648716	8744967	0.034508	0.031724	0.019724	0.015793
Chr09	8687182	8786100	0.134000	0.125089	0.084175	0.064766
Chr09	8745156	8833492	0.039683	0.051538	0.029789	0.022105
Chr09	8786128	8904004	-0.072513	-0.070829	-0.043985	-0.035585
Chr09	8833636	8987615	0.007297	0.006952	0.004707	0.000138
Chr09	8904075	9035455	-0.001936	-0.002273	-0.001380	-0.005329
Chr09	8987617	9087018	-0.064392	-0.052595	-0.031393	-0.028729
Chr09	9035487	9174754	-0.066116	-0.042489	-0.025802	-0.025433
Chr09	9087101	9233656	-0.119121	-0.096547	-0.058343	-0.055633
Chr09	9174789	9332048	0.041096	0.033308	0.021566	0.023846
Chr09	9233818	9417282	0.131351	0.095321	0.063432	0.069832
Chr09	9332055	9521983	0.124261	0.100674	0.060167	0.053784
Chr09	9417285	9613661	0.133968	0.108697	0.057519	0.055283
Chr09	9522705	9762903	-0.014561	-0.011468	-0.005419	-0.004234
Chr09	9613722	9871132	0.249158	0.196557	0.087335	0.140458
Chr09	9762964	10069144	0.309586	0.242549	0.095669	0.191266
Chr09	9871133	10136900	0.037953	0.038415	0.011629	0.025991
Chr09	10069201	10218947	-0.046075	-0.060820	-0.022034	-0.016376
Chr09	10136919	10293253	-0.051331	-0.055236	-0.028506	-0.029007
Chr09	10219026	10419907	-0.063333	-0.056241	-0.029442	-0.033617
Chr09	10293436	10499990	-0.015585	-0.012779	-0.006906	-0.007494
Chr09	10419911	10563467	0.168200	0.156309	0.081741	0.094101
Chr09	10500008	10623475	0.117525	0.115704	0.054418	0.067663
Chr09	10563493	10697342	-0.043243	-0.058654	-0.019587	-0.011480
Chr09	10623483	10773708	-0.240524	-1.444664	-0.110794	-0.112692
Chr09	10697344	10824876	-0.281172	-1.549358	-0.131109	-0.141267
Chr09	10773723	10918908	-0.025497	-0.043159	-0.012545	-0.010612
Chr09	10825519	11005684	0.023320	0.030606	0.012428	0.011642
Chr09	10918953	11084307	-0.219534	-0.433076	-0.143431	-0.108122
Chr09	11005694	11240244	-0.028299	-0.031153	-0.015551	-0.017410
Chr09	11084405	11363057	0.089921	0.053714	0.031377	0.041035
Chr09	11240295	11456953	0.026612	0.017567	0.009031	0.012212
Chr09	11363109	11724995	0.162099	0.123325	0.057507	0.088456
Chr09	11456964	12105893	0.057738	0.033368	0.017693	0.040242
Chr09	11725011	12276516	-0.118008	-0.071283	-0.043210	-0.067024
Chr09	12106069	12318465	0.020666	0.018958	0.011141	0.016616
Chr09	12276593	12491044	0.135645	0.135387	0.061915	0.072663
Chr09	12318527	12642420	0.052231	0.034570	0.016367	0.027641
Chr09	12491502	12783887	0.169282	0.105514	0.054410	0.081145
Chr09	12642535	12860079	0.170991	0.135581	0.069716	0.081837
Chr09	12784272	13028659	0.111505	0.093212	0.045207	0.064363
Chr09	12861350	13102057	-0.159400	-0.146413	-0.056007	-0.098763
Chr09	13028829	13269113	-0.270727	-0.186989	-0.084174	-0.118890
Chr09	13102081	13453929	-0.026423	-0.009333	-0.005285	-0.008442
Chr09	13269207	13617034	-0.070406	-0.030956	-0.017372	-0.043137
Chr09	13454334	13732669	-0.021925	-0.013485	-0.007795	-0.019789
Chr09	13617055	13899350	-0.035550	-0.025549	-0.010803	-0.015078
Chr09	13732677	14012654	-0.068682	-0.046707	-0.020357	-0.028515
Chr09	13899381	14149945	0.060293	0.029684	0.018313	0.024139
Chr09	14012924	14218342	0.220967	0.131821	0.090525	0.102369
Chr09	14149990	14401000	0.164243	0.090127	0.061405	0.090946
Chr09	14218370	14505922	-0.083466	-0.043641	-0.024889	-0.038330
Chr09	14401040	14677398	-0.150761	-0.135872	-0.060900	-0.059419
Chr09	14505966	14784407	-0.039157	-0.015556	-0.010698	-0.021732
Chr09	14678210	15002282	0.363533	0.108044	0.060847	0.246601
Chr09	14784506	15309247	0.217836	0.060629	0.032790	0.130324
Chr09	15002427	15590084	-0.093360	-0.025270	-0.015441	-0.054346
Chr09	15309260	15841686	-0.030102	-0.007782	-0.004942	-0.017225
Chr09	15590093	16010920	-0.043748	-0.009579	-0.005937	-0.015336
Chr09	15841789	16169369	-0.081569	-0.023907	-0.012214	-0.019044
Chr09	16010941	16298116	-0.202159	-0.079715	-0.038135	-0.047668
Chr09	16169455	16440163	-0.570797	-0.477327	-0.176879	-0.292346
Chr09	16298193	16524362	-0.750051	-2.071759	-0.374546	-0.556072
Chr09	16440167	16581752	-0.744406	-5.140495	-0.425344	-0.540077
Chr09	16524395	17581617	-0.484395	-1.506952	-0.239919	-0.313063
Chr09	16581753	17616156	-0.506833	-2.063713	-0.242048	-0.323307
Chr09	17581811	17656216	-0.631596	211.069882	-0.312886	-0.410736
Chr09	17616176	17751772	-0.340820	-0.853855	-0.162682	-0.218248
Chr09	17656522	17825883	-0.539745	-1.720023	-0.249947	-0.367538
Chr09	17751779	17976180	-0.685843	-3.387653	-0.321790	-0.469318
Chr09	17825917	18764607	-0.267091	-0.441899	-0.118819	-0.172912
Chr09	17976354	18847895	-0.368792	-0.648865	-0.146177	-0.237403
Chr09	18764680	19011622	-0.527490	-0.642977	-0.155064	-0.325121
Chr09	18847919	19138544	-0.400912	-0.316196	-0.097102	-0.263294
Chr09	19011897	19276206	-0.344507	-0.179596	-0.078081	-0.214535
Chr09	19138628	19490860	-0.128587	-0.044547	-0.025203	-0.067115
Chr09	19276740	19600110	-0.154526	-0.066952	-0.036905	-0.070874
Chr09	19491812	19677815	-0.235157	-0.109363	-0.065693	-0.105386
Chr09	19600126	19790158	-0.269867	-0.159371	-0.080289	-0.132330
Chr09	19677891	19892735	-0.006152	-0.005379	-0.001972	-0.000597
Chr09	19790171	19987705	0.168334	0.146139	0.055727	0.080687
Chr09	19892899	20105360	0.198240	0.134442	0.069732	0.084387
Chr09	19987708	20186841	0.183701	0.137196	0.062527	0.070383
Chr09	20105369	20327543	-0.057396	-0.059397	-0.020593	-0.021006
Chr09	20186950	20397952	0.023026	0.027067	0.009809	0.011980
Chr09	20327571	20515598	0.172568	0.132705	0.066726	0.099425
Chr09	20398010	20608028	0.138884	0.081602	0.047672	0.066693
Chr09	20515659	20859363	0.076539	0.026312	0.017741	0.026130
Chr09	20608524	21002369	-0.263415	-0.087290	-0.054342	-0.131497
Chr09	20859819	21167386	-0.299810	-0.156026	-0.076940	-0.146719
Chr09	21002400	21296808	-0.026223	-0.015770	-0.006548	-0.010045
Chr09	21167411	21445467	-0.000118	-0.000045	-0.000022	-0.002026
Chr09	21298777	21559303	0.119230	0.037063	0.023070	0.028351
Chr09	21445502	21664883	0.146720	0.067486	0.044627	0.057803
Chr09	21559801	21780458	0.120291	0.051660	0.031846	0.047956
Chr09	21664917	22080026	0.100985	0.031365	0.018807	0.036770
Chr09	21780488	22206838	-0.056039	-0.021589	-0.013386	-0.021139
Chr09	22080089	22325130	-0.045865	-0.032968	-0.019994	-0.022339
Chr09	22206840	22637289	0.068622	0.034312	0.022338	0.041042
Chr09	22325136	22805935	-0.002942	-0.001683	-0.001027	0.003568
Chr09	22637331	22873708	-0.112804	-0.115469	-0.058845	-0.059885
Chr09	22805964	22926238	-0.137113	-0.134116	-0.068837	-0.069406
Chr09	22873720	23080018	-0.065941	-0.059665	-0.027228	-0.029117
Chr09	22926479	23161098	0.232497	0.136468	0.077122	0.097957
Chr09	23080116	23233044	0.322332	0.145736	0.100134	0.114932
Chr09	23161134	23359001	0.084732	0.047206	0.027770	0.026067
Chr09	23233058	23571495	0.013005	0.006555	0.003985	0.004710
Chr09	23359386	23672530	0.084327	0.035476	0.024105	0.036172
Chr09	23571517	23817921	0.188324	0.106063	0.068155	0.089158
Chr09	23672626	24027734	0.114601	0.057040	0.034739	0.047171
Chr09	23817960	24171657	0.193675	0.061086	0.037973	0.066204
Chr09	24027885	24286630	0.168122	0.063531	0.038245	0.079632
Chr09	24171668	24412342	0.045818	0.029249	0.016195	0.027332
Chr09	24286661	24467695	0.087929	0.083847	0.046001	0.044260
Chr09	24412429	24609227	0.118115	0.109367	0.065249	0.051063
Chr09	24467698	24692396	0.202284	0.165654	0.091628	0.077352
Chr09	24609256	24801016	0.255173	0.187992	0.107963	0.100665
Chr09	24693179	24988554	0.113849	0.059603	0.039586	0.045137
Chr09	24801112	25175267	0.009483	0.003701	0.002187	0.001548
Chr09	24988626	25421235	-0.113618	-0.036138	-0.020083	-0.029637
Chr09	25175270	25544697	-0.190657	-0.071694	-0.038731	-0.081988
Chr09	25421240	25658605	-0.078082	-0.048275	-0.023243	-0.039736
Chr09	25544965	25795763	0.106300	0.084325	0.039725	0.042763
Chr09	25658619	25929146	0.238382	0.161321	0.083634	0.107119
Chr09	25796462	26021098	0.220193	0.148122	0.086254	0.110704
Chr09	25929287	26190108	0.210923	0.104925	0.059811	0.105058
Chr09	26021117	26349507	0.252191	0.113653	0.062453	0.102874
Chr09	26190268	26459294	0.237591	0.141611	0.077459	0.102447
Chr09	26349556	26556764	0.391140	0.255754	0.163629	0.225821
Chr09	26459388	26658666	0.311343	0.216540	0.143104	0.166434
Chr09	26556785	26746151	0.044093	0.029228	0.018672	0.021008
Chr09	26658674	26852107	0.227483	0.092366	0.073862	0.112172
Chr09	26746253	26929250	0.091003	0.047815	0.027265	0.021481
Chr09	26852126	27035504	-0.063063	-0.071044	-0.024659	-0.014148
Chr09	26929263	27159247	-0.024927	-0.021299	-0.011599	-0.010720
Chr09	27035577	27275935	-0.132359	-0.109631	-0.057940	-0.077059
Chr09	27159248	27550487	-0.224037	-0.147300	-0.076448	-0.121535
Chr09	27276278	27706094	0.004420	0.002248	0.001399	0.004288
Chr09	27550489	27910261	0.135549	0.067964	0.042766	0.062808
Chr09	27706121	28042970	-0.004738	-0.003284	-0.001595	0.002900
Chr09	27910281	28158302	-0.119081	-0.219330	-0.056329	-0.027315
Chr09	28042980	28344959	0.018845	0.025170	0.007853	0.009658
Chr09	28160306	28610558	0.297485	0.145121	0.067323	0.196015
Chr09	28344998	28882563	0.052644	0.024320	0.011712	0.033328
Chr09	28610660	28988537	-0.250691	-0.214770	-0.096796	-0.137047
Chr09	28882663	29040607	-0.087720	-0.084257	-0.038877	-0.054725
Chr09	28988568	29155863	-0.148731	-0.089536	-0.048671	-0.058438
Chr09	29040655	29400974	-0.044917	-0.013818	-0.008248	-0.010914
Chr09	29155906	29501383	-0.322245	-0.140226	-0.074574	-0.126112
Chr09	29400981	29623900	-0.466372	-0.270962	-0.159906	-0.328108
Chr09	29501495	29695041	-0.278904	-0.157609	-0.098472	-0.184406
Chr09	29623982	29891288	0.249560	0.112340	0.079538	0.156084
Chr09	29695063	29981862	0.060436	0.028217	0.018057	0.037216
Chr09	29891321	30141946	-0.182038	-0.151908	-0.066606	-0.100325
Chr09	29981903	30376758	0.111986	0.094957	0.041301	0.049731
Chr09	30142276	30474636	-0.000803	-0.000696	-0.000308	0.001145
Chr09	30376795	30543809	-0.112474	-0.066427	-0.041964	-0.053771
Chr09	30474820	30773778	-0.088855	-0.056056	-0.031581	-0.037630
Chr09	30543955	30852551	-0.071328	-0.055717	-0.027845	-0.029654
Chr09	30773812	30884293	-0.116398	-0.094394	-0.048072	-0.061846
Chr09	30852589	30994954	-0.159291	-0.152083	-0.068971	-0.092501
Chr09	30884317	31881906	-0.074446	-0.023776	-0.015782	-0.038339
Chr09	30994973	32106921	0.140026	0.033904	0.024993	0.088470
Chr09	31884539	32191705	0.039861	0.016276	0.011324	0.027135
Chr09	32107009	32260157	-0.054255	-0.032421	-0.021568	-0.031673
Chr09	32191767	32338835	0.078373	0.041851	0.029185	0.043225
Chr09	32260171	32563404	-0.027762	-0.013479	-0.008154	-0.006186
Chr09	32338960	32827565	-0.066183	-0.026338	-0.015865	-0.018562
Chr09	32563889	32934993	-0.131674	-0.060770	-0.032645	-0.043686
Chr09	32827767	33107585	-0.406031	-0.237199	-0.111622	-0.181818
Chr09	32935052	33275229	-0.371820	-0.199065	-0.104029	-0.223270
Chr09	33107614	33506854	-0.158829	-0.086956	-0.048002	-0.084416
Chr09	33275249	33633970	-0.130698	-0.076234	-0.044198	-0.069856
Chr09	33506866	33740902	-0.311679	-0.234563	-0.115749	-0.182211
Chr09	33633987	33856322	-0.412786	-0.229206	-0.113014	-0.172059
Chr09	33741005	33948577	-0.380043	-0.221601	-0.111226	-0.170198
Chr09	33856353	34035775	-0.137116	-0.127440	-0.057899	-0.077356
Chr09	33948594	34154040	0.113039	0.082273	0.041523	0.050823
Chr09	34035948	34230550	-0.060068	-0.047736	-0.021071	-0.028194
Chr09	34154055	34350848	-0.137344	-0.141921	-0.052684	-0.073326
Chr09	34230582	34420486	-0.145717	-0.168140	-0.060058	-0.079187
Chr09	34351185	34523792	-0.157884	-0.130666	-0.063787	-0.097674
Chr09	34420507	34598034	0.078689	0.053368	0.028030	0.055067
Chr09	34523815	34753115	0.223783	0.138172	0.069185	0.121472
Chr09	34598162	34835860	-0.007397	-0.004390	-0.002305	-0.003910
Chr09	34753164	34957527	-0.220920	-0.151801	-0.072051	-0.129969
Chr09	34835882	35037958	-0.226151	-0.164354	-0.079354	-0.117021
Chr09	34957683	35135339	0.046384	0.028975	0.017420	0.020686
Chr09	35038242	35253484	-0.041763	-0.029589	-0.015210	-0.020019
Chr09	35135752	35368282	-0.046952	-0.040037	-0.018746	-0.017927
Chr09	35253513	35476926	-0.003279	-0.001630	-0.001039	0.000862
Chr09	35368285	35568118	-0.027354	-0.015575	-0.008331	-0.010356
Chr09	35477053	35678439	0.075207	0.072185	0.033466	0.032827
Chr09	35568224	35820459	0.129308	0.082568	0.055787	0.059658
Chr09	35678488	36014379	0.282842	0.168986	0.103141	0.131762
Chr09	35820462	36129605	0.228850	0.137099	0.069637	0.120812
Chr09	36014426	36278731	0.114180	0.047642	0.025736	0.050021
Chr09	36130078	36465346	0.266470	0.083542	0.050190	0.114389
Chr09	36278748	36605098	0.290990	0.099414	0.057716	0.152096
Chr09	36466565	36707818	0.090111	0.042751	0.023679	0.046327
Chr09	36605099	36815082	-0.046744	-0.025666	-0.015049	-0.017939
Chr09	36707902	36934916	0.151620	0.049260	0.035038	0.079202
Chr09	36815134	37044717	0.296119	0.102269	0.073336	0.186630
Chr09	36934929	37184756	0.150845	0.069785	0.051693	0.095296
Chr09	37044772	37341466	0.117647	0.058913	0.045792	0.077108
Chr09	37184798	37482915	0.223270	0.069768	0.059494	0.151118
Chr09	37341479	37622205	0.122840	0.031378	0.025743	0.080389
Chr09	37482942	37811410	0.061385	0.018165	0.012525	0.035320
Chr09	37622569	37978723	-0.070814	-0.022788	-0.013599	-0.052631
Chr09	37811455	38120589	-0.230958	-0.097943	-0.053106	-0.174365
Chr09	37978809	38252227	-0.029571	-0.015040	-0.008756	-0.016336
Chr09	38120641	38366111	-0.261418	-0.141549	-0.085807	-0.190008
Chr09	38252283	38655514	-0.599635	-0.212135	-0.124902	-0.516731
Chr09	38366157	38896406	-0.535886	-0.153815	-0.085230	-0.400598
Chr09	38655599	39121580	-0.163652	-0.052643	-0.027791	-0.090224
Chr09	38896407	39244798	0.061439	0.027303	0.014440	0.034162
Chr09	39122688	39390232	-0.042749	-0.020102	-0.010270	-0.014501
Chr09	39244831	39530118	0.058613	0.027423	0.012572	0.025216
Chr09	39390815	39604074	0.080958	0.054050	0.025109	0.045082
Chr09	39530166	39687309	-0.128711	-0.131692	-0.069769	-0.064505
Chr09	39604274	39868428	-0.095321	-0.070568	-0.030793	-0.036765
Chr09	39687455	40134214	0.020795	0.012217	0.003544	0.005804
Chr09	39868620	40234713	-0.078263	-0.062308	-0.017366	-0.019085
Chr09	40134229	40346999	-0.019053	-0.014718	-0.007883	-0.010992
Chr09	40234831	40473973	0.076099	0.057987	0.037173	0.034606
Chr09	40347051	40580093	0.244139	0.187165	0.146226	0.128779
Chr09	40474014	40935123	0.262426	0.090474	0.077996	0.143092
Chr09	40580241	41104970	0.037191	0.011744	0.008669	0.024146
Chr09	40935214	41296579	-0.011787	-0.004726	-0.002720	-0.003385
Chr09	41104979	41469813	-0.054951	-0.020470	-0.011933	-0.027799
Chr09	41296691	41819313	0.039553	0.012815	0.008106	0.023499
Chr09	41469967	41906262	0.159159	0.056172	0.034776	0.097264
Chr09	41819332	42032923	0.120697	0.062217	0.036438	0.062566
Chr09	41906278	42178052	0.191961	0.101352	0.055835	0.083261
Chr09	42032998	42279424	0.231166	0.157446	0.080713	0.117121
Chr09	42178270	42403680	0.175238	0.114505	0.069354	0.104794
Chr09	42279494	42467181	0.064271	0.047853	0.028532	0.033705
Chr09	42403695	42554556	0.065825	0.053275	0.031026	0.028427
Chr09	42467237	42610297	0.051899	0.045974	0.026178	0.024573
Chr09	42554557	42777398	0.042767	0.029224	0.017312	0.021653
Chr09	42610329	42909566	0.084258	0.044845	0.027130	0.037433
Chr09	42777524	43040702	0.106626	0.056899	0.032283	0.047528
Chr09	42909594	43101628	0.082141	0.054579	0.028556	0.039576
Chr09	43040742	43221831	0.058027	0.046922	0.023032	0.025343
Chr09	43101669	43369057	-0.046359	-0.028310	-0.014527	-0.015075
Chr09	43223260	43490834	0.248932	0.169554	0.086620	0.123500
Chr09	43369098	43704714	0.442425	0.273081	0.142657	0.240707
Chr09	43490863	43764815	0.216879	0.145048	0.077449	0.112909
Chr09	43704738	43832258	0.000719	0.001049	0.000542	0.002944
Chr09	43764926	43996995	0.001932	0.002192	0.001192	0.005001
Chr09	43832262	44038475	0.013607	0.014342	0.007626	0.010240
Chr09	43997001	44103118	-0.033551	-0.046518	-0.021931	-0.015959
Chr09	44038477	44180984	-0.016595	-0.020902	-0.009418	-0.007171
Chr09	44103140	44282373	0.076436	0.080096	0.035309	0.037198
Chr09	44181006	44338574	0.098496	0.085634	0.038771	0.037524
Chr09	44282390	44476008	0.049276	0.031584	0.015133	0.018432
Chr09	44338612	44620335	0.090513	0.058442	0.028999	0.037576
Chr09	44476343	44799663	0.038078	0.021083	0.010928	0.021626
Chr09	44620337	44922864	0.033735	0.019186	0.009103	0.023368
Chr09	44799699	45120084	0.275233	0.142981	0.068252	0.151757
Chr09	44922875	45310261	0.170255	0.079030	0.040175	0.093734
Chr09	45120238	45417181	0.025122	0.015881	0.007479	0.010623
Chr09	45310381	45565465	0.090447	0.057712	0.026951	0.043886
Chr09	45417196	45692839	0.086300	0.048892	0.024121	0.046546
Chr09	45565481	45824402	0.227549	0.159224	0.074655	0.133997
Chr09	45692935	45926836	0.270997	0.252054	0.093366	0.170307
Chr09	45824416	46029203	0.186006	0.184842	0.060295	0.102031
Chr09	45926844	46158806	0.006160	0.007768	0.002289	0.004200
Chr09	46029487	46235288	-0.084497	-0.151260	-0.041706	-0.037480
Chr09	46158839	46298833	0.038380	0.053651	0.024668	0.022328
Chr09	46235298	46430191	0.029672	0.024867	0.015358	0.011164
Chr09	46298842	46579263	-0.044151	-0.036138	-0.015396	-0.016874
Chr09	46430195	46643466	0.046210	0.048976	0.017877	0.022393
Chr09	46579315	46718773	0.085056	0.107217	0.051022	0.031274
Chr09	46643950	46799069	0.115353	0.133780	0.066956	0.048967
Chr09	46718787	46987042	0.122460	0.103777	0.059249	0.067616
Chr09	46799115	47056952	0.117237	0.094401	0.056164	0.068047
Chr09	46987078	47151718	0.169918	0.138799	0.085918	0.083567
Chr09	47057008	47223883	0.023759	0.022672	0.011992	0.002434
Chr09	47151723	47289108	-0.111266	-0.148702	-0.062521	-0.057018
Chr09	47223938	47366368	0.058791	0.076199	0.036994	0.032536
Chr09	47289132	47428101	0.032034	0.032879	0.019209	0.018945
Chr09	47366383	47494572	-0.039783	-0.039423	-0.023544	-0.013994
Chr09	47428167	47545281	-0.076455	-0.155777	-0.058203	-0.026161
Chr09	47494627	47628428	-0.096066	-0.155942	-0.068420	-0.038448
Chr09	47545296	47698293	-0.094821	-0.115294	-0.059148	-0.043722
Chr09	47628804	47754835	-0.080171	-0.095085	-0.041995	-0.038865
Chr09	47698307	47843665	0.057784	0.066974	0.033014	0.030742
Chr09	47754881	47914985	0.113273	0.141640	0.085348	0.063893
Chr09	47843667	47979448	-0.029466	-0.045490	-0.023567	-0.017476
Chr09	47915056	48044330	-0.088741	-0.134980	-0.065591	-0.041753
Chr09	47979449	48125286	-0.029511	-0.024345	-0.015014	-0.014710
Chr09	48044335	48373369	-0.011493	-0.008854	-0.005171	-0.008403
Chr09	48125314	48519974	0.023507	0.020728	0.011264	0.007646
Chr09	48373383	48647775	0.051703	0.045222	0.025480	0.018875
Chr09	48520012	48730933	-0.057258	-0.068124	-0.030472	-0.026640
Chr09	48648184	48911162	-0.013031	-0.018047	-0.006973	-0.005230
Chr09	48730960	49004295	0.086273	0.101004	0.046403	0.035868
Chr09	48911222	49060491	0.051310	0.069351	0.034878	0.030161
Chr09	49004298	49149935	-0.030796	-0.051069	-0.024274	-0.014580
Chr09	49060522	49196020	-0.082651	-0.134431	-0.063380	-0.047737
Chr09	49149983	49258278	-0.153557	-0.218094	-0.108540	-0.095718
Chr09	49196338	49599104	-0.150512	-0.132243	-0.075806	-0.090792
Chr09	49258286	49728044	-0.039786	-0.031316	-0.018928	-0.020659
Chr09	49599120	49788889	0.044841	0.058299	0.031958	0.028162
Chr09	49728178	49833894	0.031159	0.055218	0.027727	0.018351
Chr09	49788912	49889838	-0.026311	-0.039662	-0.020428	-0.009034
Chr09	49833905	49941936	-0.032602	-0.039498	-0.022787	-0.014697
Chr09	49889872	50013356	-0.010043	-0.013760	-0.007838	-0.005437
Chr09	49941948	50072786	0.049057	0.064934	0.035205	0.027697
Chr09	50013414	50256843	0.164597	0.140838	0.063774	0.101612
Chr09	50072821	50440736	0.097581	0.062276	0.031383	0.067867
Chr09	50258057	50568903	0.035472	0.024679	0.013811	0.019296
Chr09	50440758	50714085	0.050809	0.050981	0.026008	0.022701
Chr09	50568907	50796838	-0.017370	-0.021219	-0.011242	-0.010048
Chr09	50714419	50867916	-0.039917	-0.052854	-0.028324	-0.024459
Chr09	50796844	50962023	-0.008541	-0.011343	-0.005757	-0.007548
Chr09	50867932	51121260	0.054012	0.075780	0.038218	0.024154
Chr10	100832	421181	-0.149491	-0.077292	-0.036126	-0.076674
Chr10	304614	589329	-0.093568	-0.076441	-0.026385	-0.045656
Chr10	421315	753296	0.055424	0.045242	0.020444	0.034318
Chr10	589381	942216	-0.066245	-0.050936	-0.024469	-0.032915
Chr10	753530	1056117	-0.075216	-0.053849	-0.023375	-0.036905
Chr10	942324	1197633	0.117516	0.077807	0.033362	0.071735
Chr10	1056129	1298953	0.178110	0.145982	0.046431	0.092650
Chr10	1197683	1427183	-0.016323	-0.017460	-0.005204	0.001422
Chr10	1299023	1490308	-0.266844	-0.209530	-0.105954	-0.124142
Chr10	1427262	1604286	-0.138269	-0.134187	-0.064664	-0.062049
Chr10	1490310	1709611	0.279799	0.309003	0.113875	0.143858
Chr10	1604331	1841139	0.235550	0.163416	0.058340	0.122620
Chr10	1709615	2138054	0.098075	0.041724	0.017149	0.046639
Chr10	1841148	2251561	0.057742	0.026635	0.010993	0.022090
Chr10	2138086	2369412	0.034049	0.018642	0.008950	0.010868
Chr10	2251578	2500818	-0.158371	-0.072236	-0.041245	-0.076328
Chr10	2369431	2595421	-0.202461	-0.110008	-0.056745	-0.113358
Chr10	2500832	2760014	0.077048	0.054292	0.026220	0.038449
Chr10	2595597	2904429	0.061648	0.032946	0.019244	0.031075
Chr10	2761345	3092643	-0.001860	-0.001079	-0.000662	-0.001576
Chr10	2904512	3154530	-0.011968	-0.011376	-0.005994	-0.005623
Chr10	3092674	3269826	-0.022240	-0.019435	-0.011178	-0.006689
Chr10	3154568	3433443	-0.001253	-0.000689	-0.000462	0.003795
Chr10	3269845	3784514	0.044979	0.015136	0.010156	0.015141
Chr10	3433447	3902151	0.045326	0.017442	0.010854	0.013790
Chr10	3784517	3993904	-0.096736	-0.062461	-0.037762	-0.049417
Chr10	3902164	4151687	-0.097539	-0.069014	-0.042332	-0.046088
Chr10	3994396	4493473	-0.071081	-0.046388	-0.028966	-0.034565
Chr10	4151836	4679345	-0.114251	-0.062326	-0.039686	-0.058979
Chr10	4493497	4940444	-0.040622	-0.014869	-0.010154	-0.021449
Chr10	4679347	5031340	-0.036225	-0.015713	-0.010699	-0.014846
Chr10	4940490	5152483	-0.138111	-0.075784	-0.051215	-0.059654
Chr10	5031349	5315257	-0.182166	-0.086789	-0.062044	-0.080649
Chr10	5152503	5532217	-0.229514	-0.105673	-0.072532	-0.107964
Chr10	5315411	5676114	-0.221905	-0.100482	-0.064802	-0.111462
Chr10	5532436	5827824	-0.066410	-0.045032	-0.022133	-0.030023
Chr10	5676156	5953319	0.007549	0.006841	0.002777	0.006324
Chr10	5827837	6145953	0.237235	0.142124	0.071774	0.103323
Chr10	5954380	6271186	0.211010	0.148069	0.075555	0.100992
Chr10	6145954	6449403	-0.113642	-0.188509	-0.078245	-0.050409
Chr10	6271189	6599469	-0.144014	-0.119924	-0.064970	-0.061554
Chr10	6449404	6712256	0.038853	0.020791	0.012138	0.017682
Chr10	6599513	6809157	0.149764	0.093127	0.049714	0.066444
Chr10	6712269	7000699	0.107730	0.068452	0.031879	0.051763
Chr10	6809191	7347137	0.158537	0.055306	0.030083	0.079657
Chr10	7000701	7547936	0.188127	0.067631	0.039140	0.094670
Chr10	7347192	7653928	0.228031	0.131887	0.082146	0.113486
Chr10	7547980	7851725	0.195554	0.098859	0.061777	0.099698
Chr10	7653973	8008877	0.107248	0.051337	0.028878	0.050956
Chr10	7851770	8350053	0.157552	0.075356	0.035813	0.057061
Chr10	8008898	8483268	0.039770	0.019640	0.009318	0.014062
Chr10	8350114	8615847	-0.121146	-0.068997	-0.039940	-0.049018
Chr10	8483285	8671620	-0.117134	-0.069910	-0.043934	-0.037699
Chr10	8615874	8774810	-0.113113	-0.062810	-0.039566	-0.034166
Chr10	8671665	9035381	-0.167345	-0.085677	-0.048889	-0.076898
Chr10	8774813	9152201	-0.058681	-0.034596	-0.016740	-0.022795
Chr10	9035969	9234327	0.114941	0.087905	0.038556	0.063462
Chr10	9152210	9345332	0.105455	0.064434	0.031468	0.044402
Chr10	9234331	9488686	0.190414	0.102213	0.051527	0.094126
Chr10	9345361	9666731	0.154224	0.072213	0.035548	0.100951
Chr10	9488848	9829886	0.030381	0.012548	0.006033	0.017610
Chr10	9666905	10044590	-0.019193	-0.007533	-0.003937	-0.007775
Chr10	9830652	10234374	0.038107	0.014866	0.008542	0.021775
Chr10	10044592	10364915	0.031428	0.014959	0.008376	0.016633
Chr10	10234398	10456525	0.055119	0.037597	0.020067	0.027490
Chr10	10364944	10537562	-0.141677	-0.109020	-0.064905	-0.086664
Chr10	10456532	10604846	-0.147031	-0.126140	-0.075684	-0.088719
Chr10	10537618	10697398	0.000987	0.001076	0.000613	0.009069
Chr10	10604892	10776774	-0.045682	-0.073306	-0.031062	-0.021502
Chr10	10697428	10894018	-0.025096	-0.036113	-0.014807	-0.008300
Chr10	10776777	10967152	-0.028274	-0.025378	-0.014313	-0.009826
Chr10	10894128	11137360	0.064127	0.034036	0.020546	0.029161
Chr10	10967344	11275931	-0.067795	-0.030494	-0.017789	-0.031975
Chr10	11137367	11440555	-0.299273	-0.134597	-0.073352	-0.159923
Chr10	11275941	11634575	-0.245361	-0.111453	-0.060683	-0.132319
Chr10	11440675	11847576	-0.015516	-0.007169	-0.004299	-0.002064
Chr10	11634909	11997662	0.020552	0.010415	0.006010	0.008758
Chr10	11847635	12130589	-0.006030	-0.003005	-0.001645	-0.004693
Chr10	11997721	12350135	0.255024	0.090796	0.053444	0.135552
Chr10	12130680	12542431	0.131126	0.041381	0.024165	0.074129
Chr10	12351287	12748395	-0.285842	-0.137149	-0.063276	-0.150569
Chr10	12542625	12837892	-0.284251	-0.298658	-0.093795	-0.133470
Chr10	12749267	13027834	0.040953	0.020706	0.009800	0.016646
Chr10	12837961	13173301	0.089399	0.039085	0.020871	0.037111
Chr10	13028873	13392712	0.331411	0.216445	0.101599	0.204199
Chr10	13173359	13512127	0.316387	0.242134	0.099254	0.154896
Chr10	13392762	13708664	-0.168364	-0.104321	-0.049781	-0.068619
Chr10	13512141	13840173	-0.114833	-0.068113	-0.032574	-0.060520
Chr10	13709468	14061317	0.030339	0.012682	0.006745	0.014458
Chr10	13840184	14348704	0.137314	0.035588	0.019933	0.069235
Chr10	14061418	14590796	0.160184	0.040878	0.023522	0.077727
Chr10	14349107	15047909	0.025212	0.006522	0.003986	0.012462
Chr10	14590930	15318408	0.046089	0.013313	0.007998	0.025590
Chr10	15047938	15461404	0.155363	0.062077	0.035636	0.082271
Chr10	15318464	15643751	-0.015542	-0.007025	-0.003778	-0.005455
Chr10	15463648	15772953	0.028862	0.018353	0.009329	0.008507
Chr10	15643788	16517461	0.224929	0.161492	0.072671	0.113601
Chr10	15772985	16655818	0.188386	0.100797	0.048595	0.107140
Chr10	16517648	16759037	0.155982	0.086640	0.043874	0.085787
Chr10	16655853	16897806	0.184593	0.108574	0.052027	0.100811
Chr10	16759050	17024600	0.132523	0.084306	0.041878	0.072903
Chr10	16897863	17099136	0.096590	0.067751	0.041171	0.045689
Chr10	17024662	17223035	-0.039717	-0.036062	-0.017051	-0.009860
Chr10	17099185	17309643	-0.062965	-0.076311	-0.031278	-0.024190
Chr10	17223037	17400523	0.062952	0.066090	0.037324	0.031560
Chr10	17309667	17524723	0.094567	0.076340	0.039547	0.039977
Chr10	17400577	17701798	0.039860	0.024030	0.011455	0.017362
Chr10	17524801	17797651	0.062187	0.035924	0.016466	0.024305
Chr10	17701806	17931947	0.126299	0.075793	0.033762	0.041893
Chr10	17797657	18170926	0.094160	0.037848	0.019662	0.044385
Chr10	17932160	18303600	-0.166750	-0.079582	-0.040109	-0.093254
Chr10	18171019	18506827	-0.148561	-0.090212	-0.032974	-0.078776
Chr10	18303669	18756265	0.062029	0.027599	0.009626	0.033145
Chr10	18506998	18923566	0.119103	0.052753	0.022929	0.056220
Chr10	18756365	19079909	0.004101	0.001972	0.001026	0.005631
Chr10	18923576	19183611	-0.092188	-0.053576	-0.030838	-0.043860
Chr10	19079913	19285111	0.101898	0.067365	0.043269	0.052012
Chr10	19183667	19439212	-0.050890	-0.035268	-0.017860	-0.023093
Chr10	19285117	19585934	-0.008373	-0.004720	-0.002126	-0.001599
Chr10	19439288	19812480	-0.062605	-0.022594	-0.010863	-0.035671
Chr10	19586356	19966640	-0.186814	-0.056298	-0.032124	-0.114254
Chr10	19812504	20061288	0.081849	0.031464	0.023127	0.042140
Chr10	19966654	20153966	0.037415	0.019761	0.012825	0.019578
Chr10	20061289	20262076	-0.070045	-0.040247	-0.026963	-0.029576
Chr10	20154017	20449242	-0.063575	-0.032085	-0.023962	-0.021200
Chr10	20262128	20571827	0.105473	0.057816	0.033202	0.046603
Chr10	20449353	20633086	0.174425	0.113197	0.053028	0.080179
Chr10	20571848	20716682	-0.052414	-0.040660	-0.019232	-0.029153
Chr10	20633107	20785571	-0.087239	-0.083996	-0.039922	-0.047094
Chr10	20716701	20943794	0.000299	0.000150	0.000085	0.000227
Chr10	20785582	21069243	0.014808	0.006995	0.003893	0.009931
Chr10	20943921	21173387	0.009205	0.006055	0.002960	0.011074
Chr10	21069333	21282717	-0.088351	-0.059589	-0.027324	-0.033629
Chr10	21173411	21373941	-0.059606	-0.044274	-0.020101	-0.025776
Chr10	21282736	21439066	0.031694	0.026367	0.013407	0.016202
Chr10	21373970	21530859	-0.026437	-0.020905	-0.012038	-0.012102
Chr10	21439210	21691448	-0.069462	-0.034416	-0.021280	-0.039237
Chr10	21530866	21774264	-0.182985	-0.103972	-0.055231	-0.106384
Chr10	21691521	21900324	-0.183123	-0.138876	-0.061586	-0.090549
Chr10	21774282	22077337	-0.068366	-0.032224	-0.019441	-0.034354
Chr10	21900355	22254621	0.111486	0.043970	0.027450	0.066818
Chr10	22079064	22436555	0.172999	0.059727	0.034074	0.100196
Chr10	22254742	22579137	0.057586	0.021695	0.012416	0.029825
Chr10	22436574	22998854	0.101142	0.042508	0.022664	0.054912
Chr10	22579141	23123543	0.055416	0.020581	0.011857	0.023217
Chr10	22999846	23269234	0.074240	0.031716	0.020700	0.027461
Chr10	23123550	23449495	-0.009376	-0.004578	-0.002576	-0.002138
Chr10	23269325	23705127	-0.022830	-0.006981	-0.004404	-0.009719
Chr10	23449514	24102079	0.077641	0.015222	0.011145	0.038171
Chr10	23705153	24244876	0.005714	0.001322	0.000873	0.004221
Chr10	24102298	24370852	-0.043678	-0.019698	-0.009591	-0.025284
Chr10	24244908	24510388	0.010237	0.005302	0.002644	0.000950
Chr10	24370932	24655142	0.004139	0.002138	0.001130	0.000954
Chr10	24510398	24763087	0.069209	0.042553	0.021469	0.040580
Chr10	24655180	24844173	0.195398	0.135099	0.073316	0.111768
Chr10	24763119	24949678	-0.075147	-0.084489	-0.039728	-0.039337
Chr10	24844250	25039770	-0.251581	-0.353547	-0.129727	-0.153967
Chr10	24949837	25215953	-0.090562	-0.066682	-0.032870	-0.041001
Chr10	25039843	25298345	0.161110	0.085436	0.054043	0.069907
Chr10	25217042	25464565	-0.069779	-0.037627	-0.023319	-0.038803
Chr10	25298357	25555105	-0.185605	-0.100990	-0.057217	-0.067487
Chr10	25464587	25642526	0.095168	0.051858	0.033778	0.029018
Chr10	25555138	26034458	0.235318	0.100240	0.055629	0.123355
Chr10	25642551	26175190	0.320049	0.132504	0.069525	0.193777
Chr10	26034606	26323056	0.340692	0.150843	0.091771	0.197517
Chr10	26175204	26400513	0.309411	0.195079	0.120782	0.179580
Chr10	26323070	26790666	0.059121	0.052244	0.020729	0.039932
Chr10	26400552	26935839	-0.144596	-0.091246	-0.039453	-0.069924
Chr10	26790684	27173171	-0.018231	-0.007074	-0.004414	-0.007259
Chr10	26935935	27312452	0.095338	0.032842	0.021512	0.037963
Chr10	27173173	27388648	-0.143175	-0.075666	-0.039411	-0.067275
Chr10	27312458	27486402	-0.356338	-0.345997	-0.123861	-0.177865
Chr10	27388661	27579785	-0.275793	-0.264344	-0.081317	-0.124753
Chr10	27486410	27723371	-0.089506	-0.052350	-0.021676	-0.039444
Chr10	27579818	27852188	-0.067902	-0.032583	-0.017723	-0.028065
Chr10	27723378	27999475	-0.037204	-0.022687	-0.013706	-0.012703
Chr10	27853296	28077492	0.106498	0.077900	0.045916	0.034011
Chr10	27999516	28253020	0.363203	0.162758	0.090115	0.170229
Chr10	28077496	28386071	0.396741	0.140936	0.080268	0.203441
Chr10	28253046	28553956	0.211546	0.082346	0.045360	0.098412
Chr10	28386094	28887525	0.366773	0.112034	0.069086	0.197350
Chr10	28554831	28954035	0.414338	0.151514	0.096450	0.226458
Chr10	28887538	29031918	0.198253	0.173856	0.084592	0.072700
Chr10	28954115	29221163	0.170539	0.101225	0.051522	0.062419
Chr10	29031939	29333206	0.411916	0.216874	0.095819	0.264186
Chr10	29221195	29551739	0.381188	0.157180	0.077074	0.229158
Chr10	29333331	29756015	0.022513	0.008687	0.004504	0.013136
Chr10	29551742	29892081	-0.379608	-0.257063	-0.098603	-0.169131
Chr10	29756191	29934372	-0.430460	-0.320378	-0.141458	-0.206067
Chr10	29892193	30001430	-0.111861	-0.076674	-0.043341	-0.054037
Chr10	29934391	30153732	0.263301	0.148494	0.071502	0.134885
Chr10	30001489	30264917	0.438132	0.194696	0.115923	0.254529
Chr10	30153736	30357314	0.373552	0.145363	0.111120	0.207759
Chr10	30264929	30550628	0.176995	0.055922	0.035547	0.088689
Chr10	30357464	30675776	0.011599	0.003929	0.002277	-0.001360
Chr10	30550680	30712283	-0.188314	-0.146582	-0.077287	-0.076176
Chr10	30675781	30760618	-0.303089	-1.436615	-0.180587	-0.114406
Chr10	30712291	30819541	-0.365647	-7.975437	-0.193981	-0.169912
Chr10	30760620	31005262	-0.022081	-0.026291	-0.008076	-0.008447
Chr10	30819668	31149230	0.337788	0.173002	0.097772	0.187989
Chr10	31005318	31336752	0.295212	0.177798	0.111278	0.173516
Chr10	31149307	31879038	0.426300	0.216004	0.090445	0.262883
Chr10	31336899	33473378	0.572358	0.217616	0.070301	0.220319
Chr10	31879103	33724946	0.638239	0.264189	0.077426	0.154332
Chr10	33473494	34858126	0.572017	0.206088	0.082356	0.184500
Chr10	33724968	35127916	0.174800	0.053282	0.030193	0.073063
Chr10	34858167	35349101	0.004383	0.001110	0.000760	0.000397
Chr10	35128244	35604508	0.350713	0.100908	0.065434	0.164405
Chr10	35349401	35811459	0.166755	0.048757	0.031056	0.065750
Chr10	35604540	36109044	-0.087737	-0.026916	-0.017835	-0.032103
Chr10	35811499	36245227	0.050218	0.020433	0.012398	0.021215
Chr10	36109252	36440392	0.039907	0.018844	0.010418	0.015773
Chr10	36245233	36687978	0.112719	0.043597	0.026810	0.050724
Chr10	36440421	36878128	0.088034	0.035053	0.022916	0.049070
Chr10	36688012	37085152	-0.007229	-0.003009	-0.001994	-0.002033
Chr10	36878225	37191570	-0.011515	-0.005399	-0.003471	-0.002262
Chr10	37085272	37307954	0.141129	0.095210	0.060550	0.060468
Chr10	37191725	37381761	0.350352	0.198596	0.123445	0.167081
Chr10	37307966	37494787	0.164172	0.085227	0.052029	0.066174
Chr10	37381779	37678539	-0.036236	-0.021187	-0.011093	-0.012470
Chr10	37494991	37752506	-0.016171	-0.012777	-0.006005	-0.007137
Chr10	37678544	37865237	-0.057319	-0.047867	-0.026148	-0.025356
Chr10	37752522	37942403	-0.102203	-0.092707	-0.046736	-0.048964
Chr10	37865256	37990208	-0.044494	-0.049482	-0.024154	-0.019602
Chr10	37942633	38080871	-0.001927	-0.002121	-0.001152	0.001367
Chr10	37990227	38167420	-0.025046	-0.030777	-0.015465	-0.013751
Chr10	38080872	38252278	0.022602	0.024367	0.013067	0.007879
Chr10	38167429	38319106	0.067613	0.061707	0.038544	0.025876
Chr10	38252390	38372951	0.029377	0.024882	0.015949	0.012215
Chr10	38319206	38457719	-0.116006	-0.099897	-0.057109	-0.037527
Chr10	38373035	38563839	-0.013298	-0.012796	-0.006559	-0.004765
Chr10	38457730	38652054	0.069647	0.065978	0.034463	0.030734
Chr10	38563863	38804249	0.010884	0.008245	0.004227	0.002256
Chr10	38652866	38896934	0.037537	0.034913	0.012881	0.010294
Chr10	38804447	38953130	-0.135655	-0.314768	-0.057715	-0.036523
Chr10	38896949	39016330	-0.223883	-0.372757	-0.108606	-0.085252
Chr10	38953152	39096688	-0.122494	-0.106179	-0.051495	-0.064659
Chr10	39016336	39218467	-0.028788	-0.022452	-0.009555	-0.011468
Chr10	39096915	39311801	0.089711	0.112980	0.032813	0.025504
Chr10	39218485	39430841	0.112127	0.096246	0.050622	0.043866
Chr10	39311894	39655480	0.081574	0.058673	0.032673	0.035371
Chr10	39430907	39999353	0.064375	0.036704	0.018784	0.034800
Chr10	39655488	40161708	0.138784	0.081427	0.042960	0.074722
Chr10	39999426	40315783	0.132402	0.082847	0.046295	0.057913
Chr10	40161953	40395814	0.008858	0.005924	0.003167	0.001985
Chr10	40315889	40465962	-0.017713	-0.017626	-0.008222	-0.003481
Chr10	40395838	40572534	0.011517	0.010156	0.005281	0.008650
Chr10	40466102	40746101	-0.040497	-0.033184	-0.017661	-0.015418
Chr10	40572765	40836542	-0.129146	-0.132467	-0.064220	-0.055456
Chr10	40746117	40939415	-0.121765	-0.093798	-0.054399	-0.056961
Chr10	40836627	41010731	0.011883	0.006052	0.003896	0.000832
Chr10	40939456	41114121	0.155445	0.070053	0.049548	0.044950
Chr10	41010772	41246023	0.165654	0.069859	0.051102	0.058019
Chr10	41114141	41370275	0.199009	0.095052	0.061913	0.071805
Chr10	41246097	41454997	0.108640	0.087985	0.042917	0.037702
Chr10	41370308	41524712	0.022976	0.028190	0.011632	0.010524
Chr10	41455036	41594036	0.092018	0.059400	0.035168	0.043775
Chr10	41524737	41669881	-0.163920	-0.098095	-0.054083	-0.078761
Chr10	41594286	41810039	-0.160840	-0.170560	-0.059436	-0.067954
Chr10	41669882	41929318	-0.018334	-0.009899	-0.004802	-0.004304
Chr10	41810073	42191577	0.051831	0.015974	0.008791	0.025329
Chr10	41929344	42329220	0.162901	0.057350	0.031726	0.053437
Chr10	42191580	42480410	-0.058758	-0.035270	-0.020964	-0.025241
Chr10	42329226	42606496	-0.136740	-0.089258	-0.052046	-0.059946
Chr10	42480522	42790529	-0.057561	-0.052209	-0.031279	-0.021362
Chr10	42608048	42983374	-0.022828	-0.019899	-0.010962	-0.008640
Chr10	42790644	43086603	-0.029283	-0.027698	-0.016464	-0.013963
Chr10	42983404	43166618	0.008728	0.010882	0.007767	0.002888
Chr10	43086729	43288145	0.027383	0.026257	0.016943	0.011984
Chr10	43166632	43379556	0.071193	0.048256	0.029748	0.033303
Chr10	43288153	43490323	0.226284	0.145578	0.085944	0.121329
Chr10	43379992	43571396	0.183382	0.130409	0.075363	0.102696
Chr10	43490325	43770438	0.134674	0.065555	0.037189	0.057193
Chr10	43571418	43871212	0.225318	0.107313	0.058146	0.094358
Chr10	43770446	43970639	0.288649	0.216975	0.111751	0.128127
Chr10	43871345	44115078	0.187855	0.132742	0.065221	0.074704
Chr10	43970666	44293324	0.004605	0.002891	0.001444	0.001702
Chr10	44115155	44411337	-0.018962	-0.011478	-0.005229	-0.003329
Chr10	44293340	44548287	-0.160336	-0.126231	-0.054619	-0.062529
Chr10	44411338	44651767	-0.040640	-0.036152	-0.015394	-0.014728
Chr10	44548306	44843015	0.068337	0.060004	0.024447	0.032355
Chr10	44652048	45003195	0.242555	0.298351	0.079299	0.129112
Chr10	44843984	45078136	0.412207	0.356469	0.116479	0.216329
Chr10	45003498	45171745	-0.140166	-0.070679	-0.041089	-0.057212
Chr10	45078209	45263007	-0.344829	-0.162426	-0.097993	-0.136300
Chr10	45171783	45348933	0.017260	0.012169	0.006746	0.004736
Chr10	45263065	45430387	-0.023575	-0.014334	-0.008555	-0.006336
Chr10	45348938	45543845	-0.049087	-0.026162	-0.017554	-0.020044
Chr10	45430452	45644189	0.173747	0.160605	0.104739	0.086897
Chr10	45543882	45840112	0.119149	0.109453	0.064595	0.054548
Chr10	45644195	46074685	0.020864	0.018673	0.010016	0.006368
Chr10	45840119	46320645	0.011642	0.010325	0.005661	0.007414
Chr10	46074689	46410444	-0.009232	-0.009037	-0.005012	-0.000639
Chr10	46320658	46473040	0.025415	0.039918	0.022518	0.012538
Chr10	46410458	46545516	-0.072269	-0.127416	-0.063489	-0.036010
Chr10	46473041	46597791	-0.089954	-0.145782	-0.070987	-0.044711
Chr10	46545519	46707838	-0.120149	-0.151175	-0.079696	-0.063111
Chr10	46598049	46785562	-0.031844	-0.024903	-0.016282	-0.022776
Chr10	46707881	46850545	0.133828	0.101469	0.074232	0.072128
Chr10	46785572	46911243	0.086640	0.104471	0.064774	0.042235
Chr10	46850556	47037066	-0.022140	-0.017754	-0.010815	-0.011320
Chr10	46911321	47119351	0.080207	0.061132	0.039022	0.035237
Chr10	47037298	47189879	0.100616	0.110338	0.059095	0.045764
Chr10	47119379	47323564	-0.041866	-0.036482	-0.019937	-0.022622
Chr10	47189991	47794767	0.028044	0.017956	0.009957	0.018798
Chr10	47323672	47951868	0.042191	0.030834	0.015704	0.023474
Chr10	47794955	48021177	-0.025765	-0.030514	-0.015960	-0.017836
Chr10	47952073	48068441	0.035410	0.047732	0.029277	0.017472
Chr10	48021305	48147617	0.004569	0.005540	0.003028	0.003575
Chr10	48068535	48463647	0.033125	0.031405	0.016926	0.018954
Chr10	48147782	48596345	0.025442	0.021385	0.011565	0.013540
Chr10	48463648	49000432	-0.084747	-0.051922	-0.030276	-0.056123
Chr10	48596350	49071727	-0.073326	-0.045799	-0.027155	-0.048927
Chr10	49000435	49159712	-0.015506	-0.018770	-0.009841	-0.008809
Chr10	49071753	49271995	0.162464	0.180244	0.114622	0.070872
Chr10	49159717	49379135	0.304398	0.276977	0.198744	0.116277
Chr10	49272050	49466401	0.212296	0.213977	0.146273	0.100810
Chr10	49379213	49514322	0.024831	0.024290	0.016137	0.015676
Chr10	49466412	49601138	-0.209239	-0.172606	-0.112328	-0.085179
Chr10	49514327	49729570	-0.119345	-0.053938	-0.040954	-0.063256
Chr10	49601176	49798418	0.008950	0.004164	0.003242	0.002668
Chr10	49729671	49859302	-0.151413	-0.215728	-0.110613	-0.068051
Chr10	49798455	49917127	-0.175505	-0.225468	-0.120151	-0.075585
Chr10	49859319	49979831	-0.021309	-0.025282	-0.015645	-0.007520
Chr10	49917221	50067695	0.045996	0.055123	0.032106	0.017980
Chr10	49979834	50220317	-0.155298	-0.102350	-0.061313	-0.076828
Chr10	50067769	50284724	-0.094230	-0.054918	-0.035040	-0.039373
Chr10	50221007	50348076	0.148357	0.107893	0.074806	0.066182
Chr10	50284726	50395978	-0.032619	-0.028260	-0.017619	-0.020558
Chr10	50348133	50489263	-0.092755	-0.090909	-0.053634	-0.053048
Chr10	50395984	50568491	-0.015563	-0.015089	-0.008955	-0.008015
Chr10	50489281	50674805	0.021977	0.023131	0.013031	0.014129
Chr10	50568506	50810227	-0.009818	-0.009026	-0.005309	-0.002600
Chr10	50687189	50871061	-0.030605	-0.032477	-0.019493	-0.014675
Chr10	50810391	50941132	-0.018425	-0.025918	-0.013683	-0.006925
Chr10	50871072	51004766	0.035114	0.045484	0.024302	0.017504
Chr10	50941237	51071211	-0.005059	-0.007447	-0.002675	0.001590
Chr10	51005018	51108597	-0.012278	-0.022551	-0.004884	0.000389
Chr10	51071240	51161053	0.051090	0.090540	0.021435	0.027957
Chr10	51108622	51249943	-0.139581	-0.189293	-0.057576	-0.057123
Chr10	51161068	51321030	-0.184882	-0.207323	-0.079907	-0.087163
Chr10	51249974	51538580	0.028906	0.022449	0.012337	0.017129
Chr10	51321139	51612910	0.091260	0.070778	0.040945	0.050833
Chr10	51538654	51663247	0.044821	0.056591	0.025067	0.020026
Chr10	51612942	51865082	0.024061	0.022629	0.011452	0.008730
Chr10	51663254	51968624	-0.020908	-0.017792	-0.009638	-0.012069
Chr10	51865546	52062541	0.105258	0.100600	0.057152	0.043523
Chr10	51968651	52245154	0.110565	0.131369	0.074221	0.051935
Chr10	52062552	52361919	-0.072838	-0.100853	-0.050490	-0.040375
Chr10	52245156	52552259	-0.049871	-0.052838	-0.027443	-0.024007
Chr10	52361950	52809255	-0.051108	-0.049125	-0.025192	-0.027402
Chr10	52552288	53044743	-0.081124	-0.086033	-0.042358	-0.041769
Chr10	52812087	53140365	0.009240	0.009367	0.004933	0.007528
Chr10	53044851	53242733	-0.051036	-0.058627	-0.028258	-0.026868
Chr10	53140393	53365465	-0.113463	-0.143813	-0.063062	-0.053692
Chr10	53242739	53537998	-0.025089	-0.027208	-0.013828	-0.007808
Chr10	53366477	53662190	-0.003130	-0.003562	-0.001983	-0.001343
Chr10	53538021	53742037	0.056847	0.068835	0.041217	0.026991
Chr10	53662489	53820627	0.157303	0.154808	0.100430	0.074249
Chr10	53742062	53917298	0.171774	0.155815	0.094678	0.083791
Chr10	53820629	53994566	0.248595	0.250305	0.147865	0.131982
Chr10	53917307	54047114	0.157773	0.199310	0.099792	0.077995
Chr10	53994574	54216495	-0.065085	-0.098219	-0.038827	-0.025685
Chr10	54047143	54295919	0.021389	0.026834	0.014271	0.013119
Chr10	54216548	54346236	0.006964	0.009695	0.004998	0.004432
Chr10	54295921	54401246	-0.055517	-0.081338	-0.039905	-0.027690
Chr10	54346303	54505394	-0.017880	-0.021483	-0.012035	-0.010802
Chr10	54401279	54604078	0.106717	0.091903	0.056978	0.057391
Chr10	54505746	55064293	0.108590	0.078354	0.051499	0.054818
Chr10	54604124	55444923	0.051003	0.030611	0.020821	0.026785
Chr10	55064469	55533676	0.150230	0.108977	0.076174	0.087771
Chr10	55444939	55631615	0.149824	0.164537	0.105645	0.092523
Chr10	55533964	55709965	-0.028297	-0.030057	-0.018111	-0.011143
Chr10	55631619	55763685	-0.048292	-0.053342	-0.034241	-0.020230
Chr10	55709972	55941187	-0.028479	-0.018583	-0.013172	-0.008764
Chr10	55763706	56582294	-0.056309	-0.028804	-0.017661	-0.024574
Chr10	55941275	56639298	-0.132125	-0.111654	-0.053477	-0.077382
Chr10	56582299	56745055	-0.141284	-0.208951	-0.096153	-0.078865
Chr10	56639325	56826333	0.087939	0.106102	0.062204	0.040720
Chr10	56745086	56891961	0.017287	0.019361	0.010988	0.006176
Chr10	56826352	57117181	-0.124695	-0.118619	-0.060555	-0.065866
Chr10	56891971	57252559	-0.142140	-0.141980	-0.070035	-0.078663
Chr10	57117242	57383933	-0.079673	-0.078482	-0.043466	-0.046277
Chr10	57252560	57646986	0.040146	0.023486	0.015169	0.032344
Chr10	57383975	57785278	0.033198	0.019225	0.012058	0.026588
Chr10	57647269	57837446	-0.020701	-0.020957	-0.011610	-0.010411
Chr10	57785331	57940644	-0.043746	-0.046887	-0.027662	-0.026453
Chr10	57837538	58034343	0.032681	0.031838	0.019784	0.014315
Chr10	57940656	58142732	0.045943	0.052798	0.027897	0.024281
Chr10	58034355	58205768	0.147101	0.156351	0.090021	0.072113
Chr10	58143772	58263335	0.200390	0.219760	0.145885	0.096192
Chr10	58205784	58304625	0.040370	0.077373	0.041617	0.020032
Chr10	58263399	58369277	-0.104673	-0.075305	-0.055888	-0.073368
Chr11	23580	283421	0.175968	0.158480	0.076251	0.106973
Chr11	188525	328974	-0.106939	-0.182133	-0.046062	-0.043743
Chr11	283445	469173	-0.280000	-1.258832	-0.138965	-0.112660
Chr11	329235	552088	-0.051324	-0.076780	-0.021787	-0.018894
Chr11	469197	665402	0.289125	0.251760	0.102221	0.094212
Chr11	552095	742457	0.106405	0.121862	0.045671	0.038514
Chr11	665582	804450	-0.276806	-0.507208	-0.141292	-0.174410
Chr11	742469	894694	-0.238409	-0.401521	-0.109082	-0.134964
Chr11	804530	965535	0.289396	0.380047	0.121516	0.167382
Chr11	894708	1083334	0.359507	0.389745	0.141289	0.212082
Chr11	965560	1141064	-0.016321	-0.014846	-0.006713	-0.006115
Chr11	1083378	1284599	-0.094962	-0.065181	-0.035072	-0.049571
Chr11	1141103	1345922	-0.098594	-0.067415	-0.035141	-0.051659
Chr11	1284600	1420698	-0.271994	-0.391231	-0.123318	-0.145925
Chr11	1345931	1500265	-0.294336	-0.601367	-0.154789	-0.170738
Chr11	1420734	1573498	-0.262376	-0.483376	-0.148920	-0.150460
Chr11	1500278	1709201	-0.127247	-0.169380	-0.067177	-0.072058
Chr11	1573502	1915209	0.052452	0.043600	0.023765	0.031758
Chr11	1709217	2032345	0.037802	0.029903	0.014327	0.021723
Chr11	1915296	2092879	-0.012095	-0.013446	-0.005285	-0.003952
Chr11	2032404	2223433	-0.017424	-0.025965	-0.010284	-0.006547
Chr11	2092887	2285889	0.218417	0.252532	0.126505	0.126045
Chr11	2223537	2350405	0.143016	0.190875	0.062442	0.080957
Chr11	2285972	2452339	-0.001479	-0.001903	-0.000534	0.002224
Chr11	2350471	2558193	0.207111	0.180847	0.076276	0.089199
Chr11	2453758	2649940	0.247135	0.215266	0.097774	0.096708
Chr11	2558370	2737941	0.271809	0.248398	0.129710	0.125230
Chr11	2649949	2818177	-0.050763	-0.060725	-0.028669	-0.030663
Chr11	2737966	2877555	-0.136209	-0.180028	-0.082539	-0.079981
Chr11	2818205	2923102	-0.273529	-0.438464	-0.181886	-0.172319
Chr11	2877572	3013710	-0.447151	-0.778284	-0.276355	-0.254561
Chr11	2923104	3116466	-0.166337	-0.234685	-0.092417	-0.068751
Chr11	3013769	3179984	0.044005	0.056714	0.026321	0.021295
Chr11	3116499	3279398	0.168910	0.134946	0.085905	0.093973
Chr11	3179993	3666537	0.025631	0.016182	0.009794	0.017158
Chr11	3279424	3757533	-0.037287	-0.024200	-0.013933	-0.018324
Chr11	3666605	3829502	0.083245	0.081304	0.042064	0.045385
Chr11	3757652	3910432	0.060248	0.073073	0.034691	0.034754
Chr11	3829563	3974387	0.014452	0.018624	0.008858	0.009293
Chr11	3910437	4045096	0.079325	0.125685	0.054526	0.039436
Chr11	3974444	4126478	0.081721	0.111830	0.044580	0.036720
Chr11	4045121	4190297	0.021562	0.028179	0.010971	0.009874
Chr11	4126490	4252445	0.036645	0.043745	0.017550	0.019806
Chr11	4190303	4375021	0.113327	0.121602	0.048397	0.072706
Chr11	4252528	4467368	0.111339	0.148101	0.047267	0.053775
Chr11	4375053	4527752	0.042081	0.051750	0.019754	0.019806
Chr11	4467411	4658785	-0.028376	-0.021120	-0.012630	-0.008969
Chr11	4527759	4770025	-0.110655	-0.085471	-0.049551	-0.045191
Chr11	4659376	4923167	-0.083825	-0.041495	-0.025672	-0.029550
Chr11	4770061	5063552	0.044176	0.019106	0.012410	0.015056
Chr11	4923281	5194757	0.006444	0.006030	0.003258	0.001329
Chr11	5063768	5291973	-0.087279	-0.078996	-0.037530	-0.034781
Chr11	5195029	5380029	0.174013	0.140339	0.071593	0.081571
Chr11	5291987	5655377	0.203485	0.183006	0.097606	0.115465
Chr11	5380284	5856920	0.096427	0.068006	0.036099	0.055379
Chr11	5655401	5956654	0.101719	0.071460	0.038133	0.056151
Chr11	5857003	6043605	0.200374	0.189486	0.107366	0.101130
Chr11	5956659	6187401	0.056450	0.037113	0.023216	0.027430
Chr11	6043627	6374530	-0.153992	-0.082536	-0.054235	-0.060220
Chr11	6187476	6472316	0.100984	0.064611	0.044333	0.048599
Chr11	6374601	6655660	0.330394	0.191009	0.125731	0.153050
Chr11	6472444	6761239	0.317330	0.208488	0.119846	0.160607
Chr11	6655669	6849682	0.240262	0.125761	0.085981	0.127884
Chr11	6761252	6955390	0.075256	0.027386	0.020272	0.043603
Chr11	6849755	7124401	0.004471	0.002136	0.001358	0.000958
Chr11	6955394	7246908	0.116227	0.074119	0.041992	0.064086
Chr11	7124402	7374268	0.222821	0.179587	0.096674	0.120453
Chr11	7246923	7435963	0.152589	0.142919	0.082886	0.096936
Chr11	7374322	7518935	0.054671	0.051999	0.028857	0.033827
Chr11	7435967	7645422	0.107294	0.103960	0.040527	0.057833
Chr11	7519034	7780267	0.129936	0.133541	0.048298	0.069014
Chr11	7645430	7949980	0.024444	0.016814	0.008377	0.013415
Chr11	7780292	8319784	-0.028247	-0.015865	-0.008620	-0.010643
Chr11	7949998	8392960	-0.169025	-0.118451	-0.062216	-0.087347
Chr11	8319807	8640461	-0.156797	-0.093831	-0.058273	-0.072398
Chr11	8392989	8790327	-0.121938	-0.068686	-0.041800	-0.057133
Chr11	8640821	8913188	-0.307783	-0.204163	-0.092114	-0.175154
Chr11	8790342	9066944	-0.134940	-0.059868	-0.031649	-0.072599
Chr11	8913300	9207011	0.008407	0.004537	0.002705	0.005595
Chr11	9067101	9354481	-0.002402	-0.001894	-0.000817	-0.000577
Chr11	9207032	9437122	0.137798	0.107003	0.040595	0.052886
Chr11	9354513	9529253	0.063379	0.067941	0.030351	0.022507
Chr11	9437317	9620066	0.129328	0.105158	0.057180	0.048750
Chr11	9529311	9673626	0.089263	0.073324	0.038937	0.039432
Chr11	9620708	9828732	0.110858	0.100331	0.056518	0.051015
Chr11	9673719	9910760	0.125284	0.102258	0.056787	0.053664
Chr11	9828734	9988513	-0.060299	-0.054283	-0.026351	-0.024295
Chr11	9910767	10170459	0.031118	0.013602	0.008558	0.013124
Chr11	9990253	10535170	0.142026	0.051529	0.033284	0.061016
Chr11	10170527	10674478	0.133569	0.067010	0.038956	0.064628
Chr11	10535246	10745887	0.103698	0.064954	0.033612	0.043439
Chr11	10674480	10818888	0.003826	0.003200	0.001545	0.003534
Chr11	10746003	10991449	-0.041525	-0.034006	-0.017398	-0.017667
Chr11	10818889	11143342	0.019199	0.007856	0.004625	0.007684
Chr11	10991522	11250420	0.044008	0.019678	0.011914	0.018250
Chr11	11143432	11360920	0.028761	0.022218	0.013032	0.013607
Chr11	11251290	11433201	0.106637	0.092518	0.059903	0.054225
Chr11	11360979	11514248	0.099057	0.092208	0.055337	0.042216
Chr11	11433248	11584851	0.048343	0.035461	0.022702	0.018681
Chr11	11514293	11686706	0.013994	0.012111	0.007595	0.008036
Chr11	11584856	11791705	0.118983	0.128865	0.079098	0.061616
Chr11	11686937	11935225	0.178831	0.136690	0.090487	0.096377
Chr11	11791710	12051033	0.069401	0.046842	0.030708	0.039974
Chr11	11935252	12149296	0.045102	0.035154	0.022929	0.025631
Chr11	12051082	12382387	0.090555	0.074752	0.050139	0.048115
Chr11	12149486	12449207	0.053976	0.051628	0.034511	0.029760
Chr11	12382466	12513317	-0.032525	-0.046594	-0.025542	-0.009858
Chr11	12449301	12667016	-0.197681	-0.159980	-0.095589	-0.099903
Chr11	12513325	12730127	-0.224670	-0.172813	-0.103344	-0.101120
Chr11	12667064	12791871	-0.002556	-0.003063	-0.001760	0.002023
Chr11	12730169	12829342	0.005946	0.008459	0.004204	0.005325
Chr11	12791880	12909482	-0.042841	-0.047960	-0.024322	-0.017336
Chr11	12829426	13058518	-0.205079	-0.147483	-0.085252	-0.092756
Chr11	12909483	13237260	-0.408736	-0.313081	-0.162998	-0.241241
Chr11	13058938	13325763	-0.304158	-0.318742	-0.143624	-0.166951
Chr11	13237267	13398172	-0.087979	-0.115542	-0.045400	-0.034951
Chr11	13325770	13487219	0.028283	0.034544	0.012901	0.012861
Chr11	13398185	13549787	-0.076161	-0.126253	-0.039391	-0.031081
Chr11	13487231	13613043	-0.183768	-0.261908	-0.094086	-0.074686
Chr11	13549793	13763898	0.059879	0.036238	0.018381	0.024745
Chr11	13613141	13872946	0.411260	0.247167	0.110306	0.228548
Chr11	13764055	13954026	0.372962	0.339212	0.134024	0.239112
Chr11	13872956	14300474	-0.002751	-0.001852	-0.001112	-0.002944
Chr11	13954029	14379715	-0.175416	-0.124275	-0.075065	-0.087778
Chr11	14300480	14441286	-0.101032	-0.104260	-0.055328	-0.045149
Chr11	14379716	14482367	-0.059332	-0.052913	-0.032110	-0.032294
Chr11	14441291	14539239	-0.160050	-0.146496	-0.087051	-0.084889
Chr11	14482408	14667818	-0.162136	-0.116440	-0.069482	-0.068645
Chr11	14539320	14738444	-0.183721	-0.142570	-0.068365	-0.059738
Chr11	14667842	14802839	-0.098890	-0.130069	-0.044258	-0.031823
Chr11	14738456	14904228	-0.023495	-0.032738	-0.012656	-0.008867
Chr11	14802895	15022670	0.116343	0.093511	0.049568	0.037943
Chr11	14904368	15120321	0.023413	0.019553	0.010099	0.008773
Chr11	15022694	15380110	-0.130620	-0.061367	-0.033318	-0.053107
Chr11	15120338	15573829	-0.100705	-0.036405	-0.022735	-0.043659
Chr11	15380198	15777415	-0.140546	-0.090569	-0.051170	-0.065199
Chr11	15573843	15896854	-0.061087	-0.062857	-0.027500	-0.031158
Chr11	15777695	15962429	-0.046259	-0.060562	-0.025450	-0.023241
Chr11	15896873	16036548	-0.085545	-0.134584	-0.057608	-0.043606
Chr11	15962451	16107473	-0.080190	-0.112473	-0.051959	-0.042455
Chr11	16036571	16196154	0.097321	0.103393	0.054491	0.060939
Chr11	16107485	16275348	0.185397	0.157864	0.100448	0.106138
Chr11	16196209	16398463	0.020929	0.022414	0.012432	0.013207
Chr11	16275392	16504789	-0.104170	-0.090617	-0.049554	-0.058163
Chr11	16398578	16535716	-0.111717	-0.087266	-0.052599	-0.058076
Chr11	16504847	16592782	-0.067383	-0.067803	-0.041307	-0.028908
Chr11	16535729	16767700	-0.033597	-0.031582	-0.017807	-0.015655
Chr11	16592971	17033542	-0.038177	-0.023704	-0.013868	-0.019310
Chr11	16767721	17083606	-0.059057	-0.037747	-0.023002	-0.030586
Chr11	17033578	17274923	0.047034	0.040639	0.025462	0.023551
Chr11	17083619	17330951	0.041921	0.037083	0.021122	0.022728
Chr11	17274986	17408180	-0.018570	-0.021692	-0.011402	-0.008810
Chr11	17330952	17517158	0.080029	0.074902	0.044799	0.031278
Chr11	17408182	17584761	0.192131	0.180607	0.094799	0.080029
Chr11	17517208	17798840	0.143847	0.114867	0.058403	0.079751
Chr11	17584766	17846729	0.018591	0.015701	0.007997	0.013131
Chr11	17798864	17976314	0.098388	0.087098	0.034092	0.039043
Chr11	17846767	18107779	0.171672	0.118170	0.045385	0.079739
Chr11	17976321	18310145	-0.043857	-0.027492	-0.011466	-0.020324
Chr11	18107790	18419772	-0.044595	-0.025714	-0.012338	-0.023638
Chr11	18310163	18593686	0.020934	0.006915	0.004550	0.007472
Chr11	18421532	18728533	-0.038071	-0.012599	-0.008134	-0.013121
Chr11	18593794	18866088	-0.071281	-0.043287	-0.022497	-0.031300
Chr11	18728932	19182755	-0.158516	-0.094176	-0.048062	-0.098969
Chr11	18866178	19483473	-0.106852	-0.039984	-0.022779	-0.061180
Chr11	19182922	19725239	0.017101	0.004186	0.002428	0.012626
Chr11	19488256	20397503	0.108446	0.019223	0.011455	0.051816
Chr11	19725258	20535184	0.236493	0.053875	0.031229	0.112767
Chr11	20397505	20592987	0.186029	0.157629	0.069021	0.093869
Chr11	20535185	20651698	0.122523	0.114060	0.057962	0.067828
Chr11	20593021	20725312	0.170511	0.148032	0.077281	0.083198
Chr11	20651770	20799550	-0.151619	-0.180498	-0.092763	-0.082693
Chr11	20725399	20946358	-0.332063	-0.458791	-0.205281	-0.200663
Chr11	20799678	21014000	-0.283910	-0.360301	-0.145198	-0.126876
Chr11	20946387	21062166	-0.082315	-0.154778	-0.060353	-0.031628
Chr11	21014073	21392318	-0.029773	-0.036970	-0.016252	-0.012566
Chr11	21063531	21605228	-0.039128	-0.037684	-0.016978	-0.023896
Chr11	21392402	21703571	-0.281351	-0.318286	-0.138668	-0.172437
Chr11	21605281	22015920	-0.134358	-0.092400	-0.051686	-0.083908
Chr11	21703582	22217578	0.122069	0.065024	0.035941	0.064946
Chr11	22015943	22331007	-0.092641	-0.059707	-0.028275	-0.038899
Chr11	22217580	22517025	-0.184817	-0.086549	-0.049831	-0.063819
Chr11	22331008	22662155	-0.115904	-0.049418	-0.031079	-0.035566
Chr11	22517093	22833826	-0.106765	-0.064812	-0.034652	-0.028477
Chr11	22662161	23355736	0.222702	0.096222	0.051396	0.070868
Chr11	22833896	23623408	0.220740	0.107593	0.040820	0.133144
Chr11	23355803	23725286	-0.066105	-0.055936	-0.015381	-0.018585
Chr11	23623690	23790396	-0.239143	-0.323784	-0.131007	-0.140063
Chr11	23725317	23877687	-0.038287	-0.038320	-0.019665	-0.022916
Chr11	23790407	24038747	0.089194	0.062850	0.038440	0.045454
Chr11	23877695	24179040	-0.081623	-0.061759	-0.032326	-0.040931
Chr11	24038760	24337164	-0.101940	-0.078778	-0.036757	-0.040396
Chr11	24179041	24451496	0.272847	0.220478	0.106110	0.133702
Chr11	24337580	24605793	0.302134	0.209485	0.094854	0.157664
Chr11	24451497	24759667	0.152194	0.067265	0.041022	0.083619
Chr11	24605887	24885615	0.306682	0.142144	0.090584	0.226830
Chr11	24759720	25093126	0.155454	0.059509	0.036779	0.125707
Chr11	24885634	25161035	-0.165618	-0.058873	-0.039125	-0.100707
Chr11	25094034	25247448	-0.063033	-0.055829	-0.031848	-0.025573
Chr11	25161044	25337492	0.013811	0.010759	0.005725	0.006769
Chr11	25247508	25418625	-0.151071	-0.090965	-0.054976	-0.092402
Chr11	25337562	25519200	-0.153400	-0.109660	-0.067546	-0.096587
Chr11	25421125	25611641	-0.145777	-0.132322	-0.071115	-0.080324
Chr11	25519249	25698260	-0.116505	-0.094258	-0.049701	-0.055263
Chr11	25611663	25780447	-0.053227	-0.044040	-0.023921	-0.022765
Chr11	25698288	25852172	-0.265189	-0.225197	-0.129863	-0.101954
Chr11	25780466	25914165	-0.278178	-0.245644	-0.118472	-0.095696
Chr11	25852227	26132329	-0.040929	-0.036342	-0.016348	-0.012620
Chr11	25914183	26192772	0.040226	0.023594	0.012375	0.015036
Chr11	26132332	26259760	0.049026	0.029022	0.017534	0.017391
Chr11	26192899	26345387	-0.154109	-0.145079	-0.082507	-0.080221
Chr11	26259771	26405473	-0.471745	-0.672381	-0.248872	-0.305710
Chr11	26345424	26528144	-0.314173	-0.349560	-0.152776	-0.184922
Chr11	26405494	26825545	-0.033468	-0.020098	-0.012703	-0.011512
Chr11	26528171	26969126	0.006859	0.003651	0.001991	0.001544
Chr11	26825554	27314788	-0.054335	-0.023012	-0.011599	-0.018898
Chr11	26969290	27461616	-0.015076	-0.004782	-0.002858	-0.003875
Chr11	27314804	27610939	0.135304	0.042710	0.023154	0.022156
Chr11	27461664	27780053	0.122867	0.046605	0.023152	0.032748
Chr11	27611327	27860713	-0.115373	-0.053891	-0.029557	-0.062454
Chr11	27780107	27965326	-0.151333	-0.082385	-0.043888	-0.074687
Chr11	27860730	28081959	0.020942	0.013870	0.007707	0.008921
Chr11	27965334	28184451	0.096428	0.073707	0.040522	0.039137
Chr11	28082091	28478725	0.339862	0.142742	0.078088	0.159690
Chr11	28184477	28618801	0.269801	0.108656	0.059336	0.107075
Chr11	28478923	28855010	-0.052321	-0.021141	-0.012892	-0.019882
Chr11	28618986	28922567	-0.051656	-0.016724	-0.011249	-0.023774
Chr11	28855276	29091650	-0.004967	-0.001842	-0.001232	-0.005568
Chr11	28923080	29381688	0.023001	0.007832	0.004751	0.007887
Chr11	29091718	29652374	-0.522876	-0.189212	-0.109729	-0.349416
Chr11	29381905	29833503	-0.693359	-0.308062	-0.182024	-0.546771
Chr11	29652416	30087595	-0.366914	-0.123795	-0.084187	-0.218326
Chr11	29833691	30244265	-0.060311	-0.012581	-0.008027	-0.024341
Chr11	30087621	32562260	-0.104982	-0.020383	-0.010378	-0.024518
Chr11	30244356	32734624	-0.091230	-0.017176	-0.010087	-0.024640
Chr11	32562274	32854518	0.062961	0.015425	0.010517	0.011061
Chr11	32734789	32970272	0.270369	0.106294	0.073804	0.114106
Chr11	32854527	33195861	0.129558	0.058173	0.037216	0.070380
Chr11	32970371	33473195	0.148688	0.058427	0.031311	0.104669
Chr11	33195930	33627219	0.169829	0.058203	0.032255	0.099715
Chr11	33473293	33705691	-0.033676	-0.016025	-0.011346	-0.017463
Chr11	33627239	33791644	0.026595	0.023469	0.016314	0.011198
Chr11	33705801	33907268	0.005104	0.003342	0.002210	-0.002615
Chr11	33791659	34010672	-0.044204	-0.031372	-0.019659	-0.022864
Chr11	33907276	34162131	-0.105964	-0.122861	-0.057816	-0.050751
Chr11	34010692	34213760	0.106180	0.129525	0.061047	0.049071
Chr11	34162140	34342307	0.203205	0.180664	0.102353	0.095893
Chr11	34213768	34450852	0.082644	0.053172	0.033459	0.030485
Chr11	34342368	34567573	-0.005986	-0.003659	-0.002145	-0.002578
Chr11	34450905	34714065	-0.072470	-0.038893	-0.020234	-0.026458
Chr11	34567612	34783749	-0.012876	-0.010225	-0.004010	-0.002170
Chr11	34714078	34915891	-0.061025	-0.059916	-0.019165	-0.018643
Chr11	34783938	35033740	-0.108059	-0.068571	-0.027536	-0.029347
Chr11	34915899	35139884	-0.035771	-0.019604	-0.008812	-0.009416
Chr11	35033834	35269143	-0.040388	-0.030929	-0.014132	-0.015529
Chr11	35139961	35329852	0.002700	0.002684	0.001278	0.000482
Chr11	35269257	35448988	0.201018	0.161453	0.080446	0.080423
Chr11	35329867	35511571	0.107209	0.103993	0.045504	0.053704
Chr11	35449055	35588874	-0.144737	-0.246375	-0.071052	-0.078181
Chr11	35511599	35721106	-0.087225	-0.134631	-0.031127	-0.040667
Chr11	35588891	35812966	0.060751	0.048234	0.018165	0.034489
Chr11	35721137	35926829	0.024060	0.017432	0.008083	0.010836
Chr11	35813125	36046600	0.177498	0.137183	0.055273	0.063127
Chr11	35926833	36121345	0.261528	0.215603	0.094547	0.083650
Chr11	36046621	36220330	0.106820	0.098930	0.050010	0.044423
Chr11	36121354	36312378	0.103149	0.061035	0.032912	0.041952
Chr11	36220615	36417339	0.195749	0.094855	0.051023	0.082025
Chr11	36312556	36634378	0.336599	0.141834	0.070538	0.105217
Chr11	36417461	36969995	0.343179	0.152359	0.076856	0.112656
Chr11	36634382	37076709	0.240043	0.129032	0.067787	0.101560
Chr11	36970002	37152940	0.132636	0.083156	0.044492	0.047369
Chr11	37077198	37251903	0.033932	0.026019	0.015226	0.012601
Chr11	37153084	37347761	0.072628	0.057875	0.033409	0.032143
Chr11	37251942	37561294	0.071898	0.055020	0.032754	0.029038
Chr11	37347773	37760745	0.084421	0.054093	0.030343	0.036205
Chr11	37561345	37896980	0.227558	0.125659	0.071627	0.086578
Chr11	37760785	38002192	0.211138	0.075057	0.055974	0.088486
Chr11	37896994	38113542	0.038789	0.013204	0.009578	0.014856
Chr11	38002194	38407058	-0.219924	-0.103654	-0.063349	-0.080285
Chr11	38113634	38534446	0.182411	0.123678	0.075669	0.090903
Chr11	38407286	38916000	0.376101	0.342261	0.226389	0.239148
Chr11	38534697	39046241	0.527584	0.472026	0.300781	0.364616
Chr11	38916004	39196605	0.594202	0.441129	0.293550	0.342791
Chr11	39046418	39325741	0.176319	0.085294	0.063046	0.078460
Chr11	39196953	39411793	0.027725	0.016063	0.010297	0.013915
Chr11	39325860	39559022	-0.014588	-0.014650	-0.007264	-0.005400
Chr11	39411795	39661478	0.129231	0.119446	0.064813	0.068540
Chr11	39559029	39728142	0.405252	0.323903	0.188409	0.243898
Chr11	39661479	39823648	0.324353	0.227107	0.131867	0.213957
Chr11	39728160	39924696	0.170987	0.092480	0.052394	0.095455
Chr11	39823710	39999793	0.104650	0.057893	0.033518	0.043947
Chr11	39924710	40108679	0.185220	0.179487	0.098904	0.082228
Chr11	39999822	40154545	0.225307	0.230726	0.126407	0.113204
Chr11	40108752	40244831	-0.085062	-0.108276	-0.049329	-0.040245
Chr11	40154609	40337229	-0.241734	-0.300315	-0.129102	-0.127882
Chr11	40244843	40452839	-0.034499	-0.023401	-0.014360	-0.020375
Chr11	40337230	40652830	0.217598	0.119573	0.079415	0.115301
Chr11	40453147	40735184	0.291628	0.194157	0.121887	0.159027
Chr11	40652953	40801815	0.199769	0.149974	0.087570	0.126171
Chr11	40735215	40851540	-0.052370	-0.052546	-0.024213	-0.020327
Chr11	40801840	40935904	-0.094238	-0.120068	-0.056311	-0.053569
Chr11	40851553	41114005	0.072402	0.062236	0.035271	0.043048
Chr11	40935921	41188777	0.151755	0.143580	0.078766	0.088413
Chr11	41114009	41257278	0.148419	0.196698	0.105682	0.081234
Chr11	41188945	42206065	0.002679	0.002193	0.001292	-0.000701
Chr11	41257496	42320727	-0.099266	-0.080944	-0.048302	-0.056633
Chr11	42206096	42403441	-0.010423	-0.012093	-0.007545	-0.007876
Chr11	42320802	42699323	0.017291	0.018379	0.010847	0.012427
Chr11	42403444	42875183	0.061956	0.052999	0.031090	0.038795
Chr11	42699347	42967512	0.105284	0.082189	0.048184	0.055391
Chr11	42875190	43069051	-0.030423	-0.024380	-0.014198	-0.017486
Chr11	42967569	43152847	-0.109903	-0.089170	-0.048524	-0.055178
Chr11	43069055	43264825	0.009365	0.007519	0.004354	0.003939
Chr11	43152852	43393904	0.048634	0.035225	0.023047	0.018570
Chr11	43264924	43498301	-0.171499	-0.119077	-0.060300	-0.068841
Chr11	43393905	43694826	-0.176010	-0.116839	-0.057052	-0.084129
Chr11	43498344	43834814	0.022643	0.015348	0.008029	0.011128
Chr11	43694892	44035360	0.073819	0.033714	0.020851	0.021744
Chr11	43834824	44215993	0.049511	0.019457	0.013409	0.014607
Chr11	44035378	44423678	-0.047218	-0.024125	-0.015343	-0.024285
Chr11	44216036	44629345	-0.081269	-0.039130	-0.024016	-0.037022
Chr11	44423692	44879282	0.037527	0.017963	0.010244	0.017345
Chr11	44629351	45056096	-0.079715	-0.039201	-0.021411	-0.029531
Chr11	44879360	45272554	-0.259982	-0.138271	-0.071771	-0.110983
Chr11	45056379	45430348	-0.215540	-0.139144	-0.064204	-0.087669
Chr11	45272558	45532439	-0.074028	-0.047318	-0.024246	-0.029094
Chr11	45430384	45763149	0.024898	0.014180	0.007638	0.014706
Chr11	45532474	45996820	0.152507	0.069002	0.039964	0.066138
Chr11	45763185	46147667	0.160452	0.074444	0.049711	0.065534
Chr11	45996991	46256136	0.097509	0.055217	0.037941	0.044259
Chr11	46147672	46368493	0.015184	0.007974	0.005536	0.005756
Chr11	46256140	46472079	0.027230	0.018135	0.011322	0.010624
Chr11	46368937	46540529	0.069809	0.070702	0.034333	0.023986
Chr11	46472261	46637434	0.032652	0.029506	0.015903	0.009707
Chr11	46540536	46776645	0.021689	0.013161	0.008608	0.007340
Chr11	46637476	46823307	0.105021	0.060133	0.040690	0.049518
Chr11	46776647	46944960	0.141003	0.100682	0.061927	0.064358
Chr11	46823346	47083934	0.061522	0.043752	0.024647	0.026472
Chr11	46945356	47161328	0.043811	0.035483	0.019696	0.015898
Chr11	47083960	47244351	-0.049400	-0.054321	-0.030275	-0.017156
Chr11	47161384	47328259	-0.136784	-0.131730	-0.066885	-0.050361
Chr11	47244420	47442075	-0.106776	-0.085367	-0.043027	-0.044814
Chr11	47328269	47547487	-0.105645	-0.077805	-0.041233	-0.056826
Chr11	47442747	47626002	0.052773	0.044234	0.022321	0.029608
Chr11	47547488	47709888	0.114626	0.103367	0.049052	0.050171
Chr11	47626031	47771194	-0.055776	-0.061019	-0.028985	-0.024250
Chr11	47709925	47880642	-0.049620	-0.045166	-0.024399	-0.025718
Chr11	47771249	47999372	-0.027174	-0.019287	-0.010819	-0.013310
Chr11	47880653	48271746	0.082444	0.041553	0.026146	0.048079
Chr11	47999657	48401283	0.171127	0.078887	0.050778	0.098810
Chr11	48271807	48484111	0.130506	0.084808	0.052298	0.063437
Chr11	48401715	48538532	-0.003987	-0.003601	-0.002298	-0.000583
Chr11	48484125	48614802	0.033312	0.027720	0.017196	0.021336
Chr11	48538573	48723974	0.049349	0.039849	0.021923	0.027148
Chr11	48614824	48827300	-0.034028	-0.025351	-0.013189	-0.011942
Chr11	48724070	48952621	-0.063389	-0.040212	-0.023187	-0.029821
Chr11	48827376	49190482	-0.010719	-0.005233	-0.003194	-0.006700
Chr11	48952685	49257044	0.167878	0.091166	0.057878	0.086170
Chr11	49190627	49406994	0.219995	0.159243	0.107263	0.106394
Chr11	49257058	49565400	0.057787	0.033010	0.022566	0.024708
Chr11	49407098	49697872	0.052551	0.031588	0.019145	0.020827
Chr11	49565430	49845886	0.136984	0.084575	0.045015	0.052807
Chr11	49698176	49937270	0.105050	0.067580	0.038926	0.044982
Chr11	49846187	50111219	0.007807	0.006232	0.003811	-0.000132
Chr11	49937280	50270025	0.019760	0.014941	0.008832	0.009016
Chr11	50111275	50381323	0.129024	0.123840	0.061365	0.072944
Chr11	50270028	50508293	0.078831	0.084704	0.031746	0.039521
Chr11	50381325	50583680	-0.090813	-0.078767	-0.032646	-0.039231
Chr11	50508321	50811856	-0.155092	-0.160101	-0.070334	-0.072315
Chr11	50583716	51009753	-0.073463	-0.062414	-0.028388	-0.034066
Chr11	50811862	51056974	0.118152	0.097361	0.045813	0.072661
Chr11	51009830	51111056	0.198341	0.221341	0.097772	0.097202
Chr11	51056981	51299191	0.054615	0.042803	0.023091	0.031566
Chr11	51111063	51450160	-0.252085	-0.170755	-0.092026	-0.161917
Chr11	51299393	51538316	-0.229221	-0.175691	-0.086484	-0.136901
Chr11	51450251	51614082	0.303393	0.300448	0.126512	0.167987
Chr11	51538430	51717308	0.173650	0.160893	0.077196	0.103710
Chr11	51614118	51778339	-0.162783	-0.187917	-0.093752	-0.099656
Chr11	51717364	51879046	-0.223899	-0.388664	-0.128144	-0.124371
Chr11	51778340	52027226	-0.171908	-0.244747	-0.078161	-0.078533
Chr11	51879142	52118429	-0.001156	-0.001093	-0.000442	-0.000434
Chr11	52027256	52219776	0.197830	0.111722	0.060585	0.093362
Chr11	52118573	52661813	0.163924	0.061062	0.036532	0.073268
Chr11	52219800	52847737	0.042031	0.013354	0.008018	0.013566
Chr11	52661887	52933203	0.097667	0.047918	0.029322	0.046467
Chr11	52847874	53041908	0.112227	0.070399	0.047051	0.061957
Chr11	52933347	53148302	0.169234	0.116254	0.074124	0.097777
Chr11	53041991	53368618	0.145946	0.095046	0.051608	0.089773
Chr11	53148315	53517374	-0.023145	-0.011410	-0.006208	-0.009395
Chr11	53368643	53585791	0.155774	0.095933	0.055492	0.085194
Chr11	53517444	53716910	0.271257	0.148994	0.101610	0.146178
Chr11	53585799	53855070	0.009739	0.005181	0.003162	-0.005002
Chr11	53717018	53975238	-0.090153	-0.066351	-0.033630	-0.048399
Chr11	53855079	54111104	-0.069700	-0.046015	-0.025342	-0.028078
Chr11	53975315	54366580	0.065830	0.033501	0.018974	0.043913
Chr11	54111124	54493870	0.061429	0.031111	0.019036	0.032730
Chr11	54366610	54633067	-0.231686	-0.143474	-0.082221	-0.106768
Chr11	54493935	54750401	-0.152916	-0.098860	-0.054624	-0.077123
Chr11	54633088	54887446	0.114045	0.070108	0.049138	0.056842
Chr11	54750553	55097906	0.048969	0.030111	0.020174	0.022338
Chr11	54887663	55388652	0.025656	0.013336	0.007665	0.012086
Chr11	55097994	55544770	0.064048	0.031522	0.017600	0.039904
Chr11	55388710	55687532	-0.035190	-0.019352	-0.011158	-0.014536
Chr11	55544812	55934942	-0.128298	-0.060557	-0.039270	-0.059312
Chr11	55689510	56047160	-0.124791	-0.070710	-0.042779	-0.045362
Chr11	55935266	56203831	-0.134693	-0.098640	-0.052241	-0.045228
Chr12	350254	888847	-0.090907	-0.022975	-0.015735	-0.040411
Chr12	738035	966082	0.048536	0.025482	0.015281	0.025833
Chr12	888851	1053619	-0.118916	-0.098082	-0.060168	-0.067823
Chr12	966098	1130232	-0.223309	-0.157749	-0.099692	-0.127643
Chr12	1053668	1736318	-0.046758	-0.038162	-0.021840	-0.026267
Chr12	1130250	1824763	0.056577	0.047140	0.027772	0.029369
Chr12	1736329	1920742	-0.093541	-0.079254	-0.048666	-0.058447
Chr12	1824892	1995799	-0.366362	-0.393067	-0.217264	-0.283396
Chr12	1920771	2124228	-0.409582	-0.405204	-0.234582	-0.331567
Chr12	1995809	2255680	-0.162009	-0.112872	-0.068117	-0.105437
Chr12	2124272	2423851	0.332777	0.207469	0.128066	0.181512
Chr12	2255824	2582045	0.397806	0.259879	0.160401	0.199936
Chr12	2423895	2716324	0.079659	0.039188	0.026123	0.045744
Chr12	2582301	2836740	-0.019497	-0.008702	-0.005976	-0.008126
Chr12	2716329	2924150	-0.161314	-0.111703	-0.063702	-0.065491
Chr12	2836780	3109563	-0.081702	-0.071456	-0.032781	-0.035856
Chr12	2924423	3264332	0.061621	0.036251	0.016370	0.027105
Chr12	3109635	3445498	0.108545	0.072540	0.034161	0.046481
Chr12	3266195	3609045	-0.002824	-0.002161	-0.001072	-0.002156
Chr12	3445636	3735256	0.059767	0.030333	0.015679	0.025979
Chr12	3609106	3869455	0.154814	0.076768	0.038803	0.066624
Chr12	3735279	3977026	0.081268	0.051091	0.023133	0.035542
Chr12	3869568	4054379	0.090168	0.075086	0.032742	0.041721
Chr12	3977104	4134416	0.148047	0.131678	0.064294	0.081497
Chr12	4054381	4225747	0.290184	0.238771	0.129635	0.184209
Chr12	4134484	4291163	0.271128	0.242501	0.135298	0.169322
Chr12	4225811	4421503	0.268519	0.200820	0.102661	0.131017
Chr12	4291188	4564007	0.241788	0.148353	0.069881	0.100368
Chr12	4421590	4646675	0.148852	0.105015	0.043887	0.063199
Chr12	4564029	4748431	0.360684	0.239171	0.114183	0.199465
Chr12	4646936	4950245	0.244212	0.128384	0.069022	0.136113
Chr12	4748764	5169934	0.044094	0.019510	0.008705	0.018262
Chr12	4950294	5335940	0.236302	0.117151	0.047236	0.114611
Chr12	5169979	5495852	0.214484	0.111912	0.049602	0.089284
Chr12	5336016	5614554	0.058200	0.032257	0.015841	0.022091
Chr12	5495873	5762255	-0.004782	-0.003434	-0.001816	-0.003216
Chr12	5614634	5925947	-0.043153	-0.020533	-0.012780	-0.024405
Chr12	5762272	6060154	-0.080895	-0.030000	-0.020078	-0.040462
Chr12	5925958	6256919	-0.090451	-0.037264	-0.025176	-0.040797
Chr12	6060163	6388450	-0.048421	-0.023947	-0.015102	-0.021280
Chr12	6256925	6507812	-0.016675	-0.011203	-0.005797	-0.008283
Chr12	6388526	6664326	0.070651	0.051404	0.022171	0.031338
Chr12	6508201	6930705	0.129455	0.062744	0.031911	0.056573
Chr12	6664553	7195189	-0.102502	-0.035660	-0.022123	-0.045393
Chr12	6930787	7263206	-0.247194	-0.116030	-0.073293	-0.120098
Chr12	7195330	7379845	-0.141190	-0.112397	-0.065214	-0.068709
Chr12	7263307	7634931	-0.062434	-0.022573	-0.015012	-0.032462
Chr12	7379852	7897473	-0.021374	-0.005833	-0.004008	-0.006899
Chr12	7634972	8184763	-0.070377	-0.017647	-0.012398	-0.037783
Chr12	7897493	8460231	-0.050857	-0.013377	-0.008931	-0.029505
Chr12	8185505	8597500	-0.010583	-0.004184	-0.002581	-0.003496
Chr12	8460521	8768392	-0.060127	-0.031721	-0.018304	-0.024318
Chr12	8597835	9049096	-0.214560	-0.091272	-0.052051	-0.107743
Chr12	8770161	9372610	-0.071829	-0.025117	-0.012600	-0.039658
Chr12	9049104	9521907	0.505952	0.207544	0.101309	0.333838
Chr12	9372700	9662749	0.482907	0.229466	0.124070	0.297368
Chr12	9522031	9835429	0.088739	0.035646	0.020152	0.048981
Chr12	9662889	9993358	0.073534	0.026685	0.018430	0.039035
Chr12	9835435	10093054	-0.044096	-0.023966	-0.015104	-0.024385
Chr12	9993416	10202464	-0.027555	-0.022789	-0.010480	-0.009430
Chr12	10093116	10305863	0.110578	0.081171	0.040503	0.062035
Chr12	10202689	10402518	0.191211	0.126700	0.068886	0.084546
Chr12	10305879	10504774	0.020672	0.014088	0.006359	0.008748
Chr12	10402557	10582045	0.102912	0.081230	0.033114	0.064805
Chr12	10504811	10662962	0.216031	0.171217	0.078691	0.124998
Chr12	10582078	10937855	0.086618	0.036048	0.021926	0.042114
Chr12	10663014	11186460	0.150501	0.043835	0.025571	0.061495
Chr12	10939183	11335455	-0.010969	-0.003523	-0.001970	-0.003970
Chr12	11186477	11466928	0.060851	0.028514	0.016785	0.031117
Chr12	11335457	11596196	0.116906	0.064323	0.034834	0.059234
Chr12	11467014	11830925	0.037290	0.015256	0.008755	0.016193
Chr12	11596244	12026349	-0.103416	-0.034627	-0.021444	-0.045198
Chr12	11830971	12216445	-0.065212	-0.022406	-0.014445	-0.031989
Chr12	12026381	12351869	-0.053904	-0.023214	-0.014106	-0.021750
Chr12	12216468	12665930	-0.237739	-0.118691	-0.057683	-0.095518
Chr12	12351899	12824969	-0.019424	-0.010048	-0.004880	-0.012238
Chr12	12666376	13009545	0.171955	0.081051	0.041752	0.097851
Chr12	12826165	13174169	0.047952	0.018268	0.009307	0.027714
Chr12	13009726	13337553	0.012464	0.006638	0.002907	0.009007
Chr12	13174214	13554487	0.127281	0.075010	0.038246	0.058918
Chr12	13337583	13750815	0.050513	0.020581	0.011549	0.019810
Chr12	13554614	13806835	-0.039308	-0.024259	-0.012005	-0.017997
Chr12	13750899	13887614	-0.149536	-0.147105	-0.067274	-0.091692
Chr12	13806839	14039466	-0.209289	-0.094268	-0.048787	-0.087701
Chr12	13887652	14186335	0.064806	0.023064	0.012148	0.026084
Chr12	14039594	14301698	0.149654	0.098476	0.038867	0.060814
Chr12	14186365	14430172	0.000555	0.000411	0.000157	0.002451
Chr12	14301855	14552545	-0.002929	-0.002013	-0.000824	0.000660
Chr12	14430221	14769400	0.028239	0.017333	0.007394	0.009536
Chr12	14552583	14937061	0.047556	0.022181	0.010535	0.020543
Chr12	14769453	15094913	0.153111	0.068513	0.036169	0.069482
Chr12	14937095	15257700	0.296333	0.112631	0.063214	0.128988
Chr12	15094944	15505388	-0.089679	-0.026406	-0.015529	-0.048833
Chr12	15257720	15718082	-0.174228	-0.061209	-0.035196	-0.093556
Chr12	15505559	15909911	0.081429	0.037123	0.017552	0.044203
Chr12	15718333	16071816	-0.051031	-0.023199	-0.011751	-0.022078
Chr12	15909959	16190750	-0.241404	-0.164455	-0.088902	-0.119109
Chr12	16071915	16396423	-0.189755	-0.083518	-0.045851	-0.074225
Chr12	16190765	16575539	0.011522	0.004195	0.002234	0.005133
Chr12	16396542	16755203	0.010429	0.004882	0.002440	0.007383
Chr12	16575568	17180223	-0.011828	-0.004846	-0.002404	-0.004522
Chr12	16755236	17468031	-0.009031	-0.002198	-0.001395	-0.007704
Chr12	17180226	17614898	-0.035067	-0.009603	-0.006099	-0.019665
Chr12	17468075	17854238	-0.019813	-0.008886	-0.004826	-0.020307
Chr12	17614921	18008211	-0.043928	-0.015109	-0.009774	-0.037385
Chr12	17854257	18111394	-0.079490	-0.030304	-0.019523	-0.040386
Chr12	18008217	18314183	-0.112541	-0.041518	-0.024736	-0.051394
Chr12	18111416	18432964	-0.300508	-0.130071	-0.070564	-0.154807
Chr12	18314274	18630401	-0.215679	-0.098114	-0.052843	-0.096597
Chr12	18433250	18838942	-0.137446	-0.046329	-0.030024	-0.069068
Chr12	18630877	18962519	-0.227720	-0.105517	-0.070581	-0.119093
Chr12	18838997	19062849	-0.040013	-0.026949	-0.016720	-0.013493
Chr12	18962549	19130285	0.133557	0.103156	0.062993	0.057096
Chr12	19062870	19228390	0.150163	0.112912	0.067255	0.075907
Chr12	19130286	19342129	0.253305	0.162057	0.086032	0.120744
Chr12	19228433	19474066	0.360410	0.166026	0.099257	0.158021
Chr12	19342134	19662832	0.176253	0.055071	0.036109	0.068851
Chr12	19474396	19893393	0.156620	0.051909	0.028406	0.070785
Chr12	19662844	20295737	0.183765	0.058688	0.032335	0.090595
Chr12	19893912	20649383	0.043815	0.009243	0.006104	0.021786
Chr12	20295743	21276046	0.002167	0.000287	0.000183	0.003710
Chr12	20649561	22912041	-0.051913	-0.005412	-0.003113	-0.021647
Chr12	21276651	23693587	-0.303644	-0.035291	-0.017849	-0.127922
Chr12	22912454	25045227	-0.218372	-0.024509	-0.012373	-0.084383
Chr12	23693766	25806202	0.061717	0.006646	0.003759	0.025439
Chr12	25046092	26358406	0.050762	0.006601	0.004224	0.026711
Chr12	25806618	26752090	-0.017662	-0.002961	-0.001898	-0.008173
Chr12	26360994	26974968	-0.069512	-0.022598	-0.012602	-0.035437
Chr12	26752861	27262096	0.445464	0.203524	0.101595	0.354706
Chr12	26975565	27629373	0.503861	0.127391	0.073690	0.366582
Chr12	27262207	27883178	-0.012043	-0.002253	-0.001368	-0.004456
Chr12	27629428	27976483	0.145504	0.055216	0.028799	0.046558
Chr12	27883226	28178000	0.056467	0.021165	0.012990	0.019892
Chr12	27979033	28400472	-0.104675	-0.023287	-0.014896	-0.044171
Chr12	28178210	28606971	0.024356	0.006221	0.003750	0.013747
Chr12	28400473	28725285	0.105386	0.040254	0.023288	0.067442
Chr12	28606984	28890407	0.043954	0.014308	0.009238	0.020906
Chr12	28725347	29046087	0.012029	0.003752	0.002308	0.005150
Chr12	28890459	29174968	-0.199655	-0.077099	-0.040240	-0.102128
Chr12	29046090	29456205	-0.464734	-0.164837	-0.084364	-0.288222
Chr12	29175095	29622712	-0.116446	-0.047161	-0.022144	-0.066886
Chr12	29456232	30013201	0.103447	0.030876	0.016013	0.059020
Chr12	29623399	30315235	-0.121283	-0.027843	-0.016597	-0.067627
Chr12	30013306	30623764	-0.026844	-0.006427	-0.003824	-0.012607
Chr12	30317326	30832396	0.073443	0.019270	0.011109	0.030936
Chr12	30623891	30976866	0.073731	0.032310	0.015058	0.036151
Chr12	30832402	31121802	0.064880	0.036676	0.016391	0.032591
Chr12	30976926	31311921	0.105627	0.050780	0.027811	0.052379
Chr12	31121913	31436576	0.498034	0.285246	0.128724	0.300951
Chr12	31311988	31601288	0.577371	0.321705	0.147900	0.341909
Chr12	31436580	31791879	0.264841	0.118743	0.056202	0.125564
Chr12	31601342	31915533	0.065211	0.038958	0.016780	0.028335
Chr12	31791886	32018226	-0.336011	-0.316482	-0.122990	-0.169603
Chr12	31915588	32101353	-0.347246	-0.335420	-0.131887	-0.210532
Chr12	32018249	32188837	0.084453	0.078285	0.039387	0.048192
Chr12	32101447	32260097	0.072625	0.061546	0.034188	0.039313
Chr12	32189109	32321302	0.040815	0.035756	0.022572	0.016730
Chr12	32260111	32433939	0.010034	0.006244	0.003728	0.004422
Chr12	32321314	32632752	-0.044503	-0.024747	-0.012725	-0.019329
Chr12	32433948	32884060	-0.066732	-0.031196	-0.016374	-0.027911
Chr12	32632777	33050703	-0.073912	-0.027400	-0.015800	-0.030539
Chr12	32884195	33215560	0.134523	0.060332	0.033243	0.067927
Chr12	33050710	33299905	0.196599	0.135948	0.070992	0.109349
Chr12	33216522	33480146	0.150211	0.097792	0.061656	0.082205
Chr12	33299966	33557710	0.186081	0.114686	0.071000	0.098353
Chr12	33480165	33693074	0.010540	0.012797	0.005862	0.004410
Chr12	33557984	33783855	-0.004698	-0.005230	-0.002777	-0.002091
Chr12	33693077	33879412	-0.025699	-0.025235	-0.013106	-0.012944
Chr12	33783907	34029795	-0.086274	-0.090979	-0.043904	-0.046064
Chr12	33879430	34093140	0.020802	0.025630	0.010416	0.009434
Chr12	34030009	34191057	0.131004	0.213411	0.065452	0.065609
Chr12	34093302	34304273	0.208571	0.181060	0.070932	0.096478
Chr12	34191224	34465947	0.318662	0.196514	0.077221	0.166385
Chr12	34305277	34604944	0.471200	0.289321	0.123953	0.268671
Chr12	34466068	34725118	0.376576	0.281583	0.145752	0.187329
Chr12	34604963	35053484	0.034387	0.012522	0.006854	0.015076
Chr12	34725163	35288104	0.047526	0.014442	0.008054	0.024965
Chr12	35053727	35374785	0.171529	0.079671	0.046492	0.085072
Chr12	35288199	35570901	0.128156	0.058749	0.034467	0.050399
Chr12	35374799	35741703	0.178353	0.067821	0.036701	0.082093
Chr12	35571167	35824864	0.181441	0.090675	0.045947	0.097529
Chr12	35741742	35884466	0.065739	0.064542	0.029751	0.028968
Chr12	35824873	35993058	0.089501	0.101501	0.050302	0.042807
Chr12	35884473	36037702	0.006446	0.007516	0.003664	0.000934
Chr12	35993146	36112300	0.020362	0.026675	0.010240	0.009082
Chr12	36037703	36207923	0.066441	0.061970	0.029748	0.031950
Chr12	36112302	36485892	0.013975	0.004677	0.003070	0.009006
Chr12	36207939	36769040	-0.004260	-0.001113	-0.000722	-0.001705
Chr12	36485975	37014083	-0.018313	-0.004731	-0.003109	-0.008124
Chr12	36769155	37198728	0.092432	0.027734	0.017758	0.049870
Chr12	37014177	37400190	0.069112	0.027408	0.015637	0.039150
Chr12	37198747	37589878	-0.042119	-0.018772	-0.010462	-0.013860
Chr12	37401140	37868367	0.022570	0.008081	0.005458	0.011165
Chr12	37589977	38111939	-0.086296	-0.020346	-0.014238	-0.040577
Chr12	37868445	38365279	-0.139170	-0.034217	-0.021981	-0.053709
Chr12	38111954	38533744	-0.056004	-0.023378	-0.012687	-0.021179
Chr12	38365309	38737442	0.060255	0.024285	0.014201	0.027082
Chr12	38534066	38884454	0.077700	0.034825	0.022032	0.040140
Chr12	38737447	39147788	-0.039402	-0.020116	-0.011993	-0.017521
Chr12	38886338	39237261	-0.084216	-0.053182	-0.029317	-0.038105
Chr12	39147929	39351473	-0.086570	-0.111753	-0.047299	-0.038483
Chr12	39237266	39468154	0.159922	0.106571	0.046298	0.068616
Chr12	39351670	39713746	0.264587	0.094297	0.046870	0.098289
Chr12	39468530	39827498	0.092153	0.036251	0.018944	0.033003
Chr12	39713755	39956683	0.053755	0.035952	0.020429	0.020429
Chr12	39827539	40060351	0.097927	0.069750	0.043031	0.037438
Chr12	39956727	40558702	0.125982	0.083851	0.051909	0.058681
Chr12	40060428	40727109	-0.010112	-0.007085	-0.004130	0.000177
Chr12	40558751	40929170	-0.136320	-0.063336	-0.036909	-0.053470
Chr12	40727120	41049220	0.022540	0.010545	0.006168	0.015292
Chr12	40929449	41182912	0.294741	0.204489	0.108607	0.212048
Chr12	41049221	41471846	0.233523	0.148381	0.077096	0.147093
Chr12	41182941	41576362	-0.138601	-0.091896	-0.043123	-0.068518
scaffold_633	3769	13288	-0.014160	-0.005661	-0.003205	0.000113
